o_year	mkt_share
1995	0.03443589
1996	0.04148552
