2026-09-22T19:15:13.2854502Z Current runner version: '2.336.0'
2026-09-22T19:15:13.2861478Z Runner name: 'runs-on--i-0bd6f4346462a8591--cdd1183a-6'
2026-09-22T19:15:13.2862592Z Runner group name: 'Default'
2026-09-22T19:15:13.2863644Z Machine name: 'ip-10-1-17-104'
2026-09-22T19:15:13.2906617Z ##[group]🏃 Runner details (c7g.metal, spot, v3.3.0)
2026-09-22T19:15:13.2908164Z ┌───────────────────┬─────────────────────────────────────────────────────────────────────────────────────────────────────────────────────────────────────────────────────┐
2026-09-22T19:15:13.2909820Z │       INFO        │                                                                        VALUE                                                                        │
2026-09-22T19:15:13.2911363Z ├───────────────────┼─────────────────────────────────────────────────────────────────────────────────────────────────────────────────────────────────────────────────────┤
2026-09-22T19:15:13.2913661Z │ Labels            │ [runs-on=35772036461/runner=bench-dedicated/family=c7g.metal/image=ubuntu24-full-arm64-pre-v2/extras=s3-cache/tag=bench-codspeed-cpu-features-neon] │
2026-09-22T19:15:13.2915752Z │ Extras            │ [s3-cache]                                                                                                                                          │
2026-09-22T19:15:13.2917258Z │ PrivateIp         │ 10.1.17.104                                                                                                                                         │
2026-09-22T19:15:13.2918724Z │ IsPrivate         │ false                                                                                                                                               │
2026-09-22T19:15:13.2920422Z │ Environment       │ production                                                                                                                                          │
2026-09-22T19:15:13.2921991Z │ StackName         │ runs-on-v3                                                                                                                                          │
2026-09-22T19:15:13.2923620Z │ Region            │ us-east-1                                                                                                                                           │
2026-09-22T19:15:13.2925182Z │ AvailabilityZone  │ us-east-1b                                                                                                                                          │
2026-09-22T19:15:13.2926838Z │ Version           │ v3.3.0                                                                                                                                              │
2026-09-22T19:15:13.2928476Z │ RunnerName        │ runs-on--i-0bd6f4346462a8591--cdd1183a-6                                                                                                            │
2026-09-22T19:15:13.2930543Z │ AssignmentId      │ cdd1183a-6c03-437d-a400-3d74be3e5269                                                                                                                │
2026-09-22T19:15:13.2932441Z │ BucketCacheName   │ runs-on-v3-s3bucketcache-dbnub4tpjhpv                                                                                                               │
2026-09-22T19:15:13.2934351Z │ InstanceId        │ i-0bd6f4346462a8591                                                                                                                                 │
2026-09-22T19:15:13.2936082Z │ InstanceType      │ c7g.metal                                                                                                                                           │
2026-09-22T19:15:13.2937783Z │ InstanceLifecycle │ spot                                                                                                                                                │
2026-09-22T19:15:13.2939757Z │ InstanceRAM       │ 128527.63 MiB                                                                                                                                       │
2026-09-22T19:15:13.2941566Z │ InstanceCPU       │ 64 cores                                                                                                                                            │
2026-09-22T19:15:13.2943330Z │ InstanceDisk1     │ /=/dev/nvme0n1p1                                                                                                                                    │
2026-09-22T19:15:13.2944934Z │                   │ Free=81.24GiB Used=14.56GiB                                                                                                                         │
2026-09-22T19:15:13.2946590Z │ ImageId           │ ami-098c62767651982c5                                                                                                                               │
2026-09-22T19:15:13.2948303Z │ ImageName         │ vortex-ci-v2-arm64-20260831011845                                                                                                                   │
2026-09-22T19:15:13.2950090Z │ Platform          │ linux                                                                                                                                               │
2026-09-22T19:15:13.2951649Z │ Architecture      │ arm64                                                                                                                                               │
2026-09-22T19:15:13.2953197Z │ HasPreinstall     │ false                                                                                                                                               │
2026-09-22T19:15:13.2954782Z │ HasPrerun         │ false                                                                                                                                               │
2026-09-22T19:15:13.2956463Z │ IsDebug           │ false                                                                                                                                               │
2026-09-22T19:15:13.2958042Z │ Integrations      │ []                                                                                                                                                  │
2026-09-22T19:15:13.2959744Z └───────────────────┴─────────────────────────────────────────────────────────────────────────────────────────────────────────────────────────────────────────────────────┘
2026-09-22T19:15:13.2961052Z ##[endgroup]
2026-09-22T19:15:13.2961818Z ##[group]⏱️ Timings - 23.52s
2026-09-22T19:15:13.2962955Z ┌──────────────────────┬─────────────────────────────────┬─────────┬────────┐
2026-09-22T19:15:13.2964034Z │         TIME         │              STEP               │  DIFF   │ TOTAL  │
2026-09-22T19:15:13.2965167Z ├──────────────────────┼─────────────────────────────────┼─────────┼────────┤
2026-09-22T19:15:13.2966366Z │ 2026-09-22T19:14:21Z │ job-created                     │ 0ms     │ 0.0s   │
2026-09-22T19:15:13.2967859Z │ 2026-09-22T19:14:21Z │ job-received                    │ 799ms   │ 0.80s  │
2026-09-22T19:15:13.2969439Z │ 2026-09-22T19:14:21Z │ job-scheduled                   │ 20ms    │ 0.82s  │
2026-09-22T19:15:13.2970776Z │ 2026-09-22T19:14:23Z │ instance-pending                │ 1180ms  │ 2.00s  │
2026-09-22T19:15:13.2972169Z │ 2026-09-22T19:14:24Z │ runner-registered               │ 1427ms  │ 3.43s  │
2026-09-22T19:15:13.2973405Z │ 2026-09-22T19:14:42Z │ agent-booting                   │ 18439ms │ 21.87s │
2026-09-22T19:15:13.2974646Z │ 2026-09-22T19:14:42Z │ runner-setup-global-env         │ 15ms    │ 21.88s │
2026-09-22T19:15:13.2976090Z │ 2026-09-22T19:14:42Z │ runner-setup-user               │ 57ms    │ 21.94s │
2026-09-22T19:15:13.2977368Z │ 2026-09-22T19:14:43Z │ agent-metadata                  │ 112ms   │ 22.05s │
2026-09-22T19:15:13.2978673Z │ 2026-09-22T19:14:43Z │ instance-config                 │ 74ms    │ 22.13s │
2026-09-22T19:15:13.2979935Z │ 2026-09-22T19:14:43Z │ runner-otel-setup-tracer        │ 0ms     │ 22.13s │
2026-09-22T19:15:13.2981316Z │ 2026-09-22T19:14:43Z │ runner-otel-setup-collector     │ 0ms     │ 22.13s │
2026-09-22T19:15:13.2982654Z │ 2026-09-22T19:14:44Z │ runner-resize-disk              │ 1200ms  │ 23.33s │
2026-09-22T19:15:13.2983891Z │ 2026-09-22T19:14:44Z │ runner-prepare-mount-points     │ 0ms     │ 23.33s │
2026-09-22T19:15:13.2985213Z │ 2026-09-22T19:14:44Z │ runner-setup-mount-points       │ 67ms    │ 23.40s │
2026-09-22T19:15:13.2986436Z │ 2026-09-22T19:14:44Z │ runner-setup-agent              │ 4ms     │ 23.40s │
2026-09-22T19:15:13.2987794Z │ 2026-09-22T19:14:44Z │ runner-setup-aws-profile        │ 5ms     │ 23.41s │
2026-09-22T19:15:13.2989095Z │ 2026-09-22T19:14:44Z │ runner-setup-host               │ 0ms     │ 23.41s │
2026-09-22T19:15:13.2990308Z │ 2026-09-22T19:14:44Z │ runner-config                   │ 24ms    │ 23.43s │
2026-09-22T19:15:13.2991677Z │ 2026-09-22T19:14:44Z │ runner-otel-restart             │ 0ms     │ 23.43s │
2026-09-22T19:15:13.2992924Z │ 2026-09-22T19:14:44Z │ runner-env                      │ 5ms     │ 23.44s │
2026-09-22T19:15:13.2994283Z │ 2026-09-22T19:14:44Z │ runner-setup-integrations       │ 61ms    │ 23.50s │
2026-09-22T19:15:13.2995532Z │ 2026-09-22T19:14:44Z │ runner-chown-runner-directories │ 0ms     │ 23.50s │
2026-09-22T19:15:13.2996954Z │ 2026-09-22T19:14:44Z │ runner-start-local-server       │ 0ms     │ 23.50s │
2026-09-22T19:15:13.2998243Z │ 2026-09-22T19:14:44Z │ runner-setup-s3-cache           │ 14ms    │ 23.51s │
2026-09-22T19:15:13.2999666Z │ 2026-09-22T19:14:44Z │ runner-setup-hooks              │ 9ms     │ 23.52s │
2026-09-22T19:15:13.3000869Z └──────────────────────┴─────────────────────────────────┴─────────┴────────┘
2026-09-22T19:15:13.3001737Z ##[endgroup]
2026-09-22T19:15:13.3003471Z ##[group]GITHUB_TOKEN Permissions
2026-09-22T19:15:13.3005702Z Contents: read
2026-09-22T19:15:13.3006646Z Metadata: read
2026-09-22T19:15:13.3007366Z ##[endgroup]
2026-09-22T19:15:13.3009994Z Secret source: Actions
2026-09-22T19:15:13.3011228Z Cache mode: write
2026-09-22T19:15:13.3012273Z Prepare workflow directory
2026-09-22T19:15:13.3421069Z Prepare all required actions
2026-09-22T19:15:13.3472928Z Getting action download info
2026-09-22T19:15:13.5567962Z Download action repository 'runs-on/action@v2' (SHA:efac073ea2507ec18797de3a81704201ade11d9d)
2026-09-22T19:15:13.9114324Z Download action repository 'actions/checkout@3d3c42e5aac5ba805825da76410c181273ba90b1' (SHA:3d3c42e5aac5ba805825da76410c181273ba90b1)
2026-09-22T19:15:13.9470175Z Download action repository 'taiki-e/cache-cargo-install-action@66c9585ef5ca780ee69399975a5e911f47905995' (SHA:66c9585ef5ca780ee69399975a5e911f47905995)
2026-09-22T19:15:14.0182422Z Download action repository 'actions/download-artifact@3e5f45b2cfb9172054b4087a40e8e0b5a5461e7c' (SHA:3e5f45b2cfb9172054b4087a40e8e0b5a5461e7c)
2026-09-22T19:15:14.1754459Z Download action repository 'CodSpeedHQ/action@4296e51e7041e24dadb86d1d6e8b9320d223dbe8' (SHA:4296e51e7041e24dadb86d1d6e8b9320d223dbe8)
2026-09-22T19:15:14.3624887Z Getting action download info
2026-09-22T19:15:14.4524667Z Download action repository 'actions/cache@668228422ae6a00e4ad889ee87cd7109ec5666a7' (SHA:668228422ae6a00e4ad889ee87cd7109ec5666a7)
2026-09-22T19:15:14.6229962Z Getting action download info
2026-09-22T19:15:14.7213151Z Download action repository 'actions/github-script@ed597411d8f924073f98dfc5c65a23a2325f34cd' (SHA:ed597411d8f924073f98dfc5c65a23a2325f34cd)
2026-09-22T19:15:14.8755576Z Complete job name: Benchmark with Codspeed (neon)
2026-09-22T19:15:14.9880500Z A job started hook has been configured by the self-hosted runner administrator
2026-09-22T19:15:15.0042836Z ##[group]Run '/runs-on/pre.sh'
2026-09-22T19:15:15.0077968Z shell: /usr/bin/bash --noprofile --norc -e -o pipefail {0}
2026-09-22T19:15:15.0079104Z ##[endgroup]
2026-09-22T19:15:15.0286521Z 
2026-09-22T19:15:15.0287429Z 👋 This self-hosted runner was launched with RunsOn (https://runs-on.com). Join the party!
2026-09-22T19:15:15.0288239Z 
2026-09-22T19:15:15.0302441Z ##[group]Job identity
2026-09-22T19:15:15.0303141Z Organization: vortex-data
2026-09-22T19:15:15.0303826Z Repository: vortex-data/vortex
2026-09-22T19:15:15.0304484Z Workflow: Codspeed Benchmarking
2026-09-22T19:15:15.0305150Z Job: bench-codspeed-cpu-features
2026-09-22T19:15:15.0306265Z ##[endgroup]
2026-09-22T19:15:15.0306572Z 
2026-09-22T19:15:15.0307356Z ##[group]💡 Additional environment variables available in your steps
2026-09-22T19:15:15.0308271Z ACTIONS_CACHE_SERVICE_V2=true
2026-09-22T19:15:15.0309010Z ACTIONS_CACHE_URL=http://10.1.17.104:6871/
2026-09-22T19:15:15.0309867Z ACTIONS_RESULTS_URL=http://10.1.17.104:6871/
2026-09-22T19:15:15.0310650Z ACTIONS_RUNNER_HOOK_JOB_COMPLETED=/runs-on/post.sh
2026-09-22T19:15:15.0311451Z ACTIONS_RUNNER_HOOK_JOB_STARTED=/runs-on/pre.sh
2026-09-22T19:15:15.0312220Z GITHUB_API_URL=https://api.github.com/
2026-09-22T19:15:15.0312891Z GITHUB_HOST=github.com
2026-09-22T19:15:15.0313504Z GITHUB_SERVER_URL=https://github.com/
2026-09-22T19:15:15.0314222Z RUNNER_TOOL_CACHE=/opt/hostedtoolcache
2026-09-22T19:15:15.0314897Z RUNS_ON_AGENT_ARCH=arm64
2026-09-22T19:15:15.0315540Z RUNS_ON_AGENT_BINARY=/runs-on/agent
2026-09-22T19:15:15.0316178Z RUNS_ON_AGENT_USER=runner
2026-09-22T19:15:15.0316820Z RUNS_ON_AMI_ID=ami-098c62767651982c5
2026-09-22T19:15:15.0317473Z RUNS_ON_AWS_AZ=us-east-1b
2026-09-22T19:15:15.0318077Z RUNS_ON_AWS_REGION=us-east-1
2026-09-22T19:15:15.0318730Z RUNS_ON_ENV_CUSTOM_FILE=/runs-on/env.custom
2026-09-22T19:15:15.0319406Z RUNS_ON_HOME=/runs-on
2026-09-22T19:15:15.0320112Z RUNS_ON_INSTANCE_ID=i-0bd6f4346462a8591
2026-09-22T19:15:15.0320854Z RUNS_ON_INSTANCE_LAUNCHED_AT=2026-09-22T19:14:21Z
2026-09-22T19:15:15.0321589Z RUNS_ON_INSTANCE_LIFECYCLE=spot
2026-09-22T19:15:15.0322224Z RUNS_ON_INSTANCE_TYPE=c7g.metal
2026-09-22T19:15:15.0322974Z RUNS_ON_RUNNER_NAME=runs-on--i-0bd6f4346462a8591--cdd1183a-6
2026-09-22T19:15:15.0323897Z RUNS_ON_S3_BUCKET_CACHE=runs-on-v3-s3bucketcache-dbnub4tpjhpv
2026-09-22T19:15:15.0324810Z RUNS_ON_S3_CACHE_REPO_PREFIX=cache/repo/vortex-data/vortex
2026-09-22T19:15:15.0325584Z RUNS_ON_STACK_NAME=runs-on-v3
2026-09-22T19:15:15.0326217Z RUNS_ON_VERSION=v3.3.0
2026-09-22T19:15:15.0327139Z ##[endgroup]
2026-09-22T19:15:15.0327439Z 
2026-09-22T19:15:15.0597483Z ##[group]Run runs-on/action@v2
2026-09-22T19:15:15.0598264Z with:
2026-09-22T19:15:15.0598795Z   show_env: false
2026-09-22T19:15:15.0599333Z   show_costs: inline
2026-09-22T19:15:15.0600019Z   network_interface: enp39s0
2026-09-22T19:15:15.0600638Z   disk_device: nvme0n1p1
2026-09-22T19:15:15.0604530Z   token: ***
2026-09-22T19:15:15.0605071Z   sticky_wait_timeout: 15m
2026-09-22T19:15:15.0605638Z env:
2026-09-22T19:15:15.0606130Z   CARGO_TERM_COLOR: always
2026-09-22T19:15:15.0638001Z   RUST_BACKTRACE: 1
2026-09-22T19:15:15.0638678Z   NIGHTLY_TOOLCHAIN: nightly-2026-09-10
2026-09-22T19:15:15.0639389Z   RUNNER_TOOL_CACHE: /opt/hostedtoolcache
2026-09-22T19:15:15.0640183Z   RUNS_ON_HOME: /runs-on
2026-09-22T19:15:15.0640777Z   RUNS_ON_VERSION: v3.3.0
2026-09-22T19:15:15.0641397Z   RUNS_ON_AGENT_BINARY: /runs-on/agent
2026-09-22T19:15:15.0642069Z   RUNS_ON_AGENT_ARCH: arm64
2026-09-22T19:15:15.0643047Z   RUNS_ON_AGENT_USER: runner
2026-09-22T19:15:15.0643726Z   RUNS_ON_AMI_ID: ami-098c62767651982c5
2026-09-22T19:15:15.0644403Z   RUNS_ON_AWS_REGION: us-east-1
2026-09-22T19:15:15.0645029Z   RUNS_ON_AWS_AZ: us-east-1b
2026-09-22T19:15:15.0645692Z   RUNS_ON_ENV_CUSTOM_FILE: /runs-on/env.custom
2026-09-22T19:15:15.0646423Z   RUNS_ON_INSTANCE_ID: i-0bd6f4346462a8591
2026-09-22T19:15:15.0647114Z   RUNS_ON_INSTANCE_LIFECYCLE: spot
2026-09-22T19:15:15.0647780Z   RUNS_ON_INSTANCE_TYPE: c7g.metal
2026-09-22T19:15:15.0648438Z   RUNS_ON_STACK_NAME: runs-on-v3
2026-09-22T19:15:15.0649211Z   RUNS_ON_S3_BUCKET_CACHE: runs-on-v3-s3bucketcache-dbnub4tpjhpv
2026-09-22T19:15:15.0650171Z   ACTIONS_RUNNER_HOOK_JOB_STARTED: /runs-on/pre.sh
2026-09-22T19:15:15.0650992Z   ACTIONS_RUNNER_HOOK_JOB_COMPLETED: /runs-on/post.sh
2026-09-22T19:15:15.0651767Z   GITHUB_SERVER_URL: https://github.com/
2026-09-22T19:15:15.0652483Z   GITHUB_API_URL: https://api.github.com/
2026-09-22T19:15:15.0653163Z   GITHUB_HOST: github.com
2026-09-22T19:15:15.0653897Z   RUNS_ON_RUNNER_NAME: runs-on--i-0bd6f4346462a8591--cdd1183a-6
2026-09-22T19:15:15.0654770Z   RUNS_ON_INSTANCE_LAUNCHED_AT: 2026-09-22T19:14:21Z
2026-09-22T19:15:15.0655561Z   ACTIONS_CACHE_URL: http://10.1.17.104:6871/
2026-09-22T19:15:15.0656270Z   ACTIONS_CACHE_SERVICE_V2: true
2026-09-22T19:15:15.0656948Z   ACTIONS_RESULTS_URL: http://10.1.17.104:6871/
2026-09-22T19:15:15.0657774Z   RUNS_ON_S3_CACHE_REPO_PREFIX: cache/repo/vortex-data/vortex
2026-09-22T19:15:15.0658540Z ##[endgroup]
2026-09-22T19:15:15.4756241Z Input 'show_env': false
2026-09-22T19:15:15.4756947Z Input 'show_costs': inline
2026-09-22T19:15:15.4757604Z Input 'metrics': []
2026-09-22T19:15:15.4758187Z Input 'network_interface': enp39s0
2026-09-22T19:15:15.4758852Z Input 'disk_device': nvme0n1p1
2026-09-22T19:15:15.4759544Z Input 'sccache': 
2026-09-22T19:15:15.4760119Z Input 'sticky_cache': []
2026-09-22T19:15:15.4760737Z Input 'sticky_wait_timeout': 15m0s
2026-09-22T19:15:15.4761680Z ZCTIONS_RESULTS_URL is set: https://results-receiver.actions.githubusercontent.com/
2026-09-22T19:15:15.4763273Z ZCTIONS_CACHE_URL is set: https://acghubeus1.actions.githubusercontent.com/XtqVEj2MXQCbzj6x6n8CMomnIjyhqqRNuSgameoSnKmgcNZw2F/
2026-09-22T19:15:15.4764517Z ACTIONS_RUNTIME_TOKEN is set.
2026-09-22T19:15:15.4765188Z Config update response status: 200 OK
2026-09-22T19:15:15.4766163Z show_costs is enabled. You will find cost details in the post-execution step of this action.
2026-09-22T19:15:15.4767111Z Action finished.
2026-09-22T19:15:15.4954828Z ##[group]Run actions/checkout@3d3c42e5aac5ba805825da76410c181273ba90b1
2026-09-22T19:15:15.4955725Z with:
2026-09-22T19:15:15.4956245Z   repository: vortex-data/vortex
2026-09-22T19:15:15.4960271Z   token: ***
2026-09-22T19:15:15.4960790Z   ssh-strict: true
2026-09-22T19:15:15.4961308Z   ssh-user: git
2026-09-22T19:15:15.4961835Z   persist-credentials: true
2026-09-22T19:15:15.4962413Z   clean: true
2026-09-22T19:15:15.4962950Z   sparse-checkout-cone-mode: true
2026-09-22T19:15:15.4963603Z   fetch-depth: 1
2026-09-22T19:15:15.4964121Z   fetch-tags: false
2026-09-22T19:15:15.4964658Z   show-progress: true
2026-09-22T19:15:15.4965198Z   lfs: false
2026-09-22T19:15:15.4965698Z   submodules: false
2026-09-22T19:15:15.4966244Z   set-safe-directory: true
2026-09-22T19:15:15.4966858Z   allow-unsafe-pr-checkout: false
2026-09-22T19:15:15.4967457Z env:
2026-09-22T19:15:15.4967949Z   CARGO_TERM_COLOR: always
2026-09-22T19:15:15.4968521Z   RUST_BACKTRACE: 1
2026-09-22T19:15:15.4969127Z   NIGHTLY_TOOLCHAIN: nightly-2026-09-10
2026-09-22T19:15:15.4969922Z   RUNNER_TOOL_CACHE: /opt/hostedtoolcache
2026-09-22T19:15:15.4970589Z   RUNS_ON_HOME: /runs-on
2026-09-22T19:15:15.4971159Z   RUNS_ON_VERSION: v3.3.0
2026-09-22T19:15:15.4971765Z   RUNS_ON_AGENT_BINARY: /runs-on/agent
2026-09-22T19:15:15.4972401Z   RUNS_ON_AGENT_ARCH: arm64
2026-09-22T19:15:15.4972990Z   RUNS_ON_AGENT_USER: runner
2026-09-22T19:15:15.4973604Z   RUNS_ON_AMI_ID: ami-098c62767651982c5
2026-09-22T19:15:15.4974258Z   RUNS_ON_AWS_REGION: us-east-1
2026-09-22T19:15:15.4975169Z   RUNS_ON_AWS_AZ: us-east-1b
2026-09-22T19:15:15.4975811Z   RUNS_ON_ENV_CUSTOM_FILE: /runs-on/env.custom
2026-09-22T19:15:15.4976529Z   RUNS_ON_INSTANCE_ID: i-0bd6f4346462a8591
2026-09-22T19:15:15.4977204Z   RUNS_ON_INSTANCE_LIFECYCLE: spot
2026-09-22T19:15:15.4977839Z   RUNS_ON_INSTANCE_TYPE: c7g.metal
2026-09-22T19:15:15.4978474Z   RUNS_ON_STACK_NAME: runs-on-v3
2026-09-22T19:15:15.4979232Z   RUNS_ON_S3_BUCKET_CACHE: runs-on-v3-s3bucketcache-dbnub4tpjhpv
2026-09-22T19:15:15.4980174Z   ACTIONS_RUNNER_HOOK_JOB_STARTED: /runs-on/pre.sh
2026-09-22T19:15:15.4980986Z   ACTIONS_RUNNER_HOOK_JOB_COMPLETED: /runs-on/post.sh
2026-09-22T19:15:15.4981753Z   GITHUB_SERVER_URL: https://github.com/
2026-09-22T19:15:15.4982461Z   GITHUB_API_URL: https://api.github.com/
2026-09-22T19:15:15.4983126Z   GITHUB_HOST: github.com
2026-09-22T19:15:15.4983834Z   RUNS_ON_RUNNER_NAME: runs-on--i-0bd6f4346462a8591--cdd1183a-6
2026-09-22T19:15:15.4984673Z   RUNS_ON_INSTANCE_LAUNCHED_AT: 2026-09-22T19:14:21Z
2026-09-22T19:15:15.4985439Z   ACTIONS_CACHE_URL: http://10.1.17.104:6871/
2026-09-22T19:15:15.4986133Z   ACTIONS_CACHE_SERVICE_V2: true
2026-09-22T19:15:15.4986805Z   ACTIONS_RESULTS_URL: http://10.1.17.104:6871/
2026-09-22T19:15:15.4987622Z   RUNS_ON_S3_CACHE_REPO_PREFIX: cache/repo/vortex-data/vortex
2026-09-22T19:15:15.4988423Z   RUNS_ON_ACTION_COST_TRACKING_CLAIMED: true
2026-09-22T19:15:15.4989089Z ##[endgroup]
2026-09-22T19:15:15.6175350Z Syncing repository: vortex-data/vortex
2026-09-22T19:15:15.6176587Z ##[group]Getting Git version info
2026-09-22T19:15:15.6177381Z Working directory is '/home/runner/_work/vortex/vortex'
2026-09-22T19:15:15.6178500Z [command]/usr/bin/git version
2026-09-22T19:15:15.6195468Z git version 2.55.0
2026-09-22T19:15:15.6212819Z ##[endgroup]
2026-09-22T19:15:15.6219950Z Temporarily overriding HOME='/home/runner/_work/_temp/5d3822b7-fbbc-4357-b948-797972466718' before making global git config changes
2026-09-22T19:15:15.6221523Z Adding repository directory to the temporary git global config as a safe directory
2026-09-22T19:15:15.6224551Z [command]/usr/bin/git config --global --add safe.directory /home/runner/_work/vortex/vortex
2026-09-22T19:15:15.6249970Z Deleting the contents of '/home/runner/_work/vortex/vortex'
2026-09-22T19:15:15.6252944Z ##[group]Determining repository object format
2026-09-22T19:15:15.6254135Z ##[endgroup]
2026-09-22T19:15:15.6255021Z ##[group]Initializing the repository
2026-09-22T19:15:15.6258356Z [command]/usr/bin/git init /home/runner/_work/vortex/vortex
2026-09-22T19:15:15.6451707Z hint: Using 'master' as the name for the initial branch. This default branch name
2026-09-22T19:15:15.6452827Z hint: will change to "main" in Git 3.0. To configure the initial branch name
2026-09-22T19:15:15.6453939Z hint: to use in all of your new repositories, which will suppress this warning,
2026-09-22T19:15:15.6454805Z hint: call:
2026-09-22T19:15:15.6455305Z hint:
2026-09-22T19:15:15.6455939Z hint: 	git config --global init.defaultBranch <name>
2026-09-22T19:15:15.6456692Z hint:
2026-09-22T19:15:15.6457403Z hint: Names commonly chosen instead of 'master' are 'main', 'trunk' and
2026-09-22T19:15:15.6458485Z hint: 'development'. The just-created branch can be renamed via this command:
2026-09-22T19:15:15.6459346Z hint:
2026-09-22T19:15:15.6459974Z hint: 	git branch -m <name>
2026-09-22T19:15:15.6460566Z hint:
2026-09-22T19:15:15.6461366Z hint: Disable this message with "git config set advice.defaultBranchName false"
2026-09-22T19:15:15.6462507Z Initialized empty Git repository in /home/runner/_work/vortex/vortex/.git/
2026-09-22T19:15:15.6464364Z [command]/usr/bin/git remote add origin https://github.com/vortex-data/vortex
2026-09-22T19:15:15.6517211Z ##[endgroup]
2026-09-22T19:15:15.6518152Z ##[group]Disabling automatic garbage collection
2026-09-22T19:15:15.6520529Z [command]/usr/bin/git config --local gc.auto 0
2026-09-22T19:15:15.6543834Z ##[endgroup]
2026-09-22T19:15:15.6544713Z ##[group]Setting up auth
2026-09-22T19:15:15.6545359Z Removing SSH command configuration
2026-09-22T19:15:15.6549374Z [command]/usr/bin/git config --local --name-only --get-regexp core\.sshCommand
2026-09-22T19:15:15.6575808Z [command]/usr/bin/git submodule foreach --recursive sh -c "git config --local --name-only --get-regexp 'core\.sshCommand' && git config --local --unset-all 'core.sshCommand' || :"
2026-09-22T19:15:15.7067451Z Removing HTTP extra header
2026-09-22T19:15:15.7071795Z [command]/usr/bin/git config --local --name-only --get-regexp http\.https\:\/\/github\.com\/\.extraheader
2026-09-22T19:15:15.7096310Z [command]/usr/bin/git submodule foreach --recursive sh -c "git config --local --name-only --get-regexp 'http\.https\:\/\/github\.com\/\.extraheader' && git config --local --unset-all 'http.https://github.com/.extraheader' || :"
2026-09-22T19:15:15.7260746Z Removing includeIf entries pointing to credentials config files
2026-09-22T19:15:15.7265482Z [command]/usr/bin/git config --local --name-only --get-regexp ^includeIf\.gitdir:
2026-09-22T19:15:15.7292049Z [command]/usr/bin/git submodule foreach --recursive git config --local --show-origin --name-only --get-regexp remote.origin.url
2026-09-22T19:15:15.7463470Z [command]/usr/bin/git config --file /home/runner/_work/_temp/git-credentials-a66eb283-760c-4e1c-a60b-8a9054c09cf7.config http.https://github.com/.extraheader AUTHORIZATION: basic ***
2026-09-22T19:15:15.7492932Z [command]/usr/bin/git config --local includeIf.gitdir:/home/runner/_work/vortex/vortex/.git.path /home/runner/_work/_temp/git-credentials-a66eb283-760c-4e1c-a60b-8a9054c09cf7.config
2026-09-22T19:15:15.7516933Z [command]/usr/bin/git config --local includeIf.gitdir:/home/runner/_work/vortex/vortex/.git/worktrees/*.path /home/runner/_work/_temp/git-credentials-a66eb283-760c-4e1c-a60b-8a9054c09cf7.config
2026-09-22T19:15:15.7547280Z [command]/usr/bin/git config --local includeIf.gitdir:/github/workspace/.git.path /github/runner_temp/git-credentials-a66eb283-760c-4e1c-a60b-8a9054c09cf7.config
2026-09-22T19:15:15.7572301Z [command]/usr/bin/git config --local includeIf.gitdir:/github/workspace/.git/worktrees/*.path /github/runner_temp/git-credentials-a66eb283-760c-4e1c-a60b-8a9054c09cf7.config
2026-09-22T19:15:15.7593044Z ##[endgroup]
2026-09-22T19:15:15.7593932Z ##[group]Fetching the repository
2026-09-22T19:15:15.7599416Z [command]/usr/bin/git -c protocol.version=2 fetch --no-tags --prune --no-recurse-submodules --depth=1 origin +388ef760e9d2ea0450d354193f492f4f0343143f:refs/remotes/pull/9985/merge
2026-09-22T19:15:16.2520907Z From https://github.com/vortex-data/vortex
2026-09-22T19:15:16.2522838Z  * [new ref]         388ef760e9d2ea0450d354193f492f4f0343143f -> pull/9985/merge
2026-09-22T19:15:16.2526816Z ##[endgroup]
2026-09-22T19:15:16.2528419Z ##[group]Determining the checkout info
2026-09-22T19:15:16.2530328Z ##[endgroup]
2026-09-22T19:15:16.2531378Z [command]/usr/bin/git sparse-checkout disable
2026-09-22T19:15:16.2596281Z [command]/usr/bin/git config --local --unset-all extensions.worktreeConfig
2026-09-22T19:15:16.2620754Z ##[group]Checking out the ref
2026-09-22T19:15:16.2623521Z [command]/usr/bin/git checkout --progress --force refs/remotes/pull/9985/merge
2026-09-22T19:15:16.4539568Z Note: switching to 'refs/remotes/pull/9985/merge'.
2026-09-22T19:15:16.4540655Z 
2026-09-22T19:15:16.4541494Z You are in 'detached HEAD' state. You can look around, make experimental
2026-09-22T19:15:16.4543589Z changes and commit them, and you can discard any commits you make in this
2026-09-22T19:15:16.4545780Z state without impacting any branches by switching back to a branch.
2026-09-22T19:15:16.4547182Z 
2026-09-22T19:15:16.4548059Z If you want to create a new branch to retain commits you create, you may
2026-09-22T19:15:16.4550144Z do so (now or later) by using -c with the switch command. Example:
2026-09-22T19:15:16.4551340Z 
2026-09-22T19:15:16.4551833Z   git switch -c <new-branch-name>
2026-09-22T19:15:16.4552640Z 
2026-09-22T19:15:16.4553105Z Or undo this operation with:
2026-09-22T19:15:16.4553836Z 
2026-09-22T19:15:16.4554251Z   git switch -
2026-09-22T19:15:16.4555223Z 
2026-09-22T19:15:16.4556192Z Turn off this advice by setting config variable advice.detachedHead to false
2026-09-22T19:15:16.4557579Z 
2026-09-22T19:15:16.4559132Z HEAD is now at 388ef76 Merge 82348005c4f8767650f9c5d61f29546fad5f6e16 into 25b2e7b714ec3f8c729344eba84858ca0ed42d8b
2026-09-22T19:15:16.4563663Z ##[endgroup]
2026-09-22T19:15:16.4591921Z [command]/usr/bin/git log -1 --format=%H
2026-09-22T19:15:16.4612279Z 388ef760e9d2ea0450d354193f492f4f0343143f
2026-09-22T19:15:16.5047703Z Prepare all required actions
2026-09-22T19:15:16.5049387Z Getting action download info
2026-09-22T19:15:16.6470820Z Download action repository 'dtolnay/rust-toolchain@6bed0761d98439e5a578e2877258200ad565ba87' (SHA:6bed0761d98439e5a578e2877258200ad565ba87)
2026-09-22T19:15:16.8082361Z ##[group]Run ./.github/actions/setup-prebuild
2026-09-22T19:15:16.8083336Z with:
2026-09-22T19:15:16.8089574Z   repo-token: ***
2026-09-22T19:15:16.8090390Z   components: clippy, rustfmt
2026-09-22T19:15:16.8091233Z   protoc-version: 29.3
2026-09-22T19:15:16.8092047Z   enable-sccache: false
2026-09-22T19:15:16.8092801Z env:
2026-09-22T19:15:16.8093471Z   CARGO_TERM_COLOR: always
2026-09-22T19:15:16.8094255Z   RUST_BACKTRACE: 1
2026-09-22T19:15:16.8095026Z   NIGHTLY_TOOLCHAIN: nightly-2026-09-10
2026-09-22T19:15:16.8095966Z   RUNNER_TOOL_CACHE: /opt/hostedtoolcache
2026-09-22T19:15:16.8096873Z   RUNS_ON_HOME: /runs-on
2026-09-22T19:15:16.8097644Z   RUNS_ON_VERSION: v3.3.0
2026-09-22T19:15:16.8098493Z   RUNS_ON_AGENT_BINARY: /runs-on/agent
2026-09-22T19:15:16.8099384Z   RUNS_ON_AGENT_ARCH: arm64
2026-09-22T19:15:16.8100282Z   RUNS_ON_AGENT_USER: runner
2026-09-22T19:15:16.8101121Z   RUNS_ON_AMI_ID: ami-098c62767651982c5
2026-09-22T19:15:16.8102019Z   RUNS_ON_AWS_REGION: us-east-1
2026-09-22T19:15:16.8102847Z   RUNS_ON_AWS_AZ: us-east-1b
2026-09-22T19:15:16.8103733Z   RUNS_ON_ENV_CUSTOM_FILE: /runs-on/env.custom
2026-09-22T19:15:16.8104707Z   RUNS_ON_INSTANCE_ID: i-0bd6f4346462a8591
2026-09-22T19:15:16.8105643Z   RUNS_ON_INSTANCE_LIFECYCLE: spot
2026-09-22T19:15:16.8106544Z   RUNS_ON_INSTANCE_TYPE: c7g.metal
2026-09-22T19:15:16.8107412Z   RUNS_ON_STACK_NAME: runs-on-v3
2026-09-22T19:15:16.8108442Z   RUNS_ON_S3_BUCKET_CACHE: runs-on-v3-s3bucketcache-dbnub4tpjhpv
2026-09-22T19:15:16.8109714Z   ACTIONS_RUNNER_HOOK_JOB_STARTED: /runs-on/pre.sh
2026-09-22T19:15:16.8110826Z   ACTIONS_RUNNER_HOOK_JOB_COMPLETED: /runs-on/post.sh
2026-09-22T19:15:16.8111876Z   GITHUB_SERVER_URL: https://github.com/
2026-09-22T19:15:16.8112851Z   GITHUB_API_URL: https://api.github.com/
2026-09-22T19:15:16.8113774Z   GITHUB_HOST: github.com
2026-09-22T19:15:16.8114729Z   RUNS_ON_RUNNER_NAME: runs-on--i-0bd6f4346462a8591--cdd1183a-6
2026-09-22T19:15:16.8115889Z   RUNS_ON_INSTANCE_LAUNCHED_AT: 2026-09-22T19:14:21Z
2026-09-22T19:15:16.8116921Z   ACTIONS_CACHE_URL: http://10.1.17.104:6871/
2026-09-22T19:15:16.8117876Z   ACTIONS_CACHE_SERVICE_V2: true
2026-09-22T19:15:16.8118787Z   ACTIONS_RESULTS_URL: http://10.1.17.104:6871/
2026-09-22T19:15:16.8120009Z   RUNS_ON_S3_CACHE_REPO_PREFIX: cache/repo/vortex-data/vortex
2026-09-22T19:15:16.8121133Z   RUNS_ON_ACTION_COST_TRACKING_CLAIMED: true
2026-09-22T19:15:16.8122026Z ##[endgroup]
2026-09-22T19:15:16.8208344Z ##[start-action display=Resolve toolchain config;id=__self.toolchain-config]
2026-09-22T19:15:16.8281334Z ##[group]Run DEFAULT_VERSION=$(grep channel rust-toolchain.toml | awk -F'"' '{print $2}')
2026-09-22T19:15:16.8283121Z [36;1mDEFAULT_VERSION=$(grep channel rust-toolchain.toml | awk -F'"' '{print $2}')[0m
2026-09-22T19:15:16.8284592Z [36;1mTOOLCHAIN="${TOOLCHAIN_OVERRIDE:-$DEFAULT_VERSION}"[0m
2026-09-22T19:15:16.8285795Z [36;1mecho "toolchain=$TOOLCHAIN" >> "$GITHUB_OUTPUT"[0m
2026-09-22T19:15:16.8287028Z [36;1mecho "RUSTUP_TOOLCHAIN=$DEFAULT_VERSION" >> "$GITHUB_ENV"[0m
2026-09-22T19:15:16.8323613Z shell: /usr/bin/bash --noprofile --norc -e -o pipefail {0}
2026-09-22T19:15:16.8324650Z env:
2026-09-22T19:15:16.8325318Z   CARGO_TERM_COLOR: always
2026-09-22T19:15:16.8326101Z   RUST_BACKTRACE: 1
2026-09-22T19:15:16.8327106Z   NIGHTLY_TOOLCHAIN: nightly-2026-09-10
2026-09-22T19:15:16.8328048Z   RUNNER_TOOL_CACHE: /opt/hostedtoolcache
2026-09-22T19:15:16.8328950Z   RUNS_ON_HOME: /runs-on
2026-09-22T19:15:16.8329828Z   RUNS_ON_VERSION: v3.3.0
2026-09-22T19:15:16.8330658Z   RUNS_ON_AGENT_BINARY: /runs-on/agent
2026-09-22T19:15:16.8331542Z   RUNS_ON_AGENT_ARCH: arm64
2026-09-22T19:15:16.8332343Z   RUNS_ON_AGENT_USER: runner
2026-09-22T19:15:16.8333428Z   RUNS_ON_AMI_ID: ami-098c62767651982c5
2026-09-22T19:15:16.8334369Z   RUNS_ON_AWS_REGION: us-east-1
2026-09-22T19:15:16.8335199Z   RUNS_ON_AWS_AZ: us-east-1b
2026-09-22T19:15:16.8336073Z   RUNS_ON_ENV_CUSTOM_FILE: /runs-on/env.custom
2026-09-22T19:15:16.8337054Z   RUNS_ON_INSTANCE_ID: i-0bd6f4346462a8591
2026-09-22T19:15:16.8337982Z   RUNS_ON_INSTANCE_LIFECYCLE: spot
2026-09-22T19:15:16.8338856Z   RUNS_ON_INSTANCE_TYPE: c7g.metal
2026-09-22T19:15:16.8339789Z   RUNS_ON_STACK_NAME: runs-on-v3
2026-09-22T19:15:16.8340826Z   RUNS_ON_S3_BUCKET_CACHE: runs-on-v3-s3bucketcache-dbnub4tpjhpv
2026-09-22T19:15:16.8342039Z   ACTIONS_RUNNER_HOOK_JOB_STARTED: /runs-on/pre.sh
2026-09-22T19:15:16.8343144Z   ACTIONS_RUNNER_HOOK_JOB_COMPLETED: /runs-on/post.sh
2026-09-22T19:15:16.8344179Z   GITHUB_SERVER_URL: https://github.com/
2026-09-22T19:15:16.8345126Z   GITHUB_API_URL: https://api.github.com/
2026-09-22T19:15:16.8346045Z   GITHUB_HOST: github.com
2026-09-22T19:15:16.8347006Z   RUNS_ON_RUNNER_NAME: runs-on--i-0bd6f4346462a8591--cdd1183a-6
2026-09-22T19:15:16.8348178Z   RUNS_ON_INSTANCE_LAUNCHED_AT: 2026-09-22T19:14:21Z
2026-09-22T19:15:16.8349211Z   ACTIONS_CACHE_URL: http://10.1.17.104:6871/
2026-09-22T19:15:16.8350222Z   ACTIONS_CACHE_SERVICE_V2: true
2026-09-22T19:15:16.8351139Z   ACTIONS_RESULTS_URL: http://10.1.17.104:6871/
2026-09-22T19:15:16.8352267Z   RUNS_ON_S3_CACHE_REPO_PREFIX: cache/repo/vortex-data/vortex
2026-09-22T19:15:16.8353370Z   RUNS_ON_ACTION_COST_TRACKING_CLAIMED: true
2026-09-22T19:15:16.8354293Z   TOOLCHAIN_OVERRIDE: 
2026-09-22T19:15:16.8355039Z ##[endgroup]
2026-09-22T19:15:16.8466401Z ##[end-action id=__self.toolchain-config;outcome=success;conclusion=success;duration_ms=25]
2026-09-22T19:15:16.8472134Z ##[start-action display=Check for rustup;id=__self.check-rustup]
2026-09-22T19:15:16.8522197Z ##[group]Run echo "exists=$(command -v rustup &> /dev/null && echo 'true' || echo 'false')" >> "$GITHUB_OUTPUT"
2026-09-22T19:15:16.8524145Z [36;1mecho "exists=$(command -v rustup &> /dev/null && echo 'true' || echo 'false')" >> "$GITHUB_OUTPUT"[0m
2026-09-22T19:15:16.8558717Z shell: /usr/bin/bash --noprofile --norc -e -o pipefail {0}
2026-09-22T19:15:16.8559850Z env:
2026-09-22T19:15:16.8560506Z   CARGO_TERM_COLOR: always
2026-09-22T19:15:16.8561253Z   RUST_BACKTRACE: 1
2026-09-22T19:15:16.8561984Z   NIGHTLY_TOOLCHAIN: nightly-2026-09-10
2026-09-22T19:15:16.8562875Z   RUNNER_TOOL_CACHE: /opt/hostedtoolcache
2026-09-22T19:15:16.8563743Z   RUNS_ON_HOME: /runs-on
2026-09-22T19:15:16.8564486Z   RUNS_ON_VERSION: v3.3.0
2026-09-22T19:15:16.8565261Z   RUNS_ON_AGENT_BINARY: /runs-on/agent
2026-09-22T19:15:16.8566124Z   RUNS_ON_AGENT_ARCH: arm64
2026-09-22T19:15:16.8566896Z   RUNS_ON_AGENT_USER: runner
2026-09-22T19:15:16.8567691Z   RUNS_ON_AMI_ID: ami-098c62767651982c5
2026-09-22T19:15:16.8568538Z   RUNS_ON_AWS_REGION: us-east-1
2026-09-22T19:15:16.8569327Z   RUNS_ON_AWS_AZ: us-east-1b
2026-09-22T19:15:16.8570252Z   RUNS_ON_ENV_CUSTOM_FILE: /runs-on/env.custom
2026-09-22T19:15:16.8571208Z   RUNS_ON_INSTANCE_ID: i-0bd6f4346462a8591
2026-09-22T19:15:16.8572121Z   RUNS_ON_INSTANCE_LIFECYCLE: spot
2026-09-22T19:15:16.8572961Z   RUNS_ON_INSTANCE_TYPE: c7g.metal
2026-09-22T19:15:16.8573788Z   RUNS_ON_STACK_NAME: runs-on-v3
2026-09-22T19:15:16.8574786Z   RUNS_ON_S3_BUCKET_CACHE: runs-on-v3-s3bucketcache-dbnub4tpjhpv
2026-09-22T19:15:16.8575939Z   ACTIONS_RUNNER_HOOK_JOB_STARTED: /runs-on/pre.sh
2026-09-22T19:15:16.8576994Z   ACTIONS_RUNNER_HOOK_JOB_COMPLETED: /runs-on/post.sh
2026-09-22T19:15:16.8578007Z   GITHUB_SERVER_URL: https://github.com/
2026-09-22T19:15:16.8578924Z   GITHUB_API_URL: https://api.github.com/
2026-09-22T19:15:16.8580280Z   GITHUB_HOST: github.com
2026-09-22T19:15:16.8581212Z   RUNS_ON_RUNNER_NAME: runs-on--i-0bd6f4346462a8591--cdd1183a-6
2026-09-22T19:15:16.8582333Z   RUNS_ON_INSTANCE_LAUNCHED_AT: 2026-09-22T19:14:21Z
2026-09-22T19:15:16.8583334Z   ACTIONS_CACHE_URL: http://10.1.17.104:6871/
2026-09-22T19:15:16.8584251Z   ACTIONS_CACHE_SERVICE_V2: true
2026-09-22T19:15:16.8585124Z   ACTIONS_RESULTS_URL: http://10.1.17.104:6871/
2026-09-22T19:15:16.8586417Z   RUNS_ON_S3_CACHE_REPO_PREFIX: cache/repo/vortex-data/vortex
2026-09-22T19:15:16.8587529Z   RUNS_ON_ACTION_COST_TRACKING_CLAIMED: true
2026-09-22T19:15:16.8588421Z   RUSTUP_TOOLCHAIN: 1.98.0
2026-09-22T19:15:16.8589163Z ##[endgroup]
2026-09-22T19:15:16.8664983Z ##[end-action id=__self.check-rustup;outcome=success;conclusion=success;duration_ms=19]
2026-09-22T19:15:16.8670228Z ##[start-action display=Install Rust;id=__self.__dtolnay_rust-toolchain]
2026-09-22T19:15:16.8691454Z ##[end-action id=__self.__dtolnay_rust-toolchain;outcome=skipped;conclusion=skipped;duration_ms=0]
2026-09-22T19:15:16.8699011Z ##[start-action display=Reconcile prebuilt Rust installation;id=__self.__run]
2026-09-22T19:15:16.8753779Z ##[group]Run TOOLCHAIN_FOUND=false
2026-09-22T19:15:16.8754726Z [36;1mTOOLCHAIN_FOUND=false[0m
2026-09-22T19:15:16.8755790Z [36;1mfor INSTALLED in $(rustup toolchain list | awk '{print $1}'); do[0m
2026-09-22T19:15:16.8756946Z [36;1m  case "$INSTALLED" in[0m
2026-09-22T19:15:16.8757936Z [36;1m    "$TOOLCHAIN"|"$TOOLCHAIN"-*) TOOLCHAIN_FOUND=true ;;[0m
2026-09-22T19:15:16.8758942Z [36;1m  esac[0m
2026-09-22T19:15:16.8759648Z [36;1mdone[0m
2026-09-22T19:15:16.8760394Z [36;1mif [ "$TOOLCHAIN_FOUND" != true ]; then[0m
2026-09-22T19:15:16.8761533Z [36;1m  rustup toolchain install "$TOOLCHAIN" --profile minimal[0m
2026-09-22T19:15:16.8762588Z [36;1mfi[0m
2026-09-22T19:15:16.8763215Z [36;1m[0m
2026-09-22T19:15:16.8764069Z [36;1mTOOLCHAIN_HOST=$(rustc +"$TOOLCHAIN" --print host-tuple)[0m
2026-09-22T19:15:16.8765590Z [36;1mINSTALLED_COMPONENTS=$(rustup component list --toolchain "$TOOLCHAIN" --installed)[0m
2026-09-22T19:15:16.8766920Z [36;1mMISSING_COMPONENTS=()[0m
2026-09-22T19:15:16.8767898Z [36;1mIFS=',' read -ra REQUESTED_COMPONENTS <<< "$COMPONENTS"[0m
2026-09-22T19:15:16.8769090Z [36;1mfor COMPONENT in "${REQUESTED_COMPONENTS[@]}"; do[0m
2026-09-22T19:15:16.8770166Z [36;1m  COMPONENT=${COMPONENT// /}[0m
2026-09-22T19:15:16.8771071Z [36;1m  [ -z "$COMPONENT" ] && continue[0m
2026-09-22T19:15:16.8772030Z [36;1m  if [ "$COMPONENT" = llvm-tools ]; then[0m
2026-09-22T19:15:16.8772998Z [36;1m    COMPONENT=llvm-tools-preview[0m
2026-09-22T19:15:16.8773849Z [36;1m  fi[0m
2026-09-22T19:15:16.8774731Z [36;1m  if ! grep -Fqx "$COMPONENT" <<< "$INSTALLED_COMPONENTS" && \[0m
2026-09-22T19:15:16.8776158Z [36;1m     ! grep -Fqx "$COMPONENT-$TOOLCHAIN_HOST" <<< "$INSTALLED_COMPONENTS"; then[0m
2026-09-22T19:15:16.8777449Z [36;1m    MISSING_COMPONENTS+=("$COMPONENT")[0m
2026-09-22T19:15:16.8778335Z [36;1m  fi[0m
2026-09-22T19:15:16.8778980Z [36;1mdone[0m
2026-09-22T19:15:16.8779788Z [36;1mif [ ${#MISSING_COMPONENTS[@]} -gt 0 ]; then[0m
2026-09-22T19:15:16.8781085Z [36;1m  rustup component add --toolchain "$TOOLCHAIN" "${MISSING_COMPONENTS[@]}"[0m
2026-09-22T19:15:16.8782267Z [36;1mfi[0m
2026-09-22T19:15:16.8782889Z [36;1m[0m
2026-09-22T19:15:16.8783908Z [36;1mINSTALLED_TARGETS=$(rustup target list --toolchain "$TOOLCHAIN" --installed)[0m
2026-09-22T19:15:16.8785163Z [36;1mMISSING_TARGETS=()[0m
2026-09-22T19:15:16.8786085Z [36;1mIFS=',' read -ra REQUESTED_TARGETS <<< "$TARGETS"[0m
2026-09-22T19:15:16.8787174Z [36;1mfor TARGET in "${REQUESTED_TARGETS[@]}"; do[0m
2026-09-22T19:15:16.8788131Z [36;1m  TARGET=${TARGET// /}[0m
2026-09-22T19:15:16.8788959Z [36;1m  [ -z "$TARGET" ] && continue[0m
2026-09-22T19:15:16.8790032Z [36;1m  if ! grep -Fqx "$TARGET" <<< "$INSTALLED_TARGETS"; then[0m
2026-09-22T19:15:16.8791107Z [36;1m    MISSING_TARGETS+=("$TARGET")[0m
2026-09-22T19:15:16.8791948Z [36;1m  fi[0m
2026-09-22T19:15:16.8792893Z [36;1mdone[0m
2026-09-22T19:15:16.8793637Z [36;1mif [ ${#MISSING_TARGETS[@]} -gt 0 ]; then[0m
2026-09-22T19:15:16.8794851Z [36;1m  rustup target add --toolchain "$TOOLCHAIN" "${MISSING_TARGETS[@]}"[0m
2026-09-22T19:15:16.8795956Z [36;1mfi[0m
2026-09-22T19:15:16.8829995Z shell: /usr/bin/bash --noprofile --norc -e -o pipefail {0}
2026-09-22T19:15:16.8831007Z env:
2026-09-22T19:15:16.8831648Z   CARGO_TERM_COLOR: always
2026-09-22T19:15:16.8832605Z   RUST_BACKTRACE: 1
2026-09-22T19:15:16.8833375Z   NIGHTLY_TOOLCHAIN: nightly-2026-09-10
2026-09-22T19:15:16.8834273Z   RUNNER_TOOL_CACHE: /opt/hostedtoolcache
2026-09-22T19:15:16.8835129Z   RUNS_ON_HOME: /runs-on
2026-09-22T19:15:16.8835863Z   RUNS_ON_VERSION: v3.3.0
2026-09-22T19:15:16.8836636Z   RUNS_ON_AGENT_BINARY: /runs-on/agent
2026-09-22T19:15:16.8837488Z   RUNS_ON_AGENT_ARCH: arm64
2026-09-22T19:15:16.8838254Z   RUNS_ON_AGENT_USER: runner
2026-09-22T19:15:16.8839043Z   RUNS_ON_AMI_ID: ami-098c62767651982c5
2026-09-22T19:15:16.8839966Z   RUNS_ON_AWS_REGION: us-east-1
2026-09-22T19:15:16.8840767Z   RUNS_ON_AWS_AZ: us-east-1b
2026-09-22T19:15:16.8841605Z   RUNS_ON_ENV_CUSTOM_FILE: /runs-on/env.custom
2026-09-22T19:15:16.8842548Z   RUNS_ON_INSTANCE_ID: i-0bd6f4346462a8591
2026-09-22T19:15:16.8843434Z   RUNS_ON_INSTANCE_LIFECYCLE: spot
2026-09-22T19:15:16.8844275Z   RUNS_ON_INSTANCE_TYPE: c7g.metal
2026-09-22T19:15:16.8845100Z   RUNS_ON_STACK_NAME: runs-on-v3
2026-09-22T19:15:16.8846112Z   RUNS_ON_S3_BUCKET_CACHE: runs-on-v3-s3bucketcache-dbnub4tpjhpv
2026-09-22T19:15:16.8847257Z   ACTIONS_RUNNER_HOOK_JOB_STARTED: /runs-on/pre.sh
2026-09-22T19:15:16.8848301Z   ACTIONS_RUNNER_HOOK_JOB_COMPLETED: /runs-on/post.sh
2026-09-22T19:15:16.8849319Z   GITHUB_SERVER_URL: https://github.com/
2026-09-22T19:15:16.8850425Z   GITHUB_API_URL: https://api.github.com/
2026-09-22T19:15:16.8851322Z   GITHUB_HOST: github.com
2026-09-22T19:15:16.8852249Z   RUNS_ON_RUNNER_NAME: runs-on--i-0bd6f4346462a8591--cdd1183a-6
2026-09-22T19:15:16.8853382Z   RUNS_ON_INSTANCE_LAUNCHED_AT: 2026-09-22T19:14:21Z
2026-09-22T19:15:16.8854373Z   ACTIONS_CACHE_URL: http://10.1.17.104:6871/
2026-09-22T19:15:16.8855299Z   ACTIONS_CACHE_SERVICE_V2: true
2026-09-22T19:15:16.8856172Z   ACTIONS_RESULTS_URL: http://10.1.17.104:6871/
2026-09-22T19:15:16.8857249Z   RUNS_ON_S3_CACHE_REPO_PREFIX: cache/repo/vortex-data/vortex
2026-09-22T19:15:16.8858314Z   RUNS_ON_ACTION_COST_TRACKING_CLAIMED: true
2026-09-22T19:15:16.8859210Z   RUSTUP_TOOLCHAIN: 1.98.0
2026-09-22T19:15:16.8860003Z   TOOLCHAIN: 1.98.0
2026-09-22T19:15:16.8860724Z   COMPONENTS: clippy, rustfmt
2026-09-22T19:15:16.8861480Z   TARGETS: 
2026-09-22T19:15:16.8862092Z ##[endgroup]
2026-09-22T19:15:16.9884273Z info: syncing channel updates for 1.98.0-aarch64-unknown-linux-gnu
2026-09-22T19:15:17.0890587Z info: latest update on 2026-08-20 for version 1.98.0 (88d9e12ae 2026-08-18)
2026-09-22T19:15:17.0899070Z info: downloading 3 components
2026-09-22T19:15:23.1908286Z info: syncing channel updates for 1.98.0-aarch64-unknown-linux-gnu
2026-09-22T19:15:23.2389108Z 
2026-09-22T19:15:23.2446271Z   1.98.0-aarch64-unknown-linux-gnu unchanged - rustc 1.98.0 (88d9e12ae 2026-08-18)
2026-09-22T19:15:23.2446661Z 
2026-09-22T19:15:23.3426108Z info: downloading component clippy
2026-09-22T19:15:23.8168447Z info: downloading component rustfmt
2026-09-22T19:15:24.1006866Z ##[end-action id=__self.__run;outcome=success;conclusion=success;duration_ms=7230]
2026-09-22T19:15:24.1010813Z ##[start-action display=Reconcile mold installation;id=__self.__run_2]
2026-09-22T19:15:24.1039626Z ##[group]Run if ! command -v mold >/dev/null; then
2026-09-22T19:15:24.1040039Z [36;1mif ! command -v mold >/dev/null; then[0m
2026-09-22T19:15:24.1040361Z [36;1m  sudo apt-get update[0m
2026-09-22T19:15:24.1040642Z [36;1m  sudo apt-get install -y mold[0m
2026-09-22T19:15:24.1040919Z [36;1mfi[0m
2026-09-22T19:15:24.1084004Z shell: /usr/bin/bash --noprofile --norc -e -o pipefail {0}
2026-09-22T19:15:24.1084401Z env:
2026-09-22T19:15:24.1084634Z   CARGO_TERM_COLOR: always
2026-09-22T19:15:24.1085098Z   RUST_BACKTRACE: 1
2026-09-22T19:15:24.1085341Z   NIGHTLY_TOOLCHAIN: nightly-2026-09-10
2026-09-22T19:15:24.1085652Z   RUNNER_TOOL_CACHE: /opt/hostedtoolcache
2026-09-22T19:15:24.1085942Z   RUNS_ON_HOME: /runs-on
2026-09-22T19:15:24.1086178Z   RUNS_ON_VERSION: v3.3.0
2026-09-22T19:15:24.1086434Z   RUNS_ON_AGENT_BINARY: /runs-on/agent
2026-09-22T19:15:24.1086713Z   RUNS_ON_AGENT_ARCH: arm64
2026-09-22T19:15:24.1087150Z   RUNS_ON_AGENT_USER: runner
2026-09-22T19:15:24.1087466Z   RUNS_ON_AMI_ID: ami-098c62767651982c5
2026-09-22T19:15:24.1087749Z   RUNS_ON_AWS_REGION: us-east-1
2026-09-22T19:15:24.1088017Z   RUNS_ON_AWS_AZ: us-east-1b
2026-09-22T19:15:24.1088302Z   RUNS_ON_ENV_CUSTOM_FILE: /runs-on/env.custom
2026-09-22T19:15:24.1088636Z   RUNS_ON_INSTANCE_ID: i-0bd6f4346462a8591
2026-09-22T19:15:24.1088966Z   RUNS_ON_INSTANCE_LIFECYCLE: spot
2026-09-22T19:15:24.1089267Z   RUNS_ON_INSTANCE_TYPE: c7g.metal
2026-09-22T19:15:24.1089625Z   RUNS_ON_STACK_NAME: runs-on-v3
2026-09-22T19:15:24.1090032Z   RUNS_ON_S3_BUCKET_CACHE: runs-on-v3-s3bucketcache-dbnub4tpjhpv
2026-09-22T19:15:24.1090452Z   ACTIONS_RUNNER_HOOK_JOB_STARTED: /runs-on/pre.sh
2026-09-22T19:15:24.1090829Z   ACTIONS_RUNNER_HOOK_JOB_COMPLETED: /runs-on/post.sh
2026-09-22T19:15:24.1091317Z   GITHUB_SERVER_URL: https://github.com/
2026-09-22T19:15:24.1091649Z   GITHUB_API_URL: https://api.github.com/
2026-09-22T19:15:24.1091948Z   GITHUB_HOST: github.com
2026-09-22T19:15:24.1092274Z   RUNS_ON_RUNNER_NAME: runs-on--i-0bd6f4346462a8591--cdd1183a-6
2026-09-22T19:15:24.1092681Z   RUNS_ON_INSTANCE_LAUNCHED_AT: 2026-09-22T19:14:21Z
2026-09-22T19:15:24.1093028Z   ACTIONS_CACHE_URL: http://10.1.17.104:6871/
2026-09-22T19:15:24.1093346Z   ACTIONS_CACHE_SERVICE_V2: true
2026-09-22T19:15:24.1093641Z   ACTIONS_RESULTS_URL: http://10.1.17.104:6871/
2026-09-22T19:15:24.1094037Z   RUNS_ON_S3_CACHE_REPO_PREFIX: cache/repo/vortex-data/vortex
2026-09-22T19:15:24.1094420Z   RUNS_ON_ACTION_COST_TRACKING_CLAIMED: true
2026-09-22T19:15:24.1094742Z   RUSTUP_TOOLCHAIN: 1.98.0
2026-09-22T19:15:24.1094981Z ##[endgroup]
2026-09-22T19:15:24.1142629Z ##[end-action id=__self.__run_2;outcome=success;conclusion=success;duration_ms=13]
2026-09-22T19:15:24.1146221Z ##[start-action display=Check protoc installation;id=__self.check-protoc]
2026-09-22T19:15:24.1170745Z ##[group]Run EXPECTED="libprotoc $PROTOC_VERSION"
2026-09-22T19:15:24.1171147Z [36;1mEXPECTED="libprotoc $PROTOC_VERSION"[0m
2026-09-22T19:15:24.1171537Z [36;1mACTUAL=$(protoc --version 2>/dev/null || true)[0m
2026-09-22T19:15:24.1172058Z [36;1mecho "install=$([ "$ACTUAL" = "$EXPECTED" ] && echo false || echo true)" >> "$GITHUB_OUTPUT"[0m
2026-09-22T19:15:24.1192804Z shell: /usr/bin/bash --noprofile --norc -e -o pipefail {0}
2026-09-22T19:15:24.1193163Z env:
2026-09-22T19:15:24.1193355Z   CARGO_TERM_COLOR: always
2026-09-22T19:15:24.1193594Z   RUST_BACKTRACE: 1
2026-09-22T19:15:24.1193835Z   NIGHTLY_TOOLCHAIN: nightly-2026-09-10
2026-09-22T19:15:24.1194141Z   RUNNER_TOOL_CACHE: /opt/hostedtoolcache
2026-09-22T19:15:24.1194448Z   RUNS_ON_HOME: /runs-on
2026-09-22T19:15:24.1194684Z   RUNS_ON_VERSION: v3.3.0
2026-09-22T19:15:24.1194938Z   RUNS_ON_AGENT_BINARY: /runs-on/agent
2026-09-22T19:15:24.1195216Z   RUNS_ON_AGENT_ARCH: arm64
2026-09-22T19:15:24.1195468Z   RUNS_ON_AGENT_USER: runner
2026-09-22T19:15:24.1195727Z   RUNS_ON_AMI_ID: ami-098c62767651982c5
2026-09-22T19:15:24.1196014Z   RUNS_ON_AWS_REGION: us-east-1
2026-09-22T19:15:24.1196281Z   RUNS_ON_AWS_AZ: us-east-1b
2026-09-22T19:15:24.1196562Z   RUNS_ON_ENV_CUSTOM_FILE: /runs-on/env.custom
2026-09-22T19:15:24.1196887Z   RUNS_ON_INSTANCE_ID: i-0bd6f4346462a8591
2026-09-22T19:15:24.1197190Z   RUNS_ON_INSTANCE_LIFECYCLE: spot
2026-09-22T19:15:24.1197466Z   RUNS_ON_INSTANCE_TYPE: c7g.metal
2026-09-22T19:15:24.1197737Z   RUNS_ON_STACK_NAME: runs-on-v3
2026-09-22T19:15:24.1198088Z   RUNS_ON_S3_BUCKET_CACHE: runs-on-v3-s3bucketcache-dbnub4tpjhpv
2026-09-22T19:15:24.1198503Z   ACTIONS_RUNNER_HOOK_JOB_STARTED: /runs-on/pre.sh
2026-09-22T19:15:24.1199152Z   ACTIONS_RUNNER_HOOK_JOB_COMPLETED: /runs-on/post.sh
2026-09-22T19:15:24.1199648Z   GITHUB_SERVER_URL: https://github.com/
2026-09-22T19:15:24.1199977Z   GITHUB_API_URL: https://api.github.com/
2026-09-22T19:15:24.1200277Z   GITHUB_HOST: github.com
2026-09-22T19:15:24.1200595Z   RUNS_ON_RUNNER_NAME: runs-on--i-0bd6f4346462a8591--cdd1183a-6
2026-09-22T19:15:24.1200999Z   RUNS_ON_INSTANCE_LAUNCHED_AT: 2026-09-22T19:14:21Z
2026-09-22T19:15:24.1201530Z   ACTIONS_CACHE_URL: http://10.1.17.104:6871/
2026-09-22T19:15:24.1201902Z   ACTIONS_CACHE_SERVICE_V2: true
2026-09-22T19:15:24.1202203Z   ACTIONS_RESULTS_URL: http://10.1.17.104:6871/
2026-09-22T19:15:24.1202588Z   RUNS_ON_S3_CACHE_REPO_PREFIX: cache/repo/vortex-data/vortex
2026-09-22T19:15:24.1202968Z   RUNS_ON_ACTION_COST_TRACKING_CLAIMED: true
2026-09-22T19:15:24.1203272Z   RUSTUP_TOOLCHAIN: 1.98.0
2026-09-22T19:15:24.1203533Z   PROTOC_VERSION: 29.3
2026-09-22T19:15:24.1203756Z ##[endgroup]
2026-09-22T19:15:24.1634276Z ##[end-action id=__self.check-protoc;outcome=success;conclusion=success;duration_ms=48]
2026-09-22T19:15:24.1636599Z ##[start-action display=Install protoc;id=__self.__self]
2026-09-22T19:15:24.1641617Z ##[end-action id=__self.__self;outcome=skipped;conclusion=skipped;duration_ms=0]
2026-09-22T19:15:24.1643800Z ##[start-action display=Install sccache;id=__self.__self_2]
2026-09-22T19:15:24.1648720Z ##[end-action id=__self.__self_2;outcome=skipped;conclusion=skipped;duration_ms=0]
2026-09-22T19:15:24.1650875Z ##[start-action display=Configure sccache timeout;id=__self.__run_3]
2026-09-22T19:15:24.1655945Z ##[end-action id=__self.__run_3;outcome=skipped;conclusion=skipped;duration_ms=0]
2026-09-22T19:15:24.1658002Z ##[start-action display=Enable compiler caching;id=__self.__run_4]
2026-09-22T19:15:24.1663041Z ##[end-action id=__self.__run_4;outcome=skipped;conclusion=skipped;duration_ms=0]
2026-09-22T19:15:24.1665000Z ##[start-action display=Full Rust setup;id=__self.__self_3]
2026-09-22T19:15:24.1668693Z ##[end-action id=__self.__self_3;outcome=skipped;conclusion=skipped;duration_ms=0]
2026-09-22T19:15:24.1670918Z ##[start-action display=Install flatc (for FlatBuffers code generation);id=__self.__self_4]
2026-09-22T19:15:24.1714146Z Prepare all required actions
2026-09-22T19:15:24.1817879Z ##[group]Run ./.github/actions/setup-flatc
2026-09-22T19:15:24.1818184Z with:
2026-09-22T19:15:24.1818390Z   flatc_version: 25.12.19
2026-09-22T19:15:24.1818620Z env:
2026-09-22T19:15:24.1818819Z   CARGO_TERM_COLOR: always
2026-09-22T19:15:24.1819061Z   RUST_BACKTRACE: 1
2026-09-22T19:15:24.1819300Z   NIGHTLY_TOOLCHAIN: nightly-2026-09-10
2026-09-22T19:15:24.1819692Z   RUNNER_TOOL_CACHE: /opt/hostedtoolcache
2026-09-22T19:15:24.1819994Z   RUNS_ON_HOME: /runs-on
2026-09-22T19:15:24.1820237Z   RUNS_ON_VERSION: v3.3.0
2026-09-22T19:15:24.1820494Z   RUNS_ON_AGENT_BINARY: /runs-on/agent
2026-09-22T19:15:24.1820778Z   RUNS_ON_AGENT_ARCH: arm64
2026-09-22T19:15:24.1821029Z   RUNS_ON_AGENT_USER: runner
2026-09-22T19:15:24.1821292Z   RUNS_ON_AMI_ID: ami-098c62767651982c5
2026-09-22T19:15:24.1821590Z   RUNS_ON_AWS_REGION: us-east-1
2026-09-22T19:15:24.1821857Z   RUNS_ON_AWS_AZ: us-east-1b
2026-09-22T19:15:24.1822137Z   RUNS_ON_ENV_CUSTOM_FILE: /runs-on/env.custom
2026-09-22T19:15:24.1822470Z   RUNS_ON_INSTANCE_ID: i-0bd6f4346462a8591
2026-09-22T19:15:24.1822774Z   RUNS_ON_INSTANCE_LIFECYCLE: spot
2026-09-22T19:15:24.1823054Z   RUNS_ON_INSTANCE_TYPE: c7g.metal
2026-09-22T19:15:24.1823327Z   RUNS_ON_STACK_NAME: runs-on-v3
2026-09-22T19:15:24.1823685Z   RUNS_ON_S3_BUCKET_CACHE: runs-on-v3-s3bucketcache-dbnub4tpjhpv
2026-09-22T19:15:24.1824107Z   ACTIONS_RUNNER_HOOK_JOB_STARTED: /runs-on/pre.sh
2026-09-22T19:15:24.1824487Z   ACTIONS_RUNNER_HOOK_JOB_COMPLETED: /runs-on/post.sh
2026-09-22T19:15:24.1824857Z   GITHUB_SERVER_URL: https://github.com/
2026-09-22T19:15:24.1825185Z   GITHUB_API_URL: https://api.github.com/
2026-09-22T19:15:24.1825488Z   GITHUB_HOST: github.com
2026-09-22T19:15:24.1825814Z   RUNS_ON_RUNNER_NAME: runs-on--i-0bd6f4346462a8591--cdd1183a-6
2026-09-22T19:15:24.1826530Z   RUNS_ON_INSTANCE_LAUNCHED_AT: 2026-09-22T19:14:21Z
2026-09-22T19:15:24.1826893Z   ACTIONS_CACHE_URL: http://10.1.17.104:6871/
2026-09-22T19:15:24.1827207Z   ACTIONS_CACHE_SERVICE_V2: true
2026-09-22T19:15:24.1827504Z   ACTIONS_RESULTS_URL: http://10.1.17.104:6871/
2026-09-22T19:15:24.1827898Z   RUNS_ON_S3_CACHE_REPO_PREFIX: cache/repo/vortex-data/vortex
2026-09-22T19:15:24.1828279Z   RUNS_ON_ACTION_COST_TRACKING_CLAIMED: true
2026-09-22T19:15:24.1828744Z   RUSTUP_TOOLCHAIN: 1.98.0
2026-09-22T19:15:24.1829002Z ##[endgroup]
2026-09-22T19:15:24.1833063Z ##[start-action display=Install flatc;id=__self.__self_4.__run]
2026-09-22T19:15:24.1873751Z ##[group]Run set -euo pipefail
2026-09-22T19:15:24.1874120Z [36;1mset -euo pipefail[0m
2026-09-22T19:15:24.1874366Z [36;1m[0m
2026-09-22T19:15:24.1874565Z [36;1mVERSION="25.12.19"[0m
2026-09-22T19:15:24.1874951Z [36;1mif [ "$(flatc --version 2>/dev/null)" = "flatc version ${VERSION}" ]; then[0m
2026-09-22T19:15:24.1875437Z [36;1m  echo "flatc ${VERSION} is already installed"[0m
2026-09-22T19:15:24.1875779Z [36;1m  exit 0[0m
2026-09-22T19:15:24.1875981Z [36;1mfi[0m
2026-09-22T19:15:24.1876173Z [36;1m[0m
2026-09-22T19:15:24.1876369Z [36;1mARCH=$(uname -m)[0m
2026-09-22T19:15:24.1876656Z [36;1mOS=$(uname -s | tr '[:upper:]' '[:lower:]')[0m
2026-09-22T19:15:24.1876964Z [36;1m[0m
2026-09-22T19:15:24.1877305Z [36;1m# Official binaries exist for x86_64 glibc Linux, macOS and Windows only.[0m
2026-09-22T19:15:24.1877737Z [36;1mASSET=""[0m
2026-09-22T19:15:24.1877961Z [36;1mcase "$OS" in[0m
2026-09-22T19:15:24.1878186Z [36;1m  linux)[0m
2026-09-22T19:15:24.1878501Z [36;1m    if [ "$ARCH" = "x86_64" ] && ! ldd /bin/sh 2>&1 | grep -qi musl; then[0m
2026-09-22T19:15:24.1878949Z [36;1m      ASSET="Linux.flatc.binary.clang++-18.zip"[0m
2026-09-22T19:15:24.1879280Z [36;1m    fi[0m
2026-09-22T19:15:24.1879557Z [36;1m    ;;[0m
2026-09-22T19:15:24.1879782Z [36;1m  darwin)[0m
2026-09-22T19:15:24.1880009Z [36;1m    case "$ARCH" in[0m
2026-09-22T19:15:24.1880322Z [36;1m      arm64)  ASSET="Mac.flatc.binary.zip" ;;[0m
2026-09-22T19:15:24.1880712Z [36;1m      x86_64) ASSET="MacIntel.flatc.binary.zip" ;;[0m
2026-09-22T19:15:24.1881045Z [36;1m    esac[0m
2026-09-22T19:15:24.1881254Z [36;1m    ;;[0m
2026-09-22T19:15:24.1881511Z [36;1m  *) ASSET="Windows.flatc.binary.zip" ;;[0m
2026-09-22T19:15:24.1881822Z [36;1mesac[0m
2026-09-22T19:15:24.1882019Z [36;1m[0m
2026-09-22T19:15:24.1882393Z [36;1m# This sometimes runs in a container where the user is root and there is no sudo.[0m
2026-09-22T19:15:24.1882875Z [36;1mif command -v sudo &>/dev/null[0m
2026-09-22T19:15:24.1883152Z [36;1mthen[0m
2026-09-22T19:15:24.1883357Z [36;1m  CMD=sudo[0m
2026-09-22T19:15:24.1883569Z [36;1melse[0m
2026-09-22T19:15:24.1883768Z [36;1m  CMD=[0m
2026-09-22T19:15:24.1883964Z [36;1mfi[0m
2026-09-22T19:15:24.1884151Z [36;1m[0m
2026-09-22T19:15:24.1884541Z [36;1mRELEASE="https://github.com/google/flatbuffers/releases/download/v${VERSION}"[0m
2026-09-22T19:15:24.1885039Z [36;1mif [ -n "$ASSET" ]; then[0m
2026-09-22T19:15:24.1885382Z [36;1m  curl -fsSL -o /tmp/flatc.zip "${RELEASE}/${ASSET}"[0m
2026-09-22T19:15:24.1885775Z [36;1m  unzip -o /tmp/flatc.zip -d /tmp/flatc[0m
2026-09-22T19:15:24.1886100Z [36;1m  rm -f /tmp/flatc.zip[0m
2026-09-22T19:15:24.1886354Z [36;1melse[0m
2026-09-22T19:15:24.1886734Z [36;1m  echo "No official flatc binary for ${OS}/${ARCH}; building ${VERSION} from source"[0m
2026-09-22T19:15:24.1887250Z [36;1m  git clone --depth 1 --branch "v${VERSION}" \[0m
2026-09-22T19:15:24.1887693Z [36;1m    https://github.com/google/flatbuffers.git /tmp/flatbuffers[0m
2026-09-22T19:15:24.1888173Z [36;1m  cmake -S /tmp/flatbuffers -B /tmp/flatbuffers/build \[0m
2026-09-22T19:15:24.1888559Z [36;1m    -DCMAKE_BUILD_TYPE=Release \[0m
2026-09-22T19:15:24.1888887Z [36;1m    -DFLATBUFFERS_BUILD_TESTS=OFF \[0m
2026-09-22T19:15:24.1889223Z [36;1m    -DFLATBUFFERS_BUILD_FLATLIB=OFF \[0m
2026-09-22T19:15:24.1889638Z [36;1m    -DFLATBUFFERS_BUILD_FLATHASH=OFF \[0m
2026-09-22T19:15:24.1890216Z [36;1m    -DFLATBUFFERS_INSTALL=OFF[0m
2026-09-22T19:15:24.1890585Z [36;1m  cmake --build /tmp/flatbuffers/build --target flatc \[0m
2026-09-22T19:15:24.1891006Z [36;1m    --parallel "$(nproc 2>/dev/null || echo 4)"[0m
2026-09-22T19:15:24.1891352Z [36;1m  mkdir -p /tmp/flatc[0m
2026-09-22T19:15:24.1891675Z [36;1m  mv /tmp/flatbuffers/build/flatc /tmp/flatc/flatc[0m
2026-09-22T19:15:24.1892178Z [36;1m  rm -rf /tmp/flatbuffers[0m
2026-09-22T19:15:24.1892455Z [36;1mfi[0m
2026-09-22T19:15:24.1892644Z [36;1m[0m
2026-09-22T19:15:24.1892895Z [36;1mif [ "$OS" = "linux" ] || [ "$OS" = "darwin" ]; then[0m
2026-09-22T19:15:24.1893283Z [36;1m  $CMD mv /tmp/flatc/flatc /usr/local/bin/[0m
2026-09-22T19:15:24.1893587Z [36;1melse[0m
2026-09-22T19:15:24.1893933Z [36;1m  # Windows runners do not have /usr/local/bin on PATH for non-bash steps.[0m
2026-09-22T19:15:24.1894375Z [36;1m  mkdir -p "$HOME/.local/bin"[0m
2026-09-22T19:15:24.1894717Z [36;1m  mv /tmp/flatc/flatc.exe "$HOME/.local/bin/"[0m
2026-09-22T19:15:24.1895101Z [36;1m  cygpath -w "$HOME/.local/bin" >> "$GITHUB_PATH"[0m
2026-09-22T19:15:24.1895471Z [36;1m  export PATH="$HOME/.local/bin:$PATH"[0m
2026-09-22T19:15:24.1895768Z [36;1mfi[0m
2026-09-22T19:15:24.1895957Z [36;1m[0m
2026-09-22T19:15:24.1896155Z [36;1mrm -rf /tmp/flatc[0m
2026-09-22T19:15:24.1896406Z [36;1mflatc --version[0m
2026-09-22T19:15:24.1916840Z shell: /usr/bin/bash --noprofile --norc -e -o pipefail {0}
2026-09-22T19:15:24.1917197Z env:
2026-09-22T19:15:24.1917400Z   CARGO_TERM_COLOR: always
2026-09-22T19:15:24.1917641Z   RUST_BACKTRACE: 1
2026-09-22T19:15:24.1917879Z   NIGHTLY_TOOLCHAIN: nightly-2026-09-10
2026-09-22T19:15:24.1918187Z   RUNNER_TOOL_CACHE: /opt/hostedtoolcache
2026-09-22T19:15:24.1918476Z   RUNS_ON_HOME: /runs-on
2026-09-22T19:15:24.1918715Z   RUNS_ON_VERSION: v3.3.0
2026-09-22T19:15:24.1918974Z   RUNS_ON_AGENT_BINARY: /runs-on/agent
2026-09-22T19:15:24.1919256Z   RUNS_ON_AGENT_ARCH: arm64
2026-09-22T19:15:24.1919594Z   RUNS_ON_AGENT_USER: runner
2026-09-22T19:15:24.1919861Z   RUNS_ON_AMI_ID: ami-098c62767651982c5
2026-09-22T19:15:24.1920146Z   RUNS_ON_AWS_REGION: us-east-1
2026-09-22T19:15:24.1920406Z   RUNS_ON_AWS_AZ: us-east-1b
2026-09-22T19:15:24.1920689Z   RUNS_ON_ENV_CUSTOM_FILE: /runs-on/env.custom
2026-09-22T19:15:24.1921014Z   RUNS_ON_INSTANCE_ID: i-0bd6f4346462a8591
2026-09-22T19:15:24.1921315Z   RUNS_ON_INSTANCE_LIFECYCLE: spot
2026-09-22T19:15:24.1921597Z   RUNS_ON_INSTANCE_TYPE: c7g.metal
2026-09-22T19:15:24.1921869Z   RUNS_ON_STACK_NAME: runs-on-v3
2026-09-22T19:15:24.1922221Z   RUNS_ON_S3_BUCKET_CACHE: runs-on-v3-s3bucketcache-dbnub4tpjhpv
2026-09-22T19:15:24.1922647Z   ACTIONS_RUNNER_HOOK_JOB_STARTED: /runs-on/pre.sh
2026-09-22T19:15:24.1923025Z   ACTIONS_RUNNER_HOOK_JOB_COMPLETED: /runs-on/post.sh
2026-09-22T19:15:24.1923385Z   GITHUB_SERVER_URL: https://github.com/
2026-09-22T19:15:24.1923708Z   GITHUB_API_URL: https://api.github.com/
2026-09-22T19:15:24.1924006Z   GITHUB_HOST: github.com
2026-09-22T19:15:24.1924335Z   RUNS_ON_RUNNER_NAME: runs-on--i-0bd6f4346462a8591--cdd1183a-6
2026-09-22T19:15:24.1924745Z   RUNS_ON_INSTANCE_LAUNCHED_AT: 2026-09-22T19:14:21Z
2026-09-22T19:15:24.1925097Z   ACTIONS_CACHE_URL: http://10.1.17.104:6871/
2026-09-22T19:15:24.1925413Z   ACTIONS_CACHE_SERVICE_V2: true
2026-09-22T19:15:24.1925711Z   ACTIONS_RESULTS_URL: http://10.1.17.104:6871/
2026-09-22T19:15:24.1926101Z   RUNS_ON_S3_CACHE_REPO_PREFIX: cache/repo/vortex-data/vortex
2026-09-22T19:15:24.1926484Z   RUNS_ON_ACTION_COST_TRACKING_CLAIMED: true
2026-09-22T19:15:24.1926792Z   RUSTUP_TOOLCHAIN: 1.98.0
2026-09-22T19:15:24.1927029Z ##[endgroup]
2026-09-22T19:15:24.1994261Z No official flatc binary for linux/aarch64; building 25.12.19 from source
2026-09-22T19:15:24.2003689Z Cloning into '/tmp/flatbuffers'...
2026-09-22T19:15:24.9447953Z warning: refs/tags/v25.12.19 282dcb1c3266b45600510da4810092f6ec4c85f2 is not a commit!
2026-09-22T19:15:24.9454500Z Note: switching to '7e163021e59cca4f8e1e35a7c828b5c6b7915953'.
2026-09-22T19:15:24.9455073Z 
2026-09-22T19:15:24.9455302Z You are in 'detached HEAD' state. You can look around, make experimental
2026-09-22T19:15:24.9455820Z changes and commit them, and you can discard any commits you make in this
2026-09-22T19:15:24.9456448Z state without impacting any branches by switching back to a branch.
2026-09-22T19:15:24.9456749Z 
2026-09-22T19:15:24.9457140Z If you want to create a new branch to retain commits you create, you may
2026-09-22T19:15:24.9457680Z do so (now or later) by using -c with the switch command. Example:
2026-09-22T19:15:24.9457965Z 
2026-09-22T19:15:24.9458073Z   git switch -c <new-branch-name>
2026-09-22T19:15:24.9458254Z 
2026-09-22T19:15:24.9458355Z Or undo this operation with:
2026-09-22T19:15:24.9458521Z 
2026-09-22T19:15:24.9458602Z   git switch -
2026-09-22T19:15:24.9458726Z 
2026-09-22T19:15:24.9458961Z Turn off this advice by setting config variable advice.detachedHead to false
2026-09-22T19:15:24.9459294Z 
2026-09-22T19:15:25.1007153Z -- Proceeding with version: 25.12.19.0
2026-09-22T19:15:25.4109214Z -- The CXX compiler identification is GNU 13.3.0
2026-09-22T19:15:25.4360500Z -- Detecting CXX compiler ABI info
2026-09-22T19:15:25.5135215Z -- Detecting CXX compiler ABI info - done
2026-09-22T19:15:25.5299712Z -- Check for working CXX compiler: /usr/bin/c++ - skipped
2026-09-22T19:15:25.5309861Z -- Detecting CXX compile features
2026-09-22T19:15:25.5321339Z -- Detecting CXX compile features - done
2026-09-22T19:15:25.5424638Z -- Looking for strtof_l
2026-09-22T19:15:25.6444688Z -- Looking for strtof_l - found
2026-09-22T19:15:25.6446067Z -- Looking for strtoull_l
2026-09-22T19:15:25.7059822Z -- Looking for strtoull_l - found
2026-09-22T19:15:25.7064082Z -- Looking for realpath
2026-09-22T19:15:25.7673693Z -- Looking for realpath - found
2026-09-22T19:15:25.7675223Z -- CMAKE_CXX_FLAGS: 
2026-09-22T19:15:25.7685117Z -- Configuring done (0.7s)
2026-09-22T19:15:25.7767939Z -- Generating done (0.0s)
2026-09-22T19:15:25.7770352Z -- Build files have been written to: /tmp/flatbuffers/build
2026-09-22T19:15:25.7972926Z [  2%] Building CXX object CMakeFiles/flatc.dir/src/file_manager.cpp.o
2026-09-22T19:15:25.7974369Z [  5%] Building CXX object CMakeFiles/flatc.dir/src/file_name_manager.cpp.o
2026-09-22T19:15:25.7976319Z [  7%] Building CXX object CMakeFiles/flatc.dir/src/idl_parser.cpp.o
2026-09-22T19:15:25.7977642Z [ 10%] Building CXX object CMakeFiles/flatc.dir/src/idl_gen_text.cpp.o
2026-09-22T19:15:25.7979645Z [ 13%] Building CXX object CMakeFiles/flatc.dir/src/reflection.cpp.o
2026-09-22T19:15:25.7980707Z [ 15%] Building CXX object CMakeFiles/flatc.dir/src/util.cpp.o
2026-09-22T19:15:25.7982978Z [ 18%] Building CXX object CMakeFiles/flatc.dir/src/idl_gen_binary.cpp.o
2026-09-22T19:15:25.7984338Z [ 21%] Building CXX object CMakeFiles/flatc.dir/src/idl_gen_cpp.cpp.o
2026-09-22T19:15:25.7985812Z [ 23%] Building CXX object CMakeFiles/flatc.dir/src/idl_gen_csharp.cpp.o
2026-09-22T19:15:25.7987512Z [ 26%] Building CXX object CMakeFiles/flatc.dir/src/idl_gen_dart.cpp.o
2026-09-22T19:15:25.7989266Z [ 28%] Building CXX object CMakeFiles/flatc.dir/src/idl_gen_kotlin.cpp.o
2026-09-22T19:15:25.7996667Z [ 31%] Building CXX object CMakeFiles/flatc.dir/src/idl_gen_kotlin_kmp.cpp.o
2026-09-22T19:15:25.8004445Z [ 34%] Building CXX object CMakeFiles/flatc.dir/src/idl_gen_go.cpp.o
2026-09-22T19:15:25.8009088Z [ 36%] Building CXX object CMakeFiles/flatc.dir/src/idl_gen_java.cpp.o
2026-09-22T19:15:25.8010260Z [ 39%] Building CXX object CMakeFiles/flatc.dir/src/idl_gen_ts.cpp.o
2026-09-22T19:15:25.8011871Z [ 42%] Building CXX object CMakeFiles/flatc.dir/src/idl_gen_php.cpp.o
2026-09-22T19:15:25.8015041Z [ 44%] Building CXX object CMakeFiles/flatc.dir/src/idl_gen_python.cpp.o
2026-09-22T19:15:25.8016484Z [ 47%] Building CXX object CMakeFiles/flatc.dir/src/idl_gen_lobster.cpp.o
2026-09-22T19:15:25.8018068Z [ 50%] Building CXX object CMakeFiles/flatc.dir/src/idl_gen_rust.cpp.o
2026-09-22T19:15:25.8019035Z [ 52%] Building CXX object CMakeFiles/flatc.dir/src/idl_gen_fbs.cpp.o
2026-09-22T19:15:25.8022445Z [ 55%] Building CXX object CMakeFiles/flatc.dir/src/idl_gen_grpc.cpp.o
2026-09-22T19:15:25.8023580Z [ 57%] Building CXX object CMakeFiles/flatc.dir/src/idl_gen_json_schema.cpp.o
2026-09-22T19:15:25.8025484Z [ 60%] Building CXX object CMakeFiles/flatc.dir/src/idl_gen_swift.cpp.o
2026-09-22T19:15:25.8031117Z [ 63%] Building CXX object CMakeFiles/flatc.dir/src/flatc.cpp.o
2026-09-22T19:15:25.8039300Z [ 65%] Building CXX object CMakeFiles/flatc.dir/src/flatc_main.cpp.o
2026-09-22T19:15:25.8044565Z [ 68%] Building CXX object CMakeFiles/flatc.dir/include/codegen/python.cc.o
2026-09-22T19:15:25.8046115Z [ 71%] Building CXX object CMakeFiles/flatc.dir/src/binary_annotator.cpp.o
2026-09-22T19:15:25.8048060Z [ 73%] Building CXX object CMakeFiles/flatc.dir/src/annotated_binary_text_gen.cpp.o
2026-09-22T19:15:25.8051169Z [ 76%] Building CXX object CMakeFiles/flatc.dir/src/bfbs_gen_lua.cpp.o
2026-09-22T19:15:25.8052734Z [ 78%] Building CXX object CMakeFiles/flatc.dir/src/bfbs_gen_nim.cpp.o
2026-09-22T19:15:25.8054188Z [ 81%] Building CXX object CMakeFiles/flatc.dir/src/code_generators.cpp.o
2026-09-22T19:15:25.8055547Z [ 84%] Building CXX object CMakeFiles/flatc.dir/grpc/src/compiler/cpp_generator.cc.o
2026-09-22T19:15:25.8058542Z [ 86%] Building CXX object CMakeFiles/flatc.dir/grpc/src/compiler/go_generator.cc.o
2026-09-22T19:15:25.8060336Z [ 89%] Building CXX object CMakeFiles/flatc.dir/grpc/src/compiler/java_generator.cc.o
2026-09-22T19:15:25.8065571Z [ 92%] Building CXX object CMakeFiles/flatc.dir/grpc/src/compiler/python_generator.cc.o
2026-09-22T19:15:25.8067516Z [ 94%] Building CXX object CMakeFiles/flatc.dir/grpc/src/compiler/swift_generator.cc.o
2026-09-22T19:15:25.8077529Z [ 97%] Building CXX object CMakeFiles/flatc.dir/grpc/src/compiler/ts_generator.cc.o
2026-09-22T19:15:27.3699225Z In file included from /usr/include/c++/13/algorithm:60,
2026-09-22T19:15:27.3699772Z                  from /tmp/flatbuffers/include/flatbuffers/flatbuffers.h:20,
2026-09-22T19:15:27.3700302Z                  from /tmp/flatbuffers/include/flatbuffers/reflection_generated.h:7,
2026-09-22T19:15:27.3700845Z                  from /tmp/flatbuffers/include/flatbuffers/reflection.h:25,
2026-09-22T19:15:27.3701277Z                  from /tmp/flatbuffers/src/reflection.cpp:17:
2026-09-22T19:15:27.3706593Z In static member function ‘static _Up* std::__copy_move<_IsMove, true, std::random_access_iterator_tag>::__copy_m(_Tp*, _Tp*, _Up*) [with _Tp = const unsigned char; _Up = unsigned char; bool _IsMove = false]’,
2026-09-22T19:15:27.3708011Z     inlined from ‘_OI std::__copy_move_a2(_II, _II, _OI) [with bool _IsMove = false; _II = const unsigned char*; _OI = unsigned char*]’ at /usr/include/c++/13/bits/stl_algobase.h:506:30,
2026-09-22T19:15:27.3709229Z     inlined from ‘_OI std::__copy_move_a1(_II, _II, _OI) [with bool _IsMove = false; _II = const unsigned char*; _OI = unsigned char*]’ at /usr/include/c++/13/bits/stl_algobase.h:533:42,
2026-09-22T19:15:27.3802012Z     inlined from ‘_OI std::__copy_move_a(_II, _II, _OI) [with bool _IsMove = false; _II = const unsigned char*; _OI = unsigned char*]’ at /usr/include/c++/13/bits/stl_algobase.h:540:31,
2026-09-22T19:15:27.3803510Z     inlined from ‘_OI std::copy(_II, _II, _OI) [with _II = const unsigned char*; _OI = unsigned char*]’ at /usr/include/c++/13/bits/stl_algobase.h:633:7,
2026-09-22T19:15:27.3805052Z     inlined from ‘static _ForwardIterator std::__uninitialized_copy<true>::__uninit_copy(_InputIterator, _InputIterator, _ForwardIterator) [with _InputIterator = const unsigned char*; _ForwardIterator = unsigned char*]’ at /usr/include/c++/13/bits/stl_uninitialized.h:147:27,
2026-09-22T19:15:27.3806991Z     inlined from ‘_ForwardIterator std::uninitialized_copy(_InputIterator, _InputIterator, _ForwardIterator) [with _InputIterator = const unsigned char*; _ForwardIterator = unsigned char*]’ at /usr/include/c++/13/bits/stl_uninitialized.h:185:15,
2026-09-22T19:15:27.3808942Z     inlined from ‘_ForwardIterator std::__uninitialized_copy_a(_InputIterator, _InputIterator, _ForwardIterator, allocator<_Tp>&) [with _InputIterator = const unsigned char*; _ForwardIterator = unsigned char*; _Tp = unsigned char]’ at /usr/include/c++/13/bits/stl_uninitialized.h:373:37,
2026-09-22T19:15:27.3811636Z     inlined from ‘void std::vector<_Tp, _Alloc>::_M_range_insert(iterator, _ForwardIterator, _ForwardIterator, std::forward_iterator_tag) [with _ForwardIterator = const unsigned char*; _Tp = unsigned char; _Alloc = std::allocator<unsigned char>]’ at /usr/include/c++/13/bits/vector.tcc:814:38,
2026-09-22T19:15:27.3813922Z     inlined from ‘std::vector<_Tp, _Alloc>::iterator std::vector<_Tp, _Alloc>::insert(const_iterator, _InputIterator, _InputIterator) [with _InputIterator = const unsigned char*; <template-parameter-2-2> = void; _Tp = unsigned char; _Alloc = std::allocator<unsigned char>]’ at /usr/include/c++/13/bits/stl_vector.h:1486:19,
2026-09-22T19:15:27.3815653Z     inlined from ‘const uint8_t* flatbuffers::AddFlatBuffer(std::vector<unsigned char>&, const uint8_t*, size_t)’ at /tmp/flatbuffers/src/reflection.cpp:650:17:
2026-09-22T19:15:27.3817109Z /usr/include/c++/13/bits/stl_algobase.h:437:30: warning: ‘void* __builtin_memcpy(void*, const void*, long unsigned int)’ writing between 2 and 9223372036854775803 bytes into a region of size 0 overflows the destination [-Wstringop-overflow=]
2026-09-22T19:15:27.3818204Z   437 |             __builtin_memmove(__result, __first, sizeof(_Tp) * _Num);
2026-09-22T19:15:27.3818641Z       |             ~~~~~~~~~~~~~~~~~^~~~~~~~~~~~~~~~~~~~~~~~~~~~~~~~~~~~~~~
2026-09-22T19:15:27.3819130Z In file included from /usr/include/aarch64-linux-gnu/c++/13/bits/c++allocator.h:33,
2026-09-22T19:15:27.3819691Z                  from /usr/include/c++/13/bits/allocator.h:46,
2026-09-22T19:15:27.3820046Z                  from /usr/include/c++/13/memory:65,
2026-09-22T19:15:27.3820426Z                  from /tmp/flatbuffers/include/flatbuffers/array.h:21,
2026-09-22T19:15:27.3820884Z                  from /tmp/flatbuffers/include/flatbuffers/flatbuffers.h:24:
2026-09-22T19:15:27.3821534Z In member function ‘_Tp* std::__new_allocator<_Tp>::allocate(size_type, const void*) [with _Tp = unsigned char]’,
2026-09-22T19:15:27.3822603Z     inlined from ‘static _Tp* std::allocator_traits<std::allocator<_Tp1> >::allocate(allocator_type&, size_type) [with _Tp = unsigned char]’ at /usr/include/c++/13/bits/alloc_traits.h:482:28,
2026-09-22T19:15:27.3824067Z     inlined from ‘std::_Vector_base<_Tp, _Alloc>::pointer std::_Vector_base<_Tp, _Alloc>::_M_allocate(std::size_t) [with _Tp = unsigned char; _Alloc = std::allocator<unsigned char>]’ at /usr/include/c++/13/bits/stl_vector.h:381:33,
2026-09-22T19:15:27.3825896Z     inlined from ‘void std::vector<_Tp, _Alloc>::_M_range_insert(iterator, _ForwardIterator, _ForwardIterator, std::forward_iterator_tag) [with _ForwardIterator = const unsigned char*; _Tp = unsigned char; _Alloc = std::allocator<unsigned char>]’ at /usr/include/c++/13/bits/vector.tcc:805:40,
2026-09-22T19:15:27.3828095Z     inlined from ‘std::vector<_Tp, _Alloc>::iterator std::vector<_Tp, _Alloc>::insert(const_iterator, _InputIterator, _InputIterator) [with _InputIterator = const unsigned char*; <template-parameter-2-2> = void; _Tp = unsigned char; _Alloc = std::allocator<unsigned char>]’ at /usr/include/c++/13/bits/stl_vector.h:1486:19,
2026-09-22T19:15:27.3829880Z     inlined from ‘const uint8_t* flatbuffers::AddFlatBuffer(std::vector<unsigned char>&, const uint8_t*, size_t)’ at /tmp/flatbuffers/src/reflection.cpp:650:17:
2026-09-22T19:15:27.3831079Z /usr/include/c++/13/bits/new_allocator.h:151:55: note: at offset [-9223372036854775808, -4] into destination object of size [4, 9223372036854775807] allocated by ‘operator new’
2026-09-22T19:15:27.3831950Z   151 |         return static_cast<_Tp*>(_GLIBCXX_OPERATOR_NEW(__n * sizeof(_Tp)));
2026-09-22T19:15:27.3832386Z       |                                                       ^
2026-09-22T19:15:39.0312715Z [100%] Linking CXX executable flatc
2026-09-22T19:15:39.1538342Z [100%] Built target flatc
2026-09-22T19:15:39.2106371Z flatc version 25.12.19
2026-09-22T19:15:39.2115889Z ##[end-action id=__self.__self_4.__run;outcome=success;conclusion=success;duration_ms=15028]
2026-09-22T19:15:39.2129731Z ##[end-action id=__self.__self_4;outcome=success;conclusion=success;duration_ms=15045]
2026-09-22T19:15:39.2159969Z Prepare all required actions
2026-09-22T19:15:39.2189980Z ##[group]Run ./.github/actions/system-info
2026-09-22T19:15:39.2190267Z env:
2026-09-22T19:15:39.2190457Z   CARGO_TERM_COLOR: always
2026-09-22T19:15:39.2190688Z   RUST_BACKTRACE: 1
2026-09-22T19:15:39.2190918Z   NIGHTLY_TOOLCHAIN: nightly-2026-09-10
2026-09-22T19:15:39.2191224Z   RUNNER_TOOL_CACHE: /opt/hostedtoolcache
2026-09-22T19:15:39.2191509Z   RUNS_ON_HOME: /runs-on
2026-09-22T19:15:39.2191741Z   RUNS_ON_VERSION: v3.3.0
2026-09-22T19:15:39.2191992Z   RUNS_ON_AGENT_BINARY: /runs-on/agent
2026-09-22T19:15:39.2192271Z   RUNS_ON_AGENT_ARCH: arm64
2026-09-22T19:15:39.2192514Z   RUNS_ON_AGENT_USER: runner
2026-09-22T19:15:39.2192769Z   RUNS_ON_AMI_ID: ami-098c62767651982c5
2026-09-22T19:15:39.2193067Z   RUNS_ON_AWS_REGION: us-east-1
2026-09-22T19:15:39.2193319Z   RUNS_ON_AWS_AZ: us-east-1b
2026-09-22T19:15:39.2193598Z   RUNS_ON_ENV_CUSTOM_FILE: /runs-on/env.custom
2026-09-22T19:15:39.2193955Z   RUNS_ON_INSTANCE_ID: i-0bd6f4346462a8591
2026-09-22T19:15:39.2194254Z   RUNS_ON_INSTANCE_LIFECYCLE: spot
2026-09-22T19:15:39.2194529Z   RUNS_ON_INSTANCE_TYPE: c7g.metal
2026-09-22T19:15:39.2194800Z   RUNS_ON_STACK_NAME: runs-on-v3
2026-09-22T19:15:39.2195147Z   RUNS_ON_S3_BUCKET_CACHE: runs-on-v3-s3bucketcache-dbnub4tpjhpv
2026-09-22T19:15:39.2195559Z   ACTIONS_RUNNER_HOOK_JOB_STARTED: /runs-on/pre.sh
2026-09-22T19:15:39.2195935Z   ACTIONS_RUNNER_HOOK_JOB_COMPLETED: /runs-on/post.sh
2026-09-22T19:15:39.2196306Z   GITHUB_SERVER_URL: https://github.com/
2026-09-22T19:15:39.2196624Z   GITHUB_API_URL: https://api.github.com/
2026-09-22T19:15:39.2196916Z   GITHUB_HOST: github.com
2026-09-22T19:15:39.2197230Z   RUNS_ON_RUNNER_NAME: runs-on--i-0bd6f4346462a8591--cdd1183a-6
2026-09-22T19:15:39.2197638Z   RUNS_ON_INSTANCE_LAUNCHED_AT: 2026-09-22T19:14:21Z
2026-09-22T19:15:39.2197986Z   ACTIONS_CACHE_URL: http://10.1.17.104:6871/
2026-09-22T19:15:39.2198313Z   ACTIONS_CACHE_SERVICE_V2: true
2026-09-22T19:15:39.2198609Z   ACTIONS_RESULTS_URL: http://10.1.17.104:6871/
2026-09-22T19:15:39.2198990Z   RUNS_ON_S3_CACHE_REPO_PREFIX: cache/repo/vortex-data/vortex
2026-09-22T19:15:39.2199365Z   RUNS_ON_ACTION_COST_TRACKING_CLAIMED: true
2026-09-22T19:15:39.2199761Z   RUSTUP_TOOLCHAIN: 1.98.0
2026-09-22T19:15:39.2199994Z ##[endgroup]
2026-09-22T19:15:39.2203199Z ##[start-action display=CPU, Memory & Disk Info;id=__self_2.__run]
2026-09-22T19:15:39.2218458Z ##[group]Run echo "=== CPU Model ==="
2026-09-22T19:15:39.2218813Z [36;1mecho "=== CPU Model ==="[0m
2026-09-22T19:15:39.2219065Z [36;1mlscpu[0m
2026-09-22T19:15:39.2219300Z [36;1mecho "=== /proc/cpuinfo summary ==="[0m
2026-09-22T19:15:39.2219857Z [36;1m# x86 exposes "model name"; aarch64 has no such line (lscpu above covers it), and[0m
2026-09-22T19:15:39.2220465Z [36;1m# `shell: bash` runs with `set -e`, so a missing match must not fail the step.[0m
2026-09-22T19:15:39.2220946Z [36;1mgrep -m1 "model name" /proc/cpuinfo || true[0m
2026-09-22T19:15:39.2221257Z [36;1mnproc[0m
2026-09-22T19:15:39.2221475Z [36;1mecho "=== CPU Flags ==="[0m
2026-09-22T19:15:39.2221802Z [36;1m# x86 exposes "flags"; aarch64 exposes "Features".[0m
2026-09-22T19:15:39.2222218Z [36;1mgrep -m1 -E "^(flags|Features)" /proc/cpuinfo || true[0m
2026-09-22T19:15:39.2222561Z [36;1m[0m
2026-09-22T19:15:39.2222754Z [36;1mecho "=== Memory ==="[0m
2026-09-22T19:15:39.2223001Z [36;1mfree -h[0m
2026-09-22T19:15:39.2223224Z [36;1mecho "=== /proc/meminfo ==="[0m
2026-09-22T19:15:39.2223503Z [36;1mcat /proc/meminfo[0m
2026-09-22T19:15:39.2223732Z [36;1m[0m
2026-09-22T19:15:39.2223929Z [36;1mecho "=== Block Devices ==="[0m
2026-09-22T19:15:39.2224197Z [36;1mlsblk[0m
2026-09-22T19:15:39.2224407Z [36;1mecho "=== Disk Usage ==="[0m
2026-09-22T19:15:39.2224665Z [36;1mdf -hT[0m
2026-09-22T19:15:39.2225156Z [36;1mecho "=== Mounts ==="[0m
2026-09-22T19:15:39.2225420Z [36;1mmount | grep -E "^/dev"[0m
2026-09-22T19:15:39.2225688Z [36;1mecho "=== NVMe Devices ==="[0m
2026-09-22T19:15:39.2226187Z [36;1mls -la /dev/nvme* 2>/dev/null || echo "No NVMe"[0m
2026-09-22T19:15:39.2226564Z [36;1msudo nvme list 2>/dev/null || true[0m
2026-09-22T19:15:39.2248893Z shell: /usr/bin/bash --noprofile --norc -e -o pipefail {0}
2026-09-22T19:15:39.2249242Z env:
2026-09-22T19:15:39.2249437Z   CARGO_TERM_COLOR: always
2026-09-22T19:15:39.2249739Z   RUST_BACKTRACE: 1
2026-09-22T19:15:39.2249976Z   NIGHTLY_TOOLCHAIN: nightly-2026-09-10
2026-09-22T19:15:39.2250284Z   RUNNER_TOOL_CACHE: /opt/hostedtoolcache
2026-09-22T19:15:39.2250567Z   RUNS_ON_HOME: /runs-on
2026-09-22T19:15:39.2250801Z   RUNS_ON_VERSION: v3.3.0
2026-09-22T19:15:39.2251055Z   RUNS_ON_AGENT_BINARY: /runs-on/agent
2026-09-22T19:15:39.2251331Z   RUNS_ON_AGENT_ARCH: arm64
2026-09-22T19:15:39.2251579Z   RUNS_ON_AGENT_USER: runner
2026-09-22T19:15:39.2251844Z   RUNS_ON_AMI_ID: ami-098c62767651982c5
2026-09-22T19:15:39.2252130Z   RUNS_ON_AWS_REGION: us-east-1
2026-09-22T19:15:39.2252382Z   RUNS_ON_AWS_AZ: us-east-1b
2026-09-22T19:15:39.2252660Z   RUNS_ON_ENV_CUSTOM_FILE: /runs-on/env.custom
2026-09-22T19:15:39.2252984Z   RUNS_ON_INSTANCE_ID: i-0bd6f4346462a8591
2026-09-22T19:15:39.2253279Z   RUNS_ON_INSTANCE_LIFECYCLE: spot
2026-09-22T19:15:39.2253559Z   RUNS_ON_INSTANCE_TYPE: c7g.metal
2026-09-22T19:15:39.2253831Z   RUNS_ON_STACK_NAME: runs-on-v3
2026-09-22T19:15:39.2254177Z   RUNS_ON_S3_BUCKET_CACHE: runs-on-v3-s3bucketcache-dbnub4tpjhpv
2026-09-22T19:15:39.2254592Z   ACTIONS_RUNNER_HOOK_JOB_STARTED: /runs-on/pre.sh
2026-09-22T19:15:39.2254966Z   ACTIONS_RUNNER_HOOK_JOB_COMPLETED: /runs-on/post.sh
2026-09-22T19:15:39.2255325Z   GITHUB_SERVER_URL: https://github.com/
2026-09-22T19:15:39.2255649Z   GITHUB_API_URL: https://api.github.com/
2026-09-22T19:15:39.2255943Z   GITHUB_HOST: github.com
2026-09-22T19:15:39.2256261Z   RUNS_ON_RUNNER_NAME: runs-on--i-0bd6f4346462a8591--cdd1183a-6
2026-09-22T19:15:39.2256674Z   RUNS_ON_INSTANCE_LAUNCHED_AT: 2026-09-22T19:14:21Z
2026-09-22T19:15:39.2257021Z   ACTIONS_CACHE_URL: http://10.1.17.104:6871/
2026-09-22T19:15:39.2257336Z   ACTIONS_CACHE_SERVICE_V2: true
2026-09-22T19:15:39.2257636Z   ACTIONS_RESULTS_URL: http://10.1.17.104:6871/
2026-09-22T19:15:39.2258023Z   RUNS_ON_S3_CACHE_REPO_PREFIX: cache/repo/vortex-data/vortex
2026-09-22T19:15:39.2258406Z   RUNS_ON_ACTION_COST_TRACKING_CLAIMED: true
2026-09-22T19:15:39.2258709Z   RUSTUP_TOOLCHAIN: 1.98.0
2026-09-22T19:15:39.2258941Z ##[endgroup]
2026-09-22T19:15:39.2296097Z === CPU Model ===
2026-09-22T19:15:39.2479377Z Architecture:                            aarch64
2026-09-22T19:15:39.2479781Z CPU op-mode(s):                          32-bit, 64-bit
2026-09-22T19:15:39.2480143Z Byte Order:                              Little Endian
2026-09-22T19:15:39.2480467Z CPU(s):                                  64
2026-09-22T19:15:39.2480770Z On-line CPU(s) list:                     0-63
2026-09-22T19:15:39.2481094Z Vendor ID:                               ARM
2026-09-22T19:15:39.2481418Z Model name:                              Neoverse-V1
2026-09-22T19:15:39.2481738Z Model:                                   1
2026-09-22T19:15:39.2482040Z Thread(s) per core:                      1
2026-09-22T19:15:39.2482338Z Core(s) per socket:                      64
2026-09-22T19:15:39.2482631Z Socket(s):                               1
2026-09-22T19:15:39.2482923Z Stepping:                                r1p1
2026-09-22T19:15:39.2483238Z BogoMIPS:                                2100.00
2026-09-22T19:15:39.2484325Z Flags:                                   fp asimd evtstrm aes pmull sha1 sha2 crc32 atomics fphp asimdhp cpuid asimdrdm jscvt fcma lrcpc dcpop sha3 sm3 sm4 asimddp sha512 sve asimdfhm dit uscat ilrcpc flagm paca pacg dcpodp svei8mm svebf16 i8mm bf16 dgh rng
2026-09-22T19:15:39.2485386Z L1d cache:                               4 MiB (64 instances)
2026-09-22T19:15:39.2485994Z L1i cache:                               4 MiB (64 instances)
2026-09-22T19:15:39.2486372Z L2 cache:                                64 MiB (64 instances)
2026-09-22T19:15:39.2486740Z L3 cache:                                32 MiB (1 instance)
2026-09-22T19:15:39.2487200Z NUMA node(s):                            1
2026-09-22T19:15:39.2487511Z NUMA node0 CPU(s):                       0-63
2026-09-22T19:15:39.2487863Z Vulnerability Gather data sampling:      Not affected
2026-09-22T19:15:39.2488242Z Vulnerability Ghostwrite:                Not affected
2026-09-22T19:15:39.2488623Z Vulnerability Indirect target selection: Not affected
2026-09-22T19:15:39.2489008Z Vulnerability Itlb multihit:             Not affected
2026-09-22T19:15:39.2489377Z Vulnerability L1tf:                      Not affected
2026-09-22T19:15:39.2489808Z Vulnerability Mds:                       Not affected
2026-09-22T19:15:39.2490173Z Vulnerability Meltdown:                  Not affected
2026-09-22T19:15:39.2490612Z Vulnerability Mmio stale data:           Not affected
2026-09-22T19:15:39.2491017Z Vulnerability Old microcode:             Not affected
2026-09-22T19:15:39.2491395Z Vulnerability Reg file data sampling:    Not affected
2026-09-22T19:15:39.2491776Z Vulnerability Retbleed:                  Not affected
2026-09-22T19:15:39.2492153Z Vulnerability Spec rstack overflow:      Not affected
2026-09-22T19:15:39.2492679Z Vulnerability Spec store bypass:         Mitigation; Speculative Store Bypass disabled via prctl
2026-09-22T19:15:39.2493294Z Vulnerability Spectre v1:                Mitigation; __user pointer sanitization
2026-09-22T19:15:39.2493799Z Vulnerability Spectre v2:                Mitigation; CSV2, BHB
2026-09-22T19:15:39.2494206Z Vulnerability Srbds:                     Not affected
2026-09-22T19:15:39.2494570Z Vulnerability Tsa:                       Not affected
2026-09-22T19:15:39.2494937Z Vulnerability Tsx async abort:           Not affected
2026-09-22T19:15:39.2495308Z Vulnerability Vmscape:                   Not affected
2026-09-22T19:15:39.2495646Z === /proc/cpuinfo summary ===
2026-09-22T19:15:39.2499253Z 64
2026-09-22T19:15:39.2500141Z === CPU Flags ===
2026-09-22T19:15:39.2509714Z Features	: fp asimd evtstrm aes pmull sha1 sha2 crc32 atomics fphp asimdhp cpuid asimdrdm jscvt fcma lrcpc dcpop sha3 sm3 sm4 asimddp sha512 sve asimdfhm dit uscat ilrcpc flagm paca pacg dcpodp svei8mm svebf16 i8mm bf16 dgh rng
2026-09-22T19:15:39.2510711Z === Memory ===
2026-09-22T19:15:39.2540404Z                total        used        free      shared  buff/cache   available
2026-09-22T19:15:39.2540865Z Mem:           125Gi       7.0Gi       118Gi        47Mi       1.1Gi       118Gi
2026-09-22T19:15:39.2541243Z Swap:             0B          0B          0B
2026-09-22T19:15:39.2541855Z === /proc/meminfo ===
2026-09-22T19:15:39.2548821Z MemTotal:       131612296 kB
2026-09-22T19:15:39.2549095Z MemFree:        124236776 kB
2026-09-22T19:15:39.2549343Z MemAvailable:   124299188 kB
2026-09-22T19:15:39.2549633Z Buffers:           39052 kB
2026-09-22T19:15:39.2549880Z Cached:          1026404 kB
2026-09-22T19:15:39.2550115Z SwapCached:            0 kB
2026-09-22T19:15:39.2550351Z Active:           624140 kB
2026-09-22T19:15:39.2550587Z Inactive:         715124 kB
2026-09-22T19:15:39.2550829Z Active(anon):     322908 kB
2026-09-22T19:15:39.2551069Z Inactive(anon):        0 kB
2026-09-22T19:15:39.2551339Z Active(file):     301232 kB
2026-09-22T19:15:39.2551575Z Inactive(file):   715124 kB
2026-09-22T19:15:39.2551817Z Unevictable:           0 kB
2026-09-22T19:15:39.2552054Z Mlocked:               0 kB
2026-09-22T19:15:39.2552289Z SwapTotal:             0 kB
2026-09-22T19:15:39.2552524Z SwapFree:              0 kB
2026-09-22T19:15:39.2552755Z Zswap:                 0 kB
2026-09-22T19:15:39.2552986Z Zswapped:              0 kB
2026-09-22T19:15:39.2553217Z Dirty:            588152 kB
2026-09-22T19:15:39.2553455Z Writeback:             0 kB
2026-09-22T19:15:39.2553690Z AnonPages:        274172 kB
2026-09-22T19:15:39.2553925Z Mapped:           176948 kB
2026-09-22T19:15:39.2554415Z Shmem:             49004 kB
2026-09-22T19:15:39.2554651Z KReclaimable:      77704 kB
2026-09-22T19:15:39.2554886Z Slab:             318012 kB
2026-09-22T19:15:39.2555123Z SReclaimable:      77704 kB
2026-09-22T19:15:39.2555474Z SUnreclaim:       240308 kB
2026-09-22T19:15:39.2555714Z KernelStack:       14400 kB
2026-09-22T19:15:39.2555957Z ShadowCallStack:    4400 kB
2026-09-22T19:15:39.2556200Z PageTables:         5800 kB
2026-09-22T19:15:39.2556441Z SecPageTables:      2780 kB
2026-09-22T19:15:39.2556677Z NFS_Unstable:          0 kB
2026-09-22T19:15:39.2556912Z Bounce:                0 kB
2026-09-22T19:15:39.2557147Z WritebackTmp:          0 kB
2026-09-22T19:15:39.2557385Z CommitLimit:    65806148 kB
2026-09-22T19:15:39.2557625Z Committed_AS:    2303796 kB
2026-09-22T19:15:39.2557865Z VmallocTotal:   135288315904 kB
2026-09-22T19:15:39.2558114Z VmallocUsed:       40884 kB
2026-09-22T19:15:39.2558353Z VmallocChunk:          0 kB
2026-09-22T19:15:39.2558595Z Percpu:            57856 kB
2026-09-22T19:15:39.2558848Z HardwareCorrupted:     0 kB
2026-09-22T19:15:39.2559096Z AnonHugePages:         0 kB
2026-09-22T19:15:39.2559337Z ShmemHugePages:        0 kB
2026-09-22T19:15:39.2559671Z ShmemPmdMapped:        0 kB
2026-09-22T19:15:39.2559927Z FileHugePages:    475136 kB
2026-09-22T19:15:39.2560177Z FilePmdMapped:         0 kB
2026-09-22T19:15:39.2560419Z CmaTotal:              0 kB
2026-09-22T19:15:39.2560654Z CmaFree:               0 kB
2026-09-22T19:15:39.2560885Z Balloon:               0 kB
2026-09-22T19:15:39.2561121Z HugePages_Total:       0
2026-09-22T19:15:39.2561358Z HugePages_Free:        0
2026-09-22T19:15:39.2561589Z HugePages_Rsvd:        0
2026-09-22T19:15:39.2561826Z HugePages_Surp:        0
2026-09-22T19:15:39.2562061Z Hugepagesize:       2048 kB
2026-09-22T19:15:39.2562300Z Hugetlb:               0 kB
2026-09-22T19:15:39.2562531Z === Block Devices ===
2026-09-22T19:15:39.2569093Z NAME         MAJ:MIN RM  SIZE RO TYPE MOUNTPOINTS
2026-09-22T19:15:39.2569418Z nvme0n1      259:0    0  100G  0 disk 
2026-09-22T19:15:39.2569847Z ├─nvme0n1p1  259:1    0   99G  0 part /
2026-09-22T19:15:39.2570166Z ├─nvme0n1p15 259:2    0   99M  0 part /boot/efi
2026-09-22T19:15:39.2570490Z └─nvme0n1p16 259:3    0  923M  0 part /boot
2026-09-22T19:15:39.2570785Z === Disk Usage ===
2026-09-22T19:15:39.2634026Z Filesystem      Type      Size  Used Avail Use% Mounted on
2026-09-22T19:15:39.2634413Z tmpfs           tmpfs      13G  1.4M   13G   1% /run
2026-09-22T19:15:39.2634828Z efivarfs        efivarfs  512K  4.1K  508K   1% /sys/firmware/efi/efivars
2026-09-22T19:15:39.2635243Z /dev/nvme0n1p1  ext4       96G   16G   81G  16% /
2026-09-22T19:15:39.2635590Z tmpfs           tmpfs      63G     0   63G   0% /dev/shm
2026-09-22T19:15:39.2635946Z tmpfs           tmpfs     5.0M     0  5.0M   0% /run/lock
2026-09-22T19:15:39.2636311Z tmpfs           tmpfs      63G     0   63G   0% /run/qemu
2026-09-22T19:15:39.2636674Z /dev/nvme0n1p16 ext4      891M   62M  767M   8% /boot
2026-09-22T19:15:39.2637044Z /dev/nvme0n1p15 vfat       98M  6.4M   92M   7% /boot/efi
2026-09-22T19:15:39.2637376Z === Mounts ===
2026-09-22T19:15:39.2648851Z /dev/nvme0n1p1 on / type ext4 (rw,relatime,discard,errors=remount-ro,commit=30)
2026-09-22T19:15:39.2649342Z /dev/nvme0n1p16 on /boot type ext4 (rw,relatime)
2026-09-22T19:15:39.2650072Z /dev/nvme0n1p15 on /boot/efi type vfat (rw,relatime,fmask=0077,dmask=0077,codepage=437,iocharset=iso8859-1,shortname=mixed,errors=remount-ro)
2026-09-22T19:15:39.2650721Z === NVMe Devices ===
2026-09-22T19:15:39.2660826Z crw------- 1 root root 236, 0 Sep 22 19:14 /dev/nvme0
2026-09-22T19:15:39.2661199Z brw-rw---- 1 root disk 259, 0 Sep 22 19:14 /dev/nvme0n1
2026-09-22T19:15:39.2661575Z brw-rw---- 1 root disk 259, 1 Sep 22 19:14 /dev/nvme0n1p1
2026-09-22T19:15:39.2661956Z brw-rw---- 1 root disk 259, 2 Sep 22 19:14 /dev/nvme0n1p15
2026-09-22T19:15:39.2662347Z brw-rw---- 1 root disk 259, 3 Sep 22 19:14 /dev/nvme0n1p16
2026-09-22T19:15:39.2708838Z ##[end-action id=__self_2.__run;outcome=success;conclusion=success;duration_ms=50]
2026-09-22T19:15:39.2870003Z ##[group]Run taiki-e/cache-cargo-install-action@66c9585ef5ca780ee69399975a5e911f47905995
2026-09-22T19:15:39.2870717Z with:
2026-09-22T19:15:39.2870984Z   tool: cargo-codspeed
2026-09-22T19:15:39.2871307Z   locked: true
2026-09-22T19:15:39.2871591Z   no-default-features: false
2026-09-22T19:15:39.2871893Z   all-features: false
2026-09-22T19:15:39.2872248Z env:
2026-09-22T19:15:39.2872488Z   CARGO_TERM_COLOR: always
2026-09-22T19:15:39.2872811Z   RUST_BACKTRACE: 1
2026-09-22T19:15:39.2873153Z   NIGHTLY_TOOLCHAIN: nightly-2026-09-10
2026-09-22T19:15:39.2873536Z   RUNNER_TOOL_CACHE: /opt/hostedtoolcache
2026-09-22T19:15:39.2873919Z   RUNS_ON_HOME: /runs-on
2026-09-22T19:15:39.2874224Z   RUNS_ON_VERSION: v3.3.0
2026-09-22T19:15:39.2874556Z   RUNS_ON_AGENT_BINARY: /runs-on/agent
2026-09-22T19:15:39.2874899Z   RUNS_ON_AGENT_ARCH: arm64
2026-09-22T19:15:39.2875230Z   RUNS_ON_AGENT_USER: runner
2026-09-22T19:15:39.2875586Z   RUNS_ON_AMI_ID: ami-098c62767651982c5
2026-09-22T19:15:39.2876000Z   RUNS_ON_AWS_REGION: us-east-1
2026-09-22T19:15:39.2876371Z   RUNS_ON_AWS_AZ: us-east-1b
2026-09-22T19:15:39.2876757Z   RUNS_ON_ENV_CUSTOM_FILE: /runs-on/env.custom
2026-09-22T19:15:39.2877171Z   RUNS_ON_INSTANCE_ID: i-0bd6f4346462a8591
2026-09-22T19:15:39.2877566Z   RUNS_ON_INSTANCE_LIFECYCLE: spot
2026-09-22T19:15:39.2877902Z   RUNS_ON_INSTANCE_TYPE: c7g.metal
2026-09-22T19:15:39.2878277Z   RUNS_ON_STACK_NAME: runs-on-v3
2026-09-22T19:15:39.2878677Z   RUNS_ON_S3_BUCKET_CACHE: runs-on-v3-s3bucketcache-dbnub4tpjhpv
2026-09-22T19:15:39.2879231Z   ACTIONS_RUNNER_HOOK_JOB_STARTED: /runs-on/pre.sh
2026-09-22T19:15:39.2879768Z   ACTIONS_RUNNER_HOOK_JOB_COMPLETED: /runs-on/post.sh
2026-09-22T19:15:39.2880193Z   GITHUB_SERVER_URL: https://github.com/
2026-09-22T19:15:39.2880621Z   GITHUB_API_URL: https://api.github.com/
2026-09-22T19:15:39.2881001Z   GITHUB_HOST: github.com
2026-09-22T19:15:39.2881426Z   RUNS_ON_RUNNER_NAME: runs-on--i-0bd6f4346462a8591--cdd1183a-6
2026-09-22T19:15:39.2881902Z   RUNS_ON_INSTANCE_LAUNCHED_AT: 2026-09-22T19:14:21Z
2026-09-22T19:15:39.2882311Z   ACTIONS_CACHE_URL: http://10.1.17.104:6871/
2026-09-22T19:15:39.2882721Z   ACTIONS_CACHE_SERVICE_V2: true
2026-09-22T19:15:39.2883096Z   ACTIONS_RESULTS_URL: http://10.1.17.104:6871/
2026-09-22T19:15:39.2883646Z   RUNS_ON_S3_CACHE_REPO_PREFIX: cache/repo/vortex-data/vortex
2026-09-22T19:15:39.2884100Z   RUNS_ON_ACTION_COST_TRACKING_CLAIMED: true
2026-09-22T19:15:39.2884448Z   RUSTUP_TOOLCHAIN: 1.98.0
2026-09-22T19:15:39.2884785Z ##[endgroup]
2026-09-22T19:15:39.2895548Z ##[start-action display=Prepare (non-Windows);id=__taiki-e_cache-cargo-install-action.pre-unix]
2026-09-22T19:15:39.2917113Z ##[group]Run set -eu
2026-09-22T19:15:39.2917477Z [36;1mset -eu[0m
2026-09-22T19:15:39.2917814Z [36;1mif ! command -v bash >/dev/null; then[0m
2026-09-22T19:15:39.2918290Z [36;1m  if grep -Eq '^ID=alpine' /etc/os-release; then[0m
2026-09-22T19:15:39.2918888Z [36;1m    printf '::group::Install packages required for cache-cargo-install-action (bash)\n'[0m
2026-09-22T19:15:39.2919619Z [36;1m    # NB: sync with apk_install in pre.sh[0m
2026-09-22T19:15:39.2920041Z [36;1m    if command -v sudo >/dev/null; then[0m
2026-09-22T19:15:39.2920461Z [36;1m      sudo apk --no-cache add bash[0m
2026-09-22T19:15:39.2920890Z [36;1m    elif command -v doas >/dev/null; then[0m
2026-09-22T19:15:39.2921273Z [36;1m      doas apk --no-cache add bash[0m
2026-09-22T19:15:39.2921655Z [36;1m    else[0m
2026-09-22T19:15:39.2921950Z [36;1m      apk --no-cache add bash[0m
2026-09-22T19:15:39.2922321Z [36;1m    fi[0m
2026-09-22T19:15:39.2939142Z [36;1m    printf '::endgroup::\n'[0m
2026-09-22T19:15:39.2939436Z [36;1m  else[0m
2026-09-22T19:15:39.2939845Z [36;1m    printf '::error::cache-cargo-install-action requires bash\n'[0m
2026-09-22T19:15:39.2940250Z [36;1m    exit 1[0m
2026-09-22T19:15:39.2940458Z [36;1m  fi[0m
2026-09-22T19:15:39.2940648Z [36;1mfi[0m
2026-09-22T19:15:39.2940941Z [36;1mbash --noprofile --norc "${GITHUB_ACTION_PATH:?}/pre.sh"[0m
2026-09-22T19:15:39.2960164Z shell: /usr/bin/sh -e {0}
2026-09-22T19:15:39.2960443Z env:
2026-09-22T19:15:39.2960632Z   CARGO_TERM_COLOR: always
2026-09-22T19:15:39.2960870Z   RUST_BACKTRACE: 1
2026-09-22T19:15:39.2961102Z   NIGHTLY_TOOLCHAIN: nightly-2026-09-10
2026-09-22T19:15:39.2961405Z   RUNNER_TOOL_CACHE: /opt/hostedtoolcache
2026-09-22T19:15:39.2961689Z   RUNS_ON_HOME: /runs-on
2026-09-22T19:15:39.2961920Z   RUNS_ON_VERSION: v3.3.0
2026-09-22T19:15:39.2962170Z   RUNS_ON_AGENT_BINARY: /runs-on/agent
2026-09-22T19:15:39.2962450Z   RUNS_ON_AGENT_ARCH: arm64
2026-09-22T19:15:39.2962693Z   RUNS_ON_AGENT_USER: runner
2026-09-22T19:15:39.2962945Z   RUNS_ON_AMI_ID: ami-098c62767651982c5
2026-09-22T19:15:39.2963224Z   RUNS_ON_AWS_REGION: us-east-1
2026-09-22T19:15:39.2963477Z   RUNS_ON_AWS_AZ: us-east-1b
2026-09-22T19:15:39.2963750Z   RUNS_ON_ENV_CUSTOM_FILE: /runs-on/env.custom
2026-09-22T19:15:39.2964073Z   RUNS_ON_INSTANCE_ID: i-0bd6f4346462a8591
2026-09-22T19:15:39.2964373Z   RUNS_ON_INSTANCE_LIFECYCLE: spot
2026-09-22T19:15:39.2964656Z   RUNS_ON_INSTANCE_TYPE: c7g.metal
2026-09-22T19:15:39.2964922Z   RUNS_ON_STACK_NAME: runs-on-v3
2026-09-22T19:15:39.2965268Z   RUNS_ON_S3_BUCKET_CACHE: runs-on-v3-s3bucketcache-dbnub4tpjhpv
2026-09-22T19:15:39.2965686Z   ACTIONS_RUNNER_HOOK_JOB_STARTED: /runs-on/pre.sh
2026-09-22T19:15:39.2966058Z   ACTIONS_RUNNER_HOOK_JOB_COMPLETED: /runs-on/post.sh
2026-09-22T19:15:39.2966413Z   GITHUB_SERVER_URL: https://github.com/
2026-09-22T19:15:39.2966727Z   GITHUB_API_URL: https://api.github.com/
2026-09-22T19:15:39.2967019Z   GITHUB_HOST: github.com
2026-09-22T19:15:39.2967338Z   RUNS_ON_RUNNER_NAME: runs-on--i-0bd6f4346462a8591--cdd1183a-6
2026-09-22T19:15:39.2967740Z   RUNS_ON_INSTANCE_LAUNCHED_AT: 2026-09-22T19:14:21Z
2026-09-22T19:15:39.2968085Z   ACTIONS_CACHE_URL: http://10.1.17.104:6871/
2026-09-22T19:15:39.2968394Z   ACTIONS_CACHE_SERVICE_V2: true
2026-09-22T19:15:39.2968684Z   ACTIONS_RESULTS_URL: http://10.1.17.104:6871/
2026-09-22T19:15:39.2969071Z   RUNS_ON_S3_CACHE_REPO_PREFIX: cache/repo/vortex-data/vortex
2026-09-22T19:15:39.2969523Z   RUNS_ON_ACTION_COST_TRACKING_CLAIMED: true
2026-09-22T19:15:39.2969837Z   RUSTUP_TOOLCHAIN: 1.98.0
2026-09-22T19:15:39.2970089Z   INPUT_TOOL: cargo-codspeed
2026-09-22T19:15:39.2970330Z   INPUT_LOCKED: true
2026-09-22T19:15:39.2970539Z   INPUT_GIT: 
2026-09-22T19:15:39.2970726Z   INPUT_TAG: 
2026-09-22T19:15:39.2970913Z   INPUT_REV: 
2026-09-22T19:15:39.2971104Z   INPUT_FEATURES: 
2026-09-22T19:15:39.2971329Z   INPUT_NO_DEFAULT_FEATURES: false
2026-09-22T19:15:39.2971597Z   INPUT_ALL_FEATURES: false
2026-09-22T19:15:39.2972060Z   ACTION_USER_AGENT: taiki-e/cache-cargo-install-action (66c9585ef5ca780ee69399975a5e911f47905995)
2026-09-22T19:15:39.2972552Z ##[endgroup]
2026-09-22T19:15:39.3836736Z ##[end-action id=__taiki-e_cache-cargo-install-action.pre-unix;outcome=success;conclusion=success;duration_ms=94]
2026-09-22T19:15:39.3841387Z ##[start-action display=Prepare (Windows);id=__taiki-e_cache-cargo-install-action.pre-windows]
2026-09-22T19:15:39.3845122Z ##[end-action id=__taiki-e_cache-cargo-install-action.pre-windows;outcome=skipped;conclusion=skipped;duration_ms=0]
2026-09-22T19:15:39.3847252Z ##[start-action display=Restore Cache;id=__taiki-e_cache-cargo-install-action.cache]
2026-09-22T19:15:39.3893788Z ##[group]Run actions/cache@668228422ae6a00e4ad889ee87cd7109ec5666a7
2026-09-22T19:15:39.3894154Z with:
2026-09-22T19:15:39.3894387Z   path: /opt/hostedtoolcache/cargo-codspeed/bin
2026-09-22T19:15:39.3895060Z   key: cargo-codspeed-5.0.2-aarch64-linux-gnu-2.39-features-default-no-default-features-false-all-features-false
2026-09-22T19:15:39.3895709Z   enableCrossOsArchive: false
2026-09-22T19:15:39.3895972Z   fail-on-cache-miss: false
2026-09-22T19:15:39.3896213Z   lookup-only: false
2026-09-22T19:15:39.3896431Z   save-always: false
2026-09-22T19:15:39.3896637Z env:
2026-09-22T19:15:39.3896827Z   CARGO_TERM_COLOR: always
2026-09-22T19:15:39.3897057Z   RUST_BACKTRACE: 1
2026-09-22T19:15:39.3897287Z   NIGHTLY_TOOLCHAIN: nightly-2026-09-10
2026-09-22T19:15:39.3897953Z   RUNNER_TOOL_CACHE: /opt/hostedtoolcache
2026-09-22T19:15:39.3898247Z   RUNS_ON_HOME: /runs-on
2026-09-22T19:15:39.3898480Z   RUNS_ON_VERSION: v3.3.0
2026-09-22T19:15:39.3898735Z   RUNS_ON_AGENT_BINARY: /runs-on/agent
2026-09-22T19:15:39.3899013Z   RUNS_ON_AGENT_ARCH: arm64
2026-09-22T19:15:39.3899256Z   RUNS_ON_AGENT_USER: runner
2026-09-22T19:15:39.3899575Z   RUNS_ON_AMI_ID: ami-098c62767651982c5
2026-09-22T19:15:39.3899855Z   RUNS_ON_AWS_REGION: us-east-1
2026-09-22T19:15:39.3900109Z   RUNS_ON_AWS_AZ: us-east-1b
2026-09-22T19:15:39.3900382Z   RUNS_ON_ENV_CUSTOM_FILE: /runs-on/env.custom
2026-09-22T19:15:39.3900700Z   RUNS_ON_INSTANCE_ID: i-0bd6f4346462a8591
2026-09-22T19:15:39.3900992Z   RUNS_ON_INSTANCE_LIFECYCLE: spot
2026-09-22T19:15:39.3901260Z   RUNS_ON_INSTANCE_TYPE: c7g.metal
2026-09-22T19:15:39.3901525Z   RUNS_ON_STACK_NAME: runs-on-v3
2026-09-22T19:15:39.3901864Z   RUNS_ON_S3_BUCKET_CACHE: runs-on-v3-s3bucketcache-dbnub4tpjhpv
2026-09-22T19:15:39.3902286Z   ACTIONS_RUNNER_HOOK_JOB_STARTED: /runs-on/pre.sh
2026-09-22T19:15:39.3902661Z   ACTIONS_RUNNER_HOOK_JOB_COMPLETED: /runs-on/post.sh
2026-09-22T19:15:39.3903024Z   GITHUB_SERVER_URL: https://github.com/
2026-09-22T19:15:39.3903336Z   GITHUB_API_URL: https://api.github.com/
2026-09-22T19:15:39.3903628Z   GITHUB_HOST: github.com
2026-09-22T19:15:39.3903943Z   RUNS_ON_RUNNER_NAME: runs-on--i-0bd6f4346462a8591--cdd1183a-6
2026-09-22T19:15:39.3904349Z   RUNS_ON_INSTANCE_LAUNCHED_AT: 2026-09-22T19:14:21Z
2026-09-22T19:15:39.3904697Z   ACTIONS_CACHE_URL: http://10.1.17.104:6871/
2026-09-22T19:15:39.3905005Z   ACTIONS_CACHE_SERVICE_V2: true
2026-09-22T19:15:39.3905296Z   ACTIONS_RESULTS_URL: http://10.1.17.104:6871/
2026-09-22T19:15:39.3905675Z   RUNS_ON_S3_CACHE_REPO_PREFIX: cache/repo/vortex-data/vortex
2026-09-22T19:15:39.3906058Z   RUNS_ON_ACTION_COST_TRACKING_CLAIMED: true
2026-09-22T19:15:39.3906358Z   RUSTUP_TOOLCHAIN: 1.98.0
2026-09-22T19:15:39.3906593Z ##[endgroup]
2026-09-22T19:15:39.6115909Z Cache hit for: cargo-codspeed-5.0.2-aarch64-linux-gnu-2.39-features-default-no-default-features-false-all-features-false
2026-09-22T19:15:39.7464802Z Cache Size: ~1 MB (941982 B)
2026-09-22T19:15:39.7484203Z [command]/usr/bin/tar -xf /home/runner/_work/_temp/e576540e-4ccb-44e9-9a6d-22d1400a90d4/cache.tzst -P -C /home/runner/_work/vortex/vortex --use-compress-program unzstd
2026-09-22T19:15:39.7574340Z Cache restored successfully
2026-09-22T19:15:39.7820544Z Cache restored from key: cargo-codspeed-5.0.2-aarch64-linux-gnu-2.39-features-default-no-default-features-false-all-features-false
2026-09-22T19:15:39.7869626Z ##[end-action id=__taiki-e_cache-cargo-install-action.cache;outcome=success;conclusion=success;duration_ms=402]
2026-09-22T19:15:39.7883262Z ##[start-action display=Install cargo-codspeed (non-Windows);id=__taiki-e_cache-cargo-install-action.__run]
2026-09-22T19:15:39.7888065Z ##[end-action id=__taiki-e_cache-cargo-install-action.__run;outcome=skipped;conclusion=skipped;duration_ms=0]
2026-09-22T19:15:39.7893643Z ##[start-action display=Install cargo-codspeed (Windows);id=__taiki-e_cache-cargo-install-action.__run_2]
2026-09-22T19:15:39.7898066Z ##[end-action id=__taiki-e_cache-cargo-install-action.__run_2;outcome=skipped;conclusion=skipped;duration_ms=0]
2026-09-22T19:15:39.7947405Z ##[group]Run actions/download-artifact@3e5f45b2cfb9172054b4087a40e8e0b5a5461e7c
2026-09-22T19:15:39.7947856Z with:
2026-09-22T19:15:39.7948070Z   name: codspeed-cpu-benchmarks-neon
2026-09-22T19:15:39.7948362Z   merge-multiple: false
2026-09-22T19:15:39.7948607Z   repository: vortex-data/vortex
2026-09-22T19:15:39.7948861Z   run-id: 35772036461
2026-09-22T19:15:39.7949083Z   skip-decompress: false
2026-09-22T19:15:39.7949319Z   digest-mismatch: error
2026-09-22T19:15:39.7949613Z env:
2026-09-22T19:15:39.7949801Z   CARGO_TERM_COLOR: always
2026-09-22T19:15:39.7950032Z   RUST_BACKTRACE: 1
2026-09-22T19:15:39.7950261Z   NIGHTLY_TOOLCHAIN: nightly-2026-09-10
2026-09-22T19:15:39.7950562Z   RUNNER_TOOL_CACHE: /opt/hostedtoolcache
2026-09-22T19:15:39.7951074Z   RUNS_ON_HOME: /runs-on
2026-09-22T19:15:39.7951304Z   RUNS_ON_VERSION: v3.3.0
2026-09-22T19:15:39.7951554Z   RUNS_ON_AGENT_BINARY: /runs-on/agent
2026-09-22T19:15:39.7951834Z   RUNS_ON_AGENT_ARCH: arm64
2026-09-22T19:15:39.7952099Z   RUNS_ON_AGENT_USER: runner
2026-09-22T19:15:39.7952352Z   RUNS_ON_AMI_ID: ami-098c62767651982c5
2026-09-22T19:15:39.7952632Z   RUNS_ON_AWS_REGION: us-east-1
2026-09-22T19:15:39.7952882Z   RUNS_ON_AWS_AZ: us-east-1b
2026-09-22T19:15:39.7953151Z   RUNS_ON_ENV_CUSTOM_FILE: /runs-on/env.custom
2026-09-22T19:15:39.7953469Z   RUNS_ON_INSTANCE_ID: i-0bd6f4346462a8591
2026-09-22T19:15:39.7953767Z   RUNS_ON_INSTANCE_LIFECYCLE: spot
2026-09-22T19:15:39.7954040Z   RUNS_ON_INSTANCE_TYPE: c7g.metal
2026-09-22T19:15:39.7954310Z   RUNS_ON_STACK_NAME: runs-on-v3
2026-09-22T19:15:39.7954655Z   RUNS_ON_S3_BUCKET_CACHE: runs-on-v3-s3bucketcache-dbnub4tpjhpv
2026-09-22T19:15:39.7955070Z   ACTIONS_RUNNER_HOOK_JOB_STARTED: /runs-on/pre.sh
2026-09-22T19:15:39.7955439Z   ACTIONS_RUNNER_HOOK_JOB_COMPLETED: /runs-on/post.sh
2026-09-22T19:15:39.7955814Z   GITHUB_SERVER_URL: https://github.com/
2026-09-22T19:15:39.7956133Z   GITHUB_API_URL: https://api.github.com/
2026-09-22T19:15:39.7956428Z   GITHUB_HOST: github.com
2026-09-22T19:15:39.7956750Z   RUNS_ON_RUNNER_NAME: runs-on--i-0bd6f4346462a8591--cdd1183a-6
2026-09-22T19:15:39.7957147Z   RUNS_ON_INSTANCE_LAUNCHED_AT: 2026-09-22T19:14:21Z
2026-09-22T19:15:39.7957497Z   ACTIONS_CACHE_URL: http://10.1.17.104:6871/
2026-09-22T19:15:39.7957808Z   ACTIONS_CACHE_SERVICE_V2: true
2026-09-22T19:15:39.7958097Z   ACTIONS_RESULTS_URL: http://10.1.17.104:6871/
2026-09-22T19:15:39.7958482Z   RUNS_ON_S3_CACHE_REPO_PREFIX: cache/repo/vortex-data/vortex
2026-09-22T19:15:39.7958861Z   RUNS_ON_ACTION_COST_TRACKING_CLAIMED: true
2026-09-22T19:15:39.7959159Z   RUSTUP_TOOLCHAIN: 1.98.0
2026-09-22T19:15:39.7959392Z ##[endgroup]
2026-09-22T19:15:39.9157386Z Downloading single artifact
2026-09-22T19:15:40.0234228Z Preparing to download the following artifacts:
2026-09-22T19:15:40.0235054Z - codspeed-cpu-benchmarks-neon (ID: 10713784948, Size: 459149911, Expected Digest: sha256:afac042748bdc5ef8ac3c2c9d813558283b8fe9b5ae3fa07ffcd2e44434ef057)
2026-09-22T19:15:40.1421475Z Redirecting to blob download url: https://productionresultssa10.blob.core.windows.net/actions-results/5a012ba5-d054-40c4-a0ad-962c82f49b6f/workflow-job-run-e21175f2-f1b4-56c6-8d7d-64f18effe6d5/artifacts/b084f87fa3d3be6ff57d62c23d6a3dfa10a6bab8d232c864c43734870b35e840.zip
2026-09-22T19:15:40.1422936Z Starting download of artifact to: /home/runner/_work/vortex/vortex
2026-09-22T19:15:40.2419141Z (node:2644) [DEP0005] DeprecationWarning: Buffer() is deprecated due to security and usability issues. Please use the Buffer.alloc(), Buffer.allocUnsafe(), or Buffer.from() methods instead.
2026-09-22T19:15:40.2420182Z (Use `node --trace-deprecation ...` to show where the warning was created)
2026-09-22T19:15:47.7537643Z SHA256 digest of downloaded artifact is afac042748bdc5ef8ac3c2c9d813558283b8fe9b5ae3fa07ffcd2e44434ef057
2026-09-22T19:15:47.7538312Z Artifact download completed successfully.
2026-09-22T19:15:47.7538630Z Total of 1 artifact(s) downloaded
2026-09-22T19:15:47.7544315Z Download artifact has finished successfully
2026-09-22T19:15:47.7720217Z ##[group]Run mkdir -p target
2026-09-22T19:15:47.7720607Z [36;1mmkdir -p target[0m
2026-09-22T19:15:47.7720925Z [36;1mtar -C target -xf codspeed-cpu-benchmarks.tar[0m
2026-09-22T19:15:47.7744582Z shell: /usr/bin/bash -e {0}
2026-09-22T19:15:47.7744841Z env:
2026-09-22T19:15:47.7745042Z   CARGO_TERM_COLOR: always
2026-09-22T19:15:47.7745343Z   RUST_BACKTRACE: 1
2026-09-22T19:15:47.7745631Z   NIGHTLY_TOOLCHAIN: nightly-2026-09-10
2026-09-22T19:15:47.7745953Z   RUNNER_TOOL_CACHE: /opt/hostedtoolcache
2026-09-22T19:15:47.7746324Z   RUNS_ON_HOME: /runs-on
2026-09-22T19:15:47.7746581Z   RUNS_ON_VERSION: v3.3.0
2026-09-22T19:15:47.7746839Z   RUNS_ON_AGENT_BINARY: /runs-on/agent
2026-09-22T19:15:47.7747126Z   RUNS_ON_AGENT_ARCH: arm64
2026-09-22T19:15:47.7747379Z   RUNS_ON_AGENT_USER: runner
2026-09-22T19:15:47.7747883Z   RUNS_ON_AMI_ID: ami-098c62767651982c5
2026-09-22T19:15:47.7748181Z   RUNS_ON_AWS_REGION: us-east-1
2026-09-22T19:15:47.7748449Z   RUNS_ON_AWS_AZ: us-east-1b
2026-09-22T19:15:47.7748757Z   RUNS_ON_ENV_CUSTOM_FILE: /runs-on/env.custom
2026-09-22T19:15:47.7749090Z   RUNS_ON_INSTANCE_ID: i-0bd6f4346462a8591
2026-09-22T19:15:47.7749392Z   RUNS_ON_INSTANCE_LIFECYCLE: spot
2026-09-22T19:15:47.7749760Z   RUNS_ON_INSTANCE_TYPE: c7g.metal
2026-09-22T19:15:47.7750039Z   RUNS_ON_STACK_NAME: runs-on-v3
2026-09-22T19:15:47.7750397Z   RUNS_ON_S3_BUCKET_CACHE: runs-on-v3-s3bucketcache-dbnub4tpjhpv
2026-09-22T19:15:47.7750827Z   ACTIONS_RUNNER_HOOK_JOB_STARTED: /runs-on/pre.sh
2026-09-22T19:15:47.7751205Z   ACTIONS_RUNNER_HOOK_JOB_COMPLETED: /runs-on/post.sh
2026-09-22T19:15:47.7751574Z   GITHUB_SERVER_URL: https://github.com/
2026-09-22T19:15:47.7751903Z   GITHUB_API_URL: https://api.github.com/
2026-09-22T19:15:47.7752206Z   GITHUB_HOST: github.com
2026-09-22T19:15:47.7752536Z   RUNS_ON_RUNNER_NAME: runs-on--i-0bd6f4346462a8591--cdd1183a-6
2026-09-22T19:15:47.7752949Z   RUNS_ON_INSTANCE_LAUNCHED_AT: 2026-09-22T19:14:21Z
2026-09-22T19:15:47.7753311Z   ACTIONS_CACHE_URL: http://10.1.17.104:6871/
2026-09-22T19:15:47.7753627Z   ACTIONS_CACHE_SERVICE_V2: true
2026-09-22T19:15:47.7753929Z   ACTIONS_RESULTS_URL: http://10.1.17.104:6871/
2026-09-22T19:15:47.7754327Z   RUNS_ON_S3_CACHE_REPO_PREFIX: cache/repo/vortex-data/vortex
2026-09-22T19:15:47.7754714Z   RUNS_ON_ACTION_COST_TRACKING_CLAIMED: true
2026-09-22T19:15:47.7755022Z   RUSTUP_TOOLCHAIN: 1.98.0
2026-09-22T19:15:47.7755266Z ##[endgroup]
2026-09-22T19:15:49.0649818Z ##[group]Run sudo bash scripts/setup-benchmark.sh
2026-09-22T19:15:49.0650289Z [36;1msudo bash scripts/setup-benchmark.sh[0m
2026-09-22T19:15:49.0672404Z shell: /usr/bin/bash -e {0}
2026-09-22T19:15:49.0672661Z env:
2026-09-22T19:15:49.0672860Z   CARGO_TERM_COLOR: always
2026-09-22T19:15:49.0673099Z   RUST_BACKTRACE: 1
2026-09-22T19:15:49.0673337Z   NIGHTLY_TOOLCHAIN: nightly-2026-09-10
2026-09-22T19:15:49.0673670Z   RUNNER_TOOL_CACHE: /opt/hostedtoolcache
2026-09-22T19:15:49.0673961Z   RUNS_ON_HOME: /runs-on
2026-09-22T19:15:49.0674199Z   RUNS_ON_VERSION: v3.3.0
2026-09-22T19:15:49.0674454Z   RUNS_ON_AGENT_BINARY: /runs-on/agent
2026-09-22T19:15:49.0674738Z   RUNS_ON_AGENT_ARCH: arm64
2026-09-22T19:15:49.0674989Z   RUNS_ON_AGENT_USER: runner
2026-09-22T19:15:49.0675253Z   RUNS_ON_AMI_ID: ami-098c62767651982c5
2026-09-22T19:15:49.0675539Z   RUNS_ON_AWS_REGION: us-east-1
2026-09-22T19:15:49.0675799Z   RUNS_ON_AWS_AZ: us-east-1b
2026-09-22T19:15:49.0676102Z   RUNS_ON_ENV_CUSTOM_FILE: /runs-on/env.custom
2026-09-22T19:15:49.0676435Z   RUNS_ON_INSTANCE_ID: i-0bd6f4346462a8591
2026-09-22T19:15:49.0676735Z   RUNS_ON_INSTANCE_LIFECYCLE: spot
2026-09-22T19:15:49.0677013Z   RUNS_ON_INSTANCE_TYPE: c7g.metal
2026-09-22T19:15:49.0677290Z   RUNS_ON_STACK_NAME: runs-on-v3
2026-09-22T19:15:49.0677644Z   RUNS_ON_S3_BUCKET_CACHE: runs-on-v3-s3bucketcache-dbnub4tpjhpv
2026-09-22T19:15:49.0678074Z   ACTIONS_RUNNER_HOOK_JOB_STARTED: /runs-on/pre.sh
2026-09-22T19:15:49.0678456Z   ACTIONS_RUNNER_HOOK_JOB_COMPLETED: /runs-on/post.sh
2026-09-22T19:15:49.0678822Z   GITHUB_SERVER_URL: https://github.com/
2026-09-22T19:15:49.0679140Z   GITHUB_API_URL: https://api.github.com/
2026-09-22T19:15:49.0679440Z   GITHUB_HOST: github.com
2026-09-22T19:15:49.0679844Z   RUNS_ON_RUNNER_NAME: runs-on--i-0bd6f4346462a8591--cdd1183a-6
2026-09-22T19:15:49.0680256Z   RUNS_ON_INSTANCE_LAUNCHED_AT: 2026-09-22T19:14:21Z
2026-09-22T19:15:49.0680612Z   ACTIONS_CACHE_URL: http://10.1.17.104:6871/
2026-09-22T19:15:49.0680930Z   ACTIONS_CACHE_SERVICE_V2: true
2026-09-22T19:15:49.0681231Z   ACTIONS_RESULTS_URL: http://10.1.17.104:6871/
2026-09-22T19:15:49.0681620Z   RUNS_ON_S3_CACHE_REPO_PREFIX: cache/repo/vortex-data/vortex
2026-09-22T19:15:49.0682003Z   RUNS_ON_ACTION_COST_TRACKING_CLAIMED: true
2026-09-22T19:15:49.0682307Z   RUSTUP_TOOLCHAIN: 1.98.0
2026-09-22T19:15:49.0682543Z ##[endgroup]
2026-09-22T19:15:49.0777460Z + '[' 0 -ne 0 ']'
2026-09-22T19:15:49.0778072Z + sysfs_write /sys/devices/system/cpu/intel_pstate/no_turbo 1
2026-09-22T19:15:49.0778430Z + [[ -n 1 ]]
2026-09-22T19:15:49.0778702Z + [[ -w /sys/devices/system/cpu/intel_pstate/no_turbo ]]
2026-09-22T19:15:49.0779021Z + true
2026-09-22T19:15:49.0779286Z + sysfs_write /sys/devices/system/cpu/cpufreq/boost 0
2026-09-22T19:15:49.0779664Z + [[ -n 0 ]]
2026-09-22T19:15:49.0779906Z + [[ -w /sys/devices/system/cpu/cpufreq/boost ]]
2026-09-22T19:15:49.0780209Z + true
2026-09-22T19:15:49.0780463Z + for policy in /sys/devices/system/cpu/cpufreq/policy*
2026-09-22T19:15:49.0780977Z + sysfs_write '/sys/devices/system/cpu/cpufreq/policy*/scaling_governor' performance
2026-09-22T19:15:49.0781437Z + [[ -n performance ]]
2026-09-22T19:15:49.0781765Z + [[ -w /sys/devices/system/cpu/cpufreq/policy*/scaling_governor ]]
2026-09-22T19:15:49.0782126Z + true
2026-09-22T19:15:49.0782418Z ++ cat '/sys/devices/system/cpu/cpufreq/policy*/scaling_max_freq'
2026-09-22T19:15:49.0791302Z + sysfs_write '/sys/devices/system/cpu/cpufreq/policy*/scaling_min_freq' ''
2026-09-22T19:15:49.0791715Z + [[ -n '' ]]
2026-09-22T19:15:49.0791915Z + true
2026-09-22T19:15:49.0792116Z + sysctl -w vm.swappiness=0
2026-09-22T19:15:49.0798372Z vm.swappiness = 0
2026-09-22T19:15:49.0799224Z + swapoff -a
2026-09-22T19:15:49.0823430Z + sysctl -w kernel.numa_balancing=0
2026-09-22T19:15:49.0829914Z kernel.numa_balancing = 0
2026-09-22T19:15:49.0830946Z + sysctl -w kernel.randomize_va_space=0
2026-09-22T19:15:49.0837000Z kernel.randomize_va_space = 0
2026-09-22T19:15:49.0837752Z + sysctl -w kernel.sched_autogroup_enabled=0
2026-09-22T19:15:49.0844986Z kernel.sched_autogroup_enabled = 0
2026-09-22T19:15:49.0845395Z + sysctl -w kernel.timer_migration=0
2026-09-22T19:15:49.0852493Z kernel.timer_migration = 0
2026-09-22T19:15:49.0853299Z + dmesg -n 1
2026-09-22T19:15:49.0875979Z + for unit in apparmor ModemManager irqbalance apt-daily.service apt-daily-upgrade.service apt-daily.timer apt-daily-upgrade.timer motd-news.service motd-news.timer apport
2026-09-22T19:15:49.0876835Z + systemctl disable --now apparmor
2026-09-22T19:15:49.6543412Z + systemctl mask apparmor
2026-09-22T19:15:49.8335612Z + for unit in apparmor ModemManager irqbalance apt-daily.service apt-daily-upgrade.service apt-daily.timer apt-daily-upgrade.timer motd-news.service motd-news.timer apport
2026-09-22T19:15:49.8336475Z + systemctl disable --now ModemManager
2026-09-22T19:15:50.0177122Z + systemctl mask ModemManager
2026-09-22T19:15:50.2007706Z + for unit in apparmor ModemManager irqbalance apt-daily.service apt-daily-upgrade.service apt-daily.timer apt-daily-upgrade.timer motd-news.service motd-news.timer apport
2026-09-22T19:15:50.2008584Z + systemctl disable --now irqbalance
2026-09-22T19:15:50.7473030Z + systemctl mask irqbalance
2026-09-22T19:15:50.9242229Z + for unit in apparmor ModemManager irqbalance apt-daily.service apt-daily-upgrade.service apt-daily.timer apt-daily-upgrade.timer motd-news.service motd-news.timer apport
2026-09-22T19:15:50.9243113Z + systemctl disable --now apt-daily.service
2026-09-22T19:15:51.1012163Z + systemctl mask apt-daily.service
2026-09-22T19:15:51.2751795Z + for unit in apparmor ModemManager irqbalance apt-daily.service apt-daily-upgrade.service apt-daily.timer apt-daily-upgrade.timer motd-news.service motd-news.timer apport
2026-09-22T19:15:51.2752694Z + systemctl disable --now apt-daily-upgrade.service
2026-09-22T19:15:51.4603391Z + systemctl mask apt-daily-upgrade.service
2026-09-22T19:15:51.6404563Z + for unit in apparmor ModemManager irqbalance apt-daily.service apt-daily-upgrade.service apt-daily.timer apt-daily-upgrade.timer motd-news.service motd-news.timer apport
2026-09-22T19:15:51.6405457Z + systemctl disable --now apt-daily.timer
2026-09-22T19:15:51.8226127Z + systemctl mask apt-daily.timer
2026-09-22T19:15:52.0023927Z + for unit in apparmor ModemManager irqbalance apt-daily.service apt-daily-upgrade.service apt-daily.timer apt-daily-upgrade.timer motd-news.service motd-news.timer apport
2026-09-22T19:15:52.0024824Z + systemctl disable --now apt-daily-upgrade.timer
2026-09-22T19:15:52.1818833Z + systemctl mask apt-daily-upgrade.timer
2026-09-22T19:15:52.3653398Z + for unit in apparmor ModemManager irqbalance apt-daily.service apt-daily-upgrade.service apt-daily.timer apt-daily-upgrade.timer motd-news.service motd-news.timer apport
2026-09-22T19:15:52.3654255Z + systemctl disable --now motd-news.service
2026-09-22T19:15:52.5515412Z + systemctl mask motd-news.service
2026-09-22T19:15:52.7324129Z + for unit in apparmor ModemManager irqbalance apt-daily.service apt-daily-upgrade.service apt-daily.timer apt-daily-upgrade.timer motd-news.service motd-news.timer apport
2026-09-22T19:15:52.7324998Z + systemctl disable --now motd-news.timer
2026-09-22T19:15:52.9141989Z + systemctl mask motd-news.timer
2026-09-22T19:15:53.0874901Z + for unit in apparmor ModemManager irqbalance apt-daily.service apt-daily-upgrade.service apt-daily.timer apt-daily-upgrade.timer motd-news.service motd-news.timer apport
2026-09-22T19:15:53.0875752Z + systemctl disable --now apport
2026-09-22T19:15:53.6142921Z + systemctl mask apport
2026-09-22T19:15:53.7931530Z + aa-teardown
2026-09-22T19:15:53.7969059Z Unloading AppArmor profiles
2026-09-22T19:15:53.7996052Z + node_dirs=(/sys/devices/system/node/node[0-9]*)
2026-09-22T19:15:53.7996830Z + [[ 1 -gt 1 ]]
2026-09-22T19:15:53.8002448Z ++ sort -un
2026-09-22T19:15:53.8003115Z ++ paste -sd, -
2026-09-22T19:15:53.8006212Z +++ cat /sys/devices/system/cpu/cpu0/topology/thread_siblings_list /sys/devices/system/cpu/cpu1/topology/thread_siblings_list
2026-09-22T19:15:53.8006844Z +++ paste -sd, -
2026-09-22T19:15:53.8025519Z ++ expand_cpulist 0,1
2026-09-22T19:15:53.8025780Z ++ [[ -n 0,1 ]]
2026-09-22T19:15:53.8025994Z ++ local parts part
2026-09-22T19:15:53.8026204Z ++ IFS=,
2026-09-22T19:15:53.8026392Z ++ read -ra parts
2026-09-22T19:15:53.8026624Z ++ for part in "${parts[@]}"
2026-09-22T19:15:53.8026865Z ++ seq 0 0
2026-09-22T19:15:53.8049009Z ++ for part in "${parts[@]}"
2026-09-22T19:15:53.8049304Z ++ seq 1 1
2026-09-22T19:15:53.8060132Z + HOUSEKEEPING_CPUS=0,1
2026-09-22T19:15:53.8060425Z + bench=()
2026-09-22T19:15:53.8064850Z +++ cat /sys/devices/system/cpu/online
2026-09-22T19:15:53.8071265Z ++ expand_cpulist 0-63
2026-09-22T19:15:53.8071497Z ++ [[ -n 0-63 ]]
2026-09-22T19:15:53.8071708Z ++ local parts part
2026-09-22T19:15:53.8071923Z ++ IFS=,
2026-09-22T19:15:53.8072109Z ++ read -ra parts
2026-09-22T19:15:53.8072331Z ++ for part in "${parts[@]}"
2026-09-22T19:15:53.8072579Z ++ seq 0 63
2026-09-22T19:15:53.8080967Z + for cpu in $(expand_cpulist "$(cat /sys/devices/system/cpu/online)")
2026-09-22T19:15:53.8081377Z + [[ ,0,1, == *\,\0\,* ]]
2026-09-22T19:15:53.8081711Z + for cpu in $(expand_cpulist "$(cat /sys/devices/system/cpu/online)")
2026-09-22T19:15:53.8082083Z + [[ ,0,1, == *\,\1\,* ]]
2026-09-22T19:15:53.8082410Z + for cpu in $(expand_cpulist "$(cat /sys/devices/system/cpu/online)")
2026-09-22T19:15:53.8082782Z + [[ ,0,1, == *\,\2\,* ]]
2026-09-22T19:15:53.8083006Z + bench+=("$cpu")
2026-09-22T19:15:53.8083328Z + for cpu in $(expand_cpulist "$(cat /sys/devices/system/cpu/online)")
2026-09-22T19:15:53.8083705Z + [[ ,0,1, == *\,\3\,* ]]
2026-09-22T19:15:53.8083927Z + bench+=("$cpu")
2026-09-22T19:15:53.8084238Z + for cpu in $(expand_cpulist "$(cat /sys/devices/system/cpu/online)")
2026-09-22T19:15:53.8084611Z + [[ ,0,1, == *\,\4\,* ]]
2026-09-22T19:15:53.8084837Z + bench+=("$cpu")
2026-09-22T19:15:53.8085146Z + for cpu in $(expand_cpulist "$(cat /sys/devices/system/cpu/online)")
2026-09-22T19:15:53.8085513Z + [[ ,0,1, == *\,\5\,* ]]
2026-09-22T19:15:53.8085736Z + bench+=("$cpu")
2026-09-22T19:15:53.8086058Z + for cpu in $(expand_cpulist "$(cat /sys/devices/system/cpu/online)")
2026-09-22T19:15:53.8086432Z + [[ ,0,1, == *\,\6\,* ]]
2026-09-22T19:15:53.8086659Z + bench+=("$cpu")
2026-09-22T19:15:53.8087048Z + for cpu in $(expand_cpulist "$(cat /sys/devices/system/cpu/online)")
2026-09-22T19:15:53.8087424Z + [[ ,0,1, == *\,\7\,* ]]
2026-09-22T19:15:53.8087650Z + bench+=("$cpu")
2026-09-22T19:15:53.8087959Z + for cpu in $(expand_cpulist "$(cat /sys/devices/system/cpu/online)")
2026-09-22T19:15:53.8088632Z + [[ ,0,1, == *\,\8\,* ]]
2026-09-22T19:15:53.8088856Z + bench+=("$cpu")
2026-09-22T19:15:53.8089167Z + for cpu in $(expand_cpulist "$(cat /sys/devices/system/cpu/online)")
2026-09-22T19:15:53.8089617Z + [[ ,0,1, == *\,\9\,* ]]
2026-09-22T19:15:53.8089844Z + bench+=("$cpu")
2026-09-22T19:15:53.8090156Z + for cpu in $(expand_cpulist "$(cat /sys/devices/system/cpu/online)")
2026-09-22T19:15:53.8090530Z + [[ ,0,1, == *\,\1\0\,* ]]
2026-09-22T19:15:53.8090769Z + bench+=("$cpu")
2026-09-22T19:15:53.8091084Z + for cpu in $(expand_cpulist "$(cat /sys/devices/system/cpu/online)")
2026-09-22T19:15:53.8091455Z + [[ ,0,1, == *\,\1\1\,* ]]
2026-09-22T19:15:53.8091690Z + bench+=("$cpu")
2026-09-22T19:15:53.8092003Z + for cpu in $(expand_cpulist "$(cat /sys/devices/system/cpu/online)")
2026-09-22T19:15:53.8092376Z + [[ ,0,1, == *\,\1\2\,* ]]
2026-09-22T19:15:53.8092613Z + bench+=("$cpu")
2026-09-22T19:15:53.8092925Z + for cpu in $(expand_cpulist "$(cat /sys/devices/system/cpu/online)")
2026-09-22T19:15:53.8093302Z + [[ ,0,1, == *\,\1\3\,* ]]
2026-09-22T19:15:53.8093530Z + bench+=("$cpu")
2026-09-22T19:15:53.8093842Z + for cpu in $(expand_cpulist "$(cat /sys/devices/system/cpu/online)")
2026-09-22T19:15:53.8094211Z + [[ ,0,1, == *\,\1\4\,* ]]
2026-09-22T19:15:53.8094439Z + bench+=("$cpu")
2026-09-22T19:15:53.8094754Z + for cpu in $(expand_cpulist "$(cat /sys/devices/system/cpu/online)")
2026-09-22T19:15:53.8095122Z + [[ ,0,1, == *\,\1\5\,* ]]
2026-09-22T19:15:53.8095351Z + bench+=("$cpu")
2026-09-22T19:15:53.8095853Z + for cpu in $(expand_cpulist "$(cat /sys/devices/system/cpu/online)")
2026-09-22T19:15:53.8096245Z + [[ ,0,1, == *\,\1\6\,* ]]
2026-09-22T19:15:53.8096478Z + bench+=("$cpu")
2026-09-22T19:15:53.8096789Z + for cpu in $(expand_cpulist "$(cat /sys/devices/system/cpu/online)")
2026-09-22T19:15:53.8097160Z + [[ ,0,1, == *\,\1\7\,* ]]
2026-09-22T19:15:53.8097386Z + bench+=("$cpu")
2026-09-22T19:15:53.8097691Z + for cpu in $(expand_cpulist "$(cat /sys/devices/system/cpu/online)")
2026-09-22T19:15:53.8098067Z + [[ ,0,1, == *\,\1\8\,* ]]
2026-09-22T19:15:53.8098294Z + bench+=("$cpu")
2026-09-22T19:15:53.8098600Z + for cpu in $(expand_cpulist "$(cat /sys/devices/system/cpu/online)")
2026-09-22T19:15:53.8098976Z + [[ ,0,1, == *\,\1\9\,* ]]
2026-09-22T19:15:53.8099212Z + bench+=("$cpu")
2026-09-22T19:15:53.8099595Z + for cpu in $(expand_cpulist "$(cat /sys/devices/system/cpu/online)")
2026-09-22T19:15:53.8099984Z + [[ ,0,1, == *\,\2\0\,* ]]
2026-09-22T19:15:53.8100218Z + bench+=("$cpu")
2026-09-22T19:15:53.8100537Z + for cpu in $(expand_cpulist "$(cat /sys/devices/system/cpu/online)")
2026-09-22T19:15:53.8100907Z + [[ ,0,1, == *\,\2\1\,* ]]
2026-09-22T19:15:53.8101137Z + bench+=("$cpu")
2026-09-22T19:15:53.8101447Z + for cpu in $(expand_cpulist "$(cat /sys/devices/system/cpu/online)")
2026-09-22T19:15:53.8101818Z + [[ ,0,1, == *\,\2\2\,* ]]
2026-09-22T19:15:53.8102047Z + bench+=("$cpu")
2026-09-22T19:15:53.8102354Z + for cpu in $(expand_cpulist "$(cat /sys/devices/system/cpu/online)")
2026-09-22T19:15:53.8102737Z + [[ ,0,1, == *\,\2\3\,* ]]
2026-09-22T19:15:53.8102963Z + bench+=("$cpu")
2026-09-22T19:15:53.8103271Z + for cpu in $(expand_cpulist "$(cat /sys/devices/system/cpu/online)")
2026-09-22T19:15:53.8103651Z + [[ ,0,1, == *\,\2\4\,* ]]
2026-09-22T19:15:53.8103882Z + bench+=("$cpu")
2026-09-22T19:15:53.8104191Z + for cpu in $(expand_cpulist "$(cat /sys/devices/system/cpu/online)")
2026-09-22T19:15:53.8104560Z + [[ ,0,1, == *\,\2\5\,* ]]
2026-09-22T19:15:53.8104797Z + bench+=("$cpu")
2026-09-22T19:15:53.8105112Z + for cpu in $(expand_cpulist "$(cat /sys/devices/system/cpu/online)")
2026-09-22T19:15:53.8105488Z + [[ ,0,1, == *\,\2\6\,* ]]
2026-09-22T19:15:53.8105717Z + bench+=("$cpu")
2026-09-22T19:15:53.8106026Z + for cpu in $(expand_cpulist "$(cat /sys/devices/system/cpu/online)")
2026-09-22T19:15:53.8106396Z + [[ ,0,1, == *\,\2\7\,* ]]
2026-09-22T19:15:53.8106629Z + bench+=("$cpu")
2026-09-22T19:15:53.8106939Z + for cpu in $(expand_cpulist "$(cat /sys/devices/system/cpu/online)")
2026-09-22T19:15:53.8107538Z + [[ ,0,1, == *\,\2\8\,* ]]
2026-09-22T19:15:53.8107766Z + bench+=("$cpu")
2026-09-22T19:15:53.8108079Z + for cpu in $(expand_cpulist "$(cat /sys/devices/system/cpu/online)")
2026-09-22T19:15:53.8108447Z + [[ ,0,1, == *\,\2\9\,* ]]
2026-09-22T19:15:53.8108673Z + bench+=("$cpu")
2026-09-22T19:15:53.8108982Z + for cpu in $(expand_cpulist "$(cat /sys/devices/system/cpu/online)")
2026-09-22T19:15:53.8109350Z + [[ ,0,1, == *\,\3\0\,* ]]
2026-09-22T19:15:53.8109643Z + bench+=("$cpu")
2026-09-22T19:15:53.8109960Z + for cpu in $(expand_cpulist "$(cat /sys/devices/system/cpu/online)")
2026-09-22T19:15:53.8110337Z + [[ ,0,1, == *\,\3\1\,* ]]
2026-09-22T19:15:53.8110567Z + bench+=("$cpu")
2026-09-22T19:15:53.8110879Z + for cpu in $(expand_cpulist "$(cat /sys/devices/system/cpu/online)")
2026-09-22T19:15:53.8111250Z + [[ ,0,1, == *\,\3\2\,* ]]
2026-09-22T19:15:53.8111477Z + bench+=("$cpu")
2026-09-22T19:15:53.8111786Z + for cpu in $(expand_cpulist "$(cat /sys/devices/system/cpu/online)")
2026-09-22T19:15:53.8112164Z + [[ ,0,1, == *\,\3\3\,* ]]
2026-09-22T19:15:53.8112394Z + bench+=("$cpu")
2026-09-22T19:15:53.8112703Z + for cpu in $(expand_cpulist "$(cat /sys/devices/system/cpu/online)")
2026-09-22T19:15:53.8113074Z + [[ ,0,1, == *\,\3\4\,* ]]
2026-09-22T19:15:53.8113302Z + bench+=("$cpu")
2026-09-22T19:15:53.8113611Z + for cpu in $(expand_cpulist "$(cat /sys/devices/system/cpu/online)")
2026-09-22T19:15:53.8113980Z + [[ ,0,1, == *\,\3\5\,* ]]
2026-09-22T19:15:53.8114213Z + bench+=("$cpu")
2026-09-22T19:15:53.8114698Z + for cpu in $(expand_cpulist "$(cat /sys/devices/system/cpu/online)")
2026-09-22T19:15:53.8115085Z + [[ ,0,1, == *\,\3\6\,* ]]
2026-09-22T19:15:53.8115318Z + bench+=("$cpu")
2026-09-22T19:15:53.8115628Z + for cpu in $(expand_cpulist "$(cat /sys/devices/system/cpu/online)")
2026-09-22T19:15:53.8115997Z + [[ ,0,1, == *\,\3\7\,* ]]
2026-09-22T19:15:53.8116231Z + bench+=("$cpu")
2026-09-22T19:15:53.8116542Z + for cpu in $(expand_cpulist "$(cat /sys/devices/system/cpu/online)")
2026-09-22T19:15:53.8116917Z + [[ ,0,1, == *\,\3\8\,* ]]
2026-09-22T19:15:53.8117144Z + bench+=("$cpu")
2026-09-22T19:15:53.8117464Z + for cpu in $(expand_cpulist "$(cat /sys/devices/system/cpu/online)")
2026-09-22T19:15:53.8117834Z + [[ ,0,1, == *\,\3\9\,* ]]
2026-09-22T19:15:53.8118060Z + bench+=("$cpu")
2026-09-22T19:15:53.8118371Z + for cpu in $(expand_cpulist "$(cat /sys/devices/system/cpu/online)")
2026-09-22T19:15:53.8118741Z + [[ ,0,1, == *\,\4\0\,* ]]
2026-09-22T19:15:53.8118970Z + bench+=("$cpu")
2026-09-22T19:15:53.8119287Z + for cpu in $(expand_cpulist "$(cat /sys/devices/system/cpu/online)")
2026-09-22T19:15:53.8119737Z + [[ ,0,1, == *\,\4\1\,* ]]
2026-09-22T19:15:53.8119965Z + bench+=("$cpu")
2026-09-22T19:15:53.8120272Z + for cpu in $(expand_cpulist "$(cat /sys/devices/system/cpu/online)")
2026-09-22T19:15:53.8120647Z + [[ ,0,1, == *\,\4\2\,* ]]
2026-09-22T19:15:53.8120874Z + bench+=("$cpu")
2026-09-22T19:15:53.8121179Z + for cpu in $(expand_cpulist "$(cat /sys/devices/system/cpu/online)")
2026-09-22T19:15:53.8121556Z + [[ ,0,1, == *\,\4\3\,* ]]
2026-09-22T19:15:53.8121782Z + bench+=("$cpu")
2026-09-22T19:15:53.8122089Z + for cpu in $(expand_cpulist "$(cat /sys/devices/system/cpu/online)")
2026-09-22T19:15:53.8122461Z + [[ ,0,1, == *\,\4\4\,* ]]
2026-09-22T19:15:53.8122691Z + bench+=("$cpu")
2026-09-22T19:15:53.8123001Z + for cpu in $(expand_cpulist "$(cat /sys/devices/system/cpu/online)")
2026-09-22T19:15:53.8123372Z + [[ ,0,1, == *\,\4\5\,* ]]
2026-09-22T19:15:53.8123605Z + bench+=("$cpu")
2026-09-22T19:15:53.8123922Z + for cpu in $(expand_cpulist "$(cat /sys/devices/system/cpu/online)")
2026-09-22T19:15:53.8124292Z + [[ ,0,1, == *\,\4\6\,* ]]
2026-09-22T19:15:53.8124526Z + bench+=("$cpu")
2026-09-22T19:15:53.8124835Z + for cpu in $(expand_cpulist "$(cat /sys/devices/system/cpu/online)")
2026-09-22T19:15:53.8125204Z + [[ ,0,1, == *\,\4\7\,* ]]
2026-09-22T19:15:53.8125437Z + bench+=("$cpu")
2026-09-22T19:15:53.8125746Z + for cpu in $(expand_cpulist "$(cat /sys/devices/system/cpu/online)")
2026-09-22T19:15:53.8126329Z + [[ ,0,1, == *\,\4\8\,* ]]
2026-09-22T19:15:53.8126561Z + bench+=("$cpu")
2026-09-22T19:15:53.8126871Z + for cpu in $(expand_cpulist "$(cat /sys/devices/system/cpu/online)")
2026-09-22T19:15:53.8127242Z + [[ ,0,1, == *\,\4\9\,* ]]
2026-09-22T19:15:53.8127470Z + bench+=("$cpu")
2026-09-22T19:15:53.8127782Z + for cpu in $(expand_cpulist "$(cat /sys/devices/system/cpu/online)")
2026-09-22T19:15:53.8128149Z + [[ ,0,1, == *\,\5\0\,* ]]
2026-09-22T19:15:53.8128376Z + bench+=("$cpu")
2026-09-22T19:15:53.8128690Z + for cpu in $(expand_cpulist "$(cat /sys/devices/system/cpu/online)")
2026-09-22T19:15:53.8129058Z + [[ ,0,1, == *\,\5\1\,* ]]
2026-09-22T19:15:53.8129286Z + bench+=("$cpu")
2026-09-22T19:15:53.8129662Z + for cpu in $(expand_cpulist "$(cat /sys/devices/system/cpu/online)")
2026-09-22T19:15:53.8130043Z + [[ ,0,1, == *\,\5\2\,* ]]
2026-09-22T19:15:53.8130272Z + bench+=("$cpu")
2026-09-22T19:15:53.8130584Z + for cpu in $(expand_cpulist "$(cat /sys/devices/system/cpu/online)")
2026-09-22T19:15:53.8130967Z + [[ ,0,1, == *\,\5\3\,* ]]
2026-09-22T19:15:53.8131197Z + bench+=("$cpu")
2026-09-22T19:15:53.8131508Z + for cpu in $(expand_cpulist "$(cat /sys/devices/system/cpu/online)")
2026-09-22T19:15:53.8131880Z + [[ ,0,1, == *\,\5\4\,* ]]
2026-09-22T19:15:53.8132107Z + bench+=("$cpu")
2026-09-22T19:15:53.8132415Z + for cpu in $(expand_cpulist "$(cat /sys/devices/system/cpu/online)")
2026-09-22T19:15:53.8132785Z + [[ ,0,1, == *\,\5\5\,* ]]
2026-09-22T19:15:53.8133018Z + bench+=("$cpu")
2026-09-22T19:15:53.8133484Z + for cpu in $(expand_cpulist "$(cat /sys/devices/system/cpu/online)")
2026-09-22T19:15:53.8133887Z + [[ ,0,1, == *\,\5\6\,* ]]
2026-09-22T19:15:53.8134129Z + bench+=("$cpu")
2026-09-22T19:15:53.8134438Z + for cpu in $(expand_cpulist "$(cat /sys/devices/system/cpu/online)")
2026-09-22T19:15:53.8134808Z + [[ ,0,1, == *\,\5\7\,* ]]
2026-09-22T19:15:53.8135039Z + bench+=("$cpu")
2026-09-22T19:15:53.8135347Z + for cpu in $(expand_cpulist "$(cat /sys/devices/system/cpu/online)")
2026-09-22T19:15:53.8135720Z + [[ ,0,1, == *\,\5\8\,* ]]
2026-09-22T19:15:53.8135947Z + bench+=("$cpu")
2026-09-22T19:15:53.8136262Z + for cpu in $(expand_cpulist "$(cat /sys/devices/system/cpu/online)")
2026-09-22T19:15:53.8136631Z + [[ ,0,1, == *\,\5\9\,* ]]
2026-09-22T19:15:53.8136862Z + bench+=("$cpu")
2026-09-22T19:15:53.8137176Z + for cpu in $(expand_cpulist "$(cat /sys/devices/system/cpu/online)")
2026-09-22T19:15:53.8137545Z + [[ ,0,1, == *\,\6\0\,* ]]
2026-09-22T19:15:53.8137776Z + bench+=("$cpu")
2026-09-22T19:15:53.8138094Z + for cpu in $(expand_cpulist "$(cat /sys/devices/system/cpu/online)")
2026-09-22T19:15:53.8138462Z + [[ ,0,1, == *\,\6\1\,* ]]
2026-09-22T19:15:53.8138689Z + bench+=("$cpu")
2026-09-22T19:15:53.8139003Z + for cpu in $(expand_cpulist "$(cat /sys/devices/system/cpu/online)")
2026-09-22T19:15:53.8139375Z + [[ ,0,1, == *\,\6\2\,* ]]
2026-09-22T19:15:53.8139687Z + bench+=("$cpu")
2026-09-22T19:15:53.8139998Z + for cpu in $(expand_cpulist "$(cat /sys/devices/system/cpu/online)")
2026-09-22T19:15:53.8140378Z + [[ ,0,1, == *\,\6\3\,* ]]
2026-09-22T19:15:53.8140606Z + bench+=("$cpu")
2026-09-22T19:15:53.8140841Z ++ IFS=,
2026-09-22T19:15:53.8141337Z ++ echo 2,3,4,5,6,7,8,9,10,11,12,13,14,15,16,17,18,19,20,21,22,23,24,25,26,27,28,29,30,31,32,33,34,35,36,37,38,39,40,41,42,43,44,45,46,47,48,49,50,51,52,53,54,55,56,57,58,59,60,61,62,63
2026-09-22T19:15:53.8142233Z + BENCH_CPUS=2,3,4,5,6,7,8,9,10,11,12,13,14,15,16,17,18,19,20,21,22,23,24,25,26,27,28,29,30,31,32,33,34,35,36,37,38,39,40,41,42,43,44,45,46,47,48,49,50,51,52,53,54,55,56,57,58,59,60,61,62,63
2026-09-22T19:15:53.8142831Z + NET_IRQS=()
2026-09-22T19:15:53.8143038Z + declare -A NET_IRQS
2026-09-22T19:15:53.8143266Z + bench_cpu_arr=()
2026-09-22T19:15:53.8143473Z + IFS=
2026-09-22T19:15:53.8143664Z + read -r cpu
2026-09-22T19:15:53.8144209Z ++ expand_cpulist 2,3,4,5,6,7,8,9,10,11,12,13,14,15,16,17,18,19,20,21,22,23,24,25,26,27,28,29,30,31,32,33,34,35,36,37,38,39,40,41,42,43,44,45,46,47,48,49,50,51,52,53,54,55,56,57,58,59,60,61,62,63
2026-09-22T19:15:53.8145336Z ++ [[ -n 2,3,4,5,6,7,8,9,10,11,12,13,14,15,16,17,18,19,20,21,22,23,24,25,26,27,28,29,30,31,32,33,34,35,36,37,38,39,40,41,42,43,44,45,46,47,48,49,50,51,52,53,54,55,56,57,58,59,60,61,62,63 ]]
2026-09-22T19:15:53.8145917Z ++ local parts part
2026-09-22T19:15:53.8146126Z ++ IFS=,
2026-09-22T19:15:53.8146310Z ++ read -ra parts
2026-09-22T19:15:53.8146534Z ++ for part in "${parts[@]}"
2026-09-22T19:15:53.8146774Z ++ seq 2 2
2026-09-22T19:15:53.8146968Z + bench_cpu_arr+=("$cpu")
2026-09-22T19:15:53.8147190Z + IFS=
2026-09-22T19:15:53.8147376Z + read -r cpu
2026-09-22T19:15:53.8147594Z ++ for part in "${parts[@]}"
2026-09-22T19:15:53.8147837Z ++ seq 3 3
2026-09-22T19:15:53.8148034Z + bench_cpu_arr+=("$cpu")
2026-09-22T19:15:53.8148259Z + IFS=
2026-09-22T19:15:53.8148440Z + read -r cpu
2026-09-22T19:15:53.8148659Z ++ for part in "${parts[@]}"
2026-09-22T19:15:53.8148900Z ++ seq 4 4
2026-09-22T19:15:53.8149095Z + bench_cpu_arr+=("$cpu")
2026-09-22T19:15:53.8149317Z + IFS=
2026-09-22T19:15:53.8149585Z + read -r cpu
2026-09-22T19:15:53.8149799Z ++ for part in "${parts[@]}"
2026-09-22T19:15:53.8150038Z ++ seq 5 5
2026-09-22T19:15:53.8150234Z + bench_cpu_arr+=("$cpu")
2026-09-22T19:15:53.8150469Z + IFS=
2026-09-22T19:15:53.8150650Z + read -r cpu
2026-09-22T19:15:53.8150857Z ++ for part in "${parts[@]}"
2026-09-22T19:15:53.8151100Z ++ seq 6 6
2026-09-22T19:15:53.8151296Z + bench_cpu_arr+=("$cpu")
2026-09-22T19:15:53.8151523Z + IFS=
2026-09-22T19:15:53.8151704Z + read -r cpu
2026-09-22T19:15:53.8151919Z ++ for part in "${parts[@]}"
2026-09-22T19:15:53.8152156Z ++ seq 7 7
2026-09-22T19:15:53.8152648Z + bench_cpu_arr+=("$cpu")
2026-09-22T19:15:53.8152934Z + IFS=
2026-09-22T19:15:53.8153117Z + read -r cpu
2026-09-22T19:15:53.8153329Z ++ for part in "${parts[@]}"
2026-09-22T19:15:53.8153566Z ++ seq 8 8
2026-09-22T19:15:53.8153786Z + bench_cpu_arr+=("$cpu")
2026-09-22T19:15:53.8154012Z + IFS=
2026-09-22T19:15:53.8154198Z + read -r cpu
2026-09-22T19:15:53.8154416Z ++ for part in "${parts[@]}"
2026-09-22T19:15:53.8154661Z ++ seq 9 9
2026-09-22T19:15:53.8154858Z + bench_cpu_arr+=("$cpu")
2026-09-22T19:15:53.8155090Z + IFS=
2026-09-22T19:15:53.8155271Z + read -r cpu
2026-09-22T19:15:53.8155481Z ++ for part in "${parts[@]}"
2026-09-22T19:15:53.8155717Z ++ seq 10 10
2026-09-22T19:15:53.8156671Z + bench_cpu_arr+=("$cpu")
2026-09-22T19:15:53.8156903Z + IFS=
2026-09-22T19:15:53.8157457Z + read -r cpu
2026-09-22T19:15:53.8157739Z ++ for part in "${parts[@]}"
2026-09-22T19:15:53.8157997Z ++ seq 11 11
2026-09-22T19:15:53.8163597Z + bench_cpu_arr+=("$cpu")
2026-09-22T19:15:53.8163854Z + IFS=
2026-09-22T19:15:53.8164067Z + read -r cpu
2026-09-22T19:15:53.8164292Z ++ for part in "${parts[@]}"
2026-09-22T19:15:53.8164536Z ++ seq 12 12
2026-09-22T19:15:53.8170629Z + bench_cpu_arr+=("$cpu")
2026-09-22T19:15:53.8170871Z + IFS=
2026-09-22T19:15:53.8171057Z + read -r cpu
2026-09-22T19:15:53.8171279Z ++ for part in "${parts[@]}"
2026-09-22T19:15:53.8171525Z ++ seq 13 13
2026-09-22T19:15:53.8177529Z + bench_cpu_arr+=("$cpu")
2026-09-22T19:15:53.8177785Z + IFS=
2026-09-22T19:15:53.8177974Z + read -r cpu
2026-09-22T19:15:53.8178189Z ++ for part in "${parts[@]}"
2026-09-22T19:15:53.8178430Z ++ seq 14 14
2026-09-22T19:15:53.8184435Z + bench_cpu_arr+=("$cpu")
2026-09-22T19:15:53.8184669Z + IFS=
2026-09-22T19:15:53.8184852Z + read -r cpu
2026-09-22T19:15:53.8185070Z ++ for part in "${parts[@]}"
2026-09-22T19:15:53.8185312Z ++ seq 15 15
2026-09-22T19:15:53.8191549Z + bench_cpu_arr+=("$cpu")
2026-09-22T19:15:53.8191786Z + IFS=
2026-09-22T19:15:53.8191969Z + read -r cpu
2026-09-22T19:15:53.8192193Z ++ for part in "${parts[@]}"
2026-09-22T19:15:53.8192451Z ++ seq 16 16
2026-09-22T19:15:53.8198462Z + bench_cpu_arr+=("$cpu")
2026-09-22T19:15:53.8198702Z + IFS=
2026-09-22T19:15:53.8198888Z + read -r cpu
2026-09-22T19:15:53.8199303Z ++ for part in "${parts[@]}"
2026-09-22T19:15:53.8199637Z ++ seq 17 17
2026-09-22T19:15:53.8205728Z + bench_cpu_arr+=("$cpu")
2026-09-22T19:15:53.8205989Z + IFS=
2026-09-22T19:15:53.8206181Z + read -r cpu
2026-09-22T19:15:53.8206740Z ++ for part in "${parts[@]}"
2026-09-22T19:15:53.8206989Z ++ seq 18 18
2026-09-22T19:15:53.8212914Z + bench_cpu_arr+=("$cpu")
2026-09-22T19:15:53.8213149Z + IFS=
2026-09-22T19:15:53.8213340Z + read -r cpu
2026-09-22T19:15:53.8213560Z ++ for part in "${parts[@]}"
2026-09-22T19:15:53.8213804Z ++ seq 19 19
2026-09-22T19:15:53.8219944Z + bench_cpu_arr+=("$cpu")
2026-09-22T19:15:53.8220234Z + IFS=
2026-09-22T19:15:53.8220422Z + read -r cpu
2026-09-22T19:15:53.8220640Z ++ for part in "${parts[@]}"
2026-09-22T19:15:53.8220886Z ++ seq 20 20
2026-09-22T19:15:53.8227104Z + bench_cpu_arr+=("$cpu")
2026-09-22T19:15:53.8227353Z + IFS=
2026-09-22T19:15:53.8227540Z + read -r cpu
2026-09-22T19:15:53.8227771Z ++ for part in "${parts[@]}"
2026-09-22T19:15:53.8228014Z ++ seq 21 21
2026-09-22T19:15:53.8234299Z + bench_cpu_arr+=("$cpu")
2026-09-22T19:15:53.8234544Z + IFS=
2026-09-22T19:15:53.8234731Z + read -r cpu
2026-09-22T19:15:53.8234948Z ++ for part in "${parts[@]}"
2026-09-22T19:15:53.8235192Z ++ seq 22 22
2026-09-22T19:15:53.8241564Z + bench_cpu_arr+=("$cpu")
2026-09-22T19:15:53.8241796Z + IFS=
2026-09-22T19:15:53.8241983Z + read -r cpu
2026-09-22T19:15:53.8242202Z ++ for part in "${parts[@]}"
2026-09-22T19:15:53.8242444Z ++ seq 23 23
2026-09-22T19:15:53.8248573Z + bench_cpu_arr+=("$cpu")
2026-09-22T19:15:53.8248813Z + IFS=
2026-09-22T19:15:53.8248997Z + read -r cpu
2026-09-22T19:15:53.8249360Z ++ for part in "${parts[@]}"
2026-09-22T19:15:53.8249696Z ++ seq 24 24
2026-09-22T19:15:53.8255654Z + bench_cpu_arr+=("$cpu")
2026-09-22T19:15:53.8255898Z + IFS=
2026-09-22T19:15:53.8256086Z + read -r cpu
2026-09-22T19:15:53.8256512Z ++ for part in "${parts[@]}"
2026-09-22T19:15:53.8256784Z ++ seq 25 25
2026-09-22T19:15:53.8262737Z + bench_cpu_arr+=("$cpu")
2026-09-22T19:15:53.8262989Z + IFS=
2026-09-22T19:15:53.8263178Z + read -r cpu
2026-09-22T19:15:53.8263395Z ++ for part in "${parts[@]}"
2026-09-22T19:15:53.8263641Z ++ seq 26 26
2026-09-22T19:15:53.8269539Z + bench_cpu_arr+=("$cpu")
2026-09-22T19:15:53.8269797Z + IFS=
2026-09-22T19:15:53.8269988Z + read -r cpu
2026-09-22T19:15:53.8270203Z ++ for part in "${parts[@]}"
2026-09-22T19:15:53.8270448Z ++ seq 27 27
2026-09-22T19:15:53.8276623Z + bench_cpu_arr+=("$cpu")
2026-09-22T19:15:53.8276868Z + IFS=
2026-09-22T19:15:53.8277052Z + read -r cpu
2026-09-22T19:15:53.8277274Z ++ for part in "${parts[@]}"
2026-09-22T19:15:53.8277516Z ++ seq 28 28
2026-09-22T19:15:53.8283644Z + bench_cpu_arr+=("$cpu")
2026-09-22T19:15:53.8283898Z + IFS=
2026-09-22T19:15:53.8284083Z + read -r cpu
2026-09-22T19:15:53.8284299Z ++ for part in "${parts[@]}"
2026-09-22T19:15:53.8284541Z ++ seq 29 29
2026-09-22T19:15:53.8290456Z + bench_cpu_arr+=("$cpu")
2026-09-22T19:15:53.8290698Z + IFS=
2026-09-22T19:15:53.8290882Z + read -r cpu
2026-09-22T19:15:53.8291108Z ++ for part in "${parts[@]}"
2026-09-22T19:15:53.8291348Z ++ seq 30 30
2026-09-22T19:15:53.8297238Z + bench_cpu_arr+=("$cpu")
2026-09-22T19:15:53.8297486Z + IFS=
2026-09-22T19:15:53.8297672Z + read -r cpu
2026-09-22T19:15:53.8297890Z ++ for part in "${parts[@]}"
2026-09-22T19:15:53.8298145Z ++ seq 31 31
2026-09-22T19:15:53.8304027Z + bench_cpu_arr+=("$cpu")
2026-09-22T19:15:53.8304267Z + IFS=
2026-09-22T19:15:53.8304456Z + read -r cpu
2026-09-22T19:15:53.8304672Z ++ for part in "${parts[@]}"
2026-09-22T19:15:53.8304913Z ++ seq 32 32
2026-09-22T19:15:53.8310772Z + bench_cpu_arr+=("$cpu")
2026-09-22T19:15:53.8311016Z + IFS=
2026-09-22T19:15:53.8311201Z + read -r cpu
2026-09-22T19:15:53.8311417Z ++ for part in "${parts[@]}"
2026-09-22T19:15:53.8311663Z ++ seq 33 33
2026-09-22T19:15:53.8317478Z + bench_cpu_arr+=("$cpu")
2026-09-22T19:15:53.8317733Z + IFS=
2026-09-22T19:15:53.8317923Z + read -r cpu
2026-09-22T19:15:53.8318139Z ++ for part in "${parts[@]}"
2026-09-22T19:15:53.8318383Z ++ seq 34 34
2026-09-22T19:15:53.8324414Z + bench_cpu_arr+=("$cpu")
2026-09-22T19:15:53.8324672Z + IFS=
2026-09-22T19:15:53.8325008Z + read -r cpu
2026-09-22T19:15:53.8325383Z ++ for part in "${parts[@]}"
2026-09-22T19:15:53.8325811Z ++ seq 35 35
2026-09-22T19:15:53.8331408Z + bench_cpu_arr+=("$cpu")
2026-09-22T19:15:53.8331765Z + IFS=
2026-09-22T19:15:53.8332059Z + read -r cpu
2026-09-22T19:15:53.8332340Z ++ for part in "${parts[@]}"
2026-09-22T19:15:53.8332708Z ++ seq 36 36
2026-09-22T19:15:53.8337952Z + bench_cpu_arr+=("$cpu")
2026-09-22T19:15:53.8338338Z + IFS=
2026-09-22T19:15:53.8338622Z + read -r cpu
2026-09-22T19:15:53.8338884Z ++ for part in "${parts[@]}"
2026-09-22T19:15:53.8339272Z ++ seq 37 37
2026-09-22T19:15:53.8355584Z + bench_cpu_arr+=("$cpu")
2026-09-22T19:15:53.8355935Z + IFS=
2026-09-22T19:15:53.8356132Z + read -r cpu
2026-09-22T19:15:53.8356392Z ++ for part in "${parts[@]}"
2026-09-22T19:15:53.8356640Z ++ seq 38 38
2026-09-22T19:15:53.8356846Z + bench_cpu_arr+=("$cpu")
2026-09-22T19:15:53.8357073Z + IFS=
2026-09-22T19:15:53.8357259Z + read -r cpu
2026-09-22T19:15:53.8357469Z ++ for part in "${parts[@]}"
2026-09-22T19:15:53.8357707Z ++ seq 39 39
2026-09-22T19:15:53.8357965Z + bench_cpu_arr+=("$cpu")
2026-09-22T19:15:53.8358190Z + IFS=
2026-09-22T19:15:53.8358382Z + read -r cpu
2026-09-22T19:15:53.8358614Z ++ for part in "${parts[@]}"
2026-09-22T19:15:53.8358859Z ++ seq 40 40
2026-09-22T19:15:53.8364812Z + bench_cpu_arr+=("$cpu")
2026-09-22T19:15:53.8365071Z + IFS=
2026-09-22T19:15:53.8365261Z + read -r cpu
2026-09-22T19:15:53.8365479Z ++ for part in "${parts[@]}"
2026-09-22T19:15:53.8365719Z ++ seq 41 41
2026-09-22T19:15:53.8371703Z + bench_cpu_arr+=("$cpu")
2026-09-22T19:15:53.8371941Z + IFS=
2026-09-22T19:15:53.8372122Z + read -r cpu
2026-09-22T19:15:53.8372340Z ++ for part in "${parts[@]}"
2026-09-22T19:15:53.8372583Z ++ seq 42 42
2026-09-22T19:15:53.8378515Z + bench_cpu_arr+=("$cpu")
2026-09-22T19:15:53.8378787Z + IFS=
2026-09-22T19:15:53.8378972Z + read -r cpu
2026-09-22T19:15:53.8379185Z ++ for part in "${parts[@]}"
2026-09-22T19:15:53.8379429Z ++ seq 43 43
2026-09-22T19:15:53.8385359Z + bench_cpu_arr+=("$cpu")
2026-09-22T19:15:53.8385598Z + IFS=
2026-09-22T19:15:53.8385782Z + read -r cpu
2026-09-22T19:15:53.8386004Z ++ for part in "${parts[@]}"
2026-09-22T19:15:53.8386260Z ++ seq 44 44
2026-09-22T19:15:53.8392203Z + bench_cpu_arr+=("$cpu")
2026-09-22T19:15:53.8392448Z + IFS=
2026-09-22T19:15:53.8392635Z + read -r cpu
2026-09-22T19:15:53.8392852Z ++ for part in "${parts[@]}"
2026-09-22T19:15:53.8393097Z ++ seq 45 45
2026-09-22T19:15:53.8398806Z + bench_cpu_arr+=("$cpu")
2026-09-22T19:15:53.8399044Z + IFS=
2026-09-22T19:15:53.8399227Z + read -r cpu
2026-09-22T19:15:53.8399442Z ++ for part in "${parts[@]}"
2026-09-22T19:15:53.8399742Z ++ seq 46 46
2026-09-22T19:15:53.8405680Z + bench_cpu_arr+=("$cpu")
2026-09-22T19:15:53.8405935Z + IFS=
2026-09-22T19:15:53.8406130Z + read -r cpu
2026-09-22T19:15:53.8406348Z ++ for part in "${parts[@]}"
2026-09-22T19:15:53.8406596Z ++ seq 47 47
2026-09-22T19:15:53.8412626Z + bench_cpu_arr+=("$cpu")
2026-09-22T19:15:53.8412872Z + IFS=
2026-09-22T19:15:53.8413060Z + read -r cpu
2026-09-22T19:15:53.8413397Z ++ for part in "${parts[@]}"
2026-09-22T19:15:53.8413656Z ++ seq 48 48
2026-09-22T19:15:53.8419574Z + bench_cpu_arr+=("$cpu")
2026-09-22T19:15:53.8419828Z + IFS=
2026-09-22T19:15:53.8420014Z + read -r cpu
2026-09-22T19:15:53.8420236Z ++ for part in "${parts[@]}"
2026-09-22T19:15:53.8420478Z ++ seq 49 49
2026-09-22T19:15:53.8426377Z + bench_cpu_arr+=("$cpu")
2026-09-22T19:15:53.8426619Z + IFS=
2026-09-22T19:15:53.8426800Z + read -r cpu
2026-09-22T19:15:53.8427012Z ++ for part in "${parts[@]}"
2026-09-22T19:15:53.8427256Z ++ seq 50 50
2026-09-22T19:15:53.8433302Z + bench_cpu_arr+=("$cpu")
2026-09-22T19:15:53.8433534Z + IFS=
2026-09-22T19:15:53.8433724Z + read -r cpu
2026-09-22T19:15:53.8433938Z ++ for part in "${parts[@]}"
2026-09-22T19:15:53.8434187Z ++ seq 51 51
2026-09-22T19:15:53.8440135Z + bench_cpu_arr+=("$cpu")
2026-09-22T19:15:53.8440377Z + IFS=
2026-09-22T19:15:53.8440560Z + read -r cpu
2026-09-22T19:15:53.8440773Z ++ for part in "${parts[@]}"
2026-09-22T19:15:53.8441017Z ++ seq 52 52
2026-09-22T19:15:53.8446889Z + bench_cpu_arr+=("$cpu")
2026-09-22T19:15:53.8447121Z + IFS=
2026-09-22T19:15:53.8447305Z + read -r cpu
2026-09-22T19:15:53.8447769Z ++ for part in "${parts[@]}"
2026-09-22T19:15:53.8448009Z ++ seq 53 53
2026-09-22T19:15:53.8453590Z + bench_cpu_arr+=("$cpu")
2026-09-22T19:15:53.8453871Z + IFS=
2026-09-22T19:15:53.8454061Z + read -r cpu
2026-09-22T19:15:53.8454281Z ++ for part in "${parts[@]}"
2026-09-22T19:15:53.8454520Z ++ seq 54 54
2026-09-22T19:15:53.8460382Z + bench_cpu_arr+=("$cpu")
2026-09-22T19:15:53.8460618Z + IFS=
2026-09-22T19:15:53.8460805Z + read -r cpu
2026-09-22T19:15:53.8461020Z ++ for part in "${parts[@]}"
2026-09-22T19:15:53.8461261Z ++ seq 55 55
2026-09-22T19:15:53.8467046Z + bench_cpu_arr+=("$cpu")
2026-09-22T19:15:53.8467294Z + IFS=
2026-09-22T19:15:53.8467481Z + read -r cpu
2026-09-22T19:15:53.8467698Z ++ for part in "${parts[@]}"
2026-09-22T19:15:53.8467939Z ++ seq 56 56
2026-09-22T19:15:53.8473706Z + bench_cpu_arr+=("$cpu")
2026-09-22T19:15:53.8473949Z + IFS=
2026-09-22T19:15:53.8474137Z + read -r cpu
2026-09-22T19:15:53.8474353Z ++ for part in "${parts[@]}"
2026-09-22T19:15:53.8474591Z ++ seq 57 57
2026-09-22T19:15:53.8480516Z + bench_cpu_arr+=("$cpu")
2026-09-22T19:15:53.8480801Z + IFS=
2026-09-22T19:15:53.8480993Z + read -r cpu
2026-09-22T19:15:53.8481209Z ++ for part in "${parts[@]}"
2026-09-22T19:15:53.8481451Z ++ seq 58 58
2026-09-22T19:15:53.8487214Z + bench_cpu_arr+=("$cpu")
2026-09-22T19:15:53.8487479Z + IFS=
2026-09-22T19:15:53.8487666Z + read -r cpu
2026-09-22T19:15:53.8487880Z ++ for part in "${parts[@]}"
2026-09-22T19:15:53.8488122Z ++ seq 59 59
2026-09-22T19:15:53.8493872Z + bench_cpu_arr+=("$cpu")
2026-09-22T19:15:53.8494140Z + IFS=
2026-09-22T19:15:53.8494328Z + read -r cpu
2026-09-22T19:15:53.8494768Z ++ for part in "${parts[@]}"
2026-09-22T19:15:53.8495066Z ++ seq 60 60
2026-09-22T19:15:53.8500653Z + bench_cpu_arr+=("$cpu")
2026-09-22T19:15:53.8500898Z + IFS=
2026-09-22T19:15:53.8501087Z + read -r cpu
2026-09-22T19:15:53.8501300Z ++ for part in "${parts[@]}"
2026-09-22T19:15:53.8501541Z ++ seq 61 61
2026-09-22T19:15:53.8507283Z + bench_cpu_arr+=("$cpu")
2026-09-22T19:15:53.8507558Z + IFS=
2026-09-22T19:15:53.8507742Z + read -r cpu
2026-09-22T19:15:53.8507961Z ++ for part in "${parts[@]}"
2026-09-22T19:15:53.8508202Z ++ seq 62 62
2026-09-22T19:15:53.8514269Z + bench_cpu_arr+=("$cpu")
2026-09-22T19:15:53.8514530Z + IFS=
2026-09-22T19:15:53.8514723Z + read -r cpu
2026-09-22T19:15:53.8514938Z ++ for part in "${parts[@]}"
2026-09-22T19:15:53.8515181Z ++ seq 63 63
2026-09-22T19:15:53.8521208Z + bench_cpu_arr+=("$cpu")
2026-09-22T19:15:53.8521444Z + IFS=
2026-09-22T19:15:53.8521627Z + read -r cpu
2026-09-22T19:15:53.8525008Z + i=0
2026-09-22T19:15:53.8525969Z + for msi in /sys/class/net/*/device/msi_irqs/*
2026-09-22T19:15:53.8526347Z + [[ -e /sys/class/net/enP1s33/device/msi_irqs/25 ]]
2026-09-22T19:15:53.8526664Z + [[ 62 -gt 0 ]]
2026-09-22T19:15:53.8526861Z + irq=25
2026-09-22T19:15:53.8527042Z + NET_IRQS["$irq"]=1
2026-09-22T19:15:53.8527260Z + echo 2
2026-09-22T19:15:53.8527433Z + i=1
2026-09-22T19:15:53.8527656Z + for msi in /sys/class/net/*/device/msi_irqs/*
2026-09-22T19:15:53.8528020Z + [[ -e /sys/class/net/enP1s33/device/msi_irqs/26 ]]
2026-09-22T19:15:53.8528337Z + [[ 62 -gt 0 ]]
2026-09-22T19:15:53.8528535Z + irq=26
2026-09-22T19:15:53.8528718Z + NET_IRQS["$irq"]=1
2026-09-22T19:15:53.8528942Z + echo 3
2026-09-22T19:15:53.8529115Z + i=2
2026-09-22T19:15:53.8529340Z + for msi in /sys/class/net/*/device/msi_irqs/*
2026-09-22T19:15:53.8529765Z + [[ -e /sys/class/net/enP1s33/device/msi_irqs/27 ]]
2026-09-22T19:15:53.8530074Z + [[ 62 -gt 0 ]]
2026-09-22T19:15:53.8530272Z + irq=27
2026-09-22T19:15:53.8530458Z + NET_IRQS["$irq"]=1
2026-09-22T19:15:53.8530669Z + echo 4
2026-09-22T19:15:53.8530851Z + i=3
2026-09-22T19:15:53.8531071Z + for msi in /sys/class/net/*/device/msi_irqs/*
2026-09-22T19:15:53.8531427Z + [[ -e /sys/class/net/enP1s33/device/msi_irqs/28 ]]
2026-09-22T19:15:53.8531731Z + [[ 62 -gt 0 ]]
2026-09-22T19:15:53.8531927Z + irq=28
2026-09-22T19:15:53.8532109Z + NET_IRQS["$irq"]=1
2026-09-22T19:15:53.8532321Z + echo 5
2026-09-22T19:15:53.8532497Z + i=4
2026-09-22T19:15:53.8532953Z + for msi in /sys/class/net/*/device/msi_irqs/*
2026-09-22T19:15:53.8533311Z + [[ -e /sys/class/net/enP1s33/device/msi_irqs/29 ]]
2026-09-22T19:15:53.8533616Z + [[ 62 -gt 0 ]]
2026-09-22T19:15:53.8533811Z + irq=29
2026-09-22T19:15:53.8533993Z + NET_IRQS["$irq"]=1
2026-09-22T19:15:53.8534237Z + echo 6
2026-09-22T19:15:53.8534408Z + i=5
2026-09-22T19:15:53.8534632Z + for msi in /sys/class/net/*/device/msi_irqs/*
2026-09-22T19:15:53.8534986Z + [[ -e /sys/class/net/enP1s33/device/msi_irqs/30 ]]
2026-09-22T19:15:53.8535294Z + [[ 62 -gt 0 ]]
2026-09-22T19:15:53.8535493Z + irq=30
2026-09-22T19:15:53.8535681Z + NET_IRQS["$irq"]=1
2026-09-22T19:15:53.8535890Z + echo 7
2026-09-22T19:15:53.8536062Z + i=6
2026-09-22T19:15:53.8536284Z + for msi in /sys/class/net/*/device/msi_irqs/*
2026-09-22T19:15:53.8536635Z + [[ -e /sys/class/net/enP1s33/device/msi_irqs/31 ]]
2026-09-22T19:15:53.8536941Z + [[ 62 -gt 0 ]]
2026-09-22T19:15:53.8537139Z + irq=31
2026-09-22T19:15:53.8537326Z + NET_IRQS["$irq"]=1
2026-09-22T19:15:53.8537543Z + echo 8
2026-09-22T19:15:53.8537719Z + i=7
2026-09-22T19:15:53.8537945Z + for msi in /sys/class/net/*/device/msi_irqs/*
2026-09-22T19:15:53.8538298Z + [[ -e /sys/class/net/enP1s33/device/msi_irqs/32 ]]
2026-09-22T19:15:53.8538603Z + [[ 62 -gt 0 ]]
2026-09-22T19:15:53.8538803Z + irq=32
2026-09-22T19:15:53.8538987Z + NET_IRQS["$irq"]=1
2026-09-22T19:15:53.8539195Z + echo 9
2026-09-22T19:15:53.8539370Z + i=8
2026-09-22T19:15:53.8539676Z + for msi in /sys/class/net/*/device/msi_irqs/*
2026-09-22T19:15:53.8540031Z + [[ -e /sys/class/net/enP1s33/device/msi_irqs/33 ]]
2026-09-22T19:15:53.8540337Z + [[ 62 -gt 0 ]]
2026-09-22T19:15:53.8540728Z + irq=33
2026-09-22T19:15:53.8540924Z + NET_IRQS["$irq"]=1
2026-09-22T19:15:53.8541134Z + echo 10
2026-09-22T19:15:53.8541309Z + i=9
2026-09-22T19:15:53.8541530Z + for msi in /sys/class/net/*/device/msi_irqs/*
2026-09-22T19:15:53.8541881Z + [[ -e /sys/class/net/enP1s33/device/msi_irqs/34 ]]
2026-09-22T19:15:53.8542184Z + [[ 62 -gt 0 ]]
2026-09-22T19:15:53.8542380Z + irq=34
2026-09-22T19:15:53.8542567Z + NET_IRQS["$irq"]=1
2026-09-22T19:15:53.8542774Z + echo 11
2026-09-22T19:15:53.8542950Z + i=10
2026-09-22T19:15:53.8543180Z + for msi in /sys/class/net/*/device/msi_irqs/*
2026-09-22T19:15:53.8543527Z + [[ -e /sys/class/net/enP1s33/device/msi_irqs/35 ]]
2026-09-22T19:15:53.8543826Z + [[ 62 -gt 0 ]]
2026-09-22T19:15:53.8544024Z + irq=35
2026-09-22T19:15:53.8544206Z + NET_IRQS["$irq"]=1
2026-09-22T19:15:53.8544417Z + echo 12
2026-09-22T19:15:53.8544590Z + i=11
2026-09-22T19:15:53.8544812Z + for msi in /sys/class/net/*/device/msi_irqs/*
2026-09-22T19:15:53.8545170Z + [[ -e /sys/class/net/enP1s33/device/msi_irqs/36 ]]
2026-09-22T19:15:53.8545477Z + [[ 62 -gt 0 ]]
2026-09-22T19:15:53.8545679Z + irq=36
2026-09-22T19:15:53.8545862Z + NET_IRQS["$irq"]=1
2026-09-22T19:15:53.8546069Z + echo 13
2026-09-22T19:15:53.8546241Z + i=12
2026-09-22T19:15:53.8546465Z + for msi in /sys/class/net/*/device/msi_irqs/*
2026-09-22T19:15:53.8546814Z + [[ -e /sys/class/net/enP1s33/device/msi_irqs/37 ]]
2026-09-22T19:15:53.8547125Z + [[ 62 -gt 0 ]]
2026-09-22T19:15:53.8547327Z + irq=37
2026-09-22T19:15:53.8547508Z + NET_IRQS["$irq"]=1
2026-09-22T19:15:53.8547719Z + echo 14
2026-09-22T19:15:53.8547894Z + i=13
2026-09-22T19:15:53.8548121Z + for msi in /sys/class/net/*/device/msi_irqs/*
2026-09-22T19:15:53.8548474Z + [[ -e /sys/class/net/enP1s33/device/msi_irqs/38 ]]
2026-09-22T19:15:53.8548777Z + [[ 62 -gt 0 ]]
2026-09-22T19:15:53.8548978Z + irq=38
2026-09-22T19:15:53.8549162Z + NET_IRQS["$irq"]=1
2026-09-22T19:15:53.8549373Z + echo 15
2026-09-22T19:15:53.8549694Z + i=14
2026-09-22T19:15:53.8549934Z + for msi in /sys/class/net/*/device/msi_irqs/*
2026-09-22T19:15:53.8550289Z + [[ -e /sys/class/net/enP1s33/device/msi_irqs/39 ]]
2026-09-22T19:15:53.8550592Z + [[ 62 -gt 0 ]]
2026-09-22T19:15:53.8550790Z + irq=39
2026-09-22T19:15:53.8550973Z + NET_IRQS["$irq"]=1
2026-09-22T19:15:53.8551182Z + echo 16
2026-09-22T19:15:53.8551408Z + i=15
2026-09-22T19:15:53.8551631Z + for msi in /sys/class/net/*/device/msi_irqs/*
2026-09-22T19:15:53.8552195Z + [[ -e /sys/class/net/enP1s33/device/msi_irqs/40 ]]
2026-09-22T19:15:53.8552502Z + [[ 62 -gt 0 ]]
2026-09-22T19:15:53.8552698Z + irq=40
2026-09-22T19:15:53.8552882Z + NET_IRQS["$irq"]=1
2026-09-22T19:15:53.8553092Z + echo 17
2026-09-22T19:15:53.8553266Z + i=16
2026-09-22T19:15:53.8553485Z + for msi in /sys/class/net/*/device/msi_irqs/*
2026-09-22T19:15:53.8553833Z + [[ -e /sys/class/net/enP1s33/device/msi_irqs/41 ]]
2026-09-22T19:15:53.8554143Z + [[ 62 -gt 0 ]]
2026-09-22T19:15:53.8554337Z + irq=41
2026-09-22T19:15:53.8554518Z + NET_IRQS["$irq"]=1
2026-09-22T19:15:53.8554730Z + echo 18
2026-09-22T19:15:53.8554915Z + i=17
2026-09-22T19:15:53.8555139Z + for f in /proc/irq/[0-9]*/smp_affinity_list
2026-09-22T19:15:53.8555443Z + irq=1/smp_affinity_list
2026-09-22T19:15:53.8555675Z + irq=1
2026-09-22T19:15:53.8555855Z + [[ -n '' ]]
2026-09-22T19:15:53.8556042Z + echo 0,1
2026-09-22T19:15:53.8556219Z + true
2026-09-22T19:15:53.8556442Z + for f in /proc/irq/[0-9]*/smp_affinity_list
2026-09-22T19:15:53.8556752Z + irq=10/smp_affinity_list
2026-09-22T19:15:53.8556985Z + irq=10
2026-09-22T19:15:53.8557170Z + [[ -n '' ]]
2026-09-22T19:15:53.8557359Z + echo 0,1
2026-09-22T19:15:53.8557536Z + true
2026-09-22T19:15:53.8557755Z + for f in /proc/irq/[0-9]*/smp_affinity_list
2026-09-22T19:15:53.8558063Z + irq=11/smp_affinity_list
2026-09-22T19:15:53.8558297Z + irq=11
2026-09-22T19:15:53.8558478Z + [[ -n '' ]]
2026-09-22T19:15:53.8558671Z + echo 0,1
2026-09-22T19:15:53.8558850Z + true
2026-09-22T19:15:53.8559067Z + for f in /proc/irq/[0-9]*/smp_affinity_list
2026-09-22T19:15:53.8559370Z + irq=12/smp_affinity_list
2026-09-22T19:15:53.8559890Z + irq=12
2026-09-22T19:15:53.8560119Z + [[ -n '' ]]
2026-09-22T19:15:53.8560315Z + echo 0,1
2026-09-22T19:15:53.8560496Z + true
2026-09-22T19:15:53.8560712Z + for f in /proc/irq/[0-9]*/smp_affinity_list
2026-09-22T19:15:53.8561016Z + irq=13/smp_affinity_list
2026-09-22T19:15:53.8561244Z + irq=13
2026-09-22T19:15:53.8561430Z + [[ -n '' ]]
2026-09-22T19:15:53.8561618Z + echo 0,1
2026-09-22T19:15:53.8561840Z + for f in /proc/irq/[0-9]*/smp_affinity_list
2026-09-22T19:15:53.8562147Z + irq=15/smp_affinity_list
2026-09-22T19:15:53.8562374Z + irq=15
2026-09-22T19:15:53.8562553Z + [[ -n '' ]]
2026-09-22T19:15:53.8562741Z + echo 0,1
2026-09-22T19:15:53.8562964Z + for f in /proc/irq/[0-9]*/smp_affinity_list
2026-09-22T19:15:53.8563275Z + irq=2/smp_affinity_list
2026-09-22T19:15:53.8563510Z + irq=2
2026-09-22T19:15:53.8563688Z + [[ -n '' ]]
2026-09-22T19:15:53.8563876Z + echo 0,1
2026-09-22T19:15:53.8564055Z + true
2026-09-22T19:15:53.8564276Z + for f in /proc/irq/[0-9]*/smp_affinity_list
2026-09-22T19:15:53.8564586Z + irq=23/smp_affinity_list
2026-09-22T19:15:53.8564817Z + irq=23
2026-09-22T19:15:53.8565000Z + [[ -n '' ]]
2026-09-22T19:15:53.8565189Z + echo 0,1
2026-09-22T19:15:53.8565367Z + true
2026-09-22T19:15:53.8565584Z + for f in /proc/irq/[0-9]*/smp_affinity_list
2026-09-22T19:15:53.8565892Z + irq=24/smp_affinity_list
2026-09-22T19:15:53.8566122Z + irq=24
2026-09-22T19:15:53.8566310Z + [[ -n '' ]]
2026-09-22T19:15:53.8566506Z + echo 0,1
2026-09-22T19:15:53.8566724Z + for f in /proc/irq/[0-9]*/smp_affinity_list
2026-09-22T19:15:53.8567027Z + irq=25/smp_affinity_list
2026-09-22T19:15:53.8567254Z + irq=25
2026-09-22T19:15:53.8567438Z + [[ -n 1 ]]
2026-09-22T19:15:53.8567629Z + continue
2026-09-22T19:15:53.8567851Z + for f in /proc/irq/[0-9]*/smp_affinity_list
2026-09-22T19:15:53.8568158Z + irq=26/smp_affinity_list
2026-09-22T19:15:53.8568390Z + irq=26
2026-09-22T19:15:53.8568571Z + [[ -n 1 ]]
2026-09-22T19:15:53.8568761Z + continue
2026-09-22T19:15:53.8568991Z + for f in /proc/irq/[0-9]*/smp_affinity_list
2026-09-22T19:15:53.8569295Z + irq=27/smp_affinity_list
2026-09-22T19:15:53.8569610Z + irq=27
2026-09-22T19:15:53.8569799Z + [[ -n 1 ]]
2026-09-22T19:15:53.8569985Z + continue
2026-09-22T19:15:53.8570204Z + for f in /proc/irq/[0-9]*/smp_affinity_list
2026-09-22T19:15:53.8570509Z + irq=28/smp_affinity_list
2026-09-22T19:15:53.8570740Z + irq=28
2026-09-22T19:15:53.8570920Z + [[ -n 1 ]]
2026-09-22T19:15:53.8571361Z + continue
2026-09-22T19:15:53.8571585Z + for f in /proc/irq/[0-9]*/smp_affinity_list
2026-09-22T19:15:53.8571887Z + irq=29/smp_affinity_list
2026-09-22T19:15:53.8572118Z + irq=29
2026-09-22T19:15:53.8572300Z + [[ -n 1 ]]
2026-09-22T19:15:53.8572495Z + continue
2026-09-22T19:15:53.8572716Z + for f in /proc/irq/[0-9]*/smp_affinity_list
2026-09-22T19:15:53.8573020Z + irq=3/smp_affinity_list
2026-09-22T19:15:53.8573251Z + irq=3
2026-09-22T19:15:53.8573429Z + [[ -n '' ]]
2026-09-22T19:15:53.8573619Z + echo 0,1
2026-09-22T19:15:53.8573799Z + true
2026-09-22T19:15:53.8574020Z + for f in /proc/irq/[0-9]*/smp_affinity_list
2026-09-22T19:15:53.8574323Z + irq=30/smp_affinity_list
2026-09-22T19:15:53.8574551Z + irq=30
2026-09-22T19:15:53.8574733Z + [[ -n 1 ]]
2026-09-22T19:15:53.8574921Z + continue
2026-09-22T19:15:53.8575142Z + for f in /proc/irq/[0-9]*/smp_affinity_list
2026-09-22T19:15:53.8575450Z + irq=31/smp_affinity_list
2026-09-22T19:15:53.8575682Z + irq=31
2026-09-22T19:15:53.8575870Z + [[ -n 1 ]]
2026-09-22T19:15:53.8576058Z + continue
2026-09-22T19:15:53.8576280Z + for f in /proc/irq/[0-9]*/smp_affinity_list
2026-09-22T19:15:53.8576579Z + irq=32/smp_affinity_list
2026-09-22T19:15:53.8576810Z + irq=32
2026-09-22T19:15:53.8577130Z + [[ -n 1 ]]
2026-09-22T19:15:53.8577321Z + continue
2026-09-22T19:15:53.8577538Z + for f in /proc/irq/[0-9]*/smp_affinity_list
2026-09-22T19:15:53.8577840Z + irq=33/smp_affinity_list
2026-09-22T19:15:53.8578077Z + irq=33
2026-09-22T19:15:53.8578259Z + [[ -n 1 ]]
2026-09-22T19:15:53.8578447Z + continue
2026-09-22T19:15:53.8578860Z + for f in /proc/irq/[0-9]*/smp_affinity_list
2026-09-22T19:15:53.8579190Z + irq=34/smp_affinity_list
2026-09-22T19:15:53.8579418Z + irq=34
2026-09-22T19:15:53.8579670Z + [[ -n 1 ]]
2026-09-22T19:15:53.8579867Z + continue
2026-09-22T19:15:53.8580092Z + for f in /proc/irq/[0-9]*/smp_affinity_list
2026-09-22T19:15:53.8580397Z + irq=35/smp_affinity_list
2026-09-22T19:15:53.8580662Z + irq=35
2026-09-22T19:15:53.8580845Z + [[ -n 1 ]]
2026-09-22T19:15:53.8581043Z + continue
2026-09-22T19:15:53.8581265Z + for f in /proc/irq/[0-9]*/smp_affinity_list
2026-09-22T19:15:53.8581571Z + irq=36/smp_affinity_list
2026-09-22T19:15:53.8581801Z + irq=36
2026-09-22T19:15:53.8581981Z + [[ -n 1 ]]
2026-09-22T19:15:53.8582176Z + continue
2026-09-22T19:15:53.8582398Z + for f in /proc/irq/[0-9]*/smp_affinity_list
2026-09-22T19:15:53.8582700Z + irq=37/smp_affinity_list
2026-09-22T19:15:53.8582933Z + irq=37
2026-09-22T19:15:53.8583114Z + [[ -n 1 ]]
2026-09-22T19:15:53.8583308Z + continue
2026-09-22T19:15:53.8583533Z + for f in /proc/irq/[0-9]*/smp_affinity_list
2026-09-22T19:15:53.8583846Z + irq=38/smp_affinity_list
2026-09-22T19:15:53.8584077Z + irq=38
2026-09-22T19:15:53.8584259Z + [[ -n 1 ]]
2026-09-22T19:15:53.8584451Z + continue
2026-09-22T19:15:53.8584671Z + for f in /proc/irq/[0-9]*/smp_affinity_list
2026-09-22T19:15:53.8584979Z + irq=39/smp_affinity_list
2026-09-22T19:15:53.8585214Z + irq=39
2026-09-22T19:15:53.8585403Z + [[ -n 1 ]]
2026-09-22T19:15:53.8585600Z + continue
2026-09-22T19:15:53.8585820Z + for f in /proc/irq/[0-9]*/smp_affinity_list
2026-09-22T19:15:53.8586127Z + irq=4/smp_affinity_list
2026-09-22T19:15:53.8586353Z + irq=4
2026-09-22T19:15:53.8586535Z + [[ -n '' ]]
2026-09-22T19:15:53.8586728Z + echo 0,1
2026-09-22T19:15:53.8586912Z + true
2026-09-22T19:15:53.8587130Z + for f in /proc/irq/[0-9]*/smp_affinity_list
2026-09-22T19:15:53.8587436Z + irq=40/smp_affinity_list
2026-09-22T19:15:53.8587670Z + irq=40
2026-09-22T19:15:53.8587850Z + [[ -n 1 ]]
2026-09-22T19:15:53.8588046Z + continue
2026-09-22T19:15:53.8588273Z + for f in /proc/irq/[0-9]*/smp_affinity_list
2026-09-22T19:15:53.8588587Z + irq=41/smp_affinity_list
2026-09-22T19:15:53.8588820Z + irq=41
2026-09-22T19:15:53.8589006Z + [[ -n 1 ]]
2026-09-22T19:15:53.8589202Z + continue
2026-09-22T19:15:53.8589425Z + for f in /proc/irq/[0-9]*/smp_affinity_list
2026-09-22T19:15:53.8589831Z + irq=42/smp_affinity_list
2026-09-22T19:15:53.8590069Z + irq=42
2026-09-22T19:15:53.8590257Z + [[ -n '' ]]
2026-09-22T19:15:53.8590672Z + echo 0,1
2026-09-22T19:15:53.8590856Z + true
2026-09-22T19:15:53.8591077Z + for f in /proc/irq/[0-9]*/smp_affinity_list
2026-09-22T19:15:53.8591383Z + irq=43/smp_affinity_list
2026-09-22T19:15:53.8591613Z + irq=43
2026-09-22T19:15:53.8591794Z + [[ -n '' ]]
2026-09-22T19:15:53.8591989Z + echo 0,1
2026-09-22T19:15:53.8592174Z + true
2026-09-22T19:15:53.8592392Z + for f in /proc/irq/[0-9]*/smp_affinity_list
2026-09-22T19:15:53.8592700Z + irq=44/smp_affinity_list
2026-09-22T19:15:53.8592932Z + irq=44
2026-09-22T19:15:53.8593113Z + [[ -n '' ]]
2026-09-22T19:15:53.8593306Z + echo 0,1
2026-09-22T19:15:53.8593495Z + true
2026-09-22T19:15:53.8593713Z + for f in /proc/irq/[0-9]*/smp_affinity_list
2026-09-22T19:15:53.8594018Z + irq=45/smp_affinity_list
2026-09-22T19:15:53.8594255Z + irq=45
2026-09-22T19:15:53.8594437Z + [[ -n '' ]]
2026-09-22T19:15:53.8594632Z + echo 0,1
2026-09-22T19:15:53.8594854Z + for f in /proc/irq/[0-9]*/smp_affinity_list
2026-09-22T19:15:53.8595165Z + irq=46/smp_affinity_list
2026-09-22T19:15:53.8595405Z + irq=46
2026-09-22T19:15:53.8595588Z + [[ -n '' ]]
2026-09-22T19:15:53.8595783Z + echo 0,1
2026-09-22T19:15:53.8596003Z + for f in /proc/irq/[0-9]*/smp_affinity_list
2026-09-22T19:15:53.8596307Z + irq=47/smp_affinity_list
2026-09-22T19:15:53.8596538Z + irq=47
2026-09-22T19:15:53.8596723Z + [[ -n '' ]]
2026-09-22T19:15:53.8596914Z + echo 0,1
2026-09-22T19:15:53.8597132Z + for f in /proc/irq/[0-9]*/smp_affinity_list
2026-09-22T19:15:53.8597439Z + irq=48/smp_affinity_list
2026-09-22T19:15:53.8597669Z + irq=48
2026-09-22T19:15:53.8597849Z + [[ -n '' ]]
2026-09-22T19:15:53.8598229Z + echo 0,1
2026-09-22T19:15:53.8598479Z + for f in /proc/irq/[0-9]*/smp_affinity_list
2026-09-22T19:15:53.8598785Z + irq=49/smp_affinity_list
2026-09-22T19:15:53.8599014Z + irq=49
2026-09-22T19:15:53.8599202Z + [[ -n '' ]]
2026-09-22T19:15:53.8599393Z + echo 0,1
2026-09-22T19:15:53.8599689Z + for f in /proc/irq/[0-9]*/smp_affinity_list
2026-09-22T19:15:53.8599999Z + irq=5/smp_affinity_list
2026-09-22T19:15:53.8600238Z + irq=5
2026-09-22T19:15:53.8600417Z + [[ -n '' ]]
2026-09-22T19:15:53.8600606Z + echo 0,1
2026-09-22T19:15:53.8600787Z + true
2026-09-22T19:15:53.8601001Z + for f in /proc/irq/[0-9]*/smp_affinity_list
2026-09-22T19:15:53.8601304Z + irq=50/smp_affinity_list
2026-09-22T19:15:53.8601533Z + irq=50
2026-09-22T19:15:53.8601718Z + [[ -n '' ]]
2026-09-22T19:15:53.8601909Z + echo 0,1
2026-09-22T19:15:53.8602129Z + for f in /proc/irq/[0-9]*/smp_affinity_list
2026-09-22T19:15:53.8602436Z + irq=51/smp_affinity_list
2026-09-22T19:15:53.8602663Z + irq=51
2026-09-22T19:15:53.8602845Z + [[ -n '' ]]
2026-09-22T19:15:53.8603040Z + echo 0,1
2026-09-22T19:15:53.8603262Z + for f in /proc/irq/[0-9]*/smp_affinity_list
2026-09-22T19:15:53.8603564Z + irq=52/smp_affinity_list
2026-09-22T19:15:53.8603791Z + irq=52
2026-09-22T19:15:53.8603976Z + [[ -n '' ]]
2026-09-22T19:15:53.8604167Z + echo 0,1
2026-09-22T19:15:53.8604386Z + for f in /proc/irq/[0-9]*/smp_affinity_list
2026-09-22T19:15:53.8604689Z + irq=53/smp_affinity_list
2026-09-22T19:15:53.8604930Z + irq=53
2026-09-22T19:15:53.8605110Z + [[ -n '' ]]
2026-09-22T19:15:53.8605297Z + echo 0,1
2026-09-22T19:15:53.8605517Z + for f in /proc/irq/[0-9]*/smp_affinity_list
2026-09-22T19:15:53.8605816Z + irq=54/smp_affinity_list
2026-09-22T19:15:53.8606044Z + irq=54
2026-09-22T19:15:53.8606224Z + [[ -n '' ]]
2026-09-22T19:15:53.8606417Z + echo 0,1
2026-09-22T19:15:53.8606638Z + for f in /proc/irq/[0-9]*/smp_affinity_list
2026-09-22T19:15:53.8606944Z + irq=55/smp_affinity_list
2026-09-22T19:15:53.8607182Z + irq=55
2026-09-22T19:15:53.8607362Z + [[ -n '' ]]
2026-09-22T19:15:53.8607560Z + echo 0,1
2026-09-22T19:15:53.8607783Z + for f in /proc/irq/[0-9]*/smp_affinity_list
2026-09-22T19:15:53.8608086Z + irq=56/smp_affinity_list
2026-09-22T19:15:53.8608318Z + irq=56
2026-09-22T19:15:53.8608501Z + [[ -n '' ]]
2026-09-22T19:15:53.8608695Z + echo 0,1
2026-09-22T19:15:53.8608914Z + for f in /proc/irq/[0-9]*/smp_affinity_list
2026-09-22T19:15:53.8609216Z + irq=57/smp_affinity_list
2026-09-22T19:15:53.8609765Z + irq=57
2026-09-22T19:15:53.8609950Z + [[ -n '' ]]
2026-09-22T19:15:53.8610141Z + echo 0,1
2026-09-22T19:15:53.8610362Z + for f in /proc/irq/[0-9]*/smp_affinity_list
2026-09-22T19:15:53.8610666Z + irq=58/smp_affinity_list
2026-09-22T19:15:53.8610893Z + irq=58
2026-09-22T19:15:53.8611073Z + [[ -n '' ]]
2026-09-22T19:15:53.8611264Z + echo 0,1
2026-09-22T19:15:53.8611484Z + for f in /proc/irq/[0-9]*/smp_affinity_list
2026-09-22T19:15:53.8611783Z + irq=59/smp_affinity_list
2026-09-22T19:15:53.8612014Z + irq=59
2026-09-22T19:15:53.8612198Z + [[ -n '' ]]
2026-09-22T19:15:53.8612387Z + echo 0,1
2026-09-22T19:15:53.8612611Z + for f in /proc/irq/[0-9]*/smp_affinity_list
2026-09-22T19:15:53.8612916Z + irq=6/smp_affinity_list
2026-09-22T19:15:53.8613141Z + irq=6
2026-09-22T19:15:53.8613317Z + [[ -n '' ]]
2026-09-22T19:15:53.8613508Z + echo 0,1
2026-09-22T19:15:53.8613688Z + true
2026-09-22T19:15:53.8613906Z + for f in /proc/irq/[0-9]*/smp_affinity_list
2026-09-22T19:15:53.8614206Z + irq=60/smp_affinity_list
2026-09-22T19:15:53.8614443Z + irq=60
2026-09-22T19:15:53.8614621Z + [[ -n '' ]]
2026-09-22T19:15:53.8614813Z + echo 0,1
2026-09-22T19:15:53.8615031Z + for f in /proc/irq/[0-9]*/smp_affinity_list
2026-09-22T19:15:53.8615334Z + irq=61/smp_affinity_list
2026-09-22T19:15:53.8615564Z + irq=61
2026-09-22T19:15:53.8615746Z + [[ -n '' ]]
2026-09-22T19:15:53.8615938Z + echo 0,1
2026-09-22T19:15:53.8616162Z + for f in /proc/irq/[0-9]*/smp_affinity_list
2026-09-22T19:15:53.8616465Z + irq=62/smp_affinity_list
2026-09-22T19:15:53.8616696Z + irq=62
2026-09-22T19:15:53.8616879Z + [[ -n '' ]]
2026-09-22T19:15:53.8617270Z + echo 0,1
2026-09-22T19:15:53.8617541Z + for f in /proc/irq/[0-9]*/smp_affinity_list
2026-09-22T19:15:53.8617848Z + irq=63/smp_affinity_list
2026-09-22T19:15:53.8618077Z + irq=63
2026-09-22T19:15:53.8618255Z + [[ -n '' ]]
2026-09-22T19:15:53.8618445Z + echo 0,1
2026-09-22T19:15:53.8618668Z + for f in /proc/irq/[0-9]*/smp_affinity_list
2026-09-22T19:15:53.8618968Z + irq=64/smp_affinity_list
2026-09-22T19:15:53.8619203Z + irq=64
2026-09-22T19:15:53.8619384Z + [[ -n '' ]]
2026-09-22T19:15:53.8619642Z + echo 0,1
2026-09-22T19:15:53.8619861Z + for f in /proc/irq/[0-9]*/smp_affinity_list
2026-09-22T19:15:53.8620160Z + irq=65/smp_affinity_list
2026-09-22T19:15:53.8620391Z + irq=65
2026-09-22T19:15:53.8620569Z + [[ -n '' ]]
2026-09-22T19:15:53.8620757Z + echo 0,1
2026-09-22T19:15:53.8620979Z + for f in /proc/irq/[0-9]*/smp_affinity_list
2026-09-22T19:15:53.8621280Z + irq=66/smp_affinity_list
2026-09-22T19:15:53.8621508Z + irq=66
2026-09-22T19:15:53.8621690Z + [[ -n '' ]]
2026-09-22T19:15:53.8621881Z + echo 0,1
2026-09-22T19:15:53.8622106Z + for f in /proc/irq/[0-9]*/smp_affinity_list
2026-09-22T19:15:53.8622411Z + irq=67/smp_affinity_list
2026-09-22T19:15:53.8622645Z + irq=67
2026-09-22T19:15:53.8622824Z + [[ -n '' ]]
2026-09-22T19:15:53.8623012Z + echo 0,1
2026-09-22T19:15:53.8623229Z + for f in /proc/irq/[0-9]*/smp_affinity_list
2026-09-22T19:15:53.8623535Z + irq=68/smp_affinity_list
2026-09-22T19:15:53.8623771Z + irq=68
2026-09-22T19:15:53.8623952Z + [[ -n '' ]]
2026-09-22T19:15:53.8624142Z + echo 0,1
2026-09-22T19:15:53.8624360Z + for f in /proc/irq/[0-9]*/smp_affinity_list
2026-09-22T19:15:53.8624662Z + irq=69/smp_affinity_list
2026-09-22T19:15:53.8624893Z + irq=69
2026-09-22T19:15:53.8625078Z + [[ -n '' ]]
2026-09-22T19:15:53.8625268Z + echo 0,1
2026-09-22T19:15:53.8625485Z + for f in /proc/irq/[0-9]*/smp_affinity_list
2026-09-22T19:15:53.8625792Z + irq=7/smp_affinity_list
2026-09-22T19:15:53.8626022Z + irq=7
2026-09-22T19:15:53.8626202Z + [[ -n '' ]]
2026-09-22T19:15:53.8626390Z + echo 0,1
2026-09-22T19:15:53.8626578Z + true
2026-09-22T19:15:53.8626799Z + for f in /proc/irq/[0-9]*/smp_affinity_list
2026-09-22T19:15:53.8627101Z + irq=70/smp_affinity_list
2026-09-22T19:15:53.8627337Z + irq=70
2026-09-22T19:15:53.8627517Z + [[ -n '' ]]
2026-09-22T19:15:53.8627707Z + echo 0,1
2026-09-22T19:15:53.8627927Z + for f in /proc/irq/[0-9]*/smp_affinity_list
2026-09-22T19:15:53.8628233Z + irq=71/smp_affinity_list
2026-09-22T19:15:53.8628770Z + irq=71
2026-09-22T19:15:53.8628950Z + [[ -n '' ]]
2026-09-22T19:15:53.8629145Z + echo 0,1
2026-09-22T19:15:53.8629364Z + for f in /proc/irq/[0-9]*/smp_affinity_list
2026-09-22T19:15:53.8629730Z + irq=72/smp_affinity_list
2026-09-22T19:15:53.8629961Z + irq=72
2026-09-22T19:15:53.8630145Z + [[ -n '' ]]
2026-09-22T19:15:53.8630339Z + echo 0,1
2026-09-22T19:15:53.8630556Z + for f in /proc/irq/[0-9]*/smp_affinity_list
2026-09-22T19:15:53.8630864Z + irq=73/smp_affinity_list
2026-09-22T19:15:53.8631095Z + irq=73
2026-09-22T19:15:53.8631272Z + [[ -n '' ]]
2026-09-22T19:15:53.8631461Z + echo 0,1
2026-09-22T19:15:53.8631689Z + for f in /proc/irq/[0-9]*/smp_affinity_list
2026-09-22T19:15:53.8631987Z + irq=74/smp_affinity_list
2026-09-22T19:15:53.8632213Z + irq=74
2026-09-22T19:15:53.8632396Z + [[ -n '' ]]
2026-09-22T19:15:53.8632588Z + echo 0,1
2026-09-22T19:15:53.8632806Z + for f in /proc/irq/[0-9]*/smp_affinity_list
2026-09-22T19:15:53.8633105Z + irq=75/smp_affinity_list
2026-09-22T19:15:53.8633344Z + irq=75
2026-09-22T19:15:53.8633524Z + [[ -n '' ]]
2026-09-22T19:15:53.8633716Z + echo 0,1
2026-09-22T19:15:53.8633937Z + for f in /proc/irq/[0-9]*/smp_affinity_list
2026-09-22T19:15:53.8634240Z + irq=76/smp_affinity_list
2026-09-22T19:15:53.8634470Z + irq=76
2026-09-22T19:15:53.8634654Z + [[ -n '' ]]
2026-09-22T19:15:53.8634847Z + echo 0,1
2026-09-22T19:15:53.8635070Z + for f in /proc/irq/[0-9]*/smp_affinity_list
2026-09-22T19:15:53.8635372Z + irq=77/smp_affinity_list
2026-09-22T19:15:53.8635610Z + irq=77
2026-09-22T19:15:53.8635791Z + [[ -n '' ]]
2026-09-22T19:15:53.8635984Z + echo 0,1
2026-09-22T19:15:53.8636403Z + for f in /proc/irq/[0-9]*/smp_affinity_list
2026-09-22T19:15:53.8636731Z + irq=78/smp_affinity_list
2026-09-22T19:15:53.8636961Z + irq=78
2026-09-22T19:15:53.8637139Z + [[ -n '' ]]
2026-09-22T19:15:53.8637331Z + echo 0,1
2026-09-22T19:15:53.8637549Z + for f in /proc/irq/[0-9]*/smp_affinity_list
2026-09-22T19:15:53.8637848Z + irq=79/smp_affinity_list
2026-09-22T19:15:53.8638079Z + irq=79
2026-09-22T19:15:53.8638319Z + [[ -n '' ]]
2026-09-22T19:15:53.8638726Z + echo 0,1
2026-09-22T19:15:53.8639033Z + for f in /proc/irq/[0-9]*/smp_affinity_list
2026-09-22T19:15:53.8639391Z + irq=8/smp_affinity_list
2026-09-22T19:15:53.8639829Z + irq=8
2026-09-22T19:15:53.8650230Z + [[ -n '' ]]
2026-09-22T19:15:53.8650485Z + echo 0,1
2026-09-22T19:15:53.8650670Z + true
2026-09-22T19:15:53.8650796Z + for f in /proc/irq/[0-9]*/smp_affinity_list
2026-09-22T19:15:53.8650887Z + irq=80/smp_affinity_list
2026-09-22T19:15:53.8650967Z + irq=80
2026-09-22T19:15:53.8651048Z + [[ -n '' ]]
2026-09-22T19:15:53.8651122Z + echo 0,1
2026-09-22T19:15:53.8651259Z + for f in /proc/irq/[0-9]*/smp_affinity_list
2026-09-22T19:15:53.8651348Z + irq=81/smp_affinity_list
2026-09-22T19:15:53.8651425Z + irq=81
2026-09-22T19:15:53.8651504Z + [[ -n '' ]]
2026-09-22T19:15:53.8651578Z + echo 0,1
2026-09-22T19:15:53.8651694Z + for f in /proc/irq/[0-9]*/smp_affinity_list
2026-09-22T19:15:53.8651785Z + irq=82/smp_affinity_list
2026-09-22T19:15:53.8651867Z + irq=82
2026-09-22T19:15:53.8651946Z + [[ -n '' ]]
2026-09-22T19:15:53.8652023Z + echo 0,1
2026-09-22T19:15:53.8652135Z + for f in /proc/irq/[0-9]*/smp_affinity_list
2026-09-22T19:15:53.8652227Z + irq=83/smp_affinity_list
2026-09-22T19:15:53.8652307Z + irq=83
2026-09-22T19:15:53.8652382Z + [[ -n '' ]]
2026-09-22T19:15:53.8652458Z + echo 0,1
2026-09-22T19:15:53.8652572Z + for f in /proc/irq/[0-9]*/smp_affinity_list
2026-09-22T19:15:53.8652658Z + irq=84/smp_affinity_list
2026-09-22T19:15:53.8652734Z + irq=84
2026-09-22T19:15:53.8652813Z + [[ -n '' ]]
2026-09-22T19:15:53.8652887Z + echo 0,1
2026-09-22T19:15:53.8653007Z + for f in /proc/irq/[0-9]*/smp_affinity_list
2026-09-22T19:15:53.8653099Z + irq=85/smp_affinity_list
2026-09-22T19:15:53.8653173Z + irq=85
2026-09-22T19:15:53.8653250Z + [[ -n '' ]]
2026-09-22T19:15:53.8653328Z + echo 0,1
2026-09-22T19:15:53.8653437Z + for f in /proc/irq/[0-9]*/smp_affinity_list
2026-09-22T19:15:53.8653528Z + irq=86/smp_affinity_list
2026-09-22T19:15:53.8653605Z + irq=86
2026-09-22T19:15:53.8653985Z + [[ -n '' ]]
2026-09-22T19:15:53.8654074Z + echo 0,1
2026-09-22T19:15:53.8654196Z + for f in /proc/irq/[0-9]*/smp_affinity_list
2026-09-22T19:15:53.8654283Z + irq=87/smp_affinity_list
2026-09-22T19:15:53.8654360Z + irq=87
2026-09-22T19:15:53.8654441Z + [[ -n '' ]]
2026-09-22T19:15:53.8654516Z + echo 0,1
2026-09-22T19:15:53.8654631Z + for f in /proc/irq/[0-9]*/smp_affinity_list
2026-09-22T19:15:53.8654717Z + irq=88/smp_affinity_list
2026-09-22T19:15:53.8654794Z + irq=88
2026-09-22T19:15:53.8654871Z + [[ -n '' ]]
2026-09-22T19:15:53.8654945Z + echo 0,1
2026-09-22T19:15:53.8655065Z + for f in /proc/irq/[0-9]*/smp_affinity_list
2026-09-22T19:15:53.8655157Z + irq=89/smp_affinity_list
2026-09-22T19:15:53.8655230Z + irq=89
2026-09-22T19:15:53.8655309Z + [[ -n '' ]]
2026-09-22T19:15:53.8655386Z + echo 0,1
2026-09-22T19:15:53.8655496Z + for f in /proc/irq/[0-9]*/smp_affinity_list
2026-09-22T19:15:53.8655588Z + irq=9/smp_affinity_list
2026-09-22T19:15:53.8655664Z + irq=9
2026-09-22T19:15:53.8655743Z + [[ -n '' ]]
2026-09-22T19:15:53.8655822Z + echo 0,1
2026-09-22T19:15:53.8655897Z + true
2026-09-22T19:15:53.8656009Z + for f in /proc/irq/[0-9]*/smp_affinity_list
2026-09-22T19:15:53.8656100Z + irq=90/smp_affinity_list
2026-09-22T19:15:53.8656177Z + irq=90
2026-09-22T19:15:53.8656252Z + [[ -n '' ]]
2026-09-22T19:15:53.8656329Z + echo 0,1
2026-09-22T19:15:53.8656442Z + for f in /proc/irq/[0-9]*/smp_affinity_list
2026-09-22T19:15:53.8656530Z + irq=91/smp_affinity_list
2026-09-22T19:15:53.8656606Z + irq=91
2026-09-22T19:15:53.8656685Z + [[ -n '' ]]
2026-09-22T19:15:53.8656758Z + echo 0,1
2026-09-22T19:15:53.8657019Z + for f in /proc/irq/[0-9]*/smp_affinity_list
2026-09-22T19:15:53.8657134Z + irq=92/smp_affinity_list
2026-09-22T19:15:53.8657209Z + irq=92
2026-09-22T19:15:53.8657288Z + [[ -n '' ]]
2026-09-22T19:15:53.8657366Z + echo 0,1
2026-09-22T19:15:53.8657479Z + for f in /proc/irq/[0-9]*/smp_affinity_list
2026-09-22T19:15:53.8657569Z + irq=93/smp_affinity_list
2026-09-22T19:15:53.8657642Z + irq=93
2026-09-22T19:15:53.8657726Z + [[ -n '' ]]
2026-09-22T19:15:53.8657802Z + echo 0,1
2026-09-22T19:15:53.8657915Z + for f in /proc/irq/[0-9]*/smp_affinity_list
2026-09-22T19:15:53.8658007Z + irq=94/smp_affinity_list
2026-09-22T19:15:53.8658084Z + irq=94
2026-09-22T19:15:53.8658158Z + [[ -n '' ]]
2026-09-22T19:15:53.8658234Z + echo 0,1
2026-09-22T19:15:53.8658323Z + command -v python3
2026-09-22T19:15:53.8658430Z ++ expand_cpulist 0,1
2026-09-22T19:15:53.8658510Z ++ [[ -n 0,1 ]]
2026-09-22T19:15:53.8658598Z ++ local parts part
2026-09-22T19:15:53.8658672Z ++ IFS=,
2026-09-22T19:15:53.8658756Z ++ read -ra parts
2026-09-22T19:15:53.8658991Z ++ python3 -c 'import sys; print(f"{sum(1 << int(l) for l in sys.stdin):x}")'
2026-09-22T19:15:53.8659087Z ++ for part in "${parts[@]}"
2026-09-22T19:15:53.8659164Z ++ seq 0 0
2026-09-22T19:15:53.8659258Z ++ for part in "${parts[@]}"
2026-09-22T19:15:53.8659331Z ++ seq 1 1
2026-09-22T19:15:53.8737813Z + wq_mask=3
2026-09-22T19:15:53.8738004Z + sysfs_write /sys/devices/virtual/workqueue/cpumask 3
2026-09-22T19:15:53.8738099Z + [[ -n 3 ]]
2026-09-22T19:15:53.8738235Z + [[ -w /sys/devices/virtual/workqueue/cpumask ]]
2026-09-22T19:15:53.8738314Z + echo 3
2026-09-22T19:15:53.8744206Z + mkdir -p /etc/systemd/system.conf.d
2026-09-22T19:15:53.8754169Z + cat
2026-09-22T19:15:53.8762677Z + systemctl daemon-reexec
2026-09-22T19:15:54.6119790Z + cat
2026-09-22T19:15:54.6128136Z + chmod 0644 /tmp/vortex-benchmark.env
2026-09-22T19:15:54.6357721Z ##[group]Run CodSpeedHQ/action@4296e51e7041e24dadb86d1d6e8b9320d223dbe8
2026-09-22T19:15:54.6358157Z with:
2026-09-22T19:15:54.6358478Z   run: bash scripts/bench-taskset.sh cargo codspeed run -- '.*::neon::'
2026-09-22T19:15:54.6359270Z   token: ***
2026-09-22T19:15:54.6359575Z   mode: walltime
2026-09-22T19:15:54.6359798Z   cache-instruments: true
2026-09-22T19:15:54.6360094Z   instruments-cache-dir: ~/.cache/codspeed-action
2026-09-22T19:15:54.6360420Z   allow-empty: false
2026-09-22T19:15:54.6360660Z   skip-hash-check-warning: false
2026-09-22T19:15:54.6361170Z env:
2026-09-22T19:15:54.6361364Z   CARGO_TERM_COLOR: always
2026-09-22T19:15:54.6361614Z   RUST_BACKTRACE: 1
2026-09-22T19:15:54.6361850Z   NIGHTLY_TOOLCHAIN: nightly-2026-09-10
2026-09-22T19:15:54.6362161Z   RUNNER_TOOL_CACHE: /opt/hostedtoolcache
2026-09-22T19:15:54.6362457Z   RUNS_ON_HOME: /runs-on
2026-09-22T19:15:54.6362693Z   RUNS_ON_VERSION: v3.3.0
2026-09-22T19:15:54.6362974Z   RUNS_ON_AGENT_BINARY: /runs-on/agent
2026-09-22T19:15:54.6363256Z   RUNS_ON_AGENT_ARCH: arm64
2026-09-22T19:15:54.6363501Z   RUNS_ON_AGENT_USER: runner
2026-09-22T19:15:54.6363762Z   RUNS_ON_AMI_ID: ami-098c62767651982c5
2026-09-22T19:15:54.6364047Z   RUNS_ON_AWS_REGION: us-east-1
2026-09-22T19:15:54.6364305Z   RUNS_ON_AWS_AZ: us-east-1b
2026-09-22T19:15:54.6364587Z   RUNS_ON_ENV_CUSTOM_FILE: /runs-on/env.custom
2026-09-22T19:15:54.6364910Z   RUNS_ON_INSTANCE_ID: i-0bd6f4346462a8591
2026-09-22T19:15:54.6365211Z   RUNS_ON_INSTANCE_LIFECYCLE: spot
2026-09-22T19:15:54.6365492Z   RUNS_ON_INSTANCE_TYPE: c7g.metal
2026-09-22T19:15:54.6365773Z   RUNS_ON_STACK_NAME: runs-on-v3
2026-09-22T19:15:54.6366121Z   RUNS_ON_S3_BUCKET_CACHE: runs-on-v3-s3bucketcache-dbnub4tpjhpv
2026-09-22T19:15:54.6366539Z   ACTIONS_RUNNER_HOOK_JOB_STARTED: /runs-on/pre.sh
2026-09-22T19:15:54.6366923Z   ACTIONS_RUNNER_HOOK_JOB_COMPLETED: /runs-on/post.sh
2026-09-22T19:15:54.6367289Z   GITHUB_SERVER_URL: https://github.com/
2026-09-22T19:15:54.6367615Z   GITHUB_API_URL: https://api.github.com/
2026-09-22T19:15:54.6367917Z   GITHUB_HOST: github.com
2026-09-22T19:15:54.6368241Z   RUNS_ON_RUNNER_NAME: runs-on--i-0bd6f4346462a8591--cdd1183a-6
2026-09-22T19:15:54.6368650Z   RUNS_ON_INSTANCE_LAUNCHED_AT: 2026-09-22T19:14:21Z
2026-09-22T19:15:54.6369005Z   ACTIONS_CACHE_URL: http://10.1.17.104:6871/
2026-09-22T19:15:54.6369321Z   ACTIONS_CACHE_SERVICE_V2: true
2026-09-22T19:15:54.6369705Z   ACTIONS_RESULTS_URL: http://10.1.17.104:6871/
2026-09-22T19:15:54.6370099Z   RUNS_ON_S3_CACHE_REPO_PREFIX: cache/repo/vortex-data/vortex
2026-09-22T19:15:54.6370481Z   RUNS_ON_ACTION_COST_TRACKING_CLAIMED: true
2026-09-22T19:15:54.6370793Z   RUSTUP_TOOLCHAIN: 1.98.0
2026-09-22T19:15:54.6371043Z   DIVAN_SAMPLE_COUNT: 1000
2026-09-22T19:15:54.6371274Z ##[endgroup]
2026-09-22T19:15:54.6376673Z ##[start-action display=Determine runner and kernel version;id=__CodSpeedHQ_action.versions]
2026-09-22T19:15:54.6393349Z ##[group]Run RUNNER_VERSION=""
2026-09-22T19:15:54.6393667Z [36;1mRUNNER_VERSION=""[0m
2026-09-22T19:15:54.6393958Z [36;1mif [ -z "$RUNNER_VERSION" ]; then[0m
2026-09-22T19:15:54.6394390Z [36;1m  RUNNER_VERSION=$(cat $GITHUB_ACTION_PATH/.codspeed-runner-version)[0m
2026-09-22T19:15:54.6394799Z [36;1mfi[0m
2026-09-22T19:15:54.6395094Z [36;1m# Strip 'v' prefix if present to normalize version format[0m
2026-09-22T19:15:54.6395502Z [36;1mRUNNER_VERSION="${RUNNER_VERSION#v}"[0m
2026-09-22T19:15:54.6395800Z [36;1m[0m
2026-09-22T19:15:54.6396160Z [36;1m# Detect version type (priority: latest > version number > branch/rev prefixes)[0m
2026-09-22T19:15:54.6396661Z [36;1mif [ "$RUNNER_VERSION" = "latest" ]; then[0m
2026-09-22T19:15:54.6396983Z [36;1m  VERSION_TYPE="latest"[0m
2026-09-22T19:15:54.6397378Z [36;1melif echo "$RUNNER_VERSION" | grep -qE '^[0-9]+\.[0-9]+\.[0-9]+-'; then[0m
2026-09-22T19:15:54.6397813Z [36;1m  VERSION_TYPE="prerelease"[0m
2026-09-22T19:15:54.6398218Z [36;1melif echo "$RUNNER_VERSION" | grep -qE '^[0-9]+\.[0-9]+\.[0-9]+'; then[0m
2026-09-22T19:15:54.6398871Z [36;1m  VERSION_TYPE="release"[0m
2026-09-22T19:15:54.6399269Z [36;1melif echo "$RUNNER_VERSION" | grep -q '^branch:'; then[0m
2026-09-22T19:15:54.6399728Z [36;1m  VERSION_TYPE="branch"[0m
2026-09-22T19:15:54.6400125Z [36;1m  RUNNER_VERSION=$(echo "$RUNNER_VERSION" | sed 's/^branch://')[0m
2026-09-22T19:15:54.6400595Z [36;1melif echo "$RUNNER_VERSION" | grep -q '^rev:'; then[0m
2026-09-22T19:15:54.6400948Z [36;1m  VERSION_TYPE="rev"[0m
2026-09-22T19:15:54.6401296Z [36;1m  RUNNER_VERSION=$(echo "$RUNNER_VERSION" | sed 's/^rev://')[0m
2026-09-22T19:15:54.6401667Z [36;1melse[0m
2026-09-22T19:15:54.6402053Z [36;1m  # Default to release version[0m
2026-09-22T19:15:54.6402348Z [36;1m  VERSION_TYPE="release"[0m
2026-09-22T19:15:54.6402604Z [36;1mfi[0m
2026-09-22T19:15:54.6402791Z [36;1m[0m
2026-09-22T19:15:54.6403080Z [36;1mecho "runner-version=$RUNNER_VERSION" >> $GITHUB_OUTPUT[0m
2026-09-22T19:15:54.6403535Z [36;1mecho "version-type=$VERSION_TYPE" >> $GITHUB_OUTPUT[0m
2026-09-22T19:15:54.6403886Z [36;1m[0m
2026-09-22T19:15:54.6404105Z [36;1m# Get kernel version for cache key[0m
2026-09-22T19:15:54.6404419Z [36;1mKERNEL_VERSION=$(uname -r)[0m
2026-09-22T19:15:54.6404791Z [36;1mecho "kernel-version=$KERNEL_VERSION" >> $GITHUB_OUTPUT[0m
2026-09-22T19:15:54.6405149Z [36;1m[0m
2026-09-22T19:15:54.6405475Z [36;1m# Normalize mode for cache key (commas are not allowed in cache keys)[0m
2026-09-22T19:15:54.6405944Z [36;1mMODE_CACHE_KEY=$(echo "walltime" | tr ',' '-')[0m
2026-09-22T19:15:54.6406364Z [36;1mecho "mode-cache-key=$MODE_CACHE_KEY" >> $GITHUB_OUTPUT[0m
2026-09-22T19:15:54.6429337Z shell: /usr/bin/bash --noprofile --norc -e -o pipefail {0}
2026-09-22T19:15:54.6429809Z env:
2026-09-22T19:15:54.6430011Z   CARGO_TERM_COLOR: always
2026-09-22T19:15:54.6430252Z   RUST_BACKTRACE: 1
2026-09-22T19:15:54.6430494Z   NIGHTLY_TOOLCHAIN: nightly-2026-09-10
2026-09-22T19:15:54.6430807Z   RUNNER_TOOL_CACHE: /opt/hostedtoolcache
2026-09-22T19:15:54.6431096Z   RUNS_ON_HOME: /runs-on
2026-09-22T19:15:54.6431347Z   RUNS_ON_VERSION: v3.3.0
2026-09-22T19:15:54.6431605Z   RUNS_ON_AGENT_BINARY: /runs-on/agent
2026-09-22T19:15:54.6431891Z   RUNS_ON_AGENT_ARCH: arm64
2026-09-22T19:15:54.6432143Z   RUNS_ON_AGENT_USER: runner
2026-09-22T19:15:54.6432408Z   RUNS_ON_AMI_ID: ami-098c62767651982c5
2026-09-22T19:15:54.6432696Z   RUNS_ON_AWS_REGION: us-east-1
2026-09-22T19:15:54.6432957Z   RUNS_ON_AWS_AZ: us-east-1b
2026-09-22T19:15:54.6433241Z   RUNS_ON_ENV_CUSTOM_FILE: /runs-on/env.custom
2026-09-22T19:15:54.6433567Z   RUNS_ON_INSTANCE_ID: i-0bd6f4346462a8591
2026-09-22T19:15:54.6433876Z   RUNS_ON_INSTANCE_LIFECYCLE: spot
2026-09-22T19:15:54.6434156Z   RUNS_ON_INSTANCE_TYPE: c7g.metal
2026-09-22T19:15:54.6434435Z   RUNS_ON_STACK_NAME: runs-on-v3
2026-09-22T19:15:54.6434793Z   RUNS_ON_S3_BUCKET_CACHE: runs-on-v3-s3bucketcache-dbnub4tpjhpv
2026-09-22T19:15:54.6435216Z   ACTIONS_RUNNER_HOOK_JOB_STARTED: /runs-on/pre.sh
2026-09-22T19:15:54.6435594Z   ACTIONS_RUNNER_HOOK_JOB_COMPLETED: /runs-on/post.sh
2026-09-22T19:15:54.6435958Z   GITHUB_SERVER_URL: https://github.com/
2026-09-22T19:15:54.6436277Z   GITHUB_API_URL: https://api.github.com/
2026-09-22T19:15:54.6436581Z   GITHUB_HOST: github.com
2026-09-22T19:15:54.6436908Z   RUNS_ON_RUNNER_NAME: runs-on--i-0bd6f4346462a8591--cdd1183a-6
2026-09-22T19:15:54.6437315Z   RUNS_ON_INSTANCE_LAUNCHED_AT: 2026-09-22T19:14:21Z
2026-09-22T19:15:54.6437668Z   ACTIONS_CACHE_URL: http://10.1.17.104:6871/
2026-09-22T19:15:54.6437982Z   ACTIONS_CACHE_SERVICE_V2: true
2026-09-22T19:15:54.6438279Z   ACTIONS_RESULTS_URL: http://10.1.17.104:6871/
2026-09-22T19:15:54.6438681Z   RUNS_ON_S3_CACHE_REPO_PREFIX: cache/repo/vortex-data/vortex
2026-09-22T19:15:54.6439066Z   RUNS_ON_ACTION_COST_TRACKING_CLAIMED: true
2026-09-22T19:15:54.6439373Z   RUSTUP_TOOLCHAIN: 1.98.0
2026-09-22T19:15:54.6439731Z   DIVAN_SAMPLE_COUNT: 1000
2026-09-22T19:15:54.6439976Z ##[endgroup]
2026-09-22T19:15:54.6579895Z ##[end-action id=__CodSpeedHQ_action.versions;outcome=success;conclusion=success;duration_ms=20]
2026-09-22T19:15:54.6582614Z ##[start-action display=Cache CodSpeed instruments;id=__CodSpeedHQ_action.__actions_cache]
2026-09-22T19:15:54.6621971Z ##[group]Run actions/cache@668228422ae6a00e4ad889ee87cd7109ec5666a7
2026-09-22T19:15:54.6622343Z with:
2026-09-22T19:15:54.6622553Z   path: ~/.cache/codspeed-action
2026-09-22T19:15:54.6622959Z   key: codspeed-instruments-walltime-Linux-ARM64-6.17.0-1019-aws-5.0.2
2026-09-22T19:15:54.6623547Z   restore-keys: codspeed-instruments-walltime-Linux-ARM64-6.17.0-1019-aws-

2026-09-22T19:15:54.6624012Z   enableCrossOsArchive: false
2026-09-22T19:15:54.6624486Z   fail-on-cache-miss: false
2026-09-22T19:15:54.6624736Z   lookup-only: false
2026-09-22T19:15:54.6624963Z   save-always: false
2026-09-22T19:15:54.6625172Z env:
2026-09-22T19:15:54.6625364Z   CARGO_TERM_COLOR: always
2026-09-22T19:15:54.6625604Z   RUST_BACKTRACE: 1
2026-09-22T19:15:54.6625839Z   NIGHTLY_TOOLCHAIN: nightly-2026-09-10
2026-09-22T19:15:54.6626153Z   RUNNER_TOOL_CACHE: /opt/hostedtoolcache
2026-09-22T19:15:54.6626451Z   RUNS_ON_HOME: /runs-on
2026-09-22T19:15:54.6626694Z   RUNS_ON_VERSION: v3.3.0
2026-09-22T19:15:54.6626954Z   RUNS_ON_AGENT_BINARY: /runs-on/agent
2026-09-22T19:15:54.6627241Z   RUNS_ON_AGENT_ARCH: arm64
2026-09-22T19:15:54.6627495Z   RUNS_ON_AGENT_USER: runner
2026-09-22T19:15:54.6627759Z   RUNS_ON_AMI_ID: ami-098c62767651982c5
2026-09-22T19:15:54.6628046Z   RUNS_ON_AWS_REGION: us-east-1
2026-09-22T19:15:54.6628312Z   RUNS_ON_AWS_AZ: us-east-1b
2026-09-22T19:15:54.6628595Z   RUNS_ON_ENV_CUSTOM_FILE: /runs-on/env.custom
2026-09-22T19:15:54.6628922Z   RUNS_ON_INSTANCE_ID: i-0bd6f4346462a8591
2026-09-22T19:15:54.6629231Z   RUNS_ON_INSTANCE_LIFECYCLE: spot
2026-09-22T19:15:54.6629632Z   RUNS_ON_INSTANCE_TYPE: c7g.metal
2026-09-22T19:15:54.6629915Z   RUNS_ON_STACK_NAME: runs-on-v3
2026-09-22T19:15:54.6630267Z   RUNS_ON_S3_BUCKET_CACHE: runs-on-v3-s3bucketcache-dbnub4tpjhpv
2026-09-22T19:15:54.6630691Z   ACTIONS_RUNNER_HOOK_JOB_STARTED: /runs-on/pre.sh
2026-09-22T19:15:54.6631073Z   ACTIONS_RUNNER_HOOK_JOB_COMPLETED: /runs-on/post.sh
2026-09-22T19:15:54.6631437Z   GITHUB_SERVER_URL: https://github.com/
2026-09-22T19:15:54.6631757Z   GITHUB_API_URL: https://api.github.com/
2026-09-22T19:15:54.6632056Z   GITHUB_HOST: github.com
2026-09-22T19:15:54.6632381Z   RUNS_ON_RUNNER_NAME: runs-on--i-0bd6f4346462a8591--cdd1183a-6
2026-09-22T19:15:54.6632793Z   RUNS_ON_INSTANCE_LAUNCHED_AT: 2026-09-22T19:14:21Z
2026-09-22T19:15:54.6633144Z   ACTIONS_CACHE_URL: http://10.1.17.104:6871/
2026-09-22T19:15:54.6633460Z   ACTIONS_CACHE_SERVICE_V2: true
2026-09-22T19:15:54.6633757Z   ACTIONS_RESULTS_URL: http://10.1.17.104:6871/
2026-09-22T19:15:54.6634148Z   RUNS_ON_S3_CACHE_REPO_PREFIX: cache/repo/vortex-data/vortex
2026-09-22T19:15:54.6634530Z   RUNS_ON_ACTION_COST_TRACKING_CLAIMED: true
2026-09-22T19:15:54.6634835Z   RUSTUP_TOOLCHAIN: 1.98.0
2026-09-22T19:15:54.6635079Z   DIVAN_SAMPLE_COUNT: 1000
2026-09-22T19:15:54.6635312Z ##[endgroup]
2026-09-22T19:15:54.8681386Z Cache not found for input keys: codspeed-instruments-walltime-Linux-ARM64-6.17.0-1019-aws-5.0.2, codspeed-instruments-walltime-Linux-ARM64-6.17.0-1019-aws-
2026-09-22T19:15:54.8730689Z ##[end-action id=__CodSpeedHQ_action.__actions_cache;outcome=success;conclusion=success;duration_ms=214]
2026-09-22T19:15:54.8733961Z ##[start-action display=Lookup installer hash;id=__CodSpeedHQ_action.installer-hash]
2026-09-22T19:15:54.8794905Z ##[group]Run actions/github-script@ed597411d8f924073f98dfc5c65a23a2325f34cd
2026-09-22T19:15:54.8795313Z with:
2026-09-22T19:15:54.8796126Z   script: const hashes = require(`${process.env.GITHUB_ACTION_PATH}/.codspeed-runner-installer-hashes.json`)
const version = process.env.RUNNER_VERSION
core.setOutput('hash', hashes[version] || '')

2026-09-22T19:15:54.8799621Z   github-token: ***
2026-09-22T19:15:54.8799856Z   debug: false
2026-09-22T19:15:54.8800081Z   user-agent: actions/github-script
2026-09-22T19:15:54.8800360Z   result-encoding: json
2026-09-22T19:15:54.8800590Z   retries: 0
2026-09-22T19:15:54.8801070Z   retry-exempt-status-codes: 400,401,403,404,422
2026-09-22T19:15:54.8801402Z env:
2026-09-22T19:15:54.8801599Z   CARGO_TERM_COLOR: always
2026-09-22T19:15:54.8801836Z   RUST_BACKTRACE: 1
2026-09-22T19:15:54.8802068Z   NIGHTLY_TOOLCHAIN: nightly-2026-09-10
2026-09-22T19:15:54.8802373Z   RUNNER_TOOL_CACHE: /opt/hostedtoolcache
2026-09-22T19:15:54.8802665Z   RUNS_ON_HOME: /runs-on
2026-09-22T19:15:54.8802900Z   RUNS_ON_VERSION: v3.3.0
2026-09-22T19:15:54.8803155Z   RUNS_ON_AGENT_BINARY: /runs-on/agent
2026-09-22T19:15:54.8803442Z   RUNS_ON_AGENT_ARCH: arm64
2026-09-22T19:15:54.8803692Z   RUNS_ON_AGENT_USER: runner
2026-09-22T19:15:54.8804165Z   RUNS_ON_AMI_ID: ami-098c62767651982c5
2026-09-22T19:15:54.8804455Z   RUNS_ON_AWS_REGION: us-east-1
2026-09-22T19:15:54.8804711Z   RUNS_ON_AWS_AZ: us-east-1b
2026-09-22T19:15:54.8804988Z   RUNS_ON_ENV_CUSTOM_FILE: /runs-on/env.custom
2026-09-22T19:15:54.8805315Z   RUNS_ON_INSTANCE_ID: i-0bd6f4346462a8591
2026-09-22T19:15:54.8805618Z   RUNS_ON_INSTANCE_LIFECYCLE: spot
2026-09-22T19:15:54.8805902Z   RUNS_ON_INSTANCE_TYPE: c7g.metal
2026-09-22T19:15:54.8806177Z   RUNS_ON_STACK_NAME: runs-on-v3
2026-09-22T19:15:54.8806535Z   RUNS_ON_S3_BUCKET_CACHE: runs-on-v3-s3bucketcache-dbnub4tpjhpv
2026-09-22T19:15:54.8806957Z   ACTIONS_RUNNER_HOOK_JOB_STARTED: /runs-on/pre.sh
2026-09-22T19:15:54.8807332Z   ACTIONS_RUNNER_HOOK_JOB_COMPLETED: /runs-on/post.sh
2026-09-22T19:15:54.8807695Z   GITHUB_SERVER_URL: https://github.com/
2026-09-22T19:15:54.8808013Z   GITHUB_API_URL: https://api.github.com/
2026-09-22T19:15:54.8808310Z   GITHUB_HOST: github.com
2026-09-22T19:15:54.8808635Z   RUNS_ON_RUNNER_NAME: runs-on--i-0bd6f4346462a8591--cdd1183a-6
2026-09-22T19:15:54.8809050Z   RUNS_ON_INSTANCE_LAUNCHED_AT: 2026-09-22T19:14:21Z
2026-09-22T19:15:54.8809402Z   ACTIONS_CACHE_URL: http://10.1.17.104:6871/
2026-09-22T19:15:54.8809812Z   ACTIONS_CACHE_SERVICE_V2: true
2026-09-22T19:15:54.8810114Z   ACTIONS_RESULTS_URL: http://10.1.17.104:6871/
2026-09-22T19:15:54.8810507Z   RUNS_ON_S3_CACHE_REPO_PREFIX: cache/repo/vortex-data/vortex
2026-09-22T19:15:54.8810895Z   RUNS_ON_ACTION_COST_TRACKING_CLAIMED: true
2026-09-22T19:15:54.8811198Z   RUSTUP_TOOLCHAIN: 1.98.0
2026-09-22T19:15:54.8811443Z   DIVAN_SAMPLE_COUNT: 1000
2026-09-22T19:15:54.8811681Z   RUNNER_VERSION: 5.0.2
2026-09-22T19:15:54.8811907Z ##[endgroup]
2026-09-22T19:15:54.9623419Z ##[end-action id=__CodSpeedHQ_action.installer-hash;outcome=success;conclusion=success;duration_ms=88]
2026-09-22T19:15:54.9625859Z ##[start-action display=Install CodSpeed runner;id=__CodSpeedHQ_action.__run]
2026-09-22T19:15:54.9644232Z ##[group]Run RUNNER_VERSION="5.0.2"
2026-09-22T19:15:54.9644619Z [36;1mRUNNER_VERSION="5.0.2"[0m
2026-09-22T19:15:54.9644898Z [36;1mVERSION_TYPE="release"[0m
2026-09-22T19:15:54.9645150Z [36;1m[0m
2026-09-22T19:15:54.9645365Z [36;1mSKIP_HASH_CHECK_WARNING="false"[0m
2026-09-22T19:15:54.9645650Z [36;1m[0m
2026-09-22T19:15:54.9645878Z [36;1mif [ "$VERSION_TYPE" = "latest" ]; then[0m
2026-09-22T19:15:54.9646267Z [36;1m  if [ "$SKIP_HASH_CHECK_WARNING" != "true" ]; then[0m
2026-09-22T19:15:54.9647042Z [36;1m    echo "::warning::Hash verification is not available when using 'latest' version. Consider pinning a specific version for supply chain security."[0m
2026-09-22T19:15:54.9647747Z [36;1m  fi[0m
2026-09-22T19:15:54.9648093Z [36;1m  curl -fsSL https://codspeed.io/install.sh | bash -s -- --quiet[0m
2026-09-22T19:15:54.9648561Z [36;1melif [ "$VERSION_TYPE" = "prerelease" ]; then[0m
2026-09-22T19:15:54.9649133Z [36;1m  # Prereleases are not pinned, so install from the versioned installer without hash verification.[0m
2026-09-22T19:15:54.9650113Z [36;1m  if [ "$SKIP_HASH_CHECK_WARNING" != "true" ]; then[0m
2026-09-22T19:15:54.9650690Z [36;1m    echo "::warning::Hash verification is not available for prerelease version $RUNNER_VERSION."[0m
2026-09-22T19:15:54.9651195Z [36;1m  fi[0m
2026-09-22T19:15:54.9651590Z [36;1m  curl -fsSL "https://codspeed.io/v$RUNNER_VERSION/install.sh" | bash -s -- --quiet[0m
2026-09-22T19:15:54.9652337Z [36;1melif [ "$VERSION_TYPE" = "branch" ]; then[0m
2026-09-22T19:15:54.9652733Z [36;1m  # Install from specific branch using cargo[0m
2026-09-22T19:15:54.9653121Z [36;1m  if [ "$SKIP_HASH_CHECK_WARNING" != "true" ]; then[0m
2026-09-22T19:15:54.9653656Z [36;1m    echo "::warning::Hash verification is not available when installing from a branch."[0m
2026-09-22T19:15:54.9654123Z [36;1m  fi[0m
2026-09-22T19:15:54.9654337Z [36;1m  source $HOME/.cargo/env[0m
2026-09-22T19:15:54.9654923Z [36;1m  cargo install --locked --git https://github.com/CodSpeedHQ/codspeed --branch "$RUNNER_VERSION" codspeed-runner[0m
2026-09-22T19:15:54.9655727Z [36;1melif [ "$VERSION_TYPE" = "rev" ]; then[0m
2026-09-22T19:15:54.9656101Z [36;1m  # Install from specific commit/rev using cargo[0m
2026-09-22T19:15:54.9656502Z [36;1m  if [ "$SKIP_HASH_CHECK_WARNING" != "true" ]; then[0m
2026-09-22T19:15:54.9657037Z [36;1m    echo "::warning::Hash verification is not available when installing from a revision."[0m
2026-09-22T19:15:54.9657517Z [36;1m  fi[0m
2026-09-22T19:15:54.9657732Z [36;1m  source $HOME/.cargo/env[0m
2026-09-22T19:15:54.9658294Z [36;1m  cargo install --locked --git https://github.com/CodSpeedHQ/codspeed --rev "$RUNNER_VERSION" codspeed-runner[0m
2026-09-22T19:15:54.9658864Z [36;1melse[0m
2026-09-22T19:15:54.9659167Z [36;1m  # Release version - download to temp file and verify hash[0m
2026-09-22T19:15:54.9660295Z [36;1m  INSTALLER_URL="https://codspeed.io/v$RUNNER_VERSION/install.sh"[0m
2026-09-22T19:15:54.9660738Z [36;1m  INSTALLER_TMP=$(mktemp)[0m
2026-09-22T19:15:54.9661046Z [36;1m  trap "rm -f $INSTALLER_TMP" EXIT[0m
2026-09-22T19:15:54.9661345Z [36;1m[0m
2026-09-22T19:15:54.9661545Z [36;1m  CURL_ERR=$(mktemp)[0m
2026-09-22T19:15:54.9662037Z [36;1m  if ! HTTP_CODE=$(curl -sSL -o "$INSTALLER_TMP" -w "%{http_code}" "$INSTALLER_URL" 2>"$CURL_ERR"); then[0m
2026-09-22T19:15:54.9662978Z [36;1m    echo "::error title=Failed to install CodSpeed CLI::Installation of CodSpeed CLI with version $RUNNER_VERSION failed.%0AReason: $(cat "$CURL_ERR")"[0m
2026-09-22T19:15:54.9663677Z [36;1m    exit 1[0m
2026-09-22T19:15:54.9663892Z [36;1m  fi[0m
2026-09-22T19:15:54.9664118Z [36;1m  if [ "$HTTP_CODE" -ge 400 ]; then[0m
2026-09-22T19:15:54.9664447Z [36;1m    error_body=$(cat "$INSTALLER_TMP")[0m
2026-09-22T19:15:54.9665296Z [36;1m    echo "::error title=Failed to install CodSpeed CLI::Installation of CodSpeed CLI with version $RUNNER_VERSION failed.%0AReason: HTTP $HTTP_CODE - ${error_body:-no response body}"[0m
2026-09-22T19:15:54.9666116Z [36;1m    exit 1[0m
2026-09-22T19:15:54.9666334Z [36;1m  fi[0m
2026-09-22T19:15:54.9666528Z [36;1m[0m
2026-09-22T19:15:54.9666923Z [36;1m  EXPECTED_HASH="4ea0e3b0425e01498ff1b70fba78228eedb4dd58efb6093360776fc6e4eae1a9"[0m
2026-09-22T19:15:54.9667434Z [36;1m  if [ -z "$EXPECTED_HASH" ]; then[0m
2026-09-22T19:15:54.9668085Z [36;1m    echo "::error::No pinned hash found for installer version $RUNNER_VERSION. Update .codspeed-runner-installer-hashes.json."[0m
2026-09-22T19:15:54.9668718Z [36;1m    exit 1[0m
2026-09-22T19:15:54.9668929Z [36;1m  fi[0m
2026-09-22T19:15:54.9669124Z [36;1m[0m
2026-09-22T19:15:54.9669419Z [36;1m  ACTUAL_HASH=$(sha256sum "$INSTALLER_TMP" | awk '{print $1}')[0m
2026-09-22T19:15:54.9669949Z [36;1m  if [ "$ACTUAL_HASH" != "$EXPECTED_HASH" ]; then[0m
2026-09-22T19:15:54.9670586Z [36;1m    echo "::error::Installer hash mismatch for version $RUNNER_VERSION. Expected: $EXPECTED_HASH, Got: $ACTUAL_HASH"[0m
2026-09-22T19:15:54.9671162Z [36;1m    exit 1[0m
2026-09-22T19:15:54.9671372Z [36;1m  fi[0m
2026-09-22T19:15:54.9671688Z [36;1m  echo "Installer hash verified for version $RUNNER_VERSION"[0m
2026-09-22T19:15:54.9672064Z [36;1m[0m
2026-09-22T19:15:54.9672278Z [36;1m  bash "$INSTALLER_TMP" --quiet[0m
2026-09-22T19:15:54.9672556Z [36;1mfi[0m
2026-09-22T19:15:54.9695503Z shell: /usr/bin/bash --noprofile --norc -e -o pipefail {0}
2026-09-22T19:15:54.9695856Z env:
2026-09-22T19:15:54.9696051Z   CARGO_TERM_COLOR: always
2026-09-22T19:15:54.9696473Z   RUST_BACKTRACE: 1
2026-09-22T19:15:54.9696733Z   NIGHTLY_TOOLCHAIN: nightly-2026-09-10
2026-09-22T19:15:54.9697053Z   RUNNER_TOOL_CACHE: /opt/hostedtoolcache
2026-09-22T19:15:54.9697346Z   RUNS_ON_HOME: /runs-on
2026-09-22T19:15:54.9697586Z   RUNS_ON_VERSION: v3.3.0
2026-09-22T19:15:54.9697843Z   RUNS_ON_AGENT_BINARY: /runs-on/agent
2026-09-22T19:15:54.9698123Z   RUNS_ON_AGENT_ARCH: arm64
2026-09-22T19:15:54.9698377Z   RUNS_ON_AGENT_USER: runner
2026-09-22T19:15:54.9698641Z   RUNS_ON_AMI_ID: ami-098c62767651982c5
2026-09-22T19:15:54.9698928Z   RUNS_ON_AWS_REGION: us-east-1
2026-09-22T19:15:54.9699348Z   RUNS_ON_AWS_AZ: us-east-1b
2026-09-22T19:15:54.9699718Z   RUNS_ON_ENV_CUSTOM_FILE: /runs-on/env.custom
2026-09-22T19:15:54.9700044Z   RUNS_ON_INSTANCE_ID: i-0bd6f4346462a8591
2026-09-22T19:15:54.9700349Z   RUNS_ON_INSTANCE_LIFECYCLE: spot
2026-09-22T19:15:54.9700633Z   RUNS_ON_INSTANCE_TYPE: c7g.metal
2026-09-22T19:15:54.9700908Z   RUNS_ON_STACK_NAME: runs-on-v3
2026-09-22T19:15:54.9701276Z   RUNS_ON_S3_BUCKET_CACHE: runs-on-v3-s3bucketcache-dbnub4tpjhpv
2026-09-22T19:15:54.9701696Z   ACTIONS_RUNNER_HOOK_JOB_STARTED: /runs-on/pre.sh
2026-09-22T19:15:54.9702075Z   ACTIONS_RUNNER_HOOK_JOB_COMPLETED: /runs-on/post.sh
2026-09-22T19:15:54.9702435Z   GITHUB_SERVER_URL: https://github.com/
2026-09-22T19:15:54.9702759Z   GITHUB_API_URL: https://api.github.com/
2026-09-22T19:15:54.9703059Z   GITHUB_HOST: github.com
2026-09-22T19:15:54.9703383Z   RUNS_ON_RUNNER_NAME: runs-on--i-0bd6f4346462a8591--cdd1183a-6
2026-09-22T19:15:54.9703796Z   RUNS_ON_INSTANCE_LAUNCHED_AT: 2026-09-22T19:14:21Z
2026-09-22T19:15:54.9704157Z   ACTIONS_CACHE_URL: http://10.1.17.104:6871/
2026-09-22T19:15:54.9704476Z   ACTIONS_CACHE_SERVICE_V2: true
2026-09-22T19:15:54.9704778Z   ACTIONS_RESULTS_URL: http://10.1.17.104:6871/
2026-09-22T19:15:54.9705169Z   RUNS_ON_S3_CACHE_REPO_PREFIX: cache/repo/vortex-data/vortex
2026-09-22T19:15:54.9705553Z   RUNS_ON_ACTION_COST_TRACKING_CLAIMED: true
2026-09-22T19:15:54.9705867Z   RUSTUP_TOOLCHAIN: 1.98.0
2026-09-22T19:15:54.9706120Z   DIVAN_SAMPLE_COUNT: 1000
2026-09-22T19:15:54.9706356Z ##[endgroup]
2026-09-22T19:15:55.2752704Z Installer hash verified for version 5.0.2
2026-09-22T19:15:55.6704365Z ##[end-action id=__CodSpeedHQ_action.__run;outcome=success;conclusion=success;duration_ms=707]
2026-09-22T19:15:55.6737201Z ##[start-action display=Run the benchmarks;id=__CodSpeedHQ_action.__run_2]
2026-09-22T19:15:55.6755968Z ##[group]Run # Validate required inputs
2026-09-22T19:15:55.6756344Z [36;1m# Validate required inputs[0m
2026-09-22T19:15:55.6756715Z [36;1m# (custom message for smoother v4 migration)[0m
2026-09-22T19:15:55.6757089Z [36;1mif [ -z "walltime" ]; then[0m
2026-09-22T19:15:55.6758732Z [36;1m  echo "::error title=Missing required input 'mode'::The 'mode' input is required as of CodSpeed Action v4. Please explicitly set 'mode' to 'simulation' or 'walltime'. Before, this variable was automatically set to instrumentation on every runner except for CodSpeed macro runners where it was set to walltime by default. See https://codspeed.io/docs/instruments for details."[0m
2026-09-22T19:15:55.6760948Z [36;1m  exit 1[0m
2026-09-22T19:15:55.6761165Z [36;1mfi[0m
2026-09-22T19:15:55.6761358Z [36;1m[0m
2026-09-22T19:15:55.6761582Z [36;1m# Build the runner arguments array[0m
2026-09-22T19:15:55.6761887Z [36;1mRUNNER_ARGS=()[0m
2026-09-22T19:15:55.6762370Z [36;1mif [ -n "***" ]; then[0m
2026-09-22T19:15:55.6762748Z [36;1m  RUNNER_ARGS+=(--token "***")[0m
2026-09-22T19:15:55.6763024Z [36;1mfi[0m
2026-09-22T19:15:55.6763225Z [36;1mif [ -n "" ]; then[0m
2026-09-22T19:15:55.6763527Z [36;1m  RUNNER_ARGS+=(--working-directory="")[0m
2026-09-22T19:15:55.6763835Z [36;1mfi[0m
2026-09-22T19:15:55.6764039Z [36;1mif [ -n "" ]; then[0m
2026-09-22T19:15:55.6764312Z [36;1m  RUNNER_ARGS+=(--upload-url="")[0m
2026-09-22T19:15:55.6764595Z [36;1mfi[0m
2026-09-22T19:15:55.6764807Z [36;1mif [ -n "walltime" ]; then[0m
2026-09-22T19:15:55.6765376Z [36;1m  RUNNER_ARGS+=(--mode="walltime")[0m
2026-09-22T19:15:55.6765697Z [36;1mfi[0m
2026-09-22T19:15:55.6765906Z [36;1mif [ -n "" ]; then[0m
2026-09-22T19:15:55.6766180Z [36;1m  RUNNER_ARGS+=(--instruments="")[0m
2026-09-22T19:15:55.6766467Z [36;1mfi[0m
2026-09-22T19:15:55.6766665Z [36;1mif [ -n "" ]; then[0m
2026-09-22T19:15:55.6766960Z [36;1m  RUNNER_ARGS+=(--mongo-uri-env-name="")[0m
2026-09-22T19:15:55.6767268Z [36;1mfi[0m
2026-09-22T19:15:55.6767566Z [36;1mif [ "true" = "true" ] && [ -n "~/.cache/codspeed-action" ]; then[0m
2026-09-22T19:15:55.6768062Z [36;1m  RUNNER_ARGS+=(--setup-cache-dir="~/.cache/codspeed-action")[0m
2026-09-22T19:15:55.6768628Z [36;1mfi[0m
2026-09-22T19:15:55.6768840Z [36;1mif [ "false" = "true" ]; then[0m
2026-09-22T19:15:55.6769140Z [36;1m  RUNNER_ARGS+=(--allow-empty)[0m
2026-09-22T19:15:55.6769415Z [36;1mfi[0m
2026-09-22T19:15:55.6769693Z [36;1mif [ -n "" ]; then[0m
2026-09-22T19:15:55.6769986Z [36;1m  RUNNER_ARGS+=(--go-runner-version="")[0m
2026-09-22T19:15:55.6770292Z [36;1mfi[0m
2026-09-22T19:15:55.6770498Z [36;1mif [ -n "" ]; then[0m
2026-09-22T19:15:55.6770758Z [36;1m  RUNNER_ARGS+=(--config="")[0m
2026-09-22T19:15:55.6771142Z [36;1mfi[0m
2026-09-22T19:15:55.6771345Z [36;1mif [ -n "" ]; then[0m
2026-09-22T19:15:55.6771633Z [36;1m  RUNNER_ARGS+=(--cycle-estimation="")[0m
2026-09-22T19:15:55.6772038Z [36;1mfi[0m
2026-09-22T19:15:55.6772240Z [36;1mif [ -n "" ]; then[0m
2026-09-22T19:15:55.6772539Z [36;1m  RUNNER_ARGS+=(--exclude-allocations="")[0m
2026-09-22T19:15:55.6772889Z [36;1mfi[0m
2026-09-22T19:15:55.6773087Z [36;1m[0m
2026-09-22T19:15:55.6773321Z [36;1mif [ -n "$CODSPEED_INPUT_RUN" ]; then[0m
2026-09-22T19:15:55.6773696Z [36;1m  RUNNER_ARGS+=(-- "$CODSPEED_INPUT_RUN")[0m
2026-09-22T19:15:55.6774010Z [36;1mfi[0m
2026-09-22T19:15:55.6774203Z [36;1m[0m
2026-09-22T19:15:55.6774464Z [36;1m# Run the benchmarks[0m
2026-09-22T19:15:55.6774757Z [36;1mcodspeed run "${RUNNER_ARGS[@]}"[0m
2026-09-22T19:15:55.6797734Z shell: /usr/bin/bash --noprofile --norc -e -o pipefail {0}
2026-09-22T19:15:55.6798090Z env:
2026-09-22T19:15:55.6798295Z   CARGO_TERM_COLOR: always
2026-09-22T19:15:55.6798536Z   RUST_BACKTRACE: 1
2026-09-22T19:15:55.6798778Z   NIGHTLY_TOOLCHAIN: nightly-2026-09-10
2026-09-22T19:15:55.6799142Z   RUNNER_TOOL_CACHE: /opt/hostedtoolcache
2026-09-22T19:15:55.6799644Z   RUNS_ON_HOME: /runs-on
2026-09-22T19:15:55.6799898Z   RUNS_ON_VERSION: v3.3.0
2026-09-22T19:15:55.6800221Z   RUNS_ON_AGENT_BINARY: /runs-on/agent
2026-09-22T19:15:55.6800512Z   RUNS_ON_AGENT_ARCH: arm64
2026-09-22T19:15:55.6800766Z   RUNS_ON_AGENT_USER: runner
2026-09-22T19:15:55.6801064Z   RUNS_ON_AMI_ID: ami-098c62767651982c5
2026-09-22T19:15:55.6801357Z   RUNS_ON_AWS_REGION: us-east-1
2026-09-22T19:15:55.6801620Z   RUNS_ON_AWS_AZ: us-east-1b
2026-09-22T19:15:55.6801905Z   RUNS_ON_ENV_CUSTOM_FILE: /runs-on/env.custom
2026-09-22T19:15:55.6802239Z   RUNS_ON_INSTANCE_ID: i-0bd6f4346462a8591
2026-09-22T19:15:55.6802542Z   RUNS_ON_INSTANCE_LIFECYCLE: spot
2026-09-22T19:15:55.6802831Z   RUNS_ON_INSTANCE_TYPE: c7g.metal
2026-09-22T19:15:55.6803110Z   RUNS_ON_STACK_NAME: runs-on-v3
2026-09-22T19:15:55.6803469Z   RUNS_ON_S3_BUCKET_CACHE: runs-on-v3-s3bucketcache-dbnub4tpjhpv
2026-09-22T19:15:55.6803895Z   ACTIONS_RUNNER_HOOK_JOB_STARTED: /runs-on/pre.sh
2026-09-22T19:15:55.6804274Z   ACTIONS_RUNNER_HOOK_JOB_COMPLETED: /runs-on/post.sh
2026-09-22T19:15:55.6804643Z   GITHUB_SERVER_URL: https://github.com/
2026-09-22T19:15:55.6804968Z   GITHUB_API_URL: https://api.github.com/
2026-09-22T19:15:55.6805267Z   GITHUB_HOST: github.com
2026-09-22T19:15:55.6805599Z   RUNS_ON_RUNNER_NAME: runs-on--i-0bd6f4346462a8591--cdd1183a-6
2026-09-22T19:15:55.6806019Z   RUNS_ON_INSTANCE_LAUNCHED_AT: 2026-09-22T19:14:21Z
2026-09-22T19:15:55.6806370Z   ACTIONS_CACHE_URL: http://10.1.17.104:6871/
2026-09-22T19:15:55.6806690Z   ACTIONS_CACHE_SERVICE_V2: true
2026-09-22T19:15:55.6806991Z   ACTIONS_RESULTS_URL: http://10.1.17.104:6871/
2026-09-22T19:15:55.6807384Z   RUNS_ON_S3_CACHE_REPO_PREFIX: cache/repo/vortex-data/vortex
2026-09-22T19:15:55.6808000Z   RUNS_ON_ACTION_COST_TRACKING_CLAIMED: true
2026-09-22T19:15:55.6808345Z   RUSTUP_TOOLCHAIN: 1.98.0
2026-09-22T19:15:55.6808594Z   DIVAN_SAMPLE_COUNT: 1000
2026-09-22T19:15:55.6809410Z   GH_MATRIX: {
  "features": "neon",
  "family": "c7g.metal",
  "build-family": "c7g.4xlarge",
  "image": "ubuntu24-full-arm64-pre-v2",
  "rustflags": "-C target-feature=+neon -C force-frame-pointers=yes"
}
2026-09-22T19:15:55.6810573Z   GH_STRATEGY: {
  "fail-fast": false,
  "job-index": 2,
  "job-total": 3,
  "max-parallel": 3
}
2026-09-22T19:15:55.6811275Z   CODSPEED_INPUT_RUN: bash scripts/bench-taskset.sh cargo codspeed run -- '.*::neon::'
2026-09-22T19:15:55.6811911Z ##[endgroup]
2026-09-22T19:15:55.7170092Z 
2026-09-22T19:15:55.7170618Z    ______            __ _____                         __
2026-09-22T19:15:55.7171174Z   / ____/____   ____/ // ___/ ____   ___   ___   ____/ /
2026-09-22T19:15:55.7171647Z  / /    / __ \ / __  / \__ \ / __ \ / _ \ / _ \ / __  /
2026-09-22T19:15:55.7172128Z / /___ / /_/ // /_/ / ___/ // /_/ //  __//  __// /_/ /
2026-09-22T19:15:55.7172604Z \____/ \____/ \__,_/ /____// .___/ \___/ \___/ \__,_/
2026-09-22T19:15:55.7173106Z   https://codspeed.io     /_/          runner v5.0.2
2026-09-22T19:15:55.7173483Z 
2026-09-22T19:15:55.7174467Z ##[group]Running the benchmarks
2026-09-22T19:16:03.6606489Z [cargo-codspeed] Measurement mode: Walltime
2026-09-22T19:16:03.6607002Z 
2026-09-22T19:16:03.6610204Z Collected 10 benchmark suite(s) to run
2026-09-22T19:16:03.6610528Z Running vortex-array row_fn_utf8
2026-09-22T19:16:03.6641422Z Timer precision: 29 ns
2026-09-22T19:16:03.6642472Z row_fn_utf8                          fastest       │ slowest       │ median        │ mean          │ samples │ iters
2026-09-22T19:16:03.6643483Z ╰─ neon::decode_neon                               │               │               │               │         │
2026-09-22T19:16:03.6644028Z    ╰─ 8192                                         │               │               │               │         │
2026-09-22T19:16:03.8568304Z       ├─ (External, AllValid)        112.6 µs      │ 134.5 µs      │ 112.8 µs      │ 114.1 µs      │ 1000    │ 1000
2026-09-22T19:16:03.8568958Z       │                              72.69 Mitem/s │ 60.87 Mitem/s │ 72.58 Mitem/s │ 71.75 Mitem/s │         │
2026-09-22T19:16:04.0461352Z       ├─ (External, OneNullInEight)  114.3 µs      │ 158.7 µs      │ 115.2 µs      │ 116.3 µs      │ 1000    │ 1000
2026-09-22T19:16:04.0462019Z       │                              71.64 Mitem/s │ 51.61 Mitem/s │ 71.07 Mitem/s │ 70.38 Mitem/s │         │
2026-09-22T19:16:04.1728597Z       ├─ (Inline, AllValid)          53.73 µs      │ 77.09 µs      │ 53.76 µs      │ 54.15 µs      │ 1000    │ 1000
2026-09-22T19:16:04.1729367Z       │                              152.4 Mitem/s │ 106.2 Mitem/s │ 152.3 Mitem/s │ 151.2 Mitem/s │         │
2026-09-22T19:16:04.3064511Z       ╰─ (Inline, OneNullInEight)    59.67 µs      │ 82.34 µs      │ 60.8 µs       │ 61.09 µs      │ 1000    │ 1000
2026-09-22T19:16:04.3065176Z                                      137.2 Mitem/s │ 99.48 Mitem/s │ 134.7 Mitem/s │ 134 Mitem/s   │         │
2026-09-22T19:16:04.3065525Z 
2026-09-22T19:16:04.3070437Z Done running row_fn_utf8
2026-09-22T19:16:04.3070853Z Running vortex-array row_fn_output
2026-09-22T19:16:04.3099748Z Timer precision: 29 ns
2026-09-22T19:16:04.3100675Z row_fn_output                           fastest       │ slowest       │ median        │ mean          │ samples │ iters
2026-09-22T19:16:04.3101383Z ├─ neon::deferred_bool_constant_neon                  │               │               │               │         │
2026-09-22T19:16:04.3925154Z │  ├─ ConstantPerRow                    4.292 µs      │ 74.29 µs      │ 5.041 µs      │ 5.072 µs      │ 1000    │ 1000
2026-09-22T19:16:04.3926106Z │  │                                    3.816 Gitem/s │ 220.5 Mitem/s │ 3.249 Gitem/s │ 3.229 Gitem/s │         │
2026-09-22T19:16:04.4711086Z │  ╰─ PerRowConstant                    6.115 µs      │ 11.98 µs      │ 6.871 µs      │ 6.888 µs      │ 1000    │ 1000
2026-09-22T19:16:04.4711825Z │                                       2.679 Gitem/s │ 1.366 Gitem/s │ 2.384 Gitem/s │ 2.378 Gitem/s │         │
2026-09-22T19:16:04.4712455Z ├─ neon::deferred_i64_neon                            │               │               │               │         │
2026-09-22T19:16:04.5591998Z │  ╰─ PerRowPerRow                      14.83 µs      │ 21.79 µs      │ 15.16 µs      │ 15.3 µs       │ 1000    │ 1000
2026-09-22T19:16:04.5592743Z │                                       1.104 Gitem/s │ 751.6 Mitem/s │ 1.08 Gitem/s  │ 1.07 Gitem/s  │         │
2026-09-22T19:16:04.5593502Z ├─ neon::filtered_owned_i64_neon                      │               │               │               │         │
2026-09-22T19:16:04.6353763Z │  ├─ AllValid                          4.546 µs      │ 25.5 µs       │ 5.158 µs      │ 5.212 µs      │ 1000    │ 1000
2026-09-22T19:16:04.6354624Z │  │                                    3.603 Gitem/s │ 642.4 Mitem/s │ 3.176 Gitem/s │ 3.143 Gitem/s │         │
2026-09-22T19:16:04.7271496Z │  ├─ NineNullsInTen                    17.45 µs      │ 92.57 µs      │ 18.09 µs      │ 18.75 µs      │ 1000    │ 1000
2026-09-22T19:16:04.7272343Z │  │                                    938.5 Mitem/s │ 176.9 Mitem/s │ 905.6 Mitem/s │ 873.4 Mitem/s │         │
2026-09-22T19:16:04.8396816Z │  ╰─ OneNullInEight                    36.76 µs      │ 63.98 µs      │ 37.49 µs      │ 38.23 µs      │ 1000    │ 1000
2026-09-22T19:16:04.8397668Z │                                       445.6 Mitem/s │ 256 Mitem/s   │ 436.9 Mitem/s │ 428.5 Mitem/s │         │
2026-09-22T19:16:04.8398643Z ├─ neon::filtered_sink_i64_neon                       │               │               │               │         │
2026-09-22T19:16:04.9166928Z │  ├─ AllValid                          4.685 µs      │ 11.46 µs      │ 5.314 µs      │ 5.316 µs      │ 1000    │ 1000
2026-09-22T19:16:04.9167752Z │  │                                    3.496 Gitem/s │ 1.429 Gitem/s │ 3.083 Gitem/s │ 3.081 Gitem/s │         │
2026-09-22T19:16:05.0087559Z │  ├─ NineNullsInTen                    17.5 µs       │ 80.53 µs      │ 18.27 µs      │ 18.93 µs      │ 1000    │ 1000
2026-09-22T19:16:05.0088431Z │  │                                    935.9 Mitem/s │ 203.4 Mitem/s │ 896.7 Mitem/s │ 865.2 Mitem/s │         │
2026-09-22T19:16:05.1212454Z │  ╰─ OneNullInEight                    36.73 µs      │ 54.51 µs      │ 37.58 µs      │ 38.49 µs      │ 1000    │ 1000
2026-09-22T19:16:05.1213837Z │                                       445.9 Mitem/s │ 300.5 Mitem/s │ 435.9 Mitem/s │ 425.6 Mitem/s │         │
2026-09-22T19:16:05.1214769Z ├─ neon::infallible_bool_constant_neon                │               │               │               │         │
2026-09-22T19:16:05.1989564Z │  ├─ ConstantPerRow                    4.227 µs      │ 12.28 µs      │ 4.933 µs      │ 4.902 µs      │ 1000    │ 1000
2026-09-22T19:16:05.1990678Z │  │                                    3.875 Gitem/s │ 1.334 Gitem/s │ 3.32 Gitem/s  │ 3.342 Gitem/s │         │
2026-09-22T19:16:05.2749309Z │  ╰─ PerRowConstant                    4.321 µs      │ 9.554 µs      │ 4.84 µs       │ 4.855 µs      │ 1000    │ 1000
2026-09-22T19:16:05.2750947Z │                                       3.791 Gitem/s │ 1.714 Gitem/s │ 3.384 Gitem/s │ 3.374 Gitem/s │         │
2026-09-22T19:16:05.2751788Z ├─ neon::deferred_bool_neon                           │               │               │               │         │
2026-09-22T19:16:05.2752507Z │  ├─ i32                                             │               │               │               │         │
2026-09-22T19:16:05.3502993Z │  │  ╰─ PerRowPerRow                   4.138 µs      │ 150.1 µs      │ 4.66 µs       │ 4.832 µs      │ 1000    │ 1000
2026-09-22T19:16:05.3508900Z │  │                                    3.958 Gitem/s │ 109.1 Mitem/s │ 3.515 Gitem/s │ 3.39 Gitem/s  │         │
2026-09-22T19:16:05.3510623Z │  ╰─ i64                                             │               │               │               │         │
2026-09-22T19:16:05.4296769Z │     ╰─ PerRowPerRow                   7.199 µs      │ 13.6 µs       │ 7.983 µs      │ 8.02 µs       │ 1000    │ 1000
2026-09-22T19:16:05.4297809Z │                                       2.275 Gitem/s │ 1.204 Gitem/s │ 2.052 Gitem/s │ 2.042 Gitem/s │         │
2026-09-22T19:16:05.4305037Z ╰─ neon::infallible_bool_neon                         │               │               │               │         │
2026-09-22T19:16:05.4305666Z    ├─ i32                                             │               │               │               │         │
2026-09-22T19:16:05.5054273Z    │  ╰─ PerRowPerRow                   3.779 µs      │ 8.226 µs      │ 3.958 µs      │ 4.032 µs      │ 1000    │ 1000
2026-09-22T19:16:05.5055653Z    │                                    4.334 Gitem/s │ 1.991 Gitem/s │ 4.138 Gitem/s │ 4.063 Gitem/s │         │
2026-09-22T19:16:05.5056213Z    ╰─ i64                                             │               │               │               │         │
2026-09-22T19:16:05.5839271Z       ╰─ PerRowPerRow                   5.563 µs      │ 11.16 µs      │ 6.341 µs      │ 6.287 µs      │ 1000    │ 1000
2026-09-22T19:16:05.5840162Z                                         2.944 Gitem/s │ 1.467 Gitem/s │ 2.583 Gitem/s │ 2.605 Gitem/s │         │
2026-09-22T19:16:05.5840531Z 
2026-09-22T19:16:05.5860437Z Done running row_fn_output
2026-09-22T19:16:05.5860906Z Running vortex-array take_primitive
2026-09-22T19:16:05.5875124Z Timer precision: 29 ns
2026-09-22T19:16:05.5875753Z take_primitive                         fastest       │ slowest       │ median        │ mean          │ samples │ iters
2026-09-22T19:16:05.5876681Z ╰─ neon::dict_canonicalize_gt_u8_neon                │               │               │               │         │
2026-09-22T19:16:06.2335086Z    ╰─ 1000000                          547.4 µs      │ 629.5 µs      │ 553.9 µs      │ 554.4 µs      │ 1000    │ 1000
2026-09-22T19:16:06.2335749Z                                        1.826 Gitem/s │ 1.588 Gitem/s │ 1.805 Gitem/s │ 1.803 Gitem/s │         │
2026-09-22T19:16:06.2336110Z 
2026-09-22T19:16:06.2341127Z Done running take_primitive
2026-09-22T19:16:06.2341417Z Running vortex-array compare
2026-09-22T19:16:06.2367081Z Timer precision: 29 ns
2026-09-22T19:16:06.2367856Z compare                             fastest       │ slowest       │ median        │ mean          │ samples │ iters
2026-09-22T19:16:06.3200532Z ├─ neon::compare_f32_neon           5.604 µs      │ 69.62 µs      │ 6.146 µs      │ 6.235 µs      │ 1000    │ 1000
2026-09-22T19:16:06.3201175Z │                                   1.461 Gitem/s │ 117.6 Mitem/s │ 1.332 Gitem/s │ 1.313 Gitem/s │         │
2026-09-22T19:16:06.4019323Z ├─ neon::compare_float_neon         8.343 µs      │ 22.37 µs      │ 9.003 µs      │ 9.145 µs      │ 1000    │ 1000
2026-09-22T19:16:06.4020202Z │                                   981.8 Mitem/s │ 366 Mitem/s   │ 909.8 Mitem/s │ 895.7 Mitem/s │         │
2026-09-22T19:16:06.4783166Z ├─ neon::compare_int_constant_neon  4.109 µs      │ 23.69 µs      │ 4.378 µs      │ 4.498 µs      │ 1000    │ 1000
2026-09-22T19:16:06.4783999Z │                                   1.993 Gitem/s │ 345.6 Mitem/s │ 1.87 Gitem/s  │ 1.821 Gitem/s │         │
2026-09-22T19:16:06.5556993Z ├─ neon::compare_int_eq_neon        4.613 µs      │ 18.91 µs      │ 5.094 µs      │ 5.159 µs      │ 1000    │ 1000
2026-09-22T19:16:06.5557779Z │                                   1.775 Gitem/s │ 433 Mitem/s   │ 1.608 Gitem/s │ 1.587 Gitem/s │         │
2026-09-22T19:16:06.6332193Z ├─ neon::compare_int_neon           4.593 µs      │ 10.37 µs      │ 5.079 µs      │ 5.136 µs      │ 1000    │ 1000
2026-09-22T19:16:06.6333499Z │                                   1.783 Gitem/s │ 789.2 Mitem/s │ 1.612 Gitem/s │ 1.594 Gitem/s │         │
2026-09-22T19:16:06.7085183Z ├─ neon::compare_int_nullable_neon  5.037 µs      │ 19.04 µs      │ 5.517 µs      │ 5.605 µs      │ 1000    │ 1000
2026-09-22T19:16:06.7086121Z │                                   1.626 Gitem/s │ 430.2 Mitem/s │ 1.484 Gitem/s │ 1.461 Gitem/s │         │
2026-09-22T19:16:06.7837891Z ├─ neon::compare_u8_neon            3.813 µs      │ 9.1 µs        │ 3.959 µs      │ 4.008 µs      │ 1000    │ 1000
2026-09-22T19:16:06.7838543Z │                                   2.148 Gitem/s │ 900.1 Mitem/s │ 2.068 Gitem/s │ 2.043 Gitem/s │         │
2026-09-22T19:16:06.8603776Z ╰─ neon::compare_u64_neon           4.604 µs      │ 19.55 µs      │ 5.089 µs      │ 5.139 µs      │ 1000    │ 1000
2026-09-22T19:16:06.8604759Z                                     1.779 Gitem/s │ 418.8 Mitem/s │ 1.609 Gitem/s │ 1.593 Gitem/s │         │
2026-09-22T19:16:06.8605178Z 
2026-09-22T19:16:06.8610052Z Done running compare
2026-09-22T19:16:06.8610453Z Running vortex-array binary_ops
2026-09-22T19:16:06.8640502Z Timer precision: 29 ns
2026-09-22T19:16:06.8640978Z binary_ops                             fastest       │ slowest       │ median        │ mean          │ samples │ iters
2026-09-22T19:16:06.8641914Z ├─ neon::add_constant_shapes_neon                    │               │               │               │         │
2026-09-22T19:16:06.9595931Z │  ├─ (32768, ConstantPerRow)          16.26 µs      │ 93.09 µs      │ 17.27 µs      │ 17.54 µs      │ 1000    │ 1000
2026-09-22T19:16:06.9597000Z │  │                                   2.014 Gitem/s │ 351.9 Mitem/s │ 1.897 Gitem/s │ 1.867 Gitem/s │         │
2026-09-22T19:16:07.0505624Z │  ├─ (32768, PerRowConstant)          16.25 µs      │ 25.29 µs      │ 17.29 µs      │ 17.51 µs      │ 1000    │ 1000
2026-09-22T19:16:07.0506527Z │  │                                   2.015 Gitem/s │ 1.295 Gitem/s │ 1.895 Gitem/s │ 1.871 Gitem/s │         │
2026-09-22T19:16:07.1423251Z │  ╰─ (32768, PerRowNullableConstant)  17.09 µs      │ 32.91 µs      │ 18.04 µs      │ 18.32 µs      │ 1000    │ 1000
2026-09-22T19:16:07.1423932Z │                                      1.916 Gitem/s │ 995.5 Mitem/s │ 1.815 Gitem/s │ 1.787 Gitem/s │         │
2026-09-22T19:16:07.2348902Z ├─ neon::add_i32_nonnull_neon          17.62 µs      │ 33.58 µs      │ 18.92 µs      │ 19.35 µs      │ 1000    │ 1000
2026-09-22T19:16:07.2349884Z │                                      3.718 Gitem/s │ 1.951 Gitem/s │ 3.462 Gitem/s │ 3.385 Gitem/s │         │
2026-09-22T19:16:07.3274521Z ├─ neon::add_i64_nonnull_neon          17.58 µs      │ 27.62 µs      │ 18.81 µs      │ 19.14 µs      │ 1000    │ 1000
2026-09-22T19:16:07.3275179Z │                                      1.863 Gitem/s │ 1.186 Gitem/s │ 1.741 Gitem/s │ 1.711 Gitem/s │         │
2026-09-22T19:16:07.4234072Z ├─ neon::add_i64_nullable_neon         19.78 µs      │ 48.51 µs      │ 21.54 µs      │ 22.08 µs      │ 1000    │ 1000
2026-09-22T19:16:07.4235027Z │                                      1.656 Gitem/s │ 675.4 Mitem/s │ 1.52 Gitem/s  │ 1.483 Gitem/s │         │
2026-09-22T19:16:07.4235686Z ├─ neon::add_shapes_neon                             │               │               │               │         │
2026-09-22T19:16:07.5202223Z │  ╰─ (32768, PerRowPerRow)            17.58 µs      │ 27.29 µs      │ 18.98 µs      │ 19.14 µs      │ 1000    │ 1000
2026-09-22T19:16:07.5203181Z │                                      1.863 Gitem/s │ 1.2 Gitem/s   │ 1.726 Gitem/s │ 1.711 Gitem/s │         │
2026-09-22T19:16:07.6088301Z ├─ neon::add_u32_nonnull_neon          13.51 µs      │ 27.21 µs      │ 15.15 µs      │ 15.28 µs      │ 1000    │ 1000
2026-09-22T19:16:07.6088944Z │                                      4.849 Gitem/s │ 2.407 Gitem/s │ 4.324 Gitem/s │ 4.286 Gitem/s │         │
2026-09-22T19:16:07.7876373Z ├─ neon::div_i64_nonnull_neon          102.9 µs      │ 126.9 µs      │ 103.4 µs      │ 104.5 µs      │ 1000    │ 1000
2026-09-22T19:16:07.7877052Z │                                      318.3 Mitem/s │ 258 Mitem/s   │ 316.8 Mitem/s │ 313.4 Mitem/s │         │
2026-09-22T19:16:07.9279639Z ├─ neon::div_i64_nullable_neon         61.83 µs      │ 102.8 µs      │ 63.17 µs      │ 64.26 µs      │ 1000    │ 1000
2026-09-22T19:16:07.9280522Z │                                      529.9 Mitem/s │ 318.6 Mitem/s │ 518.6 Mitem/s │ 509.9 Mitem/s │         │
2026-09-22T19:16:08.0034226Z ├─ neon::lt_i64_nullable_neon          3.692 µs      │ 41.92 µs      │ 3.925 µs      │ 4.089 µs      │ 1000    │ 1000
2026-09-22T19:16:08.0034870Z │                                      1.109 Gitem/s │ 97.68 Mitem/s │ 1.043 Gitem/s │ 1.001 Gitem/s │         │
2026-09-22T19:16:08.1047387Z ├─ neon::mul_i8_nonnull_neon           25.7 µs       │ 44.38 µs      │ 26.72 µs      │ 27.22 µs      │ 1000    │ 1000
2026-09-22T19:16:08.1048026Z │                                      10.19 Gitem/s │ 5.906 Gitem/s │ 9.808 Gitem/s │ 9.628 Gitem/s │         │
2026-09-22T19:16:08.2041482Z ├─ neon::mul_i16_nonnull_neon          24.08 µs      │ 37.36 µs      │ 25.37 µs      │ 25.72 µs      │ 1000    │ 1000
2026-09-22T19:16:08.2042128Z │                                      5.441 Gitem/s │ 3.507 Gitem/s │ 5.164 Gitem/s │ 5.095 Gitem/s │         │
2026-09-22T19:16:08.3033048Z ├─ neon::mul_i32_nonnull_neon          23.56 µs      │ 52.55 µs      │ 24.71 µs      │ 25.08 µs      │ 1000    │ 1000
2026-09-22T19:16:08.3033717Z │                                      2.781 Gitem/s │ 1.247 Gitem/s │ 2.652 Gitem/s │ 2.612 Gitem/s │         │
2026-09-22T19:16:08.4052928Z ├─ neon::mul_i32_nullable_neon         25.71 µs      │ 42.7 µs       │ 27.2 µs       │ 27.55 µs      │ 1000    │ 1000
2026-09-22T19:16:08.4053570Z │                                      2.548 Gitem/s │ 1.534 Gitem/s │ 2.409 Gitem/s │ 2.378 Gitem/s │         │
2026-09-22T19:16:08.5188593Z ├─ neon::mul_i64_nonnull_neon          38.83 µs      │ 48.18 µs      │ 39.28 µs      │ 39.88 µs      │ 1000    │ 1000
2026-09-22T19:16:08.5189289Z │                                      843.6 Mitem/s │ 680 Mitem/s   │ 834.1 Mitem/s │ 821.5 Mitem/s │         │
2026-09-22T19:16:08.6143676Z ├─ neon::mul_u8_nonnull_neon           19.42 µs      │ 31.91 µs      │ 20.81 µs      │ 21 µs         │ 1000    │ 1000
2026-09-22T19:16:08.6144483Z │                                      13.49 Gitem/s │ 8.212 Gitem/s │ 12.59 Gitem/s │ 12.47 Gitem/s │         │
2026-09-22T19:16:08.7070804Z ├─ neon::mul_u16_nonnull_neon          18.03 µs      │ 27.42 µs      │ 19.05 µs      │ 19.32 µs      │ 1000    │ 1000
2026-09-22T19:16:08.7071657Z │                                      7.269 Gitem/s │ 4.779 Gitem/s │ 6.877 Gitem/s │ 6.781 Gitem/s │         │
2026-09-22T19:16:08.8003079Z ├─ neon::mul_u32_nonnull_neon          18 µs         │ 30.81 µs      │ 19.35 µs      │ 19.64 µs      │ 1000    │ 1000
2026-09-22T19:16:08.8003926Z │                                      3.64 Gitem/s  │ 2.126 Gitem/s │ 3.385 Gitem/s │ 3.336 Gitem/s │         │
2026-09-22T19:16:08.9158126Z ├─ neon::mul_u64_nonnull_neon          40.55 µs      │ 51.14 µs      │ 41.25 µs      │ 41.83 µs      │ 1000    │ 1000
2026-09-22T19:16:08.9159336Z │                                      808 Mitem/s   │ 640.6 Mitem/s │ 794.2 Mitem/s │ 783.3 Mitem/s │         │
2026-09-22T19:16:08.9160400Z ├─ neon::multiply_shapes_neon                        │               │               │               │         │
2026-09-22T19:16:09.0294154Z │  ╰─ (32768, PerRowPerRow)            38.75 µs      │ 61.33 µs      │ 39.18 µs      │ 39.79 µs      │ 1000    │ 1000
2026-09-22T19:16:09.0295110Z │                                      845.5 Mitem/s │ 534.2 Mitem/s │ 836.2 Mitem/s │ 823.5 Mitem/s │         │
2026-09-22T19:16:09.0296007Z ╰─ neon::subtract_shapes_neon                        │               │               │               │         │
2026-09-22T19:16:09.1225370Z    ╰─ (32768, PerRowPerRow)            17.71 µs      │ 36.1 µs       │ 19.04 µs      │ 19.25 µs      │ 1000    │ 1000
2026-09-22T19:16:09.1238598Z                                        1.849 Gitem/s │ 907.4 Mitem/s │ 1.72 Gitem/s  │ 1.701 Gitem/s │         │
2026-09-22T19:16:09.1239012Z 
2026-09-22T19:16:09.1239112Z Done running binary_ops
2026-09-22T19:16:09.1239381Z Running vortex-array scalar_subtract
2026-09-22T19:16:09.1270040Z Timer precision: 29 ns
2026-09-22T19:16:09.1270537Z scalar_subtract                fastest       │ slowest       │ median        │ mean          │ samples │ iters
2026-09-22T19:16:09.2185526Z ╰─ neon::scalar_subtract_neon  12.43 µs      │ 119.5 µs      │ 13.72 µs      │ 14.34 µs      │ 1000    │ 1000
2026-09-22T19:16:09.2186105Z 
2026-09-22T19:16:09.2189973Z Done running scalar_subtract
2026-09-22T19:16:09.2190397Z Running vortex-buffer collect_bool
2026-09-22T19:16:09.2214197Z Timer precision: 29 ns
2026-09-22T19:16:09.2214840Z collect_bool                         fastest       │ slowest       │ median        │ mean          │ samples │ iters
2026-09-22T19:16:09.2215713Z ╰─ neon::words_gather_dispatch_neon                │               │               │               │         │
2026-09-22T19:16:09.2996485Z    ├─ 65536                          2.246 µs      │ 6.786 µs      │ 2.299 µs      │ 2.32 µs       │ 1000    │ 1000
2026-09-22T19:16:09.4069428Z    ╰─ 1048576                        29.78 µs      │ 36.51 µs      │ 30.59 µs      │ 30.79 µs      │ 1000    │ 1000
2026-09-22T19:16:09.4070151Z 
2026-09-22T19:16:09.4073881Z Done running collect_bool
2026-09-22T19:16:09.4074204Z Running vortex-compute lane_kernels
2026-09-22T19:16:09.4100244Z Timer precision: 29 ns
2026-09-22T19:16:09.4100743Z lane_kernels                           fastest       │ slowest       │ median        │ mean          │ samples │ iters
2026-09-22T19:16:09.4101434Z ╰─ neon::lanezip_checked_add_u32_neon                │               │               │               │         │
2026-09-22T19:16:09.5130034Z    ╰─ 65536                            21.57 µs      │ 31.28 µs      │ 22.34 µs      │ 22.63 µs      │ 1000    │ 1000
2026-09-22T19:16:09.5130582Z 
2026-09-22T19:16:09.5134054Z Done running lane_kernels
2026-09-22T19:16:09.5134498Z Running vortex-decimal-byte-parts dbp_assemble
2026-09-22T19:16:09.5160199Z Timer precision: 29 ns
2026-09-22T19:16:09.5160710Z dbp_assemble                                  fastest       │ slowest       │ median        │ mean          │ samples │ iters
2026-09-22T19:16:09.5162101Z ├─ neon::dbp_assemble_kernel_narrow_msp_neon                │               │               │               │         │
2026-09-22T19:16:09.5972926Z │  ├─ (I128, 1024)                            482.3 ns      │ 1.016 µs      │ 493.6 ns      │ 498.8 ns      │ 1000    │ 8000
2026-09-22T19:16:09.6727059Z │  ├─ (I128, 8192)                            3.786 µs      │ 8.676 µs      │ 4.13 µs       │ 4.17 µs       │ 1000    │ 1000
2026-09-22T19:16:09.7454336Z │  ├─ (I256, 1024)                            944.6 ns      │ 4.7 µs        │ 967.6 ns      │ 996.7 ns      │ 1000    │ 1000
2026-09-22T19:16:09.8240335Z │  ╰─ (I256, 8192)                            6.647 µs      │ 12.68 µs      │ 6.779 µs      │ 6.876 µs      │ 1000    │ 1000
2026-09-22T19:16:09.8242025Z ╰─ neon::dbp_assemble_kernel_neon                           │               │               │               │         │
2026-09-22T19:16:09.8992472Z    ├─ (I128, 1024)                            410.3 ns      │ 905.1 ns      │ 457.6 ns      │ 458 ns        │ 1000    │ 8000
2026-09-22T19:16:09.9750283Z    ├─ (I128, 8192)                            3.44 µs       │ 8.34 µs       │ 4.068 µs      │ 3.988 µs      │ 1000    │ 1000
2026-09-22T19:16:10.0485890Z    ├─ (I256, 1024)                            939.6 ns      │ 3.179 µs      │ 964.8 ns      │ 986.3 ns      │ 1000    │ 2000
2026-09-22T19:16:10.1270983Z    ╰─ (I256, 8192)                            6.819 µs      │ 12.38 µs      │ 7.021 µs      │ 7.125 µs      │ 1000    │ 1000
2026-09-22T19:16:10.1271375Z 
2026-09-22T19:16:10.1276264Z Done running dbp_assemble
2026-09-22T19:16:10.1276592Z Running vortex-decimal-byte-parts dbp_split
2026-09-22T19:16:10.1303858Z Timer precision: 29 ns
2026-09-22T19:16:10.1304390Z dbp_split                                  fastest       │ slowest       │ median        │ mean          │ samples │ iters
2026-09-22T19:16:10.1305481Z ├─ neon::dbp_split_kernel_all_valid_neon                 │               │               │               │         │
2026-09-22T19:16:10.2073255Z │  ├─ (I128, 1024)                         545.6 ns      │ 1.89 µs       │ 568.8 ns      │ 577 ns        │ 1000    │ 4000
2026-09-22T19:16:10.2815592Z │  ├─ (I128, 8192)                         3.181 µs      │ 9.508 µs      │ 3.545 µs      │ 3.562 µs      │ 1000    │ 1000
2026-09-22T19:16:10.3563299Z │  ├─ (I256, 1024)                         1.462 µs      │ 3.628 µs      │ 1.649 µs      │ 1.643 µs      │ 1000    │ 2000
2026-09-22T19:16:10.4364831Z │  ╰─ (I256, 8192)                         8.099 µs      │ 14.76 µs      │ 9.196 µs      │ 9.18 µs       │ 1000    │ 1000
2026-09-22T19:16:10.4365777Z ╰─ neon::dbp_split_kernel_mixed_null_neon                │               │               │               │         │
2026-09-22T19:16:10.5121916Z    ├─ (I128, 1024)                         1.215 µs      │ 2.529 µs      │ 1.244 µs      │ 1.26 µs       │ 1000    │ 4000
2026-09-22T19:16:10.5908546Z    ├─ (I128, 8192)                         7.894 µs      │ 12.67 µs      │ 8.459 µs      │ 8.549 µs      │ 1000    │ 1000
2026-09-22T19:16:10.6628995Z    ├─ (I256, 1024)                         2.152 µs      │ 5.039 µs      │ 2.274 µs      │ 2.314 µs      │ 1000    │ 1000
2026-09-22T19:16:10.7466140Z    ╰─ (I256, 8192)                         11.96 µs      │ 18.74 µs      │ 12.85 µs      │ 12.97 µs      │ 1000    │ 1000
2026-09-22T19:16:10.7466522Z 
2026-09-22T19:16:10.7470977Z Done running dbp_split
2026-09-22T19:16:10.7471361Z Finished running 10 benchmark suite(s)
2026-09-22T19:16:10.9296181Z Symbolicating...
2026-09-22T19:16:15.7898840Z ##[endgroup]
2026-09-22T19:16:15.7899894Z ##[group]Uploading results
2026-09-22T19:16:18.4017463Z Performance data uploaded
2026-09-22T19:16:18.4018131Z Linked repository: vortex-data/vortex
2026-09-22T19:16:18.4019318Z ##[endgroup]
2026-09-22T19:16:18.4055546Z ##[end-action id=__CodSpeedHQ_action.__run_2;outcome=success;conclusion=success;duration_ms=22731]
2026-09-22T19:16:18.4225751Z Post job cleanup.
2026-09-22T19:16:18.4229260Z ##[start-action display=Cache CodSpeed instruments;id=__5e848900-6536-43be-afde-d3e016d82d1b.__actions_cache]
2026-09-22T19:16:18.4263890Z Post job cleanup.
2026-09-22T19:16:18.5586854Z [warning]Path Validation Error: Path(s) specified in the action for caching do(es) not exist, hence no cache is being saved.
2026-09-22T19:16:18.5630737Z ##[end-action id=__5e848900-6536-43be-afde-d3e016d82d1b.__actions_cache;outcome=success;conclusion=success;duration_ms=140]
2026-09-22T19:16:18.5784570Z Post job cleanup.
2026-09-22T19:16:18.5787574Z ##[start-action display=Restore Cache;id=__fd5f2381-1376-40eb-8db5-a1335c0ff334.cache]
2026-09-22T19:16:18.5822419Z Post job cleanup.
2026-09-22T19:16:18.7137215Z Cache hit occurred on the primary key cargo-codspeed-5.0.2-aarch64-linux-gnu-2.39-features-default-no-default-features-false-all-features-false, not saving cache.
2026-09-22T19:16:18.7192271Z ##[end-action id=__fd5f2381-1376-40eb-8db5-a1335c0ff334.cache;outcome=success;conclusion=success;duration_ms=140]
2026-09-22T19:16:18.7339167Z Post job cleanup.
2026-09-22T19:16:18.7427469Z Post job cleanup.
2026-09-22T19:16:18.8257534Z [command]/usr/bin/git version
2026-09-22T19:16:18.8308698Z git version 2.55.0
2026-09-22T19:16:18.8344826Z Temporarily overriding HOME='/home/runner/_work/_temp/cab8f03d-af2b-4316-99cf-993d2da5d9c0' before making global git config changes
2026-09-22T19:16:18.8345925Z Adding repository directory to the temporary git global config as a safe directory
2026-09-22T19:16:18.8352885Z [command]/usr/bin/git config --global --add safe.directory /home/runner/_work/vortex/vortex
2026-09-22T19:16:18.8401107Z Removing SSH command configuration
2026-09-22T19:16:18.8409161Z [command]/usr/bin/git config --local --name-only --get-regexp core\.sshCommand
2026-09-22T19:16:18.8445277Z [command]/usr/bin/git submodule foreach --recursive sh -c "git config --local --name-only --get-regexp 'core\.sshCommand' && git config --local --unset-all 'core.sshCommand' || :"
2026-09-22T19:16:18.8648394Z Removing HTTP extra header
2026-09-22T19:16:18.8649254Z [command]/usr/bin/git config --local --name-only --get-regexp http\.https\:\/\/github\.com\/\.extraheader
2026-09-22T19:16:18.8670934Z [command]/usr/bin/git submodule foreach --recursive sh -c "git config --local --name-only --get-regexp 'http\.https\:\/\/github\.com\/\.extraheader' && git config --local --unset-all 'http.https://github.com/.extraheader' || :"
2026-09-22T19:16:18.8857138Z Removing includeIf entries pointing to credentials config files
2026-09-22T19:16:18.8867600Z [command]/usr/bin/git config --local --name-only --get-regexp ^includeIf\.gitdir:
2026-09-22T19:16:18.8889157Z includeif.gitdir:/home/runner/_work/vortex/vortex/.git.path
2026-09-22T19:16:18.8896398Z includeif.gitdir:/home/runner/_work/vortex/vortex/.git/worktrees/*.path
2026-09-22T19:16:18.8899161Z includeif.gitdir:/github/workspace/.git.path
2026-09-22T19:16:18.8900136Z includeif.gitdir:/github/workspace/.git/worktrees/*.path
2026-09-22T19:16:18.8901770Z [command]/usr/bin/git config --local --get-all includeif.gitdir:/home/runner/_work/vortex/vortex/.git.path
2026-09-22T19:16:18.8926153Z /home/runner/_work/_temp/git-credentials-a66eb283-760c-4e1c-a60b-8a9054c09cf7.config
2026-09-22T19:16:18.8937436Z [command]/usr/bin/git config --local --unset includeif.gitdir:/home/runner/_work/vortex/vortex/.git.path \/home\/runner\/_work\/_temp\/git\-credentials\-a66eb283\-760c\-4e1c\-a60b\-8a9054c09cf7\.config
2026-09-22T19:16:18.8990172Z [command]/usr/bin/git config --local --get-all includeif.gitdir:/home/runner/_work/vortex/vortex/.git/worktrees/*.path
2026-09-22T19:16:18.9003801Z /home/runner/_work/_temp/git-credentials-a66eb283-760c-4e1c-a60b-8a9054c09cf7.config
2026-09-22T19:16:18.9018968Z [command]/usr/bin/git config --local --unset includeif.gitdir:/home/runner/_work/vortex/vortex/.git/worktrees/*.path \/home\/runner\/_work\/_temp\/git\-credentials\-a66eb283\-760c\-4e1c\-a60b\-8a9054c09cf7\.config
2026-09-22T19:16:18.9067823Z [command]/usr/bin/git config --local --get-all includeif.gitdir:/github/workspace/.git.path
2026-09-22T19:16:18.9091085Z /github/runner_temp/git-credentials-a66eb283-760c-4e1c-a60b-8a9054c09cf7.config
2026-09-22T19:16:18.9099817Z [command]/usr/bin/git config --local --unset includeif.gitdir:/github/workspace/.git.path \/github\/runner_temp\/git\-credentials\-a66eb283\-760c\-4e1c\-a60b\-8a9054c09cf7\.config
2026-09-22T19:16:18.9138480Z [command]/usr/bin/git config --local --get-all includeif.gitdir:/github/workspace/.git/worktrees/*.path
2026-09-22T19:16:18.9158198Z /github/runner_temp/git-credentials-a66eb283-760c-4e1c-a60b-8a9054c09cf7.config
2026-09-22T19:16:18.9180652Z [command]/usr/bin/git config --local --unset includeif.gitdir:/github/workspace/.git/worktrees/*.path \/github\/runner_temp\/git\-credentials\-a66eb283\-760c\-4e1c\-a60b\-8a9054c09cf7\.config
2026-09-22T19:16:18.9212798Z [command]/usr/bin/git submodule foreach --recursive git config --local --show-origin --name-only --get-regexp remote.origin.url
2026-09-22T19:16:18.9401718Z Removing credentials config '/home/runner/_work/_temp/git-credentials-a66eb283-760c-4e1c-a60b-8a9054c09cf7.config'
2026-09-22T19:16:18.9595358Z Post job cleanup.
2026-09-22T19:16:19.0269436Z Running post-execution phase...
2026-09-22T19:16:19.0274189Z Input 'show_env': false
2026-09-22T19:16:19.0274452Z Input 'show_costs': inline
2026-09-22T19:16:19.0274729Z Input 'metrics': []
2026-09-22T19:16:19.0274981Z Input 'network_interface': enp39s0
2026-09-22T19:16:19.0275269Z Input 'disk_device': nvme0n1p1
2026-09-22T19:16:19.0275526Z Input 'sccache': 
2026-09-22T19:16:19.0275754Z Input 'sticky_cache': []
2026-09-22T19:16:19.0276013Z Input 'sticky_wait_timeout': 15m0s
2026-09-22T19:16:19.0277219Z ZCTIONS_RESULTS_URL is set: https://results-receiver.actions.githubusercontent.com/
2026-09-22T19:16:19.0278447Z ZCTIONS_CACHE_URL is set: https://acghubeus1.actions.githubusercontent.com/XtqVEj2MXQCbzj6x6n8CMomnIjyhqqRNuSgameoSnKmgcNZw2F/
2026-09-22T19:16:19.0279910Z ACTIONS_RUNTIME_TOKEN is set.
2026-09-22T19:16:19.0953573Z Mapped zone name us-east-1b to zone ID use1-az1
2026-09-22T19:16:19.3848824Z ## Execution Cost Summary
2026-09-22T19:16:19.3854946Z 
2026-09-22T19:16:19.3855326Z | metric                 | value           |
2026-09-22T19:16:19.3855874Z | ---------------------- | --------------- |
2026-09-22T19:16:19.3856367Z | Instance Type          | c7g.metal       |
2026-09-22T19:16:19.3856856Z | Instance Lifecycle     | spot            |
2026-09-22T19:16:19.3857340Z | Region                 | us-east-1       |
2026-09-22T19:16:19.3857823Z | Platform               | Linux/UNIX      |
2026-09-22T19:16:19.3859703Z | Arch                   | arm64           |
2026-09-22T19:16:19.3860198Z | Az                     | us-east-1b      |
2026-09-22T19:16:19.3860815Z | Zone ID                | use1-az1        |
2026-09-22T19:16:19.3861955Z | Duration               | 1.97 minutes    |
2026-09-22T19:16:19.3862436Z | Cost                   | $0.0219         |
2026-09-22T19:16:19.3863237Z | GitHub equivalent cost | $0.1960         |
2026-09-22T19:16:19.3864981Z | Savings                | $0.1741 (88.8%) |
2026-09-22T19:16:19.3865379Z 
2026-09-22T19:16:19.3865705Z Post-execution phase finished.
2026-09-22T19:16:19.3892580Z A job completed hook has been configured by the self-hosted runner administrator
2026-09-22T19:16:19.3932837Z ##[group]Run '/runs-on/post.sh'
2026-09-22T19:16:19.3955618Z shell: /usr/bin/bash --noprofile --norc -e -o pipefail {0}
2026-09-22T19:16:19.3955991Z ##[endgroup]
2026-09-22T19:16:19.4011644Z Thanks for using RunsOn!
2026-09-22T19:16:19.4012211Z 
2026-09-22T19:16:19.4012438Z 📊 Job Metrics
2026-09-22T19:16:19.7270640Z Error visualizing metrics: failed to parse metrics file: error reading file: bufio.Scanner: token too long
2026-09-22T19:16:19.7292844Z Metrics visualization unavailable
2026-09-22T19:16:20.1989013Z 📤 metrics.jsonl uploaded (721529 bytes) to s3://runs-on-v3-s3bucketcache-dbnub4tpjhpv/cache/metrics/v1/vortex-data/vortex/35772036461/bench-codspeed-cpu-features/i-0bd6f4346462a8591/metrics.jsonl
2026-09-22T19:16:20.2093289Z Cleaning up orphan processes
