2026-09-22T19:13:25.7472422Z Current runner version: '2.336.0'
2026-09-22T19:13:25.7479449Z Runner name: 'runs-on--i-020621f2ed58187fb--b79b3816-3'
2026-09-22T19:13:25.7480546Z Runner group name: 'Default'
2026-09-22T19:13:25.7481811Z Machine name: 'ip-10-1-26-52'
2026-09-22T19:13:25.7502669Z ##[group]🏃 Runner details (c7g.metal, spot, v3.3.0)
2026-09-22T19:13:25.7504382Z ┌───────────────────┬─────────────────────────────────────────────────────────────────────────────────────────────────────────────────────────────────────────────────────┐
2026-09-22T19:13:25.7506128Z │       INFO        │                                                                        VALUE                                                                        │
2026-09-22T19:13:25.7507648Z ├───────────────────┼─────────────────────────────────────────────────────────────────────────────────────────────────────────────────────────────────────────────────────┤
2026-09-22T19:13:25.7509876Z │ Labels            │ [runs-on=35772035049/runner=bench-dedicated/family=c7g.metal/image=ubuntu24-full-arm64-pre-v2/extras=s3-cache/tag=bench-codspeed-cpu-features-neon] │
2026-09-22T19:13:25.7511907Z │ Extras            │ [s3-cache]                                                                                                                                          │
2026-09-22T19:13:25.7513580Z │ PrivateIp         │ 10.1.26.52                                                                                                                                          │
2026-09-22T19:13:25.7515147Z │ IsPrivate         │ false                                                                                                                                               │
2026-09-22T19:13:25.7516723Z │ Environment       │ production                                                                                                                                          │
2026-09-22T19:13:25.7518378Z │ StackName         │ runs-on-v3                                                                                                                                          │
2026-09-22T19:13:25.7519954Z │ Region            │ us-east-1                                                                                                                                           │
2026-09-22T19:13:25.7521524Z │ AvailabilityZone  │ us-east-1b                                                                                                                                          │
2026-09-22T19:13:25.7523050Z │ Version           │ v3.3.0                                                                                                                                              │
2026-09-22T19:13:25.7524907Z │ RunnerName        │ runs-on--i-020621f2ed58187fb--b79b3816-3                                                                                                            │
2026-09-22T19:13:25.7526774Z │ AssignmentId      │ b79b3816-396f-4e1b-b5b3-aefee84fe0c5                                                                                                                │
2026-09-22T19:13:25.7528716Z │ BucketCacheName   │ runs-on-v3-s3bucketcache-dbnub4tpjhpv                                                                                                               │
2026-09-22T19:13:25.7530530Z │ InstanceId        │ i-020621f2ed58187fb                                                                                                                                 │
2026-09-22T19:13:25.7532227Z │ InstanceType      │ c7g.metal                                                                                                                                           │
2026-09-22T19:13:25.7533795Z │ InstanceLifecycle │ spot                                                                                                                                                │
2026-09-22T19:13:25.7535692Z │ InstanceRAM       │ 128527.63 MiB                                                                                                                                       │
2026-09-22T19:13:25.7537589Z │ InstanceCPU       │ 64 cores                                                                                                                                            │
2026-09-22T19:13:25.7539128Z │ InstanceDisk1     │ /=/dev/nvme0n1p1                                                                                                                                    │
2026-09-22T19:13:25.7540830Z │                   │ Free=81.24GiB Used=14.57GiB                                                                                                                         │
2026-09-22T19:13:25.7542431Z │ ImageId           │ ami-098c62767651982c5                                                                                                                               │
2026-09-22T19:13:25.7544310Z │ ImageName         │ vortex-ci-v2-arm64-20260831011845                                                                                                                   │
2026-09-22T19:13:25.7546108Z │ Platform          │ linux                                                                                                                                               │
2026-09-22T19:13:25.7547674Z │ Architecture      │ arm64                                                                                                                                               │
2026-09-22T19:13:25.7549177Z │ HasPreinstall     │ false                                                                                                                                               │
2026-09-22T19:13:25.7550844Z │ HasPrerun         │ false                                                                                                                                               │
2026-09-22T19:13:25.7552571Z │ IsDebug           │ false                                                                                                                                               │
2026-09-22T19:13:25.7554265Z │ Integrations      │ []                                                                                                                                                  │
2026-09-22T19:13:25.7555883Z └───────────────────┴─────────────────────────────────────────────────────────────────────────────────────────────────────────────────────────────────────────────────────┘
2026-09-22T19:13:25.7557021Z ##[endgroup]
2026-09-22T19:13:25.7557941Z ##[group]⏱️ Timings - 25.74s
2026-09-22T19:13:25.7559038Z ┌──────────────────────┬─────────────────────────────────┬─────────┬────────┐
2026-09-22T19:13:25.7560262Z │         TIME         │              STEP               │  DIFF   │ TOTAL  │
2026-09-22T19:13:25.7561374Z ├──────────────────────┼─────────────────────────────────┼─────────┼────────┤
2026-09-22T19:13:25.7562604Z │ 2026-09-22T19:12:44Z │ job-created                     │ 0ms     │ 0.0s   │
2026-09-22T19:13:25.7564163Z │ 2026-09-22T19:12:45Z │ job-received                    │ 1063ms  │ 1.06s  │
2026-09-22T19:13:25.7565843Z │ 2026-09-22T19:12:45Z │ job-scheduled                   │ 18ms    │ 1.08s  │
2026-09-22T19:13:25.7567081Z │ 2026-09-22T19:12:47Z │ instance-pending                │ 1917ms  │ 3.00s  │
2026-09-22T19:13:25.7568329Z │ 2026-09-22T19:12:48Z │ runner-registered               │ 1777ms  │ 4.78s  │
2026-09-22T19:13:25.7569693Z │ 2026-09-22T19:13:08Z │ agent-booting                   │ 19350ms │ 24.13s │
2026-09-22T19:13:25.7570966Z │ 2026-09-22T19:13:08Z │ runner-setup-global-env         │ 21ms    │ 24.15s │
2026-09-22T19:13:25.7572362Z │ 2026-09-22T19:13:08Z │ runner-setup-user               │ 53ms    │ 24.20s │
2026-09-22T19:13:25.7573552Z │ 2026-09-22T19:13:08Z │ agent-metadata                  │ 88ms    │ 24.29s │
2026-09-22T19:13:25.7574759Z │ 2026-09-22T19:13:08Z │ instance-config                 │ 60ms    │ 24.35s │
2026-09-22T19:13:25.7576253Z │ 2026-09-22T19:13:08Z │ runner-otel-setup-tracer        │ 0ms     │ 24.35s │
2026-09-22T19:13:25.7577607Z │ 2026-09-22T19:13:08Z │ runner-otel-setup-collector     │ 0ms     │ 24.35s │
2026-09-22T19:13:25.7579049Z │ 2026-09-22T19:13:09Z │ runner-resize-disk              │ 1194ms  │ 25.55s │
2026-09-22T19:13:25.7580328Z │ 2026-09-22T19:13:09Z │ runner-prepare-mount-points     │ 0ms     │ 25.55s │
2026-09-22T19:13:25.7581703Z │ 2026-09-22T19:13:09Z │ runner-setup-mount-points       │ 67ms    │ 25.61s │
2026-09-22T19:13:25.7583008Z │ 2026-09-22T19:13:09Z │ runner-setup-agent              │ 4ms     │ 25.62s │
2026-09-22T19:13:25.7584238Z │ 2026-09-22T19:13:09Z │ runner-setup-aws-profile        │ 8ms     │ 25.63s │
2026-09-22T19:13:25.7585745Z │ 2026-09-22T19:13:09Z │ runner-setup-host               │ 0ms     │ 25.63s │
2026-09-22T19:13:25.7586966Z │ 2026-09-22T19:13:09Z │ runner-config                   │ 23ms    │ 25.65s │
2026-09-22T19:13:25.7588375Z │ 2026-09-22T19:13:09Z │ runner-otel-restart             │ 0ms     │ 25.65s │
2026-09-22T19:13:25.7589616Z │ 2026-09-22T19:13:09Z │ runner-env                      │ 5ms     │ 25.66s │
2026-09-22T19:13:25.7590818Z │ 2026-09-22T19:13:09Z │ runner-setup-integrations       │ 61ms    │ 25.72s │
2026-09-22T19:13:25.7592171Z │ 2026-09-22T19:13:09Z │ runner-chown-runner-directories │ 0ms     │ 25.72s │
2026-09-22T19:13:25.7593422Z │ 2026-09-22T19:13:09Z │ runner-start-local-server       │ 0ms     │ 25.72s │
2026-09-22T19:13:25.7594875Z │ 2026-09-22T19:13:09Z │ runner-setup-s3-cache           │ 14ms    │ 25.73s │
2026-09-22T19:13:25.7596149Z │ 2026-09-22T19:13:09Z │ runner-setup-hooks              │ 8ms     │ 25.74s │
2026-09-22T19:13:25.7597691Z └──────────────────────┴─────────────────────────────────┴─────────┴────────┘
2026-09-22T19:13:25.7598729Z ##[endgroup]
2026-09-22T19:13:25.7600106Z ##[group]GITHUB_TOKEN Permissions
2026-09-22T19:13:25.7602674Z Contents: read
2026-09-22T19:13:25.7603533Z Metadata: read
2026-09-22T19:13:25.7604228Z ##[endgroup]
2026-09-22T19:13:25.7607008Z Secret source: Actions
2026-09-22T19:13:25.7608334Z Cache mode: write
2026-09-22T19:13:25.7609417Z Prepare workflow directory
2026-09-22T19:13:25.8020533Z Prepare all required actions
2026-09-22T19:13:25.8072627Z Getting action download info
2026-09-22T19:13:26.0068035Z Download action repository 'runs-on/action@v2' (SHA:efac073ea2507ec18797de3a81704201ade11d9d)
2026-09-22T19:13:26.4274306Z Download action repository 'actions/checkout@3d3c42e5aac5ba805825da76410c181273ba90b1' (SHA:3d3c42e5aac5ba805825da76410c181273ba90b1)
2026-09-22T19:13:26.4696582Z Download action repository 'taiki-e/cache-cargo-install-action@66c9585ef5ca780ee69399975a5e911f47905995' (SHA:66c9585ef5ca780ee69399975a5e911f47905995)
2026-09-22T19:13:26.5364242Z Download action repository 'actions/download-artifact@3e5f45b2cfb9172054b4087a40e8e0b5a5461e7c' (SHA:3e5f45b2cfb9172054b4087a40e8e0b5a5461e7c)
2026-09-22T19:13:26.6719589Z Download action repository 'CodSpeedHQ/action@4296e51e7041e24dadb86d1d6e8b9320d223dbe8' (SHA:4296e51e7041e24dadb86d1d6e8b9320d223dbe8)
2026-09-22T19:13:26.8460046Z Getting action download info
2026-09-22T19:13:26.9471824Z Download action repository 'actions/cache@668228422ae6a00e4ad889ee87cd7109ec5666a7' (SHA:668228422ae6a00e4ad889ee87cd7109ec5666a7)
2026-09-22T19:13:27.1464504Z Getting action download info
2026-09-22T19:13:27.2503093Z Download action repository 'actions/github-script@ed597411d8f924073f98dfc5c65a23a2325f34cd' (SHA:ed597411d8f924073f98dfc5c65a23a2325f34cd)
2026-09-22T19:13:27.3961444Z Complete job name: Benchmark with Codspeed (neon)
2026-09-22T19:13:27.5038383Z A job started hook has been configured by the self-hosted runner administrator
2026-09-22T19:13:27.5198330Z ##[group]Run '/runs-on/pre.sh'
2026-09-22T19:13:27.5231074Z shell: /usr/bin/bash --noprofile --norc -e -o pipefail {0}
2026-09-22T19:13:27.5232205Z ##[endgroup]
2026-09-22T19:13:27.5438145Z 
2026-09-22T19:13:27.5439044Z 👋 This self-hosted runner was launched with RunsOn (https://runs-on.com). Join the party!
2026-09-22T19:13:27.5439850Z 
2026-09-22T19:13:27.5454250Z ##[group]Job identity
2026-09-22T19:13:27.5455128Z Organization: vortex-data
2026-09-22T19:13:27.5455852Z Repository: vortex-data/vortex
2026-09-22T19:13:27.5456509Z Workflow: Codspeed Benchmarking
2026-09-22T19:13:27.5457162Z Job: bench-codspeed-cpu-features
2026-09-22T19:13:27.5458355Z ##[endgroup]
2026-09-22T19:13:27.5458659Z 
2026-09-22T19:13:27.5459486Z ##[group]💡 Additional environment variables available in your steps
2026-09-22T19:13:27.5460415Z ACTIONS_CACHE_SERVICE_V2=true
2026-09-22T19:13:27.5461158Z ACTIONS_CACHE_URL=http://10.1.26.52:6871/
2026-09-22T19:13:27.5461891Z ACTIONS_RESULTS_URL=http://10.1.26.52:6871/
2026-09-22T19:13:27.5462661Z ACTIONS_RUNNER_HOOK_JOB_COMPLETED=/runs-on/post.sh
2026-09-22T19:13:27.5463480Z ACTIONS_RUNNER_HOOK_JOB_STARTED=/runs-on/pre.sh
2026-09-22T19:13:27.5464254Z GITHUB_API_URL=https://api.github.com/
2026-09-22T19:13:27.5465066Z GITHUB_HOST=github.com
2026-09-22T19:13:27.5465754Z GITHUB_SERVER_URL=https://github.com/
2026-09-22T19:13:27.5466464Z RUNNER_TOOL_CACHE=/opt/hostedtoolcache
2026-09-22T19:13:27.5467149Z RUNS_ON_AGENT_ARCH=arm64
2026-09-22T19:13:27.5467785Z RUNS_ON_AGENT_BINARY=/runs-on/agent
2026-09-22T19:13:27.5468433Z RUNS_ON_AGENT_USER=runner
2026-09-22T19:13:27.5469074Z RUNS_ON_AMI_ID=ami-098c62767651982c5
2026-09-22T19:13:27.5469723Z RUNS_ON_AWS_AZ=us-east-1b
2026-09-22T19:13:27.5470328Z RUNS_ON_AWS_REGION=us-east-1
2026-09-22T19:13:27.5470981Z RUNS_ON_ENV_CUSTOM_FILE=/runs-on/env.custom
2026-09-22T19:13:27.5471662Z RUNS_ON_HOME=/runs-on
2026-09-22T19:13:27.5472279Z RUNS_ON_INSTANCE_ID=i-020621f2ed58187fb
2026-09-22T19:13:27.5473012Z RUNS_ON_INSTANCE_LAUNCHED_AT=2026-09-22T19:12:45Z
2026-09-22T19:13:27.5473745Z RUNS_ON_INSTANCE_LIFECYCLE=spot
2026-09-22T19:13:27.5474391Z RUNS_ON_INSTANCE_TYPE=c7g.metal
2026-09-22T19:13:27.5475299Z RUNS_ON_RUNNER_NAME=runs-on--i-020621f2ed58187fb--b79b3816-3
2026-09-22T19:13:27.5476224Z RUNS_ON_S3_BUCKET_CACHE=runs-on-v3-s3bucketcache-dbnub4tpjhpv
2026-09-22T19:13:27.5477144Z RUNS_ON_S3_CACHE_REPO_PREFIX=cache/repo/vortex-data/vortex
2026-09-22T19:13:27.5477924Z RUNS_ON_STACK_NAME=runs-on-v3
2026-09-22T19:13:27.5478839Z RUNS_ON_VERSION=v3.3.0
2026-09-22T19:13:27.5479897Z ##[endgroup]
2026-09-22T19:13:27.5480200Z 
2026-09-22T19:13:27.5737192Z ##[group]Run runs-on/action@v2
2026-09-22T19:13:27.5737944Z with:
2026-09-22T19:13:27.5738454Z   show_env: false
2026-09-22T19:13:27.5738996Z   show_costs: inline
2026-09-22T19:13:27.5739569Z   network_interface: enp39s0
2026-09-22T19:13:27.5740184Z   disk_device: nvme0n1p1
2026-09-22T19:13:27.5744495Z   token: ***
2026-09-22T19:13:27.5745119Z   sticky_wait_timeout: 15m
2026-09-22T19:13:27.5745700Z env:
2026-09-22T19:13:27.5746203Z   CARGO_TERM_COLOR: always
2026-09-22T19:13:27.5746790Z   RUST_BACKTRACE: 1
2026-09-22T19:13:27.5747362Z   NIGHTLY_TOOLCHAIN: nightly-2026-09-10
2026-09-22T19:13:27.5748066Z   RUNNER_TOOL_CACHE: /opt/hostedtoolcache
2026-09-22T19:13:27.5748743Z   RUNS_ON_HOME: /runs-on
2026-09-22T19:13:27.5749336Z   RUNS_ON_VERSION: v3.3.0
2026-09-22T19:13:27.5749951Z   RUNS_ON_AGENT_BINARY: /runs-on/agent
2026-09-22T19:13:27.5750604Z   RUNS_ON_AGENT_ARCH: arm64
2026-09-22T19:13:27.5751568Z   RUNS_ON_AGENT_USER: runner
2026-09-22T19:13:27.5782922Z   RUNS_ON_AMI_ID: ami-098c62767651982c5
2026-09-22T19:13:27.5783639Z   RUNS_ON_AWS_REGION: us-east-1
2026-09-22T19:13:27.5784257Z   RUNS_ON_AWS_AZ: us-east-1b
2026-09-22T19:13:27.5785024Z   RUNS_ON_ENV_CUSTOM_FILE: /runs-on/env.custom
2026-09-22T19:13:27.5785842Z   RUNS_ON_INSTANCE_ID: i-020621f2ed58187fb
2026-09-22T19:13:27.5786534Z   RUNS_ON_INSTANCE_LIFECYCLE: spot
2026-09-22T19:13:27.5787215Z   RUNS_ON_INSTANCE_TYPE: c7g.metal
2026-09-22T19:13:27.5787864Z   RUNS_ON_STACK_NAME: runs-on-v3
2026-09-22T19:13:27.5788653Z   RUNS_ON_S3_BUCKET_CACHE: runs-on-v3-s3bucketcache-dbnub4tpjhpv
2026-09-22T19:13:27.5789525Z   ACTIONS_RUNNER_HOOK_JOB_STARTED: /runs-on/pre.sh
2026-09-22T19:13:27.5790322Z   ACTIONS_RUNNER_HOOK_JOB_COMPLETED: /runs-on/post.sh
2026-09-22T19:13:27.5791086Z   GITHUB_SERVER_URL: https://github.com/
2026-09-22T19:13:27.5791807Z   GITHUB_API_URL: https://api.github.com/
2026-09-22T19:13:27.5792488Z   GITHUB_HOST: github.com
2026-09-22T19:13:27.5793221Z   RUNS_ON_RUNNER_NAME: runs-on--i-020621f2ed58187fb--b79b3816-3
2026-09-22T19:13:27.5794075Z   RUNS_ON_INSTANCE_LAUNCHED_AT: 2026-09-22T19:12:45Z
2026-09-22T19:13:27.5794903Z   ACTIONS_CACHE_URL: http://10.1.26.52:6871/
2026-09-22T19:13:27.5795606Z   ACTIONS_CACHE_SERVICE_V2: true
2026-09-22T19:13:27.5796278Z   ACTIONS_RESULTS_URL: http://10.1.26.52:6871/
2026-09-22T19:13:27.5797095Z   RUNS_ON_S3_CACHE_REPO_PREFIX: cache/repo/vortex-data/vortex
2026-09-22T19:13:27.5797838Z ##[endgroup]
2026-09-22T19:13:28.2352296Z Input 'show_env': false
2026-09-22T19:13:28.2353600Z Input 'show_costs': inline
2026-09-22T19:13:28.2354798Z Input 'metrics': []
2026-09-22T19:13:28.2355984Z Input 'network_interface': enp39s0
2026-09-22T19:13:28.2357281Z Input 'disk_device': nvme0n1p1
2026-09-22T19:13:28.2358470Z Input 'sccache': 
2026-09-22T19:13:28.2359495Z Input 'sticky_cache': []
2026-09-22T19:13:28.2360670Z Input 'sticky_wait_timeout': 15m0s
2026-09-22T19:13:28.2362708Z ZCTIONS_RESULTS_URL is set: https://results-receiver.actions.githubusercontent.com/
2026-09-22T19:13:28.2366604Z ZCTIONS_CACHE_URL is set: https://acghubeus1.actions.githubusercontent.com/XtqVEj2MXQCbzj6x6n8CMomnIjyhqqRNuSgameoSnKmgcNZw2F/
2026-09-22T19:13:28.2369672Z ACTIONS_RUNTIME_TOKEN is set.
2026-09-22T19:13:28.2370944Z Config update response status: 200 OK
2026-09-22T19:13:28.2372993Z show_costs is enabled. You will find cost details in the post-execution step of this action.
2026-09-22T19:13:28.2375183Z Action finished.
2026-09-22T19:13:28.2639843Z ##[group]Run actions/checkout@3d3c42e5aac5ba805825da76410c181273ba90b1
2026-09-22T19:13:28.2641294Z with:
2026-09-22T19:13:28.2642121Z   repository: vortex-data/vortex
2026-09-22T19:13:28.2650921Z   token: ***
2026-09-22T19:13:28.2651752Z   ssh-strict: true
2026-09-22T19:13:28.2652597Z   ssh-user: git
2026-09-22T19:13:28.2653461Z   persist-credentials: true
2026-09-22T19:13:28.2654413Z   clean: true
2026-09-22T19:13:28.2655339Z   sparse-checkout-cone-mode: true
2026-09-22T19:13:28.2656398Z   fetch-depth: 1
2026-09-22T19:13:28.2657243Z   fetch-tags: false
2026-09-22T19:13:28.2658118Z   show-progress: true
2026-09-22T19:13:28.2658991Z   lfs: false
2026-09-22T19:13:28.2659795Z   submodules: false
2026-09-22T19:13:28.2660670Z   set-safe-directory: true
2026-09-22T19:13:28.2661677Z   allow-unsafe-pr-checkout: false
2026-09-22T19:13:28.2662686Z env:
2026-09-22T19:13:28.2663469Z   CARGO_TERM_COLOR: always
2026-09-22T19:13:28.2664407Z   RUST_BACKTRACE: 1
2026-09-22T19:13:28.2665423Z   NIGHTLY_TOOLCHAIN: nightly-2026-09-10
2026-09-22T19:13:28.2666566Z   RUNNER_TOOL_CACHE: /opt/hostedtoolcache
2026-09-22T19:13:28.2667659Z   RUNS_ON_HOME: /runs-on
2026-09-22T19:13:28.2668586Z   RUNS_ON_VERSION: v3.3.0
2026-09-22T19:13:28.2669586Z   RUNS_ON_AGENT_BINARY: /runs-on/agent
2026-09-22T19:13:28.2670663Z   RUNS_ON_AGENT_ARCH: arm64
2026-09-22T19:13:28.2671633Z   RUNS_ON_AGENT_USER: runner
2026-09-22T19:13:28.2672633Z   RUNS_ON_AMI_ID: ami-098c62767651982c5
2026-09-22T19:13:28.2673718Z   RUNS_ON_AWS_REGION: us-east-1
2026-09-22T19:13:28.2675078Z   RUNS_ON_AWS_AZ: us-east-1b
2026-09-22T19:13:28.2676143Z   RUNS_ON_ENV_CUSTOM_FILE: /runs-on/env.custom
2026-09-22T19:13:28.2677348Z   RUNS_ON_INSTANCE_ID: i-020621f2ed58187fb
2026-09-22T19:13:28.2678472Z   RUNS_ON_INSTANCE_LIFECYCLE: spot
2026-09-22T19:13:28.2679541Z   RUNS_ON_INSTANCE_TYPE: c7g.metal
2026-09-22T19:13:28.2680599Z   RUNS_ON_STACK_NAME: runs-on-v3
2026-09-22T19:13:28.2681856Z   RUNS_ON_S3_BUCKET_CACHE: runs-on-v3-s3bucketcache-dbnub4tpjhpv
2026-09-22T19:13:28.2683320Z   ACTIONS_RUNNER_HOOK_JOB_STARTED: /runs-on/pre.sh
2026-09-22T19:13:28.2684659Z   ACTIONS_RUNNER_HOOK_JOB_COMPLETED: /runs-on/post.sh
2026-09-22T19:13:28.2686008Z   GITHUB_SERVER_URL: https://github.com/
2026-09-22T19:13:28.2687179Z   GITHUB_API_URL: https://api.github.com/
2026-09-22T19:13:28.2688294Z   GITHUB_HOST: github.com
2026-09-22T19:13:28.2689451Z   RUNS_ON_RUNNER_NAME: runs-on--i-020621f2ed58187fb--b79b3816-3
2026-09-22T19:13:28.2690869Z   RUNS_ON_INSTANCE_LAUNCHED_AT: 2026-09-22T19:12:45Z
2026-09-22T19:13:28.2692141Z   ACTIONS_CACHE_URL: http://10.1.26.52:6871/
2026-09-22T19:13:28.2693292Z   ACTIONS_CACHE_SERVICE_V2: true
2026-09-22T19:13:28.2694388Z   ACTIONS_RESULTS_URL: http://10.1.26.52:6871/
2026-09-22T19:13:28.2695812Z   RUNS_ON_S3_CACHE_REPO_PREFIX: cache/repo/vortex-data/vortex
2026-09-22T19:13:28.2697181Z   RUNS_ON_ACTION_COST_TRACKING_CLAIMED: true
2026-09-22T19:13:28.2698286Z ##[endgroup]
2026-09-22T19:13:28.3815962Z Syncing repository: vortex-data/vortex
2026-09-22T19:13:28.3817792Z ##[group]Getting Git version info
2026-09-22T19:13:28.3819011Z Working directory is '/home/runner/_work/vortex/vortex'
2026-09-22T19:13:28.3820803Z [command]/usr/bin/git version
2026-09-22T19:13:28.3822692Z git version 2.55.0
2026-09-22T19:13:28.3840659Z ##[endgroup]
2026-09-22T19:13:28.3848629Z Temporarily overriding HOME='/home/runner/_work/_temp/aacc1131-4d1f-47cf-811d-ea0591391c1d' before making global git config changes
2026-09-22T19:13:28.3851222Z Adding repository directory to the temporary git global config as a safe directory
2026-09-22T19:13:28.3853362Z [command]/usr/bin/git config --global --add safe.directory /home/runner/_work/vortex/vortex
2026-09-22T19:13:28.3878901Z Deleting the contents of '/home/runner/_work/vortex/vortex'
2026-09-22T19:13:28.3881926Z ##[group]Determining repository object format
2026-09-22T19:13:28.3883542Z ##[endgroup]
2026-09-22T19:13:28.3884953Z ##[group]Initializing the repository
2026-09-22T19:13:28.3887358Z [command]/usr/bin/git init /home/runner/_work/vortex/vortex
2026-09-22T19:13:28.4022146Z hint: Using 'master' as the name for the initial branch. This default branch name
2026-09-22T19:13:28.4023982Z hint: will change to "main" in Git 3.0. To configure the initial branch name
2026-09-22T19:13:28.4025828Z hint: to use in all of your new repositories, which will suppress this warning,
2026-09-22T19:13:28.4027226Z hint: call:
2026-09-22T19:13:28.4027967Z hint:
2026-09-22T19:13:28.4028916Z hint: 	git config --global init.defaultBranch <name>
2026-09-22T19:13:28.4030153Z hint:
2026-09-22T19:13:28.4031254Z hint: Names commonly chosen instead of 'master' are 'main', 'trunk' and
2026-09-22T19:13:28.4033012Z hint: 'development'. The just-created branch can be renamed via this command:
2026-09-22T19:13:28.4034410Z hint:
2026-09-22T19:13:28.4035292Z hint: 	git branch -m <name>
2026-09-22T19:13:28.4036202Z hint:
2026-09-22T19:13:28.4037392Z hint: Disable this message with "git config set advice.defaultBranchName false"
2026-09-22T19:13:28.4039249Z Initialized empty Git repository in /home/runner/_work/vortex/vortex/.git/
2026-09-22T19:13:28.4042202Z [command]/usr/bin/git remote add origin https://github.com/vortex-data/vortex
2026-09-22T19:13:28.4078607Z ##[endgroup]
2026-09-22T19:13:28.4080014Z ##[group]Disabling automatic garbage collection
2026-09-22T19:13:28.4081661Z [command]/usr/bin/git config --local gc.auto 0
2026-09-22T19:13:28.4105434Z ##[endgroup]
2026-09-22T19:13:28.4106802Z ##[group]Setting up auth
2026-09-22T19:13:28.4107789Z Removing SSH command configuration
2026-09-22T19:13:28.4110558Z [command]/usr/bin/git config --local --name-only --get-regexp core\.sshCommand
2026-09-22T19:13:28.4136681Z [command]/usr/bin/git submodule foreach --recursive sh -c "git config --local --name-only --get-regexp 'core\.sshCommand' && git config --local --unset-all 'core.sshCommand' || :"
2026-09-22T19:13:28.4632491Z Removing HTTP extra header
2026-09-22T19:13:28.4637286Z [command]/usr/bin/git config --local --name-only --get-regexp http\.https\:\/\/github\.com\/\.extraheader
2026-09-22T19:13:28.4662431Z [command]/usr/bin/git submodule foreach --recursive sh -c "git config --local --name-only --get-regexp 'http\.https\:\/\/github\.com\/\.extraheader' && git config --local --unset-all 'http.https://github.com/.extraheader' || :"
2026-09-22T19:13:28.4826466Z Removing includeIf entries pointing to credentials config files
2026-09-22T19:13:28.4831121Z [command]/usr/bin/git config --local --name-only --get-regexp ^includeIf\.gitdir:
2026-09-22T19:13:28.4862566Z [command]/usr/bin/git submodule foreach --recursive git config --local --show-origin --name-only --get-regexp remote.origin.url
2026-09-22T19:13:28.5033493Z [command]/usr/bin/git config --file /home/runner/_work/_temp/git-credentials-d6a7cc44-7216-4445-96ed-a6d2c87a6645.config http.https://github.com/.extraheader AUTHORIZATION: basic ***
2026-09-22T19:13:28.5080244Z [command]/usr/bin/git config --local includeIf.gitdir:/home/runner/_work/vortex/vortex/.git.path /home/runner/_work/_temp/git-credentials-d6a7cc44-7216-4445-96ed-a6d2c87a6645.config
2026-09-22T19:13:28.5104487Z [command]/usr/bin/git config --local includeIf.gitdir:/home/runner/_work/vortex/vortex/.git/worktrees/*.path /home/runner/_work/_temp/git-credentials-d6a7cc44-7216-4445-96ed-a6d2c87a6645.config
2026-09-22T19:13:28.5129170Z [command]/usr/bin/git config --local includeIf.gitdir:/github/workspace/.git.path /github/runner_temp/git-credentials-d6a7cc44-7216-4445-96ed-a6d2c87a6645.config
2026-09-22T19:13:28.5153454Z [command]/usr/bin/git config --local includeIf.gitdir:/github/workspace/.git/worktrees/*.path /github/runner_temp/git-credentials-d6a7cc44-7216-4445-96ed-a6d2c87a6645.config
2026-09-22T19:13:28.5175196Z ##[endgroup]
2026-09-22T19:13:28.5176551Z ##[group]Fetching the repository
2026-09-22T19:13:28.5181686Z [command]/usr/bin/git -c protocol.version=2 fetch --no-tags --prune --no-recurse-submodules --depth=1 origin +25b2e7b714ec3f8c729344eba84858ca0ed42d8b:refs/remotes/pull/9987/merge
2026-09-22T19:13:29.1137746Z From https://github.com/vortex-data/vortex
2026-09-22T19:13:29.1139257Z  * [new ref]         25b2e7b714ec3f8c729344eba84858ca0ed42d8b -> pull/9987/merge
2026-09-22T19:13:29.1142238Z ##[endgroup]
2026-09-22T19:13:29.1143472Z ##[group]Determining the checkout info
2026-09-22T19:13:29.1145004Z ##[endgroup]
2026-09-22T19:13:29.1147893Z [command]/usr/bin/git sparse-checkout disable
2026-09-22T19:13:29.1196711Z [command]/usr/bin/git config --local --unset-all extensions.worktreeConfig
2026-09-22T19:13:29.1228592Z ##[group]Checking out the ref
2026-09-22T19:13:29.1231896Z [command]/usr/bin/git checkout --progress --force refs/remotes/pull/9987/merge
2026-09-22T19:13:29.3179486Z Note: switching to 'refs/remotes/pull/9987/merge'.
2026-09-22T19:13:29.3180332Z 
2026-09-22T19:13:29.3180982Z You are in 'detached HEAD' state. You can look around, make experimental
2026-09-22T19:13:29.3182573Z changes and commit them, and you can discard any commits you make in this
2026-09-22T19:13:29.3184139Z state without impacting any branches by switching back to a branch.
2026-09-22T19:13:29.3185158Z 
2026-09-22T19:13:29.3185799Z If you want to create a new branch to retain commits you create, you may
2026-09-22T19:13:29.3187268Z do so (now or later) by using -c with the switch command. Example:
2026-09-22T19:13:29.3188104Z 
2026-09-22T19:13:29.3188485Z   git switch -c <new-branch-name>
2026-09-22T19:13:29.3189085Z 
2026-09-22T19:13:29.3189437Z Or undo this operation with:
2026-09-22T19:13:29.3189978Z 
2026-09-22T19:13:29.3190286Z   git switch -
2026-09-22T19:13:29.3191089Z 
2026-09-22T19:13:29.3191843Z Turn off this advice by setting config variable advice.detachedHead to false
2026-09-22T19:13:29.3192821Z 
2026-09-22T19:13:29.3193907Z HEAD is now at 25b2e7b Merge 50995f872e11d5fcb60f4cc60c9ed7fcb3f4c524 into 133aacdb7ef30f781552ec1f1d6ada9193bc9b4e
2026-09-22T19:13:29.3197306Z ##[endgroup]
2026-09-22T19:13:29.3230375Z [command]/usr/bin/git log -1 --format=%H
2026-09-22T19:13:29.3251201Z 25b2e7b714ec3f8c729344eba84858ca0ed42d8b
2026-09-22T19:13:29.3680106Z Prepare all required actions
2026-09-22T19:13:29.3681664Z Getting action download info
2026-09-22T19:13:29.4782456Z Download action repository 'dtolnay/rust-toolchain@6bed0761d98439e5a578e2877258200ad565ba87' (SHA:6bed0761d98439e5a578e2877258200ad565ba87)
2026-09-22T19:13:29.6272766Z ##[group]Run ./.github/actions/setup-prebuild
2026-09-22T19:13:29.6273691Z with:
2026-09-22T19:13:29.6280658Z   repo-token: ***
2026-09-22T19:13:29.6281381Z   components: clippy, rustfmt
2026-09-22T19:13:29.6282167Z   protoc-version: 29.3
2026-09-22T19:13:29.6282927Z   enable-sccache: false
2026-09-22T19:13:29.6283619Z env:
2026-09-22T19:13:29.6284246Z   CARGO_TERM_COLOR: always
2026-09-22T19:13:29.6285331Z   RUST_BACKTRACE: 1
2026-09-22T19:13:29.6286085Z   NIGHTLY_TOOLCHAIN: nightly-2026-09-10
2026-09-22T19:13:29.6286985Z   RUNNER_TOOL_CACHE: /opt/hostedtoolcache
2026-09-22T19:13:29.6287860Z   RUNS_ON_HOME: /runs-on
2026-09-22T19:13:29.6288598Z   RUNS_ON_VERSION: v3.3.0
2026-09-22T19:13:29.6289419Z   RUNS_ON_AGENT_BINARY: /runs-on/agent
2026-09-22T19:13:29.6290277Z   RUNS_ON_AGENT_ARCH: arm64
2026-09-22T19:13:29.6291043Z   RUNS_ON_AGENT_USER: runner
2026-09-22T19:13:29.6291829Z   RUNS_ON_AMI_ID: ami-098c62767651982c5
2026-09-22T19:13:29.6292673Z   RUNS_ON_AWS_REGION: us-east-1
2026-09-22T19:13:29.6293461Z   RUNS_ON_AWS_AZ: us-east-1b
2026-09-22T19:13:29.6294302Z   RUNS_ON_ENV_CUSTOM_FILE: /runs-on/env.custom
2026-09-22T19:13:29.6295325Z   RUNS_ON_INSTANCE_ID: i-020621f2ed58187fb
2026-09-22T19:13:29.6296228Z   RUNS_ON_INSTANCE_LIFECYCLE: spot
2026-09-22T19:13:29.6297078Z   RUNS_ON_INSTANCE_TYPE: c7g.metal
2026-09-22T19:13:29.6297905Z   RUNS_ON_STACK_NAME: runs-on-v3
2026-09-22T19:13:29.6298899Z   RUNS_ON_S3_BUCKET_CACHE: runs-on-v3-s3bucketcache-dbnub4tpjhpv
2026-09-22T19:13:29.6300044Z   ACTIONS_RUNNER_HOOK_JOB_STARTED: /runs-on/pre.sh
2026-09-22T19:13:29.6301089Z   ACTIONS_RUNNER_HOOK_JOB_COMPLETED: /runs-on/post.sh
2026-09-22T19:13:29.6302095Z   GITHUB_SERVER_URL: https://github.com/
2026-09-22T19:13:29.6303029Z   GITHUB_API_URL: https://api.github.com/
2026-09-22T19:13:29.6303905Z   GITHUB_HOST: github.com
2026-09-22T19:13:29.6304868Z   RUNS_ON_RUNNER_NAME: runs-on--i-020621f2ed58187fb--b79b3816-3
2026-09-22T19:13:29.6305999Z   RUNS_ON_INSTANCE_LAUNCHED_AT: 2026-09-22T19:12:45Z
2026-09-22T19:13:29.6306982Z   ACTIONS_CACHE_URL: http://10.1.26.52:6871/
2026-09-22T19:13:29.6307902Z   ACTIONS_CACHE_SERVICE_V2: true
2026-09-22T19:13:29.6308776Z   ACTIONS_RESULTS_URL: http://10.1.26.52:6871/
2026-09-22T19:13:29.6309852Z   RUNS_ON_S3_CACHE_REPO_PREFIX: cache/repo/vortex-data/vortex
2026-09-22T19:13:29.6310931Z   RUNS_ON_ACTION_COST_TRACKING_CLAIMED: true
2026-09-22T19:13:29.6311791Z ##[endgroup]
2026-09-22T19:13:29.6398095Z ##[start-action display=Resolve toolchain config;id=__self.toolchain-config]
2026-09-22T19:13:29.6468798Z ##[group]Run DEFAULT_VERSION=$(grep channel rust-toolchain.toml | awk -F'"' '{print $2}')
2026-09-22T19:13:29.6470529Z [36;1mDEFAULT_VERSION=$(grep channel rust-toolchain.toml | awk -F'"' '{print $2}')[0m
2026-09-22T19:13:29.6471965Z [36;1mTOOLCHAIN="${TOOLCHAIN_OVERRIDE:-$DEFAULT_VERSION}"[0m
2026-09-22T19:13:29.6473135Z [36;1mecho "toolchain=$TOOLCHAIN" >> "$GITHUB_OUTPUT"[0m
2026-09-22T19:13:29.6474335Z [36;1mecho "RUSTUP_TOOLCHAIN=$DEFAULT_VERSION" >> "$GITHUB_ENV"[0m
2026-09-22T19:13:29.6508343Z shell: /usr/bin/bash --noprofile --norc -e -o pipefail {0}
2026-09-22T19:13:29.6509346Z env:
2026-09-22T19:13:29.6509993Z   CARGO_TERM_COLOR: always
2026-09-22T19:13:29.6510740Z   RUST_BACKTRACE: 1
2026-09-22T19:13:29.6511466Z   NIGHTLY_TOOLCHAIN: nightly-2026-09-10
2026-09-22T19:13:29.6512606Z   RUNNER_TOOL_CACHE: /opt/hostedtoolcache
2026-09-22T19:13:29.6513474Z   RUNS_ON_HOME: /runs-on
2026-09-22T19:13:29.6514217Z   RUNS_ON_VERSION: v3.3.0
2026-09-22T19:13:29.6515085Z   RUNS_ON_AGENT_BINARY: /runs-on/agent
2026-09-22T19:13:29.6515946Z   RUNS_ON_AGENT_ARCH: arm64
2026-09-22T19:13:29.6516717Z   RUNS_ON_AGENT_USER: runner
2026-09-22T19:13:29.6517728Z   RUNS_ON_AMI_ID: ami-098c62767651982c5
2026-09-22T19:13:29.6518613Z   RUNS_ON_AWS_REGION: us-east-1
2026-09-22T19:13:29.6519394Z   RUNS_ON_AWS_AZ: us-east-1b
2026-09-22T19:13:29.6520228Z   RUNS_ON_ENV_CUSTOM_FILE: /runs-on/env.custom
2026-09-22T19:13:29.6521170Z   RUNS_ON_INSTANCE_ID: i-020621f2ed58187fb
2026-09-22T19:13:29.6522068Z   RUNS_ON_INSTANCE_LIFECYCLE: spot
2026-09-22T19:13:29.6522907Z   RUNS_ON_INSTANCE_TYPE: c7g.metal
2026-09-22T19:13:29.6523733Z   RUNS_ON_STACK_NAME: runs-on-v3
2026-09-22T19:13:29.6524728Z   RUNS_ON_S3_BUCKET_CACHE: runs-on-v3-s3bucketcache-dbnub4tpjhpv
2026-09-22T19:13:29.6525960Z   ACTIONS_RUNNER_HOOK_JOB_STARTED: /runs-on/pre.sh
2026-09-22T19:13:29.6527018Z   ACTIONS_RUNNER_HOOK_JOB_COMPLETED: /runs-on/post.sh
2026-09-22T19:13:29.6528035Z   GITHUB_SERVER_URL: https://github.com/
2026-09-22T19:13:29.6528962Z   GITHUB_API_URL: https://api.github.com/
2026-09-22T19:13:29.6529839Z   GITHUB_HOST: github.com
2026-09-22T19:13:29.6530758Z   RUNS_ON_RUNNER_NAME: runs-on--i-020621f2ed58187fb--b79b3816-3
2026-09-22T19:13:29.6531888Z   RUNS_ON_INSTANCE_LAUNCHED_AT: 2026-09-22T19:12:45Z
2026-09-22T19:13:29.6532889Z   ACTIONS_CACHE_URL: http://10.1.26.52:6871/
2026-09-22T19:13:29.6533794Z   ACTIONS_CACHE_SERVICE_V2: true
2026-09-22T19:13:29.6534673Z   ACTIONS_RESULTS_URL: http://10.1.26.52:6871/
2026-09-22T19:13:29.6535869Z   RUNS_ON_S3_CACHE_REPO_PREFIX: cache/repo/vortex-data/vortex
2026-09-22T19:13:29.6536936Z   RUNS_ON_ACTION_COST_TRACKING_CLAIMED: true
2026-09-22T19:13:29.6537814Z   TOOLCHAIN_OVERRIDE: 
2026-09-22T19:13:29.6538516Z ##[endgroup]
2026-09-22T19:13:29.6648598Z ##[end-action id=__self.toolchain-config;outcome=success;conclusion=success;duration_ms=24]
2026-09-22T19:13:29.6654085Z ##[start-action display=Check for rustup;id=__self.check-rustup]
2026-09-22T19:13:29.6701833Z ##[group]Run echo "exists=$(command -v rustup &> /dev/null && echo 'true' || echo 'false')" >> "$GITHUB_OUTPUT"
2026-09-22T19:13:29.6703773Z [36;1mecho "exists=$(command -v rustup &> /dev/null && echo 'true' || echo 'false')" >> "$GITHUB_OUTPUT"[0m
2026-09-22T19:13:29.6737577Z shell: /usr/bin/bash --noprofile --norc -e -o pipefail {0}
2026-09-22T19:13:29.6738578Z env:
2026-09-22T19:13:29.6739212Z   CARGO_TERM_COLOR: always
2026-09-22T19:13:29.6739959Z   RUST_BACKTRACE: 1
2026-09-22T19:13:29.6740683Z   NIGHTLY_TOOLCHAIN: nightly-2026-09-10
2026-09-22T19:13:29.6741581Z   RUNNER_TOOL_CACHE: /opt/hostedtoolcache
2026-09-22T19:13:29.6742451Z   RUNS_ON_HOME: /runs-on
2026-09-22T19:13:29.6743185Z   RUNS_ON_VERSION: v3.3.0
2026-09-22T19:13:29.6743961Z   RUNS_ON_AGENT_BINARY: /runs-on/agent
2026-09-22T19:13:29.6744905Z   RUNS_ON_AGENT_ARCH: arm64
2026-09-22T19:13:29.6745684Z   RUNS_ON_AGENT_USER: runner
2026-09-22T19:13:29.6746456Z   RUNS_ON_AMI_ID: ami-098c62767651982c5
2026-09-22T19:13:29.6747297Z   RUNS_ON_AWS_REGION: us-east-1
2026-09-22T19:13:29.6748082Z   RUNS_ON_AWS_AZ: us-east-1b
2026-09-22T19:13:29.6748918Z   RUNS_ON_ENV_CUSTOM_FILE: /runs-on/env.custom
2026-09-22T19:13:29.6749857Z   RUNS_ON_INSTANCE_ID: i-020621f2ed58187fb
2026-09-22T19:13:29.6750760Z   RUNS_ON_INSTANCE_LIFECYCLE: spot
2026-09-22T19:13:29.6751602Z   RUNS_ON_INSTANCE_TYPE: c7g.metal
2026-09-22T19:13:29.6752433Z   RUNS_ON_STACK_NAME: runs-on-v3
2026-09-22T19:13:29.6753433Z   RUNS_ON_S3_BUCKET_CACHE: runs-on-v3-s3bucketcache-dbnub4tpjhpv
2026-09-22T19:13:29.6754580Z   ACTIONS_RUNNER_HOOK_JOB_STARTED: /runs-on/pre.sh
2026-09-22T19:13:29.6755705Z   ACTIONS_RUNNER_HOOK_JOB_COMPLETED: /runs-on/post.sh
2026-09-22T19:13:29.6756723Z   GITHUB_SERVER_URL: https://github.com/
2026-09-22T19:13:29.6757646Z   GITHUB_API_URL: https://api.github.com/
2026-09-22T19:13:29.6758855Z   GITHUB_HOST: github.com
2026-09-22T19:13:29.6759783Z   RUNS_ON_RUNNER_NAME: runs-on--i-020621f2ed58187fb--b79b3816-3
2026-09-22T19:13:29.6760896Z   RUNS_ON_INSTANCE_LAUNCHED_AT: 2026-09-22T19:12:45Z
2026-09-22T19:13:29.6761898Z   ACTIONS_CACHE_URL: http://10.1.26.52:6871/
2026-09-22T19:13:29.6762802Z   ACTIONS_CACHE_SERVICE_V2: true
2026-09-22T19:13:29.6763662Z   ACTIONS_RESULTS_URL: http://10.1.26.52:6871/
2026-09-22T19:13:29.6765035Z   RUNS_ON_S3_CACHE_REPO_PREFIX: cache/repo/vortex-data/vortex
2026-09-22T19:13:29.6766152Z   RUNS_ON_ACTION_COST_TRACKING_CLAIMED: true
2026-09-22T19:13:29.6767050Z   RUSTUP_TOOLCHAIN: 1.98.0
2026-09-22T19:13:29.6767786Z ##[endgroup]
2026-09-22T19:13:29.6840695Z ##[end-action id=__self.check-rustup;outcome=success;conclusion=success;duration_ms=18]
2026-09-22T19:13:29.6846075Z ##[start-action display=Install Rust;id=__self.__dtolnay_rust-toolchain]
2026-09-22T19:13:29.6867623Z ##[end-action id=__self.__dtolnay_rust-toolchain;outcome=skipped;conclusion=skipped;duration_ms=0]
2026-09-22T19:13:29.6874909Z ##[start-action display=Reconcile prebuilt Rust installation;id=__self.__run]
2026-09-22T19:13:29.6927141Z ##[group]Run TOOLCHAIN_FOUND=false
2026-09-22T19:13:29.6928052Z [36;1mTOOLCHAIN_FOUND=false[0m
2026-09-22T19:13:29.6929100Z [36;1mfor INSTALLED in $(rustup toolchain list | awk '{print $1}'); do[0m
2026-09-22T19:13:29.6930238Z [36;1m  case "$INSTALLED" in[0m
2026-09-22T19:13:29.6931208Z [36;1m    "$TOOLCHAIN"|"$TOOLCHAIN"-*) TOOLCHAIN_FOUND=true ;;[0m
2026-09-22T19:13:29.6932200Z [36;1m  esac[0m
2026-09-22T19:13:29.6932835Z [36;1mdone[0m
2026-09-22T19:13:29.6933566Z [36;1mif [ "$TOOLCHAIN_FOUND" != true ]; then[0m
2026-09-22T19:13:29.6934709Z [36;1m  rustup toolchain install "$TOOLCHAIN" --profile minimal[0m
2026-09-22T19:13:29.6935813Z [36;1mfi[0m
2026-09-22T19:13:29.6936425Z [36;1m[0m
2026-09-22T19:13:29.6937262Z [36;1mTOOLCHAIN_HOST=$(rustc +"$TOOLCHAIN" --print host-tuple)[0m
2026-09-22T19:13:29.6938747Z [36;1mINSTALLED_COMPONENTS=$(rustup component list --toolchain "$TOOLCHAIN" --installed)[0m
2026-09-22T19:13:29.6940081Z [36;1mMISSING_COMPONENTS=()[0m
2026-09-22T19:13:29.6941047Z [36;1mIFS=',' read -ra REQUESTED_COMPONENTS <<< "$COMPONENTS"[0m
2026-09-22T19:13:29.6942209Z [36;1mfor COMPONENT in "${REQUESTED_COMPONENTS[@]}"; do[0m
2026-09-22T19:13:29.6943214Z [36;1m  COMPONENT=${COMPONENT// /}[0m
2026-09-22T19:13:29.6944097Z [36;1m  [ -z "$COMPONENT" ] && continue[0m
2026-09-22T19:13:29.6945082Z [36;1m  if [ "$COMPONENT" = llvm-tools ]; then[0m
2026-09-22T19:13:29.6946053Z [36;1m    COMPONENT=llvm-tools-preview[0m
2026-09-22T19:13:29.6946891Z [36;1m  fi[0m
2026-09-22T19:13:29.6947771Z [36;1m  if ! grep -Fqx "$COMPONENT" <<< "$INSTALLED_COMPONENTS" && \[0m
2026-09-22T19:13:29.6949176Z [36;1m     ! grep -Fqx "$COMPONENT-$TOOLCHAIN_HOST" <<< "$INSTALLED_COMPONENTS"; then[0m
2026-09-22T19:13:29.6950452Z [36;1m    MISSING_COMPONENTS+=("$COMPONENT")[0m
2026-09-22T19:13:29.6951318Z [36;1m  fi[0m
2026-09-22T19:13:29.6951950Z [36;1mdone[0m
2026-09-22T19:13:29.6952691Z [36;1mif [ ${#MISSING_COMPONENTS[@]} -gt 0 ]; then[0m
2026-09-22T19:13:29.6953949Z [36;1m  rustup component add --toolchain "$TOOLCHAIN" "${MISSING_COMPONENTS[@]}"[0m
2026-09-22T19:13:29.6955152Z [36;1mfi[0m
2026-09-22T19:13:29.6955762Z [36;1m[0m
2026-09-22T19:13:29.6956757Z [36;1mINSTALLED_TARGETS=$(rustup target list --toolchain "$TOOLCHAIN" --installed)[0m
2026-09-22T19:13:29.6958005Z [36;1mMISSING_TARGETS=()[0m
2026-09-22T19:13:29.6958912Z [36;1mIFS=',' read -ra REQUESTED_TARGETS <<< "$TARGETS"[0m
2026-09-22T19:13:29.6959978Z [36;1mfor TARGET in "${REQUESTED_TARGETS[@]}"; do[0m
2026-09-22T19:13:29.6960909Z [36;1m  TARGET=${TARGET// /}[0m
2026-09-22T19:13:29.6961708Z [36;1m  [ -z "$TARGET" ] && continue[0m
2026-09-22T19:13:29.6962711Z [36;1m  if ! grep -Fqx "$TARGET" <<< "$INSTALLED_TARGETS"; then[0m
2026-09-22T19:13:29.6963759Z [36;1m    MISSING_TARGETS+=("$TARGET")[0m
2026-09-22T19:13:29.6964587Z [36;1m  fi[0m
2026-09-22T19:13:29.6965535Z [36;1mdone[0m
2026-09-22T19:13:29.6966260Z [36;1mif [ ${#MISSING_TARGETS[@]} -gt 0 ]; then[0m
2026-09-22T19:13:29.6967444Z [36;1m  rustup target add --toolchain "$TOOLCHAIN" "${MISSING_TARGETS[@]}"[0m
2026-09-22T19:13:29.6968544Z [36;1mfi[0m
2026-09-22T19:13:29.7001813Z shell: /usr/bin/bash --noprofile --norc -e -o pipefail {0}
2026-09-22T19:13:29.7002851Z env:
2026-09-22T19:13:29.7003569Z   CARGO_TERM_COLOR: always
2026-09-22T19:13:29.7004501Z   RUST_BACKTRACE: 1
2026-09-22T19:13:29.7005356Z   NIGHTLY_TOOLCHAIN: nightly-2026-09-10
2026-09-22T19:13:29.7006264Z   RUNNER_TOOL_CACHE: /opt/hostedtoolcache
2026-09-22T19:13:29.7007121Z   RUNS_ON_HOME: /runs-on
2026-09-22T19:13:29.7007849Z   RUNS_ON_VERSION: v3.3.0
2026-09-22T19:13:29.7008605Z   RUNS_ON_AGENT_BINARY: /runs-on/agent
2026-09-22T19:13:29.7009431Z   RUNS_ON_AGENT_ARCH: arm64
2026-09-22T19:13:29.7010174Z   RUNS_ON_AGENT_USER: runner
2026-09-22T19:13:29.7010940Z   RUNS_ON_AMI_ID: ami-098c62767651982c5
2026-09-22T19:13:29.7011786Z   RUNS_ON_AWS_REGION: us-east-1
2026-09-22T19:13:29.7012555Z   RUNS_ON_AWS_AZ: us-east-1b
2026-09-22T19:13:29.7013368Z   RUNS_ON_ENV_CUSTOM_FILE: /runs-on/env.custom
2026-09-22T19:13:29.7014297Z   RUNS_ON_INSTANCE_ID: i-020621f2ed58187fb
2026-09-22T19:13:29.7015233Z   RUNS_ON_INSTANCE_LIFECYCLE: spot
2026-09-22T19:13:29.7016063Z   RUNS_ON_INSTANCE_TYPE: c7g.metal
2026-09-22T19:13:29.7016884Z   RUNS_ON_STACK_NAME: runs-on-v3
2026-09-22T19:13:29.7017871Z   RUNS_ON_S3_BUCKET_CACHE: runs-on-v3-s3bucketcache-dbnub4tpjhpv
2026-09-22T19:13:29.7019004Z   ACTIONS_RUNNER_HOOK_JOB_STARTED: /runs-on/pre.sh
2026-09-22T19:13:29.7020040Z   ACTIONS_RUNNER_HOOK_JOB_COMPLETED: /runs-on/post.sh
2026-09-22T19:13:29.7021028Z   GITHUB_SERVER_URL: https://github.com/
2026-09-22T19:13:29.7021934Z   GITHUB_API_URL: https://api.github.com/
2026-09-22T19:13:29.7022791Z   GITHUB_HOST: github.com
2026-09-22T19:13:29.7023687Z   RUNS_ON_RUNNER_NAME: runs-on--i-020621f2ed58187fb--b79b3816-3
2026-09-22T19:13:29.7024781Z   RUNS_ON_INSTANCE_LAUNCHED_AT: 2026-09-22T19:12:45Z
2026-09-22T19:13:29.7025820Z   ACTIONS_CACHE_URL: http://10.1.26.52:6871/
2026-09-22T19:13:29.7026721Z   ACTIONS_CACHE_SERVICE_V2: true
2026-09-22T19:13:29.7027572Z   ACTIONS_RESULTS_URL: http://10.1.26.52:6871/
2026-09-22T19:13:29.7028630Z   RUNS_ON_S3_CACHE_REPO_PREFIX: cache/repo/vortex-data/vortex
2026-09-22T19:13:29.7029678Z   RUNS_ON_ACTION_COST_TRACKING_CLAIMED: true
2026-09-22T19:13:29.7030553Z   RUSTUP_TOOLCHAIN: 1.98.0
2026-09-22T19:13:29.7031270Z   TOOLCHAIN: 1.98.0
2026-09-22T19:13:29.7031952Z   COMPONENTS: clippy, rustfmt
2026-09-22T19:13:29.7032689Z   TARGETS: 
2026-09-22T19:13:29.7033295Z ##[endgroup]
2026-09-22T19:13:29.8285021Z info: syncing channel updates for 1.98.0-aarch64-unknown-linux-gnu
2026-09-22T19:13:29.9409037Z info: latest update on 2026-08-20 for version 1.98.0 (88d9e12ae 2026-08-18)
2026-09-22T19:13:29.9412845Z info: downloading 3 components
2026-09-22T19:13:36.0064065Z info: syncing channel updates for 1.98.0-aarch64-unknown-linux-gnu
2026-09-22T19:13:36.0549697Z 
2026-09-22T19:13:36.0607251Z   1.98.0-aarch64-unknown-linux-gnu unchanged - rustc 1.98.0 (88d9e12ae 2026-08-18)
2026-09-22T19:13:36.0607641Z 
2026-09-22T19:13:36.1585373Z info: downloading component clippy
2026-09-22T19:13:36.6200123Z info: downloading component rustfmt
2026-09-22T19:13:36.9017393Z ##[end-action id=__self.__run;outcome=success;conclusion=success;duration_ms=7214]
2026-09-22T19:13:36.9020591Z ##[start-action display=Reconcile mold installation;id=__self.__run_2]
2026-09-22T19:13:36.9045236Z ##[group]Run if ! command -v mold >/dev/null; then
2026-09-22T19:13:36.9045757Z [36;1mif ! command -v mold >/dev/null; then[0m
2026-09-22T19:13:36.9046144Z [36;1m  sudo apt-get update[0m
2026-09-22T19:13:36.9046620Z [36;1m  sudo apt-get install -y mold[0m
2026-09-22T19:13:36.9046971Z [36;1mfi[0m
2026-09-22T19:13:36.9070105Z shell: /usr/bin/bash --noprofile --norc -e -o pipefail {0}
2026-09-22T19:13:36.9070656Z env:
2026-09-22T19:13:36.9070966Z   CARGO_TERM_COLOR: always
2026-09-22T19:13:36.9071491Z   RUST_BACKTRACE: 1
2026-09-22T19:13:36.9071903Z   NIGHTLY_TOOLCHAIN: nightly-2026-09-10
2026-09-22T19:13:36.9072305Z   RUNNER_TOOL_CACHE: /opt/hostedtoolcache
2026-09-22T19:13:36.9072712Z   RUNS_ON_HOME: /runs-on
2026-09-22T19:13:36.9099761Z   RUNS_ON_VERSION: v3.3.0
2026-09-22T19:13:36.9100187Z   RUNS_ON_AGENT_BINARY: /runs-on/agent
2026-09-22T19:13:36.9100497Z   RUNS_ON_AGENT_ARCH: arm64
2026-09-22T19:13:36.9101016Z   RUNS_ON_AGENT_USER: runner
2026-09-22T19:13:36.9101298Z   RUNS_ON_AMI_ID: ami-098c62767651982c5
2026-09-22T19:13:36.9101585Z   RUNS_ON_AWS_REGION: us-east-1
2026-09-22T19:13:36.9101842Z   RUNS_ON_AWS_AZ: us-east-1b
2026-09-22T19:13:36.9102119Z   RUNS_ON_ENV_CUSTOM_FILE: /runs-on/env.custom
2026-09-22T19:13:36.9102450Z   RUNS_ON_INSTANCE_ID: i-020621f2ed58187fb
2026-09-22T19:13:36.9102771Z   RUNS_ON_INSTANCE_LIFECYCLE: spot
2026-09-22T19:13:36.9103061Z   RUNS_ON_INSTANCE_TYPE: c7g.metal
2026-09-22T19:13:36.9103331Z   RUNS_ON_STACK_NAME: runs-on-v3
2026-09-22T19:13:36.9103724Z   RUNS_ON_S3_BUCKET_CACHE: runs-on-v3-s3bucketcache-dbnub4tpjhpv
2026-09-22T19:13:36.9104141Z   ACTIONS_RUNNER_HOOK_JOB_STARTED: /runs-on/pre.sh
2026-09-22T19:13:36.9104516Z   ACTIONS_RUNNER_HOOK_JOB_COMPLETED: /runs-on/post.sh
2026-09-22T19:13:36.9104973Z   GITHUB_SERVER_URL: https://github.com/
2026-09-22T19:13:36.9105325Z   GITHUB_API_URL: https://api.github.com/
2026-09-22T19:13:36.9105622Z   GITHUB_HOST: github.com
2026-09-22T19:13:36.9105945Z   RUNS_ON_RUNNER_NAME: runs-on--i-020621f2ed58187fb--b79b3816-3
2026-09-22T19:13:36.9106348Z   RUNS_ON_INSTANCE_LAUNCHED_AT: 2026-09-22T19:12:45Z
2026-09-22T19:13:36.9106694Z   ACTIONS_CACHE_URL: http://10.1.26.52:6871/
2026-09-22T19:13:36.9107018Z   ACTIONS_CACHE_SERVICE_V2: true
2026-09-22T19:13:36.9107310Z   ACTIONS_RESULTS_URL: http://10.1.26.52:6871/
2026-09-22T19:13:36.9107689Z   RUNS_ON_S3_CACHE_REPO_PREFIX: cache/repo/vortex-data/vortex
2026-09-22T19:13:36.9108065Z   RUNS_ON_ACTION_COST_TRACKING_CLAIMED: true
2026-09-22T19:13:36.9108363Z   RUSTUP_TOOLCHAIN: 1.98.0
2026-09-22T19:13:36.9108600Z ##[endgroup]
2026-09-22T19:13:36.9155623Z ##[end-action id=__self.__run_2;outcome=success;conclusion=success;duration_ms=13]
2026-09-22T19:13:36.9158952Z ##[start-action display=Check protoc installation;id=__self.check-protoc]
2026-09-22T19:13:36.9178900Z ##[group]Run EXPECTED="libprotoc $PROTOC_VERSION"
2026-09-22T19:13:36.9179293Z [36;1mEXPECTED="libprotoc $PROTOC_VERSION"[0m
2026-09-22T19:13:36.9179679Z [36;1mACTUAL=$(protoc --version 2>/dev/null || true)[0m
2026-09-22T19:13:36.9180200Z [36;1mecho "install=$([ "$ACTUAL" = "$EXPECTED" ] && echo false || echo true)" >> "$GITHUB_OUTPUT"[0m
2026-09-22T19:13:36.9200286Z shell: /usr/bin/bash --noprofile --norc -e -o pipefail {0}
2026-09-22T19:13:36.9200643Z env:
2026-09-22T19:13:36.9200836Z   CARGO_TERM_COLOR: always
2026-09-22T19:13:36.9201070Z   RUST_BACKTRACE: 1
2026-09-22T19:13:36.9201308Z   NIGHTLY_TOOLCHAIN: nightly-2026-09-10
2026-09-22T19:13:36.9201614Z   RUNNER_TOOL_CACHE: /opt/hostedtoolcache
2026-09-22T19:13:36.9201928Z   RUNS_ON_HOME: /runs-on
2026-09-22T19:13:36.9202162Z   RUNS_ON_VERSION: v3.3.0
2026-09-22T19:13:36.9202414Z   RUNS_ON_AGENT_BINARY: /runs-on/agent
2026-09-22T19:13:36.9202690Z   RUNS_ON_AGENT_ARCH: arm64
2026-09-22T19:13:36.9202939Z   RUNS_ON_AGENT_USER: runner
2026-09-22T19:13:36.9203196Z   RUNS_ON_AMI_ID: ami-098c62767651982c5
2026-09-22T19:13:36.9203477Z   RUNS_ON_AWS_REGION: us-east-1
2026-09-22T19:13:36.9203739Z   RUNS_ON_AWS_AZ: us-east-1b
2026-09-22T19:13:36.9204013Z   RUNS_ON_ENV_CUSTOM_FILE: /runs-on/env.custom
2026-09-22T19:13:36.9204331Z   RUNS_ON_INSTANCE_ID: i-020621f2ed58187fb
2026-09-22T19:13:36.9204634Z   RUNS_ON_INSTANCE_LIFECYCLE: spot
2026-09-22T19:13:36.9204985Z   RUNS_ON_INSTANCE_TYPE: c7g.metal
2026-09-22T19:13:36.9205261Z   RUNS_ON_STACK_NAME: runs-on-v3
2026-09-22T19:13:36.9205609Z   RUNS_ON_S3_BUCKET_CACHE: runs-on-v3-s3bucketcache-dbnub4tpjhpv
2026-09-22T19:13:36.9206023Z   ACTIONS_RUNNER_HOOK_JOB_STARTED: /runs-on/pre.sh
2026-09-22T19:13:36.9206397Z   ACTIONS_RUNNER_HOOK_JOB_COMPLETED: /runs-on/post.sh
2026-09-22T19:13:36.9206996Z   GITHUB_SERVER_URL: https://github.com/
2026-09-22T19:13:36.9207320Z   GITHUB_API_URL: https://api.github.com/
2026-09-22T19:13:36.9207613Z   GITHUB_HOST: github.com
2026-09-22T19:13:36.9207928Z   RUNS_ON_RUNNER_NAME: runs-on--i-020621f2ed58187fb--b79b3816-3
2026-09-22T19:13:36.9208330Z   RUNS_ON_INSTANCE_LAUNCHED_AT: 2026-09-22T19:12:45Z
2026-09-22T19:13:36.9208834Z   ACTIONS_CACHE_URL: http://10.1.26.52:6871/
2026-09-22T19:13:36.9209165Z   ACTIONS_CACHE_SERVICE_V2: true
2026-09-22T19:13:36.9209457Z   ACTIONS_RESULTS_URL: http://10.1.26.52:6871/
2026-09-22T19:13:36.9209839Z   RUNS_ON_S3_CACHE_REPO_PREFIX: cache/repo/vortex-data/vortex
2026-09-22T19:13:36.9210217Z   RUNS_ON_ACTION_COST_TRACKING_CLAIMED: true
2026-09-22T19:13:36.9210518Z   RUSTUP_TOOLCHAIN: 1.98.0
2026-09-22T19:13:36.9210756Z   PROTOC_VERSION: 29.3
2026-09-22T19:13:36.9210979Z ##[endgroup]
2026-09-22T19:13:37.0010714Z ##[end-action id=__self.check-protoc;outcome=success;conclusion=success;duration_ms=85]
2026-09-22T19:13:37.0012877Z ##[start-action display=Install protoc;id=__self.__self]
2026-09-22T19:13:37.0017845Z ##[end-action id=__self.__self;outcome=skipped;conclusion=skipped;duration_ms=0]
2026-09-22T19:13:37.0019844Z ##[start-action display=Install sccache;id=__self.__self_2]
2026-09-22T19:13:37.0024478Z ##[end-action id=__self.__self_2;outcome=skipped;conclusion=skipped;duration_ms=0]
2026-09-22T19:13:37.0026663Z ##[start-action display=Configure sccache timeout;id=__self.__run_3]
2026-09-22T19:13:37.0031404Z ##[end-action id=__self.__run_3;outcome=skipped;conclusion=skipped;duration_ms=0]
2026-09-22T19:13:37.0033369Z ##[start-action display=Enable compiler caching;id=__self.__run_4]
2026-09-22T19:13:37.0038155Z ##[end-action id=__self.__run_4;outcome=skipped;conclusion=skipped;duration_ms=0]
2026-09-22T19:13:37.0040026Z ##[start-action display=Full Rust setup;id=__self.__self_3]
2026-09-22T19:13:37.0043438Z ##[end-action id=__self.__self_3;outcome=skipped;conclusion=skipped;duration_ms=0]
2026-09-22T19:13:37.0045569Z ##[start-action display=Install flatc (for FlatBuffers code generation);id=__self.__self_4]
2026-09-22T19:13:37.0075923Z Prepare all required actions
2026-09-22T19:13:37.0119158Z ##[group]Run ./.github/actions/setup-flatc
2026-09-22T19:13:37.0119490Z with:
2026-09-22T19:13:37.0119692Z   flatc_version: 25.12.19
2026-09-22T19:13:37.0119921Z env:
2026-09-22T19:13:37.0120111Z   CARGO_TERM_COLOR: always
2026-09-22T19:13:37.0120359Z   RUST_BACKTRACE: 1
2026-09-22T19:13:37.0120595Z   NIGHTLY_TOOLCHAIN: nightly-2026-09-10
2026-09-22T19:13:37.0120906Z   RUNNER_TOOL_CACHE: /opt/hostedtoolcache
2026-09-22T19:13:37.0121202Z   RUNS_ON_HOME: /runs-on
2026-09-22T19:13:37.0121440Z   RUNS_ON_VERSION: v3.3.0
2026-09-22T19:13:37.0121696Z   RUNS_ON_AGENT_BINARY: /runs-on/agent
2026-09-22T19:13:37.0121980Z   RUNS_ON_AGENT_ARCH: arm64
2026-09-22T19:13:37.0122232Z   RUNS_ON_AGENT_USER: runner
2026-09-22T19:13:37.0122492Z   RUNS_ON_AMI_ID: ami-098c62767651982c5
2026-09-22T19:13:37.0122790Z   RUNS_ON_AWS_REGION: us-east-1
2026-09-22T19:13:37.0123056Z   RUNS_ON_AWS_AZ: us-east-1b
2026-09-22T19:13:37.0123336Z   RUNS_ON_ENV_CUSTOM_FILE: /runs-on/env.custom
2026-09-22T19:13:37.0123662Z   RUNS_ON_INSTANCE_ID: i-020621f2ed58187fb
2026-09-22T19:13:37.0123963Z   RUNS_ON_INSTANCE_LIFECYCLE: spot
2026-09-22T19:13:37.0124239Z   RUNS_ON_INSTANCE_TYPE: c7g.metal
2026-09-22T19:13:37.0124514Z   RUNS_ON_STACK_NAME: runs-on-v3
2026-09-22T19:13:37.0124977Z   RUNS_ON_S3_BUCKET_CACHE: runs-on-v3-s3bucketcache-dbnub4tpjhpv
2026-09-22T19:13:37.0125411Z   ACTIONS_RUNNER_HOOK_JOB_STARTED: /runs-on/pre.sh
2026-09-22T19:13:37.0125789Z   ACTIONS_RUNNER_HOOK_JOB_COMPLETED: /runs-on/post.sh
2026-09-22T19:13:37.0126156Z   GITHUB_SERVER_URL: https://github.com/
2026-09-22T19:13:37.0126486Z   GITHUB_API_URL: https://api.github.com/
2026-09-22T19:13:37.0126793Z   GITHUB_HOST: github.com
2026-09-22T19:13:37.0127117Z   RUNS_ON_RUNNER_NAME: runs-on--i-020621f2ed58187fb--b79b3816-3
2026-09-22T19:13:37.0127521Z   RUNS_ON_INSTANCE_LAUNCHED_AT: 2026-09-22T19:12:45Z
2026-09-22T19:13:37.0128096Z   ACTIONS_CACHE_URL: http://10.1.26.52:6871/
2026-09-22T19:13:37.0128407Z   ACTIONS_CACHE_SERVICE_V2: true
2026-09-22T19:13:37.0128698Z   ACTIONS_RESULTS_URL: http://10.1.26.52:6871/
2026-09-22T19:13:37.0129085Z   RUNS_ON_S3_CACHE_REPO_PREFIX: cache/repo/vortex-data/vortex
2026-09-22T19:13:37.0129466Z   RUNS_ON_ACTION_COST_TRACKING_CLAIMED: true
2026-09-22T19:13:37.0129911Z   RUSTUP_TOOLCHAIN: 1.98.0
2026-09-22T19:13:37.0130160Z ##[endgroup]
2026-09-22T19:13:37.0133499Z ##[start-action display=Install flatc;id=__self.__self_4.__run]
2026-09-22T19:13:37.0170095Z ##[group]Run set -euo pipefail
2026-09-22T19:13:37.0170462Z [36;1mset -euo pipefail[0m
2026-09-22T19:13:37.0170703Z [36;1m[0m
2026-09-22T19:13:37.0170897Z [36;1mVERSION="25.12.19"[0m
2026-09-22T19:13:37.0171276Z [36;1mif [ "$(flatc --version 2>/dev/null)" = "flatc version ${VERSION}" ]; then[0m
2026-09-22T19:13:37.0171753Z [36;1m  echo "flatc ${VERSION} is already installed"[0m
2026-09-22T19:13:37.0172093Z [36;1m  exit 0[0m
2026-09-22T19:13:37.0172296Z [36;1mfi[0m
2026-09-22T19:13:37.0172480Z [36;1m[0m
2026-09-22T19:13:37.0172674Z [36;1mARCH=$(uname -m)[0m
2026-09-22T19:13:37.0172962Z [36;1mOS=$(uname -s | tr '[:upper:]' '[:lower:]')[0m
2026-09-22T19:13:37.0173265Z [36;1m[0m
2026-09-22T19:13:37.0173601Z [36;1m# Official binaries exist for x86_64 glibc Linux, macOS and Windows only.[0m
2026-09-22T19:13:37.0174036Z [36;1mASSET=""[0m
2026-09-22T19:13:37.0174252Z [36;1mcase "$OS" in[0m
2026-09-22T19:13:37.0174474Z [36;1m  linux)[0m
2026-09-22T19:13:37.0174782Z [36;1m    if [ "$ARCH" = "x86_64" ] && ! ldd /bin/sh 2>&1 | grep -qi musl; then[0m
2026-09-22T19:13:37.0175418Z [36;1m      ASSET="Linux.flatc.binary.clang++-18.zip"[0m
2026-09-22T19:13:37.0175779Z [36;1m    fi[0m
2026-09-22T19:13:37.0175975Z [36;1m    ;;[0m
2026-09-22T19:13:37.0176175Z [36;1m  darwin)[0m
2026-09-22T19:13:37.0176393Z [36;1m    case "$ARCH" in[0m
2026-09-22T19:13:37.0176700Z [36;1m      arm64)  ASSET="Mac.flatc.binary.zip" ;;[0m
2026-09-22T19:13:37.0177084Z [36;1m      x86_64) ASSET="MacIntel.flatc.binary.zip" ;;[0m
2026-09-22T19:13:37.0177412Z [36;1m    esac[0m
2026-09-22T19:13:37.0177614Z [36;1m    ;;[0m
2026-09-22T19:13:37.0177860Z [36;1m  *) ASSET="Windows.flatc.binary.zip" ;;[0m
2026-09-22T19:13:37.0178168Z [36;1mesac[0m
2026-09-22T19:13:37.0178356Z [36;1m[0m
2026-09-22T19:13:37.0178721Z [36;1m# This sometimes runs in a container where the user is root and there is no sudo.[0m
2026-09-22T19:13:37.0179199Z [36;1mif command -v sudo &>/dev/null[0m
2026-09-22T19:13:37.0179478Z [36;1mthen[0m
2026-09-22T19:13:37.0179678Z [36;1m  CMD=sudo[0m
2026-09-22T19:13:37.0179890Z [36;1melse[0m
2026-09-22T19:13:37.0180083Z [36;1m  CMD=[0m
2026-09-22T19:13:37.0180278Z [36;1mfi[0m
2026-09-22T19:13:37.0180464Z [36;1m[0m
2026-09-22T19:13:37.0180855Z [36;1mRELEASE="https://github.com/google/flatbuffers/releases/download/v${VERSION}"[0m
2026-09-22T19:13:37.0181341Z [36;1mif [ -n "$ASSET" ]; then[0m
2026-09-22T19:13:37.0181680Z [36;1m  curl -fsSL -o /tmp/flatc.zip "${RELEASE}/${ASSET}"[0m
2026-09-22T19:13:37.0182068Z [36;1m  unzip -o /tmp/flatc.zip -d /tmp/flatc[0m
2026-09-22T19:13:37.0182390Z [36;1m  rm -f /tmp/flatc.zip[0m
2026-09-22T19:13:37.0182643Z [36;1melse[0m
2026-09-22T19:13:37.0183022Z [36;1m  echo "No official flatc binary for ${OS}/${ARCH}; building ${VERSION} from source"[0m
2026-09-22T19:13:37.0183533Z [36;1m  git clone --depth 1 --branch "v${VERSION}" \[0m
2026-09-22T19:13:37.0183979Z [36;1m    https://github.com/google/flatbuffers.git /tmp/flatbuffers[0m
2026-09-22T19:13:37.0184457Z [36;1m  cmake -S /tmp/flatbuffers -B /tmp/flatbuffers/build \[0m
2026-09-22T19:13:37.0184926Z [36;1m    -DCMAKE_BUILD_TYPE=Release \[0m
2026-09-22T19:13:37.0185275Z [36;1m    -DFLATBUFFERS_BUILD_TESTS=OFF \[0m
2026-09-22T19:13:37.0185613Z [36;1m    -DFLATBUFFERS_BUILD_FLATLIB=OFF \[0m
2026-09-22T19:13:37.0185955Z [36;1m    -DFLATBUFFERS_BUILD_FLATHASH=OFF \[0m
2026-09-22T19:13:37.0186504Z [36;1m    -DFLATBUFFERS_INSTALL=OFF[0m
2026-09-22T19:13:37.0186872Z [36;1m  cmake --build /tmp/flatbuffers/build --target flatc \[0m
2026-09-22T19:13:37.0187293Z [36;1m    --parallel "$(nproc 2>/dev/null || echo 4)"[0m
2026-09-22T19:13:37.0187644Z [36;1m  mkdir -p /tmp/flatc[0m
2026-09-22T19:13:37.0187968Z [36;1m  mv /tmp/flatbuffers/build/flatc /tmp/flatc/flatc[0m
2026-09-22T19:13:37.0188447Z [36;1m  rm -rf /tmp/flatbuffers[0m
2026-09-22T19:13:37.0188718Z [36;1mfi[0m
2026-09-22T19:13:37.0188904Z [36;1m[0m
2026-09-22T19:13:37.0189157Z [36;1mif [ "$OS" = "linux" ] || [ "$OS" = "darwin" ]; then[0m
2026-09-22T19:13:37.0189533Z [36;1m  $CMD mv /tmp/flatc/flatc /usr/local/bin/[0m
2026-09-22T19:13:37.0189841Z [36;1melse[0m
2026-09-22T19:13:37.0190179Z [36;1m  # Windows runners do not have /usr/local/bin on PATH for non-bash steps.[0m
2026-09-22T19:13:37.0190616Z [36;1m  mkdir -p "$HOME/.local/bin"[0m
2026-09-22T19:13:37.0190944Z [36;1m  mv /tmp/flatc/flatc.exe "$HOME/.local/bin/"[0m
2026-09-22T19:13:37.0191334Z [36;1m  cygpath -w "$HOME/.local/bin" >> "$GITHUB_PATH"[0m
2026-09-22T19:13:37.0191705Z [36;1m  export PATH="$HOME/.local/bin:$PATH"[0m
2026-09-22T19:13:37.0192002Z [36;1mfi[0m
2026-09-22T19:13:37.0192187Z [36;1m[0m
2026-09-22T19:13:37.0192383Z [36;1mrm -rf /tmp/flatc[0m
2026-09-22T19:13:37.0192630Z [36;1mflatc --version[0m
2026-09-22T19:13:37.0212404Z shell: /usr/bin/bash --noprofile --norc -e -o pipefail {0}
2026-09-22T19:13:37.0212759Z env:
2026-09-22T19:13:37.0212953Z   CARGO_TERM_COLOR: always
2026-09-22T19:13:37.0213195Z   RUST_BACKTRACE: 1
2026-09-22T19:13:37.0213431Z   NIGHTLY_TOOLCHAIN: nightly-2026-09-10
2026-09-22T19:13:37.0213739Z   RUNNER_TOOL_CACHE: /opt/hostedtoolcache
2026-09-22T19:13:37.0214029Z   RUNS_ON_HOME: /runs-on
2026-09-22T19:13:37.0214265Z   RUNS_ON_VERSION: v3.3.0
2026-09-22T19:13:37.0214518Z   RUNS_ON_AGENT_BINARY: /runs-on/agent
2026-09-22T19:13:37.0214800Z   RUNS_ON_AGENT_ARCH: arm64
2026-09-22T19:13:37.0215156Z   RUNS_ON_AGENT_USER: runner
2026-09-22T19:13:37.0215418Z   RUNS_ON_AMI_ID: ami-098c62767651982c5
2026-09-22T19:13:37.0215704Z   RUNS_ON_AWS_REGION: us-east-1
2026-09-22T19:13:37.0215961Z   RUNS_ON_AWS_AZ: us-east-1b
2026-09-22T19:13:37.0216235Z   RUNS_ON_ENV_CUSTOM_FILE: /runs-on/env.custom
2026-09-22T19:13:37.0216559Z   RUNS_ON_INSTANCE_ID: i-020621f2ed58187fb
2026-09-22T19:13:37.0216864Z   RUNS_ON_INSTANCE_LIFECYCLE: spot
2026-09-22T19:13:37.0217147Z   RUNS_ON_INSTANCE_TYPE: c7g.metal
2026-09-22T19:13:37.0217424Z   RUNS_ON_STACK_NAME: runs-on-v3
2026-09-22T19:13:37.0217773Z   RUNS_ON_S3_BUCKET_CACHE: runs-on-v3-s3bucketcache-dbnub4tpjhpv
2026-09-22T19:13:37.0218188Z   ACTIONS_RUNNER_HOOK_JOB_STARTED: /runs-on/pre.sh
2026-09-22T19:13:37.0218566Z   ACTIONS_RUNNER_HOOK_JOB_COMPLETED: /runs-on/post.sh
2026-09-22T19:13:37.0218925Z   GITHUB_SERVER_URL: https://github.com/
2026-09-22T19:13:37.0219247Z   GITHUB_API_URL: https://api.github.com/
2026-09-22T19:13:37.0219546Z   GITHUB_HOST: github.com
2026-09-22T19:13:37.0219875Z   RUNS_ON_RUNNER_NAME: runs-on--i-020621f2ed58187fb--b79b3816-3
2026-09-22T19:13:37.0220281Z   RUNS_ON_INSTANCE_LAUNCHED_AT: 2026-09-22T19:12:45Z
2026-09-22T19:13:37.0220638Z   ACTIONS_CACHE_URL: http://10.1.26.52:6871/
2026-09-22T19:13:37.0220949Z   ACTIONS_CACHE_SERVICE_V2: true
2026-09-22T19:13:37.0221242Z   ACTIONS_RESULTS_URL: http://10.1.26.52:6871/
2026-09-22T19:13:37.0221633Z   RUNS_ON_S3_CACHE_REPO_PREFIX: cache/repo/vortex-data/vortex
2026-09-22T19:13:37.0222015Z   RUNS_ON_ACTION_COST_TRACKING_CLAIMED: true
2026-09-22T19:13:37.0222316Z   RUSTUP_TOOLCHAIN: 1.98.0
2026-09-22T19:13:37.0222555Z ##[endgroup]
2026-09-22T19:13:37.0289288Z No official flatc binary for linux/aarch64; building 25.12.19 from source
2026-09-22T19:13:37.0298508Z Cloning into '/tmp/flatbuffers'...
2026-09-22T19:13:37.9796797Z warning: refs/tags/v25.12.19 282dcb1c3266b45600510da4810092f6ec4c85f2 is not a commit!
2026-09-22T19:13:37.9804479Z Note: switching to '7e163021e59cca4f8e1e35a7c828b5c6b7915953'.
2026-09-22T19:13:37.9805118Z 
2026-09-22T19:13:37.9805341Z You are in 'detached HEAD' state. You can look around, make experimental
2026-09-22T19:13:37.9805975Z changes and commit them, and you can discard any commits you make in this
2026-09-22T19:13:37.9806488Z state without impacting any branches by switching back to a branch.
2026-09-22T19:13:37.9806792Z 
2026-09-22T19:13:37.9807011Z If you want to create a new branch to retain commits you create, you may
2026-09-22T19:13:37.9807700Z do so (now or later) by using -c with the switch command. Example:
2026-09-22T19:13:37.9807993Z 
2026-09-22T19:13:37.9808105Z   git switch -c <new-branch-name>
2026-09-22T19:13:37.9808293Z 
2026-09-22T19:13:37.9808398Z Or undo this operation with:
2026-09-22T19:13:37.9808569Z 
2026-09-22T19:13:37.9808649Z   git switch -
2026-09-22T19:13:37.9808774Z 
2026-09-22T19:13:37.9809009Z Turn off this advice by setting config variable advice.detachedHead to false
2026-09-22T19:13:37.9809340Z 
2026-09-22T19:13:38.1493800Z -- Proceeding with version: 25.12.19.0
2026-09-22T19:13:38.5748879Z -- The CXX compiler identification is GNU 13.3.0
2026-09-22T19:13:38.5927618Z -- Detecting CXX compiler ABI info
2026-09-22T19:13:38.6641952Z -- Detecting CXX compiler ABI info - done
2026-09-22T19:13:38.6805576Z -- Check for working CXX compiler: /usr/bin/c++ - skipped
2026-09-22T19:13:38.6814331Z -- Detecting CXX compile features
2026-09-22T19:13:38.6834580Z -- Detecting CXX compile features - done
2026-09-22T19:13:38.6923340Z -- Looking for strtof_l
2026-09-22T19:13:38.8072961Z -- Looking for strtof_l - found
2026-09-22T19:13:38.8074200Z -- Looking for strtoull_l
2026-09-22T19:13:38.8686114Z -- Looking for strtoull_l - found
2026-09-22T19:13:38.8690545Z -- Looking for realpath
2026-09-22T19:13:38.9304432Z -- Looking for realpath - found
2026-09-22T19:13:38.9306217Z -- CMAKE_CXX_FLAGS: 
2026-09-22T19:13:38.9316160Z -- Configuring done (0.8s)
2026-09-22T19:13:38.9397119Z -- Generating done (0.0s)
2026-09-22T19:13:38.9399572Z -- Build files have been written to: /tmp/flatbuffers/build
2026-09-22T19:13:38.9599765Z [  2%] Building CXX object CMakeFiles/flatc.dir/src/file_manager.cpp.o
2026-09-22T19:13:38.9601417Z [  5%] Building CXX object CMakeFiles/flatc.dir/src/file_name_manager.cpp.o
2026-09-22T19:13:38.9603120Z [  7%] Building CXX object CMakeFiles/flatc.dir/src/idl_parser.cpp.o
2026-09-22T19:13:38.9604256Z [ 10%] Building CXX object CMakeFiles/flatc.dir/src/idl_gen_text.cpp.o
2026-09-22T19:13:38.9606297Z [ 13%] Building CXX object CMakeFiles/flatc.dir/src/reflection.cpp.o
2026-09-22T19:13:38.9607459Z [ 15%] Building CXX object CMakeFiles/flatc.dir/src/util.cpp.o
2026-09-22T19:13:38.9608853Z [ 18%] Building CXX object CMakeFiles/flatc.dir/src/idl_gen_binary.cpp.o
2026-09-22T19:13:38.9611518Z [ 21%] Building CXX object CMakeFiles/flatc.dir/src/idl_gen_cpp.cpp.o
2026-09-22T19:13:38.9612223Z [ 23%] Building CXX object CMakeFiles/flatc.dir/src/idl_gen_csharp.cpp.o
2026-09-22T19:13:38.9613905Z [ 26%] Building CXX object CMakeFiles/flatc.dir/src/idl_gen_dart.cpp.o
2026-09-22T19:13:38.9615650Z [ 28%] Building CXX object CMakeFiles/flatc.dir/src/idl_gen_kotlin.cpp.o
2026-09-22T19:13:38.9623808Z [ 31%] Building CXX object CMakeFiles/flatc.dir/src/idl_gen_kotlin_kmp.cpp.o
2026-09-22T19:13:38.9628094Z [ 34%] Building CXX object CMakeFiles/flatc.dir/src/idl_gen_go.cpp.o
2026-09-22T19:13:38.9635800Z [ 36%] Building CXX object CMakeFiles/flatc.dir/src/idl_gen_java.cpp.o
2026-09-22T19:13:38.9637098Z [ 39%] Building CXX object CMakeFiles/flatc.dir/src/idl_gen_ts.cpp.o
2026-09-22T19:13:38.9638614Z [ 42%] Building CXX object CMakeFiles/flatc.dir/src/idl_gen_php.cpp.o
2026-09-22T19:13:38.9642033Z [ 44%] Building CXX object CMakeFiles/flatc.dir/src/idl_gen_python.cpp.o
2026-09-22T19:13:38.9643303Z [ 47%] Building CXX object CMakeFiles/flatc.dir/src/idl_gen_lobster.cpp.o
2026-09-22T19:13:38.9646453Z [ 50%] Building CXX object CMakeFiles/flatc.dir/src/idl_gen_rust.cpp.o
2026-09-22T19:13:38.9647828Z [ 52%] Building CXX object CMakeFiles/flatc.dir/src/idl_gen_fbs.cpp.o
2026-09-22T19:13:38.9649596Z [ 55%] Building CXX object CMakeFiles/flatc.dir/src/idl_gen_grpc.cpp.o
2026-09-22T19:13:38.9650769Z [ 57%] Building CXX object CMakeFiles/flatc.dir/src/idl_gen_json_schema.cpp.o
2026-09-22T19:13:38.9657586Z [ 60%] Building CXX object CMakeFiles/flatc.dir/src/idl_gen_swift.cpp.o
2026-09-22T19:13:38.9660036Z [ 63%] Building CXX object CMakeFiles/flatc.dir/src/flatc.cpp.o
2026-09-22T19:13:38.9663837Z [ 65%] Building CXX object CMakeFiles/flatc.dir/src/flatc_main.cpp.o
2026-09-22T19:13:38.9670531Z [ 68%] Building CXX object CMakeFiles/flatc.dir/include/codegen/python.cc.o
2026-09-22T19:13:38.9671764Z [ 71%] Building CXX object CMakeFiles/flatc.dir/src/binary_annotator.cpp.o
2026-09-22T19:13:38.9674249Z [ 73%] Building CXX object CMakeFiles/flatc.dir/src/annotated_binary_text_gen.cpp.o
2026-09-22T19:13:38.9676923Z [ 76%] Building CXX object CMakeFiles/flatc.dir/src/bfbs_gen_lua.cpp.o
2026-09-22T19:13:38.9680438Z [ 78%] Building CXX object CMakeFiles/flatc.dir/src/bfbs_gen_nim.cpp.o
2026-09-22T19:13:38.9682893Z [ 81%] Building CXX object CMakeFiles/flatc.dir/src/code_generators.cpp.o
2026-09-22T19:13:38.9684692Z [ 84%] Building CXX object CMakeFiles/flatc.dir/grpc/src/compiler/cpp_generator.cc.o
2026-09-22T19:13:38.9686426Z [ 86%] Building CXX object CMakeFiles/flatc.dir/grpc/src/compiler/go_generator.cc.o
2026-09-22T19:13:38.9690233Z [ 89%] Building CXX object CMakeFiles/flatc.dir/grpc/src/compiler/java_generator.cc.o
2026-09-22T19:13:38.9692683Z [ 92%] Building CXX object CMakeFiles/flatc.dir/grpc/src/compiler/python_generator.cc.o
2026-09-22T19:13:38.9696108Z [ 94%] Building CXX object CMakeFiles/flatc.dir/grpc/src/compiler/swift_generator.cc.o
2026-09-22T19:13:38.9698829Z [ 97%] Building CXX object CMakeFiles/flatc.dir/grpc/src/compiler/ts_generator.cc.o
2026-09-22T19:13:40.5727363Z In file included from /usr/include/c++/13/algorithm:60,
2026-09-22T19:13:40.5727838Z                  from /tmp/flatbuffers/include/flatbuffers/flatbuffers.h:20,
2026-09-22T19:13:40.5728358Z                  from /tmp/flatbuffers/include/flatbuffers/reflection_generated.h:7,
2026-09-22T19:13:40.5728901Z                  from /tmp/flatbuffers/include/flatbuffers/reflection.h:25,
2026-09-22T19:13:40.5729333Z                  from /tmp/flatbuffers/src/reflection.cpp:17:
2026-09-22T19:13:40.5735289Z In static member function ‘static _Up* std::__copy_move<_IsMove, true, std::random_access_iterator_tag>::__copy_m(_Tp*, _Tp*, _Up*) [with _Tp = const unsigned char; _Up = unsigned char; bool _IsMove = false]’,
2026-09-22T19:13:40.5736680Z     inlined from ‘_OI std::__copy_move_a2(_II, _II, _OI) [with bool _IsMove = false; _II = const unsigned char*; _OI = unsigned char*]’ at /usr/include/c++/13/bits/stl_algobase.h:506:30,
2026-09-22T19:13:40.5737909Z     inlined from ‘_OI std::__copy_move_a1(_II, _II, _OI) [with bool _IsMove = false; _II = const unsigned char*; _OI = unsigned char*]’ at /usr/include/c++/13/bits/stl_algobase.h:533:42,
2026-09-22T19:13:40.5739109Z     inlined from ‘_OI std::__copy_move_a(_II, _II, _OI) [with bool _IsMove = false; _II = const unsigned char*; _OI = unsigned char*]’ at /usr/include/c++/13/bits/stl_algobase.h:540:31,
2026-09-22T19:13:40.5740225Z     inlined from ‘_OI std::copy(_II, _II, _OI) [with _II = const unsigned char*; _OI = unsigned char*]’ at /usr/include/c++/13/bits/stl_algobase.h:633:7,
2026-09-22T19:13:40.5741745Z     inlined from ‘static _ForwardIterator std::__uninitialized_copy<true>::__uninit_copy(_InputIterator, _InputIterator, _ForwardIterator) [with _InputIterator = const unsigned char*; _ForwardIterator = unsigned char*]’ at /usr/include/c++/13/bits/stl_uninitialized.h:147:27,
2026-09-22T19:13:40.5743675Z     inlined from ‘_ForwardIterator std::uninitialized_copy(_InputIterator, _InputIterator, _ForwardIterator) [with _InputIterator = const unsigned char*; _ForwardIterator = unsigned char*]’ at /usr/include/c++/13/bits/stl_uninitialized.h:185:15,
2026-09-22T19:13:40.5745756Z     inlined from ‘_ForwardIterator std::__uninitialized_copy_a(_InputIterator, _InputIterator, _ForwardIterator, allocator<_Tp>&) [with _InputIterator = const unsigned char*; _ForwardIterator = unsigned char*; _Tp = unsigned char]’ at /usr/include/c++/13/bits/stl_uninitialized.h:373:37,
2026-09-22T19:13:40.5766250Z     inlined from ‘void std::vector<_Tp, _Alloc>::_M_range_insert(iterator, _ForwardIterator, _ForwardIterator, std::forward_iterator_tag) [with _ForwardIterator = const unsigned char*; _Tp = unsigned char; _Alloc = std::allocator<unsigned char>]’ at /usr/include/c++/13/bits/vector.tcc:814:38,
2026-09-22T19:13:40.5768546Z     inlined from ‘std::vector<_Tp, _Alloc>::iterator std::vector<_Tp, _Alloc>::insert(const_iterator, _InputIterator, _InputIterator) [with _InputIterator = const unsigned char*; <template-parameter-2-2> = void; _Tp = unsigned char; _Alloc = std::allocator<unsigned char>]’ at /usr/include/c++/13/bits/stl_vector.h:1486:19,
2026-09-22T19:13:40.5770288Z     inlined from ‘const uint8_t* flatbuffers::AddFlatBuffer(std::vector<unsigned char>&, const uint8_t*, size_t)’ at /tmp/flatbuffers/src/reflection.cpp:650:17:
2026-09-22T19:13:40.5771745Z /usr/include/c++/13/bits/stl_algobase.h:437:30: warning: ‘void* __builtin_memcpy(void*, const void*, long unsigned int)’ writing between 2 and 9223372036854775803 bytes into a region of size 0 overflows the destination [-Wstringop-overflow=]
2026-09-22T19:13:40.5772842Z   437 |             __builtin_memmove(__result, __first, sizeof(_Tp) * _Num);
2026-09-22T19:13:40.5773278Z       |             ~~~~~~~~~~~~~~~~~^~~~~~~~~~~~~~~~~~~~~~~~~~~~~~~~~~~~~~~
2026-09-22T19:13:40.5773774Z In file included from /usr/include/aarch64-linux-gnu/c++/13/bits/c++allocator.h:33,
2026-09-22T19:13:40.5774261Z                  from /usr/include/c++/13/bits/allocator.h:46,
2026-09-22T19:13:40.5774618Z                  from /usr/include/c++/13/memory:65,
2026-09-22T19:13:40.5775085Z                  from /tmp/flatbuffers/include/flatbuffers/array.h:21,
2026-09-22T19:13:40.5775541Z                  from /tmp/flatbuffers/include/flatbuffers/flatbuffers.h:24:
2026-09-22T19:13:40.5776182Z In member function ‘_Tp* std::__new_allocator<_Tp>::allocate(size_type, const void*) [with _Tp = unsigned char]’,
2026-09-22T19:13:40.5777260Z     inlined from ‘static _Tp* std::allocator_traits<std::allocator<_Tp1> >::allocate(allocator_type&, size_type) [with _Tp = unsigned char]’ at /usr/include/c++/13/bits/alloc_traits.h:482:28,
2026-09-22T19:13:40.5778720Z     inlined from ‘std::_Vector_base<_Tp, _Alloc>::pointer std::_Vector_base<_Tp, _Alloc>::_M_allocate(std::size_t) [with _Tp = unsigned char; _Alloc = std::allocator<unsigned char>]’ at /usr/include/c++/13/bits/stl_vector.h:381:33,
2026-09-22T19:13:40.5780552Z     inlined from ‘void std::vector<_Tp, _Alloc>::_M_range_insert(iterator, _ForwardIterator, _ForwardIterator, std::forward_iterator_tag) [with _ForwardIterator = const unsigned char*; _Tp = unsigned char; _Alloc = std::allocator<unsigned char>]’ at /usr/include/c++/13/bits/vector.tcc:805:40,
2026-09-22T19:13:40.5782741Z     inlined from ‘std::vector<_Tp, _Alloc>::iterator std::vector<_Tp, _Alloc>::insert(const_iterator, _InputIterator, _InputIterator) [with _InputIterator = const unsigned char*; <template-parameter-2-2> = void; _Tp = unsigned char; _Alloc = std::allocator<unsigned char>]’ at /usr/include/c++/13/bits/stl_vector.h:1486:19,
2026-09-22T19:13:40.5784476Z     inlined from ‘const uint8_t* flatbuffers::AddFlatBuffer(std::vector<unsigned char>&, const uint8_t*, size_t)’ at /tmp/flatbuffers/src/reflection.cpp:650:17:
2026-09-22T19:13:40.5785753Z /usr/include/c++/13/bits/new_allocator.h:151:55: note: at offset [-9223372036854775808, -4] into destination object of size [4, 9223372036854775807] allocated by ‘operator new’
2026-09-22T19:13:40.5786626Z   151 |         return static_cast<_Tp*>(_GLIBCXX_OPERATOR_NEW(__n * sizeof(_Tp)));
2026-09-22T19:13:40.5787065Z       |                                                       ^
2026-09-22T19:13:52.2373893Z [100%] Linking CXX executable flatc
2026-09-22T19:13:52.3593829Z [100%] Built target flatc
2026-09-22T19:13:52.4455278Z flatc version 25.12.19
2026-09-22T19:13:52.4463846Z ##[end-action id=__self.__self_4.__run;outcome=success;conclusion=success;duration_ms=15432]
2026-09-22T19:13:52.4478096Z ##[end-action id=__self.__self_4;outcome=success;conclusion=success;duration_ms=15443]
2026-09-22T19:13:52.4507298Z Prepare all required actions
2026-09-22T19:13:52.4535564Z ##[group]Run ./.github/actions/system-info
2026-09-22T19:13:52.4535850Z env:
2026-09-22T19:13:52.4536037Z   CARGO_TERM_COLOR: always
2026-09-22T19:13:52.4536267Z   RUST_BACKTRACE: 1
2026-09-22T19:13:52.4536495Z   NIGHTLY_TOOLCHAIN: nightly-2026-09-10
2026-09-22T19:13:52.4536799Z   RUNNER_TOOL_CACHE: /opt/hostedtoolcache
2026-09-22T19:13:52.4537080Z   RUNS_ON_HOME: /runs-on
2026-09-22T19:13:52.4537308Z   RUNS_ON_VERSION: v3.3.0
2026-09-22T19:13:52.4537554Z   RUNS_ON_AGENT_BINARY: /runs-on/agent
2026-09-22T19:13:52.4537825Z   RUNS_ON_AGENT_ARCH: arm64
2026-09-22T19:13:52.4538064Z   RUNS_ON_AGENT_USER: runner
2026-09-22T19:13:52.4538316Z   RUNS_ON_AMI_ID: ami-098c62767651982c5
2026-09-22T19:13:52.4538593Z   RUNS_ON_AWS_REGION: us-east-1
2026-09-22T19:13:52.4538858Z   RUNS_ON_AWS_AZ: us-east-1b
2026-09-22T19:13:52.4539136Z   RUNS_ON_ENV_CUSTOM_FILE: /runs-on/env.custom
2026-09-22T19:13:52.4539501Z   RUNS_ON_INSTANCE_ID: i-020621f2ed58187fb
2026-09-22T19:13:52.4539801Z   RUNS_ON_INSTANCE_LIFECYCLE: spot
2026-09-22T19:13:52.4540075Z   RUNS_ON_INSTANCE_TYPE: c7g.metal
2026-09-22T19:13:52.4540343Z   RUNS_ON_STACK_NAME: runs-on-v3
2026-09-22T19:13:52.4540684Z   RUNS_ON_S3_BUCKET_CACHE: runs-on-v3-s3bucketcache-dbnub4tpjhpv
2026-09-22T19:13:52.4541096Z   ACTIONS_RUNNER_HOOK_JOB_STARTED: /runs-on/pre.sh
2026-09-22T19:13:52.4541467Z   ACTIONS_RUNNER_HOOK_JOB_COMPLETED: /runs-on/post.sh
2026-09-22T19:13:52.4541827Z   GITHUB_SERVER_URL: https://github.com/
2026-09-22T19:13:52.4542142Z   GITHUB_API_URL: https://api.github.com/
2026-09-22T19:13:52.4542435Z   GITHUB_HOST: github.com
2026-09-22T19:13:52.4542753Z   RUNS_ON_RUNNER_NAME: runs-on--i-020621f2ed58187fb--b79b3816-3
2026-09-22T19:13:52.4543154Z   RUNS_ON_INSTANCE_LAUNCHED_AT: 2026-09-22T19:12:45Z
2026-09-22T19:13:52.4543511Z   ACTIONS_CACHE_URL: http://10.1.26.52:6871/
2026-09-22T19:13:52.4543832Z   ACTIONS_CACHE_SERVICE_V2: true
2026-09-22T19:13:52.4544122Z   ACTIONS_RESULTS_URL: http://10.1.26.52:6871/
2026-09-22T19:13:52.4544504Z   RUNS_ON_S3_CACHE_REPO_PREFIX: cache/repo/vortex-data/vortex
2026-09-22T19:13:52.4545032Z   RUNS_ON_ACTION_COST_TRACKING_CLAIMED: true
2026-09-22T19:13:52.4545372Z   RUSTUP_TOOLCHAIN: 1.98.0
2026-09-22T19:13:52.4545604Z ##[endgroup]
2026-09-22T19:13:52.4548863Z ##[start-action display=CPU, Memory & Disk Info;id=__self_2.__run]
2026-09-22T19:13:52.4564028Z ##[group]Run echo "=== CPU Model ==="
2026-09-22T19:13:52.4564377Z [36;1mecho "=== CPU Model ==="[0m
2026-09-22T19:13:52.4564631Z [36;1mlscpu[0m
2026-09-22T19:13:52.4564935Z [36;1mecho "=== /proc/cpuinfo summary ==="[0m
2026-09-22T19:13:52.4565402Z [36;1m# x86 exposes "model name"; aarch64 has no such line (lscpu above covers it), and[0m
2026-09-22T19:13:52.4565997Z [36;1m# `shell: bash` runs with `set -e`, so a missing match must not fail the step.[0m
2026-09-22T19:13:52.4566493Z [36;1mgrep -m1 "model name" /proc/cpuinfo || true[0m
2026-09-22T19:13:52.4566805Z [36;1mnproc[0m
2026-09-22T19:13:52.4567021Z [36;1mecho "=== CPU Flags ==="[0m
2026-09-22T19:13:52.4567347Z [36;1m# x86 exposes "flags"; aarch64 exposes "Features".[0m
2026-09-22T19:13:52.4567760Z [36;1mgrep -m1 -E "^(flags|Features)" /proc/cpuinfo || true[0m
2026-09-22T19:13:52.4568102Z [36;1m[0m
2026-09-22T19:13:52.4568292Z [36;1mecho "=== Memory ==="[0m
2026-09-22T19:13:52.4568534Z [36;1mfree -h[0m
2026-09-22T19:13:52.4568749Z [36;1mecho "=== /proc/meminfo ==="[0m
2026-09-22T19:13:52.4569023Z [36;1mcat /proc/meminfo[0m
2026-09-22T19:13:52.4569250Z [36;1m[0m
2026-09-22T19:13:52.4569445Z [36;1mecho "=== Block Devices ==="[0m
2026-09-22T19:13:52.4569707Z [36;1mlsblk[0m
2026-09-22T19:13:52.4569914Z [36;1mecho "=== Disk Usage ==="[0m
2026-09-22T19:13:52.4570165Z [36;1mdf -hT[0m
2026-09-22T19:13:52.4570602Z [36;1mecho "=== Mounts ==="[0m
2026-09-22T19:13:52.4570868Z [36;1mmount | grep -E "^/dev"[0m
2026-09-22T19:13:52.4571132Z [36;1mecho "=== NVMe Devices ==="[0m
2026-09-22T19:13:52.4571635Z [36;1mls -la /dev/nvme* 2>/dev/null || echo "No NVMe"[0m
2026-09-22T19:13:52.4571994Z [36;1msudo nvme list 2>/dev/null || true[0m
2026-09-22T19:13:52.4593587Z shell: /usr/bin/bash --noprofile --norc -e -o pipefail {0}
2026-09-22T19:13:52.4593933Z env:
2026-09-22T19:13:52.4594125Z   CARGO_TERM_COLOR: always
2026-09-22T19:13:52.4594358Z   RUST_BACKTRACE: 1
2026-09-22T19:13:52.4594589Z   NIGHTLY_TOOLCHAIN: nightly-2026-09-10
2026-09-22T19:13:52.4595034Z   RUNNER_TOOL_CACHE: /opt/hostedtoolcache
2026-09-22T19:13:52.4595328Z   RUNS_ON_HOME: /runs-on
2026-09-22T19:13:52.4595560Z   RUNS_ON_VERSION: v3.3.0
2026-09-22T19:13:52.4595814Z   RUNS_ON_AGENT_BINARY: /runs-on/agent
2026-09-22T19:13:52.4596088Z   RUNS_ON_AGENT_ARCH: arm64
2026-09-22T19:13:52.4596332Z   RUNS_ON_AGENT_USER: runner
2026-09-22T19:13:52.4596586Z   RUNS_ON_AMI_ID: ami-098c62767651982c5
2026-09-22T19:13:52.4596874Z   RUNS_ON_AWS_REGION: us-east-1
2026-09-22T19:13:52.4597123Z   RUNS_ON_AWS_AZ: us-east-1b
2026-09-22T19:13:52.4597399Z   RUNS_ON_ENV_CUSTOM_FILE: /runs-on/env.custom
2026-09-22T19:13:52.4597726Z   RUNS_ON_INSTANCE_ID: i-020621f2ed58187fb
2026-09-22T19:13:52.4598020Z   RUNS_ON_INSTANCE_LIFECYCLE: spot
2026-09-22T19:13:52.4598290Z   RUNS_ON_INSTANCE_TYPE: c7g.metal
2026-09-22T19:13:52.4598556Z   RUNS_ON_STACK_NAME: runs-on-v3
2026-09-22T19:13:52.4598895Z   RUNS_ON_S3_BUCKET_CACHE: runs-on-v3-s3bucketcache-dbnub4tpjhpv
2026-09-22T19:13:52.4599308Z   ACTIONS_RUNNER_HOOK_JOB_STARTED: /runs-on/pre.sh
2026-09-22T19:13:52.4599676Z   ACTIONS_RUNNER_HOOK_JOB_COMPLETED: /runs-on/post.sh
2026-09-22T19:13:52.4600027Z   GITHUB_SERVER_URL: https://github.com/
2026-09-22T19:13:52.4600341Z   GITHUB_API_URL: https://api.github.com/
2026-09-22T19:13:52.4600632Z   GITHUB_HOST: github.com
2026-09-22T19:13:52.4600948Z   RUNS_ON_RUNNER_NAME: runs-on--i-020621f2ed58187fb--b79b3816-3
2026-09-22T19:13:52.4601357Z   RUNS_ON_INSTANCE_LAUNCHED_AT: 2026-09-22T19:12:45Z
2026-09-22T19:13:52.4601695Z   ACTIONS_CACHE_URL: http://10.1.26.52:6871/
2026-09-22T19:13:52.4602001Z   ACTIONS_CACHE_SERVICE_V2: true
2026-09-22T19:13:52.4602283Z   ACTIONS_RESULTS_URL: http://10.1.26.52:6871/
2026-09-22T19:13:52.4602657Z   RUNS_ON_S3_CACHE_REPO_PREFIX: cache/repo/vortex-data/vortex
2026-09-22T19:13:52.4603031Z   RUNS_ON_ACTION_COST_TRACKING_CLAIMED: true
2026-09-22T19:13:52.4603327Z   RUSTUP_TOOLCHAIN: 1.98.0
2026-09-22T19:13:52.4603556Z ##[endgroup]
2026-09-22T19:13:52.4640583Z === CPU Model ===
2026-09-22T19:13:52.4817011Z Architecture:                            aarch64
2026-09-22T19:13:52.4817377Z CPU op-mode(s):                          32-bit, 64-bit
2026-09-22T19:13:52.4817733Z Byte Order:                              Little Endian
2026-09-22T19:13:52.4818052Z CPU(s):                                  64
2026-09-22T19:13:52.4818350Z On-line CPU(s) list:                     0-63
2026-09-22T19:13:52.4818666Z Vendor ID:                               ARM
2026-09-22T19:13:52.4818982Z Model name:                              Neoverse-V1
2026-09-22T19:13:52.4819304Z Model:                                   1
2026-09-22T19:13:52.4819594Z Thread(s) per core:                      1
2026-09-22T19:13:52.4819889Z Core(s) per socket:                      64
2026-09-22T19:13:52.4820175Z Socket(s):                               1
2026-09-22T19:13:52.4820463Z Stepping:                                r1p1
2026-09-22T19:13:52.4820777Z BogoMIPS:                                2100.00
2026-09-22T19:13:52.4821797Z Flags:                                   fp asimd evtstrm aes pmull sha1 sha2 crc32 atomics fphp asimdhp cpuid asimdrdm jscvt fcma lrcpc dcpop sha3 sm3 sm4 asimddp sha512 sve asimdfhm dit uscat ilrcpc flagm paca pacg dcpodp svei8mm svebf16 i8mm bf16 dgh rng
2026-09-22T19:13:52.4822869Z L1d cache:                               4 MiB (64 instances)
2026-09-22T19:13:52.4823238Z L1i cache:                               4 MiB (64 instances)
2026-09-22T19:13:52.4823878Z L2 cache:                                64 MiB (64 instances)
2026-09-22T19:13:52.4824245Z L3 cache:                                32 MiB (1 instance)
2026-09-22T19:13:52.4824716Z NUMA node(s):                            1
2026-09-22T19:13:52.4825176Z NUMA node0 CPU(s):                       0-63
2026-09-22T19:13:52.4825535Z Vulnerability Gather data sampling:      Not affected
2026-09-22T19:13:52.4825911Z Vulnerability Ghostwrite:                Not affected
2026-09-22T19:13:52.4826289Z Vulnerability Indirect target selection: Not affected
2026-09-22T19:13:52.4826672Z Vulnerability Itlb multihit:             Not affected
2026-09-22T19:13:52.4827035Z Vulnerability L1tf:                      Not affected
2026-09-22T19:13:52.4827391Z Vulnerability Mds:                       Not affected
2026-09-22T19:13:52.4827751Z Vulnerability Meltdown:                  Not affected
2026-09-22T19:13:52.4828117Z Vulnerability Mmio stale data:           Not affected
2026-09-22T19:13:52.4828492Z Vulnerability Old microcode:             Not affected
2026-09-22T19:13:52.4828866Z Vulnerability Reg file data sampling:    Not affected
2026-09-22T19:13:52.4829239Z Vulnerability Retbleed:                  Not affected
2026-09-22T19:13:52.4829608Z Vulnerability Spec rstack overflow:      Not affected
2026-09-22T19:13:52.4830131Z Vulnerability Spec store bypass:         Mitigation; Speculative Store Bypass disabled via prctl
2026-09-22T19:13:52.4830743Z Vulnerability Spectre v1:                Mitigation; __user pointer sanitization
2026-09-22T19:13:52.4831236Z Vulnerability Spectre v2:                Mitigation; CSV2, BHB
2026-09-22T19:13:52.4831650Z Vulnerability Srbds:                     Not affected
2026-09-22T19:13:52.4832010Z Vulnerability Tsa:                       Not affected
2026-09-22T19:13:52.4832376Z Vulnerability Tsx async abort:           Not affected
2026-09-22T19:13:52.4832741Z Vulnerability Vmscape:                   Not affected
2026-09-22T19:13:52.4833071Z === /proc/cpuinfo summary ===
2026-09-22T19:13:52.4837303Z 64
2026-09-22T19:13:52.4837966Z === CPU Flags ===
2026-09-22T19:13:52.4847677Z Features	: fp asimd evtstrm aes pmull sha1 sha2 crc32 atomics fphp asimdhp cpuid asimdrdm jscvt fcma lrcpc dcpop sha3 sm3 sm4 asimddp sha512 sve asimdfhm dit uscat ilrcpc flagm paca pacg dcpodp svei8mm svebf16 i8mm bf16 dgh rng
2026-09-22T19:13:52.4848643Z === Memory ===
2026-09-22T19:13:52.4868827Z                total        used        free      shared  buff/cache   available
2026-09-22T19:13:52.4869280Z Mem:           125Gi       7.0Gi       118Gi        47Mi       1.1Gi       118Gi
2026-09-22T19:13:52.4869651Z Swap:             0B          0B          0B
2026-09-22T19:13:52.4870335Z === /proc/meminfo ===
2026-09-22T19:13:52.4877241Z MemTotal:       131612296 kB
2026-09-22T19:13:52.4877509Z MemFree:        124174400 kB
2026-09-22T19:13:52.4877758Z MemAvailable:   124233920 kB
2026-09-22T19:13:52.4878002Z Buffers:           38844 kB
2026-09-22T19:13:52.4878234Z Cached:          1023060 kB
2026-09-22T19:13:52.4878484Z SwapCached:            0 kB
2026-09-22T19:13:52.4878715Z Active:           624580 kB
2026-09-22T19:13:52.4878951Z Inactive:         714668 kB
2026-09-22T19:13:52.4879196Z Active(anon):     325920 kB
2026-09-22T19:13:52.4879434Z Inactive(anon):        0 kB
2026-09-22T19:13:52.4879672Z Active(file):     298660 kB
2026-09-22T19:13:52.4879937Z Inactive(file):   714668 kB
2026-09-22T19:13:52.4880175Z Unevictable:           0 kB
2026-09-22T19:13:52.4880413Z Mlocked:               0 kB
2026-09-22T19:13:52.4880646Z SwapTotal:             0 kB
2026-09-22T19:13:52.4880881Z SwapFree:              0 kB
2026-09-22T19:13:52.4881112Z Zswap:                 0 kB
2026-09-22T19:13:52.4881344Z Zswapped:              0 kB
2026-09-22T19:13:52.4881577Z Dirty:            580656 kB
2026-09-22T19:13:52.4881813Z Writeback:             0 kB
2026-09-22T19:13:52.4882046Z AnonPages:        277876 kB
2026-09-22T19:13:52.4882279Z Mapped:           174572 kB
2026-09-22T19:13:52.4882510Z Shmem:             48472 kB
2026-09-22T19:13:52.4883034Z KReclaimable:      77976 kB
2026-09-22T19:13:52.4883270Z Slab:             312540 kB
2026-09-22T19:13:52.4883502Z SReclaimable:      77976 kB
2026-09-22T19:13:52.4883879Z SUnreclaim:       234564 kB
2026-09-22T19:13:52.4884117Z KernelStack:       14448 kB
2026-09-22T19:13:52.4884355Z ShadowCallStack:    4396 kB
2026-09-22T19:13:52.4884598Z PageTables:         5460 kB
2026-09-22T19:13:52.4884921Z SecPageTables:      2752 kB
2026-09-22T19:13:52.4885161Z NFS_Unstable:          0 kB
2026-09-22T19:13:52.4885397Z Bounce:                0 kB
2026-09-22T19:13:52.4885633Z WritebackTmp:          0 kB
2026-09-22T19:13:52.4885871Z CommitLimit:    65806148 kB
2026-09-22T19:13:52.4886106Z Committed_AS:    2352044 kB
2026-09-22T19:13:52.4886345Z VmallocTotal:   135288315904 kB
2026-09-22T19:13:52.4886595Z VmallocUsed:       40960 kB
2026-09-22T19:13:52.4886832Z VmallocChunk:          0 kB
2026-09-22T19:13:52.4887071Z Percpu:            57856 kB
2026-09-22T19:13:52.4887324Z HardwareCorrupted:     0 kB
2026-09-22T19:13:52.4887567Z AnonHugePages:         0 kB
2026-09-22T19:13:52.4887810Z ShmemHugePages:        0 kB
2026-09-22T19:13:52.4888053Z ShmemPmdMapped:        0 kB
2026-09-22T19:13:52.4888302Z FileHugePages:    475136 kB
2026-09-22T19:13:52.4888545Z FilePmdMapped:         0 kB
2026-09-22T19:13:52.4888785Z CmaTotal:              0 kB
2026-09-22T19:13:52.4889016Z CmaFree:               0 kB
2026-09-22T19:13:52.4889246Z Balloon:               0 kB
2026-09-22T19:13:52.4889481Z HugePages_Total:       0
2026-09-22T19:13:52.4889716Z HugePages_Free:        0
2026-09-22T19:13:52.4889950Z HugePages_Rsvd:        0
2026-09-22T19:13:52.4890182Z HugePages_Surp:        0
2026-09-22T19:13:52.4890416Z Hugepagesize:       2048 kB
2026-09-22T19:13:52.4890650Z Hugetlb:               0 kB
2026-09-22T19:13:52.4890879Z === Block Devices ===
2026-09-22T19:13:52.4897645Z NAME         MAJ:MIN RM  SIZE RO TYPE MOUNTPOINTS
2026-09-22T19:13:52.4897965Z nvme0n1      259:0    0  100G  0 disk 
2026-09-22T19:13:52.4898273Z ├─nvme0n1p1  259:1    0   99G  0 part /
2026-09-22T19:13:52.4898583Z ├─nvme0n1p15 259:2    0   99M  0 part /boot/efi
2026-09-22T19:13:52.4898903Z └─nvme0n1p16 259:3    0  923M  0 part /boot
2026-09-22T19:13:52.4899197Z === Disk Usage ===
2026-09-22T19:13:52.4953688Z Filesystem      Type      Size  Used Avail Use% Mounted on
2026-09-22T19:13:52.4954069Z tmpfs           tmpfs      13G  1.4M   13G   1% /run
2026-09-22T19:13:52.4954484Z efivarfs        efivarfs  512K  4.1K  508K   1% /sys/firmware/efi/efivars
2026-09-22T19:13:52.4954948Z /dev/nvme0n1p1  ext4       96G   16G   81G  16% /
2026-09-22T19:13:52.4955292Z tmpfs           tmpfs      63G     0   63G   0% /dev/shm
2026-09-22T19:13:52.4955645Z tmpfs           tmpfs     5.0M     0  5.0M   0% /run/lock
2026-09-22T19:13:52.4955997Z tmpfs           tmpfs      63G     0   63G   0% /run/qemu
2026-09-22T19:13:52.4956357Z /dev/nvme0n1p16 ext4      891M   62M  767M   8% /boot
2026-09-22T19:13:52.4956731Z /dev/nvme0n1p15 vfat       98M  6.4M   92M   7% /boot/efi
2026-09-22T19:13:52.4957066Z === Mounts ===
2026-09-22T19:13:52.4966461Z /dev/nvme0n1p1 on / type ext4 (rw,relatime,discard,errors=remount-ro,commit=30)
2026-09-22T19:13:52.4966937Z /dev/nvme0n1p16 on /boot type ext4 (rw,relatime)
2026-09-22T19:13:52.4967625Z /dev/nvme0n1p15 on /boot/efi type vfat (rw,relatime,fmask=0077,dmask=0077,codepage=437,iocharset=iso8859-1,shortname=mixed,errors=remount-ro)
2026-09-22T19:13:52.4968277Z === NVMe Devices ===
2026-09-22T19:13:52.4979106Z crw------- 1 root root 236, 0 Sep 22 19:13 /dev/nvme0
2026-09-22T19:13:52.4979468Z brw-rw---- 1 root disk 259, 0 Sep 22 19:13 /dev/nvme0n1
2026-09-22T19:13:52.4979848Z brw-rw---- 1 root disk 259, 1 Sep 22 19:13 /dev/nvme0n1p1
2026-09-22T19:13:52.4980230Z brw-rw---- 1 root disk 259, 2 Sep 22 19:13 /dev/nvme0n1p15
2026-09-22T19:13:52.4980614Z brw-rw---- 1 root disk 259, 3 Sep 22 19:13 /dev/nvme0n1p16
2026-09-22T19:13:52.5092794Z ##[end-action id=__self_2.__run;outcome=success;conclusion=success;duration_ms=54]
2026-09-22T19:13:52.5245385Z ##[group]Run taiki-e/cache-cargo-install-action@66c9585ef5ca780ee69399975a5e911f47905995
2026-09-22T19:13:52.5245893Z with:
2026-09-22T19:13:52.5246087Z   tool: cargo-codspeed
2026-09-22T19:13:52.5246309Z   locked: true
2026-09-22T19:13:52.5246526Z   no-default-features: false
2026-09-22T19:13:52.5246775Z   all-features: false
2026-09-22T19:13:52.5246981Z env:
2026-09-22T19:13:52.5247169Z   CARGO_TERM_COLOR: always
2026-09-22T19:13:52.5247403Z   RUST_BACKTRACE: 1
2026-09-22T19:13:52.5247634Z   NIGHTLY_TOOLCHAIN: nightly-2026-09-10
2026-09-22T19:13:52.5247940Z   RUNNER_TOOL_CACHE: /opt/hostedtoolcache
2026-09-22T19:13:52.5248225Z   RUNS_ON_HOME: /runs-on
2026-09-22T19:13:52.5248454Z   RUNS_ON_VERSION: v3.3.0
2026-09-22T19:13:52.5248707Z   RUNS_ON_AGENT_BINARY: /runs-on/agent
2026-09-22T19:13:52.5248986Z   RUNS_ON_AGENT_ARCH: arm64
2026-09-22T19:13:52.5249229Z   RUNS_ON_AGENT_USER: runner
2026-09-22T19:13:52.5249484Z   RUNS_ON_AMI_ID: ami-098c62767651982c5
2026-09-22T19:13:52.5249798Z   RUNS_ON_AWS_REGION: us-east-1
2026-09-22T19:13:52.5250065Z   RUNS_ON_AWS_AZ: us-east-1b
2026-09-22T19:13:52.5250339Z   RUNS_ON_ENV_CUSTOM_FILE: /runs-on/env.custom
2026-09-22T19:13:52.5250660Z   RUNS_ON_INSTANCE_ID: i-020621f2ed58187fb
2026-09-22T19:13:52.5250953Z   RUNS_ON_INSTANCE_LIFECYCLE: spot
2026-09-22T19:13:52.5251228Z   RUNS_ON_INSTANCE_TYPE: c7g.metal
2026-09-22T19:13:52.5251493Z   RUNS_ON_STACK_NAME: runs-on-v3
2026-09-22T19:13:52.5251834Z   RUNS_ON_S3_BUCKET_CACHE: runs-on-v3-s3bucketcache-dbnub4tpjhpv
2026-09-22T19:13:52.5252245Z   ACTIONS_RUNNER_HOOK_JOB_STARTED: /runs-on/pre.sh
2026-09-22T19:13:52.5252614Z   ACTIONS_RUNNER_HOOK_JOB_COMPLETED: /runs-on/post.sh
2026-09-22T19:13:52.5252968Z   GITHUB_SERVER_URL: https://github.com/
2026-09-22T19:13:52.5253290Z   GITHUB_API_URL: https://api.github.com/
2026-09-22T19:13:52.5253581Z   GITHUB_HOST: github.com
2026-09-22T19:13:52.5253896Z   RUNS_ON_RUNNER_NAME: runs-on--i-020621f2ed58187fb--b79b3816-3
2026-09-22T19:13:52.5254300Z   RUNS_ON_INSTANCE_LAUNCHED_AT: 2026-09-22T19:12:45Z
2026-09-22T19:13:52.5254654Z   ACTIONS_CACHE_URL: http://10.1.26.52:6871/
2026-09-22T19:13:52.5255044Z   ACTIONS_CACHE_SERVICE_V2: true
2026-09-22T19:13:52.5255335Z   ACTIONS_RESULTS_URL: http://10.1.26.52:6871/
2026-09-22T19:13:52.5255712Z   RUNS_ON_S3_CACHE_REPO_PREFIX: cache/repo/vortex-data/vortex
2026-09-22T19:13:52.5256089Z   RUNS_ON_ACTION_COST_TRACKING_CLAIMED: true
2026-09-22T19:13:52.5256388Z   RUSTUP_TOOLCHAIN: 1.98.0
2026-09-22T19:13:52.5256618Z ##[endgroup]
2026-09-22T19:13:52.5264190Z ##[start-action display=Prepare (non-Windows);id=__taiki-e_cache-cargo-install-action.pre-unix]
2026-09-22T19:13:52.5280437Z ##[group]Run set -eu
2026-09-22T19:13:52.5280702Z [36;1mset -eu[0m
2026-09-22T19:13:52.5280941Z [36;1mif ! command -v bash >/dev/null; then[0m
2026-09-22T19:13:52.5281307Z [36;1m  if grep -Eq '^ID=alpine' /etc/os-release; then[0m
2026-09-22T19:13:52.5281856Z [36;1m    printf '::group::Install packages required for cache-cargo-install-action (bash)\n'[0m
2026-09-22T19:13:52.5282396Z [36;1m    # NB: sync with apk_install in pre.sh[0m
2026-09-22T19:13:52.5282737Z [36;1m    if command -v sudo >/dev/null; then[0m
2026-09-22T19:13:52.5283066Z [36;1m      sudo apk --no-cache add bash[0m
2026-09-22T19:13:52.5283401Z [36;1m    elif command -v doas >/dev/null; then[0m
2026-09-22T19:13:52.5283734Z [36;1m      doas apk --no-cache add bash[0m
2026-09-22T19:13:52.5284019Z [36;1m    else[0m
2026-09-22T19:13:52.5284236Z [36;1m      apk --no-cache add bash[0m
2026-09-22T19:13:52.5284499Z [36;1m    fi[0m
2026-09-22T19:13:52.5284715Z [36;1m    printf '::endgroup::\n'[0m
2026-09-22T19:13:52.5285067Z [36;1m  else[0m
2026-09-22T19:13:52.5285389Z [36;1m    printf '::error::cache-cargo-install-action requires bash\n'[0m
2026-09-22T19:13:52.5285777Z [36;1m    exit 1[0m
2026-09-22T19:13:52.5285982Z [36;1m  fi[0m
2026-09-22T19:13:52.5286168Z [36;1mfi[0m
2026-09-22T19:13:52.5286461Z [36;1mbash --noprofile --norc "${GITHUB_ACTION_PATH:?}/pre.sh"[0m
2026-09-22T19:13:52.5389132Z shell: /usr/bin/sh -e {0}
2026-09-22T19:13:52.5389489Z env:
2026-09-22T19:13:52.5389682Z   CARGO_TERM_COLOR: always
2026-09-22T19:13:52.5389922Z   RUST_BACKTRACE: 1
2026-09-22T19:13:52.5390153Z   NIGHTLY_TOOLCHAIN: nightly-2026-09-10
2026-09-22T19:13:52.5390464Z   RUNNER_TOOL_CACHE: /opt/hostedtoolcache
2026-09-22T19:13:52.5390754Z   RUNS_ON_HOME: /runs-on
2026-09-22T19:13:52.5390981Z   RUNS_ON_VERSION: v3.3.0
2026-09-22T19:13:52.5391229Z   RUNS_ON_AGENT_BINARY: /runs-on/agent
2026-09-22T19:13:52.5391505Z   RUNS_ON_AGENT_ARCH: arm64
2026-09-22T19:13:52.5391746Z   RUNS_ON_AGENT_USER: runner
2026-09-22T19:13:52.5391998Z   RUNS_ON_AMI_ID: ami-098c62767651982c5
2026-09-22T19:13:52.5392278Z   RUNS_ON_AWS_REGION: us-east-1
2026-09-22T19:13:52.5392530Z   RUNS_ON_AWS_AZ: us-east-1b
2026-09-22T19:13:52.5392801Z   RUNS_ON_ENV_CUSTOM_FILE: /runs-on/env.custom
2026-09-22T19:13:52.5393120Z   RUNS_ON_INSTANCE_ID: i-020621f2ed58187fb
2026-09-22T19:13:52.5393411Z   RUNS_ON_INSTANCE_LIFECYCLE: spot
2026-09-22T19:13:52.5393694Z   RUNS_ON_INSTANCE_TYPE: c7g.metal
2026-09-22T19:13:52.5393969Z   RUNS_ON_STACK_NAME: runs-on-v3
2026-09-22T19:13:52.5394312Z   RUNS_ON_S3_BUCKET_CACHE: runs-on-v3-s3bucketcache-dbnub4tpjhpv
2026-09-22T19:13:52.5394726Z   ACTIONS_RUNNER_HOOK_JOB_STARTED: /runs-on/pre.sh
2026-09-22T19:13:52.5395181Z   ACTIONS_RUNNER_HOOK_JOB_COMPLETED: /runs-on/post.sh
2026-09-22T19:13:52.5395535Z   GITHUB_SERVER_URL: https://github.com/
2026-09-22T19:13:52.5395850Z   GITHUB_API_URL: https://api.github.com/
2026-09-22T19:13:52.5396142Z   GITHUB_HOST: github.com
2026-09-22T19:13:52.5396453Z   RUNS_ON_RUNNER_NAME: runs-on--i-020621f2ed58187fb--b79b3816-3
2026-09-22T19:13:52.5396846Z   RUNS_ON_INSTANCE_LAUNCHED_AT: 2026-09-22T19:12:45Z
2026-09-22T19:13:52.5397185Z   ACTIONS_CACHE_URL: http://10.1.26.52:6871/
2026-09-22T19:13:52.5397492Z   ACTIONS_CACHE_SERVICE_V2: true
2026-09-22T19:13:52.5397778Z   ACTIONS_RESULTS_URL: http://10.1.26.52:6871/
2026-09-22T19:13:52.5398164Z   RUNS_ON_S3_CACHE_REPO_PREFIX: cache/repo/vortex-data/vortex
2026-09-22T19:13:52.5398543Z   RUNS_ON_ACTION_COST_TRACKING_CLAIMED: true
2026-09-22T19:13:52.5398839Z   RUSTUP_TOOLCHAIN: 1.98.0
2026-09-22T19:13:52.5399083Z   INPUT_TOOL: cargo-codspeed
2026-09-22T19:13:52.5399321Z   INPUT_LOCKED: true
2026-09-22T19:13:52.5399531Z   INPUT_GIT: 
2026-09-22T19:13:52.5399725Z   INPUT_TAG: 
2026-09-22T19:13:52.5399909Z   INPUT_REV: 
2026-09-22T19:13:52.5400098Z   INPUT_FEATURES: 
2026-09-22T19:13:52.5400317Z   INPUT_NO_DEFAULT_FEATURES: false
2026-09-22T19:13:52.5400583Z   INPUT_ALL_FEATURES: false
2026-09-22T19:13:52.5401042Z   ACTION_USER_AGENT: taiki-e/cache-cargo-install-action (66c9585ef5ca780ee69399975a5e911f47905995)
2026-09-22T19:13:52.5401538Z ##[endgroup]
2026-09-22T19:13:52.6431325Z ##[end-action id=__taiki-e_cache-cargo-install-action.pre-unix;outcome=success;conclusion=success;duration_ms=116]
2026-09-22T19:13:52.6435960Z ##[start-action display=Prepare (Windows);id=__taiki-e_cache-cargo-install-action.pre-windows]
2026-09-22T19:13:52.6439586Z ##[end-action id=__taiki-e_cache-cargo-install-action.pre-windows;outcome=skipped;conclusion=skipped;duration_ms=0]
2026-09-22T19:13:52.6441771Z ##[start-action display=Restore Cache;id=__taiki-e_cache-cargo-install-action.cache]
2026-09-22T19:13:52.6486356Z ##[group]Run actions/cache@668228422ae6a00e4ad889ee87cd7109ec5666a7
2026-09-22T19:13:52.6486719Z with:
2026-09-22T19:13:52.6486968Z   path: /opt/hostedtoolcache/cargo-codspeed/bin
2026-09-22T19:13:52.6487635Z   key: cargo-codspeed-5.0.2-aarch64-linux-gnu-2.39-features-default-no-default-features-false-all-features-false
2026-09-22T19:13:52.6488282Z   enableCrossOsArchive: false
2026-09-22T19:13:52.6488543Z   fail-on-cache-miss: false
2026-09-22T19:13:52.6488785Z   lookup-only: false
2026-09-22T19:13:52.6489000Z   save-always: false
2026-09-22T19:13:52.6489202Z env:
2026-09-22T19:13:52.6489384Z   CARGO_TERM_COLOR: always
2026-09-22T19:13:52.6489615Z   RUST_BACKTRACE: 1
2026-09-22T19:13:52.6489845Z   NIGHTLY_TOOLCHAIN: nightly-2026-09-10
2026-09-22T19:13:52.6490514Z   RUNNER_TOOL_CACHE: /opt/hostedtoolcache
2026-09-22T19:13:52.6490806Z   RUNS_ON_HOME: /runs-on
2026-09-22T19:13:52.6491038Z   RUNS_ON_VERSION: v3.3.0
2026-09-22T19:13:52.6491285Z   RUNS_ON_AGENT_BINARY: /runs-on/agent
2026-09-22T19:13:52.6491560Z   RUNS_ON_AGENT_ARCH: arm64
2026-09-22T19:13:52.6491802Z   RUNS_ON_AGENT_USER: runner
2026-09-22T19:13:52.6492055Z   RUNS_ON_AMI_ID: ami-098c62767651982c5
2026-09-22T19:13:52.6492334Z   RUNS_ON_AWS_REGION: us-east-1
2026-09-22T19:13:52.6492712Z   RUNS_ON_AWS_AZ: us-east-1b
2026-09-22T19:13:52.6493019Z   RUNS_ON_ENV_CUSTOM_FILE: /runs-on/env.custom
2026-09-22T19:13:52.6493340Z   RUNS_ON_INSTANCE_ID: i-020621f2ed58187fb
2026-09-22T19:13:52.6493637Z   RUNS_ON_INSTANCE_LIFECYCLE: spot
2026-09-22T19:13:52.6493905Z   RUNS_ON_INSTANCE_TYPE: c7g.metal
2026-09-22T19:13:52.6494171Z   RUNS_ON_STACK_NAME: runs-on-v3
2026-09-22T19:13:52.6494509Z   RUNS_ON_S3_BUCKET_CACHE: runs-on-v3-s3bucketcache-dbnub4tpjhpv
2026-09-22T19:13:52.6495002Z   ACTIONS_RUNNER_HOOK_JOB_STARTED: /runs-on/pre.sh
2026-09-22T19:13:52.6495381Z   ACTIONS_RUNNER_HOOK_JOB_COMPLETED: /runs-on/post.sh
2026-09-22T19:13:52.6495735Z   GITHUB_SERVER_URL: https://github.com/
2026-09-22T19:13:52.6496048Z   GITHUB_API_URL: https://api.github.com/
2026-09-22T19:13:52.6496338Z   GITHUB_HOST: github.com
2026-09-22T19:13:52.6496651Z   RUNS_ON_RUNNER_NAME: runs-on--i-020621f2ed58187fb--b79b3816-3
2026-09-22T19:13:52.6497046Z   RUNS_ON_INSTANCE_LAUNCHED_AT: 2026-09-22T19:12:45Z
2026-09-22T19:13:52.6497389Z   ACTIONS_CACHE_URL: http://10.1.26.52:6871/
2026-09-22T19:13:52.6497704Z   ACTIONS_CACHE_SERVICE_V2: true
2026-09-22T19:13:52.6497987Z   ACTIONS_RESULTS_URL: http://10.1.26.52:6871/
2026-09-22T19:13:52.6498361Z   RUNS_ON_S3_CACHE_REPO_PREFIX: cache/repo/vortex-data/vortex
2026-09-22T19:13:52.6498738Z   RUNS_ON_ACTION_COST_TRACKING_CLAIMED: true
2026-09-22T19:13:52.6499034Z   RUSTUP_TOOLCHAIN: 1.98.0
2026-09-22T19:13:52.6499266Z ##[endgroup]
2026-09-22T19:13:52.8790831Z Cache hit for: cargo-codspeed-5.0.2-aarch64-linux-gnu-2.39-features-default-no-default-features-false-all-features-false
2026-09-22T19:13:53.0459150Z Cache Size: ~1 MB (941982 B)
2026-09-22T19:13:53.0478280Z [command]/usr/bin/tar -xf /home/runner/_work/_temp/7a47a402-5af6-402b-8cca-36c7282dd4b5/cache.tzst -P -C /home/runner/_work/vortex/vortex --use-compress-program unzstd
2026-09-22T19:13:53.0565007Z Cache restored successfully
2026-09-22T19:13:53.0842714Z Cache restored from key: cargo-codspeed-5.0.2-aarch64-linux-gnu-2.39-features-default-no-default-features-false-all-features-false
2026-09-22T19:13:53.0894297Z ##[end-action id=__taiki-e_cache-cargo-install-action.cache;outcome=success;conclusion=success;duration_ms=445]
2026-09-22T19:13:53.0907754Z ##[start-action display=Install cargo-codspeed (non-Windows);id=__taiki-e_cache-cargo-install-action.__run]
2026-09-22T19:13:53.0912472Z ##[end-action id=__taiki-e_cache-cargo-install-action.__run;outcome=skipped;conclusion=skipped;duration_ms=0]
2026-09-22T19:13:53.0917716Z ##[start-action display=Install cargo-codspeed (Windows);id=__taiki-e_cache-cargo-install-action.__run_2]
2026-09-22T19:13:53.0922153Z ##[end-action id=__taiki-e_cache-cargo-install-action.__run_2;outcome=skipped;conclusion=skipped;duration_ms=0]
2026-09-22T19:13:53.0969552Z ##[group]Run actions/download-artifact@3e5f45b2cfb9172054b4087a40e8e0b5a5461e7c
2026-09-22T19:13:53.0970028Z with:
2026-09-22T19:13:53.0970242Z   name: codspeed-cpu-benchmarks-neon
2026-09-22T19:13:53.0970532Z   merge-multiple: false
2026-09-22T19:13:53.0970775Z   repository: vortex-data/vortex
2026-09-22T19:13:53.0971031Z   run-id: 35772035049
2026-09-22T19:13:53.0971256Z   skip-decompress: false
2026-09-22T19:13:53.0971495Z   digest-mismatch: error
2026-09-22T19:13:53.0971713Z env:
2026-09-22T19:13:53.0971900Z   CARGO_TERM_COLOR: always
2026-09-22T19:13:53.0972131Z   RUST_BACKTRACE: 1
2026-09-22T19:13:53.0972361Z   NIGHTLY_TOOLCHAIN: nightly-2026-09-10
2026-09-22T19:13:53.0972666Z   RUNNER_TOOL_CACHE: /opt/hostedtoolcache
2026-09-22T19:13:53.0972949Z   RUNS_ON_HOME: /runs-on
2026-09-22T19:13:53.0973413Z   RUNS_ON_VERSION: v3.3.0
2026-09-22T19:13:53.0973664Z   RUNS_ON_AGENT_BINARY: /runs-on/agent
2026-09-22T19:13:53.0973940Z   RUNS_ON_AGENT_ARCH: arm64
2026-09-22T19:13:53.0974210Z   RUNS_ON_AGENT_USER: runner
2026-09-22T19:13:53.0974470Z   RUNS_ON_AMI_ID: ami-098c62767651982c5
2026-09-22T19:13:53.0974752Z   RUNS_ON_AWS_REGION: us-east-1
2026-09-22T19:13:53.0975091Z   RUNS_ON_AWS_AZ: us-east-1b
2026-09-22T19:13:53.0975369Z   RUNS_ON_ENV_CUSTOM_FILE: /runs-on/env.custom
2026-09-22T19:13:53.0975688Z   RUNS_ON_INSTANCE_ID: i-020621f2ed58187fb
2026-09-22T19:13:53.0975989Z   RUNS_ON_INSTANCE_LIFECYCLE: spot
2026-09-22T19:13:53.0976264Z   RUNS_ON_INSTANCE_TYPE: c7g.metal
2026-09-22T19:13:53.0976535Z   RUNS_ON_STACK_NAME: runs-on-v3
2026-09-22T19:13:53.0976880Z   RUNS_ON_S3_BUCKET_CACHE: runs-on-v3-s3bucketcache-dbnub4tpjhpv
2026-09-22T19:13:53.0977294Z   ACTIONS_RUNNER_HOOK_JOB_STARTED: /runs-on/pre.sh
2026-09-22T19:13:53.0977663Z   ACTIONS_RUNNER_HOOK_JOB_COMPLETED: /runs-on/post.sh
2026-09-22T19:13:53.0978032Z   GITHUB_SERVER_URL: https://github.com/
2026-09-22T19:13:53.0978348Z   GITHUB_API_URL: https://api.github.com/
2026-09-22T19:13:53.0978644Z   GITHUB_HOST: github.com
2026-09-22T19:13:53.0978967Z   RUNS_ON_RUNNER_NAME: runs-on--i-020621f2ed58187fb--b79b3816-3
2026-09-22T19:13:53.0979368Z   RUNS_ON_INSTANCE_LAUNCHED_AT: 2026-09-22T19:12:45Z
2026-09-22T19:13:53.0979717Z   ACTIONS_CACHE_URL: http://10.1.26.52:6871/
2026-09-22T19:13:53.0980024Z   ACTIONS_CACHE_SERVICE_V2: true
2026-09-22T19:13:53.0980313Z   ACTIONS_RESULTS_URL: http://10.1.26.52:6871/
2026-09-22T19:13:53.0980693Z   RUNS_ON_S3_CACHE_REPO_PREFIX: cache/repo/vortex-data/vortex
2026-09-22T19:13:53.0981067Z   RUNS_ON_ACTION_COST_TRACKING_CLAIMED: true
2026-09-22T19:13:53.0981365Z   RUSTUP_TOOLCHAIN: 1.98.0
2026-09-22T19:13:53.0981598Z ##[endgroup]
2026-09-22T19:13:53.2181486Z Downloading single artifact
2026-09-22T19:13:53.3239492Z Preparing to download the following artifacts:
2026-09-22T19:13:53.3240281Z - codspeed-cpu-benchmarks-neon (ID: 10714134406, Size: 460437114, Expected Digest: sha256:8dd93f20886eee4dac96b0a71d14e208a3c5c71b1dbb864bb1e640867048c510)
2026-09-22T19:13:53.4810519Z Redirecting to blob download url: https://productionresultssa10.blob.core.windows.net/actions-results/87f7b8c8-5007-47a7-9094-2d396bfd9cca/workflow-job-run-086be661-7840-59f6-a007-1f0a91ed7dd3/artifacts/b084f87fa3d3be6ff57d62c23d6a3dfa10a6bab8d232c864c43734870b35e840.zip
2026-09-22T19:13:53.4811913Z Starting download of artifact to: /home/runner/_work/vortex/vortex
2026-09-22T19:13:53.5820192Z (node:2636) [DEP0005] DeprecationWarning: Buffer() is deprecated due to security and usability issues. Please use the Buffer.alloc(), Buffer.allocUnsafe(), or Buffer.from() methods instead.
2026-09-22T19:13:53.5821182Z (Use `node --trace-deprecation ...` to show where the warning was created)
2026-09-22T19:14:01.5178148Z SHA256 digest of downloaded artifact is 8dd93f20886eee4dac96b0a71d14e208a3c5c71b1dbb864bb1e640867048c510
2026-09-22T19:14:01.5178764Z Artifact download completed successfully.
2026-09-22T19:14:01.5179108Z Total of 1 artifact(s) downloaded
2026-09-22T19:14:01.5184923Z Download artifact has finished successfully
2026-09-22T19:14:01.5349221Z ##[group]Run mkdir -p target
2026-09-22T19:14:01.5349542Z [36;1mmkdir -p target[0m
2026-09-22T19:14:01.5349865Z [36;1mtar -C target -xf codspeed-cpu-benchmarks.tar[0m
2026-09-22T19:14:01.5373782Z shell: /usr/bin/bash -e {0}
2026-09-22T19:14:01.5374081Z env:
2026-09-22T19:14:01.5374279Z   CARGO_TERM_COLOR: always
2026-09-22T19:14:01.5374524Z   RUST_BACKTRACE: 1
2026-09-22T19:14:01.5374762Z   NIGHTLY_TOOLCHAIN: nightly-2026-09-10
2026-09-22T19:14:01.5375188Z   RUNNER_TOOL_CACHE: /opt/hostedtoolcache
2026-09-22T19:14:01.5375490Z   RUNS_ON_HOME: /runs-on
2026-09-22T19:14:01.5375731Z   RUNS_ON_VERSION: v3.3.0
2026-09-22T19:14:01.5375987Z   RUNS_ON_AGENT_BINARY: /runs-on/agent
2026-09-22T19:14:01.5376275Z   RUNS_ON_AGENT_ARCH: arm64
2026-09-22T19:14:01.5376526Z   RUNS_ON_AGENT_USER: runner
2026-09-22T19:14:01.5377024Z   RUNS_ON_AMI_ID: ami-098c62767651982c5
2026-09-22T19:14:01.5377317Z   RUNS_ON_AWS_REGION: us-east-1
2026-09-22T19:14:01.5377579Z   RUNS_ON_AWS_AZ: us-east-1b
2026-09-22T19:14:01.5377920Z   RUNS_ON_ENV_CUSTOM_FILE: /runs-on/env.custom
2026-09-22T19:14:01.5378254Z   RUNS_ON_INSTANCE_ID: i-020621f2ed58187fb
2026-09-22T19:14:01.5378564Z   RUNS_ON_INSTANCE_LIFECYCLE: spot
2026-09-22T19:14:01.5378850Z   RUNS_ON_INSTANCE_TYPE: c7g.metal
2026-09-22T19:14:01.5379125Z   RUNS_ON_STACK_NAME: runs-on-v3
2026-09-22T19:14:01.5379480Z   RUNS_ON_S3_BUCKET_CACHE: runs-on-v3-s3bucketcache-dbnub4tpjhpv
2026-09-22T19:14:01.5379907Z   ACTIONS_RUNNER_HOOK_JOB_STARTED: /runs-on/pre.sh
2026-09-22T19:14:01.5380287Z   ACTIONS_RUNNER_HOOK_JOB_COMPLETED: /runs-on/post.sh
2026-09-22T19:14:01.5380656Z   GITHUB_SERVER_URL: https://github.com/
2026-09-22T19:14:01.5380987Z   GITHUB_API_URL: https://api.github.com/
2026-09-22T19:14:01.5381286Z   GITHUB_HOST: github.com
2026-09-22T19:14:01.5381611Z   RUNS_ON_RUNNER_NAME: runs-on--i-020621f2ed58187fb--b79b3816-3
2026-09-22T19:14:01.5382029Z   RUNS_ON_INSTANCE_LAUNCHED_AT: 2026-09-22T19:12:45Z
2026-09-22T19:14:01.5382387Z   ACTIONS_CACHE_URL: http://10.1.26.52:6871/
2026-09-22T19:14:01.5382695Z   ACTIONS_CACHE_SERVICE_V2: true
2026-09-22T19:14:01.5382987Z   ACTIONS_RESULTS_URL: http://10.1.26.52:6871/
2026-09-22T19:14:01.5383377Z   RUNS_ON_S3_CACHE_REPO_PREFIX: cache/repo/vortex-data/vortex
2026-09-22T19:14:01.5383765Z   RUNS_ON_ACTION_COST_TRACKING_CLAIMED: true
2026-09-22T19:14:01.5384067Z   RUSTUP_TOOLCHAIN: 1.98.0
2026-09-22T19:14:01.5384306Z ##[endgroup]
2026-09-22T19:14:02.8413102Z ##[group]Run sudo bash scripts/setup-benchmark.sh
2026-09-22T19:14:02.8413588Z [36;1msudo bash scripts/setup-benchmark.sh[0m
2026-09-22T19:14:02.8436136Z shell: /usr/bin/bash -e {0}
2026-09-22T19:14:02.8436415Z env:
2026-09-22T19:14:02.8436609Z   CARGO_TERM_COLOR: always
2026-09-22T19:14:02.8436854Z   RUST_BACKTRACE: 1
2026-09-22T19:14:02.8437094Z   NIGHTLY_TOOLCHAIN: nightly-2026-09-10
2026-09-22T19:14:02.8437425Z   RUNNER_TOOL_CACHE: /opt/hostedtoolcache
2026-09-22T19:14:02.8437724Z   RUNS_ON_HOME: /runs-on
2026-09-22T19:14:02.8437962Z   RUNS_ON_VERSION: v3.3.0
2026-09-22T19:14:02.8438213Z   RUNS_ON_AGENT_BINARY: /runs-on/agent
2026-09-22T19:14:02.8438501Z   RUNS_ON_AGENT_ARCH: arm64
2026-09-22T19:14:02.8438750Z   RUNS_ON_AGENT_USER: runner
2026-09-22T19:14:02.8439013Z   RUNS_ON_AMI_ID: ami-098c62767651982c5
2026-09-22T19:14:02.8439300Z   RUNS_ON_AWS_REGION: us-east-1
2026-09-22T19:14:02.8439567Z   RUNS_ON_AWS_AZ: us-east-1b
2026-09-22T19:14:02.8439875Z   RUNS_ON_ENV_CUSTOM_FILE: /runs-on/env.custom
2026-09-22T19:14:02.8440203Z   RUNS_ON_INSTANCE_ID: i-020621f2ed58187fb
2026-09-22T19:14:02.8440507Z   RUNS_ON_INSTANCE_LIFECYCLE: spot
2026-09-22T19:14:02.8440790Z   RUNS_ON_INSTANCE_TYPE: c7g.metal
2026-09-22T19:14:02.8441064Z   RUNS_ON_STACK_NAME: runs-on-v3
2026-09-22T19:14:02.8441417Z   RUNS_ON_S3_BUCKET_CACHE: runs-on-v3-s3bucketcache-dbnub4tpjhpv
2026-09-22T19:14:02.8441849Z   ACTIONS_RUNNER_HOOK_JOB_STARTED: /runs-on/pre.sh
2026-09-22T19:14:02.8442236Z   ACTIONS_RUNNER_HOOK_JOB_COMPLETED: /runs-on/post.sh
2026-09-22T19:14:02.8442602Z   GITHUB_SERVER_URL: https://github.com/
2026-09-22T19:14:02.8442929Z   GITHUB_API_URL: https://api.github.com/
2026-09-22T19:14:02.8443231Z   GITHUB_HOST: github.com
2026-09-22T19:14:02.8443557Z   RUNS_ON_RUNNER_NAME: runs-on--i-020621f2ed58187fb--b79b3816-3
2026-09-22T19:14:02.8443970Z   RUNS_ON_INSTANCE_LAUNCHED_AT: 2026-09-22T19:12:45Z
2026-09-22T19:14:02.8444320Z   ACTIONS_CACHE_URL: http://10.1.26.52:6871/
2026-09-22T19:14:02.8444635Z   ACTIONS_CACHE_SERVICE_V2: true
2026-09-22T19:14:02.8445027Z   ACTIONS_RESULTS_URL: http://10.1.26.52:6871/
2026-09-22T19:14:02.8445414Z   RUNS_ON_S3_CACHE_REPO_PREFIX: cache/repo/vortex-data/vortex
2026-09-22T19:14:02.8445795Z   RUNS_ON_ACTION_COST_TRACKING_CLAIMED: true
2026-09-22T19:14:02.8446103Z   RUSTUP_TOOLCHAIN: 1.98.0
2026-09-22T19:14:02.8446338Z ##[endgroup]
2026-09-22T19:14:02.8547687Z + '[' 0 -ne 0 ']'
2026-09-22T19:14:02.8548269Z + sysfs_write /sys/devices/system/cpu/intel_pstate/no_turbo 1
2026-09-22T19:14:02.8548624Z + [[ -n 1 ]]
2026-09-22T19:14:02.8548882Z + [[ -w /sys/devices/system/cpu/intel_pstate/no_turbo ]]
2026-09-22T19:14:02.8549216Z + true
2026-09-22T19:14:02.8549461Z + sysfs_write /sys/devices/system/cpu/cpufreq/boost 0
2026-09-22T19:14:02.8549776Z + [[ -n 0 ]]
2026-09-22T19:14:02.8550015Z + [[ -w /sys/devices/system/cpu/cpufreq/boost ]]
2026-09-22T19:14:02.8550308Z + true
2026-09-22T19:14:02.8550559Z + for policy in /sys/devices/system/cpu/cpufreq/policy*
2026-09-22T19:14:02.8551075Z + sysfs_write '/sys/devices/system/cpu/cpufreq/policy*/scaling_governor' performance
2026-09-22T19:14:02.8551531Z + [[ -n performance ]]
2026-09-22T19:14:02.8551859Z + [[ -w /sys/devices/system/cpu/cpufreq/policy*/scaling_governor ]]
2026-09-22T19:14:02.8552221Z + true
2026-09-22T19:14:02.8552514Z ++ cat '/sys/devices/system/cpu/cpufreq/policy*/scaling_max_freq'
2026-09-22T19:14:02.8562505Z + sysfs_write '/sys/devices/system/cpu/cpufreq/policy*/scaling_min_freq' ''
2026-09-22T19:14:02.8562927Z + [[ -n '' ]]
2026-09-22T19:14:02.8563119Z + true
2026-09-22T19:14:02.8563324Z + sysctl -w vm.swappiness=0
2026-09-22T19:14:02.8569724Z vm.swappiness = 0
2026-09-22T19:14:02.8570636Z + swapoff -a
2026-09-22T19:14:02.8593733Z + sysctl -w kernel.numa_balancing=0
2026-09-22T19:14:02.8600505Z kernel.numa_balancing = 0
2026-09-22T19:14:02.8601366Z + sysctl -w kernel.randomize_va_space=0
2026-09-22T19:14:02.8608160Z kernel.randomize_va_space = 0
2026-09-22T19:14:02.8608991Z + sysctl -w kernel.sched_autogroup_enabled=0
2026-09-22T19:14:02.8616135Z kernel.sched_autogroup_enabled = 0
2026-09-22T19:14:02.8616715Z + sysctl -w kernel.timer_migration=0
2026-09-22T19:14:02.8623178Z kernel.timer_migration = 0
2026-09-22T19:14:02.8623999Z + dmesg -n 1
2026-09-22T19:14:02.8645225Z + for unit in apparmor ModemManager irqbalance apt-daily.service apt-daily-upgrade.service apt-daily.timer apt-daily-upgrade.timer motd-news.service motd-news.timer apport
2026-09-22T19:14:02.8646087Z + systemctl disable --now apparmor
2026-09-22T19:14:03.4526032Z + systemctl mask apparmor
2026-09-22T19:14:03.6338244Z + for unit in apparmor ModemManager irqbalance apt-daily.service apt-daily-upgrade.service apt-daily.timer apt-daily-upgrade.timer motd-news.service motd-news.timer apport
2026-09-22T19:14:03.6339126Z + systemctl disable --now ModemManager
2026-09-22T19:14:03.8226643Z + systemctl mask ModemManager
2026-09-22T19:14:04.0097309Z + for unit in apparmor ModemManager irqbalance apt-daily.service apt-daily-upgrade.service apt-daily.timer apt-daily-upgrade.timer motd-news.service motd-news.timer apport
2026-09-22T19:14:04.0098171Z + systemctl disable --now irqbalance
2026-09-22T19:14:04.5658016Z + systemctl mask irqbalance
2026-09-22T19:14:04.7504642Z + for unit in apparmor ModemManager irqbalance apt-daily.service apt-daily-upgrade.service apt-daily.timer apt-daily-upgrade.timer motd-news.service motd-news.timer apport
2026-09-22T19:14:04.7505609Z + systemctl disable --now apt-daily.service
2026-09-22T19:14:04.9362911Z + systemctl mask apt-daily.service
2026-09-22T19:14:05.1164941Z + for unit in apparmor ModemManager irqbalance apt-daily.service apt-daily-upgrade.service apt-daily.timer apt-daily-upgrade.timer motd-news.service motd-news.timer apport
2026-09-22T19:14:05.1165838Z + systemctl disable --now apt-daily-upgrade.service
2026-09-22T19:14:05.2977572Z + systemctl mask apt-daily-upgrade.service
2026-09-22T19:14:05.4724723Z + for unit in apparmor ModemManager irqbalance apt-daily.service apt-daily-upgrade.service apt-daily.timer apt-daily-upgrade.timer motd-news.service motd-news.timer apport
2026-09-22T19:14:05.4725643Z + systemctl disable --now apt-daily.timer
2026-09-22T19:14:05.6597160Z + systemctl mask apt-daily.timer
2026-09-22T19:14:05.8485322Z + for unit in apparmor ModemManager irqbalance apt-daily.service apt-daily-upgrade.service apt-daily.timer apt-daily-upgrade.timer motd-news.service motd-news.timer apport
2026-09-22T19:14:05.8486226Z + systemctl disable --now apt-daily-upgrade.timer
2026-09-22T19:14:06.0746108Z + systemctl mask apt-daily-upgrade.timer
2026-09-22T19:14:06.2563586Z + for unit in apparmor ModemManager irqbalance apt-daily.service apt-daily-upgrade.service apt-daily.timer apt-daily-upgrade.timer motd-news.service motd-news.timer apport
2026-09-22T19:14:06.2564535Z + systemctl disable --now motd-news.service
2026-09-22T19:14:06.4450716Z + systemctl mask motd-news.service
2026-09-22T19:14:06.6300855Z + for unit in apparmor ModemManager irqbalance apt-daily.service apt-daily-upgrade.service apt-daily.timer apt-daily-upgrade.timer motd-news.service motd-news.timer apport
2026-09-22T19:14:06.6301731Z + systemctl disable --now motd-news.timer
2026-09-22T19:14:06.8191615Z + systemctl mask motd-news.timer
2026-09-22T19:14:07.0002855Z + for unit in apparmor ModemManager irqbalance apt-daily.service apt-daily-upgrade.service apt-daily.timer apt-daily-upgrade.timer motd-news.service motd-news.timer apport
2026-09-22T19:14:07.0003714Z + systemctl disable --now apport
2026-09-22T19:14:07.5534162Z + systemctl mask apport
2026-09-22T19:14:07.7333559Z + aa-teardown
2026-09-22T19:14:07.7363218Z Unloading AppArmor profiles
2026-09-22T19:14:07.7390508Z + node_dirs=(/sys/devices/system/node/node[0-9]*)
2026-09-22T19:14:07.7391267Z + [[ 1 -gt 1 ]]
2026-09-22T19:14:07.7396678Z ++ sort -un
2026-09-22T19:14:07.7397428Z ++ paste -sd, -
2026-09-22T19:14:07.7400606Z +++ cat /sys/devices/system/cpu/cpu0/topology/thread_siblings_list /sys/devices/system/cpu/cpu1/topology/thread_siblings_list
2026-09-22T19:14:07.7401228Z +++ paste -sd, -
2026-09-22T19:14:07.7417301Z ++ expand_cpulist 0,1
2026-09-22T19:14:07.7417597Z ++ [[ -n 0,1 ]]
2026-09-22T19:14:07.7417806Z ++ local parts part
2026-09-22T19:14:07.7418013Z ++ IFS=,
2026-09-22T19:14:07.7418197Z ++ read -ra parts
2026-09-22T19:14:07.7418427Z ++ for part in "${parts[@]}"
2026-09-22T19:14:07.7418662Z ++ seq 0 0
2026-09-22T19:14:07.7435857Z ++ for part in "${parts[@]}"
2026-09-22T19:14:07.7436105Z ++ seq 1 1
2026-09-22T19:14:07.7446480Z + HOUSEKEEPING_CPUS=0,1
2026-09-22T19:14:07.7446724Z + bench=()
2026-09-22T19:14:07.7451245Z +++ cat /sys/devices/system/cpu/online
2026-09-22T19:14:07.7457319Z ++ expand_cpulist 0-63
2026-09-22T19:14:07.7457546Z ++ [[ -n 0-63 ]]
2026-09-22T19:14:07.7457755Z ++ local parts part
2026-09-22T19:14:07.7457965Z ++ IFS=,
2026-09-22T19:14:07.7458145Z ++ read -ra parts
2026-09-22T19:14:07.7458361Z ++ for part in "${parts[@]}"
2026-09-22T19:14:07.7458604Z ++ seq 0 63
2026-09-22T19:14:07.7466795Z + for cpu in $(expand_cpulist "$(cat /sys/devices/system/cpu/online)")
2026-09-22T19:14:07.7467203Z + [[ ,0,1, == *\,\0\,* ]]
2026-09-22T19:14:07.7467535Z + for cpu in $(expand_cpulist "$(cat /sys/devices/system/cpu/online)")
2026-09-22T19:14:07.7467903Z + [[ ,0,1, == *\,\1\,* ]]
2026-09-22T19:14:07.7468232Z + for cpu in $(expand_cpulist "$(cat /sys/devices/system/cpu/online)")
2026-09-22T19:14:07.7468601Z + [[ ,0,1, == *\,\2\,* ]]
2026-09-22T19:14:07.7468821Z + bench+=("$cpu")
2026-09-22T19:14:07.7469128Z + for cpu in $(expand_cpulist "$(cat /sys/devices/system/cpu/online)")
2026-09-22T19:14:07.7469507Z + [[ ,0,1, == *\,\3\,* ]]
2026-09-22T19:14:07.7469726Z + bench+=("$cpu")
2026-09-22T19:14:07.7470031Z + for cpu in $(expand_cpulist "$(cat /sys/devices/system/cpu/online)")
2026-09-22T19:14:07.7470398Z + [[ ,0,1, == *\,\4\,* ]]
2026-09-22T19:14:07.7470623Z + bench+=("$cpu")
2026-09-22T19:14:07.7470928Z + for cpu in $(expand_cpulist "$(cat /sys/devices/system/cpu/online)")
2026-09-22T19:14:07.7471290Z + [[ ,0,1, == *\,\5\,* ]]
2026-09-22T19:14:07.7471511Z + bench+=("$cpu")
2026-09-22T19:14:07.7471829Z + for cpu in $(expand_cpulist "$(cat /sys/devices/system/cpu/online)")
2026-09-22T19:14:07.7472194Z + [[ ,0,1, == *\,\6\,* ]]
2026-09-22T19:14:07.7472495Z + bench+=("$cpu")
2026-09-22T19:14:07.7472808Z + for cpu in $(expand_cpulist "$(cat /sys/devices/system/cpu/online)")
2026-09-22T19:14:07.7473177Z + [[ ,0,1, == *\,\7\,* ]]
2026-09-22T19:14:07.7473397Z + bench+=("$cpu")
2026-09-22T19:14:07.7473702Z + for cpu in $(expand_cpulist "$(cat /sys/devices/system/cpu/online)")
2026-09-22T19:14:07.7474374Z + [[ ,0,1, == *\,\8\,* ]]
2026-09-22T19:14:07.7474597Z + bench+=("$cpu")
2026-09-22T19:14:07.7474991Z + for cpu in $(expand_cpulist "$(cat /sys/devices/system/cpu/online)")
2026-09-22T19:14:07.7475363Z + [[ ,0,1, == *\,\9\,* ]]
2026-09-22T19:14:07.7475585Z + bench+=("$cpu")
2026-09-22T19:14:07.7475892Z + for cpu in $(expand_cpulist "$(cat /sys/devices/system/cpu/online)")
2026-09-22T19:14:07.7476262Z + [[ ,0,1, == *\,\1\0\,* ]]
2026-09-22T19:14:07.7476491Z + bench+=("$cpu")
2026-09-22T19:14:07.7476802Z + for cpu in $(expand_cpulist "$(cat /sys/devices/system/cpu/online)")
2026-09-22T19:14:07.7477170Z + [[ ,0,1, == *\,\1\1\,* ]]
2026-09-22T19:14:07.7477400Z + bench+=("$cpu")
2026-09-22T19:14:07.7477709Z + for cpu in $(expand_cpulist "$(cat /sys/devices/system/cpu/online)")
2026-09-22T19:14:07.7478078Z + [[ ,0,1, == *\,\1\2\,* ]]
2026-09-22T19:14:07.7478307Z + bench+=("$cpu")
2026-09-22T19:14:07.7478616Z + for cpu in $(expand_cpulist "$(cat /sys/devices/system/cpu/online)")
2026-09-22T19:14:07.7478991Z + [[ ,0,1, == *\,\1\3\,* ]]
2026-09-22T19:14:07.7479215Z + bench+=("$cpu")
2026-09-22T19:14:07.7479523Z + for cpu in $(expand_cpulist "$(cat /sys/devices/system/cpu/online)")
2026-09-22T19:14:07.7479889Z + [[ ,0,1, == *\,\1\4\,* ]]
2026-09-22T19:14:07.7480113Z + bench+=("$cpu")
2026-09-22T19:14:07.7480422Z + for cpu in $(expand_cpulist "$(cat /sys/devices/system/cpu/online)")
2026-09-22T19:14:07.7480786Z + [[ ,0,1, == *\,\1\5\,* ]]
2026-09-22T19:14:07.7481011Z + bench+=("$cpu")
2026-09-22T19:14:07.7481639Z + for cpu in $(expand_cpulist "$(cat /sys/devices/system/cpu/online)")
2026-09-22T19:14:07.7482037Z + [[ ,0,1, == *\,\1\6\,* ]]
2026-09-22T19:14:07.7482267Z + bench+=("$cpu")
2026-09-22T19:14:07.7482574Z + for cpu in $(expand_cpulist "$(cat /sys/devices/system/cpu/online)")
2026-09-22T19:14:07.7482944Z + [[ ,0,1, == *\,\1\7\,* ]]
2026-09-22T19:14:07.7483168Z + bench+=("$cpu")
2026-09-22T19:14:07.7483473Z + for cpu in $(expand_cpulist "$(cat /sys/devices/system/cpu/online)")
2026-09-22T19:14:07.7483847Z + [[ ,0,1, == *\,\1\8\,* ]]
2026-09-22T19:14:07.7484069Z + bench+=("$cpu")
2026-09-22T19:14:07.7484373Z + for cpu in $(expand_cpulist "$(cat /sys/devices/system/cpu/online)")
2026-09-22T19:14:07.7484735Z + [[ ,0,1, == *\,\1\9\,* ]]
2026-09-22T19:14:07.7485045Z + bench+=("$cpu")
2026-09-22T19:14:07.7485355Z + for cpu in $(expand_cpulist "$(cat /sys/devices/system/cpu/online)")
2026-09-22T19:14:07.7485722Z + [[ ,0,1, == *\,\2\0\,* ]]
2026-09-22T19:14:07.7485948Z + bench+=("$cpu")
2026-09-22T19:14:07.7486261Z + for cpu in $(expand_cpulist "$(cat /sys/devices/system/cpu/online)")
2026-09-22T19:14:07.7486625Z + [[ ,0,1, == *\,\2\1\,* ]]
2026-09-22T19:14:07.7486853Z + bench+=("$cpu")
2026-09-22T19:14:07.7487158Z + for cpu in $(expand_cpulist "$(cat /sys/devices/system/cpu/online)")
2026-09-22T19:14:07.7487524Z + [[ ,0,1, == *\,\2\2\,* ]]
2026-09-22T19:14:07.7487751Z + bench+=("$cpu")
2026-09-22T19:14:07.7488059Z + for cpu in $(expand_cpulist "$(cat /sys/devices/system/cpu/online)")
2026-09-22T19:14:07.7488433Z + [[ ,0,1, == *\,\2\3\,* ]]
2026-09-22T19:14:07.7488670Z + bench+=("$cpu")
2026-09-22T19:14:07.7488973Z + for cpu in $(expand_cpulist "$(cat /sys/devices/system/cpu/online)")
2026-09-22T19:14:07.7489341Z + [[ ,0,1, == *\,\2\4\,* ]]
2026-09-22T19:14:07.7489568Z + bench+=("$cpu")
2026-09-22T19:14:07.7489879Z + for cpu in $(expand_cpulist "$(cat /sys/devices/system/cpu/online)")
2026-09-22T19:14:07.7490244Z + [[ ,0,1, == *\,\2\5\,* ]]
2026-09-22T19:14:07.7490467Z + bench+=("$cpu")
2026-09-22T19:14:07.7490785Z + for cpu in $(expand_cpulist "$(cat /sys/devices/system/cpu/online)")
2026-09-22T19:14:07.7491155Z + [[ ,0,1, == *\,\2\6\,* ]]
2026-09-22T19:14:07.7491384Z + bench+=("$cpu")
2026-09-22T19:14:07.7491708Z + for cpu in $(expand_cpulist "$(cat /sys/devices/system/cpu/online)")
2026-09-22T19:14:07.7492073Z + [[ ,0,1, == *\,\2\7\,* ]]
2026-09-22T19:14:07.7492301Z + bench+=("$cpu")
2026-09-22T19:14:07.7492620Z + for cpu in $(expand_cpulist "$(cat /sys/devices/system/cpu/online)")
2026-09-22T19:14:07.7493218Z + [[ ,0,1, == *\,\2\8\,* ]]
2026-09-22T19:14:07.7493445Z + bench+=("$cpu")
2026-09-22T19:14:07.7493754Z + for cpu in $(expand_cpulist "$(cat /sys/devices/system/cpu/online)")
2026-09-22T19:14:07.7494117Z + [[ ,0,1, == *\,\2\9\,* ]]
2026-09-22T19:14:07.7494341Z + bench+=("$cpu")
2026-09-22T19:14:07.7494647Z + for cpu in $(expand_cpulist "$(cat /sys/devices/system/cpu/online)")
2026-09-22T19:14:07.7495089Z + [[ ,0,1, == *\,\3\0\,* ]]
2026-09-22T19:14:07.7495316Z + bench+=("$cpu")
2026-09-22T19:14:07.7495627Z + for cpu in $(expand_cpulist "$(cat /sys/devices/system/cpu/online)")
2026-09-22T19:14:07.7496001Z + [[ ,0,1, == *\,\3\1\,* ]]
2026-09-22T19:14:07.7496234Z + bench+=("$cpu")
2026-09-22T19:14:07.7496544Z + for cpu in $(expand_cpulist "$(cat /sys/devices/system/cpu/online)")
2026-09-22T19:14:07.7496916Z + [[ ,0,1, == *\,\3\2\,* ]]
2026-09-22T19:14:07.7497140Z + bench+=("$cpu")
2026-09-22T19:14:07.7497442Z + for cpu in $(expand_cpulist "$(cat /sys/devices/system/cpu/online)")
2026-09-22T19:14:07.7497817Z + [[ ,0,1, == *\,\3\3\,* ]]
2026-09-22T19:14:07.7498043Z + bench+=("$cpu")
2026-09-22T19:14:07.7498350Z + for cpu in $(expand_cpulist "$(cat /sys/devices/system/cpu/online)")
2026-09-22T19:14:07.7498716Z + [[ ,0,1, == *\,\3\4\,* ]]
2026-09-22T19:14:07.7498948Z + bench+=("$cpu")
2026-09-22T19:14:07.7499256Z + for cpu in $(expand_cpulist "$(cat /sys/devices/system/cpu/online)")
2026-09-22T19:14:07.7499622Z + [[ ,0,1, == *\,\3\5\,* ]]
2026-09-22T19:14:07.7499854Z + bench+=("$cpu")
2026-09-22T19:14:07.7500349Z + for cpu in $(expand_cpulist "$(cat /sys/devices/system/cpu/online)")
2026-09-22T19:14:07.7500735Z + [[ ,0,1, == *\,\3\6\,* ]]
2026-09-22T19:14:07.7500964Z + bench+=("$cpu")
2026-09-22T19:14:07.7501271Z + for cpu in $(expand_cpulist "$(cat /sys/devices/system/cpu/online)")
2026-09-22T19:14:07.7501638Z + [[ ,0,1, == *\,\3\7\,* ]]
2026-09-22T19:14:07.7501862Z + bench+=("$cpu")
2026-09-22T19:14:07.7502176Z + for cpu in $(expand_cpulist "$(cat /sys/devices/system/cpu/online)")
2026-09-22T19:14:07.7502550Z + [[ ,0,1, == *\,\3\8\,* ]]
2026-09-22T19:14:07.7502772Z + bench+=("$cpu")
2026-09-22T19:14:07.7503087Z + for cpu in $(expand_cpulist "$(cat /sys/devices/system/cpu/online)")
2026-09-22T19:14:07.7503459Z + [[ ,0,1, == *\,\3\9\,* ]]
2026-09-22T19:14:07.7503686Z + bench+=("$cpu")
2026-09-22T19:14:07.7503996Z + for cpu in $(expand_cpulist "$(cat /sys/devices/system/cpu/online)")
2026-09-22T19:14:07.7504363Z + [[ ,0,1, == *\,\4\0\,* ]]
2026-09-22T19:14:07.7504588Z + bench+=("$cpu")
2026-09-22T19:14:07.7504976Z + for cpu in $(expand_cpulist "$(cat /sys/devices/system/cpu/online)")
2026-09-22T19:14:07.7505351Z + [[ ,0,1, == *\,\4\1\,* ]]
2026-09-22T19:14:07.7505577Z + bench+=("$cpu")
2026-09-22T19:14:07.7505882Z + for cpu in $(expand_cpulist "$(cat /sys/devices/system/cpu/online)")
2026-09-22T19:14:07.7506258Z + [[ ,0,1, == *\,\4\2\,* ]]
2026-09-22T19:14:07.7506486Z + bench+=("$cpu")
2026-09-22T19:14:07.7506791Z + for cpu in $(expand_cpulist "$(cat /sys/devices/system/cpu/online)")
2026-09-22T19:14:07.7507166Z + [[ ,0,1, == *\,\4\3\,* ]]
2026-09-22T19:14:07.7507391Z + bench+=("$cpu")
2026-09-22T19:14:07.7507697Z + for cpu in $(expand_cpulist "$(cat /sys/devices/system/cpu/online)")
2026-09-22T19:14:07.7508066Z + [[ ,0,1, == *\,\4\4\,* ]]
2026-09-22T19:14:07.7508295Z + bench+=("$cpu")
2026-09-22T19:14:07.7508602Z + for cpu in $(expand_cpulist "$(cat /sys/devices/system/cpu/online)")
2026-09-22T19:14:07.7508970Z + [[ ,0,1, == *\,\4\5\,* ]]
2026-09-22T19:14:07.7509200Z + bench+=("$cpu")
2026-09-22T19:14:07.7509511Z + for cpu in $(expand_cpulist "$(cat /sys/devices/system/cpu/online)")
2026-09-22T19:14:07.7509878Z + [[ ,0,1, == *\,\4\6\,* ]]
2026-09-22T19:14:07.7510108Z + bench+=("$cpu")
2026-09-22T19:14:07.7510414Z + for cpu in $(expand_cpulist "$(cat /sys/devices/system/cpu/online)")
2026-09-22T19:14:07.7510780Z + [[ ,0,1, == *\,\4\7\,* ]]
2026-09-22T19:14:07.7511006Z + bench+=("$cpu")
2026-09-22T19:14:07.7511314Z + for cpu in $(expand_cpulist "$(cat /sys/devices/system/cpu/online)")
2026-09-22T19:14:07.7511899Z + [[ ,0,1, == *\,\4\8\,* ]]
2026-09-22T19:14:07.7512123Z + bench+=("$cpu")
2026-09-22T19:14:07.7512433Z + for cpu in $(expand_cpulist "$(cat /sys/devices/system/cpu/online)")
2026-09-22T19:14:07.7512795Z + [[ ,0,1, == *\,\4\9\,* ]]
2026-09-22T19:14:07.7513020Z + bench+=("$cpu")
2026-09-22T19:14:07.7513326Z + for cpu in $(expand_cpulist "$(cat /sys/devices/system/cpu/online)")
2026-09-22T19:14:07.7513690Z + [[ ,0,1, == *\,\5\0\,* ]]
2026-09-22T19:14:07.7513913Z + bench+=("$cpu")
2026-09-22T19:14:07.7514226Z + for cpu in $(expand_cpulist "$(cat /sys/devices/system/cpu/online)")
2026-09-22T19:14:07.7514594Z + [[ ,0,1, == *\,\5\1\,* ]]
2026-09-22T19:14:07.7514889Z + bench+=("$cpu")
2026-09-22T19:14:07.7515205Z + for cpu in $(expand_cpulist "$(cat /sys/devices/system/cpu/online)")
2026-09-22T19:14:07.7515577Z + [[ ,0,1, == *\,\5\2\,* ]]
2026-09-22T19:14:07.7515804Z + bench+=("$cpu")
2026-09-22T19:14:07.7516114Z + for cpu in $(expand_cpulist "$(cat /sys/devices/system/cpu/online)")
2026-09-22T19:14:07.7516488Z + [[ ,0,1, == *\,\5\3\,* ]]
2026-09-22T19:14:07.7516713Z + bench+=("$cpu")
2026-09-22T19:14:07.7517021Z + for cpu in $(expand_cpulist "$(cat /sys/devices/system/cpu/online)")
2026-09-22T19:14:07.7517387Z + [[ ,0,1, == *\,\5\4\,* ]]
2026-09-22T19:14:07.7517615Z + bench+=("$cpu")
2026-09-22T19:14:07.7517922Z + for cpu in $(expand_cpulist "$(cat /sys/devices/system/cpu/online)")
2026-09-22T19:14:07.7518287Z + [[ ,0,1, == *\,\5\5\,* ]]
2026-09-22T19:14:07.7518518Z + bench+=("$cpu")
2026-09-22T19:14:07.7519000Z + for cpu in $(expand_cpulist "$(cat /sys/devices/system/cpu/online)")
2026-09-22T19:14:07.7519388Z + [[ ,0,1, == *\,\5\6\,* ]]
2026-09-22T19:14:07.7519619Z + bench+=("$cpu")
2026-09-22T19:14:07.7519927Z + for cpu in $(expand_cpulist "$(cat /sys/devices/system/cpu/online)")
2026-09-22T19:14:07.7520292Z + [[ ,0,1, == *\,\5\7\,* ]]
2026-09-22T19:14:07.7520517Z + bench+=("$cpu")
2026-09-22T19:14:07.7520826Z + for cpu in $(expand_cpulist "$(cat /sys/devices/system/cpu/online)")
2026-09-22T19:14:07.7521197Z + [[ ,0,1, == *\,\5\8\,* ]]
2026-09-22T19:14:07.7521423Z + bench+=("$cpu")
2026-09-22T19:14:07.7521731Z + for cpu in $(expand_cpulist "$(cat /sys/devices/system/cpu/online)")
2026-09-22T19:14:07.7522097Z + [[ ,0,1, == *\,\5\9\,* ]]
2026-09-22T19:14:07.7522324Z + bench+=("$cpu")
2026-09-22T19:14:07.7522632Z + for cpu in $(expand_cpulist "$(cat /sys/devices/system/cpu/online)")
2026-09-22T19:14:07.7523003Z + [[ ,0,1, == *\,\6\0\,* ]]
2026-09-22T19:14:07.7523229Z + bench+=("$cpu")
2026-09-22T19:14:07.7523541Z + for cpu in $(expand_cpulist "$(cat /sys/devices/system/cpu/online)")
2026-09-22T19:14:07.7523912Z + [[ ,0,1, == *\,\6\1\,* ]]
2026-09-22T19:14:07.7524137Z + bench+=("$cpu")
2026-09-22T19:14:07.7524442Z + for cpu in $(expand_cpulist "$(cat /sys/devices/system/cpu/online)")
2026-09-22T19:14:07.7524811Z + [[ ,0,1, == *\,\6\2\,* ]]
2026-09-22T19:14:07.7525123Z + bench+=("$cpu")
2026-09-22T19:14:07.7525431Z + for cpu in $(expand_cpulist "$(cat /sys/devices/system/cpu/online)")
2026-09-22T19:14:07.7525809Z + [[ ,0,1, == *\,\6\3\,* ]]
2026-09-22T19:14:07.7526033Z + bench+=("$cpu")
2026-09-22T19:14:07.7526266Z ++ IFS=,
2026-09-22T19:14:07.7526763Z ++ echo 2,3,4,5,6,7,8,9,10,11,12,13,14,15,16,17,18,19,20,21,22,23,24,25,26,27,28,29,30,31,32,33,34,35,36,37,38,39,40,41,42,43,44,45,46,47,48,49,50,51,52,53,54,55,56,57,58,59,60,61,62,63
2026-09-22T19:14:07.7527658Z + BENCH_CPUS=2,3,4,5,6,7,8,9,10,11,12,13,14,15,16,17,18,19,20,21,22,23,24,25,26,27,28,29,30,31,32,33,34,35,36,37,38,39,40,41,42,43,44,45,46,47,48,49,50,51,52,53,54,55,56,57,58,59,60,61,62,63
2026-09-22T19:14:07.7528251Z + NET_IRQS=()
2026-09-22T19:14:07.7528462Z + declare -A NET_IRQS
2026-09-22T19:14:07.7528687Z + bench_cpu_arr=()
2026-09-22T19:14:07.7528889Z + IFS=
2026-09-22T19:14:07.7529072Z + read -r cpu
2026-09-22T19:14:07.7529618Z ++ expand_cpulist 2,3,4,5,6,7,8,9,10,11,12,13,14,15,16,17,18,19,20,21,22,23,24,25,26,27,28,29,30,31,32,33,34,35,36,37,38,39,40,41,42,43,44,45,46,47,48,49,50,51,52,53,54,55,56,57,58,59,60,61,62,63
2026-09-22T19:14:07.7530756Z ++ [[ -n 2,3,4,5,6,7,8,9,10,11,12,13,14,15,16,17,18,19,20,21,22,23,24,25,26,27,28,29,30,31,32,33,34,35,36,37,38,39,40,41,42,43,44,45,46,47,48,49,50,51,52,53,54,55,56,57,58,59,60,61,62,63 ]]
2026-09-22T19:14:07.7531337Z ++ local parts part
2026-09-22T19:14:07.7531544Z ++ IFS=,
2026-09-22T19:14:07.7531725Z ++ read -ra parts
2026-09-22T19:14:07.7531942Z ++ for part in "${parts[@]}"
2026-09-22T19:14:07.7532181Z ++ seq 2 2
2026-09-22T19:14:07.7532374Z + bench_cpu_arr+=("$cpu")
2026-09-22T19:14:07.7532600Z + IFS=
2026-09-22T19:14:07.7532780Z + read -r cpu
2026-09-22T19:14:07.7532993Z ++ for part in "${parts[@]}"
2026-09-22T19:14:07.7533228Z ++ seq 3 3
2026-09-22T19:14:07.7533420Z + bench_cpu_arr+=("$cpu")
2026-09-22T19:14:07.7533648Z + IFS=
2026-09-22T19:14:07.7533835Z + read -r cpu
2026-09-22T19:14:07.7534039Z ++ for part in "${parts[@]}"
2026-09-22T19:14:07.7534277Z ++ seq 4 4
2026-09-22T19:14:07.7534467Z + bench_cpu_arr+=("$cpu")
2026-09-22T19:14:07.7534691Z + IFS=
2026-09-22T19:14:07.7534951Z + read -r cpu
2026-09-22T19:14:07.7535179Z ++ for part in "${parts[@]}"
2026-09-22T19:14:07.7535415Z ++ seq 5 5
2026-09-22T19:14:07.7535606Z + bench_cpu_arr+=("$cpu")
2026-09-22T19:14:07.7535833Z + IFS=
2026-09-22T19:14:07.7536010Z + read -r cpu
2026-09-22T19:14:07.7536215Z ++ for part in "${parts[@]}"
2026-09-22T19:14:07.7536449Z ++ seq 6 6
2026-09-22T19:14:07.7536641Z + bench_cpu_arr+=("$cpu")
2026-09-22T19:14:07.7536862Z + IFS=
2026-09-22T19:14:07.7537039Z + read -r cpu
2026-09-22T19:14:07.7537249Z ++ for part in "${parts[@]}"
2026-09-22T19:14:07.7537484Z ++ seq 7 7
2026-09-22T19:14:07.7537876Z + bench_cpu_arr+=("$cpu")
2026-09-22T19:14:07.7538113Z + IFS=
2026-09-22T19:14:07.7538297Z + read -r cpu
2026-09-22T19:14:07.7538516Z ++ for part in "${parts[@]}"
2026-09-22T19:14:07.7538749Z ++ seq 8 8
2026-09-22T19:14:07.7538962Z + bench_cpu_arr+=("$cpu")
2026-09-22T19:14:07.7539184Z + IFS=
2026-09-22T19:14:07.7539362Z + read -r cpu
2026-09-22T19:14:07.7539569Z ++ for part in "${parts[@]}"
2026-09-22T19:14:07.7539808Z ++ seq 9 9
2026-09-22T19:14:07.7540009Z + bench_cpu_arr+=("$cpu")
2026-09-22T19:14:07.7540231Z + IFS=
2026-09-22T19:14:07.7540412Z + read -r cpu
2026-09-22T19:14:07.7540618Z ++ for part in "${parts[@]}"
2026-09-22T19:14:07.7540852Z ++ seq 10 10
2026-09-22T19:14:07.7543075Z + bench_cpu_arr+=("$cpu")
2026-09-22T19:14:07.7543306Z + IFS=
2026-09-22T19:14:07.7543487Z + read -r cpu
2026-09-22T19:14:07.7543967Z ++ for part in "${parts[@]}"
2026-09-22T19:14:07.7544269Z ++ seq 11 11
2026-09-22T19:14:07.7549904Z + bench_cpu_arr+=("$cpu")
2026-09-22T19:14:07.7550160Z + IFS=
2026-09-22T19:14:07.7550373Z + read -r cpu
2026-09-22T19:14:07.7550600Z ++ for part in "${parts[@]}"
2026-09-22T19:14:07.7550846Z ++ seq 12 12
2026-09-22T19:14:07.7556925Z + bench_cpu_arr+=("$cpu")
2026-09-22T19:14:07.7557166Z + IFS=
2026-09-22T19:14:07.7557352Z + read -r cpu
2026-09-22T19:14:07.7557570Z ++ for part in "${parts[@]}"
2026-09-22T19:14:07.7557812Z ++ seq 13 13
2026-09-22T19:14:07.7563523Z + bench_cpu_arr+=("$cpu")
2026-09-22T19:14:07.7563753Z + IFS=
2026-09-22T19:14:07.7563950Z + read -r cpu
2026-09-22T19:14:07.7564159Z ++ for part in "${parts[@]}"
2026-09-22T19:14:07.7564399Z ++ seq 14 14
2026-09-22T19:14:07.7570882Z + bench_cpu_arr+=("$cpu")
2026-09-22T19:14:07.7571127Z + IFS=
2026-09-22T19:14:07.7571312Z + read -r cpu
2026-09-22T19:14:07.7571527Z ++ for part in "${parts[@]}"
2026-09-22T19:14:07.7571772Z ++ seq 15 15
2026-09-22T19:14:07.7577805Z + bench_cpu_arr+=("$cpu")
2026-09-22T19:14:07.7578038Z + IFS=
2026-09-22T19:14:07.7578222Z + read -r cpu
2026-09-22T19:14:07.7578437Z ++ for part in "${parts[@]}"
2026-09-22T19:14:07.7578691Z ++ seq 16 16
2026-09-22T19:14:07.7584546Z + bench_cpu_arr+=("$cpu")
2026-09-22T19:14:07.7584903Z + IFS=
2026-09-22T19:14:07.7585090Z + read -r cpu
2026-09-22T19:14:07.7585308Z ++ for part in "${parts[@]}"
2026-09-22T19:14:07.7585550Z ++ seq 17 17
2026-09-22T19:14:07.7591587Z + bench_cpu_arr+=("$cpu")
2026-09-22T19:14:07.7591812Z + IFS=
2026-09-22T19:14:07.7591995Z + read -r cpu
2026-09-22T19:14:07.7592208Z ++ for part in "${parts[@]}"
2026-09-22T19:14:07.7592754Z ++ seq 18 18
2026-09-22T19:14:07.7598669Z + bench_cpu_arr+=("$cpu")
2026-09-22T19:14:07.7598900Z + IFS=
2026-09-22T19:14:07.7599249Z + read -r cpu
2026-09-22T19:14:07.7599476Z ++ for part in "${parts[@]}"
2026-09-22T19:14:07.7599723Z ++ seq 19 19
2026-09-22T19:14:07.7605475Z + bench_cpu_arr+=("$cpu")
2026-09-22T19:14:07.7605708Z + IFS=
2026-09-22T19:14:07.7605888Z + read -r cpu
2026-09-22T19:14:07.7606097Z ++ for part in "${parts[@]}"
2026-09-22T19:14:07.7606340Z ++ seq 20 20
2026-09-22T19:14:07.7612259Z + bench_cpu_arr+=("$cpu")
2026-09-22T19:14:07.7612504Z + IFS=
2026-09-22T19:14:07.7612684Z + read -r cpu
2026-09-22T19:14:07.7612899Z ++ for part in "${parts[@]}"
2026-09-22T19:14:07.7613137Z ++ seq 21 21
2026-09-22T19:14:07.7619045Z + bench_cpu_arr+=("$cpu")
2026-09-22T19:14:07.7619284Z + IFS=
2026-09-22T19:14:07.7619463Z + read -r cpu
2026-09-22T19:14:07.7619670Z ++ for part in "${parts[@]}"
2026-09-22T19:14:07.7619914Z ++ seq 22 22
2026-09-22T19:14:07.7625651Z + bench_cpu_arr+=("$cpu")
2026-09-22T19:14:07.7625901Z + IFS=
2026-09-22T19:14:07.7626088Z + read -r cpu
2026-09-22T19:14:07.7626299Z ++ for part in "${parts[@]}"
2026-09-22T19:14:07.7626537Z ++ seq 23 23
2026-09-22T19:14:07.7632262Z + bench_cpu_arr+=("$cpu")
2026-09-22T19:14:07.7632495Z + IFS=
2026-09-22T19:14:07.7632677Z + read -r cpu
2026-09-22T19:14:07.7632895Z ++ for part in "${parts[@]}"
2026-09-22T19:14:07.7633134Z ++ seq 24 24
2026-09-22T19:14:07.7638988Z + bench_cpu_arr+=("$cpu")
2026-09-22T19:14:07.7639244Z + IFS=
2026-09-22T19:14:07.7639431Z + read -r cpu
2026-09-22T19:14:07.7639862Z ++ for part in "${parts[@]}"
2026-09-22T19:14:07.7640122Z ++ seq 25 25
2026-09-22T19:14:07.7645683Z + bench_cpu_arr+=("$cpu")
2026-09-22T19:14:07.7645911Z + IFS=
2026-09-22T19:14:07.7646092Z + read -r cpu
2026-09-22T19:14:07.7646308Z ++ for part in "${parts[@]}"
2026-09-22T19:14:07.7646549Z ++ seq 26 26
2026-09-22T19:14:07.7652542Z + bench_cpu_arr+=("$cpu")
2026-09-22T19:14:07.7652790Z + IFS=
2026-09-22T19:14:07.7652980Z + read -r cpu
2026-09-22T19:14:07.7653190Z ++ for part in "${parts[@]}"
2026-09-22T19:14:07.7653428Z ++ seq 27 27
2026-09-22T19:14:07.7659296Z + bench_cpu_arr+=("$cpu")
2026-09-22T19:14:07.7659546Z + IFS=
2026-09-22T19:14:07.7659731Z + read -r cpu
2026-09-22T19:14:07.7659945Z ++ for part in "${parts[@]}"
2026-09-22T19:14:07.7660185Z ++ seq 28 28
2026-09-22T19:14:07.7666118Z + bench_cpu_arr+=("$cpu")
2026-09-22T19:14:07.7666363Z + IFS=
2026-09-22T19:14:07.7666547Z + read -r cpu
2026-09-22T19:14:07.7666761Z ++ for part in "${parts[@]}"
2026-09-22T19:14:07.7666999Z ++ seq 29 29
2026-09-22T19:14:07.7672716Z + bench_cpu_arr+=("$cpu")
2026-09-22T19:14:07.7672955Z + IFS=
2026-09-22T19:14:07.7673135Z + read -r cpu
2026-09-22T19:14:07.7673352Z ++ for part in "${parts[@]}"
2026-09-22T19:14:07.7673589Z ++ seq 30 30
2026-09-22T19:14:07.7679438Z + bench_cpu_arr+=("$cpu")
2026-09-22T19:14:07.7679681Z + IFS=
2026-09-22T19:14:07.7679872Z + read -r cpu
2026-09-22T19:14:07.7680085Z ++ for part in "${parts[@]}"
2026-09-22T19:14:07.7680338Z ++ seq 31 31
2026-09-22T19:14:07.7686285Z + bench_cpu_arr+=("$cpu")
2026-09-22T19:14:07.7686528Z + IFS=
2026-09-22T19:14:07.7686712Z + read -r cpu
2026-09-22T19:14:07.7686925Z ++ for part in "${parts[@]}"
2026-09-22T19:14:07.7687165Z ++ seq 32 32
2026-09-22T19:14:07.7692903Z + bench_cpu_arr+=("$cpu")
2026-09-22T19:14:07.7693155Z + IFS=
2026-09-22T19:14:07.7693342Z + read -r cpu
2026-09-22T19:14:07.7693557Z ++ for part in "${parts[@]}"
2026-09-22T19:14:07.7693800Z ++ seq 33 33
2026-09-22T19:14:07.7699501Z + bench_cpu_arr+=("$cpu")
2026-09-22T19:14:07.7699741Z + IFS=
2026-09-22T19:14:07.7699929Z + read -r cpu
2026-09-22T19:14:07.7700144Z ++ for part in "${parts[@]}"
2026-09-22T19:14:07.7700389Z ++ seq 34 34
2026-09-22T19:14:07.7706288Z + bench_cpu_arr+=("$cpu")
2026-09-22T19:14:07.7706535Z + IFS=
2026-09-22T19:14:07.7706726Z + read -r cpu
2026-09-22T19:14:07.7706941Z ++ for part in "${parts[@]}"
2026-09-22T19:14:07.7707177Z ++ seq 35 35
2026-09-22T19:14:07.7713107Z + bench_cpu_arr+=("$cpu")
2026-09-22T19:14:07.7713599Z + IFS=
2026-09-22T19:14:07.7713793Z + read -r cpu
2026-09-22T19:14:07.7714004Z ++ for part in "${parts[@]}"
2026-09-22T19:14:07.7714239Z ++ seq 36 36
2026-09-22T19:14:07.7719818Z + bench_cpu_arr+=("$cpu")
2026-09-22T19:14:07.7720051Z + IFS=
2026-09-22T19:14:07.7720459Z + read -r cpu
2026-09-22T19:14:07.7720704Z ++ for part in "${parts[@]}"
2026-09-22T19:14:07.7720953Z ++ seq 37 37
2026-09-22T19:14:07.7726605Z + bench_cpu_arr+=("$cpu")
2026-09-22T19:14:07.7726848Z + IFS=
2026-09-22T19:14:07.7727029Z + read -r cpu
2026-09-22T19:14:07.7727254Z ++ for part in "${parts[@]}"
2026-09-22T19:14:07.7727497Z ++ seq 38 38
2026-09-22T19:14:07.7733265Z + bench_cpu_arr+=("$cpu")
2026-09-22T19:14:07.7733514Z + IFS=
2026-09-22T19:14:07.7743401Z + read -r cpu
2026-09-22T19:14:07.7743675Z ++ for part in "${parts[@]}"
2026-09-22T19:14:07.7743923Z ++ seq 39 39
2026-09-22T19:14:07.7744127Z + bench_cpu_arr+=("$cpu")
2026-09-22T19:14:07.7744357Z + IFS=
2026-09-22T19:14:07.7744541Z + read -r cpu
2026-09-22T19:14:07.7744766Z ++ for part in "${parts[@]}"
2026-09-22T19:14:07.7745084Z ++ seq 40 40
2026-09-22T19:14:07.7746641Z + bench_cpu_arr+=("$cpu")
2026-09-22T19:14:07.7746870Z + IFS=
2026-09-22T19:14:07.7747050Z + read -r cpu
2026-09-22T19:14:07.7747347Z ++ for part in "${parts[@]}"
2026-09-22T19:14:07.7747595Z ++ seq 41 41
2026-09-22T19:14:07.7753363Z + bench_cpu_arr+=("$cpu")
2026-09-22T19:14:07.7753603Z + IFS=
2026-09-22T19:14:07.7753787Z + read -r cpu
2026-09-22T19:14:07.7754003Z ++ for part in "${parts[@]}"
2026-09-22T19:14:07.7754239Z ++ seq 42 42
2026-09-22T19:14:07.7760117Z + bench_cpu_arr+=("$cpu")
2026-09-22T19:14:07.7760391Z + IFS=
2026-09-22T19:14:07.7760572Z + read -r cpu
2026-09-22T19:14:07.7760782Z ++ for part in "${parts[@]}"
2026-09-22T19:14:07.7761027Z ++ seq 43 43
2026-09-22T19:14:07.7766798Z + bench_cpu_arr+=("$cpu")
2026-09-22T19:14:07.7767038Z + IFS=
2026-09-22T19:14:07.7767221Z + read -r cpu
2026-09-22T19:14:07.7767440Z ++ for part in "${parts[@]}"
2026-09-22T19:14:07.7767678Z ++ seq 44 44
2026-09-22T19:14:07.7773273Z + bench_cpu_arr+=("$cpu")
2026-09-22T19:14:07.7773510Z + IFS=
2026-09-22T19:14:07.7773692Z + read -r cpu
2026-09-22T19:14:07.7773902Z ++ for part in "${parts[@]}"
2026-09-22T19:14:07.7774146Z ++ seq 45 45
2026-09-22T19:14:07.7779787Z + bench_cpu_arr+=("$cpu")
2026-09-22T19:14:07.7780020Z + IFS=
2026-09-22T19:14:07.7780201Z + read -r cpu
2026-09-22T19:14:07.7780417Z ++ for part in "${parts[@]}"
2026-09-22T19:14:07.7780656Z ++ seq 46 46
2026-09-22T19:14:07.7786530Z + bench_cpu_arr+=("$cpu")
2026-09-22T19:14:07.7786766Z + IFS=
2026-09-22T19:14:07.7787091Z + read -r cpu
2026-09-22T19:14:07.7787300Z ++ for part in "${parts[@]}"
2026-09-22T19:14:07.7787544Z ++ seq 47 47
2026-09-22T19:14:07.7793154Z + bench_cpu_arr+=("$cpu")
2026-09-22T19:14:07.7793394Z + IFS=
2026-09-22T19:14:07.7793579Z + read -r cpu
2026-09-22T19:14:07.7793790Z ++ for part in "${parts[@]}"
2026-09-22T19:14:07.7794027Z ++ seq 48 48
2026-09-22T19:14:07.7799777Z + bench_cpu_arr+=("$cpu")
2026-09-22T19:14:07.7800015Z + IFS=
2026-09-22T19:14:07.7800211Z + read -r cpu
2026-09-22T19:14:07.7800424Z ++ for part in "${parts[@]}"
2026-09-22T19:14:07.7800663Z ++ seq 49 49
2026-09-22T19:14:07.7806393Z + bench_cpu_arr+=("$cpu")
2026-09-22T19:14:07.7806630Z + IFS=
2026-09-22T19:14:07.7806817Z + read -r cpu
2026-09-22T19:14:07.7807028Z ++ for part in "${parts[@]}"
2026-09-22T19:14:07.7807264Z ++ seq 50 50
2026-09-22T19:14:07.7813048Z + bench_cpu_arr+=("$cpu")
2026-09-22T19:14:07.7813277Z + IFS=
2026-09-22T19:14:07.7813456Z + read -r cpu
2026-09-22T19:14:07.7813671Z ++ for part in "${parts[@]}"
2026-09-22T19:14:07.7813918Z ++ seq 51 51
2026-09-22T19:14:07.7819500Z + bench_cpu_arr+=("$cpu")
2026-09-22T19:14:07.7819741Z + IFS=
2026-09-22T19:14:07.7819926Z + read -r cpu
2026-09-22T19:14:07.7820138Z ++ for part in "${parts[@]}"
2026-09-22T19:14:07.7820375Z ++ seq 52 52
2026-09-22T19:14:07.7826401Z + bench_cpu_arr+=("$cpu")
2026-09-22T19:14:07.7826646Z + IFS=
2026-09-22T19:14:07.7826828Z + read -r cpu
2026-09-22T19:14:07.7827046Z ++ for part in "${parts[@]}"
2026-09-22T19:14:07.7827498Z ++ seq 53 53
2026-09-22T19:14:07.7832924Z + bench_cpu_arr+=("$cpu")
2026-09-22T19:14:07.7833154Z + IFS=
2026-09-22T19:14:07.7833332Z + read -r cpu
2026-09-22T19:14:07.7833543Z ++ for part in "${parts[@]}"
2026-09-22T19:14:07.7833786Z ++ seq 54 54
2026-09-22T19:14:07.7839549Z + bench_cpu_arr+=("$cpu")
2026-09-22T19:14:07.7839784Z + IFS=
2026-09-22T19:14:07.7839970Z + read -r cpu
2026-09-22T19:14:07.7840185Z ++ for part in "${parts[@]}"
2026-09-22T19:14:07.7840421Z ++ seq 55 55
2026-09-22T19:14:07.7846260Z + bench_cpu_arr+=("$cpu")
2026-09-22T19:14:07.7846505Z + IFS=
2026-09-22T19:14:07.7846685Z + read -r cpu
2026-09-22T19:14:07.7846896Z ++ for part in "${parts[@]}"
2026-09-22T19:14:07.7847134Z ++ seq 56 56
2026-09-22T19:14:07.7852999Z + bench_cpu_arr+=("$cpu")
2026-09-22T19:14:07.7853230Z + IFS=
2026-09-22T19:14:07.7853420Z + read -r cpu
2026-09-22T19:14:07.7853630Z ++ for part in "${parts[@]}"
2026-09-22T19:14:07.7853870Z ++ seq 57 57
2026-09-22T19:14:07.7859905Z + bench_cpu_arr+=("$cpu")
2026-09-22T19:14:07.7860144Z + IFS=
2026-09-22T19:14:07.7860333Z + read -r cpu
2026-09-22T19:14:07.7860544Z ++ for part in "${parts[@]}"
2026-09-22T19:14:07.7860786Z ++ seq 58 58
2026-09-22T19:14:07.7866987Z + bench_cpu_arr+=("$cpu")
2026-09-22T19:14:07.7867256Z + IFS=
2026-09-22T19:14:07.7867446Z + read -r cpu
2026-09-22T19:14:07.7867658Z ++ for part in "${parts[@]}"
2026-09-22T19:14:07.7867898Z ++ seq 59 59
2026-09-22T19:14:07.7873990Z + bench_cpu_arr+=("$cpu")
2026-09-22T19:14:07.7874224Z + IFS=
2026-09-22T19:14:07.7874406Z + read -r cpu
2026-09-22T19:14:07.7874900Z ++ for part in "${parts[@]}"
2026-09-22T19:14:07.7875170Z ++ seq 60 60
2026-09-22T19:14:07.7880993Z + bench_cpu_arr+=("$cpu")
2026-09-22T19:14:07.7881226Z + IFS=
2026-09-22T19:14:07.7881571Z + read -r cpu
2026-09-22T19:14:07.7881784Z ++ for part in "${parts[@]}"
2026-09-22T19:14:07.7882023Z ++ seq 61 61
2026-09-22T19:14:07.7887953Z + bench_cpu_arr+=("$cpu")
2026-09-22T19:14:07.7888184Z + IFS=
2026-09-22T19:14:07.7888371Z + read -r cpu
2026-09-22T19:14:07.7888585Z ++ for part in "${parts[@]}"
2026-09-22T19:14:07.7888824Z ++ seq 62 62
2026-09-22T19:14:07.7894491Z + bench_cpu_arr+=("$cpu")
2026-09-22T19:14:07.7894729Z + IFS=
2026-09-22T19:14:07.7894966Z + read -r cpu
2026-09-22T19:14:07.7895181Z ++ for part in "${parts[@]}"
2026-09-22T19:14:07.7895421Z ++ seq 63 63
2026-09-22T19:14:07.7901173Z + bench_cpu_arr+=("$cpu")
2026-09-22T19:14:07.7901410Z + IFS=
2026-09-22T19:14:07.7901593Z + read -r cpu
2026-09-22T19:14:07.7905194Z + i=0
2026-09-22T19:14:07.7906207Z + for msi in /sys/class/net/*/device/msi_irqs/*
2026-09-22T19:14:07.7906596Z + [[ -e /sys/class/net/enP1s33/device/msi_irqs/27 ]]
2026-09-22T19:14:07.7906911Z + [[ 62 -gt 0 ]]
2026-09-22T19:14:07.7907107Z + irq=27
2026-09-22T19:14:07.7907292Z + NET_IRQS["$irq"]=1
2026-09-22T19:14:07.7907507Z + echo 2
2026-09-22T19:14:07.7907678Z + i=1
2026-09-22T19:14:07.7907904Z + for msi in /sys/class/net/*/device/msi_irqs/*
2026-09-22T19:14:07.7908258Z + [[ -e /sys/class/net/enP1s33/device/msi_irqs/28 ]]
2026-09-22T19:14:07.7908578Z + [[ 62 -gt 0 ]]
2026-09-22T19:14:07.7908775Z + irq=28
2026-09-22T19:14:07.7908958Z + NET_IRQS["$irq"]=1
2026-09-22T19:14:07.7909167Z + echo 3
2026-09-22T19:14:07.7909352Z + i=2
2026-09-22T19:14:07.7909575Z + for msi in /sys/class/net/*/device/msi_irqs/*
2026-09-22T19:14:07.7909925Z + [[ -e /sys/class/net/enP1s33/device/msi_irqs/29 ]]
2026-09-22T19:14:07.7910232Z + [[ 62 -gt 0 ]]
2026-09-22T19:14:07.7910430Z + irq=29
2026-09-22T19:14:07.7910614Z + NET_IRQS["$irq"]=1
2026-09-22T19:14:07.7910823Z + echo 4
2026-09-22T19:14:07.7911004Z + i=3
2026-09-22T19:14:07.7911231Z + for msi in /sys/class/net/*/device/msi_irqs/*
2026-09-22T19:14:07.7911580Z + [[ -e /sys/class/net/enP1s33/device/msi_irqs/30 ]]
2026-09-22T19:14:07.7911886Z + [[ 62 -gt 0 ]]
2026-09-22T19:14:07.7912087Z + irq=30
2026-09-22T19:14:07.7912270Z + NET_IRQS["$irq"]=1
2026-09-22T19:14:07.7912476Z + echo 5
2026-09-22T19:14:07.7912650Z + i=4
2026-09-22T19:14:07.7912877Z + for msi in /sys/class/net/*/device/msi_irqs/*
2026-09-22T19:14:07.7913499Z + [[ -e /sys/class/net/enP1s33/device/msi_irqs/31 ]]
2026-09-22T19:14:07.7913806Z + [[ 62 -gt 0 ]]
2026-09-22T19:14:07.7914006Z + irq=31
2026-09-22T19:14:07.7914187Z + NET_IRQS["$irq"]=1
2026-09-22T19:14:07.7914394Z + echo 6
2026-09-22T19:14:07.7914568Z + i=5
2026-09-22T19:14:07.7914901Z + for msi in /sys/class/net/*/device/msi_irqs/*
2026-09-22T19:14:07.7915259Z + [[ -e /sys/class/net/enP1s33/device/msi_irqs/32 ]]
2026-09-22T19:14:07.7915570Z + [[ 62 -gt 0 ]]
2026-09-22T19:14:07.7915765Z + irq=32
2026-09-22T19:14:07.7915952Z + NET_IRQS["$irq"]=1
2026-09-22T19:14:07.7916161Z + echo 7
2026-09-22T19:14:07.7916331Z + i=6
2026-09-22T19:14:07.7916549Z + for msi in /sys/class/net/*/device/msi_irqs/*
2026-09-22T19:14:07.7916893Z + [[ -e /sys/class/net/enP1s33/device/msi_irqs/33 ]]
2026-09-22T19:14:07.7917197Z + [[ 62 -gt 0 ]]
2026-09-22T19:14:07.7917391Z + irq=33
2026-09-22T19:14:07.7917573Z + NET_IRQS["$irq"]=1
2026-09-22T19:14:07.7917781Z + echo 8
2026-09-22T19:14:07.7917961Z + i=7
2026-09-22T19:14:07.7918180Z + for msi in /sys/class/net/*/device/msi_irqs/*
2026-09-22T19:14:07.7918528Z + [[ -e /sys/class/net/enP1s33/device/msi_irqs/34 ]]
2026-09-22T19:14:07.7918837Z + [[ 62 -gt 0 ]]
2026-09-22T19:14:07.7919032Z + irq=34
2026-09-22T19:14:07.7919217Z + NET_IRQS["$irq"]=1
2026-09-22T19:14:07.7919428Z + echo 9
2026-09-22T19:14:07.7919599Z + i=8
2026-09-22T19:14:07.7919817Z + for msi in /sys/class/net/*/device/msi_irqs/*
2026-09-22T19:14:07.7920166Z + [[ -e /sys/class/net/enP1s33/device/msi_irqs/35 ]]
2026-09-22T19:14:07.7920478Z + [[ 62 -gt 0 ]]
2026-09-22T19:14:07.7920889Z + irq=35
2026-09-22T19:14:07.7921083Z + NET_IRQS["$irq"]=1
2026-09-22T19:14:07.7921294Z + echo 10
2026-09-22T19:14:07.7921467Z + i=9
2026-09-22T19:14:07.7921683Z + for msi in /sys/class/net/*/device/msi_irqs/*
2026-09-22T19:14:07.7922032Z + [[ -e /sys/class/net/enP1s33/device/msi_irqs/36 ]]
2026-09-22T19:14:07.7922340Z + [[ 62 -gt 0 ]]
2026-09-22T19:14:07.7922534Z + irq=36
2026-09-22T19:14:07.7922715Z + NET_IRQS["$irq"]=1
2026-09-22T19:14:07.7922931Z + echo 11
2026-09-22T19:14:07.7923104Z + i=10
2026-09-22T19:14:07.7923326Z + for msi in /sys/class/net/*/device/msi_irqs/*
2026-09-22T19:14:07.7923676Z + [[ -e /sys/class/net/enP1s33/device/msi_irqs/37 ]]
2026-09-22T19:14:07.7923983Z + [[ 62 -gt 0 ]]
2026-09-22T19:14:07.7924173Z + irq=37
2026-09-22T19:14:07.7924353Z + NET_IRQS["$irq"]=1
2026-09-22T19:14:07.7924565Z + echo 12
2026-09-22T19:14:07.7924738Z + i=11
2026-09-22T19:14:07.7925037Z + for msi in /sys/class/net/*/device/msi_irqs/*
2026-09-22T19:14:07.7925394Z + [[ -e /sys/class/net/enP1s33/device/msi_irqs/38 ]]
2026-09-22T19:14:07.7925703Z + [[ 62 -gt 0 ]]
2026-09-22T19:14:07.7925895Z + irq=38
2026-09-22T19:14:07.7926073Z + NET_IRQS["$irq"]=1
2026-09-22T19:14:07.7926281Z + echo 13
2026-09-22T19:14:07.7926451Z + i=12
2026-09-22T19:14:07.7926669Z + for msi in /sys/class/net/*/device/msi_irqs/*
2026-09-22T19:14:07.7927019Z + [[ -e /sys/class/net/enP1s33/device/msi_irqs/39 ]]
2026-09-22T19:14:07.7927325Z + [[ 62 -gt 0 ]]
2026-09-22T19:14:07.7927525Z + irq=39
2026-09-22T19:14:07.7927707Z + NET_IRQS["$irq"]=1
2026-09-22T19:14:07.7927918Z + echo 14
2026-09-22T19:14:07.7928091Z + i=13
2026-09-22T19:14:07.7928309Z + for msi in /sys/class/net/*/device/msi_irqs/*
2026-09-22T19:14:07.7928659Z + [[ -e /sys/class/net/enP1s33/device/msi_irqs/40 ]]
2026-09-22T19:14:07.7928962Z + [[ 62 -gt 0 ]]
2026-09-22T19:14:07.7929154Z + irq=40
2026-09-22T19:14:07.7929336Z + NET_IRQS["$irq"]=1
2026-09-22T19:14:07.7929549Z + echo 15
2026-09-22T19:14:07.7929722Z + i=14
2026-09-22T19:14:07.7929945Z + for msi in /sys/class/net/*/device/msi_irqs/*
2026-09-22T19:14:07.7930297Z + [[ -e /sys/class/net/enP1s33/device/msi_irqs/41 ]]
2026-09-22T19:14:07.7930606Z + [[ 62 -gt 0 ]]
2026-09-22T19:14:07.7930802Z + irq=41
2026-09-22T19:14:07.7930983Z + NET_IRQS["$irq"]=1
2026-09-22T19:14:07.7931197Z + echo 16
2026-09-22T19:14:07.7931373Z + i=15
2026-09-22T19:14:07.7931590Z + for msi in /sys/class/net/*/device/msi_irqs/*
2026-09-22T19:14:07.7931940Z + [[ -e /sys/class/net/enP1s33/device/msi_irqs/42 ]]
2026-09-22T19:14:07.7932474Z + [[ 62 -gt 0 ]]
2026-09-22T19:14:07.7932672Z + irq=42
2026-09-22T19:14:07.7932852Z + NET_IRQS["$irq"]=1
2026-09-22T19:14:07.7933062Z + echo 17
2026-09-22T19:14:07.7933302Z + i=16
2026-09-22T19:14:07.7933524Z + for msi in /sys/class/net/*/device/msi_irqs/*
2026-09-22T19:14:07.7933877Z + [[ -e /sys/class/net/enP1s33/device/msi_irqs/43 ]]
2026-09-22T19:14:07.7934183Z + [[ 62 -gt 0 ]]
2026-09-22T19:14:07.7934380Z + irq=43
2026-09-22T19:14:07.7934562Z + NET_IRQS["$irq"]=1
2026-09-22T19:14:07.7934767Z + echo 18
2026-09-22T19:14:07.7935026Z + i=17
2026-09-22T19:14:07.7935243Z + for f in /proc/irq/[0-9]*/smp_affinity_list
2026-09-22T19:14:07.7935550Z + irq=1/smp_affinity_list
2026-09-22T19:14:07.7935776Z + irq=1
2026-09-22T19:14:07.7935957Z + [[ -n '' ]]
2026-09-22T19:14:07.7936144Z + echo 0,1
2026-09-22T19:14:07.7936320Z + true
2026-09-22T19:14:07.7936538Z + for f in /proc/irq/[0-9]*/smp_affinity_list
2026-09-22T19:14:07.7936842Z + irq=10/smp_affinity_list
2026-09-22T19:14:07.7937077Z + irq=10
2026-09-22T19:14:07.7937254Z + [[ -n '' ]]
2026-09-22T19:14:07.7937442Z + echo 0,1
2026-09-22T19:14:07.7937617Z + true
2026-09-22T19:14:07.7937830Z + for f in /proc/irq/[0-9]*/smp_affinity_list
2026-09-22T19:14:07.7938138Z + irq=11/smp_affinity_list
2026-09-22T19:14:07.7938363Z + irq=11
2026-09-22T19:14:07.7938541Z + [[ -n '' ]]
2026-09-22T19:14:07.7938734Z + echo 0,1
2026-09-22T19:14:07.7938909Z + true
2026-09-22T19:14:07.7939122Z + for f in /proc/irq/[0-9]*/smp_affinity_list
2026-09-22T19:14:07.7939424Z + irq=12/smp_affinity_list
2026-09-22T19:14:07.7939852Z + irq=12
2026-09-22T19:14:07.7940070Z + [[ -n '' ]]
2026-09-22T19:14:07.7940257Z + echo 0,1
2026-09-22T19:14:07.7940432Z + true
2026-09-22T19:14:07.7940647Z + for f in /proc/irq/[0-9]*/smp_affinity_list
2026-09-22T19:14:07.7940948Z + irq=13/smp_affinity_list
2026-09-22T19:14:07.7941173Z + irq=13
2026-09-22T19:14:07.7941356Z + [[ -n '' ]]
2026-09-22T19:14:07.7941540Z + echo 0,1
2026-09-22T19:14:07.7941756Z + for f in /proc/irq/[0-9]*/smp_affinity_list
2026-09-22T19:14:07.7942067Z + irq=15/smp_affinity_list
2026-09-22T19:14:07.7942294Z + irq=15
2026-09-22T19:14:07.7942472Z + [[ -n '' ]]
2026-09-22T19:14:07.7942657Z + echo 0,1
2026-09-22T19:14:07.7942876Z + for f in /proc/irq/[0-9]*/smp_affinity_list
2026-09-22T19:14:07.7943174Z + irq=2/smp_affinity_list
2026-09-22T19:14:07.7943397Z + irq=2
2026-09-22T19:14:07.7943575Z + [[ -n '' ]]
2026-09-22T19:14:07.7943761Z + echo 0,1
2026-09-22T19:14:07.7943936Z + true
2026-09-22T19:14:07.7944148Z + for f in /proc/irq/[0-9]*/smp_affinity_list
2026-09-22T19:14:07.7944455Z + irq=23/smp_affinity_list
2026-09-22T19:14:07.7944682Z + irq=23
2026-09-22T19:14:07.7944924Z + [[ -n '' ]]
2026-09-22T19:14:07.7945120Z + echo 0,1
2026-09-22T19:14:07.7945296Z + true
2026-09-22T19:14:07.7945509Z + for f in /proc/irq/[0-9]*/smp_affinity_list
2026-09-22T19:14:07.7945808Z + irq=24/smp_affinity_list
2026-09-22T19:14:07.7946039Z + irq=24
2026-09-22T19:14:07.7946216Z + [[ -n '' ]]
2026-09-22T19:14:07.7946408Z + echo 0,1
2026-09-22T19:14:07.7946626Z + for f in /proc/irq/[0-9]*/smp_affinity_list
2026-09-22T19:14:07.7946925Z + irq=25/smp_affinity_list
2026-09-22T19:14:07.7947152Z + irq=25
2026-09-22T19:14:07.7947330Z + [[ -n '' ]]
2026-09-22T19:14:07.7947519Z + echo 0,1
2026-09-22T19:14:07.7947696Z + true
2026-09-22T19:14:07.7947910Z + for f in /proc/irq/[0-9]*/smp_affinity_list
2026-09-22T19:14:07.7948222Z + irq=26/smp_affinity_list
2026-09-22T19:14:07.7948449Z + irq=26
2026-09-22T19:14:07.7948624Z + [[ -n '' ]]
2026-09-22T19:14:07.7948817Z + echo 0,1
2026-09-22T19:14:07.7949001Z + true
2026-09-22T19:14:07.7949213Z + for f in /proc/irq/[0-9]*/smp_affinity_list
2026-09-22T19:14:07.7949514Z + irq=27/smp_affinity_list
2026-09-22T19:14:07.7949746Z + irq=27
2026-09-22T19:14:07.7949925Z + [[ -n 1 ]]
2026-09-22T19:14:07.7950118Z + continue
2026-09-22T19:14:07.7950338Z + for f in /proc/irq/[0-9]*/smp_affinity_list
2026-09-22T19:14:07.7950637Z + irq=28/smp_affinity_list
2026-09-22T19:14:07.7950864Z + irq=28
2026-09-22T19:14:07.7951262Z + [[ -n 1 ]]
2026-09-22T19:14:07.7951455Z + continue
2026-09-22T19:14:07.7951672Z + for f in /proc/irq/[0-9]*/smp_affinity_list
2026-09-22T19:14:07.7951971Z + irq=29/smp_affinity_list
2026-09-22T19:14:07.7952205Z + irq=29
2026-09-22T19:14:07.7952383Z + [[ -n 1 ]]
2026-09-22T19:14:07.7952568Z + continue
2026-09-22T19:14:07.7952782Z + for f in /proc/irq/[0-9]*/smp_affinity_list
2026-09-22T19:14:07.7953086Z + irq=3/smp_affinity_list
2026-09-22T19:14:07.7953310Z + irq=3
2026-09-22T19:14:07.7953486Z + [[ -n '' ]]
2026-09-22T19:14:07.7953679Z + echo 0,1
2026-09-22T19:14:07.7953858Z + true
2026-09-22T19:14:07.7954071Z + for f in /proc/irq/[0-9]*/smp_affinity_list
2026-09-22T19:14:07.7954373Z + irq=30/smp_affinity_list
2026-09-22T19:14:07.7954602Z + irq=30
2026-09-22T19:14:07.7954782Z + [[ -n 1 ]]
2026-09-22T19:14:07.7955049Z + continue
2026-09-22T19:14:07.7955266Z + for f in /proc/irq/[0-9]*/smp_affinity_list
2026-09-22T19:14:07.7955566Z + irq=31/smp_affinity_list
2026-09-22T19:14:07.7955794Z + irq=31
2026-09-22T19:14:07.7955978Z + [[ -n 1 ]]
2026-09-22T19:14:07.7956173Z + continue
2026-09-22T19:14:07.7956390Z + for f in /proc/irq/[0-9]*/smp_affinity_list
2026-09-22T19:14:07.7956693Z + irq=32/smp_affinity_list
2026-09-22T19:14:07.7956925Z + irq=32
2026-09-22T19:14:07.7957107Z + [[ -n 1 ]]
2026-09-22T19:14:07.7957293Z + continue
2026-09-22T19:14:07.7957507Z + for f in /proc/irq/[0-9]*/smp_affinity_list
2026-09-22T19:14:07.7957811Z + irq=33/smp_affinity_list
2026-09-22T19:14:07.7958038Z + irq=33
2026-09-22T19:14:07.7958218Z + [[ -n 1 ]]
2026-09-22T19:14:07.7958598Z + continue
2026-09-22T19:14:07.7958831Z + for f in /proc/irq/[0-9]*/smp_affinity_list
2026-09-22T19:14:07.7959138Z + irq=34/smp_affinity_list
2026-09-22T19:14:07.7959363Z + irq=34
2026-09-22T19:14:07.7959546Z + [[ -n 1 ]]
2026-09-22T19:14:07.7959733Z + continue
2026-09-22T19:14:07.7959954Z + for f in /proc/irq/[0-9]*/smp_affinity_list
2026-09-22T19:14:07.7960259Z + irq=35/smp_affinity_list
2026-09-22T19:14:07.7960490Z + irq=35
2026-09-22T19:14:07.7960675Z + [[ -n 1 ]]
2026-09-22T19:14:07.7960860Z + continue
2026-09-22T19:14:07.7961080Z + for f in /proc/irq/[0-9]*/smp_affinity_list
2026-09-22T19:14:07.7961379Z + irq=36/smp_affinity_list
2026-09-22T19:14:07.7961606Z + irq=36
2026-09-22T19:14:07.7961785Z + [[ -n 1 ]]
2026-09-22T19:14:07.7961976Z + continue
2026-09-22T19:14:07.7962195Z + for f in /proc/irq/[0-9]*/smp_affinity_list
2026-09-22T19:14:07.7962494Z + irq=37/smp_affinity_list
2026-09-22T19:14:07.7962726Z + irq=37
2026-09-22T19:14:07.7962906Z + [[ -n 1 ]]
2026-09-22T19:14:07.7963092Z + continue
2026-09-22T19:14:07.7963313Z + for f in /proc/irq/[0-9]*/smp_affinity_list
2026-09-22T19:14:07.7963615Z + irq=38/smp_affinity_list
2026-09-22T19:14:07.7963841Z + irq=38
2026-09-22T19:14:07.7964017Z + [[ -n 1 ]]
2026-09-22T19:14:07.7964206Z + continue
2026-09-22T19:14:07.7964424Z + for f in /proc/irq/[0-9]*/smp_affinity_list
2026-09-22T19:14:07.7964725Z + irq=39/smp_affinity_list
2026-09-22T19:14:07.7965039Z + irq=39
2026-09-22T19:14:07.7965220Z + [[ -n 1 ]]
2026-09-22T19:14:07.7965413Z + continue
2026-09-22T19:14:07.7965628Z + for f in /proc/irq/[0-9]*/smp_affinity_list
2026-09-22T19:14:07.7966051Z + irq=4/smp_affinity_list
2026-09-22T19:14:07.7966278Z + irq=4
2026-09-22T19:14:07.7966456Z + [[ -n '' ]]
2026-09-22T19:14:07.7966648Z + echo 0,1
2026-09-22T19:14:07.7966827Z + true
2026-09-22T19:14:07.7967038Z + for f in /proc/irq/[0-9]*/smp_affinity_list
2026-09-22T19:14:07.7967343Z + irq=40/smp_affinity_list
2026-09-22T19:14:07.7967569Z + irq=40
2026-09-22T19:14:07.7967747Z + [[ -n 1 ]]
2026-09-22T19:14:07.7967931Z + continue
2026-09-22T19:14:07.7968159Z + for f in /proc/irq/[0-9]*/smp_affinity_list
2026-09-22T19:14:07.7968460Z + irq=41/smp_affinity_list
2026-09-22T19:14:07.7968686Z + irq=41
2026-09-22T19:14:07.7968868Z + [[ -n 1 ]]
2026-09-22T19:14:07.7969056Z + continue
2026-09-22T19:14:07.7969278Z + for f in /proc/irq/[0-9]*/smp_affinity_list
2026-09-22T19:14:07.7969582Z + irq=42/smp_affinity_list
2026-09-22T19:14:07.7969819Z + irq=42
2026-09-22T19:14:07.7970217Z + [[ -n 1 ]]
2026-09-22T19:14:07.7970404Z + continue
2026-09-22T19:14:07.7970627Z + for f in /proc/irq/[0-9]*/smp_affinity_list
2026-09-22T19:14:07.7970927Z + irq=43/smp_affinity_list
2026-09-22T19:14:07.7971154Z + irq=43
2026-09-22T19:14:07.7971333Z + [[ -n 1 ]]
2026-09-22T19:14:07.7971525Z + continue
2026-09-22T19:14:07.7971740Z + for f in /proc/irq/[0-9]*/smp_affinity_list
2026-09-22T19:14:07.7972039Z + irq=44/smp_affinity_list
2026-09-22T19:14:07.7972268Z + irq=44
2026-09-22T19:14:07.7972448Z + [[ -n '' ]]
2026-09-22T19:14:07.7972634Z + echo 0,1
2026-09-22T19:14:07.7972814Z + true
2026-09-22T19:14:07.7973026Z + for f in /proc/irq/[0-9]*/smp_affinity_list
2026-09-22T19:14:07.7973326Z + irq=45/smp_affinity_list
2026-09-22T19:14:07.7973555Z + irq=45
2026-09-22T19:14:07.7973735Z + [[ -n '' ]]
2026-09-22T19:14:07.7973923Z + echo 0,1
2026-09-22T19:14:07.7974142Z + for f in /proc/irq/[0-9]*/smp_affinity_list
2026-09-22T19:14:07.7974444Z + irq=46/smp_affinity_list
2026-09-22T19:14:07.7974672Z + irq=46
2026-09-22T19:14:07.7974959Z + [[ -n '' ]]
2026-09-22T19:14:07.7975157Z + echo 0,1
2026-09-22T19:14:07.7975382Z + for f in /proc/irq/[0-9]*/smp_affinity_list
2026-09-22T19:14:07.7975685Z + irq=47/smp_affinity_list
2026-09-22T19:14:07.7975916Z + irq=47
2026-09-22T19:14:07.7976100Z + [[ -n '' ]]
2026-09-22T19:14:07.7976295Z + echo 0,1
2026-09-22T19:14:07.7976514Z + for f in /proc/irq/[0-9]*/smp_affinity_list
2026-09-22T19:14:07.7976818Z + irq=48/smp_affinity_list
2026-09-22T19:14:07.7977050Z + irq=48
2026-09-22T19:14:07.7977226Z + [[ -n '' ]]
2026-09-22T19:14:07.7977591Z + echo 0,1
2026-09-22T19:14:07.7977824Z + for f in /proc/irq/[0-9]*/smp_affinity_list
2026-09-22T19:14:07.7978124Z + irq=49/smp_affinity_list
2026-09-22T19:14:07.7978354Z + irq=49
2026-09-22T19:14:07.7978535Z + [[ -n '' ]]
2026-09-22T19:14:07.7978730Z + echo 0,1
2026-09-22T19:14:07.7978948Z + for f in /proc/irq/[0-9]*/smp_affinity_list
2026-09-22T19:14:07.7979250Z + irq=5/smp_affinity_list
2026-09-22T19:14:07.7979475Z + irq=5
2026-09-22T19:14:07.7979661Z + [[ -n '' ]]
2026-09-22T19:14:07.7979849Z + echo 0,1
2026-09-22T19:14:07.7980026Z + true
2026-09-22T19:14:07.7980238Z + for f in /proc/irq/[0-9]*/smp_affinity_list
2026-09-22T19:14:07.7980536Z + irq=50/smp_affinity_list
2026-09-22T19:14:07.7980765Z + irq=50
2026-09-22T19:14:07.7980943Z + [[ -n '' ]]
2026-09-22T19:14:07.7981132Z + echo 0,1
2026-09-22T19:14:07.7981346Z + for f in /proc/irq/[0-9]*/smp_affinity_list
2026-09-22T19:14:07.7981649Z + irq=51/smp_affinity_list
2026-09-22T19:14:07.7981882Z + irq=51
2026-09-22T19:14:07.7982063Z + [[ -n '' ]]
2026-09-22T19:14:07.7982257Z + echo 0,1
2026-09-22T19:14:07.7982477Z + for f in /proc/irq/[0-9]*/smp_affinity_list
2026-09-22T19:14:07.7982781Z + irq=52/smp_affinity_list
2026-09-22T19:14:07.7983009Z + irq=52
2026-09-22T19:14:07.7983187Z + [[ -n '' ]]
2026-09-22T19:14:07.7983379Z + echo 0,1
2026-09-22T19:14:07.7983606Z + for f in /proc/irq/[0-9]*/smp_affinity_list
2026-09-22T19:14:07.7983909Z + irq=53/smp_affinity_list
2026-09-22T19:14:07.7984139Z + irq=53
2026-09-22T19:14:07.7984329Z + [[ -n '' ]]
2026-09-22T19:14:07.7984515Z + echo 0,1
2026-09-22T19:14:07.7984729Z + for f in /proc/irq/[0-9]*/smp_affinity_list
2026-09-22T19:14:07.7985129Z + irq=54/smp_affinity_list
2026-09-22T19:14:07.7985357Z + irq=54
2026-09-22T19:14:07.7985533Z + [[ -n '' ]]
2026-09-22T19:14:07.7985718Z + echo 0,1
2026-09-22T19:14:07.7985934Z + for f in /proc/irq/[0-9]*/smp_affinity_list
2026-09-22T19:14:07.7986232Z + irq=55/smp_affinity_list
2026-09-22T19:14:07.7986459Z + irq=55
2026-09-22T19:14:07.7986640Z + [[ -n '' ]]
2026-09-22T19:14:07.7986830Z + echo 0,1
2026-09-22T19:14:07.7987045Z + for f in /proc/irq/[0-9]*/smp_affinity_list
2026-09-22T19:14:07.7987346Z + irq=56/smp_affinity_list
2026-09-22T19:14:07.7987572Z + irq=56
2026-09-22T19:14:07.7987749Z + [[ -n '' ]]
2026-09-22T19:14:07.7987934Z + echo 0,1
2026-09-22T19:14:07.7988151Z + for f in /proc/irq/[0-9]*/smp_affinity_list
2026-09-22T19:14:07.7988450Z + irq=57/smp_affinity_list
2026-09-22T19:14:07.7988674Z + irq=57
2026-09-22T19:14:07.7989063Z + [[ -n '' ]]
2026-09-22T19:14:07.7989248Z + echo 0,1
2026-09-22T19:14:07.7989463Z + for f in /proc/irq/[0-9]*/smp_affinity_list
2026-09-22T19:14:07.7989759Z + irq=58/smp_affinity_list
2026-09-22T19:14:07.7989984Z + irq=58
2026-09-22T19:14:07.7990161Z + [[ -n '' ]]
2026-09-22T19:14:07.7990344Z + echo 0,1
2026-09-22T19:14:07.7990557Z + for f in /proc/irq/[0-9]*/smp_affinity_list
2026-09-22T19:14:07.7990855Z + irq=59/smp_affinity_list
2026-09-22T19:14:07.7991080Z + irq=59
2026-09-22T19:14:07.7991256Z + [[ -n '' ]]
2026-09-22T19:14:07.7991446Z + echo 0,1
2026-09-22T19:14:07.7991665Z + for f in /proc/irq/[0-9]*/smp_affinity_list
2026-09-22T19:14:07.7991964Z + irq=6/smp_affinity_list
2026-09-22T19:14:07.7992193Z + irq=6
2026-09-22T19:14:07.7992369Z + [[ -n '' ]]
2026-09-22T19:14:07.7992555Z + echo 0,1
2026-09-22T19:14:07.7992731Z + true
2026-09-22T19:14:07.7992947Z + for f in /proc/irq/[0-9]*/smp_affinity_list
2026-09-22T19:14:07.7993246Z + irq=60/smp_affinity_list
2026-09-22T19:14:07.7993474Z + irq=60
2026-09-22T19:14:07.7993662Z + [[ -n '' ]]
2026-09-22T19:14:07.7993848Z + echo 0,1
2026-09-22T19:14:07.7994064Z + for f in /proc/irq/[0-9]*/smp_affinity_list
2026-09-22T19:14:07.7994365Z + irq=61/smp_affinity_list
2026-09-22T19:14:07.7994596Z + irq=61
2026-09-22T19:14:07.7994771Z + [[ -n '' ]]
2026-09-22T19:14:07.7995030Z + echo 0,1
2026-09-22T19:14:07.7995251Z + for f in /proc/irq/[0-9]*/smp_affinity_list
2026-09-22T19:14:07.7995552Z + irq=62/smp_affinity_list
2026-09-22T19:14:07.7995779Z + irq=62
2026-09-22T19:14:07.7995957Z + [[ -n '' ]]
2026-09-22T19:14:07.7996329Z + echo 0,1
2026-09-22T19:14:07.7996555Z + for f in /proc/irq/[0-9]*/smp_affinity_list
2026-09-22T19:14:07.7996856Z + irq=63/smp_affinity_list
2026-09-22T19:14:07.7997087Z + irq=63
2026-09-22T19:14:07.7997262Z + [[ -n '' ]]
2026-09-22T19:14:07.7997447Z + echo 0,1
2026-09-22T19:14:07.7997661Z + for f in /proc/irq/[0-9]*/smp_affinity_list
2026-09-22T19:14:07.7997965Z + irq=64/smp_affinity_list
2026-09-22T19:14:07.7998188Z + irq=64
2026-09-22T19:14:07.7998368Z + [[ -n '' ]]
2026-09-22T19:14:07.7998556Z + echo 0,1
2026-09-22T19:14:07.7998770Z + for f in /proc/irq/[0-9]*/smp_affinity_list
2026-09-22T19:14:07.7999064Z + irq=65/smp_affinity_list
2026-09-22T19:14:07.7999285Z + irq=65
2026-09-22T19:14:07.7999459Z + [[ -n '' ]]
2026-09-22T19:14:07.7999641Z + echo 0,1
2026-09-22T19:14:07.7999856Z + for f in /proc/irq/[0-9]*/smp_affinity_list
2026-09-22T19:14:07.8000160Z + irq=66/smp_affinity_list
2026-09-22T19:14:07.8000385Z + irq=66
2026-09-22T19:14:07.8000559Z + [[ -n '' ]]
2026-09-22T19:14:07.8000746Z + echo 0,1
2026-09-22T19:14:07.8000967Z + for f in /proc/irq/[0-9]*/smp_affinity_list
2026-09-22T19:14:07.8001271Z + irq=67/smp_affinity_list
2026-09-22T19:14:07.8001497Z + irq=67
2026-09-22T19:14:07.8001678Z + [[ -n '' ]]
2026-09-22T19:14:07.8001865Z + echo 0,1
2026-09-22T19:14:07.8002080Z + for f in /proc/irq/[0-9]*/smp_affinity_list
2026-09-22T19:14:07.8002381Z + irq=68/smp_affinity_list
2026-09-22T19:14:07.8002614Z + irq=68
2026-09-22T19:14:07.8002800Z + [[ -n '' ]]
2026-09-22T19:14:07.8002986Z + echo 0,1
2026-09-22T19:14:07.8003207Z + for f in /proc/irq/[0-9]*/smp_affinity_list
2026-09-22T19:14:07.8003505Z + irq=69/smp_affinity_list
2026-09-22T19:14:07.8003734Z + irq=69
2026-09-22T19:14:07.8003912Z + [[ -n '' ]]
2026-09-22T19:14:07.8004103Z + echo 0,1
2026-09-22T19:14:07.8004317Z + for f in /proc/irq/[0-9]*/smp_affinity_list
2026-09-22T19:14:07.8004617Z + irq=7/smp_affinity_list
2026-09-22T19:14:07.8004923Z + irq=7
2026-09-22T19:14:07.8005106Z + [[ -n '' ]]
2026-09-22T19:14:07.8005294Z + echo 0,1
2026-09-22T19:14:07.8005475Z + true
2026-09-22T19:14:07.8005691Z + for f in /proc/irq/[0-9]*/smp_affinity_list
2026-09-22T19:14:07.8005990Z + irq=70/smp_affinity_list
2026-09-22T19:14:07.8006214Z + irq=70
2026-09-22T19:14:07.8006391Z + [[ -n '' ]]
2026-09-22T19:14:07.8006576Z + echo 0,1
2026-09-22T19:14:07.8006788Z + for f in /proc/irq/[0-9]*/smp_affinity_list
2026-09-22T19:14:07.8007086Z + irq=71/smp_affinity_list
2026-09-22T19:14:07.8007314Z + irq=71
2026-09-22T19:14:07.8007699Z + [[ -n '' ]]
2026-09-22T19:14:07.8007885Z + echo 0,1
2026-09-22T19:14:07.8008098Z + for f in /proc/irq/[0-9]*/smp_affinity_list
2026-09-22T19:14:07.8008392Z + irq=72/smp_affinity_list
2026-09-22T19:14:07.8008615Z + irq=72
2026-09-22T19:14:07.8008792Z + [[ -n '' ]]
2026-09-22T19:14:07.8008981Z + echo 0,1
2026-09-22T19:14:07.8009194Z + for f in /proc/irq/[0-9]*/smp_affinity_list
2026-09-22T19:14:07.8009493Z + irq=73/smp_affinity_list
2026-09-22T19:14:07.8009722Z + irq=73
2026-09-22T19:14:07.8009898Z + [[ -n '' ]]
2026-09-22T19:14:07.8010083Z + echo 0,1
2026-09-22T19:14:07.8010302Z + for f in /proc/irq/[0-9]*/smp_affinity_list
2026-09-22T19:14:07.8010608Z + irq=74/smp_affinity_list
2026-09-22T19:14:07.8010835Z + irq=74
2026-09-22T19:14:07.8011011Z + [[ -n '' ]]
2026-09-22T19:14:07.8011199Z + echo 0,1
2026-09-22T19:14:07.8011413Z + for f in /proc/irq/[0-9]*/smp_affinity_list
2026-09-22T19:14:07.8011710Z + irq=75/smp_affinity_list
2026-09-22T19:14:07.8011938Z + irq=75
2026-09-22T19:14:07.8012121Z + [[ -n '' ]]
2026-09-22T19:14:07.8012307Z + echo 0,1
2026-09-22T19:14:07.8012520Z + for f in /proc/irq/[0-9]*/smp_affinity_list
2026-09-22T19:14:07.8012821Z + irq=76/smp_affinity_list
2026-09-22T19:14:07.8013051Z + irq=76
2026-09-22T19:14:07.8013229Z + [[ -n '' ]]
2026-09-22T19:14:07.8013419Z + echo 0,1
2026-09-22T19:14:07.8013636Z + for f in /proc/irq/[0-9]*/smp_affinity_list
2026-09-22T19:14:07.8013935Z + irq=77/smp_affinity_list
2026-09-22T19:14:07.8014166Z + irq=77
2026-09-22T19:14:07.8014345Z + [[ -n '' ]]
2026-09-22T19:14:07.8014530Z + echo 0,1
2026-09-22T19:14:07.8014993Z + for f in /proc/irq/[0-9]*/smp_affinity_list
2026-09-22T19:14:07.8015366Z + irq=78/smp_affinity_list
2026-09-22T19:14:07.8015595Z + irq=78
2026-09-22T19:14:07.8015774Z + [[ -n '' ]]
2026-09-22T19:14:07.8015960Z + echo 0,1
2026-09-22T19:14:07.8016180Z + for f in /proc/irq/[0-9]*/smp_affinity_list
2026-09-22T19:14:07.8016476Z + irq=79/smp_affinity_list
2026-09-22T19:14:07.8016701Z + irq=79
2026-09-22T19:14:07.8016877Z + [[ -n '' ]]
2026-09-22T19:14:07.8017067Z + echo 0,1
2026-09-22T19:14:07.8017281Z + for f in /proc/irq/[0-9]*/smp_affinity_list
2026-09-22T19:14:07.8017578Z + irq=8/smp_affinity_list
2026-09-22T19:14:07.8017804Z + irq=8
2026-09-22T19:14:07.8017980Z + [[ -n '' ]]
2026-09-22T19:14:07.8018166Z + echo 0,1
2026-09-22T19:14:07.8018345Z + true
2026-09-22T19:14:07.8018454Z + for f in /proc/irq/[0-9]*/smp_affinity_list
2026-09-22T19:14:07.8018545Z + irq=80/smp_affinity_list
2026-09-22T19:14:07.8018623Z + irq=80
2026-09-22T19:14:07.8018697Z + [[ -n '' ]]
2026-09-22T19:14:07.8018774Z + echo 0,1
2026-09-22T19:14:07.8018901Z + for f in /proc/irq/[0-9]*/smp_affinity_list
2026-09-22T19:14:07.8026317Z + irq=81/smp_affinity_list
2026-09-22T19:14:07.8026433Z + irq=81
2026-09-22T19:14:07.8026525Z + [[ -n '' ]]
2026-09-22T19:14:07.8026604Z + echo 0,1
2026-09-22T19:14:07.8026736Z + for f in /proc/irq/[0-9]*/smp_affinity_list
2026-09-22T19:14:07.8026824Z + irq=82/smp_affinity_list
2026-09-22T19:14:07.8026899Z + irq=82
2026-09-22T19:14:07.8026995Z + [[ -n '' ]]
2026-09-22T19:14:07.8027067Z + echo 0,1
2026-09-22T19:14:07.8027184Z + for f in /proc/irq/[0-9]*/smp_affinity_list
2026-09-22T19:14:07.8027274Z + irq=83/smp_affinity_list
2026-09-22T19:14:07.8027345Z + irq=83
2026-09-22T19:14:07.8027420Z + [[ -n '' ]]
2026-09-22T19:14:07.8027496Z + echo 0,1
2026-09-22T19:14:07.8027607Z + for f in /proc/irq/[0-9]*/smp_affinity_list
2026-09-22T19:14:07.8027696Z + irq=84/smp_affinity_list
2026-09-22T19:14:07.8027771Z + irq=84
2026-09-22T19:14:07.8027843Z + [[ -n '' ]]
2026-09-22T19:14:07.8027918Z + echo 0,1
2026-09-22T19:14:07.8028037Z + for f in /proc/irq/[0-9]*/smp_affinity_list
2026-09-22T19:14:07.8028122Z + irq=85/smp_affinity_list
2026-09-22T19:14:07.8028198Z + irq=85
2026-09-22T19:14:07.8028273Z + [[ -n '' ]]
2026-09-22T19:14:07.8028345Z + echo 0,1
2026-09-22T19:14:07.8028459Z + for f in /proc/irq/[0-9]*/smp_affinity_list
2026-09-22T19:14:07.8028548Z + irq=86/smp_affinity_list
2026-09-22T19:14:07.8028619Z + irq=86
2026-09-22T19:14:07.8028696Z + [[ -n '' ]]
2026-09-22T19:14:07.8029025Z + echo 0,1
2026-09-22T19:14:07.8029138Z + for f in /proc/irq/[0-9]*/smp_affinity_list
2026-09-22T19:14:07.8029229Z + irq=87/smp_affinity_list
2026-09-22T19:14:07.8029300Z + irq=87
2026-09-22T19:14:07.8029377Z + [[ -n '' ]]
2026-09-22T19:14:07.8029453Z + echo 0,1
2026-09-22T19:14:07.8029562Z + for f in /proc/irq/[0-9]*/smp_affinity_list
2026-09-22T19:14:07.8029650Z + irq=88/smp_affinity_list
2026-09-22T19:14:07.8029726Z + irq=88
2026-09-22T19:14:07.8029798Z + [[ -n '' ]]
2026-09-22T19:14:07.8029874Z + echo 0,1
2026-09-22T19:14:07.8029991Z + for f in /proc/irq/[0-9]*/smp_affinity_list
2026-09-22T19:14:07.8030077Z + irq=89/smp_affinity_list
2026-09-22T19:14:07.8030151Z + irq=89
2026-09-22T19:14:07.8030229Z + [[ -n '' ]]
2026-09-22T19:14:07.8030300Z + echo 0,1
2026-09-22T19:14:07.8030414Z + for f in /proc/irq/[0-9]*/smp_affinity_list
2026-09-22T19:14:07.8030504Z + irq=9/smp_affinity_list
2026-09-22T19:14:07.8030577Z + irq=9
2026-09-22T19:14:07.8030652Z + [[ -n '' ]]
2026-09-22T19:14:07.8030733Z + echo 0,1
2026-09-22T19:14:07.8030803Z + true
2026-09-22T19:14:07.8030913Z + for f in /proc/irq/[0-9]*/smp_affinity_list
2026-09-22T19:14:07.8031002Z + irq=90/smp_affinity_list
2026-09-22T19:14:07.8031074Z + irq=90
2026-09-22T19:14:07.8031149Z + [[ -n '' ]]
2026-09-22T19:14:07.8031224Z + echo 0,1
2026-09-22T19:14:07.8031335Z + for f in /proc/irq/[0-9]*/smp_affinity_list
2026-09-22T19:14:07.8031423Z + irq=91/smp_affinity_list
2026-09-22T19:14:07.8031498Z + irq=91
2026-09-22T19:14:07.8031571Z + [[ -n '' ]]
2026-09-22T19:14:07.8031645Z + echo 0,1
2026-09-22T19:14:07.8031902Z + for f in /proc/irq/[0-9]*/smp_affinity_list
2026-09-22T19:14:07.8032013Z + irq=92/smp_affinity_list
2026-09-22T19:14:07.8032088Z + irq=92
2026-09-22T19:14:07.8032161Z + [[ -n '' ]]
2026-09-22T19:14:07.8032236Z + echo 0,1
2026-09-22T19:14:07.8032350Z + for f in /proc/irq/[0-9]*/smp_affinity_list
2026-09-22T19:14:07.8032435Z + irq=93/smp_affinity_list
2026-09-22T19:14:07.8032510Z + irq=93
2026-09-22T19:14:07.8032586Z + [[ -n '' ]]
2026-09-22T19:14:07.8032664Z + echo 0,1
2026-09-22T19:14:07.8032777Z + for f in /proc/irq/[0-9]*/smp_affinity_list
2026-09-22T19:14:07.8032865Z + irq=94/smp_affinity_list
2026-09-22T19:14:07.8032937Z + irq=94
2026-09-22T19:14:07.8033015Z + [[ -n '' ]]
2026-09-22T19:14:07.8033092Z + echo 0,1
2026-09-22T19:14:07.8033175Z + command -v python3
2026-09-22T19:14:07.8033263Z ++ expand_cpulist 0,1
2026-09-22T19:14:07.8033340Z ++ [[ -n 0,1 ]]
2026-09-22T19:14:07.8033423Z ++ local parts part
2026-09-22T19:14:07.8033498Z ++ IFS=,
2026-09-22T19:14:07.8033581Z ++ read -ra parts
2026-09-22T19:14:07.8033807Z ++ python3 -c 'import sys; print(f"{sum(1 << int(l) for l in sys.stdin):x}")'
2026-09-22T19:14:07.8033905Z ++ for part in "${parts[@]}"
2026-09-22T19:14:07.8033982Z ++ seq 0 0
2026-09-22T19:14:07.8034087Z ++ for part in "${parts[@]}"
2026-09-22T19:14:07.8034163Z ++ seq 1 1
2026-09-22T19:14:07.8117822Z + wq_mask=3
2026-09-22T19:14:07.8117981Z + sysfs_write /sys/devices/virtual/workqueue/cpumask 3
2026-09-22T19:14:07.8118074Z + [[ -n 3 ]]
2026-09-22T19:14:07.8118208Z + [[ -w /sys/devices/virtual/workqueue/cpumask ]]
2026-09-22T19:14:07.8118281Z + echo 3
2026-09-22T19:14:07.8124117Z + mkdir -p /etc/systemd/system.conf.d
2026-09-22T19:14:07.8134024Z + cat
2026-09-22T19:14:07.8142583Z + systemctl daemon-reexec
2026-09-22T19:14:08.5557722Z + cat
2026-09-22T19:14:08.5566180Z + chmod 0644 /tmp/vortex-benchmark.env
2026-09-22T19:14:08.5829562Z ##[group]Run CodSpeedHQ/action@4296e51e7041e24dadb86d1d6e8b9320d223dbe8
2026-09-22T19:14:08.5830044Z with:
2026-09-22T19:14:08.5830365Z   run: bash scripts/bench-taskset.sh cargo codspeed run -- '.*::neon::'
2026-09-22T19:14:08.5831160Z   token: ***
2026-09-22T19:14:08.5831466Z   mode: walltime
2026-09-22T19:14:08.5831684Z   cache-instruments: true
2026-09-22T19:14:08.5831975Z   instruments-cache-dir: ~/.cache/codspeed-action
2026-09-22T19:14:08.5832299Z   allow-empty: false
2026-09-22T19:14:08.5832538Z   skip-hash-check-warning: false
2026-09-22T19:14:08.5832793Z env:
2026-09-22T19:14:08.5833234Z   CARGO_TERM_COLOR: always
2026-09-22T19:14:08.5833474Z   RUST_BACKTRACE: 1
2026-09-22T19:14:08.5833708Z   NIGHTLY_TOOLCHAIN: nightly-2026-09-10
2026-09-22T19:14:08.5834008Z   RUNNER_TOOL_CACHE: /opt/hostedtoolcache
2026-09-22T19:14:08.5834298Z   RUNS_ON_HOME: /runs-on
2026-09-22T19:14:08.5834532Z   RUNS_ON_VERSION: v3.3.0
2026-09-22T19:14:08.5834802Z   RUNS_ON_AGENT_BINARY: /runs-on/agent
2026-09-22T19:14:08.5835175Z   RUNS_ON_AGENT_ARCH: arm64
2026-09-22T19:14:08.5835423Z   RUNS_ON_AGENT_USER: runner
2026-09-22T19:14:08.5835686Z   RUNS_ON_AMI_ID: ami-098c62767651982c5
2026-09-22T19:14:08.5835968Z   RUNS_ON_AWS_REGION: us-east-1
2026-09-22T19:14:08.5836226Z   RUNS_ON_AWS_AZ: us-east-1b
2026-09-22T19:14:08.5836506Z   RUNS_ON_ENV_CUSTOM_FILE: /runs-on/env.custom
2026-09-22T19:14:08.5836829Z   RUNS_ON_INSTANCE_ID: i-020621f2ed58187fb
2026-09-22T19:14:08.5837129Z   RUNS_ON_INSTANCE_LIFECYCLE: spot
2026-09-22T19:14:08.5837409Z   RUNS_ON_INSTANCE_TYPE: c7g.metal
2026-09-22T19:14:08.5837681Z   RUNS_ON_STACK_NAME: runs-on-v3
2026-09-22T19:14:08.5838035Z   RUNS_ON_S3_BUCKET_CACHE: runs-on-v3-s3bucketcache-dbnub4tpjhpv
2026-09-22T19:14:08.5838453Z   ACTIONS_RUNNER_HOOK_JOB_STARTED: /runs-on/pre.sh
2026-09-22T19:14:08.5838829Z   ACTIONS_RUNNER_HOOK_JOB_COMPLETED: /runs-on/post.sh
2026-09-22T19:14:08.5839191Z   GITHUB_SERVER_URL: https://github.com/
2026-09-22T19:14:08.5839512Z   GITHUB_API_URL: https://api.github.com/
2026-09-22T19:14:08.5839809Z   GITHUB_HOST: github.com
2026-09-22T19:14:08.5840129Z   RUNS_ON_RUNNER_NAME: runs-on--i-020621f2ed58187fb--b79b3816-3
2026-09-22T19:14:08.5840532Z   RUNS_ON_INSTANCE_LAUNCHED_AT: 2026-09-22T19:12:45Z
2026-09-22T19:14:08.5840885Z   ACTIONS_CACHE_URL: http://10.1.26.52:6871/
2026-09-22T19:14:08.5841190Z   ACTIONS_CACHE_SERVICE_V2: true
2026-09-22T19:14:08.5841481Z   ACTIONS_RESULTS_URL: http://10.1.26.52:6871/
2026-09-22T19:14:08.5841873Z   RUNS_ON_S3_CACHE_REPO_PREFIX: cache/repo/vortex-data/vortex
2026-09-22T19:14:08.5842260Z   RUNS_ON_ACTION_COST_TRACKING_CLAIMED: true
2026-09-22T19:14:08.5842567Z   RUSTUP_TOOLCHAIN: 1.98.0
2026-09-22T19:14:08.5842817Z   DIVAN_SAMPLE_COUNT: 1000
2026-09-22T19:14:08.5843051Z ##[endgroup]
2026-09-22T19:14:08.5848641Z ##[start-action display=Determine runner and kernel version;id=__CodSpeedHQ_action.versions]
2026-09-22T19:14:08.5864264Z ##[group]Run RUNNER_VERSION=""
2026-09-22T19:14:08.5864585Z [36;1mRUNNER_VERSION=""[0m
2026-09-22T19:14:08.5864966Z [36;1mif [ -z "$RUNNER_VERSION" ]; then[0m
2026-09-22T19:14:08.5865403Z [36;1m  RUNNER_VERSION=$(cat $GITHUB_ACTION_PATH/.codspeed-runner-version)[0m
2026-09-22T19:14:08.5865812Z [36;1mfi[0m
2026-09-22T19:14:08.5866105Z [36;1m# Strip 'v' prefix if present to normalize version format[0m
2026-09-22T19:14:08.5866509Z [36;1mRUNNER_VERSION="${RUNNER_VERSION#v}"[0m
2026-09-22T19:14:08.5866802Z [36;1m[0m
2026-09-22T19:14:08.5867162Z [36;1m# Detect version type (priority: latest > version number > branch/rev prefixes)[0m
2026-09-22T19:14:08.5867649Z [36;1mif [ "$RUNNER_VERSION" = "latest" ]; then[0m
2026-09-22T19:14:08.5867974Z [36;1m  VERSION_TYPE="latest"[0m
2026-09-22T19:14:08.5868368Z [36;1melif echo "$RUNNER_VERSION" | grep -qE '^[0-9]+\.[0-9]+\.[0-9]+-'; then[0m
2026-09-22T19:14:08.5868793Z [36;1m  VERSION_TYPE="prerelease"[0m
2026-09-22T19:14:08.5869192Z [36;1melif echo "$RUNNER_VERSION" | grep -qE '^[0-9]+\.[0-9]+\.[0-9]+'; then[0m
2026-09-22T19:14:08.5869848Z [36;1m  VERSION_TYPE="release"[0m
2026-09-22T19:14:08.5870205Z [36;1melif echo "$RUNNER_VERSION" | grep -q '^branch:'; then[0m
2026-09-22T19:14:08.5870571Z [36;1m  VERSION_TYPE="branch"[0m
2026-09-22T19:14:08.5870975Z [36;1m  RUNNER_VERSION=$(echo "$RUNNER_VERSION" | sed 's/^branch://')[0m
2026-09-22T19:14:08.5871442Z [36;1melif echo "$RUNNER_VERSION" | grep -q '^rev:'; then[0m
2026-09-22T19:14:08.5871792Z [36;1m  VERSION_TYPE="rev"[0m
2026-09-22T19:14:08.5872140Z [36;1m  RUNNER_VERSION=$(echo "$RUNNER_VERSION" | sed 's/^rev://')[0m
2026-09-22T19:14:08.5872514Z [36;1melse[0m
2026-09-22T19:14:08.5872910Z [36;1m  # Default to release version[0m
2026-09-22T19:14:08.5873204Z [36;1m  VERSION_TYPE="release"[0m
2026-09-22T19:14:08.5873461Z [36;1mfi[0m
2026-09-22T19:14:08.5873646Z [36;1m[0m
2026-09-22T19:14:08.5873930Z [36;1mecho "runner-version=$RUNNER_VERSION" >> $GITHUB_OUTPUT[0m
2026-09-22T19:14:08.5874382Z [36;1mecho "version-type=$VERSION_TYPE" >> $GITHUB_OUTPUT[0m
2026-09-22T19:14:08.5874730Z [36;1m[0m
2026-09-22T19:14:08.5875024Z [36;1m# Get kernel version for cache key[0m
2026-09-22T19:14:08.5875344Z [36;1mKERNEL_VERSION=$(uname -r)[0m
2026-09-22T19:14:08.5875707Z [36;1mecho "kernel-version=$KERNEL_VERSION" >> $GITHUB_OUTPUT[0m
2026-09-22T19:14:08.5876064Z [36;1m[0m
2026-09-22T19:14:08.5876389Z [36;1m# Normalize mode for cache key (commas are not allowed in cache keys)[0m
2026-09-22T19:14:08.5876862Z [36;1mMODE_CACHE_KEY=$(echo "walltime" | tr ',' '-')[0m
2026-09-22T19:14:08.5877283Z [36;1mecho "mode-cache-key=$MODE_CACHE_KEY" >> $GITHUB_OUTPUT[0m
2026-09-22T19:14:08.5900055Z shell: /usr/bin/bash --noprofile --norc -e -o pipefail {0}
2026-09-22T19:14:08.5900418Z env:
2026-09-22T19:14:08.5900614Z   CARGO_TERM_COLOR: always
2026-09-22T19:14:08.5900853Z   RUST_BACKTRACE: 1
2026-09-22T19:14:08.5901095Z   NIGHTLY_TOOLCHAIN: nightly-2026-09-10
2026-09-22T19:14:08.5901404Z   RUNNER_TOOL_CACHE: /opt/hostedtoolcache
2026-09-22T19:14:08.5901693Z   RUNS_ON_HOME: /runs-on
2026-09-22T19:14:08.5901938Z   RUNS_ON_VERSION: v3.3.0
2026-09-22T19:14:08.5902193Z   RUNS_ON_AGENT_BINARY: /runs-on/agent
2026-09-22T19:14:08.5902478Z   RUNS_ON_AGENT_ARCH: arm64
2026-09-22T19:14:08.5902726Z   RUNS_ON_AGENT_USER: runner
2026-09-22T19:14:08.5902982Z   RUNS_ON_AMI_ID: ami-098c62767651982c5
2026-09-22T19:14:08.5903270Z   RUNS_ON_AWS_REGION: us-east-1
2026-09-22T19:14:08.5903529Z   RUNS_ON_AWS_AZ: us-east-1b
2026-09-22T19:14:08.5903813Z   RUNS_ON_ENV_CUSTOM_FILE: /runs-on/env.custom
2026-09-22T19:14:08.5904137Z   RUNS_ON_INSTANCE_ID: i-020621f2ed58187fb
2026-09-22T19:14:08.5904440Z   RUNS_ON_INSTANCE_LIFECYCLE: spot
2026-09-22T19:14:08.5904730Z   RUNS_ON_INSTANCE_TYPE: c7g.metal
2026-09-22T19:14:08.5905109Z   RUNS_ON_STACK_NAME: runs-on-v3
2026-09-22T19:14:08.5905471Z   RUNS_ON_S3_BUCKET_CACHE: runs-on-v3-s3bucketcache-dbnub4tpjhpv
2026-09-22T19:14:08.5905894Z   ACTIONS_RUNNER_HOOK_JOB_STARTED: /runs-on/pre.sh
2026-09-22T19:14:08.5906270Z   ACTIONS_RUNNER_HOOK_JOB_COMPLETED: /runs-on/post.sh
2026-09-22T19:14:08.5906634Z   GITHUB_SERVER_URL: https://github.com/
2026-09-22T19:14:08.5906961Z   GITHUB_API_URL: https://api.github.com/
2026-09-22T19:14:08.5907261Z   GITHUB_HOST: github.com
2026-09-22T19:14:08.5907579Z   RUNS_ON_RUNNER_NAME: runs-on--i-020621f2ed58187fb--b79b3816-3
2026-09-22T19:14:08.5907990Z   RUNS_ON_INSTANCE_LAUNCHED_AT: 2026-09-22T19:12:45Z
2026-09-22T19:14:08.5908339Z   ACTIONS_CACHE_URL: http://10.1.26.52:6871/
2026-09-22T19:14:08.5908645Z   ACTIONS_CACHE_SERVICE_V2: true
2026-09-22T19:14:08.5908936Z   ACTIONS_RESULTS_URL: http://10.1.26.52:6871/
2026-09-22T19:14:08.5909321Z   RUNS_ON_S3_CACHE_REPO_PREFIX: cache/repo/vortex-data/vortex
2026-09-22T19:14:08.5909709Z   RUNS_ON_ACTION_COST_TRACKING_CLAIMED: true
2026-09-22T19:14:08.5910011Z   RUSTUP_TOOLCHAIN: 1.98.0
2026-09-22T19:14:08.5910261Z   DIVAN_SAMPLE_COUNT: 1000
2026-09-22T19:14:08.5910493Z ##[endgroup]
2026-09-22T19:14:08.6040710Z ##[end-action id=__CodSpeedHQ_action.versions;outcome=success;conclusion=success;duration_ms=19]
2026-09-22T19:14:08.6043321Z ##[start-action display=Cache CodSpeed instruments;id=__CodSpeedHQ_action.__actions_cache]
2026-09-22T19:14:08.6081607Z ##[group]Run actions/cache@668228422ae6a00e4ad889ee87cd7109ec5666a7
2026-09-22T19:14:08.6081976Z with:
2026-09-22T19:14:08.6082187Z   path: ~/.cache/codspeed-action
2026-09-22T19:14:08.6082591Z   key: codspeed-instruments-walltime-Linux-ARM64-6.17.0-1019-aws-5.0.2
2026-09-22T19:14:08.6083176Z   restore-keys: codspeed-instruments-walltime-Linux-ARM64-6.17.0-1019-aws-

2026-09-22T19:14:08.6083643Z   enableCrossOsArchive: false
2026-09-22T19:14:08.6083908Z   fail-on-cache-miss: false
2026-09-22T19:14:08.6084375Z   lookup-only: false
2026-09-22T19:14:08.6084601Z   save-always: false
2026-09-22T19:14:08.6084922Z env:
2026-09-22T19:14:08.6085117Z   CARGO_TERM_COLOR: always
2026-09-22T19:14:08.6085358Z   RUST_BACKTRACE: 1
2026-09-22T19:14:08.6085598Z   NIGHTLY_TOOLCHAIN: nightly-2026-09-10
2026-09-22T19:14:08.6085910Z   RUNNER_TOOL_CACHE: /opt/hostedtoolcache
2026-09-22T19:14:08.6086207Z   RUNS_ON_HOME: /runs-on
2026-09-22T19:14:08.6086449Z   RUNS_ON_VERSION: v3.3.0
2026-09-22T19:14:08.6086703Z   RUNS_ON_AGENT_BINARY: /runs-on/agent
2026-09-22T19:14:08.6086985Z   RUNS_ON_AGENT_ARCH: arm64
2026-09-22T19:14:08.6087233Z   RUNS_ON_AGENT_USER: runner
2026-09-22T19:14:08.6087494Z   RUNS_ON_AMI_ID: ami-098c62767651982c5
2026-09-22T19:14:08.6087780Z   RUNS_ON_AWS_REGION: us-east-1
2026-09-22T19:14:08.6088038Z   RUNS_ON_AWS_AZ: us-east-1b
2026-09-22T19:14:08.6088322Z   RUNS_ON_ENV_CUSTOM_FILE: /runs-on/env.custom
2026-09-22T19:14:08.6088646Z   RUNS_ON_INSTANCE_ID: i-020621f2ed58187fb
2026-09-22T19:14:08.6088953Z   RUNS_ON_INSTANCE_LIFECYCLE: spot
2026-09-22T19:14:08.6089234Z   RUNS_ON_INSTANCE_TYPE: c7g.metal
2026-09-22T19:14:08.6089509Z   RUNS_ON_STACK_NAME: runs-on-v3
2026-09-22T19:14:08.6089861Z   RUNS_ON_S3_BUCKET_CACHE: runs-on-v3-s3bucketcache-dbnub4tpjhpv
2026-09-22T19:14:08.6090284Z   ACTIONS_RUNNER_HOOK_JOB_STARTED: /runs-on/pre.sh
2026-09-22T19:14:08.6090659Z   ACTIONS_RUNNER_HOOK_JOB_COMPLETED: /runs-on/post.sh
2026-09-22T19:14:08.6091023Z   GITHUB_SERVER_URL: https://github.com/
2026-09-22T19:14:08.6091350Z   GITHUB_API_URL: https://api.github.com/
2026-09-22T19:14:08.6091652Z   GITHUB_HOST: github.com
2026-09-22T19:14:08.6091975Z   RUNS_ON_RUNNER_NAME: runs-on--i-020621f2ed58187fb--b79b3816-3
2026-09-22T19:14:08.6092383Z   RUNS_ON_INSTANCE_LAUNCHED_AT: 2026-09-22T19:12:45Z
2026-09-22T19:14:08.6092734Z   ACTIONS_CACHE_URL: http://10.1.26.52:6871/
2026-09-22T19:14:08.6093044Z   ACTIONS_CACHE_SERVICE_V2: true
2026-09-22T19:14:08.6093343Z   ACTIONS_RESULTS_URL: http://10.1.26.52:6871/
2026-09-22T19:14:08.6093738Z   RUNS_ON_S3_CACHE_REPO_PREFIX: cache/repo/vortex-data/vortex
2026-09-22T19:14:08.6094122Z   RUNS_ON_ACTION_COST_TRACKING_CLAIMED: true
2026-09-22T19:14:08.6094426Z   RUSTUP_TOOLCHAIN: 1.98.0
2026-09-22T19:14:08.6094678Z   DIVAN_SAMPLE_COUNT: 1000
2026-09-22T19:14:08.6095294Z ##[endgroup]
2026-09-22T19:14:08.8318163Z Cache not found for input keys: codspeed-instruments-walltime-Linux-ARM64-6.17.0-1019-aws-5.0.2, codspeed-instruments-walltime-Linux-ARM64-6.17.0-1019-aws-
2026-09-22T19:14:08.8372975Z ##[end-action id=__CodSpeedHQ_action.__actions_cache;outcome=success;conclusion=success;duration_ms=232]
2026-09-22T19:14:08.8376393Z ##[start-action display=Lookup installer hash;id=__CodSpeedHQ_action.installer-hash]
2026-09-22T19:14:08.8437484Z ##[group]Run actions/github-script@ed597411d8f924073f98dfc5c65a23a2325f34cd
2026-09-22T19:14:08.8437893Z with:
2026-09-22T19:14:08.8438714Z   script: const hashes = require(`${process.env.GITHUB_ACTION_PATH}/.codspeed-runner-installer-hashes.json`)
const version = process.env.RUNNER_VERSION
core.setOutput('hash', hashes[version] || '')

2026-09-22T19:14:08.8442525Z   github-token: ***
2026-09-22T19:14:08.8442750Z   debug: false
2026-09-22T19:14:08.8442972Z   user-agent: actions/github-script
2026-09-22T19:14:08.8443252Z   result-encoding: json
2026-09-22T19:14:08.8443482Z   retries: 0
2026-09-22T19:14:08.8443951Z   retry-exempt-status-codes: 400,401,403,404,422
2026-09-22T19:14:08.8444280Z env:
2026-09-22T19:14:08.8444479Z   CARGO_TERM_COLOR: always
2026-09-22T19:14:08.8444718Z   RUST_BACKTRACE: 1
2026-09-22T19:14:08.8445023Z   NIGHTLY_TOOLCHAIN: nightly-2026-09-10
2026-09-22T19:14:08.8445336Z   RUNNER_TOOL_CACHE: /opt/hostedtoolcache
2026-09-22T19:14:08.8445630Z   RUNS_ON_HOME: /runs-on
2026-09-22T19:14:08.8445866Z   RUNS_ON_VERSION: v3.3.0
2026-09-22T19:14:08.8446119Z   RUNS_ON_AGENT_BINARY: /runs-on/agent
2026-09-22T19:14:08.8446403Z   RUNS_ON_AGENT_ARCH: arm64
2026-09-22T19:14:08.8446650Z   RUNS_ON_AGENT_USER: runner
2026-09-22T19:14:08.8446907Z   RUNS_ON_AMI_ID: ami-098c62767651982c5
2026-09-22T19:14:08.8447403Z   RUNS_ON_AWS_REGION: us-east-1
2026-09-22T19:14:08.8447658Z   RUNS_ON_AWS_AZ: us-east-1b
2026-09-22T19:14:08.8447935Z   RUNS_ON_ENV_CUSTOM_FILE: /runs-on/env.custom
2026-09-22T19:14:08.8448257Z   RUNS_ON_INSTANCE_ID: i-020621f2ed58187fb
2026-09-22T19:14:08.8448561Z   RUNS_ON_INSTANCE_LIFECYCLE: spot
2026-09-22T19:14:08.8448845Z   RUNS_ON_INSTANCE_TYPE: c7g.metal
2026-09-22T19:14:08.8449120Z   RUNS_ON_STACK_NAME: runs-on-v3
2026-09-22T19:14:08.8449475Z   RUNS_ON_S3_BUCKET_CACHE: runs-on-v3-s3bucketcache-dbnub4tpjhpv
2026-09-22T19:14:08.8449894Z   ACTIONS_RUNNER_HOOK_JOB_STARTED: /runs-on/pre.sh
2026-09-22T19:14:08.8450266Z   ACTIONS_RUNNER_HOOK_JOB_COMPLETED: /runs-on/post.sh
2026-09-22T19:14:08.8450632Z   GITHUB_SERVER_URL: https://github.com/
2026-09-22T19:14:08.8450947Z   GITHUB_API_URL: https://api.github.com/
2026-09-22T19:14:08.8451244Z   GITHUB_HOST: github.com
2026-09-22T19:14:08.8451570Z   RUNS_ON_RUNNER_NAME: runs-on--i-020621f2ed58187fb--b79b3816-3
2026-09-22T19:14:08.8451981Z   RUNS_ON_INSTANCE_LAUNCHED_AT: 2026-09-22T19:12:45Z
2026-09-22T19:14:08.8452330Z   ACTIONS_CACHE_URL: http://10.1.26.52:6871/
2026-09-22T19:14:08.8452645Z   ACTIONS_CACHE_SERVICE_V2: true
2026-09-22T19:14:08.8452936Z   ACTIONS_RESULTS_URL: http://10.1.26.52:6871/
2026-09-22T19:14:08.8453321Z   RUNS_ON_S3_CACHE_REPO_PREFIX: cache/repo/vortex-data/vortex
2026-09-22T19:14:08.8453709Z   RUNS_ON_ACTION_COST_TRACKING_CLAIMED: true
2026-09-22T19:14:08.8454014Z   RUSTUP_TOOLCHAIN: 1.98.0
2026-09-22T19:14:08.8454266Z   DIVAN_SAMPLE_COUNT: 1000
2026-09-22T19:14:08.8454508Z   RUNNER_VERSION: 5.0.2
2026-09-22T19:14:08.8454736Z ##[endgroup]
2026-09-22T19:14:08.9250263Z ##[end-action id=__CodSpeedHQ_action.installer-hash;outcome=success;conclusion=success;duration_ms=87]
2026-09-22T19:14:08.9252666Z ##[start-action display=Install CodSpeed runner;id=__CodSpeedHQ_action.__run]
2026-09-22T19:14:08.9269929Z ##[group]Run RUNNER_VERSION="5.0.2"
2026-09-22T19:14:08.9270293Z [36;1mRUNNER_VERSION="5.0.2"[0m
2026-09-22T19:14:08.9270583Z [36;1mVERSION_TYPE="release"[0m
2026-09-22T19:14:08.9270853Z [36;1m[0m
2026-09-22T19:14:08.9271066Z [36;1mSKIP_HASH_CHECK_WARNING="false"[0m
2026-09-22T19:14:08.9271347Z [36;1m[0m
2026-09-22T19:14:08.9271574Z [36;1mif [ "$VERSION_TYPE" = "latest" ]; then[0m
2026-09-22T19:14:08.9271957Z [36;1m  if [ "$SKIP_HASH_CHECK_WARNING" != "true" ]; then[0m
2026-09-22T19:14:08.9272725Z [36;1m    echo "::warning::Hash verification is not available when using 'latest' version. Consider pinning a specific version for supply chain security."[0m
2026-09-22T19:14:08.9273428Z [36;1m  fi[0m
2026-09-22T19:14:08.9273768Z [36;1m  curl -fsSL https://codspeed.io/install.sh | bash -s -- --quiet[0m
2026-09-22T19:14:08.9274232Z [36;1melif [ "$VERSION_TYPE" = "prerelease" ]; then[0m
2026-09-22T19:14:08.9274799Z [36;1m  # Prereleases are not pinned, so install from the versioned installer without hash verification.[0m
2026-09-22T19:14:08.9275633Z [36;1m  if [ "$SKIP_HASH_CHECK_WARNING" != "true" ]; then[0m
2026-09-22T19:14:08.9276208Z [36;1m    echo "::warning::Hash verification is not available for prerelease version $RUNNER_VERSION."[0m
2026-09-22T19:14:08.9276711Z [36;1m  fi[0m
2026-09-22T19:14:08.9277105Z [36;1m  curl -fsSL "https://codspeed.io/v$RUNNER_VERSION/install.sh" | bash -s -- --quiet[0m
2026-09-22T19:14:08.9277836Z [36;1melif [ "$VERSION_TYPE" = "branch" ]; then[0m
2026-09-22T19:14:08.9278216Z [36;1m  # Install from specific branch using cargo[0m
2026-09-22T19:14:08.9278602Z [36;1m  if [ "$SKIP_HASH_CHECK_WARNING" != "true" ]; then[0m
2026-09-22T19:14:08.9279134Z [36;1m    echo "::warning::Hash verification is not available when installing from a branch."[0m
2026-09-22T19:14:08.9279599Z [36;1m  fi[0m
2026-09-22T19:14:08.9279811Z [36;1m  source $HOME/.cargo/env[0m
2026-09-22T19:14:08.9280403Z [36;1m  cargo install --locked --git https://github.com/CodSpeedHQ/codspeed --branch "$RUNNER_VERSION" codspeed-runner[0m
2026-09-22T19:14:08.9281190Z [36;1melif [ "$VERSION_TYPE" = "rev" ]; then[0m
2026-09-22T19:14:08.9281564Z [36;1m  # Install from specific commit/rev using cargo[0m
2026-09-22T19:14:08.9281963Z [36;1m  if [ "$SKIP_HASH_CHECK_WARNING" != "true" ]; then[0m
2026-09-22T19:14:08.9282500Z [36;1m    echo "::warning::Hash verification is not available when installing from a revision."[0m
2026-09-22T19:14:08.9282975Z [36;1m  fi[0m
2026-09-22T19:14:08.9283188Z [36;1m  source $HOME/.cargo/env[0m
2026-09-22T19:14:08.9283756Z [36;1m  cargo install --locked --git https://github.com/CodSpeedHQ/codspeed --rev "$RUNNER_VERSION" codspeed-runner[0m
2026-09-22T19:14:08.9284323Z [36;1melse[0m
2026-09-22T19:14:08.9284626Z [36;1m  # Release version - download to temp file and verify hash[0m
2026-09-22T19:14:08.9285409Z [36;1m  INSTALLER_URL="https://codspeed.io/v$RUNNER_VERSION/install.sh"[0m
2026-09-22T19:14:08.9286231Z [36;1m  INSTALLER_TMP=$(mktemp)[0m
2026-09-22T19:14:08.9286539Z [36;1m  trap "rm -f $INSTALLER_TMP" EXIT[0m
2026-09-22T19:14:08.9286837Z [36;1m[0m
2026-09-22T19:14:08.9287034Z [36;1m  CURL_ERR=$(mktemp)[0m
2026-09-22T19:14:08.9287522Z [36;1m  if ! HTTP_CODE=$(curl -sSL -o "$INSTALLER_TMP" -w "%{http_code}" "$INSTALLER_URL" 2>"$CURL_ERR"); then[0m
2026-09-22T19:14:08.9288472Z [36;1m    echo "::error title=Failed to install CodSpeed CLI::Installation of CodSpeed CLI with version $RUNNER_VERSION failed.%0AReason: $(cat "$CURL_ERR")"[0m
2026-09-22T19:14:08.9289175Z [36;1m    exit 1[0m
2026-09-22T19:14:08.9289387Z [36;1m  fi[0m
2026-09-22T19:14:08.9289612Z [36;1m  if [ "$HTTP_CODE" -ge 400 ]; then[0m
2026-09-22T19:14:08.9289940Z [36;1m    error_body=$(cat "$INSTALLER_TMP")[0m
2026-09-22T19:14:08.9290793Z [36;1m    echo "::error title=Failed to install CodSpeed CLI::Installation of CodSpeed CLI with version $RUNNER_VERSION failed.%0AReason: HTTP $HTTP_CODE - ${error_body:-no response body}"[0m
2026-09-22T19:14:08.9291615Z [36;1m    exit 1[0m
2026-09-22T19:14:08.9291825Z [36;1m  fi[0m
2026-09-22T19:14:08.9292026Z [36;1m[0m
2026-09-22T19:14:08.9292425Z [36;1m  EXPECTED_HASH="4ea0e3b0425e01498ff1b70fba78228eedb4dd58efb6093360776fc6e4eae1a9"[0m
2026-09-22T19:14:08.9292932Z [36;1m  if [ -z "$EXPECTED_HASH" ]; then[0m
2026-09-22T19:14:08.9293584Z [36;1m    echo "::error::No pinned hash found for installer version $RUNNER_VERSION. Update .codspeed-runner-installer-hashes.json."[0m
2026-09-22T19:14:08.9294220Z [36;1m    exit 1[0m
2026-09-22T19:14:08.9294430Z [36;1m  fi[0m
2026-09-22T19:14:08.9294624Z [36;1m[0m
2026-09-22T19:14:08.9295011Z [36;1m  ACTUAL_HASH=$(sha256sum "$INSTALLER_TMP" | awk '{print $1}')[0m
2026-09-22T19:14:08.9295455Z [36;1m  if [ "$ACTUAL_HASH" != "$EXPECTED_HASH" ]; then[0m
2026-09-22T19:14:08.9296093Z [36;1m    echo "::error::Installer hash mismatch for version $RUNNER_VERSION. Expected: $EXPECTED_HASH, Got: $ACTUAL_HASH"[0m
2026-09-22T19:14:08.9296675Z [36;1m    exit 1[0m
2026-09-22T19:14:08.9296885Z [36;1m  fi[0m
2026-09-22T19:14:08.9297190Z [36;1m  echo "Installer hash verified for version $RUNNER_VERSION"[0m
2026-09-22T19:14:08.9297570Z [36;1m[0m
2026-09-22T19:14:08.9297781Z [36;1m  bash "$INSTALLER_TMP" --quiet[0m
2026-09-22T19:14:08.9298057Z [36;1mfi[0m
2026-09-22T19:14:08.9320973Z shell: /usr/bin/bash --noprofile --norc -e -o pipefail {0}
2026-09-22T19:14:08.9321330Z env:
2026-09-22T19:14:08.9321527Z   CARGO_TERM_COLOR: always
2026-09-22T19:14:08.9321949Z   RUST_BACKTRACE: 1
2026-09-22T19:14:08.9322202Z   NIGHTLY_TOOLCHAIN: nightly-2026-09-10
2026-09-22T19:14:08.9322514Z   RUNNER_TOOL_CACHE: /opt/hostedtoolcache
2026-09-22T19:14:08.9322802Z   RUNS_ON_HOME: /runs-on
2026-09-22T19:14:08.9323036Z   RUNS_ON_VERSION: v3.3.0
2026-09-22T19:14:08.9323288Z   RUNS_ON_AGENT_BINARY: /runs-on/agent
2026-09-22T19:14:08.9323569Z   RUNS_ON_AGENT_ARCH: arm64
2026-09-22T19:14:08.9323819Z   RUNS_ON_AGENT_USER: runner
2026-09-22T19:14:08.9324076Z   RUNS_ON_AMI_ID: ami-098c62767651982c5
2026-09-22T19:14:08.9324356Z   RUNS_ON_AWS_REGION: us-east-1
2026-09-22T19:14:08.9324616Z   RUNS_ON_AWS_AZ: us-east-1b
2026-09-22T19:14:08.9325174Z   RUNS_ON_ENV_CUSTOM_FILE: /runs-on/env.custom
2026-09-22T19:14:08.9325498Z   RUNS_ON_INSTANCE_ID: i-020621f2ed58187fb
2026-09-22T19:14:08.9325800Z   RUNS_ON_INSTANCE_LIFECYCLE: spot
2026-09-22T19:14:08.9326080Z   RUNS_ON_INSTANCE_TYPE: c7g.metal
2026-09-22T19:14:08.9326354Z   RUNS_ON_STACK_NAME: runs-on-v3
2026-09-22T19:14:08.9326712Z   RUNS_ON_S3_BUCKET_CACHE: runs-on-v3-s3bucketcache-dbnub4tpjhpv
2026-09-22T19:14:08.9327134Z   ACTIONS_RUNNER_HOOK_JOB_STARTED: /runs-on/pre.sh
2026-09-22T19:14:08.9327509Z   ACTIONS_RUNNER_HOOK_JOB_COMPLETED: /runs-on/post.sh
2026-09-22T19:14:08.9327866Z   GITHUB_SERVER_URL: https://github.com/
2026-09-22T19:14:08.9328189Z   GITHUB_API_URL: https://api.github.com/
2026-09-22T19:14:08.9328486Z   GITHUB_HOST: github.com
2026-09-22T19:14:08.9328803Z   RUNS_ON_RUNNER_NAME: runs-on--i-020621f2ed58187fb--b79b3816-3
2026-09-22T19:14:08.9329209Z   RUNS_ON_INSTANCE_LAUNCHED_AT: 2026-09-22T19:12:45Z
2026-09-22T19:14:08.9329557Z   ACTIONS_CACHE_URL: http://10.1.26.52:6871/
2026-09-22T19:14:08.9329869Z   ACTIONS_CACHE_SERVICE_V2: true
2026-09-22T19:14:08.9330166Z   ACTIONS_RESULTS_URL: http://10.1.26.52:6871/
2026-09-22T19:14:08.9330547Z   RUNS_ON_S3_CACHE_REPO_PREFIX: cache/repo/vortex-data/vortex
2026-09-22T19:14:08.9330935Z   RUNS_ON_ACTION_COST_TRACKING_CLAIMED: true
2026-09-22T19:14:08.9331247Z   RUSTUP_TOOLCHAIN: 1.98.0
2026-09-22T19:14:08.9331494Z   DIVAN_SAMPLE_COUNT: 1000
2026-09-22T19:14:08.9331726Z ##[endgroup]
2026-09-22T19:14:09.2030324Z Installer hash verified for version 5.0.2
2026-09-22T19:14:09.6261689Z ##[end-action id=__CodSpeedHQ_action.__run;outcome=success;conclusion=success;duration_ms=700]
2026-09-22T19:14:09.6291362Z ##[start-action display=Run the benchmarks;id=__CodSpeedHQ_action.__run_2]
2026-09-22T19:14:09.6309619Z ##[group]Run # Validate required inputs
2026-09-22T19:14:09.6309994Z [36;1m# Validate required inputs[0m
2026-09-22T19:14:09.6310328Z [36;1m# (custom message for smoother v4 migration)[0m
2026-09-22T19:14:09.6310686Z [36;1mif [ -z "walltime" ]; then[0m
2026-09-22T19:14:09.6312235Z [36;1m  echo "::error title=Missing required input 'mode'::The 'mode' input is required as of CodSpeed Action v4. Please explicitly set 'mode' to 'simulation' or 'walltime'. Before, this variable was automatically set to instrumentation on every runner except for CodSpeed macro runners where it was set to walltime by default. See https://codspeed.io/docs/instruments for details."[0m
2026-09-22T19:14:09.6313772Z [36;1m  exit 1[0m
2026-09-22T19:14:09.6313973Z [36;1mfi[0m
2026-09-22T19:14:09.6314167Z [36;1m[0m
2026-09-22T19:14:09.6314387Z [36;1m# Build the runner arguments array[0m
2026-09-22T19:14:09.6314693Z [36;1mRUNNER_ARGS=()[0m
2026-09-22T19:14:09.6315252Z [36;1mif [ -n "***" ]; then[0m
2026-09-22T19:14:09.6315632Z [36;1m  RUNNER_ARGS+=(--token "***")[0m
2026-09-22T19:14:09.6315911Z [36;1mfi[0m
2026-09-22T19:14:09.6316112Z [36;1mif [ -n "" ]; then[0m
2026-09-22T19:14:09.6316401Z [36;1m  RUNNER_ARGS+=(--working-directory="")[0m
2026-09-22T19:14:09.6316716Z [36;1mfi[0m
2026-09-22T19:14:09.6316920Z [36;1mif [ -n "" ]; then[0m
2026-09-22T19:14:09.6317187Z [36;1m  RUNNER_ARGS+=(--upload-url="")[0m
2026-09-22T19:14:09.6317469Z [36;1mfi[0m
2026-09-22T19:14:09.6317681Z [36;1mif [ -n "walltime" ]; then[0m
2026-09-22T19:14:09.6317979Z [36;1m  RUNNER_ARGS+=(--mode="walltime")[0m
2026-09-22T19:14:09.6318512Z [36;1mfi[0m
2026-09-22T19:14:09.6318726Z [36;1mif [ -n "" ]; then[0m
2026-09-22T19:14:09.6319000Z [36;1m  RUNNER_ARGS+=(--instruments="")[0m
2026-09-22T19:14:09.6319285Z [36;1mfi[0m
2026-09-22T19:14:09.6319482Z [36;1mif [ -n "" ]; then[0m
2026-09-22T19:14:09.6319777Z [36;1m  RUNNER_ARGS+=(--mongo-uri-env-name="")[0m
2026-09-22T19:14:09.6320082Z [36;1mfi[0m
2026-09-22T19:14:09.6320379Z [36;1mif [ "true" = "true" ] && [ -n "~/.cache/codspeed-action" ]; then[0m
2026-09-22T19:14:09.6320874Z [36;1m  RUNNER_ARGS+=(--setup-cache-dir="~/.cache/codspeed-action")[0m
2026-09-22T19:14:09.6321420Z [36;1mfi[0m
2026-09-22T19:14:09.6321630Z [36;1mif [ "false" = "true" ]; then[0m
2026-09-22T19:14:09.6321929Z [36;1m  RUNNER_ARGS+=(--allow-empty)[0m
2026-09-22T19:14:09.6322202Z [36;1mfi[0m
2026-09-22T19:14:09.6322399Z [36;1mif [ -n "" ]; then[0m
2026-09-22T19:14:09.6322687Z [36;1m  RUNNER_ARGS+=(--go-runner-version="")[0m
2026-09-22T19:14:09.6322990Z [36;1mfi[0m
2026-09-22T19:14:09.6323192Z [36;1mif [ -n "" ]; then[0m
2026-09-22T19:14:09.6323451Z [36;1m  RUNNER_ARGS+=(--config="")[0m
2026-09-22T19:14:09.6323724Z [36;1mfi[0m
2026-09-22T19:14:09.6323918Z [36;1mif [ -n "" ]; then[0m
2026-09-22T19:14:09.6324197Z [36;1m  RUNNER_ARGS+=(--cycle-estimation="")[0m
2026-09-22T19:14:09.6324502Z [36;1mfi[0m
2026-09-22T19:14:09.6324698Z [36;1mif [ -n "" ]; then[0m
2026-09-22T19:14:09.6325075Z [36;1m  RUNNER_ARGS+=(--exclude-allocations="")[0m
2026-09-22T19:14:09.6325397Z [36;1mfi[0m
2026-09-22T19:14:09.6325584Z [36;1m[0m
2026-09-22T19:14:09.6325809Z [36;1mif [ -n "$CODSPEED_INPUT_RUN" ]; then[0m
2026-09-22T19:14:09.6326163Z [36;1m  RUNNER_ARGS+=(-- "$CODSPEED_INPUT_RUN")[0m
2026-09-22T19:14:09.6326470Z [36;1mfi[0m
2026-09-22T19:14:09.6326658Z [36;1m[0m
2026-09-22T19:14:09.6326854Z [36;1m# Run the benchmarks[0m
2026-09-22T19:14:09.6327130Z [36;1mcodspeed run "${RUNNER_ARGS[@]}"[0m
2026-09-22T19:14:09.6349306Z shell: /usr/bin/bash --noprofile --norc -e -o pipefail {0}
2026-09-22T19:14:09.6349660Z env:
2026-09-22T19:14:09.6349861Z   CARGO_TERM_COLOR: always
2026-09-22T19:14:09.6350098Z   RUST_BACKTRACE: 1
2026-09-22T19:14:09.6350336Z   NIGHTLY_TOOLCHAIN: nightly-2026-09-10
2026-09-22T19:14:09.6350643Z   RUNNER_TOOL_CACHE: /opt/hostedtoolcache
2026-09-22T19:14:09.6350940Z   RUNS_ON_HOME: /runs-on
2026-09-22T19:14:09.6351179Z   RUNS_ON_VERSION: v3.3.0
2026-09-22T19:14:09.6351434Z   RUNS_ON_AGENT_BINARY: /runs-on/agent
2026-09-22T19:14:09.6351725Z   RUNS_ON_AGENT_ARCH: arm64
2026-09-22T19:14:09.6351976Z   RUNS_ON_AGENT_USER: runner
2026-09-22T19:14:09.6352238Z   RUNS_ON_AMI_ID: ami-098c62767651982c5
2026-09-22T19:14:09.6352539Z   RUNS_ON_AWS_REGION: us-east-1
2026-09-22T19:14:09.6352799Z   RUNS_ON_AWS_AZ: us-east-1b
2026-09-22T19:14:09.6353077Z   RUNS_ON_ENV_CUSTOM_FILE: /runs-on/env.custom
2026-09-22T19:14:09.6353408Z   RUNS_ON_INSTANCE_ID: i-020621f2ed58187fb
2026-09-22T19:14:09.6353710Z   RUNS_ON_INSTANCE_LIFECYCLE: spot
2026-09-22T19:14:09.6353992Z   RUNS_ON_INSTANCE_TYPE: c7g.metal
2026-09-22T19:14:09.6354269Z   RUNS_ON_STACK_NAME: runs-on-v3
2026-09-22T19:14:09.6354623Z   RUNS_ON_S3_BUCKET_CACHE: runs-on-v3-s3bucketcache-dbnub4tpjhpv
2026-09-22T19:14:09.6355834Z   ACTIONS_RUNNER_HOOK_JOB_STARTED: /runs-on/pre.sh
2026-09-22T19:14:09.6356217Z   ACTIONS_RUNNER_HOOK_JOB_COMPLETED: /runs-on/post.sh
2026-09-22T19:14:09.6356583Z   GITHUB_SERVER_URL: https://github.com/
2026-09-22T19:14:09.6356902Z   GITHUB_API_URL: https://api.github.com/
2026-09-22T19:14:09.6357198Z   GITHUB_HOST: github.com
2026-09-22T19:14:09.6357524Z   RUNS_ON_RUNNER_NAME: runs-on--i-020621f2ed58187fb--b79b3816-3
2026-09-22T19:14:09.6357935Z   RUNS_ON_INSTANCE_LAUNCHED_AT: 2026-09-22T19:12:45Z
2026-09-22T19:14:09.6358280Z   ACTIONS_CACHE_URL: http://10.1.26.52:6871/
2026-09-22T19:14:09.6358592Z   ACTIONS_CACHE_SERVICE_V2: true
2026-09-22T19:14:09.6358884Z   ACTIONS_RESULTS_URL: http://10.1.26.52:6871/
2026-09-22T19:14:09.6359268Z   RUNS_ON_S3_CACHE_REPO_PREFIX: cache/repo/vortex-data/vortex
2026-09-22T19:14:09.6359895Z   RUNS_ON_ACTION_COST_TRACKING_CLAIMED: true
2026-09-22T19:14:09.6360213Z   RUSTUP_TOOLCHAIN: 1.98.0
2026-09-22T19:14:09.6360461Z   DIVAN_SAMPLE_COUNT: 1000
2026-09-22T19:14:09.6361268Z   GH_MATRIX: {
  "features": "neon",
  "family": "c7g.metal",
  "build-family": "c7g.4xlarge",
  "image": "ubuntu24-full-arm64-pre-v2",
  "rustflags": "-C target-feature=+neon -C force-frame-pointers=yes"
}
2026-09-22T19:14:09.6362281Z   GH_STRATEGY: {
  "fail-fast": false,
  "job-index": 2,
  "job-total": 3,
  "max-parallel": 3
}
2026-09-22T19:14:09.6362915Z   CODSPEED_INPUT_RUN: bash scripts/bench-taskset.sh cargo codspeed run -- '.*::neon::'
2026-09-22T19:14:09.6363504Z ##[endgroup]
2026-09-22T19:14:09.6701437Z 
2026-09-22T19:14:09.6701904Z    ______            __ _____                         __
2026-09-22T19:14:09.6702489Z   / ____/____   ____/ // ___/ ____   ___   ___   ____/ /
2026-09-22T19:14:09.6703060Z  / /    / __ \ / __  / \__ \ / __ \ / _ \ / _ \ / __  /
2026-09-22T19:14:09.6703575Z / /___ / /_/ // /_/ / ___/ // /_/ //  __//  __// /_/ /
2026-09-22T19:14:09.6704082Z \____/ \____/ \__,_/ /____// .___/ \___/ \___/ \__,_/
2026-09-22T19:14:09.6704614Z   https://codspeed.io     /_/          runner v5.0.2
2026-09-22T19:14:09.6705183Z 
2026-09-22T19:14:09.6705841Z ##[group]Running the benchmarks
2026-09-22T19:14:17.4366680Z [cargo-codspeed] Measurement mode: Walltime
2026-09-22T19:14:17.4367091Z 
2026-09-22T19:14:17.4370297Z Collected 10 benchmark suite(s) to run
2026-09-22T19:14:17.4370611Z Running vortex-array row_fn_utf8
2026-09-22T19:14:17.4406760Z Timer precision: 29 ns
2026-09-22T19:14:17.4407234Z row_fn_utf8                          fastest       │ slowest       │ median        │ mean          │ samples │ iters
2026-09-22T19:14:17.4410946Z ╰─ neon::decode_neon                               │               │               │               │         │
2026-09-22T19:14:17.4411887Z    ╰─ 8192                                         │               │               │               │         │
2026-09-22T19:14:17.6313561Z       ├─ (External, AllValid)        112 µs        │ 136.3 µs      │ 113.4 µs      │ 114.1 µs      │ 1000    │ 1000
2026-09-22T19:14:17.6314208Z       │                              73.13 Mitem/s │ 60.09 Mitem/s │ 72.22 Mitem/s │ 71.75 Mitem/s │         │
2026-09-22T19:14:17.8215519Z       ├─ (External, OneNullInEight)  115.8 µs      │ 143.3 µs      │ 116.9 µs      │ 117.9 µs      │ 1000    │ 1000
2026-09-22T19:14:17.8216184Z       │                              70.7 Mitem/s  │ 57.13 Mitem/s │ 70.03 Mitem/s │ 69.46 Mitem/s │         │
2026-09-22T19:14:17.9465751Z       ├─ (Inline, AllValid)          54.02 µs      │ 60.39 µs      │ 54.1 µs       │ 54.71 µs      │ 1000    │ 1000
2026-09-22T19:14:17.9466548Z       │                              151.6 Mitem/s │ 135.6 Mitem/s │ 151.4 Mitem/s │ 149.7 Mitem/s │         │
2026-09-22T19:14:18.0796075Z       ╰─ (Inline, OneNullInEight)    61.26 µs      │ 72.19 µs      │ 61.76 µs      │ 62.55 µs      │ 1000    │ 1000
2026-09-22T19:14:18.0796914Z                                      133.7 Mitem/s │ 113.4 Mitem/s │ 132.6 Mitem/s │ 130.9 Mitem/s │         │
2026-09-22T19:14:18.0797610Z 
2026-09-22T19:14:18.0801802Z Done running row_fn_utf8
2026-09-22T19:14:18.0802145Z Running vortex-array row_fn_output
2026-09-22T19:14:18.0832726Z Timer precision: 29 ns
2026-09-22T19:14:18.0833218Z row_fn_output                           fastest       │ slowest       │ median        │ mean          │ samples │ iters
2026-09-22T19:14:18.0839574Z ├─ neon::deferred_bool_constant_neon                  │               │               │               │         │
2026-09-22T19:14:18.1627825Z │  ├─ ConstantPerRow                    4.284 µs      │ 76.47 µs      │ 5.037 µs      │ 5.071 µs      │ 1000    │ 1000
2026-09-22T19:14:18.1629136Z │  │                                    3.823 Gitem/s │ 214.2 Mitem/s │ 3.252 Gitem/s │ 3.23 Gitem/s  │         │
2026-09-22T19:14:18.2397762Z │  ╰─ PerRowConstant                    6.094 µs      │ 12.52 µs      │ 6.592 µs      │ 6.72 µs       │ 1000    │ 1000
2026-09-22T19:14:18.2398876Z │                                       2.688 Gitem/s │ 1.308 Gitem/s │ 2.485 Gitem/s │ 2.438 Gitem/s │         │
2026-09-22T19:14:18.2399525Z ├─ neon::deferred_i64_neon                            │               │               │               │         │
2026-09-22T19:14:18.3265784Z │  ╰─ PerRowPerRow                      14.81 µs      │ 21.49 µs      │ 15.13 µs      │ 15.29 µs      │ 1000    │ 1000
2026-09-22T19:14:18.3266796Z │                                       1.105 Gitem/s │ 762.1 Mitem/s │ 1.082 Gitem/s │ 1.071 Gitem/s │         │
2026-09-22T19:14:18.3267560Z ├─ neon::filtered_owned_i64_neon                      │               │               │               │         │
2026-09-22T19:14:18.4023804Z │  ├─ AllValid                          4.709 µs      │ 29.19 µs      │ 5.237 µs      │ 5.298 µs      │ 1000    │ 1000
2026-09-22T19:14:18.4024555Z │  │                                    3.478 Gitem/s │ 561.1 Mitem/s │ 3.128 Gitem/s │ 3.092 Gitem/s │         │
2026-09-22T19:14:18.4935300Z │  ├─ NineNullsInTen                    17.13 µs      │ 96.1 µs       │ 18.81 µs      │ 19.37 µs      │ 1000    │ 1000
2026-09-22T19:14:18.4936144Z │  │                                    956.1 Mitem/s │ 170.4 Mitem/s │ 870.8 Mitem/s │ 845.4 Mitem/s │         │
2026-09-22T19:14:18.6046348Z │  ╰─ OneNullInEight                    36.44 µs      │ 66.04 µs      │ 38 µs         │ 38.73 µs      │ 1000    │ 1000
2026-09-22T19:14:18.6047010Z │                                       449.5 Mitem/s │ 248 Mitem/s   │ 431 Mitem/s   │ 422.9 Mitem/s │         │
2026-09-22T19:14:18.6047884Z ├─ neon::filtered_sink_i64_neon                       │               │               │               │         │
2026-09-22T19:14:18.6805962Z │  ├─ AllValid                          4.763 µs      │ 11.63 µs      │ 5.452 µs      │ 5.465 µs      │ 1000    │ 1000
2026-09-22T19:14:18.6807765Z │  │                                    3.439 Gitem/s │ 1.408 Gitem/s │ 3.004 Gitem/s │ 2.997 Gitem/s │         │
2026-09-22T19:14:18.7734037Z │  ├─ NineNullsInTen                    17.42 µs      │ 82.69 µs      │ 19.1 µs       │ 19.77 µs      │ 1000    │ 1000
2026-09-22T19:14:18.7734937Z │  │                                    940.4 Mitem/s │ 198.1 Mitem/s │ 857.4 Mitem/s │ 828.5 Mitem/s │         │
2026-09-22T19:14:18.8855988Z │  ╰─ OneNullInEight                    36.56 µs      │ 49.21 µs      │ 38.21 µs      │ 38.94 µs      │ 1000    │ 1000
2026-09-22T19:14:18.8857099Z │                                       448 Mitem/s   │ 332.8 Mitem/s │ 428.7 Mitem/s │ 420.6 Mitem/s │         │
2026-09-22T19:14:18.8857769Z ├─ neon::infallible_bool_constant_neon                │               │               │               │         │
2026-09-22T19:14:18.9623464Z │  ├─ ConstantPerRow                    4.279 µs      │ 11.06 µs      │ 4.975 µs      │ 4.988 µs      │ 1000    │ 1000
2026-09-22T19:14:18.9624494Z │  │                                    3.828 Gitem/s │ 1.48 Gitem/s  │ 3.292 Gitem/s │ 3.284 Gitem/s │         │
2026-09-22T19:14:19.0393316Z │  ╰─ PerRowConstant                    4.325 µs      │ 10.03 µs      │ 4.862 µs      │ 4.89 µs       │ 1000    │ 1000
2026-09-22T19:14:19.0394517Z │                                       3.787 Gitem/s │ 1.632 Gitem/s │ 3.369 Gitem/s │ 3.35 Gitem/s  │         │
2026-09-22T19:14:19.0395236Z ├─ neon::deferred_bool_neon                           │               │               │               │         │
2026-09-22T19:14:19.0395786Z │  ├─ i32                                             │               │               │               │         │
2026-09-22T19:14:19.1166567Z │  │  ╰─ PerRowPerRow                   4.183 µs      │ 8.933 µs      │ 4.687 µs      │ 4.733 µs      │ 1000    │ 1000
2026-09-22T19:14:19.1171512Z │  │                                    3.916 Gitem/s │ 1.833 Gitem/s │ 3.495 Gitem/s │ 3.461 Gitem/s │         │
2026-09-22T19:14:19.1174561Z │  ╰─ i64                                             │               │               │               │         │
2026-09-22T19:14:19.1944405Z │     ╰─ PerRowPerRow                   7.199 µs      │ 13.91 µs      │ 7.859 µs      │ 7.981 µs      │ 1000    │ 1000
2026-09-22T19:14:19.1945929Z │                                       2.275 Gitem/s │ 1.177 Gitem/s │ 2.084 Gitem/s │ 2.052 Gitem/s │         │
2026-09-22T19:14:19.1946763Z ╰─ neon::infallible_bool_neon                         │               │               │               │         │
2026-09-22T19:14:19.1947515Z    ├─ i32                                             │               │               │               │         │
2026-09-22T19:14:19.2699724Z    │  ╰─ PerRowPerRow                   3.695 µs      │ 8.007 µs      │ 3.884 µs      │ 3.916 µs      │ 1000    │ 1000
2026-09-22T19:14:19.2705233Z    │                                    4.433 Gitem/s │ 2.046 Gitem/s │ 4.217 Gitem/s │ 4.183 Gitem/s │         │
2026-09-22T19:14:19.2707531Z    ╰─ i64                                             │               │               │               │         │
2026-09-22T19:14:19.3477213Z       ╰─ PerRowPerRow                   5.642 µs      │ 9.865 µs      │ 6.223 µs      │ 6.278 µs      │ 1000    │ 1000
2026-09-22T19:14:19.3477966Z                                         2.903 Gitem/s │ 1.66 Gitem/s  │ 2.632 Gitem/s │ 2.609 Gitem/s │         │
2026-09-22T19:14:19.3478333Z 
2026-09-22T19:14:19.3482213Z Done running row_fn_output
2026-09-22T19:14:19.3482486Z Running vortex-array take_primitive
2026-09-22T19:14:19.3511717Z Timer precision: 29 ns
2026-09-22T19:14:19.3512490Z take_primitive                         fastest       │ slowest       │ median        │ mean          │ samples │ iters
2026-09-22T19:14:19.3513333Z ╰─ neon::dict_canonicalize_gt_u8_neon                │               │               │               │         │
2026-09-22T19:14:19.9967859Z    ╰─ 1000000                          546.8 µs      │ 630 µs        │ 553.7 µs      │ 553.7 µs      │ 1000    │ 1000
2026-09-22T19:14:19.9968601Z                                        1.828 Gitem/s │ 1.587 Gitem/s │ 1.806 Gitem/s │ 1.805 Gitem/s │         │
2026-09-22T19:14:19.9969060Z 
2026-09-22T19:14:19.9973491Z Done running take_primitive
2026-09-22T19:14:19.9973788Z Running vortex-array compare
2026-09-22T19:14:19.9999904Z Timer precision: 29 ns
2026-09-22T19:14:20.0000581Z compare                             fastest       │ slowest       │ median        │ mean          │ samples │ iters
2026-09-22T19:14:20.0821579Z ├─ neon::compare_f32_neon           5.657 µs      │ 72.73 µs      │ 6.206 µs      │ 6.31 µs       │ 1000    │ 1000
2026-09-22T19:14:20.0822303Z │                                   1.447 Gitem/s │ 112.6 Mitem/s │ 1.319 Gitem/s │ 1.298 Gitem/s │         │
2026-09-22T19:14:20.1609719Z ├─ neon::compare_float_neon         8.336 µs      │ 16.88 µs      │ 8.984 µs      │ 9.063 µs      │ 1000    │ 1000
2026-09-22T19:14:20.1610355Z │                                   982.6 Mitem/s │ 485 Mitem/s   │ 911.7 Mitem/s │ 903.8 Mitem/s │         │
2026-09-22T19:14:20.2353445Z ├─ neon::compare_int_constant_neon  4.141 µs      │ 19.51 µs      │ 4.333 µs      │ 4.42 µs       │ 1000    │ 1000
2026-09-22T19:14:20.2354488Z │                                   1.977 Gitem/s │ 419.8 Mitem/s │ 1.89 Gitem/s  │ 1.853 Gitem/s │         │
2026-09-22T19:14:20.3144812Z ├─ neon::compare_int_eq_neon        4.608 µs      │ 15.97 µs      │ 5.1 µs        │ 5.158 µs      │ 1000    │ 1000
2026-09-22T19:14:20.3145765Z │                                   1.777 Gitem/s │ 512.9 Mitem/s │ 1.606 Gitem/s │ 1.588 Gitem/s │         │
2026-09-22T19:14:20.3899408Z ├─ neon::compare_int_neon           4.603 µs      │ 10.56 µs      │ 5.073 µs      │ 5.116 µs      │ 1000    │ 1000
2026-09-22T19:14:20.3900154Z │                                   1.779 Gitem/s │ 775 Mitem/s   │ 1.614 Gitem/s │ 1.601 Gitem/s │         │
2026-09-22T19:14:20.4657079Z ├─ neon::compare_int_nullable_neon  5.1 µs        │ 17.37 µs      │ 5.55 µs       │ 5.636 µs      │ 1000    │ 1000
2026-09-22T19:14:20.4657866Z │                                   1.606 Gitem/s │ 471.5 Mitem/s │ 1.475 Gitem/s │ 1.453 Gitem/s │         │
2026-09-22T19:14:20.5397292Z ├─ neon::compare_u8_neon            3.877 µs      │ 9.948 µs      │ 4.029 µs      │ 4.093 µs      │ 1000    │ 1000
2026-09-22T19:14:20.5398293Z │                                   2.112 Gitem/s │ 823.4 Mitem/s │ 2.032 Gitem/s │ 2.001 Gitem/s │         │
2026-09-22T19:14:20.6145734Z ╰─ neon::compare_u64_neon           4.606 µs      │ 10.95 µs      │ 5.117 µs      │ 5.157 µs      │ 1000    │ 1000
2026-09-22T19:14:20.6146880Z                                     1.778 Gitem/s │ 747.8 Mitem/s │ 1.6 Gitem/s   │ 1.588 Gitem/s │         │
2026-09-22T19:14:20.6147484Z 
2026-09-22T19:14:20.6150798Z Done running compare
2026-09-22T19:14:20.6151093Z Running vortex-array binary_ops
2026-09-22T19:14:20.6181235Z binary_ops                             fastest       │ slowest       │ median        │ mean          │ samples │ iters
2026-09-22T19:14:20.6182186Z Timer precision: 29 ns
2026-09-22T19:14:20.6182656Z ├─ neon::add_constant_shapes_neon                    │               │               │               │         │
2026-09-22T19:14:20.7108949Z │  ├─ (32768, ConstantPerRow)          16.06 µs      │ 88.55 µs      │ 16.89 µs      │ 17.18 µs      │ 1000    │ 1000
2026-09-22T19:14:20.7109982Z │  │                                   2.04 Gitem/s  │ 370 Mitem/s   │ 1.939 Gitem/s │ 1.907 Gitem/s │         │
2026-09-22T19:14:20.8004089Z │  ├─ (32768, PerRowConstant)          16.01 µs      │ 24.19 µs      │ 16.95 µs      │ 17.16 µs      │ 1000    │ 1000
2026-09-22T19:14:20.8005210Z │  │                                   2.046 Gitem/s │ 1.354 Gitem/s │ 1.932 Gitem/s │ 1.909 Gitem/s │         │
2026-09-22T19:14:20.8899826Z │  ╰─ (32768, PerRowNullableConstant)  16.72 µs      │ 32.36 µs      │ 17.81 µs      │ 18.02 µs      │ 1000    │ 1000
2026-09-22T19:14:20.8900498Z │                                      1.959 Gitem/s │ 1.012 Gitem/s │ 1.839 Gitem/s │ 1.817 Gitem/s │         │
2026-09-22T19:14:20.9792175Z ├─ neon::add_i32_nonnull_neon          16.94 µs      │ 29.72 µs      │ 18.65 µs      │ 18.78 µs      │ 1000    │ 1000
2026-09-22T19:14:20.9793309Z │                                      3.868 Gitem/s │ 2.204 Gitem/s │ 3.513 Gitem/s │ 3.488 Gitem/s │         │
2026-09-22T19:14:21.0690795Z ├─ neon::add_i64_nonnull_neon          17.32 µs      │ 24.38 µs      │ 18.51 µs      │ 18.79 µs      │ 1000    │ 1000
2026-09-22T19:14:21.0691552Z │                                      1.89 Gitem/s  │ 1.343 Gitem/s │ 1.769 Gitem/s │ 1.743 Gitem/s │         │
2026-09-22T19:14:21.1633148Z ├─ neon::add_i64_nullable_neon         19.58 µs      │ 56.67 µs      │ 21.03 µs      │ 21.54 µs      │ 1000    │ 1000
2026-09-22T19:14:21.1633968Z │                                      1.673 Gitem/s │ 578.1 Mitem/s │ 1.558 Gitem/s │ 1.52 Gitem/s  │         │
2026-09-22T19:14:21.1635213Z ├─ neon::add_shapes_neon                             │               │               │               │         │
2026-09-22T19:14:21.2528600Z │  ╰─ (32768, PerRowPerRow)            17.24 µs      │ 27.94 µs      │ 18.7 µs       │ 18.83 µs      │ 1000    │ 1000
2026-09-22T19:14:21.2529692Z │                                      1.9 Gitem/s   │ 1.172 Gitem/s │ 1.752 Gitem/s │ 1.739 Gitem/s │         │
2026-09-22T19:14:21.3388397Z ├─ neon::add_u32_nonnull_neon          13.15 µs      │ 31.74 µs      │ 14.46 µs      │ 14.67 µs      │ 1000    │ 1000
2026-09-22T19:14:21.3389048Z │                                      4.98 Gitem/s  │ 2.064 Gitem/s │ 4.529 Gitem/s │ 4.464 Gitem/s │         │
2026-09-22T19:14:21.5160304Z ├─ neon::div_i64_nonnull_neon          102.4 µs      │ 129.6 µs      │ 102.9 µs      │ 104 µs        │ 1000    │ 1000
2026-09-22T19:14:21.5160959Z │                                      319.8 Mitem/s │ 252.7 Mitem/s │ 318.3 Mitem/s │ 314.8 Mitem/s │         │
2026-09-22T19:14:21.6523490Z ├─ neon::div_i64_nullable_neon         60.96 µs      │ 105 µs        │ 62.26 µs      │ 63.32 µs      │ 1000    │ 1000
2026-09-22T19:14:21.6524349Z │                                      537.4 Mitem/s │ 312 Mitem/s   │ 526.2 Mitem/s │ 517.4 Mitem/s │         │
2026-09-22T19:14:21.7275172Z ├─ neon::lt_i64_nullable_neon          3.572 µs      │ 30.1 µs       │ 3.778 µs      │ 3.862 µs      │ 1000    │ 1000
2026-09-22T19:14:21.7275831Z │                                      1.146 Gitem/s │ 136 Mitem/s   │ 1.083 Gitem/s │ 1.06 Gitem/s  │         │
2026-09-22T19:14:21.8262212Z ├─ neon::mul_i8_nonnull_neon           25.27 µs      │ 46.4 µs       │ 26.29 µs      │ 26.69 µs      │ 1000    │ 1000
2026-09-22T19:14:21.8262854Z │                                      10.37 Gitem/s │ 5.649 Gitem/s │ 9.97 Gitem/s  │ 9.819 Gitem/s │         │
2026-09-22T19:14:21.9235398Z ├─ neon::mul_i16_nonnull_neon          23.88 µs      │ 34.41 µs      │ 25 µs         │ 25.3 µs       │ 1000    │ 1000
2026-09-22T19:14:21.9236069Z │                                      5.487 Gitem/s │ 3.808 Gitem/s │ 5.241 Gitem/s │ 5.179 Gitem/s │         │
2026-09-22T19:14:22.0197882Z ├─ neon::mul_i32_nonnull_neon          23.11 µs      │ 33.66 µs      │ 24.39 µs      │ 24.58 µs      │ 1000    │ 1000
2026-09-22T19:14:22.0198558Z │                                      2.834 Gitem/s │ 1.946 Gitem/s │ 2.686 Gitem/s │ 2.665 Gitem/s │         │
2026-09-22T19:14:22.1206643Z ├─ neon::mul_i32_nullable_neon         25.31 µs      │ 38.12 µs      │ 26.98 µs      │ 27.43 µs      │ 1000    │ 1000
2026-09-22T19:14:22.1207300Z │                                      2.589 Gitem/s │ 1.718 Gitem/s │ 2.428 Gitem/s │ 2.388 Gitem/s │         │
2026-09-22T19:14:22.2325816Z ├─ neon::mul_i64_nonnull_neon          38.37 µs      │ 47.31 µs      │ 38.81 µs      │ 39.42 µs      │ 1000    │ 1000
2026-09-22T19:14:22.2326478Z │                                      853.7 Mitem/s │ 692.5 Mitem/s │ 844.1 Mitem/s │ 831 Mitem/s   │         │
2026-09-22T19:14:22.3275069Z ├─ neon::mul_u8_nonnull_neon           18.73 µs      │ 35.71 µs      │ 20.33 µs      │ 20.58 µs      │ 1000    │ 1000
2026-09-22T19:14:22.3275728Z │                                      13.99 Gitem/s │ 7.338 Gitem/s │ 12.89 Gitem/s │ 12.73 Gitem/s │         │
2026-09-22T19:14:22.4189947Z ├─ neon::mul_u16_nonnull_neon          17.67 µs      │ 26.21 µs      │ 18.76 µs      │ 19.04 µs      │ 1000    │ 1000
2026-09-22T19:14:22.4190772Z │                                      7.415 Gitem/s │ 4.999 Gitem/s │ 6.984 Gitem/s │ 6.88 Gitem/s  │         │
2026-09-22T19:14:22.5101039Z ├─ neon::mul_u32_nonnull_neon          17.76 µs      │ 28.58 µs      │ 18.94 µs      │ 19.26 µs      │ 1000    │ 1000
2026-09-22T19:14:22.5101879Z │                                      3.688 Gitem/s │ 2.292 Gitem/s │ 3.458 Gitem/s │ 3.401 Gitem/s │         │
2026-09-22T19:14:22.6236639Z ├─ neon::mul_u64_nonnull_neon          39.12 µs      │ 54.37 µs      │ 40.81 µs      │ 41.43 µs      │ 1000    │ 1000
2026-09-22T19:14:22.6237776Z │                                      837.6 Mitem/s │ 602.6 Mitem/s │ 802.8 Mitem/s │ 790.7 Mitem/s │         │
2026-09-22T19:14:22.6238635Z ├─ neon::multiply_shapes_neon                        │               │               │               │         │
2026-09-22T19:14:22.7351649Z │  ╰─ (32768, PerRowPerRow)            38.34 µs      │ 47.05 µs      │ 38.69 µs      │ 39.23 µs      │ 1000    │ 1000
2026-09-22T19:14:22.7352520Z │                                      854.6 Mitem/s │ 696.3 Mitem/s │ 846.8 Mitem/s │ 835.2 Mitem/s │         │
2026-09-22T19:14:22.7353393Z ╰─ neon::subtract_shapes_neon                        │               │               │               │         │
2026-09-22T19:14:22.8248911Z    ╰─ (32768, PerRowPerRow)            17.37 µs      │ 26.84 µs      │ 18.82 µs      │ 19 µs         │ 1000    │ 1000
2026-09-22T19:14:22.8249873Z                                        1.886 Gitem/s │ 1.22 Gitem/s  │ 1.741 Gitem/s │ 1.724 Gitem/s │         │
2026-09-22T19:14:22.8250291Z 
2026-09-22T19:14:22.8268637Z Done running binary_ops
2026-09-22T19:14:22.8268932Z Running vortex-array scalar_subtract
2026-09-22T19:14:22.8286284Z Timer precision: 29 ns
2026-09-22T19:14:22.8286770Z scalar_subtract                fastest       │ slowest       │ median        │ mean          │ samples │ iters
2026-09-22T19:14:22.9207596Z ╰─ neon::scalar_subtract_neon  12.7 µs       │ 113.7 µs      │ 13.8 µs       │ 14.58 µs      │ 1000    │ 1000
2026-09-22T19:14:22.9208037Z 
2026-09-22T19:14:22.9212109Z Done running scalar_subtract
2026-09-22T19:14:22.9212409Z Running vortex-buffer collect_bool
2026-09-22T19:14:22.9236076Z Timer precision: 29 ns
2026-09-22T19:14:22.9236569Z collect_bool                         fastest       │ slowest       │ median        │ mean          │ samples │ iters
2026-09-22T19:14:22.9237246Z ╰─ neon::words_gather_dispatch_neon                │               │               │               │         │
2026-09-22T19:14:23.0028411Z    ├─ 65536                          2.052 µs      │ 5.341 µs      │ 2.081 µs      │ 2.108 µs      │ 1000    │ 2000
2026-09-22T19:14:23.1055124Z    ╰─ 1048576                        29.78 µs      │ 38.64 µs      │ 30.44 µs      │ 30.74 µs      │ 1000    │ 1000
2026-09-22T19:14:23.1058716Z Done running collect_bool
2026-09-22T19:14:23.1058883Z 
2026-09-22T19:14:23.1059171Z Running vortex-compute lane_kernels
2026-09-22T19:14:23.1084072Z Timer precision: 29 ns
2026-09-22T19:14:23.1084615Z lane_kernels                           fastest       │ slowest       │ median        │ mean          │ samples │ iters
2026-09-22T19:14:23.1085420Z ╰─ neon::lanezip_checked_add_u32_neon                │               │               │               │         │
2026-09-22T19:14:23.2099155Z    ╰─ 65536                            21.51 µs      │ 32.63 µs      │ 22.44 µs      │ 22.7 µs       │ 1000    │ 1000
2026-09-22T19:14:23.2099614Z 
2026-09-22T19:14:23.2103235Z Done running lane_kernels
2026-09-22T19:14:23.2103640Z Running vortex-decimal-byte-parts dbp_assemble
2026-09-22T19:14:23.2128808Z Timer precision: 29 ns
2026-09-22T19:14:23.2129420Z dbp_assemble                                  fastest       │ slowest       │ median        │ mean          │ samples │ iters
2026-09-22T19:14:23.2130243Z ├─ neon::dbp_assemble_kernel_narrow_msp_neon                │               │               │               │         │
2026-09-22T19:14:23.2916588Z │  ├─ (I128, 1024)                            483.8 ns      │ 7.897 µs      │ 494.6 ns      │ 506.8 ns      │ 1000    │ 8000
2026-09-22T19:14:23.3678151Z │  ├─ (I128, 8192)                            3.79 µs       │ 9.237 µs      │ 4.123 µs      │ 4.136 µs      │ 1000    │ 1000
2026-09-22T19:14:23.4379680Z │  ├─ (I256, 1024)                            944.6 ns      │ 4.562 µs      │ 977.6 ns      │ 1 µs          │ 1000    │ 1000
2026-09-22T19:14:23.5156896Z │  ╰─ (I256, 8192)                            6.666 µs      │ 34.27 µs      │ 6.82 µs       │ 6.972 µs      │ 1000    │ 1000
2026-09-22T19:14:23.5158156Z ╰─ neon::dbp_assemble_kernel_neon                           │               │               │               │         │
2026-09-22T19:14:23.5890898Z    ├─ (I128, 1024)                            407.3 ns      │ 1.068 µs      │ 458.4 ns      │ 460.9 ns      │ 1000    │ 8000
2026-09-22T19:14:23.6647658Z    ├─ (I128, 8192)                            3.417 µs      │ 8.14 µs       │ 4.062 µs      │ 4.037 µs      │ 1000    │ 1000
2026-09-22T19:14:23.7388663Z    ├─ (I256, 1024)                            908.1 ns      │ 2.201 µs      │ 921.6 ns      │ 936.4 ns      │ 1000    │ 4000
2026-09-22T19:14:23.8183038Z    ╰─ (I256, 8192)                            6.801 µs      │ 11.63 µs      │ 6.999 µs      │ 7.127 µs      │ 1000    │ 1000
2026-09-22T19:14:23.8183756Z 
2026-09-22T19:14:23.8187229Z Done running dbp_assemble
2026-09-22T19:14:23.8187599Z Running vortex-decimal-byte-parts dbp_split
2026-09-22T19:14:23.8213199Z Timer precision: 29 ns
2026-09-22T19:14:23.8213667Z dbp_split                                  fastest       │ slowest       │ median        │ mean          │ samples │ iters
2026-09-22T19:14:23.8215097Z ├─ neon::dbp_split_kernel_all_valid_neon                 │               │               │               │         │
2026-09-22T19:14:23.9001639Z │  ├─ (I128, 1024)                         546.6 ns      │ 1.234 µs      │ 571.3 ns      │ 578.8 ns      │ 1000    │ 4000
2026-09-22T19:14:23.9751554Z │  ├─ (I128, 8192)                         3.193 µs      │ 8.052 µs      │ 3.541 µs      │ 3.559 µs      │ 1000    │ 1000
2026-09-22T19:14:24.0494932Z │  ├─ (I256, 1024)                         1.461 µs      │ 9.58 µs       │ 1.653 µs      │ 1.67 µs       │ 1000    │ 2000
2026-09-22T19:14:24.1304407Z │  ╰─ (I256, 8192)                         8.148 µs      │ 15.63 µs      │ 8.992 µs      │ 9.107 µs      │ 1000    │ 1000
2026-09-22T19:14:24.1305226Z ╰─ neon::dbp_split_kernel_mixed_null_neon                │               │               │               │         │
2026-09-22T19:14:24.2025731Z    ├─ (I128, 1024)                         1.136 µs      │ 2.878 µs      │ 1.17 µs       │ 1.184 µs      │ 1000    │ 2000
2026-09-22T19:14:24.2816721Z    ├─ (I128, 8192)                         7.872 µs      │ 12.53 µs      │ 8.49 µs       │ 8.584 µs      │ 1000    │ 1000
2026-09-22T19:14:24.3536393Z    ├─ (I256, 1024)                         2.171 µs      │ 6.906 µs      │ 2.28 µs       │ 2.319 µs      │ 1000    │ 1000
2026-09-22T19:14:24.4369571Z    ╰─ (I256, 8192)                         12.01 µs      │ 19.67 µs      │ 12.9 µs       │ 13.04 µs      │ 1000    │ 1000
2026-09-22T19:14:24.4369955Z 
2026-09-22T19:14:24.4375069Z Done running dbp_split
2026-09-22T19:14:24.4375434Z Finished running 10 benchmark suite(s)
2026-09-22T19:14:24.6217061Z Symbolicating...
2026-09-22T19:14:27.4784486Z ##[endgroup]
2026-09-22T19:14:27.4785352Z ##[group]Uploading results
2026-09-22T19:14:30.7827980Z Performance data uploaded
2026-09-22T19:14:30.7828578Z Linked repository: vortex-data/vortex
2026-09-22T19:14:30.7829463Z ##[endgroup]
2026-09-22T19:14:30.7865910Z ##[end-action id=__CodSpeedHQ_action.__run_2;outcome=success;conclusion=success;duration_ms=21157]
2026-09-22T19:14:30.8035058Z Post job cleanup.
2026-09-22T19:14:30.8038647Z ##[start-action display=Cache CodSpeed instruments;id=__f1b66b44-5e69-477a-9584-f82074736a7e.__actions_cache]
2026-09-22T19:14:30.8073357Z Post job cleanup.
2026-09-22T19:14:30.9283643Z [warning]Path Validation Error: Path(s) specified in the action for caching do(es) not exist, hence no cache is being saved.
2026-09-22T19:14:30.9336702Z ##[end-action id=__f1b66b44-5e69-477a-9584-f82074736a7e.__actions_cache;outcome=success;conclusion=success;duration_ms=129]
2026-09-22T19:14:30.9489131Z Post job cleanup.
2026-09-22T19:14:30.9492179Z ##[start-action display=Restore Cache;id=__a395cde8-59f9-4821-820a-f52e7866b06b.cache]
2026-09-22T19:14:30.9526094Z Post job cleanup.
2026-09-22T19:14:31.0746330Z Cache hit occurred on the primary key cargo-codspeed-5.0.2-aarch64-linux-gnu-2.39-features-default-no-default-features-false-all-features-false, not saving cache.
2026-09-22T19:14:31.0801268Z ##[end-action id=__a395cde8-59f9-4821-820a-f52e7866b06b.cache;outcome=success;conclusion=success;duration_ms=130]
2026-09-22T19:14:31.0945088Z Post job cleanup.
2026-09-22T19:14:31.1029096Z Post job cleanup.
2026-09-22T19:14:31.1817540Z [command]/usr/bin/git version
2026-09-22T19:14:31.1865413Z git version 2.55.0
2026-09-22T19:14:31.1928652Z Temporarily overriding HOME='/home/runner/_work/_temp/4927faea-8bdd-460e-84eb-c15f224b514d' before making global git config changes
2026-09-22T19:14:31.1929532Z Adding repository directory to the temporary git global config as a safe directory
2026-09-22T19:14:31.1938633Z [command]/usr/bin/git config --global --add safe.directory /home/runner/_work/vortex/vortex
2026-09-22T19:14:31.1977922Z Removing SSH command configuration
2026-09-22T19:14:31.1985803Z [command]/usr/bin/git config --local --name-only --get-regexp core\.sshCommand
2026-09-22T19:14:31.2027466Z [command]/usr/bin/git submodule foreach --recursive sh -c "git config --local --name-only --get-regexp 'core\.sshCommand' && git config --local --unset-all 'core.sshCommand' || :"
2026-09-22T19:14:31.2214484Z Removing HTTP extra header
2026-09-22T19:14:31.2215270Z [command]/usr/bin/git config --local --name-only --get-regexp http\.https\:\/\/github\.com\/\.extraheader
2026-09-22T19:14:31.2244127Z [command]/usr/bin/git submodule foreach --recursive sh -c "git config --local --name-only --get-regexp 'http\.https\:\/\/github\.com\/\.extraheader' && git config --local --unset-all 'http.https://github.com/.extraheader' || :"
2026-09-22T19:14:31.2417757Z Removing includeIf entries pointing to credentials config files
2026-09-22T19:14:31.2430673Z [command]/usr/bin/git config --local --name-only --get-regexp ^includeIf\.gitdir:
2026-09-22T19:14:31.2444052Z includeif.gitdir:/home/runner/_work/vortex/vortex/.git.path
2026-09-22T19:14:31.2453426Z includeif.gitdir:/home/runner/_work/vortex/vortex/.git/worktrees/*.path
2026-09-22T19:14:31.2454504Z includeif.gitdir:/github/workspace/.git.path
2026-09-22T19:14:31.2455285Z includeif.gitdir:/github/workspace/.git/worktrees/*.path
2026-09-22T19:14:31.2456794Z [command]/usr/bin/git config --local --get-all includeif.gitdir:/home/runner/_work/vortex/vortex/.git.path
2026-09-22T19:14:31.2476420Z /home/runner/_work/_temp/git-credentials-d6a7cc44-7216-4445-96ed-a6d2c87a6645.config
2026-09-22T19:14:31.2487029Z [command]/usr/bin/git config --local --unset includeif.gitdir:/home/runner/_work/vortex/vortex/.git.path \/home\/runner\/_work\/_temp\/git\-credentials\-d6a7cc44\-7216\-4445\-96ed\-a6d2c87a6645\.config
2026-09-22T19:14:31.2530773Z [command]/usr/bin/git config --local --get-all includeif.gitdir:/home/runner/_work/vortex/vortex/.git/worktrees/*.path
2026-09-22T19:14:31.2542773Z /home/runner/_work/_temp/git-credentials-d6a7cc44-7216-4445-96ed-a6d2c87a6645.config
2026-09-22T19:14:31.2553777Z [command]/usr/bin/git config --local --unset includeif.gitdir:/home/runner/_work/vortex/vortex/.git/worktrees/*.path \/home\/runner\/_work\/_temp\/git\-credentials\-d6a7cc44\-7216\-4445\-96ed\-a6d2c87a6645\.config
2026-09-22T19:14:31.2605788Z [command]/usr/bin/git config --local --get-all includeif.gitdir:/github/workspace/.git.path
2026-09-22T19:14:31.2626683Z /github/runner_temp/git-credentials-d6a7cc44-7216-4445-96ed-a6d2c87a6645.config
2026-09-22T19:14:31.2634440Z [command]/usr/bin/git config --local --unset includeif.gitdir:/github/workspace/.git.path \/github\/runner_temp\/git\-credentials\-d6a7cc44\-7216\-4445\-96ed\-a6d2c87a6645\.config
2026-09-22T19:14:31.2675989Z [command]/usr/bin/git config --local --get-all includeif.gitdir:/github/workspace/.git/worktrees/*.path
2026-09-22T19:14:31.2701157Z /github/runner_temp/git-credentials-d6a7cc44-7216-4445-96ed-a6d2c87a6645.config
2026-09-22T19:14:31.2712438Z [command]/usr/bin/git config --local --unset includeif.gitdir:/github/workspace/.git/worktrees/*.path \/github\/runner_temp\/git\-credentials\-d6a7cc44\-7216\-4445\-96ed\-a6d2c87a6645\.config
2026-09-22T19:14:31.2750515Z [command]/usr/bin/git submodule foreach --recursive git config --local --show-origin --name-only --get-regexp remote.origin.url
2026-09-22T19:14:31.2931614Z Removing credentials config '/home/runner/_work/_temp/git-credentials-d6a7cc44-7216-4445-96ed-a6d2c87a6645.config'
2026-09-22T19:14:31.3072906Z Post job cleanup.
2026-09-22T19:14:31.3725283Z Running post-execution phase...
2026-09-22T19:14:31.3725943Z Input 'show_env': false
2026-09-22T19:14:31.3726667Z Input 'show_costs': inline
2026-09-22T19:14:31.3727368Z Input 'metrics': []
2026-09-22T19:14:31.3728075Z Input 'network_interface': enp39s0
2026-09-22T19:14:31.3728920Z Input 'disk_device': nvme0n1p1
2026-09-22T19:14:31.3729592Z Input 'sccache': 
2026-09-22T19:14:31.3730014Z Input 'sticky_cache': []
2026-09-22T19:14:31.3730445Z Input 'sticky_wait_timeout': 15m0s
2026-09-22T19:14:31.3731544Z ZCTIONS_RESULTS_URL is set: https://results-receiver.actions.githubusercontent.com/
2026-09-22T19:14:31.3732584Z ZCTIONS_CACHE_URL is set: https://acghubeus1.actions.githubusercontent.com/XtqVEj2MXQCbzj6x6n8CMomnIjyhqqRNuSgameoSnKmgcNZw2F/
2026-09-22T19:14:31.3733457Z ACTIONS_RUNTIME_TOKEN is set.
2026-09-22T19:14:31.4277078Z Mapped zone name us-east-1b to zone ID use1-az1
2026-09-22T19:14:31.6489916Z ## Execution Cost Summary
2026-09-22T19:14:31.6506390Z 
2026-09-22T19:14:31.6506699Z | metric                 | value           |
2026-09-22T19:14:31.6507308Z | ---------------------- | --------------- |
2026-09-22T19:14:31.6507837Z | Instance Type          | c7g.metal       |
2026-09-22T19:14:31.6508372Z | Instance Lifecycle     | spot            |
2026-09-22T19:14:31.6508859Z | Region                 | us-east-1       |
2026-09-22T19:14:31.6509328Z | Platform               | Linux/UNIX      |
2026-09-22T19:14:31.6510466Z | Arch                   | arm64           |
2026-09-22T19:14:31.6512046Z | Az                     | us-east-1b      |
2026-09-22T19:14:31.6512574Z | Zone ID                | use1-az1        |
2026-09-22T19:14:31.6513048Z | Duration               | 1.78 minutes    |
2026-09-22T19:14:31.6513538Z | Cost                   | $0.0197         |
2026-09-22T19:14:31.6513999Z | GitHub equivalent cost | $0.1960         |
2026-09-22T19:14:31.6514455Z | Savings                | $0.1763 (89.9%) |
2026-09-22T19:14:31.6514985Z 
2026-09-22T19:14:31.6515316Z Post-execution phase finished.
2026-09-22T19:14:31.6548305Z A job completed hook has been configured by the self-hosted runner administrator
2026-09-22T19:14:31.6581256Z ##[group]Run '/runs-on/post.sh'
2026-09-22T19:14:31.6602588Z shell: /usr/bin/bash --noprofile --norc -e -o pipefail {0}
2026-09-22T19:14:31.6602958Z ##[endgroup]
2026-09-22T19:14:31.6655249Z Thanks for using RunsOn!
2026-09-22T19:14:31.6672456Z 
2026-09-22T19:14:31.6705272Z 📊 Job Metrics
2026-09-22T19:14:31.9960324Z Error visualizing metrics: failed to parse metrics file: error reading file: bufio.Scanner: token too long
2026-09-22T19:14:31.9960930Z Metrics visualization unavailable
2026-09-22T19:14:32.4578269Z 📤 metrics.jsonl uploaded (604107 bytes) to s3://runs-on-v3-s3bucketcache-dbnub4tpjhpv/cache/metrics/v1/vortex-data/vortex/35772035049/bench-codspeed-cpu-features/i-020621f2ed58187fb/metrics.jsonl
2026-09-22T19:14:32.4663526Z Cleaning up orphan processes
