case,rows,sample,iterations,ns
error_construct_drop,0,0,65536,45.128
error_construct_drop,0,1,65536,51.423
error_construct_drop,0,2,65536,53.462
error_construct_drop,0,3,65536,51.065
error_construct_drop,0,4,65536,27.091
error_construct_drop,0,5,65536,22.161
error_construct_drop,0,6,65536,30.802
error_construct_drop,0,7,65536,24.855
error_construct_drop,0,8,65536,24.635
error_construct_drop,0,9,65536,24.061
error_construct_drop,0,10,65536,22.474
error_construct_drop,0,11,65536,33.424
utf8_decode_inline,0,0,16384,115.735
utf8_decode_inline,0,1,16384,132.909
utf8_decode_inline,0,2,16384,102.468
utf8_decode_inline,0,3,16384,133.575
utf8_decode_inline,0,4,16384,137.647
utf8_decode_inline,0,5,16384,125.476
utf8_decode_inline,0,6,16384,121.508
utf8_decode_inline,0,7,16384,123.116
utf8_decode_inline,0,8,16384,121.498
utf8_decode_inline,0,9,16384,118.530
utf8_decode_inline,0,10,16384,122.345
utf8_decode_inline,0,11,16384,113.235
utf8_decode_external,0,0,32768,97.127
utf8_decode_external,0,1,32768,95.523
utf8_decode_external,0,2,32768,90.736
utf8_decode_external,0,3,32768,91.404
utf8_decode_external,0,4,32768,89.595
utf8_decode_external,0,5,32768,86.468
utf8_decode_external,0,6,32768,91.370
utf8_decode_external,0,7,32768,82.315
utf8_decode_external,0,8,32768,86.137
utf8_decode_external,0,9,32768,94.533
utf8_decode_external,0,10,32768,84.799
utf8_decode_external,0,11,32768,87.475
invocation_rowfn,0,0,16384,191.948
invocation_rowfn,0,1,16384,180.883
invocation_rowfn,0,2,16384,184.586
invocation_rowfn,0,3,16384,195.254
invocation_rowfn,0,4,16384,177.635
invocation_rowfn,0,5,16384,184.840
invocation_rowfn,0,6,16384,195.066
invocation_rowfn,0,7,16384,183.927
invocation_rowfn,0,8,16384,188.993
invocation_rowfn,0,9,16384,194.005
invocation_rowfn,0,10,16384,186.083
invocation_rowfn,0,11,16384,196.749
invocation_fresh_args,0,0,16384,194.873
invocation_fresh_args,0,1,16384,196.843
invocation_fresh_args,0,2,16384,195.653
invocation_fresh_args,0,3,16384,197.049
invocation_fresh_args,0,4,16384,193.321
invocation_fresh_args,0,5,16384,202.573
invocation_fresh_args,0,6,16384,185.806
invocation_fresh_args,0,7,16384,191.035
invocation_fresh_args,0,8,16384,193.624
invocation_fresh_args,0,9,16384,190.760
invocation_fresh_args,0,10,16384,200.854
invocation_fresh_args,0,11,16384,193.166
invocation_direct_collector,0,0,32768,66.291
invocation_direct_collector,0,1,32768,63.347
invocation_direct_collector,0,2,32768,61.653
invocation_direct_collector,0,3,32768,62.738
invocation_direct_collector,0,4,32768,61.642
invocation_direct_collector,0,5,32768,62.647
invocation_direct_collector,0,6,32768,61.016
invocation_direct_collector,0,7,32768,63.202
invocation_direct_collector,0,8,32768,64.551
invocation_direct_collector,0,9,32768,60.593
invocation_direct_collector,0,10,32768,61.320
invocation_direct_collector,0,11,32768,64.020
invocation_direct_iterator,0,0,32768,62.403
invocation_direct_iterator,0,1,32768,64.332
invocation_direct_iterator,0,2,32768,65.486
invocation_direct_iterator,0,3,32768,65.805
invocation_direct_iterator,0,4,32768,62.946
invocation_direct_iterator,0,5,32768,63.650
invocation_direct_iterator,0,6,32768,65.770
invocation_direct_iterator,0,7,32768,59.383
invocation_direct_iterator,0,8,32768,59.956
invocation_direct_iterator,0,9,32768,64.329
invocation_direct_iterator,0,10,32768,65.111
invocation_direct_iterator,0,11,32768,61.560
invocation_clone_drop,0,0,1048576,3.510
invocation_clone_drop,0,1,1048576,3.593
invocation_clone_drop,0,2,1048576,3.490
invocation_clone_drop,0,3,1048576,3.626
invocation_clone_drop,0,4,1048576,3.323
invocation_clone_drop,0,5,1048576,3.327
invocation_clone_drop,0,6,1048576,3.386
invocation_clone_drop,0,7,1048576,3.213
invocation_clone_drop,0,8,1048576,3.633
invocation_clone_drop,0,9,1048576,3.266
invocation_clone_drop,0,10,1048576,3.164
invocation_clone_drop,0,11,1048576,3.415
invocation_plan,0,0,262144,11.347
invocation_plan,0,1,262144,11.714
invocation_plan,0,2,262144,11.827
invocation_plan,0,3,262144,11.189
invocation_plan,0,4,262144,11.563
invocation_plan,0,5,262144,11.886
invocation_plan,0,6,262144,11.577
invocation_plan,0,7,262144,12.192
invocation_plan,0,8,262144,11.872
invocation_plan,0,9,262144,11.651
invocation_plan,0,10,262144,11.658
invocation_plan,0,11,262144,11.779
selected_valid_c0_plain,0,0,8192,472.224
selected_valid_c0_plain,0,1,8192,480.596
selected_valid_c0_plain,0,2,8192,497.732
selected_valid_c0_plain,0,3,8192,478.948
selected_valid_c0_plain,0,4,8192,479.284
selected_valid_c0_plain,0,5,8192,479.019
selected_valid_c0_plain,0,6,8192,482.859
selected_valid_c0_plain,0,7,8192,495.443
selected_valid_c0_plain,0,8,8192,466.568
selected_valid_c0_plain,0,9,8192,498.545
selected_valid_c0_plain,0,10,8192,481.628
selected_valid_c0_plain,0,11,8192,489.573
selected_valid_c0_multi,0,0,4096,487.630
selected_valid_c0_multi,0,1,4096,481.984
selected_valid_c0_multi,0,2,4096,493.866
selected_valid_c0_multi,0,3,4096,479.675
selected_valid_c0_multi,0,4,4096,486.196
selected_valid_c0_multi,0,5,4096,482.391
selected_valid_c0_multi,0,6,4096,480.336
selected_valid_c0_multi,0,7,4096,473.480
selected_valid_c0_multi,0,8,4096,487.895
selected_valid_c0_multi,0,9,4096,510.773
selected_valid_c0_multi,0,10,4096,453.776
selected_valid_c0_multi,0,11,4096,465.953
selected_filtered_c0_plain,0,0,4096,455.516
selected_filtered_c0_plain,0,1,4096,480.459
selected_filtered_c0_plain,0,2,4096,486.247
selected_filtered_c0_plain,0,3,4096,503.896
selected_filtered_c0_plain,0,4,4096,481.201
selected_filtered_c0_plain,0,5,4096,465.495
selected_filtered_c0_plain,0,6,4096,478.231
selected_filtered_c0_plain,0,7,4096,487.701
selected_filtered_c0_plain,0,8,4096,474.609
selected_filtered_c0_plain,0,9,4096,487.783
selected_filtered_c0_plain,0,10,4096,470.296
selected_filtered_c0_plain,0,11,4096,483.856
selected_filtered_c0_multi,0,0,8192,470.952
selected_filtered_c0_multi,0,1,8192,468.669
selected_filtered_c0_multi,0,2,8192,499.827
selected_filtered_c0_multi,0,3,8192,477.514
selected_filtered_c0_multi,0,4,8192,488.363
selected_filtered_c0_multi,0,5,8192,469.060
selected_filtered_c0_multi,0,6,8192,472.829
selected_filtered_c0_multi,0,7,8192,474.889
selected_filtered_c0_multi,0,8,8192,490.280
selected_filtered_c0_multi,0,9,8192,467.433
selected_filtered_c0_multi,0,10,8192,489.222
selected_filtered_c0_multi,0,11,8192,476.766
selected_valid_c1_plain,0,0,4096,614.766
selected_valid_c1_plain,0,1,4096,640.686
selected_valid_c1_plain,0,2,4096,642.812
selected_valid_c1_plain,0,3,4096,623.393
selected_valid_c1_plain,0,4,4096,623.444
selected_valid_c1_plain,0,5,4096,628.387
selected_valid_c1_plain,0,6,4096,642.588
selected_valid_c1_plain,0,7,4096,637.960
selected_valid_c1_plain,0,8,4096,663.503
selected_valid_c1_plain,0,9,4096,663.625
selected_valid_c1_plain,0,10,4096,630.280
selected_valid_c1_plain,0,11,4096,657.104
selected_valid_c1_multi,0,0,4096,640.727
selected_valid_c1_multi,0,1,4096,645.416
selected_valid_c1_multi,0,2,4096,628.194
selected_valid_c1_multi,0,3,4096,645.498
selected_valid_c1_multi,0,4,4096,681.437
selected_valid_c1_multi,0,5,4096,625.142
selected_valid_c1_multi,0,6,4096,657.043
selected_valid_c1_multi,0,7,4096,660.543
selected_valid_c1_multi,0,8,4096,643.667
selected_valid_c1_multi,0,9,4096,645.874
selected_valid_c1_multi,0,10,4096,669.495
selected_valid_c1_multi,0,11,4096,630.045
selected_filtered_c1_plain,0,0,4096,639.476
selected_filtered_c1_plain,0,1,4096,628.001
selected_filtered_c1_plain,0,2,4096,632.487
selected_filtered_c1_plain,0,3,4096,652.527
selected_filtered_c1_plain,0,4,4096,615.346
selected_filtered_c1_plain,0,5,4096,640.950
selected_filtered_c1_plain,0,6,4096,635.162
selected_filtered_c1_plain,0,7,4096,646.962
selected_filtered_c1_plain,0,8,4096,654.673
selected_filtered_c1_plain,0,9,4096,643.433
selected_filtered_c1_plain,0,10,4096,627.625
selected_filtered_c1_plain,0,11,4096,628.744
selected_filtered_c1_multi,0,0,4096,628.367
selected_filtered_c1_multi,0,1,4096,662.801
selected_filtered_c1_multi,0,2,4096,614.624
selected_filtered_c1_multi,0,3,4096,633.281
selected_filtered_c1_multi,0,4,4096,688.965
selected_filtered_c1_multi,0,5,4096,630.880
selected_filtered_c1_multi,0,6,4096,632.202
selected_filtered_c1_multi,0,7,4096,658.325
selected_filtered_c1_multi,0,8,4096,649.811
selected_filtered_c1_multi,0,9,4096,632.558
selected_filtered_c1_multi,0,10,4096,647.756
selected_filtered_c1_multi,0,11,4096,650.797
selected_valid_c2_plain,0,0,4096,680.674
selected_valid_c2_plain,0,1,4096,651.469
selected_valid_c2_plain,0,2,4096,658.752
selected_valid_c2_plain,0,3,4096,667.358
selected_valid_c2_plain,0,4,4096,634.379
selected_valid_c2_plain,0,5,4096,646.576
selected_valid_c2_plain,0,6,4096,680.593
selected_valid_c2_plain,0,7,4096,620.880
selected_valid_c2_plain,0,8,4096,655.121
selected_valid_c2_plain,0,9,4096,630.829
selected_valid_c2_plain,0,10,4096,609.050
selected_valid_c2_plain,0,11,4096,631.419
selected_valid_c2_multi,0,0,4096,629.700
selected_valid_c2_multi,0,1,4096,642.080
selected_valid_c2_multi,0,2,4096,680.084
selected_valid_c2_multi,0,3,4096,638.438
selected_valid_c2_multi,0,4,4096,661.204
selected_valid_c2_multi,0,5,4096,634.115
selected_valid_c2_multi,0,6,4096,620.107
selected_valid_c2_multi,0,7,4096,655.507
selected_valid_c2_multi,0,8,4096,654.633
selected_valid_c2_multi,0,9,4096,628.275
selected_valid_c2_multi,0,10,4096,654.042
selected_valid_c2_multi,0,11,4096,648.539
selected_filtered_c2_plain,0,0,4096,682.078
selected_filtered_c2_plain,0,1,4096,623.067
selected_filtered_c2_plain,0,2,4096,646.057
selected_filtered_c2_plain,0,3,4096,660.258
selected_filtered_c2_plain,0,4,4096,633.494
selected_filtered_c2_plain,0,5,4096,628.143
selected_filtered_c2_plain,0,6,4096,636.108
selected_filtered_c2_plain,0,7,4096,625.966
selected_filtered_c2_plain,0,8,4096,652.669
selected_filtered_c2_plain,0,9,4096,640.930
selected_filtered_c2_plain,0,10,4096,622.152
selected_filtered_c2_plain,0,11,4096,603.119
selected_filtered_c2_multi,0,0,4096,627.238
selected_filtered_c2_multi,0,1,4096,659.760
selected_filtered_c2_multi,0,2,4096,609.762
selected_filtered_c2_multi,0,3,4096,639.323
selected_filtered_c2_multi,0,4,4096,659.495
selected_filtered_c2_multi,0,5,4096,651.876
selected_filtered_c2_multi,0,6,4096,631.979
selected_filtered_c2_multi,0,7,4096,648.468
selected_filtered_c2_multi,0,8,4096,652.140
selected_filtered_c2_multi,0,9,4096,625.610
selected_filtered_c2_multi,0,10,4096,634.796
selected_filtered_c2_multi,0,11,4096,638.082
bool_dense_c0_plain,0,0,16384,247.141
bool_dense_c0_plain,0,1,16384,252.739
bool_dense_c0_plain,0,2,16384,237.958
bool_dense_c0_plain,0,3,16384,253.413
bool_dense_c0_plain,0,4,16384,240.072
bool_dense_c0_plain,0,5,16384,241.325
bool_dense_c0_plain,0,6,16384,249.029
bool_dense_c0_plain,0,7,16384,243.500
bool_dense_c0_plain,0,8,16384,251.470
bool_dense_c0_plain,0,9,16384,244.535
bool_dense_c0_plain,0,10,16384,260.445
bool_dense_c0_plain,0,11,16384,248.927
bool_dense_c0_multi,0,0,16384,237.885
bool_dense_c0_multi,0,1,16384,236.458
bool_dense_c0_multi,0,2,16384,257.029
bool_dense_c0_multi,0,3,16384,243.235
bool_dense_c0_multi,0,4,16384,249.975
bool_dense_c0_multi,0,5,16384,242.984
bool_dense_c0_multi,0,6,16384,243.843
bool_dense_c0_multi,0,7,16384,241.015
bool_dense_c0_multi,0,8,16384,240.987
bool_dense_c0_multi,0,9,16384,249.100
bool_dense_c0_multi,0,10,16384,250.717
bool_dense_c0_multi,0,11,16384,237.043
retry_dense,0,0,16384,238.434
retry_dense,0,1,16384,217.323
retry_dense,0,2,16384,221.728
retry_dense,0,3,16384,232.307
retry_dense,0,4,16384,224.401
retry_dense,0,5,16384,227.849
retry_dense,0,6,16384,225.703
retry_dense,0,7,16384,228.160
retry_dense,0,8,16384,228.025
retry_dense,0,9,16384,238.991
retry_dense,0,10,16384,221.273
retry_dense,0,11,16384,224.879
bool_dense_c1_plain,0,0,8192,416.941
bool_dense_c1_plain,0,1,8192,396.876
bool_dense_c1_plain,0,2,8192,415.604
bool_dense_c1_plain,0,3,8192,404.333
bool_dense_c1_plain,0,4,8192,408.295
bool_dense_c1_plain,0,5,8192,424.082
bool_dense_c1_plain,0,6,8192,403.605
bool_dense_c1_plain,0,7,8192,409.932
bool_dense_c1_plain,0,8,8192,415.054
bool_dense_c1_plain,0,9,8192,411.458
bool_dense_c1_plain,0,10,8192,420.258
bool_dense_c1_plain,0,11,8192,398.982
bool_dense_c1_multi,0,0,8192,406.662
bool_dense_c1_multi,0,1,8192,419.088
bool_dense_c1_multi,0,2,8192,399.236
bool_dense_c1_multi,0,3,8192,421.783
bool_dense_c1_multi,0,4,8192,405.813
bool_dense_c1_multi,0,5,8192,401.932
bool_dense_c1_multi,0,6,8192,401.749
bool_dense_c1_multi,0,7,8192,400.920
bool_dense_c1_multi,0,8,8192,406.113
bool_dense_c1_multi,0,9,8192,413.625
bool_dense_c1_multi,0,10,8192,398.402
bool_dense_c1_multi,0,11,8192,420.156
bool_dense_c2_plain,0,0,8192,401.031
bool_dense_c2_plain,0,1,8192,414.083
bool_dense_c2_plain,0,2,8192,410.670
bool_dense_c2_plain,0,3,8192,401.677
bool_dense_c2_plain,0,4,8192,428.335
bool_dense_c2_plain,0,5,8192,395.543
bool_dense_c2_plain,0,6,8192,400.116
bool_dense_c2_plain,0,7,8192,401.789
bool_dense_c2_plain,0,8,8192,388.468
bool_dense_c2_plain,0,9,8192,394.562
bool_dense_c2_plain,0,10,8192,396.891
bool_dense_c2_plain,0,11,8192,411.250
bool_dense_c2_multi,0,0,8192,403.051
bool_dense_c2_multi,0,1,8192,404.551
bool_dense_c2_multi,0,2,8192,401.622
bool_dense_c2_multi,0,3,8192,413.645
bool_dense_c2_multi,0,4,8192,391.459
bool_dense_c2_multi,0,5,8192,394.160
bool_dense_c2_multi,0,6,8192,400.106
bool_dense_c2_multi,0,7,8192,404.226
bool_dense_c2_multi,0,8,8192,404.215
bool_dense_c2_multi,0,9,8192,400.854
bool_dense_c2_multi,0,10,8192,400.925
bool_dense_c2_multi,0,11,8192,422.821
bool_partial_c0_plain,0,0,8192,458.613
bool_partial_c0_plain,0,1,8192,462.397
bool_partial_c0_plain,0,2,8192,474.538
bool_partial_c0_plain,0,3,8192,469.945
bool_partial_c0_plain,0,4,8192,437.205
bool_partial_c0_plain,0,5,8192,469.681
bool_partial_c0_plain,0,6,8192,462.519
bool_partial_c0_plain,0,7,8192,476.832
bool_partial_c0_plain,0,8,8192,466.390
bool_partial_c0_plain,0,9,8192,470.001
bool_partial_c0_plain,0,10,8192,471.130
bool_partial_c0_plain,0,11,8192,473.785
bool_partial_c0_multi,0,0,8192,462.723
bool_partial_c0_multi,0,1,8192,460.622
bool_partial_c0_multi,0,2,8192,474.075
bool_partial_c0_multi,0,3,8192,466.400
bool_partial_c0_multi,0,4,8192,458.689
bool_partial_c0_multi,0,5,8192,467.092
bool_partial_c0_multi,0,6,8192,477.936
bool_partial_c0_multi,0,7,8192,480.927
bool_partial_c0_multi,0,8,8192,460.353
bool_partial_c0_multi,0,9,8192,464.945
bool_partial_c0_multi,0,10,8192,472.026
bool_partial_c0_multi,0,11,8192,477.020
retry_partial,0,0,8192,423.365
retry_partial,0,1,8192,458.430
retry_partial,0,2,8192,428.548
retry_partial,0,3,8192,440.898
retry_partial,0,4,8192,448.608
retry_partial,0,5,8192,433.131
retry_partial,0,6,8192,432.755
retry_partial,0,7,8192,432.068
retry_partial,0,8,8192,431.173
retry_partial,0,9,8192,429.138
retry_partial,0,10,8192,442.215
retry_partial,0,11,8192,450.068
bool_partial_c1_plain,0,0,4096,628.255
bool_partial_c1_plain,0,1,4096,605.570
bool_partial_c1_plain,0,2,4096,616.526
bool_partial_c1_plain,0,3,4096,626.505
bool_partial_c1_plain,0,4,4096,634.552
bool_partial_c1_plain,0,5,4096,640.829
bool_partial_c1_plain,0,6,4096,628.357
bool_partial_c1_plain,0,7,4096,595.652
bool_partial_c1_plain,0,8,4096,610.982
bool_partial_c1_plain,0,9,4096,635.132
bool_partial_c1_plain,0,10,4096,645.935
bool_partial_c1_plain,0,11,4096,622.548
bool_partial_c1_multi,0,0,4096,637.034
bool_partial_c1_multi,0,1,4096,650.299
bool_partial_c1_multi,0,2,4096,659.149
bool_partial_c1_multi,0,3,4096,619.080
bool_partial_c1_multi,0,4,4096,646.454
bool_partial_c1_multi,0,5,4096,605.611
bool_partial_c1_multi,0,6,4096,628.387
bool_partial_c1_multi,0,7,4096,641.520
bool_partial_c1_multi,0,8,4096,659.261
bool_partial_c1_multi,0,9,4096,634.206
bool_partial_c1_multi,0,10,4096,646.932
bool_partial_c1_multi,0,11,4096,675.863
bool_partial_c2_plain,0,0,4096,650.075
bool_partial_c2_plain,0,1,4096,624.318
bool_partial_c2_plain,0,2,4096,625.468
bool_partial_c2_plain,0,3,4096,633.107
bool_partial_c2_plain,0,4,4096,619.629
bool_partial_c2_plain,0,5,4096,633.881
bool_partial_c2_plain,0,6,4096,645.121
bool_partial_c2_plain,0,7,4096,652.629
bool_partial_c2_plain,0,8,4096,625.631
bool_partial_c2_plain,0,9,4096,638.113
bool_partial_c2_plain,0,10,4096,644.297
bool_partial_c2_plain,0,11,4096,602.488
bool_partial_c2_multi,0,0,4096,621.633
bool_partial_c2_multi,0,1,4096,627.716
bool_partial_c2_multi,0,2,4096,632.833
bool_partial_c2_multi,0,3,4096,632.812
bool_partial_c2_multi,0,4,4096,608.226
bool_partial_c2_multi,0,5,4096,618.317
bool_partial_c2_multi,0,6,4096,645.691
bool_partial_c2_multi,0,7,4096,643.209
bool_partial_c2_multi,0,8,4096,640.076
bool_partial_c2_multi,0,9,4096,619.141
bool_partial_c2_multi,0,10,4096,620.219
bool_partial_c2_multi,0,11,4096,636.902
bool_retry_c0_plain,0,0,8192,459.681
bool_retry_c0_plain,0,1,8192,456.024
bool_retry_c0_plain,0,2,8192,463.211
bool_retry_c0_plain,0,3,8192,461.792
bool_retry_c0_plain,0,4,8192,458.349
bool_retry_c0_plain,0,5,8192,458.308
bool_retry_c0_plain,0,6,8192,456.202
bool_retry_c0_plain,0,7,8192,456.345
bool_retry_c0_plain,0,8,8192,461.782
bool_retry_c0_plain,0,9,8192,460.129
bool_retry_c0_plain,0,10,8192,457.067
bool_retry_c0_plain,0,11,8192,470.693
bool_retry_c0_multi,0,0,8192,456.039
bool_retry_c0_multi,0,1,8192,457.179
bool_retry_c0_multi,0,2,8192,456.324
bool_retry_c0_multi,0,3,8192,459.585
bool_retry_c0_multi,0,4,8192,460.709
bool_retry_c0_multi,0,5,8192,446.157
bool_retry_c0_multi,0,6,8192,472.021
bool_retry_c0_multi,0,7,8192,452.199
bool_retry_c0_multi,0,8,8192,457.062
bool_retry_c0_multi,0,9,8192,463.531
bool_retry_c0_multi,0,10,8192,457.336
bool_retry_c0_multi,0,11,8192,456.848
retry_retry,0,0,8192,432.485
retry_retry,0,1,8192,442.276
retry_retry,0,2,8192,427.704
retry_retry,0,3,8192,427.144
retry_retry,0,4,8192,427.953
retry_retry,0,5,8192,427.963
retry_retry,0,6,8192,427.027
retry_retry,0,7,8192,431.503
retry_retry,0,8,8192,427.470
retry_retry,0,9,8192,431.341
retry_retry,0,10,8192,428.599
retry_retry,0,11,8192,443.583
bool_retry_c1_plain,0,0,4096,614.461
bool_retry_c1_plain,0,1,4096,614.309
bool_retry_c1_plain,0,2,4096,613.607
bool_retry_c1_plain,0,3,4096,614.624
bool_retry_c1_plain,0,4,4096,614.390
bool_retry_c1_plain,0,5,4096,620.595
bool_retry_c1_plain,0,6,4096,622.355
bool_retry_c1_plain,0,7,4096,609.985
bool_retry_c1_plain,0,8,4096,614.644
bool_retry_c1_plain,0,9,4096,620.198
bool_retry_c1_plain,0,10,4096,659.465
bool_retry_c1_plain,0,11,4096,620.015
bool_retry_c1_multi,0,0,4096,623.779
bool_retry_c1_multi,0,1,4096,625.885
bool_retry_c1_multi,0,2,4096,616.201
bool_retry_c1_multi,0,3,4096,615.621
bool_retry_c1_multi,0,4,4096,623.250
bool_retry_c1_multi,0,5,4096,616.272
bool_retry_c1_multi,0,6,4096,623.291
bool_retry_c1_multi,0,7,4096,616.628
bool_retry_c1_multi,0,8,4096,617.086
bool_retry_c1_multi,0,9,4096,639.425
bool_retry_c1_multi,0,10,4096,622.314
bool_retry_c1_multi,0,11,4096,617.889
bool_retry_c2_plain,0,0,4096,615.855
bool_retry_c2_plain,0,1,4096,614.939
bool_retry_c2_plain,0,2,4096,615.692
bool_retry_c2_plain,0,3,4096,614.777
bool_retry_c2_plain,0,4,4096,622.630
bool_retry_c2_plain,0,5,4096,614.024
bool_retry_c2_plain,0,6,4096,622.609
bool_retry_c2_plain,0,7,4096,614.207
bool_retry_c2_plain,0,8,4096,627.472
bool_retry_c2_plain,0,9,4096,627.034
bool_retry_c2_plain,0,10,4096,616.709
bool_retry_c2_plain,0,11,4096,616.364
bool_retry_c2_multi,0,0,4096,614.695
bool_retry_c2_multi,0,1,4096,609.324
bool_retry_c2_multi,0,2,4096,618.500
bool_retry_c2_multi,0,3,4096,625.590
bool_retry_c2_multi,0,4,4096,619.212
bool_retry_c2_multi,0,5,4096,625.163
bool_retry_c2_multi,0,6,4096,619.009
bool_retry_c2_multi,0,7,4096,619.059
bool_retry_c2_multi,0,8,4096,639.384
bool_retry_c2_multi,0,9,4096,635.539
bool_retry_c2_multi,0,10,4096,619.771
bool_retry_c2_multi,0,11,4096,616.943
bool_failure_c0_plain,0,0,8192,241.079
bool_failure_c0_plain,0,1,8192,239.044
bool_failure_c0_plain,0,2,8192,238.810
bool_failure_c0_plain,0,3,8192,240.117
bool_failure_c0_plain,0,4,8192,241.297
bool_failure_c0_plain,0,5,8192,239.004
bool_failure_c0_plain,0,6,8192,243.286
bool_failure_c0_plain,0,7,8192,238.846
bool_failure_c0_plain,0,8,8192,242.503
bool_failure_c0_plain,0,9,8192,242.986
bool_failure_c0_plain,0,10,8192,247.030
bool_failure_c0_plain,0,11,8192,246.221
bool_failure_c0_multi,0,0,16384,240.827
bool_failure_c0_multi,0,1,16384,240.512
bool_failure_c0_multi,0,2,16384,242.538
bool_failure_c0_multi,0,3,16384,240.707
bool_failure_c0_multi,0,4,16384,242.165
bool_failure_c0_multi,0,5,16384,245.974
bool_failure_c0_multi,0,6,16384,242.808
bool_failure_c0_multi,0,7,16384,240.725
bool_failure_c0_multi,0,8,16384,240.593
bool_failure_c0_multi,0,9,16384,239.995
bool_failure_c0_multi,0,10,16384,240.873
bool_failure_c0_multi,0,11,16384,240.837
retry_failure,0,0,16384,236.247
retry_failure,0,1,16384,225.225
retry_failure,0,2,16384,227.753
retry_failure,0,3,16384,226.545
retry_failure,0,4,16384,225.304
retry_failure,0,5,16384,229.024
retry_failure,0,6,16384,225.909
retry_failure,0,7,16384,226.580
retry_failure,0,8,16384,225.543
retry_failure,0,9,16384,231.092
retry_failure,0,10,16384,227.203
retry_failure,0,11,16384,226.654
bool_failure_c1_plain,0,0,8192,399.480
bool_failure_c1_plain,0,1,8192,402.501
bool_failure_c1_plain,0,2,8192,397.395
bool_failure_c1_plain,0,3,8192,398.549
bool_failure_c1_plain,0,4,8192,409.159
bool_failure_c1_plain,0,5,8192,401.723
bool_failure_c1_plain,0,6,8192,401.845
bool_failure_c1_plain,0,7,8192,399.602
bool_failure_c1_plain,0,8,8192,415.848
bool_failure_c1_plain,0,9,8192,396.703
bool_failure_c1_plain,0,10,8192,399.628
bool_failure_c1_plain,0,11,8192,405.899
bool_failure_c1_multi,0,0,8192,408.142
bool_failure_c1_multi,0,1,8192,414.251
bool_failure_c1_multi,0,2,8192,409.907
bool_failure_c1_multi,0,3,8192,403.946
bool_failure_c1_multi,0,4,8192,414.419
bool_failure_c1_multi,0,5,8192,398.560
bool_failure_c1_multi,0,6,8192,399.857
bool_failure_c1_multi,0,7,8192,407.252
bool_failure_c1_multi,0,8,8192,397.939
bool_failure_c1_multi,0,9,8192,414.617
bool_failure_c1_multi,0,10,8192,396.856
bool_failure_c1_multi,0,11,8192,415.746
bool_failure_c2_plain,0,0,8192,409.683
bool_failure_c2_plain,0,1,8192,395.635
bool_failure_c2_plain,0,2,8192,399.445
bool_failure_c2_plain,0,3,8192,403.870
bool_failure_c2_plain,0,4,8192,396.266
bool_failure_c2_plain,0,5,8192,407.878
bool_failure_c2_plain,0,6,8192,393.931
bool_failure_c2_plain,0,7,8192,410.355
bool_failure_c2_plain,0,8,8192,405.151
bool_failure_c2_plain,0,9,8192,397.344
bool_failure_c2_plain,0,10,8192,398.880
bool_failure_c2_plain,0,11,8192,405.289
bool_failure_c2_multi,0,0,8192,392.314
bool_failure_c2_multi,0,1,8192,393.789
bool_failure_c2_multi,0,2,8192,399.531
bool_failure_c2_multi,0,3,8192,407.440
bool_failure_c2_multi,0,4,8192,393.504
bool_failure_c2_multi,0,5,8192,396.078
bool_failure_c2_multi,0,6,8192,393.723
bool_failure_c2_multi,0,7,8192,402.705
bool_failure_c2_multi,0,8,8192,391.383
bool_failure_c2_multi,0,9,8192,395.279
bool_failure_c2_multi,0,10,8192,392.471
bool_failure_c2_multi,0,11,8192,392.207
utf8_decode_inline,1,0,32768,88.589
utf8_decode_inline,1,1,32768,86.286
utf8_decode_inline,1,2,32768,86.739
utf8_decode_inline,1,3,32768,86.365
utf8_decode_inline,1,4,32768,86.129
utf8_decode_inline,1,5,32768,86.403
utf8_decode_inline,1,6,32768,86.647
utf8_decode_inline,1,7,32768,87.299
utf8_decode_inline,1,8,32768,85.963
utf8_decode_inline,1,9,32768,86.183
utf8_decode_inline,1,10,32768,87.522
utf8_decode_inline,1,11,32768,88.659
utf8_decode_external,1,0,32768,105.625
utf8_decode_external,1,1,32768,106.050
utf8_decode_external,1,2,32768,104.991
utf8_decode_external,1,3,32768,106.160
utf8_decode_external,1,4,32768,104.970
utf8_decode_external,1,5,32768,105.810
utf8_decode_external,1,6,32768,105.274
utf8_decode_external,1,7,32768,109.978
utf8_decode_external,1,8,32768,107.085
utf8_decode_external,1,9,32768,106.720
utf8_decode_external,1,10,32768,108.522
utf8_decode_external,1,11,32768,107.409
invocation_rowfn,1,0,16384,199.064
invocation_rowfn,1,1,16384,197.589
invocation_rowfn,1,2,16384,201.144
invocation_rowfn,1,3,16384,201.378
invocation_rowfn,1,4,16384,198.069
invocation_rowfn,1,5,16384,197.734
invocation_rowfn,1,6,16384,198.235
invocation_rowfn,1,7,16384,203.323
invocation_rowfn,1,8,16384,200.511
invocation_rowfn,1,9,16384,200.935
invocation_rowfn,1,10,16384,197.960
invocation_rowfn,1,11,16384,203.562
invocation_fresh_args,1,0,16384,201.703
invocation_fresh_args,1,1,16384,194.237
invocation_fresh_args,1,2,16384,202.563
invocation_fresh_args,1,3,16384,202.332
invocation_fresh_args,1,4,16384,198.743
invocation_fresh_args,1,5,16384,200.826
invocation_fresh_args,1,6,16384,198.921
invocation_fresh_args,1,7,16384,199.158
invocation_fresh_args,1,8,16384,199.938
invocation_fresh_args,1,9,16384,209.249
invocation_fresh_args,1,10,16384,199.498
invocation_fresh_args,1,11,16384,198.748
invocation_direct_collector,1,0,32768,65.071
invocation_direct_collector,1,1,32768,64.779
invocation_direct_collector,1,2,32768,64.734
invocation_direct_collector,1,3,32768,64.796
invocation_direct_collector,1,4,32768,65.851
invocation_direct_collector,1,5,32768,64.629
invocation_direct_collector,1,6,32768,64.804
invocation_direct_collector,1,7,32768,64.901
invocation_direct_collector,1,8,32768,65.234
invocation_direct_collector,1,9,32768,67.847
invocation_direct_collector,1,10,32768,65.556
invocation_direct_collector,1,11,32768,64.771
invocation_direct_iterator,1,0,32768,68.113
invocation_direct_iterator,1,1,32768,67.565
invocation_direct_iterator,1,2,32768,67.513
invocation_direct_iterator,1,3,32768,67.518
invocation_direct_iterator,1,4,32768,67.495
invocation_direct_iterator,1,5,32768,68.436
invocation_direct_iterator,1,6,32768,67.547
invocation_direct_iterator,1,7,32768,67.754
invocation_direct_iterator,1,8,32768,67.825
invocation_direct_iterator,1,9,32768,66.315
invocation_direct_iterator,1,10,32768,69.030
invocation_direct_iterator,1,11,32768,69.104
invocation_clone_drop,1,0,1048576,3.390
invocation_clone_drop,1,1,1048576,3.294
invocation_clone_drop,1,2,1048576,3.308
invocation_clone_drop,1,3,1048576,3.319
invocation_clone_drop,1,4,1048576,3.328
invocation_clone_drop,1,5,1048576,3.283
invocation_clone_drop,1,6,1048576,3.388
invocation_clone_drop,1,7,1048576,3.513
invocation_clone_drop,1,8,1048576,3.340
invocation_clone_drop,1,9,1048576,3.319
invocation_clone_drop,1,10,1048576,3.505
invocation_clone_drop,1,11,1048576,3.332
invocation_plan,1,0,262144,11.499
invocation_plan,1,1,262144,11.524
invocation_plan,1,2,262144,11.619
invocation_plan,1,3,262144,12.044
invocation_plan,1,4,262144,11.645
invocation_plan,1,5,262144,11.643
invocation_plan,1,6,262144,11.546
invocation_plan,1,7,262144,11.515
invocation_plan,1,8,262144,11.530
invocation_plan,1,9,262144,11.541
invocation_plan,1,10,262144,11.646
invocation_plan,1,11,262144,11.567
selected_valid_c0_plain,1,0,16384,169.919
selected_valid_c0_plain,1,1,16384,167.063
selected_valid_c0_plain,1,2,16384,162.824
selected_valid_c0_plain,1,3,16384,166.016
selected_valid_c0_plain,1,4,16384,167.857
selected_valid_c0_plain,1,5,16384,167.379
selected_valid_c0_plain,1,6,16384,166.150
selected_valid_c0_plain,1,7,16384,165.972
selected_valid_c0_plain,1,8,16384,167.829
selected_valid_c0_plain,1,9,16384,169.553
selected_valid_c0_plain,1,10,16384,166.069
selected_valid_c0_plain,1,11,16384,166.748
selected_valid_c0_multi,1,0,16384,166.654
selected_valid_c0_multi,1,1,16384,166.484
selected_valid_c0_multi,1,2,16384,166.557
selected_valid_c0_multi,1,3,16384,170.985
selected_valid_c0_multi,1,4,16384,165.866
selected_valid_c0_multi,1,5,16384,166.181
selected_valid_c0_multi,1,6,16384,166.018
selected_valid_c0_multi,1,7,16384,167.931
selected_valid_c0_multi,1,8,16384,165.794
selected_valid_c0_multi,1,9,16384,166.110
selected_valid_c0_multi,1,10,16384,162.575
selected_valid_c0_multi,1,11,16384,173.642
selected_filtered_c0_plain,1,0,16384,165.642
selected_filtered_c0_plain,1,1,16384,166.753
selected_filtered_c0_plain,1,2,16384,166.639
selected_filtered_c0_plain,1,3,16384,166.545
selected_filtered_c0_plain,1,4,16384,166.524
selected_filtered_c0_plain,1,5,16384,168.177
selected_filtered_c0_plain,1,6,16384,166.840
selected_filtered_c0_plain,1,7,16384,166.349
selected_filtered_c0_plain,1,8,16384,166.682
selected_filtered_c0_plain,1,9,16384,170.837
selected_filtered_c0_plain,1,10,16384,171.031
selected_filtered_c0_plain,1,11,16384,166.372
selected_filtered_c0_multi,1,0,16384,170.268
selected_filtered_c0_multi,1,1,16384,165.260
selected_filtered_c0_multi,1,2,16384,164.464
selected_filtered_c0_multi,1,3,16384,169.357
selected_filtered_c0_multi,1,4,16384,170.054
selected_filtered_c0_multi,1,5,16384,164.225
selected_filtered_c0_multi,1,6,16384,166.206
selected_filtered_c0_multi,1,7,16384,167.122
selected_filtered_c0_multi,1,8,16384,171.308
selected_filtered_c0_multi,1,9,16384,165.573
selected_filtered_c0_multi,1,10,16384,169.866
selected_filtered_c0_multi,1,11,16384,164.393
selected_valid_c1_plain,1,0,16384,165.029
selected_valid_c1_plain,1,1,16384,165.522
selected_valid_c1_plain,1,2,16384,170.181
selected_valid_c1_plain,1,3,16384,164.942
selected_valid_c1_plain,1,4,16384,164.736
selected_valid_c1_plain,1,5,16384,164.251
selected_valid_c1_plain,1,6,16384,171.951
selected_valid_c1_plain,1,7,16384,167.918
selected_valid_c1_plain,1,8,16384,168.966
selected_valid_c1_plain,1,9,16384,164.416
selected_valid_c1_plain,1,10,16384,167.145
selected_valid_c1_plain,1,11,16384,166.997
selected_valid_c1_multi,1,0,16384,164.561
selected_valid_c1_multi,1,1,16384,170.074
selected_valid_c1_multi,1,2,16384,164.243
selected_valid_c1_multi,1,3,16384,164.574
selected_valid_c1_multi,1,4,16384,166.654
selected_valid_c1_multi,1,5,16384,172.424
selected_valid_c1_multi,1,6,16384,164.004
selected_valid_c1_multi,1,7,16384,166.799
selected_valid_c1_multi,1,8,16384,164.998
selected_valid_c1_multi,1,9,16384,166.288
selected_valid_c1_multi,1,10,16384,166.216
selected_valid_c1_multi,1,11,16384,164.968
selected_filtered_c1_plain,1,0,16384,164.703
selected_filtered_c1_plain,1,1,16384,165.100
selected_filtered_c1_plain,1,2,16384,164.444
selected_filtered_c1_plain,1,3,16384,171.885
selected_filtered_c1_plain,1,4,16384,169.970
selected_filtered_c1_plain,1,5,16384,165.657
selected_filtered_c1_plain,1,6,16384,165.421
selected_filtered_c1_plain,1,7,16384,165.031
selected_filtered_c1_plain,1,8,16384,169.291
selected_filtered_c1_plain,1,9,16384,164.632
selected_filtered_c1_plain,1,10,16384,164.843
selected_filtered_c1_plain,1,11,16384,166.804
selected_filtered_c1_multi,1,0,16384,163.218
selected_filtered_c1_multi,1,1,16384,166.163
selected_filtered_c1_multi,1,2,16384,164.495
selected_filtered_c1_multi,1,3,16384,163.516
selected_filtered_c1_multi,1,4,16384,163.429
selected_filtered_c1_multi,1,5,16384,163.801
selected_filtered_c1_multi,1,6,16384,163.740
selected_filtered_c1_multi,1,7,16384,163.137
selected_filtered_c1_multi,1,8,16384,162.903
selected_filtered_c1_multi,1,9,16384,164.859
selected_filtered_c1_multi,1,10,16384,163.218
selected_filtered_c1_multi,1,11,16384,162.982
selected_valid_c2_plain,1,0,16384,173.571
selected_valid_c2_plain,1,1,16384,166.097
selected_valid_c2_plain,1,2,16384,165.530
selected_valid_c2_plain,1,3,16384,165.413
selected_valid_c2_plain,1,4,16384,167.397
selected_valid_c2_plain,1,5,16384,165.209
selected_valid_c2_plain,1,6,16384,165.672
selected_valid_c2_plain,1,7,16384,166.684
selected_valid_c2_plain,1,8,16384,164.899
selected_valid_c2_plain,1,9,16384,175.049
selected_valid_c2_plain,1,10,16384,166.395
selected_valid_c2_plain,1,11,16384,166.880
selected_valid_c2_multi,1,0,16384,166.117
selected_valid_c2_multi,1,1,16384,166.417
selected_valid_c2_multi,1,2,16384,166.405
selected_valid_c2_multi,1,3,16384,165.919
selected_valid_c2_multi,1,4,16384,166.061
selected_valid_c2_multi,1,5,16384,168.093
selected_valid_c2_multi,1,6,16384,165.939
selected_valid_c2_multi,1,7,16384,166.995
selected_valid_c2_multi,1,8,16384,166.438
selected_valid_c2_multi,1,9,16384,165.751
selected_valid_c2_multi,1,10,16384,173.637
selected_valid_c2_multi,1,11,16384,167.572
selected_filtered_c2_plain,1,0,16384,166.723
selected_filtered_c2_plain,1,1,16384,165.794
selected_filtered_c2_plain,1,2,16384,165.558
selected_filtered_c2_plain,1,3,16384,166.700
selected_filtered_c2_plain,1,4,16384,167.259
selected_filtered_c2_plain,1,5,16384,165.863
selected_filtered_c2_plain,1,6,16384,165.929
selected_filtered_c2_plain,1,7,16384,166.016
selected_filtered_c2_plain,1,8,16384,172.590
selected_filtered_c2_plain,1,9,16384,167.330
selected_filtered_c2_plain,1,10,16384,165.960
selected_filtered_c2_plain,1,11,16384,166.356
selected_filtered_c2_multi,1,0,16384,163.485
selected_filtered_c2_multi,1,1,16384,164.134
selected_filtered_c2_multi,1,2,16384,165.044
selected_filtered_c2_multi,1,3,16384,168.363
selected_filtered_c2_multi,1,4,16384,168.564
selected_filtered_c2_multi,1,5,16384,168.231
selected_filtered_c2_multi,1,6,16384,166.837
selected_filtered_c2_multi,1,7,16384,167.343
selected_filtered_c2_multi,1,8,16384,167.046
selected_filtered_c2_multi,1,9,16384,163.266
selected_filtered_c2_multi,1,10,16384,163.930
selected_filtered_c2_multi,1,11,16384,164.401
bool_dense_c0_plain,1,0,8192,256.073
bool_dense_c0_plain,1,1,8192,264.303
bool_dense_c0_plain,1,2,8192,259.816
bool_dense_c0_plain,1,3,8192,254.735
bool_dense_c0_plain,1,4,8192,255.580
bool_dense_c0_plain,1,5,8192,260.493
bool_dense_c0_plain,1,6,8192,261.622
bool_dense_c0_plain,1,7,8192,256.800
bool_dense_c0_plain,1,8,8192,256.907
bool_dense_c0_plain,1,9,8192,260.956
bool_dense_c0_plain,1,10,8192,254.054
bool_dense_c0_plain,1,11,8192,252.930
bool_dense_c0_multi,1,0,8192,254.832
bool_dense_c0_multi,1,1,8192,251.216
bool_dense_c0_multi,1,2,8192,263.128
bool_dense_c0_multi,1,3,8192,252.294
bool_dense_c0_multi,1,4,8192,249.181
bool_dense_c0_multi,1,5,8192,252.665
bool_dense_c0_multi,1,6,8192,252.360
bool_dense_c0_multi,1,7,8192,255.402
bool_dense_c0_multi,1,8,8192,253.255
bool_dense_c0_multi,1,9,8192,259.389
bool_dense_c0_multi,1,10,8192,261.790
bool_dense_c0_multi,1,11,8192,250.315
retry_dense,1,0,16384,234.614
retry_dense,1,1,16384,240.507
retry_dense,1,2,16384,231.972
retry_dense,1,3,16384,235.947
retry_dense,1,4,16384,239.899
retry_dense,1,5,16384,238.200
retry_dense,1,6,16384,233.930
retry_dense,1,7,16384,231.331
retry_dense,1,8,16384,230.339
retry_dense,1,9,16384,230.306
retry_dense,1,10,16384,237.000
retry_dense,1,11,16384,232.755
bool_dense_c1_plain,1,0,8192,246.043
bool_dense_c1_plain,1,1,8192,249.761
bool_dense_c1_plain,1,2,8192,255.025
bool_dense_c1_plain,1,3,8192,255.366
bool_dense_c1_plain,1,4,8192,250.529
bool_dense_c1_plain,1,5,8192,249.329
bool_dense_c1_plain,1,6,8192,248.728
bool_dense_c1_plain,1,7,8192,248.520
bool_dense_c1_plain,1,8,8192,248.688
bool_dense_c1_plain,1,9,8192,256.246
bool_dense_c1_plain,1,10,8192,251.826
bool_dense_c1_plain,1,11,8192,254.033
bool_dense_c1_multi,1,0,8192,249.705
bool_dense_c1_multi,1,1,8192,248.337
bool_dense_c1_multi,1,2,8192,247.284
bool_dense_c1_multi,1,3,8192,249.262
bool_dense_c1_multi,1,4,8192,252.340
bool_dense_c1_multi,1,5,8192,249.771
bool_dense_c1_multi,1,6,8192,244.680
bool_dense_c1_multi,1,7,8192,244.385
bool_dense_c1_multi,1,8,8192,244.583
bool_dense_c1_multi,1,9,8192,244.649
bool_dense_c1_multi,1,10,8192,243.810
bool_dense_c1_multi,1,11,8192,249.608
bool_dense_c2_plain,1,0,16384,249.817
bool_dense_c2_plain,1,1,16384,243.251
bool_dense_c2_plain,1,2,16384,244.202
bool_dense_c2_plain,1,3,16384,246.877
bool_dense_c2_plain,1,4,16384,241.160
bool_dense_c2_plain,1,5,16384,242.037
bool_dense_c2_plain,1,6,16384,242.053
bool_dense_c2_plain,1,7,16384,242.732
bool_dense_c2_plain,1,8,16384,243.423
bool_dense_c2_plain,1,9,16384,242.793
bool_dense_c2_plain,1,10,16384,241.275
bool_dense_c2_plain,1,11,16384,253.927
bool_dense_c2_multi,1,0,8192,243.652
bool_dense_c2_multi,1,1,8192,243.779
bool_dense_c2_multi,1,2,8192,246.801
bool_dense_c2_multi,1,3,8192,243.891
bool_dense_c2_multi,1,4,8192,243.683
bool_dense_c2_multi,1,5,8192,243.245
bool_dense_c2_multi,1,6,8192,244.354
bool_dense_c2_multi,1,7,8192,253.413
bool_dense_c2_multi,1,8,8192,250.727
bool_dense_c2_multi,1,9,8192,243.164
bool_dense_c2_multi,1,10,8192,244.939
bool_dense_c2_multi,1,11,8192,243.820
bool_partial_c0_plain,1,0,8192,470.154
bool_partial_c0_plain,1,1,8192,472.524
bool_partial_c0_plain,1,2,8192,468.979
bool_partial_c0_plain,1,3,8192,468.801
bool_partial_c0_plain,1,4,8192,493.444
bool_partial_c0_plain,1,5,8192,471.349
bool_partial_c0_plain,1,6,8192,470.281
bool_partial_c0_plain,1,7,8192,479.502
bool_partial_c0_plain,1,8,8192,478.353
bool_partial_c0_plain,1,9,8192,479.752
bool_partial_c0_plain,1,10,8192,475.474
bool_partial_c0_plain,1,11,8192,468.852
bool_partial_c0_multi,1,0,8192,470.484
bool_partial_c0_multi,1,1,8192,473.358
bool_partial_c0_multi,1,2,8192,469.035
bool_partial_c0_multi,1,3,8192,469.640
bool_partial_c0_multi,1,4,8192,468.262
bool_partial_c0_multi,1,5,8192,476.125
bool_partial_c0_multi,1,6,8192,460.027
bool_partial_c0_multi,1,7,8192,471.802
bool_partial_c0_multi,1,8,8192,480.794
bool_partial_c0_multi,1,9,8192,467.138
bool_partial_c0_multi,1,10,8192,468.730
bool_partial_c0_multi,1,11,8192,467.631
retry_partial,1,0,8192,435.883
retry_partial,1,1,8192,432.276
retry_partial,1,2,8192,435.145
retry_partial,1,3,8192,451.355
retry_partial,1,4,8192,433.833
retry_partial,1,5,8192,433.314
retry_partial,1,6,8192,441.076
retry_partial,1,7,8192,430.995
retry_partial,1,8,8192,430.425
retry_partial,1,9,8192,434.001
retry_partial,1,10,8192,431.747
retry_partial,1,11,8192,431.986
bool_partial_c1_plain,1,0,8192,451.828
bool_partial_c1_plain,1,1,8192,452.026
bool_partial_c1_plain,1,2,8192,451.096
bool_partial_c1_plain,1,3,8192,451.075
bool_partial_c1_plain,1,4,8192,454.590
bool_partial_c1_plain,1,5,8192,451.981
bool_partial_c1_plain,1,6,8192,451.757
bool_partial_c1_plain,1,7,8192,455.678
bool_partial_c1_plain,1,8,8192,469.650
bool_partial_c1_plain,1,9,8192,452.550
bool_partial_c1_plain,1,10,8192,451.935
bool_partial_c1_plain,1,11,8192,459.000
bool_partial_c1_multi,1,0,8192,452.209
bool_partial_c1_multi,1,1,8192,455.032
bool_partial_c1_multi,1,2,8192,454.056
bool_partial_c1_multi,1,3,8192,465.983
bool_partial_c1_multi,1,4,8192,455.663
bool_partial_c1_multi,1,5,8192,462.631
bool_partial_c1_multi,1,6,8192,458.659
bool_partial_c1_multi,1,7,8192,457.423
bool_partial_c1_multi,1,8,8192,461.380
bool_partial_c1_multi,1,9,8192,457.764
bool_partial_c1_multi,1,10,8192,457.718
bool_partial_c1_multi,1,11,8192,470.576
bool_partial_c2_plain,1,0,8192,457.901
bool_partial_c2_plain,1,1,8192,456.777
bool_partial_c2_plain,1,2,8192,456.970
bool_partial_c2_plain,1,3,8192,461.334
bool_partial_c2_plain,1,4,8192,456.573
bool_partial_c2_plain,1,5,8192,457.611
bool_partial_c2_plain,1,6,8192,474.716
bool_partial_c2_plain,1,7,8192,456.675
bool_partial_c2_plain,1,8,8192,458.872
bool_partial_c2_plain,1,9,8192,465.632
bool_partial_c2_plain,1,10,8192,457.118
bool_partial_c2_plain,1,11,8192,458.415
bool_partial_c2_multi,1,0,8192,461.767
bool_partial_c2_multi,1,1,8192,478.505
bool_partial_c2_multi,1,2,8192,466.024
bool_partial_c2_multi,1,3,8192,460.973
bool_partial_c2_multi,1,4,8192,467.387
bool_partial_c2_multi,1,5,8192,464.121
bool_partial_c2_multi,1,6,8192,461.344
bool_partial_c2_multi,1,7,8192,464.427
bool_partial_c2_multi,1,8,8192,461.858
bool_partial_c2_multi,1,9,8192,462.341
bool_partial_c2_multi,1,10,8192,474.579
bool_partial_c2_multi,1,11,8192,460.154
bool_retry_c0_plain,1,0,8192,265.096
bool_retry_c0_plain,1,1,8192,265.681
bool_retry_c0_plain,1,2,8192,264.791
bool_retry_c0_plain,1,3,8192,265.645
bool_retry_c0_plain,1,4,8192,266.210
bool_retry_c0_plain,1,5,8192,268.565
bool_retry_c0_plain,1,6,8192,264.898
bool_retry_c0_plain,1,7,8192,265.096
bool_retry_c0_plain,1,8,8192,264.572
bool_retry_c0_plain,1,9,8192,268.687
bool_retry_c0_plain,1,10,8192,267.649
bool_retry_c0_plain,1,11,8192,276.250
bool_retry_c0_multi,1,0,8192,266.261
bool_retry_c0_multi,1,1,8192,266.530
bool_retry_c0_multi,1,2,8192,274.643
bool_retry_c0_multi,1,3,8192,265.859
bool_retry_c0_multi,1,4,8192,266.032
bool_retry_c0_multi,1,5,8192,265.996
bool_retry_c0_multi,1,6,8192,266.296
bool_retry_c0_multi,1,7,8192,269.770
bool_retry_c0_multi,1,8,8192,265.411
bool_retry_c0_multi,1,9,8192,265.961
bool_retry_c0_multi,1,10,8192,269.638
bool_retry_c0_multi,1,11,8192,267.156
retry_retry,1,0,8192,268.021
retry_retry,1,1,8192,267.812
retry_retry,1,2,8192,267.303
retry_retry,1,3,8192,270.676
retry_retry,1,4,8192,272.812
retry_retry,1,5,8192,268.311
retry_retry,1,6,8192,267.405
retry_retry,1,7,8192,267.136
retry_retry,1,8,8192,272.446
retry_retry,1,9,8192,267.334
retry_retry,1,10,8192,267.181
retry_retry,1,11,8192,267.420
bool_retry_c1_plain,1,0,8192,259.242
bool_retry_c1_plain,1,1,8192,251.180
bool_retry_c1_plain,1,2,8192,252.914
bool_retry_c1_plain,1,3,8192,253.484
bool_retry_c1_plain,1,4,8192,252.975
bool_retry_c1_plain,1,5,8192,252.106
bool_retry_c1_plain,1,6,8192,252.090
bool_retry_c1_plain,1,7,8192,252.050
bool_retry_c1_plain,1,8,8192,252.096
bool_retry_c1_plain,1,9,8192,252.447
bool_retry_c1_plain,1,10,8192,255.783
bool_retry_c1_plain,1,11,8192,252.599
bool_retry_c1_multi,1,0,8192,255.859
bool_retry_c1_multi,1,1,8192,252.757
bool_retry_c1_multi,1,2,8192,268.489
bool_retry_c1_multi,1,3,8192,253.850
bool_retry_c1_multi,1,4,8192,253.443
bool_retry_c1_multi,1,5,8192,252.996
bool_retry_c1_multi,1,6,8192,253.031
bool_retry_c1_multi,1,7,8192,260.630
bool_retry_c1_multi,1,8,8192,255.102
bool_retry_c1_multi,1,9,8192,253.698
bool_retry_c1_multi,1,10,8192,253.591
bool_retry_c1_multi,1,11,8192,253.031
bool_retry_c2_plain,1,0,8192,252.986
bool_retry_c2_plain,1,1,8192,253.001
bool_retry_c2_plain,1,2,8192,256.719
bool_retry_c2_plain,1,3,8192,252.716
bool_retry_c2_plain,1,4,8192,266.357
bool_retry_c2_plain,1,5,8192,258.357
bool_retry_c2_plain,1,6,8192,255.585
bool_retry_c2_plain,1,7,8192,253.972
bool_retry_c2_plain,1,8,8192,253.698
bool_retry_c2_plain,1,9,8192,257.075
bool_retry_c2_plain,1,10,8192,256.282
bool_retry_c2_plain,1,11,8192,252.833
bool_retry_c2_multi,1,0,8192,256.444
bool_retry_c2_multi,1,1,8192,258.748
bool_retry_c2_multi,1,2,8192,257.121
bool_retry_c2_multi,1,3,8192,255.488
bool_retry_c2_multi,1,4,8192,258.372
bool_retry_c2_multi,1,5,8192,255.788
bool_retry_c2_multi,1,6,8192,258.275
bool_retry_c2_multi,1,7,8192,267.100
bool_retry_c2_multi,1,8,8192,256.124
bool_retry_c2_multi,1,9,8192,256.750
bool_retry_c2_multi,1,10,8192,254.827
bool_retry_c2_multi,1,11,8192,255.213
bool_failure_c0_plain,1,0,16384,178.825
bool_failure_c0_plain,1,1,16384,182.350
bool_failure_c0_plain,1,2,16384,184.196
bool_failure_c0_plain,1,3,16384,183.446
bool_failure_c0_plain,1,4,16384,183.978
bool_failure_c0_plain,1,5,16384,187.022
bool_failure_c0_plain,1,6,16384,177.200
bool_failure_c0_plain,1,7,16384,181.320
bool_failure_c0_plain,1,8,16384,187.045
bool_failure_c0_plain,1,9,16384,184.738
bool_failure_c0_plain,1,10,16384,190.099
bool_failure_c0_plain,1,11,16384,183.472
bool_failure_c0_multi,1,0,16384,186.404
bool_failure_c0_multi,1,1,16384,189.138
bool_failure_c0_multi,1,2,16384,186.465
bool_failure_c0_multi,1,3,16384,188.505
bool_failure_c0_multi,1,4,16384,185.832
bool_failure_c0_multi,1,5,16384,187.836
bool_failure_c0_multi,1,6,16384,188.657
bool_failure_c0_multi,1,7,16384,189.720
bool_failure_c0_multi,1,8,16384,181.847
bool_failure_c0_multi,1,9,16384,184.171
bool_failure_c0_multi,1,10,16384,186.109
bool_failure_c0_multi,1,11,16384,182.388
retry_failure,1,0,16384,169.675
retry_failure,1,1,16384,168.554
retry_failure,1,2,16384,172.740
retry_failure,1,3,16384,170.011
retry_failure,1,4,16384,171.672
retry_failure,1,5,16384,168.147
retry_failure,1,6,16384,167.781
retry_failure,1,7,16384,173.314
retry_failure,1,8,16384,171.626
retry_failure,1,9,16384,168.872
retry_failure,1,10,16384,170.720
retry_failure,1,11,16384,176.351
bool_failure_c1_plain,1,0,16384,175.827
bool_failure_c1_plain,1,1,16384,178.696
bool_failure_c1_plain,1,2,16384,175.850
bool_failure_c1_plain,1,3,16384,175.341
bool_failure_c1_plain,1,4,16384,177.017
bool_failure_c1_plain,1,5,16384,176.966
bool_failure_c1_plain,1,6,16384,177.343
bool_failure_c1_plain,1,7,16384,176.799
bool_failure_c1_plain,1,8,16384,180.183
bool_failure_c1_plain,1,9,16384,183.111
bool_failure_c1_plain,1,10,16384,176.188
bool_failure_c1_plain,1,11,16384,175.758
bool_failure_c1_multi,1,0,16384,177.381
bool_failure_c1_multi,1,1,16384,178.090
bool_failure_c1_multi,1,2,16384,178.632
bool_failure_c1_multi,1,3,16384,177.564
bool_failure_c1_multi,1,4,16384,177.907
bool_failure_c1_multi,1,5,16384,179.850
bool_failure_c1_multi,1,6,16384,184.352
bool_failure_c1_multi,1,7,16384,177.678
bool_failure_c1_multi,1,8,16384,177.561
bool_failure_c1_multi,1,9,16384,177.505
bool_failure_c1_multi,1,10,16384,177.073
bool_failure_c1_multi,1,11,16384,176.956
bool_failure_c2_plain,1,0,16384,175.791
bool_failure_c2_plain,1,1,16384,174.314
bool_failure_c2_plain,1,2,16384,173.869
bool_failure_c2_plain,1,3,16384,175.746
bool_failure_c2_plain,1,4,16384,183.034
bool_failure_c2_plain,1,5,16384,174.512
bool_failure_c2_plain,1,6,16384,174.395
bool_failure_c2_plain,1,7,16384,175.674
bool_failure_c2_plain,1,8,16384,178.098
bool_failure_c2_plain,1,9,16384,174.136
bool_failure_c2_plain,1,10,16384,173.965
bool_failure_c2_plain,1,11,16384,174.304
bool_failure_c2_multi,1,0,16384,178.340
bool_failure_c2_multi,1,1,16384,174.876
bool_failure_c2_multi,1,2,16384,186.330
bool_failure_c2_multi,1,3,16384,176.137
bool_failure_c2_multi,1,4,16384,175.181
bool_failure_c2_multi,1,5,16384,176.023
bool_failure_c2_multi,1,6,16384,178.469
bool_failure_c2_multi,1,7,16384,174.024
bool_failure_c2_multi,1,8,16384,175.212
bool_failure_c2_multi,1,9,16384,176.183
bool_failure_c2_multi,1,10,16384,175.100
bool_failure_c2_multi,1,11,16384,173.411
utf8_decode_inline,64,0,8192,297.312
utf8_decode_inline,64,1,8192,289.520
utf8_decode_inline,64,2,8192,289.907
utf8_decode_inline,64,3,8192,289.561
utf8_decode_inline,64,4,8192,289.688
utf8_decode_inline,64,5,8192,288.813
utf8_decode_inline,64,6,8192,289.190
utf8_decode_inline,64,7,8192,289.037
utf8_decode_inline,64,8,8192,289.307
utf8_decode_inline,64,9,8192,292.648
utf8_decode_inline,64,10,8192,289.810
utf8_decode_inline,64,11,8192,289.459
utf8_decode_external,64,0,4096,676.137
utf8_decode_external,64,1,4096,661.733
utf8_decode_external,64,2,4096,661.672
utf8_decode_external,64,3,4096,661.591
utf8_decode_external,64,4,4096,676.127
utf8_decode_external,64,5,4096,658.061
utf8_decode_external,64,6,4096,657.166
utf8_decode_external,64,7,4096,657.684
utf8_decode_external,64,8,4096,661.835
utf8_decode_external,64,9,4096,660.939
utf8_decode_external,64,10,4096,665.477
utf8_decode_external,64,11,4096,658.061
invocation_rowfn,64,0,16384,216.629
invocation_rowfn,64,1,16384,218.071
invocation_rowfn,64,2,16384,216.413
invocation_rowfn,64,3,16384,215.477
invocation_rowfn,64,4,16384,216.400
invocation_rowfn,64,5,16384,216.202
invocation_rowfn,64,6,16384,216.395
invocation_rowfn,64,7,16384,218.122
invocation_rowfn,64,8,16384,215.787
invocation_rowfn,64,9,16384,213.531
invocation_rowfn,64,10,16384,213.458
invocation_rowfn,64,11,16384,213.903
invocation_fresh_args,64,0,16384,218.023
invocation_fresh_args,64,1,16384,217.974
invocation_fresh_args,64,2,16384,216.387
invocation_fresh_args,64,3,16384,223.897
invocation_fresh_args,64,4,16384,216.927
invocation_fresh_args,64,5,16384,216.085
invocation_fresh_args,64,6,16384,219.782
invocation_fresh_args,64,7,16384,218.221
invocation_fresh_args,64,8,16384,215.426
invocation_fresh_args,64,9,16384,218.264
invocation_fresh_args,64,10,16384,215.426
invocation_fresh_args,64,11,16384,212.486
invocation_direct_collector,64,0,32768,83.703
invocation_direct_collector,64,1,32768,81.094
invocation_direct_collector,64,2,32768,79.248
invocation_direct_collector,64,3,32768,83.042
invocation_direct_collector,64,4,32768,78.894
invocation_direct_collector,64,5,32768,79.892
invocation_direct_collector,64,6,32768,78.777
invocation_direct_collector,64,7,32768,80.274
invocation_direct_collector,64,8,32768,79.460
invocation_direct_collector,64,9,32768,80.044
invocation_direct_collector,64,10,32768,82.542
invocation_direct_collector,64,11,32768,80.592
invocation_direct_iterator,64,0,32768,98.677
invocation_direct_iterator,64,1,32768,98.376
invocation_direct_iterator,64,2,32768,97.137
invocation_direct_iterator,64,3,32768,97.267
invocation_direct_iterator,64,4,32768,97.088
invocation_direct_iterator,64,5,32768,100.404
invocation_direct_iterator,64,6,32768,98.423
invocation_direct_iterator,64,7,32768,97.195
invocation_direct_iterator,64,8,32768,99.824
invocation_direct_iterator,64,9,32768,97.544
invocation_direct_iterator,64,10,32768,97.280
invocation_direct_iterator,64,11,32768,97.155
invocation_clone_drop,64,0,1048576,3.413
invocation_clone_drop,64,1,1048576,3.476
invocation_clone_drop,64,2,1048576,3.383
invocation_clone_drop,64,3,1048576,3.354
invocation_clone_drop,64,4,1048576,3.591
invocation_clone_drop,64,5,1048576,3.354
invocation_clone_drop,64,6,1048576,3.366
invocation_clone_drop,64,7,1048576,3.668
invocation_clone_drop,64,8,1048576,3.542
invocation_clone_drop,64,9,1048576,3.335
invocation_clone_drop,64,10,1048576,3.440
invocation_clone_drop,64,11,1048576,3.337
invocation_plan,64,0,262144,11.758
invocation_plan,64,1,262144,11.651
invocation_plan,64,2,262144,11.574
invocation_plan,64,3,262144,11.576
invocation_plan,64,4,262144,11.568
invocation_plan,64,5,262144,11.340
invocation_plan,64,6,262144,11.446
invocation_plan,64,7,262144,11.750
invocation_plan,64,8,262144,11.528
invocation_plan,64,9,262144,11.519
invocation_plan,64,10,262144,11.513
invocation_plan,64,11,262144,12.016
selected_valid_c0_plain,64,0,4096,645.935
selected_valid_c0_plain,64,1,4096,652.567
selected_valid_c0_plain,64,2,4096,658.366
selected_valid_c0_plain,64,3,4096,645.152
selected_valid_c0_plain,64,4,4096,645.589
selected_valid_c0_plain,64,5,4096,660.461
selected_valid_c0_plain,64,6,4096,645.386
selected_valid_c0_plain,64,7,4096,645.518
selected_valid_c0_plain,64,8,4096,647.705
selected_valid_c0_plain,64,9,4096,646.912
selected_valid_c0_plain,64,10,4096,674.957
selected_valid_c0_plain,64,11,4096,646.179
selected_valid_c0_multi,64,0,4096,660.248
selected_valid_c0_multi,64,1,4096,647.898
selected_valid_c0_multi,64,2,4096,648.346
selected_valid_c0_multi,64,3,4096,647.969
selected_valid_c0_multi,64,4,4096,660.757
selected_valid_c0_multi,64,5,4096,647.878
selected_valid_c0_multi,64,6,4096,648.315
selected_valid_c0_multi,64,7,4096,647.440
selected_valid_c0_multi,64,8,4096,660.553
selected_valid_c0_multi,64,9,4096,662.374
selected_valid_c0_multi,64,10,4096,648.468
selected_valid_c0_multi,64,11,4096,647.115
selected_filtered_c0_plain,64,0,2048,1733.317
selected_filtered_c0_plain,64,1,2048,1762.594
selected_filtered_c0_plain,64,2,2048,1734.904
selected_filtered_c0_plain,64,3,2048,1736.450
selected_filtered_c0_plain,64,4,2048,1737.671
selected_filtered_c0_plain,64,5,2048,1800.334
selected_filtered_c0_plain,64,6,2048,1733.704
selected_filtered_c0_plain,64,7,2048,1735.453
selected_filtered_c0_plain,64,8,2048,1759.338
selected_filtered_c0_plain,64,9,2048,1731.140
selected_filtered_c0_plain,64,10,2048,1732.259
selected_filtered_c0_plain,64,11,2048,1746.989
selected_filtered_c0_multi,64,0,2048,1795.084
selected_filtered_c0_multi,64,1,2048,1738.058
selected_filtered_c0_multi,64,2,2048,1727.560
selected_filtered_c0_multi,64,3,2048,1758.077
selected_filtered_c0_multi,64,4,2048,1734.416
selected_filtered_c0_multi,64,5,2048,1722.432
selected_filtered_c0_multi,64,6,2048,1730.103
selected_filtered_c0_multi,64,7,2048,1721.293
selected_filtered_c0_multi,64,8,2048,1717.204
selected_filtered_c0_multi,64,9,2048,1731.384
selected_filtered_c0_multi,64,10,2048,1768.107
selected_filtered_c0_multi,64,11,2048,1722.188
selected_valid_c1_plain,64,0,4096,646.047
selected_valid_c1_plain,64,1,4096,646.301
selected_valid_c1_plain,64,2,4096,647.390
selected_valid_c1_plain,64,3,4096,651.611
selected_valid_c1_plain,64,4,4096,649.241
selected_valid_c1_plain,64,5,4096,648.010
selected_valid_c1_plain,64,6,4096,647.878
selected_valid_c1_plain,64,7,4096,648.895
selected_valid_c1_plain,64,8,4096,678.711
selected_valid_c1_plain,64,9,4096,649.597
selected_valid_c1_plain,64,10,4096,650.360
selected_valid_c1_plain,64,11,4096,650.065
selected_valid_c1_multi,64,0,4096,649.384
selected_valid_c1_multi,64,1,4096,655.050
selected_valid_c1_multi,64,2,4096,646.556
selected_valid_c1_multi,64,3,4096,647.685
selected_valid_c1_multi,64,4,4096,646.729
selected_valid_c1_multi,64,5,4096,645.782
selected_valid_c1_multi,64,6,4096,670.583
selected_valid_c1_multi,64,7,4096,654.216
selected_valid_c1_multi,64,8,4096,651.855
selected_valid_c1_multi,64,9,4096,645.833
selected_valid_c1_multi,64,10,4096,660.054
selected_valid_c1_multi,64,11,4096,649.384
selected_filtered_c1_plain,64,0,2048,1553.365
selected_filtered_c1_plain,64,1,2048,1511.983
selected_filtered_c1_plain,64,2,2048,1543.681
selected_filtered_c1_plain,64,3,2048,1558.350
selected_filtered_c1_plain,64,4,2048,1581.400
selected_filtered_c1_plain,64,5,2048,1548.686
selected_filtered_c1_plain,64,6,2048,1555.155
selected_filtered_c1_plain,64,7,2048,1550.069
selected_filtered_c1_plain,64,8,2048,1551.920
selected_filtered_c1_plain,64,9,2048,1548.340
selected_filtered_c1_plain,64,10,2048,1569.315
selected_filtered_c1_plain,64,11,2048,1553.589
selected_filtered_c1_multi,64,0,2048,1615.885
selected_filtered_c1_multi,64,1,2048,1563.619
selected_filtered_c1_multi,64,2,2048,1548.401
selected_filtered_c1_multi,64,3,2048,1554.362
selected_filtered_c1_multi,64,4,2048,1577.332
selected_filtered_c1_multi,64,5,2048,1502.767
selected_filtered_c1_multi,64,6,2048,1515.707
selected_filtered_c1_multi,64,7,2048,1545.756
selected_filtered_c1_multi,64,8,2048,1535.909
selected_filtered_c1_multi,64,9,2048,1539.104
selected_filtered_c1_multi,64,10,2048,1556.539
selected_filtered_c1_multi,64,11,2048,1550.944
selected_valid_c2_plain,64,0,4096,648.081
selected_valid_c2_plain,64,1,4096,648.743
selected_valid_c2_plain,64,2,4096,647.807
selected_valid_c2_plain,64,3,4096,648.753
selected_valid_c2_plain,64,4,4096,657.674
selected_valid_c2_plain,64,5,4096,655.283
selected_valid_c2_plain,64,6,4096,647.837
selected_valid_c2_plain,64,7,4096,648.926
selected_valid_c2_plain,64,8,4096,649.963
selected_valid_c2_plain,64,9,4096,677.805
selected_valid_c2_plain,64,10,4096,649.190
selected_valid_c2_plain,64,11,4096,648.387
selected_valid_c2_multi,64,0,4096,650.462
selected_valid_c2_multi,64,1,4096,648.193
selected_valid_c2_multi,64,2,4096,648.021
selected_valid_c2_multi,64,3,4096,663.422
selected_valid_c2_multi,64,4,4096,648.041
selected_valid_c2_multi,64,5,4096,648.977
selected_valid_c2_multi,64,6,4096,648.570
selected_valid_c2_multi,64,7,4096,668.294
selected_valid_c2_multi,64,8,4096,672.068
selected_valid_c2_multi,64,9,4096,651.591
selected_valid_c2_multi,64,10,4096,650.665
selected_valid_c2_multi,64,11,4096,648.468
selected_filtered_c2_plain,64,0,2048,1527.161
selected_filtered_c2_plain,64,1,2048,1556.234
selected_filtered_c2_plain,64,2,2048,1527.201
selected_filtered_c2_plain,64,3,2048,1529.317
selected_filtered_c2_plain,64,4,2048,1525.635
selected_filtered_c2_plain,64,5,2048,1576.904
selected_filtered_c2_plain,64,6,2048,1533.854
selected_filtered_c2_plain,64,7,2048,1527.873
selected_filtered_c2_plain,64,8,2048,1531.209
selected_filtered_c2_plain,64,9,2048,1532.186
selected_filtered_c2_plain,64,10,2048,1531.006
selected_filtered_c2_plain,64,11,2048,1542.378
selected_filtered_c2_multi,64,0,2048,1525.553
selected_filtered_c2_multi,64,1,2048,1577.250
selected_filtered_c2_multi,64,2,2048,1540.955
selected_filtered_c2_multi,64,3,2048,1532.491
selected_filtered_c2_multi,64,4,2048,1525.980
selected_filtered_c2_multi,64,5,2048,1524.760
selected_filtered_c2_multi,64,6,2048,1522.542
selected_filtered_c2_multi,64,7,2048,1534.770
selected_filtered_c2_multi,64,8,2048,1539.714
selected_filtered_c2_multi,64,9,2048,1539.938
selected_filtered_c2_multi,64,10,2048,1497.029
selected_filtered_c2_multi,64,11,2048,1527.710
bool_dense_c0_plain,64,0,8192,260.112
bool_dense_c0_plain,64,1,8192,263.107
bool_dense_c0_plain,64,2,8192,262.095
bool_dense_c0_plain,64,3,8192,267.298
bool_dense_c0_plain,64,4,8192,260.396
bool_dense_c0_plain,64,5,8192,259.552
bool_dense_c0_plain,64,6,8192,258.682
bool_dense_c0_plain,64,7,8192,259.155
bool_dense_c0_plain,64,8,8192,262.889
bool_dense_c0_plain,64,9,8192,262.283
bool_dense_c0_plain,64,10,8192,258.896
bool_dense_c0_plain,64,11,8192,262.655
bool_dense_c0_multi,64,0,8192,271.886
bool_dense_c0_multi,64,1,8192,260.340
bool_dense_c0_multi,64,2,8192,259.750
bool_dense_c0_multi,64,3,8192,261.134
bool_dense_c0_multi,64,4,8192,259.730
bool_dense_c0_multi,64,5,8192,259.847
bool_dense_c0_multi,64,6,8192,259.735
bool_dense_c0_multi,64,7,8192,260.417
bool_dense_c0_multi,64,8,8192,259.933
bool_dense_c0_multi,64,9,8192,259.933
bool_dense_c0_multi,64,10,8192,263.972
bool_dense_c0_multi,64,11,8192,263.728
retry_dense,64,0,16384,249.433
retry_dense,64,1,16384,243.329
retry_dense,64,2,16384,242.686
retry_dense,64,3,16384,242.368
retry_dense,64,4,16384,242.147
retry_dense,64,5,16384,244.125
retry_dense,64,6,16384,244.425
retry_dense,64,7,16384,242.732
retry_dense,64,8,16384,250.109
retry_dense,64,9,16384,245.595
retry_dense,64,10,16384,243.497
retry_dense,64,11,16384,246.679
bool_dense_c1_plain,64,0,8192,252.808
bool_dense_c1_plain,64,1,8192,255.544
bool_dense_c1_plain,64,2,8192,253.265
bool_dense_c1_plain,64,3,8192,256.739
bool_dense_c1_plain,64,4,8192,253.586
bool_dense_c1_plain,64,5,8192,260.702
bool_dense_c1_plain,64,6,8192,254.476
bool_dense_c1_plain,64,7,8192,267.329
bool_dense_c1_plain,64,8,8192,253.586
bool_dense_c1_plain,64,9,8192,255.992
bool_dense_c1_plain,64,10,8192,255.895
bool_dense_c1_plain,64,11,8192,255.086
bool_dense_c1_multi,64,0,8192,251.877
bool_dense_c1_multi,64,1,8192,252.711
bool_dense_c1_multi,64,2,8192,251.333
bool_dense_c1_multi,64,3,8192,256.622
bool_dense_c1_multi,64,4,8192,250.956
bool_dense_c1_multi,64,5,8192,253.876
bool_dense_c1_multi,64,6,8192,251.394
bool_dense_c1_multi,64,7,8192,250.956
bool_dense_c1_multi,64,8,8192,250.936
bool_dense_c1_multi,64,9,8192,261.846
bool_dense_c1_multi,64,10,8192,252.965
bool_dense_c1_multi,64,11,8192,250.870
bool_dense_c2_plain,64,0,8192,245.000
bool_dense_c2_plain,64,1,8192,244.670
bool_dense_c2_plain,64,2,8192,245.244
bool_dense_c2_plain,64,3,8192,245.188
bool_dense_c2_plain,64,4,8192,245.066
bool_dense_c2_plain,64,5,8192,244.934
bool_dense_c2_plain,64,6,8192,250.239
bool_dense_c2_plain,64,7,8192,246.501
bool_dense_c2_plain,64,8,8192,249.583
bool_dense_c2_plain,64,9,8192,245.768
bool_dense_c2_plain,64,10,8192,246.343
bool_dense_c2_plain,64,11,8192,246.150
bool_dense_c2_multi,64,0,8192,248.179
bool_dense_c2_multi,64,1,8192,248.189
bool_dense_c2_multi,64,2,8192,250.671
bool_dense_c2_multi,64,3,8192,248.718
bool_dense_c2_multi,64,4,8192,255.132
bool_dense_c2_multi,64,5,8192,247.498
bool_dense_c2_multi,64,6,8192,247.960
bool_dense_c2_multi,64,7,8192,247.523
bool_dense_c2_multi,64,8,8192,248.245
bool_dense_c2_multi,64,9,8192,251.480
bool_dense_c2_multi,64,10,8192,251.312
bool_dense_c2_multi,64,11,8192,248.098
bool_partial_c0_plain,64,0,8192,476.486
bool_partial_c0_plain,64,1,8192,478.221
bool_partial_c0_plain,64,2,8192,480.189
bool_partial_c0_plain,64,3,8192,477.341
bool_partial_c0_plain,64,4,8192,479.462
bool_partial_c0_plain,64,5,8192,485.489
bool_partial_c0_plain,64,6,8192,479.431
bool_partial_c0_plain,64,7,8192,478.495
bool_partial_c0_plain,64,8,8192,493.871
bool_partial_c0_plain,64,9,8192,478.541
bool_partial_c0_plain,64,10,8192,478.882
bool_partial_c0_plain,64,11,8192,478.363
bool_partial_c0_multi,64,0,8192,480.148
bool_partial_c0_multi,64,1,8192,477.203
bool_partial_c0_multi,64,2,8192,485.179
bool_partial_c0_multi,64,3,8192,490.239
bool_partial_c0_multi,64,4,8192,483.098
bool_partial_c0_multi,64,5,8192,481.659
bool_partial_c0_multi,64,6,8192,481.445
bool_partial_c0_multi,64,7,8192,478.043
bool_partial_c0_multi,64,8,8192,485.657
bool_partial_c0_multi,64,9,8192,477.707
bool_partial_c0_multi,64,10,8192,477.147
bool_partial_c0_multi,64,11,8192,492.279
retry_partial,64,0,8192,442.871
retry_partial,64,1,8192,447.372
retry_partial,64,2,8192,445.541
retry_partial,64,3,8192,451.706
retry_partial,64,4,8192,446.325
retry_partial,64,5,8192,444.941
retry_partial,64,6,8192,457.092
retry_partial,64,7,8192,438.828
retry_partial,64,8,8192,442.927
retry_partial,64,9,8192,436.620
retry_partial,64,10,8192,434.474
retry_partial,64,11,8192,443.410
bool_partial_c1_plain,64,0,4096,510.763
bool_partial_c1_plain,64,1,4096,492.381
bool_partial_c1_plain,64,2,4096,492.167
bool_partial_c1_plain,64,3,4096,492.666
bool_partial_c1_plain,64,4,4096,526.001
bool_partial_c1_plain,64,5,4096,502.523
bool_partial_c1_plain,64,6,4096,494.415
bool_partial_c1_plain,64,7,4096,492.442
bool_partial_c1_plain,64,8,4096,500.549
bool_partial_c1_plain,64,9,4096,499.369
bool_partial_c1_plain,64,10,4096,504.842
bool_partial_c1_plain,64,11,4096,493.906
bool_partial_c1_multi,64,0,4096,492.737
bool_partial_c1_multi,64,1,4096,499.817
bool_partial_c1_multi,64,2,4096,498.810
bool_partial_c1_multi,64,3,4096,492.462
bool_partial_c1_multi,64,4,4096,491.872
bool_partial_c1_multi,64,5,4096,492.503
bool_partial_c1_multi,64,6,4096,493.429
bool_partial_c1_multi,64,7,4096,515.208
bool_partial_c1_multi,64,8,4096,498.962
bool_partial_c1_multi,64,9,4096,492.421
bool_partial_c1_multi,64,10,4096,492.218
bool_partial_c1_multi,64,11,4096,493.327
bool_partial_c2_plain,64,0,4096,498.708
bool_partial_c2_plain,64,1,4096,495.951
bool_partial_c2_plain,64,2,4096,496.775
bool_partial_c2_plain,64,3,4096,504.405
bool_partial_c2_plain,64,4,4096,497.020
bool_partial_c2_plain,64,5,4096,503.886
bool_partial_c2_plain,64,6,4096,496.714
bool_partial_c2_plain,64,7,4096,497.792
bool_partial_c2_plain,64,8,4096,497.792
bool_partial_c2_plain,64,9,4096,524.465
bool_partial_c2_plain,64,10,4096,502.340
bool_partial_c2_plain,64,11,4096,498.118
bool_partial_c2_multi,64,0,4096,496.623
bool_partial_c2_multi,64,1,4096,511.892
bool_partial_c2_multi,64,2,4096,496.033
bool_partial_c2_multi,64,3,4096,497.701
bool_partial_c2_multi,64,4,4096,496.541
bool_partial_c2_multi,64,5,4096,496.094
bool_partial_c2_multi,64,6,4096,504.252
bool_partial_c2_multi,64,7,4096,495.555
bool_partial_c2_multi,64,8,4096,503.947
bool_partial_c2_multi,64,9,4096,497.721
bool_partial_c2_multi,64,10,4096,500.448
bool_partial_c2_multi,64,11,4096,522.074
bool_retry_c0_plain,64,0,4096,747.294
bool_retry_c0_plain,64,1,4096,760.722
bool_retry_c0_plain,64,2,4096,762.695
bool_retry_c0_plain,64,3,4096,723.511
bool_retry_c0_plain,64,4,4096,734.457
bool_retry_c0_plain,64,5,4096,752.889
bool_retry_c0_plain,64,6,4096,753.906
bool_retry_c0_plain,64,7,4096,744.507
bool_retry_c0_plain,64,8,4096,745.168
bool_retry_c0_plain,64,9,4096,769.450
bool_retry_c0_plain,64,10,4096,746.857
bool_retry_c0_plain,64,11,4096,742.757
bool_retry_c0_multi,64,0,4096,747.070
bool_retry_c0_multi,64,1,4096,747.782
bool_retry_c0_multi,64,2,4096,752.462
bool_retry_c0_multi,64,3,4096,754.008
bool_retry_c0_multi,64,4,4096,747.935
bool_retry_c0_multi,64,5,4096,749.033
bool_retry_c0_multi,64,6,4096,780.090
bool_retry_c0_multi,64,7,4096,748.312
bool_retry_c0_multi,64,8,4096,755.920
bool_retry_c0_multi,64,9,4096,746.846
bool_retry_c0_multi,64,10,4096,760.366
bool_retry_c0_multi,64,11,4096,746.857
retry_retry,64,0,4096,723.409
retry_retry,64,1,4096,716.166
retry_retry,64,2,4096,722.931
retry_retry,64,3,4096,742.167
retry_retry,64,4,4096,716.827
retry_retry,64,5,4096,714.101
retry_retry,64,6,4096,714.498
retry_retry,64,7,4096,731.099
retry_retry,64,8,4096,713.267
retry_retry,64,9,4096,713.837
retry_retry,64,10,4096,723.358
retry_retry,64,11,4096,714.590
bool_retry_c1_plain,64,0,4096,798.645
bool_retry_c1_plain,64,1,4096,759.715
bool_retry_c1_plain,64,2,4096,759.776
bool_retry_c1_plain,64,3,4096,760.183
bool_retry_c1_plain,64,4,4096,759.857
bool_retry_c1_plain,64,5,4096,757.924
bool_retry_c1_plain,64,6,4096,759.216
bool_retry_c1_plain,64,7,4096,764.089
bool_retry_c1_plain,64,8,4096,757.874
bool_retry_c1_plain,64,9,4096,770.406
bool_retry_c1_plain,64,10,4096,759.938
bool_retry_c1_plain,64,11,4096,788.930
bool_retry_c1_multi,64,0,4096,772.013
bool_retry_c1_multi,64,1,4096,759.755
bool_retry_c1_multi,64,2,4096,757.741
bool_retry_c1_multi,64,3,4096,757.253
bool_retry_c1_multi,64,4,4096,763.824
bool_retry_c1_multi,64,5,4096,769.745
bool_retry_c1_multi,64,6,4096,769.643
bool_retry_c1_multi,64,7,4096,788.127
bool_retry_c1_multi,64,8,4096,789.032
bool_retry_c1_multi,64,9,4096,743.652
bool_retry_c1_multi,64,10,4096,751.902
bool_retry_c1_multi,64,11,4096,776.561
bool_retry_c2_plain,64,0,4096,773.376
bool_retry_c2_plain,64,1,4096,767.802
bool_retry_c2_plain,64,2,4096,772.624
bool_retry_c2_plain,64,3,4096,764.506
bool_retry_c2_plain,64,4,4096,786.356
bool_retry_c2_plain,64,5,4096,775.136
bool_retry_c2_plain,64,6,4096,766.907
bool_retry_c2_plain,64,7,4096,767.944
bool_retry_c2_plain,64,8,4096,764.048
bool_retry_c2_plain,64,9,4096,763.611
bool_retry_c2_plain,64,10,4096,764.119
bool_retry_c2_plain,64,11,4096,769.796
bool_retry_c2_multi,64,0,4096,764.699
bool_retry_c2_multi,64,1,4096,792.409
bool_retry_c2_multi,64,2,4096,763.438
bool_retry_c2_multi,64,3,4096,769.674
bool_retry_c2_multi,64,4,4096,764.628
bool_retry_c2_multi,64,5,4096,779.551
bool_retry_c2_multi,64,6,4096,764.231
bool_retry_c2_multi,64,7,4096,763.448
bool_retry_c2_multi,64,8,4096,772.736
bool_retry_c2_multi,64,9,4096,771.444
bool_retry_c2_multi,64,10,4096,764.221
bool_retry_c2_multi,64,11,4096,764.730
bool_failure_c0_plain,64,0,16384,187.719
bool_failure_c0_plain,64,1,16384,189.944
bool_failure_c0_plain,64,2,16384,189.562
bool_failure_c0_plain,64,3,16384,188.769
bool_failure_c0_plain,64,4,16384,189.031
bool_failure_c0_plain,64,5,16384,192.004
bool_failure_c0_plain,64,6,16384,192.746
bool_failure_c0_plain,64,7,16384,190.013
bool_failure_c0_plain,64,8,16384,189.830
bool_failure_c0_plain,64,9,16384,196.546
bool_failure_c0_plain,64,10,16384,191.948
bool_failure_c0_plain,64,11,16384,190.381
bool_failure_c0_multi,64,0,16384,187.826
bool_failure_c0_multi,64,1,16384,187.945
bool_failure_c0_multi,64,2,16384,191.096
bool_failure_c0_multi,64,3,16384,189.405
bool_failure_c0_multi,64,4,16384,189.425
bool_failure_c0_multi,64,5,16384,189.176
bool_failure_c0_multi,64,6,16384,192.383
bool_failure_c0_multi,64,7,16384,187.775
bool_failure_c0_multi,64,8,16384,187.752
bool_failure_c0_multi,64,9,16384,190.654
bool_failure_c0_multi,64,10,16384,187.836
bool_failure_c0_multi,64,11,16384,190.173
retry_failure,64,0,16384,187.894
retry_failure,64,1,16384,186.323
retry_failure,64,2,16384,186.358
retry_failure,64,3,16384,196.106
retry_failure,64,4,16384,186.803
retry_failure,64,5,16384,187.319
retry_failure,64,6,16384,186.053
retry_failure,64,7,16384,190.333
retry_failure,64,8,16384,186.208
retry_failure,64,9,16384,187.500
retry_failure,64,10,16384,187.673
retry_failure,64,11,16384,188.113
bool_failure_c1_plain,64,0,16384,187.304
bool_failure_c1_plain,64,1,16384,182.495
bool_failure_c1_plain,64,2,16384,182.264
bool_failure_c1_plain,64,3,16384,182.582
bool_failure_c1_plain,64,4,16384,182.752
bool_failure_c1_plain,64,5,16384,181.780
bool_failure_c1_plain,64,6,16384,181.989
bool_failure_c1_plain,64,7,16384,183.131
bool_failure_c1_plain,64,8,16384,183.652
bool_failure_c1_plain,64,9,16384,182.167
bool_failure_c1_plain,64,10,16384,185.282
bool_failure_c1_plain,64,11,16384,184.977
bool_failure_c1_multi,64,0,16384,183.357
bool_failure_c1_multi,64,1,16384,184.794
bool_failure_c1_multi,64,2,16384,181.422
bool_failure_c1_multi,64,3,16384,182.264
bool_failure_c1_multi,64,4,16384,184.893
bool_failure_c1_multi,64,5,16384,183.462
bool_failure_c1_multi,64,6,16384,181.994
bool_failure_c1_multi,64,7,16384,181.712
bool_failure_c1_multi,64,8,16384,190.498
bool_failure_c1_multi,64,9,16384,182.559
bool_failure_c1_multi,64,10,16384,181.742
bool_failure_c1_multi,64,11,16384,181.819
bool_failure_c2_plain,64,0,16384,175.413
bool_failure_c2_plain,64,1,16384,177.211
bool_failure_c2_plain,64,2,16384,175.374
bool_failure_c2_plain,64,3,16384,176.763
bool_failure_c2_plain,64,4,16384,175.021
bool_failure_c2_plain,64,5,16384,181.717
bool_failure_c2_plain,64,6,16384,175.377
bool_failure_c2_plain,64,7,16384,175.705
bool_failure_c2_plain,64,8,16384,175.591
bool_failure_c2_plain,64,9,16384,175.176
bool_failure_c2_plain,64,10,16384,176.427
bool_failure_c2_plain,64,11,16384,174.647
bool_failure_c2_multi,64,0,16384,175.573
bool_failure_c2_multi,64,1,16384,178.096
bool_failure_c2_multi,64,2,16384,177.170
bool_failure_c2_multi,64,3,16384,183.614
bool_failure_c2_multi,64,4,16384,176.071
bool_failure_c2_multi,64,5,16384,177.007
bool_failure_c2_multi,64,6,16384,177.531
bool_failure_c2_multi,64,7,16384,175.532
bool_failure_c2_multi,64,8,16384,174.342
bool_failure_c2_multi,64,9,16384,177.137
bool_failure_c2_multi,64,10,16384,178.408
bool_failure_c2_multi,64,11,16384,175.631
utf8_decode_inline,1024,0,1024,3524.942
utf8_decode_inline,1024,1,1024,3402.832
utf8_decode_inline,1024,2,1024,3420.451
utf8_decode_inline,1024,3,1024,3442.993
utf8_decode_inline,1024,4,1024,3439.209
utf8_decode_inline,1024,5,1024,3386.759
utf8_decode_inline,1024,6,1024,3393.839
utf8_decode_inline,1024,7,1024,3380.655
utf8_decode_inline,1024,8,1024,3405.844
utf8_decode_inline,1024,9,1024,3397.949
utf8_decode_inline,1024,10,1024,3380.534
utf8_decode_inline,1024,11,1024,3457.153
utf8_decode_external,1024,0,256,8902.508
utf8_decode_external,1024,1,256,9015.785
utf8_decode_external,1024,2,256,8886.391
utf8_decode_external,1024,3,256,8909.996
utf8_decode_external,1024,4,256,9057.617
utf8_decode_external,1024,5,256,9216.469
utf8_decode_external,1024,6,256,8950.031
utf8_decode_external,1024,7,256,9144.371
utf8_decode_external,1024,8,256,9004.066
utf8_decode_external,1024,9,256,8949.543
utf8_decode_external,1024,10,256,8885.094
utf8_decode_external,1024,11,256,9442.223
invocation_rowfn,1024,0,8192,276.606
invocation_rowfn,1024,1,8192,275.955
invocation_rowfn,1024,2,8192,280.757
invocation_rowfn,1024,3,8192,273.127
invocation_rowfn,1024,4,8192,274.643
invocation_rowfn,1024,5,8192,273.844
invocation_rowfn,1024,6,8192,280.151
invocation_rowfn,1024,7,8192,266.673
invocation_rowfn,1024,8,8192,270.350
invocation_rowfn,1024,9,8192,277.191
invocation_rowfn,1024,10,8192,273.458
invocation_rowfn,1024,11,8192,267.914
invocation_fresh_args,1024,0,8192,277.018
invocation_fresh_args,1024,1,8192,277.435
invocation_fresh_args,1024,2,8192,276.891
invocation_fresh_args,1024,3,8192,282.862
invocation_fresh_args,1024,4,8192,278.091
invocation_fresh_args,1024,5,8192,277.171
invocation_fresh_args,1024,6,8192,276.428
invocation_fresh_args,1024,7,8192,281.392
invocation_fresh_args,1024,8,8192,276.311
invocation_fresh_args,1024,9,8192,276.825
invocation_fresh_args,1024,10,8192,280.421
invocation_fresh_args,1024,11,8192,276.688
invocation_direct_collector,1024,0,16384,141.586
invocation_direct_collector,1024,1,16384,141.378
invocation_direct_collector,1024,2,16384,141.057
invocation_direct_collector,1024,3,16384,141.469
invocation_direct_collector,1024,4,16384,141.256
invocation_direct_collector,1024,5,16384,141.670
invocation_direct_collector,1024,6,16384,141.136
invocation_direct_collector,1024,7,16384,141.363
invocation_direct_collector,1024,8,16384,142.761
invocation_direct_collector,1024,9,16384,141.291
invocation_direct_collector,1024,10,16384,142.354
invocation_direct_collector,1024,11,16384,141.825
invocation_direct_iterator,1024,0,8192,423.492
invocation_direct_iterator,1024,1,8192,424.428
invocation_direct_iterator,1024,2,8192,431.610
invocation_direct_iterator,1024,3,8192,422.597
invocation_direct_iterator,1024,4,8192,420.003
invocation_direct_iterator,1024,5,8192,421.341
invocation_direct_iterator,1024,6,8192,422.923
invocation_direct_iterator,1024,7,8192,417.801
invocation_direct_iterator,1024,8,8192,423.757
invocation_direct_iterator,1024,9,8192,425.573
invocation_direct_iterator,1024,10,8192,418.925
invocation_direct_iterator,1024,11,8192,416.707
invocation_clone_drop,1024,0,1048576,3.388
invocation_clone_drop,1024,1,1048576,3.370
invocation_clone_drop,1024,2,1048576,3.411
invocation_clone_drop,1024,3,1048576,3.356
invocation_clone_drop,1024,4,1048576,3.492
invocation_clone_drop,1024,5,1048576,3.359
invocation_clone_drop,1024,6,1048576,3.367
invocation_clone_drop,1024,7,1048576,3.390
invocation_clone_drop,1024,8,1048576,3.361
invocation_clone_drop,1024,9,1048576,3.370
invocation_clone_drop,1024,10,1048576,3.398
invocation_clone_drop,1024,11,1048576,3.356
invocation_plan,1024,0,262144,11.825
invocation_plan,1024,1,262144,11.554
invocation_plan,1024,2,262144,11.618
invocation_plan,1024,3,262144,11.463
invocation_plan,1024,4,262144,11.415
invocation_plan,1024,5,262144,11.519
invocation_plan,1024,6,262144,11.522
invocation_plan,1024,7,262144,11.692
invocation_plan,1024,8,262144,11.650
invocation_plan,1024,9,262144,11.543
invocation_plan,1024,10,262144,11.521
invocation_plan,1024,11,262144,12.041
selected_valid_c0_plain,1024,0,2048,1240.397
selected_valid_c0_plain,1024,1,2048,1241.150
selected_valid_c0_plain,1024,2,2048,1244.629
selected_valid_c0_plain,1024,3,2048,1236.654
selected_valid_c0_plain,1024,4,2048,1238.057
selected_valid_c0_plain,1024,5,2048,1253.927
selected_valid_c0_plain,1024,6,2048,1243.062
selected_valid_c0_plain,1024,7,2048,1261.149
selected_valid_c0_plain,1024,8,2048,1243.896
selected_valid_c0_plain,1024,9,2048,1240.336
selected_valid_c0_plain,1024,10,2048,1296.590
selected_valid_c0_plain,1024,11,2048,1243.144
selected_valid_c0_multi,1024,0,2048,1241.496
selected_valid_c0_multi,1024,1,2048,1240.153
selected_valid_c0_multi,1024,2,2048,1240.499
selected_valid_c0_multi,1024,3,2048,1245.524
selected_valid_c0_multi,1024,4,2048,1253.540
selected_valid_c0_multi,1024,5,2048,1239.665
selected_valid_c0_multi,1024,6,2048,1259.583
selected_valid_c0_multi,1024,7,2048,1242.004
selected_valid_c0_multi,1024,8,2048,1240.092
selected_valid_c0_multi,1024,9,2048,1311.076
selected_valid_c0_multi,1024,10,2048,1246.969
selected_valid_c0_multi,1024,11,2048,1244.283
selected_filtered_c0_plain,1024,0,1024,2719.686
selected_filtered_c0_plain,1024,1,1024,2703.653
selected_filtered_c0_plain,1024,2,1024,2693.848
selected_filtered_c0_plain,1024,3,1024,2733.562
selected_filtered_c0_plain,1024,4,1024,2729.451
selected_filtered_c0_plain,1024,5,1024,2669.922
selected_filtered_c0_plain,1024,6,1024,2677.653
selected_filtered_c0_plain,1024,7,1024,2805.135
selected_filtered_c0_plain,1024,8,1024,2704.752
selected_filtered_c0_plain,1024,9,1024,2695.354
selected_filtered_c0_plain,1024,10,1024,2689.209
selected_filtered_c0_plain,1024,11,1024,2685.547
selected_filtered_c0_multi,1024,0,1024,2672.688
selected_filtered_c0_multi,1024,1,1024,2704.997
selected_filtered_c0_multi,1024,2,1024,2701.945
selected_filtered_c0_multi,1024,3,1024,2673.625
selected_filtered_c0_multi,1024,4,1024,2680.542
selected_filtered_c0_multi,1024,5,1024,2791.585
selected_filtered_c0_multi,1024,6,1024,2676.839
selected_filtered_c0_multi,1024,7,1024,2684.123
selected_filtered_c0_multi,1024,8,1024,2686.198
selected_filtered_c0_multi,1024,9,1024,2679.362
selected_filtered_c0_multi,1024,10,1024,2672.567
selected_filtered_c0_multi,1024,11,1024,2677.002
selected_valid_c1_plain,1024,0,2048,1332.194
selected_valid_c1_plain,1024,1,2048,1313.232
selected_valid_c1_plain,1024,2,2048,1315.897
selected_valid_c1_plain,1024,3,2048,1374.349
selected_valid_c1_plain,1024,4,2048,1314.697
selected_valid_c1_plain,1024,5,2048,1316.854
selected_valid_c1_plain,1024,6,2048,1313.029
selected_valid_c1_plain,1024,7,2048,1326.741
selected_valid_c1_plain,1024,8,2048,1334.514
selected_valid_c1_plain,1024,9,2048,1314.148
selected_valid_c1_plain,1024,10,2048,1310.709
selected_valid_c1_plain,1024,11,2048,1330.953
selected_valid_c1_multi,1024,0,2048,1314.840
selected_valid_c1_multi,1024,1,2048,1311.707
selected_valid_c1_multi,1024,2,2048,1396.179
selected_valid_c1_multi,1024,3,2048,1358.154
selected_valid_c1_multi,1024,4,2048,1382.528
selected_valid_c1_multi,1024,5,2048,1394.613
selected_valid_c1_multi,1024,6,2048,1393.331
selected_valid_c1_multi,1024,7,2048,1393.270
selected_valid_c1_multi,1024,8,2048,1394.145
selected_valid_c1_multi,1024,9,2048,1406.982
selected_valid_c1_multi,1024,10,2048,1397.522
selected_valid_c1_multi,1024,11,2048,1415.385
selected_filtered_c1_plain,1024,0,1024,2636.108
selected_filtered_c1_plain,1024,1,1024,2527.019
selected_filtered_c1_plain,1024,2,1024,2531.454
selected_filtered_c1_plain,1024,3,1024,2520.061
selected_filtered_c1_plain,1024,4,1024,2514.363
selected_filtered_c1_plain,1024,5,1024,2514.811
selected_filtered_c1_plain,1024,6,1024,2513.591
selected_filtered_c1_plain,1024,7,1024,2511.353
selected_filtered_c1_plain,1024,8,1024,2543.904
selected_filtered_c1_plain,1024,9,1024,2513.469
selected_filtered_c1_plain,1024,10,1024,2543.213
selected_filtered_c1_plain,1024,11,1024,2513.590
selected_filtered_c1_multi,1024,0,1024,2528.116
selected_filtered_c1_multi,1024,1,1024,2461.060
selected_filtered_c1_multi,1024,2,1024,2511.759
selected_filtered_c1_multi,1024,3,1024,2573.893
selected_filtered_c1_multi,1024,4,1024,2517.904
selected_filtered_c1_multi,1024,5,1024,2520.183
selected_filtered_c1_multi,1024,6,1024,2525.716
selected_filtered_c1_multi,1024,7,1024,2566.446
selected_filtered_c1_multi,1024,8,1024,2526.855
selected_filtered_c1_multi,1024,9,1024,2589.560
selected_filtered_c1_multi,1024,10,1024,2544.271
selected_filtered_c1_multi,1024,11,1024,2584.391
selected_valid_c2_plain,1024,0,2048,1309.814
selected_valid_c2_plain,1024,1,2048,1309.814
selected_valid_c2_plain,1024,2,2048,1307.841
selected_valid_c2_plain,1024,3,2048,1308.146
selected_valid_c2_plain,1024,4,2048,1305.786
selected_valid_c2_plain,1024,5,2048,1315.125
selected_valid_c2_plain,1024,6,2048,1314.066
selected_valid_c2_plain,1024,7,2048,1317.363
selected_valid_c2_plain,1024,8,2048,1309.611
selected_valid_c2_plain,1024,9,2048,1310.140
selected_valid_c2_plain,1024,10,2048,1359.396
selected_valid_c2_plain,1024,11,2048,1315.166
selected_valid_c2_multi,1024,0,2048,1311.646
selected_valid_c2_multi,1024,1,2048,1313.375
selected_valid_c2_multi,1024,2,2048,1315.125
selected_valid_c2_multi,1024,3,2048,1312.663
selected_valid_c2_multi,1024,4,2048,1327.881
selected_valid_c2_multi,1024,5,2048,1312.174
selected_valid_c2_multi,1024,6,2048,1324.117
selected_valid_c2_multi,1024,7,2048,1310.648
selected_valid_c2_multi,1024,8,2048,1343.038
selected_valid_c2_multi,1024,9,2048,1362.264
selected_valid_c2_multi,1024,10,2048,1323.100
selected_valid_c2_multi,1024,11,2048,1314.677
selected_filtered_c2_plain,1024,0,1024,2417.480
selected_filtered_c2_plain,1024,1,1024,2400.960
selected_filtered_c2_plain,1024,2,1024,2391.724
selected_filtered_c2_plain,1024,3,1024,2426.432
selected_filtered_c2_plain,1024,4,1024,2394.572
selected_filtered_c2_plain,1024,5,1024,2421.143
selected_filtered_c2_plain,1024,6,1024,2385.904
selected_filtered_c2_plain,1024,7,1024,2442.952
selected_filtered_c2_plain,1024,8,1024,2469.523
selected_filtered_c2_plain,1024,9,1024,2407.186
selected_filtered_c2_plain,1024,10,1024,2399.983
selected_filtered_c2_plain,1024,11,1024,2395.589
selected_filtered_c2_multi,1024,0,1024,2393.636
selected_filtered_c2_multi,1024,1,1024,2395.671
selected_filtered_c2_multi,1024,2,1024,2419.881
selected_filtered_c2_multi,1024,3,1024,2392.415
selected_filtered_c2_multi,1024,4,1024,2425.252
selected_filtered_c2_multi,1024,5,1024,2402.913
selected_filtered_c2_multi,1024,6,1024,2389.688
selected_filtered_c2_multi,1024,7,1024,2477.905
selected_filtered_c2_multi,1024,8,1024,2418.213
selected_filtered_c2_multi,1024,9,1024,2406.209
selected_filtered_c2_multi,1024,10,1024,2395.142
selected_filtered_c2_multi,1024,11,1024,2395.101
bool_dense_c0_plain,1024,0,8192,452.530
bool_dense_c0_plain,1024,1,8192,456.670
bool_dense_c0_plain,1024,2,8192,456.690
bool_dense_c0_plain,1024,3,8192,453.242
bool_dense_c0_plain,1024,4,8192,471.303
bool_dense_c0_plain,1024,5,8192,459.183
bool_dense_c0_plain,1024,6,8192,454.793
bool_dense_c0_plain,1024,7,8192,462.433
bool_dense_c0_plain,1024,8,8192,453.273
bool_dense_c0_plain,1024,9,8192,453.832
bool_dense_c0_plain,1024,10,8192,456.955
bool_dense_c0_plain,1024,11,8192,457.097
bool_dense_c0_multi,1024,0,8192,464.010
bool_dense_c0_multi,1024,1,8192,465.337
bool_dense_c0_multi,1024,2,8192,464.340
bool_dense_c0_multi,1024,3,8192,464.289
bool_dense_c0_multi,1024,4,8192,467.494
bool_dense_c0_multi,1024,5,8192,466.227
bool_dense_c0_multi,1024,6,8192,463.842
bool_dense_c0_multi,1024,7,8192,464.493
bool_dense_c0_multi,1024,8,8192,478.485
bool_dense_c0_multi,1024,9,8192,465.678
bool_dense_c0_multi,1024,10,8192,463.618
bool_dense_c0_multi,1024,11,8192,463.872
retry_dense,1024,0,8192,431.280
retry_dense,1024,1,8192,428.802
retry_dense,1024,2,8192,430.110
retry_dense,1024,3,8192,436.661
retry_dense,1024,4,8192,430.725
retry_dense,1024,5,8192,428.197
retry_dense,1024,6,8192,423.289
retry_dense,1024,7,8192,423.691
retry_dense,1024,8,8192,434.540
retry_dense,1024,9,8192,470.566
retry_dense,1024,10,8192,463.572
retry_dense,1024,11,8192,432.978
bool_dense_c1_plain,1024,0,8192,388.479
bool_dense_c1_plain,1024,1,8192,388.585
bool_dense_c1_plain,1024,2,8192,388.667
bool_dense_c1_plain,1024,3,8192,388.601
bool_dense_c1_plain,1024,4,8192,389.318
bool_dense_c1_plain,1024,5,8192,391.307
bool_dense_c1_plain,1024,6,8192,392.802
bool_dense_c1_plain,1024,7,8192,388.845
bool_dense_c1_plain,1024,8,8192,388.657
bool_dense_c1_plain,1024,9,8192,401.810
bool_dense_c1_plain,1024,10,8192,390.483
bool_dense_c1_plain,1024,11,8192,389.267
bool_dense_c1_multi,1024,0,8192,389.476
bool_dense_c1_multi,1024,1,8192,389.694
bool_dense_c1_multi,1024,2,8192,392.461
bool_dense_c1_multi,1024,3,8192,393.484
bool_dense_c1_multi,1024,4,8192,390.605
bool_dense_c1_multi,1024,5,8192,403.788
bool_dense_c1_multi,1024,6,8192,393.346
bool_dense_c1_multi,1024,7,8192,391.490
bool_dense_c1_multi,1024,8,8192,389.633
bool_dense_c1_multi,1024,9,8192,397.034
bool_dense_c1_multi,1024,10,8192,390.406
bool_dense_c1_multi,1024,11,8192,390.310
bool_dense_c2_plain,1024,0,8192,382.970
bool_dense_c2_plain,1024,1,8192,383.067
bool_dense_c2_plain,1024,2,8192,395.787
bool_dense_c2_plain,1024,3,8192,383.031
bool_dense_c2_plain,1024,4,8192,376.999
bool_dense_c2_plain,1024,5,8192,382.517
bool_dense_c2_plain,1024,6,8192,384.394
bool_dense_c2_plain,1024,7,8192,384.872
bool_dense_c2_plain,1024,8,8192,384.715
bool_dense_c2_plain,1024,9,8192,380.625
bool_dense_c2_plain,1024,10,8192,371.943
bool_dense_c2_plain,1024,11,8192,378.077
bool_dense_c2_multi,1024,0,8192,385.396
bool_dense_c2_multi,1024,1,8192,388.646
bool_dense_c2_multi,1024,2,8192,389.272
bool_dense_c2_multi,1024,3,8192,389.313
bool_dense_c2_multi,1024,4,8192,391.190
bool_dense_c2_multi,1024,5,8192,392.588
bool_dense_c2_multi,1024,6,8192,397.141
bool_dense_c2_multi,1024,7,8192,396.922
bool_dense_c2_multi,1024,8,8192,394.028
bool_dense_c2_multi,1024,9,8192,395.487
bool_dense_c2_multi,1024,10,8192,413.483
bool_dense_c2_multi,1024,11,8192,397.095
bool_partial_c0_plain,1024,0,4096,680.786
bool_partial_c0_plain,1024,1,4096,668.304
bool_partial_c0_plain,1024,2,4096,667.948
bool_partial_c0_plain,1024,3,4096,675.446
bool_partial_c0_plain,1024,4,4096,674.245
bool_partial_c0_plain,1024,5,4096,665.680
bool_partial_c0_plain,1024,6,4096,665.985
bool_partial_c0_plain,1024,7,4096,684.926
bool_partial_c0_plain,1024,8,4096,665.120
bool_partial_c0_plain,1024,9,4096,667.073
bool_partial_c0_plain,1024,10,4096,668.742
bool_partial_c0_plain,1024,11,4096,667.307
bool_partial_c0_multi,1024,0,4096,667.653
bool_partial_c0_multi,1024,1,4096,674.490
bool_partial_c0_multi,1024,2,4096,671.702
bool_partial_c0_multi,1024,3,4096,670.725
bool_partial_c0_multi,1024,4,4096,667.714
bool_partial_c0_multi,1024,5,4096,676.005
bool_partial_c0_multi,1024,6,4096,690.633
bool_partial_c0_multi,1024,7,4096,667.908
bool_partial_c0_multi,1024,8,4096,675.039
bool_partial_c0_multi,1024,9,4096,668.660
bool_partial_c0_multi,1024,10,4096,685.252
bool_partial_c0_multi,1024,11,4096,668.966
retry_partial,1024,0,4096,628.632
retry_partial,1024,1,4096,646.413
retry_partial,1024,2,4096,632.375
retry_partial,1024,3,4096,645.233
retry_partial,1024,4,4096,673.625
retry_partial,1024,5,4096,645.213
retry_partial,1024,6,4096,635.946
retry_partial,1024,7,4096,634.939
retry_partial,1024,8,4096,634.359
retry_partial,1024,9,4096,649.933
retry_partial,1024,10,4096,634.328
retry_partial,1024,11,4096,632.935
bool_partial_c1_plain,1024,0,2048,1146.810
bool_partial_c1_plain,1024,1,2048,1086.405
bool_partial_c1_plain,1024,2,2048,1090.271
bool_partial_c1_plain,1024,3,2048,1084.859
bool_partial_c1_plain,1024,4,2048,1138.855
bool_partial_c1_plain,1024,5,2048,1089.071
bool_partial_c1_plain,1024,6,2048,1085.815
bool_partial_c1_plain,1024,7,2048,1088.297
bool_partial_c1_plain,1024,8,2048,1085.815
bool_partial_c1_plain,1024,9,2048,1084.310
bool_partial_c1_plain,1024,10,2048,1085.999
bool_partial_c1_plain,1024,11,2048,1088.236
bool_partial_c1_multi,1024,0,2048,1094.543
bool_partial_c1_multi,1024,1,2048,1100.098
bool_partial_c1_multi,1024,2,2048,1087.749
bool_partial_c1_multi,1024,3,2048,1084.961
bool_partial_c1_multi,1024,4,2048,1089.132
bool_partial_c1_multi,1024,5,2048,1140.117
bool_partial_c1_multi,1024,6,2048,1090.373
bool_partial_c1_multi,1024,7,2048,1089.478
bool_partial_c1_multi,1024,8,2048,1085.165
bool_partial_c1_multi,1024,9,2048,1067.871
bool_partial_c1_multi,1024,10,2048,1095.418
bool_partial_c1_multi,1024,11,2048,1076.945
bool_partial_c2_plain,1024,0,2048,1144.084
bool_partial_c2_plain,1024,1,2048,1155.273
bool_partial_c2_plain,1024,2,2048,1158.346
bool_partial_c2_plain,1024,3,2048,1138.428
bool_partial_c2_plain,1024,4,2048,1138.916
bool_partial_c2_plain,1024,5,2048,1139.018
bool_partial_c2_plain,1024,6,2048,1193.420
bool_partial_c2_plain,1024,7,2048,1149.658
bool_partial_c2_plain,1024,8,2048,1142.578
bool_partial_c2_plain,1024,9,2048,1135.925
bool_partial_c2_plain,1024,10,2048,1143.005
bool_partial_c2_plain,1024,11,2048,1083.923
bool_partial_c2_multi,1024,0,2048,1076.009
bool_partial_c2_multi,1024,1,2048,1089.722
bool_partial_c2_multi,1024,2,2048,1073.019
bool_partial_c2_multi,1024,3,2048,1087.240
bool_partial_c2_multi,1024,4,2048,1077.413
bool_partial_c2_multi,1024,5,2048,1079.041
bool_partial_c2_multi,1024,6,2048,1075.928
bool_partial_c2_multi,1024,7,2048,1134.074
bool_partial_c2_multi,1024,8,2048,1075.134
bool_partial_c2_multi,1024,9,2048,1078.003
bool_partial_c2_multi,1024,10,2048,1075.439
bool_partial_c2_multi,1024,11,2048,1076.925
bool_retry_c0_plain,1024,0,2048,1524.251
bool_retry_c0_plain,1024,1,2048,1511.943
bool_retry_c0_plain,1024,2,2048,1525.431
bool_retry_c0_plain,1024,3,2048,1513.712
bool_retry_c0_plain,1024,4,2048,1553.040
bool_retry_c0_plain,1024,5,2048,1546.407
bool_retry_c0_plain,1024,6,2048,1515.157
bool_retry_c0_plain,1024,7,2048,1515.096
bool_retry_c0_plain,1024,8,2048,1545.654
bool_retry_c0_plain,1024,9,2048,1518.168
bool_retry_c0_plain,1024,10,2048,1515.218
bool_retry_c0_plain,1024,11,2048,1534.139
bool_retry_c0_multi,1024,0,2048,1512.858
bool_retry_c0_multi,1024,1,2048,1572.123
bool_retry_c0_multi,1024,2,2048,1530.497
bool_retry_c0_multi,1024,3,2048,1518.148
bool_retry_c0_multi,1024,4,2048,1518.127
bool_retry_c0_multi,1024,5,2048,1545.451
bool_retry_c0_multi,1024,6,2048,1520.264
bool_retry_c0_multi,1024,7,2048,1518.697
bool_retry_c0_multi,1024,8,2048,1529.338
bool_retry_c0_multi,1024,9,2048,1527.201
bool_retry_c0_multi,1024,10,2048,1514.404
bool_retry_c0_multi,1024,11,2048,1516.032
retry_retry,1024,0,2048,1406.779
retry_retry,1024,1,2048,1407.938
retry_retry,1024,2,2048,1408.081
retry_retry,1024,3,2048,1416.667
retry_retry,1024,4,2048,1403.320
retry_retry,1024,5,2048,1420.491
retry_retry,1024,6,2048,1409.078
retry_retry,1024,7,2048,1424.845
retry_retry,1024,8,2048,1406.372
retry_retry,1024,9,2048,1423.747
retry_retry,1024,10,2048,1443.135
retry_retry,1024,11,2048,1404.459
bool_retry_c1_plain,1024,0,1024,1994.711
bool_retry_c1_plain,1024,1,1024,1947.388
bool_retry_c1_plain,1024,2,1024,1896.524
bool_retry_c1_plain,1024,3,1024,1898.111
bool_retry_c1_plain,1024,4,1024,1895.752
bool_retry_c1_plain,1024,5,1024,1931.234
bool_retry_c1_plain,1024,6,1024,1893.514
bool_retry_c1_plain,1024,7,1024,1919.841
bool_retry_c1_plain,1024,8,1024,1894.369
bool_retry_c1_plain,1024,9,1024,1897.177
bool_retry_c1_plain,1024,10,1024,1897.990
bool_retry_c1_plain,1024,11,1024,1903.931
bool_retry_c1_multi,1024,0,2048,1914.713
bool_retry_c1_multi,1024,1,2048,1910.604
bool_retry_c1_multi,1024,2,2048,1908.793
bool_retry_c1_multi,1024,3,2048,1918.375
bool_retry_c1_multi,1024,4,2048,1917.135
bool_retry_c1_multi,1024,5,2048,1902.161
bool_retry_c1_multi,1024,6,2048,1961.182
bool_retry_c1_multi,1024,7,2048,1911.214
bool_retry_c1_multi,1024,8,2048,1904.704
bool_retry_c1_multi,1024,9,2048,1906.860
bool_retry_c1_multi,1024,10,2048,1901.937
bool_retry_c1_multi,1024,11,2048,1904.195
bool_retry_c2_plain,1024,0,2048,1983.134
bool_retry_c2_plain,1024,1,2048,1954.163
bool_retry_c2_plain,1024,2,2048,1943.624
bool_retry_c2_plain,1024,3,2048,1984.314
bool_retry_c2_plain,1024,4,2048,1956.258
bool_retry_c2_plain,1024,5,2048,1940.430
bool_retry_c2_plain,1024,6,2048,1953.125
bool_retry_c2_plain,1024,7,2048,1951.579
bool_retry_c2_plain,1024,8,2048,1936.361
bool_retry_c2_plain,1024,9,2048,1999.105
bool_retry_c2_plain,1024,10,2048,1945.475
bool_retry_c2_plain,1024,11,2048,1956.340
bool_retry_c2_multi,1024,0,1024,1907.268
bool_retry_c2_multi,1024,1,1024,1909.668
bool_retry_c2_multi,1024,2,1024,1935.425
bool_retry_c2_multi,1024,3,1024,1973.307
bool_retry_c2_multi,1024,4,1024,1941.122
bool_retry_c2_multi,1024,5,1024,1974.203
bool_retry_c2_multi,1024,6,1024,1943.359
bool_retry_c2_multi,1024,7,1024,1948.568
bool_retry_c2_multi,1024,8,1024,1944.702
bool_retry_c2_multi,1024,9,1024,2035.645
bool_retry_c2_multi,1024,10,1024,1962.361
bool_retry_c2_multi,1024,11,1024,1945.679
bool_failure_c0_plain,1024,0,8192,384.053
bool_failure_c0_plain,1024,1,8192,382.746
bool_failure_c0_plain,1024,2,8192,385.712
bool_failure_c0_plain,1024,3,8192,387.034
bool_failure_c0_plain,1024,4,8192,387.004
bool_failure_c0_plain,1024,5,8192,384.318
bool_failure_c0_plain,1024,6,8192,381.343
bool_failure_c0_plain,1024,7,8192,396.495
bool_failure_c0_plain,1024,8,8192,383.387
bool_failure_c0_plain,1024,9,8192,382.477
bool_failure_c0_plain,1024,10,8192,387.863
bool_failure_c0_plain,1024,11,8192,390.559
bool_failure_c0_multi,1024,0,8192,395.004
bool_failure_c0_multi,1024,1,8192,398.911
bool_failure_c0_multi,1024,2,8192,389.745
bool_failure_c0_multi,1024,3,8192,393.621
bool_failure_c0_multi,1024,4,8192,403.056
bool_failure_c0_multi,1024,5,8192,391.118
bool_failure_c0_multi,1024,6,8192,392.929
bool_failure_c0_multi,1024,7,8192,396.627
bool_failure_c0_multi,1024,8,8192,390.442
bool_failure_c0_multi,1024,9,8192,388.911
bool_failure_c0_multi,1024,10,8192,393.422
bool_failure_c0_multi,1024,11,8192,393.499
retry_failure,1024,0,8192,399.114
retry_failure,1024,1,8192,386.632
retry_failure,1024,2,8192,387.716
retry_failure,1024,3,8192,369.141
retry_failure,1024,4,8192,373.484
retry_failure,1024,5,8192,373.556
retry_failure,1024,6,8192,377.558
retry_failure,1024,7,8192,390.930
retry_failure,1024,8,8192,392.278
retry_failure,1024,9,8192,388.072
retry_failure,1024,10,8192,400.223
retry_failure,1024,11,8192,383.916
bool_failure_c1_plain,1024,0,8192,313.497
bool_failure_c1_plain,1024,1,8192,321.844
bool_failure_c1_plain,1024,2,8192,315.241
bool_failure_c1_plain,1024,3,8192,315.450
bool_failure_c1_plain,1024,4,8192,317.027
bool_failure_c1_plain,1024,5,8192,324.987
bool_failure_c1_plain,1024,6,8192,323.288
bool_failure_c1_plain,1024,7,8192,319.641
bool_failure_c1_plain,1024,8,8192,320.475
bool_failure_c1_plain,1024,9,8192,320.287
bool_failure_c1_plain,1024,10,8192,337.840
bool_failure_c1_plain,1024,11,8192,322.047
bool_failure_c1_multi,1024,0,8192,324.951
bool_failure_c1_multi,1024,1,8192,319.463
bool_failure_c1_multi,1024,2,8192,318.542
bool_failure_c1_multi,1024,3,8192,317.708
bool_failure_c1_multi,1024,4,8192,320.460
bool_failure_c1_multi,1024,5,8192,320.348
bool_failure_c1_multi,1024,6,8192,317.281
bool_failure_c1_multi,1024,7,8192,318.954
bool_failure_c1_multi,1024,8,8192,317.266
bool_failure_c1_multi,1024,9,8192,329.559
bool_failure_c1_multi,1024,10,8192,317.515
bool_failure_c1_multi,1024,11,8192,318.110
bool_failure_c2_plain,1024,0,8192,311.035
bool_failure_c2_plain,1024,1,8192,310.430
bool_failure_c2_plain,1024,2,8192,311.590
bool_failure_c2_plain,1024,3,8192,315.358
bool_failure_c2_plain,1024,4,8192,314.947
bool_failure_c2_plain,1024,5,8192,311.462
bool_failure_c2_plain,1024,6,8192,311.961
bool_failure_c2_plain,1024,7,8192,315.226
bool_failure_c2_plain,1024,8,8192,321.213
bool_failure_c2_plain,1024,9,8192,312.378
bool_failure_c2_plain,1024,10,8192,312.022
bool_failure_c2_plain,1024,11,8192,316.325
bool_failure_c2_multi,1024,0,8192,321.157
bool_failure_c2_multi,1024,1,8192,303.685
bool_failure_c2_multi,1024,2,8192,317.551
bool_failure_c2_multi,1024,3,8192,321.218
bool_failure_c2_multi,1024,4,8192,319.997
bool_failure_c2_multi,1024,5,8192,320.368
bool_failure_c2_multi,1024,6,8192,323.176
bool_failure_c2_multi,1024,7,8192,336.624
bool_failure_c2_multi,1024,8,8192,323.466
bool_failure_c2_multi,1024,9,8192,321.838
bool_failure_c2_multi,1024,10,8192,326.553
bool_failure_c2_multi,1024,11,8192,330.602
utf8_decode_inline,16384,0,64,54507.812
utf8_decode_inline,16384,1,64,56173.828
utf8_decode_inline,16384,2,64,56378.906
utf8_decode_inline,16384,3,64,56866.531
utf8_decode_inline,16384,4,64,56944.656
utf8_decode_inline,16384,5,64,57273.438
utf8_decode_inline,16384,6,64,57315.109
utf8_decode_inline,16384,7,64,57018.875
utf8_decode_inline,16384,8,64,57201.172
utf8_decode_inline,16384,9,64,56234.375
utf8_decode_inline,16384,10,64,57171.875
utf8_decode_inline,16384,11,64,60087.891
utf8_decode_external,16384,0,16,147242.188
utf8_decode_external,16384,1,16,146526.062
utf8_decode_external,16384,2,16,143252.625
utf8_decode_external,16384,3,16,143989.562
utf8_decode_external,16384,4,16,147091.188
utf8_decode_external,16384,5,16,144565.062
utf8_decode_external,16384,6,16,146708.312
utf8_decode_external,16384,7,16,145028.625
utf8_decode_external,16384,8,16,145252.625
utf8_decode_external,16384,9,16,149453.125
utf8_decode_external,16384,10,16,150309.875
utf8_decode_external,16384,11,16,145158.812
invocation_rowfn,16384,0,1024,2644.938
invocation_rowfn,16384,1,1024,2658.162
invocation_rowfn,16384,2,1024,2651.326
invocation_rowfn,16384,3,1024,2658.488
invocation_rowfn,16384,4,1024,2684.041
invocation_rowfn,16384,5,1024,2685.709
invocation_rowfn,16384,6,1024,2664.266
invocation_rowfn,16384,7,1024,2659.627
invocation_rowfn,16384,8,1024,2787.435
invocation_rowfn,16384,9,1024,2669.922
invocation_rowfn,16384,10,1024,2660.848
invocation_rowfn,16384,11,1024,2663.208
invocation_fresh_args,16384,0,1024,2654.297
invocation_fresh_args,16384,1,1024,2663.046
invocation_fresh_args,16384,2,1024,2686.442
invocation_fresh_args,16384,3,1024,2677.734
invocation_fresh_args,16384,4,1024,2657.674
invocation_fresh_args,16384,5,1024,2663.655
invocation_fresh_args,16384,6,1024,2785.522
invocation_fresh_args,16384,7,1024,2674.601
invocation_fresh_args,16384,8,1024,2674.072
invocation_fresh_args,16384,9,1024,2660.115
invocation_fresh_args,16384,10,1024,2708.212
invocation_fresh_args,16384,11,1024,2674.561
invocation_direct_collector,16384,0,1024,2359.700
invocation_direct_collector,16384,1,1024,2429.118
invocation_direct_collector,16384,2,1024,2482.707
invocation_direct_collector,16384,3,1024,2449.341
invocation_direct_collector,16384,4,1024,2465.291
invocation_direct_collector,16384,5,1024,2581.909
invocation_direct_collector,16384,6,1024,2475.708
invocation_direct_collector,16384,7,1024,2479.655
invocation_direct_collector,16384,8,1024,2483.562
invocation_direct_collector,16384,9,1024,2488.362
invocation_direct_collector,16384,10,1024,2489.339
invocation_direct_collector,16384,11,1024,2484.700
invocation_direct_iterator,16384,0,128,16333.984
invocation_direct_iterator,16384,1,128,17064.125
invocation_direct_iterator,16384,2,128,17711.266
invocation_direct_iterator,16384,3,128,16264.648
invocation_direct_iterator,16384,4,128,18213.219
invocation_direct_iterator,16384,5,128,17710.609
invocation_direct_iterator,16384,6,128,17751.953
invocation_direct_iterator,16384,7,128,16050.781
invocation_direct_iterator,16384,8,128,17344.727
invocation_direct_iterator,16384,9,128,17703.125
invocation_direct_iterator,16384,10,128,16211.586
invocation_direct_iterator,16384,11,128,17542.969
invocation_clone_drop,16384,0,1048576,3.389
invocation_clone_drop,16384,1,1048576,3.419
invocation_clone_drop,16384,2,1048576,3.496
invocation_clone_drop,16384,3,1048576,3.406
invocation_clone_drop,16384,4,1048576,3.402
invocation_clone_drop,16384,5,1048576,3.384
invocation_clone_drop,16384,6,1048576,3.451
invocation_clone_drop,16384,7,1048576,3.368
invocation_clone_drop,16384,8,1048576,3.387
invocation_clone_drop,16384,9,1048576,3.432
invocation_clone_drop,16384,10,1048576,3.360
invocation_clone_drop,16384,11,1048576,3.390
invocation_plan,16384,0,262144,11.355
invocation_plan,16384,1,262144,11.516
invocation_plan,16384,2,262144,11.516
invocation_plan,16384,3,262144,11.503
invocation_plan,16384,4,262144,11.510
invocation_plan,16384,5,262144,11.613
invocation_plan,16384,6,262144,11.650
invocation_plan,16384,7,262144,11.516
invocation_plan,16384,8,262144,11.529
invocation_plan,16384,9,262144,11.964
invocation_plan,16384,10,262144,11.617
invocation_plan,16384,11,262144,11.598
selected_valid_c0_plain,16384,0,256,11577.961
selected_valid_c0_plain,16384,1,256,11708.984
selected_valid_c0_plain,16384,2,256,11553.383
selected_valid_c0_plain,16384,3,256,11680.340
selected_valid_c0_plain,16384,4,256,11571.289
selected_valid_c0_plain,16384,5,256,11963.867
selected_valid_c0_plain,16384,6,256,11680.988
selected_valid_c0_plain,16384,7,256,11614.098
selected_valid_c0_plain,16384,8,256,11568.035
selected_valid_c0_plain,16384,9,256,11566.078
selected_valid_c0_plain,16384,10,256,11562.988
selected_valid_c0_plain,16384,11,256,11558.105
selected_valid_c0_multi,16384,0,256,11659.016
selected_valid_c0_multi,16384,1,256,11555.664
selected_valid_c0_multi,16384,2,256,12020.832
selected_valid_c0_multi,16384,3,256,11594.887
selected_valid_c0_multi,16384,4,256,11545.410
selected_valid_c0_multi,16384,5,256,11559.246
selected_valid_c0_multi,16384,6,256,11550.293
selected_valid_c0_multi,16384,7,256,11551.758
selected_valid_c0_multi,16384,8,256,11557.777
selected_valid_c0_multi,16384,9,256,11639.000
selected_valid_c0_multi,16384,10,256,11532.555
selected_valid_c0_multi,16384,11,256,11668.945
selected_filtered_c0_plain,16384,0,128,19874.344
selected_filtered_c0_plain,16384,1,128,20069.336
selected_filtered_c0_plain,16384,2,128,19775.719
selected_filtered_c0_plain,16384,3,128,20329.758
selected_filtered_c0_plain,16384,4,128,19789.062
selected_filtered_c0_plain,16384,5,128,19805.336
selected_filtered_c0_plain,16384,6,128,19774.086
selected_filtered_c0_plain,16384,7,128,20000.000
selected_filtered_c0_plain,16384,8,128,19749.344
selected_filtered_c0_plain,16384,9,128,19913.742
selected_filtered_c0_plain,16384,10,128,19713.219
selected_filtered_c0_plain,16384,11,128,20041.344
selected_filtered_c0_multi,16384,0,128,19841.477
selected_filtered_c0_multi,16384,1,128,19845.055
selected_filtered_c0_multi,16384,2,128,19826.492
selected_filtered_c0_multi,16384,3,128,19833.656
selected_filtered_c0_multi,16384,4,128,20015.305
selected_filtered_c0_multi,16384,5,128,19846.352
selected_filtered_c0_multi,16384,6,128,19860.352
selected_filtered_c0_multi,16384,7,128,20052.078
selected_filtered_c0_multi,16384,8,128,19800.781
selected_filtered_c0_multi,16384,9,128,20739.258
selected_filtered_c0_multi,16384,10,128,19900.391
selected_filtered_c0_multi,16384,11,128,19827.148
selected_valid_c1_plain,16384,0,256,13685.875
selected_valid_c1_plain,16384,1,256,13765.949
selected_valid_c1_plain,16384,2,256,13682.781
selected_valid_c1_plain,16384,3,256,13811.359
selected_valid_c1_plain,16384,4,256,13723.797
selected_valid_c1_plain,16384,5,256,14206.867
selected_valid_c1_plain,16384,6,256,12799.805
selected_valid_c1_plain,16384,7,256,12083.336
selected_valid_c1_plain,16384,8,256,12443.199
selected_valid_c1_plain,16384,9,256,12239.586
selected_valid_c1_plain,16384,10,256,12219.562
selected_valid_c1_plain,16384,11,256,12341.961
selected_valid_c1_multi,16384,0,256,12281.086
selected_valid_c1_multi,16384,1,256,12523.602
selected_valid_c1_multi,16384,2,256,12214.191
selected_valid_c1_multi,16384,3,256,12213.539
selected_valid_c1_multi,16384,4,256,12200.848
selected_valid_c1_multi,16384,5,256,12194.012
selected_valid_c1_multi,16384,6,256,12199.707
selected_valid_c1_multi,16384,7,256,12309.406
selected_valid_c1_multi,16384,8,256,12205.891
selected_valid_c1_multi,16384,9,256,12354.004
selected_valid_c1_multi,16384,10,256,12200.848
selected_valid_c1_multi,16384,11,256,12675.781
selected_filtered_c1_plain,16384,0,128,19208.656
selected_filtered_c1_plain,16384,1,128,19241.211
selected_filtered_c1_plain,16384,2,128,19303.711
selected_filtered_c1_plain,16384,3,128,19344.078
selected_filtered_c1_plain,16384,4,128,19545.242
selected_filtered_c1_plain,16384,5,128,19261.719
selected_filtered_c1_plain,16384,6,128,19305.992
selected_filtered_c1_plain,16384,7,128,19440.758
selected_filtered_c1_plain,16384,8,128,19325.195
selected_filtered_c1_plain,16384,9,128,20437.500
selected_filtered_c1_plain,16384,10,128,19386.719
selected_filtered_c1_plain,16384,11,128,19341.797
selected_filtered_c1_multi,16384,0,128,19272.141
selected_filtered_c1_multi,16384,1,128,19297.852
selected_filtered_c1_multi,16384,2,128,19675.133
selected_filtered_c1_multi,16384,3,128,19400.391
selected_filtered_c1_multi,16384,4,128,19377.609
selected_filtered_c1_multi,16384,5,128,19573.891
selected_filtered_c1_multi,16384,6,128,19533.203
selected_filtered_c1_multi,16384,7,128,20081.055
selected_filtered_c1_multi,16384,8,128,19378.906
selected_filtered_c1_multi,16384,9,128,19324.875
selected_filtered_c1_multi,16384,10,128,19380.203
selected_filtered_c1_multi,16384,11,128,19465.172
selected_valid_c2_plain,16384,0,256,12402.672
selected_valid_c2_plain,16384,1,256,12239.258
selected_valid_c2_plain,16384,2,256,12380.047
selected_valid_c2_plain,16384,3,256,12664.715
selected_valid_c2_plain,16384,4,256,12511.883
selected_valid_c2_plain,16384,5,256,12249.023
selected_valid_c2_plain,16384,6,256,12274.738
selected_valid_c2_plain,16384,7,256,12230.793
selected_valid_c2_plain,16384,8,256,12257.488
selected_valid_c2_plain,16384,9,256,12261.555
selected_valid_c2_plain,16384,10,256,12364.746
selected_valid_c2_plain,16384,11,256,12249.512
selected_valid_c2_multi,16384,0,256,12590.984
selected_valid_c2_multi,16384,1,256,12433.758
selected_valid_c2_multi,16384,2,256,12285.156
selected_valid_c2_multi,16384,3,256,12476.727
selected_valid_c2_multi,16384,4,256,12318.848
selected_valid_c2_multi,16384,5,256,12257.652
selected_valid_c2_multi,16384,6,256,12375.000
selected_valid_c2_multi,16384,7,256,12271.160
selected_valid_c2_multi,16384,8,256,12239.910
selected_valid_c2_multi,16384,9,256,12604.004
selected_valid_c2_multi,16384,10,256,12459.309
selected_valid_c2_multi,16384,11,256,12338.867
selected_filtered_c2_plain,16384,0,128,17277.344
selected_filtered_c2_plain,16384,1,128,17320.312
selected_filtered_c2_plain,16384,2,128,17297.852
selected_filtered_c2_plain,16384,3,128,17316.086
selected_filtered_c2_plain,16384,4,128,17525.070
selected_filtered_c2_plain,16384,5,128,17291.664
selected_filtered_c2_plain,16384,6,128,17278.648
selected_filtered_c2_plain,16384,7,128,17468.430
selected_filtered_c2_plain,16384,8,128,17319.336
selected_filtered_c2_plain,16384,9,128,17310.547
selected_filtered_c2_plain,16384,10,128,18216.148
selected_filtered_c2_plain,16384,11,128,17279.945
selected_filtered_c2_multi,16384,0,128,17273.438
selected_filtered_c2_multi,16384,1,128,17335.289
selected_filtered_c2_multi,16384,2,128,17286.781
selected_filtered_c2_multi,16384,3,128,17296.555
selected_filtered_c2_multi,16384,4,128,17540.367
selected_filtered_c2_multi,16384,5,128,17310.867
selected_filtered_c2_multi,16384,6,128,17281.898
selected_filtered_c2_multi,16384,7,128,17571.289
selected_filtered_c2_multi,16384,8,128,17286.461
selected_filtered_c2_multi,16384,9,128,18307.945
selected_filtered_c2_multi,16384,10,128,17626.625
selected_filtered_c2_multi,16384,11,128,17411.133
bool_dense_c0_plain,16384,0,1024,3473.674
bool_dense_c0_plain,16384,1,1024,3563.436
bool_dense_c0_plain,16384,2,1024,3605.184
bool_dense_c0_plain,16384,3,1024,3585.327
bool_dense_c0_plain,16384,4,1024,3618.164
bool_dense_c0_plain,16384,5,1024,3722.859
bool_dense_c0_plain,16384,6,1024,3607.218
bool_dense_c0_plain,16384,7,1024,3604.776
bool_dense_c0_plain,16384,8,1024,3601.277
bool_dense_c0_plain,16384,9,1024,3606.120
bool_dense_c0_plain,16384,10,1024,3618.124
bool_dense_c0_plain,16384,11,1024,3642.090
bool_dense_c0_multi,16384,0,1024,3832.642
bool_dense_c0_multi,16384,1,1024,3736.775
bool_dense_c0_multi,16384,2,1024,3743.245
bool_dense_c0_multi,16384,3,1024,3734.700
bool_dense_c0_multi,16384,4,1024,3739.258
bool_dense_c0_multi,16384,5,1024,3732.991
bool_dense_c0_multi,16384,6,1024,3769.205
bool_dense_c0_multi,16384,7,1024,3783.041
bool_dense_c0_multi,16384,8,1024,3774.170
bool_dense_c0_multi,16384,9,1024,3877.808
bool_dense_c0_multi,16384,10,1024,3757.771
bool_dense_c0_multi,16384,11,1024,3785.727
retry_dense,16384,0,1024,3836.629
retry_dense,16384,1,1024,3816.406
retry_dense,16384,2,1024,3839.314
retry_dense,16384,3,1024,3920.776
retry_dense,16384,4,1024,3823.567
retry_dense,16384,5,1024,3810.750
retry_dense,16384,6,1024,3819.377
retry_dense,16384,7,1024,3797.403
retry_dense,16384,8,1024,3826.253
retry_dense,16384,9,1024,3832.601
retry_dense,16384,10,1024,3783.447
retry_dense,16384,11,1024,3830.566
bool_dense_c1_plain,16384,0,1024,2603.679
bool_dense_c1_plain,16384,1,1024,2606.323
bool_dense_c1_plain,16384,2,1024,2609.375
bool_dense_c1_plain,16384,3,1024,2603.882
bool_dense_c1_plain,16384,4,1024,2607.544
bool_dense_c1_plain,16384,5,1024,2600.342
bool_dense_c1_plain,16384,6,1024,2632.040
bool_dense_c1_plain,16384,7,1024,2603.027
bool_dense_c1_plain,16384,8,1024,2601.929
bool_dense_c1_plain,16384,9,1024,2624.471
bool_dense_c1_plain,16384,10,1024,2632.121
bool_dense_c1_plain,16384,11,1024,2690.592
bool_dense_c1_multi,16384,0,1024,2611.694
bool_dense_c1_multi,16384,1,1024,2672.525
bool_dense_c1_multi,16384,2,1024,2604.940
bool_dense_c1_multi,16384,3,1024,2615.723
bool_dense_c1_multi,16384,4,1024,2601.318
bool_dense_c1_multi,16384,5,1024,2645.956
bool_dense_c1_multi,16384,6,1024,2609.537
bool_dense_c1_multi,16384,7,1024,2636.026
bool_dense_c1_multi,16384,8,1024,2601.358
bool_dense_c1_multi,16384,9,1024,2675.700
bool_dense_c1_multi,16384,10,1024,2625.813
bool_dense_c1_multi,16384,11,1024,2610.962
bool_dense_c2_plain,16384,0,1024,2563.518
bool_dense_c2_plain,16384,1,1024,2581.136
bool_dense_c2_plain,16384,2,1024,2616.536
bool_dense_c2_plain,16384,3,1024,2648.763
bool_dense_c2_plain,16384,4,1024,2632.039
bool_dense_c2_plain,16384,5,1024,2674.479
bool_dense_c2_plain,16384,6,1024,2628.702
bool_dense_c2_plain,16384,7,1024,2645.955
bool_dense_c2_plain,16384,8,1024,2745.891
bool_dense_c2_plain,16384,9,1024,2642.578
bool_dense_c2_plain,16384,10,1024,2644.693
bool_dense_c2_plain,16384,11,1024,2636.475
bool_dense_c2_multi,16384,0,1024,2762.655
bool_dense_c2_multi,16384,1,1024,2789.958
bool_dense_c2_multi,16384,2,1024,2764.485
bool_dense_c2_multi,16384,3,1024,2791.951
bool_dense_c2_multi,16384,4,1024,2756.714
bool_dense_c2_multi,16384,5,1024,2871.582
bool_dense_c2_multi,16384,6,1024,2784.628
bool_dense_c2_multi,16384,7,1024,2785.686
bool_dense_c2_multi,16384,8,1024,2762.207
bool_dense_c2_multi,16384,9,1024,2849.690
bool_dense_c2_multi,16384,10,1024,2766.846
bool_dense_c2_multi,16384,11,1024,2766.397
bool_partial_c0_plain,16384,0,1024,3796.631
bool_partial_c0_plain,16384,1,1024,3810.059
bool_partial_c0_plain,16384,2,1024,3807.820
bool_partial_c0_plain,16384,3,1024,3772.827
bool_partial_c0_plain,16384,4,1024,3773.478
bool_partial_c0_plain,16384,5,1024,3771.322
bool_partial_c0_plain,16384,6,1024,3771.525
bool_partial_c0_plain,16384,7,1024,3791.586
bool_partial_c0_plain,16384,8,1024,3741.170
bool_partial_c0_plain,16384,9,1024,3790.201
bool_partial_c0_plain,16384,10,1024,3855.347
bool_partial_c0_plain,16384,11,1024,3805.908
bool_partial_c0_multi,16384,0,1024,3781.534
bool_partial_c0_multi,16384,1,1024,3777.059
bool_partial_c0_multi,16384,2,1024,3811.442
bool_partial_c0_multi,16384,3,1024,3812.500
bool_partial_c0_multi,16384,4,1024,3770.264
bool_partial_c0_multi,16384,5,1024,3925.944
bool_partial_c0_multi,16384,6,1024,3781.046
bool_partial_c0_multi,16384,7,1024,3782.593
bool_partial_c0_multi,16384,8,1024,3855.509
bool_partial_c0_multi,16384,9,1024,3771.484
bool_partial_c0_multi,16384,10,1024,3796.916
bool_partial_c0_multi,16384,11,1024,3773.601
retry_partial,16384,0,512,3988.119
retry_partial,16384,1,512,4220.621
retry_partial,16384,2,512,3987.305
retry_partial,16384,3,512,3999.023
retry_partial,16384,4,512,3977.945
retry_partial,16384,5,512,4017.172
retry_partial,16384,6,512,3989.420
retry_partial,16384,7,512,3985.596
retry_partial,16384,8,512,3983.398
retry_partial,16384,9,512,3978.271
retry_partial,16384,10,512,4008.709
retry_partial,16384,11,512,3975.506
bool_partial_c1_plain,16384,0,256,10364.422
bool_partial_c1_plain,16384,1,256,10731.445
bool_partial_c1_plain,16384,2,256,10470.539
bool_partial_c1_plain,16384,3,256,10395.996
bool_partial_c1_plain,16384,4,256,10490.234
bool_partial_c1_plain,16384,5,256,10410.973
bool_partial_c1_plain,16384,6,256,10582.031
bool_partial_c1_plain,16384,7,256,10394.203
bool_partial_c1_plain,16384,8,256,10359.375
bool_partial_c1_plain,16384,9,256,10472.004
bool_partial_c1_plain,16384,10,256,10360.516
bool_partial_c1_plain,16384,11,256,10456.383
bool_partial_c1_multi,16384,0,256,10506.184
bool_partial_c1_multi,16384,1,256,10367.840
bool_partial_c1_multi,16384,2,256,10306.152
bool_partial_c1_multi,16384,3,256,10301.434
bool_partial_c1_multi,16384,4,256,10457.684
bool_partial_c1_multi,16384,5,256,10257.812
bool_partial_c1_multi,16384,6,256,10237.305
bool_partial_c1_multi,16384,7,256,10333.820
bool_partial_c1_multi,16384,8,256,10248.863
bool_partial_c1_multi,16384,9,256,10251.953
bool_partial_c1_multi,16384,10,256,10342.125
bool_partial_c1_multi,16384,11,256,10262.695
bool_partial_c2_plain,16384,0,256,10444.500
bool_partial_c2_plain,16384,1,256,10434.570
bool_partial_c2_plain,16384,2,256,10392.090
bool_partial_c2_plain,16384,3,256,10395.668
bool_partial_c2_plain,16384,4,256,10430.992
bool_partial_c2_plain,16384,5,256,10527.344
bool_partial_c2_plain,16384,6,256,10389.809
bool_partial_c2_plain,16384,7,256,10397.461
bool_partial_c2_plain,16384,8,256,10521.973
bool_partial_c2_plain,16384,9,256,10402.996
bool_partial_c2_plain,16384,10,256,10894.207
bool_partial_c2_plain,16384,11,256,10436.035
bool_partial_c2_multi,16384,0,256,10621.094
bool_partial_c2_multi,16384,1,256,10384.926
bool_partial_c2_multi,16384,2,256,10426.918
bool_partial_c2_multi,16384,3,256,10532.066
bool_partial_c2_multi,16384,4,256,10413.086
bool_partial_c2_multi,16384,5,256,10508.301
bool_partial_c2_multi,16384,6,256,10402.344
bool_partial_c2_multi,16384,7,256,10408.527
bool_partial_c2_multi,16384,8,256,10966.797
bool_partial_c2_multi,16384,9,256,10456.215
bool_partial_c2_multi,16384,10,256,10425.781
bool_partial_c2_multi,16384,11,256,10458.336
bool_retry_c0_plain,16384,0,256,14916.180
bool_retry_c0_plain,16384,1,256,15045.898
bool_retry_c0_plain,16384,2,256,14869.141
bool_retry_c0_plain,16384,3,256,15216.957
bool_retry_c0_plain,16384,4,256,14844.078
bool_retry_c0_plain,16384,5,256,14769.367
bool_retry_c0_plain,16384,6,256,14742.027
bool_retry_c0_plain,16384,7,256,14759.602
bool_retry_c0_plain,16384,8,256,14776.691
bool_retry_c0_plain,16384,9,256,14869.469
bool_retry_c0_plain,16384,10,256,14377.441
bool_retry_c0_plain,16384,11,256,14600.258
bool_retry_c0_multi,16384,0,256,15059.406
bool_retry_c0_multi,16384,1,256,14873.371
bool_retry_c0_multi,16384,2,256,14815.266
bool_retry_c0_multi,16384,3,256,14952.801
bool_retry_c0_multi,16384,4,256,14888.184
bool_retry_c0_multi,16384,5,256,14800.133
bool_retry_c0_multi,16384,6,256,15292.316
bool_retry_c0_multi,16384,7,256,14884.766
bool_retry_c0_multi,16384,8,256,14986.980
bool_retry_c0_multi,16384,9,256,15036.785
bool_retry_c0_multi,16384,10,256,14807.777
bool_retry_c0_multi,16384,11,256,14778.809
retry_retry,16384,0,256,12804.363
retry_retry,16384,1,256,13188.965
retry_retry,16384,2,256,12771.812
retry_retry,16384,3,256,12745.605
retry_retry,16384,4,256,12744.957
retry_retry,16384,5,256,12738.770
retry_retry,16384,6,256,12741.211
retry_retry,16384,7,256,12862.469
retry_retry,16384,8,256,12759.605
retry_retry,16384,9,256,12804.035
retry_retry,16384,10,256,12704.102
retry_retry,16384,11,256,13217.773
bool_retry_c1_plain,16384,0,128,20856.445
bool_retry_c1_plain,16384,1,128,20929.688
bool_retry_c1_plain,16384,2,128,20980.797
bool_retry_c1_plain,16384,3,128,21261.391
bool_retry_c1_plain,16384,4,128,21025.391
bool_retry_c1_plain,16384,5,128,21027.023
bool_retry_c1_plain,16384,6,128,21228.516
bool_retry_c1_plain,16384,7,128,20964.844
bool_retry_c1_plain,16384,8,128,22155.602
bool_retry_c1_plain,16384,9,128,21024.086
bool_retry_c1_plain,16384,10,128,21014.977
bool_retry_c1_plain,16384,11,128,20895.828
bool_retry_c1_multi,16384,0,128,21137.367
bool_retry_c1_multi,16384,1,128,20829.430
bool_retry_c1_multi,16384,2,128,20812.172
bool_retry_c1_multi,16384,3,128,21000.320
bool_retry_c1_multi,16384,4,128,20794.273
bool_retry_c1_multi,16384,5,128,21605.797
bool_retry_c1_multi,16384,6,128,20793.297
bool_retry_c1_multi,16384,7,128,20772.461
bool_retry_c1_multi,16384,8,128,20760.094
bool_retry_c1_multi,16384,9,128,20781.578
bool_retry_c1_multi,16384,10,128,20971.680
bool_retry_c1_multi,16384,11,128,21038.406
bool_retry_c2_plain,16384,0,128,22101.562
bool_retry_c2_plain,16384,1,128,21867.188
bool_retry_c2_plain,16384,2,128,21802.734
bool_retry_c2_plain,16384,3,128,21813.148
bool_retry_c2_plain,16384,4,128,22658.523
bool_retry_c2_plain,16384,5,128,21798.828
bool_retry_c2_plain,16384,6,128,21843.094
bool_retry_c2_plain,16384,7,128,23644.531
bool_retry_c2_plain,16384,8,128,21808.594
bool_retry_c2_plain,16384,9,128,21841.148
bool_retry_c2_plain,16384,10,128,22025.719
bool_retry_c2_plain,16384,11,128,22159.828
bool_retry_c2_multi,16384,0,128,22407.875
bool_retry_c2_multi,16384,1,128,22346.680
bool_retry_c2_multi,16384,2,128,21862.953
bool_retry_c2_multi,16384,3,128,21841.469
bool_retry_c2_multi,16384,4,128,21064.453
bool_retry_c2_multi,16384,5,128,21852.539
bool_retry_c2_multi,16384,6,128,21377.930
bool_retry_c2_multi,16384,7,128,21451.500
bool_retry_c2_multi,16384,8,128,21548.180
bool_retry_c2_multi,16384,9,128,21299.805
bool_retry_c2_multi,16384,10,128,21319.984
bool_retry_c2_multi,16384,11,128,22127.602
bool_failure_c0_plain,16384,0,1024,3518.188
bool_failure_c0_plain,16384,1,1024,3528.158
bool_failure_c0_plain,16384,2,1024,3544.637
bool_failure_c0_plain,16384,3,1024,3559.489
bool_failure_c0_plain,16384,4,1024,3575.032
bool_failure_c0_plain,16384,5,1024,3547.160
bool_failure_c0_plain,16384,6,1024,3637.207
bool_failure_c0_plain,16384,7,1024,3573.649
bool_failure_c0_plain,16384,8,1024,3577.271
bool_failure_c0_plain,16384,9,1024,3556.438
bool_failure_c0_plain,16384,10,1024,3602.254
bool_failure_c0_plain,16384,11,1024,3551.351
bool_failure_c0_multi,16384,0,1024,3673.177
bool_failure_c0_multi,16384,1,1024,3790.567
bool_failure_c0_multi,16384,2,1024,3712.362
bool_failure_c0_multi,16384,3,1024,3674.967
bool_failure_c0_multi,16384,4,1024,3729.614
bool_failure_c0_multi,16384,5,1024,3703.125
bool_failure_c0_multi,16384,6,1024,3679.240
bool_failure_c0_multi,16384,7,1024,3696.127
bool_failure_c0_multi,16384,8,1024,3697.591
bool_failure_c0_multi,16384,9,1024,3675.293
bool_failure_c0_multi,16384,10,1024,3779.785
bool_failure_c0_multi,16384,11,1024,3678.223
retry_failure,16384,0,1024,3712.972
retry_failure,16384,1,1024,3730.550
retry_failure,16384,2,1024,3743.611
retry_failure,16384,3,1024,3758.667
retry_failure,16384,4,1024,3711.548
retry_failure,16384,5,1024,3838.419
retry_failure,16384,6,1024,3710.979
retry_failure,16384,7,1024,3714.355
retry_failure,16384,8,1024,3764.729
retry_failure,16384,9,1024,3717.773
retry_failure,16384,10,1024,3735.270
retry_failure,16384,11,1024,3708.984
bool_failure_c1_plain,16384,0,1024,2629.558
bool_failure_c1_plain,16384,1,1024,2580.282
bool_failure_c1_plain,16384,2,1024,2548.950
bool_failure_c1_plain,16384,3,1024,2537.109
bool_failure_c1_plain,16384,4,1024,2536.215
bool_failure_c1_plain,16384,5,1024,2594.157
bool_failure_c1_plain,16384,6,1024,2536.377
bool_failure_c1_plain,16384,7,1024,2533.732
bool_failure_c1_plain,16384,8,1024,2530.802
bool_failure_c1_plain,16384,9,1024,2563.965
bool_failure_c1_plain,16384,10,1024,2556.234
bool_failure_c1_plain,16384,11,1024,2533.691
bool_failure_c1_multi,16384,0,1024,2545.125
bool_failure_c1_multi,16384,1,1024,2536.093
bool_failure_c1_multi,16384,2,1024,2534.586
bool_failure_c1_multi,16384,3,1024,2531.860
bool_failure_c1_multi,16384,4,1024,2534.139
bool_failure_c1_multi,16384,5,1024,2532.471
bool_failure_c1_multi,16384,6,1024,2534.017
bool_failure_c1_multi,16384,7,1024,2555.664
bool_failure_c1_multi,16384,8,1024,2534.709
bool_failure_c1_multi,16384,9,1024,2561.442
bool_failure_c1_multi,16384,10,1024,2540.731
bool_failure_c1_multi,16384,11,1024,2534.342
bool_failure_c2_plain,16384,0,1024,2543.945
bool_failure_c2_plain,16384,1,1024,2533.976
bool_failure_c2_plain,16384,2,1024,2597.168
bool_failure_c2_plain,16384,3,1024,2540.894
bool_failure_c2_plain,16384,4,1024,2536.174
bool_failure_c2_plain,16384,5,1024,2555.339
bool_failure_c2_plain,16384,6,1024,2572.795
bool_failure_c2_plain,16384,7,1024,2548.015
bool_failure_c2_plain,16384,8,1024,2575.480
bool_failure_c2_plain,16384,9,1024,2557.088
bool_failure_c2_plain,16384,10,1024,2588.582
bool_failure_c2_plain,16384,11,1024,2654.053
bool_failure_c2_multi,16384,0,1024,2681.885
bool_failure_c2_multi,16384,1,1024,2763.143
bool_failure_c2_multi,16384,2,1024,2675.496
bool_failure_c2_multi,16384,3,1024,2691.691
bool_failure_c2_multi,16384,4,1024,2704.264
bool_failure_c2_multi,16384,5,1024,2689.778
bool_failure_c2_multi,16384,6,1024,2709.392
bool_failure_c2_multi,16384,7,1024,2688.721
bool_failure_c2_multi,16384,8,1024,2731.934
bool_failure_c2_multi,16384,9,1024,2744.141
bool_failure_c2_multi,16384,10,1024,2684.041
bool_failure_c2_multi,16384,11,1024,2688.761
cosine_w2_c0,1024,0,1024,2672.038
cosine_w2_c0,1024,1,1024,2667.847
cosine_w2_c0,1024,2,1024,2699.992
cosine_w2_c0,1024,3,1024,2673.543
cosine_w2_c0,1024,4,1024,2701.904
cosine_w2_c0,1024,5,1024,2676.106
cosine_w2_c0,1024,6,1024,2671.509
cosine_w2_c0,1024,7,1024,2790.649
cosine_w2_c0,1024,8,1024,2671.956
cosine_w2_c0,1024,9,1024,2675.089
cosine_w2_c0,1024,10,1024,2696.493
cosine_w2_c0,1024,11,1024,2720.134
cosine_w2_c1,1024,0,1024,3369.019
cosine_w2_c1,1024,1,1024,3387.898
cosine_w2_c1,1024,2,1024,3345.825
cosine_w2_c1,1024,3,1024,3415.039
cosine_w2_c1,1024,4,1024,3401.692
cosine_w2_c1,1024,5,1024,3359.050
cosine_w2_c1,1024,6,1024,3346.028
cosine_w2_c1,1024,7,1024,3400.920
cosine_w2_c1,1024,8,1024,3351.115
cosine_w2_c1,1024,9,1024,3345.215
cosine_w2_c1,1024,10,1024,3361.653
cosine_w2_c1,1024,11,1024,3358.439
cosine_w2_c2,1024,0,1024,3131.267
cosine_w2_c2,1024,1,1024,3103.638
cosine_w2_c2,1024,2,1024,3099.772
cosine_w2_c2,1024,3,1024,3104.655
cosine_w2_c2,1024,4,1024,3096.640
cosine_w2_c2,1024,5,1024,3094.646
cosine_w2_c2,1024,6,1024,3141.887
cosine_w2_c2,1024,7,1024,3115.071
cosine_w2_c2,1024,8,1024,3094.076
cosine_w2_c2,1024,9,1024,3124.837
cosine_w2_c2,1024,10,1024,3213.501
cosine_w2_c2,1024,11,1024,3141.153
cosine_w32_c0,1024,0,128,15462.562
cosine_w32_c0,1024,1,128,15464.188
cosine_w32_c0,1024,2,128,15475.914
cosine_w32_c0,1024,3,128,15458.008
cosine_w32_c0,1024,4,128,15636.391
cosine_w32_c0,1024,5,128,15472.656
cosine_w32_c0,1024,6,128,15675.781
cosine_w32_c0,1024,7,128,15471.031
cosine_w32_c0,1024,8,128,15460.609
cosine_w32_c0,1024,9,128,15841.469
cosine_w32_c0,1024,10,128,15973.961
cosine_w32_c0,1024,11,128,15434.570
cosine_w32_c1,1024,0,128,16371.094
cosine_w32_c1,1024,1,128,16449.547
cosine_w32_c1,1024,2,128,16365.234
cosine_w32_c1,1024,3,128,16503.578
cosine_w32_c1,1024,4,128,16569.664
cosine_w32_c1,1024,5,128,16337.891
cosine_w32_c1,1024,6,128,16374.680
cosine_w32_c1,1024,7,128,16563.805
cosine_w32_c1,1024,8,128,16409.180
cosine_w32_c1,1024,9,128,16713.219
cosine_w32_c1,1024,10,128,17349.281
cosine_w32_c1,1024,11,128,15346.680
cosine_w32_c2,1024,0,128,16098.633
cosine_w32_c2,1024,1,128,16124.344
cosine_w32_c2,1024,2,128,16521.156
cosine_w32_c2,1024,3,128,16778.641
cosine_w32_c2,1024,4,128,16290.039
cosine_w32_c2,1024,5,128,16337.242
cosine_w32_c2,1024,6,128,16299.805
cosine_w32_c2,1024,7,128,18104.820
cosine_w32_c2,1024,8,128,16389.648
cosine_w32_c2,1024,9,128,16382.156
cosine_w32_c2,1024,10,128,16964.188
cosine_w32_c2,1024,11,128,16545.578
cosine_w256_c0,1024,0,16,241018.250
cosine_w256_c0,1024,1,16,239229.125
cosine_w256_c0,1024,2,16,250630.250
cosine_w256_c0,1024,3,16,239885.375
cosine_w256_c0,1024,4,16,239932.312
cosine_w256_c0,1024,5,16,238872.375
cosine_w256_c0,1024,6,16,239893.188
cosine_w256_c0,1024,7,16,241161.438
cosine_w256_c0,1024,8,16,241117.188
cosine_w256_c0,1024,9,16,242580.750
cosine_w256_c0,1024,10,16,239640.625
cosine_w256_c0,1024,11,16,254143.188
cosine_w256_c1,1024,0,16,239994.812
cosine_w256_c1,1024,1,16,245252.562
cosine_w256_c1,1024,2,16,243052.062
cosine_w256_c1,1024,3,16,240950.500
cosine_w256_c1,1024,4,16,243515.625
cosine_w256_c1,1024,5,16,241481.750
cosine_w256_c1,1024,6,16,246000.000
cosine_w256_c1,1024,7,16,239768.250
cosine_w256_c1,1024,8,16,235895.875
cosine_w256_c1,1024,9,16,238716.188
cosine_w256_c1,1024,10,16,247518.250
cosine_w256_c1,1024,11,16,242054.688
cosine_w256_c2,1024,0,16,243382.812
cosine_w256_c2,1024,1,16,253437.500
cosine_w256_c2,1024,2,16,245260.375
cosine_w256_c2,1024,3,16,243513.000
cosine_w256_c2,1024,4,16,245494.812
cosine_w256_c2,1024,5,16,245216.125
cosine_w256_c2,1024,6,16,244914.062
cosine_w256_c2,1024,7,16,244195.312
cosine_w256_c2,1024,8,16,248210.938
cosine_w256_c2,1024,9,16,244106.750
cosine_w256_c2,1024,10,16,258046.875
cosine_w256_c2,1024,11,16,247643.250
