2026-09-22T20:05:29.0282416Z Current runner version: '2.336.0'
2026-09-22T20:05:29.0286950Z Runner name: 'runs-on--i-0d248d3ad4a7d9b93--08023f40-c'
2026-09-22T20:05:29.0287739Z Runner group name: 'Default'
2026-09-22T20:05:29.0288433Z Machine name: 'ip-10-1-9-141'
2026-09-22T20:05:29.0325146Z ##[group]🏃 Runner details (c7i.metal-24xl, spot, v3.3.0)
2026-09-22T20:05:29.0326388Z ┌───────────────────┬──────────────────────────────────────────────────────────────────────────────────────────────────────────────────────────────────────────────────────────┐
2026-09-22T20:05:29.0327497Z │       INFO        │                                                                          VALUE                                                                           │
2026-09-22T20:05:29.0328543Z ├───────────────────┼──────────────────────────────────────────────────────────────────────────────────────────────────────────────────────────────────────────────────────────┤
2026-09-22T20:05:29.0330321Z │ Labels            │ [runs-on=35777490085/runner=bench-dedicated/family=c7i.metal-24xl/image=ubuntu24-full-x64-pre-v2/extras=s3-cache/tag=bench-codspeed-cpu-features-avx512] │
2026-09-22T20:05:29.0331807Z │ Extras            │ [s3-cache]                                                                                                                                               │
2026-09-22T20:05:29.0332852Z │ PrivateIp         │ 10.1.9.141                                                                                                                                               │
2026-09-22T20:05:29.0333881Z │ IsPrivate         │ false                                                                                                                                                    │
2026-09-22T20:05:29.0334944Z │ Environment       │ production                                                                                                                                               │
2026-09-22T20:05:29.0336051Z │ StackName         │ runs-on-v3                                                                                                                                               │
2026-09-22T20:05:29.0337118Z │ Region            │ us-east-1                                                                                                                                                │
2026-09-22T20:05:29.0338206Z │ AvailabilityZone  │ us-east-1a                                                                                                                                               │
2026-09-22T20:05:29.0339309Z │ Version           │ v3.3.0                                                                                                                                                   │
2026-09-22T20:05:29.0340479Z │ RunnerName        │ runs-on--i-0d248d3ad4a7d9b93--08023f40-c                                                                                                                 │
2026-09-22T20:05:29.0341803Z │ AssignmentId      │ 08023f40-c941-423f-867f-b79ab7571c5e                                                                                                                     │
2026-09-22T20:05:29.0343145Z │ BucketCacheName   │ runs-on-v3-s3bucketcache-dbnub4tpjhpv                                                                                                                    │
2026-09-22T20:05:29.0344400Z │ InstanceId        │ i-0d248d3ad4a7d9b93                                                                                                                                      │
2026-09-22T20:05:29.0345556Z │ InstanceType      │ c7i.metal-24xl                                                                                                                                           │
2026-09-22T20:05:29.0346673Z │ InstanceLifecycle │ spot                                                                                                                                                     │
2026-09-22T20:05:29.0347955Z │ InstanceRAM       │ 193002.65 MiB                                                                                                                                            │
2026-09-22T20:05:29.0349193Z │ InstanceCPU       │ 96 cores                                                                                                                                                 │
2026-09-22T20:05:29.0350280Z │ InstanceDisk1     │ /=/dev/nvme0n1p1                                                                                                                                         │
2026-09-22T20:05:29.0351359Z │                   │ Free=76.97GiB Used=18.84GiB                                                                                                                              │
2026-09-22T20:05:29.0352533Z │ ImageId           │ ami-0d8875560af9e1401                                                                                                                                    │
2026-09-22T20:05:29.0353753Z │ ImageName         │ vortex-ci-v2-x64-20260831011844                                                                                                                          │
2026-09-22T20:05:29.0354910Z │ Platform          │ linux                                                                                                                                                    │
2026-09-22T20:05:29.0355937Z │ Architecture      │ x64                                                                                                                                                      │
2026-09-22T20:05:29.0357000Z │ HasPreinstall     │ false                                                                                                                                                    │
2026-09-22T20:05:29.0358072Z │ HasPrerun         │ false                                                                                                                                                    │
2026-09-22T20:05:29.0359279Z │ IsDebug           │ false                                                                                                                                                    │
2026-09-22T20:05:29.0360309Z │ Integrations      │ []                                                                                                                                                       │
2026-09-22T20:05:29.0361432Z └───────────────────┴──────────────────────────────────────────────────────────────────────────────────────────────────────────────────────────────────────────────────────────┘
2026-09-22T20:05:29.0362297Z ##[endgroup]
2026-09-22T20:05:29.0362801Z ##[group]⏱️ Timings - 47.49s
2026-09-22T20:05:29.0363521Z ┌──────────────────────┬─────────────────────────────────┬─────────┬────────┐
2026-09-22T20:05:29.0364241Z │         TIME         │              STEP               │  DIFF   │ TOTAL  │
2026-09-22T20:05:29.0365001Z ├──────────────────────┼─────────────────────────────────┼─────────┼────────┤
2026-09-22T20:05:29.0365925Z │ 2026-09-22T20:04:38Z │ job-created                     │ 0ms     │ 0.0s   │
2026-09-22T20:05:29.0366867Z │ 2026-09-22T20:04:39Z │ job-received                    │ 1958ms  │ 1.96s  │
2026-09-22T20:05:29.0367694Z │ 2026-09-22T20:04:39Z │ job-scheduled                   │ 16ms    │ 1.97s  │
2026-09-22T20:05:29.0368555Z │ 2026-09-22T20:04:41Z │ instance-pending                │ 1025ms  │ 3.00s  │
2026-09-22T20:05:29.0369478Z │ 2026-09-22T20:04:42Z │ runner-registered               │ 1893ms  │ 4.89s  │
2026-09-22T20:05:29.0370306Z │ 2026-09-22T20:05:23Z │ agent-booting                   │ 40821ms │ 45.71s │
2026-09-22T20:05:29.0371145Z │ 2026-09-22T20:05:23Z │ runner-setup-global-env         │ 17ms    │ 45.73s │
2026-09-22T20:05:29.0371958Z │ 2026-09-22T20:05:23Z │ runner-setup-user               │ 57ms    │ 45.79s │
2026-09-22T20:05:29.0372802Z │ 2026-09-22T20:05:23Z │ agent-metadata                  │ 94ms    │ 45.88s │
2026-09-22T20:05:29.0373616Z │ 2026-09-22T20:05:23Z │ instance-config                 │ 54ms    │ 45.94s │
2026-09-22T20:05:29.0374450Z │ 2026-09-22T20:05:23Z │ runner-otel-setup-tracer        │ 0ms     │ 45.94s │
2026-09-22T20:05:29.0375287Z │ 2026-09-22T20:05:23Z │ runner-otel-setup-collector     │ 0ms     │ 45.94s │
2026-09-22T20:05:29.0376095Z │ 2026-09-22T20:05:25Z │ runner-resize-disk              │ 1284ms  │ 47.22s │
2026-09-22T20:05:29.0376942Z │ 2026-09-22T20:05:25Z │ runner-prepare-mount-points     │ 0ms     │ 47.22s │
2026-09-22T20:05:29.0377762Z │ 2026-09-22T20:05:25Z │ runner-setup-mount-points       │ 68ms    │ 47.29s │
2026-09-22T20:05:29.0378598Z │ 2026-09-22T20:05:25Z │ runner-setup-agent              │ 4ms     │ 47.30s │
2026-09-22T20:05:29.0379438Z │ 2026-09-22T20:05:25Z │ runner-setup-aws-profile        │ 0ms     │ 47.30s │
2026-09-22T20:05:29.0380240Z │ 2026-09-22T20:05:25Z │ runner-setup-host               │ 0ms     │ 47.30s │
2026-09-22T20:05:29.0381065Z │ 2026-09-22T20:05:25Z │ runner-config                   │ 81ms    │ 47.38s │
2026-09-22T20:05:29.0381892Z │ 2026-09-22T20:05:25Z │ runner-otel-restart             │ 0ms     │ 47.38s │
2026-09-22T20:05:29.0382726Z │ 2026-09-22T20:05:25Z │ runner-env                      │ 5ms     │ 47.38s │
2026-09-22T20:05:29.0383524Z │ 2026-09-22T20:05:25Z │ runner-setup-integrations       │ 60ms    │ 47.44s │
2026-09-22T20:05:29.0384323Z │ 2026-09-22T20:05:25Z │ runner-chown-runner-directories │ 0ms     │ 47.44s │
2026-09-22T20:05:29.0385194Z │ 2026-09-22T20:05:25Z │ runner-start-local-server       │ 0ms     │ 47.44s │
2026-09-22T20:05:29.0386014Z │ 2026-09-22T20:05:25Z │ runner-setup-s3-cache           │ 40ms    │ 47.48s │
2026-09-22T20:05:29.0387090Z │ 2026-09-22T20:05:25Z │ runner-setup-hooks              │ 7ms     │ 47.49s │
2026-09-22T20:05:29.0387837Z └──────────────────────┴─────────────────────────────────┴─────────┴────────┘
2026-09-22T20:05:29.0388463Z ##[endgroup]
2026-09-22T20:05:29.0389437Z ##[group]GITHUB_TOKEN Permissions
2026-09-22T20:05:29.0391490Z Contents: read
2026-09-22T20:05:29.0391966Z Metadata: read
2026-09-22T20:05:29.0392461Z ##[endgroup]
2026-09-22T20:05:29.0394280Z Secret source: Actions
2026-09-22T20:05:29.0395056Z Cache mode: write
2026-09-22T20:05:29.0395697Z Prepare workflow directory
2026-09-22T20:05:29.0682289Z Prepare all required actions
2026-09-22T20:05:29.0721286Z Getting action download info
2026-09-22T20:05:29.2515812Z Download action repository 'runs-on/action@v2' (SHA:efac073ea2507ec18797de3a81704201ade11d9d)
2026-09-22T20:05:29.7140417Z Download action repository 'actions/checkout@3d3c42e5aac5ba805825da76410c181273ba90b1' (SHA:3d3c42e5aac5ba805825da76410c181273ba90b1)
2026-09-22T20:05:29.7593472Z Download action repository 'taiki-e/cache-cargo-install-action@66c9585ef5ca780ee69399975a5e911f47905995' (SHA:66c9585ef5ca780ee69399975a5e911f47905995)
2026-09-22T20:05:29.8454950Z Download action repository 'actions/download-artifact@3e5f45b2cfb9172054b4087a40e8e0b5a5461e7c' (SHA:3e5f45b2cfb9172054b4087a40e8e0b5a5461e7c)
2026-09-22T20:05:29.9959745Z Download action repository 'CodSpeedHQ/action@4296e51e7041e24dadb86d1d6e8b9320d223dbe8' (SHA:4296e51e7041e24dadb86d1d6e8b9320d223dbe8)
2026-09-22T20:05:30.1482803Z Getting action download info
2026-09-22T20:05:30.2475825Z Download action repository 'actions/cache@668228422ae6a00e4ad889ee87cd7109ec5666a7' (SHA:668228422ae6a00e4ad889ee87cd7109ec5666a7)
2026-09-22T20:05:30.4526337Z Getting action download info
2026-09-22T20:05:30.5719447Z Download action repository 'actions/github-script@ed597411d8f924073f98dfc5c65a23a2325f34cd' (SHA:ed597411d8f924073f98dfc5c65a23a2325f34cd)
2026-09-22T20:05:30.7355786Z Complete job name: Benchmark with Codspeed (avx512)
2026-09-22T20:05:30.8125528Z A job started hook has been configured by the self-hosted runner administrator
2026-09-22T20:05:30.8753625Z ##[group]Run '/runs-on/pre.sh'
2026-09-22T20:05:30.8776864Z shell: /usr/bin/bash --noprofile --norc -e -o pipefail {0}
2026-09-22T20:05:30.8777986Z ##[endgroup]
2026-09-22T20:05:30.8946909Z 
2026-09-22T20:05:30.8947938Z 👋 This self-hosted runner was launched with RunsOn (https://runs-on.com). Join the party!
2026-09-22T20:05:30.8949082Z 
2026-09-22T20:05:30.8959828Z ##[group]Job identity
2026-09-22T20:05:30.8960529Z Organization: vortex-data
2026-09-22T20:05:30.8961206Z Repository: vortex-data/vortex
2026-09-22T20:05:30.8961913Z Workflow: Codspeed Benchmarking
2026-09-22T20:05:30.8962585Z Job: bench-codspeed-cpu-features
2026-09-22T20:05:30.8963738Z ##[endgroup]
2026-09-22T20:05:30.8964047Z 
2026-09-22T20:05:30.8964884Z ##[group]💡 Additional environment variables available in your steps
2026-09-22T20:05:30.8970962Z ACTIONS_CACHE_SERVICE_V2=true
2026-09-22T20:05:30.8971847Z ACTIONS_CACHE_URL=http://10.1.9.141:6871/
2026-09-22T20:05:30.8972627Z ACTIONS_RESULTS_URL=http://10.1.9.141:6871/
2026-09-22T20:05:30.8973422Z ACTIONS_RUNNER_HOOK_JOB_COMPLETED=/runs-on/post.sh
2026-09-22T20:05:30.8974479Z ACTIONS_RUNNER_HOOK_JOB_STARTED=/runs-on/pre.sh
2026-09-22T20:05:30.8975292Z GITHUB_API_URL=https://api.github.com/
2026-09-22T20:05:30.8976025Z GITHUB_HOST=github.com
2026-09-22T20:05:30.8976671Z GITHUB_SERVER_URL=https://github.com/
2026-09-22T20:05:30.8977411Z RUNNER_TOOL_CACHE=/opt/hostedtoolcache
2026-09-22T20:05:30.8978119Z RUNS_ON_AGENT_ARCH=x64
2026-09-22T20:05:30.8978785Z RUNS_ON_AGENT_BINARY=/runs-on/agent
2026-09-22T20:05:30.8979445Z RUNS_ON_AGENT_USER=runner
2026-09-22T20:05:30.8980068Z RUNS_ON_AMI_ID=ami-0d8875560af9e1401
2026-09-22T20:05:30.8980748Z RUNS_ON_AWS_AZ=us-east-1a
2026-09-22T20:05:30.8981369Z RUNS_ON_AWS_REGION=us-east-1
2026-09-22T20:05:30.8982046Z RUNS_ON_ENV_CUSTOM_FILE=/runs-on/env.custom
2026-09-22T20:05:30.8982758Z RUNS_ON_HOME=/runs-on
2026-09-22T20:05:30.8983360Z RUNS_ON_INSTANCE_ID=i-0d248d3ad4a7d9b93
2026-09-22T20:05:30.8984112Z RUNS_ON_INSTANCE_LAUNCHED_AT=2026-09-22T20:04:39Z
2026-09-22T20:05:30.8984917Z RUNS_ON_INSTANCE_LIFECYCLE=spot
2026-09-22T20:05:30.8985585Z RUNS_ON_INSTANCE_TYPE=c7i.metal-24xl
2026-09-22T20:05:30.8986416Z RUNS_ON_RUNNER_NAME=runs-on--i-0d248d3ad4a7d9b93--08023f40-c
2026-09-22T20:05:30.8987447Z RUNS_ON_S3_BUCKET_CACHE=runs-on-v3-s3bucketcache-dbnub4tpjhpv
2026-09-22T20:05:30.8988461Z RUNS_ON_S3_CACHE_REPO_PREFIX=cache/repo/vortex-data/vortex
2026-09-22T20:05:30.8989373Z RUNS_ON_STACK_NAME=runs-on-v3
2026-09-22T20:05:30.8990009Z RUNS_ON_VERSION=v3.3.0
2026-09-22T20:05:30.8990919Z ##[endgroup]
2026-09-22T20:05:30.8991214Z 
2026-09-22T20:05:30.9215566Z ##[group]Run runs-on/action@v2
2026-09-22T20:05:30.9216252Z with:
2026-09-22T20:05:30.9216858Z   show_env: false
2026-09-22T20:05:30.9217377Z   show_costs: inline
2026-09-22T20:05:30.9217951Z   network_interface: enp39s0
2026-09-22T20:05:30.9218565Z   disk_device: nvme0n1p1
2026-09-22T20:05:30.9224796Z   token: ***
2026-09-22T20:05:30.9225331Z   sticky_wait_timeout: 15m
2026-09-22T20:05:30.9225892Z env:
2026-09-22T20:05:30.9226377Z   CARGO_TERM_COLOR: always
2026-09-22T20:05:30.9226956Z   RUST_BACKTRACE: 1
2026-09-22T20:05:30.9227500Z   NIGHTLY_TOOLCHAIN: nightly-2026-09-10
2026-09-22T20:05:30.9228288Z   RUNNER_TOOL_CACHE: /opt/hostedtoolcache
2026-09-22T20:05:30.9228995Z   RUNS_ON_HOME: /runs-on
2026-09-22T20:05:30.9229724Z   RUNS_ON_VERSION: v3.3.0
2026-09-22T20:05:30.9230321Z   RUNS_ON_AGENT_BINARY: /runs-on/agent
2026-09-22T20:05:30.9230990Z   RUNS_ON_AGENT_ARCH: x64
2026-09-22T20:05:30.9231589Z   RUNS_ON_AGENT_USER: runner
2026-09-22T20:05:30.9232287Z   RUNS_ON_AMI_ID: ami-0d8875560af9e1401
2026-09-22T20:05:30.9233013Z   RUNS_ON_AWS_REGION: us-east-1
2026-09-22T20:05:30.9233642Z   RUNS_ON_AWS_AZ: us-east-1a
2026-09-22T20:05:30.9234298Z   RUNS_ON_ENV_CUSTOM_FILE: /runs-on/env.custom
2026-09-22T20:05:30.9235046Z   RUNS_ON_INSTANCE_ID: i-0d248d3ad4a7d9b93
2026-09-22T20:05:30.9235734Z   RUNS_ON_INSTANCE_LIFECYCLE: spot
2026-09-22T20:05:30.9236452Z   RUNS_ON_INSTANCE_TYPE: c7i.metal-24xl
2026-09-22T20:05:30.9237154Z   RUNS_ON_STACK_NAME: runs-on-v3
2026-09-22T20:05:30.9238042Z   RUNS_ON_S3_BUCKET_CACHE: runs-on-v3-s3bucketcache-dbnub4tpjhpv
2026-09-22T20:05:30.9239023Z   ACTIONS_RUNNER_HOOK_JOB_STARTED: /runs-on/pre.sh
2026-09-22T20:05:30.9239918Z   ACTIONS_RUNNER_HOOK_JOB_COMPLETED: /runs-on/post.sh
2026-09-22T20:05:30.9240754Z   GITHUB_SERVER_URL: https://github.com/
2026-09-22T20:05:30.9241522Z   GITHUB_API_URL: https://api.github.com/
2026-09-22T20:05:30.9242239Z   GITHUB_HOST: github.com
2026-09-22T20:05:30.9242979Z   RUNS_ON_RUNNER_NAME: runs-on--i-0d248d3ad4a7d9b93--08023f40-c
2026-09-22T20:05:30.9243908Z   RUNS_ON_INSTANCE_LAUNCHED_AT: 2026-09-22T20:04:39Z
2026-09-22T20:05:30.9244749Z   ACTIONS_CACHE_URL: http://10.1.9.141:6871/
2026-09-22T20:05:30.9245483Z   ACTIONS_CACHE_SERVICE_V2: true
2026-09-22T20:05:30.9246180Z   ACTIONS_RESULTS_URL: http://10.1.9.141:6871/
2026-09-22T20:05:30.9247057Z   RUNS_ON_S3_CACHE_REPO_PREFIX: cache/repo/vortex-data/vortex
2026-09-22T20:05:30.9247861Z ##[endgroup]
2026-09-22T20:05:32.0382537Z Input 'show_env': false
2026-09-22T20:05:32.0383634Z Input 'show_costs': inline
2026-09-22T20:05:32.0384398Z Input 'metrics': []
2026-09-22T20:05:32.0385074Z Input 'network_interface': enp39s0
2026-09-22T20:05:32.0385898Z Input 'disk_device': nvme0n1p1
2026-09-22T20:05:32.0386600Z Input 'sccache': 
2026-09-22T20:05:32.0387262Z Input 'sticky_cache': []
2026-09-22T20:05:32.0388242Z Input 'sticky_wait_timeout': 15m0s
2026-09-22T20:05:32.0389316Z ZCTIONS_RESULTS_URL is set: https://results-receiver.actions.githubusercontent.com/
2026-09-22T20:05:32.0391148Z ZCTIONS_CACHE_URL is set: https://acghubeus1.actions.githubusercontent.com/XtqVEj2MXQCbzj6x6n8CMomnIjyhqqRNuSgameoSnKmgcNZw2F/
2026-09-22T20:05:32.0392583Z ACTIONS_RUNTIME_TOKEN is set.
2026-09-22T20:05:32.0393352Z Config update response status: 200 OK
2026-09-22T20:05:32.0394484Z show_costs is enabled. You will find cost details in the post-execution step of this action.
2026-09-22T20:05:32.0395597Z Action finished.
2026-09-22T20:05:32.0746879Z ##[group]Run actions/checkout@3d3c42e5aac5ba805825da76410c181273ba90b1
2026-09-22T20:05:32.0747934Z with:
2026-09-22T20:05:32.0748574Z   repository: vortex-data/vortex
2026-09-22T20:05:32.0754095Z   token: ***
2026-09-22T20:05:32.0754714Z   ssh-strict: true
2026-09-22T20:05:32.0755350Z   ssh-user: git
2026-09-22T20:05:32.0756020Z   persist-credentials: true
2026-09-22T20:05:32.0756723Z   clean: true
2026-09-22T20:05:32.0757382Z   sparse-checkout-cone-mode: true
2026-09-22T20:05:32.0758167Z   fetch-depth: 1
2026-09-22T20:05:32.0758796Z   fetch-tags: false
2026-09-22T20:05:32.0759447Z   show-progress: true
2026-09-22T20:05:32.0760100Z   lfs: false
2026-09-22T20:05:32.0760714Z   submodules: false
2026-09-22T20:05:32.0761382Z   set-safe-directory: true
2026-09-22T20:05:32.0762130Z   allow-unsafe-pr-checkout: false
2026-09-22T20:05:32.0762896Z env:
2026-09-22T20:05:32.0763512Z   CARGO_TERM_COLOR: always
2026-09-22T20:05:32.0764199Z   RUST_BACKTRACE: 1
2026-09-22T20:05:32.0764921Z   NIGHTLY_TOOLCHAIN: nightly-2026-09-10
2026-09-22T20:05:32.0765749Z   RUNNER_TOOL_CACHE: /opt/hostedtoolcache
2026-09-22T20:05:32.0766542Z   RUNS_ON_HOME: /runs-on
2026-09-22T20:05:32.0767235Z   RUNS_ON_VERSION: v3.3.0
2026-09-22T20:05:32.0767982Z   RUNS_ON_AGENT_BINARY: /runs-on/agent
2026-09-22T20:05:32.0768763Z   RUNS_ON_AGENT_ARCH: x64
2026-09-22T20:05:32.0769553Z   RUNS_ON_AGENT_USER: runner
2026-09-22T20:05:32.0770288Z   RUNS_ON_AMI_ID: ami-0d8875560af9e1401
2026-09-22T20:05:32.0771068Z   RUNS_ON_AWS_REGION: us-east-1
2026-09-22T20:05:32.0771794Z   RUNS_ON_AWS_AZ: us-east-1a
2026-09-22T20:05:32.0772557Z   RUNS_ON_ENV_CUSTOM_FILE: /runs-on/env.custom
2026-09-22T20:05:32.0773433Z   RUNS_ON_INSTANCE_ID: i-0d248d3ad4a7d9b93
2026-09-22T20:05:32.0774246Z   RUNS_ON_INSTANCE_LIFECYCLE: spot
2026-09-22T20:05:32.0775028Z   RUNS_ON_INSTANCE_TYPE: c7i.metal-24xl
2026-09-22T20:05:32.0775819Z   RUNS_ON_STACK_NAME: runs-on-v3
2026-09-22T20:05:32.0776718Z   RUNS_ON_S3_BUCKET_CACHE: runs-on-v3-s3bucketcache-dbnub4tpjhpv
2026-09-22T20:05:32.0777744Z   ACTIONS_RUNNER_HOOK_JOB_STARTED: /runs-on/pre.sh
2026-09-22T20:05:32.0778737Z   ACTIONS_RUNNER_HOOK_JOB_COMPLETED: /runs-on/post.sh
2026-09-22T20:05:32.0779681Z   GITHUB_SERVER_URL: https://github.com/
2026-09-22T20:05:32.0780573Z   GITHUB_API_URL: https://api.github.com/
2026-09-22T20:05:32.0781425Z   GITHUB_HOST: github.com
2026-09-22T20:05:32.0782319Z   RUNS_ON_RUNNER_NAME: runs-on--i-0d248d3ad4a7d9b93--08023f40-c
2026-09-22T20:05:32.0783370Z   RUNS_ON_INSTANCE_LAUNCHED_AT: 2026-09-22T20:04:39Z
2026-09-22T20:05:32.0784322Z   ACTIONS_CACHE_URL: http://10.1.9.141:6871/
2026-09-22T20:05:32.0785197Z   ACTIONS_CACHE_SERVICE_V2: true
2026-09-22T20:05:32.0786036Z   ACTIONS_RESULTS_URL: http://10.1.9.141:6871/
2026-09-22T20:05:32.0787062Z   RUNS_ON_S3_CACHE_REPO_PREFIX: cache/repo/vortex-data/vortex
2026-09-22T20:05:32.0788082Z   RUNS_ON_ACTION_COST_TRACKING_CLAIMED: true
2026-09-22T20:05:32.0788914Z ##[endgroup]
2026-09-22T20:05:32.2146369Z Syncing repository: vortex-data/vortex
2026-09-22T20:05:32.2147941Z ##[group]Getting Git version info
2026-09-22T20:05:32.2148885Z Working directory is '/home/runner/_work/vortex/vortex'
2026-09-22T20:05:32.2150245Z [command]/usr/bin/git version
2026-09-22T20:05:32.2163901Z git version 2.55.0
2026-09-22T20:05:32.2175794Z ##[endgroup]
2026-09-22T20:05:32.2181519Z Temporarily overriding HOME='/home/runner/_work/_temp/af086fbd-6493-4514-b72c-fff3f3d69262' before making global git config changes
2026-09-22T20:05:32.2183313Z Adding repository directory to the temporary git global config as a safe directory
2026-09-22T20:05:32.2184776Z [command]/usr/bin/git config --global --add safe.directory /home/runner/_work/vortex/vortex
2026-09-22T20:05:32.2203563Z Deleting the contents of '/home/runner/_work/vortex/vortex'
2026-09-22T20:05:32.2205398Z ##[group]Determining repository object format
2026-09-22T20:05:32.2206622Z ##[endgroup]
2026-09-22T20:05:32.2207676Z ##[group]Initializing the repository
2026-09-22T20:05:32.2210120Z [command]/usr/bin/git init /home/runner/_work/vortex/vortex
2026-09-22T20:05:32.2504269Z hint: Using 'master' as the name for the initial branch. This default branch name
2026-09-22T20:05:32.2505704Z hint: will change to "main" in Git 3.0. To configure the initial branch name
2026-09-22T20:05:32.2507014Z hint: to use in all of your new repositories, which will suppress this warning,
2026-09-22T20:05:32.2508333Z hint: call:
2026-09-22T20:05:32.2508938Z hint:
2026-09-22T20:05:32.2509678Z hint: 	git config --global init.defaultBranch <name>
2026-09-22T20:05:32.2510579Z hint:
2026-09-22T20:05:32.2511410Z hint: Names commonly chosen instead of 'master' are 'main', 'trunk' and
2026-09-22T20:05:32.2512681Z hint: 'development'. The just-created branch can be renamed via this command:
2026-09-22T20:05:32.2513704Z hint:
2026-09-22T20:05:32.2514332Z hint: 	git branch -m <name>
2026-09-22T20:05:32.2515031Z hint:
2026-09-22T20:05:32.2515927Z hint: Disable this message with "git config set advice.defaultBranchName false"
2026-09-22T20:05:32.2517259Z Initialized empty Git repository in /home/runner/_work/vortex/vortex/.git/
2026-09-22T20:05:32.2519579Z [command]/usr/bin/git remote add origin https://github.com/vortex-data/vortex
2026-09-22T20:05:32.2595955Z ##[endgroup]
2026-09-22T20:05:32.2597088Z ##[group]Disabling automatic garbage collection
2026-09-22T20:05:32.2598181Z [command]/usr/bin/git config --local gc.auto 0
2026-09-22T20:05:32.2615603Z ##[endgroup]
2026-09-22T20:05:32.2616647Z ##[group]Setting up auth
2026-09-22T20:05:32.2617417Z Removing SSH command configuration
2026-09-22T20:05:32.2619239Z [command]/usr/bin/git config --local --name-only --get-regexp core\.sshCommand
2026-09-22T20:05:32.2645019Z [command]/usr/bin/git submodule foreach --recursive sh -c "git config --local --name-only --get-regexp 'core\.sshCommand' && git config --local --unset-all 'core.sshCommand' || :"
2026-09-22T20:05:32.4076066Z Removing HTTP extra header
2026-09-22T20:05:32.4077454Z [command]/usr/bin/git config --local --name-only --get-regexp http\.https\:\/\/github\.com\/\.extraheader
2026-09-22T20:05:32.4102430Z [command]/usr/bin/git submodule foreach --recursive sh -c "git config --local --name-only --get-regexp 'http\.https\:\/\/github\.com\/\.extraheader' && git config --local --unset-all 'http.https://github.com/.extraheader' || :"
2026-09-22T20:05:32.4258746Z Removing includeIf entries pointing to credentials config files
2026-09-22T20:05:32.4260222Z [command]/usr/bin/git config --local --name-only --get-regexp ^includeIf\.gitdir:
2026-09-22T20:05:32.4281920Z [command]/usr/bin/git submodule foreach --recursive git config --local --show-origin --name-only --get-regexp remote.origin.url
2026-09-22T20:05:32.4443540Z [command]/usr/bin/git config --file /home/runner/_work/_temp/git-credentials-82234e4c-e6ca-46fc-a5cd-906fbc2e06eb.config http.https://github.com/.extraheader AUTHORIZATION: basic ***
2026-09-22T20:05:32.4470375Z [command]/usr/bin/git config --local includeIf.gitdir:/home/runner/_work/vortex/vortex/.git.path /home/runner/_work/_temp/git-credentials-82234e4c-e6ca-46fc-a5cd-906fbc2e06eb.config
2026-09-22T20:05:32.4487968Z [command]/usr/bin/git config --local includeIf.gitdir:/home/runner/_work/vortex/vortex/.git/worktrees/*.path /home/runner/_work/_temp/git-credentials-82234e4c-e6ca-46fc-a5cd-906fbc2e06eb.config
2026-09-22T20:05:32.4515619Z [command]/usr/bin/git config --local includeIf.gitdir:/github/workspace/.git.path /github/runner_temp/git-credentials-82234e4c-e6ca-46fc-a5cd-906fbc2e06eb.config
2026-09-22T20:05:32.4534260Z [command]/usr/bin/git config --local includeIf.gitdir:/github/workspace/.git/worktrees/*.path /github/runner_temp/git-credentials-82234e4c-e6ca-46fc-a5cd-906fbc2e06eb.config
2026-09-22T20:05:32.4551538Z ##[endgroup]
2026-09-22T20:05:32.4551929Z ##[group]Fetching the repository
2026-09-22T20:05:32.4556504Z [command]/usr/bin/git -c protocol.version=2 fetch --no-tags --prune --no-recurse-submodules --depth=1 origin +a02b33f28ac4d652b4f478237c6448c4006e9936:refs/remotes/pull/9986/merge
2026-09-22T20:05:32.8820430Z From https://github.com/vortex-data/vortex
2026-09-22T20:05:32.8820922Z  * [new ref]         a02b33f28ac4d652b4f478237c6448c4006e9936 -> pull/9986/merge
2026-09-22T20:05:32.8821794Z ##[endgroup]
2026-09-22T20:05:32.8822120Z ##[group]Determining the checkout info
2026-09-22T20:05:32.8822452Z ##[endgroup]
2026-09-22T20:05:32.8826027Z [command]/usr/bin/git sparse-checkout disable
2026-09-22T20:05:32.8894680Z [command]/usr/bin/git config --local --unset-all extensions.worktreeConfig
2026-09-22T20:05:32.8914930Z ##[group]Checking out the ref
2026-09-22T20:05:32.8917737Z [command]/usr/bin/git checkout --progress --force refs/remotes/pull/9986/merge
2026-09-22T20:05:33.0494609Z Note: switching to 'refs/remotes/pull/9986/merge'.
2026-09-22T20:05:33.0494929Z 
2026-09-22T20:05:33.0495196Z You are in 'detached HEAD' state. You can look around, make experimental
2026-09-22T20:05:33.0495563Z changes and commit them, and you can discard any commits you make in this
2026-09-22T20:05:33.0495943Z state without impacting any branches by switching back to a branch.
2026-09-22T20:05:33.0496140Z 
2026-09-22T20:05:33.0496295Z If you want to create a new branch to retain commits you create, you may
2026-09-22T20:05:33.0496629Z do so (now or later) by using -c with the switch command. Example:
2026-09-22T20:05:33.0496822Z 
2026-09-22T20:05:33.0496928Z   git switch -c <new-branch-name>
2026-09-22T20:05:33.0497274Z 
2026-09-22T20:05:33.0497371Z Or undo this operation with:
2026-09-22T20:05:33.0497500Z 
2026-09-22T20:05:33.0497585Z   git switch -
2026-09-22T20:05:33.0497700Z 
2026-09-22T20:05:33.0497986Z Turn off this advice by setting config variable advice.detachedHead to false
2026-09-22T20:05:33.0498215Z 
2026-09-22T20:05:33.0498474Z HEAD is now at a02b33f Merge 2ed0398caf41241ea4ca65fe41780195f823a033 into 57f084f50b239befc2bbf5ecf7b06fec4f49bf38
2026-09-22T20:05:33.0507708Z ##[endgroup]
2026-09-22T20:05:33.0547370Z [command]/usr/bin/git log -1 --format=%H
2026-09-22T20:05:33.0565841Z a02b33f28ac4d652b4f478237c6448c4006e9936
2026-09-22T20:05:33.0734492Z Prepare all required actions
2026-09-22T20:05:33.0734916Z Getting action download info
2026-09-22T20:05:33.1628325Z Download action repository 'dtolnay/rust-toolchain@6bed0761d98439e5a578e2877258200ad565ba87' (SHA:6bed0761d98439e5a578e2877258200ad565ba87)
2026-09-22T20:05:33.2498833Z ##[group]Run ./.github/actions/setup-prebuild
2026-09-22T20:05:33.2499084Z with:
2026-09-22T20:05:33.2500762Z   repo-token: ***
2026-09-22T20:05:33.2500954Z   components: clippy, rustfmt
2026-09-22T20:05:33.2501163Z   protoc-version: 29.3
2026-09-22T20:05:33.2501349Z   enable-sccache: false
2026-09-22T20:05:33.2501527Z env:
2026-09-22T20:05:33.2501692Z   CARGO_TERM_COLOR: always
2026-09-22T20:05:33.2501892Z   RUST_BACKTRACE: 1
2026-09-22T20:05:33.2502077Z   NIGHTLY_TOOLCHAIN: nightly-2026-09-10
2026-09-22T20:05:33.2502307Z   RUNNER_TOOL_CACHE: /opt/hostedtoolcache
2026-09-22T20:05:33.2502531Z   RUNS_ON_HOME: /runs-on
2026-09-22T20:05:33.2502716Z   RUNS_ON_VERSION: v3.3.0
2026-09-22T20:05:33.2502947Z   RUNS_ON_AGENT_BINARY: /runs-on/agent
2026-09-22T20:05:33.2503161Z   RUNS_ON_AGENT_ARCH: x64
2026-09-22T20:05:33.2503345Z   RUNS_ON_AGENT_USER: runner
2026-09-22T20:05:33.2503546Z   RUNS_ON_AMI_ID: ami-0d8875560af9e1401
2026-09-22T20:05:33.2503759Z   RUNS_ON_AWS_REGION: us-east-1
2026-09-22T20:05:33.2503961Z   RUNS_ON_AWS_AZ: us-east-1a
2026-09-22T20:05:33.2504169Z   RUNS_ON_ENV_CUSTOM_FILE: /runs-on/env.custom
2026-09-22T20:05:33.2504413Z   RUNS_ON_INSTANCE_ID: i-0d248d3ad4a7d9b93
2026-09-22T20:05:33.2504640Z   RUNS_ON_INSTANCE_LIFECYCLE: spot
2026-09-22T20:05:33.2504856Z   RUNS_ON_INSTANCE_TYPE: c7i.metal-24xl
2026-09-22T20:05:33.2505070Z   RUNS_ON_STACK_NAME: runs-on-v3
2026-09-22T20:05:33.2505334Z   RUNS_ON_S3_BUCKET_CACHE: runs-on-v3-s3bucketcache-dbnub4tpjhpv
2026-09-22T20:05:33.2505629Z   ACTIONS_RUNNER_HOOK_JOB_STARTED: /runs-on/pre.sh
2026-09-22T20:05:33.2505900Z   ACTIONS_RUNNER_HOOK_JOB_COMPLETED: /runs-on/post.sh
2026-09-22T20:05:33.2506165Z   GITHUB_SERVER_URL: https://github.com/
2026-09-22T20:05:33.2506405Z   GITHUB_API_URL: https://api.github.com/
2026-09-22T20:05:33.2506626Z   GITHUB_HOST: github.com
2026-09-22T20:05:33.2506881Z   RUNS_ON_RUNNER_NAME: runs-on--i-0d248d3ad4a7d9b93--08023f40-c
2026-09-22T20:05:33.2507172Z   RUNS_ON_INSTANCE_LAUNCHED_AT: 2026-09-22T20:04:39Z
2026-09-22T20:05:33.2507428Z   ACTIONS_CACHE_URL: http://10.1.9.141:6871/
2026-09-22T20:05:33.2507661Z   ACTIONS_CACHE_SERVICE_V2: true
2026-09-22T20:05:33.2507933Z   ACTIONS_RESULTS_URL: http://10.1.9.141:6871/
2026-09-22T20:05:33.2508222Z   RUNS_ON_S3_CACHE_REPO_PREFIX: cache/repo/vortex-data/vortex
2026-09-22T20:05:33.2508493Z   RUNS_ON_ACTION_COST_TRACKING_CLAIMED: true
2026-09-22T20:05:33.2508710Z ##[endgroup]
2026-09-22T20:05:33.2558953Z ##[start-action display=Resolve toolchain config;id=__self.toolchain-config]
2026-09-22T20:05:33.2587374Z ##[group]Run DEFAULT_VERSION=$(grep channel rust-toolchain.toml | awk -F'"' '{print $2}')
2026-09-22T20:05:33.2587927Z [36;1mDEFAULT_VERSION=$(grep channel rust-toolchain.toml | awk -F'"' '{print $2}')[0m
2026-09-22T20:05:33.2588300Z [36;1mTOOLCHAIN="${TOOLCHAIN_OVERRIDE:-$DEFAULT_VERSION}"[0m
2026-09-22T20:05:33.2588609Z [36;1mecho "toolchain=$TOOLCHAIN" >> "$GITHUB_OUTPUT"[0m
2026-09-22T20:05:33.2588915Z [36;1mecho "RUSTUP_TOOLCHAIN=$DEFAULT_VERSION" >> "$GITHUB_ENV"[0m
2026-09-22T20:05:33.2613362Z shell: /usr/bin/bash --noprofile --norc -e -o pipefail {0}
2026-09-22T20:05:33.2613722Z env:
2026-09-22T20:05:33.2613900Z   CARGO_TERM_COLOR: always
2026-09-22T20:05:33.2614111Z   RUST_BACKTRACE: 1
2026-09-22T20:05:33.2614304Z   NIGHTLY_TOOLCHAIN: nightly-2026-09-10
2026-09-22T20:05:33.2614544Z   RUNNER_TOOL_CACHE: /opt/hostedtoolcache
2026-09-22T20:05:33.2614765Z   RUNS_ON_HOME: /runs-on
2026-09-22T20:05:33.2614953Z   RUNS_ON_VERSION: v3.3.0
2026-09-22T20:05:33.2615152Z   RUNS_ON_AGENT_BINARY: /runs-on/agent
2026-09-22T20:05:33.2615374Z   RUNS_ON_AGENT_ARCH: x64
2026-09-22T20:05:33.2615558Z   RUNS_ON_AGENT_USER: runner
2026-09-22T20:05:33.2615854Z   RUNS_ON_AMI_ID: ami-0d8875560af9e1401
2026-09-22T20:05:33.2616075Z   RUNS_ON_AWS_REGION: us-east-1
2026-09-22T20:05:33.2616305Z   RUNS_ON_AWS_AZ: us-east-1a
2026-09-22T20:05:33.2616523Z   RUNS_ON_ENV_CUSTOM_FILE: /runs-on/env.custom
2026-09-22T20:05:33.2616778Z   RUNS_ON_INSTANCE_ID: i-0d248d3ad4a7d9b93
2026-09-22T20:05:33.2617044Z   RUNS_ON_INSTANCE_LIFECYCLE: spot
2026-09-22T20:05:33.2617277Z   RUNS_ON_INSTANCE_TYPE: c7i.metal-24xl
2026-09-22T20:05:33.2617515Z   RUNS_ON_STACK_NAME: runs-on-v3
2026-09-22T20:05:33.2617798Z   RUNS_ON_S3_BUCKET_CACHE: runs-on-v3-s3bucketcache-dbnub4tpjhpv
2026-09-22T20:05:33.2618134Z   ACTIONS_RUNNER_HOOK_JOB_STARTED: /runs-on/pre.sh
2026-09-22T20:05:33.2618413Z   ACTIONS_RUNNER_HOOK_JOB_COMPLETED: /runs-on/post.sh
2026-09-22T20:05:33.2618675Z   GITHUB_SERVER_URL: https://github.com/
2026-09-22T20:05:33.2618914Z   GITHUB_API_URL: https://api.github.com/
2026-09-22T20:05:33.2619135Z   GITHUB_HOST: github.com
2026-09-22T20:05:33.2619378Z   RUNS_ON_RUNNER_NAME: runs-on--i-0d248d3ad4a7d9b93--08023f40-c
2026-09-22T20:05:33.2619675Z   RUNS_ON_INSTANCE_LAUNCHED_AT: 2026-09-22T20:04:39Z
2026-09-22T20:05:33.2619942Z   ACTIONS_CACHE_URL: http://10.1.9.141:6871/
2026-09-22T20:05:33.2620172Z   ACTIONS_CACHE_SERVICE_V2: true
2026-09-22T20:05:33.2620390Z   ACTIONS_RESULTS_URL: http://10.1.9.141:6871/
2026-09-22T20:05:33.2620667Z   RUNS_ON_S3_CACHE_REPO_PREFIX: cache/repo/vortex-data/vortex
2026-09-22T20:05:33.2620943Z   RUNS_ON_ACTION_COST_TRACKING_CLAIMED: true
2026-09-22T20:05:33.2621174Z   TOOLCHAIN_OVERRIDE: 
2026-09-22T20:05:33.2621356Z ##[endgroup]
2026-09-22T20:05:33.2701072Z ##[end-action id=__self.toolchain-config;outcome=success;conclusion=success;duration_ms=14]
2026-09-22T20:05:33.2702931Z ##[start-action display=Check for rustup;id=__self.check-rustup]
2026-09-22T20:05:33.2716401Z ##[group]Run echo "exists=$(command -v rustup &> /dev/null && echo 'true' || echo 'false')" >> "$GITHUB_OUTPUT"
2026-09-22T20:05:33.2716926Z [36;1mecho "exists=$(command -v rustup &> /dev/null && echo 'true' || echo 'false')" >> "$GITHUB_OUTPUT"[0m
2026-09-22T20:05:33.2738151Z shell: /usr/bin/bash --noprofile --norc -e -o pipefail {0}
2026-09-22T20:05:33.2738429Z env:
2026-09-22T20:05:33.2738601Z   CARGO_TERM_COLOR: always
2026-09-22T20:05:33.2738796Z   RUST_BACKTRACE: 1
2026-09-22T20:05:33.2738987Z   NIGHTLY_TOOLCHAIN: nightly-2026-09-10
2026-09-22T20:05:33.2739222Z   RUNNER_TOOL_CACHE: /opt/hostedtoolcache
2026-09-22T20:05:33.2739453Z   RUNS_ON_HOME: /runs-on
2026-09-22T20:05:33.2739653Z   RUNS_ON_VERSION: v3.3.0
2026-09-22T20:05:33.2739855Z   RUNS_ON_AGENT_BINARY: /runs-on/agent
2026-09-22T20:05:33.2740073Z   RUNS_ON_AGENT_ARCH: x64
2026-09-22T20:05:33.2740260Z   RUNS_ON_AGENT_USER: runner
2026-09-22T20:05:33.2740468Z   RUNS_ON_AMI_ID: ami-0d8875560af9e1401
2026-09-22T20:05:33.2740685Z   RUNS_ON_AWS_REGION: us-east-1
2026-09-22T20:05:33.2740890Z   RUNS_ON_AWS_AZ: us-east-1a
2026-09-22T20:05:33.2741105Z   RUNS_ON_ENV_CUSTOM_FILE: /runs-on/env.custom
2026-09-22T20:05:33.2741345Z   RUNS_ON_INSTANCE_ID: i-0d248d3ad4a7d9b93
2026-09-22T20:05:33.2741578Z   RUNS_ON_INSTANCE_LIFECYCLE: spot
2026-09-22T20:05:33.2741799Z   RUNS_ON_INSTANCE_TYPE: c7i.metal-24xl
2026-09-22T20:05:33.2742011Z   RUNS_ON_STACK_NAME: runs-on-v3
2026-09-22T20:05:33.2742267Z   RUNS_ON_S3_BUCKET_CACHE: runs-on-v3-s3bucketcache-dbnub4tpjhpv
2026-09-22T20:05:33.2742569Z   ACTIONS_RUNNER_HOOK_JOB_STARTED: /runs-on/pre.sh
2026-09-22T20:05:33.2742840Z   ACTIONS_RUNNER_HOOK_JOB_COMPLETED: /runs-on/post.sh
2026-09-22T20:05:33.2743201Z   GITHUB_SERVER_URL: https://github.com/
2026-09-22T20:05:33.2743453Z   GITHUB_API_URL: https://api.github.com/
2026-09-22T20:05:33.2743680Z   GITHUB_HOST: github.com
2026-09-22T20:05:33.2743924Z   RUNS_ON_RUNNER_NAME: runs-on--i-0d248d3ad4a7d9b93--08023f40-c
2026-09-22T20:05:33.2744217Z   RUNS_ON_INSTANCE_LAUNCHED_AT: 2026-09-22T20:04:39Z
2026-09-22T20:05:33.2744470Z   ACTIONS_CACHE_URL: http://10.1.9.141:6871/
2026-09-22T20:05:33.2744699Z   ACTIONS_CACHE_SERVICE_V2: true
2026-09-22T20:05:33.2744926Z   ACTIONS_RESULTS_URL: http://10.1.9.141:6871/
2026-09-22T20:05:33.2745277Z   RUNS_ON_S3_CACHE_REPO_PREFIX: cache/repo/vortex-data/vortex
2026-09-22T20:05:33.2745553Z   RUNS_ON_ACTION_COST_TRACKING_CLAIMED: true
2026-09-22T20:05:33.2745775Z   RUSTUP_TOOLCHAIN: 1.98.0
2026-09-22T20:05:33.2745962Z ##[endgroup]
2026-09-22T20:05:33.2792301Z ##[end-action id=__self.check-rustup;outcome=success;conclusion=success;duration_ms=8]
2026-09-22T20:05:33.2794001Z ##[start-action display=Install Rust;id=__self.__dtolnay_rust-toolchain]
2026-09-22T20:05:33.2801961Z ##[end-action id=__self.__dtolnay_rust-toolchain;outcome=skipped;conclusion=skipped;duration_ms=0]
2026-09-22T20:05:33.2804544Z ##[start-action display=Reconcile prebuilt Rust installation;id=__self.__run]
2026-09-22T20:05:33.2818825Z ##[group]Run TOOLCHAIN_FOUND=false
2026-09-22T20:05:33.2819117Z [36;1mTOOLCHAIN_FOUND=false[0m
2026-09-22T20:05:33.2819400Z [36;1mfor INSTALLED in $(rustup toolchain list | awk '{print $1}'); do[0m
2026-09-22T20:05:33.2819706Z [36;1m  case "$INSTALLED" in[0m
2026-09-22T20:05:33.2819969Z [36;1m    "$TOOLCHAIN"|"$TOOLCHAIN"-*) TOOLCHAIN_FOUND=true ;;[0m
2026-09-22T20:05:33.2820227Z [36;1m  esac[0m
2026-09-22T20:05:33.2820396Z [36;1mdone[0m
2026-09-22T20:05:33.2820589Z [36;1mif [ "$TOOLCHAIN_FOUND" != true ]; then[0m
2026-09-22T20:05:33.2820891Z [36;1m  rustup toolchain install "$TOOLCHAIN" --profile minimal[0m
2026-09-22T20:05:33.2821157Z [36;1mfi[0m
2026-09-22T20:05:33.2821322Z [36;1m[0m
2026-09-22T20:05:33.2821551Z [36;1mTOOLCHAIN_HOST=$(rustc +"$TOOLCHAIN" --print host-tuple)[0m
2026-09-22T20:05:33.2821945Z [36;1mINSTALLED_COMPONENTS=$(rustup component list --toolchain "$TOOLCHAIN" --installed)[0m
2026-09-22T20:05:33.2822295Z [36;1mMISSING_COMPONENTS=()[0m
2026-09-22T20:05:33.2822548Z [36;1mIFS=',' read -ra REQUESTED_COMPONENTS <<< "$COMPONENTS"[0m
2026-09-22T20:05:33.2822865Z [36;1mfor COMPONENT in "${REQUESTED_COMPONENTS[@]}"; do[0m
2026-09-22T20:05:33.2823129Z [36;1m  COMPONENT=${COMPONENT// /}[0m
2026-09-22T20:05:33.2823365Z [36;1m  [ -z "$COMPONENT" ] && continue[0m
2026-09-22T20:05:33.2823614Z [36;1m  if [ "$COMPONENT" = llvm-tools ]; then[0m
2026-09-22T20:05:33.2823862Z [36;1m    COMPONENT=llvm-tools-preview[0m
2026-09-22T20:05:33.2824079Z [36;1m  fi[0m
2026-09-22T20:05:33.2824320Z [36;1m  if ! grep -Fqx "$COMPONENT" <<< "$INSTALLED_COMPONENTS" && \[0m
2026-09-22T20:05:33.2824694Z [36;1m     ! grep -Fqx "$COMPONENT-$TOOLCHAIN_HOST" <<< "$INSTALLED_COMPONENTS"; then[0m
2026-09-22T20:05:33.2825033Z [36;1m    MISSING_COMPONENTS+=("$COMPONENT")[0m
2026-09-22T20:05:33.2825262Z [36;1m  fi[0m
2026-09-22T20:05:33.2825425Z [36;1mdone[0m
2026-09-22T20:05:33.2825644Z [36;1mif [ ${#MISSING_COMPONENTS[@]} -gt 0 ]; then[0m
2026-09-22T20:05:33.2825967Z [36;1m  rustup component add --toolchain "$TOOLCHAIN" "${MISSING_COMPONENTS[@]}"[0m
2026-09-22T20:05:33.2826263Z [36;1mfi[0m
2026-09-22T20:05:33.2826418Z [36;1m[0m
2026-09-22T20:05:33.2826689Z [36;1mINSTALLED_TARGETS=$(rustup target list --toolchain "$TOOLCHAIN" --installed)[0m
2026-09-22T20:05:33.2827008Z [36;1mMISSING_TARGETS=()[0m
2026-09-22T20:05:33.2827245Z [36;1mIFS=',' read -ra REQUESTED_TARGETS <<< "$TARGETS"[0m
2026-09-22T20:05:33.2827527Z [36;1mfor TARGET in "${REQUESTED_TARGETS[@]}"; do[0m
2026-09-22T20:05:33.2827767Z [36;1m  TARGET=${TARGET// /}[0m
2026-09-22T20:05:33.2828005Z [36;1m  [ -z "$TARGET" ] && continue[0m
2026-09-22T20:05:33.2828270Z [36;1m  if ! grep -Fqx "$TARGET" <<< "$INSTALLED_TARGETS"; then[0m
2026-09-22T20:05:33.2828616Z [36;1m    MISSING_TARGETS+=("$TARGET")[0m
2026-09-22T20:05:33.2828823Z [36;1m  fi[0m
2026-09-22T20:05:33.2828991Z [36;1mdone[0m
2026-09-22T20:05:33.2829184Z [36;1mif [ ${#MISSING_TARGETS[@]} -gt 0 ]; then[0m
2026-09-22T20:05:33.2829490Z [36;1m  rustup target add --toolchain "$TOOLCHAIN" "${MISSING_TARGETS[@]}"[0m
2026-09-22T20:05:33.2829771Z [36;1mfi[0m
2026-09-22T20:05:33.2850925Z shell: /usr/bin/bash --noprofile --norc -e -o pipefail {0}
2026-09-22T20:05:33.2851201Z env:
2026-09-22T20:05:33.2851374Z   CARGO_TERM_COLOR: always
2026-09-22T20:05:33.2851655Z   RUST_BACKTRACE: 1
2026-09-22T20:05:33.2851852Z   NIGHTLY_TOOLCHAIN: nightly-2026-09-10
2026-09-22T20:05:33.2852096Z   RUNNER_TOOL_CACHE: /opt/hostedtoolcache
2026-09-22T20:05:33.2852319Z   RUNS_ON_HOME: /runs-on
2026-09-22T20:05:33.2852518Z   RUNS_ON_VERSION: v3.3.0
2026-09-22T20:05:33.2852719Z   RUNS_ON_AGENT_BINARY: /runs-on/agent
2026-09-22T20:05:33.2852945Z   RUNS_ON_AGENT_ARCH: x64
2026-09-22T20:05:33.2853134Z   RUNS_ON_AGENT_USER: runner
2026-09-22T20:05:33.2853335Z   RUNS_ON_AMI_ID: ami-0d8875560af9e1401
2026-09-22T20:05:33.2853553Z   RUNS_ON_AWS_REGION: us-east-1
2026-09-22T20:05:33.2853758Z   RUNS_ON_AWS_AZ: us-east-1a
2026-09-22T20:05:33.2853969Z   RUNS_ON_ENV_CUSTOM_FILE: /runs-on/env.custom
2026-09-22T20:05:33.2854220Z   RUNS_ON_INSTANCE_ID: i-0d248d3ad4a7d9b93
2026-09-22T20:05:33.2854449Z   RUNS_ON_INSTANCE_LIFECYCLE: spot
2026-09-22T20:05:33.2854667Z   RUNS_ON_INSTANCE_TYPE: c7i.metal-24xl
2026-09-22T20:05:33.2854884Z   RUNS_ON_STACK_NAME: runs-on-v3
2026-09-22T20:05:33.2855145Z   RUNS_ON_S3_BUCKET_CACHE: runs-on-v3-s3bucketcache-dbnub4tpjhpv
2026-09-22T20:05:33.2855448Z   ACTIONS_RUNNER_HOOK_JOB_STARTED: /runs-on/pre.sh
2026-09-22T20:05:33.2855734Z   ACTIONS_RUNNER_HOOK_JOB_COMPLETED: /runs-on/post.sh
2026-09-22T20:05:33.2856007Z   GITHUB_SERVER_URL: https://github.com/
2026-09-22T20:05:33.2856253Z   GITHUB_API_URL: https://api.github.com/
2026-09-22T20:05:33.2856480Z   GITHUB_HOST: github.com
2026-09-22T20:05:33.2856724Z   RUNS_ON_RUNNER_NAME: runs-on--i-0d248d3ad4a7d9b93--08023f40-c
2026-09-22T20:05:33.2857021Z   RUNS_ON_INSTANCE_LAUNCHED_AT: 2026-09-22T20:04:39Z
2026-09-22T20:05:33.2857284Z   ACTIONS_CACHE_URL: http://10.1.9.141:6871/
2026-09-22T20:05:33.2857516Z   ACTIONS_CACHE_SERVICE_V2: true
2026-09-22T20:05:33.2857738Z   ACTIONS_RESULTS_URL: http://10.1.9.141:6871/
2026-09-22T20:05:33.2858034Z   RUNS_ON_S3_CACHE_REPO_PREFIX: cache/repo/vortex-data/vortex
2026-09-22T20:05:33.2858311Z   RUNS_ON_ACTION_COST_TRACKING_CLAIMED: true
2026-09-22T20:05:33.2858547Z   RUSTUP_TOOLCHAIN: 1.98.0
2026-09-22T20:05:33.2858737Z   TOOLCHAIN: 1.98.0
2026-09-22T20:05:33.2858926Z   COMPONENTS: clippy, rustfmt
2026-09-22T20:05:33.2859124Z   TARGETS: 
2026-09-22T20:05:33.2859291Z ##[endgroup]
2026-09-22T20:05:33.5471398Z info: syncing channel updates for 1.98.0-x86_64-unknown-linux-gnu
2026-09-22T20:05:33.6848573Z info: latest update on 2026-08-20 for version 1.98.0 (88d9e12ae 2026-08-18)
2026-09-22T20:05:33.6883661Z info: downloading 3 components
2026-09-22T20:05:40.9509431Z info: syncing channel updates for 1.98.0-x86_64-unknown-linux-gnu
2026-09-22T20:05:40.9880362Z 
2026-09-22T20:05:40.9933605Z   1.98.0-x86_64-unknown-linux-gnu unchanged - rustc 1.98.0 (88d9e12ae 2026-08-18)
2026-09-22T20:05:40.9933879Z 
2026-09-22T20:05:41.0716657Z info: downloading component clippy
2026-09-22T20:05:41.6594360Z info: downloading component rustfmt
2026-09-22T20:05:41.9462350Z ##[end-action id=__self.__run;outcome=success;conclusion=success;duration_ms=8665]
2026-09-22T20:05:41.9465182Z ##[start-action display=Reconcile mold installation;id=__self.__run_2]
2026-09-22T20:05:41.9482583Z ##[group]Run if ! command -v mold >/dev/null; then
2026-09-22T20:05:41.9482940Z [36;1mif ! command -v mold >/dev/null; then[0m
2026-09-22T20:05:41.9483228Z [36;1m  sudo apt-get update[0m
2026-09-22T20:05:41.9483479Z [36;1m  sudo apt-get install -y mold[0m
2026-09-22T20:05:41.9483727Z [36;1mfi[0m
2026-09-22T20:05:41.9508763Z shell: /usr/bin/bash --noprofile --norc -e -o pipefail {0}
2026-09-22T20:05:41.9509114Z env:
2026-09-22T20:05:41.9509325Z   CARGO_TERM_COLOR: always
2026-09-22T20:05:41.9509553Z   RUST_BACKTRACE: 1
2026-09-22T20:05:41.9509782Z   NIGHTLY_TOOLCHAIN: nightly-2026-09-10
2026-09-22T20:05:41.9510066Z   RUNNER_TOOL_CACHE: /opt/hostedtoolcache
2026-09-22T20:05:41.9510335Z   RUNS_ON_HOME: /runs-on
2026-09-22T20:05:41.9510558Z   RUNS_ON_VERSION: v3.3.0
2026-09-22T20:05:41.9510795Z   RUNS_ON_AGENT_BINARY: /runs-on/agent
2026-09-22T20:05:41.9511046Z   RUNS_ON_AGENT_ARCH: x64
2026-09-22T20:05:41.9511380Z   RUNS_ON_AGENT_USER: runner
2026-09-22T20:05:41.9511622Z   RUNS_ON_AMI_ID: ami-0d8875560af9e1401
2026-09-22T20:05:41.9511890Z   RUNS_ON_AWS_REGION: us-east-1
2026-09-22T20:05:41.9512131Z   RUNS_ON_AWS_AZ: us-east-1a
2026-09-22T20:05:41.9512388Z   RUNS_ON_ENV_CUSTOM_FILE: /runs-on/env.custom
2026-09-22T20:05:41.9512673Z   RUNS_ON_INSTANCE_ID: i-0d248d3ad4a7d9b93
2026-09-22T20:05:41.9512951Z   RUNS_ON_INSTANCE_LIFECYCLE: spot
2026-09-22T20:05:41.9513210Z   RUNS_ON_INSTANCE_TYPE: c7i.metal-24xl
2026-09-22T20:05:41.9513474Z   RUNS_ON_STACK_NAME: runs-on-v3
2026-09-22T20:05:41.9513778Z   RUNS_ON_S3_BUCKET_CACHE: runs-on-v3-s3bucketcache-dbnub4tpjhpv
2026-09-22T20:05:41.9514132Z   ACTIONS_RUNNER_HOOK_JOB_STARTED: /runs-on/pre.sh
2026-09-22T20:05:41.9514455Z   ACTIONS_RUNNER_HOOK_JOB_COMPLETED: /runs-on/post.sh
2026-09-22T20:05:41.9514807Z   GITHUB_SERVER_URL: https://github.com/
2026-09-22T20:05:41.9515090Z   GITHUB_API_URL: https://api.github.com/
2026-09-22T20:05:41.9515356Z   GITHUB_HOST: github.com
2026-09-22T20:05:41.9515640Z   RUNS_ON_RUNNER_NAME: runs-on--i-0d248d3ad4a7d9b93--08023f40-c
2026-09-22T20:05:41.9515990Z   RUNS_ON_INSTANCE_LAUNCHED_AT: 2026-09-22T20:04:39Z
2026-09-22T20:05:41.9516285Z   ACTIONS_CACHE_URL: http://10.1.9.141:6871/
2026-09-22T20:05:41.9516556Z   ACTIONS_CACHE_SERVICE_V2: true
2026-09-22T20:05:41.9516821Z   ACTIONS_RESULTS_URL: http://10.1.9.141:6871/
2026-09-22T20:05:41.9517153Z   RUNS_ON_S3_CACHE_REPO_PREFIX: cache/repo/vortex-data/vortex
2026-09-22T20:05:41.9517478Z   RUNS_ON_ACTION_COST_TRACKING_CLAIMED: true
2026-09-22T20:05:41.9517744Z   RUSTUP_TOOLCHAIN: 1.98.0
2026-09-22T20:05:41.9518003Z ##[endgroup]
2026-09-22T20:05:41.9587403Z ##[end-action id=__self.__run_2;outcome=success;conclusion=success;duration_ms=12]
2026-09-22T20:05:41.9590301Z ##[start-action display=Check protoc installation;id=__self.check-protoc]
2026-09-22T20:05:41.9604607Z ##[group]Run EXPECTED="libprotoc $PROTOC_VERSION"
2026-09-22T20:05:41.9604922Z [36;1mEXPECTED="libprotoc $PROTOC_VERSION"[0m
2026-09-22T20:05:41.9605247Z [36;1mACTUAL=$(protoc --version 2>/dev/null || true)[0m
2026-09-22T20:05:41.9605645Z [36;1mecho "install=$([ "$ACTUAL" = "$EXPECTED" ] && echo false || echo true)" >> "$GITHUB_OUTPUT"[0m
2026-09-22T20:05:41.9624340Z shell: /usr/bin/bash --noprofile --norc -e -o pipefail {0}
2026-09-22T20:05:41.9624630Z env:
2026-09-22T20:05:41.9624816Z   CARGO_TERM_COLOR: always
2026-09-22T20:05:41.9625047Z   RUST_BACKTRACE: 1
2026-09-22T20:05:41.9625247Z   NIGHTLY_TOOLCHAIN: nightly-2026-09-10
2026-09-22T20:05:41.9625503Z   RUNNER_TOOL_CACHE: /opt/hostedtoolcache
2026-09-22T20:05:41.9625732Z   RUNS_ON_HOME: /runs-on
2026-09-22T20:05:41.9625925Z   RUNS_ON_VERSION: v3.3.0
2026-09-22T20:05:41.9626130Z   RUNS_ON_AGENT_BINARY: /runs-on/agent
2026-09-22T20:05:41.9626349Z   RUNS_ON_AGENT_ARCH: x64
2026-09-22T20:05:41.9626542Z   RUNS_ON_AGENT_USER: runner
2026-09-22T20:05:41.9626756Z   RUNS_ON_AMI_ID: ami-0d8875560af9e1401
2026-09-22T20:05:41.9626977Z   RUNS_ON_AWS_REGION: us-east-1
2026-09-22T20:05:41.9627192Z   RUNS_ON_AWS_AZ: us-east-1a
2026-09-22T20:05:41.9627415Z   RUNS_ON_ENV_CUSTOM_FILE: /runs-on/env.custom
2026-09-22T20:05:41.9627662Z   RUNS_ON_INSTANCE_ID: i-0d248d3ad4a7d9b93
2026-09-22T20:05:41.9627925Z   RUNS_ON_INSTANCE_LIFECYCLE: spot
2026-09-22T20:05:41.9628159Z   RUNS_ON_INSTANCE_TYPE: c7i.metal-24xl
2026-09-22T20:05:41.9628378Z   RUNS_ON_STACK_NAME: runs-on-v3
2026-09-22T20:05:41.9628739Z   RUNS_ON_S3_BUCKET_CACHE: runs-on-v3-s3bucketcache-dbnub4tpjhpv
2026-09-22T20:05:41.9629051Z   ACTIONS_RUNNER_HOOK_JOB_STARTED: /runs-on/pre.sh
2026-09-22T20:05:41.9629329Z   ACTIONS_RUNNER_HOOK_JOB_COMPLETED: /runs-on/post.sh
2026-09-22T20:05:41.9629607Z   GITHUB_SERVER_URL: https://github.com/
2026-09-22T20:05:41.9629862Z   GITHUB_API_URL: https://api.github.com/
2026-09-22T20:05:41.9630094Z   GITHUB_HOST: github.com
2026-09-22T20:05:41.9630341Z   RUNS_ON_RUNNER_NAME: runs-on--i-0d248d3ad4a7d9b93--08023f40-c
2026-09-22T20:05:41.9630635Z   RUNS_ON_INSTANCE_LAUNCHED_AT: 2026-09-22T20:04:39Z
2026-09-22T20:05:41.9630955Z   ACTIONS_CACHE_URL: http://10.1.9.141:6871/
2026-09-22T20:05:41.9631204Z   ACTIONS_CACHE_SERVICE_V2: true
2026-09-22T20:05:41.9631430Z   ACTIONS_RESULTS_URL: http://10.1.9.141:6871/
2026-09-22T20:05:41.9631711Z   RUNS_ON_S3_CACHE_REPO_PREFIX: cache/repo/vortex-data/vortex
2026-09-22T20:05:41.9631989Z   RUNS_ON_ACTION_COST_TRACKING_CLAIMED: true
2026-09-22T20:05:41.9632218Z   RUSTUP_TOOLCHAIN: 1.98.0
2026-09-22T20:05:41.9632418Z   PROTOC_VERSION: 29.3
2026-09-22T20:05:41.9632614Z ##[endgroup]
2026-09-22T20:05:42.0734687Z ##[end-action id=__self.check-protoc;outcome=success;conclusion=success;duration_ms=114]
2026-09-22T20:05:42.0736371Z ##[start-action display=Install protoc;id=__self.__self]
2026-09-22T20:05:42.0741905Z ##[end-action id=__self.__self;outcome=skipped;conclusion=skipped;duration_ms=0]
2026-09-22T20:05:42.0743265Z ##[start-action display=Install sccache;id=__self.__self_2]
2026-09-22T20:05:42.0746743Z ##[end-action id=__self.__self_2;outcome=skipped;conclusion=skipped;duration_ms=0]
2026-09-22T20:05:42.0748058Z ##[start-action display=Configure sccache timeout;id=__self.__run_3]
2026-09-22T20:05:42.0751381Z ##[end-action id=__self.__run_3;outcome=skipped;conclusion=skipped;duration_ms=0]
2026-09-22T20:05:42.0752686Z ##[start-action display=Enable compiler caching;id=__self.__run_4]
2026-09-22T20:05:42.0755913Z ##[end-action id=__self.__run_4;outcome=skipped;conclusion=skipped;duration_ms=0]
2026-09-22T20:05:42.0757097Z ##[start-action display=Full Rust setup;id=__self.__self_3]
2026-09-22T20:05:42.0759468Z ##[end-action id=__self.__self_3;outcome=skipped;conclusion=skipped;duration_ms=0]
2026-09-22T20:05:42.0760747Z ##[start-action display=Install flatc (for FlatBuffers code generation);id=__self.__self_4]
2026-09-22T20:05:42.0781254Z Prepare all required actions
2026-09-22T20:05:42.0810619Z ##[group]Run ./.github/actions/setup-flatc
2026-09-22T20:05:42.0810886Z with:
2026-09-22T20:05:42.0811150Z   flatc_version: 25.12.19
2026-09-22T20:05:42.0811388Z env:
2026-09-22T20:05:42.0811616Z   CARGO_TERM_COLOR: always
2026-09-22T20:05:42.0811866Z   RUST_BACKTRACE: 1
2026-09-22T20:05:42.0812122Z   NIGHTLY_TOOLCHAIN: nightly-2026-09-10
2026-09-22T20:05:42.0812448Z   RUNNER_TOOL_CACHE: /opt/hostedtoolcache
2026-09-22T20:05:42.0812728Z   RUNS_ON_HOME: /runs-on
2026-09-22T20:05:42.0812970Z   RUNS_ON_VERSION: v3.3.0
2026-09-22T20:05:42.0813230Z   RUNS_ON_AGENT_BINARY: /runs-on/agent
2026-09-22T20:05:42.0813525Z   RUNS_ON_AGENT_ARCH: x64
2026-09-22T20:05:42.0813814Z   RUNS_ON_AGENT_USER: runner
2026-09-22T20:05:42.0814070Z   RUNS_ON_AMI_ID: ami-0d8875560af9e1401
2026-09-22T20:05:42.0814340Z   RUNS_ON_AWS_REGION: us-east-1
2026-09-22T20:05:42.0814602Z   RUNS_ON_AWS_AZ: us-east-1a
2026-09-22T20:05:42.0814861Z   RUNS_ON_ENV_CUSTOM_FILE: /runs-on/env.custom
2026-09-22T20:05:42.0815194Z   RUNS_ON_INSTANCE_ID: i-0d248d3ad4a7d9b93
2026-09-22T20:05:42.0815466Z   RUNS_ON_INSTANCE_LIFECYCLE: spot
2026-09-22T20:05:42.0815731Z   RUNS_ON_INSTANCE_TYPE: c7i.metal-24xl
2026-09-22T20:05:42.0816001Z   RUNS_ON_STACK_NAME: runs-on-v3
2026-09-22T20:05:42.0816346Z   RUNS_ON_S3_BUCKET_CACHE: runs-on-v3-s3bucketcache-dbnub4tpjhpv
2026-09-22T20:05:42.0816745Z   ACTIONS_RUNNER_HOOK_JOB_STARTED: /runs-on/pre.sh
2026-09-22T20:05:42.0817063Z   ACTIONS_RUNNER_HOOK_JOB_COMPLETED: /runs-on/post.sh
2026-09-22T20:05:42.0817382Z   GITHUB_SERVER_URL: https://github.com/
2026-09-22T20:05:42.0817671Z   GITHUB_API_URL: https://api.github.com/
2026-09-22T20:05:42.0818058Z   GITHUB_HOST: github.com
2026-09-22T20:05:42.0818362Z   RUNS_ON_RUNNER_NAME: runs-on--i-0d248d3ad4a7d9b93--08023f40-c
2026-09-22T20:05:42.0818723Z   RUNS_ON_INSTANCE_LAUNCHED_AT: 2026-09-22T20:04:39Z
2026-09-22T20:05:42.0819030Z   ACTIONS_CACHE_URL: http://10.1.9.141:6871/
2026-09-22T20:05:42.0819320Z   ACTIONS_CACHE_SERVICE_V2: true
2026-09-22T20:05:42.0819602Z   ACTIONS_RESULTS_URL: http://10.1.9.141:6871/
2026-09-22T20:05:42.0819942Z   RUNS_ON_S3_CACHE_REPO_PREFIX: cache/repo/vortex-data/vortex
2026-09-22T20:05:42.0820283Z   RUNS_ON_ACTION_COST_TRACKING_CLAIMED: true
2026-09-22T20:05:42.0820617Z   RUSTUP_TOOLCHAIN: 1.98.0
2026-09-22T20:05:42.0820891Z ##[endgroup]
2026-09-22T20:05:42.0823993Z ##[start-action display=Install flatc;id=__self.__self_4.__run]
2026-09-22T20:05:42.0851689Z ##[group]Run set -euo pipefail
2026-09-22T20:05:42.0852047Z [36;1mset -euo pipefail[0m
2026-09-22T20:05:42.0852318Z [36;1m[0m
2026-09-22T20:05:42.0852602Z [36;1mVERSION="25.12.19"[0m
2026-09-22T20:05:42.0852953Z [36;1mif [ "$(flatc --version 2>/dev/null)" = "flatc version ${VERSION}" ]; then[0m
2026-09-22T20:05:42.0853355Z [36;1m  echo "flatc ${VERSION} is already installed"[0m
2026-09-22T20:05:42.0853669Z [36;1m  exit 0[0m
2026-09-22T20:05:42.0853903Z [36;1mfi[0m
2026-09-22T20:05:42.0854144Z [36;1m[0m
2026-09-22T20:05:42.0854361Z [36;1mARCH=$(uname -m)[0m
2026-09-22T20:05:42.0854642Z [36;1mOS=$(uname -s | tr '[:upper:]' '[:lower:]')[0m
2026-09-22T20:05:42.0854943Z [36;1m[0m
2026-09-22T20:05:42.0855248Z [36;1m# Official binaries exist for x86_64 glibc Linux, macOS and Windows only.[0m
2026-09-22T20:05:42.0855605Z [36;1mASSET=""[0m
2026-09-22T20:05:42.0855855Z [36;1mcase "$OS" in[0m
2026-09-22T20:05:42.0856089Z [36;1m  linux)[0m
2026-09-22T20:05:42.0856388Z [36;1m    if [ "$ARCH" = "x86_64" ] && ! ldd /bin/sh 2>&1 | grep -qi musl; then[0m
2026-09-22T20:05:42.0856758Z [36;1m      ASSET="Linux.flatc.binary.clang++-18.zip"[0m
2026-09-22T20:05:42.0857050Z [36;1m    fi[0m
2026-09-22T20:05:42.0857287Z [36;1m    ;;[0m
2026-09-22T20:05:42.0857504Z [36;1m  darwin)[0m
2026-09-22T20:05:42.0857749Z [36;1m    case "$ARCH" in[0m
2026-09-22T20:05:42.0858089Z [36;1m      arm64)  ASSET="Mac.flatc.binary.zip" ;;[0m
2026-09-22T20:05:42.0858482Z [36;1m      x86_64) ASSET="MacIntel.flatc.binary.zip" ;;[0m
2026-09-22T20:05:42.0858766Z [36;1m    esac[0m
2026-09-22T20:05:42.0859019Z [36;1m    ;;[0m
2026-09-22T20:05:42.0859275Z [36;1m  *) ASSET="Windows.flatc.binary.zip" ;;[0m
2026-09-22T20:05:42.0859559Z [36;1mesac[0m
2026-09-22T20:05:42.0859770Z [36;1m[0m
2026-09-22T20:05:42.0860086Z [36;1m# This sometimes runs in a container where the user is root and there is no sudo.[0m
2026-09-22T20:05:42.0860487Z [36;1mif command -v sudo &>/dev/null[0m
2026-09-22T20:05:42.0860783Z [36;1mthen[0m
2026-09-22T20:05:42.0861004Z [36;1m  CMD=sudo[0m
2026-09-22T20:05:42.0861222Z [36;1melse[0m
2026-09-22T20:05:42.0861417Z [36;1m  CMD=[0m
2026-09-22T20:05:42.0861641Z [36;1mfi[0m
2026-09-22T20:05:42.0861863Z [36;1m[0m
2026-09-22T20:05:42.0862227Z [36;1mRELEASE="https://github.com/google/flatbuffers/releases/download/v${VERSION}"[0m
2026-09-22T20:05:42.0862606Z [36;1mif [ -n "$ASSET" ]; then[0m
2026-09-22T20:05:42.0862904Z [36;1m  curl -fsSL -o /tmp/flatc.zip "${RELEASE}/${ASSET}"[0m
2026-09-22T20:05:42.0863253Z [36;1m  unzip -o /tmp/flatc.zip -d /tmp/flatc[0m
2026-09-22T20:05:42.0863560Z [36;1m  rm -f /tmp/flatc.zip[0m
2026-09-22T20:05:42.0863843Z [36;1melse[0m
2026-09-22T20:05:42.0864159Z [36;1m  echo "No official flatc binary for ${OS}/${ARCH}; building ${VERSION} from source"[0m
2026-09-22T20:05:42.0864553Z [36;1m  git clone --depth 1 --branch "v${VERSION}" \[0m
2026-09-22T20:05:42.0864950Z [36;1m    https://github.com/google/flatbuffers.git /tmp/flatbuffers[0m
2026-09-22T20:05:42.0865333Z [36;1m  cmake -S /tmp/flatbuffers -B /tmp/flatbuffers/build \[0m
2026-09-22T20:05:42.0865688Z [36;1m    -DCMAKE_BUILD_TYPE=Release \[0m
2026-09-22T20:05:42.0865975Z [36;1m    -DFLATBUFFERS_BUILD_TESTS=OFF \[0m
2026-09-22T20:05:42.0866416Z [36;1m    -DFLATBUFFERS_BUILD_FLATLIB=OFF \[0m
2026-09-22T20:05:42.0866756Z [36;1m    -DFLATBUFFERS_BUILD_FLATHASH=OFF \[0m
2026-09-22T20:05:42.0867048Z [36;1m    -DFLATBUFFERS_INSTALL=OFF[0m
2026-09-22T20:05:42.0867401Z [36;1m  cmake --build /tmp/flatbuffers/build --target flatc \[0m
2026-09-22T20:05:42.0867740Z [36;1m    --parallel "$(nproc 2>/dev/null || echo 4)"[0m
2026-09-22T20:05:42.0868053Z [36;1m  mkdir -p /tmp/flatc[0m
2026-09-22T20:05:42.0868379Z [36;1m  mv /tmp/flatbuffers/build/flatc /tmp/flatc/flatc[0m
2026-09-22T20:05:42.0868725Z [36;1m  rm -rf /tmp/flatbuffers[0m
2026-09-22T20:05:42.0869028Z [36;1mfi[0m
2026-09-22T20:05:42.0869235Z [36;1m[0m
2026-09-22T20:05:42.0869489Z [36;1mif [ "$OS" = "linux" ] || [ "$OS" = "darwin" ]; then[0m
2026-09-22T20:05:42.0869839Z [36;1m  $CMD mv /tmp/flatc/flatc /usr/local/bin/[0m
2026-09-22T20:05:42.0870114Z [36;1melse[0m
2026-09-22T20:05:42.0870568Z [36;1m  # Windows runners do not have /usr/local/bin on PATH for non-bash steps.[0m
2026-09-22T20:05:42.0870966Z [36;1m  mkdir -p "$HOME/.local/bin"[0m
2026-09-22T20:05:42.0871270Z [36;1m  mv /tmp/flatc/flatc.exe "$HOME/.local/bin/"[0m
2026-09-22T20:05:42.0871608Z [36;1m  cygpath -w "$HOME/.local/bin" >> "$GITHUB_PATH"[0m
2026-09-22T20:05:42.0871919Z [36;1m  export PATH="$HOME/.local/bin:$PATH"[0m
2026-09-22T20:05:42.0872196Z [36;1mfi[0m
2026-09-22T20:05:42.0872430Z [36;1m[0m
2026-09-22T20:05:42.0872655Z [36;1mrm -rf /tmp/flatc[0m
2026-09-22T20:05:42.0872917Z [36;1mflatc --version[0m
2026-09-22T20:05:42.0889933Z shell: /usr/bin/bash --noprofile --norc -e -o pipefail {0}
2026-09-22T20:05:42.0890274Z env:
2026-09-22T20:05:42.0890497Z   CARGO_TERM_COLOR: always
2026-09-22T20:05:42.0890772Z   RUST_BACKTRACE: 1
2026-09-22T20:05:42.0891044Z   NIGHTLY_TOOLCHAIN: nightly-2026-09-10
2026-09-22T20:05:42.0891347Z   RUNNER_TOOL_CACHE: /opt/hostedtoolcache
2026-09-22T20:05:42.0891638Z   RUNS_ON_HOME: /runs-on
2026-09-22T20:05:42.0891877Z   RUNS_ON_VERSION: v3.3.0
2026-09-22T20:05:42.0892290Z   RUNS_ON_AGENT_BINARY: /runs-on/agent
2026-09-22T20:05:42.0892582Z   RUNS_ON_AGENT_ARCH: x64
2026-09-22T20:05:42.0892847Z   RUNS_ON_AGENT_USER: runner
2026-09-22T20:05:42.0893104Z   RUNS_ON_AMI_ID: ami-0d8875560af9e1401
2026-09-22T20:05:42.0893395Z   RUNS_ON_AWS_REGION: us-east-1
2026-09-22T20:05:42.0893654Z   RUNS_ON_AWS_AZ: us-east-1a
2026-09-22T20:05:42.0893919Z   RUNS_ON_ENV_CUSTOM_FILE: /runs-on/env.custom
2026-09-22T20:05:42.0894237Z   RUNS_ON_INSTANCE_ID: i-0d248d3ad4a7d9b93
2026-09-22T20:05:42.0894513Z   RUNS_ON_INSTANCE_LIFECYCLE: spot
2026-09-22T20:05:42.0894775Z   RUNS_ON_INSTANCE_TYPE: c7i.metal-24xl
2026-09-22T20:05:42.0895084Z   RUNS_ON_STACK_NAME: runs-on-v3
2026-09-22T20:05:42.0895395Z   RUNS_ON_S3_BUCKET_CACHE: runs-on-v3-s3bucketcache-dbnub4tpjhpv
2026-09-22T20:05:42.0895772Z   ACTIONS_RUNNER_HOOK_JOB_STARTED: /runs-on/pre.sh
2026-09-22T20:05:42.0896094Z   ACTIONS_RUNNER_HOOK_JOB_COMPLETED: /runs-on/post.sh
2026-09-22T20:05:42.0896398Z   GITHUB_SERVER_URL: https://github.com/
2026-09-22T20:05:42.0896739Z   GITHUB_API_URL: https://api.github.com/
2026-09-22T20:05:42.0897012Z   GITHUB_HOST: github.com
2026-09-22T20:05:42.0897355Z   RUNS_ON_RUNNER_NAME: runs-on--i-0d248d3ad4a7d9b93--08023f40-c
2026-09-22T20:05:42.0897697Z   RUNS_ON_INSTANCE_LAUNCHED_AT: 2026-09-22T20:04:39Z
2026-09-22T20:05:42.0898031Z   ACTIONS_CACHE_URL: http://10.1.9.141:6871/
2026-09-22T20:05:42.0898331Z   ACTIONS_CACHE_SERVICE_V2: true
2026-09-22T20:05:42.0898621Z   ACTIONS_RESULTS_URL: http://10.1.9.141:6871/
2026-09-22T20:05:42.0898983Z   RUNS_ON_S3_CACHE_REPO_PREFIX: cache/repo/vortex-data/vortex
2026-09-22T20:05:42.0899314Z   RUNS_ON_ACTION_COST_TRACKING_CLAIMED: true
2026-09-22T20:05:42.0899584Z   RUSTUP_TOOLCHAIN: 1.98.0
2026-09-22T20:05:42.0899849Z ##[endgroup]
2026-09-22T20:05:42.1577231Z flatc 25.12.19 is already installed
2026-09-22T20:05:42.1583112Z ##[end-action id=__self.__self_4.__run;outcome=success;conclusion=success;duration_ms=75]
2026-09-22T20:05:42.1592314Z ##[end-action id=__self.__self_4;outcome=success;conclusion=success;duration_ms=83]
2026-09-22T20:05:42.1611867Z Prepare all required actions
2026-09-22T20:05:42.1632738Z ##[group]Run ./.github/actions/system-info
2026-09-22T20:05:42.1633019Z env:
2026-09-22T20:05:42.1633297Z   CARGO_TERM_COLOR: always
2026-09-22T20:05:42.1633566Z   RUST_BACKTRACE: 1
2026-09-22T20:05:42.1633825Z   NIGHTLY_TOOLCHAIN: nightly-2026-09-10
2026-09-22T20:05:42.1634117Z   RUNNER_TOOL_CACHE: /opt/hostedtoolcache
2026-09-22T20:05:42.1634460Z   RUNS_ON_HOME: /runs-on
2026-09-22T20:05:42.1634732Z   RUNS_ON_VERSION: v3.3.0
2026-09-22T20:05:42.1635045Z   RUNS_ON_AGENT_BINARY: /runs-on/agent
2026-09-22T20:05:42.1635329Z   RUNS_ON_AGENT_ARCH: x64
2026-09-22T20:05:42.1635583Z   RUNS_ON_AGENT_USER: runner
2026-09-22T20:05:42.1635835Z   RUNS_ON_AMI_ID: ami-0d8875560af9e1401
2026-09-22T20:05:42.1636131Z   RUNS_ON_AWS_REGION: us-east-1
2026-09-22T20:05:42.1636415Z   RUNS_ON_AWS_AZ: us-east-1a
2026-09-22T20:05:42.1636728Z   RUNS_ON_ENV_CUSTOM_FILE: /runs-on/env.custom
2026-09-22T20:05:42.1637100Z   RUNS_ON_INSTANCE_ID: i-0d248d3ad4a7d9b93
2026-09-22T20:05:42.1637390Z   RUNS_ON_INSTANCE_LIFECYCLE: spot
2026-09-22T20:05:42.1637679Z   RUNS_ON_INSTANCE_TYPE: c7i.metal-24xl
2026-09-22T20:05:42.1637973Z   RUNS_ON_STACK_NAME: runs-on-v3
2026-09-22T20:05:42.1638316Z   RUNS_ON_S3_BUCKET_CACHE: runs-on-v3-s3bucketcache-dbnub4tpjhpv
2026-09-22T20:05:42.1638709Z   ACTIONS_RUNNER_HOOK_JOB_STARTED: /runs-on/pre.sh
2026-09-22T20:05:42.1639051Z   ACTIONS_RUNNER_HOOK_JOB_COMPLETED: /runs-on/post.sh
2026-09-22T20:05:42.1639400Z   GITHUB_SERVER_URL: https://github.com/
2026-09-22T20:05:42.1639692Z   GITHUB_API_URL: https://api.github.com/
2026-09-22T20:05:42.1640003Z   GITHUB_HOST: github.com
2026-09-22T20:05:42.1640312Z   RUNS_ON_RUNNER_NAME: runs-on--i-0d248d3ad4a7d9b93--08023f40-c
2026-09-22T20:05:42.1640704Z   RUNS_ON_INSTANCE_LAUNCHED_AT: 2026-09-22T20:04:39Z
2026-09-22T20:05:42.1641036Z   ACTIONS_CACHE_URL: http://10.1.9.141:6871/
2026-09-22T20:05:42.1641319Z   ACTIONS_CACHE_SERVICE_V2: true
2026-09-22T20:05:42.1641620Z   ACTIONS_RESULTS_URL: http://10.1.9.141:6871/
2026-09-22T20:05:42.1641959Z   RUNS_ON_S3_CACHE_REPO_PREFIX: cache/repo/vortex-data/vortex
2026-09-22T20:05:42.1642326Z   RUNS_ON_ACTION_COST_TRACKING_CLAIMED: true
2026-09-22T20:05:42.1642628Z   RUSTUP_TOOLCHAIN: 1.98.0
2026-09-22T20:05:42.1642864Z ##[endgroup]
2026-09-22T20:05:42.1645981Z ##[start-action display=CPU, Memory & Disk Info;id=__self_2.__run]
2026-09-22T20:05:42.1658565Z ##[group]Run echo "=== CPU Model ==="
2026-09-22T20:05:42.1658930Z [36;1mecho "=== CPU Model ==="[0m
2026-09-22T20:05:42.1659203Z [36;1mlscpu[0m
2026-09-22T20:05:42.1659463Z [36;1mecho "=== /proc/cpuinfo summary ==="[0m
2026-09-22T20:05:42.1659914Z [36;1m# x86 exposes "model name"; aarch64 has no such line (lscpu above covers it), and[0m
2026-09-22T20:05:42.1660390Z [36;1m# `shell: bash` runs with `set -e`, so a missing match must not fail the step.[0m
2026-09-22T20:05:42.1660805Z [36;1mgrep -m1 "model name" /proc/cpuinfo || true[0m
2026-09-22T20:05:42.1661113Z [36;1mnproc[0m
2026-09-22T20:05:42.1661380Z [36;1mecho "=== CPU Flags ==="[0m
2026-09-22T20:05:42.1661742Z [36;1m# x86 exposes "flags"; aarch64 exposes "Features".[0m
2026-09-22T20:05:42.1662101Z [36;1mgrep -m1 -E "^(flags|Features)" /proc/cpuinfo || true[0m
2026-09-22T20:05:42.1662424Z [36;1m[0m
2026-09-22T20:05:42.1662653Z [36;1mecho "=== Memory ==="[0m
2026-09-22T20:05:42.1662913Z [36;1mfree -h[0m
2026-09-22T20:05:42.1663187Z [36;1mecho "=== /proc/meminfo ==="[0m
2026-09-22T20:05:42.1663493Z [36;1mcat /proc/meminfo[0m
2026-09-22T20:05:42.1663749Z [36;1m[0m
2026-09-22T20:05:42.1663995Z [36;1mecho "=== Block Devices ==="[0m
2026-09-22T20:05:42.1664244Z [36;1mlsblk[0m
2026-09-22T20:05:42.1664500Z [36;1mecho "=== Disk Usage ==="[0m
2026-09-22T20:05:42.1664766Z [36;1mdf -hT[0m
2026-09-22T20:05:42.1665044Z [36;1mecho "=== Mounts ==="[0m
2026-09-22T20:05:42.1665327Z [36;1mmount | grep -E "^/dev"[0m
2026-09-22T20:05:42.1665646Z [36;1mecho "=== NVMe Devices ==="[0m
2026-09-22T20:05:42.1666041Z [36;1mls -la /dev/nvme* 2>/dev/null || echo "No NVMe"[0m
2026-09-22T20:05:42.1666362Z [36;1msudo nvme list 2>/dev/null || true[0m
2026-09-22T20:05:42.1682872Z shell: /usr/bin/bash --noprofile --norc -e -o pipefail {0}
2026-09-22T20:05:42.1683249Z env:
2026-09-22T20:05:42.1683501Z   CARGO_TERM_COLOR: always
2026-09-22T20:05:42.1683762Z   RUST_BACKTRACE: 1
2026-09-22T20:05:42.1684051Z   NIGHTLY_TOOLCHAIN: nightly-2026-09-10
2026-09-22T20:05:42.1684356Z   RUNNER_TOOL_CACHE: /opt/hostedtoolcache
2026-09-22T20:05:42.1684640Z   RUNS_ON_HOME: /runs-on
2026-09-22T20:05:42.1684945Z   RUNS_ON_VERSION: v3.3.0
2026-09-22T20:05:42.1685215Z   RUNS_ON_AGENT_BINARY: /runs-on/agent
2026-09-22T20:05:42.1685515Z   RUNS_ON_AGENT_ARCH: x64
2026-09-22T20:05:42.1685763Z   RUNS_ON_AGENT_USER: runner
2026-09-22T20:05:42.1686016Z   RUNS_ON_AMI_ID: ami-0d8875560af9e1401
2026-09-22T20:05:42.1686321Z   RUNS_ON_AWS_REGION: us-east-1
2026-09-22T20:05:42.1686626Z   RUNS_ON_AWS_AZ: us-east-1a
2026-09-22T20:05:42.1686942Z   RUNS_ON_ENV_CUSTOM_FILE: /runs-on/env.custom
2026-09-22T20:05:42.1687253Z   RUNS_ON_INSTANCE_ID: i-0d248d3ad4a7d9b93
2026-09-22T20:05:42.1687529Z   RUNS_ON_INSTANCE_LIFECYCLE: spot
2026-09-22T20:05:42.1687835Z   RUNS_ON_INSTANCE_TYPE: c7i.metal-24xl
2026-09-22T20:05:42.1688152Z   RUNS_ON_STACK_NAME: runs-on-v3
2026-09-22T20:05:42.1688530Z   RUNS_ON_S3_BUCKET_CACHE: runs-on-v3-s3bucketcache-dbnub4tpjhpv
2026-09-22T20:05:42.1688894Z   ACTIONS_RUNNER_HOOK_JOB_STARTED: /runs-on/pre.sh
2026-09-22T20:05:42.1689223Z   ACTIONS_RUNNER_HOOK_JOB_COMPLETED: /runs-on/post.sh
2026-09-22T20:05:42.1689582Z   GITHUB_SERVER_URL: https://github.com/
2026-09-22T20:05:42.1689897Z   GITHUB_API_URL: https://api.github.com/
2026-09-22T20:05:42.1690236Z   GITHUB_HOST: github.com
2026-09-22T20:05:42.1690540Z   RUNS_ON_RUNNER_NAME: runs-on--i-0d248d3ad4a7d9b93--08023f40-c
2026-09-22T20:05:42.1690883Z   RUNS_ON_INSTANCE_LAUNCHED_AT: 2026-09-22T20:04:39Z
2026-09-22T20:05:42.1691228Z   ACTIONS_CACHE_URL: http://10.1.9.141:6871/
2026-09-22T20:05:42.1691530Z   ACTIONS_CACHE_SERVICE_V2: true
2026-09-22T20:05:42.1691862Z   ACTIONS_RESULTS_URL: http://10.1.9.141:6871/
2026-09-22T20:05:42.1692203Z   RUNS_ON_S3_CACHE_REPO_PREFIX: cache/repo/vortex-data/vortex
2026-09-22T20:05:42.1692527Z   RUNS_ON_ACTION_COST_TRACKING_CLAIMED: true
2026-09-22T20:05:42.1692838Z   RUSTUP_TOOLCHAIN: 1.98.0
2026-09-22T20:05:42.1693092Z ##[endgroup]
2026-09-22T20:05:42.1724429Z === CPU Model ===
2026-09-22T20:05:42.1921211Z Architecture:                            x86_64
2026-09-22T20:05:42.1921579Z CPU op-mode(s):                          32-bit, 64-bit
2026-09-22T20:05:42.1922006Z Address sizes:                           46 bits physical, 57 bits virtual
2026-09-22T20:05:42.1922362Z Byte Order:                              Little Endian
2026-09-22T20:05:42.1922673Z CPU(s):                                  96
2026-09-22T20:05:42.1923004Z On-line CPU(s) list:                     0-95
2026-09-22T20:05:42.1923329Z Vendor ID:                               GenuineIntel
2026-09-22T20:05:42.1923711Z Model name:                              Intel(R) Xeon(R) Platinum 8488C
2026-09-22T20:05:42.1924035Z CPU family:                              6
2026-09-22T20:05:42.1924293Z Model:                                   143
2026-09-22T20:05:42.1924678Z Thread(s) per core:                      2
2026-09-22T20:05:42.1924948Z Core(s) per socket:                      48
2026-09-22T20:05:42.1925256Z Socket(s):                               1
2026-09-22T20:05:42.1925525Z Stepping:                                8
2026-09-22T20:05:42.1925813Z CPU(s) scaling MHz:                      29%
2026-09-22T20:05:42.1926359Z CPU max MHz:                             3800.0000
2026-09-22T20:05:42.1926664Z CPU min MHz:                             800.0000
2026-09-22T20:05:42.1926969Z BogoMIPS:                                4800.00
2026-09-22T20:05:42.1930418Z Flags:                                   fpu vme de pse tsc msr pae mce cx8 apic sep mtrr pge mca cmov pat pse36 clflush dts acpi mmx fxsr sse sse2 ss ht tm pbe syscall nx pdpe1gb rdtscp lm constant_tsc art arch_perfmon pebs bts rep_good nopl xtopology nonstop_tsc cpuid aperfmperf tsc_known_freq pni pclmulqdq dtes64 monitor ds_cpl vmx smx est tm2 ssse3 sdbg fma cx16 xtpr pdcm pcid dca sse4_1 sse4_2 x2apic movbe popcnt tsc_deadline_timer aes xsave avx f16c rdrand lahf_lm abm 3dnowprefetch cpuid_fault epb cat_l3 cat_l2 cdp_l3 intel_ppin cdp_l2 ssbd mba ibrs ibpb stibp ibrs_enhanced tpr_shadow flexpriority ept vpid ept_ad fsgsbase tsc_adjust bmi1 avx2 smep bmi2 erms invpcid cqm rdt_a avx512f avx512dq rdseed adx smap avx512ifma clflushopt clwb intel_pt avx512cd sha_ni avx512bw avx512vl xsaveopt xsavec xgetbv1 xsaves cqm_llc cqm_occup_llc cqm_mbm_total cqm_mbm_local split_lock_detect user_shstk avx_vnni avx512_bf16 wbnoinvd dtherm ida arat pln pts hwp hwp_act_window hwp_epp hwp_pkg_req hfi vnmi avx512vbmi umip pku ospke waitpkg avx512_vbmi2 gfni vaes vpclmulqdq avx512_vnni avx512_bitalg tme avx512_vpopcntdq la57 rdpid bus_lock_detect cldemote movdiri movdir64b enqcmd fsrm md_clear serialize tsxldtrk pconfig arch_lbr ibt amx_bf16 avx512_fp16 amx_tile amx_int8 flush_l1d arch_capabilities
2026-09-22T20:05:42.1933691Z Virtualization:                          VT-x
2026-09-22T20:05:42.1934016Z L1d cache:                               2.3 MiB (48 instances)
2026-09-22T20:05:42.1934360Z L1i cache:                               1.5 MiB (48 instances)
2026-09-22T20:05:42.1934728Z L2 cache:                                96 MiB (48 instances)
2026-09-22T20:05:42.1935082Z L3 cache:                                105 MiB (1 instance)
2026-09-22T20:05:42.1935409Z NUMA node(s):                            1
2026-09-22T20:05:42.1935696Z NUMA node0 CPU(s):                       0-95
2026-09-22T20:05:42.1936011Z Vulnerability Gather data sampling:      Not affected
2026-09-22T20:05:42.1936374Z Vulnerability Ghostwrite:                Not affected
2026-09-22T20:05:42.1936706Z Vulnerability Indirect target selection: Not affected
2026-09-22T20:05:42.1937074Z Vulnerability Itlb multihit:             Not affected
2026-09-22T20:05:42.1937400Z Vulnerability L1tf:                      Not affected
2026-09-22T20:05:42.1937715Z Vulnerability Mds:                       Not affected
2026-09-22T20:05:42.1938089Z Vulnerability Meltdown:                  Not affected
2026-09-22T20:05:42.1938417Z Vulnerability Mmio stale data:           Not affected
2026-09-22T20:05:42.1938784Z Vulnerability Old microcode:             Vulnerable
2026-09-22T20:05:42.1939108Z Vulnerability Reg file data sampling:    Not affected
2026-09-22T20:05:42.1939427Z Vulnerability Retbleed:                  Not affected
2026-09-22T20:05:42.1939780Z Vulnerability Spec rstack overflow:      Not affected
2026-09-22T20:05:42.1940207Z Vulnerability Spec store bypass:         Mitigation; Speculative Store Bypass disabled via prctl
2026-09-22T20:05:42.1940796Z Vulnerability Spectre v1:                Mitigation; usercopy/swapgs barriers and __user pointer sanitization
2026-09-22T20:05:42.1941416Z Vulnerability Spectre v2:                Mitigation; Enhanced / Automatic IBRS; IBPB conditional; PBRSB-eIBRS SW sequence; BHI BHI_DIS_S
2026-09-22T20:05:42.1941911Z Vulnerability Srbds:                     Not affected
2026-09-22T20:05:42.1942260Z Vulnerability Tsa:                       Not affected
2026-09-22T20:05:42.1942583Z Vulnerability Tsx async abort:           Not affected
2026-09-22T20:05:42.1942998Z Vulnerability Vmscape:                   Mitigation; IBPB before exit to userspace
2026-09-22T20:05:42.1943369Z === /proc/cpuinfo summary ===
2026-09-22T20:05:42.1943682Z model name	: Intel(R) Xeon(R) Platinum 8488C
2026-09-22T20:05:42.1956018Z 96
2026-09-22T20:05:42.1956739Z === CPU Flags ===
2026-09-22T20:05:42.1966501Z flags		: fpu vme de pse tsc msr pae mce cx8 apic sep mtrr pge mca cmov pat pse36 clflush dts acpi mmx fxsr sse sse2 ss ht tm pbe syscall nx pdpe1gb rdtscp lm constant_tsc art arch_perfmon pebs bts rep_good nopl xtopology nonstop_tsc cpuid aperfmperf tsc_known_freq pni pclmulqdq dtes64 monitor ds_cpl vmx smx est tm2 ssse3 sdbg fma cx16 xtpr pdcm pcid dca sse4_1 sse4_2 x2apic movbe popcnt tsc_deadline_timer aes xsave avx f16c rdrand lahf_lm abm 3dnowprefetch cpuid_fault epb cat_l3 cat_l2 cdp_l3 intel_ppin cdp_l2 ssbd mba ibrs ibpb stibp ibrs_enhanced tpr_shadow flexpriority ept vpid ept_ad fsgsbase tsc_adjust bmi1 avx2 smep bmi2 erms invpcid cqm rdt_a avx512f avx512dq rdseed adx smap avx512ifma clflushopt clwb intel_pt avx512cd sha_ni avx512bw avx512vl xsaveopt xsavec xgetbv1 xsaves cqm_llc cqm_occup_llc cqm_mbm_total cqm_mbm_local split_lock_detect user_shstk avx_vnni avx512_bf16 wbnoinvd dtherm ida arat pln pts hwp hwp_act_window hwp_epp hwp_pkg_req hfi vnmi avx512vbmi umip pku ospke waitpkg avx512_vbmi2 gfni vaes vpclmulqdq avx512_vnni avx512_bitalg tme avx512_vpopcntdq la57 rdpid bus_lock_detect cldemote movdiri movdir64b enqcmd fsrm md_clear serialize tsxldtrk pconfig arch_lbr ibt amx_bf16 avx512_fp16 amx_tile amx_int8 flush_l1d arch_capabilities
2026-09-22T20:05:42.1969617Z === Memory ===
2026-09-22T20:05:42.1991110Z                total        used        free      shared  buff/cache   available
2026-09-22T20:05:42.1991574Z Mem:           188Gi       3.9Gi       184Gi        45Mi       1.1Gi       184Gi
2026-09-22T20:05:42.1992034Z Swap:             0B          0B          0B
2026-09-22T20:05:42.1992395Z === /proc/meminfo ===
2026-09-22T20:05:42.1997406Z MemTotal:       197634716 kB
2026-09-22T20:05:42.1997681Z MemFree:        193952816 kB
2026-09-22T20:05:42.1997989Z MemAvailable:   193547476 kB
2026-09-22T20:05:42.1998248Z Buffers:           36896 kB
2026-09-22T20:05:42.1998535Z Cached:          1064484 kB
2026-09-22T20:05:42.1998807Z SwapCached:            0 kB
2026-09-22T20:05:42.1999049Z Active:           628208 kB
2026-09-22T20:05:42.1999289Z Inactive:         799048 kB
2026-09-22T20:05:42.1999547Z Active(anon):     373008 kB
2026-09-22T20:05:42.1999811Z Inactive(anon):        0 kB
2026-09-22T20:05:42.2000090Z Active(file):     255200 kB
2026-09-22T20:05:42.2000341Z Inactive(file):   799048 kB
2026-09-22T20:05:42.2000584Z Unevictable:           0 kB
2026-09-22T20:05:42.2000833Z Mlocked:               0 kB
2026-09-22T20:05:42.2001096Z SwapTotal:             0 kB
2026-09-22T20:05:42.2001350Z SwapFree:              0 kB
2026-09-22T20:05:42.2001594Z Zswap:                 0 kB
2026-09-22T20:05:42.2001865Z Zswapped:              0 kB
2026-09-22T20:05:42.2002115Z Dirty:            675608 kB
2026-09-22T20:05:42.2002375Z Writeback:             0 kB
2026-09-22T20:05:42.2002621Z AnonPages:        327024 kB
2026-09-22T20:05:42.2002860Z Mapped:           167192 kB
2026-09-22T20:05:42.2003089Z Shmem:             46844 kB
2026-09-22T20:05:42.2003385Z KReclaimable:      97124 kB
2026-09-22T20:05:42.2003649Z Slab:             768504 kB
2026-09-22T20:05:42.2003903Z SReclaimable:      97124 kB
2026-09-22T20:05:42.2004143Z SUnreclaim:       671380 kB
2026-09-22T20:05:42.2004372Z KernelStack:       19808 kB
2026-09-22T20:05:42.2004639Z PageTables:         6340 kB
2026-09-22T20:05:42.2004943Z SecPageTables:     18344 kB
2026-09-22T20:05:42.2005203Z NFS_Unstable:          0 kB
2026-09-22T20:05:42.2005455Z Bounce:                0 kB
2026-09-22T20:05:42.2005697Z WritebackTmp:          0 kB
2026-09-22T20:05:42.2005960Z CommitLimit:    98817356 kB
2026-09-22T20:05:42.2006221Z Committed_AS:    2798992 kB
2026-09-22T20:05:42.2006509Z VmallocTotal:   13743895347199 kB
2026-09-22T20:05:42.2006769Z VmallocUsed:       47696 kB
2026-09-22T20:05:42.2007006Z VmallocChunk:          0 kB
2026-09-22T20:05:42.2007269Z Percpu:           318336 kB
2026-09-22T20:05:42.2007538Z HardwareCorrupted:     0 kB
2026-09-22T20:05:42.2007788Z AnonHugePages:         0 kB
2026-09-22T20:05:42.2008101Z ShmemHugePages:        0 kB
2026-09-22T20:05:42.2008341Z ShmemPmdMapped:        0 kB
2026-09-22T20:05:42.2008614Z FileHugePages:    569344 kB
2026-09-22T20:05:42.2008884Z FilePmdMapped:         0 kB
2026-09-22T20:05:42.2009135Z CmaTotal:              0 kB
2026-09-22T20:05:42.2009387Z CmaFree:               0 kB
2026-09-22T20:05:42.2009714Z Unaccepted:            0 kB
2026-09-22T20:05:42.2010041Z Balloon:               0 kB
2026-09-22T20:05:42.2010294Z HugePages_Total:       0
2026-09-22T20:05:42.2010551Z HugePages_Free:        0
2026-09-22T20:05:42.2010801Z HugePages_Rsvd:        0
2026-09-22T20:05:42.2011040Z HugePages_Surp:        0
2026-09-22T20:05:42.2011336Z Hugepagesize:       2048 kB
2026-09-22T20:05:42.2011584Z Hugetlb:               0 kB
2026-09-22T20:05:42.2011830Z DirectMap4k:      127124 kB
2026-09-22T20:05:42.2012086Z DirectMap2M:     4917248 kB
2026-09-22T20:05:42.2012332Z DirectMap1G:    198180864 kB
2026-09-22T20:05:42.2012614Z === Block Devices ===
2026-09-22T20:05:42.2014079Z NAME         MAJ:MIN RM  SIZE RO TYPE MOUNTPOINTS
2026-09-22T20:05:42.2014393Z nvme0n1      259:0    0  100G  0 disk 
2026-09-22T20:05:42.2014701Z ├─nvme0n1p1  259:1    0   99G  0 part /
2026-09-22T20:05:42.2014984Z ├─nvme0n1p14 259:2    0    4M  0 part 
2026-09-22T20:05:42.2015313Z ├─nvme0n1p15 259:3    0  106M  0 part /boot/efi
2026-09-22T20:05:42.2015625Z └─nvme0n1p16 259:4    0  913M  0 part /boot
2026-09-22T20:05:42.2015936Z === Disk Usage ===
2026-09-22T20:05:42.2090362Z Filesystem      Type   Size  Used Avail Use% Mounted on
2026-09-22T20:05:42.2090713Z tmpfs           tmpfs   19G  2.5M   19G   1% /run
2026-09-22T20:05:42.2091042Z /dev/nvme0n1p1  ext4    96G   20G   77G  21% /
2026-09-22T20:05:42.2091356Z tmpfs           tmpfs   95G     0   95G   0% /dev/shm
2026-09-22T20:05:42.2091703Z tmpfs           tmpfs  5.0M     0  5.0M   0% /run/lock
2026-09-22T20:05:42.2092026Z tmpfs           tmpfs   95G     0   95G   0% /run/qemu
2026-09-22T20:05:42.2092360Z /dev/nvme0n1p16 ext4   881M   94M  726M  12% /boot
2026-09-22T20:05:42.2092692Z /dev/nvme0n1p15 vfat   105M  6.2M   99M   6% /boot/efi
2026-09-22T20:05:42.2092982Z === Mounts ===
2026-09-22T20:05:42.2101192Z /dev/nvme0n1p1 on / type ext4 (rw,relatime,discard,errors=remount-ro,commit=30)
2026-09-22T20:05:42.2101602Z /dev/nvme0n1p16 on /boot type ext4 (rw,relatime)
2026-09-22T20:05:42.2102154Z /dev/nvme0n1p15 on /boot/efi type vfat (rw,relatime,fmask=0077,dmask=0077,codepage=437,iocharset=iso8859-1,shortname=mixed,errors=remount-ro)
2026-09-22T20:05:42.2102677Z === NVMe Devices ===
2026-09-22T20:05:42.2112866Z crw------- 1 root root 241, 0 Sep 22 20:05 /dev/nvme0
2026-09-22T20:05:42.2113245Z brw-rw---- 1 root disk 259, 0 Sep 22 20:05 /dev/nvme0n1
2026-09-22T20:05:42.2113585Z brw-rw---- 1 root disk 259, 1 Sep 22 20:05 /dev/nvme0n1p1
2026-09-22T20:05:42.2113948Z brw-rw---- 1 root disk 259, 2 Sep 22 20:05 /dev/nvme0n1p14
2026-09-22T20:05:42.2114316Z brw-rw---- 1 root disk 259, 3 Sep 22 20:05 /dev/nvme0n1p15
2026-09-22T20:05:42.2114656Z brw-rw---- 1 root disk 259, 4 Sep 22 20:05 /dev/nvme0n1p16
2026-09-22T20:05:42.2543042Z ##[end-action id=__self_2.__run;outcome=success;conclusion=success;duration_ms=89]
2026-09-22T20:05:42.2726681Z ##[group]Run taiki-e/cache-cargo-install-action@66c9585ef5ca780ee69399975a5e911f47905995
2026-09-22T20:05:42.2727080Z with:
2026-09-22T20:05:42.2727246Z   tool: cargo-codspeed
2026-09-22T20:05:42.2727444Z   locked: true
2026-09-22T20:05:42.2727623Z   no-default-features: false
2026-09-22T20:05:42.2727817Z   all-features: false
2026-09-22T20:05:42.2728056Z env:
2026-09-22T20:05:42.2728218Z   CARGO_TERM_COLOR: always
2026-09-22T20:05:42.2728404Z   RUST_BACKTRACE: 1
2026-09-22T20:05:42.2728601Z   NIGHTLY_TOOLCHAIN: nightly-2026-09-10
2026-09-22T20:05:42.2728839Z   RUNNER_TOOL_CACHE: /opt/hostedtoolcache
2026-09-22T20:05:42.2729063Z   RUNS_ON_HOME: /runs-on
2026-09-22T20:05:42.2729250Z   RUNS_ON_VERSION: v3.3.0
2026-09-22T20:05:42.2729451Z   RUNS_ON_AGENT_BINARY: /runs-on/agent
2026-09-22T20:05:42.2729662Z   RUNS_ON_AGENT_ARCH: x64
2026-09-22T20:05:42.2729845Z   RUNS_ON_AGENT_USER: runner
2026-09-22T20:05:42.2730049Z   RUNS_ON_AMI_ID: ami-0d8875560af9e1401
2026-09-22T20:05:42.2730285Z   RUNS_ON_AWS_REGION: us-east-1
2026-09-22T20:05:42.2730483Z   RUNS_ON_AWS_AZ: us-east-1a
2026-09-22T20:05:42.2730689Z   RUNS_ON_ENV_CUSTOM_FILE: /runs-on/env.custom
2026-09-22T20:05:42.2731002Z   RUNS_ON_INSTANCE_ID: i-0d248d3ad4a7d9b93
2026-09-22T20:05:42.2731221Z   RUNS_ON_INSTANCE_LIFECYCLE: spot
2026-09-22T20:05:42.2731436Z   RUNS_ON_INSTANCE_TYPE: c7i.metal-24xl
2026-09-22T20:05:42.2731659Z   RUNS_ON_STACK_NAME: runs-on-v3
2026-09-22T20:05:42.2731919Z   RUNS_ON_S3_BUCKET_CACHE: runs-on-v3-s3bucketcache-dbnub4tpjhpv
2026-09-22T20:05:42.2732221Z   ACTIONS_RUNNER_HOOK_JOB_STARTED: /runs-on/pre.sh
2026-09-22T20:05:42.2732496Z   ACTIONS_RUNNER_HOOK_JOB_COMPLETED: /runs-on/post.sh
2026-09-22T20:05:42.2732760Z   GITHUB_SERVER_URL: https://github.com/
2026-09-22T20:05:42.2732997Z   GITHUB_API_URL: https://api.github.com/
2026-09-22T20:05:42.2733228Z   GITHUB_HOST: github.com
2026-09-22T20:05:42.2733472Z   RUNS_ON_RUNNER_NAME: runs-on--i-0d248d3ad4a7d9b93--08023f40-c
2026-09-22T20:05:42.2733767Z   RUNS_ON_INSTANCE_LAUNCHED_AT: 2026-09-22T20:04:39Z
2026-09-22T20:05:42.2734017Z   ACTIONS_CACHE_URL: http://10.1.9.141:6871/
2026-09-22T20:05:42.2734246Z   ACTIONS_CACHE_SERVICE_V2: true
2026-09-22T20:05:42.2734472Z   ACTIONS_RESULTS_URL: http://10.1.9.141:6871/
2026-09-22T20:05:42.2734746Z   RUNS_ON_S3_CACHE_REPO_PREFIX: cache/repo/vortex-data/vortex
2026-09-22T20:05:42.2735019Z   RUNS_ON_ACTION_COST_TRACKING_CLAIMED: true
2026-09-22T20:05:42.2735238Z   RUSTUP_TOOLCHAIN: 1.98.0
2026-09-22T20:05:42.2735421Z ##[endgroup]
2026-09-22T20:05:42.2741228Z ##[start-action display=Prepare (non-Windows);id=__taiki-e_cache-cargo-install-action.pre-unix]
2026-09-22T20:05:42.2752566Z ##[group]Run set -eu
2026-09-22T20:05:42.2752789Z [36;1mset -eu[0m
2026-09-22T20:05:42.2752980Z [36;1mif ! command -v bash >/dev/null; then[0m
2026-09-22T20:05:42.2753249Z [36;1m  if grep -Eq '^ID=alpine' /etc/os-release; then[0m
2026-09-22T20:05:42.2753630Z [36;1m    printf '::group::Install packages required for cache-cargo-install-action (bash)\n'[0m
2026-09-22T20:05:42.2753979Z [36;1m    # NB: sync with apk_install in pre.sh[0m
2026-09-22T20:05:42.2754236Z [36;1m    if command -v sudo >/dev/null; then[0m
2026-09-22T20:05:42.2754484Z [36;1m      sudo apk --no-cache add bash[0m
2026-09-22T20:05:42.2754729Z [36;1m    elif command -v doas >/dev/null; then[0m
2026-09-22T20:05:42.2754970Z [36;1m      doas apk --no-cache add bash[0m
2026-09-22T20:05:42.2755184Z [36;1m    else[0m
2026-09-22T20:05:42.2755361Z [36;1m      apk --no-cache add bash[0m
2026-09-22T20:05:42.2755575Z [36;1m    fi[0m
2026-09-22T20:05:42.2755754Z [36;1m    printf '::endgroup::\n'[0m
2026-09-22T20:05:42.2755957Z [36;1m  else[0m
2026-09-22T20:05:42.2756196Z [36;1m    printf '::error::cache-cargo-install-action requires bash\n'[0m
2026-09-22T20:05:42.2756477Z [36;1m    exit 1[0m
2026-09-22T20:05:42.2756650Z [36;1m  fi[0m
2026-09-22T20:05:42.2756816Z [36;1mfi[0m
2026-09-22T20:05:42.2757041Z [36;1mbash --noprofile --norc "${GITHUB_ACTION_PATH:?}/pre.sh"[0m
2026-09-22T20:05:42.2772892Z shell: /usr/bin/sh -e {0}
2026-09-22T20:05:42.2773103Z env:
2026-09-22T20:05:42.2773280Z   CARGO_TERM_COLOR: always
2026-09-22T20:05:42.2773475Z   RUST_BACKTRACE: 1
2026-09-22T20:05:42.2773678Z   NIGHTLY_TOOLCHAIN: nightly-2026-09-10
2026-09-22T20:05:42.2773918Z   RUNNER_TOOL_CACHE: /opt/hostedtoolcache
2026-09-22T20:05:42.2774146Z   RUNS_ON_HOME: /runs-on
2026-09-22T20:05:42.2774335Z   RUNS_ON_VERSION: v3.3.0
2026-09-22T20:05:42.2774534Z   RUNS_ON_AGENT_BINARY: /runs-on/agent
2026-09-22T20:05:42.2774744Z   RUNS_ON_AGENT_ARCH: x64
2026-09-22T20:05:42.2774926Z   RUNS_ON_AGENT_USER: runner
2026-09-22T20:05:42.2775129Z   RUNS_ON_AMI_ID: ami-0d8875560af9e1401
2026-09-22T20:05:42.2775352Z   RUNS_ON_AWS_REGION: us-east-1
2026-09-22T20:05:42.2775550Z   RUNS_ON_AWS_AZ: us-east-1a
2026-09-22T20:05:42.2775760Z   RUNS_ON_ENV_CUSTOM_FILE: /runs-on/env.custom
2026-09-22T20:05:42.2776003Z   RUNS_ON_INSTANCE_ID: i-0d248d3ad4a7d9b93
2026-09-22T20:05:42.2776227Z   RUNS_ON_INSTANCE_LIFECYCLE: spot
2026-09-22T20:05:42.2776446Z   RUNS_ON_INSTANCE_TYPE: c7i.metal-24xl
2026-09-22T20:05:42.2776668Z   RUNS_ON_STACK_NAME: runs-on-v3
2026-09-22T20:05:42.2776926Z   RUNS_ON_S3_BUCKET_CACHE: runs-on-v3-s3bucketcache-dbnub4tpjhpv
2026-09-22T20:05:42.2777282Z   ACTIONS_RUNNER_HOOK_JOB_STARTED: /runs-on/pre.sh
2026-09-22T20:05:42.2777553Z   ACTIONS_RUNNER_HOOK_JOB_COMPLETED: /runs-on/post.sh
2026-09-22T20:05:42.2777817Z   GITHUB_SERVER_URL: https://github.com/
2026-09-22T20:05:42.2778121Z   GITHUB_API_URL: https://api.github.com/
2026-09-22T20:05:42.2778338Z   GITHUB_HOST: github.com
2026-09-22T20:05:42.2778578Z   RUNS_ON_RUNNER_NAME: runs-on--i-0d248d3ad4a7d9b93--08023f40-c
2026-09-22T20:05:42.2778866Z   RUNS_ON_INSTANCE_LAUNCHED_AT: 2026-09-22T20:04:39Z
2026-09-22T20:05:42.2779115Z   ACTIONS_CACHE_URL: http://10.1.9.141:6871/
2026-09-22T20:05:42.2779341Z   ACTIONS_CACHE_SERVICE_V2: true
2026-09-22T20:05:42.2779574Z   ACTIONS_RESULTS_URL: http://10.1.9.141:6871/
2026-09-22T20:05:42.2779846Z   RUNS_ON_S3_CACHE_REPO_PREFIX: cache/repo/vortex-data/vortex
2026-09-22T20:05:42.2780112Z   RUNS_ON_ACTION_COST_TRACKING_CLAIMED: true
2026-09-22T20:05:42.2780336Z   RUSTUP_TOOLCHAIN: 1.98.0
2026-09-22T20:05:42.2780538Z   INPUT_TOOL: cargo-codspeed
2026-09-22T20:05:42.2780731Z   INPUT_LOCKED: true
2026-09-22T20:05:42.2780914Z   INPUT_GIT: 
2026-09-22T20:05:42.2781075Z   INPUT_TAG: 
2026-09-22T20:05:42.2781229Z   INPUT_REV: 
2026-09-22T20:05:42.2781390Z   INPUT_FEATURES: 
2026-09-22T20:05:42.2781570Z   INPUT_NO_DEFAULT_FEATURES: false
2026-09-22T20:05:42.2781775Z   INPUT_ALL_FEATURES: false
2026-09-22T20:05:42.2782114Z   ACTION_USER_AGENT: taiki-e/cache-cargo-install-action (66c9585ef5ca780ee69399975a5e911f47905995)
2026-09-22T20:05:42.2782462Z ##[endgroup]
2026-09-22T20:05:42.3598792Z ##[end-action id=__taiki-e_cache-cargo-install-action.pre-unix;outcome=success;conclusion=success;duration_ms=85]
2026-09-22T20:05:42.3601961Z ##[start-action display=Prepare (Windows);id=__taiki-e_cache-cargo-install-action.pre-windows]
2026-09-22T20:05:42.3604568Z ##[end-action id=__taiki-e_cache-cargo-install-action.pre-windows;outcome=skipped;conclusion=skipped;duration_ms=0]
2026-09-22T20:05:42.3605950Z ##[start-action display=Restore Cache;id=__taiki-e_cache-cargo-install-action.cache]
2026-09-22T20:05:42.3635686Z ##[group]Run actions/cache@668228422ae6a00e4ad889ee87cd7109ec5666a7
2026-09-22T20:05:42.3635957Z with:
2026-09-22T20:05:42.3636147Z   path: /opt/hostedtoolcache/cargo-codspeed/bin
2026-09-22T20:05:42.3636577Z   key: cargo-codspeed-5.0.2-x86_64-linux-gnu-2.39-features-default-no-default-features-false-all-features-false
2026-09-22T20:05:42.3636995Z   enableCrossOsArchive: false
2026-09-22T20:05:42.3637195Z   fail-on-cache-miss: false
2026-09-22T20:05:42.3637384Z   lookup-only: false
2026-09-22T20:05:42.3637563Z   save-always: false
2026-09-22T20:05:42.3637723Z env:
2026-09-22T20:05:42.3637943Z   CARGO_TERM_COLOR: always
2026-09-22T20:05:42.3638125Z   RUST_BACKTRACE: 1
2026-09-22T20:05:42.3638299Z   NIGHTLY_TOOLCHAIN: nightly-2026-09-10
2026-09-22T20:05:42.3638629Z   RUNNER_TOOL_CACHE: /opt/hostedtoolcache
2026-09-22T20:05:42.3638853Z   RUNS_ON_HOME: /runs-on
2026-09-22T20:05:42.3639037Z   RUNS_ON_VERSION: v3.3.0
2026-09-22T20:05:42.3639238Z   RUNS_ON_AGENT_BINARY: /runs-on/agent
2026-09-22T20:05:42.3639445Z   RUNS_ON_AGENT_ARCH: x64
2026-09-22T20:05:42.3639623Z   RUNS_ON_AGENT_USER: runner
2026-09-22T20:05:42.3639823Z   RUNS_ON_AMI_ID: ami-0d8875560af9e1401
2026-09-22T20:05:42.3640038Z   RUNS_ON_AWS_REGION: us-east-1
2026-09-22T20:05:42.3640238Z   RUNS_ON_AWS_AZ: us-east-1a
2026-09-22T20:05:42.3640440Z   RUNS_ON_ENV_CUSTOM_FILE: /runs-on/env.custom
2026-09-22T20:05:42.3640676Z   RUNS_ON_INSTANCE_ID: i-0d248d3ad4a7d9b93
2026-09-22T20:05:42.3640899Z   RUNS_ON_INSTANCE_LIFECYCLE: spot
2026-09-22T20:05:42.3641113Z   RUNS_ON_INSTANCE_TYPE: c7i.metal-24xl
2026-09-22T20:05:42.3641332Z   RUNS_ON_STACK_NAME: runs-on-v3
2026-09-22T20:05:42.3641589Z   RUNS_ON_S3_BUCKET_CACHE: runs-on-v3-s3bucketcache-dbnub4tpjhpv
2026-09-22T20:05:42.3641885Z   ACTIONS_RUNNER_HOOK_JOB_STARTED: /runs-on/pre.sh
2026-09-22T20:05:42.3642154Z   ACTIONS_RUNNER_HOOK_JOB_COMPLETED: /runs-on/post.sh
2026-09-22T20:05:42.3642428Z   GITHUB_SERVER_URL: https://github.com/
2026-09-22T20:05:42.3642727Z   GITHUB_API_URL: https://api.github.com/
2026-09-22T20:05:42.3642954Z   GITHUB_HOST: github.com
2026-09-22T20:05:42.3643198Z   RUNS_ON_RUNNER_NAME: runs-on--i-0d248d3ad4a7d9b93--08023f40-c
2026-09-22T20:05:42.3643491Z   RUNS_ON_INSTANCE_LAUNCHED_AT: 2026-09-22T20:04:39Z
2026-09-22T20:05:42.3643754Z   ACTIONS_CACHE_URL: http://10.1.9.141:6871/
2026-09-22T20:05:42.3643994Z   ACTIONS_CACHE_SERVICE_V2: true
2026-09-22T20:05:42.3644226Z   ACTIONS_RESULTS_URL: http://10.1.9.141:6871/
2026-09-22T20:05:42.3644523Z   RUNS_ON_S3_CACHE_REPO_PREFIX: cache/repo/vortex-data/vortex
2026-09-22T20:05:42.3644809Z   RUNS_ON_ACTION_COST_TRACKING_CLAIMED: true
2026-09-22T20:05:42.3645042Z   RUSTUP_TOOLCHAIN: 1.98.0
2026-09-22T20:05:42.3645237Z ##[endgroup]
2026-09-22T20:05:42.5762149Z Cache hit for: cargo-codspeed-5.0.2-x86_64-linux-gnu-2.39-features-default-no-default-features-false-all-features-false
2026-09-22T20:05:42.6311088Z Cache Size: ~1 MB (965444 B)
2026-09-22T20:05:42.6323187Z [command]/usr/bin/tar -xf /home/runner/_work/_temp/bc9a7c10-765b-4699-86ff-b1ae159f3173/cache.tzst -P -C /home/runner/_work/vortex/vortex --use-compress-program unzstd
2026-09-22T20:05:42.6448045Z Cache restored successfully
2026-09-22T20:05:42.7101940Z Cache restored from key: cargo-codspeed-5.0.2-x86_64-linux-gnu-2.39-features-default-no-default-features-false-all-features-false
2026-09-22T20:05:42.7148830Z ##[end-action id=__taiki-e_cache-cargo-install-action.cache;outcome=success;conclusion=success;duration_ms=354]
2026-09-22T20:05:42.7158366Z ##[start-action display=Install cargo-codspeed (non-Windows);id=__taiki-e_cache-cargo-install-action.__run]
2026-09-22T20:05:42.7162035Z ##[end-action id=__taiki-e_cache-cargo-install-action.__run;outcome=skipped;conclusion=skipped;duration_ms=0]
2026-09-22T20:05:42.7165519Z ##[start-action display=Install cargo-codspeed (Windows);id=__taiki-e_cache-cargo-install-action.__run_2]
2026-09-22T20:05:42.7168819Z ##[end-action id=__taiki-e_cache-cargo-install-action.__run_2;outcome=skipped;conclusion=skipped;duration_ms=0]
2026-09-22T20:05:42.7199684Z ##[group]Run actions/download-artifact@3e5f45b2cfb9172054b4087a40e8e0b5a5461e7c
2026-09-22T20:05:42.7199995Z with:
2026-09-22T20:05:42.7200188Z   name: codspeed-cpu-benchmarks-avx512
2026-09-22T20:05:42.7200432Z   merge-multiple: false
2026-09-22T20:05:42.7200636Z   repository: vortex-data/vortex
2026-09-22T20:05:42.7200836Z   run-id: 35777490085
2026-09-22T20:05:42.7201022Z   skip-decompress: false
2026-09-22T20:05:42.7201211Z   digest-mismatch: error
2026-09-22T20:05:42.7201386Z env:
2026-09-22T20:05:42.7201553Z   CARGO_TERM_COLOR: always
2026-09-22T20:05:42.7201740Z   RUST_BACKTRACE: 1
2026-09-22T20:05:42.7201926Z   NIGHTLY_TOOLCHAIN: nightly-2026-09-10
2026-09-22T20:05:42.7202158Z   RUNNER_TOOL_CACHE: /opt/hostedtoolcache
2026-09-22T20:05:42.7202378Z   RUNS_ON_HOME: /runs-on
2026-09-22T20:05:42.7202560Z   RUNS_ON_VERSION: v3.3.0
2026-09-22T20:05:42.7202764Z   RUNS_ON_AGENT_BINARY: /runs-on/agent
2026-09-22T20:05:42.7202970Z   RUNS_ON_AGENT_ARCH: x64
2026-09-22T20:05:42.7203186Z   RUNS_ON_AGENT_USER: runner
2026-09-22T20:05:42.7203387Z   RUNS_ON_AMI_ID: ami-0d8875560af9e1401
2026-09-22T20:05:42.7203596Z   RUNS_ON_AWS_REGION: us-east-1
2026-09-22T20:05:42.7203793Z   RUNS_ON_AWS_AZ: us-east-1a
2026-09-22T20:05:42.7203998Z   RUNS_ON_ENV_CUSTOM_FILE: /runs-on/env.custom
2026-09-22T20:05:42.7204234Z   RUNS_ON_INSTANCE_ID: i-0d248d3ad4a7d9b93
2026-09-22T20:05:42.7204465Z   RUNS_ON_INSTANCE_LIFECYCLE: spot
2026-09-22T20:05:42.7204675Z   RUNS_ON_INSTANCE_TYPE: c7i.metal-24xl
2026-09-22T20:05:42.7204890Z   RUNS_ON_STACK_NAME: runs-on-v3
2026-09-22T20:05:42.7205139Z   RUNS_ON_S3_BUCKET_CACHE: runs-on-v3-s3bucketcache-dbnub4tpjhpv
2026-09-22T20:05:42.7205433Z   ACTIONS_RUNNER_HOOK_JOB_STARTED: /runs-on/pre.sh
2026-09-22T20:05:42.7205700Z   ACTIONS_RUNNER_HOOK_JOB_COMPLETED: /runs-on/post.sh
2026-09-22T20:05:42.7205972Z   GITHUB_SERVER_URL: https://github.com/
2026-09-22T20:05:42.7206209Z   GITHUB_API_URL: https://api.github.com/
2026-09-22T20:05:42.7206518Z   GITHUB_HOST: github.com
2026-09-22T20:05:42.7206779Z   RUNS_ON_RUNNER_NAME: runs-on--i-0d248d3ad4a7d9b93--08023f40-c
2026-09-22T20:05:42.7207073Z   RUNS_ON_INSTANCE_LAUNCHED_AT: 2026-09-22T20:04:39Z
2026-09-22T20:05:42.7207325Z   ACTIONS_CACHE_URL: http://10.1.9.141:6871/
2026-09-22T20:05:42.7207568Z   ACTIONS_CACHE_SERVICE_V2: true
2026-09-22T20:05:42.7207786Z   ACTIONS_RESULTS_URL: http://10.1.9.141:6871/
2026-09-22T20:05:42.7208086Z   RUNS_ON_S3_CACHE_REPO_PREFIX: cache/repo/vortex-data/vortex
2026-09-22T20:05:42.7208356Z   RUNS_ON_ACTION_COST_TRACKING_CLAIMED: true
2026-09-22T20:05:42.7208579Z   RUSTUP_TOOLCHAIN: 1.98.0
2026-09-22T20:05:42.7208766Z ##[endgroup]
2026-09-22T20:05:42.8249873Z Downloading single artifact
2026-09-22T20:05:42.8958796Z Preparing to download the following artifacts:
2026-09-22T20:05:42.8959369Z - codspeed-cpu-benchmarks-avx512 (ID: 10716539608, Size: 514380177, Expected Digest: sha256:09705ace2bc31a98f86f3525ca0f5b65bcc57d3dd969c413355e56b5cff17ab3)
2026-09-22T20:05:43.0173355Z Redirecting to blob download url: https://productionresultssa6.blob.core.windows.net/actions-results/40c3c134-1729-41da-b070-77430decbe33/workflow-job-run-02a363c9-b679-5b7f-89b6-704852b41cb1/artifacts/78372426aa0915df96e1b079d94e2a9e86e18896cbc80837fd2a74fe4add15b0.zip
2026-09-22T20:05:43.0174234Z Starting download of artifact to: /home/runner/_work/vortex/vortex
2026-09-22T20:05:43.1437144Z (node:2722) [DEP0005] DeprecationWarning: Buffer() is deprecated due to security and usability issues. Please use the Buffer.alloc(), Buffer.allocUnsafe(), or Buffer.from() methods instead.
2026-09-22T20:05:43.1437824Z (Use `node --trace-deprecation ...` to show where the warning was created)
2026-09-22T20:05:52.8501069Z SHA256 digest of downloaded artifact is 09705ace2bc31a98f86f3525ca0f5b65bcc57d3dd969c413355e56b5cff17ab3
2026-09-22T20:05:52.8501529Z Artifact download completed successfully.
2026-09-22T20:05:52.8501780Z Total of 1 artifact(s) downloaded
2026-09-22T20:05:52.8503912Z Download artifact has finished successfully
2026-09-22T20:05:52.8590800Z ##[group]Run mkdir -p target
2026-09-22T20:05:52.8591049Z [36;1mmkdir -p target[0m
2026-09-22T20:05:52.8591308Z [36;1mtar -C target -xf codspeed-cpu-benchmarks.tar[0m
2026-09-22T20:05:52.8614463Z shell: /usr/bin/bash -e {0}
2026-09-22T20:05:52.8614686Z env:
2026-09-22T20:05:52.8614873Z   CARGO_TERM_COLOR: always
2026-09-22T20:05:52.8615077Z   RUST_BACKTRACE: 1
2026-09-22T20:05:52.8615279Z   NIGHTLY_TOOLCHAIN: nightly-2026-09-10
2026-09-22T20:05:52.8615531Z   RUNNER_TOOL_CACHE: /opt/hostedtoolcache
2026-09-22T20:05:52.8615760Z   RUNS_ON_HOME: /runs-on
2026-09-22T20:05:52.8615954Z   RUNS_ON_VERSION: v3.3.0
2026-09-22T20:05:52.8616158Z   RUNS_ON_AGENT_BINARY: /runs-on/agent
2026-09-22T20:05:52.8616386Z   RUNS_ON_AGENT_ARCH: x64
2026-09-22T20:05:52.8616577Z   RUNS_ON_AGENT_USER: runner
2026-09-22T20:05:52.8616780Z   RUNS_ON_AMI_ID: ami-0d8875560af9e1401
2026-09-22T20:05:52.8617006Z   RUNS_ON_AWS_REGION: us-east-1
2026-09-22T20:05:52.8617210Z   RUNS_ON_AWS_AZ: us-east-1a
2026-09-22T20:05:52.8617477Z   RUNS_ON_ENV_CUSTOM_FILE: /runs-on/env.custom
2026-09-22T20:05:52.8617726Z   RUNS_ON_INSTANCE_ID: i-0d248d3ad4a7d9b93
2026-09-22T20:05:52.8617997Z   RUNS_ON_INSTANCE_LIFECYCLE: spot
2026-09-22T20:05:52.8618226Z   RUNS_ON_INSTANCE_TYPE: c7i.metal-24xl
2026-09-22T20:05:52.8618444Z   RUNS_ON_STACK_NAME: runs-on-v3
2026-09-22T20:05:52.8618710Z   RUNS_ON_S3_BUCKET_CACHE: runs-on-v3-s3bucketcache-dbnub4tpjhpv
2026-09-22T20:05:52.8619028Z   ACTIONS_RUNNER_HOOK_JOB_STARTED: /runs-on/pre.sh
2026-09-22T20:05:52.8619311Z   ACTIONS_RUNNER_HOOK_JOB_COMPLETED: /runs-on/post.sh
2026-09-22T20:05:52.8619586Z   GITHUB_SERVER_URL: https://github.com/
2026-09-22T20:05:52.8619837Z   GITHUB_API_URL: https://api.github.com/
2026-09-22T20:05:52.8620064Z   GITHUB_HOST: github.com
2026-09-22T20:05:52.8620312Z   RUNS_ON_RUNNER_NAME: runs-on--i-0d248d3ad4a7d9b93--08023f40-c
2026-09-22T20:05:52.8620628Z   RUNS_ON_INSTANCE_LAUNCHED_AT: 2026-09-22T20:04:39Z
2026-09-22T20:05:52.8620896Z   ACTIONS_CACHE_URL: http://10.1.9.141:6871/
2026-09-22T20:05:52.8621265Z   ACTIONS_CACHE_SERVICE_V2: true
2026-09-22T20:05:52.8621491Z   ACTIONS_RESULTS_URL: http://10.1.9.141:6871/
2026-09-22T20:05:52.8621778Z   RUNS_ON_S3_CACHE_REPO_PREFIX: cache/repo/vortex-data/vortex
2026-09-22T20:05:52.8622067Z   RUNS_ON_ACTION_COST_TRACKING_CLAIMED: true
2026-09-22T20:05:52.8622302Z   RUSTUP_TOOLCHAIN: 1.98.0
2026-09-22T20:05:52.8622497Z ##[endgroup]
2026-09-22T20:05:54.0193666Z ##[group]Run sudo bash scripts/setup-benchmark.sh
2026-09-22T20:05:54.0193989Z [36;1msudo bash scripts/setup-benchmark.sh[0m
2026-09-22T20:05:54.0214978Z shell: /usr/bin/bash -e {0}
2026-09-22T20:05:54.0215203Z env:
2026-09-22T20:05:54.0215386Z   CARGO_TERM_COLOR: always
2026-09-22T20:05:54.0215599Z   RUST_BACKTRACE: 1
2026-09-22T20:05:54.0215799Z   NIGHTLY_TOOLCHAIN: nightly-2026-09-10
2026-09-22T20:05:54.0216039Z   RUNNER_TOOL_CACHE: /opt/hostedtoolcache
2026-09-22T20:05:54.0216267Z   RUNS_ON_HOME: /runs-on
2026-09-22T20:05:54.0216473Z   RUNS_ON_VERSION: v3.3.0
2026-09-22T20:05:54.0216692Z   RUNS_ON_AGENT_BINARY: /runs-on/agent
2026-09-22T20:05:54.0216908Z   RUNS_ON_AGENT_ARCH: x64
2026-09-22T20:05:54.0217111Z   RUNS_ON_AGENT_USER: runner
2026-09-22T20:05:54.0217317Z   RUNS_ON_AMI_ID: ami-0d8875560af9e1401
2026-09-22T20:05:54.0217539Z   RUNS_ON_AWS_REGION: us-east-1
2026-09-22T20:05:54.0217754Z   RUNS_ON_AWS_AZ: us-east-1a
2026-09-22T20:05:54.0218091Z   RUNS_ON_ENV_CUSTOM_FILE: /runs-on/env.custom
2026-09-22T20:05:54.0218344Z   RUNS_ON_INSTANCE_ID: i-0d248d3ad4a7d9b93
2026-09-22T20:05:54.0218577Z   RUNS_ON_INSTANCE_LIFECYCLE: spot
2026-09-22T20:05:54.0218807Z   RUNS_ON_INSTANCE_TYPE: c7i.metal-24xl
2026-09-22T20:05:54.0219031Z   RUNS_ON_STACK_NAME: runs-on-v3
2026-09-22T20:05:54.0219299Z   RUNS_ON_S3_BUCKET_CACHE: runs-on-v3-s3bucketcache-dbnub4tpjhpv
2026-09-22T20:05:54.0219621Z   ACTIONS_RUNNER_HOOK_JOB_STARTED: /runs-on/pre.sh
2026-09-22T20:05:54.0219904Z   ACTIONS_RUNNER_HOOK_JOB_COMPLETED: /runs-on/post.sh
2026-09-22T20:05:54.0220174Z   GITHUB_SERVER_URL: https://github.com/
2026-09-22T20:05:54.0220432Z   GITHUB_API_URL: https://api.github.com/
2026-09-22T20:05:54.0220660Z   GITHUB_HOST: github.com
2026-09-22T20:05:54.0220908Z   RUNS_ON_RUNNER_NAME: runs-on--i-0d248d3ad4a7d9b93--08023f40-c
2026-09-22T20:05:54.0221206Z   RUNS_ON_INSTANCE_LAUNCHED_AT: 2026-09-22T20:04:39Z
2026-09-22T20:05:54.0221472Z   ACTIONS_CACHE_URL: http://10.1.9.141:6871/
2026-09-22T20:05:54.0221711Z   ACTIONS_CACHE_SERVICE_V2: true
2026-09-22T20:05:54.0221937Z   ACTIONS_RESULTS_URL: http://10.1.9.141:6871/
2026-09-22T20:05:54.0222229Z   RUNS_ON_S3_CACHE_REPO_PREFIX: cache/repo/vortex-data/vortex
2026-09-22T20:05:54.0222507Z   RUNS_ON_ACTION_COST_TRACKING_CLAIMED: true
2026-09-22T20:05:54.0222736Z   RUSTUP_TOOLCHAIN: 1.98.0
2026-09-22T20:05:54.0222938Z ##[endgroup]
2026-09-22T20:05:54.0342532Z + '[' 0 -ne 0 ']'
2026-09-22T20:05:54.0342868Z + sysfs_write /sys/devices/system/cpu/intel_pstate/no_turbo 1
2026-09-22T20:05:54.0343151Z + [[ -n 1 ]]
2026-09-22T20:05:54.0343368Z + [[ -w /sys/devices/system/cpu/intel_pstate/no_turbo ]]
2026-09-22T20:05:54.0343623Z + echo 1
2026-09-22T20:05:54.0407204Z + sysfs_write /sys/devices/system/cpu/cpufreq/boost 0
2026-09-22T20:05:54.0407649Z + [[ -n 0 ]]
2026-09-22T20:05:54.0408189Z + [[ -w /sys/devices/system/cpu/cpufreq/boost ]]
2026-09-22T20:05:54.0408550Z + true
2026-09-22T20:05:54.0408904Z + for policy in /sys/devices/system/cpu/cpufreq/policy*
2026-09-22T20:05:54.0409497Z + sysfs_write /sys/devices/system/cpu/cpufreq/policy0/scaling_governor performance
2026-09-22T20:05:54.0410004Z + [[ -n performance ]]
2026-09-22T20:05:54.0410395Z + [[ -w /sys/devices/system/cpu/cpufreq/policy0/scaling_governor ]]
2026-09-22T20:05:54.0410811Z + echo performance
2026-09-22T20:05:54.0412665Z ++ cat /sys/devices/system/cpu/cpufreq/policy0/scaling_max_freq
2026-09-22T20:05:54.0425148Z + sysfs_write /sys/devices/system/cpu/cpufreq/policy0/scaling_min_freq 2400000
2026-09-22T20:05:54.0425617Z + [[ -n 2400000 ]]
2026-09-22T20:05:54.0425989Z + [[ -w /sys/devices/system/cpu/cpufreq/policy0/scaling_min_freq ]]
2026-09-22T20:05:54.0426679Z + echo 2400000
2026-09-22T20:05:54.0427023Z + for policy in /sys/devices/system/cpu/cpufreq/policy*
2026-09-22T20:05:54.0427581Z + sysfs_write /sys/devices/system/cpu/cpufreq/policy1/scaling_governor performance
2026-09-22T20:05:54.0428111Z + [[ -n performance ]]
2026-09-22T20:05:54.0428489Z + [[ -w /sys/devices/system/cpu/cpufreq/policy1/scaling_governor ]]
2026-09-22T20:05:54.0429043Z + echo performance
2026-09-22T20:05:54.0429406Z ++ cat /sys/devices/system/cpu/cpufreq/policy1/scaling_max_freq
2026-09-22T20:05:54.0441262Z + sysfs_write /sys/devices/system/cpu/cpufreq/policy1/scaling_min_freq 2400000
2026-09-22T20:05:54.0441729Z + [[ -n 2400000 ]]
2026-09-22T20:05:54.0442078Z + [[ -w /sys/devices/system/cpu/cpufreq/policy1/scaling_min_freq ]]
2026-09-22T20:05:54.0442483Z + echo 2400000
2026-09-22T20:05:54.0442805Z + for policy in /sys/devices/system/cpu/cpufreq/policy*
2026-09-22T20:05:54.0443362Z + sysfs_write /sys/devices/system/cpu/cpufreq/policy10/scaling_governor performance
2026-09-22T20:05:54.0443854Z + [[ -n performance ]]
2026-09-22T20:05:54.0444235Z + [[ -w /sys/devices/system/cpu/cpufreq/policy10/scaling_governor ]]
2026-09-22T20:05:54.0444655Z + echo performance
2026-09-22T20:05:54.0445688Z ++ cat /sys/devices/system/cpu/cpufreq/policy10/scaling_max_freq
2026-09-22T20:05:54.0457562Z + sysfs_write /sys/devices/system/cpu/cpufreq/policy10/scaling_min_freq 2400000
2026-09-22T20:05:54.0458089Z + [[ -n 2400000 ]]
2026-09-22T20:05:54.0458441Z + [[ -w /sys/devices/system/cpu/cpufreq/policy10/scaling_min_freq ]]
2026-09-22T20:05:54.0458843Z + echo 2400000
2026-09-22T20:05:54.0459169Z + for policy in /sys/devices/system/cpu/cpufreq/policy*
2026-09-22T20:05:54.0459695Z + sysfs_write /sys/devices/system/cpu/cpufreq/policy11/scaling_governor performance
2026-09-22T20:05:54.0460174Z + [[ -n performance ]]
2026-09-22T20:05:54.0460547Z + [[ -w /sys/devices/system/cpu/cpufreq/policy11/scaling_governor ]]
2026-09-22T20:05:54.0460958Z + echo performance
2026-09-22T20:05:54.0462471Z ++ cat /sys/devices/system/cpu/cpufreq/policy11/scaling_max_freq
2026-09-22T20:05:54.0472946Z + sysfs_write /sys/devices/system/cpu/cpufreq/policy11/scaling_min_freq 2400000
2026-09-22T20:05:54.0473416Z + [[ -n 2400000 ]]
2026-09-22T20:05:54.0473769Z + [[ -w /sys/devices/system/cpu/cpufreq/policy11/scaling_min_freq ]]
2026-09-22T20:05:54.0474175Z + echo 2400000
2026-09-22T20:05:54.0474496Z + for policy in /sys/devices/system/cpu/cpufreq/policy*
2026-09-22T20:05:54.0475021Z + sysfs_write /sys/devices/system/cpu/cpufreq/policy12/scaling_governor performance
2026-09-22T20:05:54.0475507Z + [[ -n performance ]]
2026-09-22T20:05:54.0475887Z + [[ -w /sys/devices/system/cpu/cpufreq/policy12/scaling_governor ]]
2026-09-22T20:05:54.0476290Z + echo performance
2026-09-22T20:05:54.0476811Z ++ cat /sys/devices/system/cpu/cpufreq/policy12/scaling_max_freq
2026-09-22T20:05:54.0488214Z + sysfs_write /sys/devices/system/cpu/cpufreq/policy12/scaling_min_freq 2400000
2026-09-22T20:05:54.0488676Z + [[ -n 2400000 ]]
2026-09-22T20:05:54.0489041Z + [[ -w /sys/devices/system/cpu/cpufreq/policy12/scaling_min_freq ]]
2026-09-22T20:05:54.0489445Z + echo 2400000
2026-09-22T20:05:54.0489764Z + for policy in /sys/devices/system/cpu/cpufreq/policy*
2026-09-22T20:05:54.0490285Z + sysfs_write /sys/devices/system/cpu/cpufreq/policy13/scaling_governor performance
2026-09-22T20:05:54.0490774Z + [[ -n performance ]]
2026-09-22T20:05:54.0491153Z + [[ -w /sys/devices/system/cpu/cpufreq/policy13/scaling_governor ]]
2026-09-22T20:05:54.0491559Z + echo performance
2026-09-22T20:05:54.0492044Z ++ cat /sys/devices/system/cpu/cpufreq/policy13/scaling_max_freq
2026-09-22T20:05:54.0504102Z + sysfs_write /sys/devices/system/cpu/cpufreq/policy13/scaling_min_freq 2400000
2026-09-22T20:05:54.0504558Z + [[ -n 2400000 ]]
2026-09-22T20:05:54.0504910Z + [[ -w /sys/devices/system/cpu/cpufreq/policy13/scaling_min_freq ]]
2026-09-22T20:05:54.0505312Z + echo 2400000
2026-09-22T20:05:54.0505626Z + for policy in /sys/devices/system/cpu/cpufreq/policy*
2026-09-22T20:05:54.0506250Z + sysfs_write /sys/devices/system/cpu/cpufreq/policy14/scaling_governor performance
2026-09-22T20:05:54.0506733Z + [[ -n performance ]]
2026-09-22T20:05:54.0507102Z + [[ -w /sys/devices/system/cpu/cpufreq/policy14/scaling_governor ]]
2026-09-22T20:05:54.0507526Z + echo performance
2026-09-22T20:05:54.0508379Z ++ cat /sys/devices/system/cpu/cpufreq/policy14/scaling_max_freq
2026-09-22T20:05:54.0521133Z + sysfs_write /sys/devices/system/cpu/cpufreq/policy14/scaling_min_freq 2400000
2026-09-22T20:05:54.0521617Z + [[ -n 2400000 ]]
2026-09-22T20:05:54.0521966Z + [[ -w /sys/devices/system/cpu/cpufreq/policy14/scaling_min_freq ]]
2026-09-22T20:05:54.0522366Z + echo 2400000
2026-09-22T20:05:54.0522687Z + for policy in /sys/devices/system/cpu/cpufreq/policy*
2026-09-22T20:05:54.0523197Z + sysfs_write /sys/devices/system/cpu/cpufreq/policy15/scaling_governor performance
2026-09-22T20:05:54.0523671Z + [[ -n performance ]]
2026-09-22T20:05:54.0524046Z + [[ -w /sys/devices/system/cpu/cpufreq/policy15/scaling_governor ]]
2026-09-22T20:05:54.0524453Z + echo performance
2026-09-22T20:05:54.0526057Z ++ cat /sys/devices/system/cpu/cpufreq/policy15/scaling_max_freq
2026-09-22T20:05:54.0538867Z + sysfs_write /sys/devices/system/cpu/cpufreq/policy15/scaling_min_freq 2400000
2026-09-22T20:05:54.0539334Z + [[ -n 2400000 ]]
2026-09-22T20:05:54.0539683Z + [[ -w /sys/devices/system/cpu/cpufreq/policy15/scaling_min_freq ]]
2026-09-22T20:05:54.0540095Z + echo 2400000
2026-09-22T20:05:54.0540415Z + for policy in /sys/devices/system/cpu/cpufreq/policy*
2026-09-22T20:05:54.0540935Z + sysfs_write /sys/devices/system/cpu/cpufreq/policy16/scaling_governor performance
2026-09-22T20:05:54.0541409Z + [[ -n performance ]]
2026-09-22T20:05:54.0541796Z + [[ -w /sys/devices/system/cpu/cpufreq/policy16/scaling_governor ]]
2026-09-22T20:05:54.0542200Z + echo performance
2026-09-22T20:05:54.0542552Z ++ cat /sys/devices/system/cpu/cpufreq/policy16/scaling_max_freq
2026-09-22T20:05:54.0552731Z + sysfs_write /sys/devices/system/cpu/cpufreq/policy16/scaling_min_freq 2400000
2026-09-22T20:05:54.0553195Z + [[ -n 2400000 ]]
2026-09-22T20:05:54.0553545Z + [[ -w /sys/devices/system/cpu/cpufreq/policy16/scaling_min_freq ]]
2026-09-22T20:05:54.0553958Z + echo 2400000
2026-09-22T20:05:54.0554276Z + for policy in /sys/devices/system/cpu/cpufreq/policy*
2026-09-22T20:05:54.0554796Z + sysfs_write /sys/devices/system/cpu/cpufreq/policy17/scaling_governor performance
2026-09-22T20:05:54.0555283Z + [[ -n performance ]]
2026-09-22T20:05:54.0555653Z + [[ -w /sys/devices/system/cpu/cpufreq/policy17/scaling_governor ]]
2026-09-22T20:05:54.0556056Z + echo performance
2026-09-22T20:05:54.0556426Z ++ cat /sys/devices/system/cpu/cpufreq/policy17/scaling_max_freq
2026-09-22T20:05:54.0567035Z + sysfs_write /sys/devices/system/cpu/cpufreq/policy17/scaling_min_freq 2400000
2026-09-22T20:05:54.0567490Z + [[ -n 2400000 ]]
2026-09-22T20:05:54.0567841Z + [[ -w /sys/devices/system/cpu/cpufreq/policy17/scaling_min_freq ]]
2026-09-22T20:05:54.0568274Z + echo 2400000
2026-09-22T20:05:54.0568593Z + for policy in /sys/devices/system/cpu/cpufreq/policy*
2026-09-22T20:05:54.0569125Z + sysfs_write /sys/devices/system/cpu/cpufreq/policy18/scaling_governor performance
2026-09-22T20:05:54.0569598Z + [[ -n performance ]]
2026-09-22T20:05:54.0569966Z + [[ -w /sys/devices/system/cpu/cpufreq/policy18/scaling_governor ]]
2026-09-22T20:05:54.0570377Z + echo performance
2026-09-22T20:05:54.0570748Z ++ cat /sys/devices/system/cpu/cpufreq/policy18/scaling_max_freq
2026-09-22T20:05:54.0581222Z + sysfs_write /sys/devices/system/cpu/cpufreq/policy18/scaling_min_freq 2400000
2026-09-22T20:05:54.0581685Z + [[ -n 2400000 ]]
2026-09-22T20:05:54.0582031Z + [[ -w /sys/devices/system/cpu/cpufreq/policy18/scaling_min_freq ]]
2026-09-22T20:05:54.0582428Z + echo 2400000
2026-09-22T20:05:54.0582751Z + for policy in /sys/devices/system/cpu/cpufreq/policy*
2026-09-22T20:05:54.0583280Z + sysfs_write /sys/devices/system/cpu/cpufreq/policy19/scaling_governor performance
2026-09-22T20:05:54.0583758Z + [[ -n performance ]]
2026-09-22T20:05:54.0584209Z + [[ -w /sys/devices/system/cpu/cpufreq/policy19/scaling_governor ]]
2026-09-22T20:05:54.0584624Z + echo performance
2026-09-22T20:05:54.0585893Z ++ cat /sys/devices/system/cpu/cpufreq/policy19/scaling_max_freq
2026-09-22T20:05:54.0596019Z + sysfs_write /sys/devices/system/cpu/cpufreq/policy19/scaling_min_freq 2400000
2026-09-22T20:05:54.0596484Z + [[ -n 2400000 ]]
2026-09-22T20:05:54.0596892Z + [[ -w /sys/devices/system/cpu/cpufreq/policy19/scaling_min_freq ]]
2026-09-22T20:05:54.0597294Z + echo 2400000
2026-09-22T20:05:54.0597617Z + for policy in /sys/devices/system/cpu/cpufreq/policy*
2026-09-22T20:05:54.0598163Z + sysfs_write /sys/devices/system/cpu/cpufreq/policy2/scaling_governor performance
2026-09-22T20:05:54.0598632Z + [[ -n performance ]]
2026-09-22T20:05:54.0599011Z + [[ -w /sys/devices/system/cpu/cpufreq/policy2/scaling_governor ]]
2026-09-22T20:05:54.0599416Z + echo performance
2026-09-22T20:05:54.0600852Z ++ cat /sys/devices/system/cpu/cpufreq/policy2/scaling_max_freq
2026-09-22T20:05:54.0611745Z + sysfs_write /sys/devices/system/cpu/cpufreq/policy2/scaling_min_freq 2400000
2026-09-22T20:05:54.0612201Z + [[ -n 2400000 ]]
2026-09-22T20:05:54.0612547Z + [[ -w /sys/devices/system/cpu/cpufreq/policy2/scaling_min_freq ]]
2026-09-22T20:05:54.0612956Z + echo 2400000
2026-09-22T20:05:54.0613269Z + for policy in /sys/devices/system/cpu/cpufreq/policy*
2026-09-22T20:05:54.0613786Z + sysfs_write /sys/devices/system/cpu/cpufreq/policy20/scaling_governor performance
2026-09-22T20:05:54.0614269Z + [[ -n performance ]]
2026-09-22T20:05:54.0614632Z + [[ -w /sys/devices/system/cpu/cpufreq/policy20/scaling_governor ]]
2026-09-22T20:05:54.0615031Z + echo performance
2026-09-22T20:05:54.0617167Z ++ cat /sys/devices/system/cpu/cpufreq/policy20/scaling_max_freq
2026-09-22T20:05:54.0630440Z + sysfs_write /sys/devices/system/cpu/cpufreq/policy20/scaling_min_freq 2400000
2026-09-22T20:05:54.0630892Z + [[ -n 2400000 ]]
2026-09-22T20:05:54.0631250Z + [[ -w /sys/devices/system/cpu/cpufreq/policy20/scaling_min_freq ]]
2026-09-22T20:05:54.0631656Z + echo 2400000
2026-09-22T20:05:54.0631983Z + for policy in /sys/devices/system/cpu/cpufreq/policy*
2026-09-22T20:05:54.0632508Z + sysfs_write /sys/devices/system/cpu/cpufreq/policy21/scaling_governor performance
2026-09-22T20:05:54.0632986Z + [[ -n performance ]]
2026-09-22T20:05:54.0633361Z + [[ -w /sys/devices/system/cpu/cpufreq/policy21/scaling_governor ]]
2026-09-22T20:05:54.0633764Z + echo performance
2026-09-22T20:05:54.0634424Z ++ cat /sys/devices/system/cpu/cpufreq/policy21/scaling_max_freq
2026-09-22T20:05:54.0648493Z + sysfs_write /sys/devices/system/cpu/cpufreq/policy21/scaling_min_freq 2400000
2026-09-22T20:05:54.0648960Z + [[ -n 2400000 ]]
2026-09-22T20:05:54.0649306Z + [[ -w /sys/devices/system/cpu/cpufreq/policy21/scaling_min_freq ]]
2026-09-22T20:05:54.0649706Z + echo 2400000
2026-09-22T20:05:54.0650024Z + for policy in /sys/devices/system/cpu/cpufreq/policy*
2026-09-22T20:05:54.0650552Z + sysfs_write /sys/devices/system/cpu/cpufreq/policy22/scaling_governor performance
2026-09-22T20:05:54.0651037Z + [[ -n performance ]]
2026-09-22T20:05:54.0651409Z + [[ -w /sys/devices/system/cpu/cpufreq/policy22/scaling_governor ]]
2026-09-22T20:05:54.0651838Z + echo performance
2026-09-22T20:05:54.0652199Z ++ cat /sys/devices/system/cpu/cpufreq/policy22/scaling_max_freq
2026-09-22T20:05:54.0663611Z + sysfs_write /sys/devices/system/cpu/cpufreq/policy22/scaling_min_freq 2400000
2026-09-22T20:05:54.0664080Z + [[ -n 2400000 ]]
2026-09-22T20:05:54.0664426Z + [[ -w /sys/devices/system/cpu/cpufreq/policy22/scaling_min_freq ]]
2026-09-22T20:05:54.0664826Z + echo 2400000
2026-09-22T20:05:54.0665154Z + for policy in /sys/devices/system/cpu/cpufreq/policy*
2026-09-22T20:05:54.0665677Z + sysfs_write /sys/devices/system/cpu/cpufreq/policy23/scaling_governor performance
2026-09-22T20:05:54.0666149Z + [[ -n performance ]]
2026-09-22T20:05:54.0666527Z + [[ -w /sys/devices/system/cpu/cpufreq/policy23/scaling_governor ]]
2026-09-22T20:05:54.0666939Z + echo performance
2026-09-22T20:05:54.0667375Z ++ cat /sys/devices/system/cpu/cpufreq/policy23/scaling_max_freq
2026-09-22T20:05:54.0679665Z + sysfs_write /sys/devices/system/cpu/cpufreq/policy23/scaling_min_freq 2400000
2026-09-22T20:05:54.0680209Z + [[ -n 2400000 ]]
2026-09-22T20:05:54.0680560Z + [[ -w /sys/devices/system/cpu/cpufreq/policy23/scaling_min_freq ]]
2026-09-22T20:05:54.0680973Z + echo 2400000
2026-09-22T20:05:54.0681351Z + for policy in /sys/devices/system/cpu/cpufreq/policy*
2026-09-22T20:05:54.0681867Z + sysfs_write /sys/devices/system/cpu/cpufreq/policy24/scaling_governor performance
2026-09-22T20:05:54.0682341Z + [[ -n performance ]]
2026-09-22T20:05:54.0682703Z + [[ -w /sys/devices/system/cpu/cpufreq/policy24/scaling_governor ]]
2026-09-22T20:05:54.0683101Z + echo performance
2026-09-22T20:05:54.0683455Z ++ cat /sys/devices/system/cpu/cpufreq/policy24/scaling_max_freq
2026-09-22T20:05:54.0694160Z + sysfs_write /sys/devices/system/cpu/cpufreq/policy24/scaling_min_freq 2400000
2026-09-22T20:05:54.0694620Z + [[ -n 2400000 ]]
2026-09-22T20:05:54.0694974Z + [[ -w /sys/devices/system/cpu/cpufreq/policy24/scaling_min_freq ]]
2026-09-22T20:05:54.0695370Z + echo 2400000
2026-09-22T20:05:54.0695686Z + for policy in /sys/devices/system/cpu/cpufreq/policy*
2026-09-22T20:05:54.0696205Z + sysfs_write /sys/devices/system/cpu/cpufreq/policy25/scaling_governor performance
2026-09-22T20:05:54.0696698Z + [[ -n performance ]]
2026-09-22T20:05:54.0697071Z + [[ -w /sys/devices/system/cpu/cpufreq/policy25/scaling_governor ]]
2026-09-22T20:05:54.0697474Z + echo performance
2026-09-22T20:05:54.0698258Z ++ cat /sys/devices/system/cpu/cpufreq/policy25/scaling_max_freq
2026-09-22T20:05:54.0708794Z + sysfs_write /sys/devices/system/cpu/cpufreq/policy25/scaling_min_freq 2400000
2026-09-22T20:05:54.0709294Z + [[ -n 2400000 ]]
2026-09-22T20:05:54.0709698Z + [[ -w /sys/devices/system/cpu/cpufreq/policy25/scaling_min_freq ]]
2026-09-22T20:05:54.0710124Z + echo 2400000
2026-09-22T20:05:54.0710457Z + for policy in /sys/devices/system/cpu/cpufreq/policy*
2026-09-22T20:05:54.0711039Z + sysfs_write /sys/devices/system/cpu/cpufreq/policy26/scaling_governor performance
2026-09-22T20:05:54.0711530Z + [[ -n performance ]]
2026-09-22T20:05:54.0711911Z + [[ -w /sys/devices/system/cpu/cpufreq/policy26/scaling_governor ]]
2026-09-22T20:05:54.0712325Z + echo performance
2026-09-22T20:05:54.0712703Z ++ cat /sys/devices/system/cpu/cpufreq/policy26/scaling_max_freq
2026-09-22T20:05:54.0723563Z + sysfs_write /sys/devices/system/cpu/cpufreq/policy26/scaling_min_freq 2400000
2026-09-22T20:05:54.0724050Z + [[ -n 2400000 ]]
2026-09-22T20:05:54.0724405Z + [[ -w /sys/devices/system/cpu/cpufreq/policy26/scaling_min_freq ]]
2026-09-22T20:05:54.0724808Z + echo 2400000
2026-09-22T20:05:54.0725132Z + for policy in /sys/devices/system/cpu/cpufreq/policy*
2026-09-22T20:05:54.0725674Z + sysfs_write /sys/devices/system/cpu/cpufreq/policy27/scaling_governor performance
2026-09-22T20:05:54.0726155Z + [[ -n performance ]]
2026-09-22T20:05:54.0726529Z + [[ -w /sys/devices/system/cpu/cpufreq/policy27/scaling_governor ]]
2026-09-22T20:05:54.0726940Z + echo performance
2026-09-22T20:05:54.0727308Z ++ cat /sys/devices/system/cpu/cpufreq/policy27/scaling_max_freq
2026-09-22T20:05:54.0738138Z + sysfs_write /sys/devices/system/cpu/cpufreq/policy27/scaling_min_freq 2400000
2026-09-22T20:05:54.0738612Z + [[ -n 2400000 ]]
2026-09-22T20:05:54.0738971Z + [[ -w /sys/devices/system/cpu/cpufreq/policy27/scaling_min_freq ]]
2026-09-22T20:05:54.0739375Z + echo 2400000
2026-09-22T20:05:54.0739706Z + for policy in /sys/devices/system/cpu/cpufreq/policy*
2026-09-22T20:05:54.0740230Z + sysfs_write /sys/devices/system/cpu/cpufreq/policy28/scaling_governor performance
2026-09-22T20:05:54.0740701Z + [[ -n performance ]]
2026-09-22T20:05:54.0741072Z + [[ -w /sys/devices/system/cpu/cpufreq/policy28/scaling_governor ]]
2026-09-22T20:05:54.0741472Z + echo performance
2026-09-22T20:05:54.0741837Z ++ cat /sys/devices/system/cpu/cpufreq/policy28/scaling_max_freq
2026-09-22T20:05:54.0752986Z + sysfs_write /sys/devices/system/cpu/cpufreq/policy28/scaling_min_freq 2400000
2026-09-22T20:05:54.0753685Z + [[ -n 2400000 ]]
2026-09-22T20:05:54.0754035Z + [[ -w /sys/devices/system/cpu/cpufreq/policy28/scaling_min_freq ]]
2026-09-22T20:05:54.0754442Z + echo 2400000
2026-09-22T20:05:54.0754759Z + for policy in /sys/devices/system/cpu/cpufreq/policy*
2026-09-22T20:05:54.0755367Z + sysfs_write /sys/devices/system/cpu/cpufreq/policy29/scaling_governor performance
2026-09-22T20:05:54.0755857Z + [[ -n performance ]]
2026-09-22T20:05:54.0756233Z + [[ -w /sys/devices/system/cpu/cpufreq/policy29/scaling_governor ]]
2026-09-22T20:05:54.0756639Z + echo performance
2026-09-22T20:05:54.0756997Z ++ cat /sys/devices/system/cpu/cpufreq/policy29/scaling_max_freq
2026-09-22T20:05:54.0769316Z + sysfs_write /sys/devices/system/cpu/cpufreq/policy29/scaling_min_freq 2400000
2026-09-22T20:05:54.0769774Z + [[ -n 2400000 ]]
2026-09-22T20:05:54.0770122Z + [[ -w /sys/devices/system/cpu/cpufreq/policy29/scaling_min_freq ]]
2026-09-22T20:05:54.0770536Z + echo 2400000
2026-09-22T20:05:54.0770861Z + for policy in /sys/devices/system/cpu/cpufreq/policy*
2026-09-22T20:05:54.0771389Z + sysfs_write /sys/devices/system/cpu/cpufreq/policy3/scaling_governor performance
2026-09-22T20:05:54.0771877Z + [[ -n performance ]]
2026-09-22T20:05:54.0772248Z + [[ -w /sys/devices/system/cpu/cpufreq/policy3/scaling_governor ]]
2026-09-22T20:05:54.0772656Z + echo performance
2026-09-22T20:05:54.0774389Z ++ cat /sys/devices/system/cpu/cpufreq/policy3/scaling_max_freq
2026-09-22T20:05:54.0784554Z + sysfs_write /sys/devices/system/cpu/cpufreq/policy3/scaling_min_freq 2400000
2026-09-22T20:05:54.0785014Z + [[ -n 2400000 ]]
2026-09-22T20:05:54.0785372Z + [[ -w /sys/devices/system/cpu/cpufreq/policy3/scaling_min_freq ]]
2026-09-22T20:05:54.0785768Z + echo 2400000
2026-09-22T20:05:54.0786086Z + for policy in /sys/devices/system/cpu/cpufreq/policy*
2026-09-22T20:05:54.0786616Z + sysfs_write /sys/devices/system/cpu/cpufreq/policy30/scaling_governor performance
2026-09-22T20:05:54.0787093Z + [[ -n performance ]]
2026-09-22T20:05:54.0787461Z + [[ -w /sys/devices/system/cpu/cpufreq/policy30/scaling_governor ]]
2026-09-22T20:05:54.0787898Z + echo performance
2026-09-22T20:05:54.0788458Z ++ cat /sys/devices/system/cpu/cpufreq/policy30/scaling_max_freq
2026-09-22T20:05:54.0799463Z + sysfs_write /sys/devices/system/cpu/cpufreq/policy30/scaling_min_freq 2400000
2026-09-22T20:05:54.0799934Z + [[ -n 2400000 ]]
2026-09-22T20:05:54.0800288Z + [[ -w /sys/devices/system/cpu/cpufreq/policy30/scaling_min_freq ]]
2026-09-22T20:05:54.0800686Z + echo 2400000
2026-09-22T20:05:54.0801010Z + for policy in /sys/devices/system/cpu/cpufreq/policy*
2026-09-22T20:05:54.0801531Z + sysfs_write /sys/devices/system/cpu/cpufreq/policy31/scaling_governor performance
2026-09-22T20:05:54.0802004Z + [[ -n performance ]]
2026-09-22T20:05:54.0802366Z + [[ -w /sys/devices/system/cpu/cpufreq/policy31/scaling_governor ]]
2026-09-22T20:05:54.0802784Z + echo performance
2026-09-22T20:05:54.0803130Z ++ cat /sys/devices/system/cpu/cpufreq/policy31/scaling_max_freq
2026-09-22T20:05:54.0813145Z + sysfs_write /sys/devices/system/cpu/cpufreq/policy31/scaling_min_freq 2400000
2026-09-22T20:05:54.0813607Z + [[ -n 2400000 ]]
2026-09-22T20:05:54.0813952Z + [[ -w /sys/devices/system/cpu/cpufreq/policy31/scaling_min_freq ]]
2026-09-22T20:05:54.0814346Z + echo 2400000
2026-09-22T20:05:54.0814668Z + for policy in /sys/devices/system/cpu/cpufreq/policy*
2026-09-22T20:05:54.0815189Z + sysfs_write /sys/devices/system/cpu/cpufreq/policy32/scaling_governor performance
2026-09-22T20:05:54.0815666Z + [[ -n performance ]]
2026-09-22T20:05:54.0816039Z + [[ -w /sys/devices/system/cpu/cpufreq/policy32/scaling_governor ]]
2026-09-22T20:05:54.0816443Z + echo performance
2026-09-22T20:05:54.0817806Z ++ cat /sys/devices/system/cpu/cpufreq/policy32/scaling_max_freq
2026-09-22T20:05:54.0828186Z + sysfs_write /sys/devices/system/cpu/cpufreq/policy32/scaling_min_freq 2400000
2026-09-22T20:05:54.0828648Z + [[ -n 2400000 ]]
2026-09-22T20:05:54.0828990Z + [[ -w /sys/devices/system/cpu/cpufreq/policy32/scaling_min_freq ]]
2026-09-22T20:05:54.0829477Z + echo 2400000
2026-09-22T20:05:54.0829794Z + for policy in /sys/devices/system/cpu/cpufreq/policy*
2026-09-22T20:05:54.0830298Z + sysfs_write /sys/devices/system/cpu/cpufreq/policy33/scaling_governor performance
2026-09-22T20:05:54.0830784Z + [[ -n performance ]]
2026-09-22T20:05:54.0831208Z + [[ -w /sys/devices/system/cpu/cpufreq/policy33/scaling_governor ]]
2026-09-22T20:05:54.0831618Z + echo performance
2026-09-22T20:05:54.0832989Z ++ cat /sys/devices/system/cpu/cpufreq/policy33/scaling_max_freq
2026-09-22T20:05:54.0843485Z + sysfs_write /sys/devices/system/cpu/cpufreq/policy33/scaling_min_freq 2400000
2026-09-22T20:05:54.0843944Z + [[ -n 2400000 ]]
2026-09-22T20:05:54.0844307Z + [[ -w /sys/devices/system/cpu/cpufreq/policy33/scaling_min_freq ]]
2026-09-22T20:05:54.0844712Z + echo 2400000
2026-09-22T20:05:54.0845038Z + for policy in /sys/devices/system/cpu/cpufreq/policy*
2026-09-22T20:05:54.0845568Z + sysfs_write /sys/devices/system/cpu/cpufreq/policy34/scaling_governor performance
2026-09-22T20:05:54.0846049Z + [[ -n performance ]]
2026-09-22T20:05:54.0846423Z + [[ -w /sys/devices/system/cpu/cpufreq/policy34/scaling_governor ]]
2026-09-22T20:05:54.0846827Z + echo performance
2026-09-22T20:05:54.0848802Z ++ cat /sys/devices/system/cpu/cpufreq/policy34/scaling_max_freq
2026-09-22T20:05:54.0860832Z + sysfs_write /sys/devices/system/cpu/cpufreq/policy34/scaling_min_freq 2400000
2026-09-22T20:05:54.0861292Z + [[ -n 2400000 ]]
2026-09-22T20:05:54.0861638Z + [[ -w /sys/devices/system/cpu/cpufreq/policy34/scaling_min_freq ]]
2026-09-22T20:05:54.0862034Z + echo 2400000
2026-09-22T20:05:54.0862350Z + for policy in /sys/devices/system/cpu/cpufreq/policy*
2026-09-22T20:05:54.0862877Z + sysfs_write /sys/devices/system/cpu/cpufreq/policy35/scaling_governor performance
2026-09-22T20:05:54.0863352Z + [[ -n performance ]]
2026-09-22T20:05:54.0863726Z + [[ -w /sys/devices/system/cpu/cpufreq/policy35/scaling_governor ]]
2026-09-22T20:05:54.0864142Z + echo performance
2026-09-22T20:05:54.0865862Z ++ cat /sys/devices/system/cpu/cpufreq/policy35/scaling_max_freq
2026-09-22T20:05:54.0875882Z + sysfs_write /sys/devices/system/cpu/cpufreq/policy35/scaling_min_freq 2400000
2026-09-22T20:05:54.0876344Z + [[ -n 2400000 ]]
2026-09-22T20:05:54.0876689Z + [[ -w /sys/devices/system/cpu/cpufreq/policy35/scaling_min_freq ]]
2026-09-22T20:05:54.0877088Z + echo 2400000
2026-09-22T20:05:54.0877414Z + for policy in /sys/devices/system/cpu/cpufreq/policy*
2026-09-22T20:05:54.0877954Z + sysfs_write /sys/devices/system/cpu/cpufreq/policy36/scaling_governor performance
2026-09-22T20:05:54.0878434Z + [[ -n performance ]]
2026-09-22T20:05:54.0878812Z + [[ -w /sys/devices/system/cpu/cpufreq/policy36/scaling_governor ]]
2026-09-22T20:05:54.0879212Z + echo performance
2026-09-22T20:05:54.0880698Z ++ cat /sys/devices/system/cpu/cpufreq/policy36/scaling_max_freq
2026-09-22T20:05:54.0891159Z + sysfs_write /sys/devices/system/cpu/cpufreq/policy36/scaling_min_freq 2400000
2026-09-22T20:05:54.0891625Z + [[ -n 2400000 ]]
2026-09-22T20:05:54.0891972Z + [[ -w /sys/devices/system/cpu/cpufreq/policy36/scaling_min_freq ]]
2026-09-22T20:05:54.0892376Z + echo 2400000
2026-09-22T20:05:54.0892687Z + for policy in /sys/devices/system/cpu/cpufreq/policy*
2026-09-22T20:05:54.0893196Z + sysfs_write /sys/devices/system/cpu/cpufreq/policy37/scaling_governor performance
2026-09-22T20:05:54.0893677Z + [[ -n performance ]]
2026-09-22T20:05:54.0894048Z + [[ -w /sys/devices/system/cpu/cpufreq/policy37/scaling_governor ]]
2026-09-22T20:05:54.0894452Z + echo performance
2026-09-22T20:05:54.0895990Z ++ cat /sys/devices/system/cpu/cpufreq/policy37/scaling_max_freq
2026-09-22T20:05:54.0908403Z + sysfs_write /sys/devices/system/cpu/cpufreq/policy37/scaling_min_freq 2400000
2026-09-22T20:05:54.0908859Z + [[ -n 2400000 ]]
2026-09-22T20:05:54.0909207Z + [[ -w /sys/devices/system/cpu/cpufreq/policy37/scaling_min_freq ]]
2026-09-22T20:05:54.0909600Z + echo 2400000
2026-09-22T20:05:54.0909913Z + for policy in /sys/devices/system/cpu/cpufreq/policy*
2026-09-22T20:05:54.0910510Z + sysfs_write /sys/devices/system/cpu/cpufreq/policy38/scaling_governor performance
2026-09-22T20:05:54.0911010Z + [[ -n performance ]]
2026-09-22T20:05:54.0911392Z + [[ -w /sys/devices/system/cpu/cpufreq/policy38/scaling_governor ]]
2026-09-22T20:05:54.0911812Z + echo performance
2026-09-22T20:05:54.0914749Z ++ cat /sys/devices/system/cpu/cpufreq/policy38/scaling_max_freq
2026-09-22T20:05:54.0925820Z + sysfs_write /sys/devices/system/cpu/cpufreq/policy38/scaling_min_freq 2400000
2026-09-22T20:05:54.0926274Z + [[ -n 2400000 ]]
2026-09-22T20:05:54.0926629Z + [[ -w /sys/devices/system/cpu/cpufreq/policy38/scaling_min_freq ]]
2026-09-22T20:05:54.0927031Z + echo 2400000
2026-09-22T20:05:54.0927353Z + for policy in /sys/devices/system/cpu/cpufreq/policy*
2026-09-22T20:05:54.0927907Z + sysfs_write /sys/devices/system/cpu/cpufreq/policy39/scaling_governor performance
2026-09-22T20:05:54.0928388Z + [[ -n performance ]]
2026-09-22T20:05:54.0928751Z + [[ -w /sys/devices/system/cpu/cpufreq/policy39/scaling_governor ]]
2026-09-22T20:05:54.0929165Z + echo performance
2026-09-22T20:05:54.0930874Z ++ cat /sys/devices/system/cpu/cpufreq/policy39/scaling_max_freq
2026-09-22T20:05:54.0942253Z + sysfs_write /sys/devices/system/cpu/cpufreq/policy39/scaling_min_freq 2400000
2026-09-22T20:05:54.0942716Z + [[ -n 2400000 ]]
2026-09-22T20:05:54.0943068Z + [[ -w /sys/devices/system/cpu/cpufreq/policy39/scaling_min_freq ]]
2026-09-22T20:05:54.0943468Z + echo 2400000
2026-09-22T20:05:54.0943793Z + for policy in /sys/devices/system/cpu/cpufreq/policy*
2026-09-22T20:05:54.0944309Z + sysfs_write /sys/devices/system/cpu/cpufreq/policy4/scaling_governor performance
2026-09-22T20:05:54.0944779Z + [[ -n performance ]]
2026-09-22T20:05:54.0945154Z + [[ -w /sys/devices/system/cpu/cpufreq/policy4/scaling_governor ]]
2026-09-22T20:05:54.0945559Z + echo performance
2026-09-22T20:05:54.0947373Z ++ cat /sys/devices/system/cpu/cpufreq/policy4/scaling_max_freq
2026-09-22T20:05:54.0957483Z + sysfs_write /sys/devices/system/cpu/cpufreq/policy4/scaling_min_freq 2400000
2026-09-22T20:05:54.0957968Z + [[ -n 2400000 ]]
2026-09-22T20:05:54.0958321Z + [[ -w /sys/devices/system/cpu/cpufreq/policy4/scaling_min_freq ]]
2026-09-22T20:05:54.0958728Z + echo 2400000
2026-09-22T20:05:54.0959048Z + for policy in /sys/devices/system/cpu/cpufreq/policy*
2026-09-22T20:05:54.0959568Z + sysfs_write /sys/devices/system/cpu/cpufreq/policy40/scaling_governor performance
2026-09-22T20:05:54.0960041Z + [[ -n performance ]]
2026-09-22T20:05:54.0960420Z + [[ -w /sys/devices/system/cpu/cpufreq/policy40/scaling_governor ]]
2026-09-22T20:05:54.0960827Z + echo performance
2026-09-22T20:05:54.0961336Z ++ cat /sys/devices/system/cpu/cpufreq/policy40/scaling_max_freq
2026-09-22T20:05:54.0971945Z + sysfs_write /sys/devices/system/cpu/cpufreq/policy40/scaling_min_freq 2400000
2026-09-22T20:05:54.0972406Z + [[ -n 2400000 ]]
2026-09-22T20:05:54.0972755Z + [[ -w /sys/devices/system/cpu/cpufreq/policy40/scaling_min_freq ]]
2026-09-22T20:05:54.0973171Z + echo 2400000
2026-09-22T20:05:54.0973490Z + for policy in /sys/devices/system/cpu/cpufreq/policy*
2026-09-22T20:05:54.0974004Z + sysfs_write /sys/devices/system/cpu/cpufreq/policy41/scaling_governor performance
2026-09-22T20:05:54.0974485Z + [[ -n performance ]]
2026-09-22T20:05:54.0974856Z + [[ -w /sys/devices/system/cpu/cpufreq/policy41/scaling_governor ]]
2026-09-22T20:05:54.0975263Z + echo performance
2026-09-22T20:05:54.0976833Z ++ cat /sys/devices/system/cpu/cpufreq/policy41/scaling_max_freq
2026-09-22T20:05:54.0989021Z + sysfs_write /sys/devices/system/cpu/cpufreq/policy41/scaling_min_freq 2400000
2026-09-22T20:05:54.0989474Z + [[ -n 2400000 ]]
2026-09-22T20:05:54.0989839Z + [[ -w /sys/devices/system/cpu/cpufreq/policy41/scaling_min_freq ]]
2026-09-22T20:05:54.0990237Z + echo 2400000
2026-09-22T20:05:54.0990554Z + for policy in /sys/devices/system/cpu/cpufreq/policy*
2026-09-22T20:05:54.0991092Z + sysfs_write /sys/devices/system/cpu/cpufreq/policy42/scaling_governor performance
2026-09-22T20:05:54.0991637Z + [[ -n performance ]]
2026-09-22T20:05:54.0992003Z + [[ -w /sys/devices/system/cpu/cpufreq/policy42/scaling_governor ]]
2026-09-22T20:05:54.0992414Z + echo performance
2026-09-22T20:05:54.0993725Z ++ cat /sys/devices/system/cpu/cpufreq/policy42/scaling_max_freq
2026-09-22T20:05:54.1003774Z + sysfs_write /sys/devices/system/cpu/cpufreq/policy42/scaling_min_freq 2400000
2026-09-22T20:05:54.1004294Z + [[ -n 2400000 ]]
2026-09-22T20:05:54.1004643Z + [[ -w /sys/devices/system/cpu/cpufreq/policy42/scaling_min_freq ]]
2026-09-22T20:05:54.1005044Z + echo 2400000
2026-09-22T20:05:54.1005361Z + for policy in /sys/devices/system/cpu/cpufreq/policy*
2026-09-22T20:05:54.1005892Z + sysfs_write /sys/devices/system/cpu/cpufreq/policy43/scaling_governor performance
2026-09-22T20:05:54.1006364Z + [[ -n performance ]]
2026-09-22T20:05:54.1006733Z + [[ -w /sys/devices/system/cpu/cpufreq/policy43/scaling_governor ]]
2026-09-22T20:05:54.1007142Z + echo performance
2026-09-22T20:05:54.1008459Z ++ cat /sys/devices/system/cpu/cpufreq/policy43/scaling_max_freq
2026-09-22T20:05:54.1018697Z + sysfs_write /sys/devices/system/cpu/cpufreq/policy43/scaling_min_freq 2400000
2026-09-22T20:05:54.1019163Z + [[ -n 2400000 ]]
2026-09-22T20:05:54.1019512Z + [[ -w /sys/devices/system/cpu/cpufreq/policy43/scaling_min_freq ]]
2026-09-22T20:05:54.1019912Z + echo 2400000
2026-09-22T20:05:54.1020230Z + for policy in /sys/devices/system/cpu/cpufreq/policy*
2026-09-22T20:05:54.1020747Z + sysfs_write /sys/devices/system/cpu/cpufreq/policy44/scaling_governor performance
2026-09-22T20:05:54.1021220Z + [[ -n performance ]]
2026-09-22T20:05:54.1021597Z + [[ -w /sys/devices/system/cpu/cpufreq/policy44/scaling_governor ]]
2026-09-22T20:05:54.1022001Z + echo performance
2026-09-22T20:05:54.1023611Z ++ cat /sys/devices/system/cpu/cpufreq/policy44/scaling_max_freq
2026-09-22T20:05:54.1034573Z + sysfs_write /sys/devices/system/cpu/cpufreq/policy44/scaling_min_freq 2400000
2026-09-22T20:05:54.1035021Z + [[ -n 2400000 ]]
2026-09-22T20:05:54.1035366Z + [[ -w /sys/devices/system/cpu/cpufreq/policy44/scaling_min_freq ]]
2026-09-22T20:05:54.1035773Z + echo 2400000
2026-09-22T20:05:54.1036089Z + for policy in /sys/devices/system/cpu/cpufreq/policy*
2026-09-22T20:05:54.1036608Z + sysfs_write /sys/devices/system/cpu/cpufreq/policy45/scaling_governor performance
2026-09-22T20:05:54.1037089Z + [[ -n performance ]]
2026-09-22T20:05:54.1037453Z + [[ -w /sys/devices/system/cpu/cpufreq/policy45/scaling_governor ]]
2026-09-22T20:05:54.1037858Z + echo performance
2026-09-22T20:05:54.1039149Z ++ cat /sys/devices/system/cpu/cpufreq/policy45/scaling_max_freq
2026-09-22T20:05:54.1051692Z + sysfs_write /sys/devices/system/cpu/cpufreq/policy45/scaling_min_freq 2400000
2026-09-22T20:05:54.1052154Z + [[ -n 2400000 ]]
2026-09-22T20:05:54.1052510Z + [[ -w /sys/devices/system/cpu/cpufreq/policy45/scaling_min_freq ]]
2026-09-22T20:05:54.1052906Z + echo 2400000
2026-09-22T20:05:54.1053218Z + for policy in /sys/devices/system/cpu/cpufreq/policy*
2026-09-22T20:05:54.1053746Z + sysfs_write /sys/devices/system/cpu/cpufreq/policy46/scaling_governor performance
2026-09-22T20:05:54.1054223Z + [[ -n performance ]]
2026-09-22T20:05:54.1054591Z + [[ -w /sys/devices/system/cpu/cpufreq/policy46/scaling_governor ]]
2026-09-22T20:05:54.1054995Z + echo performance
2026-09-22T20:05:54.1055361Z ++ cat /sys/devices/system/cpu/cpufreq/policy46/scaling_max_freq
2026-09-22T20:05:54.1065410Z + sysfs_write /sys/devices/system/cpu/cpufreq/policy46/scaling_min_freq 2400000
2026-09-22T20:05:54.1065884Z + [[ -n 2400000 ]]
2026-09-22T20:05:54.1066236Z + [[ -w /sys/devices/system/cpu/cpufreq/policy46/scaling_min_freq ]]
2026-09-22T20:05:54.1066638Z + echo 2400000
2026-09-22T20:05:54.1066957Z + for policy in /sys/devices/system/cpu/cpufreq/policy*
2026-09-22T20:05:54.1067485Z + sysfs_write /sys/devices/system/cpu/cpufreq/policy47/scaling_governor performance
2026-09-22T20:05:54.1068000Z + [[ -n performance ]]
2026-09-22T20:05:54.1068366Z + [[ -w /sys/devices/system/cpu/cpufreq/policy47/scaling_governor ]]
2026-09-22T20:05:54.1068864Z + echo performance
2026-09-22T20:05:54.1070121Z ++ cat /sys/devices/system/cpu/cpufreq/policy47/scaling_max_freq
2026-09-22T20:05:54.1080724Z + sysfs_write /sys/devices/system/cpu/cpufreq/policy47/scaling_min_freq 2400000
2026-09-22T20:05:54.1081188Z + [[ -n 2400000 ]]
2026-09-22T20:05:54.1081535Z + [[ -w /sys/devices/system/cpu/cpufreq/policy47/scaling_min_freq ]]
2026-09-22T20:05:54.1081930Z + echo 2400000
2026-09-22T20:05:54.1082311Z + for policy in /sys/devices/system/cpu/cpufreq/policy*
2026-09-22T20:05:54.1082828Z + sysfs_write /sys/devices/system/cpu/cpufreq/policy48/scaling_governor performance
2026-09-22T20:05:54.1083301Z + [[ -n performance ]]
2026-09-22T20:05:54.1083676Z + [[ -w /sys/devices/system/cpu/cpufreq/policy48/scaling_governor ]]
2026-09-22T20:05:54.1084079Z + echo performance
2026-09-22T20:05:54.1084433Z ++ cat /sys/devices/system/cpu/cpufreq/policy48/scaling_max_freq
2026-09-22T20:05:54.1094573Z + sysfs_write /sys/devices/system/cpu/cpufreq/policy48/scaling_min_freq 2400000
2026-09-22T20:05:54.1095035Z + [[ -n 2400000 ]]
2026-09-22T20:05:54.1095375Z + [[ -w /sys/devices/system/cpu/cpufreq/policy48/scaling_min_freq ]]
2026-09-22T20:05:54.1095776Z + echo 2400000
2026-09-22T20:05:54.1096087Z + for policy in /sys/devices/system/cpu/cpufreq/policy*
2026-09-22T20:05:54.1096601Z + sysfs_write /sys/devices/system/cpu/cpufreq/policy49/scaling_governor performance
2026-09-22T20:05:54.1097085Z + [[ -n performance ]]
2026-09-22T20:05:54.1097456Z + [[ -w /sys/devices/system/cpu/cpufreq/policy49/scaling_governor ]]
2026-09-22T20:05:54.1097892Z + echo performance
2026-09-22T20:05:54.1099125Z ++ cat /sys/devices/system/cpu/cpufreq/policy49/scaling_max_freq
2026-09-22T20:05:54.1109269Z + sysfs_write /sys/devices/system/cpu/cpufreq/policy49/scaling_min_freq 2400000
2026-09-22T20:05:54.1109721Z + [[ -n 2400000 ]]
2026-09-22T20:05:54.1110070Z + [[ -w /sys/devices/system/cpu/cpufreq/policy49/scaling_min_freq ]]
2026-09-22T20:05:54.1110478Z + echo 2400000
2026-09-22T20:05:54.1110803Z + for policy in /sys/devices/system/cpu/cpufreq/policy*
2026-09-22T20:05:54.1111330Z + sysfs_write /sys/devices/system/cpu/cpufreq/policy5/scaling_governor performance
2026-09-22T20:05:54.1111824Z + [[ -n performance ]]
2026-09-22T20:05:54.1112201Z + [[ -w /sys/devices/system/cpu/cpufreq/policy5/scaling_governor ]]
2026-09-22T20:05:54.1112601Z + echo performance
2026-09-22T20:05:54.1115838Z ++ cat /sys/devices/system/cpu/cpufreq/policy5/scaling_max_freq
2026-09-22T20:05:54.1126379Z + sysfs_write /sys/devices/system/cpu/cpufreq/policy5/scaling_min_freq 2400000
2026-09-22T20:05:54.1126835Z + [[ -n 2400000 ]]
2026-09-22T20:05:54.1127195Z + [[ -w /sys/devices/system/cpu/cpufreq/policy5/scaling_min_freq ]]
2026-09-22T20:05:54.1127599Z + echo 2400000
2026-09-22T20:05:54.1127950Z + for policy in /sys/devices/system/cpu/cpufreq/policy*
2026-09-22T20:05:54.1128473Z + sysfs_write /sys/devices/system/cpu/cpufreq/policy50/scaling_governor performance
2026-09-22T20:05:54.1128944Z + [[ -n performance ]]
2026-09-22T20:05:54.1129303Z + [[ -w /sys/devices/system/cpu/cpufreq/policy50/scaling_governor ]]
2026-09-22T20:05:54.1129718Z + echo performance
2026-09-22T20:05:54.1131052Z ++ cat /sys/devices/system/cpu/cpufreq/policy50/scaling_max_freq
2026-09-22T20:05:54.1141454Z + sysfs_write /sys/devices/system/cpu/cpufreq/policy50/scaling_min_freq 2400000
2026-09-22T20:05:54.1141917Z + [[ -n 2400000 ]]
2026-09-22T20:05:54.1142266Z + [[ -w /sys/devices/system/cpu/cpufreq/policy50/scaling_min_freq ]]
2026-09-22T20:05:54.1142666Z + echo 2400000
2026-09-22T20:05:54.1142993Z + for policy in /sys/devices/system/cpu/cpufreq/policy*
2026-09-22T20:05:54.1143509Z + sysfs_write /sys/devices/system/cpu/cpufreq/policy51/scaling_governor performance
2026-09-22T20:05:54.1143979Z + [[ -n performance ]]
2026-09-22T20:05:54.1144341Z + [[ -w /sys/devices/system/cpu/cpufreq/policy51/scaling_governor ]]
2026-09-22T20:05:54.1144756Z + echo performance
2026-09-22T20:05:54.1146732Z ++ cat /sys/devices/system/cpu/cpufreq/policy51/scaling_max_freq
2026-09-22T20:05:54.1159833Z + sysfs_write /sys/devices/system/cpu/cpufreq/policy51/scaling_min_freq 2400000
2026-09-22T20:05:54.1160288Z + [[ -n 2400000 ]]
2026-09-22T20:05:54.1160638Z + [[ -w /sys/devices/system/cpu/cpufreq/policy51/scaling_min_freq ]]
2026-09-22T20:05:54.1161039Z + echo 2400000
2026-09-22T20:05:54.1161364Z + for policy in /sys/devices/system/cpu/cpufreq/policy*
2026-09-22T20:05:54.1161944Z + sysfs_write /sys/devices/system/cpu/cpufreq/policy52/scaling_governor performance
2026-09-22T20:05:54.1162424Z + [[ -n performance ]]
2026-09-22T20:05:54.1162798Z + [[ -w /sys/devices/system/cpu/cpufreq/policy52/scaling_governor ]]
2026-09-22T20:05:54.1163201Z + echo performance
2026-09-22T20:05:54.1164195Z ++ cat /sys/devices/system/cpu/cpufreq/policy52/scaling_max_freq
2026-09-22T20:05:54.1174718Z + sysfs_write /sys/devices/system/cpu/cpufreq/policy52/scaling_min_freq 2400000
2026-09-22T20:05:54.1175173Z + [[ -n 2400000 ]]
2026-09-22T20:05:54.1175518Z + [[ -w /sys/devices/system/cpu/cpufreq/policy52/scaling_min_freq ]]
2026-09-22T20:05:54.1175926Z + echo 2400000
2026-09-22T20:05:54.1176242Z + for policy in /sys/devices/system/cpu/cpufreq/policy*
2026-09-22T20:05:54.1176755Z + sysfs_write /sys/devices/system/cpu/cpufreq/policy53/scaling_governor performance
2026-09-22T20:05:54.1177237Z + [[ -n performance ]]
2026-09-22T20:05:54.1177607Z + [[ -w /sys/devices/system/cpu/cpufreq/policy53/scaling_governor ]]
2026-09-22T20:05:54.1178048Z + echo performance
2026-09-22T20:05:54.1178425Z ++ cat /sys/devices/system/cpu/cpufreq/policy53/scaling_max_freq
2026-09-22T20:05:54.1191107Z + sysfs_write /sys/devices/system/cpu/cpufreq/policy53/scaling_min_freq 2400000
2026-09-22T20:05:54.1191576Z + [[ -n 2400000 ]]
2026-09-22T20:05:54.1191936Z + [[ -w /sys/devices/system/cpu/cpufreq/policy53/scaling_min_freq ]]
2026-09-22T20:05:54.1192341Z + echo 2400000
2026-09-22T20:05:54.1192656Z + for policy in /sys/devices/system/cpu/cpufreq/policy*
2026-09-22T20:05:54.1193189Z + sysfs_write /sys/devices/system/cpu/cpufreq/policy54/scaling_governor performance
2026-09-22T20:05:54.1193674Z + [[ -n performance ]]
2026-09-22T20:05:54.1194045Z + [[ -w /sys/devices/system/cpu/cpufreq/policy54/scaling_governor ]]
2026-09-22T20:05:54.1194523Z + echo performance
2026-09-22T20:05:54.1197186Z ++ cat /sys/devices/system/cpu/cpufreq/policy54/scaling_max_freq
2026-09-22T20:05:54.1207631Z + sysfs_write /sys/devices/system/cpu/cpufreq/policy54/scaling_min_freq 2400000
2026-09-22T20:05:54.1208136Z + [[ -n 2400000 ]]
2026-09-22T20:05:54.1208489Z + [[ -w /sys/devices/system/cpu/cpufreq/policy54/scaling_min_freq ]]
2026-09-22T20:05:54.1208900Z + echo 2400000
2026-09-22T20:05:54.1209222Z + for policy in /sys/devices/system/cpu/cpufreq/policy*
2026-09-22T20:05:54.1209744Z + sysfs_write /sys/devices/system/cpu/cpufreq/policy55/scaling_governor performance
2026-09-22T20:05:54.1210215Z + [[ -n performance ]]
2026-09-22T20:05:54.1210578Z + [[ -w /sys/devices/system/cpu/cpufreq/policy55/scaling_governor ]]
2026-09-22T20:05:54.1210985Z + echo performance
2026-09-22T20:05:54.1212051Z ++ cat /sys/devices/system/cpu/cpufreq/policy55/scaling_max_freq
2026-09-22T20:05:54.1222258Z + sysfs_write /sys/devices/system/cpu/cpufreq/policy55/scaling_min_freq 2400000
2026-09-22T20:05:54.1222714Z + [[ -n 2400000 ]]
2026-09-22T20:05:54.1223061Z + [[ -w /sys/devices/system/cpu/cpufreq/policy55/scaling_min_freq ]]
2026-09-22T20:05:54.1223454Z + echo 2400000
2026-09-22T20:05:54.1223782Z + for policy in /sys/devices/system/cpu/cpufreq/policy*
2026-09-22T20:05:54.1224299Z + sysfs_write /sys/devices/system/cpu/cpufreq/policy56/scaling_governor performance
2026-09-22T20:05:54.1224772Z + [[ -n performance ]]
2026-09-22T20:05:54.1225152Z + [[ -w /sys/devices/system/cpu/cpufreq/policy56/scaling_governor ]]
2026-09-22T20:05:54.1225550Z + echo performance
2026-09-22T20:05:54.1226889Z ++ cat /sys/devices/system/cpu/cpufreq/policy56/scaling_max_freq
2026-09-22T20:05:54.1237688Z + sysfs_write /sys/devices/system/cpu/cpufreq/policy56/scaling_min_freq 2400000
2026-09-22T20:05:54.1238183Z + [[ -n 2400000 ]]
2026-09-22T20:05:54.1238598Z + [[ -w /sys/devices/system/cpu/cpufreq/policy56/scaling_min_freq ]]
2026-09-22T20:05:54.1239001Z + echo 2400000
2026-09-22T20:05:54.1239316Z + for policy in /sys/devices/system/cpu/cpufreq/policy*
2026-09-22T20:05:54.1239831Z + sysfs_write /sys/devices/system/cpu/cpufreq/policy57/scaling_governor performance
2026-09-22T20:05:54.1240314Z + [[ -n performance ]]
2026-09-22T20:05:54.1240739Z + [[ -w /sys/devices/system/cpu/cpufreq/policy57/scaling_governor ]]
2026-09-22T20:05:54.1241142Z + echo performance
2026-09-22T20:05:54.1242587Z ++ cat /sys/devices/system/cpu/cpufreq/policy57/scaling_max_freq
2026-09-22T20:05:54.1253409Z + sysfs_write /sys/devices/system/cpu/cpufreq/policy57/scaling_min_freq 2400000
2026-09-22T20:05:54.1253871Z + [[ -n 2400000 ]]
2026-09-22T20:05:54.1254221Z + [[ -w /sys/devices/system/cpu/cpufreq/policy57/scaling_min_freq ]]
2026-09-22T20:05:54.1254632Z + echo 2400000
2026-09-22T20:05:54.1254955Z + for policy in /sys/devices/system/cpu/cpufreq/policy*
2026-09-22T20:05:54.1255467Z + sysfs_write /sys/devices/system/cpu/cpufreq/policy58/scaling_governor performance
2026-09-22T20:05:54.1255968Z + [[ -n performance ]]
2026-09-22T20:05:54.1256334Z + [[ -w /sys/devices/system/cpu/cpufreq/policy58/scaling_governor ]]
2026-09-22T20:05:54.1256738Z + echo performance
2026-09-22T20:05:54.1257943Z ++ cat /sys/devices/system/cpu/cpufreq/policy58/scaling_max_freq
2026-09-22T20:05:54.1268406Z + sysfs_write /sys/devices/system/cpu/cpufreq/policy58/scaling_min_freq 2400000
2026-09-22T20:05:54.1268865Z + [[ -n 2400000 ]]
2026-09-22T20:05:54.1269219Z + [[ -w /sys/devices/system/cpu/cpufreq/policy58/scaling_min_freq ]]
2026-09-22T20:05:54.1269620Z + echo 2400000
2026-09-22T20:05:54.1269935Z + for policy in /sys/devices/system/cpu/cpufreq/policy*
2026-09-22T20:05:54.1270468Z + sysfs_write /sys/devices/system/cpu/cpufreq/policy59/scaling_governor performance
2026-09-22T20:05:54.1270947Z + [[ -n performance ]]
2026-09-22T20:05:54.1271316Z + [[ -w /sys/devices/system/cpu/cpufreq/policy59/scaling_governor ]]
2026-09-22T20:05:54.1271735Z + echo performance
2026-09-22T20:05:54.1272087Z ++ cat /sys/devices/system/cpu/cpufreq/policy59/scaling_max_freq
2026-09-22T20:05:54.1282374Z + sysfs_write /sys/devices/system/cpu/cpufreq/policy59/scaling_min_freq 2400000
2026-09-22T20:05:54.1282842Z + [[ -n 2400000 ]]
2026-09-22T20:05:54.1283187Z + [[ -w /sys/devices/system/cpu/cpufreq/policy59/scaling_min_freq ]]
2026-09-22T20:05:54.1283591Z + echo 2400000
2026-09-22T20:05:54.1283915Z + for policy in /sys/devices/system/cpu/cpufreq/policy*
2026-09-22T20:05:54.1284439Z + sysfs_write /sys/devices/system/cpu/cpufreq/policy6/scaling_governor performance
2026-09-22T20:05:54.1284917Z + [[ -n performance ]]
2026-09-22T20:05:54.1285289Z + [[ -w /sys/devices/system/cpu/cpufreq/policy6/scaling_governor ]]
2026-09-22T20:05:54.1285707Z + echo performance
2026-09-22T20:05:54.1286062Z ++ cat /sys/devices/system/cpu/cpufreq/policy6/scaling_max_freq
2026-09-22T20:05:54.1296610Z + sysfs_write /sys/devices/system/cpu/cpufreq/policy6/scaling_min_freq 2400000
2026-09-22T20:05:54.1297073Z + [[ -n 2400000 ]]
2026-09-22T20:05:54.1297422Z + [[ -w /sys/devices/system/cpu/cpufreq/policy6/scaling_min_freq ]]
2026-09-22T20:05:54.1297817Z + echo 2400000
2026-09-22T20:05:54.1298187Z + for policy in /sys/devices/system/cpu/cpufreq/policy*
2026-09-22T20:05:54.1298707Z + sysfs_write /sys/devices/system/cpu/cpufreq/policy60/scaling_governor performance
2026-09-22T20:05:54.1299184Z + [[ -n performance ]]
2026-09-22T20:05:54.1299562Z + [[ -w /sys/devices/system/cpu/cpufreq/policy60/scaling_governor ]]
2026-09-22T20:05:54.1299964Z + echo performance
2026-09-22T20:05:54.1301057Z ++ cat /sys/devices/system/cpu/cpufreq/policy60/scaling_max_freq
2026-09-22T20:05:54.1311836Z + sysfs_write /sys/devices/system/cpu/cpufreq/policy60/scaling_min_freq 2400000
2026-09-22T20:05:54.1312298Z + [[ -n 2400000 ]]
2026-09-22T20:05:54.1312648Z + [[ -w /sys/devices/system/cpu/cpufreq/policy60/scaling_min_freq ]]
2026-09-22T20:05:54.1313056Z + echo 2400000
2026-09-22T20:05:54.1313376Z + for policy in /sys/devices/system/cpu/cpufreq/policy*
2026-09-22T20:05:54.1313963Z + sysfs_write /sys/devices/system/cpu/cpufreq/policy61/scaling_governor performance
2026-09-22T20:05:54.1314447Z + [[ -n performance ]]
2026-09-22T20:05:54.1314815Z + [[ -w /sys/devices/system/cpu/cpufreq/policy61/scaling_governor ]]
2026-09-22T20:05:54.1315221Z + echo performance
2026-09-22T20:05:54.1316175Z ++ cat /sys/devices/system/cpu/cpufreq/policy61/scaling_max_freq
2026-09-22T20:05:54.1326464Z + sysfs_write /sys/devices/system/cpu/cpufreq/policy61/scaling_min_freq 2400000
2026-09-22T20:05:54.1326924Z + [[ -n 2400000 ]]
2026-09-22T20:05:54.1327283Z + [[ -w /sys/devices/system/cpu/cpufreq/policy61/scaling_min_freq ]]
2026-09-22T20:05:54.1327683Z + echo 2400000
2026-09-22T20:05:54.1328033Z + for policy in /sys/devices/system/cpu/cpufreq/policy*
2026-09-22T20:05:54.1328551Z + sysfs_write /sys/devices/system/cpu/cpufreq/policy62/scaling_governor performance
2026-09-22T20:05:54.1329026Z + [[ -n performance ]]
2026-09-22T20:05:54.1329389Z + [[ -w /sys/devices/system/cpu/cpufreq/policy62/scaling_governor ]]
2026-09-22T20:05:54.1329800Z + echo performance
2026-09-22T20:05:54.1330159Z ++ cat /sys/devices/system/cpu/cpufreq/policy62/scaling_max_freq
2026-09-22T20:05:54.1340726Z + sysfs_write /sys/devices/system/cpu/cpufreq/policy62/scaling_min_freq 2400000
2026-09-22T20:05:54.1341183Z + [[ -n 2400000 ]]
2026-09-22T20:05:54.1341532Z + [[ -w /sys/devices/system/cpu/cpufreq/policy62/scaling_min_freq ]]
2026-09-22T20:05:54.1341930Z + echo 2400000
2026-09-22T20:05:54.1342256Z + for policy in /sys/devices/system/cpu/cpufreq/policy*
2026-09-22T20:05:54.1342779Z + sysfs_write /sys/devices/system/cpu/cpufreq/policy63/scaling_governor performance
2026-09-22T20:05:54.1343254Z + [[ -n performance ]]
2026-09-22T20:05:54.1343619Z + [[ -w /sys/devices/system/cpu/cpufreq/policy63/scaling_governor ]]
2026-09-22T20:05:54.1344029Z + echo performance
2026-09-22T20:05:54.1344470Z ++ cat /sys/devices/system/cpu/cpufreq/policy63/scaling_max_freq
2026-09-22T20:05:54.1354964Z + sysfs_write /sys/devices/system/cpu/cpufreq/policy63/scaling_min_freq 2400000
2026-09-22T20:05:54.1355428Z + [[ -n 2400000 ]]
2026-09-22T20:05:54.1355775Z + [[ -w /sys/devices/system/cpu/cpufreq/policy63/scaling_min_freq ]]
2026-09-22T20:05:54.1356170Z + echo 2400000
2026-09-22T20:05:54.1356496Z + for policy in /sys/devices/system/cpu/cpufreq/policy*
2026-09-22T20:05:54.1357010Z + sysfs_write /sys/devices/system/cpu/cpufreq/policy64/scaling_governor performance
2026-09-22T20:05:54.1357483Z + [[ -n performance ]]
2026-09-22T20:05:54.1357860Z + [[ -w /sys/devices/system/cpu/cpufreq/policy64/scaling_governor ]]
2026-09-22T20:05:54.1358304Z + echo performance
2026-09-22T20:05:54.1360294Z ++ cat /sys/devices/system/cpu/cpufreq/policy64/scaling_max_freq
2026-09-22T20:05:54.1373213Z + sysfs_write /sys/devices/system/cpu/cpufreq/policy64/scaling_min_freq 2400000
2026-09-22T20:05:54.1373686Z + [[ -n 2400000 ]]
2026-09-22T20:05:54.1374036Z + [[ -w /sys/devices/system/cpu/cpufreq/policy64/scaling_min_freq ]]
2026-09-22T20:05:54.1374443Z + echo 2400000
2026-09-22T20:05:54.1374757Z + for policy in /sys/devices/system/cpu/cpufreq/policy*
2026-09-22T20:05:54.1375275Z + sysfs_write /sys/devices/system/cpu/cpufreq/policy65/scaling_governor performance
2026-09-22T20:05:54.1375763Z + [[ -n performance ]]
2026-09-22T20:05:54.1376136Z + [[ -w /sys/devices/system/cpu/cpufreq/policy65/scaling_governor ]]
2026-09-22T20:05:54.1376550Z + echo performance
2026-09-22T20:05:54.1376990Z ++ cat /sys/devices/system/cpu/cpufreq/policy65/scaling_max_freq
2026-09-22T20:05:54.1387545Z + sysfs_write /sys/devices/system/cpu/cpufreq/policy65/scaling_min_freq 2400000
2026-09-22T20:05:54.1388097Z + [[ -n 2400000 ]]
2026-09-22T20:05:54.1388479Z + [[ -w /sys/devices/system/cpu/cpufreq/policy65/scaling_min_freq ]]
2026-09-22T20:05:54.1388879Z + echo 2400000
2026-09-22T20:05:54.1389192Z + for policy in /sys/devices/system/cpu/cpufreq/policy*
2026-09-22T20:05:54.1389705Z + sysfs_write /sys/devices/system/cpu/cpufreq/policy66/scaling_governor performance
2026-09-22T20:05:54.1390260Z + [[ -n performance ]]
2026-09-22T20:05:54.1390620Z + [[ -w /sys/devices/system/cpu/cpufreq/policy66/scaling_governor ]]
2026-09-22T20:05:54.1391026Z + echo performance
2026-09-22T20:05:54.1391389Z ++ cat /sys/devices/system/cpu/cpufreq/policy66/scaling_max_freq
2026-09-22T20:05:54.1401562Z + sysfs_write /sys/devices/system/cpu/cpufreq/policy66/scaling_min_freq 2400000
2026-09-22T20:05:54.1402149Z + [[ -n 2400000 ]]
2026-09-22T20:05:54.1402508Z + [[ -w /sys/devices/system/cpu/cpufreq/policy66/scaling_min_freq ]]
2026-09-22T20:05:54.1402904Z + echo 2400000
2026-09-22T20:05:54.1403215Z + for policy in /sys/devices/system/cpu/cpufreq/policy*
2026-09-22T20:05:54.1403736Z + sysfs_write /sys/devices/system/cpu/cpufreq/policy67/scaling_governor performance
2026-09-22T20:05:54.1404206Z + [[ -n performance ]]
2026-09-22T20:05:54.1404566Z + [[ -w /sys/devices/system/cpu/cpufreq/policy67/scaling_governor ]]
2026-09-22T20:05:54.1404969Z + echo performance
2026-09-22T20:05:54.1405338Z ++ cat /sys/devices/system/cpu/cpufreq/policy67/scaling_max_freq
2026-09-22T20:05:54.1415700Z + sysfs_write /sys/devices/system/cpu/cpufreq/policy67/scaling_min_freq 2400000
2026-09-22T20:05:54.1416159Z + [[ -n 2400000 ]]
2026-09-22T20:05:54.1416507Z + [[ -w /sys/devices/system/cpu/cpufreq/policy67/scaling_min_freq ]]
2026-09-22T20:05:54.1416901Z + echo 2400000
2026-09-22T20:05:54.1417230Z + for policy in /sys/devices/system/cpu/cpufreq/policy*
2026-09-22T20:05:54.1417752Z + sysfs_write /sys/devices/system/cpu/cpufreq/policy68/scaling_governor performance
2026-09-22T20:05:54.1418262Z + [[ -n performance ]]
2026-09-22T20:05:54.1418627Z + [[ -w /sys/devices/system/cpu/cpufreq/policy68/scaling_governor ]]
2026-09-22T20:05:54.1419039Z + echo performance
2026-09-22T20:05:54.1419396Z ++ cat /sys/devices/system/cpu/cpufreq/policy68/scaling_max_freq
2026-09-22T20:05:54.1429219Z + sysfs_write /sys/devices/system/cpu/cpufreq/policy68/scaling_min_freq 2400000
2026-09-22T20:05:54.1429683Z + [[ -n 2400000 ]]
2026-09-22T20:05:54.1430041Z + [[ -w /sys/devices/system/cpu/cpufreq/policy68/scaling_min_freq ]]
2026-09-22T20:05:54.1430447Z + echo 2400000
2026-09-22T20:05:54.1430773Z + for policy in /sys/devices/system/cpu/cpufreq/policy*
2026-09-22T20:05:54.1431294Z + sysfs_write /sys/devices/system/cpu/cpufreq/policy69/scaling_governor performance
2026-09-22T20:05:54.1431769Z + [[ -n performance ]]
2026-09-22T20:05:54.1432147Z + [[ -w /sys/devices/system/cpu/cpufreq/policy69/scaling_governor ]]
2026-09-22T20:05:54.1432553Z + echo performance
2026-09-22T20:05:54.1432905Z ++ cat /sys/devices/system/cpu/cpufreq/policy69/scaling_max_freq
2026-09-22T20:05:54.1442668Z + sysfs_write /sys/devices/system/cpu/cpufreq/policy69/scaling_min_freq 2400000
2026-09-22T20:05:54.1443121Z + [[ -n 2400000 ]]
2026-09-22T20:05:54.1443464Z + [[ -w /sys/devices/system/cpu/cpufreq/policy69/scaling_min_freq ]]
2026-09-22T20:05:54.1443869Z + echo 2400000
2026-09-22T20:05:54.1444182Z + for policy in /sys/devices/system/cpu/cpufreq/policy*
2026-09-22T20:05:54.1444699Z + sysfs_write /sys/devices/system/cpu/cpufreq/policy7/scaling_governor performance
2026-09-22T20:05:54.1445176Z + [[ -n performance ]]
2026-09-22T20:05:54.1445545Z + [[ -w /sys/devices/system/cpu/cpufreq/policy7/scaling_governor ]]
2026-09-22T20:05:54.1445951Z + echo performance
2026-09-22T20:05:54.1446316Z ++ cat /sys/devices/system/cpu/cpufreq/policy7/scaling_max_freq
2026-09-22T20:05:54.1456525Z + sysfs_write /sys/devices/system/cpu/cpufreq/policy7/scaling_min_freq 2400000
2026-09-22T20:05:54.1456974Z + [[ -n 2400000 ]]
2026-09-22T20:05:54.1457332Z + [[ -w /sys/devices/system/cpu/cpufreq/policy7/scaling_min_freq ]]
2026-09-22T20:05:54.1457733Z + echo 2400000
2026-09-22T20:05:54.1458091Z + for policy in /sys/devices/system/cpu/cpufreq/policy*
2026-09-22T20:05:54.1458621Z + sysfs_write /sys/devices/system/cpu/cpufreq/policy70/scaling_governor performance
2026-09-22T20:05:54.1459098Z + [[ -n performance ]]
2026-09-22T20:05:54.1459465Z + [[ -w /sys/devices/system/cpu/cpufreq/policy70/scaling_governor ]]
2026-09-22T20:05:54.1459975Z + echo performance
2026-09-22T20:05:54.1460337Z ++ cat /sys/devices/system/cpu/cpufreq/policy70/scaling_max_freq
2026-09-22T20:05:54.1472571Z + sysfs_write /sys/devices/system/cpu/cpufreq/policy70/scaling_min_freq 2400000
2026-09-22T20:05:54.1473031Z + [[ -n 2400000 ]]
2026-09-22T20:05:54.1473376Z + [[ -w /sys/devices/system/cpu/cpufreq/policy70/scaling_min_freq ]]
2026-09-22T20:05:54.1473834Z + echo 2400000
2026-09-22T20:05:54.1474154Z + for policy in /sys/devices/system/cpu/cpufreq/policy*
2026-09-22T20:05:54.1474681Z + sysfs_write /sys/devices/system/cpu/cpufreq/policy71/scaling_governor performance
2026-09-22T20:05:54.1475154Z + [[ -n performance ]]
2026-09-22T20:05:54.1475515Z + [[ -w /sys/devices/system/cpu/cpufreq/policy71/scaling_governor ]]
2026-09-22T20:05:54.1475924Z + echo performance
2026-09-22T20:05:54.1476270Z ++ cat /sys/devices/system/cpu/cpufreq/policy71/scaling_max_freq
2026-09-22T20:05:54.1486442Z + sysfs_write /sys/devices/system/cpu/cpufreq/policy71/scaling_min_freq 2400000
2026-09-22T20:05:54.1486919Z + [[ -n 2400000 ]]
2026-09-22T20:05:54.1487265Z + [[ -w /sys/devices/system/cpu/cpufreq/policy71/scaling_min_freq ]]
2026-09-22T20:05:54.1487661Z + echo 2400000
2026-09-22T20:05:54.1488011Z + for policy in /sys/devices/system/cpu/cpufreq/policy*
2026-09-22T20:05:54.1488523Z + sysfs_write /sys/devices/system/cpu/cpufreq/policy72/scaling_governor performance
2026-09-22T20:05:54.1489003Z + [[ -n performance ]]
2026-09-22T20:05:54.1489378Z + [[ -w /sys/devices/system/cpu/cpufreq/policy72/scaling_governor ]]
2026-09-22T20:05:54.1489778Z + echo performance
2026-09-22T20:05:54.1490170Z ++ cat /sys/devices/system/cpu/cpufreq/policy72/scaling_max_freq
2026-09-22T20:05:54.1500456Z + sysfs_write /sys/devices/system/cpu/cpufreq/policy72/scaling_min_freq 2400000
2026-09-22T20:05:54.1500908Z + [[ -n 2400000 ]]
2026-09-22T20:05:54.1501246Z + [[ -w /sys/devices/system/cpu/cpufreq/policy72/scaling_min_freq ]]
2026-09-22T20:05:54.1501651Z + echo 2400000
2026-09-22T20:05:54.1501968Z + for policy in /sys/devices/system/cpu/cpufreq/policy*
2026-09-22T20:05:54.1502487Z + sysfs_write /sys/devices/system/cpu/cpufreq/policy73/scaling_governor performance
2026-09-22T20:05:54.1502962Z + [[ -n performance ]]
2026-09-22T20:05:54.1503345Z + [[ -w /sys/devices/system/cpu/cpufreq/policy73/scaling_governor ]]
2026-09-22T20:05:54.1503753Z + echo performance
2026-09-22T20:05:54.1504239Z ++ cat /sys/devices/system/cpu/cpufreq/policy73/scaling_max_freq
2026-09-22T20:05:54.1514233Z + sysfs_write /sys/devices/system/cpu/cpufreq/policy73/scaling_min_freq 2400000
2026-09-22T20:05:54.1514702Z + [[ -n 2400000 ]]
2026-09-22T20:05:54.1515066Z + [[ -w /sys/devices/system/cpu/cpufreq/policy73/scaling_min_freq ]]
2026-09-22T20:05:54.1515480Z + echo 2400000
2026-09-22T20:05:54.1515802Z + for policy in /sys/devices/system/cpu/cpufreq/policy*
2026-09-22T20:05:54.1516340Z + sysfs_write /sys/devices/system/cpu/cpufreq/policy74/scaling_governor performance
2026-09-22T20:05:54.1516824Z + [[ -n performance ]]
2026-09-22T20:05:54.1517214Z + [[ -w /sys/devices/system/cpu/cpufreq/policy74/scaling_governor ]]
2026-09-22T20:05:54.1517628Z + echo performance
2026-09-22T20:05:54.1518014Z ++ cat /sys/devices/system/cpu/cpufreq/policy74/scaling_max_freq
2026-09-22T20:05:54.1528154Z + sysfs_write /sys/devices/system/cpu/cpufreq/policy74/scaling_min_freq 2400000
2026-09-22T20:05:54.1528625Z + [[ -n 2400000 ]]
2026-09-22T20:05:54.1528978Z + [[ -w /sys/devices/system/cpu/cpufreq/policy74/scaling_min_freq ]]
2026-09-22T20:05:54.1529382Z + echo 2400000
2026-09-22T20:05:54.1529706Z + for policy in /sys/devices/system/cpu/cpufreq/policy*
2026-09-22T20:05:54.1530230Z + sysfs_write /sys/devices/system/cpu/cpufreq/policy75/scaling_governor performance
2026-09-22T20:05:54.1530714Z + [[ -n performance ]]
2026-09-22T20:05:54.1531086Z + [[ -w /sys/devices/system/cpu/cpufreq/policy75/scaling_governor ]]
2026-09-22T20:05:54.1531505Z + echo performance
2026-09-22T20:05:54.1533381Z ++ cat /sys/devices/system/cpu/cpufreq/policy75/scaling_max_freq
2026-09-22T20:05:54.1543735Z + sysfs_write /sys/devices/system/cpu/cpufreq/policy75/scaling_min_freq 2400000
2026-09-22T20:05:54.1544208Z + [[ -n 2400000 ]]
2026-09-22T20:05:54.1544560Z + [[ -w /sys/devices/system/cpu/cpufreq/policy75/scaling_min_freq ]]
2026-09-22T20:05:54.1544961Z + echo 2400000
2026-09-22T20:05:54.1545284Z + for policy in /sys/devices/system/cpu/cpufreq/policy*
2026-09-22T20:05:54.1545890Z + sysfs_write /sys/devices/system/cpu/cpufreq/policy76/scaling_governor performance
2026-09-22T20:05:54.1546367Z + [[ -n performance ]]
2026-09-22T20:05:54.1546746Z + [[ -w /sys/devices/system/cpu/cpufreq/policy76/scaling_governor ]]
2026-09-22T20:05:54.1547152Z + echo performance
2026-09-22T20:05:54.1547517Z ++ cat /sys/devices/system/cpu/cpufreq/policy76/scaling_max_freq
2026-09-22T20:05:54.1558113Z + sysfs_write /sys/devices/system/cpu/cpufreq/policy76/scaling_min_freq 2400000
2026-09-22T20:05:54.1558570Z + [[ -n 2400000 ]]
2026-09-22T20:05:54.1558914Z + [[ -w /sys/devices/system/cpu/cpufreq/policy76/scaling_min_freq ]]
2026-09-22T20:05:54.1559324Z + echo 2400000
2026-09-22T20:05:54.1559640Z + for policy in /sys/devices/system/cpu/cpufreq/policy*
2026-09-22T20:05:54.1560154Z + sysfs_write /sys/devices/system/cpu/cpufreq/policy77/scaling_governor performance
2026-09-22T20:05:54.1560641Z + [[ -n performance ]]
2026-09-22T20:05:54.1561013Z + [[ -w /sys/devices/system/cpu/cpufreq/policy77/scaling_governor ]]
2026-09-22T20:05:54.1561426Z + echo performance
2026-09-22T20:05:54.1561788Z ++ cat /sys/devices/system/cpu/cpufreq/policy77/scaling_max_freq
2026-09-22T20:05:54.1571586Z + sysfs_write /sys/devices/system/cpu/cpufreq/policy77/scaling_min_freq 2400000
2026-09-22T20:05:54.1572050Z + [[ -n 2400000 ]]
2026-09-22T20:05:54.1572411Z + [[ -w /sys/devices/system/cpu/cpufreq/policy77/scaling_min_freq ]]
2026-09-22T20:05:54.1572816Z + echo 2400000
2026-09-22T20:05:54.1573132Z + for policy in /sys/devices/system/cpu/cpufreq/policy*
2026-09-22T20:05:54.1573661Z + sysfs_write /sys/devices/system/cpu/cpufreq/policy78/scaling_governor performance
2026-09-22T20:05:54.1574154Z + [[ -n performance ]]
2026-09-22T20:05:54.1574524Z + [[ -w /sys/devices/system/cpu/cpufreq/policy78/scaling_governor ]]
2026-09-22T20:05:54.1574932Z + echo performance
2026-09-22T20:05:54.1575291Z ++ cat /sys/devices/system/cpu/cpufreq/policy78/scaling_max_freq
2026-09-22T20:05:54.1585555Z + sysfs_write /sys/devices/system/cpu/cpufreq/policy78/scaling_min_freq 2400000
2026-09-22T20:05:54.1586029Z + [[ -n 2400000 ]]
2026-09-22T20:05:54.1586372Z + [[ -w /sys/devices/system/cpu/cpufreq/policy78/scaling_min_freq ]]
2026-09-22T20:05:54.1586765Z + echo 2400000
2026-09-22T20:05:54.1587081Z + for policy in /sys/devices/system/cpu/cpufreq/policy*
2026-09-22T20:05:54.1587611Z + sysfs_write /sys/devices/system/cpu/cpufreq/policy79/scaling_governor performance
2026-09-22T20:05:54.1588120Z + [[ -n performance ]]
2026-09-22T20:05:54.1588492Z + [[ -w /sys/devices/system/cpu/cpufreq/policy79/scaling_governor ]]
2026-09-22T20:05:54.1588899Z + echo performance
2026-09-22T20:05:54.1590249Z ++ cat /sys/devices/system/cpu/cpufreq/policy79/scaling_max_freq
2026-09-22T20:05:54.1600381Z + sysfs_write /sys/devices/system/cpu/cpufreq/policy79/scaling_min_freq 2400000
2026-09-22T20:05:54.1600854Z + [[ -n 2400000 ]]
2026-09-22T20:05:54.1601202Z + [[ -w /sys/devices/system/cpu/cpufreq/policy79/scaling_min_freq ]]
2026-09-22T20:05:54.1601600Z + echo 2400000
2026-09-22T20:05:54.1601928Z + for policy in /sys/devices/system/cpu/cpufreq/policy*
2026-09-22T20:05:54.1602455Z + sysfs_write /sys/devices/system/cpu/cpufreq/policy8/scaling_governor performance
2026-09-22T20:05:54.1602933Z + [[ -n performance ]]
2026-09-22T20:05:54.1603309Z + [[ -w /sys/devices/system/cpu/cpufreq/policy8/scaling_governor ]]
2026-09-22T20:05:54.1603715Z + echo performance
2026-09-22T20:05:54.1605102Z ++ cat /sys/devices/system/cpu/cpufreq/policy8/scaling_max_freq
2026-09-22T20:05:54.1615175Z + sysfs_write /sys/devices/system/cpu/cpufreq/policy8/scaling_min_freq 2400000
2026-09-22T20:05:54.1615638Z + [[ -n 2400000 ]]
2026-09-22T20:05:54.1616051Z + [[ -w /sys/devices/system/cpu/cpufreq/policy8/scaling_min_freq ]]
2026-09-22T20:05:54.1616458Z + echo 2400000
2026-09-22T20:05:54.1616770Z + for policy in /sys/devices/system/cpu/cpufreq/policy*
2026-09-22T20:05:54.1617288Z + sysfs_write /sys/devices/system/cpu/cpufreq/policy80/scaling_governor performance
2026-09-22T20:05:54.1617774Z + [[ -n performance ]]
2026-09-22T20:05:54.1618233Z + [[ -w /sys/devices/system/cpu/cpufreq/policy80/scaling_governor ]]
2026-09-22T20:05:54.1618647Z + echo performance
2026-09-22T20:05:54.1619004Z ++ cat /sys/devices/system/cpu/cpufreq/policy80/scaling_max_freq
2026-09-22T20:05:54.1629215Z + sysfs_write /sys/devices/system/cpu/cpufreq/policy80/scaling_min_freq 2400000
2026-09-22T20:05:54.1629673Z + [[ -n 2400000 ]]
2026-09-22T20:05:54.1630028Z + [[ -w /sys/devices/system/cpu/cpufreq/policy80/scaling_min_freq ]]
2026-09-22T20:05:54.1630430Z + echo 2400000
2026-09-22T20:05:54.1630745Z + for policy in /sys/devices/system/cpu/cpufreq/policy*
2026-09-22T20:05:54.1631271Z + sysfs_write /sys/devices/system/cpu/cpufreq/policy81/scaling_governor performance
2026-09-22T20:05:54.1631768Z + [[ -n performance ]]
2026-09-22T20:05:54.1632143Z + [[ -w /sys/devices/system/cpu/cpufreq/policy81/scaling_governor ]]
2026-09-22T20:05:54.1632555Z + echo performance
2026-09-22T20:05:54.1632929Z ++ cat /sys/devices/system/cpu/cpufreq/policy81/scaling_max_freq
2026-09-22T20:05:54.1643362Z + sysfs_write /sys/devices/system/cpu/cpufreq/policy81/scaling_min_freq 2400000
2026-09-22T20:05:54.1643824Z + [[ -n 2400000 ]]
2026-09-22T20:05:54.1644185Z + [[ -w /sys/devices/system/cpu/cpufreq/policy81/scaling_min_freq ]]
2026-09-22T20:05:54.1644593Z + echo 2400000
2026-09-22T20:05:54.1644918Z + for policy in /sys/devices/system/cpu/cpufreq/policy*
2026-09-22T20:05:54.1645451Z + sysfs_write /sys/devices/system/cpu/cpufreq/policy82/scaling_governor performance
2026-09-22T20:05:54.1645934Z + [[ -n performance ]]
2026-09-22T20:05:54.1646309Z + [[ -w /sys/devices/system/cpu/cpufreq/policy82/scaling_governor ]]
2026-09-22T20:05:54.1646732Z + echo performance
2026-09-22T20:05:54.1647841Z ++ cat /sys/devices/system/cpu/cpufreq/policy82/scaling_max_freq
2026-09-22T20:05:54.1657787Z + sysfs_write /sys/devices/system/cpu/cpufreq/policy82/scaling_min_freq 2400000
2026-09-22T20:05:54.1658288Z + [[ -n 2400000 ]]
2026-09-22T20:05:54.1658633Z + [[ -w /sys/devices/system/cpu/cpufreq/policy82/scaling_min_freq ]]
2026-09-22T20:05:54.1659036Z + echo 2400000
2026-09-22T20:05:54.1659356Z + for policy in /sys/devices/system/cpu/cpufreq/policy*
2026-09-22T20:05:54.1659866Z + sysfs_write /sys/devices/system/cpu/cpufreq/policy83/scaling_governor performance
2026-09-22T20:05:54.1660335Z + [[ -n performance ]]
2026-09-22T20:05:54.1660707Z + [[ -w /sys/devices/system/cpu/cpufreq/policy83/scaling_governor ]]
2026-09-22T20:05:54.1661112Z + echo performance
2026-09-22T20:05:54.1661875Z ++ cat /sys/devices/system/cpu/cpufreq/policy83/scaling_max_freq
2026-09-22T20:05:54.1674583Z + sysfs_write /sys/devices/system/cpu/cpufreq/policy83/scaling_min_freq 2400000
2026-09-22T20:05:54.1675055Z + [[ -n 2400000 ]]
2026-09-22T20:05:54.1675402Z + [[ -w /sys/devices/system/cpu/cpufreq/policy83/scaling_min_freq ]]
2026-09-22T20:05:54.1675817Z + echo 2400000
2026-09-22T20:05:54.1676134Z + for policy in /sys/devices/system/cpu/cpufreq/policy*
2026-09-22T20:05:54.1676649Z + sysfs_write /sys/devices/system/cpu/cpufreq/policy84/scaling_governor performance
2026-09-22T20:05:54.1677132Z + [[ -n performance ]]
2026-09-22T20:05:54.1677513Z + [[ -w /sys/devices/system/cpu/cpufreq/policy84/scaling_governor ]]
2026-09-22T20:05:54.1677952Z + echo performance
2026-09-22T20:05:54.1680289Z ++ cat /sys/devices/system/cpu/cpufreq/policy84/scaling_max_freq
2026-09-22T20:05:54.1691590Z + sysfs_write /sys/devices/system/cpu/cpufreq/policy84/scaling_min_freq 2400000
2026-09-22T20:05:54.1692056Z + [[ -n 2400000 ]]
2026-09-22T20:05:54.1692404Z + [[ -w /sys/devices/system/cpu/cpufreq/policy84/scaling_min_freq ]]
2026-09-22T20:05:54.1692817Z + echo 2400000
2026-09-22T20:05:54.1693196Z + for policy in /sys/devices/system/cpu/cpufreq/policy*
2026-09-22T20:05:54.1693708Z + sysfs_write /sys/devices/system/cpu/cpufreq/policy85/scaling_governor performance
2026-09-22T20:05:54.1694187Z + [[ -n performance ]]
2026-09-22T20:05:54.1694556Z + [[ -w /sys/devices/system/cpu/cpufreq/policy85/scaling_governor ]]
2026-09-22T20:05:54.1694962Z + echo performance
2026-09-22T20:05:54.1695398Z ++ cat /sys/devices/system/cpu/cpufreq/policy85/scaling_max_freq
2026-09-22T20:05:54.1705678Z + sysfs_write /sys/devices/system/cpu/cpufreq/policy85/scaling_min_freq 2400000
2026-09-22T20:05:54.1706136Z + [[ -n 2400000 ]]
2026-09-22T20:05:54.1706493Z + [[ -w /sys/devices/system/cpu/cpufreq/policy85/scaling_min_freq ]]
2026-09-22T20:05:54.1706898Z + echo 2400000
2026-09-22T20:05:54.1707216Z + for policy in /sys/devices/system/cpu/cpufreq/policy*
2026-09-22T20:05:54.1707743Z + sysfs_write /sys/devices/system/cpu/cpufreq/policy86/scaling_governor performance
2026-09-22T20:05:54.1708257Z + [[ -n performance ]]
2026-09-22T20:05:54.1708625Z + [[ -w /sys/devices/system/cpu/cpufreq/policy86/scaling_governor ]]
2026-09-22T20:05:54.1709032Z + echo performance
2026-09-22T20:05:54.1709386Z ++ cat /sys/devices/system/cpu/cpufreq/policy86/scaling_max_freq
2026-09-22T20:05:54.1719556Z + sysfs_write /sys/devices/system/cpu/cpufreq/policy86/scaling_min_freq 2400000
2026-09-22T20:05:54.1720021Z + [[ -n 2400000 ]]
2026-09-22T20:05:54.1720368Z + [[ -w /sys/devices/system/cpu/cpufreq/policy86/scaling_min_freq ]]
2026-09-22T20:05:54.1720768Z + echo 2400000
2026-09-22T20:05:54.1721090Z + for policy in /sys/devices/system/cpu/cpufreq/policy*
2026-09-22T20:05:54.1721604Z + sysfs_write /sys/devices/system/cpu/cpufreq/policy87/scaling_governor performance
2026-09-22T20:05:54.1722081Z + [[ -n performance ]]
2026-09-22T20:05:54.1722457Z + [[ -w /sys/devices/system/cpu/cpufreq/policy87/scaling_governor ]]
2026-09-22T20:05:54.1722870Z + echo performance
2026-09-22T20:05:54.1723221Z ++ cat /sys/devices/system/cpu/cpufreq/policy87/scaling_max_freq
2026-09-22T20:05:54.1733594Z + sysfs_write /sys/devices/system/cpu/cpufreq/policy87/scaling_min_freq 2400000
2026-09-22T20:05:54.1734069Z + [[ -n 2400000 ]]
2026-09-22T20:05:54.1734416Z + [[ -w /sys/devices/system/cpu/cpufreq/policy87/scaling_min_freq ]]
2026-09-22T20:05:54.1734817Z + echo 2400000
2026-09-22T20:05:54.1735142Z + for policy in /sys/devices/system/cpu/cpufreq/policy*
2026-09-22T20:05:54.1735668Z + sysfs_write /sys/devices/system/cpu/cpufreq/policy88/scaling_governor performance
2026-09-22T20:05:54.1736148Z + [[ -n performance ]]
2026-09-22T20:05:54.1736527Z + [[ -w /sys/devices/system/cpu/cpufreq/policy88/scaling_governor ]]
2026-09-22T20:05:54.1736942Z + echo performance
2026-09-22T20:05:54.1737308Z ++ cat /sys/devices/system/cpu/cpufreq/policy88/scaling_max_freq
2026-09-22T20:05:54.1748018Z + sysfs_write /sys/devices/system/cpu/cpufreq/policy88/scaling_min_freq 2400000
2026-09-22T20:05:54.1748487Z + [[ -n 2400000 ]]
2026-09-22T20:05:54.1748837Z + [[ -w /sys/devices/system/cpu/cpufreq/policy88/scaling_min_freq ]]
2026-09-22T20:05:54.1749252Z + echo 2400000
2026-09-22T20:05:54.1749569Z + for policy in /sys/devices/system/cpu/cpufreq/policy*
2026-09-22T20:05:54.1750082Z + sysfs_write /sys/devices/system/cpu/cpufreq/policy89/scaling_governor performance
2026-09-22T20:05:54.1750567Z + [[ -n performance ]]
2026-09-22T20:05:54.1750937Z + [[ -w /sys/devices/system/cpu/cpufreq/policy89/scaling_governor ]]
2026-09-22T20:05:54.1751348Z + echo performance
2026-09-22T20:05:54.1752588Z ++ cat /sys/devices/system/cpu/cpufreq/policy89/scaling_max_freq
2026-09-22T20:05:54.1762847Z + sysfs_write /sys/devices/system/cpu/cpufreq/policy89/scaling_min_freq 2400000
2026-09-22T20:05:54.1763308Z + [[ -n 2400000 ]]
2026-09-22T20:05:54.1763666Z + [[ -w /sys/devices/system/cpu/cpufreq/policy89/scaling_min_freq ]]
2026-09-22T20:05:54.1764070Z + echo 2400000
2026-09-22T20:05:54.1764388Z + for policy in /sys/devices/system/cpu/cpufreq/policy*
2026-09-22T20:05:54.1764925Z + sysfs_write /sys/devices/system/cpu/cpufreq/policy9/scaling_governor performance
2026-09-22T20:05:54.1765508Z + [[ -n performance ]]
2026-09-22T20:05:54.1765870Z + [[ -w /sys/devices/system/cpu/cpufreq/policy9/scaling_governor ]]
2026-09-22T20:05:54.1766275Z + echo performance
2026-09-22T20:05:54.1767524Z ++ cat /sys/devices/system/cpu/cpufreq/policy9/scaling_max_freq
2026-09-22T20:05:54.1777655Z + sysfs_write /sys/devices/system/cpu/cpufreq/policy9/scaling_min_freq 2400000
2026-09-22T20:05:54.1778168Z + [[ -n 2400000 ]]
2026-09-22T20:05:54.1778514Z + [[ -w /sys/devices/system/cpu/cpufreq/policy9/scaling_min_freq ]]
2026-09-22T20:05:54.1778914Z + echo 2400000
2026-09-22T20:05:54.1779227Z + for policy in /sys/devices/system/cpu/cpufreq/policy*
2026-09-22T20:05:54.1779754Z + sysfs_write /sys/devices/system/cpu/cpufreq/policy90/scaling_governor performance
2026-09-22T20:05:54.1780229Z + [[ -n performance ]]
2026-09-22T20:05:54.1780596Z + [[ -w /sys/devices/system/cpu/cpufreq/policy90/scaling_governor ]]
2026-09-22T20:05:54.1781014Z + echo performance
2026-09-22T20:05:54.1782410Z ++ cat /sys/devices/system/cpu/cpufreq/policy90/scaling_max_freq
2026-09-22T20:05:54.1792525Z + sysfs_write /sys/devices/system/cpu/cpufreq/policy90/scaling_min_freq 2400000
2026-09-22T20:05:54.1792990Z + [[ -n 2400000 ]]
2026-09-22T20:05:54.1793339Z + [[ -w /sys/devices/system/cpu/cpufreq/policy90/scaling_min_freq ]]
2026-09-22T20:05:54.1793737Z + echo 2400000
2026-09-22T20:05:54.1794070Z + for policy in /sys/devices/system/cpu/cpufreq/policy*
2026-09-22T20:05:54.1794592Z + sysfs_write /sys/devices/system/cpu/cpufreq/policy91/scaling_governor performance
2026-09-22T20:05:54.1795070Z + [[ -n performance ]]
2026-09-22T20:05:54.1795453Z + [[ -w /sys/devices/system/cpu/cpufreq/policy91/scaling_governor ]]
2026-09-22T20:05:54.1795856Z + echo performance
2026-09-22T20:05:54.1797512Z ++ cat /sys/devices/system/cpu/cpufreq/policy91/scaling_max_freq
2026-09-22T20:05:54.1807823Z + sysfs_write /sys/devices/system/cpu/cpufreq/policy91/scaling_min_freq 2400000
2026-09-22T20:05:54.1808318Z + [[ -n 2400000 ]]
2026-09-22T20:05:54.1808675Z + [[ -w /sys/devices/system/cpu/cpufreq/policy91/scaling_min_freq ]]
2026-09-22T20:05:54.1809079Z + echo 2400000
2026-09-22T20:05:54.1809392Z + for policy in /sys/devices/system/cpu/cpufreq/policy*
2026-09-22T20:05:54.1809913Z + sysfs_write /sys/devices/system/cpu/cpufreq/policy92/scaling_governor performance
2026-09-22T20:05:54.1810397Z + [[ -n performance ]]
2026-09-22T20:05:54.1810766Z + [[ -w /sys/devices/system/cpu/cpufreq/policy92/scaling_governor ]]
2026-09-22T20:05:54.1811172Z + echo performance
2026-09-22T20:05:54.1812732Z ++ cat /sys/devices/system/cpu/cpufreq/policy92/scaling_max_freq
2026-09-22T20:05:54.1823266Z + sysfs_write /sys/devices/system/cpu/cpufreq/policy92/scaling_min_freq 2400000
2026-09-22T20:05:54.1823730Z + [[ -n 2400000 ]]
2026-09-22T20:05:54.1824086Z + [[ -w /sys/devices/system/cpu/cpufreq/policy92/scaling_min_freq ]]
2026-09-22T20:05:54.1824485Z + echo 2400000
2026-09-22T20:05:54.1824803Z + for policy in /sys/devices/system/cpu/cpufreq/policy*
2026-09-22T20:05:54.1825324Z + sysfs_write /sys/devices/system/cpu/cpufreq/policy93/scaling_governor performance
2026-09-22T20:05:54.1825812Z + [[ -n performance ]]
2026-09-22T20:05:54.1826188Z + [[ -w /sys/devices/system/cpu/cpufreq/policy93/scaling_governor ]]
2026-09-22T20:05:54.1826597Z + echo performance
2026-09-22T20:05:54.1828119Z ++ cat /sys/devices/system/cpu/cpufreq/policy93/scaling_max_freq
2026-09-22T20:05:54.1838464Z + sysfs_write /sys/devices/system/cpu/cpufreq/policy93/scaling_min_freq 2400000
2026-09-22T20:05:54.1838925Z + [[ -n 2400000 ]]
2026-09-22T20:05:54.1839285Z + [[ -w /sys/devices/system/cpu/cpufreq/policy93/scaling_min_freq ]]
2026-09-22T20:05:54.1839683Z + echo 2400000
2026-09-22T20:05:54.1840004Z + for policy in /sys/devices/system/cpu/cpufreq/policy*
2026-09-22T20:05:54.1840528Z + sysfs_write /sys/devices/system/cpu/cpufreq/policy94/scaling_governor performance
2026-09-22T20:05:54.1841008Z + [[ -n performance ]]
2026-09-22T20:05:54.1841373Z + [[ -w /sys/devices/system/cpu/cpufreq/policy94/scaling_governor ]]
2026-09-22T20:05:54.1841852Z + echo performance
2026-09-22T20:05:54.1843319Z ++ cat /sys/devices/system/cpu/cpufreq/policy94/scaling_max_freq
2026-09-22T20:05:54.1856057Z + sysfs_write /sys/devices/system/cpu/cpufreq/policy94/scaling_min_freq 2400000
2026-09-22T20:05:54.1856526Z + [[ -n 2400000 ]]
2026-09-22T20:05:54.1856870Z + [[ -w /sys/devices/system/cpu/cpufreq/policy94/scaling_min_freq ]]
2026-09-22T20:05:54.1857334Z + echo 2400000
2026-09-22T20:05:54.1857659Z + for policy in /sys/devices/system/cpu/cpufreq/policy*
2026-09-22T20:05:54.1858207Z + sysfs_write /sys/devices/system/cpu/cpufreq/policy95/scaling_governor performance
2026-09-22T20:05:54.1858680Z + [[ -n performance ]]
2026-09-22T20:05:54.1859067Z + [[ -w /sys/devices/system/cpu/cpufreq/policy95/scaling_governor ]]
2026-09-22T20:05:54.1859482Z + echo performance
2026-09-22T20:05:54.1860904Z ++ cat /sys/devices/system/cpu/cpufreq/policy95/scaling_max_freq
2026-09-22T20:05:54.1871843Z + sysfs_write /sys/devices/system/cpu/cpufreq/policy95/scaling_min_freq 2400000
2026-09-22T20:05:54.1872308Z + [[ -n 2400000 ]]
2026-09-22T20:05:54.1872655Z + [[ -w /sys/devices/system/cpu/cpufreq/policy95/scaling_min_freq ]]
2026-09-22T20:05:54.1873060Z + echo 2400000
2026-09-22T20:05:54.1873341Z + sysctl -w vm.swappiness=0
2026-09-22T20:05:54.1880556Z vm.swappiness = 0
2026-09-22T20:05:54.1881487Z + swapoff -a
2026-09-22T20:05:54.1908843Z + sysctl -w kernel.numa_balancing=0
2026-09-22T20:05:54.1916033Z kernel.numa_balancing = 0
2026-09-22T20:05:54.1917012Z + sysctl -w kernel.randomize_va_space=0
2026-09-22T20:05:54.1924071Z kernel.randomize_va_space = 0
2026-09-22T20:05:54.1925011Z + sysctl -w kernel.sched_autogroup_enabled=0
2026-09-22T20:05:54.1932058Z kernel.sched_autogroup_enabled = 0
2026-09-22T20:05:54.1932904Z + sysctl -w kernel.timer_migration=0
2026-09-22T20:05:54.1942604Z kernel.timer_migration = 0
2026-09-22T20:05:54.1943535Z + dmesg -n 1
2026-09-22T20:05:54.1971774Z + for unit in apparmor ModemManager irqbalance apt-daily.service apt-daily-upgrade.service apt-daily.timer apt-daily-upgrade.timer motd-news.service motd-news.timer apport
2026-09-22T20:05:54.1972634Z + systemctl disable --now apparmor
2026-09-22T20:05:54.7740021Z + systemctl mask apparmor
2026-09-22T20:05:54.9391400Z + for unit in apparmor ModemManager irqbalance apt-daily.service apt-daily-upgrade.service apt-daily.timer apt-daily-upgrade.timer motd-news.service motd-news.timer apport
2026-09-22T20:05:54.9392340Z + systemctl disable --now ModemManager
2026-09-22T20:05:55.1087002Z + systemctl mask ModemManager
2026-09-22T20:05:55.2721986Z + for unit in apparmor ModemManager irqbalance apt-daily.service apt-daily-upgrade.service apt-daily.timer apt-daily-upgrade.timer motd-news.service motd-news.timer apport
2026-09-22T20:05:55.2722906Z + systemctl disable --now irqbalance
2026-09-22T20:05:55.7721911Z + systemctl mask irqbalance
2026-09-22T20:05:55.9356558Z + for unit in apparmor ModemManager irqbalance apt-daily.service apt-daily-upgrade.service apt-daily.timer apt-daily-upgrade.timer motd-news.service motd-news.timer apport
2026-09-22T20:05:55.9357529Z + systemctl disable --now apt-daily.service
2026-09-22T20:05:56.0965616Z + systemctl mask apt-daily.service
2026-09-22T20:05:56.2614742Z + for unit in apparmor ModemManager irqbalance apt-daily.service apt-daily-upgrade.service apt-daily.timer apt-daily-upgrade.timer motd-news.service motd-news.timer apport
2026-09-22T20:05:56.2615745Z + systemctl disable --now apt-daily-upgrade.service
2026-09-22T20:05:56.4229958Z + systemctl mask apt-daily-upgrade.service
2026-09-22T20:05:56.5837298Z + for unit in apparmor ModemManager irqbalance apt-daily.service apt-daily-upgrade.service apt-daily.timer apt-daily-upgrade.timer motd-news.service motd-news.timer apport
2026-09-22T20:05:56.5838301Z + systemctl disable --now apt-daily.timer
2026-09-22T20:05:56.7490317Z + systemctl mask apt-daily.timer
2026-09-22T20:05:56.9137368Z + for unit in apparmor ModemManager irqbalance apt-daily.service apt-daily-upgrade.service apt-daily.timer apt-daily-upgrade.timer motd-news.service motd-news.timer apport
2026-09-22T20:05:56.9138712Z + systemctl disable --now apt-daily-upgrade.timer
2026-09-22T20:05:57.0812574Z + systemctl mask apt-daily-upgrade.timer
2026-09-22T20:05:57.2441067Z + for unit in apparmor ModemManager irqbalance apt-daily.service apt-daily-upgrade.service apt-daily.timer apt-daily-upgrade.timer motd-news.service motd-news.timer apport
2026-09-22T20:05:57.2442248Z + systemctl disable --now motd-news.service
2026-09-22T20:05:57.4026911Z + systemctl mask motd-news.service
2026-09-22T20:05:57.5607449Z + for unit in apparmor ModemManager irqbalance apt-daily.service apt-daily-upgrade.service apt-daily.timer apt-daily-upgrade.timer motd-news.service motd-news.timer apport
2026-09-22T20:05:57.5608594Z + systemctl disable --now motd-news.timer
2026-09-22T20:05:57.7220536Z + systemctl mask motd-news.timer
2026-09-22T20:05:57.8795739Z + for unit in apparmor ModemManager irqbalance apt-daily.service apt-daily-upgrade.service apt-daily.timer apt-daily-upgrade.timer motd-news.service motd-news.timer apport
2026-09-22T20:05:57.8796675Z + systemctl disable --now apport
2026-09-22T20:05:58.3714837Z + systemctl mask apport
2026-09-22T20:05:58.5324950Z + aa-teardown
2026-09-22T20:05:58.5371123Z Unloading AppArmor profiles
2026-09-22T20:05:58.5407513Z + node_dirs=(/sys/devices/system/node/node[0-9]*)
2026-09-22T20:05:58.5408645Z + [[ 1 -gt 1 ]]
2026-09-22T20:05:58.5415203Z ++ sort -un
2026-09-22T20:05:58.5417230Z ++ paste -sd, -
2026-09-22T20:05:58.5422557Z +++ paste -sd, -
2026-09-22T20:05:58.5423217Z +++ cat /sys/devices/system/cpu/cpu0/topology/thread_siblings_list /sys/devices/system/cpu/cpu1/topology/thread_siblings_list
2026-09-22T20:05:58.5445038Z ++ expand_cpulist 0,48,1,49
2026-09-22T20:05:58.5445366Z ++ [[ -n 0,48,1,49 ]]
2026-09-22T20:05:58.5445647Z ++ local parts part
2026-09-22T20:05:58.5445919Z ++ IFS=,
2026-09-22T20:05:58.5446166Z ++ read -ra parts
2026-09-22T20:05:58.5446466Z ++ for part in "${parts[@]}"
2026-09-22T20:05:58.5446768Z ++ seq 0 0
2026-09-22T20:05:58.5471668Z ++ for part in "${parts[@]}"
2026-09-22T20:05:58.5471980Z ++ seq 48 48
2026-09-22T20:05:58.5479690Z ++ for part in "${parts[@]}"
2026-09-22T20:05:58.5479974Z ++ seq 1 1
2026-09-22T20:05:58.5486904Z ++ for part in "${parts[@]}"
2026-09-22T20:05:58.5487200Z ++ seq 49 49
2026-09-22T20:05:58.5499504Z + HOUSEKEEPING_CPUS=0,1,48,49
2026-09-22T20:05:58.5499811Z + bench=()
2026-09-22T20:05:58.5505358Z +++ cat /sys/devices/system/cpu/online
2026-09-22T20:05:58.5512270Z ++ expand_cpulist 0-95
2026-09-22T20:05:58.5512565Z ++ [[ -n 0-95 ]]
2026-09-22T20:05:58.5512832Z ++ local parts part
2026-09-22T20:05:58.5513098Z ++ IFS=,
2026-09-22T20:05:58.5513338Z ++ read -ra parts
2026-09-22T20:05:58.5513627Z ++ for part in "${parts[@]}"
2026-09-22T20:05:58.5513909Z ++ seq 0 95
2026-09-22T20:05:58.5523423Z + for cpu in $(expand_cpulist "$(cat /sys/devices/system/cpu/online)")
2026-09-22T20:05:58.5523891Z + [[ ,0,1,48,49, == *\,\0\,* ]]
2026-09-22T20:05:58.5524290Z + for cpu in $(expand_cpulist "$(cat /sys/devices/system/cpu/online)")
2026-09-22T20:05:58.5524706Z + [[ ,0,1,48,49, == *\,\1\,* ]]
2026-09-22T20:05:58.5525104Z + for cpu in $(expand_cpulist "$(cat /sys/devices/system/cpu/online)")
2026-09-22T20:05:58.5525510Z + [[ ,0,1,48,49, == *\,\2\,* ]]
2026-09-22T20:05:58.5525800Z + bench+=("$cpu")
2026-09-22T20:05:58.5526165Z + for cpu in $(expand_cpulist "$(cat /sys/devices/system/cpu/online)")
2026-09-22T20:05:58.5526569Z + [[ ,0,1,48,49, == *\,\3\,* ]]
2026-09-22T20:05:58.5526855Z + bench+=("$cpu")
2026-09-22T20:05:58.5527212Z + for cpu in $(expand_cpulist "$(cat /sys/devices/system/cpu/online)")
2026-09-22T20:05:58.5543666Z + [[ ,0,1,48,49, == *\,\4\,* ]]
2026-09-22T20:05:58.5544076Z + bench+=("$cpu")
2026-09-22T20:05:58.5544507Z + for cpu in $(expand_cpulist "$(cat /sys/devices/system/cpu/online)")
2026-09-22T20:05:58.5544967Z + [[ ,0,1,48,49, == *\,\5\,* ]]
2026-09-22T20:05:58.5545277Z + bench+=("$cpu")
2026-09-22T20:05:58.5545645Z + for cpu in $(expand_cpulist "$(cat /sys/devices/system/cpu/online)")
2026-09-22T20:05:58.5546298Z + [[ ,0,1,48,49, == *\,\6\,* ]]
2026-09-22T20:05:58.5546597Z + bench+=("$cpu")
2026-09-22T20:05:58.5547059Z + for cpu in $(expand_cpulist "$(cat /sys/devices/system/cpu/online)")
2026-09-22T20:05:58.5547483Z + [[ ,0,1,48,49, == *\,\7\,* ]]
2026-09-22T20:05:58.5547772Z + bench+=("$cpu")
2026-09-22T20:05:58.5548178Z + for cpu in $(expand_cpulist "$(cat /sys/devices/system/cpu/online)")
2026-09-22T20:05:58.5548671Z + [[ ,0,1,48,49, == *\,\8\,* ]]
2026-09-22T20:05:58.5548974Z + bench+=("$cpu")
2026-09-22T20:05:58.5549323Z + for cpu in $(expand_cpulist "$(cat /sys/devices/system/cpu/online)")
2026-09-22T20:05:58.5549726Z + [[ ,0,1,48,49, == *\,\9\,* ]]
2026-09-22T20:05:58.5550022Z + bench+=("$cpu")
2026-09-22T20:05:58.5550366Z + for cpu in $(expand_cpulist "$(cat /sys/devices/system/cpu/online)")
2026-09-22T20:05:58.5550770Z + [[ ,0,1,48,49, == *\,\1\0\,* ]]
2026-09-22T20:05:58.5551084Z + bench+=("$cpu")
2026-09-22T20:05:58.5551428Z + for cpu in $(expand_cpulist "$(cat /sys/devices/system/cpu/online)")
2026-09-22T20:05:58.5551832Z + [[ ,0,1,48,49, == *\,\1\1\,* ]]
2026-09-22T20:05:58.5552131Z + bench+=("$cpu")
2026-09-22T20:05:58.5552477Z + for cpu in $(expand_cpulist "$(cat /sys/devices/system/cpu/online)")
2026-09-22T20:05:58.5552872Z + [[ ,0,1,48,49, == *\,\1\2\,* ]]
2026-09-22T20:05:58.5553159Z + bench+=("$cpu")
2026-09-22T20:05:58.5553516Z + for cpu in $(expand_cpulist "$(cat /sys/devices/system/cpu/online)")
2026-09-22T20:05:58.5553911Z + [[ ,0,1,48,49, == *\,\1\3\,* ]]
2026-09-22T20:05:58.5554201Z + bench+=("$cpu")
2026-09-22T20:05:58.5554555Z + for cpu in $(expand_cpulist "$(cat /sys/devices/system/cpu/online)")
2026-09-22T20:05:58.5554949Z + [[ ,0,1,48,49, == *\,\1\4\,* ]]
2026-09-22T20:05:58.5555237Z + bench+=("$cpu")
2026-09-22T20:05:58.5555588Z + for cpu in $(expand_cpulist "$(cat /sys/devices/system/cpu/online)")
2026-09-22T20:05:58.5555981Z + [[ ,0,1,48,49, == *\,\1\5\,* ]]
2026-09-22T20:05:58.5556273Z + bench+=("$cpu")
2026-09-22T20:05:58.5556618Z + for cpu in $(expand_cpulist "$(cat /sys/devices/system/cpu/online)")
2026-09-22T20:05:58.5557028Z + [[ ,0,1,48,49, == *\,\1\6\,* ]]
2026-09-22T20:05:58.5557318Z + bench+=("$cpu")
2026-09-22T20:05:58.5557659Z + for cpu in $(expand_cpulist "$(cat /sys/devices/system/cpu/online)")
2026-09-22T20:05:58.5558090Z + [[ ,0,1,48,49, == *\,\1\7\,* ]]
2026-09-22T20:05:58.5558380Z + bench+=("$cpu")
2026-09-22T20:05:58.5558730Z + for cpu in $(expand_cpulist "$(cat /sys/devices/system/cpu/online)")
2026-09-22T20:05:58.5559143Z + [[ ,0,1,48,49, == *\,\1\8\,* ]]
2026-09-22T20:05:58.5559434Z + bench+=("$cpu")
2026-09-22T20:05:58.5559783Z + for cpu in $(expand_cpulist "$(cat /sys/devices/system/cpu/online)")
2026-09-22T20:05:58.5560183Z + [[ ,0,1,48,49, == *\,\1\9\,* ]]
2026-09-22T20:05:58.5560481Z + bench+=("$cpu")
2026-09-22T20:05:58.5560828Z + for cpu in $(expand_cpulist "$(cat /sys/devices/system/cpu/online)")
2026-09-22T20:05:58.5561231Z + [[ ,0,1,48,49, == *\,\2\0\,* ]]
2026-09-22T20:05:58.5561534Z + bench+=("$cpu")
2026-09-22T20:05:58.5561880Z + for cpu in $(expand_cpulist "$(cat /sys/devices/system/cpu/online)")
2026-09-22T20:05:58.5562291Z + [[ ,0,1,48,49, == *\,\2\1\,* ]]
2026-09-22T20:05:58.5562590Z + bench+=("$cpu")
2026-09-22T20:05:58.5562935Z + for cpu in $(expand_cpulist "$(cat /sys/devices/system/cpu/online)")
2026-09-22T20:05:58.5563336Z + [[ ,0,1,48,49, == *\,\2\2\,* ]]
2026-09-22T20:05:58.5563625Z + bench+=("$cpu")
2026-09-22T20:05:58.5563981Z + for cpu in $(expand_cpulist "$(cat /sys/devices/system/cpu/online)")
2026-09-22T20:05:58.5564377Z + [[ ,0,1,48,49, == *\,\2\3\,* ]]
2026-09-22T20:05:58.5564664Z + bench+=("$cpu")
2026-09-22T20:05:58.5565015Z + for cpu in $(expand_cpulist "$(cat /sys/devices/system/cpu/online)")
2026-09-22T20:05:58.5565413Z + [[ ,0,1,48,49, == *\,\2\4\,* ]]
2026-09-22T20:05:58.5565699Z + bench+=("$cpu")
2026-09-22T20:05:58.5566057Z + for cpu in $(expand_cpulist "$(cat /sys/devices/system/cpu/online)")
2026-09-22T20:05:58.5566456Z + [[ ,0,1,48,49, == *\,\2\5\,* ]]
2026-09-22T20:05:58.5566744Z + bench+=("$cpu")
2026-09-22T20:05:58.5567160Z + for cpu in $(expand_cpulist "$(cat /sys/devices/system/cpu/online)")
2026-09-22T20:05:58.5567566Z + [[ ,0,1,48,49, == *\,\2\6\,* ]]
2026-09-22T20:05:58.5567859Z + bench+=("$cpu")
2026-09-22T20:05:58.5568240Z + for cpu in $(expand_cpulist "$(cat /sys/devices/system/cpu/online)")
2026-09-22T20:05:58.5568652Z + [[ ,0,1,48,49, == *\,\2\7\,* ]]
2026-09-22T20:05:58.5568945Z + bench+=("$cpu")
2026-09-22T20:05:58.5569360Z + for cpu in $(expand_cpulist "$(cat /sys/devices/system/cpu/online)")
2026-09-22T20:05:58.5569769Z + [[ ,0,1,48,49, == *\,\2\8\,* ]]
2026-09-22T20:05:58.5570064Z + bench+=("$cpu")
2026-09-22T20:05:58.5570401Z + for cpu in $(expand_cpulist "$(cat /sys/devices/system/cpu/online)")
2026-09-22T20:05:58.5570801Z + [[ ,0,1,48,49, == *\,\2\9\,* ]]
2026-09-22T20:05:58.5571092Z + bench+=("$cpu")
2026-09-22T20:05:58.5571434Z + for cpu in $(expand_cpulist "$(cat /sys/devices/system/cpu/online)")
2026-09-22T20:05:58.5571828Z + [[ ,0,1,48,49, == *\,\3\0\,* ]]
2026-09-22T20:05:58.5572137Z + bench+=("$cpu")
2026-09-22T20:05:58.5572482Z + for cpu in $(expand_cpulist "$(cat /sys/devices/system/cpu/online)")
2026-09-22T20:05:58.5572876Z + [[ ,0,1,48,49, == *\,\3\1\,* ]]
2026-09-22T20:05:58.5573173Z + bench+=("$cpu")
2026-09-22T20:05:58.5573516Z + for cpu in $(expand_cpulist "$(cat /sys/devices/system/cpu/online)")
2026-09-22T20:05:58.5573907Z + [[ ,0,1,48,49, == *\,\3\2\,* ]]
2026-09-22T20:05:58.5574209Z + bench+=("$cpu")
2026-09-22T20:05:58.5574552Z + for cpu in $(expand_cpulist "$(cat /sys/devices/system/cpu/online)")
2026-09-22T20:05:58.5574946Z + [[ ,0,1,48,49, == *\,\3\3\,* ]]
2026-09-22T20:05:58.5575236Z + bench+=("$cpu")
2026-09-22T20:05:58.5575586Z + for cpu in $(expand_cpulist "$(cat /sys/devices/system/cpu/online)")
2026-09-22T20:05:58.5575981Z + [[ ,0,1,48,49, == *\,\3\4\,* ]]
2026-09-22T20:05:58.5576269Z + bench+=("$cpu")
2026-09-22T20:05:58.5576617Z + for cpu in $(expand_cpulist "$(cat /sys/devices/system/cpu/online)")
2026-09-22T20:05:58.5577012Z + [[ ,0,1,48,49, == *\,\3\5\,* ]]
2026-09-22T20:05:58.5577299Z + bench+=("$cpu")
2026-09-22T20:05:58.5577643Z + for cpu in $(expand_cpulist "$(cat /sys/devices/system/cpu/online)")
2026-09-22T20:05:58.5578064Z + [[ ,0,1,48,49, == *\,\3\6\,* ]]
2026-09-22T20:05:58.5578350Z + bench+=("$cpu")
2026-09-22T20:05:58.5578692Z + for cpu in $(expand_cpulist "$(cat /sys/devices/system/cpu/online)")
2026-09-22T20:05:58.5579103Z + [[ ,0,1,48,49, == *\,\3\7\,* ]]
2026-09-22T20:05:58.5579395Z + bench+=("$cpu")
2026-09-22T20:05:58.5579736Z + for cpu in $(expand_cpulist "$(cat /sys/devices/system/cpu/online)")
2026-09-22T20:05:58.5580138Z + [[ ,0,1,48,49, == *\,\3\8\,* ]]
2026-09-22T20:05:58.5580426Z + bench+=("$cpu")
2026-09-22T20:05:58.5580771Z + for cpu in $(expand_cpulist "$(cat /sys/devices/system/cpu/online)")
2026-09-22T20:05:58.5581182Z + [[ ,0,1,48,49, == *\,\3\9\,* ]]
2026-09-22T20:05:58.5581471Z + bench+=("$cpu")
2026-09-22T20:05:58.5581815Z + for cpu in $(expand_cpulist "$(cat /sys/devices/system/cpu/online)")
2026-09-22T20:05:58.5582215Z + [[ ,0,1,48,49, == *\,\4\0\,* ]]
2026-09-22T20:05:58.5582521Z + bench+=("$cpu")
2026-09-22T20:05:58.5582866Z + for cpu in $(expand_cpulist "$(cat /sys/devices/system/cpu/online)")
2026-09-22T20:05:58.5583261Z + [[ ,0,1,48,49, == *\,\4\1\,* ]]
2026-09-22T20:05:58.5583554Z + bench+=("$cpu")
2026-09-22T20:05:58.5583896Z + for cpu in $(expand_cpulist "$(cat /sys/devices/system/cpu/online)")
2026-09-22T20:05:58.5584289Z + [[ ,0,1,48,49, == *\,\4\2\,* ]]
2026-09-22T20:05:58.5584584Z + bench+=("$cpu")
2026-09-22T20:05:58.5584924Z + for cpu in $(expand_cpulist "$(cat /sys/devices/system/cpu/online)")
2026-09-22T20:05:58.5585320Z + [[ ,0,1,48,49, == *\,\4\3\,* ]]
2026-09-22T20:05:58.5585606Z + bench+=("$cpu")
2026-09-22T20:05:58.5585955Z + for cpu in $(expand_cpulist "$(cat /sys/devices/system/cpu/online)")
2026-09-22T20:05:58.5586353Z + [[ ,0,1,48,49, == *\,\4\4\,* ]]
2026-09-22T20:05:58.5586642Z + bench+=("$cpu")
2026-09-22T20:05:58.5586998Z + for cpu in $(expand_cpulist "$(cat /sys/devices/system/cpu/online)")
2026-09-22T20:05:58.5587472Z + [[ ,0,1,48,49, == *\,\4\5\,* ]]
2026-09-22T20:05:58.5587759Z + bench+=("$cpu")
2026-09-22T20:05:58.5588142Z + for cpu in $(expand_cpulist "$(cat /sys/devices/system/cpu/online)")
2026-09-22T20:05:58.5588541Z + [[ ,0,1,48,49, == *\,\4\6\,* ]]
2026-09-22T20:05:58.5588826Z + bench+=("$cpu")
2026-09-22T20:05:58.5589170Z + for cpu in $(expand_cpulist "$(cat /sys/devices/system/cpu/online)")
2026-09-22T20:05:58.5589643Z + [[ ,0,1,48,49, == *\,\4\7\,* ]]
2026-09-22T20:05:58.5589936Z + bench+=("$cpu")
2026-09-22T20:05:58.5590279Z + for cpu in $(expand_cpulist "$(cat /sys/devices/system/cpu/online)")
2026-09-22T20:05:58.5590684Z + [[ ,0,1,48,49, == *\,\4\8\,* ]]
2026-09-22T20:05:58.5591055Z + for cpu in $(expand_cpulist "$(cat /sys/devices/system/cpu/online)")
2026-09-22T20:05:58.5591441Z + [[ ,0,1,48,49, == *\,\4\9\,* ]]
2026-09-22T20:05:58.5591826Z + for cpu in $(expand_cpulist "$(cat /sys/devices/system/cpu/online)")
2026-09-22T20:05:58.5592220Z + [[ ,0,1,48,49, == *\,\5\0\,* ]]
2026-09-22T20:05:58.5592509Z + bench+=("$cpu")
2026-09-22T20:05:58.5592852Z + for cpu in $(expand_cpulist "$(cat /sys/devices/system/cpu/online)")
2026-09-22T20:05:58.5593246Z + [[ ,0,1,48,49, == *\,\5\1\,* ]]
2026-09-22T20:05:58.5593538Z + bench+=("$cpu")
2026-09-22T20:05:58.5593877Z + for cpu in $(expand_cpulist "$(cat /sys/devices/system/cpu/online)")
2026-09-22T20:05:58.5594266Z + [[ ,0,1,48,49, == *\,\5\2\,* ]]
2026-09-22T20:05:58.5594567Z + bench+=("$cpu")
2026-09-22T20:05:58.5594920Z + for cpu in $(expand_cpulist "$(cat /sys/devices/system/cpu/online)")
2026-09-22T20:05:58.5595318Z + [[ ,0,1,48,49, == *\,\5\3\,* ]]
2026-09-22T20:05:58.5595616Z + bench+=("$cpu")
2026-09-22T20:05:58.5595959Z + for cpu in $(expand_cpulist "$(cat /sys/devices/system/cpu/online)")
2026-09-22T20:05:58.5596355Z + [[ ,0,1,48,49, == *\,\5\4\,* ]]
2026-09-22T20:05:58.5596645Z + bench+=("$cpu")
2026-09-22T20:05:58.5596986Z + for cpu in $(expand_cpulist "$(cat /sys/devices/system/cpu/online)")
2026-09-22T20:05:58.5597382Z + [[ ,0,1,48,49, == *\,\5\5\,* ]]
2026-09-22T20:05:58.5597671Z + bench+=("$cpu")
2026-09-22T20:05:58.5598057Z + for cpu in $(expand_cpulist "$(cat /sys/devices/system/cpu/online)")
2026-09-22T20:05:58.5598454Z + [[ ,0,1,48,49, == *\,\5\6\,* ]]
2026-09-22T20:05:58.5598747Z + bench+=("$cpu")
2026-09-22T20:05:58.5599087Z + for cpu in $(expand_cpulist "$(cat /sys/devices/system/cpu/online)")
2026-09-22T20:05:58.5599487Z + [[ ,0,1,48,49, == *\,\5\7\,* ]]
2026-09-22T20:05:58.5599781Z + bench+=("$cpu")
2026-09-22T20:05:58.5600121Z + for cpu in $(expand_cpulist "$(cat /sys/devices/system/cpu/online)")
2026-09-22T20:05:58.5600524Z + [[ ,0,1,48,49, == *\,\5\8\,* ]]
2026-09-22T20:05:58.5600817Z + bench+=("$cpu")
2026-09-22T20:05:58.5601157Z + for cpu in $(expand_cpulist "$(cat /sys/devices/system/cpu/online)")
2026-09-22T20:05:58.5601561Z + [[ ,0,1,48,49, == *\,\5\9\,* ]]
2026-09-22T20:05:58.5601848Z + bench+=("$cpu")
2026-09-22T20:05:58.5602199Z + for cpu in $(expand_cpulist "$(cat /sys/devices/system/cpu/online)")
2026-09-22T20:05:58.5602598Z + [[ ,0,1,48,49, == *\,\6\0\,* ]]
2026-09-22T20:05:58.5602881Z + bench+=("$cpu")
2026-09-22T20:05:58.5603221Z + for cpu in $(expand_cpulist "$(cat /sys/devices/system/cpu/online)")
2026-09-22T20:05:58.5603618Z + [[ ,0,1,48,49, == *\,\6\1\,* ]]
2026-09-22T20:05:58.5603900Z + bench+=("$cpu")
2026-09-22T20:05:58.5604245Z + for cpu in $(expand_cpulist "$(cat /sys/devices/system/cpu/online)")
2026-09-22T20:05:58.5604642Z + [[ ,0,1,48,49, == *\,\6\2\,* ]]
2026-09-22T20:05:58.5604926Z + bench+=("$cpu")
2026-09-22T20:05:58.5605263Z + for cpu in $(expand_cpulist "$(cat /sys/devices/system/cpu/online)")
2026-09-22T20:05:58.5605663Z + [[ ,0,1,48,49, == *\,\6\3\,* ]]
2026-09-22T20:05:58.5605947Z + bench+=("$cpu")
2026-09-22T20:05:58.5606286Z + for cpu in $(expand_cpulist "$(cat /sys/devices/system/cpu/online)")
2026-09-22T20:05:58.5606688Z + [[ ,0,1,48,49, == *\,\6\4\,* ]]
2026-09-22T20:05:58.5606974Z + bench+=("$cpu")
2026-09-22T20:05:58.5607313Z + for cpu in $(expand_cpulist "$(cat /sys/devices/system/cpu/online)")
2026-09-22T20:05:58.5607802Z + [[ ,0,1,48,49, == *\,\6\5\,* ]]
2026-09-22T20:05:58.5608115Z + bench+=("$cpu")
2026-09-22T20:05:58.5608457Z + for cpu in $(expand_cpulist "$(cat /sys/devices/system/cpu/online)")
2026-09-22T20:05:58.5608858Z + [[ ,0,1,48,49, == *\,\6\6\,* ]]
2026-09-22T20:05:58.5609159Z + bench+=("$cpu")
2026-09-22T20:05:58.5609504Z + for cpu in $(expand_cpulist "$(cat /sys/devices/system/cpu/online)")
2026-09-22T20:05:58.5609964Z + [[ ,0,1,48,49, == *\,\6\7\,* ]]
2026-09-22T20:05:58.5610265Z + bench+=("$cpu")
2026-09-22T20:05:58.5610607Z + for cpu in $(expand_cpulist "$(cat /sys/devices/system/cpu/online)")
2026-09-22T20:05:58.5611000Z + [[ ,0,1,48,49, == *\,\6\8\,* ]]
2026-09-22T20:05:58.5611294Z + bench+=("$cpu")
2026-09-22T20:05:58.5611631Z + for cpu in $(expand_cpulist "$(cat /sys/devices/system/cpu/online)")
2026-09-22T20:05:58.5612026Z + [[ ,0,1,48,49, == *\,\6\9\,* ]]
2026-09-22T20:05:58.5612310Z + bench+=("$cpu")
2026-09-22T20:05:58.5612664Z + for cpu in $(expand_cpulist "$(cat /sys/devices/system/cpu/online)")
2026-09-22T20:05:58.5613065Z + [[ ,0,1,48,49, == *\,\7\0\,* ]]
2026-09-22T20:05:58.5613350Z + bench+=("$cpu")
2026-09-22T20:05:58.5613698Z + for cpu in $(expand_cpulist "$(cat /sys/devices/system/cpu/online)")
2026-09-22T20:05:58.5614088Z + [[ ,0,1,48,49, == *\,\7\1\,* ]]
2026-09-22T20:05:58.5614373Z + bench+=("$cpu")
2026-09-22T20:05:58.5614726Z + for cpu in $(expand_cpulist "$(cat /sys/devices/system/cpu/online)")
2026-09-22T20:05:58.5615120Z + [[ ,0,1,48,49, == *\,\7\2\,* ]]
2026-09-22T20:05:58.5615402Z + bench+=("$cpu")
2026-09-22T20:05:58.5615742Z + for cpu in $(expand_cpulist "$(cat /sys/devices/system/cpu/online)")
2026-09-22T20:05:58.5616144Z + [[ ,0,1,48,49, == *\,\7\3\,* ]]
2026-09-22T20:05:58.5616425Z + bench+=("$cpu")
2026-09-22T20:05:58.5616763Z + for cpu in $(expand_cpulist "$(cat /sys/devices/system/cpu/online)")
2026-09-22T20:05:58.5617165Z + [[ ,0,1,48,49, == *\,\7\4\,* ]]
2026-09-22T20:05:58.5617450Z + bench+=("$cpu")
2026-09-22T20:05:58.5617791Z + for cpu in $(expand_cpulist "$(cat /sys/devices/system/cpu/online)")
2026-09-22T20:05:58.5618231Z + [[ ,0,1,48,49, == *\,\7\5\,* ]]
2026-09-22T20:05:58.5618520Z + bench+=("$cpu")
2026-09-22T20:05:58.5618859Z + for cpu in $(expand_cpulist "$(cat /sys/devices/system/cpu/online)")
2026-09-22T20:05:58.5619263Z + [[ ,0,1,48,49, == *\,\7\6\,* ]]
2026-09-22T20:05:58.5619548Z + bench+=("$cpu")
2026-09-22T20:05:58.5619891Z + for cpu in $(expand_cpulist "$(cat /sys/devices/system/cpu/online)")
2026-09-22T20:05:58.5620284Z + [[ ,0,1,48,49, == *\,\7\7\,* ]]
2026-09-22T20:05:58.5620576Z + bench+=("$cpu")
2026-09-22T20:05:58.5620918Z + for cpu in $(expand_cpulist "$(cat /sys/devices/system/cpu/online)")
2026-09-22T20:05:58.5621316Z + [[ ,0,1,48,49, == *\,\7\8\,* ]]
2026-09-22T20:05:58.5621611Z + bench+=("$cpu")
2026-09-22T20:05:58.5621957Z + for cpu in $(expand_cpulist "$(cat /sys/devices/system/cpu/online)")
2026-09-22T20:05:58.5622362Z + [[ ,0,1,48,49, == *\,\7\9\,* ]]
2026-09-22T20:05:58.5622657Z + bench+=("$cpu")
2026-09-22T20:05:58.5623003Z + for cpu in $(expand_cpulist "$(cat /sys/devices/system/cpu/online)")
2026-09-22T20:05:58.5623457Z + [[ ,0,1,48,49, == *\,\8\0\,* ]]
2026-09-22T20:05:58.5623744Z + bench+=("$cpu")
2026-09-22T20:05:58.5624097Z + for cpu in $(expand_cpulist "$(cat /sys/devices/system/cpu/online)")
2026-09-22T20:05:58.5624499Z + [[ ,0,1,48,49, == *\,\8\1\,* ]]
2026-09-22T20:05:58.5624786Z + bench+=("$cpu")
2026-09-22T20:05:58.5625141Z + for cpu in $(expand_cpulist "$(cat /sys/devices/system/cpu/online)")
2026-09-22T20:05:58.5625534Z + [[ ,0,1,48,49, == *\,\8\2\,* ]]
2026-09-22T20:05:58.5625818Z + bench+=("$cpu")
2026-09-22T20:05:58.5626167Z + for cpu in $(expand_cpulist "$(cat /sys/devices/system/cpu/online)")
2026-09-22T20:05:58.5626564Z + [[ ,0,1,48,49, == *\,\8\3\,* ]]
2026-09-22T20:05:58.5626848Z + bench+=("$cpu")
2026-09-22T20:05:58.5627188Z + for cpu in $(expand_cpulist "$(cat /sys/devices/system/cpu/online)")
2026-09-22T20:05:58.5627599Z + [[ ,0,1,48,49, == *\,\8\4\,* ]]
2026-09-22T20:05:58.5627911Z + bench+=("$cpu")
2026-09-22T20:05:58.5628345Z + for cpu in $(expand_cpulist "$(cat /sys/devices/system/cpu/online)")
2026-09-22T20:05:58.5628751Z + [[ ,0,1,48,49, == *\,\8\5\,* ]]
2026-09-22T20:05:58.5629037Z + bench+=("$cpu")
2026-09-22T20:05:58.5629378Z + for cpu in $(expand_cpulist "$(cat /sys/devices/system/cpu/online)")
2026-09-22T20:05:58.5629784Z + [[ ,0,1,48,49, == *\,\8\6\,* ]]
2026-09-22T20:05:58.5630071Z + bench+=("$cpu")
2026-09-22T20:05:58.5630477Z + for cpu in $(expand_cpulist "$(cat /sys/devices/system/cpu/online)")
2026-09-22T20:05:58.5630880Z + [[ ,0,1,48,49, == *\,\8\7\,* ]]
2026-09-22T20:05:58.5631174Z + bench+=("$cpu")
2026-09-22T20:05:58.5631514Z + for cpu in $(expand_cpulist "$(cat /sys/devices/system/cpu/online)")
2026-09-22T20:05:58.5631911Z + [[ ,0,1,48,49, == *\,\8\8\,* ]]
2026-09-22T20:05:58.5632210Z + bench+=("$cpu")
2026-09-22T20:05:58.5632553Z + for cpu in $(expand_cpulist "$(cat /sys/devices/system/cpu/online)")
2026-09-22T20:05:58.5632949Z + [[ ,0,1,48,49, == *\,\8\9\,* ]]
2026-09-22T20:05:58.5633251Z + bench+=("$cpu")
2026-09-22T20:05:58.5633592Z + for cpu in $(expand_cpulist "$(cat /sys/devices/system/cpu/online)")
2026-09-22T20:05:58.5633986Z + [[ ,0,1,48,49, == *\,\9\0\,* ]]
2026-09-22T20:05:58.5634276Z + bench+=("$cpu")
2026-09-22T20:05:58.5634626Z + for cpu in $(expand_cpulist "$(cat /sys/devices/system/cpu/online)")
2026-09-22T20:05:58.5635024Z + [[ ,0,1,48,49, == *\,\9\1\,* ]]
2026-09-22T20:05:58.5635319Z + bench+=("$cpu")
2026-09-22T20:05:58.5635675Z + for cpu in $(expand_cpulist "$(cat /sys/devices/system/cpu/online)")
2026-09-22T20:05:58.5636071Z + [[ ,0,1,48,49, == *\,\9\2\,* ]]
2026-09-22T20:05:58.5636359Z + bench+=("$cpu")
2026-09-22T20:05:58.5636710Z + for cpu in $(expand_cpulist "$(cat /sys/devices/system/cpu/online)")
2026-09-22T20:05:58.5637114Z + [[ ,0,1,48,49, == *\,\9\3\,* ]]
2026-09-22T20:05:58.5637399Z + bench+=("$cpu")
2026-09-22T20:05:58.5637738Z + for cpu in $(expand_cpulist "$(cat /sys/devices/system/cpu/online)")
2026-09-22T20:05:58.5638168Z + [[ ,0,1,48,49, == *\,\9\4\,* ]]
2026-09-22T20:05:58.5638460Z + bench+=("$cpu")
2026-09-22T20:05:58.5638807Z + for cpu in $(expand_cpulist "$(cat /sys/devices/system/cpu/online)")
2026-09-22T20:05:58.5639215Z + [[ ,0,1,48,49, == *\,\9\5\,* ]]
2026-09-22T20:05:58.5639504Z + bench+=("$cpu")
2026-09-22T20:05:58.5639760Z ++ IFS=,
2026-09-22T20:05:58.5640463Z ++ echo 2,3,4,5,6,7,8,9,10,11,12,13,14,15,16,17,18,19,20,21,22,23,24,25,26,27,28,29,30,31,32,33,34,35,36,37,38,39,40,41,42,43,44,45,46,47,50,51,52,53,54,55,56,57,58,59,60,61,62,63,64,65,66,67,68,69,70,71,72,73,74,75,76,77,78,79,80,81,82,83,84,85,86,87,88,89,90,91,92,93,94,95
2026-09-22T20:05:58.5641674Z + BENCH_CPUS=2,3,4,5,6,7,8,9,10,11,12,13,14,15,16,17,18,19,20,21,22,23,24,25,26,27,28,29,30,31,32,33,34,35,36,37,38,39,40,41,42,43,44,45,46,47,50,51,52,53,54,55,56,57,58,59,60,61,62,63,64,65,66,67,68,69,70,71,72,73,74,75,76,77,78,79,80,81,82,83,84,85,86,87,88,89,90,91,92,93,94,95
2026-09-22T20:05:58.5642443Z + NET_IRQS=()
2026-09-22T20:05:58.5642714Z + declare -A NET_IRQS
2026-09-22T20:05:58.5642999Z + bench_cpu_arr=()
2026-09-22T20:05:58.5643260Z + IFS=
2026-09-22T20:05:58.5643502Z + read -r cpu
2026-09-22T20:05:58.5644212Z ++ expand_cpulist 2,3,4,5,6,7,8,9,10,11,12,13,14,15,16,17,18,19,20,21,22,23,24,25,26,27,28,29,30,31,32,33,34,35,36,37,38,39,40,41,42,43,44,45,46,47,50,51,52,53,54,55,56,57,58,59,60,61,62,63,64,65,66,67,68,69,70,71,72,73,74,75,76,77,78,79,80,81,82,83,84,85,86,87,88,89,90,91,92,93,94,95
2026-09-22T20:05:58.5645419Z ++ [[ -n 2,3,4,5,6,7,8,9,10,11,12,13,14,15,16,17,18,19,20,21,22,23,24,25,26,27,28,29,30,31,32,33,34,35,36,37,38,39,40,41,42,43,44,45,46,47,50,51,52,53,54,55,56,57,58,59,60,61,62,63,64,65,66,67,68,69,70,71,72,73,74,75,76,77,78,79,80,81,82,83,84,85,86,87,88,89,90,91,92,93,94,95 ]]
2026-09-22T20:05:58.5646165Z ++ local parts part
2026-09-22T20:05:58.5646424Z ++ IFS=,
2026-09-22T20:05:58.5646662Z ++ read -ra parts
2026-09-22T20:05:58.5646939Z ++ for part in "${parts[@]}"
2026-09-22T20:05:58.5647234Z ++ seq 2 2
2026-09-22T20:05:58.5647522Z + bench_cpu_arr+=("$cpu")
2026-09-22T20:05:58.5647990Z + IFS=
2026-09-22T20:05:58.5648228Z + read -r cpu
2026-09-22T20:05:58.5648491Z ++ for part in "${parts[@]}"
2026-09-22T20:05:58.5648789Z ++ seq 3 3
2026-09-22T20:05:58.5649033Z + bench_cpu_arr+=("$cpu")
2026-09-22T20:05:58.5649310Z + IFS=
2026-09-22T20:05:58.5649552Z + read -r cpu
2026-09-22T20:05:58.5649805Z ++ for part in "${parts[@]}"
2026-09-22T20:05:58.5650092Z ++ seq 4 4
2026-09-22T20:05:58.5650389Z + bench_cpu_arr+=("$cpu")
2026-09-22T20:05:58.5650673Z + IFS=
2026-09-22T20:05:58.5650902Z + read -r cpu
2026-09-22T20:05:58.5651156Z ++ for part in "${parts[@]}"
2026-09-22T20:05:58.5651447Z ++ seq 5 5
2026-09-22T20:05:58.5651687Z + bench_cpu_arr+=("$cpu")
2026-09-22T20:05:58.5651954Z + IFS=
2026-09-22T20:05:58.5652182Z + read -r cpu
2026-09-22T20:05:58.5652440Z ++ for part in "${parts[@]}"
2026-09-22T20:05:58.5652738Z ++ seq 6 6
2026-09-22T20:05:58.5652982Z + bench_cpu_arr+=("$cpu")
2026-09-22T20:05:58.5653265Z + IFS=
2026-09-22T20:05:58.5653497Z + read -r cpu
2026-09-22T20:05:58.5653760Z ++ for part in "${parts[@]}"
2026-09-22T20:05:58.5654042Z ++ seq 7 7
2026-09-22T20:05:58.5654298Z + bench_cpu_arr+=("$cpu")
2026-09-22T20:05:58.5654569Z + IFS=
2026-09-22T20:05:58.5654803Z + read -r cpu
2026-09-22T20:05:58.5655068Z ++ for part in "${parts[@]}"
2026-09-22T20:05:58.5655350Z ++ seq 8 8
2026-09-22T20:05:58.5655597Z + bench_cpu_arr+=("$cpu")
2026-09-22T20:05:58.5655869Z + IFS=
2026-09-22T20:05:58.5656111Z + read -r cpu
2026-09-22T20:05:58.5656368Z ++ for part in "${parts[@]}"
2026-09-22T20:05:58.5656650Z ++ seq 9 9
2026-09-22T20:05:58.5656908Z + bench_cpu_arr+=("$cpu")
2026-09-22T20:05:58.5657176Z + IFS=
2026-09-22T20:05:58.5657409Z + read -r cpu
2026-09-22T20:05:58.5657663Z ++ for part in "${parts[@]}"
2026-09-22T20:05:58.5657987Z ++ seq 10 10
2026-09-22T20:05:58.5658243Z + bench_cpu_arr+=("$cpu")
2026-09-22T20:05:58.5658513Z + IFS=
2026-09-22T20:05:58.5658753Z + read -r cpu
2026-09-22T20:05:58.5659006Z ++ for part in "${parts[@]}"
2026-09-22T20:05:58.5659295Z ++ seq 11 11
2026-09-22T20:05:58.5659550Z + bench_cpu_arr+=("$cpu")
2026-09-22T20:05:58.5659835Z + IFS=
2026-09-22T20:05:58.5660071Z + read -r cpu
2026-09-22T20:05:58.5660329Z ++ for part in "${parts[@]}"
2026-09-22T20:05:58.5660627Z ++ seq 12 12
2026-09-22T20:05:58.5660878Z + bench_cpu_arr+=("$cpu")
2026-09-22T20:05:58.5661151Z + IFS=
2026-09-22T20:05:58.5661380Z + read -r cpu
2026-09-22T20:05:58.5661647Z ++ for part in "${parts[@]}"
2026-09-22T20:05:58.5661940Z ++ seq 13 13
2026-09-22T20:05:58.5662189Z + bench_cpu_arr+=("$cpu")
2026-09-22T20:05:58.5662468Z + IFS=
2026-09-22T20:05:58.5662699Z + read -r cpu
2026-09-22T20:05:58.5662956Z ++ for part in "${parts[@]}"
2026-09-22T20:05:58.5663242Z ++ seq 14 14
2026-09-22T20:05:58.5663497Z + bench_cpu_arr+=("$cpu")
2026-09-22T20:05:58.5663765Z + IFS=
2026-09-22T20:05:58.5663995Z + read -r cpu
2026-09-22T20:05:58.5664262Z ++ for part in "${parts[@]}"
2026-09-22T20:05:58.5664547Z ++ seq 15 15
2026-09-22T20:05:58.5664792Z + bench_cpu_arr+=("$cpu")
2026-09-22T20:05:58.5665063Z + IFS=
2026-09-22T20:05:58.5665307Z + read -r cpu
2026-09-22T20:05:58.5665563Z ++ for part in "${parts[@]}"
2026-09-22T20:05:58.5665853Z ++ seq 16 16
2026-09-22T20:05:58.5666118Z + bench_cpu_arr+=("$cpu")
2026-09-22T20:05:58.5666389Z + IFS=
2026-09-22T20:05:58.5666619Z + read -r cpu
2026-09-22T20:05:58.5666875Z ++ for part in "${parts[@]}"
2026-09-22T20:05:58.5667166Z ++ seq 17 17
2026-09-22T20:05:58.5667416Z + bench_cpu_arr+=("$cpu")
2026-09-22T20:05:58.5667690Z + IFS=
2026-09-22T20:05:58.5667958Z + read -r cpu
2026-09-22T20:05:58.5668216Z ++ for part in "${parts[@]}"
2026-09-22T20:05:58.5668497Z ++ seq 18 18
2026-09-22T20:05:58.5668749Z + bench_cpu_arr+=("$cpu")
2026-09-22T20:05:58.5669027Z + IFS=
2026-09-22T20:05:58.5669255Z + read -r cpu
2026-09-22T20:05:58.5669509Z ++ for part in "${parts[@]}"
2026-09-22T20:05:58.5669807Z ++ seq 19 19
2026-09-22T20:05:58.5675408Z + bench_cpu_arr+=("$cpu")
2026-09-22T20:05:58.5675760Z + IFS=
2026-09-22T20:05:58.5676019Z + read -r cpu
2026-09-22T20:05:58.5676321Z ++ for part in "${parts[@]}"
2026-09-22T20:05:58.5676878Z ++ seq 20 20
2026-09-22T20:05:58.5681132Z + bench_cpu_arr+=("$cpu")
2026-09-22T20:05:58.5681447Z + IFS=
2026-09-22T20:05:58.5681695Z + read -r cpu
2026-09-22T20:05:58.5681965Z ++ for part in "${parts[@]}"
2026-09-22T20:05:58.5682266Z ++ seq 21 21
2026-09-22T20:05:58.5688826Z + bench_cpu_arr+=("$cpu")
2026-09-22T20:05:58.5689110Z + IFS=
2026-09-22T20:05:58.5689357Z + read -r cpu
2026-09-22T20:05:58.5689703Z ++ for part in "${parts[@]}"
2026-09-22T20:05:58.5690002Z ++ seq 22 22
2026-09-22T20:05:58.5698495Z + bench_cpu_arr+=("$cpu")
2026-09-22T20:05:58.5698783Z + IFS=
2026-09-22T20:05:58.5699020Z + read -r cpu
2026-09-22T20:05:58.5699304Z ++ for part in "${parts[@]}"
2026-09-22T20:05:58.5699610Z ++ seq 23 23
2026-09-22T20:05:58.5705633Z + bench_cpu_arr+=("$cpu")
2026-09-22T20:05:58.5705912Z + IFS=
2026-09-22T20:05:58.5706156Z + read -r cpu
2026-09-22T20:05:58.5706418Z ++ for part in "${parts[@]}"
2026-09-22T20:05:58.5706704Z ++ seq 24 24
2026-09-22T20:05:58.5712570Z + bench_cpu_arr+=("$cpu")
2026-09-22T20:05:58.5712849Z + IFS=
2026-09-22T20:05:58.5713081Z + read -r cpu
2026-09-22T20:05:58.5713342Z ++ for part in "${parts[@]}"
2026-09-22T20:05:58.5713638Z ++ seq 25 25
2026-09-22T20:05:58.5720008Z + bench_cpu_arr+=("$cpu")
2026-09-22T20:05:58.5720280Z + IFS=
2026-09-22T20:05:58.5720522Z + read -r cpu
2026-09-22T20:05:58.5720797Z ++ for part in "${parts[@]}"
2026-09-22T20:05:58.5721086Z ++ seq 26 26
2026-09-22T20:05:58.5727163Z + bench_cpu_arr+=("$cpu")
2026-09-22T20:05:58.5727437Z + IFS=
2026-09-22T20:05:58.5727666Z + read -r cpu
2026-09-22T20:05:58.5728018Z ++ for part in "${parts[@]}"
2026-09-22T20:05:58.5728306Z ++ seq 27 27
2026-09-22T20:05:58.5734631Z + bench_cpu_arr+=("$cpu")
2026-09-22T20:05:58.5734990Z + IFS=
2026-09-22T20:05:58.5735270Z + read -r cpu
2026-09-22T20:05:58.5735568Z ++ for part in "${parts[@]}"
2026-09-22T20:05:58.5735884Z ++ seq 28 28
2026-09-22T20:05:58.5741473Z + bench_cpu_arr+=("$cpu")
2026-09-22T20:05:58.5741771Z + IFS=
2026-09-22T20:05:58.5742014Z + read -r cpu
2026-09-22T20:05:58.5742324Z ++ for part in "${parts[@]}"
2026-09-22T20:05:58.5742618Z ++ seq 29 29
2026-09-22T20:05:58.5748778Z + bench_cpu_arr+=("$cpu")
2026-09-22T20:05:58.5749079Z + IFS=
2026-09-22T20:05:58.5749318Z + read -r cpu
2026-09-22T20:05:58.5749587Z ++ for part in "${parts[@]}"
2026-09-22T20:05:58.5749878Z ++ seq 30 30
2026-09-22T20:05:58.5755899Z + bench_cpu_arr+=("$cpu")
2026-09-22T20:05:58.5756192Z + IFS=
2026-09-22T20:05:58.5756427Z + read -r cpu
2026-09-22T20:05:58.5756702Z ++ for part in "${parts[@]}"
2026-09-22T20:05:58.5756990Z ++ seq 31 31
2026-09-22T20:05:58.5763157Z + bench_cpu_arr+=("$cpu")
2026-09-22T20:05:58.5763439Z + IFS=
2026-09-22T20:05:58.5763676Z + read -r cpu
2026-09-22T20:05:58.5763936Z ++ for part in "${parts[@]}"
2026-09-22T20:05:58.5764222Z ++ seq 32 32
2026-09-22T20:05:58.5770928Z + bench_cpu_arr+=("$cpu")
2026-09-22T20:05:58.5771209Z + IFS=
2026-09-22T20:05:58.5771447Z + read -r cpu
2026-09-22T20:05:58.5771724Z ++ for part in "${parts[@]}"
2026-09-22T20:05:58.5772022Z ++ seq 33 33
2026-09-22T20:05:58.5778006Z + bench_cpu_arr+=("$cpu")
2026-09-22T20:05:58.5778289Z + IFS=
2026-09-22T20:05:58.5778524Z + read -r cpu
2026-09-22T20:05:58.5778786Z ++ for part in "${parts[@]}"
2026-09-22T20:05:58.5779078Z ++ seq 34 34
2026-09-22T20:05:58.5784958Z + bench_cpu_arr+=("$cpu")
2026-09-22T20:05:58.5785238Z + IFS=
2026-09-22T20:05:58.5785476Z + read -r cpu
2026-09-22T20:05:58.5785758Z ++ for part in "${parts[@]}"
2026-09-22T20:05:58.5786051Z ++ seq 35 35
2026-09-22T20:05:58.5792131Z + bench_cpu_arr+=("$cpu")
2026-09-22T20:05:58.5792413Z + IFS=
2026-09-22T20:05:58.5792650Z + read -r cpu
2026-09-22T20:05:58.5792913Z ++ for part in "${parts[@]}"
2026-09-22T20:05:58.5793209Z ++ seq 36 36
2026-09-22T20:05:58.5799100Z + bench_cpu_arr+=("$cpu")
2026-09-22T20:05:58.5799377Z + IFS=
2026-09-22T20:05:58.5799608Z + read -r cpu
2026-09-22T20:05:58.5799897Z ++ for part in "${parts[@]}"
2026-09-22T20:05:58.5800191Z ++ seq 37 37
2026-09-22T20:05:58.5806254Z + bench_cpu_arr+=("$cpu")
2026-09-22T20:05:58.5806788Z + IFS=
2026-09-22T20:05:58.5807023Z + read -r cpu
2026-09-22T20:05:58.5807285Z ++ for part in "${parts[@]}"
2026-09-22T20:05:58.5807578Z ++ seq 38 38
2026-09-22T20:05:58.5813316Z + bench_cpu_arr+=("$cpu")
2026-09-22T20:05:58.5813589Z + IFS=
2026-09-22T20:05:58.5813831Z + read -r cpu
2026-09-22T20:05:58.5814092Z ++ for part in "${parts[@]}"
2026-09-22T20:05:58.5814380Z ++ seq 39 39
2026-09-22T20:05:58.5820560Z + bench_cpu_arr+=("$cpu")
2026-09-22T20:05:58.5820850Z + IFS=
2026-09-22T20:05:58.5821083Z + read -r cpu
2026-09-22T20:05:58.5821342Z ++ for part in "${parts[@]}"
2026-09-22T20:05:58.5821633Z ++ seq 40 40
2026-09-22T20:05:58.5827606Z + bench_cpu_arr+=("$cpu")
2026-09-22T20:05:58.5827907Z + IFS=
2026-09-22T20:05:58.5828148Z + read -r cpu
2026-09-22T20:05:58.5828418Z ++ for part in "${parts[@]}"
2026-09-22T20:05:58.5828706Z ++ seq 41 41
2026-09-22T20:05:58.5834757Z + bench_cpu_arr+=("$cpu")
2026-09-22T20:05:58.5835031Z + IFS=
2026-09-22T20:05:58.5835268Z + read -r cpu
2026-09-22T20:05:58.5835532Z ++ for part in "${parts[@]}"
2026-09-22T20:05:58.5835830Z ++ seq 42 42
2026-09-22T20:05:58.5844691Z + bench_cpu_arr+=("$cpu")
2026-09-22T20:05:58.5844966Z + IFS=
2026-09-22T20:05:58.5845206Z + read -r cpu
2026-09-22T20:05:58.5845480Z ++ for part in "${parts[@]}"
2026-09-22T20:05:58.5845772Z ++ seq 43 43
2026-09-22T20:05:58.5854519Z + bench_cpu_arr+=("$cpu")
2026-09-22T20:05:58.5854792Z + IFS=
2026-09-22T20:05:58.5855025Z + read -r cpu
2026-09-22T20:05:58.5855336Z ++ for part in "${parts[@]}"
2026-09-22T20:05:58.5855630Z ++ seq 44 44
2026-09-22T20:05:58.5862073Z + bench_cpu_arr+=("$cpu")
2026-09-22T20:05:58.5862358Z + IFS=
2026-09-22T20:05:58.5862586Z + read -r cpu
2026-09-22T20:05:58.5862846Z ++ for part in "${parts[@]}"
2026-09-22T20:05:58.5863130Z ++ seq 45 45
2026-09-22T20:05:58.5872010Z + bench_cpu_arr+=("$cpu")
2026-09-22T20:05:58.5872284Z + IFS=
2026-09-22T20:05:58.5872514Z + read -r cpu
2026-09-22T20:05:58.5872799Z ++ for part in "${parts[@]}"
2026-09-22T20:05:58.5873092Z ++ seq 46 46
2026-09-22T20:05:58.5881817Z + bench_cpu_arr+=("$cpu")
2026-09-22T20:05:58.5882098Z + IFS=
2026-09-22T20:05:58.5882331Z + read -r cpu
2026-09-22T20:05:58.5882603Z ++ for part in "${parts[@]}"
2026-09-22T20:05:58.5882899Z ++ seq 47 47
2026-09-22T20:05:58.5888835Z + bench_cpu_arr+=("$cpu")
2026-09-22T20:05:58.5889111Z + IFS=
2026-09-22T20:05:58.5889348Z + read -r cpu
2026-09-22T20:05:58.5889605Z ++ for part in "${parts[@]}"
2026-09-22T20:05:58.5889894Z ++ seq 50 50
2026-09-22T20:05:58.5896241Z + bench_cpu_arr+=("$cpu")
2026-09-22T20:05:58.5896527Z + IFS=
2026-09-22T20:05:58.5896756Z + read -r cpu
2026-09-22T20:05:58.5897014Z ++ for part in "${parts[@]}"
2026-09-22T20:05:58.5897311Z ++ seq 51 51
2026-09-22T20:05:58.5904151Z + bench_cpu_arr+=("$cpu")
2026-09-22T20:05:58.5904422Z + IFS=
2026-09-22T20:05:58.5904668Z + read -r cpu
2026-09-22T20:05:58.5904943Z ++ for part in "${parts[@]}"
2026-09-22T20:05:58.5905237Z ++ seq 52 52
2026-09-22T20:05:58.5911530Z + bench_cpu_arr+=("$cpu")
2026-09-22T20:05:58.5911807Z + IFS=
2026-09-22T20:05:58.5912048Z + read -r cpu
2026-09-22T20:05:58.5912311Z ++ for part in "${parts[@]}"
2026-09-22T20:05:58.5912610Z ++ seq 53 53
2026-09-22T20:05:58.5918999Z + bench_cpu_arr+=("$cpu")
2026-09-22T20:05:58.5919276Z + IFS=
2026-09-22T20:05:58.5919517Z + read -r cpu
2026-09-22T20:05:58.5919778Z ++ for part in "${parts[@]}"
2026-09-22T20:05:58.5920059Z ++ seq 54 54
2026-09-22T20:05:58.5928911Z + bench_cpu_arr+=("$cpu")
2026-09-22T20:05:58.5929189Z + IFS=
2026-09-22T20:05:58.5929421Z + read -r cpu
2026-09-22T20:05:58.5929703Z ++ for part in "${parts[@]}"
2026-09-22T20:05:58.5929992Z ++ seq 55 55
2026-09-22T20:05:58.5935901Z + bench_cpu_arr+=("$cpu")
2026-09-22T20:05:58.5936186Z + IFS=
2026-09-22T20:05:58.5936416Z + read -r cpu
2026-09-22T20:05:58.5936683Z ++ for part in "${parts[@]}"
2026-09-22T20:05:58.5936973Z ++ seq 56 56
2026-09-22T20:05:58.5943051Z + bench_cpu_arr+=("$cpu")
2026-09-22T20:05:58.5943329Z + IFS=
2026-09-22T20:05:58.5943563Z + read -r cpu
2026-09-22T20:05:58.5943829Z ++ for part in "${parts[@]}"
2026-09-22T20:05:58.5944293Z ++ seq 57 57
2026-09-22T20:05:58.5950635Z + bench_cpu_arr+=("$cpu")
2026-09-22T20:05:58.5950919Z + IFS=
2026-09-22T20:05:58.5951151Z + read -r cpu
2026-09-22T20:05:58.5951413Z ++ for part in "${parts[@]}"
2026-09-22T20:05:58.5951700Z ++ seq 58 58
2026-09-22T20:05:58.5957687Z + bench_cpu_arr+=("$cpu")
2026-09-22T20:05:58.5958002Z + IFS=
2026-09-22T20:05:58.5958233Z + read -r cpu
2026-09-22T20:05:58.5958764Z ++ for part in "${parts[@]}"
2026-09-22T20:05:58.5959058Z ++ seq 59 59
2026-09-22T20:05:58.5964853Z + bench_cpu_arr+=("$cpu")
2026-09-22T20:05:58.5965135Z + IFS=
2026-09-22T20:05:58.5965368Z + read -r cpu
2026-09-22T20:05:58.5965627Z ++ for part in "${parts[@]}"
2026-09-22T20:05:58.5965922Z ++ seq 60 60
2026-09-22T20:05:58.5972096Z + bench_cpu_arr+=("$cpu")
2026-09-22T20:05:58.5972375Z + IFS=
2026-09-22T20:05:58.5972605Z + read -r cpu
2026-09-22T20:05:58.5972876Z ++ for part in "${parts[@]}"
2026-09-22T20:05:58.5973161Z ++ seq 61 61
2026-09-22T20:05:58.5979537Z + bench_cpu_arr+=("$cpu")
2026-09-22T20:05:58.5979919Z + IFS=
2026-09-22T20:05:58.5980193Z + read -r cpu
2026-09-22T20:05:58.5980488Z ++ for part in "${parts[@]}"
2026-09-22T20:05:58.5980806Z ++ seq 62 62
2026-09-22T20:05:58.5986188Z + bench_cpu_arr+=("$cpu")
2026-09-22T20:05:58.5986487Z + IFS=
2026-09-22T20:05:58.5986741Z + read -r cpu
2026-09-22T20:05:58.5987028Z ++ for part in "${parts[@]}"
2026-09-22T20:05:58.5987327Z ++ seq 63 63
2026-09-22T20:05:58.5993655Z + bench_cpu_arr+=("$cpu")
2026-09-22T20:05:58.5993952Z + IFS=
2026-09-22T20:05:58.5994194Z + read -r cpu
2026-09-22T20:05:58.5994460Z ++ for part in "${parts[@]}"
2026-09-22T20:05:58.5994747Z ++ seq 64 64
2026-09-22T20:05:58.6000898Z + bench_cpu_arr+=("$cpu")
2026-09-22T20:05:58.6001181Z + IFS=
2026-09-22T20:05:58.6001417Z + read -r cpu
2026-09-22T20:05:58.6001692Z ++ for part in "${parts[@]}"
2026-09-22T20:05:58.6001981Z ++ seq 65 65
2026-09-22T20:05:58.6010887Z + bench_cpu_arr+=("$cpu")
2026-09-22T20:05:58.6011170Z + IFS=
2026-09-22T20:05:58.6011405Z + read -r cpu
2026-09-22T20:05:58.6011689Z ++ for part in "${parts[@]}"
2026-09-22T20:05:58.6011981Z ++ seq 66 66
2026-09-22T20:05:58.6018013Z + bench_cpu_arr+=("$cpu")
2026-09-22T20:05:58.6018295Z + IFS=
2026-09-22T20:05:58.6018525Z + read -r cpu
2026-09-22T20:05:58.6018796Z ++ for part in "${parts[@]}"
2026-09-22T20:05:58.6019081Z ++ seq 67 67
2026-09-22T20:05:58.6025120Z + bench_cpu_arr+=("$cpu")
2026-09-22T20:05:58.6025408Z + IFS=
2026-09-22T20:05:58.6025643Z + read -r cpu
2026-09-22T20:05:58.6025908Z ++ for part in "${parts[@]}"
2026-09-22T20:05:58.6026208Z ++ seq 68 68
2026-09-22T20:05:58.6032445Z + bench_cpu_arr+=("$cpu")
2026-09-22T20:05:58.6032725Z + IFS=
2026-09-22T20:05:58.6032961Z + read -r cpu
2026-09-22T20:05:58.6033229Z ++ for part in "${parts[@]}"
2026-09-22T20:05:58.6033516Z ++ seq 69 69
2026-09-22T20:05:58.6039485Z + bench_cpu_arr+=("$cpu")
2026-09-22T20:05:58.6039783Z + IFS=
2026-09-22T20:05:58.6040022Z + read -r cpu
2026-09-22T20:05:58.6040284Z ++ for part in "${parts[@]}"
2026-09-22T20:05:58.6040587Z ++ seq 70 70
2026-09-22T20:05:58.6049292Z + bench_cpu_arr+=("$cpu")
2026-09-22T20:05:58.6049567Z + IFS=
2026-09-22T20:05:58.6049809Z + read -r cpu
2026-09-22T20:05:58.6050123Z ++ for part in "${parts[@]}"
2026-09-22T20:05:58.6050415Z ++ seq 71 71
2026-09-22T20:05:58.6056344Z + bench_cpu_arr+=("$cpu")
2026-09-22T20:05:58.6056629Z + IFS=
2026-09-22T20:05:58.6056862Z + read -r cpu
2026-09-22T20:05:58.6057128Z ++ for part in "${parts[@]}"
2026-09-22T20:05:58.6057429Z ++ seq 72 72
2026-09-22T20:05:58.6063415Z + bench_cpu_arr+=("$cpu")
2026-09-22T20:05:58.6063691Z + IFS=
2026-09-22T20:05:58.6063931Z + read -r cpu
2026-09-22T20:05:58.6064192Z ++ for part in "${parts[@]}"
2026-09-22T20:05:58.6064478Z ++ seq 73 73
2026-09-22T20:05:58.6070200Z + bench_cpu_arr+=("$cpu")
2026-09-22T20:05:58.6070474Z + IFS=
2026-09-22T20:05:58.6070705Z + read -r cpu
2026-09-22T20:05:58.6070958Z ++ for part in "${parts[@]}"
2026-09-22T20:05:58.6071248Z ++ seq 74 74
2026-09-22T20:05:58.6077391Z + bench_cpu_arr+=("$cpu")
2026-09-22T20:05:58.6077923Z + IFS=
2026-09-22T20:05:58.6078172Z + read -r cpu
2026-09-22T20:05:58.6078442Z ++ for part in "${parts[@]}"
2026-09-22T20:05:58.6078730Z ++ seq 75 75
2026-09-22T20:05:58.6084406Z + bench_cpu_arr+=("$cpu")
2026-09-22T20:05:58.6084681Z + IFS=
2026-09-22T20:05:58.6084914Z + read -r cpu
2026-09-22T20:05:58.6085186Z ++ for part in "${parts[@]}"
2026-09-22T20:05:58.6085470Z ++ seq 76 76
2026-09-22T20:05:58.6091758Z + bench_cpu_arr+=("$cpu")
2026-09-22T20:05:58.6092049Z + IFS=
2026-09-22T20:05:58.6092302Z + read -r cpu
2026-09-22T20:05:58.6092575Z ++ for part in "${parts[@]}"
2026-09-22T20:05:58.6092870Z ++ seq 77 77
2026-09-22T20:05:58.6098626Z + bench_cpu_arr+=("$cpu")
2026-09-22T20:05:58.6098899Z + IFS=
2026-09-22T20:05:58.6099131Z + read -r cpu
2026-09-22T20:05:58.6099401Z ++ for part in "${parts[@]}"
2026-09-22T20:05:58.6099690Z ++ seq 78 78
2026-09-22T20:05:58.6105484Z + bench_cpu_arr+=("$cpu")
2026-09-22T20:05:58.6105767Z + IFS=
2026-09-22T20:05:58.6105996Z + read -r cpu
2026-09-22T20:05:58.6106264Z ++ for part in "${parts[@]}"
2026-09-22T20:05:58.6106544Z ++ seq 79 79
2026-09-22T20:05:58.6112494Z + bench_cpu_arr+=("$cpu")
2026-09-22T20:05:58.6112774Z + IFS=
2026-09-22T20:05:58.6113004Z + read -r cpu
2026-09-22T20:05:58.6113276Z ++ for part in "${parts[@]}"
2026-09-22T20:05:58.6113565Z ++ seq 80 80
2026-09-22T20:05:58.6120104Z + bench_cpu_arr+=("$cpu")
2026-09-22T20:05:58.6120388Z + IFS=
2026-09-22T20:05:58.6120624Z + read -r cpu
2026-09-22T20:05:58.6120887Z ++ for part in "${parts[@]}"
2026-09-22T20:05:58.6121183Z ++ seq 81 81
2026-09-22T20:05:58.6129835Z + bench_cpu_arr+=("$cpu")
2026-09-22T20:05:58.6130107Z + IFS=
2026-09-22T20:05:58.6130337Z + read -r cpu
2026-09-22T20:05:58.6130624Z ++ for part in "${parts[@]}"
2026-09-22T20:05:58.6130916Z ++ seq 82 82
2026-09-22T20:05:58.6136649Z + bench_cpu_arr+=("$cpu")
2026-09-22T20:05:58.6136932Z + IFS=
2026-09-22T20:05:58.6137166Z + read -r cpu
2026-09-22T20:05:58.6137423Z ++ for part in "${parts[@]}"
2026-09-22T20:05:58.6137716Z ++ seq 83 83
2026-09-22T20:05:58.6143725Z + bench_cpu_arr+=("$cpu")
2026-09-22T20:05:58.6144002Z + IFS=
2026-09-22T20:05:58.6144238Z + read -r cpu
2026-09-22T20:05:58.6144497Z ++ for part in "${parts[@]}"
2026-09-22T20:05:58.6144780Z ++ seq 84 84
2026-09-22T20:05:58.6150866Z + bench_cpu_arr+=("$cpu")
2026-09-22T20:05:58.6151152Z + IFS=
2026-09-22T20:05:58.6151382Z + read -r cpu
2026-09-22T20:05:58.6151638Z ++ for part in "${parts[@]}"
2026-09-22T20:05:58.6151945Z ++ seq 85 85
2026-09-22T20:05:58.6158068Z + bench_cpu_arr+=("$cpu")
2026-09-22T20:05:58.6158345Z + IFS=
2026-09-22T20:05:58.6158585Z + read -r cpu
2026-09-22T20:05:58.6158847Z ++ for part in "${parts[@]}"
2026-09-22T20:05:58.6159136Z ++ seq 86 86
2026-09-22T20:05:58.6167665Z + bench_cpu_arr+=("$cpu")
2026-09-22T20:05:58.6167983Z + IFS=
2026-09-22T20:05:58.6168220Z + read -r cpu
2026-09-22T20:05:58.6168494Z ++ for part in "${parts[@]}"
2026-09-22T20:05:58.6168795Z ++ seq 87 87
2026-09-22T20:05:58.6174562Z + bench_cpu_arr+=("$cpu")
2026-09-22T20:05:58.6174836Z + IFS=
2026-09-22T20:05:58.6175080Z + read -r cpu
2026-09-22T20:05:58.6175344Z ++ for part in "${parts[@]}"
2026-09-22T20:05:58.6175632Z ++ seq 88 88
2026-09-22T20:05:58.6181713Z + bench_cpu_arr+=("$cpu")
2026-09-22T20:05:58.6181989Z + IFS=
2026-09-22T20:05:58.6182218Z + read -r cpu
2026-09-22T20:05:58.6182481Z ++ for part in "${parts[@]}"
2026-09-22T20:05:58.6182769Z ++ seq 89 89
2026-09-22T20:05:58.6188873Z + bench_cpu_arr+=("$cpu")
2026-09-22T20:05:58.6189151Z + IFS=
2026-09-22T20:05:58.6189393Z + read -r cpu
2026-09-22T20:05:58.6189666Z ++ for part in "${parts[@]}"
2026-09-22T20:05:58.6189956Z ++ seq 90 90
2026-09-22T20:05:58.6196271Z + bench_cpu_arr+=("$cpu")
2026-09-22T20:05:58.6196548Z + IFS=
2026-09-22T20:05:58.6196780Z + read -r cpu
2026-09-22T20:05:58.6197050Z ++ for part in "${parts[@]}"
2026-09-22T20:05:58.6197335Z ++ seq 91 91
2026-09-22T20:05:58.6203783Z + bench_cpu_arr+=("$cpu")
2026-09-22T20:05:58.6204070Z + IFS=
2026-09-22T20:05:58.6204304Z + read -r cpu
2026-09-22T20:05:58.6204569Z ++ for part in "${parts[@]}"
2026-09-22T20:05:58.6204947Z ++ seq 92 92
2026-09-22T20:05:58.6211347Z + bench_cpu_arr+=("$cpu")
2026-09-22T20:05:58.6211626Z + IFS=
2026-09-22T20:05:58.6211860Z + read -r cpu
2026-09-22T20:05:58.6212133Z ++ for part in "${parts[@]}"
2026-09-22T20:05:58.6212420Z ++ seq 93 93
2026-09-22T20:05:58.6218347Z + bench_cpu_arr+=("$cpu")
2026-09-22T20:05:58.6218638Z + IFS=
2026-09-22T20:05:58.6218869Z + read -r cpu
2026-09-22T20:05:58.6219198Z ++ for part in "${parts[@]}"
2026-09-22T20:05:58.6219496Z ++ seq 94 94
2026-09-22T20:05:58.6228097Z + bench_cpu_arr+=("$cpu")
2026-09-22T20:05:58.6228372Z + IFS=
2026-09-22T20:05:58.6228608Z + read -r cpu
2026-09-22T20:05:58.6228887Z ++ for part in "${parts[@]}"
2026-09-22T20:05:58.6229182Z ++ seq 95 95
2026-09-22T20:05:58.6235648Z + bench_cpu_arr+=("$cpu")
2026-09-22T20:05:58.6235932Z + IFS=
2026-09-22T20:05:58.6236159Z + read -r cpu
2026-09-22T20:05:58.6240206Z + i=0
2026-09-22T20:05:58.6241167Z + for msi in /sys/class/net/*/device/msi_irqs/*
2026-09-22T20:05:58.6241589Z + [[ -e /sys/class/net/ens41/device/msi_irqs/108 ]]
2026-09-22T20:05:58.6241966Z + [[ 92 -gt 0 ]]
2026-09-22T20:05:58.6242234Z + irq=108
2026-09-22T20:05:58.6242487Z + NET_IRQS["$irq"]=1
2026-09-22T20:05:58.6242770Z + echo 2
2026-09-22T20:05:58.6243006Z + i=1
2026-09-22T20:05:58.6243294Z + for msi in /sys/class/net/*/device/msi_irqs/*
2026-09-22T20:05:58.6243689Z + [[ -e /sys/class/net/ens41/device/msi_irqs/109 ]]
2026-09-22T20:05:58.6244041Z + [[ 92 -gt 0 ]]
2026-09-22T20:05:58.6244304Z + irq=109
2026-09-22T20:05:58.6244549Z + NET_IRQS["$irq"]=1
2026-09-22T20:05:58.6244820Z + echo 3
2026-09-22T20:05:58.6245061Z + i=2
2026-09-22T20:05:58.6245330Z + for msi in /sys/class/net/*/device/msi_irqs/*
2026-09-22T20:05:58.6245717Z + [[ -e /sys/class/net/ens41/device/msi_irqs/110 ]]
2026-09-22T20:05:58.6246066Z + [[ 92 -gt 0 ]]
2026-09-22T20:05:58.6246344Z + irq=110
2026-09-22T20:05:58.6246586Z + NET_IRQS["$irq"]=1
2026-09-22T20:05:58.6246845Z + echo 4
2026-09-22T20:05:58.6247089Z + i=3
2026-09-22T20:05:58.6247361Z + for msi in /sys/class/net/*/device/msi_irqs/*
2026-09-22T20:05:58.6247749Z + [[ -e /sys/class/net/ens41/device/msi_irqs/111 ]]
2026-09-22T20:05:58.6248140Z + [[ 92 -gt 0 ]]
2026-09-22T20:05:58.6248385Z + irq=111
2026-09-22T20:05:58.6248624Z + NET_IRQS["$irq"]=1
2026-09-22T20:05:58.6248883Z + echo 5
2026-09-22T20:05:58.6249120Z + i=4
2026-09-22T20:05:58.6249393Z + for msi in /sys/class/net/*/device/msi_irqs/*
2026-09-22T20:05:58.6249781Z + [[ -e /sys/class/net/ens41/device/msi_irqs/112 ]]
2026-09-22T20:05:58.6250131Z + [[ 92 -gt 0 ]]
2026-09-22T20:05:58.6250377Z + irq=112
2026-09-22T20:05:58.6250612Z + NET_IRQS["$irq"]=1
2026-09-22T20:05:58.6250866Z + echo 6
2026-09-22T20:05:58.6251100Z + i=5
2026-09-22T20:05:58.6251369Z + for msi in /sys/class/net/*/device/msi_irqs/*
2026-09-22T20:05:58.6251745Z + [[ -e /sys/class/net/ens41/device/msi_irqs/113 ]]
2026-09-22T20:05:58.6252094Z + [[ 92 -gt 0 ]]
2026-09-22T20:05:58.6252340Z + irq=113
2026-09-22T20:05:58.6252573Z + NET_IRQS["$irq"]=1
2026-09-22T20:05:58.6252831Z + echo 7
2026-09-22T20:05:58.6253067Z + i=6
2026-09-22T20:05:58.6253336Z + for msi in /sys/class/net/*/device/msi_irqs/*
2026-09-22T20:05:58.6253712Z + [[ -e /sys/class/net/ens41/device/msi_irqs/114 ]]
2026-09-22T20:05:58.6254061Z + [[ 92 -gt 0 ]]
2026-09-22T20:05:58.6254305Z + irq=114
2026-09-22T20:05:58.6254542Z + NET_IRQS["$irq"]=1
2026-09-22T20:05:58.6254796Z + echo 8
2026-09-22T20:05:58.6255029Z + i=7
2026-09-22T20:05:58.6255300Z + for msi in /sys/class/net/*/device/msi_irqs/*
2026-09-22T20:05:58.6255678Z + [[ -e /sys/class/net/ens41/device/msi_irqs/115 ]]
2026-09-22T20:05:58.6256033Z + [[ 92 -gt 0 ]]
2026-09-22T20:05:58.6256282Z + irq=115
2026-09-22T20:05:58.6256518Z + NET_IRQS["$irq"]=1
2026-09-22T20:05:58.6256770Z + echo 9
2026-09-22T20:05:58.6257007Z + i=8
2026-09-22T20:05:58.6257279Z + for msi in /sys/class/net/*/device/msi_irqs/*
2026-09-22T20:05:58.6257650Z + [[ -e /sys/class/net/ens41/device/msi_irqs/116 ]]
2026-09-22T20:05:58.6258091Z + [[ 92 -gt 0 ]]
2026-09-22T20:05:58.6258350Z + irq=116
2026-09-22T20:05:58.6258716Z + NET_IRQS["$irq"]=1
2026-09-22T20:05:58.6258985Z + echo 10
2026-09-22T20:05:58.6259220Z + i=9
2026-09-22T20:05:58.6259501Z + for msi in /sys/class/net/*/device/msi_irqs/*
2026-09-22T20:05:58.6259885Z + [[ -e /sys/class/net/ens41/device/msi_irqs/117 ]]
2026-09-22T20:05:58.6260243Z + [[ 92 -gt 0 ]]
2026-09-22T20:05:58.6260492Z + irq=117
2026-09-22T20:05:58.6260732Z + NET_IRQS["$irq"]=1
2026-09-22T20:05:58.6261063Z + echo 11
2026-09-22T20:05:58.6261332Z + i=10
2026-09-22T20:05:58.6261605Z + for msi in /sys/class/net/*/device/msi_irqs/*
2026-09-22T20:05:58.6261990Z + [[ -e /sys/class/net/ens41/device/msi_irqs/118 ]]
2026-09-22T20:05:58.6262330Z + [[ 92 -gt 0 ]]
2026-09-22T20:05:58.6262581Z + irq=118
2026-09-22T20:05:58.6262827Z + NET_IRQS["$irq"]=1
2026-09-22T20:05:58.6263080Z + echo 12
2026-09-22T20:05:58.6263310Z + i=11
2026-09-22T20:05:58.6263588Z + for msi in /sys/class/net/*/device/msi_irqs/*
2026-09-22T20:05:58.6263976Z + [[ -e /sys/class/net/ens41/device/msi_irqs/119 ]]
2026-09-22T20:05:58.6264321Z + [[ 92 -gt 0 ]]
2026-09-22T20:05:58.6264565Z + irq=119
2026-09-22T20:05:58.6264812Z + NET_IRQS["$irq"]=1
2026-09-22T20:05:58.6265066Z + echo 13
2026-09-22T20:05:58.6265296Z + i=12
2026-09-22T20:05:58.6265563Z + for msi in /sys/class/net/*/device/msi_irqs/*
2026-09-22T20:05:58.6265951Z + [[ -e /sys/class/net/ens41/device/msi_irqs/120 ]]
2026-09-22T20:05:58.6266295Z + [[ 92 -gt 0 ]]
2026-09-22T20:05:58.6266543Z + irq=120
2026-09-22T20:05:58.6266788Z + NET_IRQS["$irq"]=1
2026-09-22T20:05:58.6267047Z + echo 14
2026-09-22T20:05:58.6267277Z + i=13
2026-09-22T20:05:58.6267544Z + for msi in /sys/class/net/*/device/msi_irqs/*
2026-09-22T20:05:58.6267970Z + [[ -e /sys/class/net/ens41/device/msi_irqs/121 ]]
2026-09-22T20:05:58.6268315Z + [[ 92 -gt 0 ]]
2026-09-22T20:05:58.6268559Z + irq=121
2026-09-22T20:05:58.6268804Z + NET_IRQS["$irq"]=1
2026-09-22T20:05:58.6269062Z + echo 15
2026-09-22T20:05:58.6269289Z + i=14
2026-09-22T20:05:58.6269558Z + for msi in /sys/class/net/*/device/msi_irqs/*
2026-09-22T20:05:58.6269961Z + [[ -e /sys/class/net/ens41/device/msi_irqs/122 ]]
2026-09-22T20:05:58.6270302Z + [[ 92 -gt 0 ]]
2026-09-22T20:05:58.6270551Z + irq=122
2026-09-22T20:05:58.6270792Z + NET_IRQS["$irq"]=1
2026-09-22T20:05:58.6271044Z + echo 16
2026-09-22T20:05:58.6271272Z + i=15
2026-09-22T20:05:58.6271539Z + for msi in /sys/class/net/*/device/msi_irqs/*
2026-09-22T20:05:58.6271933Z + [[ -e /sys/class/net/ens41/device/msi_irqs/123 ]]
2026-09-22T20:05:58.6272282Z + [[ 92 -gt 0 ]]
2026-09-22T20:05:58.6272524Z + irq=123
2026-09-22T20:05:58.6272766Z + NET_IRQS["$irq"]=1
2026-09-22T20:05:58.6273021Z + echo 17
2026-09-22T20:05:58.6273247Z + i=16
2026-09-22T20:05:58.6273519Z + for msi in /sys/class/net/*/device/msi_irqs/*
2026-09-22T20:05:58.6273901Z + [[ -e /sys/class/net/ens41/device/msi_irqs/124 ]]
2026-09-22T20:05:58.6274241Z + [[ 92 -gt 0 ]]
2026-09-22T20:05:58.6274484Z + irq=124
2026-09-22T20:05:58.6274725Z + NET_IRQS["$irq"]=1
2026-09-22T20:05:58.6274978Z + echo 18
2026-09-22T20:05:58.6275204Z + i=17
2026-09-22T20:05:58.6275492Z + for f in /proc/irq/[0-9]*/smp_affinity_list
2026-09-22T20:05:58.6275852Z + irq=0/smp_affinity_list
2026-09-22T20:05:58.6276141Z + irq=0
2026-09-22T20:05:58.6276377Z + [[ -n '' ]]
2026-09-22T20:05:58.6276639Z + echo 0,1,48,49
2026-09-22T20:05:58.6276883Z + true
2026-09-22T20:05:58.6277156Z + for f in /proc/irq/[0-9]*/smp_affinity_list
2026-09-22T20:05:58.6277515Z + irq=1/smp_affinity_list
2026-09-22T20:05:58.6277803Z + irq=1
2026-09-22T20:05:58.6278073Z + [[ -n '' ]]
2026-09-22T20:05:58.6278321Z + echo 0,1,48,49
2026-09-22T20:05:58.6278614Z + for f in /proc/irq/[0-9]*/smp_affinity_list
2026-09-22T20:05:58.6278966Z + irq=10/smp_affinity_list
2026-09-22T20:05:58.6279252Z + irq=10
2026-09-22T20:05:58.6279499Z + [[ -n '' ]]
2026-09-22T20:05:58.6279743Z + echo 0,1,48,49
2026-09-22T20:05:58.6280022Z + for f in /proc/irq/[0-9]*/smp_affinity_list
2026-09-22T20:05:58.6280386Z + irq=100/smp_affinity_list
2026-09-22T20:05:58.6280690Z + irq=100
2026-09-22T20:05:58.6280923Z + [[ -n '' ]]
2026-09-22T20:05:58.6281256Z + echo 0,1,48,49
2026-09-22T20:05:58.6281546Z + for f in /proc/irq/[0-9]*/smp_affinity_list
2026-09-22T20:05:58.6281890Z + irq=101/smp_affinity_list
2026-09-22T20:05:58.6282179Z + irq=101
2026-09-22T20:05:58.6282411Z + [[ -n '' ]]
2026-09-22T20:05:58.6282666Z + echo 0,1,48,49
2026-09-22T20:05:58.6282949Z + for f in /proc/irq/[0-9]*/smp_affinity_list
2026-09-22T20:05:58.6283290Z + irq=102/smp_affinity_list
2026-09-22T20:05:58.6283642Z + irq=102
2026-09-22T20:05:58.6283883Z + [[ -n '' ]]
2026-09-22T20:05:58.6284131Z + echo 0,1,48,49
2026-09-22T20:05:58.6284407Z + for f in /proc/irq/[0-9]*/smp_affinity_list
2026-09-22T20:05:58.6284757Z + irq=103/smp_affinity_list
2026-09-22T20:05:58.6285046Z + irq=103
2026-09-22T20:05:58.6285281Z + [[ -n '' ]]
2026-09-22T20:05:58.6285531Z + echo 0,1,48,49
2026-09-22T20:05:58.6285809Z + for f in /proc/irq/[0-9]*/smp_affinity_list
2026-09-22T20:05:58.6286147Z + irq=104/smp_affinity_list
2026-09-22T20:05:58.6286425Z + irq=104
2026-09-22T20:05:58.6286668Z + [[ -n '' ]]
2026-09-22T20:05:58.6286919Z + echo 0,1,48,49
2026-09-22T20:05:58.6287198Z + for f in /proc/irq/[0-9]*/smp_affinity_list
2026-09-22T20:05:58.6287549Z + irq=105/smp_affinity_list
2026-09-22T20:05:58.6287834Z + irq=105
2026-09-22T20:05:58.6288101Z + [[ -n '' ]]
2026-09-22T20:05:58.6288346Z + echo 0,1,48,49
2026-09-22T20:05:58.6288638Z + for f in /proc/irq/[0-9]*/smp_affinity_list
2026-09-22T20:05:58.6288982Z + irq=106/smp_affinity_list
2026-09-22T20:05:58.6289260Z + irq=106
2026-09-22T20:05:58.6289501Z + [[ -n '' ]]
2026-09-22T20:05:58.6289746Z + echo 0,1,48,49
2026-09-22T20:05:58.6289993Z + true
2026-09-22T20:05:58.6290271Z + for f in /proc/irq/[0-9]*/smp_affinity_list
2026-09-22T20:05:58.6290784Z + irq=107/smp_affinity_list
2026-09-22T20:05:58.6291069Z + irq=107
2026-09-22T20:05:58.6291314Z + [[ -n '' ]]
2026-09-22T20:05:58.6291579Z + echo 0,1,48,49
2026-09-22T20:05:58.6291833Z + true
2026-09-22T20:05:58.6292102Z + for f in /proc/irq/[0-9]*/smp_affinity_list
2026-09-22T20:05:58.6292451Z + irq=108/smp_affinity_list
2026-09-22T20:05:58.6292747Z + irq=108
2026-09-22T20:05:58.6292982Z + [[ -n 1 ]]
2026-09-22T20:05:58.6293231Z + continue
2026-09-22T20:05:58.6293507Z + for f in /proc/irq/[0-9]*/smp_affinity_list
2026-09-22T20:05:58.6293848Z + irq=109/smp_affinity_list
2026-09-22T20:05:58.6294255Z + irq=109
2026-09-22T20:05:58.6294501Z + [[ -n 1 ]]
2026-09-22T20:05:58.6294746Z + continue
2026-09-22T20:05:58.6295025Z + for f in /proc/irq/[0-9]*/smp_affinity_list
2026-09-22T20:05:58.6295379Z + irq=11/smp_affinity_list
2026-09-22T20:05:58.6295670Z + irq=11
2026-09-22T20:05:58.6295900Z + [[ -n '' ]]
2026-09-22T20:05:58.6296140Z + echo 0,1,48,49
2026-09-22T20:05:58.6296425Z + for f in /proc/irq/[0-9]*/smp_affinity_list
2026-09-22T20:05:58.6296762Z + irq=110/smp_affinity_list
2026-09-22T20:05:58.6297036Z + irq=110
2026-09-22T20:05:58.6297266Z + [[ -n 1 ]]
2026-09-22T20:05:58.6297512Z + continue
2026-09-22T20:05:58.6297776Z + for f in /proc/irq/[0-9]*/smp_affinity_list
2026-09-22T20:05:58.6298187Z + irq=111/smp_affinity_list
2026-09-22T20:05:58.6298485Z + irq=111
2026-09-22T20:05:58.6298717Z + [[ -n 1 ]]
2026-09-22T20:05:58.6298956Z + continue
2026-09-22T20:05:58.6299224Z + for f in /proc/irq/[0-9]*/smp_affinity_list
2026-09-22T20:05:58.6299569Z + irq=112/smp_affinity_list
2026-09-22T20:05:58.6299846Z + irq=112
2026-09-22T20:05:58.6300078Z + [[ -n 1 ]]
2026-09-22T20:05:58.6300331Z + continue
2026-09-22T20:05:58.6300605Z + for f in /proc/irq/[0-9]*/smp_affinity_list
2026-09-22T20:05:58.6300945Z + irq=113/smp_affinity_list
2026-09-22T20:05:58.6301218Z + irq=113
2026-09-22T20:05:58.6301456Z + [[ -n 1 ]]
2026-09-22T20:05:58.6301693Z + continue
2026-09-22T20:05:58.6301957Z + for f in /proc/irq/[0-9]*/smp_affinity_list
2026-09-22T20:05:58.6302302Z + irq=114/smp_affinity_list
2026-09-22T20:05:58.6302575Z + irq=114
2026-09-22T20:05:58.6302805Z + [[ -n 1 ]]
2026-09-22T20:05:58.6303044Z + continue
2026-09-22T20:05:58.6303317Z + for f in /proc/irq/[0-9]*/smp_affinity_list
2026-09-22T20:05:58.6303655Z + irq=115/smp_affinity_list
2026-09-22T20:05:58.6304016Z + irq=115
2026-09-22T20:05:58.6304259Z + [[ -n 1 ]]
2026-09-22T20:05:58.6304499Z + continue
2026-09-22T20:05:58.6304768Z + for f in /proc/irq/[0-9]*/smp_affinity_list
2026-09-22T20:05:58.6305118Z + irq=116/smp_affinity_list
2026-09-22T20:05:58.6305399Z + irq=116
2026-09-22T20:05:58.6305634Z + [[ -n 1 ]]
2026-09-22T20:05:58.6305875Z + continue
2026-09-22T20:05:58.6306210Z + for f in /proc/irq/[0-9]*/smp_affinity_list
2026-09-22T20:05:58.6306554Z + irq=117/smp_affinity_list
2026-09-22T20:05:58.6306834Z + irq=117
2026-09-22T20:05:58.6307068Z + [[ -n 1 ]]
2026-09-22T20:05:58.6307302Z + continue
2026-09-22T20:05:58.6307572Z + for f in /proc/irq/[0-9]*/smp_affinity_list
2026-09-22T20:05:58.6307950Z + irq=118/smp_affinity_list
2026-09-22T20:05:58.6308237Z + irq=118
2026-09-22T20:05:58.6308465Z + [[ -n 1 ]]
2026-09-22T20:05:58.6308699Z + continue
2026-09-22T20:05:58.6308975Z + for f in /proc/irq/[0-9]*/smp_affinity_list
2026-09-22T20:05:58.6309311Z + irq=119/smp_affinity_list
2026-09-22T20:05:58.6309595Z + irq=119
2026-09-22T20:05:58.6309825Z + [[ -n 1 ]]
2026-09-22T20:05:58.6310078Z + continue
2026-09-22T20:05:58.6310215Z + for f in /proc/irq/[0-9]*/smp_affinity_list
2026-09-22T20:05:58.6310343Z + irq=12/smp_affinity_list
2026-09-22T20:05:58.6310453Z + irq=12
2026-09-22T20:05:58.6310556Z + [[ -n '' ]]
2026-09-22T20:05:58.6310668Z + echo 0,1,48,49
2026-09-22T20:05:58.6310810Z + for f in /proc/irq/[0-9]*/smp_affinity_list
2026-09-22T20:05:58.6310926Z + irq=120/smp_affinity_list
2026-09-22T20:05:58.6311033Z + irq=120
2026-09-22T20:05:58.6311143Z + [[ -n 1 ]]
2026-09-22T20:05:58.6311243Z + continue
2026-09-22T20:05:58.6311383Z + for f in /proc/irq/[0-9]*/smp_affinity_list
2026-09-22T20:05:58.6311501Z + irq=121/smp_affinity_list
2026-09-22T20:05:58.6311599Z + irq=121
2026-09-22T20:05:58.6311707Z + [[ -n 1 ]]
2026-09-22T20:05:58.6311815Z + continue
2026-09-22T20:05:58.6311947Z + for f in /proc/irq/[0-9]*/smp_affinity_list
2026-09-22T20:05:58.6312064Z + irq=122/smp_affinity_list
2026-09-22T20:05:58.6312164Z + irq=122
2026-09-22T20:05:58.6312276Z + [[ -n 1 ]]
2026-09-22T20:05:58.6312385Z + continue
2026-09-22T20:05:58.6312516Z + for f in /proc/irq/[0-9]*/smp_affinity_list
2026-09-22T20:05:58.6312634Z + irq=123/smp_affinity_list
2026-09-22T20:05:58.6312741Z + irq=123
2026-09-22T20:05:58.6312840Z + [[ -n 1 ]]
2026-09-22T20:05:58.6312947Z + continue
2026-09-22T20:05:58.6313085Z + for f in /proc/irq/[0-9]*/smp_affinity_list
2026-09-22T20:05:58.6313199Z + irq=124/smp_affinity_list
2026-09-22T20:05:58.6313308Z + irq=124
2026-09-22T20:05:58.6313417Z + [[ -n 1 ]]
2026-09-22T20:05:58.6313514Z + continue
2026-09-22T20:05:58.6313652Z + for f in /proc/irq/[0-9]*/smp_affinity_list
2026-09-22T20:05:58.6313770Z + irq=125/smp_affinity_list
2026-09-22T20:05:58.6313868Z + irq=125
2026-09-22T20:05:58.6313979Z + [[ -n '' ]]
2026-09-22T20:05:58.6314092Z + echo 0,1,48,49
2026-09-22T20:05:58.6314221Z + for f in /proc/irq/[0-9]*/smp_affinity_list
2026-09-22T20:05:58.6314344Z + irq=13/smp_affinity_list
2026-09-22T20:05:58.6314451Z + irq=13
2026-09-22T20:05:58.6314555Z + [[ -n '' ]]
2026-09-22T20:05:58.6314666Z + echo 0,1,48,49
2026-09-22T20:05:58.6314804Z + for f in /proc/irq/[0-9]*/smp_affinity_list
2026-09-22T20:05:58.6314914Z + irq=133/smp_affinity_list
2026-09-22T20:05:58.6315017Z + irq=133
2026-09-22T20:05:58.6315122Z + [[ -n '' ]]
2026-09-22T20:05:58.6315225Z + echo 0,1,48,49
2026-09-22T20:05:58.6315361Z + for f in /proc/irq/[0-9]*/smp_affinity_list
2026-09-22T20:05:58.6315482Z + irq=14/smp_affinity_list
2026-09-22T20:05:58.6315582Z + irq=14
2026-09-22T20:05:58.6315689Z + [[ -n '' ]]
2026-09-22T20:05:58.6315796Z + echo 0,1,48,49
2026-09-22T20:05:58.6315924Z + for f in /proc/irq/[0-9]*/smp_affinity_list
2026-09-22T20:05:58.6316042Z + irq=15/smp_affinity_list
2026-09-22T20:05:58.6316145Z + irq=15
2026-09-22T20:05:58.6316253Z + [[ -n '' ]]
2026-09-22T20:05:58.6316363Z + echo 0,1,48,49
2026-09-22T20:05:58.6316493Z + for f in /proc/irq/[0-9]*/smp_affinity_list
2026-09-22T20:05:58.6316613Z + irq=16/smp_affinity_list
2026-09-22T20:05:58.6316777Z + irq=16
2026-09-22T20:05:58.6316877Z + [[ -n '' ]]
2026-09-22T20:05:58.6316986Z + echo 0,1,48,49
2026-09-22T20:05:58.6317125Z + for f in /proc/irq/[0-9]*/smp_affinity_list
2026-09-22T20:05:58.6317236Z + irq=2/smp_affinity_list
2026-09-22T20:05:58.6317347Z + irq=2
2026-09-22T20:05:58.6317455Z + [[ -n '' ]]
2026-09-22T20:05:58.6317557Z + echo 0,1,48,49
2026-09-22T20:05:58.6317665Z + true
2026-09-22T20:05:58.6317860Z + for f in /proc/irq/[0-9]*/smp_affinity_list
2026-09-22T20:05:58.6318006Z + irq=24/smp_affinity_list
2026-09-22T20:05:58.6318112Z + irq=24
2026-09-22T20:05:58.6318218Z + [[ -n '' ]]
2026-09-22T20:05:58.6318319Z + echo 0,1,48,49
2026-09-22T20:05:58.6318457Z + for f in /proc/irq/[0-9]*/smp_affinity_list
2026-09-22T20:05:58.6318577Z + irq=25/smp_affinity_list
2026-09-22T20:05:58.6318677Z + irq=25
2026-09-22T20:05:58.6318785Z + [[ -n '' ]]
2026-09-22T20:05:58.6318898Z + echo 0,1,48,49
2026-09-22T20:05:58.6319027Z + for f in /proc/irq/[0-9]*/smp_affinity_list
2026-09-22T20:05:58.6319145Z + irq=26/smp_affinity_list
2026-09-22T20:05:58.6319259Z + irq=26
2026-09-22T20:05:58.6319360Z + [[ -n '' ]]
2026-09-22T20:05:58.6319472Z + echo 0,1,48,49
2026-09-22T20:05:58.6319613Z + for f in /proc/irq/[0-9]*/smp_affinity_list
2026-09-22T20:05:58.6319724Z + irq=27/smp_affinity_list
2026-09-22T20:05:58.6319832Z + irq=27
2026-09-22T20:05:58.6319945Z + [[ -n '' ]]
2026-09-22T20:05:58.6320048Z + echo 0,1,48,49
2026-09-22T20:05:58.6320188Z + for f in /proc/irq/[0-9]*/smp_affinity_list
2026-09-22T20:05:58.6320297Z + irq=28/smp_affinity_list
2026-09-22T20:05:58.6320404Z + irq=28
2026-09-22T20:05:58.6320511Z + [[ -n '' ]]
2026-09-22T20:05:58.6320612Z + echo 0,1,48,49
2026-09-22T20:05:58.6320752Z + for f in /proc/irq/[0-9]*/smp_affinity_list
2026-09-22T20:05:58.6320873Z + irq=29/smp_affinity_list
2026-09-22T20:05:58.6320972Z + irq=29
2026-09-22T20:05:58.6321081Z + [[ -n '' ]]
2026-09-22T20:05:58.6321191Z + echo 0,1,48,49
2026-09-22T20:05:58.6321321Z + for f in /proc/irq/[0-9]*/smp_affinity_list
2026-09-22T20:05:58.6321441Z + irq=3/smp_affinity_list
2026-09-22T20:05:58.6321553Z + irq=3
2026-09-22T20:05:58.6321655Z + [[ -n '' ]]
2026-09-22T20:05:58.6321765Z + echo 0,1,48,49
2026-09-22T20:05:58.6321902Z + for f in /proc/irq/[0-9]*/smp_affinity_list
2026-09-22T20:05:58.6322011Z + irq=30/smp_affinity_list
2026-09-22T20:05:58.6322118Z + irq=30
2026-09-22T20:05:58.6322226Z + [[ -n '' ]]
2026-09-22T20:05:58.6322327Z + echo 0,1,48,49
2026-09-22T20:05:58.6322468Z + for f in /proc/irq/[0-9]*/smp_affinity_list
2026-09-22T20:05:58.6322589Z + irq=31/smp_affinity_list
2026-09-22T20:05:58.6322688Z + irq=31
2026-09-22T20:05:58.6322797Z + [[ -n '' ]]
2026-09-22T20:05:58.6322906Z + echo 0,1,48,49
2026-09-22T20:05:58.6323035Z + for f in /proc/irq/[0-9]*/smp_affinity_list
2026-09-22T20:05:58.6323152Z + irq=32/smp_affinity_list
2026-09-22T20:05:58.6323259Z + irq=32
2026-09-22T20:05:58.6323358Z + [[ -n '' ]]
2026-09-22T20:05:58.6323468Z + echo 0,1,48,49
2026-09-22T20:05:58.6323607Z + for f in /proc/irq/[0-9]*/smp_affinity_list
2026-09-22T20:05:58.6323722Z + irq=33/smp_affinity_list
2026-09-22T20:05:58.6323829Z + irq=33
2026-09-22T20:05:58.6323939Z + [[ -n '' ]]
2026-09-22T20:05:58.6324039Z + echo 0,1,48,49
2026-09-22T20:05:58.6324174Z + for f in /proc/irq/[0-9]*/smp_affinity_list
2026-09-22T20:05:58.6324286Z + irq=34/smp_affinity_list
2026-09-22T20:05:58.6324392Z + irq=34
2026-09-22T20:05:58.6324502Z + [[ -n '' ]]
2026-09-22T20:05:58.6324604Z + echo 0,1,48,49
2026-09-22T20:05:58.6324745Z + for f in /proc/irq/[0-9]*/smp_affinity_list
2026-09-22T20:05:58.6324861Z + irq=35/smp_affinity_list
2026-09-22T20:05:58.6324961Z + irq=35
2026-09-22T20:05:58.6325071Z + [[ -n '' ]]
2026-09-22T20:05:58.6325180Z + echo 0,1,48,49
2026-09-22T20:05:58.6325311Z + for f in /proc/irq/[0-9]*/smp_affinity_list
2026-09-22T20:05:58.6325426Z + irq=36/smp_affinity_list
2026-09-22T20:05:58.6325532Z + irq=36
2026-09-22T20:05:58.6325632Z + [[ -n '' ]]
2026-09-22T20:05:58.6325741Z + echo 0,1,48,49
2026-09-22T20:05:58.6325877Z + for f in /proc/irq/[0-9]*/smp_affinity_list
2026-09-22T20:05:58.6326051Z + irq=37/smp_affinity_list
2026-09-22T20:05:58.6326156Z + irq=37
2026-09-22T20:05:58.6326266Z + [[ -n '' ]]
2026-09-22T20:05:58.6326366Z + echo 0,1,48,49
2026-09-22T20:05:58.6326506Z + for f in /proc/irq/[0-9]*/smp_affinity_list
2026-09-22T20:05:58.6326624Z + irq=38/smp_affinity_list
2026-09-22T20:05:58.6326720Z + irq=38
2026-09-22T20:05:58.6326831Z + [[ -n '' ]]
2026-09-22T20:05:58.6326939Z + echo 0,1,48,49
2026-09-22T20:05:58.6327191Z + for f in /proc/irq/[0-9]*/smp_affinity_list
2026-09-22T20:05:58.6327316Z + irq=39/smp_affinity_list
2026-09-22T20:05:58.6327421Z + irq=39
2026-09-22T20:05:58.6327522Z + [[ -n '' ]]
2026-09-22T20:05:58.6327635Z + echo 0,1,48,49
2026-09-22T20:05:58.6327775Z + for f in /proc/irq/[0-9]*/smp_affinity_list
2026-09-22T20:05:58.6327942Z + irq=4/smp_affinity_list
2026-09-22T20:05:58.6328055Z + irq=4
2026-09-22T20:05:58.6328164Z + [[ -n '' ]]
2026-09-22T20:05:58.6328266Z + echo 0,1,48,49
2026-09-22T20:05:58.6328404Z + for f in /proc/irq/[0-9]*/smp_affinity_list
2026-09-22T20:05:58.6328517Z + irq=40/smp_affinity_list
2026-09-22T20:05:58.6328627Z + irq=40
2026-09-22T20:05:58.6328737Z + [[ -n '' ]]
2026-09-22T20:05:58.6328843Z + echo 0,1,48,49
2026-09-22T20:05:58.6328987Z + for f in /proc/irq/[0-9]*/smp_affinity_list
2026-09-22T20:05:58.6329107Z + irq=41/smp_affinity_list
2026-09-22T20:05:58.6329205Z + irq=41
2026-09-22T20:05:58.6329317Z + [[ -n '' ]]
2026-09-22T20:05:58.6329427Z + echo 0,1,48,49
2026-09-22T20:05:58.6329562Z + for f in /proc/irq/[0-9]*/smp_affinity_list
2026-09-22T20:05:58.6329688Z + irq=42/smp_affinity_list
2026-09-22T20:05:58.6329795Z + irq=42
2026-09-22T20:05:58.6329893Z + [[ -n '' ]]
2026-09-22T20:05:58.6330003Z + echo 0,1,48,49
2026-09-22T20:05:58.6330143Z + for f in /proc/irq/[0-9]*/smp_affinity_list
2026-09-22T20:05:58.6330250Z + irq=43/smp_affinity_list
2026-09-22T20:05:58.6330355Z + irq=43
2026-09-22T20:05:58.6330462Z + [[ -n '' ]]
2026-09-22T20:05:58.6330560Z + echo 0,1,48,49
2026-09-22T20:05:58.6330699Z + for f in /proc/irq/[0-9]*/smp_affinity_list
2026-09-22T20:05:58.6330821Z + irq=44/smp_affinity_list
2026-09-22T20:05:58.6330919Z + irq=44
2026-09-22T20:05:58.6331029Z + [[ -n '' ]]
2026-09-22T20:05:58.6331138Z + echo 0,1,48,49
2026-09-22T20:05:58.6331268Z + for f in /proc/irq/[0-9]*/smp_affinity_list
2026-09-22T20:05:58.6331386Z + irq=45/smp_affinity_list
2026-09-22T20:05:58.6331492Z + irq=45
2026-09-22T20:05:58.6331593Z + [[ -n '' ]]
2026-09-22T20:05:58.6331709Z + echo 0,1,48,49
2026-09-22T20:05:58.6331846Z + for f in /proc/irq/[0-9]*/smp_affinity_list
2026-09-22T20:05:58.6331955Z + irq=46/smp_affinity_list
2026-09-22T20:05:58.6332061Z + irq=46
2026-09-22T20:05:58.6332172Z + [[ -n '' ]]
2026-09-22T20:05:58.6332271Z + echo 0,1,48,49
2026-09-22T20:05:58.6332407Z + for f in /proc/irq/[0-9]*/smp_affinity_list
2026-09-22T20:05:58.6332526Z + irq=47/smp_affinity_list
2026-09-22T20:05:58.6332622Z + irq=47
2026-09-22T20:05:58.6332730Z + [[ -n '' ]]
2026-09-22T20:05:58.6332828Z + echo 0,1,48,49
2026-09-22T20:05:58.6332968Z + for f in /proc/irq/[0-9]*/smp_affinity_list
2026-09-22T20:05:58.6333089Z + irq=48/smp_affinity_list
2026-09-22T20:05:58.6333187Z + irq=48
2026-09-22T20:05:58.6333298Z + [[ -n '' ]]
2026-09-22T20:05:58.6333406Z + echo 0,1,48,49
2026-09-22T20:05:58.6333539Z + for f in /proc/irq/[0-9]*/smp_affinity_list
2026-09-22T20:05:58.6333656Z + irq=49/smp_affinity_list
2026-09-22T20:05:58.6333757Z + irq=49
2026-09-22T20:05:58.6333855Z + [[ -n '' ]]
2026-09-22T20:05:58.6333968Z + echo 0,1,48,49
2026-09-22T20:05:58.6334104Z + for f in /proc/irq/[0-9]*/smp_affinity_list
2026-09-22T20:05:58.6334214Z + irq=5/smp_affinity_list
2026-09-22T20:05:58.6334322Z + irq=5
2026-09-22T20:05:58.6334429Z + [[ -n '' ]]
2026-09-22T20:05:58.6334528Z + echo 0,1,48,49
2026-09-22T20:05:58.6334666Z + for f in /proc/irq/[0-9]*/smp_affinity_list
2026-09-22T20:05:58.6334784Z + irq=50/smp_affinity_list
2026-09-22T20:05:58.6334882Z + irq=50
2026-09-22T20:05:58.6334990Z + [[ -n '' ]]
2026-09-22T20:05:58.6335098Z + echo 0,1,48,49
2026-09-22T20:05:58.6335226Z + for f in /proc/irq/[0-9]*/smp_affinity_list
2026-09-22T20:05:58.6335407Z + irq=51/smp_affinity_list
2026-09-22T20:05:58.6335511Z + irq=51
2026-09-22T20:05:58.6335609Z + [[ -n '' ]]
2026-09-22T20:05:58.6335717Z + echo 0,1,48,49
2026-09-22T20:05:58.6335857Z + for f in /proc/irq/[0-9]*/smp_affinity_list
2026-09-22T20:05:58.6335967Z + irq=52/smp_affinity_list
2026-09-22T20:05:58.6336072Z + irq=52
2026-09-22T20:05:58.6336177Z + [[ -n '' ]]
2026-09-22T20:05:58.6336331Z + echo 0,1,48,49
2026-09-22T20:05:58.6336473Z + for f in /proc/irq/[0-9]*/smp_affinity_list
2026-09-22T20:05:58.6336591Z + irq=53/smp_affinity_list
2026-09-22T20:05:58.6336690Z + irq=53
2026-09-22T20:05:58.6336797Z + [[ -n '' ]]
2026-09-22T20:05:58.6336897Z + echo 0,1,48,49
2026-09-22T20:05:58.6337036Z + for f in /proc/irq/[0-9]*/smp_affinity_list
2026-09-22T20:05:58.6337154Z + irq=54/smp_affinity_list
2026-09-22T20:05:58.6337250Z + irq=54
2026-09-22T20:05:58.6337359Z + [[ -n '' ]]
2026-09-22T20:05:58.6337469Z + echo 0,1,48,49
2026-09-22T20:05:58.6337601Z + for f in /proc/irq/[0-9]*/smp_affinity_list
2026-09-22T20:05:58.6337724Z + irq=55/smp_affinity_list
2026-09-22T20:05:58.6337831Z + irq=55
2026-09-22T20:05:58.6337965Z + [[ -n '' ]]
2026-09-22T20:05:58.6338075Z + echo 0,1,48,49
2026-09-22T20:05:58.6338214Z + for f in /proc/irq/[0-9]*/smp_affinity_list
2026-09-22T20:05:58.6338323Z + irq=56/smp_affinity_list
2026-09-22T20:05:58.6338429Z + irq=56
2026-09-22T20:05:58.6338536Z + [[ -n '' ]]
2026-09-22T20:05:58.6338640Z + echo 0,1,48,49
2026-09-22T20:05:58.6338776Z + for f in /proc/irq/[0-9]*/smp_affinity_list
2026-09-22T20:05:58.6338892Z + irq=57/smp_affinity_list
2026-09-22T20:05:58.6338989Z + irq=57
2026-09-22T20:05:58.6339096Z + [[ -n '' ]]
2026-09-22T20:05:58.6339203Z + echo 0,1,48,49
2026-09-22T20:05:58.6339333Z + for f in /proc/irq/[0-9]*/smp_affinity_list
2026-09-22T20:05:58.6339450Z + irq=58/smp_affinity_list
2026-09-22T20:05:58.6339557Z + irq=58
2026-09-22T20:05:58.6339655Z + [[ -n '' ]]
2026-09-22T20:05:58.6339765Z + echo 0,1,48,49
2026-09-22T20:05:58.6339906Z + for f in /proc/irq/[0-9]*/smp_affinity_list
2026-09-22T20:05:58.6340021Z + irq=59/smp_affinity_list
2026-09-22T20:05:58.6340127Z + irq=59
2026-09-22T20:05:58.6340236Z + [[ -n '' ]]
2026-09-22T20:05:58.6340337Z + echo 0,1,48,49
2026-09-22T20:05:58.6340476Z + for f in /proc/irq/[0-9]*/smp_affinity_list
2026-09-22T20:05:58.6340597Z + irq=6/smp_affinity_list
2026-09-22T20:05:58.6340697Z + irq=6
2026-09-22T20:05:58.6340804Z + [[ -n '' ]]
2026-09-22T20:05:58.6340907Z + echo 0,1,48,49
2026-09-22T20:05:58.6341046Z + for f in /proc/irq/[0-9]*/smp_affinity_list
2026-09-22T20:05:58.6341163Z + irq=60/smp_affinity_list
2026-09-22T20:05:58.6341262Z + irq=60
2026-09-22T20:05:58.6341371Z + [[ -n '' ]]
2026-09-22T20:05:58.6341475Z + echo 0,1,48,49
2026-09-22T20:05:58.6341608Z + for f in /proc/irq/[0-9]*/smp_affinity_list
2026-09-22T20:05:58.6341724Z + irq=61/smp_affinity_list
2026-09-22T20:05:58.6341853Z + irq=61
2026-09-22T20:05:58.6341952Z + [[ -n '' ]]
2026-09-22T20:05:58.6342062Z + echo 0,1,48,49
2026-09-22T20:05:58.6342198Z + for f in /proc/irq/[0-9]*/smp_affinity_list
2026-09-22T20:05:58.6342310Z + irq=62/smp_affinity_list
2026-09-22T20:05:58.6342414Z + irq=62
2026-09-22T20:05:58.6342521Z + [[ -n '' ]]
2026-09-22T20:05:58.6342622Z + echo 0,1,48,49
2026-09-22T20:05:58.6342762Z + for f in /proc/irq/[0-9]*/smp_affinity_list
2026-09-22T20:05:58.6342876Z + irq=63/smp_affinity_list
2026-09-22T20:05:58.6342972Z + irq=63
2026-09-22T20:05:58.6343078Z + [[ -n '' ]]
2026-09-22T20:05:58.6343189Z + echo 0,1,48,49
2026-09-22T20:05:58.6343318Z + for f in /proc/irq/[0-9]*/smp_affinity_list
2026-09-22T20:05:58.6343434Z + irq=64/smp_affinity_list
2026-09-22T20:05:58.6343537Z + irq=64
2026-09-22T20:05:58.6343637Z + [[ -n '' ]]
2026-09-22T20:05:58.6343745Z + echo 0,1,48,49
2026-09-22T20:05:58.6343882Z + for f in /proc/irq/[0-9]*/smp_affinity_list
2026-09-22T20:05:58.6343989Z + irq=65/smp_affinity_list
2026-09-22T20:05:58.6344094Z + irq=65
2026-09-22T20:05:58.6344199Z + [[ -n '' ]]
2026-09-22T20:05:58.6344301Z + echo 0,1,48,49
2026-09-22T20:05:58.6344440Z + for f in /proc/irq/[0-9]*/smp_affinity_list
2026-09-22T20:05:58.6344618Z + irq=66/smp_affinity_list
2026-09-22T20:05:58.6344716Z + irq=66
2026-09-22T20:05:58.6344823Z + [[ -n '' ]]
2026-09-22T20:05:58.6344923Z + echo 0,1,48,49
2026-09-22T20:05:58.6345062Z + for f in /proc/irq/[0-9]*/smp_affinity_list
2026-09-22T20:05:58.6345179Z + irq=67/smp_affinity_list
2026-09-22T20:05:58.6345275Z + irq=67
2026-09-22T20:05:58.6345431Z + [[ -n '' ]]
2026-09-22T20:05:58.6345544Z + echo 0,1,48,49
2026-09-22T20:05:58.6345676Z + for f in /proc/irq/[0-9]*/smp_affinity_list
2026-09-22T20:05:58.6345792Z + irq=68/smp_affinity_list
2026-09-22T20:05:58.6345900Z + irq=68
2026-09-22T20:05:58.6345999Z + [[ -n '' ]]
2026-09-22T20:05:58.6346110Z + echo 0,1,48,49
2026-09-22T20:05:58.6346247Z + for f in /proc/irq/[0-9]*/smp_affinity_list
2026-09-22T20:05:58.6346355Z + irq=69/smp_affinity_list
2026-09-22T20:05:58.6346461Z + irq=69
2026-09-22T20:05:58.6346570Z + [[ -n '' ]]
2026-09-22T20:05:58.6346670Z + echo 0,1,48,49
2026-09-22T20:05:58.6346808Z + for f in /proc/irq/[0-9]*/smp_affinity_list
2026-09-22T20:05:58.6346932Z + irq=7/smp_affinity_list
2026-09-22T20:05:58.6347031Z + irq=7
2026-09-22T20:05:58.6347138Z + [[ -n '' ]]
2026-09-22T20:05:58.6347243Z + echo 0,1,48,49
2026-09-22T20:05:58.6347371Z + for f in /proc/irq/[0-9]*/smp_affinity_list
2026-09-22T20:05:58.6347488Z + irq=70/smp_affinity_list
2026-09-22T20:05:58.6347592Z + irq=70
2026-09-22T20:05:58.6347698Z + [[ -n '' ]]
2026-09-22T20:05:58.6347807Z + echo 0,1,48,49
2026-09-22T20:05:58.6347968Z + for f in /proc/irq/[0-9]*/smp_affinity_list
2026-09-22T20:05:58.6348079Z + irq=71/smp_affinity_list
2026-09-22T20:05:58.6348183Z + irq=71
2026-09-22T20:05:58.6348287Z + [[ -n '' ]]
2026-09-22T20:05:58.6348389Z + echo 0,1,48,49
2026-09-22T20:05:58.6348524Z + for f in /proc/irq/[0-9]*/smp_affinity_list
2026-09-22T20:05:58.6348639Z + irq=72/smp_affinity_list
2026-09-22T20:05:58.6348737Z + irq=72
2026-09-22T20:05:58.6348845Z + [[ -n '' ]]
2026-09-22T20:05:58.6348945Z + echo 0,1,48,49
2026-09-22T20:05:58.6349087Z + for f in /proc/irq/[0-9]*/smp_affinity_list
2026-09-22T20:05:58.6349204Z + irq=73/smp_affinity_list
2026-09-22T20:05:58.6349303Z + irq=73
2026-09-22T20:05:58.6349410Z + [[ -n '' ]]
2026-09-22T20:05:58.6349519Z + echo 0,1,48,49
2026-09-22T20:05:58.6349647Z + for f in /proc/irq/[0-9]*/smp_affinity_list
2026-09-22T20:05:58.6349762Z + irq=74/smp_affinity_list
2026-09-22T20:05:58.6349867Z + irq=74
2026-09-22T20:05:58.6349972Z + [[ -n '' ]]
2026-09-22T20:05:58.6350083Z + echo 0,1,48,49
2026-09-22T20:05:58.6350218Z + for f in /proc/irq/[0-9]*/smp_affinity_list
2026-09-22T20:05:58.6350327Z + irq=75/smp_affinity_list
2026-09-22T20:05:58.6350434Z + irq=75
2026-09-22T20:05:58.6350542Z + [[ -n '' ]]
2026-09-22T20:05:58.6350642Z + echo 0,1,48,49
2026-09-22T20:05:58.6350780Z + for f in /proc/irq/[0-9]*/smp_affinity_list
2026-09-22T20:05:58.6350897Z + irq=76/smp_affinity_list
2026-09-22T20:05:58.6350995Z + irq=76
2026-09-22T20:05:58.6351106Z + [[ -n '' ]]
2026-09-22T20:05:58.6351214Z + echo 0,1,48,49
2026-09-22T20:05:58.6351348Z + for f in /proc/irq/[0-9]*/smp_affinity_list
2026-09-22T20:05:58.6351462Z + irq=77/smp_affinity_list
2026-09-22T20:05:58.6351568Z + irq=77
2026-09-22T20:05:58.6351666Z + [[ -n '' ]]
2026-09-22T20:05:58.6351776Z + echo 0,1,48,49
2026-09-22T20:05:58.6351912Z + for f in /proc/irq/[0-9]*/smp_affinity_list
2026-09-22T20:05:58.6352023Z + irq=78/smp_affinity_list
2026-09-22T20:05:58.6352128Z + irq=78
2026-09-22T20:05:58.6352239Z + [[ -n '' ]]
2026-09-22T20:05:58.6352340Z + echo 0,1,48,49
2026-09-22T20:05:58.6352478Z + for f in /proc/irq/[0-9]*/smp_affinity_list
2026-09-22T20:05:58.6352595Z + irq=79/smp_affinity_list
2026-09-22T20:05:58.6352693Z + irq=79
2026-09-22T20:05:58.6352799Z + [[ -n '' ]]
2026-09-22T20:05:58.6352901Z + echo 0,1,48,49
2026-09-22T20:05:58.6353038Z + for f in /proc/irq/[0-9]*/smp_affinity_list
2026-09-22T20:05:58.6353158Z + irq=8/smp_affinity_list
2026-09-22T20:05:58.6353257Z + irq=8
2026-09-22T20:05:58.6353366Z + [[ -n '' ]]
2026-09-22T20:05:58.6353476Z + echo 0,1,48,49
2026-09-22T20:05:58.6353670Z + for f in /proc/irq/[0-9]*/smp_affinity_list
2026-09-22T20:05:58.6353788Z + irq=80/smp_affinity_list
2026-09-22T20:05:58.6353895Z + irq=80
2026-09-22T20:05:58.6353994Z + [[ -n '' ]]
2026-09-22T20:05:58.6354103Z + echo 0,1,48,49
2026-09-22T20:05:58.6354240Z + for f in /proc/irq/[0-9]*/smp_affinity_list
2026-09-22T20:05:58.6354348Z + irq=81/smp_affinity_list
2026-09-22T20:05:58.6354454Z + irq=81
2026-09-22T20:05:58.6354613Z + [[ -n '' ]]
2026-09-22T20:05:58.6354719Z + echo 0,1,48,49
2026-09-22T20:05:58.6354858Z + for f in /proc/irq/[0-9]*/smp_affinity_list
2026-09-22T20:05:58.6354976Z + irq=82/smp_affinity_list
2026-09-22T20:05:58.6355074Z + irq=82
2026-09-22T20:05:58.6355186Z + [[ -n '' ]]
2026-09-22T20:05:58.6355297Z + echo 0,1,48,49
2026-09-22T20:05:58.6355426Z + for f in /proc/irq/[0-9]*/smp_affinity_list
2026-09-22T20:05:58.6355547Z + irq=83/smp_affinity_list
2026-09-22T20:05:58.6355652Z + irq=83
2026-09-22T20:05:58.6355751Z + [[ -n '' ]]
2026-09-22T20:05:58.6355859Z + echo 0,1,48,49
2026-09-22T20:05:58.6356000Z + for f in /proc/irq/[0-9]*/smp_affinity_list
2026-09-22T20:05:58.6356108Z + irq=84/smp_affinity_list
2026-09-22T20:05:58.6356214Z + irq=84
2026-09-22T20:05:58.6356318Z + [[ -n '' ]]
2026-09-22T20:05:58.6356418Z + echo 0,1,48,49
2026-09-22T20:05:58.6356558Z + for f in /proc/irq/[0-9]*/smp_affinity_list
2026-09-22T20:05:58.6356675Z + irq=85/smp_affinity_list
2026-09-22T20:05:58.6356772Z + irq=85
2026-09-22T20:05:58.6356886Z + [[ -n '' ]]
2026-09-22T20:05:58.6356985Z + echo 0,1,48,49
2026-09-22T20:05:58.6357125Z + for f in /proc/irq/[0-9]*/smp_affinity_list
2026-09-22T20:05:58.6357242Z + irq=86/smp_affinity_list
2026-09-22T20:05:58.6357339Z + irq=86
2026-09-22T20:05:58.6357447Z + [[ -n '' ]]
2026-09-22T20:05:58.6357553Z + echo 0,1,48,49
2026-09-22T20:05:58.6357683Z + for f in /proc/irq/[0-9]*/smp_affinity_list
2026-09-22T20:05:58.6357801Z + irq=87/smp_affinity_list
2026-09-22T20:05:58.6357937Z + irq=87
2026-09-22T20:05:58.6358036Z + [[ -n '' ]]
2026-09-22T20:05:58.6358145Z + echo 0,1,48,49
2026-09-22T20:05:58.6358290Z + for f in /proc/irq/[0-9]*/smp_affinity_list
2026-09-22T20:05:58.6358398Z + irq=88/smp_affinity_list
2026-09-22T20:05:58.6358505Z + irq=88
2026-09-22T20:05:58.6358644Z + [[ -n '' ]]
2026-09-22T20:05:58.6358755Z + echo 0,1,48,49
2026-09-22T20:05:58.6358884Z + for f in /proc/irq/[0-9]*/smp_affinity_list
2026-09-22T20:05:58.6359002Z + irq=89/smp_affinity_list
2026-09-22T20:05:58.6359112Z + irq=89
2026-09-22T20:05:58.6359213Z + [[ -n '' ]]
2026-09-22T20:05:58.6359323Z + echo 0,1,48,49
2026-09-22T20:05:58.6359460Z + for f in /proc/irq/[0-9]*/smp_affinity_list
2026-09-22T20:05:58.6359569Z + irq=9/smp_affinity_list
2026-09-22T20:05:58.6359675Z + irq=9
2026-09-22T20:05:58.6359783Z + [[ -n '' ]]
2026-09-22T20:05:58.6359886Z + echo 0,1,48,49
2026-09-22T20:05:58.6360025Z + for f in /proc/irq/[0-9]*/smp_affinity_list
2026-09-22T20:05:58.6360143Z + irq=90/smp_affinity_list
2026-09-22T20:05:58.6360241Z + irq=90
2026-09-22T20:05:58.6360348Z + [[ -n '' ]]
2026-09-22T20:05:58.6360449Z + echo 0,1,48,49
2026-09-22T20:05:58.6360595Z + for f in /proc/irq/[0-9]*/smp_affinity_list
2026-09-22T20:05:58.6360714Z + irq=91/smp_affinity_list
2026-09-22T20:05:58.6360813Z + irq=91
2026-09-22T20:05:58.6360922Z + [[ -n '' ]]
2026-09-22T20:05:58.6361029Z + echo 0,1,48,49
2026-09-22T20:05:58.6361157Z + for f in /proc/irq/[0-9]*/smp_affinity_list
2026-09-22T20:05:58.6361275Z + irq=92/smp_affinity_list
2026-09-22T20:05:58.6361385Z + irq=92
2026-09-22T20:05:58.6361483Z + [[ -n '' ]]
2026-09-22T20:05:58.6361595Z + echo 0,1,48,49
2026-09-22T20:05:58.6361733Z + for f in /proc/irq/[0-9]*/smp_affinity_list
2026-09-22T20:05:58.6361843Z + irq=93/smp_affinity_list
2026-09-22T20:05:58.6361946Z + irq=93
2026-09-22T20:05:58.6362051Z + [[ -n '' ]]
2026-09-22T20:05:58.6362152Z + echo 0,1,48,49
2026-09-22T20:05:58.6362290Z + for f in /proc/irq/[0-9]*/smp_affinity_list
2026-09-22T20:05:58.6362408Z + irq=94/smp_affinity_list
2026-09-22T20:05:58.6362506Z + irq=94
2026-09-22T20:05:58.6362614Z + [[ -n '' ]]
2026-09-22T20:05:58.6362776Z + echo 0,1,48,49
2026-09-22T20:05:58.6362907Z + for f in /proc/irq/[0-9]*/smp_affinity_list
2026-09-22T20:05:58.6363025Z + irq=95/smp_affinity_list
2026-09-22T20:05:58.6363131Z + irq=95
2026-09-22T20:05:58.6363231Z + [[ -n '' ]]
2026-09-22T20:05:58.6363342Z + echo 0,1,48,49
2026-09-22T20:05:58.6363479Z + for f in /proc/irq/[0-9]*/smp_affinity_list
2026-09-22T20:05:58.6363588Z + irq=96/smp_affinity_list
2026-09-22T20:05:58.6363745Z + irq=96
2026-09-22T20:05:58.6363854Z + [[ -n '' ]]
2026-09-22T20:05:58.6363953Z + echo 0,1,48,49
2026-09-22T20:05:58.6364090Z + for f in /proc/irq/[0-9]*/smp_affinity_list
2026-09-22T20:05:58.6364207Z + irq=97/smp_affinity_list
2026-09-22T20:05:58.6364303Z + irq=97
2026-09-22T20:05:58.6364411Z + [[ -n '' ]]
2026-09-22T20:05:58.6364511Z + echo 0,1,48,49
2026-09-22T20:05:58.6364650Z + for f in /proc/irq/[0-9]*/smp_affinity_list
2026-09-22T20:05:58.6364767Z + irq=98/smp_affinity_list
2026-09-22T20:05:58.6364864Z + irq=98
2026-09-22T20:05:58.6364972Z + [[ -n '' ]]
2026-09-22T20:05:58.6365089Z + echo 0,1,48,49
2026-09-22T20:05:58.6365221Z + for f in /proc/irq/[0-9]*/smp_affinity_list
2026-09-22T20:05:58.6365338Z + irq=99/smp_affinity_list
2026-09-22T20:05:58.6365444Z + irq=99
2026-09-22T20:05:58.6365541Z + [[ -n '' ]]
2026-09-22T20:05:58.6365650Z + echo 0,1,48,49
2026-09-22T20:05:58.6365775Z + command -v python3
2026-09-22T20:05:58.6365892Z ++ expand_cpulist 0,1,48,49
2026-09-22T20:05:58.6366013Z ++ [[ -n 0,1,48,49 ]]
2026-09-22T20:05:58.6366133Z ++ local parts part
2026-09-22T20:05:58.6366233Z ++ IFS=,
2026-09-22T20:05:58.6366351Z ++ read -ra parts
2026-09-22T20:05:58.6366615Z ++ python3 -c 'import sys; print(f"{sum(1 << int(l) for l in sys.stdin):x}")'
2026-09-22T20:05:58.6366735Z ++ for part in "${parts[@]}"
2026-09-22T20:05:58.6366845Z ++ seq 0 0
2026-09-22T20:05:58.6366971Z ++ for part in "${parts[@]}"
2026-09-22T20:05:58.6367070Z ++ seq 1 1
2026-09-22T20:05:58.6367195Z ++ for part in "${parts[@]}"
2026-09-22T20:05:58.6367304Z ++ seq 48 48
2026-09-22T20:05:58.6367419Z ++ for part in "${parts[@]}"
2026-09-22T20:05:58.6367529Z ++ seq 49 49
2026-09-22T20:05:58.6494645Z + wq_mask=3000000000003
2026-09-22T20:05:58.6494986Z + sysfs_write /sys/devices/virtual/workqueue/cpumask 3000000000003
2026-09-22T20:05:58.6495161Z + [[ -n 3000000000003 ]]
2026-09-22T20:05:58.6495362Z + [[ -w /sys/devices/virtual/workqueue/cpumask ]]
2026-09-22T20:05:58.6495476Z + echo 3000000000003
2026-09-22T20:05:58.6495894Z scripts/setup-benchmark.sh: line 16: echo: write error: Value too large for defined data type
2026-09-22T20:05:58.6496013Z + true
2026-09-22T20:05:58.6496163Z + mkdir -p /etc/systemd/system.conf.d
2026-09-22T20:05:58.6503863Z + cat
2026-09-22T20:05:58.6515052Z + systemctl daemon-reexec
2026-09-22T20:05:59.6935473Z + cat
2026-09-22T20:05:59.6943532Z + chmod 0644 /tmp/vortex-benchmark.env
2026-09-22T20:05:59.7160087Z ##[group]Run CodSpeedHQ/action@4296e51e7041e24dadb86d1d6e8b9320d223dbe8
2026-09-22T20:05:59.7160816Z with:
2026-09-22T20:05:59.7161435Z   run: bash scripts/bench-taskset.sh cargo codspeed run -- '.*::avx512::'
2026-09-22T20:05:59.7162647Z   token: ***
2026-09-22T20:05:59.7163039Z   mode: walltime
2026-09-22T20:05:59.7163476Z   cache-instruments: true
2026-09-22T20:05:59.7164033Z   instruments-cache-dir: ~/.cache/codspeed-action
2026-09-22T20:05:59.7164658Z   allow-empty: false
2026-09-22T20:05:59.7165121Z   skip-hash-check-warning: false
2026-09-22T20:05:59.7165599Z env:
2026-09-22T20:05:59.7165991Z   CARGO_TERM_COLOR: always
2026-09-22T20:05:59.7166448Z   RUST_BACKTRACE: 1
2026-09-22T20:05:59.7166901Z   NIGHTLY_TOOLCHAIN: nightly-2026-09-10
2026-09-22T20:05:59.7167468Z   RUNNER_TOOL_CACHE: /opt/hostedtoolcache
2026-09-22T20:05:59.7168107Z   RUNS_ON_HOME: /runs-on
2026-09-22T20:05:59.7168566Z   RUNS_ON_VERSION: v3.3.0
2026-09-22T20:05:59.7169101Z   RUNS_ON_AGENT_BINARY: /runs-on/agent
2026-09-22T20:05:59.7169639Z   RUNS_ON_AGENT_ARCH: x64
2026-09-22T20:05:59.7170088Z   RUNS_ON_AGENT_USER: runner
2026-09-22T20:05:59.7170591Z   RUNS_ON_AMI_ID: ami-0d8875560af9e1401
2026-09-22T20:05:59.7171386Z   RUNS_ON_AWS_REGION: us-east-1
2026-09-22T20:05:59.7171885Z   RUNS_ON_AWS_AZ: us-east-1a
2026-09-22T20:05:59.7172404Z   RUNS_ON_ENV_CUSTOM_FILE: /runs-on/env.custom
2026-09-22T20:05:59.7172960Z   RUNS_ON_INSTANCE_ID: i-0d248d3ad4a7d9b93
2026-09-22T20:05:59.7173509Z   RUNS_ON_INSTANCE_LIFECYCLE: spot
2026-09-22T20:05:59.7174039Z   RUNS_ON_INSTANCE_TYPE: c7i.metal-24xl
2026-09-22T20:05:59.7174584Z   RUNS_ON_STACK_NAME: runs-on-v3
2026-09-22T20:05:59.7175235Z   RUNS_ON_S3_BUCKET_CACHE: runs-on-v3-s3bucketcache-dbnub4tpjhpv
2026-09-22T20:05:59.7176004Z   ACTIONS_RUNNER_HOOK_JOB_STARTED: /runs-on/pre.sh
2026-09-22T20:05:59.7176702Z   ACTIONS_RUNNER_HOOK_JOB_COMPLETED: /runs-on/post.sh
2026-09-22T20:05:59.7177384Z   GITHUB_SERVER_URL: https://github.com/
2026-09-22T20:05:59.7178097Z   GITHUB_API_URL: https://api.github.com/
2026-09-22T20:05:59.7178673Z   GITHUB_HOST: github.com
2026-09-22T20:05:59.7179277Z   RUNS_ON_RUNNER_NAME: runs-on--i-0d248d3ad4a7d9b93--08023f40-c
2026-09-22T20:05:59.7180017Z   RUNS_ON_INSTANCE_LAUNCHED_AT: 2026-09-22T20:04:39Z
2026-09-22T20:05:59.7180678Z   ACTIONS_CACHE_URL: http://10.1.9.141:6871/
2026-09-22T20:05:59.7181248Z   ACTIONS_CACHE_SERVICE_V2: true
2026-09-22T20:05:59.7181795Z   ACTIONS_RESULTS_URL: http://10.1.9.141:6871/
2026-09-22T20:05:59.7182513Z   RUNS_ON_S3_CACHE_REPO_PREFIX: cache/repo/vortex-data/vortex
2026-09-22T20:05:59.7183213Z   RUNS_ON_ACTION_COST_TRACKING_CLAIMED: true
2026-09-22T20:05:59.7183777Z   RUSTUP_TOOLCHAIN: 1.98.0
2026-09-22T20:05:59.7184250Z   DIVAN_SAMPLE_COUNT: 1000
2026-09-22T20:05:59.7184699Z ##[endgroup]
2026-09-22T20:05:59.7194482Z ##[start-action display=Determine runner and kernel version;id=__CodSpeedHQ_action.versions]
2026-09-22T20:05:59.7220438Z ##[group]Run RUNNER_VERSION=""
2026-09-22T20:05:59.7221020Z [36;1mRUNNER_VERSION=""[0m
2026-09-22T20:05:59.7221570Z [36;1mif [ -z "$RUNNER_VERSION" ]; then[0m
2026-09-22T20:05:59.7222369Z [36;1m  RUNNER_VERSION=$(cat $GITHUB_ACTION_PATH/.codspeed-runner-version)[0m
2026-09-22T20:05:59.7223120Z [36;1mfi[0m
2026-09-22T20:05:59.7223695Z [36;1m# Strip 'v' prefix if present to normalize version format[0m
2026-09-22T20:05:59.7224425Z [36;1mRUNNER_VERSION="${RUNNER_VERSION#v}"[0m
2026-09-22T20:05:59.7224955Z [36;1m[0m
2026-09-22T20:05:59.7225632Z [36;1m# Detect version type (priority: latest > version number > branch/rev prefixes)[0m
2026-09-22T20:05:59.7226499Z [36;1mif [ "$RUNNER_VERSION" = "latest" ]; then[0m
2026-09-22T20:05:59.7227102Z [36;1m  VERSION_TYPE="latest"[0m
2026-09-22T20:05:59.7227844Z [36;1melif echo "$RUNNER_VERSION" | grep -qE '^[0-9]+\.[0-9]+\.[0-9]+-'; then[0m
2026-09-22T20:05:59.7228921Z [36;1m  VERSION_TYPE="prerelease"[0m
2026-09-22T20:05:59.7229686Z [36;1melif echo "$RUNNER_VERSION" | grep -qE '^[0-9]+\.[0-9]+\.[0-9]+'; then[0m
2026-09-22T20:05:59.7230719Z [36;1m  VERSION_TYPE="release"[0m
2026-09-22T20:05:59.7231383Z [36;1melif echo "$RUNNER_VERSION" | grep -q '^branch:'; then[0m
2026-09-22T20:05:59.7232067Z [36;1m  VERSION_TYPE="branch"[0m
2026-09-22T20:05:59.7232805Z [36;1m  RUNNER_VERSION=$(echo "$RUNNER_VERSION" | sed 's/^branch://')[0m
2026-09-22T20:05:59.7233638Z [36;1melif echo "$RUNNER_VERSION" | grep -q '^rev:'; then[0m
2026-09-22T20:05:59.7234279Z [36;1m  VERSION_TYPE="rev"[0m
2026-09-22T20:05:59.7234907Z [36;1m  RUNNER_VERSION=$(echo "$RUNNER_VERSION" | sed 's/^rev://')[0m
2026-09-22T20:05:59.7235571Z [36;1melse[0m
2026-09-22T20:05:59.7236006Z [36;1m  # Default to release version[0m
2026-09-22T20:05:59.7236560Z [36;1m  VERSION_TYPE="release"[0m
2026-09-22T20:05:59.7237054Z [36;1mfi[0m
2026-09-22T20:05:59.7237421Z [36;1m[0m
2026-09-22T20:05:59.7238027Z [36;1mecho "runner-version=$RUNNER_VERSION" >> $GITHUB_OUTPUT[0m
2026-09-22T20:05:59.7238855Z [36;1mecho "version-type=$VERSION_TYPE" >> $GITHUB_OUTPUT[0m
2026-09-22T20:05:59.7239491Z [36;1m[0m
2026-09-22T20:05:59.7239915Z [36;1m# Get kernel version for cache key[0m
2026-09-22T20:05:59.7240510Z [36;1mKERNEL_VERSION=$(uname -r)[0m
2026-09-22T20:05:59.7241193Z [36;1mecho "kernel-version=$KERNEL_VERSION" >> $GITHUB_OUTPUT[0m
2026-09-22T20:05:59.7242006Z [36;1m[0m
2026-09-22T20:05:59.7242619Z [36;1m# Normalize mode for cache key (commas are not allowed in cache keys)[0m
2026-09-22T20:05:59.7243448Z [36;1mMODE_CACHE_KEY=$(echo "walltime" | tr ',' '-')[0m
2026-09-22T20:05:59.7244199Z [36;1mecho "mode-cache-key=$MODE_CACHE_KEY" >> $GITHUB_OUTPUT[0m
2026-09-22T20:05:59.7292400Z shell: /usr/bin/bash --noprofile --norc -e -o pipefail {0}
2026-09-22T20:05:59.7293069Z env:
2026-09-22T20:05:59.7293474Z   CARGO_TERM_COLOR: always
2026-09-22T20:05:59.7293957Z   RUST_BACKTRACE: 1
2026-09-22T20:05:59.7294424Z   NIGHTLY_TOOLCHAIN: nightly-2026-09-10
2026-09-22T20:05:59.7295012Z   RUNNER_TOOL_CACHE: /opt/hostedtoolcache
2026-09-22T20:05:59.7295568Z   RUNS_ON_HOME: /runs-on
2026-09-22T20:05:59.7296060Z   RUNS_ON_VERSION: v3.3.0
2026-09-22T20:05:59.7296543Z   RUNS_ON_AGENT_BINARY: /runs-on/agent
2026-09-22T20:05:59.7297071Z   RUNS_ON_AGENT_ARCH: x64
2026-09-22T20:05:59.7297541Z   RUNS_ON_AGENT_USER: runner
2026-09-22T20:05:59.7298130Z   RUNS_ON_AMI_ID: ami-0d8875560af9e1401
2026-09-22T20:05:59.7298675Z   RUNS_ON_AWS_REGION: us-east-1
2026-09-22T20:05:59.7299184Z   RUNS_ON_AWS_AZ: us-east-1a
2026-09-22T20:05:59.7299702Z   RUNS_ON_ENV_CUSTOM_FILE: /runs-on/env.custom
2026-09-22T20:05:59.7300303Z   RUNS_ON_INSTANCE_ID: i-0d248d3ad4a7d9b93
2026-09-22T20:05:59.7300888Z   RUNS_ON_INSTANCE_LIFECYCLE: spot
2026-09-22T20:05:59.7301412Z   RUNS_ON_INSTANCE_TYPE: c7i.metal-24xl
2026-09-22T20:05:59.7301925Z   RUNS_ON_STACK_NAME: runs-on-v3
2026-09-22T20:05:59.7302573Z   RUNS_ON_S3_BUCKET_CACHE: runs-on-v3-s3bucketcache-dbnub4tpjhpv
2026-09-22T20:05:59.7303317Z   ACTIONS_RUNNER_HOOK_JOB_STARTED: /runs-on/pre.sh
2026-09-22T20:05:59.7303981Z   ACTIONS_RUNNER_HOOK_JOB_COMPLETED: /runs-on/post.sh
2026-09-22T20:05:59.7304646Z   GITHUB_SERVER_URL: https://github.com/
2026-09-22T20:05:59.7305216Z   GITHUB_API_URL: https://api.github.com/
2026-09-22T20:05:59.7305763Z   GITHUB_HOST: github.com
2026-09-22T20:05:59.7306382Z   RUNS_ON_RUNNER_NAME: runs-on--i-0d248d3ad4a7d9b93--08023f40-c
2026-09-22T20:05:59.7307121Z   RUNS_ON_INSTANCE_LAUNCHED_AT: 2026-09-22T20:04:39Z
2026-09-22T20:05:59.7307748Z   ACTIONS_CACHE_URL: http://10.1.9.141:6871/
2026-09-22T20:05:59.7308418Z   ACTIONS_CACHE_SERVICE_V2: true
2026-09-22T20:05:59.7308976Z   ACTIONS_RESULTS_URL: http://10.1.9.141:6871/
2026-09-22T20:05:59.7309673Z   RUNS_ON_S3_CACHE_REPO_PREFIX: cache/repo/vortex-data/vortex
2026-09-22T20:05:59.7310367Z   RUNS_ON_ACTION_COST_TRACKING_CLAIMED: true
2026-09-22T20:05:59.7310938Z   RUSTUP_TOOLCHAIN: 1.98.0
2026-09-22T20:05:59.7311409Z   DIVAN_SAMPLE_COUNT: 1000
2026-09-22T20:05:59.7311861Z ##[endgroup]
2026-09-22T20:05:59.7470342Z ##[end-action id=__CodSpeedHQ_action.versions;outcome=success;conclusion=success;duration_ms=27]
2026-09-22T20:05:59.7474514Z ##[start-action display=Cache CodSpeed instruments;id=__CodSpeedHQ_action.__actions_cache]
2026-09-22T20:05:59.7534778Z ##[group]Run actions/cache@668228422ae6a00e4ad889ee87cd7109ec5666a7
2026-09-22T20:05:59.7535457Z with:
2026-09-22T20:05:59.7535878Z   path: ~/.cache/codspeed-action
2026-09-22T20:05:59.7536591Z   key: codspeed-instruments-walltime-Linux-X64-6.17.0-1019-aws-5.0.2
2026-09-22T20:05:59.7537599Z   restore-keys: codspeed-instruments-walltime-Linux-X64-6.17.0-1019-aws-

2026-09-22T20:05:59.7538513Z   enableCrossOsArchive: false
2026-09-22T20:05:59.7539023Z   fail-on-cache-miss: false
2026-09-22T20:05:59.7539489Z   lookup-only: false
2026-09-22T20:05:59.7539918Z   save-always: false
2026-09-22T20:05:59.7540322Z env:
2026-09-22T20:05:59.7540697Z   CARGO_TERM_COLOR: always
2026-09-22T20:05:59.7541140Z   RUST_BACKTRACE: 1
2026-09-22T20:05:59.7541592Z   NIGHTLY_TOOLCHAIN: nightly-2026-09-10
2026-09-22T20:05:59.7542155Z   RUNNER_TOOL_CACHE: /opt/hostedtoolcache
2026-09-22T20:05:59.7542703Z   RUNS_ON_HOME: /runs-on
2026-09-22T20:05:59.7543153Z   RUNS_ON_VERSION: v3.3.0
2026-09-22T20:05:59.7543630Z   RUNS_ON_AGENT_BINARY: /runs-on/agent
2026-09-22T20:05:59.7544158Z   RUNS_ON_AGENT_ARCH: x64
2026-09-22T20:05:59.7544912Z   RUNS_ON_AGENT_USER: runner
2026-09-22T20:05:59.7545404Z   RUNS_ON_AMI_ID: ami-0d8875560af9e1401
2026-09-22T20:05:59.7545936Z   RUNS_ON_AWS_REGION: us-east-1
2026-09-22T20:05:59.7546429Z   RUNS_ON_AWS_AZ: us-east-1a
2026-09-22T20:05:59.7546961Z   RUNS_ON_ENV_CUSTOM_FILE: /runs-on/env.custom
2026-09-22T20:05:59.7547550Z   RUNS_ON_INSTANCE_ID: i-0d248d3ad4a7d9b93
2026-09-22T20:05:59.7548192Z   RUNS_ON_INSTANCE_LIFECYCLE: spot
2026-09-22T20:05:59.7548738Z   RUNS_ON_INSTANCE_TYPE: c7i.metal-24xl
2026-09-22T20:05:59.7549275Z   RUNS_ON_STACK_NAME: runs-on-v3
2026-09-22T20:05:59.7549920Z   RUNS_ON_S3_BUCKET_CACHE: runs-on-v3-s3bucketcache-dbnub4tpjhpv
2026-09-22T20:05:59.7550697Z   ACTIONS_RUNNER_HOOK_JOB_STARTED: /runs-on/pre.sh
2026-09-22T20:05:59.7551379Z   ACTIONS_RUNNER_HOOK_JOB_COMPLETED: /runs-on/post.sh
2026-09-22T20:05:59.7552022Z   GITHUB_SERVER_URL: https://github.com/
2026-09-22T20:05:59.7552627Z   GITHUB_API_URL: https://api.github.com/
2026-09-22T20:05:59.7553151Z   GITHUB_HOST: github.com
2026-09-22T20:05:59.7553771Z   RUNS_ON_RUNNER_NAME: runs-on--i-0d248d3ad4a7d9b93--08023f40-c
2026-09-22T20:05:59.7554510Z   RUNS_ON_INSTANCE_LAUNCHED_AT: 2026-09-22T20:04:39Z
2026-09-22T20:05:59.7555139Z   ACTIONS_CACHE_URL: http://10.1.9.141:6871/
2026-09-22T20:05:59.7555702Z   ACTIONS_CACHE_SERVICE_V2: true
2026-09-22T20:05:59.7556248Z   ACTIONS_RESULTS_URL: http://10.1.9.141:6871/
2026-09-22T20:05:59.7556939Z   RUNS_ON_S3_CACHE_REPO_PREFIX: cache/repo/vortex-data/vortex
2026-09-22T20:05:59.7557617Z   RUNS_ON_ACTION_COST_TRACKING_CLAIMED: true
2026-09-22T20:05:59.7558326Z   RUSTUP_TOOLCHAIN: 1.98.0
2026-09-22T20:05:59.7558803Z   DIVAN_SAMPLE_COUNT: 1000
2026-09-22T20:05:59.7559252Z ##[endgroup]
2026-09-22T20:05:59.9964454Z Cache not found for input keys: codspeed-instruments-walltime-Linux-X64-6.17.0-1019-aws-5.0.2, codspeed-instruments-walltime-Linux-X64-6.17.0-1019-aws-
2026-09-22T20:06:00.0008958Z ##[end-action id=__CodSpeedHQ_action.__actions_cache;outcome=success;conclusion=success;duration_ms=253]
2026-09-22T20:06:00.0012093Z ##[start-action display=Lookup installer hash;id=__CodSpeedHQ_action.installer-hash]
2026-09-22T20:06:00.0056490Z ##[group]Run actions/github-script@ed597411d8f924073f98dfc5c65a23a2325f34cd
2026-09-22T20:06:00.0056956Z with:
2026-09-22T20:06:00.0057797Z   script: const hashes = require(`${process.env.GITHUB_ACTION_PATH}/.codspeed-runner-installer-hashes.json`)
const version = process.env.RUNNER_VERSION
core.setOutput('hash', hashes[version] || '')

2026-09-22T20:06:00.0061312Z   github-token: ***
2026-09-22T20:06:00.0061590Z   debug: false
2026-09-22T20:06:00.0061874Z   user-agent: actions/github-script
2026-09-22T20:06:00.0062225Z   result-encoding: json
2026-09-22T20:06:00.0062508Z   retries: 0
2026-09-22T20:06:00.0062929Z   retry-exempt-status-codes: 400,401,403,404,422
2026-09-22T20:06:00.0063320Z env:
2026-09-22T20:06:00.0063582Z   CARGO_TERM_COLOR: always
2026-09-22T20:06:00.0063895Z   RUST_BACKTRACE: 1
2026-09-22T20:06:00.0064190Z   NIGHTLY_TOOLCHAIN: nightly-2026-09-10
2026-09-22T20:06:00.0064569Z   RUNNER_TOOL_CACHE: /opt/hostedtoolcache
2026-09-22T20:06:00.0064928Z   RUNS_ON_HOME: /runs-on
2026-09-22T20:06:00.0065223Z   RUNS_ON_VERSION: v3.3.0
2026-09-22T20:06:00.0065537Z   RUNS_ON_AGENT_BINARY: /runs-on/agent
2026-09-22T20:06:00.0065877Z   RUNS_ON_AGENT_ARCH: x64
2026-09-22T20:06:00.0066172Z   RUNS_ON_AGENT_USER: runner
2026-09-22T20:06:00.0066488Z   RUNS_ON_AMI_ID: ami-0d8875560af9e1401
2026-09-22T20:06:00.0066822Z   RUNS_ON_AWS_REGION: us-east-1
2026-09-22T20:06:00.0067148Z   RUNS_ON_AWS_AZ: us-east-1a
2026-09-22T20:06:00.0067476Z   RUNS_ON_ENV_CUSTOM_FILE: /runs-on/env.custom
2026-09-22T20:06:00.0067854Z   RUNS_ON_INSTANCE_ID: i-0d248d3ad4a7d9b93
2026-09-22T20:06:00.0068273Z   RUNS_ON_INSTANCE_LIFECYCLE: spot
2026-09-22T20:06:00.0068627Z   RUNS_ON_INSTANCE_TYPE: c7i.metal-24xl
2026-09-22T20:06:00.0068966Z   RUNS_ON_STACK_NAME: runs-on-v3
2026-09-22T20:06:00.0069378Z   RUNS_ON_S3_BUCKET_CACHE: runs-on-v3-s3bucketcache-dbnub4tpjhpv
2026-09-22T20:06:00.0069923Z   ACTIONS_RUNNER_HOOK_JOB_STARTED: /runs-on/pre.sh
2026-09-22T20:06:00.0070349Z   ACTIONS_RUNNER_HOOK_JOB_COMPLETED: /runs-on/post.sh
2026-09-22T20:06:00.0070761Z   GITHUB_SERVER_URL: https://github.com/
2026-09-22T20:06:00.0071136Z   GITHUB_API_URL: https://api.github.com/
2026-09-22T20:06:00.0071484Z   GITHUB_HOST: github.com
2026-09-22T20:06:00.0071870Z   RUNS_ON_RUNNER_NAME: runs-on--i-0d248d3ad4a7d9b93--08023f40-c
2026-09-22T20:06:00.0072341Z   RUNS_ON_INSTANCE_LAUNCHED_AT: 2026-09-22T20:04:39Z
2026-09-22T20:06:00.0072738Z   ACTIONS_CACHE_URL: http://10.1.9.141:6871/
2026-09-22T20:06:00.0073100Z   ACTIONS_CACHE_SERVICE_V2: true
2026-09-22T20:06:00.0073451Z   ACTIONS_RESULTS_URL: http://10.1.9.141:6871/
2026-09-22T20:06:00.0073891Z   RUNS_ON_S3_CACHE_REPO_PREFIX: cache/repo/vortex-data/vortex
2026-09-22T20:06:00.0074317Z   RUNS_ON_ACTION_COST_TRACKING_CLAIMED: true
2026-09-22T20:06:00.0074674Z   RUSTUP_TOOLCHAIN: 1.98.0
2026-09-22T20:06:00.0074975Z   DIVAN_SAMPLE_COUNT: 1000
2026-09-22T20:06:00.0075273Z   RUNNER_VERSION: 5.0.2
2026-09-22T20:06:00.0075568Z ##[endgroup]
2026-09-22T20:06:00.0971835Z ##[end-action id=__CodSpeedHQ_action.installer-hash;outcome=success;conclusion=success;duration_ms=95]
2026-09-22T20:06:00.0974364Z ##[start-action display=Install CodSpeed runner;id=__CodSpeedHQ_action.__run]
2026-09-22T20:06:00.0990895Z ##[group]Run RUNNER_VERSION="5.0.2"
2026-09-22T20:06:00.0991319Z [36;1mRUNNER_VERSION="5.0.2"[0m
2026-09-22T20:06:00.0991651Z [36;1mVERSION_TYPE="release"[0m
2026-09-22T20:06:00.0991958Z [36;1m[0m
2026-09-22T20:06:00.0992242Z [36;1mSKIP_HASH_CHECK_WARNING="false"[0m
2026-09-22T20:06:00.0992573Z [36;1m[0m
2026-09-22T20:06:00.0992852Z [36;1mif [ "$VERSION_TYPE" = "latest" ]; then[0m
2026-09-22T20:06:00.0993296Z [36;1m  if [ "$SKIP_HASH_CHECK_WARNING" != "true" ]; then[0m
2026-09-22T20:06:00.0994087Z [36;1m    echo "::warning::Hash verification is not available when using 'latest' version. Consider pinning a specific version for supply chain security."[0m
2026-09-22T20:06:00.0994804Z [36;1m  fi[0m
2026-09-22T20:06:00.0995220Z [36;1m  curl -fsSL https://codspeed.io/install.sh | bash -s -- --quiet[0m
2026-09-22T20:06:00.0995721Z [36;1melif [ "$VERSION_TYPE" = "prerelease" ]; then[0m
2026-09-22T20:06:00.0996316Z [36;1m  # Prereleases are not pinned, so install from the versioned installer without hash verification.[0m
2026-09-22T20:06:00.0996928Z [36;1m  if [ "$SKIP_HASH_CHECK_WARNING" != "true" ]; then[0m
2026-09-22T20:06:00.0997511Z [36;1m    echo "::warning::Hash verification is not available for prerelease version $RUNNER_VERSION."[0m
2026-09-22T20:06:00.0998083Z [36;1m  fi[0m
2026-09-22T20:06:00.0998538Z [36;1m  curl -fsSL "https://codspeed.io/v$RUNNER_VERSION/install.sh" | bash -s -- --quiet[0m
2026-09-22T20:06:00.0999187Z [36;1melif [ "$VERSION_TYPE" = "branch" ]; then[0m
2026-09-22T20:06:00.0999604Z [36;1m  # Install from specific branch using cargo[0m
2026-09-22T20:06:00.1000035Z [36;1m  if [ "$SKIP_HASH_CHECK_WARNING" != "true" ]; then[0m
2026-09-22T20:06:00.1000592Z [36;1m    echo "::warning::Hash verification is not available when installing from a branch."[0m
2026-09-22T20:06:00.1001090Z [36;1m  fi[0m
2026-09-22T20:06:00.1001380Z [36;1m  source $HOME/.cargo/env[0m
2026-09-22T20:06:00.1002004Z [36;1m  cargo install --locked --git https://github.com/CodSpeedHQ/codspeed --branch "$RUNNER_VERSION" codspeed-runner[0m
2026-09-22T20:06:00.1002662Z [36;1melif [ "$VERSION_TYPE" = "rev" ]; then[0m
2026-09-22T20:06:00.1003088Z [36;1m  # Install from specific commit/rev using cargo[0m
2026-09-22T20:06:00.1003516Z [36;1m  if [ "$SKIP_HASH_CHECK_WARNING" != "true" ]; then[0m
2026-09-22T20:06:00.1004075Z [36;1m    echo "::warning::Hash verification is not available when installing from a revision."[0m
2026-09-22T20:06:00.1004586Z [36;1m  fi[0m
2026-09-22T20:06:00.1004856Z [36;1m  source $HOME/.cargo/env[0m
2026-09-22T20:06:00.1005453Z [36;1m  cargo install --locked --git https://github.com/CodSpeedHQ/codspeed --rev "$RUNNER_VERSION" codspeed-runner[0m
2026-09-22T20:06:00.1006136Z [36;1melse[0m
2026-09-22T20:06:00.1006489Z [36;1m  # Release version - download to temp file and verify hash[0m
2026-09-22T20:06:00.1007032Z [36;1m  INSTALLER_URL="https://codspeed.io/v$RUNNER_VERSION/install.sh"[0m
2026-09-22T20:06:00.1007504Z [36;1m  INSTALLER_TMP=$(mktemp)[0m
2026-09-22T20:06:00.1007859Z [36;1m  trap "rm -f $INSTALLER_TMP" EXIT[0m
2026-09-22T20:06:00.1008258Z [36;1m[0m
2026-09-22T20:06:00.1008525Z [36;1m  CURL_ERR=$(mktemp)[0m
2026-09-22T20:06:00.1009058Z [36;1m  if ! HTTP_CODE=$(curl -sSL -o "$INSTALLER_TMP" -w "%{http_code}" "$INSTALLER_URL" 2>"$CURL_ERR"); then[0m
2026-09-22T20:06:00.1010020Z [36;1m    echo "::error title=Failed to install CodSpeed CLI::Installation of CodSpeed CLI with version $RUNNER_VERSION failed.%0AReason: $(cat "$CURL_ERR")"[0m
2026-09-22T20:06:00.1010754Z [36;1m    exit 1[0m
2026-09-22T20:06:00.1011028Z [36;1m  fi[0m
2026-09-22T20:06:00.1011316Z [36;1m  if [ "$HTTP_CODE" -ge 400 ]; then[0m
2026-09-22T20:06:00.1011699Z [36;1m    error_body=$(cat "$INSTALLER_TMP")[0m
2026-09-22T20:06:00.1012557Z [36;1m    echo "::error title=Failed to install CodSpeed CLI::Installation of CodSpeed CLI with version $RUNNER_VERSION failed.%0AReason: HTTP $HTTP_CODE - ${error_body:-no response body}"[0m
2026-09-22T20:06:00.1013394Z [36;1m    exit 1[0m
2026-09-22T20:06:00.1013666Z [36;1m  fi[0m
2026-09-22T20:06:00.1013909Z [36;1m[0m
2026-09-22T20:06:00.1014360Z [36;1m  EXPECTED_HASH="4ea0e3b0425e01498ff1b70fba78228eedb4dd58efb6093360776fc6e4eae1a9"[0m
2026-09-22T20:06:00.1014915Z [36;1m  if [ -z "$EXPECTED_HASH" ]; then[0m
2026-09-22T20:06:00.1015594Z [36;1m    echo "::error::No pinned hash found for installer version $RUNNER_VERSION. Update .codspeed-runner-installer-hashes.json."[0m
2026-09-22T20:06:00.1016238Z [36;1m    exit 1[0m
2026-09-22T20:06:00.1016504Z [36;1m  fi[0m
2026-09-22T20:06:00.1016758Z [36;1m[0m
2026-09-22T20:06:00.1017106Z [36;1m  ACTUAL_HASH=$(sha256sum "$INSTALLER_TMP" | awk '{print $1}')[0m
2026-09-22T20:06:00.1017598Z [36;1m  if [ "$ACTUAL_HASH" != "$EXPECTED_HASH" ]; then[0m
2026-09-22T20:06:00.1018300Z [36;1m    echo "::error::Installer hash mismatch for version $RUNNER_VERSION. Expected: $EXPECTED_HASH, Got: $ACTUAL_HASH"[0m
2026-09-22T20:06:00.1018898Z [36;1m    exit 1[0m
2026-09-22T20:06:00.1019346Z [36;1m  fi[0m
2026-09-22T20:06:00.1035721Z [36;1m  echo "Installer hash verified for version $RUNNER_VERSION"[0m
2026-09-22T20:06:00.1036184Z [36;1m[0m
2026-09-22T20:06:00.1036482Z [36;1m  bash "$INSTALLER_TMP" --quiet[0m
2026-09-22T20:06:00.1036828Z [36;1mfi[0m
2026-09-22T20:06:00.1065891Z shell: /usr/bin/bash --noprofile --norc -e -o pipefail {0}
2026-09-22T20:06:00.1066303Z env:
2026-09-22T20:06:00.1066582Z   CARGO_TERM_COLOR: always
2026-09-22T20:06:00.1067011Z   RUST_BACKTRACE: 1
2026-09-22T20:06:00.1067326Z   NIGHTLY_TOOLCHAIN: nightly-2026-09-10
2026-09-22T20:06:00.1067705Z   RUNNER_TOOL_CACHE: /opt/hostedtoolcache
2026-09-22T20:06:00.1068118Z   RUNS_ON_HOME: /runs-on
2026-09-22T20:06:00.1068431Z   RUNS_ON_VERSION: v3.3.0
2026-09-22T20:06:00.1068746Z   RUNS_ON_AGENT_BINARY: /runs-on/agent
2026-09-22T20:06:00.1069085Z   RUNS_ON_AGENT_ARCH: x64
2026-09-22T20:06:00.1069381Z   RUNS_ON_AGENT_USER: runner
2026-09-22T20:06:00.1069702Z   RUNS_ON_AMI_ID: ami-0d8875560af9e1401
2026-09-22T20:06:00.1070048Z   RUNS_ON_AWS_REGION: us-east-1
2026-09-22T20:06:00.1070364Z   RUNS_ON_AWS_AZ: us-east-1a
2026-09-22T20:06:00.1070700Z   RUNS_ON_ENV_CUSTOM_FILE: /runs-on/env.custom
2026-09-22T20:06:00.1071081Z   RUNS_ON_INSTANCE_ID: i-0d248d3ad4a7d9b93
2026-09-22T20:06:00.1071434Z   RUNS_ON_INSTANCE_LIFECYCLE: spot
2026-09-22T20:06:00.1071772Z   RUNS_ON_INSTANCE_TYPE: c7i.metal-24xl
2026-09-22T20:06:00.1072112Z   RUNS_ON_STACK_NAME: runs-on-v3
2026-09-22T20:06:00.1072541Z   RUNS_ON_S3_BUCKET_CACHE: runs-on-v3-s3bucketcache-dbnub4tpjhpv
2026-09-22T20:06:00.1073026Z   ACTIONS_RUNNER_HOOK_JOB_STARTED: /runs-on/pre.sh
2026-09-22T20:06:00.1073457Z   ACTIONS_RUNNER_HOOK_JOB_COMPLETED: /runs-on/post.sh
2026-09-22T20:06:00.1073959Z   GITHUB_SERVER_URL: https://github.com/
2026-09-22T20:06:00.1074337Z   GITHUB_API_URL: https://api.github.com/
2026-09-22T20:06:00.1074682Z   GITHUB_HOST: github.com
2026-09-22T20:06:00.1075074Z   RUNS_ON_RUNNER_NAME: runs-on--i-0d248d3ad4a7d9b93--08023f40-c
2026-09-22T20:06:00.1075537Z   RUNS_ON_INSTANCE_LAUNCHED_AT: 2026-09-22T20:04:39Z
2026-09-22T20:06:00.1075934Z   ACTIONS_CACHE_URL: http://10.1.9.141:6871/
2026-09-22T20:06:00.1076301Z   ACTIONS_CACHE_SERVICE_V2: true
2026-09-22T20:06:00.1076646Z   ACTIONS_RESULTS_URL: http://10.1.9.141:6871/
2026-09-22T20:06:00.1077082Z   RUNS_ON_S3_CACHE_REPO_PREFIX: cache/repo/vortex-data/vortex
2026-09-22T20:06:00.1077513Z   RUNS_ON_ACTION_COST_TRACKING_CLAIMED: true
2026-09-22T20:06:00.1077956Z   RUSTUP_TOOLCHAIN: 1.98.0
2026-09-22T20:06:00.1078398Z   DIVAN_SAMPLE_COUNT: 1000
2026-09-22T20:06:00.1078718Z ##[endgroup]
2026-09-22T20:06:00.4140057Z Installer hash verified for version 5.0.2
2026-09-22T20:06:00.9416401Z ##[end-action id=__CodSpeedHQ_action.__run;outcome=success;conclusion=success;duration_ms=844]
2026-09-22T20:06:00.9446907Z ##[start-action display=Run the benchmarks;id=__CodSpeedHQ_action.__run_2]
2026-09-22T20:06:00.9464806Z ##[group]Run # Validate required inputs
2026-09-22T20:06:00.9465255Z [36;1m# Validate required inputs[0m
2026-09-22T20:06:00.9465646Z [36;1m# (custom message for smoother v4 migration)[0m
2026-09-22T20:06:00.9466051Z [36;1mif [ -z "walltime" ]; then[0m
2026-09-22T20:06:00.9467604Z [36;1m  echo "::error title=Missing required input 'mode'::The 'mode' input is required as of CodSpeed Action v4. Please explicitly set 'mode' to 'simulation' or 'walltime'. Before, this variable was automatically set to instrumentation on every runner except for CodSpeed macro runners where it was set to walltime by default. See https://codspeed.io/docs/instruments for details."[0m
2026-09-22T20:06:00.9469151Z [36;1m  exit 1[0m
2026-09-22T20:06:00.9469414Z [36;1mfi[0m
2026-09-22T20:06:00.9469676Z [36;1m[0m
2026-09-22T20:06:00.9469960Z [36;1m# Build the runner arguments array[0m
2026-09-22T20:06:00.9470328Z [36;1mRUNNER_ARGS=()[0m
2026-09-22T20:06:00.9470868Z [36;1mif [ -n "***" ]; then[0m
2026-09-22T20:06:00.9471311Z [36;1m  RUNNER_ARGS+=(--token "***")[0m
2026-09-22T20:06:00.9471640Z [36;1mfi[0m
2026-09-22T20:06:00.9471916Z [36;1mif [ -n "" ]; then[0m
2026-09-22T20:06:00.9472264Z [36;1m  RUNNER_ARGS+=(--working-directory="")[0m
2026-09-22T20:06:00.9472627Z [36;1mfi[0m
2026-09-22T20:06:00.9472899Z [36;1mif [ -n "" ]; then[0m
2026-09-22T20:06:00.9473221Z [36;1m  RUNNER_ARGS+=(--upload-url="")[0m
2026-09-22T20:06:00.9473556Z [36;1mfi[0m
2026-09-22T20:06:00.9473826Z [36;1mif [ -n "walltime" ]; then[0m
2026-09-22T20:06:00.9474255Z [36;1m  RUNNER_ARGS+=(--mode="walltime")[0m
2026-09-22T20:06:00.9474594Z [36;1mfi[0m
2026-09-22T20:06:00.9474847Z [36;1mif [ -n "" ]; then[0m
2026-09-22T20:06:00.9475172Z [36;1m  RUNNER_ARGS+=(--instruments="")[0m
2026-09-22T20:06:00.9475501Z [36;1mfi[0m
2026-09-22T20:06:00.9475758Z [36;1mif [ -n "" ]; then[0m
2026-09-22T20:06:00.9476104Z [36;1m  RUNNER_ARGS+=(--mongo-uri-env-name="")[0m
2026-09-22T20:06:00.9476464Z [36;1mfi[0m
2026-09-22T20:06:00.9476812Z [36;1mif [ "true" = "true" ] && [ -n "~/.cache/codspeed-action" ]; then[0m
2026-09-22T20:06:00.9477364Z [36;1m  RUNNER_ARGS+=(--setup-cache-dir="~/.cache/codspeed-action")[0m
2026-09-22T20:06:00.9477791Z [36;1mfi[0m
2026-09-22T20:06:00.9478099Z [36;1mif [ "false" = "true" ]; then[0m
2026-09-22T20:06:00.9478463Z [36;1m  RUNNER_ARGS+=(--allow-empty)[0m
2026-09-22T20:06:00.9478800Z [36;1mfi[0m
2026-09-22T20:06:00.9479053Z [36;1mif [ -n "" ]; then[0m
2026-09-22T20:06:00.9479386Z [36;1m  RUNNER_ARGS+=(--go-runner-version="")[0m
2026-09-22T20:06:00.9479745Z [36;1mfi[0m
2026-09-22T20:06:00.9480002Z [36;1mif [ -n "" ]; then[0m
2026-09-22T20:06:00.9480315Z [36;1m  RUNNER_ARGS+=(--config="")[0m
2026-09-22T20:06:00.9480647Z [36;1mfi[0m
2026-09-22T20:06:00.9480899Z [36;1mif [ -n "" ]; then[0m
2026-09-22T20:06:00.9481305Z [36;1m  RUNNER_ARGS+=(--cycle-estimation="")[0m
2026-09-22T20:06:00.9481651Z [36;1mfi[0m
2026-09-22T20:06:00.9481910Z [36;1mif [ -n "" ]; then[0m
2026-09-22T20:06:00.9482247Z [36;1m  RUNNER_ARGS+=(--exclude-allocations="")[0m
2026-09-22T20:06:00.9482600Z [36;1mfi[0m
2026-09-22T20:06:00.9482853Z [36;1m[0m
2026-09-22T20:06:00.9483142Z [36;1mif [ -n "$CODSPEED_INPUT_RUN" ]; then[0m
2026-09-22T20:06:00.9483545Z [36;1m  RUNNER_ARGS+=(-- "$CODSPEED_INPUT_RUN")[0m
2026-09-22T20:06:00.9483903Z [36;1mfi[0m
2026-09-22T20:06:00.9484144Z [36;1m[0m
2026-09-22T20:06:00.9484400Z [36;1m# Run the benchmarks[0m
2026-09-22T20:06:00.9484727Z [36;1mcodspeed run "${RUNNER_ARGS[@]}"[0m
2026-09-22T20:06:00.9513139Z shell: /usr/bin/bash --noprofile --norc -e -o pipefail {0}
2026-09-22T20:06:00.9513561Z env:
2026-09-22T20:06:00.9513836Z   CARGO_TERM_COLOR: always
2026-09-22T20:06:00.9514151Z   RUST_BACKTRACE: 1
2026-09-22T20:06:00.9514453Z   NIGHTLY_TOOLCHAIN: nightly-2026-09-10
2026-09-22T20:06:00.9514837Z   RUNNER_TOOL_CACHE: /opt/hostedtoolcache
2026-09-22T20:06:00.9515198Z   RUNS_ON_HOME: /runs-on
2026-09-22T20:06:00.9515501Z   RUNS_ON_VERSION: v3.3.0
2026-09-22T20:06:00.9515823Z   RUNS_ON_AGENT_BINARY: /runs-on/agent
2026-09-22T20:06:00.9516170Z   RUNS_ON_AGENT_ARCH: x64
2026-09-22T20:06:00.9516463Z   RUNS_ON_AGENT_USER: runner
2026-09-22T20:06:00.9516783Z   RUNS_ON_AMI_ID: ami-0d8875560af9e1401
2026-09-22T20:06:00.9517125Z   RUNS_ON_AWS_REGION: us-east-1
2026-09-22T20:06:00.9517455Z   RUNS_ON_AWS_AZ: us-east-1a
2026-09-22T20:06:00.9517797Z   RUNS_ON_ENV_CUSTOM_FILE: /runs-on/env.custom
2026-09-22T20:06:00.9518229Z   RUNS_ON_INSTANCE_ID: i-0d248d3ad4a7d9b93
2026-09-22T20:06:00.9518598Z   RUNS_ON_INSTANCE_LIFECYCLE: spot
2026-09-22T20:06:00.9518943Z   RUNS_ON_INSTANCE_TYPE: c7i.metal-24xl
2026-09-22T20:06:00.9519285Z   RUNS_ON_STACK_NAME: runs-on-v3
2026-09-22T20:06:00.9519708Z   RUNS_ON_S3_BUCKET_CACHE: runs-on-v3-s3bucketcache-dbnub4tpjhpv
2026-09-22T20:06:00.9520179Z   ACTIONS_RUNNER_HOOK_JOB_STARTED: /runs-on/pre.sh
2026-09-22T20:06:00.9520617Z   ACTIONS_RUNNER_HOOK_JOB_COMPLETED: /runs-on/post.sh
2026-09-22T20:06:00.9521040Z   GITHUB_SERVER_URL: https://github.com/
2026-09-22T20:06:00.9521417Z   GITHUB_API_URL: https://api.github.com/
2026-09-22T20:06:00.9521767Z   GITHUB_HOST: github.com
2026-09-22T20:06:00.9522163Z   RUNS_ON_RUNNER_NAME: runs-on--i-0d248d3ad4a7d9b93--08023f40-c
2026-09-22T20:06:00.9522634Z   RUNS_ON_INSTANCE_LAUNCHED_AT: 2026-09-22T20:04:39Z
2026-09-22T20:06:00.9523035Z   ACTIONS_CACHE_URL: http://10.1.9.141:6871/
2026-09-22T20:06:00.9523400Z   ACTIONS_CACHE_SERVICE_V2: true
2026-09-22T20:06:00.9523751Z   ACTIONS_RESULTS_URL: http://10.1.9.141:6871/
2026-09-22T20:06:00.9524191Z   RUNS_ON_S3_CACHE_REPO_PREFIX: cache/repo/vortex-data/vortex
2026-09-22T20:06:00.9524709Z   RUNS_ON_ACTION_COST_TRACKING_CLAIMED: true
2026-09-22T20:06:00.9525075Z   RUSTUP_TOOLCHAIN: 1.98.0
2026-09-22T20:06:00.9525388Z   DIVAN_SAMPLE_COUNT: 1000
2026-09-22T20:06:00.9526941Z   GH_MATRIX: {
  "features": "avx512",
  "family": "c7i.metal-24xl",
  "build-family": "c7i.4xlarge",
  "image": "ubuntu24-full-x64-pre-v2",
  "rustflags": "-C target-feature=+avx512f,+avx512bw,+avx512cd,+avx512dq,+avx512vl,+avx512ifma,+avx512vbmi,+avx512vbmi2,+avx512vnni,+avx512bitalg,+avx512vpopcntdq,+avx512bf16,+avx512fp16 -C force-frame-pointers=yes"
}
2026-09-22T20:06:00.9528732Z   GH_STRATEGY: {
  "fail-fast": false,
  "job-index": 1,
  "job-total": 3,
  "max-parallel": 3
}
2026-09-22T20:06:00.9529415Z   CODSPEED_INPUT_RUN: bash scripts/bench-taskset.sh cargo codspeed run -- '.*::avx512::'
2026-09-22T20:06:00.9529930Z ##[endgroup]
2026-09-22T20:06:00.9940454Z 
2026-09-22T20:06:00.9940907Z    ______            __ _____                         __
2026-09-22T20:06:00.9941572Z   / ____/____   ____/ // ___/ ____   ___   ___   ____/ /
2026-09-22T20:06:00.9942152Z  / /    / __ \ / __  / \__ \ / __ \ / _ \ / _ \ / __  /
2026-09-22T20:06:00.9942718Z / /___ / /_/ // /_/ / ___/ // /_/ //  __//  __// /_/ /
2026-09-22T20:06:00.9943446Z \____/ \____/ \__,_/ /____// .___/ \___/ \___/ \__,_/
2026-09-22T20:06:00.9943916Z   https://codspeed.io     /_/          runner v5.0.2
2026-09-22T20:06:00.9944185Z 
2026-09-22T20:06:00.9944666Z ##[group]Running the benchmarks
2026-09-22T20:06:09.3256971Z [cargo-codspeed] Measurement mode: Walltime
2026-09-22T20:06:09.3257324Z 
2026-09-22T20:06:09.3260368Z Collected 10 benchmark suite(s) to run
2026-09-22T20:06:09.3260849Z Running vortex-array row_fn_output
2026-09-22T20:06:09.3305676Z Timer precision: 22 ns
2026-09-22T20:06:09.3306535Z row_fn_output                               fastest       │ slowest       │ median        │ mean          │ samples │ iters
2026-09-22T20:06:09.3315727Z ├─ avx512::deferred_bool_constant_avx512                  │               │               │               │         │
2026-09-22T20:06:09.4146501Z │  ├─ ConstantPerRow                        2.657 µs      │ 290.2 µs      │ 2.797 µs      │ 3.637 µs      │ 1000    │ 1000
2026-09-22T20:06:09.4147301Z │  │                                        6.165 Gitem/s │ 56.44 Mitem/s │ 5.856 Gitem/s │ 4.503 Gitem/s │         │
2026-09-22T20:06:09.4976145Z │  ╰─ PerRowConstant                        2.948 µs      │ 52.7 µs       │ 3.079 µs      │ 3.745 µs      │ 1000    │ 1000
2026-09-22T20:06:09.4976992Z │                                           5.556 Gitem/s │ 310.8 Mitem/s │ 5.32 Gitem/s  │ 4.374 Gitem/s │         │
2026-09-22T20:06:09.4977680Z ├─ avx512::deferred_i64_avx512                            │               │               │               │         │
2026-09-22T20:06:09.5876935Z │  ╰─ PerRowPerRow                          9.876 µs      │ 19.92 µs      │ 10 µs         │ 10.56 µs      │ 1000    │ 1000
2026-09-22T20:06:09.5878001Z │                                           1.658 Gitem/s │ 822.3 Mitem/s │ 1.637 Gitem/s │ 1.55 Gitem/s  │         │
2026-09-22T20:06:09.5878710Z ├─ avx512::filtered_owned_i64_avx512                      │               │               │               │         │
2026-09-22T20:06:09.6732382Z │  ├─ AllValid                              5.376 µs      │ 47.86 µs      │ 5.594 µs      │ 5.77 µs       │ 1000    │ 1000
2026-09-22T20:06:09.6733216Z │  │                                        3.047 Gitem/s │ 342.3 Mitem/s │ 2.928 Gitem/s │ 2.839 Gitem/s │         │
2026-09-22T20:06:09.7685402Z │  ├─ NineNullsInTen                        15.01 µs      │ 109.6 µs      │ 15.54 µs      │ 16.23 µs      │ 1000    │ 1000
2026-09-22T20:06:09.7686412Z │  │                                        1.09 Gitem/s  │ 149.3 Mitem/s │ 1.053 Gitem/s │ 1.008 Gitem/s │         │
2026-09-22T20:06:09.8754706Z │  ╰─ OneNullInEight                        26.16 µs      │ 45.37 µs      │ 26.61 µs      │ 27.24 µs      │ 1000    │ 1000
2026-09-22T20:06:09.8756288Z │                                           626.2 Mitem/s │ 361.1 Mitem/s │ 615.5 Mitem/s │ 601.3 Mitem/s │         │
2026-09-22T20:06:09.8757586Z ├─ avx512::filtered_sink_i64_avx512                       │               │               │               │         │
2026-09-22T20:06:09.9599947Z │  ├─ AllValid                              5.294 µs      │ 13.95 µs      │ 5.499 µs      │ 5.654 µs      │ 1000    │ 1000
2026-09-22T20:06:09.9600724Z │  │                                        3.094 Gitem/s │ 1.174 Gitem/s │ 2.979 Gitem/s │ 2.897 Gitem/s │         │
2026-09-22T20:06:10.0547242Z │  ├─ NineNullsInTen                        15.07 µs      │ 29.28 µs      │ 15.66 µs      │ 16.21 µs      │ 1000    │ 1000
2026-09-22T20:06:10.0548016Z │  │                                        1.087 Gitem/s │ 559.5 Mitem/s │ 1.046 Gitem/s │ 1.01 Gitem/s  │         │
2026-09-22T20:06:10.1561860Z │  ╰─ OneNullInEight                        22.21 µs      │ 31.93 µs      │ 22.63 µs      │ 23.16 µs      │ 1000    │ 1000
2026-09-22T20:06:10.1562947Z │                                           737.5 Mitem/s │ 512.9 Mitem/s │ 723.8 Mitem/s │ 707.3 Mitem/s │         │
2026-09-22T20:06:10.1564034Z ├─ avx512::infallible_bool_constant_avx512                │               │               │               │         │
2026-09-22T20:06:10.2381986Z │  ├─ ConstantPerRow                        2.659 µs      │ 11.04 µs      │ 2.791 µs      │ 3.332 µs      │ 1000    │ 1000
2026-09-22T20:06:10.2382794Z │  │                                        6.16 Gitem/s  │ 1.483 Gitem/s │ 5.869 Gitem/s │ 4.916 Gitem/s │         │
2026-09-22T20:06:10.3193242Z │  ╰─ PerRowConstant                        2.634 µs      │ 11.14 µs      │ 2.776 µs      │ 3.276 µs      │ 1000    │ 1000
2026-09-22T20:06:10.3194010Z │                                           6.218 Gitem/s │ 1.47 Gitem/s  │ 5.901 Gitem/s │ 5.001 Gitem/s │         │
2026-09-22T20:06:10.3194677Z ├─ avx512::deferred_bool_avx512                           │               │               │               │         │
2026-09-22T20:06:10.3195314Z │  ├─ i32                                                 │               │               │               │         │
2026-09-22T20:06:10.4010842Z │  │  ╰─ PerRowPerRow                       2.404 µs      │ 153.4 µs      │ 2.531 µs      │ 2.959 µs      │ 1000    │ 1000
2026-09-22T20:06:10.4012026Z │  │                                        6.813 Gitem/s │ 106.7 Mitem/s │ 6.471 Gitem/s │ 5.536 Gitem/s │         │
2026-09-22T20:06:10.4012907Z │  ╰─ i64                                                 │               │               │               │         │
2026-09-22T20:06:10.4833817Z │     ╰─ PerRowPerRow                       3.943 µs      │ 14.92 µs      │ 4.118 µs      │ 4.53 µs       │ 1000    │ 1000
2026-09-22T20:06:10.4834844Z │                                           4.154 Gitem/s │ 1.097 Gitem/s │ 3.978 Gitem/s │ 3.616 Gitem/s │         │
2026-09-22T20:06:10.4835862Z ╰─ avx512::infallible_bool_avx512                         │               │               │               │         │
2026-09-22T20:06:10.4836815Z    ├─ i32                                                 │               │               │               │         │
2026-09-22T20:06:10.5640140Z    │  ╰─ PerRowPerRow                       2.213 µs      │ 10.72 µs      │ 2.374 µs      │ 2.759 µs      │ 1000    │ 1000
2026-09-22T20:06:10.5641170Z    │                                        7.401 Gitem/s │ 1.528 Gitem/s │ 6.901 Gitem/s │ 5.938 Gitem/s │         │
2026-09-22T20:06:10.5642051Z    ╰─ i64                                                 │               │               │               │         │
2026-09-22T20:06:10.6462086Z       ╰─ PerRowPerRow                       3.695 µs      │ 11.49 µs      │ 3.83 µs       │ 4.234 µs      │ 1000    │ 1000
2026-09-22T20:06:10.6462740Z                                             4.433 Gitem/s │ 1.424 Gitem/s │ 4.277 Gitem/s │ 3.869 Gitem/s │         │
2026-09-22T20:06:10.6463101Z 
2026-09-22T20:06:10.6469719Z Done running row_fn_output
2026-09-22T20:06:10.6470095Z Running vortex-array row_fn_bool_retry
2026-09-22T20:06:10.6511717Z Timer precision: 21 ns
2026-09-22T20:06:10.6512428Z row_fn_bool_retry                          fastest       │ slowest       │ median        │ mean          │ samples │ iters
2026-09-22T20:06:10.6513331Z ├─ avx512::multiversioned_avx512                         │               │               │               │         │
2026-09-22T20:06:10.6513969Z │  ╰─ 16384                                              │               │               │               │         │
2026-09-22T20:06:10.7719706Z │     ├─ (Columns, AllValid)               37.66 µs      │ 123 µs        │ 37.95 µs      │ 38.99 µs      │ 1000    │ 1000
2026-09-22T20:06:10.7720512Z │     │                                    3.479 Gitem/s │ 1.065 Gitem/s │ 3.453 Gitem/s │ 3.361 Gitem/s │         │
2026-09-22T20:06:11.1366363Z │     ├─ (Columns, NullOnlyFailure)        279.2 µs      │ 486.2 µs      │ 285.9 µs      │ 287 µs        │ 1000    │ 1000
2026-09-22T20:06:11.1367176Z │     │                                    469.2 Mitem/s │ 269.5 Mitem/s │ 458.3 Mitem/s │ 456.6 Mitem/s │         │
2026-09-22T20:06:11.3123171Z │     ├─ (Columns, ObservableFailure)      93.85 µs      │ 174.7 µs      │ 95.16 µs      │ 97.37 µs      │ 1000    │ 1000
2026-09-22T20:06:11.3124169Z │     │                                    1.396 Gitem/s │ 749.8 Mitem/s │ 1.377 Gitem/s │ 1.346 Gitem/s │         │
2026-09-22T20:06:11.4373298Z │     ├─ (Columns, PartialAccepted)        44.17 µs      │ 62.99 µs      │ 44.88 µs      │ 45.72 µs      │ 1000    │ 1000
2026-09-22T20:06:11.4374368Z │     │                                    2.967 Gitem/s │ 2.08 Gitem/s  │ 2.919 Gitem/s │ 2.866 Gitem/s │         │
2026-09-22T20:06:11.5484468Z │     ├─ (ConstantLhs, AllValid)           30.62 µs      │ 41.34 µs      │ 30.97 µs      │ 31.58 µs      │ 1000    │ 1000
2026-09-22T20:06:11.5485282Z │     │                                    4.279 Gitem/s │ 3.17 Gitem/s  │ 4.231 Gitem/s │ 4.15 Gitem/s  │         │
2026-09-22T20:06:11.9348284Z │     ├─ (ConstantLhs, NullOnlyFailure)    301.3 µs      │ 506.4 µs      │ 308.4 µs      │ 308.8 µs      │ 1000    │ 1000
2026-09-22T20:06:11.9349283Z │     │                                    434.9 Mitem/s │ 258.7 Mitem/s │ 424.9 Mitem/s │ 424.4 Mitem/s │         │
2026-09-22T20:06:12.1025507Z │     ├─ (ConstantLhs, ObservableFailure)  86.67 µs      │ 100.5 µs      │ 87.56 µs      │ 88.68 µs      │ 1000    │ 1000
2026-09-22T20:06:12.1026291Z │     │                                    1.512 Gitem/s │ 1.303 Gitem/s │ 1.496 Gitem/s │ 1.477 Gitem/s │         │
2026-09-22T20:06:12.2200006Z │     ├─ (ConstantLhs, PartialAccepted)    36.93 µs      │ 46.41 µs      │ 37.42 µs      │ 37.98 µs      │ 1000    │ 1000
2026-09-22T20:06:12.2200746Z │     │                                    3.548 Gitem/s │ 2.824 Gitem/s │ 3.501 Gitem/s │ 3.45 Gitem/s  │         │
2026-09-22T20:06:12.3325852Z │     ├─ (ConstantRhs, AllValid)           30.5 µs       │ 42.72 µs      │ 30.84 µs      │ 31.62 µs      │ 1000    │ 1000
2026-09-22T20:06:12.3326638Z │     │                                    4.296 Gitem/s │ 3.067 Gitem/s │ 4.249 Gitem/s │ 4.144 Gitem/s │         │
2026-09-22T20:06:12.7037583Z │     ├─ (ConstantRhs, NullOnlyFailure)    286.4 µs      │ 316.2 µs      │ 293.7 µs      │ 293.9 µs      │ 1000    │ 1000
2026-09-22T20:06:12.7038493Z │     │                                    457.5 Mitem/s │ 414.5 Mitem/s │ 446.2 Mitem/s │ 445.8 Mitem/s │         │
2026-09-22T20:06:12.8715173Z │     ├─ (ConstantRhs, ObservableFailure)  86.7 µs       │ 288.8 µs      │ 87.57 µs      │ 88.91 µs      │ 1000    │ 1000
2026-09-22T20:06:12.8715938Z │     │                                    1.511 Gitem/s │ 453.7 Mitem/s │ 1.496 Gitem/s │ 1.474 Gitem/s │         │
2026-09-22T20:06:12.9891028Z │     ╰─ (ConstantRhs, PartialAccepted)    36.92 µs      │ 50.6 µs       │ 37.38 µs      │ 38 µs         │ 1000    │ 1000
2026-09-22T20:06:12.9892139Z │                                          3.55 Gitem/s  │ 2.589 Gitem/s │ 3.505 Gitem/s │ 3.448 Gitem/s │         │
2026-09-22T20:06:12.9893169Z ╰─ avx512::plain_avx512                                  │               │               │               │         │
2026-09-22T20:06:12.9893854Z    ╰─ 16384                                              │               │               │               │         │
2026-09-22T20:06:13.1074233Z       ├─ (Columns, AllValid)               37.63 µs      │ 48.31 µs      │ 38.03 µs      │ 38.96 µs      │ 1000    │ 1000
2026-09-22T20:06:13.1074924Z       │                                    3.483 Gitem/s │ 2.712 Gitem/s │ 3.446 Gitem/s │ 3.364 Gitem/s │         │
2026-09-22T20:06:13.4709268Z       ├─ (Columns, NullOnlyFailure)        279.4 µs      │ 305.6 µs      │ 285.7 µs      │ 286.1 µs      │ 1000    │ 1000
2026-09-22T20:06:13.4710039Z       │                                    468.9 Mitem/s │ 428.7 Mitem/s │ 458.6 Mitem/s │ 458 Mitem/s   │         │
2026-09-22T20:06:13.6471560Z       ├─ (Columns, ObservableFailure)      93.61 µs      │ 125.6 µs      │ 94.64 µs      │ 96.68 µs      │ 1000    │ 1000
2026-09-22T20:06:13.6472354Z       │                                    1.4 Gitem/s   │ 1.043 Gitem/s │ 1.384 Gitem/s │ 1.355 Gitem/s │         │
2026-09-22T20:06:13.7728618Z       ├─ (Columns, PartialAccepted)        44.21 µs      │ 55.57 µs      │ 44.85 µs      │ 45.61 µs      │ 1000    │ 1000
2026-09-22T20:06:13.7729412Z       │                                    2.964 Gitem/s │ 2.358 Gitem/s │ 2.922 Gitem/s │ 2.873 Gitem/s │         │
2026-09-22T20:06:13.8859988Z       ├─ (ConstantLhs, AllValid)           32.23 µs      │ 62.38 µs      │ 32.48 µs      │ 33.07 µs      │ 1000    │ 1000
2026-09-22T20:06:13.8860722Z       │                                    4.066 Gitem/s │ 2.101 Gitem/s │ 4.034 Gitem/s │ 3.962 Gitem/s │         │
2026-09-22T20:06:14.2744585Z       ├─ (ConstantLhs, NullOnlyFailure)    302.7 µs      │ 333.9 µs      │ 309.9 µs      │ 310.2 µs      │ 1000    │ 1000
2026-09-22T20:06:14.2745706Z       │                                    432.8 Mitem/s │ 392.5 Mitem/s │ 422.8 Mitem/s │ 422.4 Mitem/s │         │
2026-09-22T20:06:14.4436062Z       ├─ (ConstantLhs, ObservableFailure)  87.84 µs      │ 121.1 µs      │ 89.09 µs      │ 90.45 µs      │ 1000    │ 1000
2026-09-22T20:06:14.4436845Z       │                                    1.492 Gitem/s │ 1.081 Gitem/s │ 1.471 Gitem/s │ 1.448 Gitem/s │         │
2026-09-22T20:06:14.5636531Z       ├─ (ConstantLhs, PartialAccepted)    38.68 µs      │ 48.47 µs      │ 39.16 µs      │ 39.74 µs      │ 1000    │ 1000
2026-09-22T20:06:14.5637265Z       │                                    3.388 Gitem/s │ 2.703 Gitem/s │ 3.346 Gitem/s │ 3.297 Gitem/s │         │
2026-09-22T20:06:14.6768346Z       ├─ (ConstantRhs, AllValid)           32.04 µs      │ 43.19 µs      │ 32.34 µs      │ 33 µs         │ 1000    │ 1000
2026-09-22T20:06:14.6769077Z       │                                    4.09 Gitem/s  │ 3.034 Gitem/s │ 4.051 Gitem/s │ 3.971 Gitem/s │         │
2026-09-22T20:06:15.0536352Z       ├─ (ConstantRhs, NullOnlyFailure)    288.7 µs      │ 321.3 µs      │ 297.1 µs      │ 297.6 µs      │ 1000    │ 1000
2026-09-22T20:06:15.0537639Z       │                                    453.9 Mitem/s │ 407.8 Mitem/s │ 441 Mitem/s   │ 440.4 Mitem/s │         │
2026-09-22T20:06:15.2221507Z       ├─ (ConstantRhs, ObservableFailure)  87.84 µs      │ 100.4 µs      │ 88.91 µs      │ 90.02 µs      │ 1000    │ 1000
2026-09-22T20:06:15.2222937Z       │                                    1.492 Gitem/s │ 1.304 Gitem/s │ 1.474 Gitem/s │ 1.455 Gitem/s │         │
2026-09-22T20:06:15.3418285Z       ╰─ (ConstantRhs, PartialAccepted)    38.77 µs      │ 48.64 µs      │ 39.23 µs      │ 39.94 µs      │ 1000    │ 1000
2026-09-22T20:06:15.3419393Z                                            3.38 Gitem/s  │ 2.694 Gitem/s │ 3.34 Gitem/s  │ 3.281 Gitem/s │         │
2026-09-22T20:06:15.3419981Z 
2026-09-22T20:06:15.3424622Z Done running row_fn_bool_retry
2026-09-22T20:06:15.3425001Z Running vortex-array take_primitive
2026-09-22T20:06:15.3467096Z Timer precision: 23 ns
2026-09-22T20:06:15.3467938Z take_primitive                             fastest       │ slowest       │ median        │ mean          │ samples │ iters
2026-09-22T20:06:15.3468752Z ╰─ avx512::dict_canonicalize_gt_u8_avx512                │               │               │               │         │
2026-09-22T20:06:15.8645686Z    ╰─ 1000000                              422.2 µs      │ 525.2 µs      │ 428.8 µs      │ 429.7 µs      │ 1000    │ 1000
2026-09-22T20:06:15.8646436Z                                            2.368 Gitem/s │ 1.904 Gitem/s │ 2.331 Gitem/s │ 2.326 Gitem/s │         │
2026-09-22T20:06:15.8646814Z 
2026-09-22T20:06:15.8651299Z Done running take_primitive
2026-09-22T20:06:15.8651701Z Running vortex-array scalar_subtract
2026-09-22T20:06:15.8693818Z Timer precision: 21 ns
2026-09-22T20:06:15.8694554Z scalar_subtract                    fastest       │ slowest       │ median        │ mean          │ samples │ iters
2026-09-22T20:06:15.9608032Z ╰─ avx512::scalar_subtract_avx512  10.75 µs      │ 167.7 µs      │ 11.08 µs      │ 11.44 µs      │ 1000    │ 1000
2026-09-22T20:06:15.9608672Z 
2026-09-22T20:06:15.9614399Z Done running scalar_subtract
2026-09-22T20:06:15.9614786Z Running vortex-array compare
2026-09-22T20:06:15.9650906Z Timer precision: 21 ns
2026-09-22T20:06:15.9651572Z compare                                 fastest       │ slowest       │ median        │ mean          │ samples │ iters
2026-09-22T20:06:16.0500095Z ├─ avx512::compare_f32_avx512           3.673 µs      │ 71.72 µs      │ 3.832 µs      │ 4.401 µs      │ 1000    │ 1000
2026-09-22T20:06:16.0500872Z │                                       2.229 Gitem/s │ 114.2 Mitem/s │ 2.137 Gitem/s │ 1.861 Gitem/s │         │
2026-09-22T20:06:16.1332439Z ├─ avx512::compare_float_avx512         4.24 µs       │ 12.12 µs      │ 4.389 µs      │ 4.691 µs      │ 1000    │ 1000
2026-09-22T20:06:16.1333228Z │                                       1.931 Gitem/s │ 675.5 Mitem/s │ 1.866 Gitem/s │ 1.745 Gitem/s │         │
2026-09-22T20:06:16.2154588Z ├─ avx512::compare_int_avx512           3.175 µs      │ 12.16 µs      │ 3.377 µs      │ 3.51 µs       │ 1000    │ 1000
2026-09-22T20:06:16.2155346Z │                                       2.579 Gitem/s │ 673.5 Mitem/s │ 2.425 Gitem/s │ 2.333 Gitem/s │         │
2026-09-22T20:06:16.2971322Z ├─ avx512::compare_int_constant_avx512  2.68 µs       │ 13.36 µs      │ 2.842 µs      │ 3.052 µs      │ 1000    │ 1000
2026-09-22T20:06:16.2972128Z │                                       3.056 Gitem/s │ 612.9 Mitem/s │ 2.881 Gitem/s │ 2.683 Gitem/s │         │
2026-09-22T20:06:16.3800250Z ├─ avx512::compare_int_eq_avx512        3.212 µs      │ 66.74 µs      │ 3.388 µs      │ 3.708 µs      │ 1000    │ 1000
2026-09-22T20:06:16.3801046Z │                                       2.549 Gitem/s │ 122.7 Mitem/s │ 2.417 Gitem/s │ 2.208 Gitem/s │         │
2026-09-22T20:06:16.4633778Z ├─ avx512::compare_int_nullable_avx512  3.718 µs      │ 15.59 µs      │ 3.877 µs      │ 4.088 µs      │ 1000    │ 1000
2026-09-22T20:06:16.4634745Z │                                       2.202 Gitem/s │ 525.3 Mitem/s │ 2.112 Gitem/s │ 2.003 Gitem/s │         │
2026-09-22T20:06:16.5449737Z ├─ avx512::compare_u8_avx512            2.354 µs      │ 9.878 µs      │ 2.49 µs       │ 2.659 µs      │ 1000    │ 1000
2026-09-22T20:06:16.5450517Z │                                       3.479 Gitem/s │ 829.2 Mitem/s │ 3.289 Gitem/s │ 3.08 Gitem/s  │         │
2026-09-22T20:06:16.6273915Z ╰─ avx512::compare_u64_avx512           3.191 µs      │ 11.62 µs      │ 3.367 µs      │ 3.595 µs      │ 1000    │ 1000
2026-09-22T20:06:16.6274710Z                                         2.566 Gitem/s │ 704.5 Mitem/s │ 2.432 Gitem/s │ 2.278 Gitem/s │         │
2026-09-22T20:06:16.6275081Z 
2026-09-22T20:06:16.6281032Z Done running compare
2026-09-22T20:06:16.6281411Z Running vortex-array binary_ops
2026-09-22T20:06:16.6327031Z Timer precision: 21 ns
2026-09-22T20:06:16.6327728Z binary_ops                             fastest       │ slowest       │ median        │ mean          │ samples │ iters
2026-09-22T20:06:16.6328546Z ├─ avx512::add_constant_shapes_avx512                │               │               │               │         │
2026-09-22T20:06:16.7243394Z │  ├─ (32768, ConstantPerRow)          10.17 µs      │ 127.2 µs      │ 10.41 µs      │ 10.75 µs      │ 1000    │ 1000
2026-09-22T20:06:16.7244506Z │  │                                   3.22 Gitem/s  │ 257.4 Mitem/s │ 3.146 Gitem/s │ 3.047 Gitem/s │         │
2026-09-22T20:06:16.8137404Z │  ├─ (32768, PerRowConstant)          10.16 µs      │ 24.8 µs       │ 10.43 µs      │ 10.78 µs      │ 1000    │ 1000
2026-09-22T20:06:16.8138489Z │  │                                   3.222 Gitem/s │ 1.321 Gitem/s │ 3.141 Gitem/s │ 3.036 Gitem/s │         │
2026-09-22T20:06:16.9035782Z │  ╰─ (32768, PerRowNullableConstant)  10.79 µs      │ 25.68 µs      │ 11.06 µs      │ 11.3 µs       │ 1000    │ 1000
2026-09-22T20:06:16.9036532Z │                                      3.034 Gitem/s │ 1.275 Gitem/s │ 2.961 Gitem/s │ 2.899 Gitem/s │         │
2026-09-22T20:06:16.9943036Z ├─ avx512::add_i32_nonnull_avx512      11.89 µs      │ 23.71 µs      │ 12.16 µs      │ 12.52 µs      │ 1000    │ 1000
2026-09-22T20:06:16.9944059Z │                                      5.509 Gitem/s │ 2.762 Gitem/s │ 5.388 Gitem/s │ 5.23 Gitem/s  │         │
2026-09-22T20:06:17.0852074Z ├─ avx512::add_i64_nonnull_avx512      11.9 µs       │ 21.28 µs      │ 12.16 µs      │ 12.49 µs      │ 1000    │ 1000
2026-09-22T20:06:17.0852879Z │                                      2.751 Gitem/s │ 1.539 Gitem/s │ 2.693 Gitem/s │ 2.621 Gitem/s │         │
2026-09-22T20:06:17.1785024Z ├─ avx512::add_i64_nullable_avx512     13.54 µs      │ 257.7 µs      │ 13.88 µs      │ 14.59 µs      │ 1000    │ 1000
2026-09-22T20:06:17.1785858Z │                                      2.419 Gitem/s │ 127.1 Mitem/s │ 2.359 Gitem/s │ 2.244 Gitem/s │         │
2026-09-22T20:06:17.1786488Z ├─ avx512::add_shapes_avx512                         │               │               │               │         │
2026-09-22T20:06:17.2696304Z │  ╰─ (32768, PerRowPerRow)            11.89 µs      │ 22.39 µs      │ 12.14 µs      │ 12.53 µs      │ 1000    │ 1000
2026-09-22T20:06:17.2697022Z │                                      2.755 Gitem/s │ 1.463 Gitem/s │ 2.697 Gitem/s │ 2.614 Gitem/s │         │
2026-09-22T20:06:17.3604190Z ├─ avx512::add_u32_nonnull_avx512      11.76 µs      │ 21.46 µs      │ 12.01 µs      │ 12.35 µs      │ 1000    │ 1000
2026-09-22T20:06:17.3604965Z │                                      5.57 Gitem/s  │ 3.053 Gitem/s │ 5.454 Gitem/s │ 5.306 Gitem/s │         │
2026-09-22T20:06:17.5232317Z ├─ avx512::div_i64_nonnull_avx512      83.91 µs      │ 95.68 µs      │ 84.04 µs      │ 85.23 µs      │ 1000    │ 1000
2026-09-22T20:06:17.5233159Z │                                      390.4 Mitem/s │ 342.4 Mitem/s │ 389.8 Mitem/s │ 384.4 Mitem/s │         │
2026-09-22T20:06:17.6707268Z ├─ avx512::div_i64_nullable_avx512     67.34 µs      │ 205.5 µs      │ 67.86 µs      │ 69.12 µs      │ 1000    │ 1000
2026-09-22T20:06:17.6708152Z │                                      486.5 Mitem/s │ 159.4 Mitem/s │ 482.8 Mitem/s │ 474 Mitem/s   │         │
2026-09-22T20:06:17.7517154Z ├─ avx512::lt_i64_nullable_avx512      2.718 µs      │ 33.52 µs      │ 3 µs          │ 3.217 µs      │ 1000    │ 1000
2026-09-22T20:06:17.7517841Z │                                      1.506 Gitem/s │ 122.1 Mitem/s │ 1.365 Gitem/s │ 1.272 Gitem/s │         │
2026-09-22T20:06:17.8487376Z ├─ avx512::mul_i8_nonnull_avx512       17.58 µs      │ 28.82 µs      │ 18.91 µs      │ 19.02 µs      │ 1000    │ 1000
2026-09-22T20:06:17.8488176Z │                                      14.9 Gitem/s  │ 9.093 Gitem/s │ 13.86 Gitem/s │ 13.78 Gitem/s │         │
2026-09-22T20:06:17.9453252Z ├─ avx512::mul_i16_nonnull_avx512      16.53 µs      │ 39.5 µs       │ 17.14 µs      │ 17.82 µs      │ 1000    │ 1000
2026-09-22T20:06:17.9454039Z │                                      7.928 Gitem/s │ 3.317 Gitem/s │ 7.646 Gitem/s │ 7.353 Gitem/s │         │
2026-09-22T20:06:18.0394968Z ├─ avx512::mul_i32_nonnull_avx512      14.29 µs      │ 25.95 µs      │ 14.64 µs      │ 15.45 µs      │ 1000    │ 1000
2026-09-22T20:06:18.0395726Z │                                      4.585 Gitem/s │ 2.524 Gitem/s │ 4.475 Gitem/s │ 4.239 Gitem/s │         │
2026-09-22T20:06:18.1365789Z ├─ avx512::mul_i32_nullable_avx512     16.11 µs      │ 30.15 µs      │ 17.39 µs      │ 17.63 µs      │ 1000    │ 1000
2026-09-22T20:06:18.1366882Z │                                      4.065 Gitem/s │ 2.173 Gitem/s │ 3.766 Gitem/s │ 3.717 Gitem/s │         │
2026-09-22T20:06:18.2914751Z ├─ avx512::mul_i64_nonnull_avx512      74.59 µs      │ 203 µs        │ 75.9 µs       │ 76.78 µs      │ 1000    │ 1000
2026-09-22T20:06:18.2915486Z │                                      439.2 Mitem/s │ 161.4 Mitem/s │ 431.7 Mitem/s │ 426.7 Mitem/s │         │
2026-09-22T20:06:18.3939654Z ├─ avx512::mul_u8_nonnull_avx512       22.42 µs      │ 33.94 µs      │ 22.59 µs      │ 22.99 µs      │ 1000    │ 1000
2026-09-22T20:06:18.3940365Z │                                      11.68 Gitem/s │ 7.722 Gitem/s │ 11.6 Gitem/s  │ 11.4 Gitem/s  │         │
2026-09-22T20:06:18.4848924Z ├─ avx512::mul_u16_nonnull_avx512      11.11 µs      │ 20.1 µs       │ 11.38 µs      │ 11.63 µs      │ 1000    │ 1000
2026-09-22T20:06:18.4849941Z │                                      11.79 Gitem/s │ 6.52 Gitem/s  │ 11.51 Gitem/s │ 11.26 Gitem/s │         │
2026-09-22T20:06:18.5771087Z ├─ avx512::mul_u32_nonnull_avx512      11.9 µs       │ 22.69 µs      │ 12.48 µs      │ 13.06 µs      │ 1000    │ 1000
2026-09-22T20:06:18.5772021Z │                                      5.506 Gitem/s │ 2.888 Gitem/s │ 5.248 Gitem/s │ 5.016 Gitem/s │         │
2026-09-22T20:06:18.7100321Z ├─ avx512::mul_u64_nonnull_avx512      52.72 µs      │ 64.22 µs      │ 53.26 µs      │ 54.33 µs      │ 1000    │ 1000
2026-09-22T20:06:18.7101134Z │                                      621.4 Mitem/s │ 510.2 Mitem/s │ 615.2 Mitem/s │ 603.1 Mitem/s │         │
2026-09-22T20:06:18.7101791Z ├─ avx512::multiply_shapes_avx512                    │               │               │               │         │
2026-09-22T20:06:18.8646724Z │  ╰─ (32768, PerRowPerRow)            74.61 µs      │ 108.5 µs      │ 75.94 µs      │ 76.71 µs      │ 1000    │ 1000
2026-09-22T20:06:18.8647439Z │                                      439.1 Mitem/s │ 301.8 Mitem/s │ 431.4 Mitem/s │ 427.1 Mitem/s │         │
2026-09-22T20:06:18.8648350Z ╰─ avx512::subtract_shapes_avx512                    │               │               │               │         │
2026-09-22T20:06:18.9555788Z    ╰─ (32768, PerRowPerRow)            11.89 µs      │ 22.09 µs      │ 12.17 µs      │ 12.42 µs      │ 1000    │ 1000
2026-09-22T20:06:18.9556576Z                                        2.755 Gitem/s │ 1.482 Gitem/s │ 2.691 Gitem/s │ 2.637 Gitem/s │         │
2026-09-22T20:06:18.9556946Z 
2026-09-22T20:06:18.9562340Z Done running binary_ops
2026-09-22T20:06:18.9562782Z Running vortex-buffer collect_bool
2026-09-22T20:06:18.9595444Z Timer precision: 21 ns
2026-09-22T20:06:18.9596287Z collect_bool                             fastest       │ slowest       │ median        │ mean          │ samples │ iters
2026-09-22T20:06:18.9597225Z ╰─ avx512::words_gather_dispatch_avx512                │               │               │               │         │
2026-09-22T20:06:19.0450350Z    ├─ 65536                              964.8 ns      │ 3.14 µs       │ 1.058 µs      │ 1.081 µs      │ 1000    │ 4000
2026-09-22T20:06:19.1444174Z    ╰─ 1048576                            13.44 µs      │ 246.4 µs      │ 13.75 µs      │ 14.41 µs      │ 1000    │ 1000
2026-09-22T20:06:19.1444679Z 
2026-09-22T20:06:19.1450657Z Done running collect_bool
2026-09-22T20:06:19.1451131Z Running vortex-compute lane_kernels
2026-09-22T20:06:19.1485800Z Timer precision: 22 ns
2026-09-22T20:06:19.1486375Z lane_kernels                               fastest       │ slowest       │ median        │ mean          │ samples │ iters
2026-09-22T20:06:19.1487128Z ╰─ avx512::lanezip_checked_add_u32_avx512                │               │               │               │         │
2026-09-22T20:06:19.2455998Z    ╰─ 65536                                13.12 µs      │ 22.34 µs      │ 13.32 µs      │ 13.93 µs      │ 1000    │ 1000
2026-09-22T20:06:19.2456418Z 
2026-09-22T20:06:19.2460888Z Done running lane_kernels
2026-09-22T20:06:19.2461390Z Running vortex-decimal-byte-parts dbp_split
2026-09-22T20:06:19.2498001Z Timer precision: 22 ns
2026-09-22T20:06:19.2498655Z dbp_split                                      fastest       │ slowest       │ median        │ mean          │ samples │ iters
2026-09-22T20:06:19.2499407Z ├─ avx512::dbp_split_kernel_all_valid_avx512                 │               │               │               │         │
2026-09-22T20:06:19.3309196Z │  ├─ (I128, 1024)                             917.5 ns      │ 8.886 µs      │ 972.5 ns      │ 1.005 µs      │ 1000    │ 1000
2026-09-22T20:06:19.4175480Z │  ├─ (I128, 8192)                             7.714 µs      │ 54.97 µs      │ 7.852 µs      │ 8.08 µs       │ 1000    │ 1000
2026-09-22T20:06:19.4979924Z │  ├─ (I256, 1024)                             1.771 µs      │ 18.57 µs      │ 1.848 µs      │ 1.939 µs      │ 1000    │ 1000
2026-09-22T20:06:19.5902156Z │  ╰─ (I256, 8192)                             13.52 µs      │ 21.67 µs      │ 13.83 µs      │ 14.18 µs      │ 1000    │ 1000
2026-09-22T20:06:19.5903051Z ╰─ avx512::dbp_split_kernel_mixed_null_avx512                │               │               │               │         │
2026-09-22T20:06:19.6685073Z    ├─ (I128, 1024)                             1.106 µs      │ 8.094 µs      │ 1.178 µs      │ 1.226 µs      │ 1000    │ 1000
2026-09-22T20:06:19.7546529Z    ├─ (I128, 8192)                             8.499 µs      │ 17.44 µs      │ 8.712 µs      │ 8.883 µs      │ 1000    │ 1000
2026-09-22T20:06:19.8337124Z    ├─ (I256, 1024)                             1.933 µs      │ 9.292 µs      │ 2.004 µs      │ 2.079 µs      │ 1000    │ 1000
2026-09-22T20:06:19.9261544Z    ╰─ (I256, 8192)                             14.45 µs      │ 23 µs         │ 14.77 µs      │ 15.13 µs      │ 1000    │ 1000
2026-09-22T20:06:19.9262040Z 
2026-09-22T20:06:19.9269419Z Done running dbp_split
2026-09-22T20:06:19.9269906Z Running vortex-decimal-byte-parts dbp_assemble
2026-09-22T20:06:19.9305821Z Timer precision: 21 ns
2026-09-22T20:06:19.9306539Z dbp_assemble                                      fastest       │ slowest       │ median        │ mean          │ samples │ iters
2026-09-22T20:06:19.9307485Z ├─ avx512::dbp_assemble_kernel_avx512                           │               │               │               │         │
2026-09-22T20:06:20.0111266Z │  ├─ (I128, 1024)                                551.5 ns      │ 7.21 µs       │ 597.5 ns      │ 644.9 ns      │ 1000    │ 1000
2026-09-22T20:06:20.0945105Z │  ├─ (I128, 8192)                                4.392 µs      │ 13.69 µs      │ 4.578 µs      │ 5.073 µs      │ 1000    │ 1000
2026-09-22T20:06:20.1738655Z │  ├─ (I256, 1024)                                1.634 µs      │ 7.883 µs      │ 1.677 µs      │ 1.763 µs      │ 1000    │ 1000
2026-09-22T20:06:20.2649697Z │  ╰─ (I256, 8192)                                12.51 µs      │ 26.59 µs      │ 12.66 µs      │ 13.01 µs      │ 1000    │ 1000
2026-09-22T20:06:20.2650559Z ╰─ avx512::dbp_assemble_kernel_narrow_msp_avx512                │               │               │               │         │
2026-09-22T20:06:20.3434667Z    ├─ (I128, 1024)                                702.5 ns      │ 6.488 µs      │ 802.5 ns      │ 818 ns        │ 1000    │ 1000
2026-09-22T20:06:20.4263867Z    ├─ (I128, 8192)                                4.983 µs      │ 49.77 µs      │ 5.027 µs      │ 5.258 µs      │ 1000    │ 1000
2026-09-22T20:06:20.5061782Z    ├─ (I256, 1024)                                1.854 µs      │ 7.763 µs      │ 1.924 µs      │ 1.993 µs      │ 1000    │ 1000
2026-09-22T20:06:20.5985309Z    ╰─ (I256, 8192)                                14.18 µs      │ 23.31 µs      │ 14.33 µs      │ 14.75 µs      │ 1000    │ 1000
2026-09-22T20:06:20.5985706Z 
2026-09-22T20:06:20.5991997Z Done running dbp_assemble
2026-09-22T20:06:20.5992407Z Finished running 10 benchmark suite(s)
2026-09-22T20:06:20.7976515Z Symbolicating...
2026-09-22T20:06:23.6800000Z ##[endgroup]
2026-09-22T20:06:23.6800714Z ##[group]Uploading results
2026-09-22T20:06:27.4535409Z Performance data uploaded
2026-09-22T20:06:27.4535935Z Linked repository: vortex-data/vortex
2026-09-22T20:06:27.4536736Z ##[endgroup]
2026-09-22T20:06:27.4572787Z ##[end-action id=__CodSpeedHQ_action.__run_2;outcome=success;conclusion=success;duration_ms=26512]
2026-09-22T20:06:27.4735315Z Post job cleanup.
2026-09-22T20:06:27.4739769Z ##[start-action display=Cache CodSpeed instruments;id=__cfe0d589-efe0-4871-82b0-7f6ffb6356f1.__actions_cache]
2026-09-22T20:06:27.4774729Z Post job cleanup.
2026-09-22T20:06:27.6186745Z [warning]Path Validation Error: Path(s) specified in the action for caching do(es) not exist, hence no cache is being saved.
2026-09-22T20:06:27.6239502Z ##[end-action id=__cfe0d589-efe0-4871-82b0-7f6ffb6356f1.__actions_cache;outcome=success;conclusion=success;duration_ms=149]
2026-09-22T20:06:27.6379529Z Post job cleanup.
2026-09-22T20:06:27.6382894Z ##[start-action display=Restore Cache;id=__2360d9bc-a83f-4e46-b8b3-b35436a47ea8.cache]
2026-09-22T20:06:27.6417194Z Post job cleanup.
2026-09-22T20:06:27.7801667Z Cache hit occurred on the primary key cargo-codspeed-5.0.2-x86_64-linux-gnu-2.39-features-default-no-default-features-false-all-features-false, not saving cache.
2026-09-22T20:06:27.7842967Z ##[end-action id=__2360d9bc-a83f-4e46-b8b3-b35436a47ea8.cache;outcome=success;conclusion=success;duration_ms=145]
2026-09-22T20:06:27.7968372Z Post job cleanup.
2026-09-22T20:06:27.8032096Z Post job cleanup.
2026-09-22T20:06:27.8909288Z [command]/usr/bin/git version
2026-09-22T20:06:27.8954797Z git version 2.55.0
2026-09-22T20:06:27.8989530Z Temporarily overriding HOME='/home/runner/_work/_temp/f25ce7ff-2f55-47cf-93ca-09c80a96787f' before making global git config changes
2026-09-22T20:06:27.8991041Z Adding repository directory to the temporary git global config as a safe directory
2026-09-22T20:06:27.8997218Z [command]/usr/bin/git config --global --add safe.directory /home/runner/_work/vortex/vortex
2026-09-22T20:06:27.9025107Z Removing SSH command configuration
2026-09-22T20:06:27.9031492Z [command]/usr/bin/git config --local --name-only --get-regexp core\.sshCommand
2026-09-22T20:06:27.9064135Z [command]/usr/bin/git submodule foreach --recursive sh -c "git config --local --name-only --get-regexp 'core\.sshCommand' && git config --local --unset-all 'core.sshCommand' || :"
2026-09-22T20:06:27.9273936Z Removing HTTP extra header
2026-09-22T20:06:27.9278559Z [command]/usr/bin/git config --local --name-only --get-regexp http\.https\:\/\/github\.com\/\.extraheader
2026-09-22T20:06:27.9309246Z [command]/usr/bin/git submodule foreach --recursive sh -c "git config --local --name-only --get-regexp 'http\.https\:\/\/github\.com\/\.extraheader' && git config --local --unset-all 'http.https://github.com/.extraheader' || :"
2026-09-22T20:06:27.9506370Z Removing includeIf entries pointing to credentials config files
2026-09-22T20:06:27.9512498Z [command]/usr/bin/git config --local --name-only --get-regexp ^includeIf\.gitdir:
2026-09-22T20:06:27.9542787Z includeif.gitdir:/home/runner/_work/vortex/vortex/.git.path
2026-09-22T20:06:27.9543514Z includeif.gitdir:/home/runner/_work/vortex/vortex/.git/worktrees/*.path
2026-09-22T20:06:27.9544058Z includeif.gitdir:/github/workspace/.git.path
2026-09-22T20:06:27.9544662Z includeif.gitdir:/github/workspace/.git/worktrees/*.path
2026-09-22T20:06:27.9550483Z [command]/usr/bin/git config --local --get-all includeif.gitdir:/home/runner/_work/vortex/vortex/.git.path
2026-09-22T20:06:27.9602276Z /home/runner/_work/_temp/git-credentials-82234e4c-e6ca-46fc-a5cd-906fbc2e06eb.config
2026-09-22T20:06:27.9612357Z [command]/usr/bin/git config --local --unset includeif.gitdir:/home/runner/_work/vortex/vortex/.git.path \/home\/runner\/_work\/_temp\/git\-credentials\-82234e4c\-e6ca\-46fc\-a5cd\-906fbc2e06eb\.config
2026-09-22T20:06:27.9642450Z [command]/usr/bin/git config --local --get-all includeif.gitdir:/home/runner/_work/vortex/vortex/.git/worktrees/*.path
2026-09-22T20:06:27.9664206Z /home/runner/_work/_temp/git-credentials-82234e4c-e6ca-46fc-a5cd-906fbc2e06eb.config
2026-09-22T20:06:27.9673109Z [command]/usr/bin/git config --local --unset includeif.gitdir:/home/runner/_work/vortex/vortex/.git/worktrees/*.path \/home\/runner\/_work\/_temp\/git\-credentials\-82234e4c\-e6ca\-46fc\-a5cd\-906fbc2e06eb\.config
2026-09-22T20:06:27.9703372Z [command]/usr/bin/git config --local --get-all includeif.gitdir:/github/workspace/.git.path
2026-09-22T20:06:27.9723968Z /github/runner_temp/git-credentials-82234e4c-e6ca-46fc-a5cd-906fbc2e06eb.config
2026-09-22T20:06:27.9731999Z [command]/usr/bin/git config --local --unset includeif.gitdir:/github/workspace/.git.path \/github\/runner_temp\/git\-credentials\-82234e4c\-e6ca\-46fc\-a5cd\-906fbc2e06eb\.config
2026-09-22T20:06:27.9760724Z [command]/usr/bin/git config --local --get-all includeif.gitdir:/github/workspace/.git/worktrees/*.path
2026-09-22T20:06:27.9780848Z /github/runner_temp/git-credentials-82234e4c-e6ca-46fc-a5cd-906fbc2e06eb.config
2026-09-22T20:06:27.9789863Z [command]/usr/bin/git config --local --unset includeif.gitdir:/github/workspace/.git/worktrees/*.path \/github\/runner_temp\/git\-credentials\-82234e4c\-e6ca\-46fc\-a5cd\-906fbc2e06eb\.config
2026-09-22T20:06:27.9821380Z [command]/usr/bin/git submodule foreach --recursive git config --local --show-origin --name-only --get-regexp remote.origin.url
2026-09-22T20:06:28.0018003Z Removing credentials config '/home/runner/_work/_temp/git-credentials-82234e4c-e6ca-46fc-a5cd-906fbc2e06eb.config'
2026-09-22T20:06:28.0151192Z Post job cleanup.
2026-09-22T20:06:28.1240052Z Running post-execution phase...
2026-09-22T20:06:28.1240898Z Input 'show_env': false
2026-09-22T20:06:28.1241523Z Input 'show_costs': inline
2026-09-22T20:06:28.1241977Z Input 'metrics': []
2026-09-22T20:06:28.1242410Z Input 'network_interface': enp39s0
2026-09-22T20:06:28.1242904Z Input 'disk_device': nvme0n1p1
2026-09-22T20:06:28.1243354Z Input 'sccache': 
2026-09-22T20:06:28.1243760Z Input 'sticky_cache': []
2026-09-22T20:06:28.1244211Z Input 'sticky_wait_timeout': 15m0s
2026-09-22T20:06:28.1245011Z ZCTIONS_RESULTS_URL is set: https://results-receiver.actions.githubusercontent.com/
2026-09-22T20:06:28.1246512Z ZCTIONS_CACHE_URL is set: https://acghubeus1.actions.githubusercontent.com/XtqVEj2MXQCbzj6x6n8CMomnIjyhqqRNuSgameoSnKmgcNZw2F/
2026-09-22T20:06:28.1247246Z ACTIONS_RUNTIME_TOKEN is set.
2026-09-22T20:06:28.1883854Z Mapped zone name us-east-1a to zone ID use1-az6
2026-09-22T20:06:28.4246295Z ## Execution Cost Summary
2026-09-22T20:06:28.4246720Z 
2026-09-22T20:06:28.4246921Z | metric                 | value           |
2026-09-22T20:06:28.4247563Z | ---------------------- | --------------- |
2026-09-22T20:06:28.4248181Z | Instance Type          | c7i.metal-24xl  |
2026-09-22T20:06:28.4248709Z | Instance Lifecycle     | spot            |
2026-09-22T20:06:28.4249200Z | Region                 | us-east-1       |
2026-09-22T20:06:28.4249673Z | Platform               | Linux/UNIX      |
2026-09-22T20:06:28.4250162Z | Arch                   | x64             |
2026-09-22T20:06:28.4250661Z | Az                     | us-east-1a      |
2026-09-22T20:06:28.4251176Z | Zone ID                | use1-az6        |
2026-09-22T20:06:28.4251712Z | Duration               | 1.82 minutes    |
2026-09-22T20:06:28.4252211Z | Cost                   | $0.0333         |
2026-09-22T20:06:28.4252720Z | GitHub equivalent cost | $0.5040         |
2026-09-22T20:06:28.4253246Z | Savings                | $0.4707 (93.4%) |
2026-09-22T20:06:28.4253585Z 
2026-09-22T20:06:28.4253791Z Post-execution phase finished.
2026-09-22T20:06:28.4292590Z A job completed hook has been configured by the self-hosted runner administrator
2026-09-22T20:06:28.4332432Z ##[group]Run '/runs-on/post.sh'
2026-09-22T20:06:28.4358851Z shell: /usr/bin/bash --noprofile --norc -e -o pipefail {0}
2026-09-22T20:06:28.4359299Z ##[endgroup]
2026-09-22T20:06:28.4407851Z Thanks for using RunsOn!
2026-09-22T20:06:28.4409004Z 
2026-09-22T20:06:28.4409292Z 📊 Job Metrics
2026-09-22T20:06:29.0634832Z Error visualizing metrics: failed to parse metrics file: error reading file: bufio.Scanner: token too long
2026-09-22T20:06:29.0654922Z Metrics visualization unavailable
2026-09-22T20:06:29.7970664Z 📤 metrics.jsonl uploaded (701979 bytes) to s3://runs-on-v3-s3bucketcache-dbnub4tpjhpv/cache/metrics/v1/vortex-data/vortex/35777490085/bench-codspeed-cpu-features/i-0d248d3ad4a7d9b93/metrics.jsonl
2026-09-22T20:06:29.8070969Z Cleaning up orphan processes
