2026-09-22T20:18:33.3536201Z Current runner version: '2.336.0'
2026-09-22T20:18:33.3542258Z Runner name: 'runs-on--i-095c3924ee3cd9aac--c0f60053-8'
2026-09-22T20:18:33.3543366Z Runner group name: 'Default'
2026-09-22T20:18:33.3544352Z Machine name: 'ip-10-1-19-130'
2026-09-22T20:18:33.3583458Z ##[group]🏃 Runner details (c7g.metal, spot, v3.3.0)
2026-09-22T20:18:33.3584967Z ┌───────────────────┬─────────────────────────────────────────────────────────────────────────────────────────────────────────────────────────────────────────────────────┐
2026-09-22T20:18:33.3586352Z │       INFO        │                                                                        VALUE                                                                        │
2026-09-22T20:18:33.3587842Z ├───────────────────┼─────────────────────────────────────────────────────────────────────────────────────────────────────────────────────────────────────────────────────┤
2026-09-22T20:18:33.3589945Z │ Labels            │ [runs-on=35778932351/runner=bench-dedicated/family=c7g.metal/image=ubuntu24-full-arm64-pre-v2/extras=s3-cache/tag=bench-codspeed-cpu-features-neon] │
2026-09-22T20:18:33.3591958Z │ Extras            │ [s3-cache]                                                                                                                                          │
2026-09-22T20:18:33.3593387Z │ PrivateIp         │ 10.1.19.130                                                                                                                                         │
2026-09-22T20:18:33.3594874Z │ IsPrivate         │ false                                                                                                                                               │
2026-09-22T20:18:33.3596391Z │ Environment       │ production                                                                                                                                          │
2026-09-22T20:18:33.3597908Z │ StackName         │ runs-on-v3                                                                                                                                          │
2026-09-22T20:18:33.3599364Z │ Region            │ us-east-1                                                                                                                                           │
2026-09-22T20:18:33.3601020Z │ AvailabilityZone  │ us-east-1b                                                                                                                                          │
2026-09-22T20:18:33.3602441Z │ Version           │ v3.3.0                                                                                                                                              │
2026-09-22T20:18:33.3604073Z │ RunnerName        │ runs-on--i-095c3924ee3cd9aac--c0f60053-8                                                                                                            │
2026-09-22T20:18:33.3605765Z │ AssignmentId      │ c0f60053-8dc1-46e2-b0d0-122a2ef9914b                                                                                                                │
2026-09-22T20:18:33.3607654Z │ BucketCacheName   │ runs-on-v3-s3bucketcache-dbnub4tpjhpv                                                                                                               │
2026-09-22T20:18:33.3609352Z │ InstanceId        │ i-095c3924ee3cd9aac                                                                                                                                 │
2026-09-22T20:18:33.3610904Z │ InstanceType      │ c7g.metal                                                                                                                                           │
2026-09-22T20:18:33.3612432Z │ InstanceLifecycle │ spot                                                                                                                                                │
2026-09-22T20:18:33.3614225Z │ InstanceRAM       │ 128527.64 MiB                                                                                                                                       │
2026-09-22T20:18:33.3615953Z │ InstanceCPU       │ 64 cores                                                                                                                                            │
2026-09-22T20:18:33.3617484Z │ InstanceDisk1     │ /=/dev/nvme0n1p1                                                                                                                                    │
2026-09-22T20:18:33.3619109Z │                   │ Free=81.24GiB Used=14.56GiB                                                                                                                         │
2026-09-22T20:18:33.3620710Z │ ImageId           │ ami-098c62767651982c5                                                                                                                               │
2026-09-22T20:18:33.3622348Z │ ImageName         │ vortex-ci-v2-arm64-20260831011845                                                                                                                   │
2026-09-22T20:18:33.3624036Z │ Platform          │ linux                                                                                                                                               │
2026-09-22T20:18:33.3625472Z │ Architecture      │ arm64                                                                                                                                               │
2026-09-22T20:18:33.3627003Z │ HasPreinstall     │ false                                                                                                                                               │
2026-09-22T20:18:33.3628424Z │ HasPrerun         │ false                                                                                                                                               │
2026-09-22T20:18:33.3630297Z │ IsDebug           │ false                                                                                                                                               │
2026-09-22T20:18:33.3631712Z │ Integrations      │ []                                                                                                                                                  │
2026-09-22T20:18:33.3633157Z └───────────────────┴─────────────────────────────────────────────────────────────────────────────────────────────────────────────────────────────────────────────────────┘
2026-09-22T20:18:33.3634281Z ##[endgroup]
2026-09-22T20:18:33.3634976Z ##[group]⏱️ Timings - 26.61s
2026-09-22T20:18:33.3636055Z ┌──────────────────────┬─────────────────────────────────┬─────────┬────────┐
2026-09-22T20:18:33.3637045Z │         TIME         │              STEP               │  DIFF   │ TOTAL  │
2026-09-22T20:18:33.3638102Z ├──────────────────────┼─────────────────────────────────┼─────────┼────────┤
2026-09-22T20:18:33.3639188Z │ 2026-09-22T20:18:03Z │ job-created                     │ 0ms     │ 0.0s   │
2026-09-22T20:18:33.3640784Z │ 2026-09-22T20:18:05Z │ job-received                    │ 2006ms  │ 2.01s  │
2026-09-22T20:18:33.3642153Z │ 2026-09-22T20:18:05Z │ job-scheduled                   │ 19ms    │ 2.03s  │
2026-09-22T20:18:33.3643278Z │ 2026-09-22T20:18:06Z │ instance-pending                │ 973ms   │ 3.00s  │
2026-09-22T20:18:33.3644548Z │ 2026-09-22T20:18:07Z │ runner-registered               │ 1883ms  │ 4.88s  │
2026-09-22T20:18:33.3645644Z │ 2026-09-22T20:18:27Z │ agent-booting                   │ 20065ms │ 24.95s │
2026-09-22T20:18:33.3646919Z │ 2026-09-22T20:18:27Z │ runner-setup-global-env         │ 22ms    │ 24.97s │
2026-09-22T20:18:33.3648039Z │ 2026-09-22T20:18:28Z │ runner-setup-user               │ 54ms    │ 25.03s │
2026-09-22T20:18:33.3649264Z │ 2026-09-22T20:18:28Z │ agent-metadata                  │ 117ms   │ 25.14s │
2026-09-22T20:18:33.3650575Z │ 2026-09-22T20:18:28Z │ instance-config                 │ 78ms    │ 25.22s │
2026-09-22T20:18:33.3651724Z │ 2026-09-22T20:18:28Z │ runner-otel-setup-tracer        │ 0ms     │ 25.22s │
2026-09-22T20:18:33.3653038Z │ 2026-09-22T20:18:28Z │ runner-otel-setup-collector     │ 0ms     │ 25.22s │
2026-09-22T20:18:33.3654288Z │ 2026-09-22T20:18:29Z │ runner-resize-disk              │ 1206ms  │ 26.43s │
2026-09-22T20:18:33.3655532Z │ 2026-09-22T20:18:29Z │ runner-prepare-mount-points     │ 0ms     │ 26.43s │
2026-09-22T20:18:33.3656731Z │ 2026-09-22T20:18:29Z │ runner-setup-mount-points       │ 68ms    │ 26.50s │
2026-09-22T20:18:33.3657907Z │ 2026-09-22T20:18:29Z │ runner-setup-agent              │ 3ms     │ 26.50s │
2026-09-22T20:18:33.3659235Z │ 2026-09-22T20:18:29Z │ runner-setup-aws-profile        │ 1ms     │ 26.50s │
2026-09-22T20:18:33.3660469Z │ 2026-09-22T20:18:29Z │ runner-setup-host               │ 0ms     │ 26.50s │
2026-09-22T20:18:33.3661708Z │ 2026-09-22T20:18:29Z │ runner-config                   │ 28ms    │ 26.53s │
2026-09-22T20:18:33.3662827Z │ 2026-09-22T20:18:29Z │ runner-otel-restart             │ 0ms     │ 26.53s │
2026-09-22T20:18:33.3663991Z │ 2026-09-22T20:18:29Z │ runner-env                      │ 2ms     │ 26.53s │
2026-09-22T20:18:33.3665275Z │ 2026-09-22T20:18:29Z │ runner-setup-integrations       │ 61ms    │ 26.59s │
2026-09-22T20:18:33.3666741Z │ 2026-09-22T20:18:29Z │ runner-chown-runner-directories │ 0ms     │ 26.60s │
2026-09-22T20:18:33.3667910Z │ 2026-09-22T20:18:29Z │ runner-start-local-server       │ 0ms     │ 26.60s │
2026-09-22T20:18:33.3669118Z │ 2026-09-22T20:18:29Z │ runner-setup-s3-cache           │ 11ms    │ 26.61s │
2026-09-22T20:18:33.3670423Z │ 2026-09-22T20:18:29Z │ runner-setup-hooks              │ 6ms     │ 26.61s │
2026-09-22T20:18:33.3671555Z └──────────────────────┴─────────────────────────────────┴─────────┴────────┘
2026-09-22T20:18:33.3672481Z ##[endgroup]
2026-09-22T20:18:33.3673737Z ##[group]GITHUB_TOKEN Permissions
2026-09-22T20:18:33.3675905Z Contents: read
2026-09-22T20:18:33.3676628Z Metadata: read
2026-09-22T20:18:33.3677379Z ##[endgroup]
2026-09-22T20:18:33.3679792Z Secret source: Actions
2026-09-22T20:18:33.3680934Z Cache mode: write
2026-09-22T20:18:33.3682017Z Prepare workflow directory
2026-09-22T20:18:33.4055724Z Prepare all required actions
2026-09-22T20:18:33.4103138Z Getting action download info
2026-09-22T20:18:33.6081172Z Download action repository 'runs-on/action@v2' (SHA:efac073ea2507ec18797de3a81704201ade11d9d)
2026-09-22T20:18:34.0261537Z Download action repository 'actions/checkout@3d3c42e5aac5ba805825da76410c181273ba90b1' (SHA:3d3c42e5aac5ba805825da76410c181273ba90b1)
2026-09-22T20:18:34.0648150Z Download action repository 'taiki-e/cache-cargo-install-action@66c9585ef5ca780ee69399975a5e911f47905995' (SHA:66c9585ef5ca780ee69399975a5e911f47905995)
2026-09-22T20:18:34.1335691Z Download action repository 'actions/download-artifact@3e5f45b2cfb9172054b4087a40e8e0b5a5461e7c' (SHA:3e5f45b2cfb9172054b4087a40e8e0b5a5461e7c)
2026-09-22T20:18:34.2744376Z Download action repository 'CodSpeedHQ/action@4296e51e7041e24dadb86d1d6e8b9320d223dbe8' (SHA:4296e51e7041e24dadb86d1d6e8b9320d223dbe8)
2026-09-22T20:18:34.4727092Z Getting action download info
2026-09-22T20:18:34.5927494Z Download action repository 'actions/cache@668228422ae6a00e4ad889ee87cd7109ec5666a7' (SHA:668228422ae6a00e4ad889ee87cd7109ec5666a7)
2026-09-22T20:18:34.8084221Z Getting action download info
2026-09-22T20:18:34.9026355Z Download action repository 'actions/github-script@ed597411d8f924073f98dfc5c65a23a2325f34cd' (SHA:ed597411d8f924073f98dfc5c65a23a2325f34cd)
2026-09-22T20:18:35.0623138Z Complete job name: Benchmark with Codspeed (neon)
2026-09-22T20:18:35.1699216Z A job started hook has been configured by the self-hosted runner administrator
2026-09-22T20:18:35.1860976Z ##[group]Run '/runs-on/pre.sh'
2026-09-22T20:18:35.1895736Z shell: /usr/bin/bash --noprofile --norc -e -o pipefail {0}
2026-09-22T20:18:35.1897116Z ##[endgroup]
2026-09-22T20:18:35.2099761Z 
2026-09-22T20:18:35.2100849Z 👋 This self-hosted runner was launched with RunsOn (https://runs-on.com). Join the party!
2026-09-22T20:18:35.2101935Z 
2026-09-22T20:18:35.2115003Z ##[group]Job identity
2026-09-22T20:18:35.2115905Z Organization: vortex-data
2026-09-22T20:18:35.2116811Z Repository: vortex-data/vortex
2026-09-22T20:18:35.2117691Z Workflow: Codspeed Benchmarking
2026-09-22T20:18:35.2118626Z Job: bench-codspeed-cpu-features
2026-09-22T20:18:35.2120433Z ##[endgroup]
2026-09-22T20:18:35.2120910Z 
2026-09-22T20:18:35.2121988Z ##[group]💡 Additional environment variables available in your steps
2026-09-22T20:18:35.2123235Z ACTIONS_CACHE_SERVICE_V2=true
2026-09-22T20:18:35.2124249Z ACTIONS_CACHE_URL=http://10.1.19.130:6871/
2026-09-22T20:18:35.2125264Z ACTIONS_RESULTS_URL=http://10.1.19.130:6871/
2026-09-22T20:18:35.2126331Z ACTIONS_RUNNER_HOOK_JOB_COMPLETED=/runs-on/post.sh
2026-09-22T20:18:35.2127420Z ACTIONS_RUNNER_HOOK_JOB_STARTED=/runs-on/pre.sh
2026-09-22T20:18:35.2128452Z GITHUB_API_URL=https://api.github.com/
2026-09-22T20:18:35.2129462Z GITHUB_HOST=github.com
2026-09-22T20:18:35.2130311Z GITHUB_SERVER_URL=https://github.com/
2026-09-22T20:18:35.2131272Z RUNNER_TOOL_CACHE=/opt/hostedtoolcache
2026-09-22T20:18:35.2132178Z RUNS_ON_AGENT_ARCH=arm64
2026-09-22T20:18:35.2133036Z RUNS_ON_AGENT_BINARY=/runs-on/agent
2026-09-22T20:18:35.2133923Z RUNS_ON_AGENT_USER=runner
2026-09-22T20:18:35.2135329Z RUNS_ON_AMI_ID=ami-098c62767651982c5
2026-09-22T20:18:35.2136244Z RUNS_ON_AWS_AZ=us-east-1b
2026-09-22T20:18:35.2137050Z RUNS_ON_AWS_REGION=us-east-1
2026-09-22T20:18:35.2137950Z RUNS_ON_ENV_CUSTOM_FILE=/runs-on/env.custom
2026-09-22T20:18:35.2138880Z RUNS_ON_HOME=/runs-on
2026-09-22T20:18:35.2139813Z RUNS_ON_INSTANCE_ID=i-095c3924ee3cd9aac
2026-09-22T20:18:35.2140803Z RUNS_ON_INSTANCE_LAUNCHED_AT=2026-09-22T20:18:05Z
2026-09-22T20:18:35.2141791Z RUNS_ON_INSTANCE_LIFECYCLE=spot
2026-09-22T20:18:35.2142637Z RUNS_ON_INSTANCE_TYPE=c7g.metal
2026-09-22T20:18:35.2143657Z RUNS_ON_RUNNER_NAME=runs-on--i-095c3924ee3cd9aac--c0f60053-8
2026-09-22T20:18:35.2144909Z RUNS_ON_S3_BUCKET_CACHE=runs-on-v3-s3bucketcache-dbnub4tpjhpv
2026-09-22T20:18:35.2146143Z RUNS_ON_S3_CACHE_REPO_PREFIX=cache/repo/vortex-data/vortex
2026-09-22T20:18:35.2147187Z RUNS_ON_STACK_NAME=runs-on-v3
2026-09-22T20:18:35.2148031Z RUNS_ON_VERSION=v3.3.0
2026-09-22T20:18:35.2149296Z ##[endgroup]
2026-09-22T20:18:35.2149813Z 
2026-09-22T20:18:35.2416849Z ##[group]Run runs-on/action@v2
2026-09-22T20:18:35.2417801Z with:
2026-09-22T20:18:35.2418454Z   show_env: false
2026-09-22T20:18:35.2419186Z   show_costs: inline
2026-09-22T20:18:35.2420079Z   network_interface: enp39s0
2026-09-22T20:18:35.2420897Z   disk_device: nvme0n1p1
2026-09-22T20:18:35.2427592Z   token: ***
2026-09-22T20:18:35.2428289Z   sticky_wait_timeout: 15m
2026-09-22T20:18:35.2429094Z env:
2026-09-22T20:18:35.2429831Z   CARGO_TERM_COLOR: always
2026-09-22T20:18:35.2430606Z   RUST_BACKTRACE: 1
2026-09-22T20:18:35.2431357Z   NIGHTLY_TOOLCHAIN: nightly-2026-09-10
2026-09-22T20:18:35.2432275Z   RUNNER_TOOL_CACHE: /opt/hostedtoolcache
2026-09-22T20:18:35.2433156Z   RUNS_ON_HOME: /runs-on
2026-09-22T20:18:35.2433916Z   RUNS_ON_VERSION: v3.3.0
2026-09-22T20:18:35.2434719Z   RUNS_ON_AGENT_BINARY: /runs-on/agent
2026-09-22T20:18:35.2435588Z   RUNS_ON_AGENT_ARCH: arm64
2026-09-22T20:18:35.2436741Z   RUNS_ON_AGENT_USER: runner
2026-09-22T20:18:35.2437595Z   RUNS_ON_AMI_ID: ami-098c62767651982c5
2026-09-22T20:18:35.2438468Z   RUNS_ON_AWS_REGION: us-east-1
2026-09-22T20:18:35.2439306Z   RUNS_ON_AWS_AZ: us-east-1b
2026-09-22T20:18:35.2440241Z   RUNS_ON_ENV_CUSTOM_FILE: /runs-on/env.custom
2026-09-22T20:18:35.2441210Z   RUNS_ON_INSTANCE_ID: i-095c3924ee3cd9aac
2026-09-22T20:18:35.2442121Z   RUNS_ON_INSTANCE_LIFECYCLE: spot
2026-09-22T20:18:35.2470054Z   RUNS_ON_INSTANCE_TYPE: c7g.metal
2026-09-22T20:18:35.2471031Z   RUNS_ON_STACK_NAME: runs-on-v3
2026-09-22T20:18:35.2472069Z   RUNS_ON_S3_BUCKET_CACHE: runs-on-v3-s3bucketcache-dbnub4tpjhpv
2026-09-22T20:18:35.2473249Z   ACTIONS_RUNNER_HOOK_JOB_STARTED: /runs-on/pre.sh
2026-09-22T20:18:35.2474327Z   ACTIONS_RUNNER_HOOK_JOB_COMPLETED: /runs-on/post.sh
2026-09-22T20:18:35.2475361Z   GITHUB_SERVER_URL: https://github.com/
2026-09-22T20:18:35.2476316Z   GITHUB_API_URL: https://api.github.com/
2026-09-22T20:18:35.2477227Z   GITHUB_HOST: github.com
2026-09-22T20:18:35.2478214Z   RUNS_ON_RUNNER_NAME: runs-on--i-095c3924ee3cd9aac--c0f60053-8
2026-09-22T20:18:35.2479481Z   RUNS_ON_INSTANCE_LAUNCHED_AT: 2026-09-22T20:18:05Z
2026-09-22T20:18:35.2480521Z   ACTIONS_CACHE_URL: http://10.1.19.130:6871/
2026-09-22T20:18:35.2481471Z   ACTIONS_CACHE_SERVICE_V2: true
2026-09-22T20:18:35.2482373Z   ACTIONS_RESULTS_URL: http://10.1.19.130:6871/
2026-09-22T20:18:35.2483479Z   RUNS_ON_S3_CACHE_REPO_PREFIX: cache/repo/vortex-data/vortex
2026-09-22T20:18:35.2484493Z ##[endgroup]
2026-09-22T20:18:36.0282992Z Input 'show_env': false
2026-09-22T20:18:36.0283819Z Input 'show_costs': inline
2026-09-22T20:18:36.0284162Z Input 'metrics': []
2026-09-22T20:18:36.0284436Z Input 'network_interface': enp39s0
2026-09-22T20:18:36.0284753Z Input 'disk_device': nvme0n1p1
2026-09-22T20:18:36.0285031Z Input 'sccache': 
2026-09-22T20:18:36.0285280Z Input 'sticky_cache': []
2026-09-22T20:18:36.0285569Z Input 'sticky_wait_timeout': 15m0s
2026-09-22T20:18:36.0286129Z ZCTIONS_RESULTS_URL is set: https://results-receiver.actions.githubusercontent.com/
2026-09-22T20:18:36.0287029Z ZCTIONS_CACHE_URL is set: https://acghubeus1.actions.githubusercontent.com/XtqVEj2MXQCbzj6x6n8CMomnIjyhqqRNuSgameoSnKmgcNZw2F/
2026-09-22T20:18:36.0287710Z ACTIONS_RUNTIME_TOKEN is set.
2026-09-22T20:18:36.0288032Z Config update response status: 200 OK
2026-09-22T20:18:36.0288527Z show_costs is enabled. You will find cost details in the post-execution step of this action.
2026-09-22T20:18:36.0289053Z Action finished.
2026-09-22T20:18:36.0450295Z ##[group]Run actions/checkout@3d3c42e5aac5ba805825da76410c181273ba90b1
2026-09-22T20:18:36.0450748Z with:
2026-09-22T20:18:36.0450987Z   repository: vortex-data/vortex
2026-09-22T20:18:36.0453982Z   token: ***
2026-09-22T20:18:36.0454214Z   ssh-strict: true
2026-09-22T20:18:36.0454451Z   ssh-user: git
2026-09-22T20:18:36.0454694Z   persist-credentials: true
2026-09-22T20:18:36.0454967Z   clean: true
2026-09-22T20:18:36.0455209Z   sparse-checkout-cone-mode: true
2026-09-22T20:18:36.0455515Z   fetch-depth: 1
2026-09-22T20:18:36.0455750Z   fetch-tags: false
2026-09-22T20:18:36.0455994Z   show-progress: true
2026-09-22T20:18:36.0456237Z   lfs: false
2026-09-22T20:18:36.0456458Z   submodules: false
2026-09-22T20:18:36.0456714Z   set-safe-directory: true
2026-09-22T20:18:36.0457002Z   allow-unsafe-pr-checkout: false
2026-09-22T20:18:36.0457294Z env:
2026-09-22T20:18:36.0457523Z   CARGO_TERM_COLOR: always
2026-09-22T20:18:36.0457786Z   RUST_BACKTRACE: 1
2026-09-22T20:18:36.0458070Z   NIGHTLY_TOOLCHAIN: nightly-2026-09-10
2026-09-22T20:18:36.0458406Z   RUNNER_TOOL_CACHE: /opt/hostedtoolcache
2026-09-22T20:18:36.0458749Z   RUNS_ON_HOME: /runs-on
2026-09-22T20:18:36.0459015Z   RUNS_ON_VERSION: v3.3.0
2026-09-22T20:18:36.0459296Z   RUNS_ON_AGENT_BINARY: /runs-on/agent
2026-09-22T20:18:36.0459688Z   RUNS_ON_AGENT_ARCH: arm64
2026-09-22T20:18:36.0459969Z   RUNS_ON_AGENT_USER: runner
2026-09-22T20:18:36.0460255Z   RUNS_ON_AMI_ID: ami-098c62767651982c5
2026-09-22T20:18:36.0460572Z   RUNS_ON_AWS_REGION: us-east-1
2026-09-22T20:18:36.0461142Z   RUNS_ON_AWS_AZ: us-east-1b
2026-09-22T20:18:36.0461458Z   RUNS_ON_ENV_CUSTOM_FILE: /runs-on/env.custom
2026-09-22T20:18:36.0461811Z   RUNS_ON_INSTANCE_ID: i-095c3924ee3cd9aac
2026-09-22T20:18:36.0462135Z   RUNS_ON_INSTANCE_LIFECYCLE: spot
2026-09-22T20:18:36.0462439Z   RUNS_ON_INSTANCE_TYPE: c7g.metal
2026-09-22T20:18:36.0462741Z   RUNS_ON_STACK_NAME: runs-on-v3
2026-09-22T20:18:36.0463117Z   RUNS_ON_S3_BUCKET_CACHE: runs-on-v3-s3bucketcache-dbnub4tpjhpv
2026-09-22T20:18:36.0463560Z   ACTIONS_RUNNER_HOOK_JOB_STARTED: /runs-on/pre.sh
2026-09-22T20:18:36.0463964Z   ACTIONS_RUNNER_HOOK_JOB_COMPLETED: /runs-on/post.sh
2026-09-22T20:18:36.0464352Z   GITHUB_SERVER_URL: https://github.com/
2026-09-22T20:18:36.0464714Z   GITHUB_API_URL: https://api.github.com/
2026-09-22T20:18:36.0465037Z   GITHUB_HOST: github.com
2026-09-22T20:18:36.0465383Z   RUNS_ON_RUNNER_NAME: runs-on--i-095c3924ee3cd9aac--c0f60053-8
2026-09-22T20:18:36.0465809Z   RUNS_ON_INSTANCE_LAUNCHED_AT: 2026-09-22T20:18:05Z
2026-09-22T20:18:36.0466190Z   ACTIONS_CACHE_URL: http://10.1.19.130:6871/
2026-09-22T20:18:36.0466526Z   ACTIONS_CACHE_SERVICE_V2: true
2026-09-22T20:18:36.0466845Z   ACTIONS_RESULTS_URL: http://10.1.19.130:6871/
2026-09-22T20:18:36.0467256Z   RUNS_ON_S3_CACHE_REPO_PREFIX: cache/repo/vortex-data/vortex
2026-09-22T20:18:36.0467656Z   RUNS_ON_ACTION_COST_TRACKING_CLAIMED: true
2026-09-22T20:18:36.0467971Z ##[endgroup]
2026-09-22T20:18:36.1512842Z Syncing repository: vortex-data/vortex
2026-09-22T20:18:36.1513525Z ##[group]Getting Git version info
2026-09-22T20:18:36.1513917Z Working directory is '/home/runner/_work/vortex/vortex'
2026-09-22T20:18:36.1514484Z [command]/usr/bin/git version
2026-09-22T20:18:36.1514799Z git version 2.55.0
2026-09-22T20:18:36.1527619Z ##[endgroup]
2026-09-22T20:18:36.1535351Z Temporarily overriding HOME='/home/runner/_work/_temp/7ddb1eb5-bfd9-42b2-9289-975d065a9525' before making global git config changes
2026-09-22T20:18:36.1536204Z Adding repository directory to the temporary git global config as a safe directory
2026-09-22T20:18:36.1539889Z [command]/usr/bin/git config --global --add safe.directory /home/runner/_work/vortex/vortex
2026-09-22T20:18:36.1563968Z Deleting the contents of '/home/runner/_work/vortex/vortex'
2026-09-22T20:18:36.1566516Z ##[group]Determining repository object format
2026-09-22T20:18:36.1567865Z ##[endgroup]
2026-09-22T20:18:36.1568306Z ##[group]Initializing the repository
2026-09-22T20:18:36.1571956Z [command]/usr/bin/git init /home/runner/_work/vortex/vortex
2026-09-22T20:18:36.1678683Z hint: Using 'master' as the name for the initial branch. This default branch name
2026-09-22T20:18:36.1679282Z hint: will change to "main" in Git 3.0. To configure the initial branch name
2026-09-22T20:18:36.1679934Z hint: to use in all of your new repositories, which will suppress this warning,
2026-09-22T20:18:36.1680376Z hint: call:
2026-09-22T20:18:36.1680591Z hint:
2026-09-22T20:18:36.1680894Z hint: 	git config --global init.defaultBranch <name>
2026-09-22T20:18:36.1681271Z hint:
2026-09-22T20:18:36.1681615Z hint: Names commonly chosen instead of 'master' are 'main', 'trunk' and
2026-09-22T20:18:36.1682202Z hint: 'development'. The just-created branch can be renamed via this command:
2026-09-22T20:18:36.1682633Z hint:
2026-09-22T20:18:36.1682865Z hint: 	git branch -m <name>
2026-09-22T20:18:36.1683127Z hint:
2026-09-22T20:18:36.1683501Z hint: Disable this message with "git config set advice.defaultBranchName false"
2026-09-22T20:18:36.1684098Z Initialized empty Git repository in /home/runner/_work/vortex/vortex/.git/
2026-09-22T20:18:36.1686944Z [command]/usr/bin/git remote add origin https://github.com/vortex-data/vortex
2026-09-22T20:18:36.1740180Z ##[endgroup]
2026-09-22T20:18:36.1740625Z ##[group]Disabling automatic garbage collection
2026-09-22T20:18:36.1743741Z [command]/usr/bin/git config --local gc.auto 0
2026-09-22T20:18:36.1764985Z ##[endgroup]
2026-09-22T20:18:36.1765396Z ##[group]Setting up auth
2026-09-22T20:18:36.1765721Z Removing SSH command configuration
2026-09-22T20:18:36.1770730Z [command]/usr/bin/git config --local --name-only --get-regexp core\.sshCommand
2026-09-22T20:18:36.1795013Z [command]/usr/bin/git submodule foreach --recursive sh -c "git config --local --name-only --get-regexp 'core\.sshCommand' && git config --local --unset-all 'core.sshCommand' || :"
2026-09-22T20:18:36.2562554Z Removing HTTP extra header
2026-09-22T20:18:36.2566831Z [command]/usr/bin/git config --local --name-only --get-regexp http\.https\:\/\/github\.com\/\.extraheader
2026-09-22T20:18:36.2591298Z [command]/usr/bin/git submodule foreach --recursive sh -c "git config --local --name-only --get-regexp 'http\.https\:\/\/github\.com\/\.extraheader' && git config --local --unset-all 'http.https://github.com/.extraheader' || :"
2026-09-22T20:18:36.2754546Z Removing includeIf entries pointing to credentials config files
2026-09-22T20:18:36.2759871Z [command]/usr/bin/git config --local --name-only --get-regexp ^includeIf\.gitdir:
2026-09-22T20:18:36.2791095Z [command]/usr/bin/git submodule foreach --recursive git config --local --show-origin --name-only --get-regexp remote.origin.url
2026-09-22T20:18:36.2962634Z [command]/usr/bin/git config --file /home/runner/_work/_temp/git-credentials-139fcb31-29fc-4b64-aff5-a4e0999f54ad.config http.https://github.com/.extraheader AUTHORIZATION: basic ***
2026-09-22T20:18:36.2991091Z [command]/usr/bin/git config --local includeIf.gitdir:/home/runner/_work/vortex/vortex/.git.path /home/runner/_work/_temp/git-credentials-139fcb31-29fc-4b64-aff5-a4e0999f54ad.config
2026-09-22T20:18:36.3026591Z [command]/usr/bin/git config --local includeIf.gitdir:/home/runner/_work/vortex/vortex/.git/worktrees/*.path /home/runner/_work/_temp/git-credentials-139fcb31-29fc-4b64-aff5-a4e0999f54ad.config
2026-09-22T20:18:36.3051862Z [command]/usr/bin/git config --local includeIf.gitdir:/github/workspace/.git.path /github/runner_temp/git-credentials-139fcb31-29fc-4b64-aff5-a4e0999f54ad.config
2026-09-22T20:18:36.3076353Z [command]/usr/bin/git config --local includeIf.gitdir:/github/workspace/.git/worktrees/*.path /github/runner_temp/git-credentials-139fcb31-29fc-4b64-aff5-a4e0999f54ad.config
2026-09-22T20:18:36.3098097Z ##[endgroup]
2026-09-22T20:18:36.3104278Z ##[group]Fetching the repository
2026-09-22T20:18:36.3105208Z [command]/usr/bin/git -c protocol.version=2 fetch --no-tags --prune --no-recurse-submodules --depth=1 origin +90d00092adc39eb657098a5ceb7fde0163346254:refs/remotes/pull/9986/merge
2026-09-22T20:18:36.7660647Z From https://github.com/vortex-data/vortex
2026-09-22T20:18:36.7661290Z  * [new ref]         90d00092adc39eb657098a5ceb7fde0163346254 -> pull/9986/merge
2026-09-22T20:18:36.7664772Z ##[endgroup]
2026-09-22T20:18:36.7665260Z ##[group]Determining the checkout info
2026-09-22T20:18:36.7665920Z ##[endgroup]
2026-09-22T20:18:36.7670412Z [command]/usr/bin/git sparse-checkout disable
2026-09-22T20:18:36.7713488Z [command]/usr/bin/git config --local --unset-all extensions.worktreeConfig
2026-09-22T20:18:36.7736410Z ##[group]Checking out the ref
2026-09-22T20:18:36.7740848Z [command]/usr/bin/git checkout --progress --force refs/remotes/pull/9986/merge
2026-09-22T20:18:36.9681889Z Note: switching to 'refs/remotes/pull/9986/merge'.
2026-09-22T20:18:36.9682324Z 
2026-09-22T20:18:36.9682584Z You are in 'detached HEAD' state. You can look around, make experimental
2026-09-22T20:18:36.9683186Z changes and commit them, and you can discard any commits you make in this
2026-09-22T20:18:36.9683789Z state without impacting any branches by switching back to a branch.
2026-09-22T20:18:36.9684132Z 
2026-09-22T20:18:36.9684368Z If you want to create a new branch to retain commits you create, you may
2026-09-22T20:18:36.9684922Z do so (now or later) by using -c with the switch command. Example:
2026-09-22T20:18:36.9685243Z 
2026-09-22T20:18:36.9685380Z   git switch -c <new-branch-name>
2026-09-22T20:18:36.9685596Z 
2026-09-22T20:18:36.9685727Z Or undo this operation with:
2026-09-22T20:18:36.9685929Z 
2026-09-22T20:18:36.9686041Z   git switch -
2026-09-22T20:18:36.9686520Z 
2026-09-22T20:18:36.9686821Z Turn off this advice by setting config variable advice.detachedHead to false
2026-09-22T20:18:36.9687195Z 
2026-09-22T20:18:36.9687609Z HEAD is now at 90d0009 Merge 363bac72b5cc62b751347352e61494b27ef7970f into 57f084f50b239befc2bbf5ecf7b06fec4f49bf38
2026-09-22T20:18:36.9692924Z ##[endgroup]
2026-09-22T20:18:36.9731687Z [command]/usr/bin/git log -1 --format=%H
2026-09-22T20:18:36.9751811Z 90d00092adc39eb657098a5ceb7fde0163346254
2026-09-22T20:18:37.0017114Z Prepare all required actions
2026-09-22T20:18:37.0017867Z Getting action download info
2026-09-22T20:18:37.1433283Z Download action repository 'dtolnay/rust-toolchain@6bed0761d98439e5a578e2877258200ad565ba87' (SHA:6bed0761d98439e5a578e2877258200ad565ba87)
2026-09-22T20:18:37.2818076Z ##[group]Run ./.github/actions/setup-prebuild
2026-09-22T20:18:37.2818443Z with:
2026-09-22T20:18:37.2821828Z   repo-token: ***
2026-09-22T20:18:37.2822126Z   components: clippy, rustfmt
2026-09-22T20:18:37.2822438Z   protoc-version: 29.3
2026-09-22T20:18:37.2822738Z   enable-sccache: false
2026-09-22T20:18:37.2823005Z env:
2026-09-22T20:18:37.2823242Z   CARGO_TERM_COLOR: always
2026-09-22T20:18:37.2823525Z   RUST_BACKTRACE: 1
2026-09-22T20:18:37.2823813Z   NIGHTLY_TOOLCHAIN: nightly-2026-09-10
2026-09-22T20:18:37.2824172Z   RUNNER_TOOL_CACHE: /opt/hostedtoolcache
2026-09-22T20:18:37.2824510Z   RUNS_ON_HOME: /runs-on
2026-09-22T20:18:37.2824794Z   RUNS_ON_VERSION: v3.3.0
2026-09-22T20:18:37.2825121Z   RUNS_ON_AGENT_BINARY: /runs-on/agent
2026-09-22T20:18:37.2825448Z   RUNS_ON_AGENT_ARCH: arm64
2026-09-22T20:18:37.2825740Z   RUNS_ON_AGENT_USER: runner
2026-09-22T20:18:37.2826044Z   RUNS_ON_AMI_ID: ami-098c62767651982c5
2026-09-22T20:18:37.2826371Z   RUNS_ON_AWS_REGION: us-east-1
2026-09-22T20:18:37.2826678Z   RUNS_ON_AWS_AZ: us-east-1b
2026-09-22T20:18:37.2827003Z   RUNS_ON_ENV_CUSTOM_FILE: /runs-on/env.custom
2026-09-22T20:18:37.2827383Z   RUNS_ON_INSTANCE_ID: i-095c3924ee3cd9aac
2026-09-22T20:18:37.2827727Z   RUNS_ON_INSTANCE_LIFECYCLE: spot
2026-09-22T20:18:37.2828056Z   RUNS_ON_INSTANCE_TYPE: c7g.metal
2026-09-22T20:18:37.2828371Z   RUNS_ON_STACK_NAME: runs-on-v3
2026-09-22T20:18:37.2828770Z   RUNS_ON_S3_BUCKET_CACHE: runs-on-v3-s3bucketcache-dbnub4tpjhpv
2026-09-22T20:18:37.2829238Z   ACTIONS_RUNNER_HOOK_JOB_STARTED: /runs-on/pre.sh
2026-09-22T20:18:37.2829734Z   ACTIONS_RUNNER_HOOK_JOB_COMPLETED: /runs-on/post.sh
2026-09-22T20:18:37.2830157Z   GITHUB_SERVER_URL: https://github.com/
2026-09-22T20:18:37.2830534Z   GITHUB_API_URL: https://api.github.com/
2026-09-22T20:18:37.2830882Z   GITHUB_HOST: github.com
2026-09-22T20:18:37.2831256Z   RUNS_ON_RUNNER_NAME: runs-on--i-095c3924ee3cd9aac--c0f60053-8
2026-09-22T20:18:37.2831714Z   RUNS_ON_INSTANCE_LAUNCHED_AT: 2026-09-22T20:18:05Z
2026-09-22T20:18:37.2832114Z   ACTIONS_CACHE_URL: http://10.1.19.130:6871/
2026-09-22T20:18:37.2832474Z   ACTIONS_CACHE_SERVICE_V2: true
2026-09-22T20:18:37.2832819Z   ACTIONS_RESULTS_URL: http://10.1.19.130:6871/
2026-09-22T20:18:37.2833261Z   RUNS_ON_S3_CACHE_REPO_PREFIX: cache/repo/vortex-data/vortex
2026-09-22T20:18:37.2833696Z   RUNS_ON_ACTION_COST_TRACKING_CLAIMED: true
2026-09-22T20:18:37.2834031Z ##[endgroup]
2026-09-22T20:18:37.2906881Z ##[start-action display=Resolve toolchain config;id=__self.toolchain-config]
2026-09-22T20:18:37.2960946Z ##[group]Run DEFAULT_VERSION=$(grep channel rust-toolchain.toml | awk -F'"' '{print $2}')
2026-09-22T20:18:37.2961711Z [36;1mDEFAULT_VERSION=$(grep channel rust-toolchain.toml | awk -F'"' '{print $2}')[0m
2026-09-22T20:18:37.2962303Z [36;1mTOOLCHAIN="${TOOLCHAIN_OVERRIDE:-$DEFAULT_VERSION}"[0m
2026-09-22T20:18:37.2962777Z [36;1mecho "toolchain=$TOOLCHAIN" >> "$GITHUB_OUTPUT"[0m
2026-09-22T20:18:37.2963258Z [36;1mecho "RUSTUP_TOOLCHAIN=$DEFAULT_VERSION" >> "$GITHUB_ENV"[0m
2026-09-22T20:18:37.2987054Z shell: /usr/bin/bash --noprofile --norc -e -o pipefail {0}
2026-09-22T20:18:37.2987480Z env:
2026-09-22T20:18:37.2987723Z   CARGO_TERM_COLOR: always
2026-09-22T20:18:37.2988015Z   RUST_BACKTRACE: 1
2026-09-22T20:18:37.2988573Z   NIGHTLY_TOOLCHAIN: nightly-2026-09-10
2026-09-22T20:18:37.2988939Z   RUNNER_TOOL_CACHE: /opt/hostedtoolcache
2026-09-22T20:18:37.2989283Z   RUNS_ON_HOME: /runs-on
2026-09-22T20:18:37.2989639Z   RUNS_ON_VERSION: v3.3.0
2026-09-22T20:18:37.2989946Z   RUNS_ON_AGENT_BINARY: /runs-on/agent
2026-09-22T20:18:37.2990285Z   RUNS_ON_AGENT_ARCH: arm64
2026-09-22T20:18:37.2990581Z   RUNS_ON_AGENT_USER: runner
2026-09-22T20:18:37.2991112Z   RUNS_ON_AMI_ID: ami-098c62767651982c5
2026-09-22T20:18:37.2991476Z   RUNS_ON_AWS_REGION: us-east-1
2026-09-22T20:18:37.2991783Z   RUNS_ON_AWS_AZ: us-east-1b
2026-09-22T20:18:37.2992112Z   RUNS_ON_ENV_CUSTOM_FILE: /runs-on/env.custom
2026-09-22T20:18:37.2992488Z   RUNS_ON_INSTANCE_ID: i-095c3924ee3cd9aac
2026-09-22T20:18:37.2992842Z   RUNS_ON_INSTANCE_LIFECYCLE: spot
2026-09-22T20:18:37.2993169Z   RUNS_ON_INSTANCE_TYPE: c7g.metal
2026-09-22T20:18:37.2993490Z   RUNS_ON_STACK_NAME: runs-on-v3
2026-09-22T20:18:37.2993890Z   RUNS_ON_S3_BUCKET_CACHE: runs-on-v3-s3bucketcache-dbnub4tpjhpv
2026-09-22T20:18:37.2994362Z   ACTIONS_RUNNER_HOOK_JOB_STARTED: /runs-on/pre.sh
2026-09-22T20:18:37.2994790Z   ACTIONS_RUNNER_HOOK_JOB_COMPLETED: /runs-on/post.sh
2026-09-22T20:18:37.2995202Z   GITHUB_SERVER_URL: https://github.com/
2026-09-22T20:18:37.2995578Z   GITHUB_API_URL: https://api.github.com/
2026-09-22T20:18:37.2995929Z   GITHUB_HOST: github.com
2026-09-22T20:18:37.2996296Z   RUNS_ON_RUNNER_NAME: runs-on--i-095c3924ee3cd9aac--c0f60053-8
2026-09-22T20:18:37.2996758Z   RUNS_ON_INSTANCE_LAUNCHED_AT: 2026-09-22T20:18:05Z
2026-09-22T20:18:37.2997168Z   ACTIONS_CACHE_URL: http://10.1.19.130:6871/
2026-09-22T20:18:37.2997532Z   ACTIONS_CACHE_SERVICE_V2: true
2026-09-22T20:18:37.2997884Z   ACTIONS_RESULTS_URL: http://10.1.19.130:6871/
2026-09-22T20:18:37.2998327Z   RUNS_ON_S3_CACHE_REPO_PREFIX: cache/repo/vortex-data/vortex
2026-09-22T20:18:37.2998760Z   RUNS_ON_ACTION_COST_TRACKING_CLAIMED: true
2026-09-22T20:18:37.2999111Z   TOOLCHAIN_OVERRIDE: 
2026-09-22T20:18:37.2999449Z ##[endgroup]
2026-09-22T20:18:37.3086135Z ##[end-action id=__self.toolchain-config;outcome=success;conclusion=success;duration_ms=17]
2026-09-22T20:18:37.3089194Z ##[start-action display=Check for rustup;id=__self.check-rustup]
2026-09-22T20:18:37.3120819Z ##[group]Run echo "exists=$(command -v rustup &> /dev/null && echo 'true' || echo 'false')" >> "$GITHUB_OUTPUT"
2026-09-22T20:18:37.3121649Z [36;1mecho "exists=$(command -v rustup &> /dev/null && echo 'true' || echo 'false')" >> "$GITHUB_OUTPUT"[0m
2026-09-22T20:18:37.3143109Z shell: /usr/bin/bash --noprofile --norc -e -o pipefail {0}
2026-09-22T20:18:37.3143529Z env:
2026-09-22T20:18:37.3143765Z   CARGO_TERM_COLOR: always
2026-09-22T20:18:37.3144050Z   RUST_BACKTRACE: 1
2026-09-22T20:18:37.3144328Z   NIGHTLY_TOOLCHAIN: nightly-2026-09-10
2026-09-22T20:18:37.3144683Z   RUNNER_TOOL_CACHE: /opt/hostedtoolcache
2026-09-22T20:18:37.3145019Z   RUNS_ON_HOME: /runs-on
2026-09-22T20:18:37.3145300Z   RUNS_ON_VERSION: v3.3.0
2026-09-22T20:18:37.3145607Z   RUNS_ON_AGENT_BINARY: /runs-on/agent
2026-09-22T20:18:37.3145945Z   RUNS_ON_AGENT_ARCH: arm64
2026-09-22T20:18:37.3146238Z   RUNS_ON_AGENT_USER: runner
2026-09-22T20:18:37.3146542Z   RUNS_ON_AMI_ID: ami-098c62767651982c5
2026-09-22T20:18:37.3146868Z   RUNS_ON_AWS_REGION: us-east-1
2026-09-22T20:18:37.3147172Z   RUNS_ON_AWS_AZ: us-east-1b
2026-09-22T20:18:37.3147503Z   RUNS_ON_ENV_CUSTOM_FILE: /runs-on/env.custom
2026-09-22T20:18:37.3147878Z   RUNS_ON_INSTANCE_ID: i-095c3924ee3cd9aac
2026-09-22T20:18:37.3148228Z   RUNS_ON_INSTANCE_LIFECYCLE: spot
2026-09-22T20:18:37.3148553Z   RUNS_ON_INSTANCE_TYPE: c7g.metal
2026-09-22T20:18:37.3148876Z   RUNS_ON_STACK_NAME: runs-on-v3
2026-09-22T20:18:37.3149271Z   RUNS_ON_S3_BUCKET_CACHE: runs-on-v3-s3bucketcache-dbnub4tpjhpv
2026-09-22T20:18:37.3149833Z   ACTIONS_RUNNER_HOOK_JOB_STARTED: /runs-on/pre.sh
2026-09-22T20:18:37.3150266Z   ACTIONS_RUNNER_HOOK_JOB_COMPLETED: /runs-on/post.sh
2026-09-22T20:18:37.3150680Z   GITHUB_SERVER_URL: https://github.com/
2026-09-22T20:18:37.3151065Z   GITHUB_API_URL: https://api.github.com/
2026-09-22T20:18:37.3151734Z   GITHUB_HOST: github.com
2026-09-22T20:18:37.3152129Z   RUNS_ON_RUNNER_NAME: runs-on--i-095c3924ee3cd9aac--c0f60053-8
2026-09-22T20:18:37.3152587Z   RUNS_ON_INSTANCE_LAUNCHED_AT: 2026-09-22T20:18:05Z
2026-09-22T20:18:37.3152993Z   ACTIONS_CACHE_URL: http://10.1.19.130:6871/
2026-09-22T20:18:37.3153356Z   ACTIONS_CACHE_SERVICE_V2: true
2026-09-22T20:18:37.3153707Z   ACTIONS_RESULTS_URL: http://10.1.19.130:6871/
2026-09-22T20:18:37.3154331Z   RUNS_ON_S3_CACHE_REPO_PREFIX: cache/repo/vortex-data/vortex
2026-09-22T20:18:37.3154792Z   RUNS_ON_ACTION_COST_TRACKING_CLAIMED: true
2026-09-22T20:18:37.3155141Z   RUSTUP_TOOLCHAIN: 1.98.0
2026-09-22T20:18:37.3155421Z ##[endgroup]
2026-09-22T20:18:37.3205347Z ##[end-action id=__self.check-rustup;outcome=success;conclusion=success;duration_ms=11]
2026-09-22T20:18:37.3207958Z ##[start-action display=Install Rust;id=__self.__dtolnay_rust-toolchain]
2026-09-22T20:18:37.3221127Z ##[end-action id=__self.__dtolnay_rust-toolchain;outcome=skipped;conclusion=skipped;duration_ms=0]
2026-09-22T20:18:37.3225631Z ##[start-action display=Reconcile prebuilt Rust installation;id=__self.__run]
2026-09-22T20:18:37.3258596Z ##[group]Run TOOLCHAIN_FOUND=false
2026-09-22T20:18:37.3259008Z [36;1mTOOLCHAIN_FOUND=false[0m
2026-09-22T20:18:37.3259524Z [36;1mfor INSTALLED in $(rustup toolchain list | awk '{print $1}'); do[0m
2026-09-22T20:18:37.3259989Z [36;1m  case "$INSTALLED" in[0m
2026-09-22T20:18:37.3260390Z [36;1m    "$TOOLCHAIN"|"$TOOLCHAIN"-*) TOOLCHAIN_FOUND=true ;;[0m
2026-09-22T20:18:37.3260784Z [36;1m  esac[0m
2026-09-22T20:18:37.3261025Z [36;1mdone[0m
2026-09-22T20:18:37.3261312Z [36;1mif [ "$TOOLCHAIN_FOUND" != true ]; then[0m
2026-09-22T20:18:37.3261770Z [36;1m  rustup toolchain install "$TOOLCHAIN" --profile minimal[0m
2026-09-22T20:18:37.3262182Z [36;1mfi[0m
2026-09-22T20:18:37.3262413Z [36;1m[0m
2026-09-22T20:18:37.3262749Z [36;1mTOOLCHAIN_HOST=$(rustc +"$TOOLCHAIN" --print host-tuple)[0m
2026-09-22T20:18:37.3263380Z [36;1mINSTALLED_COMPONENTS=$(rustup component list --toolchain "$TOOLCHAIN" --installed)[0m
2026-09-22T20:18:37.3263926Z [36;1mMISSING_COMPONENTS=()[0m
2026-09-22T20:18:37.3264314Z [36;1mIFS=',' read -ra REQUESTED_COMPONENTS <<< "$COMPONENTS"[0m
2026-09-22T20:18:37.3264789Z [36;1mfor COMPONENT in "${REQUESTED_COMPONENTS[@]}"; do[0m
2026-09-22T20:18:37.3265194Z [36;1m  COMPONENT=${COMPONENT// /}[0m
2026-09-22T20:18:37.3265547Z [36;1m  [ -z "$COMPONENT" ] && continue[0m
2026-09-22T20:18:37.3265922Z [36;1m  if [ "$COMPONENT" = llvm-tools ]; then[0m
2026-09-22T20:18:37.3266304Z [36;1m    COMPONENT=llvm-tools-preview[0m
2026-09-22T20:18:37.3266635Z [36;1m  fi[0m
2026-09-22T20:18:37.3266981Z [36;1m  if ! grep -Fqx "$COMPONENT" <<< "$INSTALLED_COMPONENTS" && \[0m
2026-09-22T20:18:37.3267563Z [36;1m     ! grep -Fqx "$COMPONENT-$TOOLCHAIN_HOST" <<< "$INSTALLED_COMPONENTS"; then[0m
2026-09-22T20:18:37.3268086Z [36;1m    MISSING_COMPONENTS+=("$COMPONENT")[0m
2026-09-22T20:18:37.3268433Z [36;1m  fi[0m
2026-09-22T20:18:37.3268679Z [36;1mdone[0m
2026-09-22T20:18:37.3268976Z [36;1mif [ ${#MISSING_COMPONENTS[@]} -gt 0 ]; then[0m
2026-09-22T20:18:37.3269559Z [36;1m  rustup component add --toolchain "$TOOLCHAIN" "${MISSING_COMPONENTS[@]}"[0m
2026-09-22T20:18:37.3270047Z [36;1mfi[0m
2026-09-22T20:18:37.3270278Z [36;1m[0m
2026-09-22T20:18:37.3270691Z [36;1mINSTALLED_TARGETS=$(rustup target list --toolchain "$TOOLCHAIN" --installed)[0m
2026-09-22T20:18:37.3271199Z [36;1mMISSING_TARGETS=()[0m
2026-09-22T20:18:37.3271562Z [36;1mIFS=',' read -ra REQUESTED_TARGETS <<< "$TARGETS"[0m
2026-09-22T20:18:37.3272007Z [36;1mfor TARGET in "${REQUESTED_TARGETS[@]}"; do[0m
2026-09-22T20:18:37.3272379Z [36;1m  TARGET=${TARGET// /}[0m
2026-09-22T20:18:37.3272699Z [36;1m  [ -z "$TARGET" ] && continue[0m
2026-09-22T20:18:37.3273101Z [36;1m  if ! grep -Fqx "$TARGET" <<< "$INSTALLED_TARGETS"; then[0m
2026-09-22T20:18:37.3273530Z [36;1m    MISSING_TARGETS+=("$TARGET")[0m
2026-09-22T20:18:37.3273854Z [36;1m  fi[0m
2026-09-22T20:18:37.3274378Z [36;1mdone[0m
2026-09-22T20:18:37.3274682Z [36;1mif [ ${#MISSING_TARGETS[@]} -gt 0 ]; then[0m
2026-09-22T20:18:37.3275171Z [36;1m  rustup target add --toolchain "$TOOLCHAIN" "${MISSING_TARGETS[@]}"[0m
2026-09-22T20:18:37.3275626Z [36;1mfi[0m
2026-09-22T20:18:37.3297129Z shell: /usr/bin/bash --noprofile --norc -e -o pipefail {0}
2026-09-22T20:18:37.3297546Z env:
2026-09-22T20:18:37.3297787Z   CARGO_TERM_COLOR: always
2026-09-22T20:18:37.3298266Z   RUST_BACKTRACE: 1
2026-09-22T20:18:37.3298595Z   NIGHTLY_TOOLCHAIN: nightly-2026-09-10
2026-09-22T20:18:37.3298957Z   RUNNER_TOOL_CACHE: /opt/hostedtoolcache
2026-09-22T20:18:37.3299301Z   RUNS_ON_HOME: /runs-on
2026-09-22T20:18:37.3299656Z   RUNS_ON_VERSION: v3.3.0
2026-09-22T20:18:37.3299965Z   RUNS_ON_AGENT_BINARY: /runs-on/agent
2026-09-22T20:18:37.3300294Z   RUNS_ON_AGENT_ARCH: arm64
2026-09-22T20:18:37.3300586Z   RUNS_ON_AGENT_USER: runner
2026-09-22T20:18:37.3300892Z   RUNS_ON_AMI_ID: ami-098c62767651982c5
2026-09-22T20:18:37.3301234Z   RUNS_ON_AWS_REGION: us-east-1
2026-09-22T20:18:37.3301537Z   RUNS_ON_AWS_AZ: us-east-1b
2026-09-22T20:18:37.3301866Z   RUNS_ON_ENV_CUSTOM_FILE: /runs-on/env.custom
2026-09-22T20:18:37.3302245Z   RUNS_ON_INSTANCE_ID: i-095c3924ee3cd9aac
2026-09-22T20:18:37.3302590Z   RUNS_ON_INSTANCE_LIFECYCLE: spot
2026-09-22T20:18:37.3302915Z   RUNS_ON_INSTANCE_TYPE: c7g.metal
2026-09-22T20:18:37.3303239Z   RUNS_ON_STACK_NAME: runs-on-v3
2026-09-22T20:18:37.3303647Z   RUNS_ON_S3_BUCKET_CACHE: runs-on-v3-s3bucketcache-dbnub4tpjhpv
2026-09-22T20:18:37.3304121Z   ACTIONS_RUNNER_HOOK_JOB_STARTED: /runs-on/pre.sh
2026-09-22T20:18:37.3304553Z   ACTIONS_RUNNER_HOOK_JOB_COMPLETED: /runs-on/post.sh
2026-09-22T20:18:37.3304964Z   GITHUB_SERVER_URL: https://github.com/
2026-09-22T20:18:37.3305338Z   GITHUB_API_URL: https://api.github.com/
2026-09-22T20:18:37.3305690Z   GITHUB_HOST: github.com
2026-09-22T20:18:37.3306063Z   RUNS_ON_RUNNER_NAME: runs-on--i-095c3924ee3cd9aac--c0f60053-8
2026-09-22T20:18:37.3306525Z   RUNS_ON_INSTANCE_LAUNCHED_AT: 2026-09-22T20:18:05Z
2026-09-22T20:18:37.3306925Z   ACTIONS_CACHE_URL: http://10.1.19.130:6871/
2026-09-22T20:18:37.3307290Z   ACTIONS_CACHE_SERVICE_V2: true
2026-09-22T20:18:37.3307636Z   ACTIONS_RESULTS_URL: http://10.1.19.130:6871/
2026-09-22T20:18:37.3308074Z   RUNS_ON_S3_CACHE_REPO_PREFIX: cache/repo/vortex-data/vortex
2026-09-22T20:18:37.3308506Z   RUNS_ON_ACTION_COST_TRACKING_CLAIMED: true
2026-09-22T20:18:37.3308865Z   RUSTUP_TOOLCHAIN: 1.98.0
2026-09-22T20:18:37.3309149Z   TOOLCHAIN: 1.98.0
2026-09-22T20:18:37.3309486Z   COMPONENTS: clippy, rustfmt
2026-09-22T20:18:37.3309794Z   TARGETS: 
2026-09-22T20:18:37.3310026Z ##[endgroup]
2026-09-22T20:18:37.5489131Z info: syncing channel updates for 1.98.0-aarch64-unknown-linux-gnu
2026-09-22T20:18:37.6543946Z info: latest update on 2026-08-20 for version 1.98.0 (88d9e12ae 2026-08-18)
2026-09-22T20:18:37.6549295Z info: downloading 3 components
2026-09-22T20:18:43.6842038Z info: syncing channel updates for 1.98.0-aarch64-unknown-linux-gnu
2026-09-22T20:18:43.7340737Z 
2026-09-22T20:18:43.7397426Z   1.98.0-aarch64-unknown-linux-gnu unchanged - rustc 1.98.0 (88d9e12ae 2026-08-18)
2026-09-22T20:18:43.7397892Z 
2026-09-22T20:18:43.8373860Z info: downloading component clippy
2026-09-22T20:18:44.2987784Z info: downloading component rustfmt
2026-09-22T20:18:44.5818250Z ##[end-action id=__self.__run;outcome=success;conclusion=success;duration_ms=7259]
2026-09-22T20:18:44.5822008Z ##[start-action display=Reconcile mold installation;id=__self.__run_2]
2026-09-22T20:18:44.5845116Z ##[group]Run if ! command -v mold >/dev/null; then
2026-09-22T20:18:44.5845514Z [36;1mif ! command -v mold >/dev/null; then[0m
2026-09-22T20:18:44.5845836Z [36;1m  sudo apt-get update[0m
2026-09-22T20:18:44.5846126Z [36;1m  sudo apt-get install -y mold[0m
2026-09-22T20:18:44.5846416Z [36;1mfi[0m
2026-09-22T20:18:44.5868743Z shell: /usr/bin/bash --noprofile --norc -e -o pipefail {0}
2026-09-22T20:18:44.5869115Z env:
2026-09-22T20:18:44.5869316Z   CARGO_TERM_COLOR: always
2026-09-22T20:18:44.5869997Z   RUST_BACKTRACE: 1
2026-09-22T20:18:44.5870235Z   NIGHTLY_TOOLCHAIN: nightly-2026-09-10
2026-09-22T20:18:44.5870549Z   RUNNER_TOOL_CACHE: /opt/hostedtoolcache
2026-09-22T20:18:44.5870839Z   RUNS_ON_HOME: /runs-on
2026-09-22T20:18:44.5871075Z   RUNS_ON_VERSION: v3.3.0
2026-09-22T20:18:44.5871332Z   RUNS_ON_AGENT_BINARY: /runs-on/agent
2026-09-22T20:18:44.5871611Z   RUNS_ON_AGENT_ARCH: arm64
2026-09-22T20:18:44.5890909Z   RUNS_ON_AGENT_USER: runner
2026-09-22T20:18:44.5891306Z   RUNS_ON_AMI_ID: ami-098c62767651982c5
2026-09-22T20:18:44.5891613Z   RUNS_ON_AWS_REGION: us-east-1
2026-09-22T20:18:44.5891917Z   RUNS_ON_AWS_AZ: us-east-1b
2026-09-22T20:18:44.5892209Z   RUNS_ON_ENV_CUSTOM_FILE: /runs-on/env.custom
2026-09-22T20:18:44.5892536Z   RUNS_ON_INSTANCE_ID: i-095c3924ee3cd9aac
2026-09-22T20:18:44.5892871Z   RUNS_ON_INSTANCE_LIFECYCLE: spot
2026-09-22T20:18:44.5893148Z   RUNS_ON_INSTANCE_TYPE: c7g.metal
2026-09-22T20:18:44.5893417Z   RUNS_ON_STACK_NAME: runs-on-v3
2026-09-22T20:18:44.5893779Z   RUNS_ON_S3_BUCKET_CACHE: runs-on-v3-s3bucketcache-dbnub4tpjhpv
2026-09-22T20:18:44.5894198Z   ACTIONS_RUNNER_HOOK_JOB_STARTED: /runs-on/pre.sh
2026-09-22T20:18:44.5894577Z   ACTIONS_RUNNER_HOOK_JOB_COMPLETED: /runs-on/post.sh
2026-09-22T20:18:44.5894948Z   GITHUB_SERVER_URL: https://github.com/
2026-09-22T20:18:44.5895281Z   GITHUB_API_URL: https://api.github.com/
2026-09-22T20:18:44.5895586Z   GITHUB_HOST: github.com
2026-09-22T20:18:44.5895913Z   RUNS_ON_RUNNER_NAME: runs-on--i-095c3924ee3cd9aac--c0f60053-8
2026-09-22T20:18:44.5896323Z   RUNS_ON_INSTANCE_LAUNCHED_AT: 2026-09-22T20:18:05Z
2026-09-22T20:18:44.5896678Z   ACTIONS_CACHE_URL: http://10.1.19.130:6871/
2026-09-22T20:18:44.5897011Z   ACTIONS_CACHE_SERVICE_V2: true
2026-09-22T20:18:44.5897313Z   ACTIONS_RESULTS_URL: http://10.1.19.130:6871/
2026-09-22T20:18:44.5897712Z   RUNS_ON_S3_CACHE_REPO_PREFIX: cache/repo/vortex-data/vortex
2026-09-22T20:18:44.5898094Z   RUNS_ON_ACTION_COST_TRACKING_CLAIMED: true
2026-09-22T20:18:44.5898404Z   RUSTUP_TOOLCHAIN: 1.98.0
2026-09-22T20:18:44.5898638Z ##[endgroup]
2026-09-22T20:18:44.5944022Z ##[end-action id=__self.__run_2;outcome=success;conclusion=success;duration_ms=12]
2026-09-22T20:18:44.5947174Z ##[start-action display=Check protoc installation;id=__self.check-protoc]
2026-09-22T20:18:44.5967814Z ##[group]Run EXPECTED="libprotoc $PROTOC_VERSION"
2026-09-22T20:18:44.5968209Z [36;1mEXPECTED="libprotoc $PROTOC_VERSION"[0m
2026-09-22T20:18:44.5968592Z [36;1mACTUAL=$(protoc --version 2>/dev/null || true)[0m
2026-09-22T20:18:44.5969110Z [36;1mecho "install=$([ "$ACTUAL" = "$EXPECTED" ] && echo false || echo true)" >> "$GITHUB_OUTPUT"[0m
2026-09-22T20:18:44.5989004Z shell: /usr/bin/bash --noprofile --norc -e -o pipefail {0}
2026-09-22T20:18:44.5989362Z env:
2026-09-22T20:18:44.5989638Z   CARGO_TERM_COLOR: always
2026-09-22T20:18:44.5989892Z   RUST_BACKTRACE: 1
2026-09-22T20:18:44.5990134Z   NIGHTLY_TOOLCHAIN: nightly-2026-09-10
2026-09-22T20:18:44.5990445Z   RUNNER_TOOL_CACHE: /opt/hostedtoolcache
2026-09-22T20:18:44.5990746Z   RUNS_ON_HOME: /runs-on
2026-09-22T20:18:44.5990980Z   RUNS_ON_VERSION: v3.3.0
2026-09-22T20:18:44.5991233Z   RUNS_ON_AGENT_BINARY: /runs-on/agent
2026-09-22T20:18:44.5991514Z   RUNS_ON_AGENT_ARCH: arm64
2026-09-22T20:18:44.5991764Z   RUNS_ON_AGENT_USER: runner
2026-09-22T20:18:44.5992025Z   RUNS_ON_AMI_ID: ami-098c62767651982c5
2026-09-22T20:18:44.5992311Z   RUNS_ON_AWS_REGION: us-east-1
2026-09-22T20:18:44.5992573Z   RUNS_ON_AWS_AZ: us-east-1b
2026-09-22T20:18:44.5992852Z   RUNS_ON_ENV_CUSTOM_FILE: /runs-on/env.custom
2026-09-22T20:18:44.5993176Z   RUNS_ON_INSTANCE_ID: i-095c3924ee3cd9aac
2026-09-22T20:18:44.5993478Z   RUNS_ON_INSTANCE_LIFECYCLE: spot
2026-09-22T20:18:44.5993759Z   RUNS_ON_INSTANCE_TYPE: c7g.metal
2026-09-22T20:18:44.5994031Z   RUNS_ON_STACK_NAME: runs-on-v3
2026-09-22T20:18:44.5994380Z   RUNS_ON_S3_BUCKET_CACHE: runs-on-v3-s3bucketcache-dbnub4tpjhpv
2026-09-22T20:18:44.5994796Z   ACTIONS_RUNNER_HOOK_JOB_STARTED: /runs-on/pre.sh
2026-09-22T20:18:44.5995433Z   ACTIONS_RUNNER_HOOK_JOB_COMPLETED: /runs-on/post.sh
2026-09-22T20:18:44.5995810Z   GITHUB_SERVER_URL: https://github.com/
2026-09-22T20:18:44.5996126Z   GITHUB_API_URL: https://api.github.com/
2026-09-22T20:18:44.5996423Z   GITHUB_HOST: github.com
2026-09-22T20:18:44.5996744Z   RUNS_ON_RUNNER_NAME: runs-on--i-095c3924ee3cd9aac--c0f60053-8
2026-09-22T20:18:44.5997150Z   RUNS_ON_INSTANCE_LAUNCHED_AT: 2026-09-22T20:18:05Z
2026-09-22T20:18:44.5997667Z   ACTIONS_CACHE_URL: http://10.1.19.130:6871/
2026-09-22T20:18:44.5998019Z   ACTIONS_CACHE_SERVICE_V2: true
2026-09-22T20:18:44.5998322Z   ACTIONS_RESULTS_URL: http://10.1.19.130:6871/
2026-09-22T20:18:44.5998711Z   RUNS_ON_S3_CACHE_REPO_PREFIX: cache/repo/vortex-data/vortex
2026-09-22T20:18:44.5999093Z   RUNS_ON_ACTION_COST_TRACKING_CLAIMED: true
2026-09-22T20:18:44.5999458Z   RUSTUP_TOOLCHAIN: 1.98.0
2026-09-22T20:18:44.5999707Z   PROTOC_VERSION: 29.3
2026-09-22T20:18:44.5999930Z ##[endgroup]
2026-09-22T20:18:44.7003555Z ##[end-action id=__self.check-protoc;outcome=success;conclusion=success;duration_ms=105]
2026-09-22T20:18:44.7005659Z ##[start-action display=Install protoc;id=__self.__self]
2026-09-22T20:18:44.7010329Z ##[end-action id=__self.__self;outcome=skipped;conclusion=skipped;duration_ms=0]
2026-09-22T20:18:44.7012296Z ##[start-action display=Install sccache;id=__self.__self_2]
2026-09-22T20:18:44.7017017Z ##[end-action id=__self.__self_2;outcome=skipped;conclusion=skipped;duration_ms=0]
2026-09-22T20:18:44.7019101Z ##[start-action display=Configure sccache timeout;id=__self.__run_3]
2026-09-22T20:18:44.7023972Z ##[end-action id=__self.__run_3;outcome=skipped;conclusion=skipped;duration_ms=0]
2026-09-22T20:18:44.7025998Z ##[start-action display=Enable compiler caching;id=__self.__run_4]
2026-09-22T20:18:44.7030752Z ##[end-action id=__self.__run_4;outcome=skipped;conclusion=skipped;duration_ms=0]
2026-09-22T20:18:44.7032674Z ##[start-action display=Full Rust setup;id=__self.__self_3]
2026-09-22T20:18:44.7036142Z ##[end-action id=__self.__self_3;outcome=skipped;conclusion=skipped;duration_ms=0]
2026-09-22T20:18:44.7038167Z ##[start-action display=Install flatc (for FlatBuffers code generation);id=__self.__self_4]
2026-09-22T20:18:44.7068674Z Prepare all required actions
2026-09-22T20:18:44.7112639Z ##[group]Run ./.github/actions/setup-flatc
2026-09-22T20:18:44.7112934Z with:
2026-09-22T20:18:44.7113135Z   flatc_version: 25.12.19
2026-09-22T20:18:44.7113357Z env:
2026-09-22T20:18:44.7113554Z   CARGO_TERM_COLOR: always
2026-09-22T20:18:44.7113792Z   RUST_BACKTRACE: 1
2026-09-22T20:18:44.7114025Z   NIGHTLY_TOOLCHAIN: nightly-2026-09-10
2026-09-22T20:18:44.7114332Z   RUNNER_TOOL_CACHE: /opt/hostedtoolcache
2026-09-22T20:18:44.7114630Z   RUNS_ON_HOME: /runs-on
2026-09-22T20:18:44.7114866Z   RUNS_ON_VERSION: v3.3.0
2026-09-22T20:18:44.7115119Z   RUNS_ON_AGENT_BINARY: /runs-on/agent
2026-09-22T20:18:44.7115402Z   RUNS_ON_AGENT_ARCH: arm64
2026-09-22T20:18:44.7115649Z   RUNS_ON_AGENT_USER: runner
2026-09-22T20:18:44.7115910Z   RUNS_ON_AMI_ID: ami-098c62767651982c5
2026-09-22T20:18:44.7116203Z   RUNS_ON_AWS_REGION: us-east-1
2026-09-22T20:18:44.7116467Z   RUNS_ON_AWS_AZ: us-east-1b
2026-09-22T20:18:44.7116745Z   RUNS_ON_ENV_CUSTOM_FILE: /runs-on/env.custom
2026-09-22T20:18:44.7117071Z   RUNS_ON_INSTANCE_ID: i-095c3924ee3cd9aac
2026-09-22T20:18:44.7117371Z   RUNS_ON_INSTANCE_LIFECYCLE: spot
2026-09-22T20:18:44.7117650Z   RUNS_ON_INSTANCE_TYPE: c7g.metal
2026-09-22T20:18:44.7117925Z   RUNS_ON_STACK_NAME: runs-on-v3
2026-09-22T20:18:44.7118284Z   RUNS_ON_S3_BUCKET_CACHE: runs-on-v3-s3bucketcache-dbnub4tpjhpv
2026-09-22T20:18:44.7118706Z   ACTIONS_RUNNER_HOOK_JOB_STARTED: /runs-on/pre.sh
2026-09-22T20:18:44.7119080Z   ACTIONS_RUNNER_HOOK_JOB_COMPLETED: /runs-on/post.sh
2026-09-22T20:18:44.7119566Z   GITHUB_SERVER_URL: https://github.com/
2026-09-22T20:18:44.7119930Z   GITHUB_API_URL: https://api.github.com/
2026-09-22T20:18:44.7120237Z   GITHUB_HOST: github.com
2026-09-22T20:18:44.7120560Z   RUNS_ON_RUNNER_NAME: runs-on--i-095c3924ee3cd9aac--c0f60053-8
2026-09-22T20:18:44.7121272Z   RUNS_ON_INSTANCE_LAUNCHED_AT: 2026-09-22T20:18:05Z
2026-09-22T20:18:44.7121632Z   ACTIONS_CACHE_URL: http://10.1.19.130:6871/
2026-09-22T20:18:44.7121949Z   ACTIONS_CACHE_SERVICE_V2: true
2026-09-22T20:18:44.7122247Z   ACTIONS_RESULTS_URL: http://10.1.19.130:6871/
2026-09-22T20:18:44.7122637Z   RUNS_ON_S3_CACHE_REPO_PREFIX: cache/repo/vortex-data/vortex
2026-09-22T20:18:44.7123012Z   RUNS_ON_ACTION_COST_TRACKING_CLAIMED: true
2026-09-22T20:18:44.7123578Z   RUSTUP_TOOLCHAIN: 1.98.0
2026-09-22T20:18:44.7123872Z ##[endgroup]
2026-09-22T20:18:44.7127301Z ##[start-action display=Install flatc;id=__self.__self_4.__run]
2026-09-22T20:18:44.7165855Z ##[group]Run set -euo pipefail
2026-09-22T20:18:44.7166223Z [36;1mset -euo pipefail[0m
2026-09-22T20:18:44.7166467Z [36;1m[0m
2026-09-22T20:18:44.7166661Z [36;1mVERSION="25.12.19"[0m
2026-09-22T20:18:44.7167046Z [36;1mif [ "$(flatc --version 2>/dev/null)" = "flatc version ${VERSION}" ]; then[0m
2026-09-22T20:18:44.7167527Z [36;1m  echo "flatc ${VERSION} is already installed"[0m
2026-09-22T20:18:44.7167867Z [36;1m  exit 0[0m
2026-09-22T20:18:44.7168074Z [36;1mfi[0m
2026-09-22T20:18:44.7168261Z [36;1m[0m
2026-09-22T20:18:44.7168458Z [36;1mARCH=$(uname -m)[0m
2026-09-22T20:18:44.7168748Z [36;1mOS=$(uname -s | tr '[:upper:]' '[:lower:]')[0m
2026-09-22T20:18:44.7169056Z [36;1m[0m
2026-09-22T20:18:44.7169478Z [36;1m# Official binaries exist for x86_64 glibc Linux, macOS and Windows only.[0m
2026-09-22T20:18:44.7169929Z [36;1mASSET=""[0m
2026-09-22T20:18:44.7170142Z [36;1mcase "$OS" in[0m
2026-09-22T20:18:44.7170371Z [36;1m  linux)[0m
2026-09-22T20:18:44.7170685Z [36;1m    if [ "$ARCH" = "x86_64" ] && ! ldd /bin/sh 2>&1 | grep -qi musl; then[0m
2026-09-22T20:18:44.7171133Z [36;1m      ASSET="Linux.flatc.binary.clang++-18.zip"[0m
2026-09-22T20:18:44.7171466Z [36;1m    fi[0m
2026-09-22T20:18:44.7171665Z [36;1m    ;;[0m
2026-09-22T20:18:44.7171861Z [36;1m  darwin)[0m
2026-09-22T20:18:44.7172080Z [36;1m    case "$ARCH" in[0m
2026-09-22T20:18:44.7172385Z [36;1m      arm64)  ASSET="Mac.flatc.binary.zip" ;;[0m
2026-09-22T20:18:44.7172772Z [36;1m      x86_64) ASSET="MacIntel.flatc.binary.zip" ;;[0m
2026-09-22T20:18:44.7173105Z [36;1m    esac[0m
2026-09-22T20:18:44.7173309Z [36;1m    ;;[0m
2026-09-22T20:18:44.7173558Z [36;1m  *) ASSET="Windows.flatc.binary.zip" ;;[0m
2026-09-22T20:18:44.7173871Z [36;1mesac[0m
2026-09-22T20:18:44.7174067Z [36;1m[0m
2026-09-22T20:18:44.7174439Z [36;1m# This sometimes runs in a container where the user is root and there is no sudo.[0m
2026-09-22T20:18:44.7174921Z [36;1mif command -v sudo &>/dev/null[0m
2026-09-22T20:18:44.7175204Z [36;1mthen[0m
2026-09-22T20:18:44.7175398Z [36;1m  CMD=sudo[0m
2026-09-22T20:18:44.7175615Z [36;1melse[0m
2026-09-22T20:18:44.7175810Z [36;1m  CMD=[0m
2026-09-22T20:18:44.7176005Z [36;1mfi[0m
2026-09-22T20:18:44.7176190Z [36;1m[0m
2026-09-22T20:18:44.7176583Z [36;1mRELEASE="https://github.com/google/flatbuffers/releases/download/v${VERSION}"[0m
2026-09-22T20:18:44.7177076Z [36;1mif [ -n "$ASSET" ]; then[0m
2026-09-22T20:18:44.7177415Z [36;1m  curl -fsSL -o /tmp/flatc.zip "${RELEASE}/${ASSET}"[0m
2026-09-22T20:18:44.7177809Z [36;1m  unzip -o /tmp/flatc.zip -d /tmp/flatc[0m
2026-09-22T20:18:44.7178131Z [36;1m  rm -f /tmp/flatc.zip[0m
2026-09-22T20:18:44.7178382Z [36;1melse[0m
2026-09-22T20:18:44.7178762Z [36;1m  echo "No official flatc binary for ${OS}/${ARCH}; building ${VERSION} from source"[0m
2026-09-22T20:18:44.7179279Z [36;1m  git clone --depth 1 --branch "v${VERSION}" \[0m
2026-09-22T20:18:44.7179809Z [36;1m    https://github.com/google/flatbuffers.git /tmp/flatbuffers[0m
2026-09-22T20:18:44.7180298Z [36;1m  cmake -S /tmp/flatbuffers -B /tmp/flatbuffers/build \[0m
2026-09-22T20:18:44.7180685Z [36;1m    -DCMAKE_BUILD_TYPE=Release \[0m
2026-09-22T20:18:44.7181019Z [36;1m    -DFLATBUFFERS_BUILD_TESTS=OFF \[0m
2026-09-22T20:18:44.7181358Z [36;1m    -DFLATBUFFERS_BUILD_FLATLIB=OFF \[0m
2026-09-22T20:18:44.7181701Z [36;1m    -DFLATBUFFERS_BUILD_FLATHASH=OFF \[0m
2026-09-22T20:18:44.7182295Z [36;1m    -DFLATBUFFERS_INSTALL=OFF[0m
2026-09-22T20:18:44.7182666Z [36;1m  cmake --build /tmp/flatbuffers/build --target flatc \[0m
2026-09-22T20:18:44.7183087Z [36;1m    --parallel "$(nproc 2>/dev/null || echo 4)"[0m
2026-09-22T20:18:44.7183427Z [36;1m  mkdir -p /tmp/flatc[0m
2026-09-22T20:18:44.7183751Z [36;1m  mv /tmp/flatbuffers/build/flatc /tmp/flatc/flatc[0m
2026-09-22T20:18:44.7184260Z [36;1m  rm -rf /tmp/flatbuffers[0m
2026-09-22T20:18:44.7184535Z [36;1mfi[0m
2026-09-22T20:18:44.7184722Z [36;1m[0m
2026-09-22T20:18:44.7184971Z [36;1mif [ "$OS" = "linux" ] || [ "$OS" = "darwin" ]; then[0m
2026-09-22T20:18:44.7185355Z [36;1m  $CMD mv /tmp/flatc/flatc /usr/local/bin/[0m
2026-09-22T20:18:44.7185661Z [36;1melse[0m
2026-09-22T20:18:44.7186003Z [36;1m  # Windows runners do not have /usr/local/bin on PATH for non-bash steps.[0m
2026-09-22T20:18:44.7186446Z [36;1m  mkdir -p "$HOME/.local/bin"[0m
2026-09-22T20:18:44.7186781Z [36;1m  mv /tmp/flatc/flatc.exe "$HOME/.local/bin/"[0m
2026-09-22T20:18:44.7187160Z [36;1m  cygpath -w "$HOME/.local/bin" >> "$GITHUB_PATH"[0m
2026-09-22T20:18:44.7187533Z [36;1m  export PATH="$HOME/.local/bin:$PATH"[0m
2026-09-22T20:18:44.7187829Z [36;1mfi[0m
2026-09-22T20:18:44.7188018Z [36;1m[0m
2026-09-22T20:18:44.7188215Z [36;1mrm -rf /tmp/flatc[0m
2026-09-22T20:18:44.7188463Z [36;1mflatc --version[0m
2026-09-22T20:18:44.7208293Z shell: /usr/bin/bash --noprofile --norc -e -o pipefail {0}
2026-09-22T20:18:44.7208652Z env:
2026-09-22T20:18:44.7208849Z   CARGO_TERM_COLOR: always
2026-09-22T20:18:44.7209089Z   RUST_BACKTRACE: 1
2026-09-22T20:18:44.7209325Z   NIGHTLY_TOOLCHAIN: nightly-2026-09-10
2026-09-22T20:18:44.7209757Z   RUNNER_TOOL_CACHE: /opt/hostedtoolcache
2026-09-22T20:18:44.7210051Z   RUNS_ON_HOME: /runs-on
2026-09-22T20:18:44.7210286Z   RUNS_ON_VERSION: v3.3.0
2026-09-22T20:18:44.7210538Z   RUNS_ON_AGENT_BINARY: /runs-on/agent
2026-09-22T20:18:44.7210824Z   RUNS_ON_AGENT_ARCH: arm64
2026-09-22T20:18:44.7211085Z   RUNS_ON_AGENT_USER: runner
2026-09-22T20:18:44.7211348Z   RUNS_ON_AMI_ID: ami-098c62767651982c5
2026-09-22T20:18:44.7211631Z   RUNS_ON_AWS_REGION: us-east-1
2026-09-22T20:18:44.7211890Z   RUNS_ON_AWS_AZ: us-east-1b
2026-09-22T20:18:44.7212169Z   RUNS_ON_ENV_CUSTOM_FILE: /runs-on/env.custom
2026-09-22T20:18:44.7212498Z   RUNS_ON_INSTANCE_ID: i-095c3924ee3cd9aac
2026-09-22T20:18:44.7212796Z   RUNS_ON_INSTANCE_LIFECYCLE: spot
2026-09-22T20:18:44.7213079Z   RUNS_ON_INSTANCE_TYPE: c7g.metal
2026-09-22T20:18:44.7213352Z   RUNS_ON_STACK_NAME: runs-on-v3
2026-09-22T20:18:44.7213701Z   RUNS_ON_S3_BUCKET_CACHE: runs-on-v3-s3bucketcache-dbnub4tpjhpv
2026-09-22T20:18:44.7214118Z   ACTIONS_RUNNER_HOOK_JOB_STARTED: /runs-on/pre.sh
2026-09-22T20:18:44.7214501Z   ACTIONS_RUNNER_HOOK_JOB_COMPLETED: /runs-on/post.sh
2026-09-22T20:18:44.7214866Z   GITHUB_SERVER_URL: https://github.com/
2026-09-22T20:18:44.7215193Z   GITHUB_API_URL: https://api.github.com/
2026-09-22T20:18:44.7215491Z   GITHUB_HOST: github.com
2026-09-22T20:18:44.7215818Z   RUNS_ON_RUNNER_NAME: runs-on--i-095c3924ee3cd9aac--c0f60053-8
2026-09-22T20:18:44.7216233Z   RUNS_ON_INSTANCE_LAUNCHED_AT: 2026-09-22T20:18:05Z
2026-09-22T20:18:44.7216588Z   ACTIONS_CACHE_URL: http://10.1.19.130:6871/
2026-09-22T20:18:44.7216904Z   ACTIONS_CACHE_SERVICE_V2: true
2026-09-22T20:18:44.7217201Z   ACTIONS_RESULTS_URL: http://10.1.19.130:6871/
2026-09-22T20:18:44.7217594Z   RUNS_ON_S3_CACHE_REPO_PREFIX: cache/repo/vortex-data/vortex
2026-09-22T20:18:44.7217980Z   RUNS_ON_ACTION_COST_TRACKING_CLAIMED: true
2026-09-22T20:18:44.7218292Z   RUSTUP_TOOLCHAIN: 1.98.0
2026-09-22T20:18:44.7218527Z ##[endgroup]
2026-09-22T20:18:44.7284954Z No official flatc binary for linux/aarch64; building 25.12.19 from source
2026-09-22T20:18:44.7294345Z Cloning into '/tmp/flatbuffers'...
2026-09-22T20:18:45.4241101Z warning: refs/tags/v25.12.19 282dcb1c3266b45600510da4810092f6ec4c85f2 is not a commit!
2026-09-22T20:18:45.4247433Z Note: switching to '7e163021e59cca4f8e1e35a7c828b5c6b7915953'.
2026-09-22T20:18:45.4248053Z 
2026-09-22T20:18:45.4248329Z You are in 'detached HEAD' state. You can look around, make experimental
2026-09-22T20:18:45.4248848Z changes and commit them, and you can discard any commits you make in this
2026-09-22T20:18:45.4249364Z state without impacting any branches by switching back to a branch.
2026-09-22T20:18:45.4249749Z 
2026-09-22T20:18:45.4250158Z If you want to create a new branch to retain commits you create, you may
2026-09-22T20:18:45.4250663Z do so (now or later) by using -c with the switch command. Example:
2026-09-22T20:18:45.4250942Z 
2026-09-22T20:18:45.4251049Z   git switch -c <new-branch-name>
2026-09-22T20:18:45.4251233Z 
2026-09-22T20:18:45.4251328Z Or undo this operation with:
2026-09-22T20:18:45.4251499Z 
2026-09-22T20:18:45.4251585Z   git switch -
2026-09-22T20:18:45.4251706Z 
2026-09-22T20:18:45.4251940Z Turn off this advice by setting config variable advice.detachedHead to false
2026-09-22T20:18:45.4252270Z 
2026-09-22T20:18:45.6327659Z -- Proceeding with version: 25.12.19.0
2026-09-22T20:18:46.1968729Z -- The CXX compiler identification is GNU 13.3.0
2026-09-22T20:18:46.2223139Z -- Detecting CXX compiler ABI info
2026-09-22T20:18:46.3155998Z -- Detecting CXX compiler ABI info - done
2026-09-22T20:18:46.3320477Z -- Check for working CXX compiler: /usr/bin/c++ - skipped
2026-09-22T20:18:46.3327406Z -- Detecting CXX compile features
2026-09-22T20:18:46.3336664Z -- Detecting CXX compile features - done
2026-09-22T20:18:46.3431371Z -- Looking for strtof_l
2026-09-22T20:18:46.4609759Z -- Looking for strtof_l - found
2026-09-22T20:18:46.4611239Z -- Looking for strtoull_l
2026-09-22T20:18:46.5220362Z -- Looking for strtoull_l - found
2026-09-22T20:18:46.5224420Z -- Looking for realpath
2026-09-22T20:18:46.5832153Z -- Looking for realpath - found
2026-09-22T20:18:46.5833577Z -- CMAKE_CXX_FLAGS: 
2026-09-22T20:18:46.5843415Z -- Configuring done (1.0s)
2026-09-22T20:18:46.5923298Z -- Generating done (0.0s)
2026-09-22T20:18:46.5925591Z -- Build files have been written to: /tmp/flatbuffers/build
2026-09-22T20:18:46.6123975Z [  2%] Building CXX object CMakeFiles/flatc.dir/src/file_manager.cpp.o
2026-09-22T20:18:46.6125448Z [  5%] Building CXX object CMakeFiles/flatc.dir/src/file_name_manager.cpp.o
2026-09-22T20:18:46.6127440Z [  7%] Building CXX object CMakeFiles/flatc.dir/src/idl_parser.cpp.o
2026-09-22T20:18:46.6128892Z [ 10%] Building CXX object CMakeFiles/flatc.dir/src/idl_gen_text.cpp.o
2026-09-22T20:18:46.6130956Z [ 13%] Building CXX object CMakeFiles/flatc.dir/src/reflection.cpp.o
2026-09-22T20:18:46.6132311Z [ 15%] Building CXX object CMakeFiles/flatc.dir/src/util.cpp.o
2026-09-22T20:18:46.6133816Z [ 18%] Building CXX object CMakeFiles/flatc.dir/src/idl_gen_binary.cpp.o
2026-09-22T20:18:46.6136470Z [ 21%] Building CXX object CMakeFiles/flatc.dir/src/idl_gen_cpp.cpp.o
2026-09-22T20:18:46.6137151Z [ 23%] Building CXX object CMakeFiles/flatc.dir/src/idl_gen_csharp.cpp.o
2026-09-22T20:18:46.6140779Z [ 26%] Building CXX object CMakeFiles/flatc.dir/src/idl_gen_dart.cpp.o
2026-09-22T20:18:46.6142365Z [ 28%] Building CXX object CMakeFiles/flatc.dir/src/idl_gen_kotlin.cpp.o
2026-09-22T20:18:46.6148205Z [ 31%] Building CXX object CMakeFiles/flatc.dir/src/idl_gen_kotlin_kmp.cpp.o
2026-09-22T20:18:46.6153645Z [ 34%] Building CXX object CMakeFiles/flatc.dir/src/idl_gen_go.cpp.o
2026-09-22T20:18:46.6158101Z [ 36%] Building CXX object CMakeFiles/flatc.dir/src/idl_gen_java.cpp.o
2026-09-22T20:18:46.6162361Z [ 39%] Building CXX object CMakeFiles/flatc.dir/src/idl_gen_ts.cpp.o
2026-09-22T20:18:46.6163381Z [ 42%] Building CXX object CMakeFiles/flatc.dir/src/idl_gen_php.cpp.o
2026-09-22T20:18:46.6166304Z [ 44%] Building CXX object CMakeFiles/flatc.dir/src/idl_gen_python.cpp.o
2026-09-22T20:18:46.6167600Z [ 47%] Building CXX object CMakeFiles/flatc.dir/src/idl_gen_lobster.cpp.o
2026-09-22T20:18:46.6170986Z [ 50%] Building CXX object CMakeFiles/flatc.dir/src/idl_gen_rust.cpp.o
2026-09-22T20:18:46.6172803Z [ 52%] Building CXX object CMakeFiles/flatc.dir/src/idl_gen_fbs.cpp.o
2026-09-22T20:18:46.6173692Z [ 55%] Building CXX object CMakeFiles/flatc.dir/src/idl_gen_grpc.cpp.o
2026-09-22T20:18:46.6176909Z [ 57%] Building CXX object CMakeFiles/flatc.dir/src/idl_gen_json_schema.cpp.o
2026-09-22T20:18:46.6178164Z [ 60%] Building CXX object CMakeFiles/flatc.dir/src/idl_gen_swift.cpp.o
2026-09-22T20:18:46.6183727Z [ 63%] Building CXX object CMakeFiles/flatc.dir/src/flatc.cpp.o
2026-09-22T20:18:46.6190297Z [ 65%] Building CXX object CMakeFiles/flatc.dir/src/flatc_main.cpp.o
2026-09-22T20:18:46.6195547Z [ 68%] Building CXX object CMakeFiles/flatc.dir/include/codegen/python.cc.o
2026-09-22T20:18:46.6198372Z [ 71%] Building CXX object CMakeFiles/flatc.dir/src/binary_annotator.cpp.o
2026-09-22T20:18:46.6200478Z [ 73%] Building CXX object CMakeFiles/flatc.dir/src/annotated_binary_text_gen.cpp.o
2026-09-22T20:18:46.6203484Z [ 76%] Building CXX object CMakeFiles/flatc.dir/src/bfbs_gen_lua.cpp.o
2026-09-22T20:18:46.6204421Z [ 78%] Building CXX object CMakeFiles/flatc.dir/src/bfbs_gen_nim.cpp.o
2026-09-22T20:18:46.6208200Z [ 81%] Building CXX object CMakeFiles/flatc.dir/src/code_generators.cpp.o
2026-09-22T20:18:46.6210614Z [ 84%] Building CXX object CMakeFiles/flatc.dir/grpc/src/compiler/cpp_generator.cc.o
2026-09-22T20:18:46.6211789Z [ 86%] Building CXX object CMakeFiles/flatc.dir/grpc/src/compiler/go_generator.cc.o
2026-09-22T20:18:46.6214470Z [ 89%] Building CXX object CMakeFiles/flatc.dir/grpc/src/compiler/java_generator.cc.o
2026-09-22T20:18:46.6219462Z [ 92%] Building CXX object CMakeFiles/flatc.dir/grpc/src/compiler/python_generator.cc.o
2026-09-22T20:18:46.6223394Z [ 94%] Building CXX object CMakeFiles/flatc.dir/grpc/src/compiler/swift_generator.cc.o
2026-09-22T20:18:46.6225188Z [ 97%] Building CXX object CMakeFiles/flatc.dir/grpc/src/compiler/ts_generator.cc.o
2026-09-22T20:18:48.2121587Z In file included from /usr/include/c++/13/algorithm:60,
2026-09-22T20:18:48.2122081Z                  from /tmp/flatbuffers/include/flatbuffers/flatbuffers.h:20,
2026-09-22T20:18:48.2122598Z                  from /tmp/flatbuffers/include/flatbuffers/reflection_generated.h:7,
2026-09-22T20:18:48.2123147Z                  from /tmp/flatbuffers/include/flatbuffers/reflection.h:25,
2026-09-22T20:18:48.2123577Z                  from /tmp/flatbuffers/src/reflection.cpp:17:
2026-09-22T20:18:48.2129354Z In static member function ‘static _Up* std::__copy_move<_IsMove, true, std::random_access_iterator_tag>::__copy_m(_Tp*, _Tp*, _Up*) [with _Tp = const unsigned char; _Up = unsigned char; bool _IsMove = false]’,
2026-09-22T20:18:48.2131386Z     inlined from ‘_OI std::__copy_move_a2(_II, _II, _OI) [with bool _IsMove = false; _II = const unsigned char*; _OI = unsigned char*]’ at /usr/include/c++/13/bits/stl_algobase.h:506:30,
2026-09-22T20:18:48.2132609Z     inlined from ‘_OI std::__copy_move_a1(_II, _II, _OI) [with bool _IsMove = false; _II = const unsigned char*; _OI = unsigned char*]’ at /usr/include/c++/13/bits/stl_algobase.h:533:42,
2026-09-22T20:18:48.2133814Z     inlined from ‘_OI std::__copy_move_a(_II, _II, _OI) [with bool _IsMove = false; _II = const unsigned char*; _OI = unsigned char*]’ at /usr/include/c++/13/bits/stl_algobase.h:540:31,
2026-09-22T20:18:48.2134961Z     inlined from ‘_OI std::copy(_II, _II, _OI) [with _II = const unsigned char*; _OI = unsigned char*]’ at /usr/include/c++/13/bits/stl_algobase.h:633:7,
2026-09-22T20:18:48.2136487Z     inlined from ‘static _ForwardIterator std::__uninitialized_copy<true>::__uninit_copy(_InputIterator, _InputIterator, _ForwardIterator) [with _InputIterator = const unsigned char*; _ForwardIterator = unsigned char*]’ at /usr/include/c++/13/bits/stl_uninitialized.h:147:27,
2026-09-22T20:18:48.2138462Z     inlined from ‘_ForwardIterator std::uninitialized_copy(_InputIterator, _InputIterator, _ForwardIterator) [with _InputIterator = const unsigned char*; _ForwardIterator = unsigned char*]’ at /usr/include/c++/13/bits/stl_uninitialized.h:185:15,
2026-09-22T20:18:48.2140615Z     inlined from ‘_ForwardIterator std::__uninitialized_copy_a(_InputIterator, _InputIterator, _ForwardIterator, allocator<_Tp>&) [with _InputIterator = const unsigned char*; _ForwardIterator = unsigned char*; _Tp = unsigned char]’ at /usr/include/c++/13/bits/stl_uninitialized.h:373:37,
2026-09-22T20:18:48.2143313Z     inlined from ‘void std::vector<_Tp, _Alloc>::_M_range_insert(iterator, _ForwardIterator, _ForwardIterator, std::forward_iterator_tag) [with _ForwardIterator = const unsigned char*; _Tp = unsigned char; _Alloc = std::allocator<unsigned char>]’ at /usr/include/c++/13/bits/vector.tcc:814:38,
2026-09-22T20:18:48.2145556Z     inlined from ‘std::vector<_Tp, _Alloc>::iterator std::vector<_Tp, _Alloc>::insert(const_iterator, _InputIterator, _InputIterator) [with _InputIterator = const unsigned char*; <template-parameter-2-2> = void; _Tp = unsigned char; _Alloc = std::allocator<unsigned char>]’ at /usr/include/c++/13/bits/stl_vector.h:1486:19,
2026-09-22T20:18:48.2147278Z     inlined from ‘const uint8_t* flatbuffers::AddFlatBuffer(std::vector<unsigned char>&, const uint8_t*, size_t)’ at /tmp/flatbuffers/src/reflection.cpp:650:17:
2026-09-22T20:18:48.2148727Z /usr/include/c++/13/bits/stl_algobase.h:437:30: warning: ‘void* __builtin_memcpy(void*, const void*, long unsigned int)’ writing between 2 and 9223372036854775803 bytes into a region of size 0 overflows the destination [-Wstringop-overflow=]
2026-09-22T20:18:48.2241585Z   437 |             __builtin_memmove(__result, __first, sizeof(_Tp) * _Num);
2026-09-22T20:18:48.2242102Z       |             ~~~~~~~~~~~~~~~~~^~~~~~~~~~~~~~~~~~~~~~~~~~~~~~~~~~~~~~~
2026-09-22T20:18:48.2242610Z In file included from /usr/include/aarch64-linux-gnu/c++/13/bits/c++allocator.h:33,
2026-09-22T20:18:48.2243111Z                  from /usr/include/c++/13/bits/allocator.h:46,
2026-09-22T20:18:48.2243477Z                  from /usr/include/c++/13/memory:65,
2026-09-22T20:18:48.2243858Z                  from /tmp/flatbuffers/include/flatbuffers/array.h:21,
2026-09-22T20:18:48.2244315Z                  from /tmp/flatbuffers/include/flatbuffers/flatbuffers.h:24:
2026-09-22T20:18:48.2245039Z In member function ‘_Tp* std::__new_allocator<_Tp>::allocate(size_type, const void*) [with _Tp = unsigned char]’,
2026-09-22T20:18:48.2246125Z     inlined from ‘static _Tp* std::allocator_traits<std::allocator<_Tp1> >::allocate(allocator_type&, size_type) [with _Tp = unsigned char]’ at /usr/include/c++/13/bits/alloc_traits.h:482:28,
2026-09-22T20:18:48.2247608Z     inlined from ‘std::_Vector_base<_Tp, _Alloc>::pointer std::_Vector_base<_Tp, _Alloc>::_M_allocate(std::size_t) [with _Tp = unsigned char; _Alloc = std::allocator<unsigned char>]’ at /usr/include/c++/13/bits/stl_vector.h:381:33,
2026-09-22T20:18:48.2249559Z     inlined from ‘void std::vector<_Tp, _Alloc>::_M_range_insert(iterator, _ForwardIterator, _ForwardIterator, std::forward_iterator_tag) [with _ForwardIterator = const unsigned char*; _Tp = unsigned char; _Alloc = std::allocator<unsigned char>]’ at /usr/include/c++/13/bits/vector.tcc:805:40,
2026-09-22T20:18:48.2251792Z     inlined from ‘std::vector<_Tp, _Alloc>::iterator std::vector<_Tp, _Alloc>::insert(const_iterator, _InputIterator, _InputIterator) [with _InputIterator = const unsigned char*; <template-parameter-2-2> = void; _Tp = unsigned char; _Alloc = std::allocator<unsigned char>]’ at /usr/include/c++/13/bits/stl_vector.h:1486:19,
2026-09-22T20:18:48.2253535Z     inlined from ‘const uint8_t* flatbuffers::AddFlatBuffer(std::vector<unsigned char>&, const uint8_t*, size_t)’ at /tmp/flatbuffers/src/reflection.cpp:650:17:
2026-09-22T20:18:48.2254757Z /usr/include/c++/13/bits/new_allocator.h:151:55: note: at offset [-9223372036854775808, -4] into destination object of size [4, 9223372036854775807] allocated by ‘operator new’
2026-09-22T20:18:48.2255631Z   151 |         return static_cast<_Tp*>(_GLIBCXX_OPERATOR_NEW(__n * sizeof(_Tp)));
2026-09-22T20:18:48.2256068Z       |                                                       ^
2026-09-22T20:18:59.7278893Z [100%] Linking CXX executable flatc
2026-09-22T20:18:59.8508297Z [100%] Built target flatc
2026-09-22T20:18:59.9154069Z flatc version 25.12.19
2026-09-22T20:18:59.9163362Z ##[end-action id=__self.__self_4.__run;outcome=success;conclusion=success;duration_ms=15203]
2026-09-22T20:18:59.9176081Z ##[end-action id=__self.__self_4;outcome=success;conclusion=success;duration_ms=15213]
2026-09-22T20:18:59.9205867Z Prepare all required actions
2026-09-22T20:18:59.9235141Z ##[group]Run ./.github/actions/system-info
2026-09-22T20:18:59.9235430Z env:
2026-09-22T20:18:59.9235622Z   CARGO_TERM_COLOR: always
2026-09-22T20:18:59.9235853Z   RUST_BACKTRACE: 1
2026-09-22T20:18:59.9236083Z   NIGHTLY_TOOLCHAIN: nightly-2026-09-10
2026-09-22T20:18:59.9236384Z   RUNNER_TOOL_CACHE: /opt/hostedtoolcache
2026-09-22T20:18:59.9236669Z   RUNS_ON_HOME: /runs-on
2026-09-22T20:18:59.9236900Z   RUNS_ON_VERSION: v3.3.0
2026-09-22T20:18:59.9237153Z   RUNS_ON_AGENT_BINARY: /runs-on/agent
2026-09-22T20:18:59.9237428Z   RUNS_ON_AGENT_ARCH: arm64
2026-09-22T20:18:59.9237669Z   RUNS_ON_AGENT_USER: runner
2026-09-22T20:18:59.9237920Z   RUNS_ON_AMI_ID: ami-098c62767651982c5
2026-09-22T20:18:59.9238210Z   RUNS_ON_AWS_REGION: us-east-1
2026-09-22T20:18:59.9238463Z   RUNS_ON_AWS_AZ: us-east-1b
2026-09-22T20:18:59.9238740Z   RUNS_ON_ENV_CUSTOM_FILE: /runs-on/env.custom
2026-09-22T20:18:59.9239096Z   RUNS_ON_INSTANCE_ID: i-095c3924ee3cd9aac
2026-09-22T20:18:59.9239470Z   RUNS_ON_INSTANCE_LIFECYCLE: spot
2026-09-22T20:18:59.9239753Z   RUNS_ON_INSTANCE_TYPE: c7g.metal
2026-09-22T20:18:59.9240020Z   RUNS_ON_STACK_NAME: runs-on-v3
2026-09-22T20:18:59.9240363Z   RUNS_ON_S3_BUCKET_CACHE: runs-on-v3-s3bucketcache-dbnub4tpjhpv
2026-09-22T20:18:59.9240773Z   ACTIONS_RUNNER_HOOK_JOB_STARTED: /runs-on/pre.sh
2026-09-22T20:18:59.9241141Z   ACTIONS_RUNNER_HOOK_JOB_COMPLETED: /runs-on/post.sh
2026-09-22T20:18:59.9241496Z   GITHUB_SERVER_URL: https://github.com/
2026-09-22T20:18:59.9241810Z   GITHUB_API_URL: https://api.github.com/
2026-09-22T20:18:59.9242100Z   GITHUB_HOST: github.com
2026-09-22T20:18:59.9242417Z   RUNS_ON_RUNNER_NAME: runs-on--i-095c3924ee3cd9aac--c0f60053-8
2026-09-22T20:18:59.9242829Z   RUNS_ON_INSTANCE_LAUNCHED_AT: 2026-09-22T20:18:05Z
2026-09-22T20:18:59.9243176Z   ACTIONS_CACHE_URL: http://10.1.19.130:6871/
2026-09-22T20:18:59.9243483Z   ACTIONS_CACHE_SERVICE_V2: true
2026-09-22T20:18:59.9243775Z   ACTIONS_RESULTS_URL: http://10.1.19.130:6871/
2026-09-22T20:18:59.9244155Z   RUNS_ON_S3_CACHE_REPO_PREFIX: cache/repo/vortex-data/vortex
2026-09-22T20:18:59.9244533Z   RUNS_ON_ACTION_COST_TRACKING_CLAIMED: true
2026-09-22T20:18:59.9244835Z   RUSTUP_TOOLCHAIN: 1.98.0
2026-09-22T20:18:59.9245064Z ##[endgroup]
2026-09-22T20:18:59.9248264Z ##[start-action display=CPU, Memory & Disk Info;id=__self_2.__run]
2026-09-22T20:18:59.9264059Z ##[group]Run echo "=== CPU Model ==="
2026-09-22T20:18:59.9264408Z [36;1mecho "=== CPU Model ==="[0m
2026-09-22T20:18:59.9264666Z [36;1mlscpu[0m
2026-09-22T20:18:59.9264902Z [36;1mecho "=== /proc/cpuinfo summary ==="[0m
2026-09-22T20:18:59.9265370Z [36;1m# x86 exposes "model name"; aarch64 has no such line (lscpu above covers it), and[0m
2026-09-22T20:18:59.9265976Z [36;1m# `shell: bash` runs with `set -e`, so a missing match must not fail the step.[0m
2026-09-22T20:18:59.9266461Z [36;1mgrep -m1 "model name" /proc/cpuinfo || true[0m
2026-09-22T20:18:59.9266771Z [36;1mnproc[0m
2026-09-22T20:18:59.9266991Z [36;1mecho "=== CPU Flags ==="[0m
2026-09-22T20:18:59.9267319Z [36;1m# x86 exposes "flags"; aarch64 exposes "Features".[0m
2026-09-22T20:18:59.9267733Z [36;1mgrep -m1 -E "^(flags|Features)" /proc/cpuinfo || true[0m
2026-09-22T20:18:59.9268077Z [36;1m[0m
2026-09-22T20:18:59.9268269Z [36;1mecho "=== Memory ==="[0m
2026-09-22T20:18:59.9268513Z [36;1mfree -h[0m
2026-09-22T20:18:59.9268731Z [36;1mecho "=== /proc/meminfo ==="[0m
2026-09-22T20:18:59.9269009Z [36;1mcat /proc/meminfo[0m
2026-09-22T20:18:59.9269237Z [36;1m[0m
2026-09-22T20:18:59.9269544Z [36;1mecho "=== Block Devices ==="[0m
2026-09-22T20:18:59.9269822Z [36;1mlsblk[0m
2026-09-22T20:18:59.9270030Z [36;1mecho "=== Disk Usage ==="[0m
2026-09-22T20:18:59.9270282Z [36;1mdf -hT[0m
2026-09-22T20:18:59.9270733Z [36;1mecho "=== Mounts ==="[0m
2026-09-22T20:18:59.9270988Z [36;1mmount | grep -E "^/dev"[0m
2026-09-22T20:18:59.9271255Z [36;1mecho "=== NVMe Devices ==="[0m
2026-09-22T20:18:59.9271763Z [36;1mls -la /dev/nvme* 2>/dev/null || echo "No NVMe"[0m
2026-09-22T20:18:59.9272128Z [36;1msudo nvme list 2>/dev/null || true[0m
2026-09-22T20:18:59.9294549Z shell: /usr/bin/bash --noprofile --norc -e -o pipefail {0}
2026-09-22T20:18:59.9294898Z env:
2026-09-22T20:18:59.9295088Z   CARGO_TERM_COLOR: always
2026-09-22T20:18:59.9295323Z   RUST_BACKTRACE: 1
2026-09-22T20:18:59.9295557Z   NIGHTLY_TOOLCHAIN: nightly-2026-09-10
2026-09-22T20:18:59.9295867Z   RUNNER_TOOL_CACHE: /opt/hostedtoolcache
2026-09-22T20:18:59.9296155Z   RUNS_ON_HOME: /runs-on
2026-09-22T20:18:59.9296387Z   RUNS_ON_VERSION: v3.3.0
2026-09-22T20:18:59.9296638Z   RUNS_ON_AGENT_BINARY: /runs-on/agent
2026-09-22T20:18:59.9296917Z   RUNS_ON_AGENT_ARCH: arm64
2026-09-22T20:18:59.9297161Z   RUNS_ON_AGENT_USER: runner
2026-09-22T20:18:59.9297432Z   RUNS_ON_AMI_ID: ami-098c62767651982c5
2026-09-22T20:18:59.9297716Z   RUNS_ON_AWS_REGION: us-east-1
2026-09-22T20:18:59.9297965Z   RUNS_ON_AWS_AZ: us-east-1b
2026-09-22T20:18:59.9298247Z   RUNS_ON_ENV_CUSTOM_FILE: /runs-on/env.custom
2026-09-22T20:18:59.9298571Z   RUNS_ON_INSTANCE_ID: i-095c3924ee3cd9aac
2026-09-22T20:18:59.9298866Z   RUNS_ON_INSTANCE_LIFECYCLE: spot
2026-09-22T20:18:59.9299142Z   RUNS_ON_INSTANCE_TYPE: c7g.metal
2026-09-22T20:18:59.9299536Z   RUNS_ON_STACK_NAME: runs-on-v3
2026-09-22T20:18:59.9299901Z   RUNS_ON_S3_BUCKET_CACHE: runs-on-v3-s3bucketcache-dbnub4tpjhpv
2026-09-22T20:18:59.9300316Z   ACTIONS_RUNNER_HOOK_JOB_STARTED: /runs-on/pre.sh
2026-09-22T20:18:59.9300686Z   ACTIONS_RUNNER_HOOK_JOB_COMPLETED: /runs-on/post.sh
2026-09-22T20:18:59.9301043Z   GITHUB_SERVER_URL: https://github.com/
2026-09-22T20:18:59.9301362Z   GITHUB_API_URL: https://api.github.com/
2026-09-22T20:18:59.9301656Z   GITHUB_HOST: github.com
2026-09-22T20:18:59.9301976Z   RUNS_ON_RUNNER_NAME: runs-on--i-095c3924ee3cd9aac--c0f60053-8
2026-09-22T20:18:59.9302386Z   RUNS_ON_INSTANCE_LAUNCHED_AT: 2026-09-22T20:18:05Z
2026-09-22T20:18:59.9302732Z   ACTIONS_CACHE_URL: http://10.1.19.130:6871/
2026-09-22T20:18:59.9303045Z   ACTIONS_CACHE_SERVICE_V2: true
2026-09-22T20:18:59.9303340Z   ACTIONS_RESULTS_URL: http://10.1.19.130:6871/
2026-09-22T20:18:59.9303720Z   RUNS_ON_S3_CACHE_REPO_PREFIX: cache/repo/vortex-data/vortex
2026-09-22T20:18:59.9304096Z   RUNS_ON_ACTION_COST_TRACKING_CLAIMED: true
2026-09-22T20:18:59.9304395Z   RUSTUP_TOOLCHAIN: 1.98.0
2026-09-22T20:18:59.9304626Z ##[endgroup]
2026-09-22T20:18:59.9343561Z === CPU Model ===
2026-09-22T20:18:59.9516209Z Architecture:                            aarch64
2026-09-22T20:18:59.9516579Z CPU op-mode(s):                          32-bit, 64-bit
2026-09-22T20:18:59.9516933Z Byte Order:                              Little Endian
2026-09-22T20:18:59.9517255Z CPU(s):                                  64
2026-09-22T20:18:59.9517555Z On-line CPU(s) list:                     0-63
2026-09-22T20:18:59.9517881Z Vendor ID:                               ARM
2026-09-22T20:18:59.9518200Z Model name:                              Neoverse-V1
2026-09-22T20:18:59.9518524Z Model:                                   1
2026-09-22T20:18:59.9518820Z Thread(s) per core:                      1
2026-09-22T20:18:59.9519118Z Core(s) per socket:                      64
2026-09-22T20:18:59.9519463Z Socket(s):                               1
2026-09-22T20:18:59.9519763Z Stepping:                                r1p1
2026-09-22T20:18:59.9520096Z BogoMIPS:                                2100.00
2026-09-22T20:18:59.9521120Z Flags:                                   fp asimd evtstrm aes pmull sha1 sha2 crc32 atomics fphp asimdhp cpuid asimdrdm jscvt fcma lrcpc dcpop sha3 sm3 sm4 asimddp sha512 sve asimdfhm dit uscat ilrcpc flagm paca pacg dcpodp svei8mm svebf16 i8mm bf16 dgh rng
2026-09-22T20:18:59.9522178Z L1d cache:                               4 MiB (64 instances)
2026-09-22T20:18:59.9522829Z L1i cache:                               4 MiB (64 instances)
2026-09-22T20:18:59.9523205Z L2 cache:                                64 MiB (64 instances)
2026-09-22T20:18:59.9523575Z L3 cache:                                32 MiB (1 instance)
2026-09-22T20:18:59.9524054Z NUMA node(s):                            1
2026-09-22T20:18:59.9524379Z NUMA node0 CPU(s):                       0-63
2026-09-22T20:18:59.9524727Z Vulnerability Gather data sampling:      Not affected
2026-09-22T20:18:59.9525108Z Vulnerability Ghostwrite:                Not affected
2026-09-22T20:18:59.9525484Z Vulnerability Indirect target selection: Not affected
2026-09-22T20:18:59.9525858Z Vulnerability Itlb multihit:             Not affected
2026-09-22T20:18:59.9526220Z Vulnerability L1tf:                      Not affected
2026-09-22T20:18:59.9526579Z Vulnerability Mds:                       Not affected
2026-09-22T20:18:59.9526941Z Vulnerability Meltdown:                  Not affected
2026-09-22T20:18:59.9527312Z Vulnerability Mmio stale data:           Not affected
2026-09-22T20:18:59.9527688Z Vulnerability Old microcode:             Not affected
2026-09-22T20:18:59.9528064Z Vulnerability Reg file data sampling:    Not affected
2026-09-22T20:18:59.9528439Z Vulnerability Retbleed:                  Not affected
2026-09-22T20:18:59.9528815Z Vulnerability Spec rstack overflow:      Not affected
2026-09-22T20:18:59.9529343Z Vulnerability Spec store bypass:         Mitigation; Speculative Store Bypass disabled via prctl
2026-09-22T20:18:59.9530043Z Vulnerability Spectre v1:                Mitigation; __user pointer sanitization
2026-09-22T20:18:59.9530546Z Vulnerability Spectre v2:                Mitigation; CSV2, BHB
2026-09-22T20:18:59.9530954Z Vulnerability Srbds:                     Not affected
2026-09-22T20:18:59.9531316Z Vulnerability Tsa:                       Not affected
2026-09-22T20:18:59.9531681Z Vulnerability Tsx async abort:           Not affected
2026-09-22T20:18:59.9532047Z Vulnerability Vmscape:                   Not affected
2026-09-22T20:18:59.9532386Z === /proc/cpuinfo summary ===
2026-09-22T20:18:59.9534794Z 64
2026-09-22T20:18:59.9535570Z === CPU Flags ===
2026-09-22T20:18:59.9544867Z Features	: fp asimd evtstrm aes pmull sha1 sha2 crc32 atomics fphp asimdhp cpuid asimdrdm jscvt fcma lrcpc dcpop sha3 sm3 sm4 asimddp sha512 sve asimdfhm dit uscat ilrcpc flagm paca pacg dcpodp svei8mm svebf16 i8mm bf16 dgh rng
2026-09-22T20:18:59.9545848Z === Memory ===
2026-09-22T20:18:59.9569015Z                total        used        free      shared  buff/cache   available
2026-09-22T20:18:59.9569527Z Mem:           125Gi       6.7Gi       118Gi        45Mi       1.1Gi       118Gi
2026-09-22T20:18:59.9569910Z Swap:             0B          0B          0B
2026-09-22T20:18:59.9570395Z === /proc/meminfo ===
2026-09-22T20:18:59.9577042Z MemTotal:       131612300 kB
2026-09-22T20:18:59.9577326Z MemFree:        124513368 kB
2026-09-22T20:18:59.9577611Z MemAvailable:   124572156 kB
2026-09-22T20:18:59.9577856Z Buffers:           38852 kB
2026-09-22T20:18:59.9578101Z Cached:          1020788 kB
2026-09-22T20:18:59.9578336Z SwapCached:            0 kB
2026-09-22T20:18:59.9578588Z Active:           612968 kB
2026-09-22T20:18:59.9578819Z Inactive:         714444 kB
2026-09-22T20:18:59.9579061Z Active(anon):     314756 kB
2026-09-22T20:18:59.9579297Z Inactive(anon):        0 kB
2026-09-22T20:18:59.9579605Z Active(file):     298212 kB
2026-09-22T20:18:59.9579846Z Inactive(file):   714444 kB
2026-09-22T20:18:59.9580081Z Unevictable:           0 kB
2026-09-22T20:18:59.9580319Z Mlocked:               0 kB
2026-09-22T20:18:59.9580554Z SwapTotal:             0 kB
2026-09-22T20:18:59.9580786Z SwapFree:              0 kB
2026-09-22T20:18:59.9581015Z Zswap:                 0 kB
2026-09-22T20:18:59.9581243Z Zswapped:              0 kB
2026-09-22T20:18:59.9581471Z Dirty:            580160 kB
2026-09-22T20:18:59.9581701Z Writeback:             8 kB
2026-09-22T20:18:59.9581933Z AnonPages:        267684 kB
2026-09-22T20:18:59.9582163Z Mapped:           172168 kB
2026-09-22T20:18:59.9582682Z Shmem:             46896 kB
2026-09-22T20:18:59.9582919Z KReclaimable:      77856 kB
2026-09-22T20:18:59.9583150Z Slab:             309312 kB
2026-09-22T20:18:59.9583385Z SReclaimable:      77856 kB
2026-09-22T20:18:59.9583741Z SUnreclaim:       231456 kB
2026-09-22T20:18:59.9584017Z KernelStack:       14528 kB
2026-09-22T20:18:59.9584259Z ShadowCallStack:    4424 kB
2026-09-22T20:18:59.9584503Z PageTables:         5512 kB
2026-09-22T20:18:59.9584743Z SecPageTables:      2728 kB
2026-09-22T20:18:59.9584979Z NFS_Unstable:          0 kB
2026-09-22T20:18:59.9585210Z Bounce:                0 kB
2026-09-22T20:18:59.9585444Z WritebackTmp:          0 kB
2026-09-22T20:18:59.9585677Z CommitLimit:    65806148 kB
2026-09-22T20:18:59.9585912Z Committed_AS:    2361992 kB
2026-09-22T20:18:59.9586149Z VmallocTotal:   135288315904 kB
2026-09-22T20:18:59.9586399Z VmallocUsed:       41028 kB
2026-09-22T20:18:59.9586631Z VmallocChunk:          0 kB
2026-09-22T20:18:59.9586864Z Percpu:            58112 kB
2026-09-22T20:18:59.9587111Z HardwareCorrupted:     0 kB
2026-09-22T20:18:59.9587356Z AnonHugePages:         0 kB
2026-09-22T20:18:59.9587598Z ShmemHugePages:        0 kB
2026-09-22T20:18:59.9587841Z ShmemPmdMapped:        0 kB
2026-09-22T20:18:59.9588091Z FileHugePages:    475136 kB
2026-09-22T20:18:59.9588333Z FilePmdMapped:         0 kB
2026-09-22T20:18:59.9588580Z CmaTotal:              0 kB
2026-09-22T20:18:59.9588811Z CmaFree:               0 kB
2026-09-22T20:18:59.9589040Z Balloon:               0 kB
2026-09-22T20:18:59.9589276Z HugePages_Total:       0
2026-09-22T20:18:59.9589642Z HugePages_Free:        0
2026-09-22T20:18:59.9589883Z HugePages_Rsvd:        0
2026-09-22T20:18:59.9590115Z HugePages_Surp:        0
2026-09-22T20:18:59.9590350Z Hugepagesize:       2048 kB
2026-09-22T20:18:59.9590584Z Hugetlb:               0 kB
2026-09-22T20:18:59.9590823Z === Block Devices ===
2026-09-22T20:18:59.9596886Z NAME         MAJ:MIN RM  SIZE RO TYPE MOUNTPOINTS
2026-09-22T20:18:59.9597218Z nvme0n1      259:0    0  100G  0 disk 
2026-09-22T20:18:59.9597523Z ├─nvme0n1p1  259:1    0   99G  0 part /
2026-09-22T20:18:59.9597828Z ├─nvme0n1p15 259:2    0   99M  0 part /boot/efi
2026-09-22T20:18:59.9598143Z └─nvme0n1p16 259:3    0  923M  0 part /boot
2026-09-22T20:18:59.9598432Z === Disk Usage ===
2026-09-22T20:18:59.9659984Z Filesystem      Type      Size  Used Avail Use% Mounted on
2026-09-22T20:18:59.9660401Z tmpfs           tmpfs      13G  1.4M   13G   1% /run
2026-09-22T20:18:59.9660824Z efivarfs        efivarfs  512K  4.1K  508K   1% /sys/firmware/efi/efivars
2026-09-22T20:18:59.9661245Z /dev/nvme0n1p1  ext4       96G   16G   81G  16% /
2026-09-22T20:18:59.9661600Z tmpfs           tmpfs      63G     0   63G   0% /dev/shm
2026-09-22T20:18:59.9661960Z tmpfs           tmpfs     5.0M     0  5.0M   0% /run/lock
2026-09-22T20:18:59.9662325Z tmpfs           tmpfs      63G     0   63G   0% /run/qemu
2026-09-22T20:18:59.9662692Z /dev/nvme0n1p16 ext4      891M   62M  767M   8% /boot
2026-09-22T20:18:59.9663064Z /dev/nvme0n1p15 vfat       98M  6.4M   92M   7% /boot/efi
2026-09-22T20:18:59.9663408Z === Mounts ===
2026-09-22T20:18:59.9673521Z /dev/nvme0n1p1 on / type ext4 (rw,relatime,discard,errors=remount-ro,commit=30)
2026-09-22T20:18:59.9674009Z /dev/nvme0n1p16 on /boot type ext4 (rw,relatime)
2026-09-22T20:18:59.9674694Z /dev/nvme0n1p15 on /boot/efi type vfat (rw,relatime,fmask=0077,dmask=0077,codepage=437,iocharset=iso8859-1,shortname=mixed,errors=remount-ro)
2026-09-22T20:18:59.9675342Z === NVMe Devices ===
2026-09-22T20:18:59.9685395Z crw------- 1 root root 236, 0 Sep 22 20:18 /dev/nvme0
2026-09-22T20:18:59.9685791Z brw-rw---- 1 root disk 259, 0 Sep 22 20:18 /dev/nvme0n1
2026-09-22T20:18:59.9686177Z brw-rw---- 1 root disk 259, 1 Sep 22 20:18 /dev/nvme0n1p1
2026-09-22T20:18:59.9686572Z brw-rw---- 1 root disk 259, 2 Sep 22 20:18 /dev/nvme0n1p15
2026-09-22T20:18:59.9686967Z brw-rw---- 1 root disk 259, 3 Sep 22 20:18 /dev/nvme0n1p16
2026-09-22T20:18:59.9733145Z ##[end-action id=__self_2.__run;outcome=success;conclusion=success;duration_ms=48]
2026-09-22T20:18:59.9889585Z ##[group]Run taiki-e/cache-cargo-install-action@66c9585ef5ca780ee69399975a5e911f47905995
2026-09-22T20:18:59.9890350Z with:
2026-09-22T20:18:59.9890637Z   tool: cargo-codspeed
2026-09-22T20:18:59.9890986Z   locked: true
2026-09-22T20:18:59.9891340Z   no-default-features: false
2026-09-22T20:18:59.9891667Z   all-features: false
2026-09-22T20:18:59.9891993Z env:
2026-09-22T20:18:59.9892272Z   CARGO_TERM_COLOR: always
2026-09-22T20:18:59.9892612Z   RUST_BACKTRACE: 1
2026-09-22T20:18:59.9892953Z   NIGHTLY_TOOLCHAIN: nightly-2026-09-10
2026-09-22T20:18:59.9893317Z   RUNNER_TOOL_CACHE: /opt/hostedtoolcache
2026-09-22T20:18:59.9893707Z   RUNS_ON_HOME: /runs-on
2026-09-22T20:18:59.9893993Z   RUNS_ON_VERSION: v3.3.0
2026-09-22T20:18:59.9894355Z   RUNS_ON_AGENT_BINARY: /runs-on/agent
2026-09-22T20:18:59.9894736Z   RUNS_ON_AGENT_ARCH: arm64
2026-09-22T20:18:59.9895040Z   RUNS_ON_AGENT_USER: runner
2026-09-22T20:18:59.9895404Z   RUNS_ON_AMI_ID: ami-098c62767651982c5
2026-09-22T20:18:59.9895830Z   RUNS_ON_AWS_REGION: us-east-1
2026-09-22T20:18:59.9896229Z   RUNS_ON_AWS_AZ: us-east-1b
2026-09-22T20:18:59.9896560Z   RUNS_ON_ENV_CUSTOM_FILE: /runs-on/env.custom
2026-09-22T20:18:59.9896990Z   RUNS_ON_INSTANCE_ID: i-095c3924ee3cd9aac
2026-09-22T20:18:59.9897352Z   RUNS_ON_INSTANCE_LIFECYCLE: spot
2026-09-22T20:18:59.9897676Z   RUNS_ON_INSTANCE_TYPE: c7g.metal
2026-09-22T20:18:59.9898073Z   RUNS_ON_STACK_NAME: runs-on-v3
2026-09-22T20:18:59.9898474Z   RUNS_ON_S3_BUCKET_CACHE: runs-on-v3-s3bucketcache-dbnub4tpjhpv
2026-09-22T20:18:59.9899007Z   ACTIONS_RUNNER_HOOK_JOB_STARTED: /runs-on/pre.sh
2026-09-22T20:18:59.9899677Z   ACTIONS_RUNNER_HOOK_JOB_COMPLETED: /runs-on/post.sh
2026-09-22T20:18:59.9900096Z   GITHUB_SERVER_URL: https://github.com/
2026-09-22T20:18:59.9900564Z   GITHUB_API_URL: https://api.github.com/
2026-09-22T20:18:59.9900912Z   GITHUB_HOST: github.com
2026-09-22T20:18:59.9901362Z   RUNS_ON_RUNNER_NAME: runs-on--i-095c3924ee3cd9aac--c0f60053-8
2026-09-22T20:18:59.9901844Z   RUNS_ON_INSTANCE_LAUNCHED_AT: 2026-09-22T20:18:05Z
2026-09-22T20:18:59.9902249Z   ACTIONS_CACHE_URL: http://10.1.19.130:6871/
2026-09-22T20:18:59.9902691Z   ACTIONS_CACHE_SERVICE_V2: true
2026-09-22T20:18:59.9903037Z   ACTIONS_RESULTS_URL: http://10.1.19.130:6871/
2026-09-22T20:18:59.9903541Z   RUNS_ON_S3_CACHE_REPO_PREFIX: cache/repo/vortex-data/vortex
2026-09-22T20:18:59.9903975Z   RUNS_ON_ACTION_COST_TRACKING_CLAIMED: true
2026-09-22T20:18:59.9904347Z   RUSTUP_TOOLCHAIN: 1.98.0
2026-09-22T20:18:59.9904685Z ##[endgroup]
2026-09-22T20:18:59.9916213Z ##[start-action display=Prepare (non-Windows);id=__taiki-e_cache-cargo-install-action.pre-unix]
2026-09-22T20:18:59.9938254Z ##[group]Run set -eu
2026-09-22T20:18:59.9938640Z [36;1mset -eu[0m
2026-09-22T20:18:59.9939022Z [36;1mif ! command -v bash >/dev/null; then[0m
2026-09-22T20:18:59.9939586Z [36;1m  if grep -Eq '^ID=alpine' /etc/os-release; then[0m
2026-09-22T20:18:59.9940192Z [36;1m    printf '::group::Install packages required for cache-cargo-install-action (bash)\n'[0m
2026-09-22T20:18:59.9940862Z [36;1m    # NB: sync with apk_install in pre.sh[0m
2026-09-22T20:18:59.9941295Z [36;1m    if command -v sudo >/dev/null; then[0m
2026-09-22T20:18:59.9941745Z [36;1m      sudo apk --no-cache add bash[0m
2026-09-22T20:18:59.9942183Z [36;1m    elif command -v doas >/dev/null; then[0m
2026-09-22T20:18:59.9942571Z [36;1m      doas apk --no-cache add bash[0m
2026-09-22T20:18:59.9942982Z [36;1m    else[0m
2026-09-22T20:18:59.9943284Z [36;1m      apk --no-cache add bash[0m
2026-09-22T20:18:59.9943690Z [36;1m    fi[0m
2026-09-22T20:18:59.9943976Z [36;1m    printf '::endgroup::\n'[0m
2026-09-22T20:18:59.9944295Z [36;1m  else[0m
2026-09-22T20:18:59.9944735Z [36;1m    printf '::error::cache-cargo-install-action requires bash\n'[0m
2026-09-22T20:18:59.9945187Z [36;1m    exit 1[0m
2026-09-22T20:18:59.9945562Z [36;1m  fi[0m
2026-09-22T20:18:59.9945818Z [36;1mfi[0m
2026-09-22T20:18:59.9946151Z [36;1mbash --noprofile --norc "${GITHUB_ACTION_PATH:?}/pre.sh"[0m
2026-09-22T20:18:59.9983591Z shell: /usr/bin/sh -e {0}
2026-09-22T20:18:59.9983854Z env:
2026-09-22T20:18:59.9984045Z   CARGO_TERM_COLOR: always
2026-09-22T20:18:59.9984285Z   RUST_BACKTRACE: 1
2026-09-22T20:18:59.9984522Z   NIGHTLY_TOOLCHAIN: nightly-2026-09-10
2026-09-22T20:18:59.9984831Z   RUNNER_TOOL_CACHE: /opt/hostedtoolcache
2026-09-22T20:18:59.9985117Z   RUNS_ON_HOME: /runs-on
2026-09-22T20:18:59.9985351Z   RUNS_ON_VERSION: v3.3.0
2026-09-22T20:18:59.9985602Z   RUNS_ON_AGENT_BINARY: /runs-on/agent
2026-09-22T20:18:59.9985878Z   RUNS_ON_AGENT_ARCH: arm64
2026-09-22T20:18:59.9986124Z   RUNS_ON_AGENT_USER: runner
2026-09-22T20:18:59.9986377Z   RUNS_ON_AMI_ID: ami-098c62767651982c5
2026-09-22T20:18:59.9986656Z   RUNS_ON_AWS_REGION: us-east-1
2026-09-22T20:18:59.9986908Z   RUNS_ON_AWS_AZ: us-east-1b
2026-09-22T20:18:59.9987178Z   RUNS_ON_ENV_CUSTOM_FILE: /runs-on/env.custom
2026-09-22T20:18:59.9987496Z   RUNS_ON_INSTANCE_ID: i-095c3924ee3cd9aac
2026-09-22T20:18:59.9987792Z   RUNS_ON_INSTANCE_LIFECYCLE: spot
2026-09-22T20:18:59.9988074Z   RUNS_ON_INSTANCE_TYPE: c7g.metal
2026-09-22T20:18:59.9988338Z   RUNS_ON_STACK_NAME: runs-on-v3
2026-09-22T20:18:59.9988679Z   RUNS_ON_S3_BUCKET_CACHE: runs-on-v3-s3bucketcache-dbnub4tpjhpv
2026-09-22T20:18:59.9989093Z   ACTIONS_RUNNER_HOOK_JOB_STARTED: /runs-on/pre.sh
2026-09-22T20:18:59.9989542Z   ACTIONS_RUNNER_HOOK_JOB_COMPLETED: /runs-on/post.sh
2026-09-22T20:18:59.9989907Z   GITHUB_SERVER_URL: https://github.com/
2026-09-22T20:18:59.9990220Z   GITHUB_API_URL: https://api.github.com/
2026-09-22T20:18:59.9990513Z   GITHUB_HOST: github.com
2026-09-22T20:18:59.9990829Z   RUNS_ON_RUNNER_NAME: runs-on--i-095c3924ee3cd9aac--c0f60053-8
2026-09-22T20:18:59.9991229Z   RUNS_ON_INSTANCE_LAUNCHED_AT: 2026-09-22T20:18:05Z
2026-09-22T20:18:59.9991570Z   ACTIONS_CACHE_URL: http://10.1.19.130:6871/
2026-09-22T20:18:59.9991880Z   ACTIONS_CACHE_SERVICE_V2: true
2026-09-22T20:18:59.9992164Z   ACTIONS_RESULTS_URL: http://10.1.19.130:6871/
2026-09-22T20:18:59.9992546Z   RUNS_ON_S3_CACHE_REPO_PREFIX: cache/repo/vortex-data/vortex
2026-09-22T20:18:59.9992927Z   RUNS_ON_ACTION_COST_TRACKING_CLAIMED: true
2026-09-22T20:18:59.9993225Z   RUSTUP_TOOLCHAIN: 1.98.0
2026-09-22T20:18:59.9993466Z   INPUT_TOOL: cargo-codspeed
2026-09-22T20:18:59.9993708Z   INPUT_LOCKED: true
2026-09-22T20:18:59.9993912Z   INPUT_GIT: 
2026-09-22T20:18:59.9994095Z   INPUT_TAG: 
2026-09-22T20:18:59.9994277Z   INPUT_REV: 
2026-09-22T20:18:59.9994467Z   INPUT_FEATURES: 
2026-09-22T20:18:59.9994690Z   INPUT_NO_DEFAULT_FEATURES: false
2026-09-22T20:18:59.9994958Z   INPUT_ALL_FEATURES: false
2026-09-22T20:18:59.9995420Z   ACTION_USER_AGENT: taiki-e/cache-cargo-install-action (66c9585ef5ca780ee69399975a5e911f47905995)
2026-09-22T20:18:59.9995915Z ##[endgroup]
2026-09-22T20:19:00.0913311Z ##[end-action id=__taiki-e_cache-cargo-install-action.pre-unix;outcome=success;conclusion=success;duration_ms=99]
2026-09-22T20:19:00.0917658Z ##[start-action display=Prepare (Windows);id=__taiki-e_cache-cargo-install-action.pre-windows]
2026-09-22T20:19:00.0921322Z ##[end-action id=__taiki-e_cache-cargo-install-action.pre-windows;outcome=skipped;conclusion=skipped;duration_ms=0]
2026-09-22T20:19:00.0923479Z ##[start-action display=Restore Cache;id=__taiki-e_cache-cargo-install-action.cache]
2026-09-22T20:19:00.0967564Z ##[group]Run actions/cache@668228422ae6a00e4ad889ee87cd7109ec5666a7
2026-09-22T20:19:00.0967928Z with:
2026-09-22T20:19:00.0968166Z   path: /opt/hostedtoolcache/cargo-codspeed/bin
2026-09-22T20:19:00.0968835Z   key: cargo-codspeed-5.0.2-aarch64-linux-gnu-2.39-features-default-no-default-features-false-all-features-false
2026-09-22T20:19:00.0969627Z   enableCrossOsArchive: false
2026-09-22T20:19:00.0969896Z   fail-on-cache-miss: false
2026-09-22T20:19:00.0970138Z   lookup-only: false
2026-09-22T20:19:00.0970355Z   save-always: false
2026-09-22T20:19:00.0970556Z env:
2026-09-22T20:19:00.0970740Z   CARGO_TERM_COLOR: always
2026-09-22T20:19:00.0970973Z   RUST_BACKTRACE: 1
2026-09-22T20:19:00.0971201Z   NIGHTLY_TOOLCHAIN: nightly-2026-09-10
2026-09-22T20:19:00.0971885Z   RUNNER_TOOL_CACHE: /opt/hostedtoolcache
2026-09-22T20:19:00.0972186Z   RUNS_ON_HOME: /runs-on
2026-09-22T20:19:00.0972417Z   RUNS_ON_VERSION: v3.3.0
2026-09-22T20:19:00.0972665Z   RUNS_ON_AGENT_BINARY: /runs-on/agent
2026-09-22T20:19:00.0972948Z   RUNS_ON_AGENT_ARCH: arm64
2026-09-22T20:19:00.0973190Z   RUNS_ON_AGENT_USER: runner
2026-09-22T20:19:00.0973442Z   RUNS_ON_AMI_ID: ami-098c62767651982c5
2026-09-22T20:19:00.0973718Z   RUNS_ON_AWS_REGION: us-east-1
2026-09-22T20:19:00.0973968Z   RUNS_ON_AWS_AZ: us-east-1b
2026-09-22T20:19:00.0974240Z   RUNS_ON_ENV_CUSTOM_FILE: /runs-on/env.custom
2026-09-22T20:19:00.0974561Z   RUNS_ON_INSTANCE_ID: i-095c3924ee3cd9aac
2026-09-22T20:19:00.0974852Z   RUNS_ON_INSTANCE_LIFECYCLE: spot
2026-09-22T20:19:00.0975122Z   RUNS_ON_INSTANCE_TYPE: c7g.metal
2026-09-22T20:19:00.0975389Z   RUNS_ON_STACK_NAME: runs-on-v3
2026-09-22T20:19:00.0975730Z   RUNS_ON_S3_BUCKET_CACHE: runs-on-v3-s3bucketcache-dbnub4tpjhpv
2026-09-22T20:19:00.0976148Z   ACTIONS_RUNNER_HOOK_JOB_STARTED: /runs-on/pre.sh
2026-09-22T20:19:00.0976528Z   ACTIONS_RUNNER_HOOK_JOB_COMPLETED: /runs-on/post.sh
2026-09-22T20:19:00.0976884Z   GITHUB_SERVER_URL: https://github.com/
2026-09-22T20:19:00.0977199Z   GITHUB_API_URL: https://api.github.com/
2026-09-22T20:19:00.0977495Z   GITHUB_HOST: github.com
2026-09-22T20:19:00.0977813Z   RUNS_ON_RUNNER_NAME: runs-on--i-095c3924ee3cd9aac--c0f60053-8
2026-09-22T20:19:00.0978211Z   RUNS_ON_INSTANCE_LAUNCHED_AT: 2026-09-22T20:18:05Z
2026-09-22T20:19:00.0978560Z   ACTIONS_CACHE_URL: http://10.1.19.130:6871/
2026-09-22T20:19:00.0978868Z   ACTIONS_CACHE_SERVICE_V2: true
2026-09-22T20:19:00.0979157Z   ACTIONS_RESULTS_URL: http://10.1.19.130:6871/
2026-09-22T20:19:00.0979613Z   RUNS_ON_S3_CACHE_REPO_PREFIX: cache/repo/vortex-data/vortex
2026-09-22T20:19:00.0979995Z   RUNS_ON_ACTION_COST_TRACKING_CLAIMED: true
2026-09-22T20:19:00.0980293Z   RUSTUP_TOOLCHAIN: 1.98.0
2026-09-22T20:19:00.0980527Z ##[endgroup]
2026-09-22T20:19:00.3207883Z Cache hit for: cargo-codspeed-5.0.2-aarch64-linux-gnu-2.39-features-default-no-default-features-false-all-features-false
2026-09-22T20:19:00.5117282Z Cache Size: ~1 MB (941982 B)
2026-09-22T20:19:00.5136005Z [command]/usr/bin/tar -xf /home/runner/_work/_temp/4010ce69-2dce-45c5-aa76-848352ff5fd0/cache.tzst -P -C /home/runner/_work/vortex/vortex --use-compress-program unzstd
2026-09-22T20:19:00.5222398Z Cache restored successfully
2026-09-22T20:19:00.5693677Z Cache restored from key: cargo-codspeed-5.0.2-aarch64-linux-gnu-2.39-features-default-no-default-features-false-all-features-false
2026-09-22T20:19:00.5738941Z ##[end-action id=__taiki-e_cache-cargo-install-action.cache;outcome=success;conclusion=success;duration_ms=481]
2026-09-22T20:19:00.5752219Z ##[start-action display=Install cargo-codspeed (non-Windows);id=__taiki-e_cache-cargo-install-action.__run]
2026-09-22T20:19:00.5757062Z ##[end-action id=__taiki-e_cache-cargo-install-action.__run;outcome=skipped;conclusion=skipped;duration_ms=0]
2026-09-22T20:19:00.5762552Z ##[start-action display=Install cargo-codspeed (Windows);id=__taiki-e_cache-cargo-install-action.__run_2]
2026-09-22T20:19:00.5766989Z ##[end-action id=__taiki-e_cache-cargo-install-action.__run_2;outcome=skipped;conclusion=skipped;duration_ms=0]
2026-09-22T20:19:00.5815109Z ##[group]Run actions/download-artifact@3e5f45b2cfb9172054b4087a40e8e0b5a5461e7c
2026-09-22T20:19:00.5815604Z with:
2026-09-22T20:19:00.5815818Z   name: codspeed-cpu-benchmarks-neon
2026-09-22T20:19:00.5816107Z   merge-multiple: false
2026-09-22T20:19:00.5816349Z   repository: vortex-data/vortex
2026-09-22T20:19:00.5816602Z   run-id: 35778932351
2026-09-22T20:19:00.5816823Z   skip-decompress: false
2026-09-22T20:19:00.5817059Z   digest-mismatch: error
2026-09-22T20:19:00.5817277Z env:
2026-09-22T20:19:00.5817465Z   CARGO_TERM_COLOR: always
2026-09-22T20:19:00.5817695Z   RUST_BACKTRACE: 1
2026-09-22T20:19:00.5817924Z   NIGHTLY_TOOLCHAIN: nightly-2026-09-10
2026-09-22T20:19:00.5818224Z   RUNNER_TOOL_CACHE: /opt/hostedtoolcache
2026-09-22T20:19:00.5818807Z   RUNS_ON_HOME: /runs-on
2026-09-22T20:19:00.5819043Z   RUNS_ON_VERSION: v3.3.0
2026-09-22T20:19:00.5819297Z   RUNS_ON_AGENT_BINARY: /runs-on/agent
2026-09-22T20:19:00.5819671Z   RUNS_ON_AGENT_ARCH: arm64
2026-09-22T20:19:00.5819941Z   RUNS_ON_AGENT_USER: runner
2026-09-22T20:19:00.5820195Z   RUNS_ON_AMI_ID: ami-098c62767651982c5
2026-09-22T20:19:00.5820475Z   RUNS_ON_AWS_REGION: us-east-1
2026-09-22T20:19:00.5820726Z   RUNS_ON_AWS_AZ: us-east-1b
2026-09-22T20:19:00.5820999Z   RUNS_ON_ENV_CUSTOM_FILE: /runs-on/env.custom
2026-09-22T20:19:00.5821314Z   RUNS_ON_INSTANCE_ID: i-095c3924ee3cd9aac
2026-09-22T20:19:00.5821609Z   RUNS_ON_INSTANCE_LIFECYCLE: spot
2026-09-22T20:19:00.5821880Z   RUNS_ON_INSTANCE_TYPE: c7g.metal
2026-09-22T20:19:00.5822150Z   RUNS_ON_STACK_NAME: runs-on-v3
2026-09-22T20:19:00.5822497Z   RUNS_ON_S3_BUCKET_CACHE: runs-on-v3-s3bucketcache-dbnub4tpjhpv
2026-09-22T20:19:00.5822909Z   ACTIONS_RUNNER_HOOK_JOB_STARTED: /runs-on/pre.sh
2026-09-22T20:19:00.5823280Z   ACTIONS_RUNNER_HOOK_JOB_COMPLETED: /runs-on/post.sh
2026-09-22T20:19:00.5823650Z   GITHUB_SERVER_URL: https://github.com/
2026-09-22T20:19:00.5823966Z   GITHUB_API_URL: https://api.github.com/
2026-09-22T20:19:00.5824259Z   GITHUB_HOST: github.com
2026-09-22T20:19:00.5824578Z   RUNS_ON_RUNNER_NAME: runs-on--i-095c3924ee3cd9aac--c0f60053-8
2026-09-22T20:19:00.5824981Z   RUNS_ON_INSTANCE_LAUNCHED_AT: 2026-09-22T20:18:05Z
2026-09-22T20:19:00.5825331Z   ACTIONS_CACHE_URL: http://10.1.19.130:6871/
2026-09-22T20:19:00.5825642Z   ACTIONS_CACHE_SERVICE_V2: true
2026-09-22T20:19:00.5825931Z   ACTIONS_RESULTS_URL: http://10.1.19.130:6871/
2026-09-22T20:19:00.5826308Z   RUNS_ON_S3_CACHE_REPO_PREFIX: cache/repo/vortex-data/vortex
2026-09-22T20:19:00.5826680Z   RUNS_ON_ACTION_COST_TRACKING_CLAIMED: true
2026-09-22T20:19:00.5826979Z   RUSTUP_TOOLCHAIN: 1.98.0
2026-09-22T20:19:00.5827212Z ##[endgroup]
2026-09-22T20:19:00.7033891Z Downloading single artifact
2026-09-22T20:19:00.7766259Z Preparing to download the following artifacts:
2026-09-22T20:19:00.7767070Z - codspeed-cpu-benchmarks-neon (ID: 10718000274, Size: 461166283, Expected Digest: sha256:49e7997ec8a7030a8e943a7f3a66299733b16d67dbbfe019f01bf1a8f0c916b6)
2026-09-22T20:19:00.8922528Z Redirecting to blob download url: https://productionresultssa12.blob.core.windows.net/actions-results/d4ce61a1-aa8b-48fc-a9e3-7d8449cea86c/workflow-job-run-fd45915e-b145-5069-af3b-cfc8971242c4/artifacts/b084f87fa3d3be6ff57d62c23d6a3dfa10a6bab8d232c864c43734870b35e840.zip
2026-09-22T20:19:00.8923921Z Starting download of artifact to: /home/runner/_work/vortex/vortex
2026-09-22T20:19:00.9877152Z (node:2637) [DEP0005] DeprecationWarning: Buffer() is deprecated due to security and usability issues. Please use the Buffer.alloc(), Buffer.allocUnsafe(), or Buffer.from() methods instead.
2026-09-22T20:19:00.9878132Z (Use `node --trace-deprecation ...` to show where the warning was created)
2026-09-22T20:19:08.8059743Z SHA256 digest of downloaded artifact is 49e7997ec8a7030a8e943a7f3a66299733b16d67dbbfe019f01bf1a8f0c916b6
2026-09-22T20:19:08.8060390Z Artifact download completed successfully.
2026-09-22T20:19:08.8060709Z Total of 1 artifact(s) downloaded
2026-09-22T20:19:08.8066722Z Download artifact has finished successfully
2026-09-22T20:19:08.8241090Z ##[group]Run mkdir -p target
2026-09-22T20:19:08.8241430Z [36;1mmkdir -p target[0m
2026-09-22T20:19:08.8241746Z [36;1mtar -C target -xf codspeed-cpu-benchmarks.tar[0m
2026-09-22T20:19:08.8265382Z shell: /usr/bin/bash -e {0}
2026-09-22T20:19:08.8265659Z env:
2026-09-22T20:19:08.8265861Z   CARGO_TERM_COLOR: always
2026-09-22T20:19:08.8266105Z   RUST_BACKTRACE: 1
2026-09-22T20:19:08.8266340Z   NIGHTLY_TOOLCHAIN: nightly-2026-09-10
2026-09-22T20:19:08.8266650Z   RUNNER_TOOL_CACHE: /opt/hostedtoolcache
2026-09-22T20:19:08.8266944Z   RUNS_ON_HOME: /runs-on
2026-09-22T20:19:08.8267185Z   RUNS_ON_VERSION: v3.3.0
2026-09-22T20:19:08.8267443Z   RUNS_ON_AGENT_BINARY: /runs-on/agent
2026-09-22T20:19:08.8267736Z   RUNS_ON_AGENT_ARCH: arm64
2026-09-22T20:19:08.8267986Z   RUNS_ON_AGENT_USER: runner
2026-09-22T20:19:08.8268503Z   RUNS_ON_AMI_ID: ami-098c62767651982c5
2026-09-22T20:19:08.8268795Z   RUNS_ON_AWS_REGION: us-east-1
2026-09-22T20:19:08.8269053Z   RUNS_ON_AWS_AZ: us-east-1b
2026-09-22T20:19:08.8269358Z   RUNS_ON_ENV_CUSTOM_FILE: /runs-on/env.custom
2026-09-22T20:19:08.8269774Z   RUNS_ON_INSTANCE_ID: i-095c3924ee3cd9aac
2026-09-22T20:19:08.8270080Z   RUNS_ON_INSTANCE_LIFECYCLE: spot
2026-09-22T20:19:08.8270361Z   RUNS_ON_INSTANCE_TYPE: c7g.metal
2026-09-22T20:19:08.8270637Z   RUNS_ON_STACK_NAME: runs-on-v3
2026-09-22T20:19:08.8270989Z   RUNS_ON_S3_BUCKET_CACHE: runs-on-v3-s3bucketcache-dbnub4tpjhpv
2026-09-22T20:19:08.8271416Z   ACTIONS_RUNNER_HOOK_JOB_STARTED: /runs-on/pre.sh
2026-09-22T20:19:08.8271796Z   ACTIONS_RUNNER_HOOK_JOB_COMPLETED: /runs-on/post.sh
2026-09-22T20:19:08.8272161Z   GITHUB_SERVER_URL: https://github.com/
2026-09-22T20:19:08.8272487Z   GITHUB_API_URL: https://api.github.com/
2026-09-22T20:19:08.8272782Z   GITHUB_HOST: github.com
2026-09-22T20:19:08.8273116Z   RUNS_ON_RUNNER_NAME: runs-on--i-095c3924ee3cd9aac--c0f60053-8
2026-09-22T20:19:08.8273523Z   RUNS_ON_INSTANCE_LAUNCHED_AT: 2026-09-22T20:18:05Z
2026-09-22T20:19:08.8273877Z   ACTIONS_CACHE_URL: http://10.1.19.130:6871/
2026-09-22T20:19:08.8274194Z   ACTIONS_CACHE_SERVICE_V2: true
2026-09-22T20:19:08.8274493Z   ACTIONS_RESULTS_URL: http://10.1.19.130:6871/
2026-09-22T20:19:08.8274887Z   RUNS_ON_S3_CACHE_REPO_PREFIX: cache/repo/vortex-data/vortex
2026-09-22T20:19:08.8275270Z   RUNS_ON_ACTION_COST_TRACKING_CLAIMED: true
2026-09-22T20:19:08.8275573Z   RUSTUP_TOOLCHAIN: 1.98.0
2026-09-22T20:19:08.8275813Z ##[endgroup]
2026-09-22T20:19:10.1295052Z ##[group]Run sudo bash scripts/setup-benchmark.sh
2026-09-22T20:19:10.1295539Z [36;1msudo bash scripts/setup-benchmark.sh[0m
2026-09-22T20:19:10.1318509Z shell: /usr/bin/bash -e {0}
2026-09-22T20:19:10.1318788Z env:
2026-09-22T20:19:10.1318986Z   CARGO_TERM_COLOR: always
2026-09-22T20:19:10.1319229Z   RUST_BACKTRACE: 1
2026-09-22T20:19:10.1319532Z   NIGHTLY_TOOLCHAIN: nightly-2026-09-10
2026-09-22T20:19:10.1319871Z   RUNNER_TOOL_CACHE: /opt/hostedtoolcache
2026-09-22T20:19:10.1320165Z   RUNS_ON_HOME: /runs-on
2026-09-22T20:19:10.1320407Z   RUNS_ON_VERSION: v3.3.0
2026-09-22T20:19:10.1320661Z   RUNS_ON_AGENT_BINARY: /runs-on/agent
2026-09-22T20:19:10.1320944Z   RUNS_ON_AGENT_ARCH: arm64
2026-09-22T20:19:10.1321202Z   RUNS_ON_AGENT_USER: runner
2026-09-22T20:19:10.1321462Z   RUNS_ON_AMI_ID: ami-098c62767651982c5
2026-09-22T20:19:10.1321748Z   RUNS_ON_AWS_REGION: us-east-1
2026-09-22T20:19:10.1322007Z   RUNS_ON_AWS_AZ: us-east-1b
2026-09-22T20:19:10.1322320Z   RUNS_ON_ENV_CUSTOM_FILE: /runs-on/env.custom
2026-09-22T20:19:10.1322650Z   RUNS_ON_INSTANCE_ID: i-095c3924ee3cd9aac
2026-09-22T20:19:10.1322948Z   RUNS_ON_INSTANCE_LIFECYCLE: spot
2026-09-22T20:19:10.1323224Z   RUNS_ON_INSTANCE_TYPE: c7g.metal
2026-09-22T20:19:10.1323506Z   RUNS_ON_STACK_NAME: runs-on-v3
2026-09-22T20:19:10.1323858Z   RUNS_ON_S3_BUCKET_CACHE: runs-on-v3-s3bucketcache-dbnub4tpjhpv
2026-09-22T20:19:10.1324289Z   ACTIONS_RUNNER_HOOK_JOB_STARTED: /runs-on/pre.sh
2026-09-22T20:19:10.1324667Z   ACTIONS_RUNNER_HOOK_JOB_COMPLETED: /runs-on/post.sh
2026-09-22T20:19:10.1325030Z   GITHUB_SERVER_URL: https://github.com/
2026-09-22T20:19:10.1325353Z   GITHUB_API_URL: https://api.github.com/
2026-09-22T20:19:10.1325657Z   GITHUB_HOST: github.com
2026-09-22T20:19:10.1325983Z   RUNS_ON_RUNNER_NAME: runs-on--i-095c3924ee3cd9aac--c0f60053-8
2026-09-22T20:19:10.1326390Z   RUNS_ON_INSTANCE_LAUNCHED_AT: 2026-09-22T20:18:05Z
2026-09-22T20:19:10.1326743Z   ACTIONS_CACHE_URL: http://10.1.19.130:6871/
2026-09-22T20:19:10.1327066Z   ACTIONS_CACHE_SERVICE_V2: true
2026-09-22T20:19:10.1327361Z   ACTIONS_RESULTS_URL: http://10.1.19.130:6871/
2026-09-22T20:19:10.1327754Z   RUNS_ON_S3_CACHE_REPO_PREFIX: cache/repo/vortex-data/vortex
2026-09-22T20:19:10.1328136Z   RUNS_ON_ACTION_COST_TRACKING_CLAIMED: true
2026-09-22T20:19:10.1328442Z   RUSTUP_TOOLCHAIN: 1.98.0
2026-09-22T20:19:10.1328678Z ##[endgroup]
2026-09-22T20:19:10.1427185Z + '[' 0 -ne 0 ']'
2026-09-22T20:19:10.1427788Z + sysfs_write /sys/devices/system/cpu/intel_pstate/no_turbo 1
2026-09-22T20:19:10.1428142Z + [[ -n 1 ]]
2026-09-22T20:19:10.1428402Z + [[ -w /sys/devices/system/cpu/intel_pstate/no_turbo ]]
2026-09-22T20:19:10.1428719Z + true
2026-09-22T20:19:10.1428976Z + sysfs_write /sys/devices/system/cpu/cpufreq/boost 0
2026-09-22T20:19:10.1429290Z + [[ -n 0 ]]
2026-09-22T20:19:10.1429585Z + [[ -w /sys/devices/system/cpu/cpufreq/boost ]]
2026-09-22T20:19:10.1429887Z + true
2026-09-22T20:19:10.1430137Z + for policy in /sys/devices/system/cpu/cpufreq/policy*
2026-09-22T20:19:10.1430646Z + sysfs_write '/sys/devices/system/cpu/cpufreq/policy*/scaling_governor' performance
2026-09-22T20:19:10.1431103Z + [[ -n performance ]]
2026-09-22T20:19:10.1431430Z + [[ -w /sys/devices/system/cpu/cpufreq/policy*/scaling_governor ]]
2026-09-22T20:19:10.1431792Z + true
2026-09-22T20:19:10.1432082Z ++ cat '/sys/devices/system/cpu/cpufreq/policy*/scaling_max_freq'
2026-09-22T20:19:10.1441034Z + sysfs_write '/sys/devices/system/cpu/cpufreq/policy*/scaling_min_freq' ''
2026-09-22T20:19:10.1441458Z + [[ -n '' ]]
2026-09-22T20:19:10.1441650Z + true
2026-09-22T20:19:10.1441855Z + sysctl -w vm.swappiness=0
2026-09-22T20:19:10.1448020Z vm.swappiness = 0
2026-09-22T20:19:10.1449043Z + swapoff -a
2026-09-22T20:19:10.1469893Z + sysctl -w kernel.numa_balancing=0
2026-09-22T20:19:10.1476462Z kernel.numa_balancing = 0
2026-09-22T20:19:10.1477316Z + sysctl -w kernel.randomize_va_space=0
2026-09-22T20:19:10.1483873Z kernel.randomize_va_space = 0
2026-09-22T20:19:10.1484764Z + sysctl -w kernel.sched_autogroup_enabled=0
2026-09-22T20:19:10.1491223Z kernel.sched_autogroup_enabled = 0
2026-09-22T20:19:10.1491745Z + sysctl -w kernel.timer_migration=0
2026-09-22T20:19:10.1498225Z kernel.timer_migration = 0
2026-09-22T20:19:10.1499002Z + dmesg -n 1
2026-09-22T20:19:10.1517699Z + for unit in apparmor ModemManager irqbalance apt-daily.service apt-daily-upgrade.service apt-daily.timer apt-daily-upgrade.timer motd-news.service motd-news.timer apport
2026-09-22T20:19:10.1518583Z + systemctl disable --now apparmor
2026-09-22T20:19:10.7422891Z + systemctl mask apparmor
2026-09-22T20:19:10.9212724Z + for unit in apparmor ModemManager irqbalance apt-daily.service apt-daily-upgrade.service apt-daily.timer apt-daily-upgrade.timer motd-news.service motd-news.timer apport
2026-09-22T20:19:10.9213589Z + systemctl disable --now ModemManager
2026-09-22T20:19:11.1128055Z + systemctl mask ModemManager
2026-09-22T20:19:11.2955802Z + for unit in apparmor ModemManager irqbalance apt-daily.service apt-daily-upgrade.service apt-daily.timer apt-daily-upgrade.timer motd-news.service motd-news.timer apport
2026-09-22T20:19:11.2956671Z + systemctl disable --now irqbalance
2026-09-22T20:19:11.8485322Z + systemctl mask irqbalance
2026-09-22T20:19:12.0346830Z + for unit in apparmor ModemManager irqbalance apt-daily.service apt-daily-upgrade.service apt-daily.timer apt-daily-upgrade.timer motd-news.service motd-news.timer apport
2026-09-22T20:19:12.0347705Z + systemctl disable --now apt-daily.service
2026-09-22T20:19:12.2141334Z + systemctl mask apt-daily.service
2026-09-22T20:19:12.3940594Z + for unit in apparmor ModemManager irqbalance apt-daily.service apt-daily-upgrade.service apt-daily.timer apt-daily-upgrade.timer motd-news.service motd-news.timer apport
2026-09-22T20:19:12.3941485Z + systemctl disable --now apt-daily-upgrade.service
2026-09-22T20:19:12.5797137Z + systemctl mask apt-daily-upgrade.service
2026-09-22T20:19:12.7604231Z + for unit in apparmor ModemManager irqbalance apt-daily.service apt-daily-upgrade.service apt-daily.timer apt-daily-upgrade.timer motd-news.service motd-news.timer apport
2026-09-22T20:19:12.7605098Z + systemctl disable --now apt-daily.timer
2026-09-22T20:19:12.9495416Z + systemctl mask apt-daily.timer
2026-09-22T20:19:13.1331724Z + for unit in apparmor ModemManager irqbalance apt-daily.service apt-daily-upgrade.service apt-daily.timer apt-daily-upgrade.timer motd-news.service motd-news.timer apport
2026-09-22T20:19:13.1332615Z + systemctl disable --now apt-daily-upgrade.timer
2026-09-22T20:19:13.3218662Z + systemctl mask apt-daily-upgrade.timer
2026-09-22T20:19:13.5112259Z + for unit in apparmor ModemManager irqbalance apt-daily.service apt-daily-upgrade.service apt-daily.timer apt-daily-upgrade.timer motd-news.service motd-news.timer apport
2026-09-22T20:19:13.5113127Z + systemctl disable --now motd-news.service
2026-09-22T20:19:13.6890554Z + systemctl mask motd-news.service
2026-09-22T20:19:13.8691067Z + for unit in apparmor ModemManager irqbalance apt-daily.service apt-daily-upgrade.service apt-daily.timer apt-daily-upgrade.timer motd-news.service motd-news.timer apport
2026-09-22T20:19:13.8691931Z + systemctl disable --now motd-news.timer
2026-09-22T20:19:14.0583772Z + systemctl mask motd-news.timer
2026-09-22T20:19:14.2461052Z + for unit in apparmor ModemManager irqbalance apt-daily.service apt-daily-upgrade.service apt-daily.timer apt-daily-upgrade.timer motd-news.service motd-news.timer apport
2026-09-22T20:19:14.2461922Z + systemctl disable --now apport
2026-09-22T20:19:14.7830347Z + systemctl mask apport
2026-09-22T20:19:14.9639704Z + aa-teardown
2026-09-22T20:19:14.9669524Z Unloading AppArmor profiles
2026-09-22T20:19:14.9696508Z + node_dirs=(/sys/devices/system/node/node[0-9]*)
2026-09-22T20:19:14.9697233Z + [[ 1 -gt 1 ]]
2026-09-22T20:19:14.9702690Z ++ sort -un
2026-09-22T20:19:14.9703671Z ++ paste -sd, -
2026-09-22T20:19:14.9706856Z +++ cat /sys/devices/system/cpu/cpu0/topology/thread_siblings_list /sys/devices/system/cpu/cpu1/topology/thread_siblings_list
2026-09-22T20:19:14.9707492Z +++ paste -sd, -
2026-09-22T20:19:14.9722830Z ++ expand_cpulist 0,1
2026-09-22T20:19:14.9723156Z ++ [[ -n 0,1 ]]
2026-09-22T20:19:14.9723370Z ++ local parts part
2026-09-22T20:19:14.9723579Z ++ IFS=,
2026-09-22T20:19:14.9723764Z ++ read -ra parts
2026-09-22T20:19:14.9723996Z ++ for part in "${parts[@]}"
2026-09-22T20:19:14.9724237Z ++ seq 0 0
2026-09-22T20:19:14.9740889Z ++ for part in "${parts[@]}"
2026-09-22T20:19:14.9741160Z ++ seq 1 1
2026-09-22T20:19:14.9752238Z + HOUSEKEEPING_CPUS=0,1
2026-09-22T20:19:14.9752518Z + bench=()
2026-09-22T20:19:14.9756865Z +++ cat /sys/devices/system/cpu/online
2026-09-22T20:19:14.9763172Z ++ expand_cpulist 0-63
2026-09-22T20:19:14.9763457Z ++ [[ -n 0-63 ]]
2026-09-22T20:19:14.9763668Z ++ local parts part
2026-09-22T20:19:14.9763881Z ++ IFS=,
2026-09-22T20:19:14.9764066Z ++ read -ra parts
2026-09-22T20:19:14.9764294Z ++ for part in "${parts[@]}"
2026-09-22T20:19:14.9764534Z ++ seq 0 63
2026-09-22T20:19:14.9772721Z + for cpu in $(expand_cpulist "$(cat /sys/devices/system/cpu/online)")
2026-09-22T20:19:14.9773138Z + [[ ,0,1, == *\,\0\,* ]]
2026-09-22T20:19:14.9773478Z + for cpu in $(expand_cpulist "$(cat /sys/devices/system/cpu/online)")
2026-09-22T20:19:14.9773854Z + [[ ,0,1, == *\,\1\,* ]]
2026-09-22T20:19:14.9774184Z + for cpu in $(expand_cpulist "$(cat /sys/devices/system/cpu/online)")
2026-09-22T20:19:14.9774560Z + [[ ,0,1, == *\,\2\,* ]]
2026-09-22T20:19:14.9774782Z + bench+=("$cpu")
2026-09-22T20:19:14.9775104Z + for cpu in $(expand_cpulist "$(cat /sys/devices/system/cpu/online)")
2026-09-22T20:19:14.9775478Z + [[ ,0,1, == *\,\3\,* ]]
2026-09-22T20:19:14.9775703Z + bench+=("$cpu")
2026-09-22T20:19:14.9776013Z + for cpu in $(expand_cpulist "$(cat /sys/devices/system/cpu/online)")
2026-09-22T20:19:14.9776387Z + [[ ,0,1, == *\,\4\,* ]]
2026-09-22T20:19:14.9776612Z + bench+=("$cpu")
2026-09-22T20:19:14.9776922Z + for cpu in $(expand_cpulist "$(cat /sys/devices/system/cpu/online)")
2026-09-22T20:19:14.9777291Z + [[ ,0,1, == *\,\5\,* ]]
2026-09-22T20:19:14.9777518Z + bench+=("$cpu")
2026-09-22T20:19:14.9777836Z + for cpu in $(expand_cpulist "$(cat /sys/devices/system/cpu/online)")
2026-09-22T20:19:14.9778210Z + [[ ,0,1, == *\,\6\,* ]]
2026-09-22T20:19:14.9778432Z + bench+=("$cpu")
2026-09-22T20:19:14.9778743Z + for cpu in $(expand_cpulist "$(cat /sys/devices/system/cpu/online)")
2026-09-22T20:19:14.9779118Z + [[ ,0,1, == *\,\7\,* ]]
2026-09-22T20:19:14.9779344Z + bench+=("$cpu")
2026-09-22T20:19:14.9779881Z + for cpu in $(expand_cpulist "$(cat /sys/devices/system/cpu/online)")
2026-09-22T20:19:14.9780528Z + [[ ,0,1, == *\,\8\,* ]]
2026-09-22T20:19:14.9780755Z + bench+=("$cpu")
2026-09-22T20:19:14.9781066Z + for cpu in $(expand_cpulist "$(cat /sys/devices/system/cpu/online)")
2026-09-22T20:19:14.9781438Z + [[ ,0,1, == *\,\9\,* ]]
2026-09-22T20:19:14.9781663Z + bench+=("$cpu")
2026-09-22T20:19:14.9781975Z + for cpu in $(expand_cpulist "$(cat /sys/devices/system/cpu/online)")
2026-09-22T20:19:14.9782354Z + [[ ,0,1, == *\,\1\0\,* ]]
2026-09-22T20:19:14.9782585Z + bench+=("$cpu")
2026-09-22T20:19:14.9782902Z + for cpu in $(expand_cpulist "$(cat /sys/devices/system/cpu/online)")
2026-09-22T20:19:14.9783271Z + [[ ,0,1, == *\,\1\1\,* ]]
2026-09-22T20:19:14.9783501Z + bench+=("$cpu")
2026-09-22T20:19:14.9783820Z + for cpu in $(expand_cpulist "$(cat /sys/devices/system/cpu/online)")
2026-09-22T20:19:14.9784195Z + [[ ,0,1, == *\,\1\2\,* ]]
2026-09-22T20:19:14.9784423Z + bench+=("$cpu")
2026-09-22T20:19:14.9784738Z + for cpu in $(expand_cpulist "$(cat /sys/devices/system/cpu/online)")
2026-09-22T20:19:14.9785117Z + [[ ,0,1, == *\,\1\3\,* ]]
2026-09-22T20:19:14.9785347Z + bench+=("$cpu")
2026-09-22T20:19:14.9785662Z + for cpu in $(expand_cpulist "$(cat /sys/devices/system/cpu/online)")
2026-09-22T20:19:14.9786038Z + [[ ,0,1, == *\,\1\4\,* ]]
2026-09-22T20:19:14.9786273Z + bench+=("$cpu")
2026-09-22T20:19:14.9786583Z + for cpu in $(expand_cpulist "$(cat /sys/devices/system/cpu/online)")
2026-09-22T20:19:14.9786960Z + [[ ,0,1, == *\,\1\5\,* ]]
2026-09-22T20:19:14.9787193Z + bench+=("$cpu")
2026-09-22T20:19:14.9787693Z + for cpu in $(expand_cpulist "$(cat /sys/devices/system/cpu/online)")
2026-09-22T20:19:14.9788112Z + [[ ,0,1, == *\,\1\6\,* ]]
2026-09-22T20:19:14.9788342Z + bench+=("$cpu")
2026-09-22T20:19:14.9788648Z + for cpu in $(expand_cpulist "$(cat /sys/devices/system/cpu/online)")
2026-09-22T20:19:14.9789023Z + [[ ,0,1, == *\,\1\7\,* ]]
2026-09-22T20:19:14.9789251Z + bench+=("$cpu")
2026-09-22T20:19:14.9789644Z + for cpu in $(expand_cpulist "$(cat /sys/devices/system/cpu/online)")
2026-09-22T20:19:14.9790026Z + [[ ,0,1, == *\,\1\8\,* ]]
2026-09-22T20:19:14.9790260Z + bench+=("$cpu")
2026-09-22T20:19:14.9790569Z + for cpu in $(expand_cpulist "$(cat /sys/devices/system/cpu/online)")
2026-09-22T20:19:14.9790938Z + [[ ,0,1, == *\,\1\9\,* ]]
2026-09-22T20:19:14.9791167Z + bench+=("$cpu")
2026-09-22T20:19:14.9791472Z + for cpu in $(expand_cpulist "$(cat /sys/devices/system/cpu/online)")
2026-09-22T20:19:14.9791839Z + [[ ,0,1, == *\,\2\0\,* ]]
2026-09-22T20:19:14.9792070Z + bench+=("$cpu")
2026-09-22T20:19:14.9792378Z + for cpu in $(expand_cpulist "$(cat /sys/devices/system/cpu/online)")
2026-09-22T20:19:14.9792757Z + [[ ,0,1, == *\,\2\1\,* ]]
2026-09-22T20:19:14.9792981Z + bench+=("$cpu")
2026-09-22T20:19:14.9793287Z + for cpu in $(expand_cpulist "$(cat /sys/devices/system/cpu/online)")
2026-09-22T20:19:14.9793654Z + [[ ,0,1, == *\,\2\2\,* ]]
2026-09-22T20:19:14.9793887Z + bench+=("$cpu")
2026-09-22T20:19:14.9794204Z + for cpu in $(expand_cpulist "$(cat /sys/devices/system/cpu/online)")
2026-09-22T20:19:14.9794583Z + [[ ,0,1, == *\,\2\3\,* ]]
2026-09-22T20:19:14.9794811Z + bench+=("$cpu")
2026-09-22T20:19:14.9795120Z + for cpu in $(expand_cpulist "$(cat /sys/devices/system/cpu/online)")
2026-09-22T20:19:14.9795494Z + [[ ,0,1, == *\,\2\4\,* ]]
2026-09-22T20:19:14.9795721Z + bench+=("$cpu")
2026-09-22T20:19:14.9796028Z + for cpu in $(expand_cpulist "$(cat /sys/devices/system/cpu/online)")
2026-09-22T20:19:14.9796399Z + [[ ,0,1, == *\,\2\5\,* ]]
2026-09-22T20:19:14.9796624Z + bench+=("$cpu")
2026-09-22T20:19:14.9796936Z + for cpu in $(expand_cpulist "$(cat /sys/devices/system/cpu/online)")
2026-09-22T20:19:14.9797307Z + [[ ,0,1, == *\,\2\6\,* ]]
2026-09-22T20:19:14.9797538Z + bench+=("$cpu")
2026-09-22T20:19:14.9797844Z + for cpu in $(expand_cpulist "$(cat /sys/devices/system/cpu/online)")
2026-09-22T20:19:14.9798220Z + [[ ,0,1, == *\,\2\7\,* ]]
2026-09-22T20:19:14.9798451Z + bench+=("$cpu")
2026-09-22T20:19:14.9798759Z + for cpu in $(expand_cpulist "$(cat /sys/devices/system/cpu/online)")
2026-09-22T20:19:14.9799372Z + [[ ,0,1, == *\,\2\8\,* ]]
2026-09-22T20:19:14.9799686Z + bench+=("$cpu")
2026-09-22T20:19:14.9799994Z + for cpu in $(expand_cpulist "$(cat /sys/devices/system/cpu/online)")
2026-09-22T20:19:14.9800366Z + [[ ,0,1, == *\,\2\9\,* ]]
2026-09-22T20:19:14.9800594Z + bench+=("$cpu")
2026-09-22T20:19:14.9800906Z + for cpu in $(expand_cpulist "$(cat /sys/devices/system/cpu/online)")
2026-09-22T20:19:14.9801274Z + [[ ,0,1, == *\,\3\0\,* ]]
2026-09-22T20:19:14.9801500Z + bench+=("$cpu")
2026-09-22T20:19:14.9801818Z + for cpu in $(expand_cpulist "$(cat /sys/devices/system/cpu/online)")
2026-09-22T20:19:14.9802188Z + [[ ,0,1, == *\,\3\1\,* ]]
2026-09-22T20:19:14.9802414Z + bench+=("$cpu")
2026-09-22T20:19:14.9802722Z + for cpu in $(expand_cpulist "$(cat /sys/devices/system/cpu/online)")
2026-09-22T20:19:14.9803086Z + [[ ,0,1, == *\,\3\2\,* ]]
2026-09-22T20:19:14.9803310Z + bench+=("$cpu")
2026-09-22T20:19:14.9803610Z + for cpu in $(expand_cpulist "$(cat /sys/devices/system/cpu/online)")
2026-09-22T20:19:14.9803983Z + [[ ,0,1, == *\,\3\3\,* ]]
2026-09-22T20:19:14.9804209Z + bench+=("$cpu")
2026-09-22T20:19:14.9804516Z + for cpu in $(expand_cpulist "$(cat /sys/devices/system/cpu/online)")
2026-09-22T20:19:14.9804890Z + [[ ,0,1, == *\,\3\4\,* ]]
2026-09-22T20:19:14.9805115Z + bench+=("$cpu")
2026-09-22T20:19:14.9805419Z + for cpu in $(expand_cpulist "$(cat /sys/devices/system/cpu/online)")
2026-09-22T20:19:14.9805787Z + [[ ,0,1, == *\,\3\5\,* ]]
2026-09-22T20:19:14.9806012Z + bench+=("$cpu")
2026-09-22T20:19:14.9806506Z + for cpu in $(expand_cpulist "$(cat /sys/devices/system/cpu/online)")
2026-09-22T20:19:14.9806912Z + [[ ,0,1, == *\,\3\6\,* ]]
2026-09-22T20:19:14.9807143Z + bench+=("$cpu")
2026-09-22T20:19:14.9807453Z + for cpu in $(expand_cpulist "$(cat /sys/devices/system/cpu/online)")
2026-09-22T20:19:14.9807827Z + [[ ,0,1, == *\,\3\7\,* ]]
2026-09-22T20:19:14.9808058Z + bench+=("$cpu")
2026-09-22T20:19:14.9808367Z + for cpu in $(expand_cpulist "$(cat /sys/devices/system/cpu/online)")
2026-09-22T20:19:14.9808743Z + [[ ,0,1, == *\,\3\8\,* ]]
2026-09-22T20:19:14.9808973Z + bench+=("$cpu")
2026-09-22T20:19:14.9809279Z + for cpu in $(expand_cpulist "$(cat /sys/devices/system/cpu/online)")
2026-09-22T20:19:14.9809745Z + [[ ,0,1, == *\,\3\9\,* ]]
2026-09-22T20:19:14.9809984Z + bench+=("$cpu")
2026-09-22T20:19:14.9810295Z + for cpu in $(expand_cpulist "$(cat /sys/devices/system/cpu/online)")
2026-09-22T20:19:14.9810667Z + [[ ,0,1, == *\,\4\0\,* ]]
2026-09-22T20:19:14.9810894Z + bench+=("$cpu")
2026-09-22T20:19:14.9811208Z + for cpu in $(expand_cpulist "$(cat /sys/devices/system/cpu/online)")
2026-09-22T20:19:14.9811581Z + [[ ,0,1, == *\,\4\1\,* ]]
2026-09-22T20:19:14.9811810Z + bench+=("$cpu")
2026-09-22T20:19:14.9812119Z + for cpu in $(expand_cpulist "$(cat /sys/devices/system/cpu/online)")
2026-09-22T20:19:14.9812486Z + [[ ,0,1, == *\,\4\2\,* ]]
2026-09-22T20:19:14.9812712Z + bench+=("$cpu")
2026-09-22T20:19:14.9813018Z + for cpu in $(expand_cpulist "$(cat /sys/devices/system/cpu/online)")
2026-09-22T20:19:14.9813393Z + [[ ,0,1, == *\,\4\3\,* ]]
2026-09-22T20:19:14.9813619Z + bench+=("$cpu")
2026-09-22T20:19:14.9813929Z + for cpu in $(expand_cpulist "$(cat /sys/devices/system/cpu/online)")
2026-09-22T20:19:14.9814302Z + [[ ,0,1, == *\,\4\4\,* ]]
2026-09-22T20:19:14.9814527Z + bench+=("$cpu")
2026-09-22T20:19:14.9814832Z + for cpu in $(expand_cpulist "$(cat /sys/devices/system/cpu/online)")
2026-09-22T20:19:14.9815204Z + [[ ,0,1, == *\,\4\5\,* ]]
2026-09-22T20:19:14.9815433Z + bench+=("$cpu")
2026-09-22T20:19:14.9815745Z + for cpu in $(expand_cpulist "$(cat /sys/devices/system/cpu/online)")
2026-09-22T20:19:14.9816112Z + [[ ,0,1, == *\,\4\6\,* ]]
2026-09-22T20:19:14.9816342Z + bench+=("$cpu")
2026-09-22T20:19:14.9816648Z + for cpu in $(expand_cpulist "$(cat /sys/devices/system/cpu/online)")
2026-09-22T20:19:14.9817015Z + [[ ,0,1, == *\,\4\7\,* ]]
2026-09-22T20:19:14.9817247Z + bench+=("$cpu")
2026-09-22T20:19:14.9817553Z + for cpu in $(expand_cpulist "$(cat /sys/devices/system/cpu/online)")
2026-09-22T20:19:14.9818179Z + [[ ,0,1, == *\,\4\8\,* ]]
2026-09-22T20:19:14.9818413Z + bench+=("$cpu")
2026-09-22T20:19:14.9818719Z + for cpu in $(expand_cpulist "$(cat /sys/devices/system/cpu/online)")
2026-09-22T20:19:14.9819082Z + [[ ,0,1, == *\,\4\9\,* ]]
2026-09-22T20:19:14.9819308Z + bench+=("$cpu")
2026-09-22T20:19:14.9819706Z + for cpu in $(expand_cpulist "$(cat /sys/devices/system/cpu/online)")
2026-09-22T20:19:14.9820078Z + [[ ,0,1, == *\,\5\0\,* ]]
2026-09-22T20:19:14.9820306Z + bench+=("$cpu")
2026-09-22T20:19:14.9820622Z + for cpu in $(expand_cpulist "$(cat /sys/devices/system/cpu/online)")
2026-09-22T20:19:14.9820992Z + [[ ,0,1, == *\,\5\1\,* ]]
2026-09-22T20:19:14.9821218Z + bench+=("$cpu")
2026-09-22T20:19:14.9821522Z + for cpu in $(expand_cpulist "$(cat /sys/devices/system/cpu/online)")
2026-09-22T20:19:14.9821890Z + [[ ,0,1, == *\,\5\2\,* ]]
2026-09-22T20:19:14.9822119Z + bench+=("$cpu")
2026-09-22T20:19:14.9822428Z + for cpu in $(expand_cpulist "$(cat /sys/devices/system/cpu/online)")
2026-09-22T20:19:14.9822805Z + [[ ,0,1, == *\,\5\3\,* ]]
2026-09-22T20:19:14.9823032Z + bench+=("$cpu")
2026-09-22T20:19:14.9823337Z + for cpu in $(expand_cpulist "$(cat /sys/devices/system/cpu/online)")
2026-09-22T20:19:14.9823706Z + [[ ,0,1, == *\,\5\4\,* ]]
2026-09-22T20:19:14.9823934Z + bench+=("$cpu")
2026-09-22T20:19:14.9824240Z + for cpu in $(expand_cpulist "$(cat /sys/devices/system/cpu/online)")
2026-09-22T20:19:14.9824611Z + [[ ,0,1, == *\,\5\5\,* ]]
2026-09-22T20:19:14.9824836Z + bench+=("$cpu")
2026-09-22T20:19:14.9825318Z + for cpu in $(expand_cpulist "$(cat /sys/devices/system/cpu/online)")
2026-09-22T20:19:14.9825717Z + [[ ,0,1, == *\,\5\6\,* ]]
2026-09-22T20:19:14.9825950Z + bench+=("$cpu")
2026-09-22T20:19:14.9826254Z + for cpu in $(expand_cpulist "$(cat /sys/devices/system/cpu/online)")
2026-09-22T20:19:14.9826620Z + [[ ,0,1, == *\,\5\7\,* ]]
2026-09-22T20:19:14.9826848Z + bench+=("$cpu")
2026-09-22T20:19:14.9827151Z + for cpu in $(expand_cpulist "$(cat /sys/devices/system/cpu/online)")
2026-09-22T20:19:14.9827521Z + [[ ,0,1, == *\,\5\8\,* ]]
2026-09-22T20:19:14.9827750Z + bench+=("$cpu")
2026-09-22T20:19:14.9828057Z + for cpu in $(expand_cpulist "$(cat /sys/devices/system/cpu/online)")
2026-09-22T20:19:14.9828426Z + [[ ,0,1, == *\,\5\9\,* ]]
2026-09-22T20:19:14.9828654Z + bench+=("$cpu")
2026-09-22T20:19:14.9828971Z + for cpu in $(expand_cpulist "$(cat /sys/devices/system/cpu/online)")
2026-09-22T20:19:14.9829341Z + [[ ,0,1, == *\,\6\0\,* ]]
2026-09-22T20:19:14.9829649Z + bench+=("$cpu")
2026-09-22T20:19:14.9829973Z + for cpu in $(expand_cpulist "$(cat /sys/devices/system/cpu/online)")
2026-09-22T20:19:14.9830350Z + [[ ,0,1, == *\,\6\1\,* ]]
2026-09-22T20:19:14.9830577Z + bench+=("$cpu")
2026-09-22T20:19:14.9830887Z + for cpu in $(expand_cpulist "$(cat /sys/devices/system/cpu/online)")
2026-09-22T20:19:14.9831254Z + [[ ,0,1, == *\,\6\2\,* ]]
2026-09-22T20:19:14.9831478Z + bench+=("$cpu")
2026-09-22T20:19:14.9831786Z + for cpu in $(expand_cpulist "$(cat /sys/devices/system/cpu/online)")
2026-09-22T20:19:14.9832165Z + [[ ,0,1, == *\,\6\3\,* ]]
2026-09-22T20:19:14.9832389Z + bench+=("$cpu")
2026-09-22T20:19:14.9832620Z ++ IFS=,
2026-09-22T20:19:14.9833122Z ++ echo 2,3,4,5,6,7,8,9,10,11,12,13,14,15,16,17,18,19,20,21,22,23,24,25,26,27,28,29,30,31,32,33,34,35,36,37,38,39,40,41,42,43,44,45,46,47,48,49,50,51,52,53,54,55,56,57,58,59,60,61,62,63
2026-09-22T20:19:14.9834022Z + BENCH_CPUS=2,3,4,5,6,7,8,9,10,11,12,13,14,15,16,17,18,19,20,21,22,23,24,25,26,27,28,29,30,31,32,33,34,35,36,37,38,39,40,41,42,43,44,45,46,47,48,49,50,51,52,53,54,55,56,57,58,59,60,61,62,63
2026-09-22T20:19:14.9834626Z + NET_IRQS=()
2026-09-22T20:19:14.9834839Z + declare -A NET_IRQS
2026-09-22T20:19:14.9835064Z + bench_cpu_arr=()
2026-09-22T20:19:14.9835266Z + IFS=
2026-09-22T20:19:14.9835454Z + read -r cpu
2026-09-22T20:19:14.9836004Z ++ expand_cpulist 2,3,4,5,6,7,8,9,10,11,12,13,14,15,16,17,18,19,20,21,22,23,24,25,26,27,28,29,30,31,32,33,34,35,36,37,38,39,40,41,42,43,44,45,46,47,48,49,50,51,52,53,54,55,56,57,58,59,60,61,62,63
2026-09-22T20:19:14.9837138Z ++ [[ -n 2,3,4,5,6,7,8,9,10,11,12,13,14,15,16,17,18,19,20,21,22,23,24,25,26,27,28,29,30,31,32,33,34,35,36,37,38,39,40,41,42,43,44,45,46,47,48,49,50,51,52,53,54,55,56,57,58,59,60,61,62,63 ]]
2026-09-22T20:19:14.9837717Z ++ local parts part
2026-09-22T20:19:14.9837926Z ++ IFS=,
2026-09-22T20:19:14.9838111Z ++ read -ra parts
2026-09-22T20:19:14.9838332Z ++ for part in "${parts[@]}"
2026-09-22T20:19:14.9838572Z ++ seq 2 2
2026-09-22T20:19:14.9838767Z + bench_cpu_arr+=("$cpu")
2026-09-22T20:19:14.9838995Z + IFS=
2026-09-22T20:19:14.9839175Z + read -r cpu
2026-09-22T20:19:14.9839467Z ++ for part in "${parts[@]}"
2026-09-22T20:19:14.9839710Z ++ seq 3 3
2026-09-22T20:19:14.9839907Z + bench_cpu_arr+=("$cpu")
2026-09-22T20:19:14.9840127Z + IFS=
2026-09-22T20:19:14.9840305Z + read -r cpu
2026-09-22T20:19:14.9840512Z ++ for part in "${parts[@]}"
2026-09-22T20:19:14.9840747Z ++ seq 4 4
2026-09-22T20:19:14.9840940Z + bench_cpu_arr+=("$cpu")
2026-09-22T20:19:14.9841165Z + IFS=
2026-09-22T20:19:14.9841355Z + read -r cpu
2026-09-22T20:19:14.9841562Z ++ for part in "${parts[@]}"
2026-09-22T20:19:14.9841795Z ++ seq 5 5
2026-09-22T20:19:14.9841991Z + bench_cpu_arr+=("$cpu")
2026-09-22T20:19:14.9842224Z + IFS=
2026-09-22T20:19:14.9842411Z + read -r cpu
2026-09-22T20:19:14.9842619Z ++ for part in "${parts[@]}"
2026-09-22T20:19:14.9842858Z ++ seq 6 6
2026-09-22T20:19:14.9843051Z + bench_cpu_arr+=("$cpu")
2026-09-22T20:19:14.9843273Z + IFS=
2026-09-22T20:19:14.9843456Z + read -r cpu
2026-09-22T20:19:14.9843668Z ++ for part in "${parts[@]}"
2026-09-22T20:19:14.9843904Z ++ seq 7 7
2026-09-22T20:19:14.9844287Z + bench_cpu_arr+=("$cpu")
2026-09-22T20:19:14.9844554Z + IFS=
2026-09-22T20:19:14.9844734Z + read -r cpu
2026-09-22T20:19:14.9844941Z ++ for part in "${parts[@]}"
2026-09-22T20:19:14.9845177Z ++ seq 8 8
2026-09-22T20:19:14.9845384Z + bench_cpu_arr+=("$cpu")
2026-09-22T20:19:14.9845608Z + IFS=
2026-09-22T20:19:14.9845784Z + read -r cpu
2026-09-22T20:19:14.9845993Z ++ for part in "${parts[@]}"
2026-09-22T20:19:14.9846235Z ++ seq 9 9
2026-09-22T20:19:14.9846427Z + bench_cpu_arr+=("$cpu")
2026-09-22T20:19:14.9846653Z + IFS=
2026-09-22T20:19:14.9846832Z + read -r cpu
2026-09-22T20:19:14.9847038Z ++ for part in "${parts[@]}"
2026-09-22T20:19:14.9847276Z ++ seq 10 10
2026-09-22T20:19:14.9847732Z + bench_cpu_arr+=("$cpu")
2026-09-22T20:19:14.9847964Z + IFS=
2026-09-22T20:19:14.9848143Z + read -r cpu
2026-09-22T20:19:14.9848502Z ++ for part in "${parts[@]}"
2026-09-22T20:19:14.9848775Z ++ seq 11 11
2026-09-22T20:19:14.9854997Z + bench_cpu_arr+=("$cpu")
2026-09-22T20:19:14.9855239Z + IFS=
2026-09-22T20:19:14.9855438Z + read -r cpu
2026-09-22T20:19:14.9855656Z ++ for part in "${parts[@]}"
2026-09-22T20:19:14.9855905Z ++ seq 12 12
2026-09-22T20:19:14.9861895Z + bench_cpu_arr+=("$cpu")
2026-09-22T20:19:14.9862138Z + IFS=
2026-09-22T20:19:14.9862326Z + read -r cpu
2026-09-22T20:19:14.9862541Z ++ for part in "${parts[@]}"
2026-09-22T20:19:14.9862779Z ++ seq 13 13
2026-09-22T20:19:14.9868776Z + bench_cpu_arr+=("$cpu")
2026-09-22T20:19:14.9869025Z + IFS=
2026-09-22T20:19:14.9869210Z + read -r cpu
2026-09-22T20:19:14.9869485Z ++ for part in "${parts[@]}"
2026-09-22T20:19:14.9869730Z ++ seq 14 14
2026-09-22T20:19:14.9875770Z + bench_cpu_arr+=("$cpu")
2026-09-22T20:19:14.9876006Z + IFS=
2026-09-22T20:19:14.9876194Z + read -r cpu
2026-09-22T20:19:14.9876405Z ++ for part in "${parts[@]}"
2026-09-22T20:19:14.9876644Z ++ seq 15 15
2026-09-22T20:19:14.9883223Z + bench_cpu_arr+=("$cpu")
2026-09-22T20:19:14.9883459Z + IFS=
2026-09-22T20:19:14.9883642Z + read -r cpu
2026-09-22T20:19:14.9883859Z ++ for part in "${parts[@]}"
2026-09-22T20:19:14.9884109Z ++ seq 16 16
2026-09-22T20:19:14.9890168Z + bench_cpu_arr+=("$cpu")
2026-09-22T20:19:14.9890414Z + IFS=
2026-09-22T20:19:14.9890600Z + read -r cpu
2026-09-22T20:19:14.9890811Z ++ for part in "${parts[@]}"
2026-09-22T20:19:14.9891049Z ++ seq 17 17
2026-09-22T20:19:14.9897322Z + bench_cpu_arr+=("$cpu")
2026-09-22T20:19:14.9897600Z + IFS=
2026-09-22T20:19:14.9897784Z + read -r cpu
2026-09-22T20:19:14.9898292Z ++ for part in "${parts[@]}"
2026-09-22T20:19:14.9898536Z ++ seq 18 18
2026-09-22T20:19:14.9904629Z + bench_cpu_arr+=("$cpu")
2026-09-22T20:19:14.9904895Z + IFS=
2026-09-22T20:19:14.9905079Z + read -r cpu
2026-09-22T20:19:14.9905291Z ++ for part in "${parts[@]}"
2026-09-22T20:19:14.9905529Z ++ seq 19 19
2026-09-22T20:19:14.9911726Z + bench_cpu_arr+=("$cpu")
2026-09-22T20:19:14.9911972Z + IFS=
2026-09-22T20:19:14.9912159Z + read -r cpu
2026-09-22T20:19:14.9912378Z ++ for part in "${parts[@]}"
2026-09-22T20:19:14.9912617Z ++ seq 20 20
2026-09-22T20:19:14.9918500Z + bench_cpu_arr+=("$cpu")
2026-09-22T20:19:14.9918795Z + IFS=
2026-09-22T20:19:14.9918980Z + read -r cpu
2026-09-22T20:19:14.9919192Z ++ for part in "${parts[@]}"
2026-09-22T20:19:14.9919523Z ++ seq 21 21
2026-09-22T20:19:14.9925431Z + bench_cpu_arr+=("$cpu")
2026-09-22T20:19:14.9925669Z + IFS=
2026-09-22T20:19:14.9925857Z + read -r cpu
2026-09-22T20:19:14.9926073Z ++ for part in "${parts[@]}"
2026-09-22T20:19:14.9926313Z ++ seq 22 22
2026-09-22T20:19:14.9932424Z + bench_cpu_arr+=("$cpu")
2026-09-22T20:19:14.9932702Z + IFS=
2026-09-22T20:19:14.9932897Z + read -r cpu
2026-09-22T20:19:14.9933113Z ++ for part in "${parts[@]}"
2026-09-22T20:19:14.9933353Z ++ seq 23 23
2026-09-22T20:19:14.9939192Z + bench_cpu_arr+=("$cpu")
2026-09-22T20:19:14.9939520Z + IFS=
2026-09-22T20:19:14.9939738Z + read -r cpu
2026-09-22T20:19:14.9939953Z ++ for part in "${parts[@]}"
2026-09-22T20:19:14.9940190Z ++ seq 24 24
2026-09-22T20:19:14.9946136Z + bench_cpu_arr+=("$cpu")
2026-09-22T20:19:14.9946391Z + IFS=
2026-09-22T20:19:14.9946575Z + read -r cpu
2026-09-22T20:19:14.9947023Z ++ for part in "${parts[@]}"
2026-09-22T20:19:14.9947278Z ++ seq 25 25
2026-09-22T20:19:14.9953180Z + bench_cpu_arr+=("$cpu")
2026-09-22T20:19:14.9953436Z + IFS=
2026-09-22T20:19:14.9953624Z + read -r cpu
2026-09-22T20:19:14.9953837Z ++ for part in "${parts[@]}"
2026-09-22T20:19:14.9954073Z ++ seq 26 26
2026-09-22T20:19:14.9959884Z + bench_cpu_arr+=("$cpu")
2026-09-22T20:19:14.9960167Z + IFS=
2026-09-22T20:19:14.9960351Z + read -r cpu
2026-09-22T20:19:14.9960564Z ++ for part in "${parts[@]}"
2026-09-22T20:19:14.9960799Z ++ seq 27 27
2026-09-22T20:19:14.9966561Z + bench_cpu_arr+=("$cpu")
2026-09-22T20:19:14.9966805Z + IFS=
2026-09-22T20:19:14.9966989Z + read -r cpu
2026-09-22T20:19:14.9967201Z ++ for part in "${parts[@]}"
2026-09-22T20:19:14.9967444Z ++ seq 28 28
2026-09-22T20:19:14.9973588Z + bench_cpu_arr+=("$cpu")
2026-09-22T20:19:14.9973843Z + IFS=
2026-09-22T20:19:14.9974026Z + read -r cpu
2026-09-22T20:19:14.9974242Z ++ for part in "${parts[@]}"
2026-09-22T20:19:14.9974481Z ++ seq 29 29
2026-09-22T20:19:14.9980332Z + bench_cpu_arr+=("$cpu")
2026-09-22T20:19:14.9980587Z + IFS=
2026-09-22T20:19:14.9980774Z + read -r cpu
2026-09-22T20:19:14.9980984Z ++ for part in "${parts[@]}"
2026-09-22T20:19:14.9981224Z ++ seq 30 30
2026-09-22T20:19:14.9986853Z + bench_cpu_arr+=("$cpu")
2026-09-22T20:19:14.9987088Z + IFS=
2026-09-22T20:19:14.9987275Z + read -r cpu
2026-09-22T20:19:14.9987492Z ++ for part in "${parts[@]}"
2026-09-22T20:19:14.9987742Z ++ seq 31 31
2026-09-22T20:19:14.9993747Z + bench_cpu_arr+=("$cpu")
2026-09-22T20:19:14.9994002Z + IFS=
2026-09-22T20:19:14.9994187Z + read -r cpu
2026-09-22T20:19:14.9994397Z ++ for part in "${parts[@]}"
2026-09-22T20:19:14.9994639Z ++ seq 32 32
2026-09-22T20:19:15.0000841Z + bench_cpu_arr+=("$cpu")
2026-09-22T20:19:15.0001081Z + IFS=
2026-09-22T20:19:15.0001270Z + read -r cpu
2026-09-22T20:19:15.0001483Z ++ for part in "${parts[@]}"
2026-09-22T20:19:15.0001722Z ++ seq 33 33
2026-09-22T20:19:15.0007585Z + bench_cpu_arr+=("$cpu")
2026-09-22T20:19:15.0007852Z + IFS=
2026-09-22T20:19:15.0008034Z + read -r cpu
2026-09-22T20:19:15.0008245Z ++ for part in "${parts[@]}"
2026-09-22T20:19:15.0008485Z ++ seq 34 34
2026-09-22T20:19:15.0014682Z + bench_cpu_arr+=("$cpu")
2026-09-22T20:19:15.0014913Z + IFS=
2026-09-22T20:19:15.0015097Z + read -r cpu
2026-09-22T20:19:15.0015311Z ++ for part in "${parts[@]}"
2026-09-22T20:19:15.0015550Z ++ seq 35 35
2026-09-22T20:19:15.0021454Z + bench_cpu_arr+=("$cpu")
2026-09-22T20:19:15.0021690Z + IFS=
2026-09-22T20:19:15.0021876Z + read -r cpu
2026-09-22T20:19:15.0022090Z ++ for part in "${parts[@]}"
2026-09-22T20:19:15.0022336Z ++ seq 36 36
2026-09-22T20:19:15.0028262Z + bench_cpu_arr+=("$cpu")
2026-09-22T20:19:15.0028679Z + IFS=
2026-09-22T20:19:15.0029078Z + read -r cpu
2026-09-22T20:19:15.0029377Z ++ for part in "${parts[@]}"
2026-09-22T20:19:15.0029800Z ++ seq 37 37
2026-09-22T20:19:15.0035257Z + bench_cpu_arr+=("$cpu")
2026-09-22T20:19:15.0035682Z + IFS=
2026-09-22T20:19:15.0036034Z + read -r cpu
2026-09-22T20:19:15.0036327Z ++ for part in "${parts[@]}"
2026-09-22T20:19:15.0036710Z ++ seq 38 38
2026-09-22T20:19:15.0042284Z + bench_cpu_arr+=("$cpu")
2026-09-22T20:19:15.0053665Z + IFS=
2026-09-22T20:19:15.0053893Z + read -r cpu
2026-09-22T20:19:15.0054122Z ++ for part in "${parts[@]}"
2026-09-22T20:19:15.0054372Z ++ seq 39 39
2026-09-22T20:19:15.0054578Z + bench_cpu_arr+=("$cpu")
2026-09-22T20:19:15.0054808Z + IFS=
2026-09-22T20:19:15.0055004Z + read -r cpu
2026-09-22T20:19:15.0055213Z ++ for part in "${parts[@]}"
2026-09-22T20:19:15.0055454Z ++ seq 40 40
2026-09-22T20:19:15.0055668Z + bench_cpu_arr+=("$cpu")
2026-09-22T20:19:15.0055891Z + IFS=
2026-09-22T20:19:15.0056071Z + read -r cpu
2026-09-22T20:19:15.0056290Z ++ for part in "${parts[@]}"
2026-09-22T20:19:15.0056529Z ++ seq 41 41
2026-09-22T20:19:15.0062730Z + bench_cpu_arr+=("$cpu")
2026-09-22T20:19:15.0062971Z + IFS=
2026-09-22T20:19:15.0063158Z + read -r cpu
2026-09-22T20:19:15.0063370Z ++ for part in "${parts[@]}"
2026-09-22T20:19:15.0063607Z ++ seq 42 42
2026-09-22T20:19:15.0069596Z + bench_cpu_arr+=("$cpu")
2026-09-22T20:19:15.0069893Z + IFS=
2026-09-22T20:19:15.0070075Z + read -r cpu
2026-09-22T20:19:15.0070292Z ++ for part in "${parts[@]}"
2026-09-22T20:19:15.0070532Z ++ seq 43 43
2026-09-22T20:19:15.0076062Z + bench_cpu_arr+=("$cpu")
2026-09-22T20:19:15.0076329Z + IFS=
2026-09-22T20:19:15.0076515Z + read -r cpu
2026-09-22T20:19:15.0076729Z ++ for part in "${parts[@]}"
2026-09-22T20:19:15.0076983Z ++ seq 44 44
2026-09-22T20:19:15.0082715Z + bench_cpu_arr+=("$cpu")
2026-09-22T20:19:15.0082951Z + IFS=
2026-09-22T20:19:15.0083134Z + read -r cpu
2026-09-22T20:19:15.0083351Z ++ for part in "${parts[@]}"
2026-09-22T20:19:15.0083587Z ++ seq 45 45
2026-09-22T20:19:15.0089436Z + bench_cpu_arr+=("$cpu")
2026-09-22T20:19:15.0089722Z + IFS=
2026-09-22T20:19:15.0089903Z + read -r cpu
2026-09-22T20:19:15.0091047Z ++ for part in "${parts[@]}"
2026-09-22T20:19:15.0091323Z ++ seq 46 46
2026-09-22T20:19:15.0097288Z + bench_cpu_arr+=("$cpu")
2026-09-22T20:19:15.0097548Z + IFS=
2026-09-22T20:19:15.0097747Z + read -r cpu
2026-09-22T20:19:15.0097967Z ++ for part in "${parts[@]}"
2026-09-22T20:19:15.0098205Z ++ seq 47 47
2026-09-22T20:19:15.0104394Z + bench_cpu_arr+=("$cpu")
2026-09-22T20:19:15.0104684Z + IFS=
2026-09-22T20:19:15.0104874Z + read -r cpu
2026-09-22T20:19:15.0105089Z ++ for part in "${parts[@]}"
2026-09-22T20:19:15.0105330Z ++ seq 48 48
2026-09-22T20:19:15.0111297Z + bench_cpu_arr+=("$cpu")
2026-09-22T20:19:15.0111560Z + IFS=
2026-09-22T20:19:15.0111751Z + read -r cpu
2026-09-22T20:19:15.0111968Z ++ for part in "${parts[@]}"
2026-09-22T20:19:15.0112204Z ++ seq 49 49
2026-09-22T20:19:15.0118005Z + bench_cpu_arr+=("$cpu")
2026-09-22T20:19:15.0118264Z + IFS=
2026-09-22T20:19:15.0118450Z + read -r cpu
2026-09-22T20:19:15.0118665Z ++ for part in "${parts[@]}"
2026-09-22T20:19:15.0118908Z ++ seq 50 50
2026-09-22T20:19:15.0125118Z + bench_cpu_arr+=("$cpu")
2026-09-22T20:19:15.0125373Z + IFS=
2026-09-22T20:19:15.0125563Z + read -r cpu
2026-09-22T20:19:15.0125777Z ++ for part in "${parts[@]}"
2026-09-22T20:19:15.0126026Z ++ seq 51 51
2026-09-22T20:19:15.0131887Z + bench_cpu_arr+=("$cpu")
2026-09-22T20:19:15.0132145Z + IFS=
2026-09-22T20:19:15.0132330Z + read -r cpu
2026-09-22T20:19:15.0132540Z ++ for part in "${parts[@]}"
2026-09-22T20:19:15.0132781Z ++ seq 52 52
2026-09-22T20:19:15.0138632Z + bench_cpu_arr+=("$cpu")
2026-09-22T20:19:15.0138890Z + IFS=
2026-09-22T20:19:15.0139081Z + read -r cpu
2026-09-22T20:19:15.0139604Z ++ for part in "${parts[@]}"
2026-09-22T20:19:15.0139845Z ++ seq 53 53
2026-09-22T20:19:15.0145632Z + bench_cpu_arr+=("$cpu")
2026-09-22T20:19:15.0145889Z + IFS=
2026-09-22T20:19:15.0146073Z + read -r cpu
2026-09-22T20:19:15.0146285Z ++ for part in "${parts[@]}"
2026-09-22T20:19:15.0146527Z ++ seq 54 54
2026-09-22T20:19:15.0152490Z + bench_cpu_arr+=("$cpu")
2026-09-22T20:19:15.0152747Z + IFS=
2026-09-22T20:19:15.0152937Z + read -r cpu
2026-09-22T20:19:15.0153151Z ++ for part in "${parts[@]}"
2026-09-22T20:19:15.0153389Z ++ seq 55 55
2026-09-22T20:19:15.0159060Z + bench_cpu_arr+=("$cpu")
2026-09-22T20:19:15.0159359Z + IFS=
2026-09-22T20:19:15.0159637Z + read -r cpu
2026-09-22T20:19:15.0159856Z ++ for part in "${parts[@]}"
2026-09-22T20:19:15.0160094Z ++ seq 56 56
2026-09-22T20:19:15.0165961Z + bench_cpu_arr+=("$cpu")
2026-09-22T20:19:15.0166227Z + IFS=
2026-09-22T20:19:15.0166415Z + read -r cpu
2026-09-22T20:19:15.0166628Z ++ for part in "${parts[@]}"
2026-09-22T20:19:15.0166865Z ++ seq 57 57
2026-09-22T20:19:15.0172918Z + bench_cpu_arr+=("$cpu")
2026-09-22T20:19:15.0173203Z + IFS=
2026-09-22T20:19:15.0173389Z + read -r cpu
2026-09-22T20:19:15.0173603Z ++ for part in "${parts[@]}"
2026-09-22T20:19:15.0173840Z ++ seq 58 58
2026-09-22T20:19:15.0179571Z + bench_cpu_arr+=("$cpu")
2026-09-22T20:19:15.0179892Z + IFS=
2026-09-22T20:19:15.0180080Z + read -r cpu
2026-09-22T20:19:15.0180292Z ++ for part in "${parts[@]}"
2026-09-22T20:19:15.0180533Z ++ seq 59 59
2026-09-22T20:19:15.0186052Z + bench_cpu_arr+=("$cpu")
2026-09-22T20:19:15.0186332Z + IFS=
2026-09-22T20:19:15.0186519Z + read -r cpu
2026-09-22T20:19:15.0186941Z ++ for part in "${parts[@]}"
2026-09-22T20:19:15.0187209Z ++ seq 60 60
2026-09-22T20:19:15.0192845Z + bench_cpu_arr+=("$cpu")
2026-09-22T20:19:15.0193140Z + IFS=
2026-09-22T20:19:15.0193325Z + read -r cpu
2026-09-22T20:19:15.0193536Z ++ for part in "${parts[@]}"
2026-09-22T20:19:15.0193773Z ++ seq 61 61
2026-09-22T20:19:15.0199558Z + bench_cpu_arr+=("$cpu")
2026-09-22T20:19:15.0199842Z + IFS=
2026-09-22T20:19:15.0200026Z + read -r cpu
2026-09-22T20:19:15.0200241Z ++ for part in "${parts[@]}"
2026-09-22T20:19:15.0200481Z ++ seq 62 62
2026-09-22T20:19:15.0206612Z + bench_cpu_arr+=("$cpu")
2026-09-22T20:19:15.0206849Z + IFS=
2026-09-22T20:19:15.0207037Z + read -r cpu
2026-09-22T20:19:15.0207246Z ++ for part in "${parts[@]}"
2026-09-22T20:19:15.0207489Z ++ seq 63 63
2026-09-22T20:19:15.0213416Z + bench_cpu_arr+=("$cpu")
2026-09-22T20:19:15.0213672Z + IFS=
2026-09-22T20:19:15.0213854Z + read -r cpu
2026-09-22T20:19:15.0217217Z + i=0
2026-09-22T20:19:15.0218189Z + for msi in /sys/class/net/*/device/msi_irqs/*
2026-09-22T20:19:15.0218561Z + [[ -e /sys/class/net/enP1s33/device/msi_irqs/25 ]]
2026-09-22T20:19:15.0218876Z + [[ 62 -gt 0 ]]
2026-09-22T20:19:15.0219072Z + irq=25
2026-09-22T20:19:15.0219254Z + NET_IRQS["$irq"]=1
2026-09-22T20:19:15.0219537Z + echo 2
2026-09-22T20:19:15.0219712Z + i=1
2026-09-22T20:19:15.0219933Z + for msi in /sys/class/net/*/device/msi_irqs/*
2026-09-22T20:19:15.0220295Z + [[ -e /sys/class/net/enP1s33/device/msi_irqs/26 ]]
2026-09-22T20:19:15.0220602Z + [[ 62 -gt 0 ]]
2026-09-22T20:19:15.0220797Z + irq=26
2026-09-22T20:19:15.0220977Z + NET_IRQS["$irq"]=1
2026-09-22T20:19:15.0221186Z + echo 3
2026-09-22T20:19:15.0221370Z + i=2
2026-09-22T20:19:15.0221589Z + for msi in /sys/class/net/*/device/msi_irqs/*
2026-09-22T20:19:15.0221942Z + [[ -e /sys/class/net/enP1s33/device/msi_irqs/27 ]]
2026-09-22T20:19:15.0222249Z + [[ 62 -gt 0 ]]
2026-09-22T20:19:15.0222442Z + irq=27
2026-09-22T20:19:15.0222622Z + NET_IRQS["$irq"]=1
2026-09-22T20:19:15.0222832Z + echo 4
2026-09-22T20:19:15.0223009Z + i=3
2026-09-22T20:19:15.0223232Z + for msi in /sys/class/net/*/device/msi_irqs/*
2026-09-22T20:19:15.0223582Z + [[ -e /sys/class/net/enP1s33/device/msi_irqs/28 ]]
2026-09-22T20:19:15.0223885Z + [[ 62 -gt 0 ]]
2026-09-22T20:19:15.0224079Z + irq=28
2026-09-22T20:19:15.0224264Z + NET_IRQS["$irq"]=1
2026-09-22T20:19:15.0224472Z + echo 5
2026-09-22T20:19:15.0224644Z + i=4
2026-09-22T20:19:15.0225141Z + for msi in /sys/class/net/*/device/msi_irqs/*
2026-09-22T20:19:15.0225494Z + [[ -e /sys/class/net/enP1s33/device/msi_irqs/29 ]]
2026-09-22T20:19:15.0225798Z + [[ 62 -gt 0 ]]
2026-09-22T20:19:15.0225990Z + irq=29
2026-09-22T20:19:15.0226172Z + NET_IRQS["$irq"]=1
2026-09-22T20:19:15.0226379Z + echo 6
2026-09-22T20:19:15.0226583Z + i=5
2026-09-22T20:19:15.0226803Z + for msi in /sys/class/net/*/device/msi_irqs/*
2026-09-22T20:19:15.0227150Z + [[ -e /sys/class/net/enP1s33/device/msi_irqs/30 ]]
2026-09-22T20:19:15.0227456Z + [[ 62 -gt 0 ]]
2026-09-22T20:19:15.0227651Z + irq=30
2026-09-22T20:19:15.0227836Z + NET_IRQS["$irq"]=1
2026-09-22T20:19:15.0228043Z + echo 7
2026-09-22T20:19:15.0228211Z + i=6
2026-09-22T20:19:15.0228429Z + for msi in /sys/class/net/*/device/msi_irqs/*
2026-09-22T20:19:15.0228777Z + [[ -e /sys/class/net/enP1s33/device/msi_irqs/31 ]]
2026-09-22T20:19:15.0229081Z + [[ 62 -gt 0 ]]
2026-09-22T20:19:15.0229278Z + irq=31
2026-09-22T20:19:15.0229542Z + NET_IRQS["$irq"]=1
2026-09-22T20:19:15.0229760Z + echo 8
2026-09-22T20:19:15.0229932Z + i=7
2026-09-22T20:19:15.0230152Z + for msi in /sys/class/net/*/device/msi_irqs/*
2026-09-22T20:19:15.0230497Z + [[ -e /sys/class/net/enP1s33/device/msi_irqs/32 ]]
2026-09-22T20:19:15.0230801Z + [[ 62 -gt 0 ]]
2026-09-22T20:19:15.0231000Z + irq=32
2026-09-22T20:19:15.0231182Z + NET_IRQS["$irq"]=1
2026-09-22T20:19:15.0231388Z + echo 9
2026-09-22T20:19:15.0231560Z + i=8
2026-09-22T20:19:15.0231783Z + for msi in /sys/class/net/*/device/msi_irqs/*
2026-09-22T20:19:15.0232131Z + [[ -e /sys/class/net/enP1s33/device/msi_irqs/33 ]]
2026-09-22T20:19:15.0232435Z + [[ 62 -gt 0 ]]
2026-09-22T20:19:15.0232905Z + irq=33
2026-09-22T20:19:15.0233127Z + NET_IRQS["$irq"]=1
2026-09-22T20:19:15.0233335Z + echo 10
2026-09-22T20:19:15.0233507Z + i=9
2026-09-22T20:19:15.0233731Z + for msi in /sys/class/net/*/device/msi_irqs/*
2026-09-22T20:19:15.0234079Z + [[ -e /sys/class/net/enP1s33/device/msi_irqs/34 ]]
2026-09-22T20:19:15.0234381Z + [[ 62 -gt 0 ]]
2026-09-22T20:19:15.0234576Z + irq=34
2026-09-22T20:19:15.0234765Z + NET_IRQS["$irq"]=1
2026-09-22T20:19:15.0234969Z + echo 11
2026-09-22T20:19:15.0235143Z + i=10
2026-09-22T20:19:15.0235364Z + for msi in /sys/class/net/*/device/msi_irqs/*
2026-09-22T20:19:15.0235713Z + [[ -e /sys/class/net/enP1s33/device/msi_irqs/35 ]]
2026-09-22T20:19:15.0236016Z + [[ 62 -gt 0 ]]
2026-09-22T20:19:15.0236211Z + irq=35
2026-09-22T20:19:15.0236393Z + NET_IRQS["$irq"]=1
2026-09-22T20:19:15.0236600Z + echo 12
2026-09-22T20:19:15.0236770Z + i=11
2026-09-22T20:19:15.0236992Z + for msi in /sys/class/net/*/device/msi_irqs/*
2026-09-22T20:19:15.0237339Z + [[ -e /sys/class/net/enP1s33/device/msi_irqs/36 ]]
2026-09-22T20:19:15.0237644Z + [[ 62 -gt 0 ]]
2026-09-22T20:19:15.0237838Z + irq=36
2026-09-22T20:19:15.0238019Z + NET_IRQS["$irq"]=1
2026-09-22T20:19:15.0238223Z + echo 13
2026-09-22T20:19:15.0238396Z + i=12
2026-09-22T20:19:15.0238623Z + for msi in /sys/class/net/*/device/msi_irqs/*
2026-09-22T20:19:15.0238971Z + [[ -e /sys/class/net/enP1s33/device/msi_irqs/37 ]]
2026-09-22T20:19:15.0239286Z + [[ 62 -gt 0 ]]
2026-09-22T20:19:15.0239578Z + irq=37
2026-09-22T20:19:15.0239773Z + NET_IRQS["$irq"]=1
2026-09-22T20:19:15.0239981Z + echo 14
2026-09-22T20:19:15.0240160Z + i=13
2026-09-22T20:19:15.0240381Z + for msi in /sys/class/net/*/device/msi_irqs/*
2026-09-22T20:19:15.0240729Z + [[ -e /sys/class/net/enP1s33/device/msi_irqs/38 ]]
2026-09-22T20:19:15.0241034Z + [[ 62 -gt 0 ]]
2026-09-22T20:19:15.0241233Z + irq=38
2026-09-22T20:19:15.0241414Z + NET_IRQS["$irq"]=1
2026-09-22T20:19:15.0241621Z + echo 15
2026-09-22T20:19:15.0241797Z + i=14
2026-09-22T20:19:15.0242020Z + for msi in /sys/class/net/*/device/msi_irqs/*
2026-09-22T20:19:15.0242368Z + [[ -e /sys/class/net/enP1s33/device/msi_irqs/39 ]]
2026-09-22T20:19:15.0242670Z + [[ 62 -gt 0 ]]
2026-09-22T20:19:15.0242866Z + irq=39
2026-09-22T20:19:15.0243049Z + NET_IRQS["$irq"]=1
2026-09-22T20:19:15.0243254Z + echo 16
2026-09-22T20:19:15.0243429Z + i=15
2026-09-22T20:19:15.0243652Z + for msi in /sys/class/net/*/device/msi_irqs/*
2026-09-22T20:19:15.0244303Z + [[ -e /sys/class/net/enP1s33/device/msi_irqs/40 ]]
2026-09-22T20:19:15.0244608Z + [[ 62 -gt 0 ]]
2026-09-22T20:19:15.0244799Z + irq=40
2026-09-22T20:19:15.0244983Z + NET_IRQS["$irq"]=1
2026-09-22T20:19:15.0245187Z + echo 17
2026-09-22T20:19:15.0245360Z + i=16
2026-09-22T20:19:15.0245579Z + for msi in /sys/class/net/*/device/msi_irqs/*
2026-09-22T20:19:15.0245928Z + [[ -e /sys/class/net/enP1s33/device/msi_irqs/41 ]]
2026-09-22T20:19:15.0246231Z + [[ 62 -gt 0 ]]
2026-09-22T20:19:15.0246425Z + irq=41
2026-09-22T20:19:15.0246607Z + NET_IRQS["$irq"]=1
2026-09-22T20:19:15.0246810Z + echo 18
2026-09-22T20:19:15.0246985Z + i=17
2026-09-22T20:19:15.0247198Z + for f in /proc/irq/[0-9]*/smp_affinity_list
2026-09-22T20:19:15.0247506Z + irq=1/smp_affinity_list
2026-09-22T20:19:15.0247736Z + irq=1
2026-09-22T20:19:15.0247912Z + [[ -n '' ]]
2026-09-22T20:19:15.0248103Z + echo 0,1
2026-09-22T20:19:15.0248283Z + true
2026-09-22T20:19:15.0248496Z + for f in /proc/irq/[0-9]*/smp_affinity_list
2026-09-22T20:19:15.0248803Z + irq=10/smp_affinity_list
2026-09-22T20:19:15.0249035Z + irq=10
2026-09-22T20:19:15.0249213Z + [[ -n '' ]]
2026-09-22T20:19:15.0249486Z + echo 0,1
2026-09-22T20:19:15.0249667Z + true
2026-09-22T20:19:15.0249886Z + for f in /proc/irq/[0-9]*/smp_affinity_list
2026-09-22T20:19:15.0250187Z + irq=11/smp_affinity_list
2026-09-22T20:19:15.0250416Z + irq=11
2026-09-22T20:19:15.0250598Z + [[ -n '' ]]
2026-09-22T20:19:15.0250787Z + echo 0,1
2026-09-22T20:19:15.0250962Z + true
2026-09-22T20:19:15.0251172Z + for f in /proc/irq/[0-9]*/smp_affinity_list
2026-09-22T20:19:15.0251477Z + irq=12/smp_affinity_list
2026-09-22T20:19:15.0251886Z + irq=12
2026-09-22T20:19:15.0252111Z + [[ -n '' ]]
2026-09-22T20:19:15.0252303Z + echo 0,1
2026-09-22T20:19:15.0252478Z + true
2026-09-22T20:19:15.0252690Z + for f in /proc/irq/[0-9]*/smp_affinity_list
2026-09-22T20:19:15.0252992Z + irq=13/smp_affinity_list
2026-09-22T20:19:15.0253225Z + irq=13
2026-09-22T20:19:15.0253404Z + [[ -n '' ]]
2026-09-22T20:19:15.0253591Z + echo 0,1
2026-09-22T20:19:15.0253818Z + for f in /proc/irq/[0-9]*/smp_affinity_list
2026-09-22T20:19:15.0254118Z + irq=15/smp_affinity_list
2026-09-22T20:19:15.0254342Z + irq=15
2026-09-22T20:19:15.0254734Z + [[ -n '' ]]
2026-09-22T20:19:15.0254930Z + echo 0,1
2026-09-22T20:19:15.0255149Z + for f in /proc/irq/[0-9]*/smp_affinity_list
2026-09-22T20:19:15.0255451Z + irq=2/smp_affinity_list
2026-09-22T20:19:15.0255682Z + irq=2
2026-09-22T20:19:15.0255859Z + [[ -n '' ]]
2026-09-22T20:19:15.0256046Z + echo 0,1
2026-09-22T20:19:15.0256222Z + true
2026-09-22T20:19:15.0256434Z + for f in /proc/irq/[0-9]*/smp_affinity_list
2026-09-22T20:19:15.0256744Z + irq=23/smp_affinity_list
2026-09-22T20:19:15.0256971Z + irq=23
2026-09-22T20:19:15.0257162Z + [[ -n '' ]]
2026-09-22T20:19:15.0257350Z + echo 0,1
2026-09-22T20:19:15.0257532Z + true
2026-09-22T20:19:15.0257749Z + for f in /proc/irq/[0-9]*/smp_affinity_list
2026-09-22T20:19:15.0258052Z + irq=24/smp_affinity_list
2026-09-22T20:19:15.0258278Z + irq=24
2026-09-22T20:19:15.0258465Z + [[ -n '' ]]
2026-09-22T20:19:15.0258653Z + echo 0,1
2026-09-22T20:19:15.0258870Z + for f in /proc/irq/[0-9]*/smp_affinity_list
2026-09-22T20:19:15.0259170Z + irq=25/smp_affinity_list
2026-09-22T20:19:15.0259481Z + irq=25
2026-09-22T20:19:15.0259665Z + [[ -n 1 ]]
2026-09-22T20:19:15.0259851Z + continue
2026-09-22T20:19:15.0260073Z + for f in /proc/irq/[0-9]*/smp_affinity_list
2026-09-22T20:19:15.0260371Z + irq=26/smp_affinity_list
2026-09-22T20:19:15.0260596Z + irq=26
2026-09-22T20:19:15.0260775Z + [[ -n 1 ]]
2026-09-22T20:19:15.0260962Z + continue
2026-09-22T20:19:15.0261184Z + for f in /proc/irq/[0-9]*/smp_affinity_list
2026-09-22T20:19:15.0261485Z + irq=27/smp_affinity_list
2026-09-22T20:19:15.0261721Z + irq=27
2026-09-22T20:19:15.0261901Z + [[ -n 1 ]]
2026-09-22T20:19:15.0262089Z + continue
2026-09-22T20:19:15.0262309Z + for f in /proc/irq/[0-9]*/smp_affinity_list
2026-09-22T20:19:15.0262611Z + irq=28/smp_affinity_list
2026-09-22T20:19:15.0262837Z + irq=28
2026-09-22T20:19:15.0263012Z + [[ -n 1 ]]
2026-09-22T20:19:15.0263443Z + continue
2026-09-22T20:19:15.0263658Z + for f in /proc/irq/[0-9]*/smp_affinity_list
2026-09-22T20:19:15.0263956Z + irq=29/smp_affinity_list
2026-09-22T20:19:15.0264187Z + irq=29
2026-09-22T20:19:15.0264368Z + [[ -n 1 ]]
2026-09-22T20:19:15.0264558Z + continue
2026-09-22T20:19:15.0264777Z + for f in /proc/irq/[0-9]*/smp_affinity_list
2026-09-22T20:19:15.0265083Z + irq=3/smp_affinity_list
2026-09-22T20:19:15.0265308Z + irq=3
2026-09-22T20:19:15.0265485Z + [[ -n '' ]]
2026-09-22T20:19:15.0265672Z + echo 0,1
2026-09-22T20:19:15.0265853Z + true
2026-09-22T20:19:15.0266073Z + for f in /proc/irq/[0-9]*/smp_affinity_list
2026-09-22T20:19:15.0266375Z + irq=30/smp_affinity_list
2026-09-22T20:19:15.0266609Z + irq=30
2026-09-22T20:19:15.0266788Z + [[ -n 1 ]]
2026-09-22T20:19:15.0266974Z + continue
2026-09-22T20:19:15.0267192Z + for f in /proc/irq/[0-9]*/smp_affinity_list
2026-09-22T20:19:15.0267495Z + irq=31/smp_affinity_list
2026-09-22T20:19:15.0267722Z + irq=31
2026-09-22T20:19:15.0267911Z + [[ -n 1 ]]
2026-09-22T20:19:15.0268106Z + continue
2026-09-22T20:19:15.0268327Z + for f in /proc/irq/[0-9]*/smp_affinity_list
2026-09-22T20:19:15.0268630Z + irq=32/smp_affinity_list
2026-09-22T20:19:15.0268859Z + irq=32
2026-09-22T20:19:15.0269044Z + [[ -n 1 ]]
2026-09-22T20:19:15.0269233Z + continue
2026-09-22T20:19:15.0269569Z + for f in /proc/irq/[0-9]*/smp_affinity_list
2026-09-22T20:19:15.0269893Z + irq=33/smp_affinity_list
2026-09-22T20:19:15.0270124Z + irq=33
2026-09-22T20:19:15.0270301Z + [[ -n 1 ]]
2026-09-22T20:19:15.0270491Z + continue
2026-09-22T20:19:15.0270908Z + for f in /proc/irq/[0-9]*/smp_affinity_list
2026-09-22T20:19:15.0271227Z + irq=34/smp_affinity_list
2026-09-22T20:19:15.0271457Z + irq=34
2026-09-22T20:19:15.0271641Z + [[ -n 1 ]]
2026-09-22T20:19:15.0271827Z + continue
2026-09-22T20:19:15.0272047Z + for f in /proc/irq/[0-9]*/smp_affinity_list
2026-09-22T20:19:15.0272351Z + irq=35/smp_affinity_list
2026-09-22T20:19:15.0272583Z + irq=35
2026-09-22T20:19:15.0272760Z + [[ -n 1 ]]
2026-09-22T20:19:15.0272956Z + continue
2026-09-22T20:19:15.0273174Z + for f in /proc/irq/[0-9]*/smp_affinity_list
2026-09-22T20:19:15.0273477Z + irq=36/smp_affinity_list
2026-09-22T20:19:15.0273704Z + irq=36
2026-09-22T20:19:15.0273882Z + [[ -n 1 ]]
2026-09-22T20:19:15.0274073Z + continue
2026-09-22T20:19:15.0274291Z + for f in /proc/irq/[0-9]*/smp_affinity_list
2026-09-22T20:19:15.0274596Z + irq=37/smp_affinity_list
2026-09-22T20:19:15.0274829Z + irq=37
2026-09-22T20:19:15.0275012Z + [[ -n 1 ]]
2026-09-22T20:19:15.0275200Z + continue
2026-09-22T20:19:15.0275417Z + for f in /proc/irq/[0-9]*/smp_affinity_list
2026-09-22T20:19:15.0275728Z + irq=38/smp_affinity_list
2026-09-22T20:19:15.0275962Z + irq=38
2026-09-22T20:19:15.0276139Z + [[ -n 1 ]]
2026-09-22T20:19:15.0276329Z + continue
2026-09-22T20:19:15.0276546Z + for f in /proc/irq/[0-9]*/smp_affinity_list
2026-09-22T20:19:15.0276849Z + irq=39/smp_affinity_list
2026-09-22T20:19:15.0277079Z + irq=39
2026-09-22T20:19:15.0277264Z + [[ -n 1 ]]
2026-09-22T20:19:15.0277462Z + continue
2026-09-22T20:19:15.0277682Z + for f in /proc/irq/[0-9]*/smp_affinity_list
2026-09-22T20:19:15.0277987Z + irq=4/smp_affinity_list
2026-09-22T20:19:15.0278215Z + irq=4
2026-09-22T20:19:15.0278391Z + [[ -n '' ]]
2026-09-22T20:19:15.0278582Z + echo 0,1
2026-09-22T20:19:15.0278767Z + true
2026-09-22T20:19:15.0278984Z + for f in /proc/irq/[0-9]*/smp_affinity_list
2026-09-22T20:19:15.0279288Z + irq=40/smp_affinity_list
2026-09-22T20:19:15.0279686Z + irq=40
2026-09-22T20:19:15.0279880Z + [[ -n 1 ]]
2026-09-22T20:19:15.0280071Z + continue
2026-09-22T20:19:15.0280298Z + for f in /proc/irq/[0-9]*/smp_affinity_list
2026-09-22T20:19:15.0280611Z + irq=41/smp_affinity_list
2026-09-22T20:19:15.0280844Z + irq=41
2026-09-22T20:19:15.0281023Z + [[ -n 1 ]]
2026-09-22T20:19:15.0281214Z + continue
2026-09-22T20:19:15.0281430Z + for f in /proc/irq/[0-9]*/smp_affinity_list
2026-09-22T20:19:15.0281734Z + irq=42/smp_affinity_list
2026-09-22T20:19:15.0281965Z + irq=42
2026-09-22T20:19:15.0282144Z + [[ -n '' ]]
2026-09-22T20:19:15.0282569Z + echo 0,1
2026-09-22T20:19:15.0282750Z + true
2026-09-22T20:19:15.0282971Z + for f in /proc/irq/[0-9]*/smp_affinity_list
2026-09-22T20:19:15.0283273Z + irq=43/smp_affinity_list
2026-09-22T20:19:15.0283502Z + irq=43
2026-09-22T20:19:15.0283686Z + [[ -n '' ]]
2026-09-22T20:19:15.0283876Z + echo 0,1
2026-09-22T20:19:15.0284172Z + true
2026-09-22T20:19:15.0284390Z + for f in /proc/irq/[0-9]*/smp_affinity_list
2026-09-22T20:19:15.0284696Z + irq=44/smp_affinity_list
2026-09-22T20:19:15.0284927Z + irq=44
2026-09-22T20:19:15.0285108Z + [[ -n '' ]]
2026-09-22T20:19:15.0285300Z + echo 0,1
2026-09-22T20:19:15.0285487Z + true
2026-09-22T20:19:15.0285704Z + for f in /proc/irq/[0-9]*/smp_affinity_list
2026-09-22T20:19:15.0286008Z + irq=45/smp_affinity_list
2026-09-22T20:19:15.0286242Z + irq=45
2026-09-22T20:19:15.0286421Z + [[ -n '' ]]
2026-09-22T20:19:15.0286611Z + echo 0,1
2026-09-22T20:19:15.0286832Z + for f in /proc/irq/[0-9]*/smp_affinity_list
2026-09-22T20:19:15.0287138Z + irq=46/smp_affinity_list
2026-09-22T20:19:15.0287376Z + irq=46
2026-09-22T20:19:15.0287556Z + [[ -n '' ]]
2026-09-22T20:19:15.0287749Z + echo 0,1
2026-09-22T20:19:15.0287969Z + for f in /proc/irq/[0-9]*/smp_affinity_list
2026-09-22T20:19:15.0288270Z + irq=47/smp_affinity_list
2026-09-22T20:19:15.0288503Z + irq=47
2026-09-22T20:19:15.0288682Z + [[ -n '' ]]
2026-09-22T20:19:15.0288871Z + echo 0,1
2026-09-22T20:19:15.0289088Z + for f in /proc/irq/[0-9]*/smp_affinity_list
2026-09-22T20:19:15.0289492Z + irq=48/smp_affinity_list
2026-09-22T20:19:15.0289725Z + irq=48
2026-09-22T20:19:15.0289905Z + [[ -n '' ]]
2026-09-22T20:19:15.0290291Z + echo 0,1
2026-09-22T20:19:15.0290559Z + for f in /proc/irq/[0-9]*/smp_affinity_list
2026-09-22T20:19:15.0290859Z + irq=49/smp_affinity_list
2026-09-22T20:19:15.0291084Z + irq=49
2026-09-22T20:19:15.0291265Z + [[ -n '' ]]
2026-09-22T20:19:15.0291454Z + echo 0,1
2026-09-22T20:19:15.0291670Z + for f in /proc/irq/[0-9]*/smp_affinity_list
2026-09-22T20:19:15.0291973Z + irq=5/smp_affinity_list
2026-09-22T20:19:15.0292207Z + irq=5
2026-09-22T20:19:15.0292382Z + [[ -n '' ]]
2026-09-22T20:19:15.0292571Z + echo 0,1
2026-09-22T20:19:15.0292754Z + true
2026-09-22T20:19:15.0292974Z + for f in /proc/irq/[0-9]*/smp_affinity_list
2026-09-22T20:19:15.0293274Z + irq=50/smp_affinity_list
2026-09-22T20:19:15.0293506Z + irq=50
2026-09-22T20:19:15.0293684Z + [[ -n '' ]]
2026-09-22T20:19:15.0293873Z + echo 0,1
2026-09-22T20:19:15.0294094Z + for f in /proc/irq/[0-9]*/smp_affinity_list
2026-09-22T20:19:15.0294400Z + irq=51/smp_affinity_list
2026-09-22T20:19:15.0294627Z + irq=51
2026-09-22T20:19:15.0294804Z + [[ -n '' ]]
2026-09-22T20:19:15.0294997Z + echo 0,1
2026-09-22T20:19:15.0295216Z + for f in /proc/irq/[0-9]*/smp_affinity_list
2026-09-22T20:19:15.0295519Z + irq=52/smp_affinity_list
2026-09-22T20:19:15.0295747Z + irq=52
2026-09-22T20:19:15.0295929Z + [[ -n '' ]]
2026-09-22T20:19:15.0296118Z + echo 0,1
2026-09-22T20:19:15.0296337Z + for f in /proc/irq/[0-9]*/smp_affinity_list
2026-09-22T20:19:15.0296642Z + irq=53/smp_affinity_list
2026-09-22T20:19:15.0296876Z + irq=53
2026-09-22T20:19:15.0297052Z + [[ -n '' ]]
2026-09-22T20:19:15.0297237Z + echo 0,1
2026-09-22T20:19:15.0297458Z + for f in /proc/irq/[0-9]*/smp_affinity_list
2026-09-22T20:19:15.0297758Z + irq=54/smp_affinity_list
2026-09-22T20:19:15.0297987Z + irq=54
2026-09-22T20:19:15.0298170Z + [[ -n '' ]]
2026-09-22T20:19:15.0298359Z + echo 0,1
2026-09-22T20:19:15.0298575Z + for f in /proc/irq/[0-9]*/smp_affinity_list
2026-09-22T20:19:15.0298875Z + irq=55/smp_affinity_list
2026-09-22T20:19:15.0299105Z + irq=55
2026-09-22T20:19:15.0299282Z + [[ -n '' ]]
2026-09-22T20:19:15.0299598Z + echo 0,1
2026-09-22T20:19:15.0299823Z + for f in /proc/irq/[0-9]*/smp_affinity_list
2026-09-22T20:19:15.0300124Z + irq=56/smp_affinity_list
2026-09-22T20:19:15.0300352Z + irq=56
2026-09-22T20:19:15.0300530Z + [[ -n '' ]]
2026-09-22T20:19:15.0300723Z + echo 0,1
2026-09-22T20:19:15.0300939Z + for f in /proc/irq/[0-9]*/smp_affinity_list
2026-09-22T20:19:15.0301239Z + irq=57/smp_affinity_list
2026-09-22T20:19:15.0301720Z + irq=57
2026-09-22T20:19:15.0301896Z + [[ -n '' ]]
2026-09-22T20:19:15.0302083Z + echo 0,1
2026-09-22T20:19:15.0302304Z + for f in /proc/irq/[0-9]*/smp_affinity_list
2026-09-22T20:19:15.0302604Z + irq=58/smp_affinity_list
2026-09-22T20:19:15.0302831Z + irq=58
2026-09-22T20:19:15.0303006Z + [[ -n '' ]]
2026-09-22T20:19:15.0303196Z + echo 0,1
2026-09-22T20:19:15.0303413Z + for f in /proc/irq/[0-9]*/smp_affinity_list
2026-09-22T20:19:15.0303711Z + irq=59/smp_affinity_list
2026-09-22T20:19:15.0303940Z + irq=59
2026-09-22T20:19:15.0304120Z + [[ -n '' ]]
2026-09-22T20:19:15.0304308Z + echo 0,1
2026-09-22T20:19:15.0304529Z + for f in /proc/irq/[0-9]*/smp_affinity_list
2026-09-22T20:19:15.0304831Z + irq=6/smp_affinity_list
2026-09-22T20:19:15.0305057Z + irq=6
2026-09-22T20:19:15.0305237Z + [[ -n '' ]]
2026-09-22T20:19:15.0305428Z + echo 0,1
2026-09-22T20:19:15.0305607Z + true
2026-09-22T20:19:15.0305821Z + for f in /proc/irq/[0-9]*/smp_affinity_list
2026-09-22T20:19:15.0306122Z + irq=60/smp_affinity_list
2026-09-22T20:19:15.0306360Z + irq=60
2026-09-22T20:19:15.0306538Z + [[ -n '' ]]
2026-09-22T20:19:15.0306727Z + echo 0,1
2026-09-22T20:19:15.0306946Z + for f in /proc/irq/[0-9]*/smp_affinity_list
2026-09-22T20:19:15.0307243Z + irq=61/smp_affinity_list
2026-09-22T20:19:15.0307473Z + irq=61
2026-09-22T20:19:15.0307652Z + [[ -n '' ]]
2026-09-22T20:19:15.0307842Z + echo 0,1
2026-09-22T20:19:15.0308057Z + for f in /proc/irq/[0-9]*/smp_affinity_list
2026-09-22T20:19:15.0308358Z + irq=62/smp_affinity_list
2026-09-22T20:19:15.0308587Z + irq=62
2026-09-22T20:19:15.0308765Z + [[ -n '' ]]
2026-09-22T20:19:15.0309142Z + echo 0,1
2026-09-22T20:19:15.0309467Z + for f in /proc/irq/[0-9]*/smp_affinity_list
2026-09-22T20:19:15.0309779Z + irq=63/smp_affinity_list
2026-09-22T20:19:15.0310005Z + irq=63
2026-09-22T20:19:15.0310182Z + [[ -n '' ]]
2026-09-22T20:19:15.0310375Z + echo 0,1
2026-09-22T20:19:15.0310591Z + for f in /proc/irq/[0-9]*/smp_affinity_list
2026-09-22T20:19:15.0310890Z + irq=64/smp_affinity_list
2026-09-22T20:19:15.0311123Z + irq=64
2026-09-22T20:19:15.0311304Z + [[ -n '' ]]
2026-09-22T20:19:15.0311490Z + echo 0,1
2026-09-22T20:19:15.0311705Z + for f in /proc/irq/[0-9]*/smp_affinity_list
2026-09-22T20:19:15.0312009Z + irq=65/smp_affinity_list
2026-09-22T20:19:15.0312236Z + irq=65
2026-09-22T20:19:15.0312413Z + [[ -n '' ]]
2026-09-22T20:19:15.0312598Z + echo 0,1
2026-09-22T20:19:15.0312817Z + for f in /proc/irq/[0-9]*/smp_affinity_list
2026-09-22T20:19:15.0313118Z + irq=66/smp_affinity_list
2026-09-22T20:19:15.0313345Z + irq=66
2026-09-22T20:19:15.0313526Z + [[ -n '' ]]
2026-09-22T20:19:15.0313718Z + echo 0,1
2026-09-22T20:19:15.0313939Z + for f in /proc/irq/[0-9]*/smp_affinity_list
2026-09-22T20:19:15.0314239Z + irq=67/smp_affinity_list
2026-09-22T20:19:15.0314469Z + irq=67
2026-09-22T20:19:15.0314647Z + [[ -n '' ]]
2026-09-22T20:19:15.0314834Z + echo 0,1
2026-09-22T20:19:15.0315055Z + for f in /proc/irq/[0-9]*/smp_affinity_list
2026-09-22T20:19:15.0315356Z + irq=68/smp_affinity_list
2026-09-22T20:19:15.0315586Z + irq=68
2026-09-22T20:19:15.0315761Z + [[ -n '' ]]
2026-09-22T20:19:15.0315955Z + echo 0,1
2026-09-22T20:19:15.0316173Z + for f in /proc/irq/[0-9]*/smp_affinity_list
2026-09-22T20:19:15.0316473Z + irq=69/smp_affinity_list
2026-09-22T20:19:15.0316701Z + irq=69
2026-09-22T20:19:15.0316878Z + [[ -n '' ]]
2026-09-22T20:19:15.0317066Z + echo 0,1
2026-09-22T20:19:15.0317284Z + for f in /proc/irq/[0-9]*/smp_affinity_list
2026-09-22T20:19:15.0317586Z + irq=7/smp_affinity_list
2026-09-22T20:19:15.0317809Z + irq=7
2026-09-22T20:19:15.0317984Z + [[ -n '' ]]
2026-09-22T20:19:15.0318178Z + echo 0,1
2026-09-22T20:19:15.0318361Z + true
2026-09-22T20:19:15.0318575Z + for f in /proc/irq/[0-9]*/smp_affinity_list
2026-09-22T20:19:15.0318874Z + irq=70/smp_affinity_list
2026-09-22T20:19:15.0319105Z + irq=70
2026-09-22T20:19:15.0319286Z + [[ -n '' ]]
2026-09-22T20:19:15.0319564Z + echo 0,1
2026-09-22T20:19:15.0319790Z + for f in /proc/irq/[0-9]*/smp_affinity_list
2026-09-22T20:19:15.0320092Z + irq=71/smp_affinity_list
2026-09-22T20:19:15.0320543Z + irq=71
2026-09-22T20:19:15.0320724Z + [[ -n '' ]]
2026-09-22T20:19:15.0320916Z + echo 0,1
2026-09-22T20:19:15.0321133Z + for f in /proc/irq/[0-9]*/smp_affinity_list
2026-09-22T20:19:15.0321431Z + irq=72/smp_affinity_list
2026-09-22T20:19:15.0321666Z + irq=72
2026-09-22T20:19:15.0321843Z + [[ -n '' ]]
2026-09-22T20:19:15.0322032Z + echo 0,1
2026-09-22T20:19:15.0322249Z + for f in /proc/irq/[0-9]*/smp_affinity_list
2026-09-22T20:19:15.0322554Z + irq=73/smp_affinity_list
2026-09-22T20:19:15.0322781Z + irq=73
2026-09-22T20:19:15.0322959Z + [[ -n '' ]]
2026-09-22T20:19:15.0323151Z + echo 0,1
2026-09-22T20:19:15.0323373Z + for f in /proc/irq/[0-9]*/smp_affinity_list
2026-09-22T20:19:15.0323671Z + irq=74/smp_affinity_list
2026-09-22T20:19:15.0323897Z + irq=74
2026-09-22T20:19:15.0324079Z + [[ -n '' ]]
2026-09-22T20:19:15.0324268Z + echo 0,1
2026-09-22T20:19:15.0324481Z + for f in /proc/irq/[0-9]*/smp_affinity_list
2026-09-22T20:19:15.0324784Z + irq=75/smp_affinity_list
2026-09-22T20:19:15.0325018Z + irq=75
2026-09-22T20:19:15.0325197Z + [[ -n '' ]]
2026-09-22T20:19:15.0325386Z + echo 0,1
2026-09-22T20:19:15.0325605Z + for f in /proc/irq/[0-9]*/smp_affinity_list
2026-09-22T20:19:15.0325909Z + irq=76/smp_affinity_list
2026-09-22T20:19:15.0326136Z + irq=76
2026-09-22T20:19:15.0326316Z + [[ -n '' ]]
2026-09-22T20:19:15.0326505Z + echo 0,1
2026-09-22T20:19:15.0326718Z + for f in /proc/irq/[0-9]*/smp_affinity_list
2026-09-22T20:19:15.0327019Z + irq=77/smp_affinity_list
2026-09-22T20:19:15.0327248Z + irq=77
2026-09-22T20:19:15.0327430Z + [[ -n '' ]]
2026-09-22T20:19:15.0327618Z + echo 0,1
2026-09-22T20:19:15.0328033Z + for f in /proc/irq/[0-9]*/smp_affinity_list
2026-09-22T20:19:15.0328386Z + irq=78/smp_affinity_list
2026-09-22T20:19:15.0328615Z + irq=78
2026-09-22T20:19:15.0328805Z + [[ -n '' ]]
2026-09-22T20:19:15.0328993Z + echo 0,1
2026-09-22T20:19:15.0329208Z + for f in /proc/irq/[0-9]*/smp_affinity_list
2026-09-22T20:19:15.0329585Z + irq=79/smp_affinity_list
2026-09-22T20:19:15.0329821Z + irq=79
2026-09-22T20:19:15.0330007Z + [[ -n '' ]]
2026-09-22T20:19:15.0330194Z + echo 0,1
2026-09-22T20:19:15.0330414Z + for f in /proc/irq/[0-9]*/smp_affinity_list
2026-09-22T20:19:15.0330713Z + irq=8/smp_affinity_list
2026-09-22T20:19:15.0330939Z + irq=8
2026-09-22T20:19:15.0331113Z + [[ -n '' ]]
2026-09-22T20:19:15.0331358Z + echo 0,1
2026-09-22T20:19:15.0331753Z + true
2026-09-22T20:19:15.0331897Z + for f in /proc/irq/[0-9]*/smp_affinity_list
2026-09-22T20:19:15.0332065Z + irq=80/smp_affinity_list
2026-09-22T20:19:15.0332177Z + irq=80
2026-09-22T20:19:15.0332270Z + [[ -n '' ]]
2026-09-22T20:19:15.0342633Z + echo 0,1
2026-09-22T20:19:15.0342846Z + for f in /proc/irq/[0-9]*/smp_affinity_list
2026-09-22T20:19:15.0342944Z + irq=81/smp_affinity_list
2026-09-22T20:19:15.0343019Z + irq=81
2026-09-22T20:19:15.0343101Z + [[ -n '' ]]
2026-09-22T20:19:15.0343180Z + echo 0,1
2026-09-22T20:19:15.0343295Z + for f in /proc/irq/[0-9]*/smp_affinity_list
2026-09-22T20:19:15.0343387Z + irq=82/smp_affinity_list
2026-09-22T20:19:15.0343470Z + irq=82
2026-09-22T20:19:15.0343544Z + [[ -n '' ]]
2026-09-22T20:19:15.0343621Z + echo 0,1
2026-09-22T20:19:15.0343732Z + for f in /proc/irq/[0-9]*/smp_affinity_list
2026-09-22T20:19:15.0343824Z + irq=83/smp_affinity_list
2026-09-22T20:19:15.0343900Z + irq=83
2026-09-22T20:19:15.0343973Z + [[ -n '' ]]
2026-09-22T20:19:15.0344049Z + echo 0,1
2026-09-22T20:19:15.0344162Z + for f in /proc/irq/[0-9]*/smp_affinity_list
2026-09-22T20:19:15.0344249Z + irq=84/smp_affinity_list
2026-09-22T20:19:15.0344326Z + irq=84
2026-09-22T20:19:15.0344403Z + [[ -n '' ]]
2026-09-22T20:19:15.0344475Z + echo 0,1
2026-09-22T20:19:15.0344593Z + for f in /proc/irq/[0-9]*/smp_affinity_list
2026-09-22T20:19:15.0344684Z + irq=85/smp_affinity_list
2026-09-22T20:19:15.0344757Z + irq=85
2026-09-22T20:19:15.0344834Z + [[ -n '' ]]
2026-09-22T20:19:15.0344911Z + echo 0,1
2026-09-22T20:19:15.0345020Z + for f in /proc/irq/[0-9]*/smp_affinity_list
2026-09-22T20:19:15.0345110Z + irq=86/smp_affinity_list
2026-09-22T20:19:15.0345187Z + irq=86
2026-09-22T20:19:15.0345557Z + [[ -n '' ]]
2026-09-22T20:19:15.0345639Z + echo 0,1
2026-09-22T20:19:15.0345757Z + for f in /proc/irq/[0-9]*/smp_affinity_list
2026-09-22T20:19:15.0345844Z + irq=87/smp_affinity_list
2026-09-22T20:19:15.0345919Z + irq=87
2026-09-22T20:19:15.0345999Z + [[ -n '' ]]
2026-09-22T20:19:15.0346072Z + echo 0,1
2026-09-22T20:19:15.0346185Z + for f in /proc/irq/[0-9]*/smp_affinity_list
2026-09-22T20:19:15.0346274Z + irq=88/smp_affinity_list
2026-09-22T20:19:15.0346347Z + irq=88
2026-09-22T20:19:15.0346422Z + [[ -n '' ]]
2026-09-22T20:19:15.0346499Z + echo 0,1
2026-09-22T20:19:15.0346612Z + for f in /proc/irq/[0-9]*/smp_affinity_list
2026-09-22T20:19:15.0346702Z + irq=89/smp_affinity_list
2026-09-22T20:19:15.0346777Z + irq=89
2026-09-22T20:19:15.0346853Z + [[ -n '' ]]
2026-09-22T20:19:15.0346930Z + echo 0,1
2026-09-22T20:19:15.0347037Z + for f in /proc/irq/[0-9]*/smp_affinity_list
2026-09-22T20:19:15.0347128Z + irq=9/smp_affinity_list
2026-09-22T20:19:15.0347204Z + irq=9
2026-09-22T20:19:15.0347284Z + [[ -n '' ]]
2026-09-22T20:19:15.0347362Z + echo 0,1
2026-09-22T20:19:15.0347437Z + true
2026-09-22T20:19:15.0347544Z + for f in /proc/irq/[0-9]*/smp_affinity_list
2026-09-22T20:19:15.0347635Z + irq=90/smp_affinity_list
2026-09-22T20:19:15.0347711Z + irq=90
2026-09-22T20:19:15.0347785Z + [[ -n '' ]]
2026-09-22T20:19:15.0347863Z + echo 0,1
2026-09-22T20:19:15.0347976Z + for f in /proc/irq/[0-9]*/smp_affinity_list
2026-09-22T20:19:15.0348063Z + irq=91/smp_affinity_list
2026-09-22T20:19:15.0348141Z + irq=91
2026-09-22T20:19:15.0348218Z + [[ -n '' ]]
2026-09-22T20:19:15.0348292Z + echo 0,1
2026-09-22T20:19:15.0348538Z + for f in /proc/irq/[0-9]*/smp_affinity_list
2026-09-22T20:19:15.0348641Z + irq=92/smp_affinity_list
2026-09-22T20:19:15.0348714Z + irq=92
2026-09-22T20:19:15.0348792Z + [[ -n '' ]]
2026-09-22T20:19:15.0348868Z + echo 0,1
2026-09-22T20:19:15.0348977Z + for f in /proc/irq/[0-9]*/smp_affinity_list
2026-09-22T20:19:15.0349066Z + irq=93/smp_affinity_list
2026-09-22T20:19:15.0349141Z + irq=93
2026-09-22T20:19:15.0349219Z + [[ -n '' ]]
2026-09-22T20:19:15.0349295Z + echo 0,1
2026-09-22T20:19:15.0349481Z + for f in /proc/irq/[0-9]*/smp_affinity_list
2026-09-22T20:19:15.0349569Z + irq=94/smp_affinity_list
2026-09-22T20:19:15.0349645Z + irq=94
2026-09-22T20:19:15.0349723Z + [[ -n '' ]]
2026-09-22T20:19:15.0349796Z + echo 0,1
2026-09-22T20:19:15.0349884Z + command -v python3
2026-09-22T20:19:15.0349969Z ++ expand_cpulist 0,1
2026-09-22T20:19:15.0350049Z ++ [[ -n 0,1 ]]
2026-09-22T20:19:15.0350136Z ++ local parts part
2026-09-22T20:19:15.0350209Z ++ IFS=,
2026-09-22T20:19:15.0350290Z ++ read -ra parts
2026-09-22T20:19:15.0350519Z ++ python3 -c 'import sys; print(f"{sum(1 << int(l) for l in sys.stdin):x}")'
2026-09-22T20:19:15.0350613Z ++ for part in "${parts[@]}"
2026-09-22T20:19:15.0350688Z ++ seq 0 0
2026-09-22T20:19:15.0350780Z ++ for part in "${parts[@]}"
2026-09-22T20:19:15.0350854Z ++ seq 1 1
2026-09-22T20:19:15.0429577Z + wq_mask=3
2026-09-22T20:19:15.0429785Z + sysfs_write /sys/devices/virtual/workqueue/cpumask 3
2026-09-22T20:19:15.0429885Z + [[ -n 3 ]]
2026-09-22T20:19:15.0430016Z + [[ -w /sys/devices/virtual/workqueue/cpumask ]]
2026-09-22T20:19:15.0430093Z + echo 3
2026-09-22T20:19:15.0435913Z + mkdir -p /etc/systemd/system.conf.d
2026-09-22T20:19:15.0445743Z + cat
2026-09-22T20:19:15.0454617Z + systemctl daemon-reexec
2026-09-22T20:19:15.7913533Z + cat
2026-09-22T20:19:15.7922308Z + chmod 0644 /tmp/vortex-benchmark.env
2026-09-22T20:19:15.8093080Z ##[group]Run CodSpeedHQ/action@4296e51e7041e24dadb86d1d6e8b9320d223dbe8
2026-09-22T20:19:15.8093541Z with:
2026-09-22T20:19:15.8093860Z   run: bash scripts/bench-taskset.sh cargo codspeed run -- '.*::neon::'
2026-09-22T20:19:15.8094612Z   token: ***
2026-09-22T20:19:15.8094818Z   mode: walltime
2026-09-22T20:19:15.8095036Z   cache-instruments: true
2026-09-22T20:19:15.8095326Z   instruments-cache-dir: ~/.cache/codspeed-action
2026-09-22T20:19:15.8095651Z   allow-empty: false
2026-09-22T20:19:15.8095890Z   skip-hash-check-warning: false
2026-09-22T20:19:15.8096422Z env:
2026-09-22T20:19:15.8096609Z   CARGO_TERM_COLOR: always
2026-09-22T20:19:15.8096845Z   RUST_BACKTRACE: 1
2026-09-22T20:19:15.8097080Z   NIGHTLY_TOOLCHAIN: nightly-2026-09-10
2026-09-22T20:19:15.8097389Z   RUNNER_TOOL_CACHE: /opt/hostedtoolcache
2026-09-22T20:19:15.8097683Z   RUNS_ON_HOME: /runs-on
2026-09-22T20:19:15.8097919Z   RUNS_ON_VERSION: v3.3.0
2026-09-22T20:19:15.8098199Z   RUNS_ON_AGENT_BINARY: /runs-on/agent
2026-09-22T20:19:15.8098484Z   RUNS_ON_AGENT_ARCH: arm64
2026-09-22T20:19:15.8098732Z   RUNS_ON_AGENT_USER: runner
2026-09-22T20:19:15.8098995Z   RUNS_ON_AMI_ID: ami-098c62767651982c5
2026-09-22T20:19:15.8099281Z   RUNS_ON_AWS_REGION: us-east-1
2026-09-22T20:19:15.8099638Z   RUNS_ON_AWS_AZ: us-east-1b
2026-09-22T20:19:15.8099923Z   RUNS_ON_ENV_CUSTOM_FILE: /runs-on/env.custom
2026-09-22T20:19:15.8100246Z   RUNS_ON_INSTANCE_ID: i-095c3924ee3cd9aac
2026-09-22T20:19:15.8100544Z   RUNS_ON_INSTANCE_LIFECYCLE: spot
2026-09-22T20:19:15.8100825Z   RUNS_ON_INSTANCE_TYPE: c7g.metal
2026-09-22T20:19:15.8101102Z   RUNS_ON_STACK_NAME: runs-on-v3
2026-09-22T20:19:15.8101454Z   RUNS_ON_S3_BUCKET_CACHE: runs-on-v3-s3bucketcache-dbnub4tpjhpv
2026-09-22T20:19:15.8101874Z   ACTIONS_RUNNER_HOOK_JOB_STARTED: /runs-on/pre.sh
2026-09-22T20:19:15.8102249Z   ACTIONS_RUNNER_HOOK_JOB_COMPLETED: /runs-on/post.sh
2026-09-22T20:19:15.8102607Z   GITHUB_SERVER_URL: https://github.com/
2026-09-22T20:19:15.8102935Z   GITHUB_API_URL: https://api.github.com/
2026-09-22T20:19:15.8103239Z   GITHUB_HOST: github.com
2026-09-22T20:19:15.8103569Z   RUNS_ON_RUNNER_NAME: runs-on--i-095c3924ee3cd9aac--c0f60053-8
2026-09-22T20:19:15.8103976Z   RUNS_ON_INSTANCE_LAUNCHED_AT: 2026-09-22T20:18:05Z
2026-09-22T20:19:15.8104330Z   ACTIONS_CACHE_URL: http://10.1.19.130:6871/
2026-09-22T20:19:15.8104640Z   ACTIONS_CACHE_SERVICE_V2: true
2026-09-22T20:19:15.8104936Z   ACTIONS_RESULTS_URL: http://10.1.19.130:6871/
2026-09-22T20:19:15.8105328Z   RUNS_ON_S3_CACHE_REPO_PREFIX: cache/repo/vortex-data/vortex
2026-09-22T20:19:15.8105710Z   RUNS_ON_ACTION_COST_TRACKING_CLAIMED: true
2026-09-22T20:19:15.8106023Z   RUSTUP_TOOLCHAIN: 1.98.0
2026-09-22T20:19:15.8106275Z   DIVAN_SAMPLE_COUNT: 1000
2026-09-22T20:19:15.8106511Z ##[endgroup]
2026-09-22T20:19:15.8112068Z ##[start-action display=Determine runner and kernel version;id=__CodSpeedHQ_action.versions]
2026-09-22T20:19:15.8128394Z ##[group]Run RUNNER_VERSION=""
2026-09-22T20:19:15.8128749Z [36;1mRUNNER_VERSION=""[0m
2026-09-22T20:19:15.8129032Z [36;1mif [ -z "$RUNNER_VERSION" ]; then[0m
2026-09-22T20:19:15.8129646Z [36;1m  RUNNER_VERSION=$(cat $GITHUB_ACTION_PATH/.codspeed-runner-version)[0m
2026-09-22T20:19:15.8130062Z [36;1mfi[0m
2026-09-22T20:19:15.8130354Z [36;1m# Strip 'v' prefix if present to normalize version format[0m
2026-09-22T20:19:15.8130763Z [36;1mRUNNER_VERSION="${RUNNER_VERSION#v}"[0m
2026-09-22T20:19:15.8131057Z [36;1m[0m
2026-09-22T20:19:15.8131418Z [36;1m# Detect version type (priority: latest > version number > branch/rev prefixes)[0m
2026-09-22T20:19:15.8131922Z [36;1mif [ "$RUNNER_VERSION" = "latest" ]; then[0m
2026-09-22T20:19:15.8132244Z [36;1m  VERSION_TYPE="latest"[0m
2026-09-22T20:19:15.8132638Z [36;1melif echo "$RUNNER_VERSION" | grep -qE '^[0-9]+\.[0-9]+\.[0-9]+-'; then[0m
2026-09-22T20:19:15.8133069Z [36;1m  VERSION_TYPE="prerelease"[0m
2026-09-22T20:19:15.8133468Z [36;1melif echo "$RUNNER_VERSION" | grep -qE '^[0-9]+\.[0-9]+\.[0-9]+'; then[0m
2026-09-22T20:19:15.8134126Z [36;1m  VERSION_TYPE="release"[0m
2026-09-22T20:19:15.8134508Z [36;1melif echo "$RUNNER_VERSION" | grep -q '^branch:'; then[0m
2026-09-22T20:19:15.8134878Z [36;1m  VERSION_TYPE="branch"[0m
2026-09-22T20:19:15.8135271Z [36;1m  RUNNER_VERSION=$(echo "$RUNNER_VERSION" | sed 's/^branch://')[0m
2026-09-22T20:19:15.8135737Z [36;1melif echo "$RUNNER_VERSION" | grep -q '^rev:'; then[0m
2026-09-22T20:19:15.8136088Z [36;1m  VERSION_TYPE="rev"[0m
2026-09-22T20:19:15.8136439Z [36;1m  RUNNER_VERSION=$(echo "$RUNNER_VERSION" | sed 's/^rev://')[0m
2026-09-22T20:19:15.8136809Z [36;1melse[0m
2026-09-22T20:19:15.8137198Z [36;1m  # Default to release version[0m
2026-09-22T20:19:15.8137494Z [36;1m  VERSION_TYPE="release"[0m
2026-09-22T20:19:15.8137752Z [36;1mfi[0m
2026-09-22T20:19:15.8137939Z [36;1m[0m
2026-09-22T20:19:15.8138222Z [36;1mecho "runner-version=$RUNNER_VERSION" >> $GITHUB_OUTPUT[0m
2026-09-22T20:19:15.8138671Z [36;1mecho "version-type=$VERSION_TYPE" >> $GITHUB_OUTPUT[0m
2026-09-22T20:19:15.8139022Z [36;1m[0m
2026-09-22T20:19:15.8139237Z [36;1m# Get kernel version for cache key[0m
2026-09-22T20:19:15.8139645Z [36;1mKERNEL_VERSION=$(uname -r)[0m
2026-09-22T20:19:15.8140016Z [36;1mecho "kernel-version=$KERNEL_VERSION" >> $GITHUB_OUTPUT[0m
2026-09-22T20:19:15.8140372Z [36;1m[0m
2026-09-22T20:19:15.8140696Z [36;1m# Normalize mode for cache key (commas are not allowed in cache keys)[0m
2026-09-22T20:19:15.8141170Z [36;1mMODE_CACHE_KEY=$(echo "walltime" | tr ',' '-')[0m
2026-09-22T20:19:15.8141583Z [36;1mecho "mode-cache-key=$MODE_CACHE_KEY" >> $GITHUB_OUTPUT[0m
2026-09-22T20:19:15.8164823Z shell: /usr/bin/bash --noprofile --norc -e -o pipefail {0}
2026-09-22T20:19:15.8165175Z env:
2026-09-22T20:19:15.8165371Z   CARGO_TERM_COLOR: always
2026-09-22T20:19:15.8165608Z   RUST_BACKTRACE: 1
2026-09-22T20:19:15.8165848Z   NIGHTLY_TOOLCHAIN: nightly-2026-09-10
2026-09-22T20:19:15.8166158Z   RUNNER_TOOL_CACHE: /opt/hostedtoolcache
2026-09-22T20:19:15.8166448Z   RUNS_ON_HOME: /runs-on
2026-09-22T20:19:15.8166691Z   RUNS_ON_VERSION: v3.3.0
2026-09-22T20:19:15.8166948Z   RUNS_ON_AGENT_BINARY: /runs-on/agent
2026-09-22T20:19:15.8167231Z   RUNS_ON_AGENT_ARCH: arm64
2026-09-22T20:19:15.8167479Z   RUNS_ON_AGENT_USER: runner
2026-09-22T20:19:15.8167745Z   RUNS_ON_AMI_ID: ami-098c62767651982c5
2026-09-22T20:19:15.8168029Z   RUNS_ON_AWS_REGION: us-east-1
2026-09-22T20:19:15.8168289Z   RUNS_ON_AWS_AZ: us-east-1b
2026-09-22T20:19:15.8168572Z   RUNS_ON_ENV_CUSTOM_FILE: /runs-on/env.custom
2026-09-22T20:19:15.8168895Z   RUNS_ON_INSTANCE_ID: i-095c3924ee3cd9aac
2026-09-22T20:19:15.8169205Z   RUNS_ON_INSTANCE_LIFECYCLE: spot
2026-09-22T20:19:15.8169572Z   RUNS_ON_INSTANCE_TYPE: c7g.metal
2026-09-22T20:19:15.8169853Z   RUNS_ON_STACK_NAME: runs-on-v3
2026-09-22T20:19:15.8170208Z   RUNS_ON_S3_BUCKET_CACHE: runs-on-v3-s3bucketcache-dbnub4tpjhpv
2026-09-22T20:19:15.8170626Z   ACTIONS_RUNNER_HOOK_JOB_STARTED: /runs-on/pre.sh
2026-09-22T20:19:15.8171002Z   ACTIONS_RUNNER_HOOK_JOB_COMPLETED: /runs-on/post.sh
2026-09-22T20:19:15.8171366Z   GITHUB_SERVER_URL: https://github.com/
2026-09-22T20:19:15.8171684Z   GITHUB_API_URL: https://api.github.com/
2026-09-22T20:19:15.8171986Z   GITHUB_HOST: github.com
2026-09-22T20:19:15.8172313Z   RUNS_ON_RUNNER_NAME: runs-on--i-095c3924ee3cd9aac--c0f60053-8
2026-09-22T20:19:15.8172721Z   RUNS_ON_INSTANCE_LAUNCHED_AT: 2026-09-22T20:18:05Z
2026-09-22T20:19:15.8173072Z   ACTIONS_CACHE_URL: http://10.1.19.130:6871/
2026-09-22T20:19:15.8173386Z   ACTIONS_CACHE_SERVICE_V2: true
2026-09-22T20:19:15.8173680Z   ACTIONS_RESULTS_URL: http://10.1.19.130:6871/
2026-09-22T20:19:15.8174076Z   RUNS_ON_S3_CACHE_REPO_PREFIX: cache/repo/vortex-data/vortex
2026-09-22T20:19:15.8174456Z   RUNS_ON_ACTION_COST_TRACKING_CLAIMED: true
2026-09-22T20:19:15.8174759Z   RUSTUP_TOOLCHAIN: 1.98.0
2026-09-22T20:19:15.8175009Z   DIVAN_SAMPLE_COUNT: 1000
2026-09-22T20:19:15.8175241Z ##[endgroup]
2026-09-22T20:19:15.8275866Z ##[end-action id=__CodSpeedHQ_action.versions;outcome=success;conclusion=success;duration_ms=16]
2026-09-22T20:19:15.8278494Z ##[start-action display=Cache CodSpeed instruments;id=__CodSpeedHQ_action.__actions_cache]
2026-09-22T20:19:15.8316187Z ##[group]Run actions/cache@668228422ae6a00e4ad889ee87cd7109ec5666a7
2026-09-22T20:19:15.8316558Z with:
2026-09-22T20:19:15.8316771Z   path: ~/.cache/codspeed-action
2026-09-22T20:19:15.8317174Z   key: codspeed-instruments-walltime-Linux-ARM64-6.17.0-1019-aws-5.0.2
2026-09-22T20:19:15.8317759Z   restore-keys: codspeed-instruments-walltime-Linux-ARM64-6.17.0-1019-aws-

2026-09-22T20:19:15.8318225Z   enableCrossOsArchive: false
2026-09-22T20:19:15.8318791Z   fail-on-cache-miss: false
2026-09-22T20:19:15.8319039Z   lookup-only: false
2026-09-22T20:19:15.8319266Z   save-always: false
2026-09-22T20:19:15.8319587Z env:
2026-09-22T20:19:15.8319782Z   CARGO_TERM_COLOR: always
2026-09-22T20:19:15.8320021Z   RUST_BACKTRACE: 1
2026-09-22T20:19:15.8320258Z   NIGHTLY_TOOLCHAIN: nightly-2026-09-10
2026-09-22T20:19:15.8320571Z   RUNNER_TOOL_CACHE: /opt/hostedtoolcache
2026-09-22T20:19:15.8320867Z   RUNS_ON_HOME: /runs-on
2026-09-22T20:19:15.8321107Z   RUNS_ON_VERSION: v3.3.0
2026-09-22T20:19:15.8321361Z   RUNS_ON_AGENT_BINARY: /runs-on/agent
2026-09-22T20:19:15.8321642Z   RUNS_ON_AGENT_ARCH: arm64
2026-09-22T20:19:15.8321897Z   RUNS_ON_AGENT_USER: runner
2026-09-22T20:19:15.8322155Z   RUNS_ON_AMI_ID: ami-098c62767651982c5
2026-09-22T20:19:15.8322441Z   RUNS_ON_AWS_REGION: us-east-1
2026-09-22T20:19:15.8322700Z   RUNS_ON_AWS_AZ: us-east-1b
2026-09-22T20:19:15.8322983Z   RUNS_ON_ENV_CUSTOM_FILE: /runs-on/env.custom
2026-09-22T20:19:15.8323307Z   RUNS_ON_INSTANCE_ID: i-095c3924ee3cd9aac
2026-09-22T20:19:15.8323617Z   RUNS_ON_INSTANCE_LIFECYCLE: spot
2026-09-22T20:19:15.8323900Z   RUNS_ON_INSTANCE_TYPE: c7g.metal
2026-09-22T20:19:15.8324174Z   RUNS_ON_STACK_NAME: runs-on-v3
2026-09-22T20:19:15.8324522Z   RUNS_ON_S3_BUCKET_CACHE: runs-on-v3-s3bucketcache-dbnub4tpjhpv
2026-09-22T20:19:15.8324946Z   ACTIONS_RUNNER_HOOK_JOB_STARTED: /runs-on/pre.sh
2026-09-22T20:19:15.8325333Z   ACTIONS_RUNNER_HOOK_JOB_COMPLETED: /runs-on/post.sh
2026-09-22T20:19:15.8325696Z   GITHUB_SERVER_URL: https://github.com/
2026-09-22T20:19:15.8326023Z   GITHUB_API_URL: https://api.github.com/
2026-09-22T20:19:15.8326318Z   GITHUB_HOST: github.com
2026-09-22T20:19:15.8326641Z   RUNS_ON_RUNNER_NAME: runs-on--i-095c3924ee3cd9aac--c0f60053-8
2026-09-22T20:19:15.8327057Z   RUNS_ON_INSTANCE_LAUNCHED_AT: 2026-09-22T20:18:05Z
2026-09-22T20:19:15.8327407Z   ACTIONS_CACHE_URL: http://10.1.19.130:6871/
2026-09-22T20:19:15.8327719Z   ACTIONS_CACHE_SERVICE_V2: true
2026-09-22T20:19:15.8328015Z   ACTIONS_RESULTS_URL: http://10.1.19.130:6871/
2026-09-22T20:19:15.8328415Z   RUNS_ON_S3_CACHE_REPO_PREFIX: cache/repo/vortex-data/vortex
2026-09-22T20:19:15.8328799Z   RUNS_ON_ACTION_COST_TRACKING_CLAIMED: true
2026-09-22T20:19:15.8329103Z   RUSTUP_TOOLCHAIN: 1.98.0
2026-09-22T20:19:15.8329353Z   DIVAN_SAMPLE_COUNT: 1000
2026-09-22T20:19:15.8329784Z ##[endgroup]
2026-09-22T20:19:16.0471063Z Cache not found for input keys: codspeed-instruments-walltime-Linux-ARM64-6.17.0-1019-aws-5.0.2, codspeed-instruments-walltime-Linux-ARM64-6.17.0-1019-aws-
2026-09-22T20:19:16.0519376Z ##[end-action id=__CodSpeedHQ_action.__actions_cache;outcome=success;conclusion=success;duration_ms=224]
2026-09-22T20:19:16.0522831Z ##[start-action display=Lookup installer hash;id=__CodSpeedHQ_action.installer-hash]
2026-09-22T20:19:16.0586268Z ##[group]Run actions/github-script@ed597411d8f924073f98dfc5c65a23a2325f34cd
2026-09-22T20:19:16.0586732Z with:
2026-09-22T20:19:16.0587621Z   script: const hashes = require(`${process.env.GITHUB_ACTION_PATH}/.codspeed-runner-installer-hashes.json`)
const version = process.env.RUNNER_VERSION
core.setOutput('hash', hashes[version] || '')

2026-09-22T20:19:16.0591585Z   github-token: ***
2026-09-22T20:19:16.0591819Z   debug: false
2026-09-22T20:19:16.0592040Z   user-agent: actions/github-script
2026-09-22T20:19:16.0592321Z   result-encoding: json
2026-09-22T20:19:16.0592547Z   retries: 0
2026-09-22T20:19:16.0593024Z   retry-exempt-status-codes: 400,401,403,404,422
2026-09-22T20:19:16.0593356Z env:
2026-09-22T20:19:16.0593552Z   CARGO_TERM_COLOR: always
2026-09-22T20:19:16.0593790Z   RUST_BACKTRACE: 1
2026-09-22T20:19:16.0594023Z   NIGHTLY_TOOLCHAIN: nightly-2026-09-10
2026-09-22T20:19:16.0594328Z   RUNNER_TOOL_CACHE: /opt/hostedtoolcache
2026-09-22T20:19:16.0594620Z   RUNS_ON_HOME: /runs-on
2026-09-22T20:19:16.0594854Z   RUNS_ON_VERSION: v3.3.0
2026-09-22T20:19:16.0595106Z   RUNS_ON_AGENT_BINARY: /runs-on/agent
2026-09-22T20:19:16.0595386Z   RUNS_ON_AGENT_ARCH: arm64
2026-09-22T20:19:16.0595629Z   RUNS_ON_AGENT_USER: runner
2026-09-22T20:19:16.0596062Z   RUNS_ON_AMI_ID: ami-098c62767651982c5
2026-09-22T20:19:16.0596351Z   RUNS_ON_AWS_REGION: us-east-1
2026-09-22T20:19:16.0596609Z   RUNS_ON_AWS_AZ: us-east-1b
2026-09-22T20:19:16.0596888Z   RUNS_ON_ENV_CUSTOM_FILE: /runs-on/env.custom
2026-09-22T20:19:16.0597212Z   RUNS_ON_INSTANCE_ID: i-095c3924ee3cd9aac
2026-09-22T20:19:16.0597514Z   RUNS_ON_INSTANCE_LIFECYCLE: spot
2026-09-22T20:19:16.0597796Z   RUNS_ON_INSTANCE_TYPE: c7g.metal
2026-09-22T20:19:16.0598067Z   RUNS_ON_STACK_NAME: runs-on-v3
2026-09-22T20:19:16.0598419Z   RUNS_ON_S3_BUCKET_CACHE: runs-on-v3-s3bucketcache-dbnub4tpjhpv
2026-09-22T20:19:16.0598839Z   ACTIONS_RUNNER_HOOK_JOB_STARTED: /runs-on/pre.sh
2026-09-22T20:19:16.0599215Z   ACTIONS_RUNNER_HOOK_JOB_COMPLETED: /runs-on/post.sh
2026-09-22T20:19:16.0599661Z   GITHUB_SERVER_URL: https://github.com/
2026-09-22T20:19:16.0599990Z   GITHUB_API_URL: https://api.github.com/
2026-09-22T20:19:16.0600288Z   GITHUB_HOST: github.com
2026-09-22T20:19:16.0600616Z   RUNS_ON_RUNNER_NAME: runs-on--i-095c3924ee3cd9aac--c0f60053-8
2026-09-22T20:19:16.0601031Z   RUNS_ON_INSTANCE_LAUNCHED_AT: 2026-09-22T20:18:05Z
2026-09-22T20:19:16.0601382Z   ACTIONS_CACHE_URL: http://10.1.19.130:6871/
2026-09-22T20:19:16.0601699Z   ACTIONS_CACHE_SERVICE_V2: true
2026-09-22T20:19:16.0601992Z   ACTIONS_RESULTS_URL: http://10.1.19.130:6871/
2026-09-22T20:19:16.0602381Z   RUNS_ON_S3_CACHE_REPO_PREFIX: cache/repo/vortex-data/vortex
2026-09-22T20:19:16.0602767Z   RUNS_ON_ACTION_COST_TRACKING_CLAIMED: true
2026-09-22T20:19:16.0603069Z   RUSTUP_TOOLCHAIN: 1.98.0
2026-09-22T20:19:16.0603314Z   DIVAN_SAMPLE_COUNT: 1000
2026-09-22T20:19:16.0603553Z   RUNNER_VERSION: 5.0.2
2026-09-22T20:19:16.0603779Z ##[endgroup]
2026-09-22T20:19:16.1419496Z ##[end-action id=__CodSpeedHQ_action.installer-hash;outcome=success;conclusion=success;duration_ms=89]
2026-09-22T20:19:16.1422040Z ##[start-action display=Install CodSpeed runner;id=__CodSpeedHQ_action.__run]
2026-09-22T20:19:16.1440257Z ##[group]Run RUNNER_VERSION="5.0.2"
2026-09-22T20:19:16.1440633Z [36;1mRUNNER_VERSION="5.0.2"[0m
2026-09-22T20:19:16.1440907Z [36;1mVERSION_TYPE="release"[0m
2026-09-22T20:19:16.1441160Z [36;1m[0m
2026-09-22T20:19:16.1441371Z [36;1mSKIP_HASH_CHECK_WARNING="false"[0m
2026-09-22T20:19:16.1441647Z [36;1m[0m
2026-09-22T20:19:16.1441877Z [36;1mif [ "$VERSION_TYPE" = "latest" ]; then[0m
2026-09-22T20:19:16.1442257Z [36;1m  if [ "$SKIP_HASH_CHECK_WARNING" != "true" ]; then[0m
2026-09-22T20:19:16.1443025Z [36;1m    echo "::warning::Hash verification is not available when using 'latest' version. Consider pinning a specific version for supply chain security."[0m
2026-09-22T20:19:16.1443727Z [36;1m  fi[0m
2026-09-22T20:19:16.1444065Z [36;1m  curl -fsSL https://codspeed.io/install.sh | bash -s -- --quiet[0m
2026-09-22T20:19:16.1444524Z [36;1melif [ "$VERSION_TYPE" = "prerelease" ]; then[0m
2026-09-22T20:19:16.1445094Z [36;1m  # Prereleases are not pinned, so install from the versioned installer without hash verification.[0m
2026-09-22T20:19:16.1445685Z [36;1m  if [ "$SKIP_HASH_CHECK_WARNING" != "true" ]; then[0m
2026-09-22T20:19:16.1446245Z [36;1m    echo "::warning::Hash verification is not available for prerelease version $RUNNER_VERSION."[0m
2026-09-22T20:19:16.1446752Z [36;1m  fi[0m
2026-09-22T20:19:16.1447141Z [36;1m  curl -fsSL "https://codspeed.io/v$RUNNER_VERSION/install.sh" | bash -s -- --quiet[0m
2026-09-22T20:19:16.1447869Z [36;1melif [ "$VERSION_TYPE" = "branch" ]; then[0m
2026-09-22T20:19:16.1448263Z [36;1m  # Install from specific branch using cargo[0m
2026-09-22T20:19:16.1448645Z [36;1m  if [ "$SKIP_HASH_CHECK_WARNING" != "true" ]; then[0m
2026-09-22T20:19:16.1449168Z [36;1m    echo "::warning::Hash verification is not available when installing from a branch."[0m
2026-09-22T20:19:16.1449895Z [36;1m  fi[0m
2026-09-22T20:19:16.1450112Z [36;1m  source $HOME/.cargo/env[0m
2026-09-22T20:19:16.1450706Z [36;1m  cargo install --locked --git https://github.com/CodSpeedHQ/codspeed --branch "$RUNNER_VERSION" codspeed-runner[0m
2026-09-22T20:19:16.1451514Z [36;1melif [ "$VERSION_TYPE" = "rev" ]; then[0m
2026-09-22T20:19:16.1451883Z [36;1m  # Install from specific commit/rev using cargo[0m
2026-09-22T20:19:16.1452281Z [36;1m  if [ "$SKIP_HASH_CHECK_WARNING" != "true" ]; then[0m
2026-09-22T20:19:16.1452820Z [36;1m    echo "::warning::Hash verification is not available when installing from a revision."[0m
2026-09-22T20:19:16.1453296Z [36;1m  fi[0m
2026-09-22T20:19:16.1453508Z [36;1m  source $HOME/.cargo/env[0m
2026-09-22T20:19:16.1454079Z [36;1m  cargo install --locked --git https://github.com/CodSpeedHQ/codspeed --rev "$RUNNER_VERSION" codspeed-runner[0m
2026-09-22T20:19:16.1454650Z [36;1melse[0m
2026-09-22T20:19:16.1454950Z [36;1m  # Release version - download to temp file and verify hash[0m
2026-09-22T20:19:16.1455459Z [36;1m  INSTALLER_URL="https://codspeed.io/v$RUNNER_VERSION/install.sh"[0m
2026-09-22T20:19:16.1455881Z [36;1m  INSTALLER_TMP=$(mktemp)[0m
2026-09-22T20:19:16.1456181Z [36;1m  trap "rm -f $INSTALLER_TMP" EXIT[0m
2026-09-22T20:19:16.1456480Z [36;1m[0m
2026-09-22T20:19:16.1456680Z [36;1m  CURL_ERR=$(mktemp)[0m
2026-09-22T20:19:16.1457168Z [36;1m  if ! HTTP_CODE=$(curl -sSL -o "$INSTALLER_TMP" -w "%{http_code}" "$INSTALLER_URL" 2>"$CURL_ERR"); then[0m
2026-09-22T20:19:16.1458113Z [36;1m    echo "::error title=Failed to install CodSpeed CLI::Installation of CodSpeed CLI with version $RUNNER_VERSION failed.%0AReason: $(cat "$CURL_ERR")"[0m
2026-09-22T20:19:16.1458810Z [36;1m    exit 1[0m
2026-09-22T20:19:16.1459021Z [36;1m  fi[0m
2026-09-22T20:19:16.1459253Z [36;1m  if [ "$HTTP_CODE" -ge 400 ]; then[0m
2026-09-22T20:19:16.1459774Z [36;1m    error_body=$(cat "$INSTALLER_TMP")[0m
2026-09-22T20:19:16.1460625Z [36;1m    echo "::error title=Failed to install CodSpeed CLI::Installation of CodSpeed CLI with version $RUNNER_VERSION failed.%0AReason: HTTP $HTTP_CODE - ${error_body:-no response body}"[0m
2026-09-22T20:19:16.1461448Z [36;1m    exit 1[0m
2026-09-22T20:19:16.1461667Z [36;1m  fi[0m
2026-09-22T20:19:16.1461857Z [36;1m[0m
2026-09-22T20:19:16.1462258Z [36;1m  EXPECTED_HASH="4ea0e3b0425e01498ff1b70fba78228eedb4dd58efb6093360776fc6e4eae1a9"[0m
2026-09-22T20:19:16.1462763Z [36;1m  if [ -z "$EXPECTED_HASH" ]; then[0m
2026-09-22T20:19:16.1463408Z [36;1m    echo "::error::No pinned hash found for installer version $RUNNER_VERSION. Update .codspeed-runner-installer-hashes.json."[0m
2026-09-22T20:19:16.1464042Z [36;1m    exit 1[0m
2026-09-22T20:19:16.1464253Z [36;1m  fi[0m
2026-09-22T20:19:16.1464445Z [36;1m[0m
2026-09-22T20:19:16.1464742Z [36;1m  ACTUAL_HASH=$(sha256sum "$INSTALLER_TMP" | awk '{print $1}')[0m
2026-09-22T20:19:16.1465182Z [36;1m  if [ "$ACTUAL_HASH" != "$EXPECTED_HASH" ]; then[0m
2026-09-22T20:19:16.1465809Z [36;1m    echo "::error::Installer hash mismatch for version $RUNNER_VERSION. Expected: $EXPECTED_HASH, Got: $ACTUAL_HASH"[0m
2026-09-22T20:19:16.1466380Z [36;1m    exit 1[0m
2026-09-22T20:19:16.1466586Z [36;1m  fi[0m
2026-09-22T20:19:16.1466896Z [36;1m  echo "Installer hash verified for version $RUNNER_VERSION"[0m
2026-09-22T20:19:16.1467267Z [36;1m[0m
2026-09-22T20:19:16.1467480Z [36;1m  bash "$INSTALLER_TMP" --quiet[0m
2026-09-22T20:19:16.1467759Z [36;1mfi[0m
2026-09-22T20:19:16.1491269Z shell: /usr/bin/bash --noprofile --norc -e -o pipefail {0}
2026-09-22T20:19:16.1491622Z env:
2026-09-22T20:19:16.1491820Z   CARGO_TERM_COLOR: always
2026-09-22T20:19:16.1492242Z   RUST_BACKTRACE: 1
2026-09-22T20:19:16.1492512Z   NIGHTLY_TOOLCHAIN: nightly-2026-09-10
2026-09-22T20:19:16.1492826Z   RUNNER_TOOL_CACHE: /opt/hostedtoolcache
2026-09-22T20:19:16.1493119Z   RUNS_ON_HOME: /runs-on
2026-09-22T20:19:16.1493361Z   RUNS_ON_VERSION: v3.3.0
2026-09-22T20:19:16.1493615Z   RUNS_ON_AGENT_BINARY: /runs-on/agent
2026-09-22T20:19:16.1493897Z   RUNS_ON_AGENT_ARCH: arm64
2026-09-22T20:19:16.1494144Z   RUNS_ON_AGENT_USER: runner
2026-09-22T20:19:16.1494406Z   RUNS_ON_AMI_ID: ami-098c62767651982c5
2026-09-22T20:19:16.1494690Z   RUNS_ON_AWS_REGION: us-east-1
2026-09-22T20:19:16.1495117Z   RUNS_ON_AWS_AZ: us-east-1b
2026-09-22T20:19:16.1495403Z   RUNS_ON_ENV_CUSTOM_FILE: /runs-on/env.custom
2026-09-22T20:19:16.1495731Z   RUNS_ON_INSTANCE_ID: i-095c3924ee3cd9aac
2026-09-22T20:19:16.1496031Z   RUNS_ON_INSTANCE_LIFECYCLE: spot
2026-09-22T20:19:16.1496314Z   RUNS_ON_INSTANCE_TYPE: c7g.metal
2026-09-22T20:19:16.1496589Z   RUNS_ON_STACK_NAME: runs-on-v3
2026-09-22T20:19:16.1496947Z   RUNS_ON_S3_BUCKET_CACHE: runs-on-v3-s3bucketcache-dbnub4tpjhpv
2026-09-22T20:19:16.1497371Z   ACTIONS_RUNNER_HOOK_JOB_STARTED: /runs-on/pre.sh
2026-09-22T20:19:16.1497743Z   ACTIONS_RUNNER_HOOK_JOB_COMPLETED: /runs-on/post.sh
2026-09-22T20:19:16.1498102Z   GITHUB_SERVER_URL: https://github.com/
2026-09-22T20:19:16.1498421Z   GITHUB_API_URL: https://api.github.com/
2026-09-22T20:19:16.1498722Z   GITHUB_HOST: github.com
2026-09-22T20:19:16.1499048Z   RUNS_ON_RUNNER_NAME: runs-on--i-095c3924ee3cd9aac--c0f60053-8
2026-09-22T20:19:16.1499576Z   RUNS_ON_INSTANCE_LAUNCHED_AT: 2026-09-22T20:18:05Z
2026-09-22T20:19:16.1499951Z   ACTIONS_CACHE_URL: http://10.1.19.130:6871/
2026-09-22T20:19:16.1500266Z   ACTIONS_CACHE_SERVICE_V2: true
2026-09-22T20:19:16.1500562Z   ACTIONS_RESULTS_URL: http://10.1.19.130:6871/
2026-09-22T20:19:16.1500951Z   RUNS_ON_S3_CACHE_REPO_PREFIX: cache/repo/vortex-data/vortex
2026-09-22T20:19:16.1501334Z   RUNS_ON_ACTION_COST_TRACKING_CLAIMED: true
2026-09-22T20:19:16.1501639Z   RUSTUP_TOOLCHAIN: 1.98.0
2026-09-22T20:19:16.1501889Z   DIVAN_SAMPLE_COUNT: 1000
2026-09-22T20:19:16.1502122Z ##[endgroup]
2026-09-22T20:19:16.4667596Z Installer hash verified for version 5.0.2
2026-09-22T20:19:16.8902974Z ##[end-action id=__CodSpeedHQ_action.__run;outcome=success;conclusion=success;duration_ms=748]
2026-09-22T20:19:16.8932213Z ##[start-action display=Run the benchmarks;id=__CodSpeedHQ_action.__run_2]
2026-09-22T20:19:16.8950081Z ##[group]Run # Validate required inputs
2026-09-22T20:19:16.8950461Z [36;1m# Validate required inputs[0m
2026-09-22T20:19:16.8950794Z [36;1m# (custom message for smoother v4 migration)[0m
2026-09-22T20:19:16.8951157Z [36;1mif [ -z "walltime" ]; then[0m
2026-09-22T20:19:16.8952718Z [36;1m  echo "::error title=Missing required input 'mode'::The 'mode' input is required as of CodSpeed Action v4. Please explicitly set 'mode' to 'simulation' or 'walltime'. Before, this variable was automatically set to instrumentation on every runner except for CodSpeed macro runners where it was set to walltime by default. See https://codspeed.io/docs/instruments for details."[0m
2026-09-22T20:19:16.8954252Z [36;1m  exit 1[0m
2026-09-22T20:19:16.8954453Z [36;1mfi[0m
2026-09-22T20:19:16.8954637Z [36;1m[0m
2026-09-22T20:19:16.8954857Z [36;1m# Build the runner arguments array[0m
2026-09-22T20:19:16.8955163Z [36;1mRUNNER_ARGS=()[0m
2026-09-22T20:19:16.8955581Z [36;1mif [ -n "***" ]; then[0m
2026-09-22T20:19:16.8955955Z [36;1m  RUNNER_ARGS+=(--token "***")[0m
2026-09-22T20:19:16.8956227Z [36;1mfi[0m
2026-09-22T20:19:16.8956427Z [36;1mif [ -n "" ]; then[0m
2026-09-22T20:19:16.8956721Z [36;1m  RUNNER_ARGS+=(--working-directory="")[0m
2026-09-22T20:19:16.8957030Z [36;1mfi[0m
2026-09-22T20:19:16.8957224Z [36;1mif [ -n "" ]; then[0m
2026-09-22T20:19:16.8957492Z [36;1m  RUNNER_ARGS+=(--upload-url="")[0m
2026-09-22T20:19:16.8957772Z [36;1mfi[0m
2026-09-22T20:19:16.8957979Z [36;1mif [ -n "walltime" ]; then[0m
2026-09-22T20:19:16.8958538Z [36;1m  RUNNER_ARGS+=(--mode="walltime")[0m
2026-09-22T20:19:16.8958857Z [36;1mfi[0m
2026-09-22T20:19:16.8959055Z [36;1mif [ -n "" ]; then[0m
2026-09-22T20:19:16.8959330Z [36;1m  RUNNER_ARGS+=(--instruments="")[0m
2026-09-22T20:19:16.8959691Z [36;1mfi[0m
2026-09-22T20:19:16.8959892Z [36;1mif [ -n "" ]; then[0m
2026-09-22T20:19:16.8960182Z [36;1m  RUNNER_ARGS+=(--mongo-uri-env-name="")[0m
2026-09-22T20:19:16.8960493Z [36;1mfi[0m
2026-09-22T20:19:16.8960787Z [36;1mif [ "true" = "true" ] && [ -n "~/.cache/codspeed-action" ]; then[0m
2026-09-22T20:19:16.8961278Z [36;1m  RUNNER_ARGS+=(--setup-cache-dir="~/.cache/codspeed-action")[0m
2026-09-22T20:19:16.8961842Z [36;1mfi[0m
2026-09-22T20:19:16.8962051Z [36;1mif [ "false" = "true" ]; then[0m
2026-09-22T20:19:16.8962348Z [36;1m  RUNNER_ARGS+=(--allow-empty)[0m
2026-09-22T20:19:16.8962624Z [36;1mfi[0m
2026-09-22T20:19:16.8962822Z [36;1mif [ -n "" ]; then[0m
2026-09-22T20:19:16.8963106Z [36;1m  RUNNER_ARGS+=(--go-runner-version="")[0m
2026-09-22T20:19:16.8963411Z [36;1mfi[0m
2026-09-22T20:19:16.8963611Z [36;1mif [ -n "" ]; then[0m
2026-09-22T20:19:16.8963868Z [36;1m  RUNNER_ARGS+=(--config="")[0m
2026-09-22T20:19:16.8964136Z [36;1mfi[0m
2026-09-22T20:19:16.8964338Z [36;1mif [ -n "" ]; then[0m
2026-09-22T20:19:16.8964618Z [36;1m  RUNNER_ARGS+=(--cycle-estimation="")[0m
2026-09-22T20:19:16.8964917Z [36;1mfi[0m
2026-09-22T20:19:16.8965117Z [36;1mif [ -n "" ]; then[0m
2026-09-22T20:19:16.8965408Z [36;1m  RUNNER_ARGS+=(--exclude-allocations="")[0m
2026-09-22T20:19:16.8965714Z [36;1mfi[0m
2026-09-22T20:19:16.8965902Z [36;1m[0m
2026-09-22T20:19:16.8966134Z [36;1mif [ -n "$CODSPEED_INPUT_RUN" ]; then[0m
2026-09-22T20:19:16.8966479Z [36;1m  RUNNER_ARGS+=(-- "$CODSPEED_INPUT_RUN")[0m
2026-09-22T20:19:16.8966780Z [36;1mfi[0m
2026-09-22T20:19:16.8966972Z [36;1m[0m
2026-09-22T20:19:16.8967168Z [36;1m# Run the benchmarks[0m
2026-09-22T20:19:16.8967443Z [36;1mcodspeed run "${RUNNER_ARGS[@]}"[0m
2026-09-22T20:19:16.8990911Z shell: /usr/bin/bash --noprofile --norc -e -o pipefail {0}
2026-09-22T20:19:16.8991263Z env:
2026-09-22T20:19:16.8991462Z   CARGO_TERM_COLOR: always
2026-09-22T20:19:16.8991699Z   RUST_BACKTRACE: 1
2026-09-22T20:19:16.8991934Z   NIGHTLY_TOOLCHAIN: nightly-2026-09-10
2026-09-22T20:19:16.8992241Z   RUNNER_TOOL_CACHE: /opt/hostedtoolcache
2026-09-22T20:19:16.8992532Z   RUNS_ON_HOME: /runs-on
2026-09-22T20:19:16.8992767Z   RUNS_ON_VERSION: v3.3.0
2026-09-22T20:19:16.8993018Z   RUNS_ON_AGENT_BINARY: /runs-on/agent
2026-09-22T20:19:16.8993296Z   RUNS_ON_AGENT_ARCH: arm64
2026-09-22T20:19:16.8993544Z   RUNS_ON_AGENT_USER: runner
2026-09-22T20:19:16.8993814Z   RUNS_ON_AMI_ID: ami-098c62767651982c5
2026-09-22T20:19:16.8994097Z   RUNS_ON_AWS_REGION: us-east-1
2026-09-22T20:19:16.8994357Z   RUNS_ON_AWS_AZ: us-east-1b
2026-09-22T20:19:16.8994636Z   RUNS_ON_ENV_CUSTOM_FILE: /runs-on/env.custom
2026-09-22T20:19:16.8994959Z   RUNS_ON_INSTANCE_ID: i-095c3924ee3cd9aac
2026-09-22T20:19:16.8995263Z   RUNS_ON_INSTANCE_LIFECYCLE: spot
2026-09-22T20:19:16.8995544Z   RUNS_ON_INSTANCE_TYPE: c7g.metal
2026-09-22T20:19:16.8995816Z   RUNS_ON_STACK_NAME: runs-on-v3
2026-09-22T20:19:16.8996170Z   RUNS_ON_S3_BUCKET_CACHE: runs-on-v3-s3bucketcache-dbnub4tpjhpv
2026-09-22T20:19:16.8996592Z   ACTIONS_RUNNER_HOOK_JOB_STARTED: /runs-on/pre.sh
2026-09-22T20:19:16.8996970Z   ACTIONS_RUNNER_HOOK_JOB_COMPLETED: /runs-on/post.sh
2026-09-22T20:19:16.8997330Z   GITHUB_SERVER_URL: https://github.com/
2026-09-22T20:19:16.8997655Z   GITHUB_API_URL: https://api.github.com/
2026-09-22T20:19:16.8997954Z   GITHUB_HOST: github.com
2026-09-22T20:19:16.8998279Z   RUNS_ON_RUNNER_NAME: runs-on--i-095c3924ee3cd9aac--c0f60053-8
2026-09-22T20:19:16.8998701Z   RUNS_ON_INSTANCE_LAUNCHED_AT: 2026-09-22T20:18:05Z
2026-09-22T20:19:16.8999056Z   ACTIONS_CACHE_URL: http://10.1.19.130:6871/
2026-09-22T20:19:16.8999367Z   ACTIONS_CACHE_SERVICE_V2: true
2026-09-22T20:19:16.8999793Z   ACTIONS_RESULTS_URL: http://10.1.19.130:6871/
2026-09-22T20:19:16.9000191Z   RUNS_ON_S3_CACHE_REPO_PREFIX: cache/repo/vortex-data/vortex
2026-09-22T20:19:16.9000799Z   RUNS_ON_ACTION_COST_TRACKING_CLAIMED: true
2026-09-22T20:19:16.9001136Z   RUSTUP_TOOLCHAIN: 1.98.0
2026-09-22T20:19:16.9001382Z   DIVAN_SAMPLE_COUNT: 1000
2026-09-22T20:19:16.9002194Z   GH_MATRIX: {
  "features": "neon",
  "family": "c7g.metal",
  "build-family": "c7g.4xlarge",
  "image": "ubuntu24-full-arm64-pre-v2",
  "rustflags": "-C target-feature=+neon -C force-frame-pointers=yes"
}
2026-09-22T20:19:16.9003209Z   GH_STRATEGY: {
  "fail-fast": false,
  "job-index": 2,
  "job-total": 3,
  "max-parallel": 3
}
2026-09-22T20:19:16.9003839Z   CODSPEED_INPUT_RUN: bash scripts/bench-taskset.sh cargo codspeed run -- '.*::neon::'
2026-09-22T20:19:16.9004478Z ##[endgroup]
2026-09-22T20:19:16.9339724Z 
2026-09-22T20:19:16.9340166Z    ______            __ _____                         __
2026-09-22T20:19:16.9340748Z   / ____/____   ____/ // ___/ ____   ___   ___   ____/ /
2026-09-22T20:19:16.9341280Z  / /    / __ \ / __  / \__ \ / __ \ / _ \ / _ \ / __  /
2026-09-22T20:19:16.9341772Z / /___ / /_/ // /_/ / ___/ // /_/ //  __//  __// /_/ /
2026-09-22T20:19:16.9342262Z \____/ \____/ \__,_/ /____// .___/ \___/ \___/ \__,_/
2026-09-22T20:19:16.9342784Z   https://codspeed.io     /_/          runner v5.0.2
2026-09-22T20:19:16.9343182Z 
2026-09-22T20:19:16.9343694Z ##[group]Running the benchmarks
2026-09-22T20:19:24.4185863Z [cargo-codspeed] Measurement mode: Walltime
2026-09-22T20:19:24.4186145Z 
2026-09-22T20:19:24.4189587Z Collected 10 benchmark suite(s) to run
2026-09-22T20:19:24.4189914Z Running vortex-array row_fn_output
2026-09-22T20:19:24.4222184Z Timer precision: 29 ns
2026-09-22T20:19:24.4222723Z row_fn_output                           fastest       │ slowest       │ median        │ mean          │ samples │ iters
2026-09-22T20:19:24.4223886Z ├─ neon::deferred_bool_constant_neon                  │               │               │               │         │
2026-09-22T20:19:24.5027647Z │  ├─ ConstantPerRow                    4.285 µs      │ 78.41 µs      │ 5.013 µs      │ 5.058 µs      │ 1000    │ 1000
2026-09-22T20:19:24.5028774Z │  │                                    3.823 Gitem/s │ 208.9 Mitem/s │ 3.267 Gitem/s │ 3.239 Gitem/s │         │
2026-09-22T20:19:24.5796915Z │  ╰─ PerRowConstant                    6.082 µs      │ 13.78 µs      │ 6.876 µs      │ 6.91 µs       │ 1000    │ 1000
2026-09-22T20:19:24.5798340Z │                                       2.693 Gitem/s │ 1.188 Gitem/s │ 2.382 Gitem/s │ 2.37 Gitem/s  │         │
2026-09-22T20:19:24.5802639Z ├─ neon::deferred_i64_neon                            │               │               │               │         │
2026-09-22T20:19:24.6664912Z │  ╰─ PerRowPerRow                      14.85 µs      │ 21.49 µs      │ 15.24 µs      │ 15.43 µs      │ 1000    │ 1000
2026-09-22T20:19:24.6665926Z │                                       1.102 Gitem/s │ 762.1 Mitem/s │ 1.074 Gitem/s │ 1.061 Gitem/s │         │
2026-09-22T20:19:24.6666913Z ├─ neon::filtered_owned_i64_neon                      │               │               │               │         │
2026-09-22T20:19:24.7417570Z │  ├─ AllValid                          4.678 µs      │ 33.96 µs      │ 5.367 µs      │ 5.518 µs      │ 1000    │ 1000
2026-09-22T20:19:24.7418430Z │  │                                    3.501 Gitem/s │ 482.3 Mitem/s │ 3.052 Gitem/s │ 2.968 Gitem/s │         │
2026-09-22T20:19:24.8369717Z │  ├─ NineNullsInTen                    18.28 µs      │ 112.2 µs      │ 21.91 µs      │ 22.22 µs      │ 1000    │ 1000
2026-09-22T20:19:24.8370577Z │  │                                    896.2 Mitem/s │ 145.9 Mitem/s │ 747.5 Mitem/s │ 737.3 Mitem/s │         │
2026-09-22T20:19:24.9527642Z │  ╰─ OneNullInEight                    38.26 µs      │ 72.22 µs      │ 41.47 µs      │ 41.86 µs      │ 1000    │ 1000
2026-09-22T20:19:24.9528461Z │                                       428.1 Mitem/s │ 226.8 Mitem/s │ 395 Mitem/s   │ 391.3 Mitem/s │         │
2026-09-22T20:19:24.9529320Z ├─ neon::filtered_sink_i64_neon                       │               │               │               │         │
2026-09-22T20:19:25.0298894Z │  ├─ AllValid                          4.807 µs      │ 12.98 µs      │ 5.606 µs      │ 5.691 µs      │ 1000    │ 1000
2026-09-22T20:19:25.0300053Z │  │                                    3.407 Gitem/s │ 1.261 Gitem/s │ 2.922 Gitem/s │ 2.878 Gitem/s │         │
2026-09-22T20:19:25.1258247Z │  ├─ NineNullsInTen                    18.7 µs       │ 83.59 µs      │ 22.76 µs      │ 22.82 µs      │ 1000    │ 1000
2026-09-22T20:19:25.1259077Z │  │                                    875.8 Mitem/s │ 195.9 Mitem/s │ 719.8 Mitem/s │ 717.9 Mitem/s │         │
2026-09-22T20:19:25.2417696Z │  ╰─ OneNullInEight                    37.96 µs      │ 56.4 µs       │ 41.77 µs      │ 42.48 µs      │ 1000    │ 1000
2026-09-22T20:19:25.2418755Z │                                       431.5 Mitem/s │ 290.4 Mitem/s │ 392.1 Mitem/s │ 385.6 Mitem/s │         │
2026-09-22T20:19:25.2420471Z ├─ neon::infallible_bool_constant_neon                │               │               │               │         │
2026-09-22T20:19:25.3162270Z │  ├─ ConstantPerRow                    4.267 µs      │ 10.82 µs      │ 4.979 µs      │ 4.956 µs      │ 1000    │ 1000
2026-09-22T20:19:25.3163295Z │  │                                    3.839 Gitem/s │ 1.513 Gitem/s │ 3.29 Gitem/s  │ 3.305 Gitem/s │         │
2026-09-22T20:19:25.3904749Z │  ╰─ PerRowConstant                    4.322 µs      │ 9.726 µs      │ 4.863 µs      │ 4.884 µs      │ 1000    │ 1000
2026-09-22T20:19:25.3906250Z │                                       3.79 Gitem/s  │ 1.684 Gitem/s │ 3.369 Gitem/s │ 3.354 Gitem/s │         │
2026-09-22T20:19:25.3907168Z ├─ neon::deferred_bool_neon                           │               │               │               │         │
2026-09-22T20:19:25.3907896Z │  ├─ i32                                             │               │               │               │         │
2026-09-22T20:19:25.4651113Z │  │  ╰─ PerRowPerRow                   4.248 µs      │ 157.7 µs      │ 4.731 µs      │ 4.942 µs      │ 1000    │ 1000
2026-09-22T20:19:25.4652015Z │  │                                    3.856 Gitem/s │ 103.8 Mitem/s │ 3.462 Gitem/s │ 3.315 Gitem/s │         │
2026-09-22T20:19:25.4652779Z │  ╰─ i64                                             │               │               │               │         │
2026-09-22T20:19:25.5430203Z │     ╰─ PerRowPerRow                   7.233 µs      │ 13.9 µs       │ 7.968 µs      │ 8.159 µs      │ 1000    │ 1000
2026-09-22T20:19:25.5431067Z │                                       2.264 Gitem/s │ 1.178 Gitem/s │ 2.056 Gitem/s │ 2.007 Gitem/s │         │
2026-09-22T20:19:25.5432119Z ╰─ neon::infallible_bool_neon                         │               │               │               │         │
2026-09-22T20:19:25.5432961Z    ├─ i32                                             │               │               │               │         │
2026-09-22T20:19:25.6168780Z    │  ╰─ PerRowPerRow                   3.699 µs      │ 8.117 µs      │ 3.917 µs      │ 3.993 µs      │ 1000    │ 1000
2026-09-22T20:19:25.6169859Z    │                                    4.428 Gitem/s │ 2.018 Gitem/s │ 4.182 Gitem/s │ 4.102 Gitem/s │         │
2026-09-22T20:19:25.6170550Z    ╰─ i64                                             │               │               │               │         │
2026-09-22T20:19:25.6933554Z       ╰─ PerRowPerRow                   5.691 µs      │ 10.59 µs      │ 6.488 µs      │ 6.457 µs      │ 1000    │ 1000
2026-09-22T20:19:25.6934518Z                                         2.878 Gitem/s │ 1.547 Gitem/s │ 2.525 Gitem/s │ 2.537 Gitem/s │         │
2026-09-22T20:19:25.6934885Z 
2026-09-22T20:19:25.6940928Z Done running row_fn_output
2026-09-22T20:19:25.6941231Z Running vortex-array take_primitive
2026-09-22T20:19:25.6971623Z Timer precision: 29 ns
2026-09-22T20:19:25.6972111Z take_primitive                         fastest       │ slowest       │ median        │ mean          │ samples │ iters
2026-09-22T20:19:25.6973564Z ╰─ neon::dict_canonicalize_gt_u8_neon                │               │               │               │         │
2026-09-22T20:19:26.3476521Z    ╰─ 1000000                          548.2 µs      │ 633 µs        │ 556.9 µs      │ 557.4 µs      │ 1000    │ 1000
2026-09-22T20:19:26.3477509Z                                        1.824 Gitem/s │ 1.579 Gitem/s │ 1.795 Gitem/s │ 1.794 Gitem/s │         │
2026-09-22T20:19:26.3477893Z 
2026-09-22T20:19:26.3483011Z Done running take_primitive
2026-09-22T20:19:26.3483338Z Running vortex-array compare
2026-09-22T20:19:26.3509297Z Timer precision: 29 ns
2026-09-22T20:19:26.3509816Z compare                             fastest       │ slowest       │ median        │ mean          │ samples │ iters
2026-09-22T20:19:26.4345008Z ├─ neon::compare_f32_neon           5.702 µs      │ 75 µs         │ 6.474 µs      │ 6.799 µs      │ 1000    │ 1000
2026-09-22T20:19:26.4345806Z │                                   1.436 Gitem/s │ 109.2 Mitem/s │ 1.265 Gitem/s │ 1.204 Gitem/s │         │
2026-09-22T20:19:26.5155685Z ├─ neon::compare_float_neon         8.501 µs      │ 17.92 µs      │ 9.293 µs      │ 9.505 µs      │ 1000    │ 1000
2026-09-22T20:19:26.5156444Z │                                   963.5 Mitem/s │ 456.8 Mitem/s │ 881.4 Mitem/s │ 861.7 Mitem/s │         │
2026-09-22T20:19:26.5910825Z ├─ neon::compare_int_constant_neon  4.257 µs      │ 20.24 µs      │ 4.57 µs       │ 4.836 µs      │ 1000    │ 1000
2026-09-22T20:19:26.5911599Z │                                   1.924 Gitem/s │ 404.6 Mitem/s │ 1.792 Gitem/s │ 1.693 Gitem/s │         │
2026-09-22T20:19:26.6687474Z ├─ neon::compare_int_eq_neon        4.698 µs      │ 18.08 µs      │ 5.306 µs      │ 5.549 µs      │ 1000    │ 1000
2026-09-22T20:19:26.6688491Z │                                   1.743 Gitem/s │ 453 Mitem/s   │ 1.543 Gitem/s │ 1.476 Gitem/s │         │
2026-09-22T20:19:26.7458021Z ├─ neon::compare_int_neon           4.72 µs       │ 10.45 µs      │ 5.301 µs      │ 5.506 µs      │ 1000    │ 1000
2026-09-22T20:19:26.7459173Z │                                   1.735 Gitem/s │ 783.8 Mitem/s │ 1.545 Gitem/s │ 1.487 Gitem/s │         │
2026-09-22T20:19:26.8240443Z ├─ neon::compare_int_nullable_neon  5.168 µs      │ 19.81 µs      │ 5.895 µs      │ 6.237 µs      │ 1000    │ 1000
2026-09-22T20:19:26.8241225Z │                                   1.584 Gitem/s │ 413.5 Mitem/s │ 1.389 Gitem/s │ 1.313 Gitem/s │         │
2026-09-22T20:19:26.8995487Z ├─ neon::compare_u8_neon            3.921 µs      │ 9.895 µs      │ 4.182 µs      │ 4.445 µs      │ 1000    │ 1000
2026-09-22T20:19:26.8996253Z │                                   2.088 Gitem/s │ 827.8 Mitem/s │ 1.958 Gitem/s │ 1.842 Gitem/s │         │
2026-09-22T20:19:26.9754683Z ╰─ neon::compare_u64_neon           4.748 µs      │ 11.44 µs      │ 5.383 µs      │ 5.604 µs      │ 1000    │ 1000
2026-09-22T20:19:26.9755656Z                                     1.725 Gitem/s │ 715.5 Mitem/s │ 1.521 Gitem/s │ 1.461 Gitem/s │         │
2026-09-22T20:19:26.9756029Z 
2026-09-22T20:19:26.9761147Z Done running compare
2026-09-22T20:19:26.9761417Z Running vortex-array row_fn_bool_retry
2026-09-22T20:19:26.9791255Z Timer precision: 29 ns
2026-09-22T20:19:26.9791756Z row_fn_bool_retry                          fastest       │ slowest       │ median        │ mean          │ samples │ iters
2026-09-22T20:19:26.9792445Z ├─ neon::multiversioned_neon                             │               │               │               │         │
2026-09-22T20:19:26.9793023Z │  ╰─ 16384                                              │               │               │               │         │
2026-09-22T20:19:27.1235162Z │     ├─ (Columns, AllValid)               62.08 µs      │ 80.24 µs      │ 63.54 µs      │ 64.19 µs      │ 1000    │ 1000
2026-09-22T20:19:27.1236235Z │     │                                    2.111 Gitem/s │ 1.633 Gitem/s │ 2.062 Gitem/s │ 2.041 Gitem/s │         │
2026-09-22T20:19:27.6034697Z │     ├─ (Columns, NullOnlyFailure)        381.6 µs      │ 432.5 µs      │ 394.4 µs      │ 394.1 µs      │ 1000    │ 1000
2026-09-22T20:19:27.6035652Z │     │                                    343.4 Mitem/s │ 303 Mitem/s   │ 332.2 Mitem/s │ 332.5 Mitem/s │         │
2026-09-22T20:19:27.8447955Z │     ├─ (Columns, ObservableFailure)      159.5 µs      │ 181.4 µs      │ 164.3 µs      │ 165.2 µs      │ 1000    │ 1000
2026-09-22T20:19:27.8448644Z │     │                                    821.5 Mitem/s │ 722.4 Mitem/s │ 797.7 Mitem/s │ 793.3 Mitem/s │         │
2026-09-22T20:19:27.9937605Z │     ├─ (Columns, PartialAccepted)        68.44 µs      │ 91.05 µs      │ 71.01 µs      │ 71.62 µs      │ 1000    │ 1000
2026-09-22T20:19:27.9938515Z │     │                                    1.915 Gitem/s │ 1.439 Gitem/s │ 1.845 Gitem/s │ 1.83 Gitem/s  │         │
2026-09-22T20:19:28.1186150Z │     ├─ (ConstantLhs, AllValid)           48.25 µs      │ 87.38 µs      │ 49.67 µs      │ 50.21 µs      │ 1000    │ 1000
2026-09-22T20:19:28.1186817Z │     │                                    2.716 Gitem/s │ 1.499 Gitem/s │ 2.638 Gitem/s │ 2.61 Gitem/s  │         │
2026-09-22T20:19:28.5935725Z │     ├─ (ConstantLhs, NullOnlyFailure)    379.8 µs      │ 414.2 µs      │ 392.8 µs      │ 392.7 µs      │ 1000    │ 1000
2026-09-22T20:19:28.5936689Z │     │                                    345 Mitem/s   │ 316.4 Mitem/s │ 333.6 Mitem/s │ 333.7 Mitem/s │         │
2026-09-22T20:19:28.8222332Z │     ├─ (ConstantLhs, ObservableFailure)  150 µs        │ 164 µs        │ 152.1 µs      │ 153 µs        │ 1000    │ 1000
2026-09-22T20:19:28.8223048Z │     │                                    873.3 Mitem/s │ 798.8 Mitem/s │ 861.3 Mitem/s │ 856.4 Mitem/s │         │
2026-09-22T20:19:28.9557236Z │     ├─ (ConstantLhs, PartialAccepted)    55.22 µs      │ 69.12 µs      │ 57.62 µs      │ 58.12 µs      │ 1000    │ 1000
2026-09-22T20:19:28.9558333Z │     │                                    2.373 Gitem/s │ 1.896 Gitem/s │ 2.274 Gitem/s │ 2.255 Gitem/s │         │
2026-09-22T20:19:29.0777434Z │     ├─ (ConstantRhs, AllValid)           44.8 µs       │ 54.31 µs      │ 45.86 µs      │ 46.32 µs      │ 1000    │ 1000
2026-09-22T20:19:29.0778129Z │     │                                    2.925 Gitem/s │ 2.413 Gitem/s │ 2.857 Gitem/s │ 2.829 Gitem/s │         │
2026-09-22T20:19:29.5426610Z │     ├─ (ConstantRhs, NullOnlyFailure)    373.6 µs      │ 423.9 µs      │ 383.5 µs      │ 383.4 µs      │ 1000    │ 1000
2026-09-22T20:19:29.5427392Z │     │                                    350.7 Mitem/s │ 309.1 Mitem/s │ 341.7 Mitem/s │ 341.7 Mitem/s │         │
2026-09-22T20:19:29.7658109Z │     ├─ (ConstantRhs, ObservableFailure)  145.7 µs      │ 165.7 µs      │ 148.1 µs      │ 149 µs        │ 1000    │ 1000
2026-09-22T20:19:29.7659060Z │     │                                    899.5 Mitem/s │ 790.7 Mitem/s │ 884.4 Mitem/s │ 879.4 Mitem/s │         │
2026-09-22T20:19:29.8943975Z │     ╰─ (ConstantRhs, PartialAccepted)    51.57 µs      │ 70.1 µs       │ 53.76 µs      │ 54.32 µs      │ 1000    │ 1000
2026-09-22T20:19:29.8944674Z │                                          2.541 Gitem/s │ 1.869 Gitem/s │ 2.437 Gitem/s │ 2.412 Gitem/s │         │
2026-09-22T20:19:29.8945519Z ╰─ neon::plain_neon                                      │               │               │               │         │
2026-09-22T20:19:29.8946092Z    ╰─ 16384                                              │               │               │               │         │
2026-09-22T20:19:30.0321357Z       ├─ (Columns, AllValid)               61.79 µs      │ 82.17 µs      │ 63.18 µs      │ 63.77 µs      │ 1000    │ 1000
2026-09-22T20:19:30.0322440Z       │                                    2.121 Gitem/s │ 1.594 Gitem/s │ 2.074 Gitem/s │ 2.055 Gitem/s │         │
2026-09-22T20:19:30.5095381Z       ├─ (Columns, NullOnlyFailure)        382.7 µs      │ 418 µs        │ 394.1 µs      │ 394 µs        │ 1000    │ 1000
2026-09-22T20:19:30.5096422Z       │                                    342.4 Mitem/s │ 313.5 Mitem/s │ 332.5 Mitem/s │ 332.6 Mitem/s │         │
2026-09-22T20:19:30.7493080Z       ├─ (Columns, ObservableFailure)      159.6 µs      │ 181.1 µs      │ 163.9 µs      │ 164.7 µs      │ 1000    │ 1000
2026-09-22T20:19:30.7496028Z       │                                    821 Mitem/s   │ 723.6 Mitem/s │ 799.3 Mitem/s │ 795.5 Mitem/s │         │
2026-09-22T20:19:30.8963797Z       ├─ (Columns, PartialAccepted)        68.66 µs      │ 87.93 µs      │ 71.15 µs      │ 71.88 µs      │ 1000    │ 1000
2026-09-22T20:19:30.8964812Z       │                                    1.908 Gitem/s │ 1.49 Gitem/s  │ 1.842 Gitem/s │ 1.823 Gitem/s │         │
2026-09-22T20:19:31.0235293Z       ├─ (ConstantLhs, AllValid)           48.31 µs      │ 65.8 µs       │ 49.73 µs      │ 50.23 µs      │ 1000    │ 1000
2026-09-22T20:19:31.0236083Z       │                                    2.712 Gitem/s │ 1.991 Gitem/s │ 2.635 Gitem/s │ 2.609 Gitem/s │         │
2026-09-22T20:19:31.5062029Z       ├─ (ConstantLhs, NullOnlyFailure)    382.9 µs      │ 441.6 µs      │ 393.3 µs      │ 393.8 µs      │ 1000    │ 1000
2026-09-22T20:19:31.5062826Z       │                                    342.2 Mitem/s │ 296.7 Mitem/s │ 333.2 Mitem/s │ 332.8 Mitem/s │         │
2026-09-22T20:19:31.7376141Z       ├─ (ConstantLhs, ObservableFailure)  150.2 µs      │ 177.7 µs      │ 152.5 µs      │ 153.5 µs      │ 1000    │ 1000
2026-09-22T20:19:31.7377125Z       │                                    872.6 Mitem/s │ 737.5 Mitem/s │ 858.9 Mitem/s │ 853.4 Mitem/s │         │
2026-09-22T20:19:31.8721553Z       ├─ (ConstantLhs, PartialAccepted)    55.11 µs      │ 68.59 µs      │ 57.74 µs      │ 58.12 µs      │ 1000    │ 1000
2026-09-22T20:19:31.8722438Z       │                                    2.378 Gitem/s │ 1.91 Gitem/s  │ 2.269 Gitem/s │ 2.254 Gitem/s │         │
2026-09-22T20:19:31.9947548Z       ├─ (ConstantRhs, AllValid)           44.56 µs      │ 53.2 µs       │ 45.86 µs      │ 46.28 µs      │ 1000    │ 1000
2026-09-22T20:19:31.9948238Z       │                                    2.941 Gitem/s │ 2.463 Gitem/s │ 2.857 Gitem/s │ 2.831 Gitem/s │         │
2026-09-22T20:19:32.4621287Z       ├─ (ConstantRhs, NullOnlyFailure)    371.4 µs      │ 412.7 µs      │ 382.7 µs      │ 382.9 µs      │ 1000    │ 1000
2026-09-22T20:19:32.4622478Z       │                                    352.9 Mitem/s │ 317.5 Mitem/s │ 342.4 Mitem/s │ 342.2 Mitem/s │         │
2026-09-22T20:19:32.6902490Z       ├─ (ConstantRhs, ObservableFailure)  145.8 µs      │ 161.5 µs      │ 148.9 µs      │ 149.9 µs      │ 1000    │ 1000
2026-09-22T20:19:32.6903543Z       │                                    898.8 Mitem/s │ 811.5 Mitem/s │ 880.2 Mitem/s │ 874.3 Mitem/s │         │
2026-09-22T20:19:32.8241099Z       ╰─ (ConstantRhs, PartialAccepted)    51.96 µs      │ 88.53 µs      │ 54.61 µs      │ 55.08 µs      │ 1000    │ 1000
2026-09-22T20:19:32.8242133Z                                            2.522 Gitem/s │ 1.48 Gitem/s  │ 2.4 Gitem/s   │ 2.379 Gitem/s │         │
2026-09-22T20:19:32.8242493Z 
2026-09-22T20:19:32.8247261Z Done running row_fn_bool_retry
2026-09-22T20:19:32.8247605Z Running vortex-array binary_ops
2026-09-22T20:19:32.8281587Z Timer precision: 29 ns
2026-09-22T20:19:32.8282378Z binary_ops                             fastest       │ slowest       │ median        │ mean          │ samples │ iters
2026-09-22T20:19:32.8283739Z ├─ neon::add_constant_shapes_neon                    │               │               │               │         │
2026-09-22T20:19:32.9245501Z │  ├─ (32768, ConstantPerRow)          16.34 µs      │ 86.94 µs      │ 17.54 µs      │ 17.89 µs      │ 1000    │ 1000
2026-09-22T20:19:32.9246726Z │  │                                   2.004 Gitem/s │ 376.8 Mitem/s │ 1.868 Gitem/s │ 1.831 Gitem/s │         │
2026-09-22T20:19:33.0179466Z │  ├─ (32768, PerRowConstant)          16.24 µs      │ 33.16 µs      │ 17.59 µs      │ 18 µs         │ 1000    │ 1000
2026-09-22T20:19:33.0180937Z │  │                                   2.017 Gitem/s │ 988.1 Mitem/s │ 1.862 Gitem/s │ 1.82 Gitem/s  │         │
2026-09-22T20:19:33.1128057Z │  ╰─ (32768, PerRowNullableConstant)  17.05 µs      │ 34.78 µs      │ 18.5 µs       │ 19.13 µs      │ 1000    │ 1000
2026-09-22T20:19:33.1143249Z │                                      1.921 Gitem/s │ 941.9 Mitem/s │ 1.771 Gitem/s │ 1.712 Gitem/s │         │
2026-09-22T20:19:33.2075211Z ├─ neon::add_i32_nonnull_neon          17.14 µs      │ 44.95 µs      │ 18.81 µs      │ 19.2 µs       │ 1000    │ 1000
2026-09-22T20:19:33.2076158Z │                                      3.822 Gitem/s │ 1.457 Gitem/s │ 3.482 Gitem/s │ 3.411 Gitem/s │         │
2026-09-22T20:19:33.3027687Z ├─ neon::add_i64_nonnull_neon          17.26 µs      │ 29.13 µs      │ 19.02 µs      │ 19.5 µs       │ 1000    │ 1000
2026-09-22T20:19:33.3028368Z │                                      1.897 Gitem/s │ 1.124 Gitem/s │ 1.722 Gitem/s │ 1.68 Gitem/s  │         │
2026-09-22T20:19:33.4033962Z ├─ neon::add_i64_nullable_neon         20.66 µs      │ 62.63 µs      │ 23.67 µs      │ 23.98 µs      │ 1000    │ 1000
2026-09-22T20:19:33.4034959Z │                                      1.586 Gitem/s │ 523.1 Mitem/s │ 1.384 Gitem/s │ 1.366 Gitem/s │         │
2026-09-22T20:19:33.4035942Z ├─ neon::add_shapes_neon                             │               │               │               │         │
2026-09-22T20:19:33.4979736Z │  ╰─ (32768, PerRowPerRow)            17.83 µs      │ 26.49 µs      │ 19.16 µs      │ 19.43 µs      │ 1000    │ 1000
2026-09-22T20:19:33.4980811Z │                                      1.837 Gitem/s │ 1.236 Gitem/s │ 1.709 Gitem/s │ 1.685 Gitem/s │         │
2026-09-22T20:19:33.5889252Z ├─ neon::add_u32_nonnull_neon          13.46 µs      │ 24.75 µs      │ 14.69 µs      │ 15.09 µs      │ 1000    │ 1000
2026-09-22T20:19:33.5890564Z │                                      4.868 Gitem/s │ 2.647 Gitem/s │ 4.458 Gitem/s │ 4.342 Gitem/s │         │
2026-09-22T20:19:33.7709743Z ├─ neon::div_i64_nonnull_neon          102.6 µs      │ 128.9 µs      │ 106 µs        │ 105.9 µs      │ 1000    │ 1000
2026-09-22T20:19:33.7710452Z │                                      319.2 Mitem/s │ 254 Mitem/s   │ 309 Mitem/s   │ 309.2 Mitem/s │         │
2026-09-22T20:19:33.9150772Z ├─ neon::div_i64_nullable_neon         61.5 µs       │ 115.5 µs      │ 65.51 µs      │ 66.21 µs      │ 1000    │ 1000
2026-09-22T20:19:33.9151753Z │                                      532.7 Mitem/s │ 283.4 Mitem/s │ 500.1 Mitem/s │ 494.9 Mitem/s │         │
2026-09-22T20:19:33.9916222Z ├─ neon::lt_i64_nullable_neon          3.684 µs      │ 34.76 µs      │ 4.057 µs      │ 4.388 µs      │ 1000    │ 1000
2026-09-22T20:19:33.9917237Z │                                      1.111 Gitem/s │ 117.8 Mitem/s │ 1.009 Gitem/s │ 933.2 Mitem/s │         │
2026-09-22T20:19:34.0943549Z ├─ neon::mul_i8_nonnull_neon           25.4 µs       │ 52.43 µs      │ 27.17 µs      │ 28.17 µs      │ 1000    │ 1000
2026-09-22T20:19:34.0944501Z │                                      10.31 Gitem/s │ 4.998 Gitem/s │ 9.646 Gitem/s │ 9.304 Gitem/s │         │
2026-09-22T20:19:34.1944988Z ├─ neon::mul_i16_nonnull_neon          23.99 µs      │ 38.39 µs      │ 25.58 µs      │ 26.07 µs      │ 1000    │ 1000
2026-09-22T20:19:34.1945663Z │                                      5.463 Gitem/s │ 3.413 Gitem/s │ 5.122 Gitem/s │ 5.027 Gitem/s │         │
2026-09-22T20:19:34.2946058Z ├─ neon::mul_i32_nonnull_neon          23.28 µs      │ 43.94 µs      │ 25.08 µs      │ 25.59 µs      │ 1000    │ 1000
2026-09-22T20:19:34.2946725Z │                                      2.814 Gitem/s │ 1.491 Gitem/s │ 2.613 Gitem/s │ 2.56 Gitem/s  │         │
2026-09-22T20:19:34.4023412Z ├─ neon::mul_i32_nullable_neon         26.2 µs       │ 48.87 µs      │ 28.92 µs      │ 29.39 µs      │ 1000    │ 1000
2026-09-22T20:19:34.4024370Z │                                      2.501 Gitem/s │ 1.341 Gitem/s │ 2.265 Gitem/s │ 2.229 Gitem/s │         │
2026-09-22T20:19:34.5168523Z ├─ neon::mul_i64_nonnull_neon          38.63 µs      │ 49.65 µs      │ 39.49 µs      │ 40.24 µs      │ 1000    │ 1000
2026-09-22T20:19:34.5169874Z │                                      848.1 Mitem/s │ 659.8 Mitem/s │ 829.6 Mitem/s │ 814.2 Mitem/s │         │
2026-09-22T20:19:34.6140191Z ├─ neon::mul_u8_nonnull_neon           18.71 µs      │ 145.4 µs      │ 20.81 µs      │ 21.64 µs      │ 1000    │ 1000
2026-09-22T20:19:34.6141029Z │                                      14.01 Gitem/s │ 1.801 Gitem/s │ 12.59 Gitem/s │ 12.11 Gitem/s │         │
2026-09-22T20:19:34.7089043Z ├─ neon::mul_u16_nonnull_neon          18.47 µs      │ 31.67 µs      │ 19.82 µs      │ 20.35 µs      │ 1000    │ 1000
2026-09-22T20:19:34.7089813Z │                                      7.093 Gitem/s │ 4.137 Gitem/s │ 6.612 Gitem/s │ 6.44 Gitem/s  │         │
2026-09-22T20:19:34.8039918Z ├─ neon::mul_u32_nonnull_neon          17.65 µs      │ 31.26 µs      │ 19.88 µs      │ 20.63 µs      │ 1000    │ 1000
2026-09-22T20:19:34.8041064Z │                                      3.712 Gitem/s │ 2.096 Gitem/s │ 3.295 Gitem/s │ 3.176 Gitem/s │         │
2026-09-22T20:19:34.9212550Z ├─ neon::mul_u64_nonnull_neon          40.09 µs      │ 57.48 µs      │ 41.21 µs      │ 42.69 µs      │ 1000    │ 1000
2026-09-22T20:19:34.9213246Z │                                      817.2 Mitem/s │ 570 Mitem/s   │ 795 Mitem/s   │ 767.4 Mitem/s │         │
2026-09-22T20:19:34.9215331Z ├─ neon::multiply_shapes_neon                        │               │               │               │         │
2026-09-22T20:19:35.0365268Z │  ╰─ (32768, PerRowPerRow)            38.45 µs      │ 63.34 µs      │ 39.01 µs      │ 39.97 µs      │ 1000    │ 1000
2026-09-22T20:19:35.0366716Z │                                      852.1 Mitem/s │ 517.3 Mitem/s │ 839.8 Mitem/s │ 819.6 Mitem/s │         │
2026-09-22T20:19:35.0367622Z ╰─ neon::subtract_shapes_neon                        │               │               │               │         │
2026-09-22T20:19:35.1307870Z    ╰─ (32768, PerRowPerRow)            17.52 µs      │ 31.39 µs      │ 19.09 µs      │ 19.53 µs      │ 1000    │ 1000
2026-09-22T20:19:35.1309026Z                                        1.869 Gitem/s │ 1.043 Gitem/s │ 1.716 Gitem/s │ 1.677 Gitem/s │         │
2026-09-22T20:19:35.1309472Z 
2026-09-22T20:19:35.1315098Z Done running binary_ops
2026-09-22T20:19:35.1315515Z Running vortex-array scalar_subtract
2026-09-22T20:19:35.1346067Z Timer precision: 29 ns
2026-09-22T20:19:35.1346640Z scalar_subtract                fastest       │ slowest       │ median        │ mean          │ samples │ iters
2026-09-22T20:19:35.2308947Z ╰─ neon::scalar_subtract_neon  13.09 µs      │ 116.8 µs      │ 15 µs         │ 15.91 µs      │ 1000    │ 1000
2026-09-22T20:19:35.2309365Z 
2026-09-22T20:19:35.2314138Z Done running scalar_subtract
2026-09-22T20:19:35.2314568Z Running vortex-buffer collect_bool
2026-09-22T20:19:35.2338525Z Timer precision: 29 ns
2026-09-22T20:19:35.2338984Z collect_bool                         fastest       │ slowest       │ median        │ mean          │ samples │ iters
2026-09-22T20:19:35.2340462Z ╰─ neon::words_gather_dispatch_neon                │               │               │               │         │
2026-09-22T20:19:35.3122699Z    ├─ 65536                          2.259 µs      │ 6.741 µs      │ 2.296 µs      │ 2.308 µs      │ 1000    │ 1000
2026-09-22T20:19:35.4179209Z    ╰─ 1048576                        29.79 µs      │ 56.47 µs      │ 30.54 µs      │ 30.84 µs      │ 1000    │ 1000
2026-09-22T20:19:35.4179794Z 
2026-09-22T20:19:35.4182988Z Done running collect_bool
2026-09-22T20:19:35.4183285Z Running vortex-compute lane_kernels
2026-09-22T20:19:35.4209342Z Timer precision: 29 ns
2026-09-22T20:19:35.4209936Z lane_kernels                           fastest       │ slowest       │ median        │ mean          │ samples │ iters
2026-09-22T20:19:35.4211041Z ╰─ neon::lanezip_checked_add_u32_neon                │               │               │               │         │
2026-09-22T20:19:35.5234055Z    ╰─ 65536                            21.49 µs      │ 29.86 µs      │ 22.65 µs      │ 22.8 µs       │ 1000    │ 1000
2026-09-22T20:19:35.5234634Z 
2026-09-22T20:19:35.5238483Z Done running lane_kernels
2026-09-22T20:19:35.5238815Z Running vortex-decimal-byte-parts dbp_assemble
2026-09-22T20:19:35.5265296Z Timer precision: 29 ns
2026-09-22T20:19:35.5265824Z dbp_assemble                                  fastest       │ slowest       │ median        │ mean          │ samples │ iters
2026-09-22T20:19:35.5266564Z ├─ neon::dbp_assemble_kernel_narrow_msp_neon                │               │               │               │         │
2026-09-22T20:19:35.6066256Z │  ├─ (I128, 1024)                            481.2 ns      │ 1.289 µs      │ 493.8 ns      │ 499.5 ns      │ 1000    │ 8000
2026-09-22T20:19:35.6839677Z │  ├─ (I128, 8192)                            3.786 µs      │ 8.818 µs      │ 4.137 µs      │ 4.161 µs      │ 1000    │ 1000
2026-09-22T20:19:35.7560395Z │  ├─ (I256, 1024)                            951.6 ns      │ 4.697 µs      │ 977.6 ns      │ 989.5 ns      │ 1000    │ 1000
2026-09-22T20:19:35.8356378Z │  ╰─ (I256, 8192)                            6.65 µs       │ 12.36 µs      │ 6.774 µs      │ 6.867 µs      │ 1000    │ 1000
2026-09-22T20:19:35.8360036Z ╰─ neon::dbp_assemble_kernel_neon                           │               │               │               │         │
2026-09-22T20:19:35.9107535Z    ├─ (I128, 1024)                            409.9 ns      │ 1.048 µs      │ 458.3 ns      │ 460.9 ns      │ 1000    │ 8000
2026-09-22T20:19:35.9862943Z    ├─ (I128, 8192)                            3.412 µs      │ 8.606 µs      │ 4.064 µs      │ 4 µs          │ 1000    │ 1000
2026-09-22T20:19:36.0631572Z    ├─ (I256, 1024)                            908.1 ns      │ 2.188 µs      │ 922.1 ns      │ 940.3 ns      │ 1000    │ 4000
2026-09-22T20:19:36.1435893Z    ╰─ (I256, 8192)                            6.835 µs      │ 10.78 µs      │ 7.01 µs       │ 7.101 µs      │ 1000    │ 1000
2026-09-22T20:19:36.1436443Z 
2026-09-22T20:19:36.1457120Z Done running dbp_assemble
2026-09-22T20:19:36.1469338Z dbp_split                                  fastest       │ slowest       │ median        │ mean          │ samples │ iters
2026-09-22T20:19:36.1470967Z Running vortex-decimal-byte-parts dbp_split
2026-09-22T20:19:36.1471999Z ├─ neon::dbp_split_kernel_all_valid_neon                 │               │               │               │         │
2026-09-22T20:19:36.1479918Z Timer precision: 29 ns
2026-09-22T20:19:36.2262649Z │  ├─ (I128, 1024)                         546.1 ns      │ 1.477 µs      │ 569.1 ns      │ 575.8 ns      │ 1000    │ 4000
2026-09-22T20:19:36.3017577Z │  ├─ (I128, 8192)                         3.185 µs      │ 10.87 µs      │ 3.579 µs      │ 3.586 µs      │ 1000    │ 1000
2026-09-22T20:19:36.3753763Z │  ├─ (I256, 1024)                         1.424 µs      │ 4.433 µs      │ 1.501 µs      │ 1.521 µs      │ 1000    │ 1000
2026-09-22T20:19:36.4560924Z │  ╰─ (I256, 8192)                         8.202 µs      │ 14.02 µs      │ 9.296 µs      │ 9.306 µs      │ 1000    │ 1000
2026-09-22T20:19:36.4561749Z ╰─ neon::dbp_split_kernel_mixed_null_neon                │               │               │               │         │
2026-09-22T20:19:36.5332536Z    ├─ (I128, 1024)                         1.215 µs      │ 2.58 µs       │ 1.242 µs      │ 1.258 µs      │ 1000    │ 4000
2026-09-22T20:19:36.6142958Z    ├─ (I128, 8192)                         7.894 µs      │ 13.85 µs      │ 8.504 µs      │ 8.552 µs      │ 1000    │ 1000
2026-09-22T20:19:36.6882900Z    ├─ (I256, 1024)                         2.156 µs      │ 6.791 µs      │ 2.272 µs      │ 2.313 µs      │ 1000    │ 1000
2026-09-22T20:19:36.7751113Z    ╰─ (I256, 8192)                         11.83 µs      │ 36.34 µs      │ 13 µs         │ 13.05 µs      │ 1000    │ 1000
2026-09-22T20:19:36.7752076Z 
2026-09-22T20:19:36.7755457Z Done running dbp_split
2026-09-22T20:19:36.7755752Z Finished running 10 benchmark suite(s)
2026-09-22T20:19:36.9848142Z Symbolicating...
2026-09-22T20:19:39.8268020Z ##[endgroup]
2026-09-22T20:19:39.8268738Z ##[group]Uploading results
2026-09-22T20:19:43.4004962Z Performance data uploaded
2026-09-22T20:19:43.4005597Z Linked repository: vortex-data/vortex
2026-09-22T20:19:43.4007112Z ##[endgroup]
2026-09-22T20:19:43.4036373Z ##[end-action id=__CodSpeedHQ_action.__run_2;outcome=success;conclusion=success;duration_ms=26510]
2026-09-22T20:19:43.4203845Z Post job cleanup.
2026-09-22T20:19:43.4207493Z ##[start-action display=Cache CodSpeed instruments;id=__d8709700-f403-4463-90d6-32cbfe73d7a3.__actions_cache]
2026-09-22T20:19:43.4243232Z Post job cleanup.
2026-09-22T20:19:43.5483767Z [warning]Path Validation Error: Path(s) specified in the action for caching do(es) not exist, hence no cache is being saved.
2026-09-22T20:19:43.5538984Z ##[end-action id=__d8709700-f403-4463-90d6-32cbfe73d7a3.__actions_cache;outcome=success;conclusion=success;duration_ms=133]
2026-09-22T20:19:43.5692276Z Post job cleanup.
2026-09-22T20:19:43.5695452Z ##[start-action display=Restore Cache;id=__289566bc-c7b8-478d-b4e6-edfbc4cc491d.cache]
2026-09-22T20:19:43.5731946Z Post job cleanup.
2026-09-22T20:19:43.7010897Z Cache hit occurred on the primary key cargo-codspeed-5.0.2-aarch64-linux-gnu-2.39-features-default-no-default-features-false-all-features-false, not saving cache.
2026-09-22T20:19:43.7057871Z ##[end-action id=__289566bc-c7b8-478d-b4e6-edfbc4cc491d.cache;outcome=success;conclusion=success;duration_ms=136]
2026-09-22T20:19:43.7221773Z Post job cleanup.
2026-09-22T20:19:43.7291146Z Post job cleanup.
2026-09-22T20:19:43.8101670Z [command]/usr/bin/git version
2026-09-22T20:19:43.8149956Z git version 2.55.0
2026-09-22T20:19:43.8182465Z Temporarily overriding HOME='/home/runner/_work/_temp/df7bb494-cfe0-4b56-9860-d8af80481026' before making global git config changes
2026-09-22T20:19:43.8186417Z Adding repository directory to the temporary git global config as a safe directory
2026-09-22T20:19:43.8197594Z [command]/usr/bin/git config --global --add safe.directory /home/runner/_work/vortex/vortex
2026-09-22T20:19:43.8242057Z Removing SSH command configuration
2026-09-22T20:19:43.8249700Z [command]/usr/bin/git config --local --name-only --get-regexp core\.sshCommand
2026-09-22T20:19:43.8292516Z [command]/usr/bin/git submodule foreach --recursive sh -c "git config --local --name-only --get-regexp 'core\.sshCommand' && git config --local --unset-all 'core.sshCommand' || :"
2026-09-22T20:19:43.8470555Z Removing HTTP extra header
2026-09-22T20:19:43.8471134Z [command]/usr/bin/git config --local --name-only --get-regexp http\.https\:\/\/github\.com\/\.extraheader
2026-09-22T20:19:43.8502465Z [command]/usr/bin/git submodule foreach --recursive sh -c "git config --local --name-only --get-regexp 'http\.https\:\/\/github\.com\/\.extraheader' && git config --local --unset-all 'http.https://github.com/.extraheader' || :"
2026-09-22T20:19:43.8687198Z Removing includeIf entries pointing to credentials config files
2026-09-22T20:19:43.8695799Z [command]/usr/bin/git config --local --name-only --get-regexp ^includeIf\.gitdir:
2026-09-22T20:19:43.8718517Z includeif.gitdir:/home/runner/_work/vortex/vortex/.git.path
2026-09-22T20:19:43.8719661Z includeif.gitdir:/home/runner/_work/vortex/vortex/.git/worktrees/*.path
2026-09-22T20:19:43.8720298Z includeif.gitdir:/github/workspace/.git.path
2026-09-22T20:19:43.8720803Z includeif.gitdir:/github/workspace/.git/worktrees/*.path
2026-09-22T20:19:43.8732341Z [command]/usr/bin/git config --local --get-all includeif.gitdir:/home/runner/_work/vortex/vortex/.git.path
2026-09-22T20:19:43.8761139Z /home/runner/_work/_temp/git-credentials-139fcb31-29fc-4b64-aff5-a4e0999f54ad.config
2026-09-22T20:19:43.8763689Z [command]/usr/bin/git config --local --unset includeif.gitdir:/home/runner/_work/vortex/vortex/.git.path \/home\/runner\/_work\/_temp\/git\-credentials\-139fcb31\-29fc\-4b64\-aff5\-a4e0999f54ad\.config
2026-09-22T20:19:43.8807520Z [command]/usr/bin/git config --local --get-all includeif.gitdir:/home/runner/_work/vortex/vortex/.git/worktrees/*.path
2026-09-22T20:19:43.8821565Z /home/runner/_work/_temp/git-credentials-139fcb31-29fc-4b64-aff5-a4e0999f54ad.config
2026-09-22T20:19:43.8846335Z [command]/usr/bin/git config --local --unset includeif.gitdir:/home/runner/_work/vortex/vortex/.git/worktrees/*.path \/home\/runner\/_work\/_temp\/git\-credentials\-139fcb31\-29fc\-4b64\-aff5\-a4e0999f54ad\.config
2026-09-22T20:19:43.8884088Z [command]/usr/bin/git config --local --get-all includeif.gitdir:/github/workspace/.git.path
2026-09-22T20:19:43.8904642Z /github/runner_temp/git-credentials-139fcb31-29fc-4b64-aff5-a4e0999f54ad.config
2026-09-22T20:19:43.8912931Z [command]/usr/bin/git config --local --unset includeif.gitdir:/github/workspace/.git.path \/github\/runner_temp\/git\-credentials\-139fcb31\-29fc\-4b64\-aff5\-a4e0999f54ad\.config
2026-09-22T20:19:43.8963836Z [command]/usr/bin/git config --local --get-all includeif.gitdir:/github/workspace/.git/worktrees/*.path
2026-09-22T20:19:43.8975001Z /github/runner_temp/git-credentials-139fcb31-29fc-4b64-aff5-a4e0999f54ad.config
2026-09-22T20:19:43.8991797Z [command]/usr/bin/git config --local --unset includeif.gitdir:/github/workspace/.git/worktrees/*.path \/github\/runner_temp\/git\-credentials\-139fcb31\-29fc\-4b64\-aff5\-a4e0999f54ad\.config
2026-09-22T20:19:43.9032558Z [command]/usr/bin/git submodule foreach --recursive git config --local --show-origin --name-only --get-regexp remote.origin.url
2026-09-22T20:19:43.9205034Z Removing credentials config '/home/runner/_work/_temp/git-credentials-139fcb31-29fc-4b64-aff5-a4e0999f54ad.config'
2026-09-22T20:19:43.9352553Z Post job cleanup.
2026-09-22T20:19:44.0009473Z Running post-execution phase...
2026-09-22T20:19:44.0010320Z Input 'show_env': false
2026-09-22T20:19:44.0010944Z Input 'show_costs': inline
2026-09-22T20:19:44.0011477Z Input 'metrics': []
2026-09-22T20:19:44.0012011Z Input 'network_interface': enp39s0
2026-09-22T20:19:44.0012526Z Input 'disk_device': nvme0n1p1
2026-09-22T20:19:44.0013110Z Input 'sccache': 
2026-09-22T20:19:44.0013535Z Input 'sticky_cache': []
2026-09-22T20:19:44.0013973Z Input 'sticky_wait_timeout': 15m0s
2026-09-22T20:19:44.0015018Z ZCTIONS_RESULTS_URL is set: https://results-receiver.actions.githubusercontent.com/
2026-09-22T20:19:44.0016125Z ZCTIONS_CACHE_URL is set: https://acghubeus1.actions.githubusercontent.com/XtqVEj2MXQCbzj6x6n8CMomnIjyhqqRNuSgameoSnKmgcNZw2F/
2026-09-22T20:19:44.0017144Z ACTIONS_RUNTIME_TOKEN is set.
2026-09-22T20:19:44.0548352Z Mapped zone name us-east-1b to zone ID use1-az1
2026-09-22T20:19:44.4111874Z ## Execution Cost Summary
2026-09-22T20:19:44.4112985Z 
2026-09-22T20:19:44.4113514Z | metric                 | value           |
2026-09-22T20:19:44.4114148Z | ---------------------- | --------------- |
2026-09-22T20:19:44.4114641Z | Instance Type          | c7g.metal       |
2026-09-22T20:19:44.4115640Z | Instance Lifecycle     | spot            |
2026-09-22T20:19:44.4116158Z | Region                 | us-east-1       |
2026-09-22T20:19:44.4116638Z | Platform               | Linux/UNIX      |
2026-09-22T20:19:44.4117106Z | Arch                   | arm64           |
2026-09-22T20:19:44.4117589Z | Az                     | us-east-1b      |
2026-09-22T20:19:44.4118057Z | Zone ID                | use1-az1        |
2026-09-22T20:19:44.4118604Z | Duration               | 1.66 minutes    |
2026-09-22T20:19:44.4119106Z | Cost                   | $0.0184         |
2026-09-22T20:19:44.4119664Z | GitHub equivalent cost | $0.1960         |
2026-09-22T20:19:44.4120131Z | Savings                | $0.1776 (90.6%) |
2026-09-22T20:19:44.4120486Z 
2026-09-22T20:19:44.4120801Z Post-execution phase finished.
2026-09-22T20:19:44.4167724Z A job completed hook has been configured by the self-hosted runner administrator
2026-09-22T20:19:44.4206198Z ##[group]Run '/runs-on/post.sh'
2026-09-22T20:19:44.4227111Z shell: /usr/bin/bash --noprofile --norc -e -o pipefail {0}
2026-09-22T20:19:44.4227486Z ##[endgroup]
2026-09-22T20:19:44.4290230Z Thanks for using RunsOn!
2026-09-22T20:19:44.4313206Z 
2026-09-22T20:19:44.4320189Z 📊 Job Metrics
2026-09-22T20:19:44.7540445Z Error visualizing metrics: failed to parse metrics file: error reading file: bufio.Scanner: token too long
2026-09-22T20:19:44.7565750Z Metrics visualization unavailable
2026-09-22T20:19:45.1792195Z 📤 metrics.jsonl uploaded (486263 bytes) to s3://runs-on-v3-s3bucketcache-dbnub4tpjhpv/cache/metrics/v1/vortex-data/vortex/35778932351/bench-codspeed-cpu-features/i-095c3924ee3cd9aac/metrics.jsonl
2026-09-22T20:19:45.1912008Z Cleaning up orphan processes
