2026-09-22T19:55:13.0085986Z Current runner version: '2.336.0'
2026-09-22T19:55:13.0090446Z Runner name: 'runs-on--i-0314d5e05d01bfdfd--016b8bce-a'
2026-09-22T19:55:13.0091384Z Runner group name: 'Default'
2026-09-22T19:55:13.0092129Z Machine name: 'ip-10-1-18-232'
2026-09-22T19:55:13.0108262Z ##[group]🏃 Runner details (c8in.4xlarge, spot, v3.3.0)
2026-09-22T19:55:13.0109264Z ┌───────────────────┬───────────────────────────────────────────────────────────────────────────────────────────────────────────────┐
2026-09-22T19:55:13.0110115Z │       INFO        │                                                     VALUE                                                     │
2026-09-22T19:55:13.0111268Z ├───────────────────┼───────────────────────────────────────────────────────────────────────────────────────────────────────────────┤
2026-09-22T19:55:13.0112360Z │ Labels            │ [runs-on=35776817261/runner=amd64-medium/image=ubuntu24-full-x64-pre-v2/extras=s3-cache/tag=bench-codspeed-7] │
2026-09-22T19:55:13.0113660Z │ Extras            │ [s3-cache]                                                                                                    │
2026-09-22T19:55:13.0114591Z │ PrivateIp         │ 10.1.18.232                                                                                                   │
2026-09-22T19:55:13.0115438Z │ IsPrivate         │ false                                                                                                         │
2026-09-22T19:55:13.0116311Z │ Environment       │ production                                                                                                    │
2026-09-22T19:55:13.0117234Z │ StackName         │ runs-on-v3                                                                                                    │
2026-09-22T19:55:13.0118110Z │ Region            │ us-east-1                                                                                                     │
2026-09-22T19:55:13.0119020Z │ AvailabilityZone  │ us-east-1b                                                                                                    │
2026-09-22T19:55:13.0119893Z │ Version           │ v3.3.0                                                                                                        │
2026-09-22T19:55:13.0121068Z │ RunnerName        │ runs-on--i-0314d5e05d01bfdfd--016b8bce-a                                                                      │
2026-09-22T19:55:13.0122199Z │ AssignmentId      │ 016b8bce-ab9d-4f42-9cd0-51db308448e6                                                                          │
2026-09-22T19:55:13.0123361Z │ BucketCacheName   │ runs-on-v3-s3bucketcache-dbnub4tpjhpv                                                                         │
2026-09-22T19:55:13.0124411Z │ InstanceId        │ i-0314d5e05d01bfdfd                                                                                           │
2026-09-22T19:55:13.0125404Z │ InstanceType      │ c8in.4xlarge                                                                                                  │
2026-09-22T19:55:13.0126352Z │ InstanceLifecycle │ spot                                                                                                          │
2026-09-22T19:55:13.0127269Z │ InstanceRAM       │ 31551.32 MiB                                                                                                  │
2026-09-22T19:55:13.0128149Z │ InstanceCPU       │ 16 cores                                                                                                      │
2026-09-22T19:55:13.0129108Z │ InstanceDisk1     │ /=/dev/nvme0n1p1                                                                                              │
2026-09-22T19:55:13.0130034Z │                   │ Free=76.97GiB Used=18.84GiB                                                                                   │
2026-09-22T19:55:13.0131285Z │ ImageId           │ ami-0d8875560af9e1401                                                                                         │
2026-09-22T19:55:13.0132430Z │ ImageName         │ vortex-ci-v2-x64-20260831011844                                                                               │
2026-09-22T19:55:13.0133369Z │ Platform          │ linux                                                                                                         │
2026-09-22T19:55:13.0134265Z │ Architecture      │ x64                                                                                                           │
2026-09-22T19:55:13.0135169Z │ HasPreinstall     │ false                                                                                                         │
2026-09-22T19:55:13.0136056Z │ HasPrerun         │ false                                                                                                         │
2026-09-22T19:55:13.0137030Z │ IsDebug           │ false                                                                                                         │
2026-09-22T19:55:13.0137882Z │ Integrations      │ []                                                                                                            │
2026-09-22T19:55:13.0138763Z └───────────────────┴───────────────────────────────────────────────────────────────────────────────────────────────────────────────┘
2026-09-22T19:55:13.0139475Z ##[endgroup]
2026-09-22T19:55:13.0139950Z ##[group]⏱️ Timings - 23.28s
2026-09-22T19:55:13.0140828Z ┌──────────────────────┬─────────────────────────────────┬─────────┬────────┐
2026-09-22T19:55:13.0141556Z │         TIME         │              STEP               │  DIFF   │ TOTAL  │
2026-09-22T19:55:13.0142229Z ├──────────────────────┼─────────────────────────────────┼─────────┼────────┤
2026-09-22T19:55:13.0142977Z │ 2026-09-22T19:54:42Z │ job-created                     │ 0ms     │ 0.0s   │
2026-09-22T19:55:13.0143769Z │ 2026-09-22T19:54:43Z │ job-received                    │ 1503ms  │ 1.50s  │
2026-09-22T19:55:13.0144553Z │ 2026-09-22T19:54:46Z │ job-scheduled                   │ 2527ms  │ 4.03s  │
2026-09-22T19:55:13.0145335Z │ 2026-09-22T19:54:50Z │ instance-pending                │ 3969ms  │ 8.00s  │
2026-09-22T19:55:13.0146088Z │ 2026-09-22T19:54:50Z │ runner-registered               │ 948ms   │ 8.95s  │
2026-09-22T19:55:13.0146879Z │ 2026-09-22T19:55:03Z │ agent-booting                   │ 12564ms │ 21.51s │
2026-09-22T19:55:13.0147653Z │ 2026-09-22T19:55:03Z │ runner-setup-global-env         │ 13ms    │ 21.53s │
2026-09-22T19:55:13.0148407Z │ 2026-09-22T19:55:03Z │ runner-setup-user               │ 38ms    │ 21.56s │
2026-09-22T19:55:13.0149137Z │ 2026-09-22T19:55:03Z │ agent-metadata                  │ 88ms    │ 21.65s │
2026-09-22T19:55:13.0149912Z │ 2026-09-22T19:55:03Z │ instance-config                 │ 89ms    │ 21.74s │
2026-09-22T19:55:13.0150662Z │ 2026-09-22T19:55:03Z │ runner-otel-setup-tracer        │ 0ms     │ 21.74s │
2026-09-22T19:55:13.0151569Z │ 2026-09-22T19:55:03Z │ runner-otel-setup-collector     │ 0ms     │ 21.74s │
2026-09-22T19:55:13.0152443Z │ 2026-09-22T19:55:05Z │ runner-resize-disk              │ 1330ms  │ 23.07s │
2026-09-22T19:55:13.0153312Z │ 2026-09-22T19:55:05Z │ runner-prepare-mount-points     │ 0ms     │ 23.07s │
2026-09-22T19:55:13.0154100Z │ 2026-09-22T19:55:05Z │ runner-setup-mount-points       │ 67ms    │ 23.14s │
2026-09-22T19:55:13.0154853Z │ 2026-09-22T19:55:05Z │ runner-setup-agent              │ 3ms     │ 23.14s │
2026-09-22T19:55:13.0155670Z │ 2026-09-22T19:55:05Z │ runner-setup-aws-profile        │ 0ms     │ 23.14s │
2026-09-22T19:55:13.0156427Z │ 2026-09-22T19:55:05Z │ runner-setup-host               │ 0ms     │ 23.14s │
2026-09-22T19:55:13.0157179Z │ 2026-09-22T19:55:05Z │ runner-config                   │ 26ms    │ 23.17s │
2026-09-22T19:55:13.0157944Z │ 2026-09-22T19:55:05Z │ runner-otel-restart             │ 0ms     │ 23.17s │
2026-09-22T19:55:13.0158673Z │ 2026-09-22T19:55:05Z │ runner-env                      │ 3ms     │ 23.17s │
2026-09-22T19:55:13.0159451Z │ 2026-09-22T19:55:05Z │ runner-setup-integrations       │ 60ms    │ 23.24s │
2026-09-22T19:55:13.0160284Z │ 2026-09-22T19:55:05Z │ runner-chown-runner-directories │ 0ms     │ 23.24s │
2026-09-22T19:55:13.0161245Z │ 2026-09-22T19:55:05Z │ runner-start-local-server       │ 0ms     │ 23.24s │
2026-09-22T19:55:13.0162030Z │ 2026-09-22T19:55:05Z │ runner-setup-s3-cache           │ 36ms    │ 23.27s │
2026-09-22T19:55:13.0162801Z │ 2026-09-22T19:55:05Z │ runner-setup-hooks              │ 4ms     │ 23.28s │
2026-09-22T19:55:13.0163547Z └──────────────────────┴─────────────────────────────────┴─────────┴────────┘
2026-09-22T19:55:13.0164131Z ##[endgroup]
2026-09-22T19:55:13.0165032Z ##[group]GITHUB_TOKEN Permissions
2026-09-22T19:55:13.0167030Z Contents: read
2026-09-22T19:55:13.0167490Z Metadata: read
2026-09-22T19:55:13.0167955Z ##[endgroup]
2026-09-22T19:55:13.0170079Z Secret source: Actions
2026-09-22T19:55:13.0170981Z Cache mode: write
2026-09-22T19:55:13.0171657Z Prepare workflow directory
2026-09-22T19:55:13.0452029Z Prepare all required actions
2026-09-22T19:55:13.0491369Z Getting action download info
2026-09-22T19:55:13.2348892Z Download action repository 'runs-on/action@v2' (SHA:efac073ea2507ec18797de3a81704201ade11d9d)
2026-09-22T19:55:13.7613432Z Download action repository 'actions/checkout@3d3c42e5aac5ba805825da76410c181273ba90b1' (SHA:3d3c42e5aac5ba805825da76410c181273ba90b1)
2026-09-22T19:55:13.8085352Z Download action repository 'taiki-e/cache-cargo-install-action@66c9585ef5ca780ee69399975a5e911f47905995' (SHA:66c9585ef5ca780ee69399975a5e911f47905995)
2026-09-22T19:55:13.8917073Z Download action repository 'CodSpeedHQ/action@4296e51e7041e24dadb86d1d6e8b9320d223dbe8' (SHA:4296e51e7041e24dadb86d1d6e8b9320d223dbe8)
2026-09-22T19:55:14.0617220Z Getting action download info
2026-09-22T19:55:14.2048176Z Download action repository 'actions/cache@668228422ae6a00e4ad889ee87cd7109ec5666a7' (SHA:668228422ae6a00e4ad889ee87cd7109ec5666a7)
2026-09-22T19:55:14.4253413Z Getting action download info
2026-09-22T19:55:14.5646271Z Download action repository 'actions/github-script@ed597411d8f924073f98dfc5c65a23a2325f34cd' (SHA:ed597411d8f924073f98dfc5c65a23a2325f34cd)
2026-09-22T19:55:14.7128808Z Complete job name: Benchmark with Codspeed (Shard #7 - FastLanes & decimals)
2026-09-22T19:55:14.7568418Z A job started hook has been configured by the self-hosted runner administrator
2026-09-22T19:55:14.8088208Z ##[group]Run '/runs-on/pre.sh'
2026-09-22T19:55:14.8115674Z shell: /usr/bin/bash --noprofile --norc -e -o pipefail {0}
2026-09-22T19:55:14.8116262Z ##[endgroup]
2026-09-22T19:55:14.8290339Z 
2026-09-22T19:55:14.8291296Z 👋 This self-hosted runner was launched with RunsOn (https://runs-on.com). Join the party!
2026-09-22T19:55:14.8291747Z 
2026-09-22T19:55:14.8301944Z ##[group]Job identity
2026-09-22T19:55:14.8302372Z Organization: vortex-data
2026-09-22T19:55:14.8302749Z Repository: vortex-data/vortex
2026-09-22T19:55:14.8303101Z Workflow: Codspeed Benchmarking
2026-09-22T19:55:14.8303442Z Job: bench-codspeed
2026-09-22T19:55:14.8304078Z ##[endgroup]
2026-09-22T19:55:14.8304232Z 
2026-09-22T19:55:14.8304667Z ##[group]💡 Additional environment variables available in your steps
2026-09-22T19:55:14.8390550Z ACTIONS_CACHE_SERVICE_V2=true
2026-09-22T19:55:14.8391250Z ACTIONS_CACHE_URL=http://10.1.18.232:6871/
2026-09-22T19:55:14.8391634Z ACTIONS_RESULTS_URL=http://10.1.18.232:6871/
2026-09-22T19:55:14.8392029Z ACTIONS_RUNNER_HOOK_JOB_COMPLETED=/runs-on/post.sh
2026-09-22T19:55:14.8392447Z ACTIONS_RUNNER_HOOK_JOB_STARTED=/runs-on/pre.sh
2026-09-22T19:55:14.8392865Z GITHUB_API_URL=https://api.github.com/
2026-09-22T19:55:14.8393201Z GITHUB_HOST=github.com
2026-09-22T19:55:14.8393518Z GITHUB_SERVER_URL=https://github.com/
2026-09-22T19:55:14.8393874Z RUNNER_TOOL_CACHE=/opt/hostedtoolcache
2026-09-22T19:55:14.8394201Z RUNS_ON_AGENT_ARCH=x64
2026-09-22T19:55:14.8394518Z RUNS_ON_AGENT_BINARY=/runs-on/agent
2026-09-22T19:55:14.8394847Z RUNS_ON_AGENT_USER=runner
2026-09-22T19:55:14.8395155Z RUNS_ON_AMI_ID=ami-0d8875560af9e1401
2026-09-22T19:55:14.8395484Z RUNS_ON_AWS_AZ=us-east-1b
2026-09-22T19:55:14.8395824Z RUNS_ON_AWS_REGION=us-east-1
2026-09-22T19:55:14.8396199Z RUNS_ON_ENV_CUSTOM_FILE=/runs-on/env.custom
2026-09-22T19:55:14.8396578Z RUNS_ON_HOME=/runs-on
2026-09-22T19:55:14.8396901Z RUNS_ON_INSTANCE_ID=i-0314d5e05d01bfdfd
2026-09-22T19:55:14.8397262Z RUNS_ON_INSTANCE_LAUNCHED_AT=2026-09-22T19:54:46Z
2026-09-22T19:55:14.8397619Z RUNS_ON_INSTANCE_LIFECYCLE=spot
2026-09-22T19:55:14.8397949Z RUNS_ON_INSTANCE_TYPE=c8in.4xlarge
2026-09-22T19:55:14.8398328Z RUNS_ON_RUNNER_NAME=runs-on--i-0314d5e05d01bfdfd--016b8bce-a
2026-09-22T19:55:14.8398773Z RUNS_ON_S3_BUCKET_CACHE=runs-on-v3-s3bucketcache-dbnub4tpjhpv
2026-09-22T19:55:14.8399218Z RUNS_ON_S3_CACHE_REPO_PREFIX=cache/repo/vortex-data/vortex
2026-09-22T19:55:14.8399662Z RUNS_ON_STACK_NAME=runs-on-v3
2026-09-22T19:55:14.8399990Z RUNS_ON_VERSION=v3.3.0
2026-09-22T19:55:14.8400555Z ##[endgroup]
2026-09-22T19:55:14.8400853Z 
2026-09-22T19:55:14.8614570Z ##[group]Run runs-on/action@v2
2026-09-22T19:55:14.8614951Z with:
2026-09-22T19:55:14.8615205Z   sccache: s3
2026-09-22T19:55:14.8615460Z   show_env: false
2026-09-22T19:55:14.8615746Z   show_costs: inline
2026-09-22T19:55:14.8616030Z   network_interface: enp39s0
2026-09-22T19:55:14.8616326Z   disk_device: nvme0n1p1
2026-09-22T19:55:14.8618557Z   token: ***
2026-09-22T19:55:14.8618827Z   sticky_wait_timeout: 15m
2026-09-22T19:55:14.8619096Z env:
2026-09-22T19:55:14.8619339Z   CARGO_TERM_COLOR: always
2026-09-22T19:55:14.8619678Z   RUST_BACKTRACE: 1
2026-09-22T19:55:14.8619952Z   NIGHTLY_TOOLCHAIN: nightly-2026-09-10
2026-09-22T19:55:14.8620287Z   RUNNER_TOOL_CACHE: /opt/hostedtoolcache
2026-09-22T19:55:14.8620605Z   RUNS_ON_HOME: /runs-on
2026-09-22T19:55:14.8621132Z   RUNS_ON_VERSION: v3.3.0
2026-09-22T19:55:14.8621451Z   RUNS_ON_AGENT_BINARY: /runs-on/agent
2026-09-22T19:55:14.8621767Z   RUNS_ON_AGENT_ARCH: x64
2026-09-22T19:55:14.8622061Z   RUNS_ON_AGENT_USER: runner
2026-09-22T19:55:14.8622418Z   RUNS_ON_AMI_ID: ami-0d8875560af9e1401
2026-09-22T19:55:14.8622730Z   RUNS_ON_AWS_REGION: us-east-1
2026-09-22T19:55:14.8623020Z   RUNS_ON_AWS_AZ: us-east-1b
2026-09-22T19:55:14.8623341Z   RUNS_ON_ENV_CUSTOM_FILE: /runs-on/env.custom
2026-09-22T19:55:14.8623691Z   RUNS_ON_INSTANCE_ID: i-0314d5e05d01bfdfd
2026-09-22T19:55:14.8624025Z   RUNS_ON_INSTANCE_LIFECYCLE: spot
2026-09-22T19:55:14.8624338Z   RUNS_ON_INSTANCE_TYPE: c8in.4xlarge
2026-09-22T19:55:14.8624722Z   RUNS_ON_STACK_NAME: runs-on-v3
2026-09-22T19:55:14.8625089Z   RUNS_ON_S3_BUCKET_CACHE: runs-on-v3-s3bucketcache-dbnub4tpjhpv
2026-09-22T19:55:14.8625520Z   ACTIONS_RUNNER_HOOK_JOB_STARTED: /runs-on/pre.sh
2026-09-22T19:55:14.8625902Z   ACTIONS_RUNNER_HOOK_JOB_COMPLETED: /runs-on/post.sh
2026-09-22T19:55:14.8626285Z   GITHUB_SERVER_URL: https://github.com/
2026-09-22T19:55:14.8626628Z   GITHUB_API_URL: https://api.github.com/
2026-09-22T19:55:14.8626955Z   GITHUB_HOST: github.com
2026-09-22T19:55:14.8627305Z   RUNS_ON_RUNNER_NAME: runs-on--i-0314d5e05d01bfdfd--016b8bce-a
2026-09-22T19:55:14.8627709Z   RUNS_ON_INSTANCE_LAUNCHED_AT: 2026-09-22T19:54:46Z
2026-09-22T19:55:14.8628070Z   ACTIONS_CACHE_URL: http://10.1.18.232:6871/
2026-09-22T19:55:14.8628566Z   ACTIONS_CACHE_SERVICE_V2: true
2026-09-22T19:55:14.8628887Z   ACTIONS_RESULTS_URL: http://10.1.18.232:6871/
2026-09-22T19:55:14.8629280Z   RUNS_ON_S3_CACHE_REPO_PREFIX: cache/repo/vortex-data/vortex
2026-09-22T19:55:14.8629628Z ##[endgroup]
2026-09-22T19:55:15.8435245Z Input 'show_env': false
2026-09-22T19:55:15.8436073Z Input 'show_costs': inline
2026-09-22T19:55:15.8437258Z Input 'metrics': []
2026-09-22T19:55:15.8437787Z Input 'network_interface': enp39s0
2026-09-22T19:55:15.8438107Z Input 'disk_device': nvme0n1p1
2026-09-22T19:55:15.8438348Z Input 'sccache': s3
2026-09-22T19:55:15.8438567Z Input 'sticky_cache': []
2026-09-22T19:55:15.8438821Z Input 'sticky_wait_timeout': 15m0s
2026-09-22T19:55:15.8439380Z ZCTIONS_RESULTS_URL is set: https://results-receiver.actions.githubusercontent.com/
2026-09-22T19:55:15.8440135Z ZCTIONS_CACHE_URL is set: https://acghubeus1.actions.githubusercontent.com/XtqVEj2MXQCbzj6x6n8CMomnIjyhqqRNuSgameoSnKmgcNZw2F/
2026-09-22T19:55:15.8441105Z ACTIONS_RUNTIME_TOKEN is set.
2026-09-22T19:55:15.8441500Z Config update response status: 200 OK
2026-09-22T19:55:15.8441978Z show_costs is enabled. You will find cost details in the post-execution step of this action.
2026-09-22T19:55:15.8442427Z Configuring sccache with S3 backend...
2026-09-22T19:55:15.8442786Z Using bucket: runs-on-v3-s3bucketcache-dbnub4tpjhpv
2026-09-22T19:55:15.8447093Z Using region: us-east-1
2026-09-22T19:55:15.8448336Z Set SCCACHE_BUCKET=runs-on-v3-s3bucketcache-dbnub4tpjhpv
2026-09-22T19:55:15.8448675Z Set SCCACHE_REGION=us-east-1
2026-09-22T19:55:15.8448944Z Set SCCACHE_GHA_ENABLED=false
2026-09-22T19:55:15.8449211Z Set SCCACHE_S3_KEY_PREFIX=cache/sccache
2026-09-22T19:55:15.8449490Z Set RUSTC_WRAPPER=sccache
2026-09-22T19:55:15.8451049Z sccache S3 backend configured successfully!
2026-09-22T19:55:15.8452096Z Action finished.
2026-09-22T19:55:15.8617212Z ##[group]Run actions/checkout@3d3c42e5aac5ba805825da76410c181273ba90b1
2026-09-22T19:55:15.8617629Z with:
2026-09-22T19:55:15.8617866Z   repository: vortex-data/vortex
2026-09-22T19:55:15.8619870Z   token: ***
2026-09-22T19:55:15.8620081Z   ssh-strict: true
2026-09-22T19:55:15.8620306Z   ssh-user: git
2026-09-22T19:55:15.8620527Z   persist-credentials: true
2026-09-22T19:55:15.8620965Z   clean: true
2026-09-22T19:55:15.8621200Z   sparse-checkout-cone-mode: true
2026-09-22T19:55:15.8621454Z   fetch-depth: 1
2026-09-22T19:55:15.8621667Z   fetch-tags: false
2026-09-22T19:55:15.8621878Z   show-progress: true
2026-09-22T19:55:15.8622094Z   lfs: false
2026-09-22T19:55:15.8622294Z   submodules: false
2026-09-22T19:55:15.8622510Z   set-safe-directory: true
2026-09-22T19:55:15.8622758Z   allow-unsafe-pr-checkout: false
2026-09-22T19:55:15.8623023Z env:
2026-09-22T19:55:15.8623236Z   CARGO_TERM_COLOR: always
2026-09-22T19:55:15.8623464Z   RUST_BACKTRACE: 1
2026-09-22T19:55:15.8623741Z   NIGHTLY_TOOLCHAIN: nightly-2026-09-10
2026-09-22T19:55:15.8624025Z   RUNNER_TOOL_CACHE: /opt/hostedtoolcache
2026-09-22T19:55:15.8624293Z   RUNS_ON_HOME: /runs-on
2026-09-22T19:55:15.8624525Z   RUNS_ON_VERSION: v3.3.0
2026-09-22T19:55:15.8624765Z   RUNS_ON_AGENT_BINARY: /runs-on/agent
2026-09-22T19:55:15.8625023Z   RUNS_ON_AGENT_ARCH: x64
2026-09-22T19:55:15.8625254Z   RUNS_ON_AGENT_USER: runner
2026-09-22T19:55:15.8625494Z   RUNS_ON_AMI_ID: ami-0d8875560af9e1401
2026-09-22T19:55:15.8625758Z   RUNS_ON_AWS_REGION: us-east-1
2026-09-22T19:55:15.8625995Z   RUNS_ON_AWS_AZ: us-east-1b
2026-09-22T19:55:15.8626244Z   RUNS_ON_ENV_CUSTOM_FILE: /runs-on/env.custom
2026-09-22T19:55:15.8626533Z   RUNS_ON_INSTANCE_ID: i-0314d5e05d01bfdfd
2026-09-22T19:55:15.8626800Z   RUNS_ON_INSTANCE_LIFECYCLE: spot
2026-09-22T19:55:15.8627055Z   RUNS_ON_INSTANCE_TYPE: c8in.4xlarge
2026-09-22T19:55:15.8627310Z   RUNS_ON_STACK_NAME: runs-on-v3
2026-09-22T19:55:15.8627618Z   RUNS_ON_S3_BUCKET_CACHE: runs-on-v3-s3bucketcache-dbnub4tpjhpv
2026-09-22T19:55:15.8627976Z   ACTIONS_RUNNER_HOOK_JOB_STARTED: /runs-on/pre.sh
2026-09-22T19:55:15.8628302Z   ACTIONS_RUNNER_HOOK_JOB_COMPLETED: /runs-on/post.sh
2026-09-22T19:55:15.8628744Z   GITHUB_SERVER_URL: https://github.com/
2026-09-22T19:55:15.8629092Z   GITHUB_API_URL: https://api.github.com/
2026-09-22T19:55:15.8629367Z   GITHUB_HOST: github.com
2026-09-22T19:55:15.8629656Z   RUNS_ON_RUNNER_NAME: runs-on--i-0314d5e05d01bfdfd--016b8bce-a
2026-09-22T19:55:15.8629999Z   RUNS_ON_INSTANCE_LAUNCHED_AT: 2026-09-22T19:54:46Z
2026-09-22T19:55:15.8630313Z   ACTIONS_CACHE_URL: http://10.1.18.232:6871/
2026-09-22T19:55:15.8630640Z   ACTIONS_CACHE_SERVICE_V2: true
2026-09-22T19:55:15.8631091Z   ACTIONS_RESULTS_URL: http://10.1.18.232:6871/
2026-09-22T19:55:15.8631427Z   RUNS_ON_S3_CACHE_REPO_PREFIX: cache/repo/vortex-data/vortex
2026-09-22T19:55:15.8631744Z   RUNS_ON_ACTION_COST_TRACKING_CLAIMED: true
2026-09-22T19:55:15.8632069Z   SCCACHE_BUCKET: runs-on-v3-s3bucketcache-dbnub4tpjhpv
2026-09-22T19:55:15.8632376Z   SCCACHE_REGION: us-east-1
2026-09-22T19:55:15.8632613Z   SCCACHE_GHA_ENABLED: false
2026-09-22T19:55:15.8632856Z   SCCACHE_S3_KEY_PREFIX: cache/sccache
2026-09-22T19:55:15.8633111Z   RUSTC_WRAPPER: sccache
2026-09-22T19:55:15.8633331Z ##[endgroup]
2026-09-22T19:55:15.9916551Z Syncing repository: vortex-data/vortex
2026-09-22T19:55:15.9917228Z ##[group]Getting Git version info
2026-09-22T19:55:15.9917541Z Working directory is '/home/runner/_work/vortex/vortex'
2026-09-22T19:55:15.9917990Z [command]/usr/bin/git version
2026-09-22T19:55:15.9929214Z git version 2.55.0
2026-09-22T19:55:15.9943014Z ##[endgroup]
2026-09-22T19:55:15.9956108Z Temporarily overriding HOME='/home/runner/_work/_temp/bbe3cffe-bedf-4d50-8037-eb32e8593c46' before making global git config changes
2026-09-22T19:55:15.9957191Z Adding repository directory to the temporary git global config as a safe directory
2026-09-22T19:55:15.9963557Z [command]/usr/bin/git config --global --add safe.directory /home/runner/_work/vortex/vortex
2026-09-22T19:55:15.9987121Z Deleting the contents of '/home/runner/_work/vortex/vortex'
2026-09-22T19:55:15.9989476Z ##[group]Determining repository object format
2026-09-22T19:55:15.9990738Z ##[endgroup]
2026-09-22T19:55:15.9991265Z ##[group]Initializing the repository
2026-09-22T19:55:15.9993917Z [command]/usr/bin/git init /home/runner/_work/vortex/vortex
2026-09-22T19:55:16.0261400Z hint: Using 'master' as the name for the initial branch. This default branch name
2026-09-22T19:55:16.0261994Z hint: will change to "main" in Git 3.0. To configure the initial branch name
2026-09-22T19:55:16.0262518Z hint: to use in all of your new repositories, which will suppress this warning,
2026-09-22T19:55:16.0262937Z hint: call:
2026-09-22T19:55:16.0263256Z hint:
2026-09-22T19:55:16.0263583Z hint: 	git config --global init.defaultBranch <name>
2026-09-22T19:55:16.0263977Z hint:
2026-09-22T19:55:16.0264312Z hint: Names commonly chosen instead of 'master' are 'main', 'trunk' and
2026-09-22T19:55:16.0264873Z hint: 'development'. The just-created branch can be renamed via this command:
2026-09-22T19:55:16.0265279Z hint:
2026-09-22T19:55:16.0265530Z hint: 	git branch -m <name>
2026-09-22T19:55:16.0265889Z hint:
2026-09-22T19:55:16.0266244Z hint: Disable this message with "git config set advice.defaultBranchName false"
2026-09-22T19:55:16.0266783Z Initialized empty Git repository in /home/runner/_work/vortex/vortex/.git/
2026-09-22T19:55:16.0272280Z [command]/usr/bin/git remote add origin https://github.com/vortex-data/vortex
2026-09-22T19:55:16.0333571Z ##[endgroup]
2026-09-22T19:55:16.0335516Z ##[group]Disabling automatic garbage collection
2026-09-22T19:55:16.0337148Z [command]/usr/bin/git config --local gc.auto 0
2026-09-22T19:55:16.0359839Z ##[endgroup]
2026-09-22T19:55:16.0360405Z ##[group]Setting up auth
2026-09-22T19:55:16.0360904Z Removing SSH command configuration
2026-09-22T19:55:16.0364404Z [command]/usr/bin/git config --local --name-only --get-regexp core\.sshCommand
2026-09-22T19:55:16.0387635Z [command]/usr/bin/git submodule foreach --recursive sh -c "git config --local --name-only --get-regexp 'core\.sshCommand' && git config --local --unset-all 'core.sshCommand' || :"
2026-09-22T19:55:16.1608965Z Removing HTTP extra header
2026-09-22T19:55:16.1613795Z [command]/usr/bin/git config --local --name-only --get-regexp http\.https\:\/\/github\.com\/\.extraheader
2026-09-22T19:55:16.1636199Z [command]/usr/bin/git submodule foreach --recursive sh -c "git config --local --name-only --get-regexp 'http\.https\:\/\/github\.com\/\.extraheader' && git config --local --unset-all 'http.https://github.com/.extraheader' || :"
2026-09-22T19:55:16.1790632Z Removing includeIf entries pointing to credentials config files
2026-09-22T19:55:16.1794742Z [command]/usr/bin/git config --local --name-only --get-regexp ^includeIf\.gitdir:
2026-09-22T19:55:16.1816332Z [command]/usr/bin/git submodule foreach --recursive git config --local --show-origin --name-only --get-regexp remote.origin.url
2026-09-22T19:55:16.1975174Z [command]/usr/bin/git config --file /home/runner/_work/_temp/git-credentials-01e8ada2-cded-4a37-ad96-13881dede13e.config http.https://github.com/.extraheader AUTHORIZATION: basic ***
2026-09-22T19:55:16.2001442Z [command]/usr/bin/git config --local includeIf.gitdir:/home/runner/_work/vortex/vortex/.git.path /home/runner/_work/_temp/git-credentials-01e8ada2-cded-4a37-ad96-13881dede13e.config
2026-09-22T19:55:16.2022583Z [command]/usr/bin/git config --local includeIf.gitdir:/home/runner/_work/vortex/vortex/.git/worktrees/*.path /home/runner/_work/_temp/git-credentials-01e8ada2-cded-4a37-ad96-13881dede13e.config
2026-09-22T19:55:16.2047571Z [command]/usr/bin/git config --local includeIf.gitdir:/github/workspace/.git.path /github/runner_temp/git-credentials-01e8ada2-cded-4a37-ad96-13881dede13e.config
2026-09-22T19:55:16.2067800Z [command]/usr/bin/git config --local includeIf.gitdir:/github/workspace/.git/worktrees/*.path /github/runner_temp/git-credentials-01e8ada2-cded-4a37-ad96-13881dede13e.config
2026-09-22T19:55:16.2086682Z ##[endgroup]
2026-09-22T19:55:16.2087496Z ##[group]Fetching the repository
2026-09-22T19:55:16.2091538Z [command]/usr/bin/git -c protocol.version=2 fetch --no-tags --prune --no-recurse-submodules --depth=1 origin +57f084f50b239befc2bbf5ecf7b06fec4f49bf38:refs/remotes/pull/9988/merge
2026-09-22T19:55:16.6766577Z From https://github.com/vortex-data/vortex
2026-09-22T19:55:16.6767648Z  * [new ref]         57f084f50b239befc2bbf5ecf7b06fec4f49bf38 -> pull/9988/merge
2026-09-22T19:55:16.6769025Z ##[endgroup]
2026-09-22T19:55:16.6769412Z ##[group]Determining the checkout info
2026-09-22T19:55:16.6769897Z ##[endgroup]
2026-09-22T19:55:16.6771712Z [command]/usr/bin/git sparse-checkout disable
2026-09-22T19:55:16.6832557Z [command]/usr/bin/git config --local --unset-all extensions.worktreeConfig
2026-09-22T19:55:16.6855121Z ##[group]Checking out the ref
2026-09-22T19:55:16.6858217Z [command]/usr/bin/git checkout --progress --force refs/remotes/pull/9988/merge
2026-09-22T19:55:16.8510683Z Note: switching to 'refs/remotes/pull/9988/merge'.
2026-09-22T19:55:16.8511035Z 
2026-09-22T19:55:16.8511381Z You are in 'detached HEAD' state. You can look around, make experimental
2026-09-22T19:55:16.8511856Z changes and commit them, and you can discard any commits you make in this
2026-09-22T19:55:16.8512335Z state without impacting any branches by switching back to a branch.
2026-09-22T19:55:16.8512738Z 
2026-09-22T19:55:16.8512974Z If you want to create a new branch to retain commits you create, you may
2026-09-22T19:55:16.8513394Z do so (now or later) by using -c with the switch command. Example:
2026-09-22T19:55:16.8513615Z 
2026-09-22T19:55:16.8513758Z   git switch -c <new-branch-name>
2026-09-22T19:55:16.8514008Z 
2026-09-22T19:55:16.8514113Z Or undo this operation with:
2026-09-22T19:55:16.8514295Z 
2026-09-22T19:55:16.8514405Z   git switch -
2026-09-22T19:55:16.8514566Z 
2026-09-22T19:55:16.8514810Z Turn off this advice by setting config variable advice.detachedHead to false
2026-09-22T19:55:16.8515073Z 
2026-09-22T19:55:16.8515397Z HEAD is now at 57f084f Merge 2449ffba98047e03b6a4a9477fe6949ef7c89640 into 133aacdb7ef30f781552ec1f1d6ada9193bc9b4e
2026-09-22T19:55:16.8524615Z ##[endgroup]
2026-09-22T19:55:16.8562390Z [command]/usr/bin/git log -1 --format=%H
2026-09-22T19:55:16.8577579Z 57f084f50b239befc2bbf5ecf7b06fec4f49bf38
2026-09-22T19:55:16.8741120Z Prepare all required actions
2026-09-22T19:55:16.8741741Z Getting action download info
2026-09-22T19:55:16.9875863Z Download action repository 'dtolnay/rust-toolchain@6bed0761d98439e5a578e2877258200ad565ba87' (SHA:6bed0761d98439e5a578e2877258200ad565ba87)
2026-09-22T19:55:17.0687554Z ##[group]Run ./.github/actions/setup-prebuild
2026-09-22T19:55:17.0687885Z with:
2026-09-22T19:55:17.0688090Z   enable-sccache: true
2026-09-22T19:55:17.0689849Z   repo-token: ***
2026-09-22T19:55:17.0690398Z   components: clippy, rustfmt
2026-09-22T19:55:17.0690716Z   protoc-version: 29.3
2026-09-22T19:55:17.0690937Z env:
2026-09-22T19:55:17.0691137Z   CARGO_TERM_COLOR: always
2026-09-22T19:55:17.0691389Z   RUST_BACKTRACE: 1
2026-09-22T19:55:17.0691624Z   NIGHTLY_TOOLCHAIN: nightly-2026-09-10
2026-09-22T19:55:17.0691963Z   RUNNER_TOOL_CACHE: /opt/hostedtoolcache
2026-09-22T19:55:17.0692245Z   RUNS_ON_HOME: /runs-on
2026-09-22T19:55:17.0692468Z   RUNS_ON_VERSION: v3.3.0
2026-09-22T19:55:17.0692805Z   RUNS_ON_AGENT_BINARY: /runs-on/agent
2026-09-22T19:55:17.0693068Z   RUNS_ON_AGENT_ARCH: x64
2026-09-22T19:55:17.0693321Z   RUNS_ON_AGENT_USER: runner
2026-09-22T19:55:17.0693574Z   RUNS_ON_AMI_ID: ami-0d8875560af9e1401
2026-09-22T19:55:17.0694026Z   RUNS_ON_AWS_REGION: us-east-1
2026-09-22T19:55:17.0694280Z   RUNS_ON_AWS_AZ: us-east-1b
2026-09-22T19:55:17.0694557Z   RUNS_ON_ENV_CUSTOM_FILE: /runs-on/env.custom
2026-09-22T19:55:17.0694882Z   RUNS_ON_INSTANCE_ID: i-0314d5e05d01bfdfd
2026-09-22T19:55:17.0695162Z   RUNS_ON_INSTANCE_LIFECYCLE: spot
2026-09-22T19:55:17.0695427Z   RUNS_ON_INSTANCE_TYPE: c8in.4xlarge
2026-09-22T19:55:17.0695774Z   RUNS_ON_STACK_NAME: runs-on-v3
2026-09-22T19:55:17.0696091Z   RUNS_ON_S3_BUCKET_CACHE: runs-on-v3-s3bucketcache-dbnub4tpjhpv
2026-09-22T19:55:17.0696477Z   ACTIONS_RUNNER_HOOK_JOB_STARTED: /runs-on/pre.sh
2026-09-22T19:55:17.0696792Z   ACTIONS_RUNNER_HOOK_JOB_COMPLETED: /runs-on/post.sh
2026-09-22T19:55:17.0697098Z   GITHUB_SERVER_URL: https://github.com/
2026-09-22T19:55:17.0697419Z   GITHUB_API_URL: https://api.github.com/
2026-09-22T19:55:17.0697697Z   GITHUB_HOST: github.com
2026-09-22T19:55:17.0698012Z   RUNS_ON_RUNNER_NAME: runs-on--i-0314d5e05d01bfdfd--016b8bce-a
2026-09-22T19:55:17.0698356Z   RUNS_ON_INSTANCE_LAUNCHED_AT: 2026-09-22T19:54:46Z
2026-09-22T19:55:17.0698671Z   ACTIONS_CACHE_URL: http://10.1.18.232:6871/
2026-09-22T19:55:17.0698958Z   ACTIONS_CACHE_SERVICE_V2: true
2026-09-22T19:55:17.0699260Z   ACTIONS_RESULTS_URL: http://10.1.18.232:6871/
2026-09-22T19:55:17.0699608Z   RUNS_ON_S3_CACHE_REPO_PREFIX: cache/repo/vortex-data/vortex
2026-09-22T19:55:17.0700078Z   RUNS_ON_ACTION_COST_TRACKING_CLAIMED: true
2026-09-22T19:55:17.0700416Z   SCCACHE_BUCKET: runs-on-v3-s3bucketcache-dbnub4tpjhpv
2026-09-22T19:55:17.0700729Z   SCCACHE_REGION: us-east-1
2026-09-22T19:55:17.0701007Z   SCCACHE_GHA_ENABLED: false
2026-09-22T19:55:17.0701285Z   SCCACHE_S3_KEY_PREFIX: cache/sccache
2026-09-22T19:55:17.0701567Z   RUSTC_WRAPPER: sccache
2026-09-22T19:55:17.0701813Z ##[endgroup]
2026-09-22T19:55:17.0755676Z ##[start-action display=Resolve toolchain config;id=__self.toolchain-config]
2026-09-22T19:55:17.0783731Z ##[group]Run DEFAULT_VERSION=$(grep channel rust-toolchain.toml | awk -F'"' '{print $2}')
2026-09-22T19:55:17.0784297Z [36;1mDEFAULT_VERSION=$(grep channel rust-toolchain.toml | awk -F'"' '{print $2}')[0m
2026-09-22T19:55:17.0784718Z [36;1mTOOLCHAIN="${TOOLCHAIN_OVERRIDE:-$DEFAULT_VERSION}"[0m
2026-09-22T19:55:17.0785071Z [36;1mecho "toolchain=$TOOLCHAIN" >> "$GITHUB_OUTPUT"[0m
2026-09-22T19:55:17.0785451Z [36;1mecho "RUSTUP_TOOLCHAIN=$DEFAULT_VERSION" >> "$GITHUB_ENV"[0m
2026-09-22T19:55:17.0808456Z shell: /usr/bin/bash --noprofile --norc -e -o pipefail {0}
2026-09-22T19:55:17.0808791Z env:
2026-09-22T19:55:17.0809037Z   CARGO_TERM_COLOR: always
2026-09-22T19:55:17.0809288Z   RUST_BACKTRACE: 1
2026-09-22T19:55:17.0809531Z   NIGHTLY_TOOLCHAIN: nightly-2026-09-10
2026-09-22T19:55:17.0810062Z   RUNNER_TOOL_CACHE: /opt/hostedtoolcache
2026-09-22T19:55:17.0810446Z   RUNS_ON_HOME: /runs-on
2026-09-22T19:55:17.0810727Z   RUNS_ON_VERSION: v3.3.0
2026-09-22T19:55:17.0811029Z   RUNS_ON_AGENT_BINARY: /runs-on/agent
2026-09-22T19:55:17.0811291Z   RUNS_ON_AGENT_ARCH: x64
2026-09-22T19:55:17.0811601Z   RUNS_ON_AGENT_USER: runner
2026-09-22T19:55:17.0811851Z   RUNS_ON_AMI_ID: ami-0d8875560af9e1401
2026-09-22T19:55:17.0812098Z   RUNS_ON_AWS_REGION: us-east-1
2026-09-22T19:55:17.0812391Z   RUNS_ON_AWS_AZ: us-east-1b
2026-09-22T19:55:17.0812654Z   RUNS_ON_ENV_CUSTOM_FILE: /runs-on/env.custom
2026-09-22T19:55:17.0812964Z   RUNS_ON_INSTANCE_ID: i-0314d5e05d01bfdfd
2026-09-22T19:55:17.0813232Z   RUNS_ON_INSTANCE_LIFECYCLE: spot
2026-09-22T19:55:17.0813484Z   RUNS_ON_INSTANCE_TYPE: c8in.4xlarge
2026-09-22T19:55:17.0813863Z   RUNS_ON_STACK_NAME: runs-on-v3
2026-09-22T19:55:17.0814229Z   RUNS_ON_S3_BUCKET_CACHE: runs-on-v3-s3bucketcache-dbnub4tpjhpv
2026-09-22T19:55:17.0814620Z   ACTIONS_RUNNER_HOOK_JOB_STARTED: /runs-on/pre.sh
2026-09-22T19:55:17.0814957Z   ACTIONS_RUNNER_HOOK_JOB_COMPLETED: /runs-on/post.sh
2026-09-22T19:55:17.0815263Z   GITHUB_SERVER_URL: https://github.com/
2026-09-22T19:55:17.0815575Z   GITHUB_API_URL: https://api.github.com/
2026-09-22T19:55:17.0815900Z   GITHUB_HOST: github.com
2026-09-22T19:55:17.0816210Z   RUNS_ON_RUNNER_NAME: runs-on--i-0314d5e05d01bfdfd--016b8bce-a
2026-09-22T19:55:17.0816572Z   RUNS_ON_INSTANCE_LAUNCHED_AT: 2026-09-22T19:54:46Z
2026-09-22T19:55:17.0816863Z   ACTIONS_CACHE_URL: http://10.1.18.232:6871/
2026-09-22T19:55:17.0817160Z   ACTIONS_CACHE_SERVICE_V2: true
2026-09-22T19:55:17.0817427Z   ACTIONS_RESULTS_URL: http://10.1.18.232:6871/
2026-09-22T19:55:17.0817804Z   RUNS_ON_S3_CACHE_REPO_PREFIX: cache/repo/vortex-data/vortex
2026-09-22T19:55:17.0818120Z   RUNS_ON_ACTION_COST_TRACKING_CLAIMED: true
2026-09-22T19:55:17.0818420Z   SCCACHE_BUCKET: runs-on-v3-s3bucketcache-dbnub4tpjhpv
2026-09-22T19:55:17.0818739Z   SCCACHE_REGION: us-east-1
2026-09-22T19:55:17.0819006Z   SCCACHE_GHA_ENABLED: false
2026-09-22T19:55:17.0819293Z   SCCACHE_S3_KEY_PREFIX: cache/sccache
2026-09-22T19:55:17.0819550Z   RUSTC_WRAPPER: sccache
2026-09-22T19:55:17.0819773Z   TOOLCHAIN_OVERRIDE: 
2026-09-22T19:55:17.0820149Z ##[endgroup]
2026-09-22T19:55:17.0905784Z ##[end-action id=__self.toolchain-config;outcome=success;conclusion=success;duration_ms=14]
2026-09-22T19:55:17.0907928Z ##[start-action display=Check for rustup;id=__self.check-rustup]
2026-09-22T19:55:17.0928043Z ##[group]Run echo "exists=$(command -v rustup &> /dev/null && echo 'true' || echo 'false')" >> "$GITHUB_OUTPUT"
2026-09-22T19:55:17.0928611Z [36;1mecho "exists=$(command -v rustup &> /dev/null && echo 'true' || echo 'false')" >> "$GITHUB_OUTPUT"[0m
2026-09-22T19:55:17.0950413Z shell: /usr/bin/bash --noprofile --norc -e -o pipefail {0}
2026-09-22T19:55:17.0950814Z env:
2026-09-22T19:55:17.0951038Z   CARGO_TERM_COLOR: always
2026-09-22T19:55:17.0951318Z   RUST_BACKTRACE: 1
2026-09-22T19:55:17.0951591Z   NIGHTLY_TOOLCHAIN: nightly-2026-09-10
2026-09-22T19:55:17.0951887Z   RUNNER_TOOL_CACHE: /opt/hostedtoolcache
2026-09-22T19:55:17.0952188Z   RUNS_ON_HOME: /runs-on
2026-09-22T19:55:17.0952434Z   RUNS_ON_VERSION: v3.3.0
2026-09-22T19:55:17.0952687Z   RUNS_ON_AGENT_BINARY: /runs-on/agent
2026-09-22T19:55:17.0952999Z   RUNS_ON_AGENT_ARCH: x64
2026-09-22T19:55:17.0953230Z   RUNS_ON_AGENT_USER: runner
2026-09-22T19:55:17.0953505Z   RUNS_ON_AMI_ID: ami-0d8875560af9e1401
2026-09-22T19:55:17.0953772Z   RUNS_ON_AWS_REGION: us-east-1
2026-09-22T19:55:17.0954078Z   RUNS_ON_AWS_AZ: us-east-1b
2026-09-22T19:55:17.0954397Z   RUNS_ON_ENV_CUSTOM_FILE: /runs-on/env.custom
2026-09-22T19:55:17.0954684Z   RUNS_ON_INSTANCE_ID: i-0314d5e05d01bfdfd
2026-09-22T19:55:17.0954983Z   RUNS_ON_INSTANCE_LIFECYCLE: spot
2026-09-22T19:55:17.0955254Z   RUNS_ON_INSTANCE_TYPE: c8in.4xlarge
2026-09-22T19:55:17.0955523Z   RUNS_ON_STACK_NAME: runs-on-v3
2026-09-22T19:55:17.0955864Z   RUNS_ON_S3_BUCKET_CACHE: runs-on-v3-s3bucketcache-dbnub4tpjhpv
2026-09-22T19:55:17.0956307Z   ACTIONS_RUNNER_HOOK_JOB_STARTED: /runs-on/pre.sh
2026-09-22T19:55:17.0956959Z   ACTIONS_RUNNER_HOOK_JOB_COMPLETED: /runs-on/post.sh
2026-09-22T19:55:17.0957276Z   GITHUB_SERVER_URL: https://github.com/
2026-09-22T19:55:17.0957585Z   GITHUB_API_URL: https://api.github.com/
2026-09-22T19:55:17.0957877Z   GITHUB_HOST: github.com
2026-09-22T19:55:17.0958193Z   RUNS_ON_RUNNER_NAME: runs-on--i-0314d5e05d01bfdfd--016b8bce-a
2026-09-22T19:55:17.0958568Z   RUNS_ON_INSTANCE_LAUNCHED_AT: 2026-09-22T19:54:46Z
2026-09-22T19:55:17.0958893Z   ACTIONS_CACHE_URL: http://10.1.18.232:6871/
2026-09-22T19:55:17.0959181Z   ACTIONS_CACHE_SERVICE_V2: true
2026-09-22T19:55:17.0959463Z   ACTIONS_RESULTS_URL: http://10.1.18.232:6871/
2026-09-22T19:55:17.0959816Z   RUNS_ON_S3_CACHE_REPO_PREFIX: cache/repo/vortex-data/vortex
2026-09-22T19:55:17.0960324Z   RUNS_ON_ACTION_COST_TRACKING_CLAIMED: true
2026-09-22T19:55:17.0960678Z   SCCACHE_BUCKET: runs-on-v3-s3bucketcache-dbnub4tpjhpv
2026-09-22T19:55:17.0960991Z   SCCACHE_REGION: us-east-1
2026-09-22T19:55:17.0961251Z   SCCACHE_GHA_ENABLED: false
2026-09-22T19:55:17.0961514Z   SCCACHE_S3_KEY_PREFIX: cache/sccache
2026-09-22T19:55:17.0961818Z   RUSTC_WRAPPER: sccache
2026-09-22T19:55:17.0962107Z   RUSTUP_TOOLCHAIN: 1.98.0
2026-09-22T19:55:17.0962405Z ##[endgroup]
2026-09-22T19:55:17.1006155Z ##[end-action id=__self.check-rustup;outcome=success;conclusion=success;duration_ms=9]
2026-09-22T19:55:17.1008196Z ##[start-action display=Install Rust;id=__self.__dtolnay_rust-toolchain]
2026-09-22T19:55:17.1018114Z ##[end-action id=__self.__dtolnay_rust-toolchain;outcome=skipped;conclusion=skipped;duration_ms=0]
2026-09-22T19:55:17.1021580Z ##[start-action display=Reconcile prebuilt Rust installation;id=__self.__run]
2026-09-22T19:55:17.1043114Z ##[group]Run TOOLCHAIN_FOUND=false
2026-09-22T19:55:17.1043500Z [36;1mTOOLCHAIN_FOUND=false[0m
2026-09-22T19:55:17.1043841Z [36;1mfor INSTALLED in $(rustup toolchain list | awk '{print $1}'); do[0m
2026-09-22T19:55:17.1044211Z [36;1m  case "$INSTALLED" in[0m
2026-09-22T19:55:17.1044544Z [36;1m    "$TOOLCHAIN"|"$TOOLCHAIN"-*) TOOLCHAIN_FOUND=true ;;[0m
2026-09-22T19:55:17.1044879Z [36;1m  esac[0m
2026-09-22T19:55:17.1045098Z [36;1mdone[0m
2026-09-22T19:55:17.1045340Z [36;1mif [ "$TOOLCHAIN_FOUND" != true ]; then[0m
2026-09-22T19:55:17.1045743Z [36;1m  rustup toolchain install "$TOOLCHAIN" --profile minimal[0m
2026-09-22T19:55:17.1046071Z [36;1mfi[0m
2026-09-22T19:55:17.1046264Z [36;1m[0m
2026-09-22T19:55:17.1046588Z [36;1mTOOLCHAIN_HOST=$(rustc +"$TOOLCHAIN" --print host-tuple)[0m
2026-09-22T19:55:17.1047057Z [36;1mINSTALLED_COMPONENTS=$(rustup component list --toolchain "$TOOLCHAIN" --installed)[0m
2026-09-22T19:55:17.1047470Z [36;1mMISSING_COMPONENTS=()[0m
2026-09-22T19:55:17.1047770Z [36;1mIFS=',' read -ra REQUESTED_COMPONENTS <<< "$COMPONENTS"[0m
2026-09-22T19:55:17.1048107Z [36;1mfor COMPONENT in "${REQUESTED_COMPONENTS[@]}"; do[0m
2026-09-22T19:55:17.1048506Z [36;1m  COMPONENT=${COMPONENT// /}[0m
2026-09-22T19:55:17.1048796Z [36;1m  [ -z "$COMPONENT" ] && continue[0m
2026-09-22T19:55:17.1049103Z [36;1m  if [ "$COMPONENT" = llvm-tools ]; then[0m
2026-09-22T19:55:17.1049398Z [36;1m    COMPONENT=llvm-tools-preview[0m
2026-09-22T19:55:17.1049644Z [36;1m  fi[0m
2026-09-22T19:55:17.1050107Z [36;1m  if ! grep -Fqx "$COMPONENT" <<< "$INSTALLED_COMPONENTS" && \[0m
2026-09-22T19:55:17.1050545Z [36;1m     ! grep -Fqx "$COMPONENT-$TOOLCHAIN_HOST" <<< "$INSTALLED_COMPONENTS"; then[0m
2026-09-22T19:55:17.1050937Z [36;1m    MISSING_COMPONENTS+=("$COMPONENT")[0m
2026-09-22T19:55:17.1051203Z [36;1m  fi[0m
2026-09-22T19:55:17.1051393Z [36;1mdone[0m
2026-09-22T19:55:17.1051683Z [36;1mif [ ${#MISSING_COMPONENTS[@]} -gt 0 ]; then[0m
2026-09-22T19:55:17.1052114Z [36;1m  rustup component add --toolchain "$TOOLCHAIN" "${MISSING_COMPONENTS[@]}"[0m
2026-09-22T19:55:17.1052462Z [36;1mfi[0m
2026-09-22T19:55:17.1052662Z [36;1m[0m
2026-09-22T19:55:17.1052973Z [36;1mINSTALLED_TARGETS=$(rustup target list --toolchain "$TOOLCHAIN" --installed)[0m
2026-09-22T19:55:17.1053564Z [36;1mMISSING_TARGETS=()[0m
2026-09-22T19:55:17.1053931Z [36;1mIFS=',' read -ra REQUESTED_TARGETS <<< "$TARGETS"[0m
2026-09-22T19:55:17.1054270Z [36;1mfor TARGET in "${REQUESTED_TARGETS[@]}"; do[0m
2026-09-22T19:55:17.1054553Z [36;1m  TARGET=${TARGET// /}[0m
2026-09-22T19:55:17.1054871Z [36;1m  [ -z "$TARGET" ] && continue[0m
2026-09-22T19:55:17.1055215Z [36;1m  if ! grep -Fqx "$TARGET" <<< "$INSTALLED_TARGETS"; then[0m
2026-09-22T19:55:17.1055555Z [36;1m    MISSING_TARGETS+=("$TARGET")[0m
2026-09-22T19:55:17.1055816Z [36;1m  fi[0m
2026-09-22T19:55:17.1056016Z [36;1mdone[0m
2026-09-22T19:55:17.1056242Z [36;1mif [ ${#MISSING_TARGETS[@]} -gt 0 ]; then[0m
2026-09-22T19:55:17.1056625Z [36;1m  rustup target add --toolchain "$TOOLCHAIN" "${MISSING_TARGETS[@]}"[0m
2026-09-22T19:55:17.1056974Z [36;1mfi[0m
2026-09-22T19:55:17.1078175Z shell: /usr/bin/bash --noprofile --norc -e -o pipefail {0}
2026-09-22T19:55:17.1078537Z env:
2026-09-22T19:55:17.1078777Z   CARGO_TERM_COLOR: always
2026-09-22T19:55:17.1079023Z   RUST_BACKTRACE: 1
2026-09-22T19:55:17.1079284Z   NIGHTLY_TOOLCHAIN: nightly-2026-09-10
2026-09-22T19:55:17.1079564Z   RUNNER_TOOL_CACHE: /opt/hostedtoolcache
2026-09-22T19:55:17.1080106Z   RUNS_ON_HOME: /runs-on
2026-09-22T19:55:17.1080370Z   RUNS_ON_VERSION: v3.3.0
2026-09-22T19:55:17.1080625Z   RUNS_ON_AGENT_BINARY: /runs-on/agent
2026-09-22T19:55:17.1080903Z   RUNS_ON_AGENT_ARCH: x64
2026-09-22T19:55:17.1081145Z   RUNS_ON_AGENT_USER: runner
2026-09-22T19:55:17.1081405Z   RUNS_ON_AMI_ID: ami-0d8875560af9e1401
2026-09-22T19:55:17.1081712Z   RUNS_ON_AWS_REGION: us-east-1
2026-09-22T19:55:17.1081958Z   RUNS_ON_AWS_AZ: us-east-1b
2026-09-22T19:55:17.1082227Z   RUNS_ON_ENV_CUSTOM_FILE: /runs-on/env.custom
2026-09-22T19:55:17.1082517Z   RUNS_ON_INSTANCE_ID: i-0314d5e05d01bfdfd
2026-09-22T19:55:17.1082793Z   RUNS_ON_INSTANCE_LIFECYCLE: spot
2026-09-22T19:55:17.1083101Z   RUNS_ON_INSTANCE_TYPE: c8in.4xlarge
2026-09-22T19:55:17.1083369Z   RUNS_ON_STACK_NAME: runs-on-v3
2026-09-22T19:55:17.1083690Z   RUNS_ON_S3_BUCKET_CACHE: runs-on-v3-s3bucketcache-dbnub4tpjhpv
2026-09-22T19:55:17.1084053Z   ACTIONS_RUNNER_HOOK_JOB_STARTED: /runs-on/pre.sh
2026-09-22T19:55:17.1084374Z   ACTIONS_RUNNER_HOOK_JOB_COMPLETED: /runs-on/post.sh
2026-09-22T19:55:17.1084843Z   GITHUB_SERVER_URL: https://github.com/
2026-09-22T19:55:17.1085126Z   GITHUB_API_URL: https://api.github.com/
2026-09-22T19:55:17.1085407Z   GITHUB_HOST: github.com
2026-09-22T19:55:17.1085700Z   RUNS_ON_RUNNER_NAME: runs-on--i-0314d5e05d01bfdfd--016b8bce-a
2026-09-22T19:55:17.1086045Z   RUNS_ON_INSTANCE_LAUNCHED_AT: 2026-09-22T19:54:46Z
2026-09-22T19:55:17.1086370Z   ACTIONS_CACHE_URL: http://10.1.18.232:6871/
2026-09-22T19:55:17.1086680Z   ACTIONS_CACHE_SERVICE_V2: true
2026-09-22T19:55:17.1086957Z   ACTIONS_RESULTS_URL: http://10.1.18.232:6871/
2026-09-22T19:55:17.1087304Z   RUNS_ON_S3_CACHE_REPO_PREFIX: cache/repo/vortex-data/vortex
2026-09-22T19:55:17.1087615Z   RUNS_ON_ACTION_COST_TRACKING_CLAIMED: true
2026-09-22T19:55:17.1087954Z   SCCACHE_BUCKET: runs-on-v3-s3bucketcache-dbnub4tpjhpv
2026-09-22T19:55:17.1088282Z   SCCACHE_REGION: us-east-1
2026-09-22T19:55:17.1088536Z   SCCACHE_GHA_ENABLED: false
2026-09-22T19:55:17.1088803Z   SCCACHE_S3_KEY_PREFIX: cache/sccache
2026-09-22T19:55:17.1089053Z   RUSTC_WRAPPER: sccache
2026-09-22T19:55:17.1089312Z   RUSTUP_TOOLCHAIN: 1.98.0
2026-09-22T19:55:17.1089545Z   TOOLCHAIN: 1.98.0
2026-09-22T19:55:17.1089811Z   COMPONENTS: clippy, rustfmt
2026-09-22T19:55:17.1090198Z   TARGETS: 
2026-09-22T19:55:17.1090397Z ##[endgroup]
2026-09-22T19:55:17.3379279Z info: syncing channel updates for 1.98.0-x86_64-unknown-linux-gnu
2026-09-22T19:55:17.4567414Z info: latest update on 2026-08-20 for version 1.98.0 (88d9e12ae 2026-08-18)
2026-09-22T19:55:17.4583471Z info: downloading 3 components
2026-09-22T19:55:24.2881769Z info: syncing channel updates for 1.98.0-x86_64-unknown-linux-gnu
2026-09-22T19:55:24.3240996Z 
2026-09-22T19:55:24.3295517Z   1.98.0-x86_64-unknown-linux-gnu unchanged - rustc 1.98.0 (88d9e12ae 2026-08-18)
2026-09-22T19:55:24.3296185Z 
2026-09-22T19:55:24.4052147Z info: downloading component clippy
2026-09-22T19:55:24.9137958Z info: downloading component rustfmt
2026-09-22T19:55:25.2242626Z ##[end-action id=__self.__run;outcome=success;conclusion=success;duration_ms=8122]
2026-09-22T19:55:25.2245616Z ##[start-action display=Reconcile mold installation;id=__self.__run_2]
2026-09-22T19:55:25.2266390Z ##[group]Run if ! command -v mold >/dev/null; then
2026-09-22T19:55:25.2266782Z [36;1mif ! command -v mold >/dev/null; then[0m
2026-09-22T19:55:25.2267101Z [36;1m  sudo apt-get update[0m
2026-09-22T19:55:25.2267374Z [36;1m  sudo apt-get install -y mold[0m
2026-09-22T19:55:25.2267970Z [36;1mfi[0m
2026-09-22T19:55:25.2289844Z shell: /usr/bin/bash --noprofile --norc -e -o pipefail {0}
2026-09-22T19:55:25.2290364Z env:
2026-09-22T19:55:25.2290613Z   CARGO_TERM_COLOR: always
2026-09-22T19:55:25.2290856Z   RUST_BACKTRACE: 1
2026-09-22T19:55:25.2291139Z   NIGHTLY_TOOLCHAIN: nightly-2026-09-10
2026-09-22T19:55:25.2291435Z   RUNNER_TOOL_CACHE: /opt/hostedtoolcache
2026-09-22T19:55:25.2291742Z   RUNS_ON_HOME: /runs-on
2026-09-22T19:55:25.2292002Z   RUNS_ON_VERSION: v3.3.0
2026-09-22T19:55:25.2292251Z   RUNS_ON_AGENT_BINARY: /runs-on/agent
2026-09-22T19:55:25.2292517Z   RUNS_ON_AGENT_ARCH: x64
2026-09-22T19:55:25.2292776Z   RUNS_ON_AGENT_USER: runner
2026-09-22T19:55:25.2293047Z   RUNS_ON_AMI_ID: ami-0d8875560af9e1401
2026-09-22T19:55:25.2293332Z   RUNS_ON_AWS_REGION: us-east-1
2026-09-22T19:55:25.2293584Z   RUNS_ON_AWS_AZ: us-east-1b
2026-09-22T19:55:25.2293852Z   RUNS_ON_ENV_CUSTOM_FILE: /runs-on/env.custom
2026-09-22T19:55:25.2294160Z   RUNS_ON_INSTANCE_ID: i-0314d5e05d01bfdfd
2026-09-22T19:55:25.2294456Z   RUNS_ON_INSTANCE_LIFECYCLE: spot
2026-09-22T19:55:25.2294739Z   RUNS_ON_INSTANCE_TYPE: c8in.4xlarge
2026-09-22T19:55:25.2295012Z   RUNS_ON_STACK_NAME: runs-on-v3
2026-09-22T19:55:25.2295331Z   RUNS_ON_S3_BUCKET_CACHE: runs-on-v3-s3bucketcache-dbnub4tpjhpv
2026-09-22T19:55:25.2295696Z   ACTIONS_RUNNER_HOOK_JOB_STARTED: /runs-on/pre.sh
2026-09-22T19:55:25.2296079Z   ACTIONS_RUNNER_HOOK_JOB_COMPLETED: /runs-on/post.sh
2026-09-22T19:55:25.2296403Z   GITHUB_SERVER_URL: https://github.com/
2026-09-22T19:55:25.2296696Z   GITHUB_API_URL: https://api.github.com/
2026-09-22T19:55:25.2296974Z   GITHUB_HOST: github.com
2026-09-22T19:55:25.2297270Z   RUNS_ON_RUNNER_NAME: runs-on--i-0314d5e05d01bfdfd--016b8bce-a
2026-09-22T19:55:25.2297672Z   RUNS_ON_INSTANCE_LAUNCHED_AT: 2026-09-22T19:54:46Z
2026-09-22T19:55:25.2298027Z   ACTIONS_CACHE_URL: http://10.1.18.232:6871/
2026-09-22T19:55:25.2298314Z   ACTIONS_CACHE_SERVICE_V2: true
2026-09-22T19:55:25.2298595Z   ACTIONS_RESULTS_URL: http://10.1.18.232:6871/
2026-09-22T19:55:25.2298925Z   RUNS_ON_S3_CACHE_REPO_PREFIX: cache/repo/vortex-data/vortex
2026-09-22T19:55:25.2299301Z   RUNS_ON_ACTION_COST_TRACKING_CLAIMED: true
2026-09-22T19:55:25.2299622Z   SCCACHE_BUCKET: runs-on-v3-s3bucketcache-dbnub4tpjhpv
2026-09-22T19:55:25.2300054Z   SCCACHE_REGION: us-east-1
2026-09-22T19:55:25.2300325Z   SCCACHE_GHA_ENABLED: false
2026-09-22T19:55:25.2300581Z   SCCACHE_S3_KEY_PREFIX: cache/sccache
2026-09-22T19:55:25.2300879Z   RUSTC_WRAPPER: sccache
2026-09-22T19:55:25.2301142Z   RUSTUP_TOOLCHAIN: 1.98.0
2026-09-22T19:55:25.2301370Z ##[endgroup]
2026-09-22T19:55:25.2342539Z ##[end-action id=__self.__run_2;outcome=success;conclusion=success;duration_ms=9]
2026-09-22T19:55:25.2345761Z ##[start-action display=Check protoc installation;id=__self.check-protoc]
2026-09-22T19:55:25.2363792Z ##[group]Run EXPECTED="libprotoc $PROTOC_VERSION"
2026-09-22T19:55:25.2364109Z [36;1mEXPECTED="libprotoc $PROTOC_VERSION"[0m
2026-09-22T19:55:25.2364495Z [36;1mACTUAL=$(protoc --version 2>/dev/null || true)[0m
2026-09-22T19:55:25.2364912Z [36;1mecho "install=$([ "$ACTUAL" = "$EXPECTED" ] && echo false || echo true)" >> "$GITHUB_OUTPUT"[0m
2026-09-22T19:55:25.2382546Z shell: /usr/bin/bash --noprofile --norc -e -o pipefail {0}
2026-09-22T19:55:25.2382916Z env:
2026-09-22T19:55:25.2383267Z   CARGO_TERM_COLOR: always
2026-09-22T19:55:25.2383510Z   RUST_BACKTRACE: 1
2026-09-22T19:55:25.2383840Z   NIGHTLY_TOOLCHAIN: nightly-2026-09-10
2026-09-22T19:55:25.2384128Z   RUNNER_TOOL_CACHE: /opt/hostedtoolcache
2026-09-22T19:55:25.2384426Z   RUNS_ON_HOME: /runs-on
2026-09-22T19:55:25.2384693Z   RUNS_ON_VERSION: v3.3.0
2026-09-22T19:55:25.2384942Z   RUNS_ON_AGENT_BINARY: /runs-on/agent
2026-09-22T19:55:25.2385219Z   RUNS_ON_AGENT_ARCH: x64
2026-09-22T19:55:25.2385458Z   RUNS_ON_AGENT_USER: runner
2026-09-22T19:55:25.2385699Z   RUNS_ON_AMI_ID: ami-0d8875560af9e1401
2026-09-22T19:55:25.2386026Z   RUNS_ON_AWS_REGION: us-east-1
2026-09-22T19:55:25.2386278Z   RUNS_ON_AWS_AZ: us-east-1b
2026-09-22T19:55:25.2386551Z   RUNS_ON_ENV_CUSTOM_FILE: /runs-on/env.custom
2026-09-22T19:55:25.2386842Z   RUNS_ON_INSTANCE_ID: i-0314d5e05d01bfdfd
2026-09-22T19:55:25.2387107Z   RUNS_ON_INSTANCE_LIFECYCLE: spot
2026-09-22T19:55:25.2387415Z   RUNS_ON_INSTANCE_TYPE: c8in.4xlarge
2026-09-22T19:55:25.2387712Z   RUNS_ON_STACK_NAME: runs-on-v3
2026-09-22T19:55:25.2388039Z   RUNS_ON_S3_BUCKET_CACHE: runs-on-v3-s3bucketcache-dbnub4tpjhpv
2026-09-22T19:55:25.2388395Z   ACTIONS_RUNNER_HOOK_JOB_STARTED: /runs-on/pre.sh
2026-09-22T19:55:25.2388712Z   ACTIONS_RUNNER_HOOK_JOB_COMPLETED: /runs-on/post.sh
2026-09-22T19:55:25.2389058Z   GITHUB_SERVER_URL: https://github.com/
2026-09-22T19:55:25.2389373Z   GITHUB_API_URL: https://api.github.com/
2026-09-22T19:55:25.2389652Z   GITHUB_HOST: github.com
2026-09-22T19:55:25.2390159Z   RUNS_ON_RUNNER_NAME: runs-on--i-0314d5e05d01bfdfd--016b8bce-a
2026-09-22T19:55:25.2390534Z   RUNS_ON_INSTANCE_LAUNCHED_AT: 2026-09-22T19:54:46Z
2026-09-22T19:55:25.2390890Z   ACTIONS_CACHE_URL: http://10.1.18.232:6871/
2026-09-22T19:55:25.2391208Z   ACTIONS_CACHE_SERVICE_V2: true
2026-09-22T19:55:25.2391489Z   ACTIONS_RESULTS_URL: http://10.1.18.232:6871/
2026-09-22T19:55:25.2391817Z   RUNS_ON_S3_CACHE_REPO_PREFIX: cache/repo/vortex-data/vortex
2026-09-22T19:55:25.2392126Z   RUNS_ON_ACTION_COST_TRACKING_CLAIMED: true
2026-09-22T19:55:25.2392490Z   SCCACHE_BUCKET: runs-on-v3-s3bucketcache-dbnub4tpjhpv
2026-09-22T19:55:25.2392795Z   SCCACHE_REGION: us-east-1
2026-09-22T19:55:25.2393100Z   SCCACHE_GHA_ENABLED: false
2026-09-22T19:55:25.2393346Z   SCCACHE_S3_KEY_PREFIX: cache/sccache
2026-09-22T19:55:25.2393613Z   RUSTC_WRAPPER: sccache
2026-09-22T19:55:25.2393879Z   RUSTUP_TOOLCHAIN: 1.98.0
2026-09-22T19:55:25.2394116Z   PROTOC_VERSION: 29.3
2026-09-22T19:55:25.2394475Z ##[endgroup]
2026-09-22T19:55:25.3486680Z ##[end-action id=__self.check-protoc;outcome=success;conclusion=success;duration_ms=114]
2026-09-22T19:55:25.3488849Z ##[start-action display=Install protoc;id=__self.__self]
2026-09-22T19:55:25.3494236Z ##[end-action id=__self.__self;outcome=skipped;conclusion=skipped;duration_ms=0]
2026-09-22T19:55:25.3496029Z ##[start-action display=Install sccache;id=__self.__self_2]
2026-09-22T19:55:25.3634951Z Prepare all required actions
2026-09-22T19:55:25.3635413Z Getting action download info
2026-09-22T19:55:25.4561976Z Download action repository 'actions/cache@55cc8345863c7cc4c66a329aec7e433d2d1c52a9' (SHA:55cc8345863c7cc4c66a329aec7e433d2d1c52a9)
2026-09-22T19:55:25.5837111Z Download action repository 'mozilla-actions/sccache-action@9e7fa8a12102821edf02ca5dbea1acd0f89a2696' (SHA:9e7fa8a12102821edf02ca5dbea1acd0f89a2696)
2026-09-22T19:55:25.6654249Z ##[group]Run ./.github/actions/setup-sccache
2026-09-22T19:55:25.6654487Z with:
2026-09-22T19:55:25.6654642Z   version: v0.18.0
2026-09-22T19:55:25.6654798Z env:
2026-09-22T19:55:25.6654949Z   CARGO_TERM_COLOR: always
2026-09-22T19:55:25.6655130Z   RUST_BACKTRACE: 1
2026-09-22T19:55:25.6655308Z   NIGHTLY_TOOLCHAIN: nightly-2026-09-10
2026-09-22T19:55:25.6655532Z   RUNNER_TOOL_CACHE: /opt/hostedtoolcache
2026-09-22T19:55:25.6655754Z   RUNS_ON_HOME: /runs-on
2026-09-22T19:55:25.6655931Z   RUNS_ON_VERSION: v3.3.0
2026-09-22T19:55:25.6656121Z   RUNS_ON_AGENT_BINARY: /runs-on/agent
2026-09-22T19:55:25.6656330Z   RUNS_ON_AGENT_ARCH: x64
2026-09-22T19:55:25.6656507Z   RUNS_ON_AGENT_USER: runner
2026-09-22T19:55:25.6656774Z   RUNS_ON_AMI_ID: ami-0d8875560af9e1401
2026-09-22T19:55:25.6657065Z   RUNS_ON_AWS_REGION: us-east-1
2026-09-22T19:55:25.6657262Z   RUNS_ON_AWS_AZ: us-east-1b
2026-09-22T19:55:25.6657466Z   RUNS_ON_ENV_CUSTOM_FILE: /runs-on/env.custom
2026-09-22T19:55:25.6657700Z   RUNS_ON_INSTANCE_ID: i-0314d5e05d01bfdfd
2026-09-22T19:55:25.6657918Z   RUNS_ON_INSTANCE_LIFECYCLE: spot
2026-09-22T19:55:25.6658121Z   RUNS_ON_INSTANCE_TYPE: c8in.4xlarge
2026-09-22T19:55:25.6658337Z   RUNS_ON_STACK_NAME: runs-on-v3
2026-09-22T19:55:25.6658586Z   RUNS_ON_S3_BUCKET_CACHE: runs-on-v3-s3bucketcache-dbnub4tpjhpv
2026-09-22T19:55:25.6658885Z   ACTIONS_RUNNER_HOOK_JOB_STARTED: /runs-on/pre.sh
2026-09-22T19:55:25.6659151Z   ACTIONS_RUNNER_HOOK_JOB_COMPLETED: /runs-on/post.sh
2026-09-22T19:55:25.6659411Z   GITHUB_SERVER_URL: https://github.com/
2026-09-22T19:55:25.6659640Z   GITHUB_API_URL: https://api.github.com/
2026-09-22T19:55:25.6659864Z   GITHUB_HOST: github.com
2026-09-22T19:55:25.6660263Z   RUNS_ON_RUNNER_NAME: runs-on--i-0314d5e05d01bfdfd--016b8bce-a
2026-09-22T19:55:25.6660561Z   RUNS_ON_INSTANCE_LAUNCHED_AT: 2026-09-22T19:54:46Z
2026-09-22T19:55:25.6660811Z   ACTIONS_CACHE_URL: http://10.1.18.232:6871/
2026-09-22T19:55:25.6661038Z   ACTIONS_CACHE_SERVICE_V2: true
2026-09-22T19:55:25.6661267Z   ACTIONS_RESULTS_URL: http://10.1.18.232:6871/
2026-09-22T19:55:25.6661533Z   RUNS_ON_S3_CACHE_REPO_PREFIX: cache/repo/vortex-data/vortex
2026-09-22T19:55:25.6661798Z   RUNS_ON_ACTION_COST_TRACKING_CLAIMED: true
2026-09-22T19:55:25.6662054Z   SCCACHE_BUCKET: runs-on-v3-s3bucketcache-dbnub4tpjhpv
2026-09-22T19:55:25.6662303Z   SCCACHE_REGION: us-east-1
2026-09-22T19:55:25.6662489Z   SCCACHE_GHA_ENABLED: false
2026-09-22T19:55:25.6662692Z   SCCACHE_S3_KEY_PREFIX: cache/sccache
2026-09-22T19:55:25.6662891Z   RUSTC_WRAPPER: sccache
2026-09-22T19:55:25.6663072Z   RUSTUP_TOOLCHAIN: 1.98.0
2026-09-22T19:55:25.6663247Z ##[endgroup]
2026-09-22T19:55:25.6668389Z ##[start-action display=Check sccache installation;id=__self.__self_2.tool-cache]
2026-09-22T19:55:25.6679490Z ##[group]Run VERSION="${SCCACHE_VERSION#v}"
2026-09-22T19:55:25.6679753Z [36;1mVERSION="${SCCACHE_VERSION#v}"[0m
2026-09-22T19:55:25.6680249Z [36;1mecho "path=${RUNNER_TOOL_CACHE}/sccache/$VERSION" >> "$GITHUB_OUTPUT"[0m
2026-09-22T19:55:25.6680580Z [36;1mACTUAL=$(sccache --version 2>/dev/null || true)[0m
2026-09-22T19:55:25.6680840Z [36;1mif [ "$ACTUAL" = "sccache $VERSION" ]; then[0m
2026-09-22T19:55:25.6681084Z [36;1m  echo "Using preinstalled $ACTUAL"[0m
2026-09-22T19:55:25.6681325Z [36;1m  echo "installed=true" >> "$GITHUB_OUTPUT"[0m
2026-09-22T19:55:25.6681543Z [36;1melse[0m
2026-09-22T19:55:25.6681770Z [36;1m  echo "Installing sccache $VERSION (found: ${ACTUAL:-none})"[0m
2026-09-22T19:55:25.6682065Z [36;1m  echo "installed=false" >> "$GITHUB_OUTPUT"[0m
2026-09-22T19:55:25.6682279Z [36;1mfi[0m
2026-09-22T19:55:25.6701008Z shell: /usr/bin/bash --noprofile --norc -e -o pipefail {0}
2026-09-22T19:55:25.6701251Z env:
2026-09-22T19:55:25.6701421Z   CARGO_TERM_COLOR: always
2026-09-22T19:55:25.6701597Z   RUST_BACKTRACE: 1
2026-09-22T19:55:25.6701838Z   NIGHTLY_TOOLCHAIN: nightly-2026-09-10
2026-09-22T19:55:25.6702061Z   RUNNER_TOOL_CACHE: /opt/hostedtoolcache
2026-09-22T19:55:25.6702267Z   RUNS_ON_HOME: /runs-on
2026-09-22T19:55:25.6702444Z   RUNS_ON_VERSION: v3.3.0
2026-09-22T19:55:25.6702634Z   RUNS_ON_AGENT_BINARY: /runs-on/agent
2026-09-22T19:55:25.6702834Z   RUNS_ON_AGENT_ARCH: x64
2026-09-22T19:55:25.6703017Z   RUNS_ON_AGENT_USER: runner
2026-09-22T19:55:25.6703203Z   RUNS_ON_AMI_ID: ami-0d8875560af9e1401
2026-09-22T19:55:25.6703405Z   RUNS_ON_AWS_REGION: us-east-1
2026-09-22T19:55:25.6703595Z   RUNS_ON_AWS_AZ: us-east-1b
2026-09-22T19:55:25.6703793Z   RUNS_ON_ENV_CUSTOM_FILE: /runs-on/env.custom
2026-09-22T19:55:25.6704022Z   RUNS_ON_INSTANCE_ID: i-0314d5e05d01bfdfd
2026-09-22T19:55:25.6704243Z   RUNS_ON_INSTANCE_LIFECYCLE: spot
2026-09-22T19:55:25.6704446Z   RUNS_ON_INSTANCE_TYPE: c8in.4xlarge
2026-09-22T19:55:25.6704728Z   RUNS_ON_STACK_NAME: runs-on-v3
2026-09-22T19:55:25.6705026Z   RUNS_ON_S3_BUCKET_CACHE: runs-on-v3-s3bucketcache-dbnub4tpjhpv
2026-09-22T19:55:25.6705324Z   ACTIONS_RUNNER_HOOK_JOB_STARTED: /runs-on/pre.sh
2026-09-22T19:55:25.6705584Z   ACTIONS_RUNNER_HOOK_JOB_COMPLETED: /runs-on/post.sh
2026-09-22T19:55:25.6705840Z   GITHUB_SERVER_URL: https://github.com/
2026-09-22T19:55:25.6706066Z   GITHUB_API_URL: https://api.github.com/
2026-09-22T19:55:25.6706279Z   GITHUB_HOST: github.com
2026-09-22T19:55:25.6706509Z   RUNS_ON_RUNNER_NAME: runs-on--i-0314d5e05d01bfdfd--016b8bce-a
2026-09-22T19:55:25.6706791Z   RUNS_ON_INSTANCE_LAUNCHED_AT: 2026-09-22T19:54:46Z
2026-09-22T19:55:25.6707031Z   ACTIONS_CACHE_URL: http://10.1.18.232:6871/
2026-09-22T19:55:25.6707258Z   ACTIONS_CACHE_SERVICE_V2: true
2026-09-22T19:55:25.6707468Z   ACTIONS_RESULTS_URL: http://10.1.18.232:6871/
2026-09-22T19:55:25.6707736Z   RUNS_ON_S3_CACHE_REPO_PREFIX: cache/repo/vortex-data/vortex
2026-09-22T19:55:25.6707995Z   RUNS_ON_ACTION_COST_TRACKING_CLAIMED: true
2026-09-22T19:55:25.6708252Z   SCCACHE_BUCKET: runs-on-v3-s3bucketcache-dbnub4tpjhpv
2026-09-22T19:55:25.6708501Z   SCCACHE_REGION: us-east-1
2026-09-22T19:55:25.6708685Z   SCCACHE_GHA_ENABLED: false
2026-09-22T19:55:25.6708872Z   SCCACHE_S3_KEY_PREFIX: cache/sccache
2026-09-22T19:55:25.6709068Z   RUSTC_WRAPPER: sccache
2026-09-22T19:55:25.6709245Z   RUSTUP_TOOLCHAIN: 1.98.0
2026-09-22T19:55:25.6709420Z   SCCACHE_VERSION: v0.18.0
2026-09-22T19:55:25.6709589Z ##[endgroup]
2026-09-22T19:55:25.8222402Z Installing sccache 0.18.0 (found: sccache 0.14.0)
2026-09-22T19:55:25.8232011Z ##[end-action id=__self.__self_2.tool-cache;outcome=success;conclusion=success;duration_ms=156]
2026-09-22T19:55:25.8233869Z ##[start-action display=Restore sccache installation;id=__self.__self_2.restore]
2026-09-22T19:55:25.8274084Z ##[group]Run actions/cache/restore@55cc8345863c7cc4c66a329aec7e433d2d1c52a9
2026-09-22T19:55:25.8274382Z with:
2026-09-22T19:55:25.8274575Z   path: /opt/hostedtoolcache/sccache/0.18.0
2026-09-22T19:55:25.8274825Z   key: sccache-tool-v1-Linux-X64-v0.18.0
2026-09-22T19:55:25.8275060Z   enableCrossOsArchive: false
2026-09-22T19:55:25.8275263Z   fail-on-cache-miss: false
2026-09-22T19:55:25.8275447Z   lookup-only: false
2026-09-22T19:55:25.8275611Z env:
2026-09-22T19:55:25.8275766Z   CARGO_TERM_COLOR: always
2026-09-22T19:55:25.8275946Z   RUST_BACKTRACE: 1
2026-09-22T19:55:25.8276121Z   NIGHTLY_TOOLCHAIN: nightly-2026-09-10
2026-09-22T19:55:25.8276345Z   RUNNER_TOOL_CACHE: /opt/hostedtoolcache
2026-09-22T19:55:25.8276554Z   RUNS_ON_HOME: /runs-on
2026-09-22T19:55:25.8276732Z   RUNS_ON_VERSION: v3.3.0
2026-09-22T19:55:25.8276930Z   RUNS_ON_AGENT_BINARY: /runs-on/agent
2026-09-22T19:55:25.8277131Z   RUNS_ON_AGENT_ARCH: x64
2026-09-22T19:55:25.8277306Z   RUNS_ON_AGENT_USER: runner
2026-09-22T19:55:25.8277492Z   RUNS_ON_AMI_ID: ami-0d8875560af9e1401
2026-09-22T19:55:25.8277699Z   RUNS_ON_AWS_REGION: us-east-1
2026-09-22T19:55:25.8277888Z   RUNS_ON_AWS_AZ: us-east-1b
2026-09-22T19:55:25.8278099Z   RUNS_ON_ENV_CUSTOM_FILE: /runs-on/env.custom
2026-09-22T19:55:25.8278330Z   RUNS_ON_INSTANCE_ID: i-0314d5e05d01bfdfd
2026-09-22T19:55:25.8278547Z   RUNS_ON_INSTANCE_LIFECYCLE: spot
2026-09-22T19:55:25.8278752Z   RUNS_ON_INSTANCE_TYPE: c8in.4xlarge
2026-09-22T19:55:25.8278961Z   RUNS_ON_STACK_NAME: runs-on-v3
2026-09-22T19:55:25.8279214Z   RUNS_ON_S3_BUCKET_CACHE: runs-on-v3-s3bucketcache-dbnub4tpjhpv
2026-09-22T19:55:25.8279525Z   ACTIONS_RUNNER_HOOK_JOB_STARTED: /runs-on/pre.sh
2026-09-22T19:55:25.8279791Z   ACTIONS_RUNNER_HOOK_JOB_COMPLETED: /runs-on/post.sh
2026-09-22T19:55:25.8280211Z   GITHUB_SERVER_URL: https://github.com/
2026-09-22T19:55:25.8280445Z   GITHUB_API_URL: https://api.github.com/
2026-09-22T19:55:25.8280662Z   GITHUB_HOST: github.com
2026-09-22T19:55:25.8280904Z   RUNS_ON_RUNNER_NAME: runs-on--i-0314d5e05d01bfdfd--016b8bce-a
2026-09-22T19:55:25.8281204Z   RUNS_ON_INSTANCE_LAUNCHED_AT: 2026-09-22T19:54:46Z
2026-09-22T19:55:25.8281460Z   ACTIONS_CACHE_URL: http://10.1.18.232:6871/
2026-09-22T19:55:25.8281805Z   ACTIONS_CACHE_SERVICE_V2: true
2026-09-22T19:55:25.8282084Z   ACTIONS_RESULTS_URL: http://10.1.18.232:6871/
2026-09-22T19:55:25.8282363Z   RUNS_ON_S3_CACHE_REPO_PREFIX: cache/repo/vortex-data/vortex
2026-09-22T19:55:25.8282633Z   RUNS_ON_ACTION_COST_TRACKING_CLAIMED: true
2026-09-22T19:55:25.8282905Z   SCCACHE_BUCKET: runs-on-v3-s3bucketcache-dbnub4tpjhpv
2026-09-22T19:55:25.8283148Z   SCCACHE_REGION: us-east-1
2026-09-22T19:55:25.8283336Z   SCCACHE_GHA_ENABLED: false
2026-09-22T19:55:25.8283527Z   SCCACHE_S3_KEY_PREFIX: cache/sccache
2026-09-22T19:55:25.8283731Z   RUSTC_WRAPPER: sccache
2026-09-22T19:55:25.8283912Z   RUSTUP_TOOLCHAIN: 1.98.0
2026-09-22T19:55:25.8284093Z ##[endgroup]
2026-09-22T19:55:26.0297942Z Cache hit for: sccache-tool-v1-Linux-X64-v0.18.0
2026-09-22T19:55:26.1761634Z Cache Size: ~8 MB (8910161 B)
2026-09-22T19:55:26.1778270Z [command]/usr/bin/tar -xf /home/runner/_work/_temp/3f36d797-149e-4937-a09e-0a37672d8b39/cache.tzst -P -C /home/runner/_work/vortex/vortex --use-compress-program unzstd
2026-09-22T19:55:26.2080626Z Cache restored successfully
2026-09-22T19:55:26.2802137Z Cache restored from key: sccache-tool-v1-Linux-X64-v0.18.0
2026-09-22T19:55:26.2853333Z ##[end-action id=__self.__self_2.restore;outcome=success;conclusion=success;duration_ms=461]
2026-09-22T19:55:26.2855164Z ##[start-action display=Install sccache;id=__self.__self_2.__mozilla-actions_sccache-action]
2026-09-22T19:55:26.2880713Z ##[group]Run mozilla-actions/sccache-action@9e7fa8a12102821edf02ca5dbea1acd0f89a2696
2026-09-22T19:55:26.2881054Z with:
2026-09-22T19:55:26.2881260Z   version: v0.18.0
2026-09-22T19:55:26.2882942Z   token: ***
2026-09-22T19:55:26.2883113Z   disable_annotations: false
2026-09-22T19:55:26.2883292Z env:
2026-09-22T19:55:26.2883438Z   CARGO_TERM_COLOR: always
2026-09-22T19:55:26.2883615Z   RUST_BACKTRACE: 1
2026-09-22T19:55:26.2883793Z   NIGHTLY_TOOLCHAIN: nightly-2026-09-10
2026-09-22T19:55:26.2884019Z   RUNNER_TOOL_CACHE: /opt/hostedtoolcache
2026-09-22T19:55:26.2884228Z   RUNS_ON_HOME: /runs-on
2026-09-22T19:55:26.2884422Z   RUNS_ON_VERSION: v3.3.0
2026-09-22T19:55:26.2884610Z   RUNS_ON_AGENT_BINARY: /runs-on/agent
2026-09-22T19:55:26.2884807Z   RUNS_ON_AGENT_ARCH: x64
2026-09-22T19:55:26.2884976Z   RUNS_ON_AGENT_USER: runner
2026-09-22T19:55:26.2885161Z   RUNS_ON_AMI_ID: ami-0d8875560af9e1401
2026-09-22T19:55:26.2885361Z   RUNS_ON_AWS_REGION: us-east-1
2026-09-22T19:55:26.2885551Z   RUNS_ON_AWS_AZ: us-east-1b
2026-09-22T19:55:26.2885746Z   RUNS_ON_ENV_CUSTOM_FILE: /runs-on/env.custom
2026-09-22T19:55:26.2885977Z   RUNS_ON_INSTANCE_ID: i-0314d5e05d01bfdfd
2026-09-22T19:55:26.2886190Z   RUNS_ON_INSTANCE_LIFECYCLE: spot
2026-09-22T19:55:26.2886392Z   RUNS_ON_INSTANCE_TYPE: c8in.4xlarge
2026-09-22T19:55:26.2886591Z   RUNS_ON_STACK_NAME: runs-on-v3
2026-09-22T19:55:26.2886844Z   RUNS_ON_S3_BUCKET_CACHE: runs-on-v3-s3bucketcache-dbnub4tpjhpv
2026-09-22T19:55:26.2887135Z   ACTIONS_RUNNER_HOOK_JOB_STARTED: /runs-on/pre.sh
2026-09-22T19:55:26.2887391Z   ACTIONS_RUNNER_HOOK_JOB_COMPLETED: /runs-on/post.sh
2026-09-22T19:55:26.2887643Z   GITHUB_SERVER_URL: https://github.com/
2026-09-22T19:55:26.2887868Z   GITHUB_API_URL: https://api.github.com/
2026-09-22T19:55:26.2888083Z   GITHUB_HOST: github.com
2026-09-22T19:55:26.2888321Z   RUNS_ON_RUNNER_NAME: runs-on--i-0314d5e05d01bfdfd--016b8bce-a
2026-09-22T19:55:26.2888600Z   RUNS_ON_INSTANCE_LAUNCHED_AT: 2026-09-22T19:54:46Z
2026-09-22T19:55:26.2888974Z   ACTIONS_CACHE_URL: http://10.1.18.232:6871/
2026-09-22T19:55:26.2889220Z   ACTIONS_CACHE_SERVICE_V2: true
2026-09-22T19:55:26.2889432Z   ACTIONS_RESULTS_URL: http://10.1.18.232:6871/
2026-09-22T19:55:26.2889709Z   RUNS_ON_S3_CACHE_REPO_PREFIX: cache/repo/vortex-data/vortex
2026-09-22T19:55:26.2890124Z   RUNS_ON_ACTION_COST_TRACKING_CLAIMED: true
2026-09-22T19:55:26.2890385Z   SCCACHE_BUCKET: runs-on-v3-s3bucketcache-dbnub4tpjhpv
2026-09-22T19:55:26.2890624Z   SCCACHE_REGION: us-east-1
2026-09-22T19:55:26.2890804Z   SCCACHE_GHA_ENABLED: false
2026-09-22T19:55:26.2890991Z   SCCACHE_S3_KEY_PREFIX: cache/sccache
2026-09-22T19:55:26.2891335Z   RUSTC_WRAPPER: sccache
2026-09-22T19:55:26.2891579Z   RUSTUP_TOOLCHAIN: 1.98.0
2026-09-22T19:55:26.2891750Z ##[endgroup]
2026-09-22T19:55:26.3541688Z try to setup sccache version: v0.18.0
2026-09-22T19:55:26.3546845Z find sccache at: /opt/hostedtoolcache/sccache/0.18.0/x64
2026-09-22T19:55:26.3591359Z ##[end-action id=__self.__self_2.__mozilla-actions_sccache-action;outcome=success;conclusion=success;duration_ms=73]
2026-09-22T19:55:26.3593102Z ##[start-action display=Save sccache installation;id=__self.__self_2.__actions_cache]
2026-09-22T19:55:26.3597896Z ##[end-action id=__self.__self_2.__actions_cache;outcome=skipped;conclusion=skipped;duration_ms=0]
2026-09-22T19:55:26.3606847Z ##[end-action id=__self.__self_2;outcome=success;conclusion=success;duration_ms=1011]
2026-09-22T19:55:26.3608491Z ##[start-action display=Configure sccache timeout;id=__self.__run_3]
2026-09-22T19:55:26.3620925Z ##[group]Run mkdir -p ~/.config/sccache
2026-09-22T19:55:26.3621177Z [36;1mmkdir -p ~/.config/sccache[0m
2026-09-22T19:55:26.3621481Z [36;1mecho 'server_startup_timeout_ms = 60000' > ~/.config/sccache/config[0m
2026-09-22T19:55:26.3643769Z shell: /usr/bin/bash --noprofile --norc -e -o pipefail {0}
2026-09-22T19:55:26.3644037Z env:
2026-09-22T19:55:26.3644194Z   CARGO_TERM_COLOR: always
2026-09-22T19:55:26.3644372Z   RUST_BACKTRACE: 1
2026-09-22T19:55:26.3644552Z   NIGHTLY_TOOLCHAIN: nightly-2026-09-10
2026-09-22T19:55:26.3644776Z   RUNNER_TOOL_CACHE: /opt/hostedtoolcache
2026-09-22T19:55:26.3644986Z   RUNS_ON_HOME: /runs-on
2026-09-22T19:55:26.3645171Z   RUNS_ON_VERSION: v3.3.0
2026-09-22T19:55:26.3645357Z   RUNS_ON_AGENT_BINARY: /runs-on/agent
2026-09-22T19:55:26.3645553Z   RUNS_ON_AGENT_ARCH: x64
2026-09-22T19:55:26.3645727Z   RUNS_ON_AGENT_USER: runner
2026-09-22T19:55:26.3645913Z   RUNS_ON_AMI_ID: ami-0d8875560af9e1401
2026-09-22T19:55:26.3646116Z   RUNS_ON_AWS_REGION: us-east-1
2026-09-22T19:55:26.3646309Z   RUNS_ON_AWS_AZ: us-east-1b
2026-09-22T19:55:26.3646507Z   RUNS_ON_ENV_CUSTOM_FILE: /runs-on/env.custom
2026-09-22T19:55:26.3646743Z   RUNS_ON_INSTANCE_ID: i-0314d5e05d01bfdfd
2026-09-22T19:55:26.3646960Z   RUNS_ON_INSTANCE_LIFECYCLE: spot
2026-09-22T19:55:26.3647165Z   RUNS_ON_INSTANCE_TYPE: c8in.4xlarge
2026-09-22T19:55:26.3647369Z   RUNS_ON_STACK_NAME: runs-on-v3
2026-09-22T19:55:26.3647624Z   RUNS_ON_S3_BUCKET_CACHE: runs-on-v3-s3bucketcache-dbnub4tpjhpv
2026-09-22T19:55:26.3647919Z   ACTIONS_RUNNER_HOOK_JOB_STARTED: /runs-on/pre.sh
2026-09-22T19:55:26.3648181Z   ACTIONS_RUNNER_HOOK_JOB_COMPLETED: /runs-on/post.sh
2026-09-22T19:55:26.3648438Z   GITHUB_SERVER_URL: https://github.com/
2026-09-22T19:55:26.3648666Z   GITHUB_API_URL: https://api.github.com/
2026-09-22T19:55:26.3648882Z   GITHUB_HOST: github.com
2026-09-22T19:55:26.3649230Z   RUNS_ON_RUNNER_NAME: runs-on--i-0314d5e05d01bfdfd--016b8bce-a
2026-09-22T19:55:26.3649523Z   RUNS_ON_INSTANCE_LAUNCHED_AT: 2026-09-22T19:54:46Z
2026-09-22T19:55:26.3649774Z   ACTIONS_CACHE_URL: http://10.1.18.232:6871/
2026-09-22T19:55:26.3650145Z   ACTIONS_CACHE_SERVICE_V2: on
2026-09-22T19:55:26.3650364Z   ACTIONS_RESULTS_URL: http://10.1.18.232:6871/
2026-09-22T19:55:26.3650643Z   RUNS_ON_S3_CACHE_REPO_PREFIX: cache/repo/vortex-data/vortex
2026-09-22T19:55:26.3650910Z   RUNS_ON_ACTION_COST_TRACKING_CLAIMED: true
2026-09-22T19:55:26.3651173Z   SCCACHE_BUCKET: runs-on-v3-s3bucketcache-dbnub4tpjhpv
2026-09-22T19:55:26.3651418Z   SCCACHE_REGION: us-east-1
2026-09-22T19:55:26.3651603Z   SCCACHE_GHA_ENABLED: false
2026-09-22T19:55:26.3651800Z   SCCACHE_S3_KEY_PREFIX: cache/sccache
2026-09-22T19:55:26.3652007Z   RUSTC_WRAPPER: sccache
2026-09-22T19:55:26.3652185Z   RUSTUP_TOOLCHAIN: 1.98.0
2026-09-22T19:55:26.3652415Z   SCCACHE_PATH: /opt/hostedtoolcache/sccache/0.18.0/x64/sccache
2026-09-22T19:55:26.3692217Z   ACTIONS_RUNTIME_TOKEN: ***
2026-09-22T19:55:26.3692405Z ##[endgroup]
2026-09-22T19:55:26.3759016Z ##[end-action id=__self.__run_3;outcome=success;conclusion=success;duration_ms=15]
2026-09-22T19:55:26.3760751Z ##[start-action display=Enable compiler caching;id=__self.__run_4]
2026-09-22T19:55:26.3773157Z ##[group]Run sccache --start-server
2026-09-22T19:55:26.3773475Z [36;1msccache --start-server[0m
2026-09-22T19:55:26.3773706Z [36;1mecho "RUSTC_WRAPPER=sccache" >> "$GITHUB_ENV"[0m
2026-09-22T19:55:26.3773998Z [36;1mecho "CMAKE_C_COMPILER_LAUNCHER=sccache" >> "$GITHUB_ENV"[0m
2026-09-22T19:55:26.3774317Z [36;1mecho "CMAKE_CXX_COMPILER_LAUNCHER=sccache" >> "$GITHUB_ENV"[0m
2026-09-22T19:55:26.3792009Z shell: /usr/bin/bash --noprofile --norc -e -o pipefail {0}
2026-09-22T19:55:26.3792266Z env:
2026-09-22T19:55:26.3792423Z   CARGO_TERM_COLOR: always
2026-09-22T19:55:26.3792602Z   RUST_BACKTRACE: 1
2026-09-22T19:55:26.3792786Z   NIGHTLY_TOOLCHAIN: nightly-2026-09-10
2026-09-22T19:55:26.3793011Z   RUNNER_TOOL_CACHE: /opt/hostedtoolcache
2026-09-22T19:55:26.3793221Z   RUNS_ON_HOME: /runs-on
2026-09-22T19:55:26.3793408Z   RUNS_ON_VERSION: v3.3.0
2026-09-22T19:55:26.3793602Z   RUNS_ON_AGENT_BINARY: /runs-on/agent
2026-09-22T19:55:26.3793799Z   RUNS_ON_AGENT_ARCH: x64
2026-09-22T19:55:26.3793983Z   RUNS_ON_AGENT_USER: runner
2026-09-22T19:55:26.3794180Z   RUNS_ON_AMI_ID: ami-0d8875560af9e1401
2026-09-22T19:55:26.3794384Z   RUNS_ON_AWS_REGION: us-east-1
2026-09-22T19:55:26.3794579Z   RUNS_ON_AWS_AZ: us-east-1b
2026-09-22T19:55:26.3794775Z   RUNS_ON_ENV_CUSTOM_FILE: /runs-on/env.custom
2026-09-22T19:55:26.3795006Z   RUNS_ON_INSTANCE_ID: i-0314d5e05d01bfdfd
2026-09-22T19:55:26.3795222Z   RUNS_ON_INSTANCE_LIFECYCLE: spot
2026-09-22T19:55:26.3795427Z   RUNS_ON_INSTANCE_TYPE: c8in.4xlarge
2026-09-22T19:55:26.3795633Z   RUNS_ON_STACK_NAME: runs-on-v3
2026-09-22T19:55:26.3795886Z   RUNS_ON_S3_BUCKET_CACHE: runs-on-v3-s3bucketcache-dbnub4tpjhpv
2026-09-22T19:55:26.3796179Z   ACTIONS_RUNNER_HOOK_JOB_STARTED: /runs-on/pre.sh
2026-09-22T19:55:26.3796440Z   ACTIONS_RUNNER_HOOK_JOB_COMPLETED: /runs-on/post.sh
2026-09-22T19:55:26.3796693Z   GITHUB_SERVER_URL: https://github.com/
2026-09-22T19:55:26.3796918Z   GITHUB_API_URL: https://api.github.com/
2026-09-22T19:55:26.3797134Z   GITHUB_HOST: github.com
2026-09-22T19:55:26.3797369Z   RUNS_ON_RUNNER_NAME: runs-on--i-0314d5e05d01bfdfd--016b8bce-a
2026-09-22T19:55:26.3797650Z   RUNS_ON_INSTANCE_LAUNCHED_AT: 2026-09-22T19:54:46Z
2026-09-22T19:55:26.3797897Z   ACTIONS_CACHE_URL: http://10.1.18.232:6871/
2026-09-22T19:55:26.3798126Z   ACTIONS_CACHE_SERVICE_V2: on
2026-09-22T19:55:26.3798326Z   ACTIONS_RESULTS_URL: http://10.1.18.232:6871/
2026-09-22T19:55:26.3798589Z   RUNS_ON_S3_CACHE_REPO_PREFIX: cache/repo/vortex-data/vortex
2026-09-22T19:55:26.3798864Z   RUNS_ON_ACTION_COST_TRACKING_CLAIMED: true
2026-09-22T19:55:26.3799117Z   SCCACHE_BUCKET: runs-on-v3-s3bucketcache-dbnub4tpjhpv
2026-09-22T19:55:26.3799350Z   SCCACHE_REGION: us-east-1
2026-09-22T19:55:26.3799530Z   SCCACHE_GHA_ENABLED: false
2026-09-22T19:55:26.3799724Z   SCCACHE_S3_KEY_PREFIX: cache/sccache
2026-09-22T19:55:26.3800054Z   RUSTC_WRAPPER: sccache
2026-09-22T19:55:26.3800268Z   RUSTUP_TOOLCHAIN: 1.98.0
2026-09-22T19:55:26.3800497Z   SCCACHE_PATH: /opt/hostedtoolcache/sccache/0.18.0/x64/sccache
2026-09-22T19:55:26.3839797Z   ACTIONS_RUNTIME_TOKEN: ***
2026-09-22T19:55:26.3840140Z ##[endgroup]
2026-09-22T19:55:26.3880781Z sccache: Starting the server...
2026-09-22T19:55:26.5122423Z sccache: Listening on address 127.0.0.1:4226
2026-09-22T19:55:26.5131725Z ##[end-action id=__self.__run_4;outcome=success;conclusion=success;duration_ms=137]
2026-09-22T19:55:26.5133285Z ##[start-action display=Full Rust setup;id=__self.__self_3]
2026-09-22T19:55:26.5135987Z ##[end-action id=__self.__self_3;outcome=skipped;conclusion=skipped;duration_ms=0]
2026-09-22T19:55:26.5137271Z ##[start-action display=Install flatc (for FlatBuffers code generation);id=__self.__self_4]
2026-09-22T19:55:26.5156724Z Prepare all required actions
2026-09-22T19:55:26.5182916Z ##[group]Run ./.github/actions/setup-flatc
2026-09-22T19:55:26.5183133Z with:
2026-09-22T19:55:26.5183293Z   flatc_version: 25.12.19
2026-09-22T19:55:26.5183464Z env:
2026-09-22T19:55:26.5183616Z   CARGO_TERM_COLOR: always
2026-09-22T19:55:26.5183874Z   RUST_BACKTRACE: 1
2026-09-22T19:55:26.5184114Z   NIGHTLY_TOOLCHAIN: nightly-2026-09-10
2026-09-22T19:55:26.5184350Z   RUNNER_TOOL_CACHE: /opt/hostedtoolcache
2026-09-22T19:55:26.5184558Z   RUNS_ON_HOME: /runs-on
2026-09-22T19:55:26.5184733Z   RUNS_ON_VERSION: v3.3.0
2026-09-22T19:55:26.5184918Z   RUNS_ON_AGENT_BINARY: /runs-on/agent
2026-09-22T19:55:26.5185115Z   RUNS_ON_AGENT_ARCH: x64
2026-09-22T19:55:26.5185293Z   RUNS_ON_AGENT_USER: runner
2026-09-22T19:55:26.5185493Z   RUNS_ON_AMI_ID: ami-0d8875560af9e1401
2026-09-22T19:55:26.5185741Z   RUNS_ON_AWS_REGION: us-east-1
2026-09-22T19:55:26.5185934Z   RUNS_ON_AWS_AZ: us-east-1b
2026-09-22T19:55:26.5186138Z   RUNS_ON_ENV_CUSTOM_FILE: /runs-on/env.custom
2026-09-22T19:55:26.5186373Z   RUNS_ON_INSTANCE_ID: i-0314d5e05d01bfdfd
2026-09-22T19:55:26.5186590Z   RUNS_ON_INSTANCE_LIFECYCLE: spot
2026-09-22T19:55:26.5186803Z   RUNS_ON_INSTANCE_TYPE: c8in.4xlarge
2026-09-22T19:55:26.5187009Z   RUNS_ON_STACK_NAME: runs-on-v3
2026-09-22T19:55:26.5187265Z   RUNS_ON_S3_BUCKET_CACHE: runs-on-v3-s3bucketcache-dbnub4tpjhpv
2026-09-22T19:55:26.5187567Z   ACTIONS_RUNNER_HOOK_JOB_STARTED: /runs-on/pre.sh
2026-09-22T19:55:26.5187828Z   ACTIONS_RUNNER_HOOK_JOB_COMPLETED: /runs-on/post.sh
2026-09-22T19:55:26.5188085Z   GITHUB_SERVER_URL: https://github.com/
2026-09-22T19:55:26.5188324Z   GITHUB_API_URL: https://api.github.com/
2026-09-22T19:55:26.5188537Z   GITHUB_HOST: github.com
2026-09-22T19:55:26.5188771Z   RUNS_ON_RUNNER_NAME: runs-on--i-0314d5e05d01bfdfd--016b8bce-a
2026-09-22T19:55:26.5189055Z   RUNS_ON_INSTANCE_LAUNCHED_AT: 2026-09-22T19:54:46Z
2026-09-22T19:55:26.5189300Z   ACTIONS_CACHE_URL: http://10.1.18.232:6871/
2026-09-22T19:55:26.5189528Z   ACTIONS_CACHE_SERVICE_V2: on
2026-09-22T19:55:26.5189737Z   ACTIONS_RESULTS_URL: http://10.1.18.232:6871/
2026-09-22T19:55:26.5190185Z   RUNS_ON_S3_CACHE_REPO_PREFIX: cache/repo/vortex-data/vortex
2026-09-22T19:55:26.5190478Z   RUNS_ON_ACTION_COST_TRACKING_CLAIMED: true
2026-09-22T19:55:26.5190737Z   SCCACHE_BUCKET: runs-on-v3-s3bucketcache-dbnub4tpjhpv
2026-09-22T19:55:26.5190997Z   SCCACHE_REGION: us-east-1
2026-09-22T19:55:26.5191183Z   SCCACHE_GHA_ENABLED: false
2026-09-22T19:55:26.5191368Z   SCCACHE_S3_KEY_PREFIX: cache/sccache
2026-09-22T19:55:26.5191562Z   RUSTC_WRAPPER: sccache
2026-09-22T19:55:26.5191735Z   RUSTUP_TOOLCHAIN: 1.98.0
2026-09-22T19:55:26.5191967Z   SCCACHE_PATH: /opt/hostedtoolcache/sccache/0.18.0/x64/sccache
2026-09-22T19:55:26.5231221Z   ACTIONS_RUNTIME_TOKEN: ***
2026-09-22T19:55:26.5231429Z   CMAKE_C_COMPILER_LAUNCHER: sccache
2026-09-22T19:55:26.5231640Z   CMAKE_CXX_COMPILER_LAUNCHER: sccache
2026-09-22T19:55:26.5231838Z ##[endgroup]
2026-09-22T19:55:26.5234454Z ##[start-action display=Install flatc;id=__self.__self_4.__run]
2026-09-22T19:55:26.5245405Z ##[group]Run set -euo pipefail
2026-09-22T19:55:26.5245649Z [36;1mset -euo pipefail[0m
2026-09-22T19:55:26.5245821Z [36;1m[0m
2026-09-22T19:55:26.5245967Z [36;1mVERSION="25.12.19"[0m
2026-09-22T19:55:26.5246225Z [36;1mif [ "$(flatc --version 2>/dev/null)" = "flatc version ${VERSION}" ]; then[0m
2026-09-22T19:55:26.5246562Z [36;1m  echo "flatc ${VERSION} is already installed"[0m
2026-09-22T19:55:26.5246783Z [36;1m  exit 0[0m
2026-09-22T19:55:26.5246930Z [36;1mfi[0m
2026-09-22T19:55:26.5247070Z [36;1m[0m
2026-09-22T19:55:26.5247215Z [36;1mARCH=$(uname -m)[0m
2026-09-22T19:55:26.5247414Z [36;1mOS=$(uname -s | tr '[:upper:]' '[:lower:]')[0m
2026-09-22T19:55:26.5247624Z [36;1m[0m
2026-09-22T19:55:26.5247849Z [36;1m# Official binaries exist for x86_64 glibc Linux, macOS and Windows only.[0m
2026-09-22T19:55:26.5248123Z [36;1mASSET=""[0m
2026-09-22T19:55:26.5248272Z [36;1mcase "$OS" in[0m
2026-09-22T19:55:26.5248427Z [36;1m  linux)[0m
2026-09-22T19:55:26.5248637Z [36;1m    if [ "$ARCH" = "x86_64" ] && ! ldd /bin/sh 2>&1 | grep -qi musl; then[0m
2026-09-22T19:55:26.5249063Z [36;1m      ASSET="Linux.flatc.binary.clang++-18.zip"[0m
2026-09-22T19:55:26.5249302Z [36;1m    fi[0m
2026-09-22T19:55:26.5249446Z [36;1m    ;;[0m
2026-09-22T19:55:26.5249685Z [36;1m  darwin)[0m
2026-09-22T19:55:26.5249905Z [36;1m    case "$ARCH" in[0m
2026-09-22T19:55:26.5250284Z [36;1m      arm64)  ASSET="Mac.flatc.binary.zip" ;;[0m
2026-09-22T19:55:26.5250556Z [36;1m      x86_64) ASSET="MacIntel.flatc.binary.zip" ;;[0m
2026-09-22T19:55:26.5250789Z [36;1m    esac[0m
2026-09-22T19:55:26.5250934Z [36;1m    ;;[0m
2026-09-22T19:55:26.5251111Z [36;1m  *) ASSET="Windows.flatc.binary.zip" ;;[0m
2026-09-22T19:55:26.5251326Z [36;1mesac[0m
2026-09-22T19:55:26.5251466Z [36;1m[0m
2026-09-22T19:55:26.5251724Z [36;1m# This sometimes runs in a container where the user is root and there is no sudo.[0m
2026-09-22T19:55:26.5252042Z [36;1mif command -v sudo &>/dev/null[0m
2026-09-22T19:55:26.5252234Z [36;1mthen[0m
2026-09-22T19:55:26.5252383Z [36;1m  CMD=sudo[0m
2026-09-22T19:55:26.5252537Z [36;1melse[0m
2026-09-22T19:55:26.5252678Z [36;1m  CMD=[0m
2026-09-22T19:55:26.5252822Z [36;1mfi[0m
2026-09-22T19:55:26.5252953Z [36;1m[0m
2026-09-22T19:55:26.5253225Z [36;1mRELEASE="https://github.com/google/flatbuffers/releases/download/v${VERSION}"[0m
2026-09-22T19:55:26.5253539Z [36;1mif [ -n "$ASSET" ]; then[0m
2026-09-22T19:55:26.5253772Z [36;1m  curl -fsSL -o /tmp/flatc.zip "${RELEASE}/${ASSET}"[0m
2026-09-22T19:55:26.5254040Z [36;1m  unzip -o /tmp/flatc.zip -d /tmp/flatc[0m
2026-09-22T19:55:26.5254268Z [36;1m  rm -f /tmp/flatc.zip[0m
2026-09-22T19:55:26.5254448Z [36;1melse[0m
2026-09-22T19:55:26.5254707Z [36;1m  echo "No official flatc binary for ${OS}/${ARCH}; building ${VERSION} from source"[0m
2026-09-22T19:55:26.5255046Z [36;1m  git clone --depth 1 --branch "v${VERSION}" \[0m
2026-09-22T19:55:26.5255342Z [36;1m    https://github.com/google/flatbuffers.git /tmp/flatbuffers[0m
2026-09-22T19:55:26.5255667Z [36;1m  cmake -S /tmp/flatbuffers -B /tmp/flatbuffers/build \[0m
2026-09-22T19:55:26.5255924Z [36;1m    -DCMAKE_BUILD_TYPE=Release \[0m
2026-09-22T19:55:26.5256142Z [36;1m    -DFLATBUFFERS_BUILD_TESTS=OFF \[0m
2026-09-22T19:55:26.5256371Z [36;1m    -DFLATBUFFERS_BUILD_FLATLIB=OFF \[0m
2026-09-22T19:55:26.5256602Z [36;1m    -DFLATBUFFERS_BUILD_FLATHASH=OFF \[0m
2026-09-22T19:55:26.5256830Z [36;1m    -DFLATBUFFERS_INSTALL=OFF[0m
2026-09-22T19:55:26.5257084Z [36;1m  cmake --build /tmp/flatbuffers/build --target flatc \[0m
2026-09-22T19:55:26.5257363Z [36;1m    --parallel "$(nproc 2>/dev/null || echo 4)"[0m
2026-09-22T19:55:26.5257597Z [36;1m  mkdir -p /tmp/flatc[0m
2026-09-22T19:55:26.5257821Z [36;1m  mv /tmp/flatbuffers/build/flatc /tmp/flatc/flatc[0m
2026-09-22T19:55:26.5258055Z [36;1m  rm -rf /tmp/flatbuffers[0m
2026-09-22T19:55:26.5258229Z [36;1mfi[0m
2026-09-22T19:55:26.5258372Z [36;1m[0m
2026-09-22T19:55:26.5258552Z [36;1mif [ "$OS" = "linux" ] || [ "$OS" = "darwin" ]; then[0m
2026-09-22T19:55:26.5258805Z [36;1m  $CMD mv /tmp/flatc/flatc /usr/local/bin/[0m
2026-09-22T19:55:26.5259010Z [36;1melse[0m
2026-09-22T19:55:26.5259241Z [36;1m  # Windows runners do not have /usr/local/bin on PATH for non-bash steps.[0m
2026-09-22T19:55:26.5259546Z [36;1m  mkdir -p "$HOME/.local/bin"[0m
2026-09-22T19:55:26.5259775Z [36;1m  mv /tmp/flatc/flatc.exe "$HOME/.local/bin/"[0m
2026-09-22T19:55:26.5260167Z [36;1m  cygpath -w "$HOME/.local/bin" >> "$GITHUB_PATH"[0m
2026-09-22T19:55:26.5260419Z [36;1m  export PATH="$HOME/.local/bin:$PATH"[0m
2026-09-22T19:55:26.5260627Z [36;1mfi[0m
2026-09-22T19:55:26.5260767Z [36;1m[0m
2026-09-22T19:55:26.5260920Z [36;1mrm -rf /tmp/flatc[0m
2026-09-22T19:55:26.5261100Z [36;1mflatc --version[0m
2026-09-22T19:55:26.5278093Z shell: /usr/bin/bash --noprofile --norc -e -o pipefail {0}
2026-09-22T19:55:26.5278335Z env:
2026-09-22T19:55:26.5278491Z   CARGO_TERM_COLOR: always
2026-09-22T19:55:26.5278669Z   RUST_BACKTRACE: 1
2026-09-22T19:55:26.5278848Z   NIGHTLY_TOOLCHAIN: nightly-2026-09-10
2026-09-22T19:55:26.5279076Z   RUNNER_TOOL_CACHE: /opt/hostedtoolcache
2026-09-22T19:55:26.5279284Z   RUNS_ON_HOME: /runs-on
2026-09-22T19:55:26.5279462Z   RUNS_ON_VERSION: v3.3.0
2026-09-22T19:55:26.5279743Z   RUNS_ON_AGENT_BINARY: /runs-on/agent
2026-09-22T19:55:26.5280136Z   RUNS_ON_AGENT_ARCH: x64
2026-09-22T19:55:26.5280325Z   RUNS_ON_AGENT_USER: runner
2026-09-22T19:55:26.5280518Z   RUNS_ON_AMI_ID: ami-0d8875560af9e1401
2026-09-22T19:55:26.5280716Z   RUNS_ON_AWS_REGION: us-east-1
2026-09-22T19:55:26.5280898Z   RUNS_ON_AWS_AZ: us-east-1b
2026-09-22T19:55:26.5281134Z   RUNS_ON_ENV_CUSTOM_FILE: /runs-on/env.custom
2026-09-22T19:55:26.5281421Z   RUNS_ON_INSTANCE_ID: i-0314d5e05d01bfdfd
2026-09-22T19:55:26.5281633Z   RUNS_ON_INSTANCE_LIFECYCLE: spot
2026-09-22T19:55:26.5281849Z   RUNS_ON_INSTANCE_TYPE: c8in.4xlarge
2026-09-22T19:55:26.5282050Z   RUNS_ON_STACK_NAME: runs-on-v3
2026-09-22T19:55:26.5282297Z   RUNS_ON_S3_BUCKET_CACHE: runs-on-v3-s3bucketcache-dbnub4tpjhpv
2026-09-22T19:55:26.5282587Z   ACTIONS_RUNNER_HOOK_JOB_STARTED: /runs-on/pre.sh
2026-09-22T19:55:26.5282847Z   ACTIONS_RUNNER_HOOK_JOB_COMPLETED: /runs-on/post.sh
2026-09-22T19:55:26.5283095Z   GITHUB_SERVER_URL: https://github.com/
2026-09-22T19:55:26.5283328Z   GITHUB_API_URL: https://api.github.com/
2026-09-22T19:55:26.5283536Z   GITHUB_HOST: github.com
2026-09-22T19:55:26.5283763Z   RUNS_ON_RUNNER_NAME: runs-on--i-0314d5e05d01bfdfd--016b8bce-a
2026-09-22T19:55:26.5284036Z   RUNS_ON_INSTANCE_LAUNCHED_AT: 2026-09-22T19:54:46Z
2026-09-22T19:55:26.5284297Z   ACTIONS_CACHE_URL: http://10.1.18.232:6871/
2026-09-22T19:55:26.5284536Z   ACTIONS_CACHE_SERVICE_V2: on
2026-09-22T19:55:26.5284790Z   ACTIONS_RESULTS_URL: http://10.1.18.232:6871/
2026-09-22T19:55:26.5285063Z   RUNS_ON_S3_CACHE_REPO_PREFIX: cache/repo/vortex-data/vortex
2026-09-22T19:55:26.5285327Z   RUNS_ON_ACTION_COST_TRACKING_CLAIMED: true
2026-09-22T19:55:26.5285589Z   SCCACHE_BUCKET: runs-on-v3-s3bucketcache-dbnub4tpjhpv
2026-09-22T19:55:26.5285832Z   SCCACHE_REGION: us-east-1
2026-09-22T19:55:26.5286172Z   SCCACHE_GHA_ENABLED: false
2026-09-22T19:55:26.5286363Z   SCCACHE_S3_KEY_PREFIX: cache/sccache
2026-09-22T19:55:26.5286563Z   RUSTC_WRAPPER: sccache
2026-09-22T19:55:26.5286743Z   RUSTUP_TOOLCHAIN: 1.98.0
2026-09-22T19:55:26.5286983Z   SCCACHE_PATH: /opt/hostedtoolcache/sccache/0.18.0/x64/sccache
2026-09-22T19:55:26.5326843Z   ACTIONS_RUNTIME_TOKEN: ***
2026-09-22T19:55:26.5327041Z   CMAKE_C_COMPILER_LAUNCHER: sccache
2026-09-22T19:55:26.5327265Z   CMAKE_CXX_COMPILER_LAUNCHER: sccache
2026-09-22T19:55:26.5327488Z ##[endgroup]
2026-09-22T19:55:26.6110596Z flatc 25.12.19 is already installed
2026-09-22T19:55:26.6114738Z ##[end-action id=__self.__self_4.__run;outcome=success;conclusion=success;duration_ms=87]
2026-09-22T19:55:26.6117225Z ##[end-action id=__self.__self_4;outcome=success;conclusion=success;duration_ms=97]
2026-09-22T19:55:26.6135147Z Prepare all required actions
2026-09-22T19:55:26.6152530Z ##[group]Run ./.github/actions/system-info
2026-09-22T19:55:26.6152737Z env:
2026-09-22T19:55:26.6152889Z   CARGO_TERM_COLOR: always
2026-09-22T19:55:26.6153064Z   RUST_BACKTRACE: 1
2026-09-22T19:55:26.6153248Z   NIGHTLY_TOOLCHAIN: nightly-2026-09-10
2026-09-22T19:55:26.6153481Z   RUNNER_TOOL_CACHE: /opt/hostedtoolcache
2026-09-22T19:55:26.6153691Z   RUNS_ON_HOME: /runs-on
2026-09-22T19:55:26.6153865Z   RUNS_ON_VERSION: v3.3.0
2026-09-22T19:55:26.6154048Z   RUNS_ON_AGENT_BINARY: /runs-on/agent
2026-09-22T19:55:26.6154243Z   RUNS_ON_AGENT_ARCH: x64
2026-09-22T19:55:26.6154423Z   RUNS_ON_AGENT_USER: runner
2026-09-22T19:55:26.6154612Z   RUNS_ON_AMI_ID: ami-0d8875560af9e1401
2026-09-22T19:55:26.6154814Z   RUNS_ON_AWS_REGION: us-east-1
2026-09-22T19:55:26.6155002Z   RUNS_ON_AWS_AZ: us-east-1b
2026-09-22T19:55:26.6155200Z   RUNS_ON_ENV_CUSTOM_FILE: /runs-on/env.custom
2026-09-22T19:55:26.6155459Z   RUNS_ON_INSTANCE_ID: i-0314d5e05d01bfdfd
2026-09-22T19:55:26.6155671Z   RUNS_ON_INSTANCE_LIFECYCLE: spot
2026-09-22T19:55:26.6155870Z   RUNS_ON_INSTANCE_TYPE: c8in.4xlarge
2026-09-22T19:55:26.6156071Z   RUNS_ON_STACK_NAME: runs-on-v3
2026-09-22T19:55:26.6156317Z   RUNS_ON_S3_BUCKET_CACHE: runs-on-v3-s3bucketcache-dbnub4tpjhpv
2026-09-22T19:55:26.6156615Z   ACTIONS_RUNNER_HOOK_JOB_STARTED: /runs-on/pre.sh
2026-09-22T19:55:26.6156947Z   ACTIONS_RUNNER_HOOK_JOB_COMPLETED: /runs-on/post.sh
2026-09-22T19:55:26.6157202Z   GITHUB_SERVER_URL: https://github.com/
2026-09-22T19:55:26.6157431Z   GITHUB_API_URL: https://api.github.com/
2026-09-22T19:55:26.6157644Z   GITHUB_HOST: github.com
2026-09-22T19:55:26.6157874Z   RUNS_ON_RUNNER_NAME: runs-on--i-0314d5e05d01bfdfd--016b8bce-a
2026-09-22T19:55:26.6158160Z   RUNS_ON_INSTANCE_LAUNCHED_AT: 2026-09-22T19:54:46Z
2026-09-22T19:55:26.6158402Z   ACTIONS_CACHE_URL: http://10.1.18.232:6871/
2026-09-22T19:55:26.6158617Z   ACTIONS_CACHE_SERVICE_V2: on
2026-09-22T19:55:26.6158821Z   ACTIONS_RESULTS_URL: http://10.1.18.232:6871/
2026-09-22T19:55:26.6159084Z   RUNS_ON_S3_CACHE_REPO_PREFIX: cache/repo/vortex-data/vortex
2026-09-22T19:55:26.6159348Z   RUNS_ON_ACTION_COST_TRACKING_CLAIMED: true
2026-09-22T19:55:26.6159603Z   SCCACHE_BUCKET: runs-on-v3-s3bucketcache-dbnub4tpjhpv
2026-09-22T19:55:26.6159842Z   SCCACHE_REGION: us-east-1
2026-09-22T19:55:26.6160161Z   SCCACHE_GHA_ENABLED: false
2026-09-22T19:55:26.6160357Z   SCCACHE_S3_KEY_PREFIX: cache/sccache
2026-09-22T19:55:26.6160559Z   RUSTC_WRAPPER: sccache
2026-09-22T19:55:26.6160744Z   RUSTUP_TOOLCHAIN: 1.98.0
2026-09-22T19:55:26.6160970Z   SCCACHE_PATH: /opt/hostedtoolcache/sccache/0.18.0/x64/sccache
2026-09-22T19:55:26.6200281Z   ACTIONS_RUNTIME_TOKEN: ***
2026-09-22T19:55:26.6200496Z   CMAKE_C_COMPILER_LAUNCHER: sccache
2026-09-22T19:55:26.6200713Z   CMAKE_CXX_COMPILER_LAUNCHER: sccache
2026-09-22T19:55:26.6200912Z ##[endgroup]
2026-09-22T19:55:26.6203258Z ##[start-action display=CPU, Memory & Disk Info;id=__self_2.__run]
2026-09-22T19:55:26.6213188Z ##[group]Run echo "=== CPU Model ==="
2026-09-22T19:55:26.6213452Z [36;1mecho "=== CPU Model ==="[0m
2026-09-22T19:55:26.6213644Z [36;1mlscpu[0m
2026-09-22T19:55:26.6213823Z [36;1mecho "=== /proc/cpuinfo summary ==="[0m
2026-09-22T19:55:26.6214151Z [36;1m# x86 exposes "model name"; aarch64 has no such line (lscpu above covers it), and[0m
2026-09-22T19:55:26.6214552Z [36;1m# `shell: bash` runs with `set -e`, so a missing match must not fail the step.[0m
2026-09-22T19:55:26.6214875Z [36;1mgrep -m1 "model name" /proc/cpuinfo || true[0m
2026-09-22T19:55:26.6215098Z [36;1mnproc[0m
2026-09-22T19:55:26.6215258Z [36;1mecho "=== CPU Flags ==="[0m
2026-09-22T19:55:26.6215484Z [36;1m# x86 exposes "flags"; aarch64 exposes "Features".[0m
2026-09-22T19:55:26.6215767Z [36;1mgrep -m1 -E "^(flags|Features)" /proc/cpuinfo || true[0m
2026-09-22T19:55:26.6216006Z [36;1m[0m
2026-09-22T19:55:26.6216157Z [36;1mecho "=== Memory ==="[0m
2026-09-22T19:55:26.6216335Z [36;1mfree -h[0m
2026-09-22T19:55:26.6216583Z [36;1mecho "=== /proc/meminfo ==="[0m
2026-09-22T19:55:26.6216784Z [36;1mcat /proc/meminfo[0m
2026-09-22T19:55:26.6216961Z [36;1m[0m
2026-09-22T19:55:26.6217113Z [36;1mecho "=== Block Devices ==="[0m
2026-09-22T19:55:26.6217301Z [36;1mlsblk[0m
2026-09-22T19:55:26.6217458Z [36;1mecho "=== Disk Usage ==="[0m
2026-09-22T19:55:26.6217643Z [36;1mdf -hT[0m
2026-09-22T19:55:26.6217805Z [36;1mecho "=== Mounts ==="[0m
2026-09-22T19:55:26.6218000Z [36;1mmount | grep -E "^/dev"[0m
2026-09-22T19:55:26.6218195Z [36;1mecho "=== NVMe Devices ==="[0m
2026-09-22T19:55:26.6218422Z [36;1mls -la /dev/nvme* 2>/dev/null || echo "No NVMe"[0m
2026-09-22T19:55:26.6218664Z [36;1msudo nvme list 2>/dev/null || true[0m
2026-09-22T19:55:26.6235490Z shell: /usr/bin/bash --noprofile --norc -e -o pipefail {0}
2026-09-22T19:55:26.6235743Z env:
2026-09-22T19:55:26.6235906Z   CARGO_TERM_COLOR: always
2026-09-22T19:55:26.6236088Z   RUST_BACKTRACE: 1
2026-09-22T19:55:26.6236307Z   NIGHTLY_TOOLCHAIN: nightly-2026-09-10
2026-09-22T19:55:26.6236553Z   RUNNER_TOOL_CACHE: /opt/hostedtoolcache
2026-09-22T19:55:26.6236778Z   RUNS_ON_HOME: /runs-on
2026-09-22T19:55:26.6236973Z   RUNS_ON_VERSION: v3.3.0
2026-09-22T19:55:26.6237167Z   RUNS_ON_AGENT_BINARY: /runs-on/agent
2026-09-22T19:55:26.6237358Z   RUNS_ON_AGENT_ARCH: x64
2026-09-22T19:55:26.6237530Z   RUNS_ON_AGENT_USER: runner
2026-09-22T19:55:26.6237800Z   RUNS_ON_AMI_ID: ami-0d8875560af9e1401
2026-09-22T19:55:26.6238007Z   RUNS_ON_AWS_REGION: us-east-1
2026-09-22T19:55:26.6238198Z   RUNS_ON_AWS_AZ: us-east-1b
2026-09-22T19:55:26.6238399Z   RUNS_ON_ENV_CUSTOM_FILE: /runs-on/env.custom
2026-09-22T19:55:26.6238642Z   RUNS_ON_INSTANCE_ID: i-0314d5e05d01bfdfd
2026-09-22T19:55:26.6238857Z   RUNS_ON_INSTANCE_LIFECYCLE: spot
2026-09-22T19:55:26.6239063Z   RUNS_ON_INSTANCE_TYPE: c8in.4xlarge
2026-09-22T19:55:26.6239269Z   RUNS_ON_STACK_NAME: runs-on-v3
2026-09-22T19:55:26.6239519Z   RUNS_ON_S3_BUCKET_CACHE: runs-on-v3-s3bucketcache-dbnub4tpjhpv
2026-09-22T19:55:26.6239822Z   ACTIONS_RUNNER_HOOK_JOB_STARTED: /runs-on/pre.sh
2026-09-22T19:55:26.6240252Z   ACTIONS_RUNNER_HOOK_JOB_COMPLETED: /runs-on/post.sh
2026-09-22T19:55:26.6240513Z   GITHUB_SERVER_URL: https://github.com/
2026-09-22T19:55:26.6240743Z   GITHUB_API_URL: https://api.github.com/
2026-09-22T19:55:26.6240956Z   GITHUB_HOST: github.com
2026-09-22T19:55:26.6241187Z   RUNS_ON_RUNNER_NAME: runs-on--i-0314d5e05d01bfdfd--016b8bce-a
2026-09-22T19:55:26.6241494Z   RUNS_ON_INSTANCE_LAUNCHED_AT: 2026-09-22T19:54:46Z
2026-09-22T19:55:26.6241729Z   ACTIONS_CACHE_URL: http://10.1.18.232:6871/
2026-09-22T19:55:26.6241942Z   ACTIONS_CACHE_SERVICE_V2: on
2026-09-22T19:55:26.6242143Z   ACTIONS_RESULTS_URL: http://10.1.18.232:6871/
2026-09-22T19:55:26.6242404Z   RUNS_ON_S3_CACHE_REPO_PREFIX: cache/repo/vortex-data/vortex
2026-09-22T19:55:26.6242656Z   RUNS_ON_ACTION_COST_TRACKING_CLAIMED: true
2026-09-22T19:55:26.6242913Z   SCCACHE_BUCKET: runs-on-v3-s3bucketcache-dbnub4tpjhpv
2026-09-22T19:55:26.6243150Z   SCCACHE_REGION: us-east-1
2026-09-22T19:55:26.6243330Z   SCCACHE_GHA_ENABLED: false
2026-09-22T19:55:26.6243515Z   SCCACHE_S3_KEY_PREFIX: cache/sccache
2026-09-22T19:55:26.6243712Z   RUSTC_WRAPPER: sccache
2026-09-22T19:55:26.6243883Z   RUSTUP_TOOLCHAIN: 1.98.0
2026-09-22T19:55:26.6244116Z   SCCACHE_PATH: /opt/hostedtoolcache/sccache/0.18.0/x64/sccache
2026-09-22T19:55:26.6284227Z   ACTIONS_RUNTIME_TOKEN: ***
2026-09-22T19:55:26.6284438Z   CMAKE_C_COMPILER_LAUNCHER: sccache
2026-09-22T19:55:26.6284649Z   CMAKE_CXX_COMPILER_LAUNCHER: sccache
2026-09-22T19:55:26.6284846Z ##[endgroup]
2026-09-22T19:55:26.6315292Z === CPU Model ===
2026-09-22T19:55:26.6364299Z Architecture:                            x86_64
2026-09-22T19:55:26.6364685Z CPU op-mode(s):                          32-bit, 64-bit
2026-09-22T19:55:26.6365021Z Address sizes:                           48 bits physical, 48 bits virtual
2026-09-22T19:55:26.6365353Z Byte Order:                              Little Endian
2026-09-22T19:55:26.6365951Z CPU(s):                                  16
2026-09-22T19:55:26.6366469Z On-line CPU(s) list:                     0-15
2026-09-22T19:55:26.6366747Z Vendor ID:                               GenuineIntel
2026-09-22T19:55:26.6367027Z Model name:                              Intel(R) Xeon(R) 6975P-C
2026-09-22T19:55:26.6367282Z CPU family:                              6
2026-09-22T19:55:26.6367513Z Model:                                   173
2026-09-22T19:55:26.6367734Z Thread(s) per core:                      2
2026-09-22T19:55:26.6367944Z Core(s) per socket:                      8
2026-09-22T19:55:26.6368158Z Socket(s):                               1
2026-09-22T19:55:26.6368357Z Stepping:                                1
2026-09-22T19:55:26.6368572Z BogoMIPS:                                5400.00
2026-09-22T19:55:26.6371244Z Flags:                                   fpu vme de pse tsc msr pae mce cx8 apic sep mtrr pge mca cmov pat pse36 clflush mmx fxsr sse sse2 ss ht syscall nx pdpe1gb rdtscp lm constant_tsc arch_perfmon rep_good nopl xtopology nonstop_tsc cpuid aperfmperf tsc_known_freq pni pclmulqdq monitor ssse3 fma cx16 pdcm pcid sse4_1 sse4_2 x2apic movbe popcnt tsc_deadline_timer aes xsave avx f16c rdrand hypervisor lahf_lm abm 3dnowprefetch cpuid_fault ssbd ibrs ibpb stibp ibrs_enhanced fsgsbase tsc_adjust bmi1 avx2 smep bmi2 erms invpcid avx512f avx512dq rdseed adx smap avx512ifma clflushopt clwb avx512cd sha_ni avx512bw avx512vl xsaveopt xsavec xgetbv1 xsaves avx_vnni avx512_bf16 wbnoinvd ida arat avx512vbmi umip pku ospke waitpkg avx512_vbmi2 gfni vaes vpclmulqdq avx512_vnni avx512_bitalg tme avx512_vpopcntdq rdpid bus_lock_detect cldemote movdiri movdir64b md_clear serialize amx_bf16 avx512_fp16 amx_tile amx_int8 flush_l1d arch_capabilities
2026-09-22T19:55:26.6373475Z Hypervisor vendor:                       KVM
2026-09-22T19:55:26.6373702Z Virtualization type:                     full
2026-09-22T19:55:26.6373954Z L1d cache:                               384 KiB (8 instances)
2026-09-22T19:55:26.6374229Z L1i cache:                               512 KiB (8 instances)
2026-09-22T19:55:26.6374488Z L2 cache:                                16 MiB (8 instances)
2026-09-22T19:55:26.6374739Z L3 cache:                                480 MiB (1 instance)
2026-09-22T19:55:26.6374962Z NUMA node(s):                            1
2026-09-22T19:55:26.6375184Z NUMA node0 CPU(s):                       0-15
2026-09-22T19:55:26.6375432Z Vulnerability Gather data sampling:      Not affected
2026-09-22T19:55:26.6375694Z Vulnerability Ghostwrite:                Not affected
2026-09-22T19:55:26.6375960Z Vulnerability Indirect target selection: Not affected
2026-09-22T19:55:26.6376219Z Vulnerability Itlb multihit:             Not affected
2026-09-22T19:55:26.6376464Z Vulnerability L1tf:                      Not affected
2026-09-22T19:55:26.6376708Z Vulnerability Mds:                       Not affected
2026-09-22T19:55:26.6376956Z Vulnerability Meltdown:                  Not affected
2026-09-22T19:55:26.6377206Z Vulnerability Mmio stale data:           Not affected
2026-09-22T19:55:26.6377465Z Vulnerability Old microcode:             Not affected
2026-09-22T19:55:26.6377718Z Vulnerability Reg file data sampling:    Not affected
2026-09-22T19:55:26.6377968Z Vulnerability Retbleed:                  Not affected
2026-09-22T19:55:26.6378220Z Vulnerability Spec rstack overflow:      Not affected
2026-09-22T19:55:26.6378567Z Vulnerability Spec store bypass:         Mitigation; Speculative Store Bypass disabled via prctl
2026-09-22T19:55:26.6379049Z Vulnerability Spectre v1:                Mitigation; usercopy/swapgs barriers and __user pointer sanitization
2026-09-22T19:55:26.6379597Z Vulnerability Spectre v2:                Mitigation; Enhanced / Automatic IBRS; IBPB conditional; PBRSB-eIBRS Not affected; BHI BHI_DIS_S
2026-09-22T19:55:26.6380211Z Vulnerability Srbds:                     Not affected
2026-09-22T19:55:26.6380464Z Vulnerability Tsa:                       Not affected
2026-09-22T19:55:26.6380713Z Vulnerability Tsx async abort:           Not affected
2026-09-22T19:55:26.6381027Z Vulnerability Vmscape:                   Not affected
2026-09-22T19:55:26.6381268Z === /proc/cpuinfo summary ===
2026-09-22T19:55:26.6381505Z model name	: Intel(R) Xeon(R) 6975P-C
2026-09-22T19:55:26.6391148Z 16
2026-09-22T19:55:26.6391640Z === CPU Flags ===
2026-09-22T19:55:26.6401774Z flags		: fpu vme de pse tsc msr pae mce cx8 apic sep mtrr pge mca cmov pat pse36 clflush mmx fxsr sse sse2 ss ht syscall nx pdpe1gb rdtscp lm constant_tsc arch_perfmon rep_good nopl xtopology nonstop_tsc cpuid aperfmperf tsc_known_freq pni pclmulqdq monitor ssse3 fma cx16 pdcm pcid sse4_1 sse4_2 x2apic movbe popcnt tsc_deadline_timer aes xsave avx f16c rdrand hypervisor lahf_lm abm 3dnowprefetch cpuid_fault ssbd ibrs ibpb stibp ibrs_enhanced fsgsbase tsc_adjust bmi1 avx2 smep bmi2 erms invpcid avx512f avx512dq rdseed adx smap avx512ifma clflushopt clwb avx512cd sha_ni avx512bw avx512vl xsaveopt xsavec xgetbv1 xsaves avx_vnni avx512_bf16 wbnoinvd ida arat avx512vbmi umip pku ospke waitpkg avx512_vbmi2 gfni vaes vpclmulqdq avx512_vnni avx512_bitalg tme avx512_vpopcntdq rdpid bus_lock_detect cldemote movdiri movdir64b md_clear serialize amx_bf16 avx512_fp16 amx_tile amx_int8 flush_l1d arch_capabilities
2026-09-22T19:55:26.6404044Z === Memory ===
2026-09-22T19:55:26.6423633Z                total        used        free      shared  buff/cache   available
2026-09-22T19:55:26.6424143Z Mem:            30Gi       1.2Gi        28Gi        46Mi       1.1Gi        29Gi
2026-09-22T19:55:26.6424404Z Swap:             0B          0B          0B
2026-09-22T19:55:26.6424613Z === /proc/meminfo ===
2026-09-22T19:55:26.6430152Z MemTotal:       32308552 kB
2026-09-22T19:55:26.6430372Z MemFree:        30251420 kB
2026-09-22T19:55:26.6430548Z MemAvailable:   31016260 kB
2026-09-22T19:55:26.6430756Z Buffers:           37024 kB
2026-09-22T19:55:26.6430928Z Cached:          1109472 kB
2026-09-22T19:55:26.6431095Z SwapCached:            0 kB
2026-09-22T19:55:26.6431266Z Active:           655928 kB
2026-09-22T19:55:26.6431426Z Inactive:         832936 kB
2026-09-22T19:55:26.6431597Z Active(anon):     390044 kB
2026-09-22T19:55:26.6431762Z Inactive(anon):        0 kB
2026-09-22T19:55:26.6431923Z Active(file):     265884 kB
2026-09-22T19:55:26.6432087Z Inactive(file):   832936 kB
2026-09-22T19:55:26.6432251Z Unevictable:        1876 kB
2026-09-22T19:55:26.6432422Z Mlocked:               0 kB
2026-09-22T19:55:26.6432589Z SwapTotal:             0 kB
2026-09-22T19:55:26.6432754Z SwapFree:              0 kB
2026-09-22T19:55:26.6432915Z Zswap:                 0 kB
2026-09-22T19:55:26.6433079Z Zswapped:              0 kB
2026-09-22T19:55:26.6433243Z Dirty:            696656 kB
2026-09-22T19:55:26.6433403Z Writeback:             0 kB
2026-09-22T19:55:26.6433566Z AnonPages:        345024 kB
2026-09-22T19:55:26.6433743Z Mapped:           179152 kB
2026-09-22T19:55:26.6433902Z Shmem:             47564 kB
2026-09-22T19:55:26.6434063Z KReclaimable:      55020 kB
2026-09-22T19:55:26.6434223Z Slab:             147392 kB
2026-09-22T19:55:26.6434393Z SReclaimable:      55020 kB
2026-09-22T19:55:26.6434558Z SUnreclaim:        92372 kB
2026-09-22T19:55:26.6434719Z KernelStack:        7712 kB
2026-09-22T19:55:26.6434885Z PageTables:         5700 kB
2026-09-22T19:55:26.6435051Z SecPageTables:         0 kB
2026-09-22T19:55:26.6435219Z NFS_Unstable:          0 kB
2026-09-22T19:55:26.6435382Z Bounce:                0 kB
2026-09-22T19:55:26.6435556Z WritebackTmp:          0 kB
2026-09-22T19:55:26.6435721Z CommitLimit:    16154276 kB
2026-09-22T19:55:26.6435884Z Committed_AS:    2670088 kB
2026-09-22T19:55:26.6436051Z VmallocTotal:   34359738367 kB
2026-09-22T19:55:26.6436225Z VmallocUsed:       22904 kB
2026-09-22T19:55:26.6436392Z VmallocChunk:          0 kB
2026-09-22T19:55:26.6436564Z Percpu:             7488 kB
2026-09-22T19:55:26.6436731Z HardwareCorrupted:     0 kB
2026-09-22T19:55:26.6436904Z AnonHugePages:         0 kB
2026-09-22T19:55:26.6437073Z ShmemHugePages:        0 kB
2026-09-22T19:55:26.6437247Z ShmemPmdMapped:        0 kB
2026-09-22T19:55:26.6437504Z FileHugePages:    569344 kB
2026-09-22T19:55:26.6437679Z FilePmdMapped:         0 kB
2026-09-22T19:55:26.6437854Z CmaTotal:              0 kB
2026-09-22T19:55:26.6438014Z CmaFree:               0 kB
2026-09-22T19:55:26.6438177Z Unaccepted:            0 kB
2026-09-22T19:55:26.6438337Z Balloon:               0 kB
2026-09-22T19:55:26.6438501Z HugePages_Total:       0
2026-09-22T19:55:26.6438674Z HugePages_Free:        0
2026-09-22T19:55:26.6438837Z HugePages_Rsvd:        0
2026-09-22T19:55:26.6439007Z HugePages_Surp:        0
2026-09-22T19:55:26.6439169Z Hugepagesize:       2048 kB
2026-09-22T19:55:26.6439338Z Hugetlb:               0 kB
2026-09-22T19:55:26.6439501Z DirectMap4k:      102832 kB
2026-09-22T19:55:26.6439665Z DirectMap2M:     4579328 kB
2026-09-22T19:55:26.6439826Z DirectMap1G:    29360128 kB
2026-09-22T19:55:26.6440165Z === Block Devices ===
2026-09-22T19:55:26.6446020Z NAME         MAJ:MIN RM  SIZE RO TYPE MOUNTPOINTS
2026-09-22T19:55:26.6446264Z nvme0n1      259:0    0  100G  0 disk 
2026-09-22T19:55:26.6446578Z ├─nvme0n1p1  259:1    0   99G  0 part /
2026-09-22T19:55:26.6446811Z ├─nvme0n1p14 259:2    0    4M  0 part 
2026-09-22T19:55:26.6447051Z ├─nvme0n1p15 259:3    0  106M  0 part /boot/efi
2026-09-22T19:55:26.6447276Z └─nvme0n1p16 259:4    0  913M  0 part /boot
2026-09-22T19:55:26.6447506Z === Disk Usage ===
2026-09-22T19:55:26.6504396Z Filesystem      Type      Size  Used Avail Use% Mounted on
2026-09-22T19:55:26.6504917Z tmpfs           tmpfs     3.1G  1.1M  3.1G   1% /run
2026-09-22T19:55:26.6505216Z efivarfs        efivarfs  128K  3.3K  120K   3% /sys/firmware/efi/efivars
2026-09-22T19:55:26.6505517Z /dev/nvme0n1p1  ext4       96G   20G   77G  21% /
2026-09-22T19:55:26.6505769Z tmpfs           tmpfs      16G     0   16G   0% /dev/shm
2026-09-22T19:55:26.6506020Z tmpfs           tmpfs     5.0M     0  5.0M   0% /run/lock
2026-09-22T19:55:26.6506268Z tmpfs           tmpfs      16G     0   16G   0% /run/qemu
2026-09-22T19:55:26.6506529Z /dev/nvme0n1p16 ext4      881M   94M  726M  12% /boot
2026-09-22T19:55:26.6506803Z /dev/nvme0n1p15 vfat      105M  6.2M   99M   6% /boot/efi
2026-09-22T19:55:26.6507041Z === Mounts ===
2026-09-22T19:55:26.6514233Z /dev/nvme0n1p1 on / type ext4 (rw,relatime,discard,errors=remount-ro,commit=30)
2026-09-22T19:55:26.6514575Z /dev/nvme0n1p16 on /boot type ext4 (rw,relatime)
2026-09-22T19:55:26.6515057Z /dev/nvme0n1p15 on /boot/efi type vfat (rw,relatime,fmask=0077,dmask=0077,codepage=437,iocharset=iso8859-1,shortname=mixed,errors=remount-ro)
2026-09-22T19:55:26.6515491Z === NVMe Devices ===
2026-09-22T19:55:26.6527319Z crw------- 1 root root 241, 0 Sep 22 19:54 /dev/nvme0
2026-09-22T19:55:26.6527641Z brw-rw---- 1 root disk 259, 0 Sep 22 19:55 /dev/nvme0n1
2026-09-22T19:55:26.6527914Z brw-rw---- 1 root disk 259, 1 Sep 22 19:55 /dev/nvme0n1p1
2026-09-22T19:55:26.6528202Z brw-rw---- 1 root disk 259, 2 Sep 22 19:55 /dev/nvme0n1p14
2026-09-22T19:55:26.6528478Z brw-rw---- 1 root disk 259, 3 Sep 22 19:55 /dev/nvme0n1p15
2026-09-22T19:55:26.6528757Z brw-rw---- 1 root disk 259, 4 Sep 22 19:55 /dev/nvme0n1p16
2026-09-22T19:55:26.7343103Z ##[end-action id=__self_2.__run;outcome=success;conclusion=success;duration_ms=113]
2026-09-22T19:55:26.7440523Z ##[group]Run taiki-e/cache-cargo-install-action@66c9585ef5ca780ee69399975a5e911f47905995
2026-09-22T19:55:26.7440889Z with:
2026-09-22T19:55:26.7441049Z   tool: cargo-codspeed
2026-09-22T19:55:26.7441214Z   locked: true
2026-09-22T19:55:26.7441394Z   no-default-features: false
2026-09-22T19:55:26.7441587Z   all-features: false
2026-09-22T19:55:26.7441741Z env:
2026-09-22T19:55:26.7441885Z   CARGO_TERM_COLOR: always
2026-09-22T19:55:26.7442063Z   RUST_BACKTRACE: 1
2026-09-22T19:55:26.7442237Z   NIGHTLY_TOOLCHAIN: nightly-2026-09-10
2026-09-22T19:55:26.7442494Z   RUNNER_TOOL_CACHE: /opt/hostedtoolcache
2026-09-22T19:55:26.7442704Z   RUNS_ON_HOME: /runs-on
2026-09-22T19:55:26.7442888Z   RUNS_ON_VERSION: v3.3.0
2026-09-22T19:55:26.7443074Z   RUNS_ON_AGENT_BINARY: /runs-on/agent
2026-09-22T19:55:26.7443273Z   RUNS_ON_AGENT_ARCH: x64
2026-09-22T19:55:26.7443448Z   RUNS_ON_AGENT_USER: runner
2026-09-22T19:55:26.7443634Z   RUNS_ON_AMI_ID: ami-0d8875560af9e1401
2026-09-22T19:55:26.7443864Z   RUNS_ON_AWS_REGION: us-east-1
2026-09-22T19:55:26.7444057Z   RUNS_ON_AWS_AZ: us-east-1b
2026-09-22T19:55:26.7444254Z   RUNS_ON_ENV_CUSTOM_FILE: /runs-on/env.custom
2026-09-22T19:55:26.7444484Z   RUNS_ON_INSTANCE_ID: i-0314d5e05d01bfdfd
2026-09-22T19:55:26.7444693Z   RUNS_ON_INSTANCE_LIFECYCLE: spot
2026-09-22T19:55:26.7444897Z   RUNS_ON_INSTANCE_TYPE: c8in.4xlarge
2026-09-22T19:55:26.7445098Z   RUNS_ON_STACK_NAME: runs-on-v3
2026-09-22T19:55:26.7445343Z   RUNS_ON_S3_BUCKET_CACHE: runs-on-v3-s3bucketcache-dbnub4tpjhpv
2026-09-22T19:55:26.7445633Z   ACTIONS_RUNNER_HOOK_JOB_STARTED: /runs-on/pre.sh
2026-09-22T19:55:26.7445897Z   ACTIONS_RUNNER_HOOK_JOB_COMPLETED: /runs-on/post.sh
2026-09-22T19:55:26.7446152Z   GITHUB_SERVER_URL: https://github.com/
2026-09-22T19:55:26.7446385Z   GITHUB_API_URL: https://api.github.com/
2026-09-22T19:55:26.7446593Z   GITHUB_HOST: github.com
2026-09-22T19:55:26.7446819Z   RUNS_ON_RUNNER_NAME: runs-on--i-0314d5e05d01bfdfd--016b8bce-a
2026-09-22T19:55:26.7447099Z   RUNS_ON_INSTANCE_LAUNCHED_AT: 2026-09-22T19:54:46Z
2026-09-22T19:55:26.7447341Z   ACTIONS_CACHE_URL: http://10.1.18.232:6871/
2026-09-22T19:55:26.7447570Z   ACTIONS_CACHE_SERVICE_V2: on
2026-09-22T19:55:26.7447775Z   ACTIONS_RESULTS_URL: http://10.1.18.232:6871/
2026-09-22T19:55:26.7448109Z   RUNS_ON_S3_CACHE_REPO_PREFIX: cache/repo/vortex-data/vortex
2026-09-22T19:55:26.7448390Z   RUNS_ON_ACTION_COST_TRACKING_CLAIMED: true
2026-09-22T19:55:26.7448645Z   SCCACHE_BUCKET: runs-on-v3-s3bucketcache-dbnub4tpjhpv
2026-09-22T19:55:26.7448965Z   SCCACHE_REGION: us-east-1
2026-09-22T19:55:26.7449184Z   SCCACHE_GHA_ENABLED: false
2026-09-22T19:55:26.7449382Z   SCCACHE_S3_KEY_PREFIX: cache/sccache
2026-09-22T19:55:26.7449586Z   RUSTC_WRAPPER: sccache
2026-09-22T19:55:26.7449765Z   RUSTUP_TOOLCHAIN: 1.98.0
2026-09-22T19:55:26.7450114Z   SCCACHE_PATH: /opt/hostedtoolcache/sccache/0.18.0/x64/sccache
2026-09-22T19:55:26.7489051Z   ACTIONS_RUNTIME_TOKEN: ***
2026-09-22T19:55:26.7489258Z   CMAKE_C_COMPILER_LAUNCHER: sccache
2026-09-22T19:55:26.7489494Z   CMAKE_CXX_COMPILER_LAUNCHER: sccache
2026-09-22T19:55:26.7489739Z ##[endgroup]
2026-09-22T19:55:26.7495924Z ##[start-action display=Prepare (non-Windows);id=__taiki-e_cache-cargo-install-action.pre-unix]
2026-09-22T19:55:26.7507036Z ##[group]Run set -eu
2026-09-22T19:55:26.7507241Z [36;1mset -eu[0m
2026-09-22T19:55:26.7507423Z [36;1mif ! command -v bash >/dev/null; then[0m
2026-09-22T19:55:26.7507682Z [36;1m  if grep -Eq '^ID=alpine' /etc/os-release; then[0m
2026-09-22T19:55:26.7508049Z [36;1m    printf '::group::Install packages required for cache-cargo-install-action (bash)\n'[0m
2026-09-22T19:55:26.7508424Z [36;1m    # NB: sync with apk_install in pre.sh[0m
2026-09-22T19:55:26.7508656Z [36;1m    if command -v sudo >/dev/null; then[0m
2026-09-22T19:55:26.7508886Z [36;1m      sudo apk --no-cache add bash[0m
2026-09-22T19:55:26.7509115Z [36;1m    elif command -v doas >/dev/null; then[0m
2026-09-22T19:55:26.7509343Z [36;1m      doas apk --no-cache add bash[0m
2026-09-22T19:55:26.7509629Z [36;1m    else[0m
2026-09-22T19:55:26.7509801Z [36;1m      apk --no-cache add bash[0m
2026-09-22T19:55:26.7510171Z [36;1m    fi[0m
2026-09-22T19:55:26.7510346Z [36;1m    printf '::endgroup::\n'[0m
2026-09-22T19:55:26.7510552Z [36;1m  else[0m
2026-09-22T19:55:26.7510790Z [36;1m    printf '::error::cache-cargo-install-action requires bash\n'[0m
2026-09-22T19:55:26.7511076Z [36;1m    exit 1[0m
2026-09-22T19:55:26.7511236Z [36;1m  fi[0m
2026-09-22T19:55:26.7511382Z [36;1mfi[0m
2026-09-22T19:55:26.7511609Z [36;1mbash --noprofile --norc "${GITHUB_ACTION_PATH:?}/pre.sh"[0m
2026-09-22T19:55:26.7527143Z shell: /usr/bin/sh -e {0}
2026-09-22T19:55:26.7527339Z env:
2026-09-22T19:55:26.7527498Z   CARGO_TERM_COLOR: always
2026-09-22T19:55:26.7527689Z   RUST_BACKTRACE: 1
2026-09-22T19:55:26.7527875Z   NIGHTLY_TOOLCHAIN: nightly-2026-09-10
2026-09-22T19:55:26.7528102Z   RUNNER_TOOL_CACHE: /opt/hostedtoolcache
2026-09-22T19:55:26.7528317Z   RUNS_ON_HOME: /runs-on
2026-09-22T19:55:26.7528502Z   RUNS_ON_VERSION: v3.3.0
2026-09-22T19:55:26.7528694Z   RUNS_ON_AGENT_BINARY: /runs-on/agent
2026-09-22T19:55:26.7529009Z   RUNS_ON_AGENT_ARCH: x64
2026-09-22T19:55:26.7529209Z   RUNS_ON_AGENT_USER: runner
2026-09-22T19:55:26.7529406Z   RUNS_ON_AMI_ID: ami-0d8875560af9e1401
2026-09-22T19:55:26.7529634Z   RUNS_ON_AWS_REGION: us-east-1
2026-09-22T19:55:26.7529836Z   RUNS_ON_AWS_AZ: us-east-1b
2026-09-22T19:55:26.7530241Z   RUNS_ON_ENV_CUSTOM_FILE: /runs-on/env.custom
2026-09-22T19:55:26.7530505Z   RUNS_ON_INSTANCE_ID: i-0314d5e05d01bfdfd
2026-09-22T19:55:26.7530735Z   RUNS_ON_INSTANCE_LIFECYCLE: spot
2026-09-22T19:55:26.7530953Z   RUNS_ON_INSTANCE_TYPE: c8in.4xlarge
2026-09-22T19:55:26.7531172Z   RUNS_ON_STACK_NAME: runs-on-v3
2026-09-22T19:55:26.7531443Z   RUNS_ON_S3_BUCKET_CACHE: runs-on-v3-s3bucketcache-dbnub4tpjhpv
2026-09-22T19:55:26.7531733Z   ACTIONS_RUNNER_HOOK_JOB_STARTED: /runs-on/pre.sh
2026-09-22T19:55:26.7531999Z   ACTIONS_RUNNER_HOOK_JOB_COMPLETED: /runs-on/post.sh
2026-09-22T19:55:26.7532255Z   GITHUB_SERVER_URL: https://github.com/
2026-09-22T19:55:26.7532481Z   GITHUB_API_URL: https://api.github.com/
2026-09-22T19:55:26.7532689Z   GITHUB_HOST: github.com
2026-09-22T19:55:26.7532918Z   RUNS_ON_RUNNER_NAME: runs-on--i-0314d5e05d01bfdfd--016b8bce-a
2026-09-22T19:55:26.7533294Z   RUNS_ON_INSTANCE_LAUNCHED_AT: 2026-09-22T19:54:46Z
2026-09-22T19:55:26.7533541Z   ACTIONS_CACHE_URL: http://10.1.18.232:6871/
2026-09-22T19:55:26.7533766Z   ACTIONS_CACHE_SERVICE_V2: on
2026-09-22T19:55:26.7533974Z   ACTIONS_RESULTS_URL: http://10.1.18.232:6871/
2026-09-22T19:55:26.7534244Z   RUNS_ON_S3_CACHE_REPO_PREFIX: cache/repo/vortex-data/vortex
2026-09-22T19:55:26.7534505Z   RUNS_ON_ACTION_COST_TRACKING_CLAIMED: true
2026-09-22T19:55:26.7534768Z   SCCACHE_BUCKET: runs-on-v3-s3bucketcache-dbnub4tpjhpv
2026-09-22T19:55:26.7535008Z   SCCACHE_REGION: us-east-1
2026-09-22T19:55:26.7535188Z   SCCACHE_GHA_ENABLED: false
2026-09-22T19:55:26.7535375Z   SCCACHE_S3_KEY_PREFIX: cache/sccache
2026-09-22T19:55:26.7535572Z   RUSTC_WRAPPER: sccache
2026-09-22T19:55:26.7535748Z   RUSTUP_TOOLCHAIN: 1.98.0
2026-09-22T19:55:26.7535985Z   SCCACHE_PATH: /opt/hostedtoolcache/sccache/0.18.0/x64/sccache
2026-09-22T19:55:26.7575197Z   ACTIONS_RUNTIME_TOKEN: ***
2026-09-22T19:55:26.7575398Z   CMAKE_C_COMPILER_LAUNCHER: sccache
2026-09-22T19:55:26.7575614Z   CMAKE_CXX_COMPILER_LAUNCHER: sccache
2026-09-22T19:55:26.7575821Z   INPUT_TOOL: cargo-codspeed
2026-09-22T19:55:26.7576006Z   INPUT_LOCKED: true
2026-09-22T19:55:26.7576167Z   INPUT_GIT: 
2026-09-22T19:55:26.7576311Z   INPUT_TAG: 
2026-09-22T19:55:26.7576458Z   INPUT_REV: 
2026-09-22T19:55:26.7576602Z   INPUT_FEATURES: 
2026-09-22T19:55:26.7576771Z   INPUT_NO_DEFAULT_FEATURES: false
2026-09-22T19:55:26.7576963Z   INPUT_ALL_FEATURES: false
2026-09-22T19:55:26.7577292Z   ACTION_USER_AGENT: taiki-e/cache-cargo-install-action (66c9585ef5ca780ee69399975a5e911f47905995)
2026-09-22T19:55:26.7577627Z ##[endgroup]
2026-09-22T19:55:26.8393416Z ##[end-action id=__taiki-e_cache-cargo-install-action.pre-unix;outcome=success;conclusion=success;duration_ms=89]
2026-09-22T19:55:26.8396407Z ##[start-action display=Prepare (Windows);id=__taiki-e_cache-cargo-install-action.pre-windows]
2026-09-22T19:55:26.8398722Z ##[end-action id=__taiki-e_cache-cargo-install-action.pre-windows;outcome=skipped;conclusion=skipped;duration_ms=0]
2026-09-22T19:55:26.8400339Z ##[start-action display=Restore Cache;id=__taiki-e_cache-cargo-install-action.cache]
2026-09-22T19:55:26.8425087Z ##[group]Run actions/cache@668228422ae6a00e4ad889ee87cd7109ec5666a7
2026-09-22T19:55:26.8425412Z with:
2026-09-22T19:55:26.8425685Z   path: /opt/hostedtoolcache/cargo-codspeed/bin
2026-09-22T19:55:26.8426188Z   key: cargo-codspeed-5.0.2-x86_64-linux-gnu-2.39-features-default-no-default-features-false-all-features-false
2026-09-22T19:55:26.8426685Z   enableCrossOsArchive: false
2026-09-22T19:55:26.8426969Z   fail-on-cache-miss: false
2026-09-22T19:55:26.8427213Z   lookup-only: false
2026-09-22T19:55:26.8427460Z   save-always: false
2026-09-22T19:55:26.8427681Z env:
2026-09-22T19:55:26.8427902Z   CARGO_TERM_COLOR: always
2026-09-22T19:55:26.8428144Z   RUST_BACKTRACE: 1
2026-09-22T19:55:26.8428416Z   NIGHTLY_TOOLCHAIN: nightly-2026-09-10
2026-09-22T19:55:26.8428717Z   RUNNER_TOOL_CACHE: /opt/hostedtoolcache
2026-09-22T19:55:26.8428994Z   RUNS_ON_HOME: /runs-on
2026-09-22T19:55:26.8429237Z   RUNS_ON_VERSION: v3.3.0
2026-09-22T19:55:26.8429482Z   RUNS_ON_AGENT_BINARY: /runs-on/agent
2026-09-22T19:55:26.8429732Z   RUNS_ON_AGENT_ARCH: x64
2026-09-22T19:55:26.8430199Z   RUNS_ON_AGENT_USER: runner
2026-09-22T19:55:26.8430456Z   RUNS_ON_AMI_ID: ami-0d8875560af9e1401
2026-09-22T19:55:26.8430742Z   RUNS_ON_AWS_REGION: us-east-1
2026-09-22T19:55:26.8430992Z   RUNS_ON_AWS_AZ: us-east-1b
2026-09-22T19:55:26.8431238Z   RUNS_ON_ENV_CUSTOM_FILE: /runs-on/env.custom
2026-09-22T19:55:26.8431569Z   RUNS_ON_INSTANCE_ID: i-0314d5e05d01bfdfd
2026-09-22T19:55:26.8431870Z   RUNS_ON_INSTANCE_LIFECYCLE: spot
2026-09-22T19:55:26.8432141Z   RUNS_ON_INSTANCE_TYPE: c8in.4xlarge
2026-09-22T19:55:26.8432404Z   RUNS_ON_STACK_NAME: runs-on-v3
2026-09-22T19:55:26.8432703Z   RUNS_ON_S3_BUCKET_CACHE: runs-on-v3-s3bucketcache-dbnub4tpjhpv
2026-09-22T19:55:26.8433085Z   ACTIONS_RUNNER_HOOK_JOB_STARTED: /runs-on/pre.sh
2026-09-22T19:55:26.8433529Z   ACTIONS_RUNNER_HOOK_JOB_COMPLETED: /runs-on/post.sh
2026-09-22T19:55:26.8433851Z   GITHUB_SERVER_URL: https://github.com/
2026-09-22T19:55:26.8434184Z   GITHUB_API_URL: https://api.github.com/
2026-09-22T19:55:26.8434445Z   GITHUB_HOST: github.com
2026-09-22T19:55:26.8434778Z   RUNS_ON_RUNNER_NAME: runs-on--i-0314d5e05d01bfdfd--016b8bce-a
2026-09-22T19:55:26.8435146Z   RUNS_ON_INSTANCE_LAUNCHED_AT: 2026-09-22T19:54:46Z
2026-09-22T19:55:26.8435465Z   ACTIONS_CACHE_URL: http://10.1.18.232:6871/
2026-09-22T19:55:26.8435746Z   ACTIONS_CACHE_SERVICE_V2: on
2026-09-22T19:55:26.8436020Z   ACTIONS_RESULTS_URL: http://10.1.18.232:6871/
2026-09-22T19:55:26.8436369Z   RUNS_ON_S3_CACHE_REPO_PREFIX: cache/repo/vortex-data/vortex
2026-09-22T19:55:26.8436692Z   RUNS_ON_ACTION_COST_TRACKING_CLAIMED: true
2026-09-22T19:55:26.8437046Z   SCCACHE_BUCKET: runs-on-v3-s3bucketcache-dbnub4tpjhpv
2026-09-22T19:55:26.8437344Z   SCCACHE_REGION: us-east-1
2026-09-22T19:55:26.8437594Z   SCCACHE_GHA_ENABLED: false
2026-09-22T19:55:26.8437867Z   SCCACHE_S3_KEY_PREFIX: cache/sccache
2026-09-22T19:55:26.8438130Z   RUSTC_WRAPPER: sccache
2026-09-22T19:55:26.8438401Z   RUSTUP_TOOLCHAIN: 1.98.0
2026-09-22T19:55:26.8438687Z   SCCACHE_PATH: /opt/hostedtoolcache/sccache/0.18.0/x64/sccache
2026-09-22T19:55:26.8477860Z   ACTIONS_RUNTIME_TOKEN: ***
2026-09-22T19:55:26.8478140Z   CMAKE_C_COMPILER_LAUNCHER: sccache
2026-09-22T19:55:26.8478408Z   CMAKE_CXX_COMPILER_LAUNCHER: sccache
2026-09-22T19:55:26.8478672Z ##[endgroup]
2026-09-22T19:55:27.0112445Z Cache hit for: cargo-codspeed-5.0.2-x86_64-linux-gnu-2.39-features-default-no-default-features-false-all-features-false
2026-09-22T19:55:27.0776780Z Cache Size: ~1 MB (965444 B)
2026-09-22T19:55:27.0795127Z [command]/usr/bin/tar -xf /home/runner/_work/_temp/48a69db4-64a8-45a8-9d15-057f22312117/cache.tzst -P -C /home/runner/_work/vortex/vortex --use-compress-program unzstd
2026-09-22T19:55:27.0866519Z Cache restored successfully
2026-09-22T19:55:27.0922714Z Cache restored from key: cargo-codspeed-5.0.2-x86_64-linux-gnu-2.39-features-default-no-default-features-false-all-features-false
2026-09-22T19:55:27.0969229Z ##[end-action id=__taiki-e_cache-cargo-install-action.cache;outcome=success;conclusion=success;duration_ms=256]
2026-09-22T19:55:27.0980989Z ##[start-action display=Install cargo-codspeed (non-Windows);id=__taiki-e_cache-cargo-install-action.__run]
2026-09-22T19:55:27.0985654Z ##[end-action id=__taiki-e_cache-cargo-install-action.__run;outcome=skipped;conclusion=skipped;duration_ms=0]
2026-09-22T19:55:27.0990327Z ##[start-action display=Install cargo-codspeed (Windows);id=__taiki-e_cache-cargo-install-action.__run_2]
2026-09-22T19:55:27.0994912Z ##[end-action id=__taiki-e_cache-cargo-install-action.__run_2;outcome=skipped;conclusion=skipped;duration_ms=0]
2026-09-22T19:55:27.1021907Z ##[group]Run cargo codspeed build --locked --features _test-harness $(printf -- '-p %s ' vortex-decimal-byte-parts vortex-fastlanes)  --profile bench
2026-09-22T19:55:27.1022682Z [36;1mcargo codspeed build --locked --features _test-harness $(printf -- '-p %s ' vortex-decimal-byte-parts vortex-fastlanes)  --profile bench[0m
2026-09-22T19:55:27.1043770Z shell: /usr/bin/bash -e {0}
2026-09-22T19:55:27.1044088Z env:
2026-09-22T19:55:27.1044304Z   CARGO_TERM_COLOR: always
2026-09-22T19:55:27.1044577Z   RUST_BACKTRACE: 1
2026-09-22T19:55:27.1044820Z   NIGHTLY_TOOLCHAIN: nightly-2026-09-10
2026-09-22T19:55:27.1045104Z   RUNNER_TOOL_CACHE: /opt/hostedtoolcache
2026-09-22T19:55:27.1045405Z   RUNS_ON_HOME: /runs-on
2026-09-22T19:55:27.1045639Z   RUNS_ON_VERSION: v3.3.0
2026-09-22T19:55:27.1045902Z   RUNS_ON_AGENT_BINARY: /runs-on/agent
2026-09-22T19:55:27.1046166Z   RUNS_ON_AGENT_ARCH: x64
2026-09-22T19:55:27.1046400Z   RUNS_ON_AGENT_USER: runner
2026-09-22T19:55:27.1046734Z   RUNS_ON_AMI_ID: ami-0d8875560af9e1401
2026-09-22T19:55:27.1046993Z   RUNS_ON_AWS_REGION: us-east-1
2026-09-22T19:55:27.1047285Z   RUNS_ON_AWS_AZ: us-east-1b
2026-09-22T19:55:27.1047544Z   RUNS_ON_ENV_CUSTOM_FILE: /runs-on/env.custom
2026-09-22T19:55:27.1047921Z   RUNS_ON_INSTANCE_ID: i-0314d5e05d01bfdfd
2026-09-22T19:55:27.1048203Z   RUNS_ON_INSTANCE_LIFECYCLE: spot
2026-09-22T19:55:27.1048486Z   RUNS_ON_INSTANCE_TYPE: c8in.4xlarge
2026-09-22T19:55:27.1048758Z   RUNS_ON_STACK_NAME: runs-on-v3
2026-09-22T19:55:27.1049185Z   RUNS_ON_S3_BUCKET_CACHE: runs-on-v3-s3bucketcache-dbnub4tpjhpv
2026-09-22T19:55:27.1049541Z   ACTIONS_RUNNER_HOOK_JOB_STARTED: /runs-on/pre.sh
2026-09-22T19:55:27.1049866Z   ACTIONS_RUNNER_HOOK_JOB_COMPLETED: /runs-on/post.sh
2026-09-22T19:55:27.1050352Z   GITHUB_SERVER_URL: https://github.com/
2026-09-22T19:55:27.1050654Z   GITHUB_API_URL: https://api.github.com/
2026-09-22T19:55:27.1050946Z   GITHUB_HOST: github.com
2026-09-22T19:55:27.1051320Z   RUNS_ON_RUNNER_NAME: runs-on--i-0314d5e05d01bfdfd--016b8bce-a
2026-09-22T19:55:27.1051669Z   RUNS_ON_INSTANCE_LAUNCHED_AT: 2026-09-22T19:54:46Z
2026-09-22T19:55:27.1051984Z   ACTIONS_CACHE_URL: http://10.1.18.232:6871/
2026-09-22T19:55:27.1052272Z   ACTIONS_CACHE_SERVICE_V2: on
2026-09-22T19:55:27.1052566Z   ACTIONS_RESULTS_URL: http://10.1.18.232:6871/
2026-09-22T19:55:27.1052891Z   RUNS_ON_S3_CACHE_REPO_PREFIX: cache/repo/vortex-data/vortex
2026-09-22T19:55:27.1053215Z   RUNS_ON_ACTION_COST_TRACKING_CLAIMED: true
2026-09-22T19:55:27.1053538Z   SCCACHE_BUCKET: runs-on-v3-s3bucketcache-dbnub4tpjhpv
2026-09-22T19:55:27.1053845Z   SCCACHE_REGION: us-east-1
2026-09-22T19:55:27.1054081Z   SCCACHE_GHA_ENABLED: false
2026-09-22T19:55:27.1054358Z   SCCACHE_S3_KEY_PREFIX: cache/sccache
2026-09-22T19:55:27.1054641Z   RUSTC_WRAPPER: sccache
2026-09-22T19:55:27.1054874Z   RUSTUP_TOOLCHAIN: 1.98.0
2026-09-22T19:55:27.1055170Z   SCCACHE_PATH: /opt/hostedtoolcache/sccache/0.18.0/x64/sccache
2026-09-22T19:55:27.1094383Z   ACTIONS_RUNTIME_TOKEN: ***
2026-09-22T19:55:27.1094663Z   CMAKE_C_COMPILER_LAUNCHER: sccache
2026-09-22T19:55:27.1094994Z   CMAKE_CXX_COMPILER_LAUNCHER: sccache
2026-09-22T19:55:27.1095377Z   RUSTFLAGS: -C target-feature=+avx2 -C force-frame-pointers=yes -C link-arg=-fuse-ld=mold
2026-09-22T19:55:27.1095796Z   VORTEX_BENCH_VARIANT: simulation
2026-09-22T19:55:27.1096049Z ##[endgroup]
2026-09-22T19:55:33.0511205Z [cargo-codspeed] Measurement mode: 
2026-09-22T19:55:33.0511748Z 
2026-09-22T19:55:33.3567631Z [1m[92m   Compiling[0m proc-macro2 v1.0.107
2026-09-22T19:55:33.3568173Z [1m[92m   Compiling[0m quote v1.0.47
2026-09-22T19:55:33.3568477Z [1m[92m   Compiling[0m unicode-ident v1.0.24
2026-09-22T19:55:33.3568939Z [1m[92m   Compiling[0m cfg-if v1.0.4
2026-09-22T19:55:33.3569268Z [1m[92m   Compiling[0m anyhow v1.0.104
2026-09-22T19:55:33.3569543Z [1m[92m   Compiling[0m semver v1.0.28
2026-09-22T19:55:33.3569823Z [1m[92m   Compiling[0m libm v0.2.16
2026-09-22T19:55:33.3570308Z [1m[92m   Compiling[0m either v1.18.0
2026-09-22T19:55:33.3570809Z [1m[92m   Compiling[0m libc v0.2.189
2026-09-22T19:55:33.3571165Z [1m[92m   Compiling[0m bitflags v2.13.2
2026-09-22T19:55:33.3571446Z [1m[92m   Compiling[0m autocfg v1.5.1
2026-09-22T19:55:33.3571751Z [1m[92m   Compiling[0m regex-syntax v0.8.11
2026-09-22T19:55:33.3613504Z [1m[92m   Compiling[0m memchr v2.8.3
2026-09-22T19:55:33.3666337Z [1m[92m   Compiling[0m zerocopy v0.8.57
2026-09-22T19:55:33.3686066Z [1m[92m   Compiling[0m hashbrown v0.17.1
2026-09-22T19:55:33.4653323Z [1m[92m   Compiling[0m rustc_version v0.4.1
2026-09-22T19:55:33.4687841Z [1m[92m   Compiling[0m equivalent v1.0.2
2026-09-22T19:55:33.4713829Z [1m[92m   Compiling[0m fnv v1.0.7
2026-09-22T19:55:33.4740244Z [1m[92m   Compiling[0m num-traits v0.2.19
2026-09-22T19:55:33.4740751Z [1m[92m   Compiling[0m rustix v1.1.4
2026-09-22T19:55:33.4936236Z [1m[92m   Compiling[0m once_cell v1.21.4
2026-09-22T19:55:33.4971085Z [1m[92m   Compiling[0m itertools v0.10.5
2026-09-22T19:55:33.5017569Z [1m[92m   Compiling[0m aho-corasick v1.1.5
2026-09-22T19:55:33.5194712Z [1m[92m   Compiling[0m allocator-api2 v0.2.21
2026-09-22T19:55:33.5252104Z [1m[92m   Compiling[0m linux-raw-sys v0.12.1
2026-09-22T19:55:33.5264779Z [1m[92m   Compiling[0m indexmap v2.14.2
2026-09-22T19:55:33.5654794Z [1m[92m   Compiling[0m logos-codegen v0.15.1
2026-09-22T19:55:33.5931520Z [1m[92m   Compiling[0m bytes v1.12.1
2026-09-22T19:55:33.5968855Z [1m[92m   Compiling[0m scopeguard v1.2.0
2026-09-22T19:55:33.6161709Z [1m[92m   Compiling[0m parking_lot_core v0.9.12
2026-09-22T19:55:33.6194115Z [1m[92m   Compiling[0m getrandom v0.4.3
2026-09-22T19:55:33.6407702Z [1m[92m   Compiling[0m beef v0.5.2
2026-09-22T19:55:33.6516706Z [1m[92m   Compiling[0m rustversion v1.0.23
2026-09-22T19:55:33.6725919Z [1m[92m   Compiling[0m regex-automata v0.4.18
2026-09-22T19:55:33.6867459Z [1m[92m   Compiling[0m lazy_static v1.5.0
2026-09-22T19:55:33.7024158Z [1m[92m   Compiling[0m rand_core v0.10.1
2026-09-22T19:55:33.7327572Z [1m[92m   Compiling[0m flatbuffers v25.12.19
2026-09-22T19:55:33.7431440Z [1m[92m   Compiling[0m unicode-width v0.1.14
2026-09-22T19:55:33.7494176Z [1m[92m   Compiling[0m thiserror v2.0.20
2026-09-22T19:55:33.7578640Z [1m[92m   Compiling[0m winnow v1.0.4
2026-09-22T19:55:33.7585784Z [1m[92m   Compiling[0m smallvec v1.16.1
2026-09-22T19:55:33.7742109Z [1m[92m   Compiling[0m pin-project-lite v0.2.17
2026-09-22T19:55:33.7771235Z [1m[92m   Compiling[0m version_check v0.9.5
2026-09-22T19:55:33.8260812Z [1m[92m   Compiling[0m lock_api v0.4.14
2026-09-22T19:55:33.8359352Z [1m[92m   Compiling[0m foldhash v0.1.5
2026-09-22T19:55:33.8384651Z [1m[92m   Compiling[0m paste v1.0.15
2026-09-22T19:55:33.8387046Z [1m[92m   Compiling[0m ahash v0.8.12
2026-09-22T19:55:33.9093922Z [1m[92m   Compiling[0m jiff-core v0.1.1
2026-09-22T19:55:33.9182343Z [1m[92m   Compiling[0m toml_parser v1.1.3+spec-1.1.0
2026-09-22T19:55:33.9248646Z [1m[92m   Compiling[0m shlex v2.0.1
2026-09-22T19:55:33.9727578Z [1m[92m   Compiling[0m prettyplease v0.2.37
2026-09-22T19:55:33.9751200Z [1m[92m   Compiling[0m toml_datetime v1.1.1+spec-1.1.0
2026-09-22T19:55:33.9769875Z [1m[92m   Compiling[0m getrandom v0.3.4
2026-09-22T19:55:33.9875076Z [1m[92m   Compiling[0m find-msvc-tools v0.1.12
2026-09-22T19:55:34.0075110Z [1m[92m   Compiling[0m radium v0.7.0
2026-09-22T19:55:34.0375907Z [1m[92m   Compiling[0m toml_edit v0.25.15+spec-1.1.0
2026-09-22T19:55:34.0512326Z [1m[92m   Compiling[0m hashbrown v0.15.5
2026-09-22T19:55:34.0586144Z [1m[92m   Compiling[0m cc v1.4.6
2026-09-22T19:55:34.0673001Z [1m[92m   Compiling[0m regex v1.13.1
2026-09-22T19:55:34.0787764Z [1m[92m   Compiling[0m jiff v0.2.37
2026-09-22T19:55:34.1093422Z [1m[92m   Compiling[0m num-integer v0.1.47
2026-09-22T19:55:34.1135321Z [1m[92m   Compiling[0m syn v2.0.119
2026-09-22T19:55:34.1137070Z [1m[92m   Compiling[0m syn v3.0.5
2026-09-22T19:55:34.1478902Z [1m[92m   Compiling[0m foldhash v0.2.0
2026-09-22T19:55:34.1547171Z [1m[92m   Compiling[0m tap v1.0.1
2026-09-22T19:55:34.1629388Z [1m[92m   Compiling[0m fixedbitset v0.5.7
2026-09-22T19:55:34.1662847Z [1m[92m   Compiling[0m arrow-schema v59.3.0
2026-09-22T19:55:34.1887631Z [1m[92m   Compiling[0m fastrand v2.5.0
2026-09-22T19:55:34.1932995Z [1m[92m   Compiling[0m crossbeam-utils v0.8.23
2026-09-22T19:55:34.1933530Z [1m[92m   Compiling[0m proc-macro-crate v3.5.0
2026-09-22T19:55:34.2031631Z [1m[92m   Compiling[0m num-bigint v0.5.1
2026-09-22T19:55:34.2063912Z [1m[92m   Compiling[0m wyz v0.5.1
2026-09-22T19:55:34.2303957Z [1m[92m   Compiling[0m petgraph v0.8.3
2026-09-22T19:55:34.2666405Z [1m[92m   Compiling[0m futures-core v0.3.34
2026-09-22T19:55:34.2906317Z [1m[92m   Compiling[0m funty v2.0.0
2026-09-22T19:55:34.3067742Z [1m[92m   Compiling[0m getrandom v0.2.17
2026-09-22T19:55:34.3240852Z [1m[92m   Compiling[0m static_assertions v1.1.0
2026-09-22T19:55:34.3276254Z [1m[92m   Compiling[0m log v0.4.34
2026-09-22T19:55:34.3317614Z [1m[92m   Compiling[0m syn v1.0.109
2026-09-22T19:55:34.3388012Z [1m[92m   Compiling[0m heck v0.5.0
2026-09-22T19:55:34.3417040Z [1m[92m   Compiling[0m multimap v0.10.1
2026-09-22T19:55:34.3451274Z [1m[92m   Compiling[0m cpufeatures v0.3.1
2026-09-22T19:55:34.3607281Z [1m[92m   Compiling[0m futures-sink v0.3.34
2026-09-22T19:55:34.3916098Z [1m[92m   Compiling[0m rand_core v0.6.4
2026-09-22T19:55:34.3967946Z [1m[92m   Compiling[0m parking_lot v0.12.5
2026-09-22T19:55:34.4003253Z [1m[92m   Compiling[0m bitvec v1.1.1
2026-09-22T19:55:34.4026984Z [1m[92m   Compiling[0m itertools v0.14.0
2026-09-22T19:55:34.4112298Z [1m[92m   Compiling[0m futures-channel v0.3.34
2026-09-22T19:55:34.4239168Z [1m[92m   Compiling[0m chacha20 v0.10.2
2026-09-22T19:55:34.4313321Z [1m[92m   Compiling[0m rstest_macros v0.26.1
2026-09-22T19:55:34.4351722Z [1m[92m   Compiling[0m tempfile v3.27.0
2026-09-22T19:55:34.4560682Z [1m[92m   Compiling[0m futures-task v0.3.34
2026-09-22T19:55:34.4741971Z [1m[92m   Compiling[0m serde_core v1.0.229
2026-09-22T19:55:34.4908167Z [1m[92m   Compiling[0m thiserror-impl v2.0.20
2026-09-22T19:55:34.4944593Z [1m[92m   Compiling[0m futures-macro v0.3.34
2026-09-22T19:55:34.4965129Z [1m[92m   Compiling[0m simdutf8 v0.1.5
2026-09-22T19:55:34.5113941Z [1m[92m   Compiling[0m parking v2.2.1
2026-09-22T19:55:34.5210805Z [1m[92m   Compiling[0m unicode-segmentation v1.13.3
2026-09-22T19:55:34.5280714Z [1m[92m   Compiling[0m futures-io v0.3.34
2026-09-22T19:55:34.5326078Z [1m[92m   Compiling[0m prost-derive v0.14.4
2026-09-22T19:55:34.5354388Z [1m[92m   Compiling[0m zerocopy-derive v0.8.57
2026-09-22T19:55:34.5513901Z [1m[92m   Compiling[0m miette-derive v7.6.0
2026-09-22T19:55:34.5547848Z [1m[92m   Compiling[0m logos-codegen v0.16.1
2026-09-22T19:55:34.5756987Z [1m[92m   Compiling[0m slab v0.4.12
2026-09-22T19:55:34.5892299Z [1m[92m   Compiling[0m event-listener v5.4.2
2026-09-22T19:55:34.6144307Z [1m[92m   Compiling[0m rand v0.10.2
2026-09-22T19:55:34.6298549Z [1m[92m   Compiling[0m similar v2.7.0
2026-09-22T19:55:34.6455579Z [1m[92m   Compiling[0m console v0.15.11
2026-09-22T19:55:34.6669329Z [1m[92m   Compiling[0m zmij v1.0.23
2026-09-22T19:55:34.6994431Z [1m[92m   Compiling[0m rustc-hash v2.1.3
2026-09-22T19:55:34.7039249Z [1m[92m   Compiling[0m logos-derive v0.16.1
2026-09-22T19:55:34.7205870Z [1m[92m   Compiling[0m relative-path v1.9.3
2026-09-22T19:55:34.7210539Z [1m[92m   Compiling[0m logos-derive v0.15.1
2026-09-22T19:55:34.7274371Z [1m[92m   Compiling[0m cfg_aliases v0.2.2
2026-09-22T19:55:34.7378802Z [1m[92m   Compiling[0m ppv-lite86 v0.2.21
2026-09-22T19:55:34.7505404Z [1m[92m   Compiling[0m glob v0.3.4
2026-09-22T19:55:34.7633708Z [1m[92m   Compiling[0m similar-asserts v1.7.0
2026-09-22T19:55:34.7918654Z [1m[92m   Compiling[0m nix v0.31.3
2026-09-22T19:55:34.8294348Z [1m[92m   Compiling[0m event-listener-strategy v0.5.4
2026-09-22T19:55:34.8434493Z [1m[92m   Compiling[0m rand_chacha v0.3.1
2026-09-22T19:55:34.8851243Z [1m[92m   Compiling[0m logos v0.16.1
2026-09-22T19:55:34.8853056Z [1m[92m   Compiling[0m logos v0.15.1
2026-09-22T19:55:34.8905749Z [1m[92m   Compiling[0m num_enum_derive v0.7.6
2026-09-22T19:55:34.9249693Z [1m[92m   Compiling[0m enum-iterator-derive v1.5.0
2026-09-22T19:55:34.9362880Z [1m[92m   Compiling[0m vortex-utils v0.1.0 (/home/runner/_work/vortex/vortex/vortex-utils)
2026-09-22T19:55:34.9363554Z [1m[92m   Compiling[0m arc-swap v1.9.2
2026-09-22T19:55:34.9513955Z [1m[92m   Compiling[0m futures-util v0.3.34
2026-09-22T19:55:34.9623682Z [1m[92m   Compiling[0m yansi v1.0.1
2026-09-22T19:55:34.9650456Z [1m[92m   Compiling[0m futures-timer v3.0.4
2026-09-22T19:55:35.0021897Z [1m[92m   Compiling[0m rand v0.8.8
2026-09-22T19:55:35.0140185Z [1m[92m   Compiling[0m tracing-core v0.1.36
2026-09-22T19:55:35.0201360Z [1m[92m   Compiling[0m serde_json v1.0.151
2026-09-22T19:55:35.0351122Z [1m[92m   Compiling[0m serde v1.0.229
2026-09-22T19:55:35.0771198Z [1m[92m   Compiling[0m async-lock v3.4.2
2026-09-22T19:55:35.0891129Z [1m[92m   Compiling[0m goldenfile v1.11.0
2026-09-22T19:55:35.2212229Z [1m[92m   Compiling[0m serde_derive v1.0.229
2026-09-22T19:55:35.2432833Z [1m[92m   Compiling[0m vortex-array-macros v0.1.0 (/home/runner/_work/vortex/vortex/vortex-array-macros)
2026-09-22T19:55:35.2597181Z [1m[92m   Compiling[0m tracing v0.1.44
2026-09-22T19:55:35.2721533Z [1m[92m   Compiling[0m codspeed v5.0.1
2026-09-22T19:55:35.2741194Z [1m[92m   Compiling[0m rstest_reuse v0.7.0
2026-09-22T19:55:35.2813598Z [1m[92m   Compiling[0m terminal_size v0.4.4
2026-09-22T19:55:35.3051211Z [1m[92m   Compiling[0m approx v0.5.1
2026-09-22T19:55:35.3091045Z [1m[92m   Compiling[0m humansize v2.1.3
2026-09-22T19:55:35.3294252Z [1m[92m   Compiling[0m miette v7.6.0
2026-09-22T19:55:35.3981518Z [1m[92m   Compiling[0m itoa v1.0.18
2026-09-22T19:55:35.4251536Z [1m[92m   Compiling[0m clap_lex v1.1.0
2026-09-22T19:55:35.4351361Z [1m[92m   Compiling[0m anstyle v1.0.14
2026-09-22T19:55:35.4961024Z [1m[92m   Compiling[0m inventory v0.3.24
2026-09-22T19:55:35.4987071Z [1m[92m   Compiling[0m uuid v1.26.1
2026-09-22T19:55:35.5062683Z [1m[92m   Compiling[0m arcref v0.2.0
2026-09-22T19:55:35.5241585Z [1m[92m   Compiling[0m futures v0.3.34
2026-09-22T19:55:35.5487693Z [1m[92m   Compiling[0m num_enum v0.7.6
2026-09-22T19:55:35.5577156Z [1m[92m   Compiling[0m clap_builder v4.6.6
2026-09-22T19:55:35.5917088Z [1m[92m   Compiling[0m enum-iterator v2.3.0
2026-09-22T19:55:35.5935294Z [1m[92m   Compiling[0m statrs v0.18.0
2026-09-22T19:55:35.6097422Z [1m[92m   Compiling[0m divan-macros v0.1.17
2026-09-22T19:55:35.6188651Z [1m[92m   Compiling[0m libmimalloc-sys v0.1.49
2026-09-22T19:55:35.6440353Z [1m[92m   Compiling[0m colored v3.1.1
2026-09-22T19:55:35.6543134Z [1m[92m   Compiling[0m ext-trait-proc_macros v1.0.1
2026-09-22T19:55:35.6654513Z [1m[92m   Compiling[0m prost v0.14.4
2026-09-22T19:55:35.7192715Z [1m[92m   Compiling[0m seq-macro v0.3.6
2026-09-22T19:55:35.7312221Z [1m[92m   Compiling[0m condtype v1.3.0
2026-09-22T19:55:35.7431341Z [1m[92m   Compiling[0m regex-lite v0.1.9
2026-09-22T19:55:35.7454249Z [1m[92m   Compiling[0m prost-types v0.14.4
2026-09-22T19:55:35.7628504Z [1m[92m   Compiling[0m vortex-error v0.1.0 (/home/runner/_work/vortex/vortex/vortex-error)
2026-09-22T19:55:35.7854104Z [1m[92m   Compiling[0m pastey v0.2.3
2026-09-22T19:55:35.7918540Z [1m[92m   Compiling[0m const_for v0.1.6
2026-09-22T19:55:35.8482097Z [1m[92m   Compiling[0m macro_rules_attribute-proc_macro v0.1.3
2026-09-22T19:55:35.8540938Z [1m[92m   Compiling[0m codspeed-divan-compat v5.0.1
2026-09-22T19:55:35.8570122Z [1m[92m   Compiling[0m ext-trait v1.0.1
2026-09-22T19:55:35.8605423Z [1m[92m   Compiling[0m nougat-proc_macros v0.2.4
2026-09-22T19:55:35.9167080Z [1m[92m   Compiling[0m extension-traits v1.0.1
2026-09-22T19:55:35.9241266Z [1m[92m   Compiling[0m clap v4.6.6
2026-09-22T19:55:35.9288939Z [1m[92m   Compiling[0m lending-iterator-proc_macros v0.1.7
2026-09-22T19:55:35.9392334Z [1m[92m   Compiling[0m polonius-the-crab v0.2.1
2026-09-22T19:55:35.9432850Z [1m[92m   Compiling[0m never-say-never v6.6.666
2026-09-22T19:55:35.9592682Z [1m[92m   Compiling[0m protox-parse v0.9.0
2026-09-22T19:55:35.9915326Z [1m[92m   Compiling[0m prost-reflect v0.16.5
2026-09-22T19:55:36.0029476Z [1m[92m   Compiling[0m prost-build v0.14.4
2026-09-22T19:55:36.0081474Z [1m[92m   Compiling[0m itertools v0.15.0
2026-09-22T19:55:36.0149118Z [1m[92m   Compiling[0m dashu-int v0.4.3
2026-09-22T19:55:36.0156110Z [1m[92m   Compiling[0m dashu-base v0.4.3
2026-09-22T19:55:36.0531457Z [1m[92m   Compiling[0m codspeed-divan-compat-macros v5.0.1
2026-09-22T19:55:36.0827713Z [1m[92m   Compiling[0m fastlanes v0.6.1
2026-09-22T19:55:36.0944370Z [1m[92m   Compiling[0m fastlanes v0.7.2
2026-09-22T19:55:36.1003027Z [1m[92m   Compiling[0m macro_rules_attribute v0.1.3
2026-09-22T19:55:36.1423286Z [1m[92m   Compiling[0m crc32fast v1.5.2
2026-09-22T19:55:36.1571742Z [1m[92m   Compiling[0m adler2 v2.0.1
2026-09-22T19:55:36.2051761Z [1m[92m   Compiling[0m num-modular v0.6.4
2026-09-22T19:55:36.2127363Z [1m[92m   Compiling[0m hegeltest-macros v0.28.7
2026-09-22T19:55:36.2221703Z [1m[92m   Compiling[0m vortex-bench-support v0.1.0 (/home/runner/_work/vortex/vortex/benchmarks/bench-support)
2026-09-22T19:55:36.2501161Z [1m[92m   Compiling[0m half v2.7.1
2026-09-22T19:55:36.2631433Z [1m[92m   Compiling[0m miniz_oxide v0.8.9
2026-09-22T19:55:36.3886210Z [1m[92m   Compiling[0m protox v0.9.1
2026-09-22T19:55:36.4031670Z [1m[92m   Compiling[0m arrow-buffer v59.3.0
2026-09-22T19:55:36.4065105Z [1m[92m   Compiling[0m hashbrown v0.14.5
2026-09-22T19:55:36.4093718Z [1m[92m   Compiling[0m nougat v0.2.4
2026-09-22T19:55:36.4302371Z [1m[92m   Compiling[0m alp v0.0.4
2026-09-22T19:55:36.4630559Z [1m[92m   Compiling[0m lending-iterator v0.1.7
2026-09-22T19:55:36.5620093Z [1m[92m   Compiling[0m vortex-build v0.1.0 (/home/runner/_work/vortex/vortex/vortex-build)
2026-09-22T19:55:36.5661206Z [1m[92m   Compiling[0m dashmap v6.2.1
2026-09-22T19:55:36.5941695Z [1m[92m   Compiling[0m vortex-buffer v0.1.0 (/home/runner/_work/vortex/vortex/vortex-buffer)
2026-09-22T19:55:36.7132534Z [1m[92m   Compiling[0m vortex-array v0.1.0 (/home/runner/_work/vortex/vortex/vortex-array)
2026-09-22T19:55:36.7398839Z [1m[92m   Compiling[0m lasso v0.7.3
2026-09-22T19:55:36.8051756Z [1m[92m   Compiling[0m vortex-compute v0.1.0 (/home/runner/_work/vortex/vortex/vortex-compute)
2026-09-22T19:55:36.8052339Z [1m[92m   Compiling[0m vortex-mask v0.1.0 (/home/runner/_work/vortex/vortex/vortex-mask)
2026-09-22T19:55:36.8196436Z [1m[92m   Compiling[0m hegeltest-c v0.30.4
2026-09-22T19:55:36.9484330Z [1m[92m   Compiling[0m vortex-session v0.1.0 (/home/runner/_work/vortex/vortex/vortex-session)
2026-09-22T19:55:36.9926591Z [1m[92m   Compiling[0m rstest v0.26.1
2026-09-22T19:55:37.3674747Z [1m[92m   Compiling[0m codspeed-divan-compat-walltime v5.0.1
2026-09-22T19:55:39.0736567Z [1m[92m   Compiling[0m vortex-fastlanes v0.1.0 (/home/runner/_work/vortex/vortex/encodings/fastlanes)
2026-09-22T19:55:39.0737725Z [1m[92m   Compiling[0m vortex-decimal-byte-parts v0.1.0 (/home/runner/_work/vortex/vortex/encodings/decimal-byte-parts)
2026-09-22T19:55:39.2889570Z [1m[92m   Compiling[0m mimalloc v0.1.52
2026-09-22T19:55:39.5002527Z [1m[92m   Compiling[0m vortex-alp v0.1.0 (/home/runner/_work/vortex/vortex/encodings/alp)
2026-09-22T19:55:39.8418547Z warning: unused import: `divan::Bencher`
2026-09-22T19:55:39.8452545Z  --> encodings/fastlanes/benches/canonicalize_bench.rs:6:5
2026-09-22T19:55:39.8490997Z   |
2026-09-22T19:55:39.8520855Z 6 | use divan::Bencher;
2026-09-22T19:55:39.8550692Z   |     ^^^^^^^^^^^^^^
2026-09-22T19:55:39.8580658Z   |
2026-09-22T19:55:39.8600468Z   = note: `#[warn(unused_imports)]` (part of `#[warn(unused)]`) on by default
2026-09-22T19:55:39.8630278Z 
2026-09-22T19:55:39.8650404Z 
2026-09-22T19:55:39.8681105Z warning: unused import: `rand::SeedableRng`
2026-09-22T19:55:39.8681634Z  --> encodings/fastlanes/benches/canonicalize_bench.rs:8:5
2026-09-22T19:55:39.8682268Z   |
2026-09-22T19:55:39.8682581Z 8 | use rand::SeedableRng;
2026-09-22T19:55:39.8682919Z   |     ^^^^^^^^^^^^^^^^^
2026-09-22T19:55:39.8683115Z 
2026-09-22T19:55:39.8683119Z 
2026-09-22T19:55:39.8683280Z warning: unused import: `rand::prelude::StdRng`
2026-09-22T19:55:39.8683705Z  --> encodings/fastlanes/benches/canonicalize_bench.rs:9:5
2026-09-22T19:55:39.8684269Z   |
2026-09-22T19:55:39.8684546Z 9 | use rand::prelude::StdRng;
2026-09-22T19:55:39.8684840Z   |     ^^^^^^^^^^^^^^^^^^^^^
2026-09-22T19:55:39.8685044Z 
2026-09-22T19:55:39.8685048Z 
2026-09-22T19:55:39.8685335Z warning: unused import: `vortex_array::Canonical`
2026-09-22T19:55:39.8710810Z   --> encodings/fastlanes/benches/canonicalize_bench.rs:10:5
2026-09-22T19:55:39.8740603Z    |
2026-09-22T19:55:39.8770633Z 10 | use vortex_array::Canonical;
2026-09-22T19:55:39.8773897Z    |     ^^^^^^^^^^^^^^^^^^^^^^^
2026-09-22T19:55:39.8774349Z 
2026-09-22T19:55:39.8774585Z 
2026-09-22T19:55:39.8774890Z warning: unused import: `vortex_array::IntoArray`
2026-09-22T19:55:39.8775515Z   --> encodings/fastlanes/benches/canonicalize_bench.rs:11:5
2026-09-22T19:55:39.8776355Z    |
2026-09-22T19:55:39.8776799Z 11 | use vortex_array::IntoArray;
2026-09-22T19:55:39.8777189Z    |     ^^^^^^^^^^^^^^^^^^^^^^^
2026-09-22T19:55:39.8777535Z 
2026-09-22T19:55:39.8777594Z 
2026-09-22T19:55:39.8777917Z warning: unused import: `vortex_array::VortexSessionExecute`
2026-09-22T19:55:39.8778606Z   --> encodings/fastlanes/benches/canonicalize_bench.rs:12:5
2026-09-22T19:55:39.8779143Z    |
2026-09-22T19:55:39.8779512Z 12 | use vortex_array::VortexSessionExecute;
2026-09-22T19:55:39.8780223Z    |     ^^^^^^^^^^^^^^^^^^^^^^^^^^^^^^^^^^
2026-09-22T19:55:39.8780627Z 
2026-09-22T19:55:39.8780711Z 
2026-09-22T19:55:39.8780996Z warning: unused import: `vortex_array::arrays::ChunkedArray`
2026-09-22T19:55:39.8781626Z   --> encodings/fastlanes/benches/canonicalize_bench.rs:13:5
2026-09-22T19:55:39.8782164Z    |
2026-09-22T19:55:39.8782531Z 13 | use vortex_array::arrays::ChunkedArray;
2026-09-22T19:55:39.8783001Z    |     ^^^^^^^^^^^^^^^^^^^^^^^^^^^^^^^^^^
2026-09-22T19:55:39.8783347Z 
2026-09-22T19:55:39.8783436Z 
2026-09-22T19:55:39.8783726Z warning: unused import: `vortex_array::builders::ArrayBuilder`
2026-09-22T19:55:39.8784337Z   --> encodings/fastlanes/benches/canonicalize_bench.rs:14:5
2026-09-22T19:55:39.8784875Z    |
2026-09-22T19:55:39.8785242Z 14 | use vortex_array::builders::ArrayBuilder;
2026-09-22T19:55:39.8785780Z    |     ^^^^^^^^^^^^^^^^^^^^^^^^^^^^^^^^^^^^
2026-09-22T19:55:39.8786069Z 
2026-09-22T19:55:39.8786157Z 
2026-09-22T19:55:39.8786477Z warning: unused import: `vortex_array::builders::PrimitiveBuilder`
2026-09-22T19:55:39.8787107Z   --> encodings/fastlanes/benches/canonicalize_bench.rs:15:5
2026-09-22T19:55:39.8787641Z    |
2026-09-22T19:55:39.8788053Z 15 | use vortex_array::builders::PrimitiveBuilder;
2026-09-22T19:55:39.8788560Z    |     ^^^^^^^^^^^^^^^^^^^^^^^^^^^^^^^^^^^^^^^^
2026-09-22T19:55:39.8788865Z 
2026-09-22T19:55:39.8788946Z 
2026-09-22T19:55:39.8789148Z warning: unused import: `vortex_error::VortexExpect`
2026-09-22T19:55:39.8789718Z   --> encodings/fastlanes/benches/canonicalize_bench.rs:16:5
2026-09-22T19:55:39.8790517Z    |
2026-09-22T19:55:39.8790883Z 16 | use vortex_error::VortexExpect;
2026-09-22T19:55:39.8791341Z    |     ^^^^^^^^^^^^^^^^^^^^^^^^^^
2026-09-22T19:55:39.8791613Z 
2026-09-22T19:55:39.8791699Z 
2026-09-22T19:55:39.8792055Z warning: unused import: `vortex_fastlanes::bitpack_compress::test_harness::make_array`
2026-09-22T19:55:39.8792779Z   --> encodings/fastlanes/benches/canonicalize_bench.rs:17:5
2026-09-22T19:55:39.8793322Z    |
2026-09-22T19:55:39.8793769Z 17 | use vortex_fastlanes::bitpack_compress::test_harness::make_array;
2026-09-22T19:55:39.8794376Z    |     ^^^^^^^^^^^^^^^^^^^^^^^^^^^^^^^^^^^^^^^^^^^^^^^^^^^^^^^^^^^^
2026-09-22T19:55:39.8794731Z 
2026-09-22T19:55:39.8795078Z 
2026-09-22T19:55:39.8795318Z warning: constant `BENCH_ARGS` is never used
2026-09-22T19:55:39.8795866Z   --> encodings/fastlanes/benches/canonicalize_bench.rs:27:7
2026-09-22T19:55:39.8796376Z    |
2026-09-22T19:55:39.8796792Z 27 | const BENCH_ARGS: &[(usize, usize, f64)] = &[
2026-09-22T19:55:39.8797300Z    |       ^^^^^^^^^^
2026-09-22T19:55:39.8797678Z    |
2026-09-22T19:55:39.8798087Z    = note: `#[warn(dead_code)]` (part of `#[warn(unused)]`) on by default
2026-09-22T19:55:39.8798549Z 
2026-09-22T19:55:39.8798632Z 
2026-09-22T19:55:39.8798815Z warning: static `SESSION` is never used
2026-09-22T19:55:39.8799330Z   --> encodings/fastlanes/benches/canonicalize_bench.rs:41:8
2026-09-22T19:55:39.8799872Z    |
2026-09-22T19:55:39.8800780Z 41 | static SESSION: LazyLock<VortexSession> = LazyLock::new(|| {
2026-09-22T19:55:39.8801329Z    |        ^^^^^^^
2026-09-22T19:55:39.8801574Z 
2026-09-22T19:55:39.8801653Z 
2026-09-22T19:55:39.8801977Z warning: constant `NULLABLE_BENCH_ARGS` is never used
2026-09-22T19:55:39.8802533Z    --> encodings/fastlanes/benches/canonicalize_bench.rs:118:7
2026-09-22T19:55:39.8803109Z     |
2026-09-22T19:55:39.8803507Z 118 | const NULLABLE_BENCH_ARGS: &[(usize, usize, f64)] = &[
2026-09-22T19:55:39.8804194Z     |       ^^^^^^^^^^^^^^^^^^^
2026-09-22T19:55:39.8804480Z 
2026-09-22T19:55:39.8804568Z 
2026-09-22T19:55:45.6367262Z [1m[92m   Compiling[0m hegeltest v0.28.7
2026-09-22T19:56:34.6625590Z [1m[92m    Finished[0m `bench` profile [optimized + debuginfo] target(s) in 1m 01s
2026-09-22T19:56:34.7009450Z Built benchmark `canonicalize_bench` in package `vortex-fastlanes`
2026-09-22T19:56:34.7010225Z Built benchmark `cast_bitpacked` in package `vortex-fastlanes`
2026-09-22T19:56:34.7010709Z Built benchmark `bitpack_compare_sweep` in package `vortex-fastlanes`
2026-09-22T19:56:34.7011089Z Built benchmark `bitpacking_take` in package `vortex-fastlanes`
2026-09-22T19:56:34.7011485Z Built benchmark `bitpack_compare` in package `vortex-fastlanes`
2026-09-22T19:56:34.7011866Z Built benchmark `compute_between` in package `vortex-fastlanes`
2026-09-22T19:56:34.7012297Z Built benchmark `dbp_split` in package `vortex-decimal-byte-parts`
2026-09-22T19:56:34.7012830Z Built benchmark `dbp_assemble` in package `vortex-decimal-byte-parts`
2026-09-22T19:56:35.2779582Z Built 8 benchmark suite(s)
2026-09-22T19:56:35.2977156Z ##[group]Run CodSpeedHQ/action@4296e51e7041e24dadb86d1d6e8b9320d223dbe8
2026-09-22T19:56:35.2977491Z with:
2026-09-22T19:56:35.2977746Z   run: cargo codspeed run
2026-09-22T19:56:35.2978172Z   token: ***
2026-09-22T19:56:35.2978392Z   mode: simulation
2026-09-22T19:56:35.2978611Z   cache-instruments: false
2026-09-22T19:56:35.2978877Z   instruments-cache-dir: ~/.cache/codspeed-action
2026-09-22T19:56:35.2979198Z   allow-empty: false
2026-09-22T19:56:35.2979436Z   skip-hash-check-warning: false
2026-09-22T19:56:35.2979711Z env:
2026-09-22T19:56:35.2980078Z   CARGO_TERM_COLOR: always
2026-09-22T19:56:35.2980346Z   RUST_BACKTRACE: 1
2026-09-22T19:56:35.2980622Z   NIGHTLY_TOOLCHAIN: nightly-2026-09-10
2026-09-22T19:56:35.2980902Z   RUNNER_TOOL_CACHE: /opt/hostedtoolcache
2026-09-22T19:56:35.2981169Z   RUNS_ON_HOME: /runs-on
2026-09-22T19:56:35.2981431Z   RUNS_ON_VERSION: v3.3.0
2026-09-22T19:56:35.2981677Z   RUNS_ON_AGENT_BINARY: /runs-on/agent
2026-09-22T19:56:35.2982028Z   RUNS_ON_AGENT_ARCH: x64
2026-09-22T19:56:35.2982246Z   RUNS_ON_AGENT_USER: runner
2026-09-22T19:56:35.2982509Z   RUNS_ON_AMI_ID: ami-0d8875560af9e1401
2026-09-22T19:56:35.2982768Z   RUNS_ON_AWS_REGION: us-east-1
2026-09-22T19:56:35.2983030Z   RUNS_ON_AWS_AZ: us-east-1b
2026-09-22T19:56:35.2983316Z   RUNS_ON_ENV_CUSTOM_FILE: /runs-on/env.custom
2026-09-22T19:56:35.2983592Z   RUNS_ON_INSTANCE_ID: i-0314d5e05d01bfdfd
2026-09-22T19:56:35.2983879Z   RUNS_ON_INSTANCE_LIFECYCLE: spot
2026-09-22T19:56:35.2984142Z   RUNS_ON_INSTANCE_TYPE: c8in.4xlarge
2026-09-22T19:56:35.2984423Z   RUNS_ON_STACK_NAME: runs-on-v3
2026-09-22T19:56:35.2984749Z   RUNS_ON_S3_BUCKET_CACHE: runs-on-v3-s3bucketcache-dbnub4tpjhpv
2026-09-22T19:56:35.2985074Z   ACTIONS_RUNNER_HOOK_JOB_STARTED: /runs-on/pre.sh
2026-09-22T19:56:35.2985398Z   ACTIONS_RUNNER_HOOK_JOB_COMPLETED: /runs-on/post.sh
2026-09-22T19:56:35.2985702Z   GITHUB_SERVER_URL: https://github.com/
2026-09-22T19:56:35.2985995Z   GITHUB_API_URL: https://api.github.com/
2026-09-22T19:56:35.2986290Z   GITHUB_HOST: github.com
2026-09-22T19:56:35.2986565Z   RUNS_ON_RUNNER_NAME: runs-on--i-0314d5e05d01bfdfd--016b8bce-a
2026-09-22T19:56:35.2986923Z   RUNS_ON_INSTANCE_LAUNCHED_AT: 2026-09-22T19:54:46Z
2026-09-22T19:56:35.2987233Z   ACTIONS_CACHE_URL: http://10.1.18.232:6871/
2026-09-22T19:56:35.2987517Z   ACTIONS_CACHE_SERVICE_V2: on
2026-09-22T19:56:35.2987782Z   ACTIONS_RESULTS_URL: http://10.1.18.232:6871/
2026-09-22T19:56:35.2988109Z   RUNS_ON_S3_CACHE_REPO_PREFIX: cache/repo/vortex-data/vortex
2026-09-22T19:56:35.2988440Z   RUNS_ON_ACTION_COST_TRACKING_CLAIMED: true
2026-09-22T19:56:35.2988752Z   SCCACHE_BUCKET: runs-on-v3-s3bucketcache-dbnub4tpjhpv
2026-09-22T19:56:35.2989070Z   SCCACHE_REGION: us-east-1
2026-09-22T19:56:35.2989302Z   SCCACHE_GHA_ENABLED: false
2026-09-22T19:56:35.2989550Z   SCCACHE_S3_KEY_PREFIX: cache/sccache
2026-09-22T19:56:35.2989812Z   RUSTC_WRAPPER: sccache
2026-09-22T19:56:35.2990194Z   RUSTUP_TOOLCHAIN: 1.98.0
2026-09-22T19:56:35.2990614Z   SCCACHE_PATH: /opt/hostedtoolcache/sccache/0.18.0/x64/sccache
2026-09-22T19:56:35.3030086Z   ACTIONS_RUNTIME_TOKEN: ***
2026-09-22T19:56:35.3030406Z   CMAKE_C_COMPILER_LAUNCHER: sccache
2026-09-22T19:56:35.3030770Z   CMAKE_CXX_COMPILER_LAUNCHER: sccache
2026-09-22T19:56:35.3031120Z ##[endgroup]
2026-09-22T19:56:35.3038011Z ##[start-action display=Determine runner and kernel version;id=__CodSpeedHQ_action.versions]
2026-09-22T19:56:35.3053481Z ##[group]Run RUNNER_VERSION=""
2026-09-22T19:56:35.3053796Z [36;1mRUNNER_VERSION=""[0m
2026-09-22T19:56:35.3054045Z [36;1mif [ -z "$RUNNER_VERSION" ]; then[0m
2026-09-22T19:56:35.3054431Z [36;1m  RUNNER_VERSION=$(cat $GITHUB_ACTION_PATH/.codspeed-runner-version)[0m
2026-09-22T19:56:35.3054812Z [36;1mfi[0m
2026-09-22T19:56:35.3055081Z [36;1m# Strip 'v' prefix if present to normalize version format[0m
2026-09-22T19:56:35.3055451Z [36;1mRUNNER_VERSION="${RUNNER_VERSION#v}"[0m
2026-09-22T19:56:35.3055704Z [36;1m[0m
2026-09-22T19:56:35.3056157Z [36;1m# Detect version type (priority: latest > version number > branch/rev prefixes)[0m
2026-09-22T19:56:35.3056556Z [36;1mif [ "$RUNNER_VERSION" = "latest" ]; then[0m
2026-09-22T19:56:35.3056843Z [36;1m  VERSION_TYPE="latest"[0m
2026-09-22T19:56:35.3057210Z [36;1melif echo "$RUNNER_VERSION" | grep -qE '^[0-9]+\.[0-9]+\.[0-9]+-'; then[0m
2026-09-22T19:56:35.3057575Z [36;1m  VERSION_TYPE="prerelease"[0m
2026-09-22T19:56:35.3057953Z [36;1melif echo "$RUNNER_VERSION" | grep -qE '^[0-9]+\.[0-9]+\.[0-9]+'; then[0m
2026-09-22T19:56:35.3058295Z [36;1m  VERSION_TYPE="release"[0m
2026-09-22T19:56:35.3058600Z [36;1melif echo "$RUNNER_VERSION" | grep -q '^branch:'; then[0m
2026-09-22T19:56:35.3058947Z [36;1m  VERSION_TYPE="branch"[0m
2026-09-22T19:56:35.3059294Z [36;1m  RUNNER_VERSION=$(echo "$RUNNER_VERSION" | sed 's/^branch://')[0m
2026-09-22T19:56:35.3059707Z [36;1melif echo "$RUNNER_VERSION" | grep -q '^rev:'; then[0m
2026-09-22T19:56:35.3060193Z [36;1m  VERSION_TYPE="rev"[0m
2026-09-22T19:56:35.3060541Z [36;1m  RUNNER_VERSION=$(echo "$RUNNER_VERSION" | sed 's/^rev://')[0m
2026-09-22T19:56:35.3060885Z [36;1melse[0m
2026-09-22T19:56:35.3061097Z [36;1m  # Default to release version[0m
2026-09-22T19:56:35.3061406Z [36;1m  VERSION_TYPE="release"[0m
2026-09-22T19:56:35.3061645Z [36;1mfi[0m
2026-09-22T19:56:35.3061843Z [36;1m[0m
2026-09-22T19:56:35.3062110Z [36;1mecho "runner-version=$RUNNER_VERSION" >> $GITHUB_OUTPUT[0m
2026-09-22T19:56:35.3062495Z [36;1mecho "version-type=$VERSION_TYPE" >> $GITHUB_OUTPUT[0m
2026-09-22T19:56:35.3062825Z [36;1m[0m
2026-09-22T19:56:35.3063043Z [36;1m# Get kernel version for cache key[0m
2026-09-22T19:56:35.3063321Z [36;1mKERNEL_VERSION=$(uname -r)[0m
2026-09-22T19:56:35.3063641Z [36;1mecho "kernel-version=$KERNEL_VERSION" >> $GITHUB_OUTPUT[0m
2026-09-22T19:56:35.3063947Z [36;1m[0m
2026-09-22T19:56:35.3064282Z [36;1m# Normalize mode for cache key (commas are not allowed in cache keys)[0m
2026-09-22T19:56:35.3064666Z [36;1mMODE_CACHE_KEY=$(echo "simulation" | tr ',' '-')[0m
2026-09-22T19:56:35.3065014Z [36;1mecho "mode-cache-key=$MODE_CACHE_KEY" >> $GITHUB_OUTPUT[0m
2026-09-22T19:56:35.3085828Z shell: /usr/bin/bash --noprofile --norc -e -o pipefail {0}
2026-09-22T19:56:35.3086231Z env:
2026-09-22T19:56:35.3086438Z   CARGO_TERM_COLOR: always
2026-09-22T19:56:35.3086675Z   RUST_BACKTRACE: 1
2026-09-22T19:56:35.3086907Z   NIGHTLY_TOOLCHAIN: nightly-2026-09-10
2026-09-22T19:56:35.3087180Z   RUNNER_TOOL_CACHE: /opt/hostedtoolcache
2026-09-22T19:56:35.3087459Z   RUNS_ON_HOME: /runs-on
2026-09-22T19:56:35.3087710Z   RUNS_ON_VERSION: v3.3.0
2026-09-22T19:56:35.3087954Z   RUNS_ON_AGENT_BINARY: /runs-on/agent
2026-09-22T19:56:35.3088202Z   RUNS_ON_AGENT_ARCH: x64
2026-09-22T19:56:35.3088433Z   RUNS_ON_AGENT_USER: runner
2026-09-22T19:56:35.3088689Z   RUNS_ON_AMI_ID: ami-0d8875560af9e1401
2026-09-22T19:56:35.3088936Z   RUNS_ON_AWS_REGION: us-east-1
2026-09-22T19:56:35.3089307Z   RUNS_ON_AWS_AZ: us-east-1b
2026-09-22T19:56:35.3089655Z   RUNS_ON_ENV_CUSTOM_FILE: /runs-on/env.custom
2026-09-22T19:56:35.3090081Z   RUNS_ON_INSTANCE_ID: i-0314d5e05d01bfdfd
2026-09-22T19:56:35.3090384Z   RUNS_ON_INSTANCE_LIFECYCLE: spot
2026-09-22T19:56:35.3090640Z   RUNS_ON_INSTANCE_TYPE: c8in.4xlarge
2026-09-22T19:56:35.3090936Z   RUNS_ON_STACK_NAME: runs-on-v3
2026-09-22T19:56:35.3091250Z   RUNS_ON_S3_BUCKET_CACHE: runs-on-v3-s3bucketcache-dbnub4tpjhpv
2026-09-22T19:56:35.3091585Z   ACTIONS_RUNNER_HOOK_JOB_STARTED: /runs-on/pre.sh
2026-09-22T19:56:35.3091921Z   ACTIONS_RUNNER_HOOK_JOB_COMPLETED: /runs-on/post.sh
2026-09-22T19:56:35.3092228Z   GITHUB_SERVER_URL: https://github.com/
2026-09-22T19:56:35.3092539Z   GITHUB_API_URL: https://api.github.com/
2026-09-22T19:56:35.3092828Z   GITHUB_HOST: github.com
2026-09-22T19:56:35.3093100Z   RUNS_ON_RUNNER_NAME: runs-on--i-0314d5e05d01bfdfd--016b8bce-a
2026-09-22T19:56:35.3093445Z   RUNS_ON_INSTANCE_LAUNCHED_AT: 2026-09-22T19:54:46Z
2026-09-22T19:56:35.3093732Z   ACTIONS_CACHE_URL: http://10.1.18.232:6871/
2026-09-22T19:56:35.3094000Z   ACTIONS_CACHE_SERVICE_V2: on
2026-09-22T19:56:35.3094365Z   ACTIONS_RESULTS_URL: http://10.1.18.232:6871/
2026-09-22T19:56:35.3094672Z   RUNS_ON_S3_CACHE_REPO_PREFIX: cache/repo/vortex-data/vortex
2026-09-22T19:56:35.3094998Z   RUNS_ON_ACTION_COST_TRACKING_CLAIMED: true
2026-09-22T19:56:35.3095303Z   SCCACHE_BUCKET: runs-on-v3-s3bucketcache-dbnub4tpjhpv
2026-09-22T19:56:35.3095596Z   SCCACHE_REGION: us-east-1
2026-09-22T19:56:35.3095881Z   SCCACHE_GHA_ENABLED: false
2026-09-22T19:56:35.3096108Z   SCCACHE_S3_KEY_PREFIX: cache/sccache
2026-09-22T19:56:35.3096378Z   RUSTC_WRAPPER: sccache
2026-09-22T19:56:35.3096604Z   RUSTUP_TOOLCHAIN: 1.98.0
2026-09-22T19:56:35.3096885Z   SCCACHE_PATH: /opt/hostedtoolcache/sccache/0.18.0/x64/sccache
2026-09-22T19:56:35.3136713Z   ACTIONS_RUNTIME_TOKEN: ***
2026-09-22T19:56:35.3136958Z   CMAKE_C_COMPILER_LAUNCHER: sccache
2026-09-22T19:56:35.3137271Z   CMAKE_CXX_COMPILER_LAUNCHER: sccache
2026-09-22T19:56:35.3137516Z ##[endgroup]
2026-09-22T19:56:35.3241393Z ##[end-action id=__CodSpeedHQ_action.versions;outcome=success;conclusion=success;duration_ms=20]
2026-09-22T19:56:35.3243480Z ##[start-action display=Cache CodSpeed instruments;id=__CodSpeedHQ_action.__actions_cache]
2026-09-22T19:56:35.3246807Z ##[end-action id=__CodSpeedHQ_action.__actions_cache;outcome=skipped;conclusion=skipped;duration_ms=0]
2026-09-22T19:56:35.3248776Z ##[start-action display=Lookup installer hash;id=__CodSpeedHQ_action.installer-hash]
2026-09-22T19:56:35.3357958Z ##[group]Run actions/github-script@ed597411d8f924073f98dfc5c65a23a2325f34cd
2026-09-22T19:56:35.3358241Z with:
2026-09-22T19:56:35.3358763Z   script: const hashes = require(`${process.env.GITHUB_ACTION_PATH}/.codspeed-runner-installer-hashes.json`)
const version = process.env.RUNNER_VERSION
core.setOutput('hash', hashes[version] || '')

2026-09-22T19:56:35.3361014Z   github-token: ***
2026-09-22T19:56:35.3361180Z   debug: false
2026-09-22T19:56:35.3361353Z   user-agent: actions/github-script
2026-09-22T19:56:35.3361571Z   result-encoding: json
2026-09-22T19:56:35.3361736Z   retries: 0
2026-09-22T19:56:35.3361917Z   retry-exempt-status-codes: 400,401,403,404,422
2026-09-22T19:56:35.3362132Z env:
2026-09-22T19:56:35.3362279Z   CARGO_TERM_COLOR: always
2026-09-22T19:56:35.3362459Z   RUST_BACKTRACE: 1
2026-09-22T19:56:35.3362629Z   NIGHTLY_TOOLCHAIN: nightly-2026-09-10
2026-09-22T19:56:35.3362846Z   RUNNER_TOOL_CACHE: /opt/hostedtoolcache
2026-09-22T19:56:35.3363051Z   RUNS_ON_HOME: /runs-on
2026-09-22T19:56:35.3363223Z   RUNS_ON_VERSION: v3.3.0
2026-09-22T19:56:35.3363403Z   RUNS_ON_AGENT_BINARY: /runs-on/agent
2026-09-22T19:56:35.3363601Z   RUNS_ON_AGENT_ARCH: x64
2026-09-22T19:56:35.3363768Z   RUNS_ON_AGENT_USER: runner
2026-09-22T19:56:35.3363947Z   RUNS_ON_AMI_ID: ami-0d8875560af9e1401
2026-09-22T19:56:35.3364144Z   RUNS_ON_AWS_REGION: us-east-1
2026-09-22T19:56:35.3364324Z   RUNS_ON_AWS_AZ: us-east-1b
2026-09-22T19:56:35.3364517Z   RUNS_ON_ENV_CUSTOM_FILE: /runs-on/env.custom
2026-09-22T19:56:35.3364747Z   RUNS_ON_INSTANCE_ID: i-0314d5e05d01bfdfd
2026-09-22T19:56:35.3365060Z   RUNS_ON_INSTANCE_LIFECYCLE: spot
2026-09-22T19:56:35.3365264Z   RUNS_ON_INSTANCE_TYPE: c8in.4xlarge
2026-09-22T19:56:35.3365468Z   RUNS_ON_STACK_NAME: runs-on-v3
2026-09-22T19:56:35.3365708Z   RUNS_ON_S3_BUCKET_CACHE: runs-on-v3-s3bucketcache-dbnub4tpjhpv
2026-09-22T19:56:35.3365997Z   ACTIONS_RUNNER_HOOK_JOB_STARTED: /runs-on/pre.sh
2026-09-22T19:56:35.3366261Z   ACTIONS_RUNNER_HOOK_JOB_COMPLETED: /runs-on/post.sh
2026-09-22T19:56:35.3366507Z   GITHUB_SERVER_URL: https://github.com/
2026-09-22T19:56:35.3366727Z   GITHUB_API_URL: https://api.github.com/
2026-09-22T19:56:35.3366931Z   GITHUB_HOST: github.com
2026-09-22T19:56:35.3367156Z   RUNS_ON_RUNNER_NAME: runs-on--i-0314d5e05d01bfdfd--016b8bce-a
2026-09-22T19:56:35.3367433Z   RUNS_ON_INSTANCE_LAUNCHED_AT: 2026-09-22T19:54:46Z
2026-09-22T19:56:35.3367678Z   ACTIONS_CACHE_URL: http://10.1.18.232:6871/
2026-09-22T19:56:35.3367891Z   ACTIONS_CACHE_SERVICE_V2: on
2026-09-22T19:56:35.3368095Z   ACTIONS_RESULTS_URL: http://10.1.18.232:6871/
2026-09-22T19:56:35.3368406Z   RUNS_ON_S3_CACHE_REPO_PREFIX: cache/repo/vortex-data/vortex
2026-09-22T19:56:35.3368659Z   RUNS_ON_ACTION_COST_TRACKING_CLAIMED: true
2026-09-22T19:56:35.3368908Z   SCCACHE_BUCKET: runs-on-v3-s3bucketcache-dbnub4tpjhpv
2026-09-22T19:56:35.3369285Z   SCCACHE_REGION: us-east-1
2026-09-22T19:56:35.3369471Z   SCCACHE_GHA_ENABLED: false
2026-09-22T19:56:35.3369661Z   SCCACHE_S3_KEY_PREFIX: cache/sccache
2026-09-22T19:56:35.3369862Z   RUSTC_WRAPPER: sccache
2026-09-22T19:56:35.3370185Z   RUSTUP_TOOLCHAIN: 1.98.0
2026-09-22T19:56:35.3370426Z   SCCACHE_PATH: /opt/hostedtoolcache/sccache/0.18.0/x64/sccache
2026-09-22T19:56:35.3410564Z   ACTIONS_RUNTIME_TOKEN: ***
2026-09-22T19:56:35.3410794Z   CMAKE_C_COMPILER_LAUNCHER: sccache
2026-09-22T19:56:35.3411040Z   CMAKE_CXX_COMPILER_LAUNCHER: sccache
2026-09-22T19:56:35.3411265Z   RUNNER_VERSION: 5.0.2
2026-09-22T19:56:35.3411436Z ##[endgroup]
2026-09-22T19:56:35.3994977Z ##[end-action id=__CodSpeedHQ_action.installer-hash;outcome=success;conclusion=success;duration_ms=74]
2026-09-22T19:56:35.3996640Z ##[start-action display=Install CodSpeed runner;id=__CodSpeedHQ_action.__run]
2026-09-22T19:56:35.4007807Z ##[group]Run RUNNER_VERSION="5.0.2"
2026-09-22T19:56:35.4008066Z [36;1mRUNNER_VERSION="5.0.2"[0m
2026-09-22T19:56:35.4008256Z [36;1mVERSION_TYPE="release"[0m
2026-09-22T19:56:35.4008422Z [36;1m[0m
2026-09-22T19:56:35.4008575Z [36;1mSKIP_HASH_CHECK_WARNING="false"[0m
2026-09-22T19:56:35.4008763Z [36;1m[0m
2026-09-22T19:56:35.4008920Z [36;1mif [ "$VERSION_TYPE" = "latest" ]; then[0m
2026-09-22T19:56:35.4009308Z [36;1m  if [ "$SKIP_HASH_CHECK_WARNING" != "true" ]; then[0m
2026-09-22T19:56:35.4009827Z [36;1m    echo "::warning::Hash verification is not available when using 'latest' version. Consider pinning a specific version for supply chain security."[0m
2026-09-22T19:56:35.4010448Z [36;1m  fi[0m
2026-09-22T19:56:35.4010691Z [36;1m  curl -fsSL https://codspeed.io/install.sh | bash -s -- --quiet[0m
2026-09-22T19:56:35.4011023Z [36;1melif [ "$VERSION_TYPE" = "prerelease" ]; then[0m
2026-09-22T19:56:35.4011393Z [36;1m  # Prereleases are not pinned, so install from the versioned installer without hash verification.[0m
2026-09-22T19:56:35.4011774Z [36;1m  if [ "$SKIP_HASH_CHECK_WARNING" != "true" ]; then[0m
2026-09-22T19:56:35.4012134Z [36;1m    echo "::warning::Hash verification is not available for prerelease version $RUNNER_VERSION."[0m
2026-09-22T19:56:35.4012456Z [36;1m  fi[0m
2026-09-22T19:56:35.4012722Z [36;1m  curl -fsSL "https://codspeed.io/v$RUNNER_VERSION/install.sh" | bash -s -- --quiet[0m
2026-09-22T19:56:35.4013056Z [36;1melif [ "$VERSION_TYPE" = "branch" ]; then[0m
2026-09-22T19:56:35.4013300Z [36;1m  # Install from specific branch using cargo[0m
2026-09-22T19:56:35.4013551Z [36;1m  if [ "$SKIP_HASH_CHECK_WARNING" != "true" ]; then[0m
2026-09-22T19:56:35.4013883Z [36;1m    echo "::warning::Hash verification is not available when installing from a branch."[0m
2026-09-22T19:56:35.4014299Z [36;1m  fi[0m
2026-09-22T19:56:35.4014461Z [36;1m  source $HOME/.cargo/env[0m
2026-09-22T19:56:35.4014863Z [36;1m  cargo install --locked --git https://github.com/CodSpeedHQ/codspeed --branch "$RUNNER_VERSION" codspeed-runner[0m
2026-09-22T19:56:35.4015271Z [36;1melif [ "$VERSION_TYPE" = "rev" ]; then[0m
2026-09-22T19:56:35.4015525Z [36;1m  # Install from specific commit/rev using cargo[0m
2026-09-22T19:56:35.4015778Z [36;1m  if [ "$SKIP_HASH_CHECK_WARNING" != "true" ]; then[0m
2026-09-22T19:56:35.4016122Z [36;1m    echo "::warning::Hash verification is not available when installing from a revision."[0m
2026-09-22T19:56:35.4016438Z [36;1m  fi[0m
2026-09-22T19:56:35.4016593Z [36;1m  source $HOME/.cargo/env[0m
2026-09-22T19:56:35.4016968Z [36;1m  cargo install --locked --git https://github.com/CodSpeedHQ/codspeed --rev "$RUNNER_VERSION" codspeed-runner[0m
2026-09-22T19:56:35.4017342Z [36;1melse[0m
2026-09-22T19:56:35.4017554Z [36;1m  # Release version - download to temp file and verify hash[0m
2026-09-22T19:56:35.4017950Z [36;1m  INSTALLER_URL="https://codspeed.io/v$RUNNER_VERSION/install.sh"[0m
2026-09-22T19:56:35.4018233Z [36;1m  INSTALLER_TMP=$(mktemp)[0m
2026-09-22T19:56:35.4018438Z [36;1m  trap "rm -f $INSTALLER_TMP" EXIT[0m
2026-09-22T19:56:35.4018638Z [36;1m[0m
2026-09-22T19:56:35.4018783Z [36;1m  CURL_ERR=$(mktemp)[0m
2026-09-22T19:56:35.4019098Z [36;1m  if ! HTTP_CODE=$(curl -sSL -o "$INSTALLER_TMP" -w "%{http_code}" "$INSTALLER_URL" 2>"$CURL_ERR"); then[0m
2026-09-22T19:56:35.4019697Z [36;1m    echo "::error title=Failed to install CodSpeed CLI::Installation of CodSpeed CLI with version $RUNNER_VERSION failed.%0AReason: $(cat "$CURL_ERR")"[0m
2026-09-22T19:56:35.4020324Z [36;1m    exit 1[0m
2026-09-22T19:56:35.4020481Z [36;1m  fi[0m
2026-09-22T19:56:35.4020649Z [36;1m  if [ "$HTTP_CODE" -ge 400 ]; then[0m
2026-09-22T19:56:35.4020883Z [36;1m    error_body=$(cat "$INSTALLER_TMP")[0m
2026-09-22T19:56:35.4021477Z [36;1m    echo "::error title=Failed to install CodSpeed CLI::Installation of CodSpeed CLI with version $RUNNER_VERSION failed.%0AReason: HTTP $HTTP_CODE - ${error_body:-no response body}"[0m
2026-09-22T19:56:35.4021991Z [36;1m    exit 1[0m
2026-09-22T19:56:35.4022142Z [36;1m  fi[0m
2026-09-22T19:56:35.4022280Z [36;1m[0m
2026-09-22T19:56:35.4022548Z [36;1m  EXPECTED_HASH="4ea0e3b0425e01498ff1b70fba78228eedb4dd58efb6093360776fc6e4eae1a9"[0m
2026-09-22T19:56:35.4022890Z [36;1m  if [ -z "$EXPECTED_HASH" ]; then[0m
2026-09-22T19:56:35.4023304Z [36;1m    echo "::error::No pinned hash found for installer version $RUNNER_VERSION. Update .codspeed-runner-installer-hashes.json."[0m
2026-09-22T19:56:35.4023707Z [36;1m    exit 1[0m
2026-09-22T19:56:35.4023856Z [36;1m  fi[0m
2026-09-22T19:56:35.4023994Z [36;1m[0m
2026-09-22T19:56:35.4024211Z [36;1m  ACTUAL_HASH=$(sha256sum "$INSTALLER_TMP" | awk '{print $1}')[0m
2026-09-22T19:56:35.4024509Z [36;1m  if [ "$ACTUAL_HASH" != "$EXPECTED_HASH" ]; then[0m
2026-09-22T19:56:35.4024910Z [36;1m    echo "::error::Installer hash mismatch for version $RUNNER_VERSION. Expected: $EXPECTED_HASH, Got: $ACTUAL_HASH"[0m
2026-09-22T19:56:35.4025274Z [36;1m    exit 1[0m
2026-09-22T19:56:35.4025423Z [36;1m  fi[0m
2026-09-22T19:56:35.4025628Z [36;1m  echo "Installer hash verified for version $RUNNER_VERSION"[0m
2026-09-22T19:56:35.4025875Z [36;1m[0m
2026-09-22T19:56:35.4026028Z [36;1m  bash "$INSTALLER_TMP" --quiet[0m
2026-09-22T19:56:35.4026214Z [36;1mfi[0m
2026-09-22T19:56:35.4045611Z shell: /usr/bin/bash --noprofile --norc -e -o pipefail {0}
2026-09-22T19:56:35.4045845Z env:
2026-09-22T19:56:35.4045997Z   CARGO_TERM_COLOR: always
2026-09-22T19:56:35.4046170Z   RUST_BACKTRACE: 1
2026-09-22T19:56:35.4046339Z   NIGHTLY_TOOLCHAIN: nightly-2026-09-10
2026-09-22T19:56:35.4046555Z   RUNNER_TOOL_CACHE: /opt/hostedtoolcache
2026-09-22T19:56:35.4046757Z   RUNS_ON_HOME: /runs-on
2026-09-22T19:56:35.4046925Z   RUNS_ON_VERSION: v3.3.0
2026-09-22T19:56:35.4047104Z   RUNS_ON_AGENT_BINARY: /runs-on/agent
2026-09-22T19:56:35.4047386Z   RUNS_ON_AGENT_ARCH: x64
2026-09-22T19:56:35.4047566Z   RUNS_ON_AGENT_USER: runner
2026-09-22T19:56:35.4047749Z   RUNS_ON_AMI_ID: ami-0d8875560af9e1401
2026-09-22T19:56:35.4047957Z   RUNS_ON_AWS_REGION: us-east-1
2026-09-22T19:56:35.4048142Z   RUNS_ON_AWS_AZ: us-east-1b
2026-09-22T19:56:35.4048339Z   RUNS_ON_ENV_CUSTOM_FILE: /runs-on/env.custom
2026-09-22T19:56:35.4048568Z   RUNS_ON_INSTANCE_ID: i-0314d5e05d01bfdfd
2026-09-22T19:56:35.4048776Z   RUNS_ON_INSTANCE_LIFECYCLE: spot
2026-09-22T19:56:35.4048976Z   RUNS_ON_INSTANCE_TYPE: c8in.4xlarge
2026-09-22T19:56:35.4049261Z   RUNS_ON_STACK_NAME: runs-on-v3
2026-09-22T19:56:35.4049514Z   RUNS_ON_S3_BUCKET_CACHE: runs-on-v3-s3bucketcache-dbnub4tpjhpv
2026-09-22T19:56:35.4049808Z   ACTIONS_RUNNER_HOOK_JOB_STARTED: /runs-on/pre.sh
2026-09-22T19:56:35.4050221Z   ACTIONS_RUNNER_HOOK_JOB_COMPLETED: /runs-on/post.sh
2026-09-22T19:56:35.4050465Z   GITHUB_SERVER_URL: https://github.com/
2026-09-22T19:56:35.4050691Z   GITHUB_API_URL: https://api.github.com/
2026-09-22T19:56:35.4050902Z   GITHUB_HOST: github.com
2026-09-22T19:56:35.4051189Z   RUNS_ON_RUNNER_NAME: runs-on--i-0314d5e05d01bfdfd--016b8bce-a
2026-09-22T19:56:35.4051481Z   RUNS_ON_INSTANCE_LAUNCHED_AT: 2026-09-22T19:54:46Z
2026-09-22T19:56:35.4051738Z   ACTIONS_CACHE_URL: http://10.1.18.232:6871/
2026-09-22T19:56:35.4051956Z   ACTIONS_CACHE_SERVICE_V2: on
2026-09-22T19:56:35.4052167Z   ACTIONS_RESULTS_URL: http://10.1.18.232:6871/
2026-09-22T19:56:35.4052437Z   RUNS_ON_S3_CACHE_REPO_PREFIX: cache/repo/vortex-data/vortex
2026-09-22T19:56:35.4052700Z   RUNS_ON_ACTION_COST_TRACKING_CLAIMED: true
2026-09-22T19:56:35.4052960Z   SCCACHE_BUCKET: runs-on-v3-s3bucketcache-dbnub4tpjhpv
2026-09-22T19:56:35.4053196Z   SCCACHE_REGION: us-east-1
2026-09-22T19:56:35.4053381Z   SCCACHE_GHA_ENABLED: false
2026-09-22T19:56:35.4053577Z   SCCACHE_S3_KEY_PREFIX: cache/sccache
2026-09-22T19:56:35.4053777Z   RUSTC_WRAPPER: sccache
2026-09-22T19:56:35.4053954Z   RUSTUP_TOOLCHAIN: 1.98.0
2026-09-22T19:56:35.4054192Z   SCCACHE_PATH: /opt/hostedtoolcache/sccache/0.18.0/x64/sccache
2026-09-22T19:56:35.4094168Z   ACTIONS_RUNTIME_TOKEN: ***
2026-09-22T19:56:35.4094377Z   CMAKE_C_COMPILER_LAUNCHER: sccache
2026-09-22T19:56:35.4094578Z   CMAKE_CXX_COMPILER_LAUNCHER: sccache
2026-09-22T19:56:35.4094768Z ##[endgroup]
2026-09-22T19:56:35.6708087Z Installer hash verified for version 5.0.2
2026-09-22T19:56:36.0791154Z ##[end-action id=__CodSpeedHQ_action.__run;outcome=success;conclusion=success;duration_ms=679]
2026-09-22T19:56:36.0814586Z ##[start-action display=Run the benchmarks;id=__CodSpeedHQ_action.__run_2]
2026-09-22T19:56:36.0826699Z ##[group]Run # Validate required inputs
2026-09-22T19:56:36.0826962Z [36;1m# Validate required inputs[0m
2026-09-22T19:56:36.0827198Z [36;1m# (custom message for smoother v4 migration)[0m
2026-09-22T19:56:36.0827436Z [36;1mif [ -z "simulation" ]; then[0m
2026-09-22T19:56:36.0828411Z [36;1m  echo "::error title=Missing required input 'mode'::The 'mode' input is required as of CodSpeed Action v4. Please explicitly set 'mode' to 'simulation' or 'walltime'. Before, this variable was automatically set to instrumentation on every runner except for CodSpeed macro runners where it was set to walltime by default. See https://codspeed.io/docs/instruments for details."[0m
2026-09-22T19:56:36.0829372Z [36;1m  exit 1[0m
2026-09-22T19:56:36.0829520Z [36;1mfi[0m
2026-09-22T19:56:36.0829659Z [36;1m[0m
2026-09-22T19:56:36.0829822Z [36;1m# Build the runner arguments array[0m
2026-09-22T19:56:36.0830219Z [36;1mRUNNER_ARGS=()[0m
2026-09-22T19:56:36.0830542Z [36;1mif [ -n "***" ]; then[0m
2026-09-22T19:56:36.0830806Z [36;1m  RUNNER_ARGS+=(--token "***")[0m
2026-09-22T19:56:36.0831004Z [36;1mfi[0m
2026-09-22T19:56:36.0831154Z [36;1mif [ -n "" ]; then[0m
2026-09-22T19:56:36.0831354Z [36;1m  RUNNER_ARGS+=(--working-directory="")[0m
2026-09-22T19:56:36.0831564Z [36;1mfi[0m
2026-09-22T19:56:36.0831717Z [36;1mif [ -n "" ]; then[0m
2026-09-22T19:56:36.0831902Z [36;1m  RUNNER_ARGS+=(--upload-url="")[0m
2026-09-22T19:56:36.0832196Z [36;1mfi[0m
2026-09-22T19:56:36.0832357Z [36;1mif [ -n "simulation" ]; then[0m
2026-09-22T19:56:36.0832575Z [36;1m  RUNNER_ARGS+=(--mode="simulation")[0m
2026-09-22T19:56:36.0832776Z [36;1mfi[0m
2026-09-22T19:56:36.0832927Z [36;1mif [ -n "" ]; then[0m
2026-09-22T19:56:36.0833116Z [36;1m  RUNNER_ARGS+=(--instruments="")[0m
2026-09-22T19:56:36.0833310Z [36;1mfi[0m
2026-09-22T19:56:36.0833451Z [36;1mif [ -n "" ]; then[0m
2026-09-22T19:56:36.0833648Z [36;1m  RUNNER_ARGS+=(--mongo-uri-env-name="")[0m
2026-09-22T19:56:36.0833860Z [36;1mfi[0m
2026-09-22T19:56:36.0834070Z [36;1mif [ "false" = "true" ] && [ -n "~/.cache/codspeed-action" ]; then[0m
2026-09-22T19:56:36.0834404Z [36;1m  RUNNER_ARGS+=(--setup-cache-dir="~/.cache/codspeed-action")[0m
2026-09-22T19:56:36.0834662Z [36;1mfi[0m
2026-09-22T19:56:36.0834814Z [36;1mif [ "false" = "true" ]; then[0m
2026-09-22T19:56:36.0835023Z [36;1m  RUNNER_ARGS+=(--allow-empty)[0m
2026-09-22T19:56:36.0835218Z [36;1mfi[0m
2026-09-22T19:56:36.0835443Z [36;1mif [ -n "" ]; then[0m
2026-09-22T19:56:36.0835641Z [36;1m  RUNNER_ARGS+=(--go-runner-version="")[0m
2026-09-22T19:56:36.0835849Z [36;1mfi[0m
2026-09-22T19:56:36.0835993Z [36;1mif [ -n "" ]; then[0m
2026-09-22T19:56:36.0836173Z [36;1m  RUNNER_ARGS+=(--config="")[0m
2026-09-22T19:56:36.0836358Z [36;1mfi[0m
2026-09-22T19:56:36.0836501Z [36;1mif [ -n "" ]; then[0m
2026-09-22T19:56:36.0836704Z [36;1m  RUNNER_ARGS+=(--cycle-estimation="")[0m
2026-09-22T19:56:36.0836909Z [36;1mfi[0m
2026-09-22T19:56:36.0837053Z [36;1mif [ -n "" ]; then[0m
2026-09-22T19:56:36.0837257Z [36;1m  RUNNER_ARGS+=(--exclude-allocations="")[0m
2026-09-22T19:56:36.0837470Z [36;1mfi[0m
2026-09-22T19:56:36.0837610Z [36;1m[0m
2026-09-22T19:56:36.0837774Z [36;1mif [ -n "$CODSPEED_INPUT_RUN" ]; then[0m
2026-09-22T19:56:36.0838006Z [36;1m  RUNNER_ARGS+=(-- "$CODSPEED_INPUT_RUN")[0m
2026-09-22T19:56:36.0838211Z [36;1mfi[0m
2026-09-22T19:56:36.0838340Z [36;1m[0m
2026-09-22T19:56:36.0838477Z [36;1m# Run the benchmarks[0m
2026-09-22T19:56:36.0838668Z [36;1mcodspeed run "${RUNNER_ARGS[@]}"[0m
2026-09-22T19:56:36.0860762Z shell: /usr/bin/bash --noprofile --norc -e -o pipefail {0}
2026-09-22T19:56:36.0861011Z env:
2026-09-22T19:56:36.0861174Z   CARGO_TERM_COLOR: always
2026-09-22T19:56:36.0861353Z   RUST_BACKTRACE: 1
2026-09-22T19:56:36.0861532Z   NIGHTLY_TOOLCHAIN: nightly-2026-09-10
2026-09-22T19:56:36.0861759Z   RUNNER_TOOL_CACHE: /opt/hostedtoolcache
2026-09-22T19:56:36.0861972Z   RUNS_ON_HOME: /runs-on
2026-09-22T19:56:36.0862146Z   RUNS_ON_VERSION: v3.3.0
2026-09-22T19:56:36.0862332Z   RUNS_ON_AGENT_BINARY: /runs-on/agent
2026-09-22T19:56:36.0862527Z   RUNS_ON_AGENT_ARCH: x64
2026-09-22T19:56:36.0862694Z   RUNS_ON_AGENT_USER: runner
2026-09-22T19:56:36.0862878Z   RUNS_ON_AMI_ID: ami-0d8875560af9e1401
2026-09-22T19:56:36.0863087Z   RUNS_ON_AWS_REGION: us-east-1
2026-09-22T19:56:36.0863272Z   RUNS_ON_AWS_AZ: us-east-1b
2026-09-22T19:56:36.0863469Z   RUNS_ON_ENV_CUSTOM_FILE: /runs-on/env.custom
2026-09-22T19:56:36.0863715Z   RUNS_ON_INSTANCE_ID: i-0314d5e05d01bfdfd
2026-09-22T19:56:36.0863927Z   RUNS_ON_INSTANCE_LIFECYCLE: spot
2026-09-22T19:56:36.0864131Z   RUNS_ON_INSTANCE_TYPE: c8in.4xlarge
2026-09-22T19:56:36.0864337Z   RUNS_ON_STACK_NAME: runs-on-v3
2026-09-22T19:56:36.0864580Z   RUNS_ON_S3_BUCKET_CACHE: runs-on-v3-s3bucketcache-dbnub4tpjhpv
2026-09-22T19:56:36.0864867Z   ACTIONS_RUNNER_HOOK_JOB_STARTED: /runs-on/pre.sh
2026-09-22T19:56:36.0865122Z   ACTIONS_RUNNER_HOOK_JOB_COMPLETED: /runs-on/post.sh
2026-09-22T19:56:36.0865376Z   GITHUB_SERVER_URL: https://github.com/
2026-09-22T19:56:36.0865597Z   GITHUB_API_URL: https://api.github.com/
2026-09-22T19:56:36.0865812Z   GITHUB_HOST: github.com
2026-09-22T19:56:36.0866040Z   RUNS_ON_RUNNER_NAME: runs-on--i-0314d5e05d01bfdfd--016b8bce-a
2026-09-22T19:56:36.0866321Z   RUNS_ON_INSTANCE_LAUNCHED_AT: 2026-09-22T19:54:46Z
2026-09-22T19:56:36.0866560Z   ACTIONS_CACHE_URL: http://10.1.18.232:6871/
2026-09-22T19:56:36.0866874Z   ACTIONS_CACHE_SERVICE_V2: on
2026-09-22T19:56:36.0867095Z   ACTIONS_RESULTS_URL: http://10.1.18.232:6871/
2026-09-22T19:56:36.0867370Z   RUNS_ON_S3_CACHE_REPO_PREFIX: cache/repo/vortex-data/vortex
2026-09-22T19:56:36.0867636Z   RUNS_ON_ACTION_COST_TRACKING_CLAIMED: true
2026-09-22T19:56:36.0867893Z   SCCACHE_BUCKET: runs-on-v3-s3bucketcache-dbnub4tpjhpv
2026-09-22T19:56:36.0868140Z   SCCACHE_REGION: us-east-1
2026-09-22T19:56:36.0868321Z   SCCACHE_GHA_ENABLED: false
2026-09-22T19:56:36.0868516Z   SCCACHE_S3_KEY_PREFIX: cache/sccache
2026-09-22T19:56:36.0868715Z   RUSTC_WRAPPER: sccache
2026-09-22T19:56:36.0868889Z   RUSTUP_TOOLCHAIN: 1.98.0
2026-09-22T19:56:36.0869114Z   SCCACHE_PATH: /opt/hostedtoolcache/sccache/0.18.0/x64/sccache
2026-09-22T19:56:36.0908820Z   ACTIONS_RUNTIME_TOKEN: ***
2026-09-22T19:56:36.0909023Z   CMAKE_C_COMPILER_LAUNCHER: sccache
2026-09-22T19:56:36.0909231Z   CMAKE_CXX_COMPILER_LAUNCHER: sccache
2026-09-22T19:56:36.0909811Z   GH_MATRIX: {
  "shard": 7,
  "name": "FastLanes & decimals",
  "packages": "vortex-decimal-byte-parts vortex-fastlanes",
  "features": "--features _test-harness"
}
2026-09-22T19:56:36.0910550Z   GH_STRATEGY: {
  "fail-fast": true,
  "job-index": 6,
  "job-total": 9,
  "max-parallel": 9
}
2026-09-22T19:56:36.0910888Z   CODSPEED_INPUT_RUN: cargo codspeed run
2026-09-22T19:56:36.0911094Z ##[endgroup]
2026-09-22T19:56:36.1095378Z 
2026-09-22T19:56:36.1095717Z    ______            __ _____                         __
2026-09-22T19:56:36.1095989Z   / ____/____   ____/ // ___/ ____   ___   ___   ____/ /
2026-09-22T19:56:36.1096218Z  / /    / __ \ / __  / \__ \ / __ \ / _ \ / _ \ / __  /
2026-09-22T19:56:36.1096465Z / /___ / /_/ // /_/ / ___/ // /_/ //  __//  __// /_/ /
2026-09-22T19:56:36.1096689Z \____/ \____/ \__,_/ /____// .___/ \___/ \___/ \__,_/
2026-09-22T19:56:36.1096952Z   https://codspeed.io     /_/          runner v5.0.2
2026-09-22T19:56:36.1097166Z 
2026-09-22T19:56:36.1098006Z ##[group]Running the benchmarks
2026-09-22T19:56:36.3268110Z Installing packages: /tmp/valgrind-codspeed.deb, libc6-dbg
2026-09-22T19:56:52.6680788Z Installation completed successfully
2026-09-22T19:57:03.9473419Z [cargo-codspeed] Measurement mode: Simulation
2026-09-22T19:57:03.9473765Z 
2026-09-22T19:57:03.9537075Z Collected 8 benchmark suite(s) to run
2026-09-22T19:57:03.9540620Z Running vortex-decimal-byte-parts dbp_split
2026-09-22T19:57:04.2180461Z Skipped: encodings/decimal-byte-parts/benches/dbp_split.rs::dbp_split_kernel_mixed_null
2026-09-22T19:57:04.2182112Z Skipped: encodings/decimal-byte-parts/benches/dbp_split.rs::dbp_split_kernel_all_valid
2026-09-22T19:57:04.2290783Z Done running dbp_split
2026-09-22T19:57:04.2293594Z Running vortex-decimal-byte-parts dbp_assemble
2026-09-22T19:57:04.4837499Z Skipped: encodings/decimal-byte-parts/benches/dbp_assemble.rs::dbp_assemble_kernel_narrow_msp
2026-09-22T19:57:04.4839154Z Skipped: encodings/decimal-byte-parts/benches/dbp_assemble.rs::dbp_assemble_kernel
2026-09-22T19:57:04.4940807Z Done running dbp_assemble
2026-09-22T19:57:04.4945543Z Running vortex-fastlanes bitpack_compare_sweep
2026-09-22T19:57:04.8696566Z Warning: Counter feature is not yet supported by codspeed-divan-compat
2026-09-22T19:57:04.8700537Z Warning: Counter feature is not yet supported by codspeed-divan-compat
2026-09-22T19:57:07.0397374Z Measured: encodings/fastlanes/benches/bitpack_compare_sweep.rs::u16::compare[1]
2026-09-22T19:57:07.0583525Z Warning: Counter feature is not yet supported by codspeed-divan-compat
2026-09-22T19:57:07.0586741Z Warning: Counter feature is not yet supported by codspeed-divan-compat
2026-09-22T19:57:07.0994129Z Measured: encodings/fastlanes/benches/bitpack_compare_sweep.rs::u16::compare[2]
2026-09-22T19:57:07.1238538Z Warning: Counter feature is not yet supported by codspeed-divan-compat
2026-09-22T19:57:07.1239028Z Warning: Counter feature is not yet supported by codspeed-divan-compat
2026-09-22T19:57:07.1649257Z Measured: encodings/fastlanes/benches/bitpack_compare_sweep.rs::u16::compare[3]
2026-09-22T19:57:07.1873319Z Warning: Counter feature is not yet supported by codspeed-divan-compat
2026-09-22T19:57:07.1875235Z Warning: Counter feature is not yet supported by codspeed-divan-compat
2026-09-22T19:57:07.2282113Z Measured: encodings/fastlanes/benches/bitpack_compare_sweep.rs::u16::compare[4]
2026-09-22T19:57:07.2508027Z Warning: Counter feature is not yet supported by codspeed-divan-compat
2026-09-22T19:57:07.2511291Z Warning: Counter feature is not yet supported by codspeed-divan-compat
2026-09-22T19:57:07.2930641Z Measured: encodings/fastlanes/benches/bitpack_compare_sweep.rs::u16::compare[5]
2026-09-22T19:57:07.3164195Z Warning: Counter feature is not yet supported by codspeed-divan-compat
2026-09-22T19:57:07.3166261Z Warning: Counter feature is not yet supported by codspeed-divan-compat
2026-09-22T19:57:07.3578088Z Measured: encodings/fastlanes/benches/bitpack_compare_sweep.rs::u16::compare[6]
2026-09-22T19:57:07.3818756Z Warning: Counter feature is not yet supported by codspeed-divan-compat
2026-09-22T19:57:07.3822625Z Warning: Counter feature is not yet supported by codspeed-divan-compat
2026-09-22T19:57:07.4232941Z Measured: encodings/fastlanes/benches/bitpack_compare_sweep.rs::u16::compare[7]
2026-09-22T19:57:07.4472662Z Warning: Counter feature is not yet supported by codspeed-divan-compat
2026-09-22T19:57:07.4478369Z Warning: Counter feature is not yet supported by codspeed-divan-compat
2026-09-22T19:57:07.4884938Z Measured: encodings/fastlanes/benches/bitpack_compare_sweep.rs::u16::compare[8]
2026-09-22T19:57:07.5060701Z Warning: Counter feature is not yet supported by codspeed-divan-compat
2026-09-22T19:57:07.5061159Z Warning: Counter feature is not yet supported by codspeed-divan-compat
2026-09-22T19:57:07.5552726Z Measured: encodings/fastlanes/benches/bitpack_compare_sweep.rs::u16::compare[9]
2026-09-22T19:57:07.5737976Z Warning: Counter feature is not yet supported by codspeed-divan-compat
2026-09-22T19:57:07.5738456Z Warning: Counter feature is not yet supported by codspeed-divan-compat
2026-09-22T19:57:07.6156188Z Measured: encodings/fastlanes/benches/bitpack_compare_sweep.rs::u16::compare[10]
2026-09-22T19:57:07.6330747Z Warning: Counter feature is not yet supported by codspeed-divan-compat
2026-09-22T19:57:07.6335581Z Warning: Counter feature is not yet supported by codspeed-divan-compat
2026-09-22T19:57:07.6744580Z Measured: encodings/fastlanes/benches/bitpack_compare_sweep.rs::u16::compare[11]
2026-09-22T19:57:07.6996641Z Warning: Counter feature is not yet supported by codspeed-divan-compat
2026-09-22T19:57:07.7000741Z Warning: Counter feature is not yet supported by codspeed-divan-compat
2026-09-22T19:57:07.7410927Z Measured: encodings/fastlanes/benches/bitpack_compare_sweep.rs::u16::compare[12]
2026-09-22T19:57:07.7587947Z Warning: Counter feature is not yet supported by codspeed-divan-compat
2026-09-22T19:57:07.7588409Z Warning: Counter feature is not yet supported by codspeed-divan-compat
2026-09-22T19:57:07.8005496Z Measured: encodings/fastlanes/benches/bitpack_compare_sweep.rs::u16::compare[13]
2026-09-22T19:57:07.8233673Z Warning: Counter feature is not yet supported by codspeed-divan-compat
2026-09-22T19:57:07.8239262Z Warning: Counter feature is not yet supported by codspeed-divan-compat
2026-09-22T19:57:07.8658850Z Measured: encodings/fastlanes/benches/bitpack_compare_sweep.rs::u16::compare[14]
2026-09-22T19:57:07.8833254Z Warning: Counter feature is not yet supported by codspeed-divan-compat
2026-09-22T19:57:07.8835377Z Warning: Counter feature is not yet supported by codspeed-divan-compat
2026-09-22T19:57:07.9254318Z Measured: encodings/fastlanes/benches/bitpack_compare_sweep.rs::u16::compare[15]
2026-09-22T19:57:07.9716156Z Warning: Counter feature is not yet supported by codspeed-divan-compat
2026-09-22T19:57:07.9718020Z Warning: Counter feature is not yet supported by codspeed-divan-compat
2026-09-22T19:57:08.0151001Z Measured: encodings/fastlanes/benches/bitpack_compare_sweep.rs::i64::compare[1]
2026-09-22T19:57:08.0576860Z Warning: Counter feature is not yet supported by codspeed-divan-compat
2026-09-22T19:57:08.0580468Z Warning: Counter feature is not yet supported by codspeed-divan-compat
2026-09-22T19:57:08.1097393Z Measured: encodings/fastlanes/benches/bitpack_compare_sweep.rs::i64::compare[2]
2026-09-22T19:57:08.1479316Z Warning: Counter feature is not yet supported by codspeed-divan-compat
2026-09-22T19:57:08.1484226Z Warning: Counter feature is not yet supported by codspeed-divan-compat
2026-09-22T19:57:08.1910958Z Measured: encodings/fastlanes/benches/bitpack_compare_sweep.rs::i64::compare[3]
2026-09-22T19:57:08.2337238Z Warning: Counter feature is not yet supported by codspeed-divan-compat
2026-09-22T19:57:08.2342118Z Warning: Counter feature is not yet supported by codspeed-divan-compat
2026-09-22T19:57:08.2770773Z Measured: encodings/fastlanes/benches/bitpack_compare_sweep.rs::i64::compare[4]
2026-09-22T19:57:08.3191675Z Warning: Counter feature is not yet supported by codspeed-divan-compat
2026-09-22T19:57:08.3193768Z Warning: Counter feature is not yet supported by codspeed-divan-compat
2026-09-22T19:57:08.3633507Z Measured: encodings/fastlanes/benches/bitpack_compare_sweep.rs::i64::compare[5]
2026-09-22T19:57:08.4057789Z Warning: Counter feature is not yet supported by codspeed-divan-compat
2026-09-22T19:57:08.4058237Z Warning: Counter feature is not yet supported by codspeed-divan-compat
2026-09-22T19:57:08.4497711Z Measured: encodings/fastlanes/benches/bitpack_compare_sweep.rs::i64::compare[6]
2026-09-22T19:57:08.4925904Z Warning: Counter feature is not yet supported by codspeed-divan-compat
2026-09-22T19:57:08.4927527Z Warning: Counter feature is not yet supported by codspeed-divan-compat
2026-09-22T19:57:08.5365255Z Measured: encodings/fastlanes/benches/bitpack_compare_sweep.rs::i64::compare[7]
2026-09-22T19:57:08.5793630Z Warning: Counter feature is not yet supported by codspeed-divan-compat
2026-09-22T19:57:08.5795704Z Warning: Counter feature is not yet supported by codspeed-divan-compat
2026-09-22T19:57:08.6242590Z Measured: encodings/fastlanes/benches/bitpack_compare_sweep.rs::i64::compare[8]
2026-09-22T19:57:08.6654872Z Warning: Counter feature is not yet supported by codspeed-divan-compat
2026-09-22T19:57:08.6655275Z Warning: Counter feature is not yet supported by codspeed-divan-compat
2026-09-22T19:57:08.7096827Z Measured: encodings/fastlanes/benches/bitpack_compare_sweep.rs::i64::compare[9]
2026-09-22T19:57:08.7518695Z Warning: Counter feature is not yet supported by codspeed-divan-compat
2026-09-22T19:57:08.7520308Z Warning: Counter feature is not yet supported by codspeed-divan-compat
2026-09-22T19:57:08.7961929Z Measured: encodings/fastlanes/benches/bitpack_compare_sweep.rs::i64::compare[10]
2026-09-22T19:57:08.8370853Z Warning: Counter feature is not yet supported by codspeed-divan-compat
2026-09-22T19:57:08.8371324Z Warning: Counter feature is not yet supported by codspeed-divan-compat
2026-09-22T19:57:08.8829054Z Measured: encodings/fastlanes/benches/bitpack_compare_sweep.rs::i64::compare[11]
2026-09-22T19:57:08.9246186Z Warning: Counter feature is not yet supported by codspeed-divan-compat
2026-09-22T19:57:08.9247722Z Warning: Counter feature is not yet supported by codspeed-divan-compat
2026-09-22T19:57:08.9698865Z Measured: encodings/fastlanes/benches/bitpack_compare_sweep.rs::i64::compare[12]
2026-09-22T19:57:09.0236098Z ##[error]Process completed with exit code 137.
2026-09-22T19:57:09.0241575Z ##[end-action id=__CodSpeedHQ_action.__run_2;outcome=failure;conclusion=failure;duration_ms=32942]
2026-09-22T19:57:09.0359364Z Post job cleanup.
2026-09-22T19:57:09.0453729Z Post job cleanup.
2026-09-22T19:57:09.0456325Z ##[start-action display=Restore Cache;id=__1c842417-a960-4019-9c0a-5b4c54482e8b.cache]
2026-09-22T19:57:09.0457945Z ##[end-action id=__1c842417-a960-4019-9c0a-5b4c54482e8b.cache;outcome=skipped;conclusion=skipped;duration_ms=0]
2026-09-22T19:57:09.0541709Z Post job cleanup.
2026-09-22T19:57:09.0544558Z ##[start-action display=Install sccache;id=__7e181fe1-4a12-41b4-9197-a0c7034a258e.__mozilla-actions_sccache-action]
2026-09-22T19:57:09.0563609Z Post job cleanup.
2026-09-22T19:57:09.1165135Z ##[group]Get human-readable stats
2026-09-22T19:57:09.1176727Z [command]/opt/hostedtoolcache/sccache/0.18.0/x64/sccache --show-stats
2026-09-22T19:57:09.1219680Z Compile requests                    316
2026-09-22T19:57:09.1220181Z Compile requests executed           220
2026-09-22T19:57:09.1220422Z Cache hits                          214
2026-09-22T19:57:09.1220618Z Cache hits (C/C++)                    1
2026-09-22T19:57:09.1220810Z Cache hits (Rust)                   213
2026-09-22T19:57:09.1220999Z Cache misses                          2
2026-09-22T19:57:09.1221190Z Cache misses (C/C++)                  1
2026-09-22T19:57:09.1221378Z Cache misses (Rust)                   1
2026-09-22T19:57:09.1221584Z Cache hits rate                   99.07 %
2026-09-22T19:57:09.1221830Z Cache hits rate (C/C++)           50.00 %
2026-09-22T19:57:09.1222032Z Cache hits rate (Rust)            99.53 %
2026-09-22T19:57:09.1222229Z Cache timeouts                        0
2026-09-22T19:57:09.1222421Z Cache read errors                     0
2026-09-22T19:57:09.1222621Z Forced recaches                       0
2026-09-22T19:57:09.1222813Z Cache write errors                    0
2026-09-22T19:57:09.1223011Z Cache errors                          0
2026-09-22T19:57:09.1223200Z Compilations                          2
2026-09-22T19:57:09.1223402Z Compilation failures                  4
2026-09-22T19:57:09.1223615Z Non-cacheable compilations            0
2026-09-22T19:57:09.1223815Z Non-cacheable calls                  92
2026-09-22T19:57:09.1224011Z Non-compilation calls                 4
2026-09-22T19:57:09.1224223Z Unsupported compiler calls            0
2026-09-22T19:57:09.1224430Z Average cache write               0.063 s
2026-09-22T19:57:09.1224637Z Average compiler                  1.399 s
2026-09-22T19:57:09.1224837Z Average cache read hit            0.060 s
2026-09-22T19:57:09.1225041Z Failed distributed compilations       0
2026-09-22T19:57:09.1225178Z 
2026-09-22T19:57:09.1225247Z Non-cacheable reasons:
2026-09-22T19:57:09.1225436Z crate-type                           72
2026-09-22T19:57:09.1225632Z missing input                         8
2026-09-22T19:57:09.1225820Z -                                     6
2026-09-22T19:57:09.1226011Z -o                                    6
2026-09-22T19:57:09.1226136Z 
2026-09-22T19:57:09.1226356Z Cache location                  s3, name: runs-on-v3-s3bucketcache-dbnub4tpjhpv, prefix: /cache/sccache/
2026-09-22T19:57:09.1226708Z Base directories                (none)
2026-09-22T19:57:09.1226917Z Version (client)                0.18.0
2026-09-22T19:57:09.1229833Z ##[endgroup]
2026-09-22T19:57:09.1230311Z ##[group]Get JSON stats
2026-09-22T19:57:09.1231564Z [command]/opt/hostedtoolcache/sccache/0.18.0/x64/sccache --show-stats --stats-format=json
2026-09-22T19:57:09.1255880Z {"stats":{"compile_requests":316,"requests_unsupported_compiler":0,"requests_not_compile":4,"requests_not_cacheable":92,"requests_executed":220,"cache_errors":{"counts":{},"adv_counts":{}},"cache_hits":{"counts":{"C/C++":1,"Rust":213},"adv_counts":{"rust":213,"c [gcc]":1}},"cache_misses":{"counts":{"C/C++":1,"Rust":1},"adv_counts":{"rust":1,"c [gcc]":1}},"cache_timeouts":0,"cache_read_errors":0,"non_cacheable_compilations":0,"forced_recaches":0,"cache_write_errors":0,"cache_writes":2,"cache_write_duration":{"secs":0,"nanos":127574129},"cache_read_hit_duration":{"secs":12,"nanos":866350443},"compilations":2,"compiler_write_duration":{"secs":2,"nanos":798616543},"compile_fails":4,"not_cached":{"-":6,"crate-type":72,"missing input":8,"-o":6},"dist_compiles":{},"dist_errors":0,"multi_level":null},"cache_location":"s3, name: runs-on-v3-s3bucketcache-dbnub4tpjhpv, prefix: /cache/sccache/","cache_size":null,"max_cache_size":null,"use_preprocessor_cache_mode":false,"version":"0.18.0","basedirs":[]}
2026-09-22T19:57:09.1258356Z ##[endgroup]
2026-09-22T19:57:09.1267313Z ##[notice]99% - 214 hits, 2 misses, 0 errors
2026-09-22T19:57:09.1267503Z 
2026-09-22T19:57:09.1267592Z Full human-readable stats:
2026-09-22T19:57:09.1267774Z Compile requests                    316
2026-09-22T19:57:09.1268128Z Compile requests executed           220
2026-09-22T19:57:09.1268326Z Cache hits                          214
2026-09-22T19:57:09.1268521Z Cache hits (C/C++)                    1
2026-09-22T19:57:09.1268709Z Cache hits (Rust)                   213
2026-09-22T19:57:09.1268898Z Cache misses                          2
2026-09-22T19:57:09.1269084Z Cache misses (C/C++)                  1
2026-09-22T19:57:09.1269270Z Cache misses (Rust)                   1
2026-09-22T19:57:09.1269459Z Cache hits rate                   99.07 %
2026-09-22T19:57:09.1269665Z Cache hits rate (C/C++)           50.00 %
2026-09-22T19:57:09.1269863Z Cache hits rate (Rust)            99.53 %
2026-09-22T19:57:09.1270288Z Cache timeouts                        0
2026-09-22T19:57:09.1270481Z Cache read errors                     0
2026-09-22T19:57:09.1270666Z Forced recaches                       0
2026-09-22T19:57:09.1270850Z Cache write errors                    0
2026-09-22T19:57:09.1271043Z Cache errors                          0
2026-09-22T19:57:09.1271243Z Compilations                          2
2026-09-22T19:57:09.1271438Z Compilation failures                  4
2026-09-22T19:57:09.1271635Z Non-cacheable compilations            0
2026-09-22T19:57:09.1271831Z Non-cacheable calls                  92
2026-09-22T19:57:09.1272034Z Non-compilation calls                 4
2026-09-22T19:57:09.1272233Z Unsupported compiler calls            0
2026-09-22T19:57:09.1272434Z Average cache write               0.063 s
2026-09-22T19:57:09.1272632Z Average compiler                  1.399 s
2026-09-22T19:57:09.1272880Z Average cache read hit            0.060 s
2026-09-22T19:57:09.1273083Z Failed distributed compilations       0
2026-09-22T19:57:09.1273219Z 
2026-09-22T19:57:09.1273289Z Non-cacheable reasons:
2026-09-22T19:57:09.1273457Z crate-type                           72
2026-09-22T19:57:09.1273645Z missing input                         8
2026-09-22T19:57:09.1273827Z -                                     6
2026-09-22T19:57:09.1274012Z -o                                    6
2026-09-22T19:57:09.1274135Z 
2026-09-22T19:57:09.1274342Z Cache location                  s3, name: runs-on-v3-s3bucketcache-dbnub4tpjhpv, prefix: /cache/sccache/
2026-09-22T19:57:09.1274685Z Base directories                (none)
2026-09-22T19:57:09.1274878Z Version (client)                0.18.0
2026-09-22T19:57:09.1274997Z 
2026-09-22T19:57:09.1313552Z ##[end-action id=__7e181fe1-4a12-41b4-9197-a0c7034a258e.__mozilla-actions_sccache-action;outcome=success;conclusion=success;duration_ms=76]
2026-09-22T19:57:09.1358539Z Post job cleanup.
2026-09-22T19:57:09.1941821Z [command]/usr/bin/git version
2026-09-22T19:57:09.1973957Z git version 2.55.0
2026-09-22T19:57:09.1998135Z Temporarily overriding HOME='/home/runner/_work/_temp/cb0052a5-85a9-4cce-aa9d-f1b032b37fe3' before making global git config changes
2026-09-22T19:57:09.1998710Z Adding repository directory to the temporary git global config as a safe directory
2026-09-22T19:57:09.2000288Z [command]/usr/bin/git config --global --add safe.directory /home/runner/_work/vortex/vortex
2026-09-22T19:57:09.2022102Z Removing SSH command configuration
2026-09-22T19:57:09.2026278Z [command]/usr/bin/git config --local --name-only --get-regexp core\.sshCommand
2026-09-22T19:57:09.2055602Z [command]/usr/bin/git submodule foreach --recursive sh -c "git config --local --name-only --get-regexp 'core\.sshCommand' && git config --local --unset-all 'core.sshCommand' || :"
2026-09-22T19:57:09.2210061Z Removing HTTP extra header
2026-09-22T19:57:09.2213533Z [command]/usr/bin/git config --local --name-only --get-regexp http\.https\:\/\/github\.com\/\.extraheader
2026-09-22T19:57:09.2235253Z [command]/usr/bin/git submodule foreach --recursive sh -c "git config --local --name-only --get-regexp 'http\.https\:\/\/github\.com\/\.extraheader' && git config --local --unset-all 'http.https://github.com/.extraheader' || :"
2026-09-22T19:57:09.2381718Z Removing includeIf entries pointing to credentials config files
2026-09-22T19:57:09.2385742Z [command]/usr/bin/git config --local --name-only --get-regexp ^includeIf\.gitdir:
2026-09-22T19:57:09.2409421Z includeif.gitdir:/home/runner/_work/vortex/vortex/.git.path
2026-09-22T19:57:09.2409792Z includeif.gitdir:/home/runner/_work/vortex/vortex/.git/worktrees/*.path
2026-09-22T19:57:09.2410263Z includeif.gitdir:/github/workspace/.git.path
2026-09-22T19:57:09.2410543Z includeif.gitdir:/github/workspace/.git/worktrees/*.path
2026-09-22T19:57:09.2414636Z [command]/usr/bin/git config --local --get-all includeif.gitdir:/home/runner/_work/vortex/vortex/.git.path
2026-09-22T19:57:09.2430017Z /home/runner/_work/_temp/git-credentials-01e8ada2-cded-4a37-ad96-13881dede13e.config
2026-09-22T19:57:09.2435744Z [command]/usr/bin/git config --local --unset includeif.gitdir:/home/runner/_work/vortex/vortex/.git.path \/home\/runner\/_work\/_temp\/git\-credentials\-01e8ada2\-cded\-4a37\-ad96\-13881dede13e\.config
2026-09-22T19:57:09.2458500Z [command]/usr/bin/git config --local --get-all includeif.gitdir:/home/runner/_work/vortex/vortex/.git/worktrees/*.path
2026-09-22T19:57:09.2475200Z /home/runner/_work/_temp/git-credentials-01e8ada2-cded-4a37-ad96-13881dede13e.config
2026-09-22T19:57:09.2481225Z [command]/usr/bin/git config --local --unset includeif.gitdir:/home/runner/_work/vortex/vortex/.git/worktrees/*.path \/home\/runner\/_work\/_temp\/git\-credentials\-01e8ada2\-cded\-4a37\-ad96\-13881dede13e\.config
2026-09-22T19:57:09.2503221Z [command]/usr/bin/git config --local --get-all includeif.gitdir:/github/workspace/.git.path
2026-09-22T19:57:09.2518604Z /github/runner_temp/git-credentials-01e8ada2-cded-4a37-ad96-13881dede13e.config
2026-09-22T19:57:09.2522951Z [command]/usr/bin/git config --local --unset includeif.gitdir:/github/workspace/.git.path \/github\/runner_temp\/git\-credentials\-01e8ada2\-cded\-4a37\-ad96\-13881dede13e\.config
2026-09-22T19:57:09.2549767Z [command]/usr/bin/git config --local --get-all includeif.gitdir:/github/workspace/.git/worktrees/*.path
2026-09-22T19:57:09.2562578Z /github/runner_temp/git-credentials-01e8ada2-cded-4a37-ad96-13881dede13e.config
2026-09-22T19:57:09.2566908Z [command]/usr/bin/git config --local --unset includeif.gitdir:/github/workspace/.git/worktrees/*.path \/github\/runner_temp\/git\-credentials\-01e8ada2\-cded\-4a37\-ad96\-13881dede13e\.config
2026-09-22T19:57:09.2591998Z [command]/usr/bin/git submodule foreach --recursive git config --local --show-origin --name-only --get-regexp remote.origin.url
2026-09-22T19:57:09.2737314Z Removing credentials config '/home/runner/_work/_temp/git-credentials-01e8ada2-cded-4a37-ad96-13881dede13e.config'
2026-09-22T19:57:09.2817848Z Post job cleanup.
2026-09-22T19:57:09.3503798Z Running post-execution phase...
2026-09-22T19:57:09.3504041Z Input 'show_env': false
2026-09-22T19:57:09.3504244Z Input 'show_costs': inline
2026-09-22T19:57:09.3504421Z Input 'metrics': []
2026-09-22T19:57:09.3504595Z Input 'network_interface': enp39s0
2026-09-22T19:57:09.3504793Z Input 'disk_device': nvme0n1p1
2026-09-22T19:57:09.3504990Z Input 'sccache': s3
2026-09-22T19:57:09.3505157Z Input 'sticky_cache': []
2026-09-22T19:57:09.3505341Z Input 'sticky_wait_timeout': 15m0s
2026-09-22T19:57:09.3505673Z ZCTIONS_RESULTS_URL is set: https://results-receiver.actions.githubusercontent.com/
2026-09-22T19:57:09.3506248Z ZCTIONS_CACHE_URL is set: https://acghubeus1.actions.githubusercontent.com/XtqVEj2MXQCbzj6x6n8CMomnIjyhqqRNuSgameoSnKmgcNZw2F/
2026-09-22T19:57:09.3506723Z ACTIONS_RUNTIME_TOKEN is set.
2026-09-22T19:57:09.4076402Z Mapped zone name us-east-1b to zone ID use1-az1
2026-09-22T19:57:09.8845028Z ## Execution Cost Summary
2026-09-22T19:57:09.8845272Z 
2026-09-22T19:57:09.8845362Z | metric                 | value           |
2026-09-22T19:57:09.8845726Z | ---------------------- | --------------- |
2026-09-22T19:57:09.8845949Z | Instance Type          | c8in.4xlarge    |
2026-09-22T19:57:09.8846173Z | Instance Lifecycle     | spot            |
2026-09-22T19:57:09.8846387Z | Region                 | us-east-1       |
2026-09-22T19:57:09.8846859Z | Platform               | Linux/UNIX      |
2026-09-22T19:57:09.8847072Z | Arch                   | x64             |
2026-09-22T19:57:09.8847280Z | Az                     | us-east-1b      |
2026-09-22T19:57:09.8847492Z | Zone ID                | use1-az1        |
2026-09-22T19:57:09.8847695Z | Duration               | 2.40 minutes    |
2026-09-22T19:57:09.8847901Z | Cost                   | $0.0175         |
2026-09-22T19:57:09.8848107Z | GitHub equivalent cost | $0.1260         |
2026-09-22T19:57:09.8848311Z | Savings                | $0.1085 (86.1%) |
2026-09-22T19:57:09.8848444Z 
2026-09-22T19:57:09.8848531Z Post-execution phase finished.
2026-09-22T19:57:09.8897648Z A job completed hook has been configured by the self-hosted runner administrator
2026-09-22T19:57:09.8926270Z ##[group]Run '/runs-on/post.sh'
2026-09-22T19:57:09.8943977Z shell: /usr/bin/bash --noprofile --norc -e -o pipefail {0}
2026-09-22T19:57:09.8944242Z ##[endgroup]
2026-09-22T19:57:09.8978320Z Thanks for using RunsOn!
2026-09-22T19:57:09.8980268Z ##[error]AWS interrupted the EC2 Spot instance running this job. RunsOn can retry it after the workflow run finishes.
2026-09-22T19:57:09.8980974Z 
2026-09-22T19:57:09.8981054Z 📊 Job Metrics
2026-09-22T19:57:10.2905056Z ================================================================================
2026-09-22T19:57:10.2905510Z ✅ No significant resource constraints detected
2026-09-22T19:57:10.2909195Z ================================================================================
2026-09-22T19:57:10.2909451Z 
2026-09-22T19:57:10.2909576Z  4.61 ┤                           ╭───────╮        ╭──────╮
2026-09-22T19:57:10.2909890Z  4.17 ┤                         ╭─╯       ╰────────╯      ╰─────╮
2026-09-22T19:57:10.2910459Z  3.72 ┤                       ╭─╯                               ╰───────╮
2026-09-22T19:57:10.2910742Z  3.28 ┤                     ╭─╯                                         ╰───
2026-09-22T19:57:10.2910974Z  2.83 ┤                   ╭─╯
2026-09-22T19:57:10.2911160Z  2.39 ┤                 ╭─╯
2026-09-22T19:57:10.2911349Z  1.94 ┤               ╭─╯
2026-09-22T19:57:10.2911512Z  1.50 ┤             ╭─╯
2026-09-22T19:57:10.2911671Z  1.05 ┤           ╭─╯
2026-09-22T19:57:10.2911831Z  0.61 ┤     ╭─────╯
2026-09-22T19:57:10.2911979Z  0.16 ┼─────╯
2026-09-22T19:57:10.2912177Z               CPU Load Average (1m) (min: 0.16, max: 4.64, avg: 2.85)
2026-09-22T19:57:10.2912347Z 
2026-09-22T19:57:10.2912404Z  100.00 ┤
2026-09-22T19:57:10.2912537Z   90.00 ┤
2026-09-22T19:57:10.2912912Z   80.00 ┤                                                        [94m╭─╮[0m
2026-09-22T19:57:10.2913236Z   70.00 ┤                     [93m╭───╮[0m                  [91m╭─╮[0m       [94m╭─╯[0m [94m╰─╮[0m
2026-09-22T19:57:10.2913684Z   60.00 ┤                   [93m╭─╯[94m╭╮[0m [93m╰─────╮[32m─────╮[91m──────╯[0m [91m╰─╮[0m   [94m╭─╯[0m     [94m╰╮[0m
2026-09-22T19:57:10.2914173Z   50.00 ┤         [91m╭────────────[32m╭╮[91m╮[94m╮[32m───╯[91m╯[93m╰───╮[0m [32m╰─╮[0m   [91m╭──────╮[94m╭╯[0m        [94m╰╮[0m
2026-09-22T19:57:10.2914891Z   40.00 ┤       [91m╭─╯╭───[93m╭─╯╭───────╮[32m╮[94m─╮[0m      [93m╰───╮[32m─[91m╭─╯[0m    [94m╰╭[91m╰─────╮[0m     [94m╰─╮[0m
2026-09-22T19:57:10.2915404Z   30.00 ┤   [91m╭─╭─╯──[94m╭[93m╭─────╯[94m───────[93m╰──╮[32m╮[94m─╮[0m       [91m╭─╯[93m╮[32m─╮[0m  [94m╭─╯╰[91m╰─╮[0m  [91m╰────╮[0m  [94m╰╮[0m
2026-09-22T19:57:10.2915981Z   20.00 ┼[94m╭────[93m╭─────╯[32m╯─╯[91m╯[93m╯[0m        [32m╰[94m╰─[93m╰──╮[32m╮[94m─╮[91m──╭─╯─[94m╭[93m╭────────╮[94m╰[91m╰─╮[0m     [91m╰────╮[93m──[0m
2026-09-22T19:57:10.2916534Z   10.00 ┼[93m─────╯[32m╯─╯[0m                    [32m╰[94m╰[93m╰──────────╯[94m────────[93m╰───────────────╮[91m─[0m
2026-09-22T19:57:10.2916919Z    0.00 ┼[32m─╯╯[0m                              [94m╰─╯[0m                 [94m╰─────────────[93m╰─[0m
2026-09-22T19:57:10.2917256Z            CPU Utilization per Core (%) (min: 0.13, max: 82.99, avg: 18.72 %)
2026-09-22T19:57:10.2917469Z 
2026-09-22T19:57:10.2917938Z          [91m■[0m cpu0   [32m■[0m cpu1   [94m■[0m cpu2   [93m■[0m cpu3   [91m■[0m cpu4   [32m■[0m cpu5   [94m■[0m cpu6   [93m■[0m cpu7   [91m■[0m cpu8   [32m■[0m cpu9   [94m■[0m cpu10   [93m■[0m cpu11   [91m■[0m cpu12   [32m■[0m cpu13   [94m■[0m cpu14   [93m■[0m cpu15
2026-09-22T19:57:10.2918474Z 
2026-09-22T19:57:10.2918538Z  100.00 ┤
2026-09-22T19:57:10.2918671Z   90.00 ┤
2026-09-22T19:57:10.2918803Z   80.00 ┤
2026-09-22T19:57:10.2918939Z   70.00 ┤
2026-09-22T19:57:10.2919067Z   60.00 ┤
2026-09-22T19:57:10.2919194Z   50.00 ┤
2026-09-22T19:57:10.2919319Z   40.00 ┤
2026-09-22T19:57:10.2919569Z   30.00 ┤
2026-09-22T19:57:10.2919706Z   20.00 ┤
2026-09-22T19:57:10.2919881Z   10.00 ┤             ╭───────────────────────────────────────────╮
2026-09-22T19:57:10.2920315Z    0.00 ┼─────────────╯                                           ╰───────────
2026-09-22T19:57:10.2920612Z               Memory Utilization (%) (min: 1.46, max: 12.20, avg: 6.75 %)
2026-09-22T19:57:10.2920814Z 
2026-09-22T19:57:10.2920893Z  312 ┤                      [32m╭╮[0m
2026-09-22T19:57:10.2921088Z  281 ┤                    [32m╭─╯╰╮[0m
2026-09-22T19:57:10.2921306Z  250 ┤                   [32m╭╯[0m   [32m╰─╮[0m
2026-09-22T19:57:10.2921534Z  219 ┤                 [32m╭─╯[0m      [32m╰╮[0m
2026-09-22T19:57:10.2921766Z  187 ┤               [32m╭─╯[0m         [32m╰╮[0m
2026-09-22T19:57:10.2921991Z  156 ┤              [32m╭╯[0m            [32m╰─╮[0m
2026-09-22T19:57:10.2922220Z  125 ┤            [32m╭─╯[0m               [32m╰╮[0m
2026-09-22T19:57:10.2922469Z   94 ┤         [32m╭──╯[0m                  [32m╰╮[0m
2026-09-22T19:57:10.2922747Z   62 ┤[32m╭────────╯[0m                      [32m╰─╮[0m  [32m╭───────────────────────╮[0m
2026-09-22T19:57:10.2923083Z   31 ┼[32m╯[0m                                 [32m╰──╯[0m                       [32m╰───────[0m
2026-09-22T19:57:10.2923407Z    0 ┼[91m─────────────────────────────────────────────────────────────────────[0m
2026-09-22T19:57:10.2923738Z        Disk I/O by Direction (MB/s) (min: 0, max: 312.32, avg: 46.53 MB/s)
2026-09-22T19:57:10.2923931Z 
2026-09-22T19:57:10.2924029Z                              [91m■[0m / (read)   [32m■[0m / (write)
2026-09-22T19:57:10.2924183Z 
2026-09-22T19:57:10.2924258Z  1497 ┤                     [32m╭─╮[0m
2026-09-22T19:57:10.2924464Z  1348 ┤                   [32m╭─╯[0m [32m╰╮[0m
2026-09-22T19:57:10.2924687Z  1198 ┤                 [32m╭─╯[0m    [32m╰─╮[0m
2026-09-22T19:57:10.2924907Z  1048 ┤               [32m╭─╯[0m        [32m╰╮[0m
2026-09-22T19:57:10.2925150Z   898 ┤            [32m╭──╯[0m           [32m╰╮[0m
2026-09-22T19:57:10.2925398Z   749 ┤          [32m╭─╯[0m               [32m╰─╮[0m
2026-09-22T19:57:10.2925629Z   599 ┤       [32m╭──╯[0m                   [32m╰╮[0m
2026-09-22T19:57:10.2925871Z   449 ┤   [32m╭───╯[0m                       [32m╰╮[0m
2026-09-22T19:57:10.2926159Z   299 ┤[32m╭──╯[0m                            [32m╰╮[0m      [32m╭────────────────────────────[0m
2026-09-22T19:57:10.2926577Z   150 ┼[32m╯[91m──────────────╮[0m                 [32m╰──────╯[0m                     [91m╭──────[0m
2026-09-22T19:57:10.2926900Z     0 ┤               [91m╰──────────────────────────────────────────────╯[0m
2026-09-22T19:57:10.2927231Z        Disk Operations by Direction (ops/s) (min: 0, max: 1497.41, avg: 277.63 ops/s)
2026-09-22T19:57:10.2927446Z 
2026-09-22T19:57:10.2927545Z                               [91m■[0m / (read)   [32m■[0m / (write)
2026-09-22T19:57:10.2927706Z 
2026-09-22T19:57:10.2927773Z  29.12 ┤          [32m╭─╮[0m
2026-09-22T19:57:10.2928022Z  26.20 ┤        [32m╭─╯[0m [32m╰─╮[0m
2026-09-22T19:57:10.2928233Z  23.29 ┤      [32m╭─╯[0m     [32m╰╮[0m
2026-09-22T19:57:10.2928436Z  20.38 ┤     [32m╭╯[0m        [32m╰╮[0m
2026-09-22T19:57:10.2928642Z  17.47 ┤   [32m╭─╯[0m          [32m╰─╮[0m
2026-09-22T19:57:10.2928959Z  14.56 ┤  [32m╭╯[0m              [32m╰╮[0m
2026-09-22T19:57:10.2929202Z  11.65 ┤[32m╭─╯[0m                [32m╰╮[0m
2026-09-22T19:57:10.2929428Z   8.74 ┼[32m╯[0m                   [32m╰─╮[0m
2026-09-22T19:57:10.2929644Z   5.82 ┤                      [32m╰──╮[0m
2026-09-22T19:57:10.2930025Z   2.91 ┤                         [32m╰─────╮[0m                         [32m╭───────────[0m
2026-09-22T19:57:10.2930418Z   0.00 ┼[91m───────────────────────────────[32m╰─────────────────────────╯[91m───────────[0m
2026-09-22T19:57:10.2930765Z         Network I/O by Direction (MB/s) (min: 0.00, max: 30.02, avg: 3.64 MB/s)
2026-09-22T19:57:10.2930971Z 
2026-09-22T19:57:10.2931118Z                       [91m■[0m enp39s0 (transmit)   [32m■[0m enp39s0 (receive)
2026-09-22T19:57:10.2931319Z 
2026-09-22T19:57:10.2931376Z  100.00 ┤
2026-09-22T19:57:10.2931525Z   90.00 ┤
2026-09-22T19:57:10.2931659Z   80.00 ┤
2026-09-22T19:57:10.2931794Z   70.00 ┤
2026-09-22T19:57:10.2931926Z   60.00 ┤
2026-09-22T19:57:10.2932056Z   50.00 ┤
2026-09-22T19:57:10.2932198Z   40.00 ┤
2026-09-22T19:57:10.2932395Z   30.00 ┤                        ╭────────────────────────────────────────────
2026-09-22T19:57:10.2932639Z   20.00 ┼────────────────────────╯
2026-09-22T19:57:10.2932818Z   10.00 ┤
2026-09-22T19:57:10.2932953Z    0.00 ┤
2026-09-22T19:57:10.2933186Z          Filesystem Utilization by Mount (min: 19.66, max: 29.49, avg: 25.18 %)
2026-09-22T19:57:10.2933394Z 
2026-09-22T19:57:10.2933471Z 📈 Summary Statistics:
2026-09-22T19:57:10.2933705Z --------------------------------------------------------------------------------
2026-09-22T19:57:10.2934061Z   system.cpu.load_average.1m                     min: 0.16  max: 4.64  avg: 2.85 
2026-09-22T19:57:10.2934415Z   system.cpu.load_average.5m                     min: 0.03  max: 1.41  avg: 0.89 
2026-09-22T19:57:10.2934775Z   system.memory.utilization (used)               min: 1.46  max: 12.20  avg: 6.75 %
2026-09-22T19:57:10.2935157Z   system.filesystem.utilization (/)              min: 19.66  max: 29.49  avg: 25.18 %
2026-09-22T19:57:10.2935537Z ================================================================================
2026-09-22T19:57:10.8178430Z 📤 metrics.jsonl uploaded (284896 bytes) to s3://runs-on-v3-s3bucketcache-dbnub4tpjhpv/cache/metrics/v1/vortex-data/vortex/35776817261/bench-codspeed/i-0314d5e05d01bfdfd/metrics.jsonl
2026-09-22T19:57:10.8225705Z ##[error]Process completed with exit code 1.
2026-09-22T19:57:10.8277702Z Cleaning up orphan processes
2026-09-22T19:57:10.8709572Z Terminate orphan process: pid (1718) (sccache)
