{"fineweb/text|12": {"ratio": 1.6841847880360803, "auto_kernel": "4tpt_split8read_b128o12", "auto_gib": 812.0460079334763, "best_kernel": "4tpt_split8read_b128o12", "best_gib": 812.0460079334763, "verified": false, "zstd_hw_supported": false, "zstd_best_ratio": 2.5695682315325636, "zstd_best_gib": 6.932082988302488, "zstd_best_level": 3, "zstd_fast_gib": 16.23207145051725}, "fineweb/text|14": {"ratio": 2.279991157269951, "auto_kernel": "4tpt_split8read_b128o12", "auto_gib": 619.6626754611764, "best_kernel": "4tpt_split8read_b128o12", "best_gib": 619.6626754611764, "verified": false, "zstd_hw_supported": false, "zstd_best_ratio": 2.5695682315325636, "zstd_best_gib": 6.9257794655067135, "zstd_best_level": 3, "zstd_fast_gib": 16.230295362973315}, "fineweb/text|16": {"ratio": 2.8928024195340645, "auto_kernel": "4tpt_b128o12", "auto_gib": 635.785006554426, "best_kernel": "4tpt_b64", "best_gib": 638.1909713829757, "verified": false, "zstd_hw_supported": false, "zstd_best_ratio": 2.5695682315325636, "zstd_best_gib": 7.413337180497428, "zstd_best_level": 3, "zstd_fast_gib": 17.5044932685384}, "wikipedia/text|12": {"ratio": 1.6161136230303155, "auto_kernel": "4tpt_split8read_b128o12", "auto_gib": 752.508949400672, "best_kernel": "4tpt_split8read_b128o12", "best_gib": 752.508949400672, "verified": false, "zstd_hw_supported": false, "zstd_best_ratio": 2.7354146294159927, "zstd_best_gib": 1.005232068288058, "zstd_best_level": 3, "zstd_fast_gib": 1.7077891302798727}, "wikipedia/text|16": {"ratio": 2.806030495027918, "auto_kernel": "4tpt_b128o12", "auto_gib": 620.0191344189548, "best_kernel": "4tpt_split8read_b128o12", "best_gib": 624.6826900860511, "verified": false, "zstd_hw_supported": false, "zstd_best_ratio": 2.7354146294159927, "zstd_best_gib": 1.1259834065541978, "zstd_best_level": 3, "zstd_fast_gib": 2.1168736228408185}, "clickbench/URL|12": {"ratio": 2.3442034084999035, "auto_kernel": "4tpt_split8read_b128o12", "auto_gib": 844.9234061961475, "best_kernel": "4tpt_split8read_b128o12", "best_gib": 844.9234061961475, "verified": false, "zstd_hw_supported": false, "zstd_best_ratio": 5.638052450914974, "zstd_best_gib": 112.18648516823005, "zstd_best_level": 3, "zstd_fast_gib": 155.59010982260992}, "clickbench/URL|14": {"ratio": 3.3204104893348396, "auto_kernel": "4tpt_b128o12", "auto_gib": 869.6192573267972, "best_kernel": "4tpt_split8read_b128o12", "best_gib": 883.448160748633, "verified": false, "zstd_hw_supported": false, "zstd_best_ratio": 5.638052450914974, "zstd_best_gib": 112.02123294748617, "zstd_best_level": 3, "zstd_fast_gib": 155.44779656338736}, "clickbench/URL|16": {"ratio": 4.264215787877813, "auto_kernel": "4tpt_b128o12", "auto_gib": 951.1708421563097, "best_kernel": "4tpt_b128", "best_gib": 956.4527932292892, "verified": false, "zstd_hw_supported": false, "zstd_best_ratio": 5.638052450914974, "zstd_best_gib": 112.1022222257513, "zstd_best_level": 3, "zstd_fast_gib": 156.43225687691472}, "tpch-sf10/l_comment|12": {"ratio": 3.8876753112718823, "auto_kernel": "4tpt_b128o12", "auto_gib": 1103.9597842572005, "best_kernel": "4tpt_b512o3", "best_gib": 1104.5515878153099, "verified": false, "zstd_hw_supported": false, "zstd_best_ratio": 2.867278300724909, "zstd_best_gib": 84.5142428469415, "zstd_best_level": 3, "zstd_fast_gib": 94.83852937062343}, "tpch-sf10/l_comment|14": {"ratio": 3.6366633863678848, "auto_kernel": "4tpt_b128o12", "auto_gib": 115.70033593984762, "best_kernel": "4tpt_split8read_b128o12", "best_gib": 161.66955564617453, "verified": false, "zstd_hw_supported": false, "zstd_best_ratio": 2.8646848785895864, "zstd_best_gib": 1.0793000729133382, "zstd_best_level": 3, "zstd_fast_gib": 1.2046434020788306}, "tpch-sf10/l_comment|16": {"ratio": 5.202390106048488, "auto_kernel": "4tpt_b128o12", "auto_gib": 946.2798307112131, "best_kernel": "4tpt_b128o12", "best_gib": 946.2798307112131, "verified": false, "zstd_hw_supported": false, "zstd_best_ratio": 2.867278300724909, "zstd_best_gib": 84.55959014965816, "zstd_best_level": 3, "zstd_fast_gib": 94.86118752732246}, "tpch-sf10/ps_comment|12": {"ratio": 5.124384370848106, "auto_kernel": "4tpt_b128o12", "auto_gib": 1246.197144422668, "best_kernel": "4tpt_b128", "best_gib": 1260.5925125638398, "verified": false, "zstd_hw_supported": false, "zstd_best_ratio": 4.164205448565566, "zstd_best_gib": 75.18856024224067, "zstd_best_level": 3, "zstd_fast_gib": 75.18856024224067}, "tpch-sf10/ps_comment|16": {"ratio": 6.337262422434236, "auto_kernel": "4tpt_b128o12", "auto_gib": 1042.0756777690317, "best_kernel": "4tpt_b64", "best_gib": 1046.8610017691853, "verified": false, "zstd_hw_supported": false, "zstd_best_ratio": 4.164205448565566, "zstd_best_gib": 75.26354141776032, "zstd_best_level": 3, "zstd_fast_gib": 75.26354141776032}, "tpch-sf10/s_comment|12": {"ratio": 4.467328044978688, "auto_kernel": "4tpt_b128o12", "auto_gib": 277.6976105068318, "best_kernel": "4tpt_o6", "best_gib": 355.91864974005847, "verified": false, "zstd_hw_supported": false, "zstd_best_ratio": 3.675256812364911, "zstd_best_gib": 1.326408696853358, "zstd_best_level": 3, "zstd_fast_gib": 1.326408696853358}, "tpch-sf10/s_comment|16": {"ratio": 4.641869381830296, "auto_kernel": "4tpt_b128o12", "auto_gib": 222.9760991636322, "best_kernel": "4tpt_wpb8_occ", "best_gib": 342.6600213015878, "verified": false, "zstd_hw_supported": false, "zstd_best_ratio": 3.675256812364911, "zstd_best_gib": 1.3441147608350126, "zstd_best_level": 3, "zstd_fast_gib": 1.3441147608350126}, "dbtext/email|12": {"ratio": 1.7881492779841324, "auto_kernel": "4tpt_split8read_b128o12", "auto_gib": 145.70847514388717, "best_kernel": "8tpt_b128", "best_gib": 151.5497150475895, "verified": false, "zstd_hw_supported": false, "zstd_best_ratio": 1.8807938371995927, "zstd_best_gib": 0.847392467925759, "zstd_best_level": 3, "zstd_fast_gib": 1.777896477658303}, "dbtext/email|16": {"ratio": 1.9440711939699618, "auto_kernel": "4tpt_split8read_b128o12", "auto_gib": 105.99942224805385, "best_kernel": "4tpt_wpb8_occ", "best_gib": 117.7023334861752, "verified": false, "zstd_hw_supported": false, "zstd_best_ratio": 1.8807938371995927, "zstd_best_gib": 0.8574196556519214, "zstd_best_level": 3, "zstd_fast_gib": 1.7767699455745343}, "dbtext/hex|12": {"ratio": 1.026147738928764, "auto_kernel": "s4l1_16tpt", "auto_gib": 57.88457282506272, "best_kernel": "4tpt_split4read_b128o12", "best_gib": 65.99130828323514, "verified": false, "zstd_hw_supported": false, "zstd_best_ratio": 1.6371940020059352, "zstd_best_gib": 0.5187273280531026, "zstd_best_level": 1, "zstd_fast_gib": 1.3865656009497052}, "dbtext/hex|16": {"ratio": 1.084993100165897, "auto_kernel": "s8_4tpt", "auto_gib": 41.35167723756943, "best_kernel": "4tpt_split4read_b128o12", "best_gib": 67.61463938969733, "verified": false, "zstd_hw_supported": false, "zstd_best_ratio": 1.6371940020059352, "zstd_best_gib": 0.5102601146117328, "zstd_best_level": 1, "zstd_fast_gib": 1.4766614341773823}, "dbtext/yago|12": {"ratio": 1.372236918598101, "auto_kernel": "4tpt_split8read_b128o12", "auto_gib": 108.26091621396111, "best_kernel": "4tpt_ldcs", "best_gib": 108.28847614375438, "verified": false, "zstd_hw_supported": false, "zstd_best_ratio": 1.4741394543469648, "zstd_best_gib": 0.7527695714102629, "zstd_best_level": 3, "zstd_fast_gib": 2.066721350881549}, "dbtext/yago|16": {"ratio": 1.62460162763566, "auto_kernel": "4tpt_split8read_b128o12", "auto_gib": 84.01714240329765, "best_kernel": "4tpt_b512o3", "best_gib": 93.16632178104514, "verified": false, "zstd_hw_supported": false, "zstd_best_ratio": 1.4741394543469648, "zstd_best_gib": 0.7608356399922586, "zstd_best_level": 3, "zstd_fast_gib": 1.8329004029593494}, "dbtext/l_comment|12": {"ratio": 3.548779898979874, "auto_kernel": "4tpt_b128o12", "auto_gib": 174.42185978066613, "best_kernel": "4tpt_b64", "best_gib": 185.08021653106792, "verified": false, "zstd_hw_supported": false, "zstd_best_ratio": 2.8646848785895864, "zstd_best_gib": 1.070475871845755, "zstd_best_level": 3,