o_year	mkt_share
1995	0.034435890407
1996	0.041485521294
