2026-09-22T18:37:00.1463749Z Current runner version: '2.336.0'
2026-09-22T18:37:00.1467391Z Runner name: 'runs-on--i-02a0b666295a069f9--23807f91-0'
2026-09-22T18:37:00.1468008Z Runner group name: 'Default'
2026-09-22T18:37:00.1468630Z Machine name: 'ip-10-1-2-148'
2026-09-22T18:37:00.1481775Z ##[group]🏃 Runner details (c7i.metal-24xl, spot, v3.3.0)
2026-09-22T18:37:00.1482737Z ┌───────────────────┬────────────────────────────────────────────────────────────────────────────────────────────────────────────────────────────────────────────────────────┐
2026-09-22T18:37:00.1483661Z │       INFO        │                                                                         VALUE                                                                          │
2026-09-22T18:37:00.1484559Z ├───────────────────┼────────────────────────────────────────────────────────────────────────────────────────────────────────────────────────────────────────────────────────┤
2026-09-22T18:37:00.1485954Z │ Labels            │ [runs-on=35767877888/runner=bench-dedicated/family=c7i.metal-24xl/image=ubuntu24-full-x64-pre-v2/extras=s3-cache/tag=bench-codspeed-cpu-features-avx2] │
2026-09-22T18:37:00.1487194Z │ Extras            │ [s3-cache]                                                                                                                                             │
2026-09-22T18:37:00.1488070Z │ PrivateIp         │ 10.1.2.148                                                                                                                                             │
2026-09-22T18:37:00.1489010Z │ IsPrivate         │ false                                                                                                                                                  │
2026-09-22T18:37:00.1489904Z │ Environment       │ production                                                                                                                                             │
2026-09-22T18:37:00.1490792Z │ StackName         │ runs-on-v3                                                                                                                                             │
2026-09-22T18:37:00.1491670Z │ Region            │ us-east-1                                                                                                                                              │
2026-09-22T18:37:00.1492616Z │ AvailabilityZone  │ us-east-1a                                                                                                                                             │
2026-09-22T18:37:00.1493542Z │ Version           │ v3.3.0                                                                                                                                                 │
2026-09-22T18:37:00.1494497Z │ RunnerName        │ runs-on--i-02a0b666295a069f9--23807f91-0                                                                                                               │
2026-09-22T18:37:00.1495623Z │ AssignmentId      │ 23807f91-0c7b-46b4-9b3b-080dd18cf444                                                                                                                   │
2026-09-22T18:37:00.1496758Z │ BucketCacheName   │ runs-on-v3-s3bucketcache-dbnub4tpjhpv                                                                                                                  │
2026-09-22T18:37:00.1497835Z │ InstanceId        │ i-02a0b666295a069f9                                                                                                                                    │
2026-09-22T18:37:00.1498832Z │ InstanceType      │ c7i.metal-24xl                                                                                                                                         │
2026-09-22T18:37:00.1499776Z │ InstanceLifecycle │ spot                                                                                                                                                   │
2026-09-22T18:37:00.1500890Z │ InstanceRAM       │ 193002.60 MiB                                                                                                                                          │
2026-09-22T18:37:00.1501904Z │ InstanceCPU       │ 96 cores                                                                                                                                               │
2026-09-22T18:37:00.1502802Z │ InstanceDisk1     │ /=/dev/nvme0n1p1                                                                                                                                       │
2026-09-22T18:37:00.1503747Z │                   │ Free=76.97GiB Used=18.84GiB                                                                                                                            │
2026-09-22T18:37:00.1504688Z │ ImageId           │ ami-0d8875560af9e1401                                                                                                                                  │
2026-09-22T18:37:00.1505668Z │ ImageName         │ vortex-ci-v2-x64-20260831011844                                                                                                                        │
2026-09-22T18:37:00.1506646Z │ Platform          │ linux                                                                                                                                                  │
2026-09-22T18:37:00.1507527Z │ Architecture      │ x64                                                                                                                                                    │
2026-09-22T18:37:00.1508428Z │ HasPreinstall     │ false                                                                                                                                                  │
2026-09-22T18:37:00.1509335Z │ HasPrerun         │ false                                                                                                                                                  │
2026-09-22T18:37:00.1510308Z │ IsDebug           │ false                                                                                                                                                  │
2026-09-22T18:37:00.1511168Z │ Integrations      │ []                                                                                                                                                     │
2026-09-22T18:37:00.1512067Z └───────────────────┴────────────────────────────────────────────────────────────────────────────────────────────────────────────────────────────────────────────────────────┘
2026-09-22T18:37:00.1512798Z ##[endgroup]
2026-09-22T18:37:00.1513216Z ##[group]⏱️ Timings - 76.90s
2026-09-22T18:37:00.1513825Z ┌──────────────────────┬─────────────────────────────────┬─────────┬────────┐
2026-09-22T18:37:00.1514432Z │         TIME         │              STEP               │  DIFF   │ TOTAL  │
2026-09-22T18:37:00.1515051Z ├──────────────────────┼─────────────────────────────────┼─────────┼────────┤
2026-09-22T18:37:00.1515804Z │ 2026-09-22T18:35:40Z │ job-created                     │ 0ms     │ 0.0s   │
2026-09-22T18:37:00.1516574Z │ 2026-09-22T18:35:41Z │ job-received                    │ 1004ms  │ 1.00s  │
2026-09-22T18:37:00.1517263Z │ 2026-09-22T18:36:13Z │ job-scheduled                   │ 32124ms │ 33.13s │
2026-09-22T18:37:00.1517972Z │ 2026-09-22T18:36:14Z │ instance-pending                │ 871ms   │ 34.00s │
2026-09-22T18:37:00.1518704Z │ 2026-09-22T18:36:15Z │ runner-registered               │ 1592ms  │ 35.59s │
2026-09-22T18:37:00.1519407Z │ 2026-09-22T18:36:55Z │ agent-booting                   │ 39675ms │ 75.27s │
2026-09-22T18:37:00.1520127Z │ 2026-09-22T18:36:55Z │ runner-setup-global-env         │ 16ms    │ 75.28s │
2026-09-22T18:37:00.1520832Z │ 2026-09-22T18:36:55Z │ runner-setup-user               │ 54ms    │ 75.34s │
2026-09-22T18:37:00.1521513Z │ 2026-09-22T18:36:55Z │ agent-metadata                  │ 86ms    │ 75.43s │
2026-09-22T18:37:00.1522184Z │ 2026-09-22T18:36:55Z │ instance-config                 │ 75ms    │ 75.50s │
2026-09-22T18:37:00.1522913Z │ 2026-09-22T18:36:55Z │ runner-otel-setup-tracer        │ 0ms     │ 75.50s │
2026-09-22T18:37:00.1523615Z │ 2026-09-22T18:36:55Z │ runner-otel-setup-collector     │ 0ms     │ 75.50s │
2026-09-22T18:37:00.1524302Z │ 2026-09-22T18:36:56Z │ runner-resize-disk              │ 1204ms  │ 76.71s │
2026-09-22T18:37:00.1525007Z │ 2026-09-22T18:36:56Z │ runner-prepare-mount-points     │ 0ms     │ 76.71s │
2026-09-22T18:37:00.1525696Z │ 2026-09-22T18:36:56Z │ runner-setup-mount-points       │ 66ms    │ 76.77s │
2026-09-22T18:37:00.1526425Z │ 2026-09-22T18:36:56Z │ runner-setup-agent              │ 5ms     │ 76.78s │
2026-09-22T18:37:00.1527103Z │ 2026-09-22T18:36:56Z │ runner-setup-aws-profile        │ 0ms     │ 76.78s │
2026-09-22T18:37:00.1527784Z │ 2026-09-22T18:36:56Z │ runner-setup-host               │ 0ms     │ 76.78s │
2026-09-22T18:37:00.1528470Z │ 2026-09-22T18:36:56Z │ runner-config                   │ 24ms    │ 76.80s │
2026-09-22T18:37:00.1529224Z │ 2026-09-22T18:36:56Z │ runner-otel-restart             │ 0ms     │ 76.80s │
2026-09-22T18:37:00.1529929Z │ 2026-09-22T18:36:56Z │ runner-env                      │ 6ms     │ 76.81s │
2026-09-22T18:37:00.1530620Z │ 2026-09-22T18:36:56Z │ runner-setup-integrations       │ 60ms    │ 76.87s │
2026-09-22T18:37:00.1531337Z │ 2026-09-22T18:36:56Z │ runner-chown-runner-directories │ 0ms     │ 76.87s │
2026-09-22T18:37:00.1532025Z │ 2026-09-22T18:36:56Z │ runner-start-local-server       │ 0ms     │ 76.87s │
2026-09-22T18:37:00.1532712Z │ 2026-09-22T18:36:56Z │ runner-setup-s3-cache           │ 24ms    │ 76.89s │
2026-09-22T18:37:00.1533413Z │ 2026-09-22T18:36:56Z │ runner-setup-hooks              │ 9ms     │ 76.90s │
2026-09-22T18:37:00.1534046Z └──────────────────────┴─────────────────────────────────┴─────────┴────────┘
2026-09-22T18:37:00.1534580Z ##[endgroup]
2026-09-22T18:37:00.1535320Z ##[group]GITHUB_TOKEN Permissions
2026-09-22T18:37:00.1537264Z Contents: read
2026-09-22T18:37:00.1537643Z Metadata: read
2026-09-22T18:37:00.1538020Z ##[endgroup]
2026-09-22T18:37:00.1539574Z Secret source: Actions
2026-09-22T18:37:00.1540208Z Cache mode: write
2026-09-22T18:37:00.1540676Z Prepare workflow directory
2026-09-22T18:37:00.1779751Z Prepare all required actions
2026-09-22T18:37:00.1812482Z Getting action download info
2026-09-22T18:37:00.3885099Z Download action repository 'runs-on/action@v2' (SHA:efac073ea2507ec18797de3a81704201ade11d9d)
2026-09-22T18:37:00.7731432Z Download action repository 'actions/checkout@3d3c42e5aac5ba805825da76410c181273ba90b1' (SHA:3d3c42e5aac5ba805825da76410c181273ba90b1)
2026-09-22T18:37:00.8088735Z Download action repository 'taiki-e/cache-cargo-install-action@66c9585ef5ca780ee69399975a5e911f47905995' (SHA:66c9585ef5ca780ee69399975a5e911f47905995)
2026-09-22T18:37:00.8905362Z Download action repository 'actions/download-artifact@3e5f45b2cfb9172054b4087a40e8e0b5a5461e7c' (SHA:3e5f45b2cfb9172054b4087a40e8e0b5a5461e7c)
2026-09-22T18:37:01.0069791Z Download action repository 'CodSpeedHQ/action@4296e51e7041e24dadb86d1d6e8b9320d223dbe8' (SHA:4296e51e7041e24dadb86d1d6e8b9320d223dbe8)
2026-09-22T18:37:01.1375513Z Getting action download info
2026-09-22T18:37:01.2403690Z Download action repository 'actions/cache@668228422ae6a00e4ad889ee87cd7109ec5666a7' (SHA:668228422ae6a00e4ad889ee87cd7109ec5666a7)
2026-09-22T18:37:01.4352258Z Getting action download info
2026-09-22T18:37:01.5190430Z Download action repository 'actions/github-script@ed597411d8f924073f98dfc5c65a23a2325f34cd' (SHA:ed597411d8f924073f98dfc5c65a23a2325f34cd)
2026-09-22T18:37:01.6295896Z Complete job name: Benchmark with Codspeed (avx2)
2026-09-22T18:37:01.6967139Z A job started hook has been configured by the self-hosted runner administrator
2026-09-22T18:37:01.7278410Z ##[group]Run '/runs-on/pre.sh'
2026-09-22T18:37:01.7300545Z shell: /usr/bin/bash --noprofile --norc -e -o pipefail {0}
2026-09-22T18:37:01.7301248Z ##[endgroup]
2026-09-22T18:37:01.7439616Z 
2026-09-22T18:37:01.7440173Z 👋 This self-hosted runner was launched with RunsOn (https://runs-on.com). Join the party!
2026-09-22T18:37:01.7440638Z 
2026-09-22T18:37:01.7449320Z ##[group]Job identity
2026-09-22T18:37:01.7449697Z Organization: vortex-data
2026-09-22T18:37:01.7450099Z Repository: vortex-data/vortex
2026-09-22T18:37:01.7450410Z Workflow: Codspeed Benchmarking
2026-09-22T18:37:01.7450735Z Job: bench-codspeed-cpu-features
2026-09-22T18:37:01.7451330Z ##[endgroup]
2026-09-22T18:37:01.7451469Z 
2026-09-22T18:37:01.7452050Z ##[group]💡 Additional environment variables available in your steps
2026-09-22T18:37:01.7532147Z ACTIONS_CACHE_SERVICE_V2=true
2026-09-22T18:37:01.7532778Z ACTIONS_CACHE_URL=http://10.1.2.148:6871/
2026-09-22T18:37:01.7533152Z ACTIONS_RESULTS_URL=http://10.1.2.148:6871/
2026-09-22T18:37:01.7533547Z ACTIONS_RUNNER_HOOK_JOB_COMPLETED=/runs-on/post.sh
2026-09-22T18:37:01.7533924Z ACTIONS_RUNNER_HOOK_JOB_STARTED=/runs-on/pre.sh
2026-09-22T18:37:01.7534275Z GITHUB_API_URL=https://api.github.com/
2026-09-22T18:37:01.7534590Z GITHUB_HOST=github.com
2026-09-22T18:37:01.7534896Z GITHUB_SERVER_URL=https://github.com/
2026-09-22T18:37:01.7535236Z RUNNER_TOOL_CACHE=/opt/hostedtoolcache
2026-09-22T18:37:01.7535538Z RUNS_ON_AGENT_ARCH=x64
2026-09-22T18:37:01.7535856Z RUNS_ON_AGENT_BINARY=/runs-on/agent
2026-09-22T18:37:01.7536183Z RUNS_ON_AGENT_USER=runner
2026-09-22T18:37:01.7536463Z RUNS_ON_AMI_ID=ami-0d8875560af9e1401
2026-09-22T18:37:01.7536781Z RUNS_ON_AWS_AZ=us-east-1a
2026-09-22T18:37:01.7537057Z RUNS_ON_AWS_REGION=us-east-1
2026-09-22T18:37:01.7537359Z RUNS_ON_ENV_CUSTOM_FILE=/runs-on/env.custom
2026-09-22T18:37:01.7537733Z RUNS_ON_HOME=/runs-on
2026-09-22T18:37:01.7538022Z RUNS_ON_INSTANCE_ID=i-02a0b666295a069f9
2026-09-22T18:37:01.7538365Z RUNS_ON_INSTANCE_LAUNCHED_AT=2026-09-22T18:36:13Z
2026-09-22T18:37:01.7538783Z RUNS_ON_INSTANCE_LIFECYCLE=spot
2026-09-22T18:37:01.7539074Z RUNS_ON_INSTANCE_TYPE=c7i.metal-24xl
2026-09-22T18:37:01.7539478Z RUNS_ON_RUNNER_NAME=runs-on--i-02a0b666295a069f9--23807f91-0
2026-09-22T18:37:01.7539908Z RUNS_ON_S3_BUCKET_CACHE=runs-on-v3-s3bucketcache-dbnub4tpjhpv
2026-09-22T18:37:01.7540333Z RUNS_ON_S3_CACHE_REPO_PREFIX=cache/repo/vortex-data/vortex
2026-09-22T18:37:01.7540679Z RUNS_ON_STACK_NAME=runs-on-v3
2026-09-22T18:37:01.7540944Z RUNS_ON_VERSION=v3.3.0
2026-09-22T18:37:01.7541518Z ##[endgroup]
2026-09-22T18:37:01.7541673Z 
2026-09-22T18:37:01.7705716Z ##[group]Run runs-on/action@v2
2026-09-22T18:37:01.7706141Z with:
2026-09-22T18:37:01.7706403Z   show_env: false
2026-09-22T18:37:01.7706642Z   show_costs: inline
2026-09-22T18:37:01.7706936Z   network_interface: enp39s0
2026-09-22T18:37:01.7707225Z   disk_device: nvme0n1p1
2026-09-22T18:37:01.7709187Z   token: ***
2026-09-22T18:37:01.7709447Z   sticky_wait_timeout: 15m
2026-09-22T18:37:01.7709707Z env:
2026-09-22T18:37:01.7709997Z   CARGO_TERM_COLOR: always
2026-09-22T18:37:01.7710253Z   RUST_BACKTRACE: 1
2026-09-22T18:37:01.7710536Z   NIGHTLY_TOOLCHAIN: nightly-2026-09-10
2026-09-22T18:37:01.7710863Z   RUNNER_TOOL_CACHE: /opt/hostedtoolcache
2026-09-22T18:37:01.7711192Z   RUNS_ON_HOME: /runs-on
2026-09-22T18:37:01.7711478Z   RUNS_ON_VERSION: v3.3.0
2026-09-22T18:37:01.7711901Z   RUNS_ON_AGENT_BINARY: /runs-on/agent
2026-09-22T18:37:01.7712206Z   RUNS_ON_AGENT_ARCH: x64
2026-09-22T18:37:01.7712486Z   RUNS_ON_AGENT_USER: runner
2026-09-22T18:37:01.7712847Z   RUNS_ON_AMI_ID: ami-0d8875560af9e1401
2026-09-22T18:37:01.7713138Z   RUNS_ON_AWS_REGION: us-east-1
2026-09-22T18:37:01.7713404Z   RUNS_ON_AWS_AZ: us-east-1a
2026-09-22T18:37:01.7713738Z   RUNS_ON_ENV_CUSTOM_FILE: /runs-on/env.custom
2026-09-22T18:37:01.7714089Z   RUNS_ON_INSTANCE_ID: i-02a0b666295a069f9
2026-09-22T18:37:01.7714417Z   RUNS_ON_INSTANCE_LIFECYCLE: spot
2026-09-22T18:37:01.7714711Z   RUNS_ON_INSTANCE_TYPE: c7i.metal-24xl
2026-09-22T18:37:01.7715049Z   RUNS_ON_STACK_NAME: runs-on-v3
2026-09-22T18:37:01.7715461Z   RUNS_ON_S3_BUCKET_CACHE: runs-on-v3-s3bucketcache-dbnub4tpjhpv
2026-09-22T18:37:01.7715843Z   ACTIONS_RUNNER_HOOK_JOB_STARTED: /runs-on/pre.sh
2026-09-22T18:37:01.7716217Z   ACTIONS_RUNNER_HOOK_JOB_COMPLETED: /runs-on/post.sh
2026-09-22T18:37:01.7716561Z   GITHUB_SERVER_URL: https://github.com/
2026-09-22T18:37:01.7716873Z   GITHUB_API_URL: https://api.github.com/
2026-09-22T18:37:01.7717254Z   GITHUB_HOST: github.com
2026-09-22T18:37:01.7717576Z   RUNS_ON_RUNNER_NAME: runs-on--i-02a0b666295a069f9--23807f91-0
2026-09-22T18:37:01.7717979Z   RUNS_ON_INSTANCE_LAUNCHED_AT: 2026-09-22T18:36:13Z
2026-09-22T18:37:01.7718312Z   ACTIONS_CACHE_URL: http://10.1.2.148:6871/
2026-09-22T18:37:01.7718612Z   ACTIONS_CACHE_SERVICE_V2: true
2026-09-22T18:37:01.7719014Z   ACTIONS_RESULTS_URL: http://10.1.2.148:6871/
2026-09-22T18:37:01.7719370Z   RUNS_ON_S3_CACHE_REPO_PREFIX: cache/repo/vortex-data/vortex
2026-09-22T18:37:01.7719724Z ##[endgroup]
2026-09-22T18:37:02.3458158Z Input 'show_env': false
2026-09-22T18:37:02.3459331Z Input 'show_costs': inline
2026-09-22T18:37:02.3459713Z Input 'metrics': []
2026-09-22T18:37:02.3460143Z Input 'network_interface': enp39s0
2026-09-22T18:37:02.3460464Z Input 'disk_device': nvme0n1p1
2026-09-22T18:37:02.3460736Z Input 'sccache': 
2026-09-22T18:37:02.3461092Z Input 'sticky_cache': []
2026-09-22T18:37:02.3461471Z Input 'sticky_wait_timeout': 15m0s
2026-09-22T18:37:02.3462009Z ZCTIONS_RESULTS_URL is set: https://results-receiver.actions.githubusercontent.com/
2026-09-22T18:37:02.3462763Z ZCTIONS_CACHE_URL is set: https://acghubeus1.actions.githubusercontent.com/XtqVEj2MXQCbzj6x6n8CMomnIjyhqqRNuSgameoSnKmgcNZw2F/
2026-09-22T18:37:02.3463369Z ACTIONS_RUNTIME_TOKEN is set.
2026-09-22T18:37:02.3463854Z Config update response status: 200 OK
2026-09-22T18:37:02.3464999Z show_costs is enabled. You will find cost details in the post-execution step of this action.
2026-09-22T18:37:02.3465697Z Action finished.
2026-09-22T18:37:02.3721271Z ##[group]Run actions/checkout@3d3c42e5aac5ba805825da76410c181273ba90b1
2026-09-22T18:37:02.3721601Z with:
2026-09-22T18:37:02.3721804Z   repository: vortex-data/vortex
2026-09-22T18:37:02.3723602Z   token: ***
2026-09-22T18:37:02.3723796Z   ssh-strict: true
2026-09-22T18:37:02.3723998Z   ssh-user: git
2026-09-22T18:37:02.3724195Z   persist-credentials: true
2026-09-22T18:37:02.3724423Z   clean: true
2026-09-22T18:37:02.3724623Z   sparse-checkout-cone-mode: true
2026-09-22T18:37:02.3724849Z   fetch-depth: 1
2026-09-22T18:37:02.3725037Z   fetch-tags: false
2026-09-22T18:37:02.3725231Z   show-progress: true
2026-09-22T18:37:02.3725429Z   lfs: false
2026-09-22T18:37:02.3725611Z   submodules: false
2026-09-22T18:37:02.3725810Z   set-safe-directory: true
2026-09-22T18:37:02.3726028Z   allow-unsafe-pr-checkout: false
2026-09-22T18:37:02.3726246Z env:
2026-09-22T18:37:02.3726426Z   CARGO_TERM_COLOR: always
2026-09-22T18:37:02.3726633Z   RUST_BACKTRACE: 1
2026-09-22T18:37:02.3726863Z   NIGHTLY_TOOLCHAIN: nightly-2026-09-10
2026-09-22T18:37:02.3727120Z   RUNNER_TOOL_CACHE: /opt/hostedtoolcache
2026-09-22T18:37:02.3727362Z   RUNS_ON_HOME: /runs-on
2026-09-22T18:37:02.3727568Z   RUNS_ON_VERSION: v3.3.0
2026-09-22T18:37:02.3727784Z   RUNS_ON_AGENT_BINARY: /runs-on/agent
2026-09-22T18:37:02.3728021Z   RUNS_ON_AGENT_ARCH: x64
2026-09-22T18:37:02.3728224Z   RUNS_ON_AGENT_USER: runner
2026-09-22T18:37:02.3728527Z   RUNS_ON_AMI_ID: ami-0d8875560af9e1401
2026-09-22T18:37:02.3728801Z   RUNS_ON_AWS_REGION: us-east-1
2026-09-22T18:37:02.3729021Z   RUNS_ON_AWS_AZ: us-east-1a
2026-09-22T18:37:02.3729249Z   RUNS_ON_ENV_CUSTOM_FILE: /runs-on/env.custom
2026-09-22T18:37:02.3729508Z   RUNS_ON_INSTANCE_ID: i-02a0b666295a069f9
2026-09-22T18:37:02.3729748Z   RUNS_ON_INSTANCE_LIFECYCLE: spot
2026-09-22T18:37:02.3729981Z   RUNS_ON_INSTANCE_TYPE: c7i.metal-24xl
2026-09-22T18:37:02.3730209Z   RUNS_ON_STACK_NAME: runs-on-v3
2026-09-22T18:37:02.3730482Z   RUNS_ON_S3_BUCKET_CACHE: runs-on-v3-s3bucketcache-dbnub4tpjhpv
2026-09-22T18:37:02.3730797Z   ACTIONS_RUNNER_HOOK_JOB_STARTED: /runs-on/pre.sh
2026-09-22T18:37:02.3731086Z   ACTIONS_RUNNER_HOOK_JOB_COMPLETED: /runs-on/post.sh
2026-09-22T18:37:02.3731362Z   GITHUB_SERVER_URL: https://github.com/
2026-09-22T18:37:02.3731623Z   GITHUB_API_URL: https://api.github.com/
2026-09-22T18:37:02.3731863Z   GITHUB_HOST: github.com
2026-09-22T18:37:02.3732120Z   RUNS_ON_RUNNER_NAME: runs-on--i-02a0b666295a069f9--23807f91-0
2026-09-22T18:37:02.3732433Z   RUNS_ON_INSTANCE_LAUNCHED_AT: 2026-09-22T18:36:13Z
2026-09-22T18:37:02.3732710Z   ACTIONS_CACHE_URL: http://10.1.2.148:6871/
2026-09-22T18:37:02.3732948Z   ACTIONS_CACHE_SERVICE_V2: true
2026-09-22T18:37:02.3733182Z   ACTIONS_RESULTS_URL: http://10.1.2.148:6871/
2026-09-22T18:37:02.3733467Z   RUNS_ON_S3_CACHE_REPO_PREFIX: cache/repo/vortex-data/vortex
2026-09-22T18:37:02.3733745Z   RUNS_ON_ACTION_COST_TRACKING_CLAIMED: true
2026-09-22T18:37:02.3733972Z ##[endgroup]
2026-09-22T18:37:02.4784892Z Syncing repository: vortex-data/vortex
2026-09-22T18:37:02.4785460Z ##[group]Getting Git version info
2026-09-22T18:37:02.4785750Z Working directory is '/home/runner/_work/vortex/vortex'
2026-09-22T18:37:02.4786183Z [command]/usr/bin/git version
2026-09-22T18:37:02.4799825Z git version 2.55.0
2026-09-22T18:37:02.4810502Z ##[endgroup]
2026-09-22T18:37:02.4815574Z Temporarily overriding HOME='/home/runner/_work/_temp/af24479f-6876-4097-bc4f-9150599a7ced' before making global git config changes
2026-09-22T18:37:02.4816170Z Adding repository directory to the temporary git global config as a safe directory
2026-09-22T18:37:02.4818519Z [command]/usr/bin/git config --global --add safe.directory /home/runner/_work/vortex/vortex
2026-09-22T18:37:02.4835859Z Deleting the contents of '/home/runner/_work/vortex/vortex'
2026-09-22T18:37:02.4837418Z ##[group]Determining repository object format
2026-09-22T18:37:02.4838308Z ##[endgroup]
2026-09-22T18:37:02.4838649Z ##[group]Initializing the repository
2026-09-22T18:37:02.4840827Z [command]/usr/bin/git init /home/runner/_work/vortex/vortex
2026-09-22T18:37:02.5060448Z hint: Using 'master' as the name for the initial branch. This default branch name
2026-09-22T18:37:02.5060846Z hint: will change to "main" in Git 3.0. To configure the initial branch name
2026-09-22T18:37:02.5061242Z hint: to use in all of your new repositories, which will suppress this warning,
2026-09-22T18:37:02.5061552Z hint: call:
2026-09-22T18:37:02.5061737Z hint:
2026-09-22T18:37:02.5061984Z hint: 	git config --global init.defaultBranch <name>
2026-09-22T18:37:02.5062245Z hint:
2026-09-22T18:37:02.5062500Z hint: Names commonly chosen instead of 'master' are 'main', 'trunk' and
2026-09-22T18:37:02.5062891Z hint: 'development'. The just-created branch can be renamed via this command:
2026-09-22T18:37:02.5063188Z hint:
2026-09-22T18:37:02.5063370Z hint: 	git branch -m <name>
2026-09-22T18:37:02.5063579Z hint:
2026-09-22T18:37:02.5063851Z hint: Disable this message with "git config set advice.defaultBranchName false"
2026-09-22T18:37:02.5064246Z Initialized empty Git repository in /home/runner/_work/vortex/vortex/.git/
2026-09-22T18:37:02.5069496Z [command]/usr/bin/git remote add origin https://github.com/vortex-data/vortex
2026-09-22T18:37:02.5125219Z ##[endgroup]
2026-09-22T18:37:02.5125561Z ##[group]Disabling automatic garbage collection
2026-09-22T18:37:02.5128738Z [command]/usr/bin/git config --local gc.auto 0
2026-09-22T18:37:02.5145518Z ##[endgroup]
2026-09-22T18:37:02.5145914Z ##[group]Setting up auth
2026-09-22T18:37:02.5146159Z Removing SSH command configuration
2026-09-22T18:37:02.5149454Z [command]/usr/bin/git config --local --name-only --get-regexp core\.sshCommand
2026-09-22T18:37:02.5169551Z [command]/usr/bin/git submodule foreach --recursive sh -c "git config --local --name-only --get-regexp 'core\.sshCommand' && git config --local --unset-all 'core.sshCommand' || :"
2026-09-22T18:37:02.5991719Z Removing HTTP extra header
2026-09-22T18:37:02.5993731Z [command]/usr/bin/git config --local --name-only --get-regexp http\.https\:\/\/github\.com\/\.extraheader
2026-09-22T18:37:02.6016285Z [command]/usr/bin/git submodule foreach --recursive sh -c "git config --local --name-only --get-regexp 'http\.https\:\/\/github\.com\/\.extraheader' && git config --local --unset-all 'http.https://github.com/.extraheader' || :"
2026-09-22T18:37:02.6150698Z Removing includeIf entries pointing to credentials config files
2026-09-22T18:37:02.6154379Z [command]/usr/bin/git config --local --name-only --get-regexp ^includeIf\.gitdir:
2026-09-22T18:37:02.6176326Z [command]/usr/bin/git submodule foreach --recursive git config --local --show-origin --name-only --get-regexp remote.origin.url
2026-09-22T18:37:02.6313519Z [command]/usr/bin/git config --file /home/runner/_work/_temp/git-credentials-270b0214-70a1-4ef2-ad67-7ac59f1f767b.config http.https://github.com/.extraheader AUTHORIZATION: basic ***
2026-09-22T18:37:02.6353280Z [command]/usr/bin/git config --local includeIf.gitdir:/home/runner/_work/vortex/vortex/.git.path /home/runner/_work/_temp/git-credentials-270b0214-70a1-4ef2-ad67-7ac59f1f767b.config
2026-09-22T18:37:02.6373415Z [command]/usr/bin/git config --local includeIf.gitdir:/home/runner/_work/vortex/vortex/.git/worktrees/*.path /home/runner/_work/_temp/git-credentials-270b0214-70a1-4ef2-ad67-7ac59f1f767b.config
2026-09-22T18:37:02.6393174Z [command]/usr/bin/git config --local includeIf.gitdir:/github/workspace/.git.path /github/runner_temp/git-credentials-270b0214-70a1-4ef2-ad67-7ac59f1f767b.config
2026-09-22T18:37:02.6410296Z [command]/usr/bin/git config --local includeIf.gitdir:/github/workspace/.git/worktrees/*.path /github/runner_temp/git-credentials-270b0214-70a1-4ef2-ad67-7ac59f1f767b.config
2026-09-22T18:37:02.6426191Z ##[endgroup]
2026-09-22T18:37:02.6426551Z ##[group]Fetching the repository
2026-09-22T18:37:02.6430900Z [command]/usr/bin/git -c protocol.version=2 fetch --no-tags --prune --no-recurse-submodules --depth=1 origin +af4e9cb4934d90f2ca04b76864840e564821f939:refs/remotes/pull/9988/merge
2026-09-22T18:37:03.0564608Z From https://github.com/vortex-data/vortex
2026-09-22T18:37:03.0565088Z  * [new ref]         af4e9cb4934d90f2ca04b76864840e564821f939 -> pull/9988/merge
2026-09-22T18:37:03.0565936Z ##[endgroup]
2026-09-22T18:37:03.0566269Z ##[group]Determining the checkout info
2026-09-22T18:37:03.0566633Z ##[endgroup]
2026-09-22T18:37:03.0567961Z [command]/usr/bin/git sparse-checkout disable
2026-09-22T18:37:03.0624208Z [command]/usr/bin/git config --local --unset-all extensions.worktreeConfig
2026-09-22T18:37:03.0642254Z ##[group]Checking out the ref
2026-09-22T18:37:03.0644536Z [command]/usr/bin/git checkout --progress --force refs/remotes/pull/9988/merge
2026-09-22T18:37:03.2079722Z Note: switching to 'refs/remotes/pull/9988/merge'.
2026-09-22T18:37:03.2079959Z 
2026-09-22T18:37:03.2080133Z You are in 'detached HEAD' state. You can look around, make experimental
2026-09-22T18:37:03.2080525Z changes and commit them, and you can discard any commits you make in this
2026-09-22T18:37:03.2080907Z state without impacting any branches by switching back to a branch.
2026-09-22T18:37:03.2081156Z 
2026-09-22T18:37:03.2081339Z If you want to create a new branch to retain commits you create, you may
2026-09-22T18:37:03.2081688Z do so (now or later) by using -c with the switch command. Example:
2026-09-22T18:37:03.2081884Z 
2026-09-22T18:37:03.2081998Z   git switch -c <new-branch-name>
2026-09-22T18:37:03.2082151Z 
2026-09-22T18:37:03.2082246Z Or undo this operation with:
2026-09-22T18:37:03.2082589Z 
2026-09-22T18:37:03.2082678Z   git switch -
2026-09-22T18:37:03.2082809Z 
2026-09-22T18:37:03.2083003Z Turn off this advice by setting config variable advice.detachedHead to false
2026-09-22T18:37:03.2083230Z 
2026-09-22T18:37:03.2083494Z HEAD is now at af4e9cb Merge a01de348c7d0093b150fc86bd9b24550ec83c876 into 133aacdb7ef30f781552ec1f1d6ada9193bc9b4e
2026-09-22T18:37:03.2090337Z ##[endgroup]
2026-09-22T18:37:03.2123823Z [command]/usr/bin/git log -1 --format=%H
2026-09-22T18:37:03.2140415Z af4e9cb4934d90f2ca04b76864840e564821f939
2026-09-22T18:37:03.2306945Z Prepare all required actions
2026-09-22T18:37:03.2307366Z Getting action download info
2026-09-22T18:37:03.3226259Z Download action repository 'dtolnay/rust-toolchain@6bed0761d98439e5a578e2877258200ad565ba87' (SHA:6bed0761d98439e5a578e2877258200ad565ba87)
2026-09-22T18:37:03.4087127Z ##[group]Run ./.github/actions/setup-prebuild
2026-09-22T18:37:03.4087363Z with:
2026-09-22T18:37:03.4089119Z   repo-token: ***
2026-09-22T18:37:03.4089314Z   components: clippy, rustfmt
2026-09-22T18:37:03.4089521Z   protoc-version: 29.3
2026-09-22T18:37:03.4089700Z   enable-sccache: false
2026-09-22T18:37:03.4089869Z env:
2026-09-22T18:37:03.4090020Z   CARGO_TERM_COLOR: always
2026-09-22T18:37:03.4090201Z   RUST_BACKTRACE: 1
2026-09-22T18:37:03.4090376Z   NIGHTLY_TOOLCHAIN: nightly-2026-09-10
2026-09-22T18:37:03.4090596Z   RUNNER_TOOL_CACHE: /opt/hostedtoolcache
2026-09-22T18:37:03.4090803Z   RUNS_ON_HOME: /runs-on
2026-09-22T18:37:03.4090978Z   RUNS_ON_VERSION: v3.3.0
2026-09-22T18:37:03.4091196Z   RUNS_ON_AGENT_BINARY: /runs-on/agent
2026-09-22T18:37:03.4091394Z   RUNS_ON_AGENT_ARCH: x64
2026-09-22T18:37:03.4091564Z   RUNS_ON_AGENT_USER: runner
2026-09-22T18:37:03.4091750Z   RUNS_ON_AMI_ID: ami-0d8875560af9e1401
2026-09-22T18:37:03.4091947Z   RUNS_ON_AWS_REGION: us-east-1
2026-09-22T18:37:03.4092144Z   RUNS_ON_AWS_AZ: us-east-1a
2026-09-22T18:37:03.4092338Z   RUNS_ON_ENV_CUSTOM_FILE: /runs-on/env.custom
2026-09-22T18:37:03.4092561Z   RUNS_ON_INSTANCE_ID: i-02a0b666295a069f9
2026-09-22T18:37:03.4092769Z   RUNS_ON_INSTANCE_LIFECYCLE: spot
2026-09-22T18:37:03.4092966Z   RUNS_ON_INSTANCE_TYPE: c7i.metal-24xl
2026-09-22T18:37:03.4093169Z   RUNS_ON_STACK_NAME: runs-on-v3
2026-09-22T18:37:03.4093417Z   RUNS_ON_S3_BUCKET_CACHE: runs-on-v3-s3bucketcache-dbnub4tpjhpv
2026-09-22T18:37:03.4093697Z   ACTIONS_RUNNER_HOOK_JOB_STARTED: /runs-on/pre.sh
2026-09-22T18:37:03.4093946Z   ACTIONS_RUNNER_HOOK_JOB_COMPLETED: /runs-on/post.sh
2026-09-22T18:37:03.4094187Z   GITHUB_SERVER_URL: https://github.com/
2026-09-22T18:37:03.4094410Z   GITHUB_API_URL: https://api.github.com/
2026-09-22T18:37:03.4094613Z   GITHUB_HOST: github.com
2026-09-22T18:37:03.4094839Z   RUNS_ON_RUNNER_NAME: runs-on--i-02a0b666295a069f9--23807f91-0
2026-09-22T18:37:03.4095107Z   RUNS_ON_INSTANCE_LAUNCHED_AT: 2026-09-22T18:36:13Z
2026-09-22T18:37:03.4095341Z   ACTIONS_CACHE_URL: http://10.1.2.148:6871/
2026-09-22T18:37:03.4095551Z   ACTIONS_CACHE_SERVICE_V2: true
2026-09-22T18:37:03.4095755Z   ACTIONS_RESULTS_URL: http://10.1.2.148:6871/
2026-09-22T18:37:03.4096017Z   RUNS_ON_S3_CACHE_REPO_PREFIX: cache/repo/vortex-data/vortex
2026-09-22T18:37:03.4096266Z   RUNS_ON_ACTION_COST_TRACKING_CLAIMED: true
2026-09-22T18:37:03.4096467Z ##[endgroup]
2026-09-22T18:37:03.4142592Z ##[start-action display=Resolve toolchain config;id=__self.toolchain-config]
2026-09-22T18:37:03.4173516Z ##[group]Run DEFAULT_VERSION=$(grep channel rust-toolchain.toml | awk -F'"' '{print $2}')
2026-09-22T18:37:03.4173993Z [36;1mDEFAULT_VERSION=$(grep channel rust-toolchain.toml | awk -F'"' '{print $2}')[0m
2026-09-22T18:37:03.4174346Z [36;1mTOOLCHAIN="${TOOLCHAIN_OVERRIDE:-$DEFAULT_VERSION}"[0m
2026-09-22T18:37:03.4174632Z [36;1mecho "toolchain=$TOOLCHAIN" >> "$GITHUB_OUTPUT"[0m
2026-09-22T18:37:03.4174916Z [36;1mecho "RUSTUP_TOOLCHAIN=$DEFAULT_VERSION" >> "$GITHUB_ENV"[0m
2026-09-22T18:37:03.4194046Z shell: /usr/bin/bash --noprofile --norc -e -o pipefail {0}
2026-09-22T18:37:03.4194301Z env:
2026-09-22T18:37:03.4194553Z   CARGO_TERM_COLOR: always
2026-09-22T18:37:03.4194744Z   RUST_BACKTRACE: 1
2026-09-22T18:37:03.4194930Z   NIGHTLY_TOOLCHAIN: nightly-2026-09-10
2026-09-22T18:37:03.4195153Z   RUNNER_TOOL_CACHE: /opt/hostedtoolcache
2026-09-22T18:37:03.4195364Z   RUNS_ON_HOME: /runs-on
2026-09-22T18:37:03.4195544Z   RUNS_ON_VERSION: v3.3.0
2026-09-22T18:37:03.4195734Z   RUNS_ON_AGENT_BINARY: /runs-on/agent
2026-09-22T18:37:03.4195939Z   RUNS_ON_AGENT_ARCH: x64
2026-09-22T18:37:03.4196113Z   RUNS_ON_AGENT_USER: runner
2026-09-22T18:37:03.4196385Z   RUNS_ON_AMI_ID: ami-0d8875560af9e1401
2026-09-22T18:37:03.4196588Z   RUNS_ON_AWS_REGION: us-east-1
2026-09-22T18:37:03.4196774Z   RUNS_ON_AWS_AZ: us-east-1a
2026-09-22T18:37:03.4196971Z   RUNS_ON_ENV_CUSTOM_FILE: /runs-on/env.custom
2026-09-22T18:37:03.4197212Z   RUNS_ON_INSTANCE_ID: i-02a0b666295a069f9
2026-09-22T18:37:03.4197418Z   RUNS_ON_INSTANCE_LIFECYCLE: spot
2026-09-22T18:37:03.4197656Z   RUNS_ON_INSTANCE_TYPE: c7i.metal-24xl
2026-09-22T18:37:03.4197864Z   RUNS_ON_STACK_NAME: runs-on-v3
2026-09-22T18:37:03.4198115Z   RUNS_ON_S3_BUCKET_CACHE: runs-on-v3-s3bucketcache-dbnub4tpjhpv
2026-09-22T18:37:03.4198401Z   ACTIONS_RUNNER_HOOK_JOB_STARTED: /runs-on/pre.sh
2026-09-22T18:37:03.4198700Z   ACTIONS_RUNNER_HOOK_JOB_COMPLETED: /runs-on/post.sh
2026-09-22T18:37:03.4198952Z   GITHUB_SERVER_URL: https://github.com/
2026-09-22T18:37:03.4199173Z   GITHUB_API_URL: https://api.github.com/
2026-09-22T18:37:03.4199381Z   GITHUB_HOST: github.com
2026-09-22T18:37:03.4199604Z   RUNS_ON_RUNNER_NAME: runs-on--i-02a0b666295a069f9--23807f91-0
2026-09-22T18:37:03.4199878Z   RUNS_ON_INSTANCE_LAUNCHED_AT: 2026-09-22T18:36:13Z
2026-09-22T18:37:03.4200128Z   ACTIONS_CACHE_URL: http://10.1.2.148:6871/
2026-09-22T18:37:03.4200347Z   ACTIONS_CACHE_SERVICE_V2: true
2026-09-22T18:37:03.4200551Z   ACTIONS_RESULTS_URL: http://10.1.2.148:6871/
2026-09-22T18:37:03.4200811Z   RUNS_ON_S3_CACHE_REPO_PREFIX: cache/repo/vortex-data/vortex
2026-09-22T18:37:03.4201064Z   RUNS_ON_ACTION_COST_TRACKING_CLAIMED: true
2026-09-22T18:37:03.4201285Z   TOOLCHAIN_OVERRIDE: 
2026-09-22T18:37:03.4201452Z ##[endgroup]
2026-09-22T18:37:03.4270336Z ##[end-action id=__self.toolchain-config;outcome=success;conclusion=success;duration_ms=12]
2026-09-22T18:37:03.4272247Z ##[start-action display=Check for rustup;id=__self.check-rustup]
2026-09-22T18:37:03.4289804Z ##[group]Run echo "exists=$(command -v rustup &> /dev/null && echo 'true' || echo 'false')" >> "$GITHUB_OUTPUT"
2026-09-22T18:37:03.4290322Z [36;1mecho "exists=$(command -v rustup &> /dev/null && echo 'true' || echo 'false')" >> "$GITHUB_OUTPUT"[0m
2026-09-22T18:37:03.4306944Z shell: /usr/bin/bash --noprofile --norc -e -o pipefail {0}
2026-09-22T18:37:03.4307210Z env:
2026-09-22T18:37:03.4307383Z   CARGO_TERM_COLOR: always
2026-09-22T18:37:03.4307569Z   RUST_BACKTRACE: 1
2026-09-22T18:37:03.4307759Z   NIGHTLY_TOOLCHAIN: nightly-2026-09-10
2026-09-22T18:37:03.4307993Z   RUNNER_TOOL_CACHE: /opt/hostedtoolcache
2026-09-22T18:37:03.4308207Z   RUNS_ON_HOME: /runs-on
2026-09-22T18:37:03.4308406Z   RUNS_ON_VERSION: v3.3.0
2026-09-22T18:37:03.4308603Z   RUNS_ON_AGENT_BINARY: /runs-on/agent
2026-09-22T18:37:03.4308843Z   RUNS_ON_AGENT_ARCH: x64
2026-09-22T18:37:03.4309026Z   RUNS_ON_AGENT_USER: runner
2026-09-22T18:37:03.4309218Z   RUNS_ON_AMI_ID: ami-0d8875560af9e1401
2026-09-22T18:37:03.4309420Z   RUNS_ON_AWS_REGION: us-east-1
2026-09-22T18:37:03.4309612Z   RUNS_ON_AWS_AZ: us-east-1a
2026-09-22T18:37:03.4309824Z   RUNS_ON_ENV_CUSTOM_FILE: /runs-on/env.custom
2026-09-22T18:37:03.4310053Z   RUNS_ON_INSTANCE_ID: i-02a0b666295a069f9
2026-09-22T18:37:03.4310280Z   RUNS_ON_INSTANCE_LIFECYCLE: spot
2026-09-22T18:37:03.4310488Z   RUNS_ON_INSTANCE_TYPE: c7i.metal-24xl
2026-09-22T18:37:03.4310694Z   RUNS_ON_STACK_NAME: runs-on-v3
2026-09-22T18:37:03.4310956Z   RUNS_ON_S3_BUCKET_CACHE: runs-on-v3-s3bucketcache-dbnub4tpjhpv
2026-09-22T18:37:03.4311243Z   ACTIONS_RUNNER_HOOK_JOB_STARTED: /runs-on/pre.sh
2026-09-22T18:37:03.4311502Z   ACTIONS_RUNNER_HOOK_JOB_COMPLETED: /runs-on/post.sh
2026-09-22T18:37:03.4311844Z   GITHUB_SERVER_URL: https://github.com/
2026-09-22T18:37:03.4312076Z   GITHUB_API_URL: https://api.github.com/
2026-09-22T18:37:03.4312305Z   GITHUB_HOST: github.com
2026-09-22T18:37:03.4312534Z   RUNS_ON_RUNNER_NAME: runs-on--i-02a0b666295a069f9--23807f91-0
2026-09-22T18:37:03.4312819Z   RUNS_ON_INSTANCE_LAUNCHED_AT: 2026-09-22T18:36:13Z
2026-09-22T18:37:03.4313065Z   ACTIONS_CACHE_URL: http://10.1.2.148:6871/
2026-09-22T18:37:03.4313290Z   ACTIONS_CACHE_SERVICE_V2: true
2026-09-22T18:37:03.4313500Z   ACTIONS_RESULTS_URL: http://10.1.2.148:6871/
2026-09-22T18:37:03.4313834Z   RUNS_ON_S3_CACHE_REPO_PREFIX: cache/repo/vortex-data/vortex
2026-09-22T18:37:03.4314100Z   RUNS_ON_ACTION_COST_TRACKING_CLAIMED: true
2026-09-22T18:37:03.4314316Z   RUSTUP_TOOLCHAIN: 1.98.0
2026-09-22T18:37:03.4314495Z ##[endgroup]
2026-09-22T18:37:03.4351676Z ##[end-action id=__self.check-rustup;outcome=success;conclusion=success;duration_ms=7]
2026-09-22T18:37:03.4353468Z ##[start-action display=Install Rust;id=__self.__dtolnay_rust-toolchain]
2026-09-22T18:37:03.4361431Z ##[end-action id=__self.__dtolnay_rust-toolchain;outcome=skipped;conclusion=skipped;duration_ms=0]
2026-09-22T18:37:03.4364215Z ##[start-action display=Reconcile prebuilt Rust installation;id=__self.__run]
2026-09-22T18:37:03.4383543Z ##[group]Run TOOLCHAIN_FOUND=false
2026-09-22T18:37:03.4383834Z [36;1mTOOLCHAIN_FOUND=false[0m
2026-09-22T18:37:03.4384122Z [36;1mfor INSTALLED in $(rustup toolchain list | awk '{print $1}'); do[0m
2026-09-22T18:37:03.4384431Z [36;1m  case "$INSTALLED" in[0m
2026-09-22T18:37:03.4384700Z [36;1m    "$TOOLCHAIN"|"$TOOLCHAIN"-*) TOOLCHAIN_FOUND=true ;;[0m
2026-09-22T18:37:03.4384955Z [36;1m  esac[0m
2026-09-22T18:37:03.4385123Z [36;1mdone[0m
2026-09-22T18:37:03.4385308Z [36;1mif [ "$TOOLCHAIN_FOUND" != true ]; then[0m
2026-09-22T18:37:03.4385602Z [36;1m  rustup toolchain install "$TOOLCHAIN" --profile minimal[0m
2026-09-22T18:37:03.4385986Z [36;1mfi[0m
2026-09-22T18:37:03.4386245Z [36;1m[0m
2026-09-22T18:37:03.4386478Z [36;1mTOOLCHAIN_HOST=$(rustc +"$TOOLCHAIN" --print host-tuple)[0m
2026-09-22T18:37:03.4386880Z [36;1mINSTALLED_COMPONENTS=$(rustup component list --toolchain "$TOOLCHAIN" --installed)[0m
2026-09-22T18:37:03.4387225Z [36;1mMISSING_COMPONENTS=()[0m
2026-09-22T18:37:03.4387482Z [36;1mIFS=',' read -ra REQUESTED_COMPONENTS <<< "$COMPONENTS"[0m
2026-09-22T18:37:03.4387784Z [36;1mfor COMPONENT in "${REQUESTED_COMPONENTS[@]}"; do[0m
2026-09-22T18:37:03.4388054Z [36;1m  COMPONENT=${COMPONENT// /}[0m
2026-09-22T18:37:03.4388292Z [36;1m  [ -z "$COMPONENT" ] && continue[0m
2026-09-22T18:37:03.4388539Z [36;1m  if [ "$COMPONENT" = llvm-tools ]; then[0m
2026-09-22T18:37:03.4388842Z [36;1m    COMPONENT=llvm-tools-preview[0m
2026-09-22T18:37:03.4389058Z [36;1m  fi[0m
2026-09-22T18:37:03.4389286Z [36;1m  if ! grep -Fqx "$COMPONENT" <<< "$INSTALLED_COMPONENTS" && \[0m
2026-09-22T18:37:03.4389658Z [36;1m     ! grep -Fqx "$COMPONENT-$TOOLCHAIN_HOST" <<< "$INSTALLED_COMPONENTS"; then[0m
2026-09-22T18:37:03.4389996Z [36;1m    MISSING_COMPONENTS+=("$COMPONENT")[0m
2026-09-22T18:37:03.4390227Z [36;1m  fi[0m
2026-09-22T18:37:03.4390388Z [36;1mdone[0m
2026-09-22T18:37:03.4390582Z [36;1mif [ ${#MISSING_COMPONENTS[@]} -gt 0 ]; then[0m
2026-09-22T18:37:03.4390906Z [36;1m  rustup component add --toolchain "$TOOLCHAIN" "${MISSING_COMPONENTS[@]}"[0m
2026-09-22T18:37:03.4391203Z [36;1mfi[0m
2026-09-22T18:37:03.4391366Z [36;1m[0m
2026-09-22T18:37:03.4391625Z [36;1mINSTALLED_TARGETS=$(rustup target list --toolchain "$TOOLCHAIN" --installed)[0m
2026-09-22T18:37:03.4391953Z [36;1mMISSING_TARGETS=()[0m
2026-09-22T18:37:03.4392194Z [36;1mIFS=',' read -ra REQUESTED_TARGETS <<< "$TARGETS"[0m
2026-09-22T18:37:03.4392472Z [36;1mfor TARGET in "${REQUESTED_TARGETS[@]}"; do[0m
2026-09-22T18:37:03.4392720Z [36;1m  TARGET=${TARGET// /}[0m
2026-09-22T18:37:03.4392928Z [36;1m  [ -z "$TARGET" ] && continue[0m
2026-09-22T18:37:03.4393189Z [36;1m  if ! grep -Fqx "$TARGET" <<< "$INSTALLED_TARGETS"; then[0m
2026-09-22T18:37:03.4393544Z [36;1m    MISSING_TARGETS+=("$TARGET")[0m
2026-09-22T18:37:03.4393759Z [36;1m  fi[0m
2026-09-22T18:37:03.4393924Z [36;1mdone[0m
2026-09-22T18:37:03.4394133Z [36;1mif [ ${#MISSING_TARGETS[@]} -gt 0 ]; then[0m
2026-09-22T18:37:03.4394458Z [36;1m  rustup target add --toolchain "$TOOLCHAIN" "${MISSING_TARGETS[@]}"[0m
2026-09-22T18:37:03.4394739Z [36;1mfi[0m
2026-09-22T18:37:03.4411065Z shell: /usr/bin/bash --noprofile --norc -e -o pipefail {0}
2026-09-22T18:37:03.4411336Z env:
2026-09-22T18:37:03.4411514Z   CARGO_TERM_COLOR: always
2026-09-22T18:37:03.4411786Z   RUST_BACKTRACE: 1
2026-09-22T18:37:03.4411986Z   NIGHTLY_TOOLCHAIN: nightly-2026-09-10
2026-09-22T18:37:03.4412235Z   RUNNER_TOOL_CACHE: /opt/hostedtoolcache
2026-09-22T18:37:03.4412460Z   RUNS_ON_HOME: /runs-on
2026-09-22T18:37:03.4412658Z   RUNS_ON_VERSION: v3.3.0
2026-09-22T18:37:03.4412862Z   RUNS_ON_AGENT_BINARY: /runs-on/agent
2026-09-22T18:37:03.4413077Z   RUNS_ON_AGENT_ARCH: x64
2026-09-22T18:37:03.4413265Z   RUNS_ON_AGENT_USER: runner
2026-09-22T18:37:03.4413476Z   RUNS_ON_AMI_ID: ami-0d8875560af9e1401
2026-09-22T18:37:03.4413689Z   RUNS_ON_AWS_REGION: us-east-1
2026-09-22T18:37:03.4413892Z   RUNS_ON_AWS_AZ: us-east-1a
2026-09-22T18:37:03.4414101Z   RUNS_ON_ENV_CUSTOM_FILE: /runs-on/env.custom
2026-09-22T18:37:03.4414344Z   RUNS_ON_INSTANCE_ID: i-02a0b666295a069f9
2026-09-22T18:37:03.4414569Z   RUNS_ON_INSTANCE_LIFECYCLE: spot
2026-09-22T18:37:03.4414787Z   RUNS_ON_INSTANCE_TYPE: c7i.metal-24xl
2026-09-22T18:37:03.4415002Z   RUNS_ON_STACK_NAME: runs-on-v3
2026-09-22T18:37:03.4415269Z   RUNS_ON_S3_BUCKET_CACHE: runs-on-v3-s3bucketcache-dbnub4tpjhpv
2026-09-22T18:37:03.4415575Z   ACTIONS_RUNNER_HOOK_JOB_STARTED: /runs-on/pre.sh
2026-09-22T18:37:03.4415850Z   ACTIONS_RUNNER_HOOK_JOB_COMPLETED: /runs-on/post.sh
2026-09-22T18:37:03.4416123Z   GITHUB_SERVER_URL: https://github.com/
2026-09-22T18:37:03.4416374Z   GITHUB_API_URL: https://api.github.com/
2026-09-22T18:37:03.4416600Z   GITHUB_HOST: github.com
2026-09-22T18:37:03.4416847Z   RUNS_ON_RUNNER_NAME: runs-on--i-02a0b666295a069f9--23807f91-0
2026-09-22T18:37:03.4417145Z   RUNS_ON_INSTANCE_LAUNCHED_AT: 2026-09-22T18:36:13Z
2026-09-22T18:37:03.4417403Z   ACTIONS_CACHE_URL: http://10.1.2.148:6871/
2026-09-22T18:37:03.4417646Z   ACTIONS_CACHE_SERVICE_V2: true
2026-09-22T18:37:03.4417875Z   ACTIONS_RESULTS_URL: http://10.1.2.148:6871/
2026-09-22T18:37:03.4418163Z   RUNS_ON_S3_CACHE_REPO_PREFIX: cache/repo/vortex-data/vortex
2026-09-22T18:37:03.4418441Z   RUNS_ON_ACTION_COST_TRACKING_CLAIMED: true
2026-09-22T18:37:03.4418704Z   RUSTUP_TOOLCHAIN: 1.98.0
2026-09-22T18:37:03.4418898Z   TOOLCHAIN: 1.98.0
2026-09-22T18:37:03.4419088Z   COMPONENTS: clippy, rustfmt
2026-09-22T18:37:03.4419285Z   TARGETS: 
2026-09-22T18:37:03.4419444Z ##[endgroup]
2026-09-22T18:37:03.6022934Z info: syncing channel updates for 1.98.0-x86_64-unknown-linux-gnu
2026-09-22T18:37:03.7172938Z info: latest update on 2026-08-20 for version 1.98.0 (88d9e12ae 2026-08-18)
2026-09-22T18:37:03.7203017Z info: downloading 3 components
2026-09-22T18:37:10.8760313Z info: syncing channel updates for 1.98.0-x86_64-unknown-linux-gnu
2026-09-22T18:37:10.9113893Z 
2026-09-22T18:37:10.9166219Z   1.98.0-x86_64-unknown-linux-gnu unchanged - rustc 1.98.0 (88d9e12ae 2026-08-18)
2026-09-22T18:37:10.9166579Z 
2026-09-22T18:37:10.9939365Z info: downloading component clippy
2026-09-22T18:37:11.5016594Z info: downloading component rustfmt
2026-09-22T18:37:11.8018750Z ##[end-action id=__self.__run;outcome=success;conclusion=success;duration_ms=8365]
2026-09-22T18:37:11.8021914Z ##[start-action display=Reconcile mold installation;id=__self.__run_2]
2026-09-22T18:37:11.8040211Z ##[group]Run if ! command -v mold >/dev/null; then
2026-09-22T18:37:11.8040575Z [36;1mif ! command -v mold >/dev/null; then[0m
2026-09-22T18:37:11.8040883Z [36;1m  sudo apt-get update[0m
2026-09-22T18:37:11.8041172Z [36;1m  sudo apt-get install -y mold[0m
2026-09-22T18:37:11.8041434Z [36;1mfi[0m
2026-09-22T18:37:11.8066155Z shell: /usr/bin/bash --noprofile --norc -e -o pipefail {0}
2026-09-22T18:37:11.8066690Z env:
2026-09-22T18:37:11.8066896Z   CARGO_TERM_COLOR: always
2026-09-22T18:37:11.8067124Z   RUST_BACKTRACE: 1
2026-09-22T18:37:11.8067350Z   NIGHTLY_TOOLCHAIN: nightly-2026-09-10
2026-09-22T18:37:11.8067643Z   RUNNER_TOOL_CACHE: /opt/hostedtoolcache
2026-09-22T18:37:11.8067902Z   RUNS_ON_HOME: /runs-on
2026-09-22T18:37:11.8068122Z   RUNS_ON_VERSION: v3.3.0
2026-09-22T18:37:11.8068351Z   RUNS_ON_AGENT_BINARY: /runs-on/agent
2026-09-22T18:37:11.8068597Z   RUNS_ON_AGENT_ARCH: x64
2026-09-22T18:37:11.8068965Z   RUNS_ON_AGENT_USER: runner
2026-09-22T18:37:11.8069215Z   RUNS_ON_AMI_ID: ami-0d8875560af9e1401
2026-09-22T18:37:11.8069463Z   RUNS_ON_AWS_REGION: us-east-1
2026-09-22T18:37:11.8069695Z   RUNS_ON_AWS_AZ: us-east-1a
2026-09-22T18:37:11.8069943Z   RUNS_ON_ENV_CUSTOM_FILE: /runs-on/env.custom
2026-09-22T18:37:11.8070225Z   RUNS_ON_INSTANCE_ID: i-02a0b666295a069f9
2026-09-22T18:37:11.8070487Z   RUNS_ON_INSTANCE_LIFECYCLE: spot
2026-09-22T18:37:11.8070753Z   RUNS_ON_INSTANCE_TYPE: c7i.metal-24xl
2026-09-22T18:37:11.8071008Z   RUNS_ON_STACK_NAME: runs-on-v3
2026-09-22T18:37:11.8071322Z   RUNS_ON_S3_BUCKET_CACHE: runs-on-v3-s3bucketcache-dbnub4tpjhpv
2026-09-22T18:37:11.8071676Z   ACTIONS_RUNNER_HOOK_JOB_STARTED: /runs-on/pre.sh
2026-09-22T18:37:11.8071994Z   ACTIONS_RUNNER_HOOK_JOB_COMPLETED: /runs-on/post.sh
2026-09-22T18:37:11.8072306Z   GITHUB_SERVER_URL: https://github.com/
2026-09-22T18:37:11.8072594Z   GITHUB_API_URL: https://api.github.com/
2026-09-22T18:37:11.8072854Z   GITHUB_HOST: github.com
2026-09-22T18:37:11.8073142Z   RUNS_ON_RUNNER_NAME: runs-on--i-02a0b666295a069f9--23807f91-0
2026-09-22T18:37:11.8073487Z   RUNS_ON_INSTANCE_LAUNCHED_AT: 2026-09-22T18:36:13Z
2026-09-22T18:37:11.8073782Z   ACTIONS_CACHE_URL: http://10.1.2.148:6871/
2026-09-22T18:37:11.8074056Z   ACTIONS_CACHE_SERVICE_V2: true
2026-09-22T18:37:11.8074312Z   ACTIONS_RESULTS_URL: http://10.1.2.148:6871/
2026-09-22T18:37:11.8074640Z   RUNS_ON_S3_CACHE_REPO_PREFIX: cache/repo/vortex-data/vortex
2026-09-22T18:37:11.8074965Z   RUNS_ON_ACTION_COST_TRACKING_CLAIMED: true
2026-09-22T18:37:11.8075225Z   RUSTUP_TOOLCHAIN: 1.98.0
2026-09-22T18:37:11.8075443Z ##[endgroup]
2026-09-22T18:37:11.8120650Z ##[end-action id=__self.__run_2;outcome=success;conclusion=success;duration_ms=9]
2026-09-22T18:37:11.8123798Z ##[start-action display=Check protoc installation;id=__self.check-protoc]
2026-09-22T18:37:11.8139864Z ##[group]Run EXPECTED="libprotoc $PROTOC_VERSION"
2026-09-22T18:37:11.8140206Z [36;1mEXPECTED="libprotoc $PROTOC_VERSION"[0m
2026-09-22T18:37:11.8140555Z [36;1mACTUAL=$(protoc --version 2>/dev/null || true)[0m
2026-09-22T18:37:11.8140992Z [36;1mecho "install=$([ "$ACTUAL" = "$EXPECTED" ] && echo false || echo true)" >> "$GITHUB_OUTPUT"[0m
2026-09-22T18:37:11.8161641Z shell: /usr/bin/bash --noprofile --norc -e -o pipefail {0}
2026-09-22T18:37:11.8161959Z env:
2026-09-22T18:37:11.8162159Z   CARGO_TERM_COLOR: always
2026-09-22T18:37:11.8162381Z   RUST_BACKTRACE: 1
2026-09-22T18:37:11.8162617Z   NIGHTLY_TOOLCHAIN: nightly-2026-09-10
2026-09-22T18:37:11.8162904Z   RUNNER_TOOL_CACHE: /opt/hostedtoolcache
2026-09-22T18:37:11.8163162Z   RUNS_ON_HOME: /runs-on
2026-09-22T18:37:11.8163385Z   RUNS_ON_VERSION: v3.3.0
2026-09-22T18:37:11.8163617Z   RUNS_ON_AGENT_BINARY: /runs-on/agent
2026-09-22T18:37:11.8163866Z   RUNS_ON_AGENT_ARCH: x64
2026-09-22T18:37:11.8164083Z   RUNS_ON_AGENT_USER: runner
2026-09-22T18:37:11.8164323Z   RUNS_ON_AMI_ID: ami-0d8875560af9e1401
2026-09-22T18:37:11.8164574Z   RUNS_ON_AWS_REGION: us-east-1
2026-09-22T18:37:11.8164818Z   RUNS_ON_AWS_AZ: us-east-1a
2026-09-22T18:37:11.8165069Z   RUNS_ON_ENV_CUSTOM_FILE: /runs-on/env.custom
2026-09-22T18:37:11.8165348Z   RUNS_ON_INSTANCE_ID: i-02a0b666295a069f9
2026-09-22T18:37:11.8165605Z   RUNS_ON_INSTANCE_LIFECYCLE: spot
2026-09-22T18:37:11.8165863Z   RUNS_ON_INSTANCE_TYPE: c7i.metal-24xl
2026-09-22T18:37:11.8166113Z   RUNS_ON_STACK_NAME: runs-on-v3
2026-09-22T18:37:11.8166418Z   RUNS_ON_S3_BUCKET_CACHE: runs-on-v3-s3bucketcache-dbnub4tpjhpv
2026-09-22T18:37:11.8166879Z   ACTIONS_RUNNER_HOOK_JOB_STARTED: /runs-on/pre.sh
2026-09-22T18:37:11.8167199Z   ACTIONS_RUNNER_HOOK_JOB_COMPLETED: /runs-on/post.sh
2026-09-22T18:37:11.8167511Z   GITHUB_SERVER_URL: https://github.com/
2026-09-22T18:37:11.8167802Z   GITHUB_API_URL: https://api.github.com/
2026-09-22T18:37:11.8168062Z   GITHUB_HOST: github.com
2026-09-22T18:37:11.8168351Z   RUNS_ON_RUNNER_NAME: runs-on--i-02a0b666295a069f9--23807f91-0
2026-09-22T18:37:11.8168737Z   RUNS_ON_INSTANCE_LAUNCHED_AT: 2026-09-22T18:36:13Z
2026-09-22T18:37:11.8169104Z   ACTIONS_CACHE_URL: http://10.1.2.148:6871/
2026-09-22T18:37:11.8169388Z   ACTIONS_CACHE_SERVICE_V2: true
2026-09-22T18:37:11.8169647Z   ACTIONS_RESULTS_URL: http://10.1.2.148:6871/
2026-09-22T18:37:11.8169976Z   RUNS_ON_S3_CACHE_REPO_PREFIX: cache/repo/vortex-data/vortex
2026-09-22T18:37:11.8170296Z   RUNS_ON_ACTION_COST_TRACKING_CLAIMED: true
2026-09-22T18:37:11.8170564Z   RUSTUP_TOOLCHAIN: 1.98.0
2026-09-22T18:37:11.8170788Z   PROTOC_VERSION: 29.3
2026-09-22T18:37:11.8171007Z ##[endgroup]
2026-09-22T18:37:11.8888116Z ##[end-action id=__self.check-protoc;outcome=success;conclusion=success;duration_ms=76]
2026-09-22T18:37:11.8890440Z ##[start-action display=Install protoc;id=__self.__self]
2026-09-22T18:37:11.8894303Z ##[end-action id=__self.__self;outcome=skipped;conclusion=skipped;duration_ms=0]
2026-09-22T18:37:11.8895660Z ##[start-action display=Install sccache;id=__self.__self_2]
2026-09-22T18:37:11.8899302Z ##[end-action id=__self.__self_2;outcome=skipped;conclusion=skipped;duration_ms=0]
2026-09-22T18:37:11.8900588Z ##[start-action display=Configure sccache timeout;id=__self.__run_3]
2026-09-22T18:37:11.8903932Z ##[end-action id=__self.__run_3;outcome=skipped;conclusion=skipped;duration_ms=0]
2026-09-22T18:37:11.8905210Z ##[start-action display=Enable compiler caching;id=__self.__run_4]
2026-09-22T18:37:11.8908404Z ##[end-action id=__self.__run_4;outcome=skipped;conclusion=skipped;duration_ms=0]
2026-09-22T18:37:11.8909675Z ##[start-action display=Full Rust setup;id=__self.__self_3]
2026-09-22T18:37:11.8912004Z ##[end-action id=__self.__self_3;outcome=skipped;conclusion=skipped;duration_ms=0]
2026-09-22T18:37:11.8913355Z ##[start-action display=Install flatc (for FlatBuffers code generation);id=__self.__self_4]
2026-09-22T18:37:11.8935461Z Prepare all required actions
2026-09-22T18:37:11.8966816Z ##[group]Run ./.github/actions/setup-flatc
2026-09-22T18:37:11.8967219Z with:
2026-09-22T18:37:11.8967458Z   flatc_version: 25.12.19
2026-09-22T18:37:11.8967698Z env:
2026-09-22T18:37:11.8967924Z   CARGO_TERM_COLOR: always
2026-09-22T18:37:11.8968154Z   RUST_BACKTRACE: 1
2026-09-22T18:37:11.8968412Z   NIGHTLY_TOOLCHAIN: nightly-2026-09-10
2026-09-22T18:37:11.8968786Z   RUNNER_TOOL_CACHE: /opt/hostedtoolcache
2026-09-22T18:37:11.8969077Z   RUNS_ON_HOME: /runs-on
2026-09-22T18:37:11.8969342Z   RUNS_ON_VERSION: v3.3.0
2026-09-22T18:37:11.8969579Z   RUNS_ON_AGENT_BINARY: /runs-on/agent
2026-09-22T18:37:11.8969872Z   RUNS_ON_AGENT_ARCH: x64
2026-09-22T18:37:11.8970142Z   RUNS_ON_AGENT_USER: runner
2026-09-22T18:37:11.8970435Z   RUNS_ON_AMI_ID: ami-0d8875560af9e1401
2026-09-22T18:37:11.8970709Z   RUNS_ON_AWS_REGION: us-east-1
2026-09-22T18:37:11.8970962Z   RUNS_ON_AWS_AZ: us-east-1a
2026-09-22T18:37:11.8971254Z   RUNS_ON_ENV_CUSTOM_FILE: /runs-on/env.custom
2026-09-22T18:37:11.8971569Z   RUNS_ON_INSTANCE_ID: i-02a0b666295a069f9
2026-09-22T18:37:11.8971850Z   RUNS_ON_INSTANCE_LIFECYCLE: spot
2026-09-22T18:37:11.8972161Z   RUNS_ON_INSTANCE_TYPE: c7i.metal-24xl
2026-09-22T18:37:11.8972421Z   RUNS_ON_STACK_NAME: runs-on-v3
2026-09-22T18:37:11.8972924Z   RUNS_ON_S3_BUCKET_CACHE: runs-on-v3-s3bucketcache-dbnub4tpjhpv
2026-09-22T18:37:11.8973302Z   ACTIONS_RUNNER_HOOK_JOB_STARTED: /runs-on/pre.sh
2026-09-22T18:37:11.8973632Z   ACTIONS_RUNNER_HOOK_JOB_COMPLETED: /runs-on/post.sh
2026-09-22T18:37:11.8973995Z   GITHUB_SERVER_URL: https://github.com/
2026-09-22T18:37:11.8974289Z   GITHUB_API_URL: https://api.github.com/
2026-09-22T18:37:11.8974608Z   GITHUB_HOST: github.com
2026-09-22T18:37:11.8974994Z   RUNS_ON_RUNNER_NAME: runs-on--i-02a0b666295a069f9--23807f91-0
2026-09-22T18:37:11.8975346Z   RUNS_ON_INSTANCE_LAUNCHED_AT: 2026-09-22T18:36:13Z
2026-09-22T18:37:11.8975692Z   ACTIONS_CACHE_URL: http://10.1.2.148:6871/
2026-09-22T18:37:11.8975968Z   ACTIONS_CACHE_SERVICE_V2: true
2026-09-22T18:37:11.8976277Z   ACTIONS_RESULTS_URL: http://10.1.2.148:6871/
2026-09-22T18:37:11.8976609Z   RUNS_ON_S3_CACHE_REPO_PREFIX: cache/repo/vortex-data/vortex
2026-09-22T18:37:11.8976934Z   RUNS_ON_ACTION_COST_TRACKING_CLAIMED: true
2026-09-22T18:37:11.8977287Z   RUSTUP_TOOLCHAIN: 1.98.0
2026-09-22T18:37:11.8977551Z ##[endgroup]
2026-09-22T18:37:11.8980998Z ##[start-action display=Install flatc;id=__self.__self_4.__run]
2026-09-22T18:37:11.9010692Z ##[group]Run set -euo pipefail
2026-09-22T18:37:11.9011061Z [36;1mset -euo pipefail[0m
2026-09-22T18:37:11.9011370Z [36;1m[0m
2026-09-22T18:37:11.9011587Z [36;1mVERSION="25.12.19"[0m
2026-09-22T18:37:11.9011955Z [36;1mif [ "$(flatc --version 2>/dev/null)" = "flatc version ${VERSION}" ]; then[0m
2026-09-22T18:37:11.9012380Z [36;1m  echo "flatc ${VERSION} is already installed"[0m
2026-09-22T18:37:11.9012695Z [36;1m  exit 0[0m
2026-09-22T18:37:11.9012980Z [36;1mfi[0m
2026-09-22T18:37:11.9013183Z [36;1m[0m
2026-09-22T18:37:11.9013431Z [36;1mARCH=$(uname -m)[0m
2026-09-22T18:37:11.9013715Z [36;1mOS=$(uname -s | tr '[:upper:]' '[:lower:]')[0m
2026-09-22T18:37:11.9014005Z [36;1m[0m
2026-09-22T18:37:11.9014342Z [36;1m# Official binaries exist for x86_64 glibc Linux, macOS and Windows only.[0m
2026-09-22T18:37:11.9014737Z [36;1mASSET=""[0m
2026-09-22T18:37:11.9014987Z [36;1mcase "$OS" in[0m
2026-09-22T18:37:11.9015225Z [36;1m  linux)[0m
2026-09-22T18:37:11.9015517Z [36;1m    if [ "$ARCH" = "x86_64" ] && ! ldd /bin/sh 2>&1 | grep -qi musl; then[0m
2026-09-22T18:37:11.9015925Z [36;1m      ASSET="Linux.flatc.binary.clang++-18.zip"[0m
2026-09-22T18:37:11.9016246Z [36;1m    fi[0m
2026-09-22T18:37:11.9016487Z [36;1m    ;;[0m
2026-09-22T18:37:11.9016711Z [36;1m  darwin)[0m
2026-09-22T18:37:11.9016968Z [36;1m    case "$ARCH" in[0m
2026-09-22T18:37:11.9017264Z [36;1m      arm64)  ASSET="Mac.flatc.binary.zip" ;;[0m
2026-09-22T18:37:11.9017604Z [36;1m      x86_64) ASSET="MacIntel.flatc.binary.zip" ;;[0m
2026-09-22T18:37:11.9017939Z [36;1m    esac[0m
2026-09-22T18:37:11.9018161Z [36;1m    ;;[0m
2026-09-22T18:37:11.9018425Z [36;1m  *) ASSET="Windows.flatc.binary.zip" ;;[0m
2026-09-22T18:37:11.9018808Z [36;1mesac[0m
2026-09-22T18:37:11.9019032Z [36;1m[0m
2026-09-22T18:37:11.9019374Z [36;1m# This sometimes runs in a container where the user is root and there is no sudo.[0m
2026-09-22T18:37:11.9019802Z [36;1mif command -v sudo &>/dev/null[0m
2026-09-22T18:37:11.9020092Z [36;1mthen[0m
2026-09-22T18:37:11.9020324Z [36;1m  CMD=sudo[0m
2026-09-22T18:37:11.9020555Z [36;1melse[0m
2026-09-22T18:37:11.9020783Z [36;1m  CMD=[0m
2026-09-22T18:37:11.9021000Z [36;1mfi[0m
2026-09-22T18:37:11.9021253Z [36;1m[0m
2026-09-22T18:37:11.9021607Z [36;1mRELEASE="https://github.com/google/flatbuffers/releases/download/v${VERSION}"[0m
2026-09-22T18:37:11.9022009Z [36;1mif [ -n "$ASSET" ]; then[0m
2026-09-22T18:37:11.9022334Z [36;1m  curl -fsSL -o /tmp/flatc.zip "${RELEASE}/${ASSET}"[0m
2026-09-22T18:37:11.9022679Z [36;1m  unzip -o /tmp/flatc.zip -d /tmp/flatc[0m
2026-09-22T18:37:11.9023026Z [36;1m  rm -f /tmp/flatc.zip[0m
2026-09-22T18:37:11.9023289Z [36;1melse[0m
2026-09-22T18:37:11.9023630Z [36;1m  echo "No official flatc binary for ${OS}/${ARCH}; building ${VERSION} from source"[0m
2026-09-22T18:37:11.9024062Z [36;1m  git clone --depth 1 --branch "v${VERSION}" \[0m
2026-09-22T18:37:11.9024437Z [36;1m    https://github.com/google/flatbuffers.git /tmp/flatbuffers[0m
2026-09-22T18:37:11.9024955Z [36;1m  cmake -S /tmp/flatbuffers -B /tmp/flatbuffers/build \[0m
2026-09-22T18:37:11.9025309Z [36;1m    -DCMAKE_BUILD_TYPE=Release \[0m
2026-09-22T18:37:11.9025613Z [36;1m    -DFLATBUFFERS_BUILD_TESTS=OFF \[0m
2026-09-22T18:37:11.9026020Z [36;1m    -DFLATBUFFERS_BUILD_FLATLIB=OFF \[0m
2026-09-22T18:37:11.9026350Z [36;1m    -DFLATBUFFERS_BUILD_FLATHASH=OFF \[0m
2026-09-22T18:37:11.9026681Z [36;1m    -DFLATBUFFERS_INSTALL=OFF[0m
2026-09-22T18:37:11.9027053Z [36;1m  cmake --build /tmp/flatbuffers/build --target flatc \[0m
2026-09-22T18:37:11.9027400Z [36;1m    --parallel "$(nproc 2>/dev/null || echo 4)"[0m
2026-09-22T18:37:11.9027710Z [36;1m  mkdir -p /tmp/flatc[0m
2026-09-22T18:37:11.9028018Z [36;1m  mv /tmp/flatbuffers/build/flatc /tmp/flatc/flatc[0m
2026-09-22T18:37:11.9028394Z [36;1m  rm -rf /tmp/flatbuffers[0m
2026-09-22T18:37:11.9028673Z [36;1mfi[0m
2026-09-22T18:37:11.9028873Z [36;1m[0m
2026-09-22T18:37:11.9029135Z [36;1mif [ "$OS" = "linux" ] || [ "$OS" = "darwin" ]; then[0m
2026-09-22T18:37:11.9029481Z [36;1m  $CMD mv /tmp/flatc/flatc /usr/local/bin/[0m
2026-09-22T18:37:11.9029754Z [36;1melse[0m
2026-09-22T18:37:11.9030160Z [36;1m  # Windows runners do not have /usr/local/bin on PATH for non-bash steps.[0m
2026-09-22T18:37:11.9030536Z [36;1m  mkdir -p "$HOME/.local/bin"[0m
2026-09-22T18:37:11.9030866Z [36;1m  mv /tmp/flatc/flatc.exe "$HOME/.local/bin/"[0m
2026-09-22T18:37:11.9031200Z [36;1m  cygpath -w "$HOME/.local/bin" >> "$GITHUB_PATH"[0m
2026-09-22T18:37:11.9031516Z [36;1m  export PATH="$HOME/.local/bin:$PATH"[0m
2026-09-22T18:37:11.9031843Z [36;1mfi[0m
2026-09-22T18:37:11.9032052Z [36;1m[0m
2026-09-22T18:37:11.9032298Z [36;1mrm -rf /tmp/flatc[0m
2026-09-22T18:37:11.9032555Z [36;1mflatc --version[0m
2026-09-22T18:37:11.9049502Z shell: /usr/bin/bash --noprofile --norc -e -o pipefail {0}
2026-09-22T18:37:11.9049828Z env:
2026-09-22T18:37:11.9050112Z   CARGO_TERM_COLOR: always
2026-09-22T18:37:11.9050390Z   RUST_BACKTRACE: 1
2026-09-22T18:37:11.9050649Z   NIGHTLY_TOOLCHAIN: nightly-2026-09-10
2026-09-22T18:37:11.9050951Z   RUNNER_TOOL_CACHE: /opt/hostedtoolcache
2026-09-22T18:37:11.9051252Z   RUNS_ON_HOME: /runs-on
2026-09-22T18:37:11.9051508Z   RUNS_ON_VERSION: v3.3.0
2026-09-22T18:37:11.9051769Z   RUNS_ON_AGENT_BINARY: /runs-on/agent
2026-09-22T18:37:11.9052153Z   RUNS_ON_AGENT_ARCH: x64
2026-09-22T18:37:11.9052409Z   RUNS_ON_AGENT_USER: runner
2026-09-22T18:37:11.9052689Z   RUNS_ON_AMI_ID: ami-0d8875560af9e1401
2026-09-22T18:37:11.9052977Z   RUNS_ON_AWS_REGION: us-east-1
2026-09-22T18:37:11.9053239Z   RUNS_ON_AWS_AZ: us-east-1a
2026-09-22T18:37:11.9053538Z   RUNS_ON_ENV_CUSTOM_FILE: /runs-on/env.custom
2026-09-22T18:37:11.9053851Z   RUNS_ON_INSTANCE_ID: i-02a0b666295a069f9
2026-09-22T18:37:11.9054153Z   RUNS_ON_INSTANCE_LIFECYCLE: spot
2026-09-22T18:37:11.9054441Z   RUNS_ON_INSTANCE_TYPE: c7i.metal-24xl
2026-09-22T18:37:11.9054719Z   RUNS_ON_STACK_NAME: runs-on-v3
2026-09-22T18:37:11.9055031Z   RUNS_ON_S3_BUCKET_CACHE: runs-on-v3-s3bucketcache-dbnub4tpjhpv
2026-09-22T18:37:11.9055451Z   ACTIONS_RUNNER_HOOK_JOB_STARTED: /runs-on/pre.sh
2026-09-22T18:37:11.9055807Z   ACTIONS_RUNNER_HOOK_JOB_COMPLETED: /runs-on/post.sh
2026-09-22T18:37:11.9056134Z   GITHUB_SERVER_URL: https://github.com/
2026-09-22T18:37:11.9056437Z   GITHUB_API_URL: https://api.github.com/
2026-09-22T18:37:11.9056708Z   GITHUB_HOST: github.com
2026-09-22T18:37:11.9057053Z   RUNS_ON_RUNNER_NAME: runs-on--i-02a0b666295a069f9--23807f91-0
2026-09-22T18:37:11.9057420Z   RUNS_ON_INSTANCE_LAUNCHED_AT: 2026-09-22T18:36:13Z
2026-09-22T18:37:11.9057742Z   ACTIONS_CACHE_URL: http://10.1.2.148:6871/
2026-09-22T18:37:11.9058022Z   ACTIONS_CACHE_SERVICE_V2: true
2026-09-22T18:37:11.9058285Z   ACTIONS_RESULTS_URL: http://10.1.2.148:6871/
2026-09-22T18:37:11.9058705Z   RUNS_ON_S3_CACHE_REPO_PREFIX: cache/repo/vortex-data/vortex
2026-09-22T18:37:11.9059057Z   RUNS_ON_ACTION_COST_TRACKING_CLAIMED: true
2026-09-22T18:37:11.9059342Z   RUSTUP_TOOLCHAIN: 1.98.0
2026-09-22T18:37:11.9059591Z ##[endgroup]
2026-09-22T18:37:11.9652762Z flatc 25.12.19 is already installed
2026-09-22T18:37:11.9659059Z ##[end-action id=__self.__self_4.__run;outcome=success;conclusion=success;duration_ms=67]
2026-09-22T18:37:11.9668263Z ##[end-action id=__self.__self_4;outcome=success;conclusion=success;duration_ms=75]
2026-09-22T18:37:11.9688597Z Prepare all required actions
2026-09-22T18:37:11.9711079Z ##[group]Run ./.github/actions/system-info
2026-09-22T18:37:11.9711366Z env:
2026-09-22T18:37:11.9711587Z   CARGO_TERM_COLOR: always
2026-09-22T18:37:11.9711882Z   RUST_BACKTRACE: 1
2026-09-22T18:37:11.9712208Z   NIGHTLY_TOOLCHAIN: nightly-2026-09-10
2026-09-22T18:37:11.9712490Z   RUNNER_TOOL_CACHE: /opt/hostedtoolcache
2026-09-22T18:37:11.9712777Z   RUNS_ON_HOME: /runs-on
2026-09-22T18:37:11.9713013Z   RUNS_ON_VERSION: v3.3.0
2026-09-22T18:37:11.9713248Z   RUNS_ON_AGENT_BINARY: /runs-on/agent
2026-09-22T18:37:11.9713568Z   RUNS_ON_AGENT_ARCH: x64
2026-09-22T18:37:11.9713805Z   RUNS_ON_AGENT_USER: runner
2026-09-22T18:37:11.9714060Z   RUNS_ON_AMI_ID: ami-0d8875560af9e1401
2026-09-22T18:37:11.9714327Z   RUNS_ON_AWS_REGION: us-east-1
2026-09-22T18:37:11.9714590Z   RUNS_ON_AWS_AZ: us-east-1a
2026-09-22T18:37:11.9714906Z   RUNS_ON_ENV_CUSTOM_FILE: /runs-on/env.custom
2026-09-22T18:37:11.9715276Z   RUNS_ON_INSTANCE_ID: i-02a0b666295a069f9
2026-09-22T18:37:11.9715598Z   RUNS_ON_INSTANCE_LIFECYCLE: spot
2026-09-22T18:37:11.9715884Z   RUNS_ON_INSTANCE_TYPE: c7i.metal-24xl
2026-09-22T18:37:11.9716163Z   RUNS_ON_STACK_NAME: runs-on-v3
2026-09-22T18:37:11.9716478Z   RUNS_ON_S3_BUCKET_CACHE: runs-on-v3-s3bucketcache-dbnub4tpjhpv
2026-09-22T18:37:11.9716829Z   ACTIONS_RUNNER_HOOK_JOB_STARTED: /runs-on/pre.sh
2026-09-22T18:37:11.9717174Z   ACTIONS_RUNNER_HOOK_JOB_COMPLETED: /runs-on/post.sh
2026-09-22T18:37:11.9717535Z   GITHUB_SERVER_URL: https://github.com/
2026-09-22T18:37:11.9717835Z   GITHUB_API_URL: https://api.github.com/
2026-09-22T18:37:11.9718106Z   GITHUB_HOST: github.com
2026-09-22T18:37:11.9718386Z   RUNS_ON_RUNNER_NAME: runs-on--i-02a0b666295a069f9--23807f91-0
2026-09-22T18:37:11.9718780Z   RUNS_ON_INSTANCE_LAUNCHED_AT: 2026-09-22T18:36:13Z
2026-09-22T18:37:11.9719129Z   ACTIONS_CACHE_URL: http://10.1.2.148:6871/
2026-09-22T18:37:11.9719424Z   ACTIONS_CACHE_SERVICE_V2: true
2026-09-22T18:37:11.9719699Z   ACTIONS_RESULTS_URL: http://10.1.2.148:6871/
2026-09-22T18:37:11.9720022Z   RUNS_ON_S3_CACHE_REPO_PREFIX: cache/repo/vortex-data/vortex
2026-09-22T18:37:11.9720377Z   RUNS_ON_ACTION_COST_TRACKING_CLAIMED: true
2026-09-22T18:37:11.9720700Z   RUSTUP_TOOLCHAIN: 1.98.0
2026-09-22T18:37:11.9721006Z ##[endgroup]
2026-09-22T18:37:11.9724047Z ##[start-action display=CPU, Memory & Disk Info;id=__self_2.__run]
2026-09-22T18:37:11.9737107Z ##[group]Run echo "=== CPU Model ==="
2026-09-22T18:37:11.9737447Z [36;1mecho "=== CPU Model ==="[0m
2026-09-22T18:37:11.9737728Z [36;1mlscpu[0m
2026-09-22T18:37:11.9737986Z [36;1mecho "=== /proc/cpuinfo summary ==="[0m
2026-09-22T18:37:11.9738422Z [36;1m# x86 exposes "model name"; aarch64 has no such line (lscpu above covers it), and[0m
2026-09-22T18:37:11.9738945Z [36;1m# `shell: bash` runs with `set -e`, so a missing match must not fail the step.[0m
2026-09-22T18:37:11.9739359Z [36;1mgrep -m1 "model name" /proc/cpuinfo || true[0m
2026-09-22T18:37:11.9739681Z [36;1mnproc[0m
2026-09-22T18:37:11.9739936Z [36;1mecho "=== CPU Flags ==="[0m
2026-09-22T18:37:11.9740245Z [36;1m# x86 exposes "flags"; aarch64 exposes "Features".[0m
2026-09-22T18:37:11.9740598Z [36;1mgrep -m1 -E "^(flags|Features)" /proc/cpuinfo || true[0m
2026-09-22T18:37:11.9740912Z [36;1m[0m
2026-09-22T18:37:11.9741154Z [36;1mecho "=== Memory ==="[0m
2026-09-22T18:37:11.9741414Z [36;1mfree -h[0m
2026-09-22T18:37:11.9741652Z [36;1mecho "=== /proc/meminfo ==="[0m
2026-09-22T18:37:11.9741915Z [36;1mcat /proc/meminfo[0m
2026-09-22T18:37:11.9742157Z [36;1m[0m
2026-09-22T18:37:11.9742366Z [36;1mecho "=== Block Devices ==="[0m
2026-09-22T18:37:11.9742663Z [36;1mlsblk[0m
2026-09-22T18:37:11.9742889Z [36;1mecho "=== Disk Usage ==="[0m
2026-09-22T18:37:11.9743139Z [36;1mdf -hT[0m
2026-09-22T18:37:11.9743371Z [36;1mecho "=== Mounts ==="[0m
2026-09-22T18:37:11.9743622Z [36;1mmount | grep -E "^/dev"[0m
2026-09-22T18:37:11.9743892Z [36;1mecho "=== NVMe Devices ==="[0m
2026-09-22T18:37:11.9744449Z [36;1mls -la /dev/nvme* 2>/dev/null || echo "No NVMe"[0m
2026-09-22T18:37:11.9744765Z [36;1msudo nvme list 2>/dev/null || true[0m
2026-09-22T18:37:11.9761393Z shell: /usr/bin/bash --noprofile --norc -e -o pipefail {0}
2026-09-22T18:37:11.9761742Z env:
2026-09-22T18:37:11.9761976Z   CARGO_TERM_COLOR: always
2026-09-22T18:37:11.9762224Z   RUST_BACKTRACE: 1
2026-09-22T18:37:11.9762488Z   NIGHTLY_TOOLCHAIN: nightly-2026-09-10
2026-09-22T18:37:11.9762817Z   RUNNER_TOOL_CACHE: /opt/hostedtoolcache
2026-09-22T18:37:11.9763100Z   RUNS_ON_HOME: /runs-on
2026-09-22T18:37:11.9763354Z   RUNS_ON_VERSION: v3.3.0
2026-09-22T18:37:11.9763606Z   RUNS_ON_AGENT_BINARY: /runs-on/agent
2026-09-22T18:37:11.9763887Z   RUNS_ON_AGENT_ARCH: x64
2026-09-22T18:37:11.9764179Z   RUNS_ON_AGENT_USER: runner
2026-09-22T18:37:11.9764437Z   RUNS_ON_AMI_ID: ami-0d8875560af9e1401
2026-09-22T18:37:11.9764712Z   RUNS_ON_AWS_REGION: us-east-1
2026-09-22T18:37:11.9764971Z   RUNS_ON_AWS_AZ: us-east-1a
2026-09-22T18:37:11.9765276Z   RUNS_ON_ENV_CUSTOM_FILE: /runs-on/env.custom
2026-09-22T18:37:11.9765569Z   RUNS_ON_INSTANCE_ID: i-02a0b666295a069f9
2026-09-22T18:37:11.9765873Z   RUNS_ON_INSTANCE_LIFECYCLE: spot
2026-09-22T18:37:11.9766148Z   RUNS_ON_INSTANCE_TYPE: c7i.metal-24xl
2026-09-22T18:37:11.9766423Z   RUNS_ON_STACK_NAME: runs-on-v3
2026-09-22T18:37:11.9766769Z   RUNS_ON_S3_BUCKET_CACHE: runs-on-v3-s3bucketcache-dbnub4tpjhpv
2026-09-22T18:37:11.9767130Z   ACTIONS_RUNNER_HOOK_JOB_STARTED: /runs-on/pre.sh
2026-09-22T18:37:11.9767488Z   ACTIONS_RUNNER_HOOK_JOB_COMPLETED: /runs-on/post.sh
2026-09-22T18:37:11.9767811Z   GITHUB_SERVER_URL: https://github.com/
2026-09-22T18:37:11.9768105Z   GITHUB_API_URL: https://api.github.com/
2026-09-22T18:37:11.9768403Z   GITHUB_HOST: github.com
2026-09-22T18:37:11.9768736Z   RUNS_ON_RUNNER_NAME: runs-on--i-02a0b666295a069f9--23807f91-0
2026-09-22T18:37:11.9769074Z   RUNS_ON_INSTANCE_LAUNCHED_AT: 2026-09-22T18:36:13Z
2026-09-22T18:37:11.9769431Z   ACTIONS_CACHE_URL: http://10.1.2.148:6871/
2026-09-22T18:37:11.9769726Z   ACTIONS_CACHE_SERVICE_V2: true
2026-09-22T18:37:11.9770021Z   ACTIONS_RESULTS_URL: http://10.1.2.148:6871/
2026-09-22T18:37:11.9770353Z   RUNS_ON_S3_CACHE_REPO_PREFIX: cache/repo/vortex-data/vortex
2026-09-22T18:37:11.9770671Z   RUNS_ON_ACTION_COST_TRACKING_CLAIMED: true
2026-09-22T18:37:11.9770993Z   RUSTUP_TOOLCHAIN: 1.98.0
2026-09-22T18:37:11.9771229Z ##[endgroup]
2026-09-22T18:37:11.9802758Z === CPU Model ===
2026-09-22T18:37:11.9996007Z Architecture:                            x86_64
2026-09-22T18:37:11.9996550Z CPU op-mode(s):                          32-bit, 64-bit
2026-09-22T18:37:11.9997145Z Address sizes:                           46 bits physical, 57 bits virtual
2026-09-22T18:37:11.9997532Z Byte Order:                              Little Endian
2026-09-22T18:37:11.9997851Z CPU(s):                                  96
2026-09-22T18:37:11.9998164Z On-line CPU(s) list:                     0-95
2026-09-22T18:37:11.9998533Z Vendor ID:                               GenuineIntel
2026-09-22T18:37:11.9998967Z Model name:                              Intel(R) Xeon(R) Platinum 8488C
2026-09-22T18:37:11.9999299Z CPU family:                              6
2026-09-22T18:37:11.9999614Z Model:                                   143
2026-09-22T18:37:11.9999916Z Thread(s) per core:                      2
2026-09-22T18:37:12.0000179Z Core(s) per socket:                      48
2026-09-22T18:37:12.0000477Z Socket(s):                               1
2026-09-22T18:37:12.0000739Z Stepping:                                8
2026-09-22T18:37:12.0001045Z CPU(s) scaling MHz:                      29%
2026-09-22T18:37:12.0001360Z CPU max MHz:                             3800.0000
2026-09-22T18:37:12.0001650Z CPU min MHz:                             800.0000
2026-09-22T18:37:12.0001968Z BogoMIPS:                                4800.00
2026-09-22T18:37:12.0005516Z Flags:                                   fpu vme de pse tsc msr pae mce cx8 apic sep mtrr pge mca cmov pat pse36 clflush dts acpi mmx fxsr sse sse2 ss ht tm pbe syscall nx pdpe1gb rdtscp lm constant_tsc art arch_perfmon pebs bts rep_good nopl xtopology nonstop_tsc cpuid aperfmperf tsc_known_freq pni pclmulqdq dtes64 monitor ds_cpl vmx smx est tm2 ssse3 sdbg fma cx16 xtpr pdcm pcid dca sse4_1 sse4_2 x2apic movbe popcnt tsc_deadline_timer aes xsave avx f16c rdrand lahf_lm abm 3dnowprefetch cpuid_fault epb cat_l3 cat_l2 cdp_l3 intel_ppin cdp_l2 ssbd mba ibrs ibpb stibp ibrs_enhanced tpr_shadow flexpriority ept vpid ept_ad fsgsbase tsc_adjust bmi1 avx2 smep bmi2 erms invpcid cqm rdt_a avx512f avx512dq rdseed adx smap avx512ifma clflushopt clwb intel_pt avx512cd sha_ni avx512bw avx512vl xsaveopt xsavec xgetbv1 xsaves cqm_llc cqm_occup_llc cqm_mbm_total cqm_mbm_local split_lock_detect user_shstk avx_vnni avx512_bf16 wbnoinvd dtherm ida arat pln pts hwp hwp_act_window hwp_epp hwp_pkg_req hfi vnmi avx512vbmi umip pku ospke waitpkg avx512_vbmi2 gfni vaes vpclmulqdq avx512_vnni avx512_bitalg tme avx512_vpopcntdq la57 rdpid bus_lock_detect cldemote movdiri movdir64b enqcmd fsrm md_clear serialize tsxldtrk pconfig arch_lbr ibt amx_bf16 avx512_fp16 amx_tile amx_int8 flush_l1d arch_capabilities
2026-09-22T18:37:12.0008964Z Virtualization:                          VT-x
2026-09-22T18:37:12.0009313Z L1d cache:                               2.3 MiB (48 instances)
2026-09-22T18:37:12.0009716Z L1i cache:                               1.5 MiB (48 instances)
2026-09-22T18:37:12.0010046Z L2 cache:                                96 MiB (48 instances)
2026-09-22T18:37:12.0010393Z L3 cache:                                105 MiB (1 instance)
2026-09-22T18:37:12.0010705Z NUMA node(s):                            1
2026-09-22T18:37:12.0010986Z NUMA node0 CPU(s):                       0-95
2026-09-22T18:37:12.0011342Z Vulnerability Gather data sampling:      Not affected
2026-09-22T18:37:12.0011671Z Vulnerability Ghostwrite:                Not affected
2026-09-22T18:37:12.0012011Z Vulnerability Indirect target selection: Not affected
2026-09-22T18:37:12.0012346Z Vulnerability Itlb multihit:             Not affected
2026-09-22T18:37:12.0012670Z Vulnerability L1tf:                      Not affected
2026-09-22T18:37:12.0013015Z Vulnerability Mds:                       Not affected
2026-09-22T18:37:12.0013329Z Vulnerability Meltdown:                  Not affected
2026-09-22T18:37:12.0013664Z Vulnerability Mmio stale data:           Not affected
2026-09-22T18:37:12.0013993Z Vulnerability Old microcode:             Vulnerable
2026-09-22T18:37:12.0014318Z Vulnerability Reg file data sampling:    Not affected
2026-09-22T18:37:12.0014676Z Vulnerability Retbleed:                  Not affected
2026-09-22T18:37:12.0014995Z Vulnerability Spec rstack overflow:      Not affected
2026-09-22T18:37:12.0015439Z Vulnerability Spec store bypass:         Mitigation; Speculative Store Bypass disabled via prctl
2026-09-22T18:37:12.0016000Z Vulnerability Spectre v1:                Mitigation; usercopy/swapgs barriers and __user pointer sanitization
2026-09-22T18:37:12.0016635Z Vulnerability Spectre v2:                Mitigation; Enhanced / Automatic IBRS; IBPB conditional; PBRSB-eIBRS SW sequence; BHI BHI_DIS_S
2026-09-22T18:37:12.0017165Z Vulnerability Srbds:                     Not affected
2026-09-22T18:37:12.0017496Z Vulnerability Tsa:                       Not affected
2026-09-22T18:37:12.0017812Z Vulnerability Tsx async abort:           Not affected
2026-09-22T18:37:12.0018196Z Vulnerability Vmscape:                   Mitigation; IBPB before exit to userspace
2026-09-22T18:37:12.0018556Z === /proc/cpuinfo summary ===
2026-09-22T18:37:12.0018980Z model name	: Intel(R) Xeon(R) Platinum 8488C
2026-09-22T18:37:12.0025241Z 96
2026-09-22T18:37:12.0025747Z === CPU Flags ===
2026-09-22T18:37:12.0038345Z flags		: fpu vme de pse tsc msr pae mce cx8 apic sep mtrr pge mca cmov pat pse36 clflush dts acpi mmx fxsr sse sse2 ss ht tm pbe syscall nx pdpe1gb rdtscp lm constant_tsc art arch_perfmon pebs bts rep_good nopl xtopology nonstop_tsc cpuid aperfmperf tsc_known_freq pni pclmulqdq dtes64 monitor ds_cpl vmx smx est tm2 ssse3 sdbg fma cx16 xtpr pdcm pcid dca sse4_1 sse4_2 x2apic movbe popcnt tsc_deadline_timer aes xsave avx f16c rdrand lahf_lm abm 3dnowprefetch cpuid_fault epb cat_l3 cat_l2 cdp_l3 intel_ppin cdp_l2 ssbd mba ibrs ibpb stibp ibrs_enhanced tpr_shadow flexpriority ept vpid ept_ad fsgsbase tsc_adjust bmi1 avx2 smep bmi2 erms invpcid cqm rdt_a avx512f avx512dq rdseed adx smap avx512ifma clflushopt clwb intel_pt avx512cd sha_ni avx512bw avx512vl xsaveopt xsavec xgetbv1 xsaves cqm_llc cqm_occup_llc cqm_mbm_total cqm_mbm_local split_lock_detect user_shstk avx_vnni avx512_bf16 wbnoinvd dtherm ida arat pln pts hwp hwp_act_window hwp_epp hwp_pkg_req hfi vnmi avx512vbmi umip pku ospke waitpkg avx512_vbmi2 gfni vaes vpclmulqdq avx512_vnni avx512_bitalg tme avx512_vpopcntdq la57 rdpid bus_lock_detect cldemote movdiri movdir64b enqcmd fsrm md_clear serialize tsxldtrk pconfig arch_lbr ibt amx_bf16 avx512_fp16 amx_tile amx_int8 flush_l1d arch_capabilities
2026-09-22T18:37:12.0041699Z === Memory ===
2026-09-22T18:37:12.0058418Z                total        used        free      shared  buff/cache   available
2026-09-22T18:37:12.0058866Z Mem:           188Gi       3.8Gi       185Gi        45Mi       1.1Gi       184Gi
2026-09-22T18:37:12.0059203Z Swap:             0B          0B          0B
2026-09-22T18:37:12.0059473Z === /proc/meminfo ===
2026-09-22T18:37:12.0065093Z MemTotal:       197634660 kB
2026-09-22T18:37:12.0065378Z MemFree:        194054404 kB
2026-09-22T18:37:12.0065693Z MemAvailable:   193648100 kB
2026-09-22T18:37:12.0065945Z Buffers:           36880 kB
2026-09-22T18:37:12.0066193Z Cached:          1063188 kB
2026-09-22T18:37:12.0066765Z SwapCached:            0 kB
2026-09-22T18:37:12.0067011Z Active:           622804 kB
2026-09-22T18:37:12.0067288Z Inactive:         798364 kB
2026-09-22T18:37:12.0067524Z Active(anon):     367788 kB
2026-09-22T18:37:12.0067763Z Inactive(anon):        0 kB
2026-09-22T18:37:12.0068032Z Active(file):     255016 kB
2026-09-22T18:37:12.0068269Z Inactive(file):   798364 kB
2026-09-22T18:37:12.0068522Z Unevictable:           0 kB
2026-09-22T18:37:12.0068804Z Mlocked:               0 kB
2026-09-22T18:37:12.0069045Z SwapTotal:             0 kB
2026-09-22T18:37:12.0069307Z SwapFree:              0 kB
2026-09-22T18:37:12.0069546Z Zswap:                 0 kB
2026-09-22T18:37:12.0069791Z Zswapped:              0 kB
2026-09-22T18:37:12.0070025Z Dirty:            674964 kB
2026-09-22T18:37:12.0070285Z Writeback:             0 kB
2026-09-22T18:37:12.0070543Z AnonPages:        322536 kB
2026-09-22T18:37:12.0070780Z Mapped:           166600 kB
2026-09-22T18:37:12.0071022Z Shmem:             46408 kB
2026-09-22T18:37:12.0071258Z KReclaimable:      96936 kB
2026-09-22T18:37:12.0071477Z Slab:             762844 kB
2026-09-22T18:37:12.0071766Z SReclaimable:      96936 kB
2026-09-22T18:37:12.0072006Z SUnreclaim:       665908 kB
2026-09-22T18:37:12.0072252Z KernelStack:       19968 kB
2026-09-22T18:37:12.0072490Z PageTables:         6152 kB
2026-09-22T18:37:12.0072725Z SecPageTables:     18084 kB
2026-09-22T18:37:12.0073013Z NFS_Unstable:          0 kB
2026-09-22T18:37:12.0073275Z Bounce:                0 kB
2026-09-22T18:37:12.0073517Z WritebackTmp:          0 kB
2026-09-22T18:37:12.0073755Z CommitLimit:    98817328 kB
2026-09-22T18:37:12.0073977Z Committed_AS:    2647480 kB
2026-09-22T18:37:12.0074257Z VmallocTotal:   13743895347199 kB
2026-09-22T18:37:12.0074511Z VmallocUsed:       47568 kB
2026-09-22T18:37:12.0074787Z VmallocChunk:          0 kB
2026-09-22T18:37:12.0075015Z Percpu:           318336 kB
2026-09-22T18:37:12.0075242Z HardwareCorrupted:     0 kB
2026-09-22T18:37:12.0075524Z AnonHugePages:         0 kB
2026-09-22T18:37:12.0075761Z ShmemHugePages:        0 kB
2026-09-22T18:37:12.0076005Z ShmemPmdMapped:        0 kB
2026-09-22T18:37:12.0076279Z FileHugePages:    569344 kB
2026-09-22T18:37:12.0076506Z FilePmdMapped:         0 kB
2026-09-22T18:37:12.0076775Z CmaTotal:              0 kB
2026-09-22T18:37:12.0077007Z CmaFree:               0 kB
2026-09-22T18:37:12.0077241Z Unaccepted:            0 kB
2026-09-22T18:37:12.0077599Z Balloon:               0 kB
2026-09-22T18:37:12.0077860Z HugePages_Total:       0
2026-09-22T18:37:12.0078143Z HugePages_Free:        0
2026-09-22T18:37:12.0078385Z HugePages_Rsvd:        0
2026-09-22T18:37:12.0078661Z HugePages_Surp:        0
2026-09-22T18:37:12.0078911Z Hugepagesize:       2048 kB
2026-09-22T18:37:12.0079168Z Hugetlb:               0 kB
2026-09-22T18:37:12.0079434Z DirectMap4k:      118932 kB
2026-09-22T18:37:12.0079697Z DirectMap2M:     4925440 kB
2026-09-22T18:37:12.0079942Z DirectMap1G:    198180864 kB
2026-09-22T18:37:12.0080186Z === Block Devices ===
2026-09-22T18:37:12.0081001Z NAME         MAJ:MIN RM  SIZE RO TYPE MOUNTPOINTS
2026-09-22T18:37:12.0081313Z nvme0n1      259:0    0  100G  0 disk 
2026-09-22T18:37:12.0081697Z ├─nvme0n1p1  259:1    0   99G  0 part /
2026-09-22T18:37:12.0081979Z ├─nvme0n1p14 259:2    0    4M  0 part 
2026-09-22T18:37:12.0082295Z ├─nvme0n1p15 259:3    0  106M  0 part /boot/efi
2026-09-22T18:37:12.0082597Z └─nvme0n1p16 259:4    0  913M  0 part /boot
2026-09-22T18:37:12.0082899Z === Disk Usage ===
2026-09-22T18:37:12.0140186Z Filesystem      Type   Size  Used Avail Use% Mounted on
2026-09-22T18:37:12.0140541Z tmpfs           tmpfs   19G  2.5M   19G   1% /run
2026-09-22T18:37:12.0140880Z /dev/nvme0n1p1  ext4    96G   20G   77G  21% /
2026-09-22T18:37:12.0141199Z tmpfs           tmpfs   95G     0   95G   0% /dev/shm
2026-09-22T18:37:12.0141529Z tmpfs           tmpfs  5.0M     0  5.0M   0% /run/lock
2026-09-22T18:37:12.0141835Z tmpfs           tmpfs   95G     0   95G   0% /run/qemu
2026-09-22T18:37:12.0142170Z /dev/nvme0n1p16 ext4   881M   94M  726M  12% /boot
2026-09-22T18:37:12.0142512Z /dev/nvme0n1p15 vfat   105M  6.2M   99M   6% /boot/efi
2026-09-22T18:37:12.0142804Z === Mounts ===
2026-09-22T18:37:12.0150908Z /dev/nvme0n1p1 on / type ext4 (rw,relatime,discard,errors=remount-ro,commit=30)
2026-09-22T18:37:12.0151310Z /dev/nvme0n1p16 on /boot type ext4 (rw,relatime)
2026-09-22T18:37:12.0151907Z /dev/nvme0n1p15 on /boot/efi type vfat (rw,relatime,fmask=0077,dmask=0077,codepage=437,iocharset=iso8859-1,shortname=mixed,errors=remount-ro)
2026-09-22T18:37:12.0152447Z === NVMe Devices ===
2026-09-22T18:37:12.0162050Z crw------- 1 root root 241, 0 Sep 22 18:36 /dev/nvme0
2026-09-22T18:37:12.0162407Z brw-rw---- 1 root disk 259, 0 Sep 22 18:36 /dev/nvme0n1
2026-09-22T18:37:12.0162745Z brw-rw---- 1 root disk 259, 1 Sep 22 18:36 /dev/nvme0n1p1
2026-09-22T18:37:12.0163124Z brw-rw---- 1 root disk 259, 2 Sep 22 18:36 /dev/nvme0n1p14
2026-09-22T18:37:12.0163483Z brw-rw---- 1 root disk 259, 3 Sep 22 18:36 /dev/nvme0n1p15
2026-09-22T18:37:12.0163810Z brw-rw---- 1 root disk 259, 4 Sep 22 18:36 /dev/nvme0n1p16
2026-09-22T18:37:12.0756616Z ##[end-action id=__self_2.__run;outcome=success;conclusion=success;duration_ms=103]
2026-09-22T18:37:12.0943027Z ##[group]Run taiki-e/cache-cargo-install-action@66c9585ef5ca780ee69399975a5e911f47905995
2026-09-22T18:37:12.0943361Z with:
2026-09-22T18:37:12.0943519Z   tool: cargo-codspeed
2026-09-22T18:37:12.0943684Z   locked: true
2026-09-22T18:37:12.0943864Z   no-default-features: false
2026-09-22T18:37:12.0944058Z   all-features: false
2026-09-22T18:37:12.0944223Z env:
2026-09-22T18:37:12.0944372Z   CARGO_TERM_COLOR: always
2026-09-22T18:37:12.0944550Z   RUST_BACKTRACE: 1
2026-09-22T18:37:12.0944733Z   NIGHTLY_TOOLCHAIN: nightly-2026-09-10
2026-09-22T18:37:12.0944961Z   RUNNER_TOOL_CACHE: /opt/hostedtoolcache
2026-09-22T18:37:12.0945191Z   RUNS_ON_HOME: /runs-on
2026-09-22T18:37:12.0945370Z   RUNS_ON_VERSION: v3.3.0
2026-09-22T18:37:12.0945562Z   RUNS_ON_AGENT_BINARY: /runs-on/agent
2026-09-22T18:37:12.0945768Z   RUNS_ON_AGENT_ARCH: x64
2026-09-22T18:37:12.0945948Z   RUNS_ON_AGENT_USER: runner
2026-09-22T18:37:12.0946141Z   RUNS_ON_AMI_ID: ami-0d8875560af9e1401
2026-09-22T18:37:12.0946376Z   RUNS_ON_AWS_REGION: us-east-1
2026-09-22T18:37:12.0946571Z   RUNS_ON_AWS_AZ: us-east-1a
2026-09-22T18:37:12.0946773Z   RUNS_ON_ENV_CUSTOM_FILE: /runs-on/env.custom
2026-09-22T18:37:12.0947014Z   RUNS_ON_INSTANCE_ID: i-02a0b666295a069f9
2026-09-22T18:37:12.0947298Z   RUNS_ON_INSTANCE_LIFECYCLE: spot
2026-09-22T18:37:12.0947509Z   RUNS_ON_INSTANCE_TYPE: c7i.metal-24xl
2026-09-22T18:37:12.0947732Z   RUNS_ON_STACK_NAME: runs-on-v3
2026-09-22T18:37:12.0947985Z   RUNS_ON_S3_BUCKET_CACHE: runs-on-v3-s3bucketcache-dbnub4tpjhpv
2026-09-22T18:37:12.0948299Z   ACTIONS_RUNNER_HOOK_JOB_STARTED: /runs-on/pre.sh
2026-09-22T18:37:12.0948580Z   ACTIONS_RUNNER_HOOK_JOB_COMPLETED: /runs-on/post.sh
2026-09-22T18:37:12.0948925Z   GITHUB_SERVER_URL: https://github.com/
2026-09-22T18:37:12.0949158Z   GITHUB_API_URL: https://api.github.com/
2026-09-22T18:37:12.0949387Z   GITHUB_HOST: github.com
2026-09-22T18:37:12.0949620Z   RUNS_ON_RUNNER_NAME: runs-on--i-02a0b666295a069f9--23807f91-0
2026-09-22T18:37:12.0949930Z   RUNS_ON_INSTANCE_LAUNCHED_AT: 2026-09-22T18:36:13Z
2026-09-22T18:37:12.0950176Z   ACTIONS_CACHE_URL: http://10.1.2.148:6871/
2026-09-22T18:37:12.0950402Z   ACTIONS_CACHE_SERVICE_V2: true
2026-09-22T18:37:12.0950613Z   ACTIONS_RESULTS_URL: http://10.1.2.148:6871/
2026-09-22T18:37:12.0950902Z   RUNS_ON_S3_CACHE_REPO_PREFIX: cache/repo/vortex-data/vortex
2026-09-22T18:37:12.0951178Z   RUNS_ON_ACTION_COST_TRACKING_CLAIMED: true
2026-09-22T18:37:12.0951400Z   RUSTUP_TOOLCHAIN: 1.98.0
2026-09-22T18:37:12.0951571Z ##[endgroup]
2026-09-22T18:37:12.0957085Z ##[start-action display=Prepare (non-Windows);id=__taiki-e_cache-cargo-install-action.pre-unix]
2026-09-22T18:37:12.0968589Z ##[group]Run set -eu
2026-09-22T18:37:12.0968848Z [36;1mset -eu[0m
2026-09-22T18:37:12.0969030Z [36;1mif ! command -v bash >/dev/null; then[0m
2026-09-22T18:37:12.0969291Z [36;1m  if grep -Eq '^ID=alpine' /etc/os-release; then[0m
2026-09-22T18:37:12.0969671Z [36;1m    printf '::group::Install packages required for cache-cargo-install-action (bash)\n'[0m
2026-09-22T18:37:12.0970022Z [36;1m    # NB: sync with apk_install in pre.sh[0m
2026-09-22T18:37:12.0970261Z [36;1m    if command -v sudo >/dev/null; then[0m
2026-09-22T18:37:12.0970500Z [36;1m      sudo apk --no-cache add bash[0m
2026-09-22T18:37:12.0970736Z [36;1m    elif command -v doas >/dev/null; then[0m
2026-09-22T18:37:12.0970967Z [36;1m      doas apk --no-cache add bash[0m
2026-09-22T18:37:12.0971172Z [36;1m    else[0m
2026-09-22T18:37:12.0971337Z [36;1m      apk --no-cache add bash[0m
2026-09-22T18:37:12.0971531Z [36;1m    fi[0m
2026-09-22T18:37:12.0971700Z [36;1m    printf '::endgroup::\n'[0m
2026-09-22T18:37:12.0971894Z [36;1m  else[0m
2026-09-22T18:37:12.0972124Z [36;1m    printf '::error::cache-cargo-install-action requires bash\n'[0m
2026-09-22T18:37:12.0972399Z [36;1m    exit 1[0m
2026-09-22T18:37:12.0972554Z [36;1m  fi[0m
2026-09-22T18:37:12.0972700Z [36;1mfi[0m
2026-09-22T18:37:12.0972917Z [36;1mbash --noprofile --norc "${GITHUB_ACTION_PATH:?}/pre.sh"[0m
2026-09-22T18:37:12.0988601Z shell: /usr/bin/sh -e {0}
2026-09-22T18:37:12.0988824Z env:
2026-09-22T18:37:12.0988989Z   CARGO_TERM_COLOR: always
2026-09-22T18:37:12.0989180Z   RUST_BACKTRACE: 1
2026-09-22T18:37:12.0989363Z   NIGHTLY_TOOLCHAIN: nightly-2026-09-10
2026-09-22T18:37:12.0989594Z   RUNNER_TOOL_CACHE: /opt/hostedtoolcache
2026-09-22T18:37:12.0989807Z   RUNS_ON_HOME: /runs-on
2026-09-22T18:37:12.0989987Z   RUNS_ON_VERSION: v3.3.0
2026-09-22T18:37:12.0990178Z   RUNS_ON_AGENT_BINARY: /runs-on/agent
2026-09-22T18:37:12.0990379Z   RUNS_ON_AGENT_ARCH: x64
2026-09-22T18:37:12.0990555Z   RUNS_ON_AGENT_USER: runner
2026-09-22T18:37:12.0990744Z   RUNS_ON_AMI_ID: ami-0d8875560af9e1401
2026-09-22T18:37:12.0990950Z   RUNS_ON_AWS_REGION: us-east-1
2026-09-22T18:37:12.0991138Z   RUNS_ON_AWS_AZ: us-east-1a
2026-09-22T18:37:12.0991336Z   RUNS_ON_ENV_CUSTOM_FILE: /runs-on/env.custom
2026-09-22T18:37:12.0991566Z   RUNS_ON_INSTANCE_ID: i-02a0b666295a069f9
2026-09-22T18:37:12.0991784Z   RUNS_ON_INSTANCE_LIFECYCLE: spot
2026-09-22T18:37:12.0991988Z   RUNS_ON_INSTANCE_TYPE: c7i.metal-24xl
2026-09-22T18:37:12.0992194Z   RUNS_ON_STACK_NAME: runs-on-v3
2026-09-22T18:37:12.0992442Z   RUNS_ON_S3_BUCKET_CACHE: runs-on-v3-s3bucketcache-dbnub4tpjhpv
2026-09-22T18:37:12.0992786Z   ACTIONS_RUNNER_HOOK_JOB_STARTED: /runs-on/pre.sh
2026-09-22T18:37:12.0993049Z   ACTIONS_RUNNER_HOOK_JOB_COMPLETED: /runs-on/post.sh
2026-09-22T18:37:12.0993305Z   GITHUB_SERVER_URL: https://github.com/
2026-09-22T18:37:12.0993532Z   GITHUB_API_URL: https://api.github.com/
2026-09-22T18:37:12.0993743Z   GITHUB_HOST: github.com
2026-09-22T18:37:12.0993969Z   RUNS_ON_RUNNER_NAME: runs-on--i-02a0b666295a069f9--23807f91-0
2026-09-22T18:37:12.0994250Z   RUNS_ON_INSTANCE_LAUNCHED_AT: 2026-09-22T18:36:13Z
2026-09-22T18:37:12.0994496Z   ACTIONS_CACHE_URL: http://10.1.2.148:6871/
2026-09-22T18:37:12.0994711Z   ACTIONS_CACHE_SERVICE_V2: true
2026-09-22T18:37:12.0994917Z   ACTIONS_RESULTS_URL: http://10.1.2.148:6871/
2026-09-22T18:37:12.0995188Z   RUNS_ON_S3_CACHE_REPO_PREFIX: cache/repo/vortex-data/vortex
2026-09-22T18:37:12.0995452Z   RUNS_ON_ACTION_COST_TRACKING_CLAIMED: true
2026-09-22T18:37:12.0995666Z   RUSTUP_TOOLCHAIN: 1.98.0
2026-09-22T18:37:12.0995855Z   INPUT_TOOL: cargo-codspeed
2026-09-22T18:37:12.0996041Z   INPUT_LOCKED: true
2026-09-22T18:37:12.0996204Z   INPUT_GIT: 
2026-09-22T18:37:12.0996353Z   INPUT_TAG: 
2026-09-22T18:37:12.0996494Z   INPUT_REV: 
2026-09-22T18:37:12.0996643Z   INPUT_FEATURES: 
2026-09-22T18:37:12.0996819Z   INPUT_NO_DEFAULT_FEATURES: false
2026-09-22T18:37:12.0997017Z   INPUT_ALL_FEATURES: false
2026-09-22T18:37:12.0997344Z   ACTION_USER_AGENT: taiki-e/cache-cargo-install-action (66c9585ef5ca780ee69399975a5e911f47905995)
2026-09-22T18:37:12.0997689Z ##[endgroup]
2026-09-22T18:37:12.2513142Z ##[end-action id=__taiki-e_cache-cargo-install-action.pre-unix;outcome=success;conclusion=success;duration_ms=155]
2026-09-22T18:37:12.2516281Z ##[start-action display=Prepare (Windows);id=__taiki-e_cache-cargo-install-action.pre-windows]
2026-09-22T18:37:12.2518902Z ##[end-action id=__taiki-e_cache-cargo-install-action.pre-windows;outcome=skipped;conclusion=skipped;duration_ms=0]
2026-09-22T18:37:12.2520310Z ##[start-action display=Restore Cache;id=__taiki-e_cache-cargo-install-action.cache]
2026-09-22T18:37:12.2550503Z ##[group]Run actions/cache@668228422ae6a00e4ad889ee87cd7109ec5666a7
2026-09-22T18:37:12.2550784Z with:
2026-09-22T18:37:12.2550982Z   path: /opt/hostedtoolcache/cargo-codspeed/bin
2026-09-22T18:37:12.2551437Z   key: cargo-codspeed-5.0.2-x86_64-linux-gnu-2.39-features-default-no-default-features-false-all-features-false
2026-09-22T18:37:12.2551873Z   enableCrossOsArchive: false
2026-09-22T18:37:12.2552087Z   fail-on-cache-miss: false
2026-09-22T18:37:12.2552270Z   lookup-only: false
2026-09-22T18:37:12.2552445Z   save-always: false
2026-09-22T18:37:12.2552600Z env:
2026-09-22T18:37:12.2552748Z   CARGO_TERM_COLOR: always
2026-09-22T18:37:12.2552928Z   RUST_BACKTRACE: 1
2026-09-22T18:37:12.2553110Z   NIGHTLY_TOOLCHAIN: nightly-2026-09-10
2026-09-22T18:37:12.2553434Z   RUNNER_TOOL_CACHE: /opt/hostedtoolcache
2026-09-22T18:37:12.2553656Z   RUNS_ON_HOME: /runs-on
2026-09-22T18:37:12.2553839Z   RUNS_ON_VERSION: v3.3.0
2026-09-22T18:37:12.2554032Z   RUNS_ON_AGENT_BINARY: /runs-on/agent
2026-09-22T18:37:12.2554248Z   RUNS_ON_AGENT_ARCH: x64
2026-09-22T18:37:12.2554438Z   RUNS_ON_AGENT_USER: runner
2026-09-22T18:37:12.2554630Z   RUNS_ON_AMI_ID: ami-0d8875560af9e1401
2026-09-22T18:37:12.2554851Z   RUNS_ON_AWS_REGION: us-east-1
2026-09-22T18:37:12.2555053Z   RUNS_ON_AWS_AZ: us-east-1a
2026-09-22T18:37:12.2555256Z   RUNS_ON_ENV_CUSTOM_FILE: /runs-on/env.custom
2026-09-22T18:37:12.2555494Z   RUNS_ON_INSTANCE_ID: i-02a0b666295a069f9
2026-09-22T18:37:12.2555705Z   RUNS_ON_INSTANCE_LIFECYCLE: spot
2026-09-22T18:37:12.2555910Z   RUNS_ON_INSTANCE_TYPE: c7i.metal-24xl
2026-09-22T18:37:12.2556130Z   RUNS_ON_STACK_NAME: runs-on-v3
2026-09-22T18:37:12.2556378Z   RUNS_ON_S3_BUCKET_CACHE: runs-on-v3-s3bucketcache-dbnub4tpjhpv
2026-09-22T18:37:12.2556676Z   ACTIONS_RUNNER_HOOK_JOB_STARTED: /runs-on/pre.sh
2026-09-22T18:37:12.2556945Z   ACTIONS_RUNNER_HOOK_JOB_COMPLETED: /runs-on/post.sh
2026-09-22T18:37:12.2557204Z   GITHUB_SERVER_URL: https://github.com/
2026-09-22T18:37:12.2557430Z   GITHUB_API_URL: https://api.github.com/
2026-09-22T18:37:12.2557703Z   GITHUB_HOST: github.com
2026-09-22T18:37:12.2557931Z   RUNS_ON_RUNNER_NAME: runs-on--i-02a0b666295a069f9--23807f91-0
2026-09-22T18:37:12.2558215Z   RUNS_ON_INSTANCE_LAUNCHED_AT: 2026-09-22T18:36:13Z
2026-09-22T18:37:12.2558462Z   ACTIONS_CACHE_URL: http://10.1.2.148:6871/
2026-09-22T18:37:12.2558722Z   ACTIONS_CACHE_SERVICE_V2: true
2026-09-22T18:37:12.2558935Z   ACTIONS_RESULTS_URL: http://10.1.2.148:6871/
2026-09-22T18:37:12.2559215Z   RUNS_ON_S3_CACHE_REPO_PREFIX: cache/repo/vortex-data/vortex
2026-09-22T18:37:12.2559487Z   RUNS_ON_ACTION_COST_TRACKING_CLAIMED: true
2026-09-22T18:37:12.2559709Z   RUSTUP_TOOLCHAIN: 1.98.0
2026-09-22T18:37:12.2559899Z ##[endgroup]
2026-09-22T18:37:12.5236512Z Cache hit for: cargo-codspeed-5.0.2-x86_64-linux-gnu-2.39-features-default-no-default-features-false-all-features-false
2026-09-22T18:37:12.6172492Z Cache Size: ~1 MB (965444 B)
2026-09-22T18:37:12.6183849Z [command]/usr/bin/tar -xf /home/runner/_work/_temp/ff40e0b3-402c-48fc-8863-4099f329ca7e/cache.tzst -P -C /home/runner/_work/vortex/vortex --use-compress-program unzstd
2026-09-22T18:37:12.6279332Z Cache restored successfully
2026-09-22T18:37:12.6704765Z Cache restored from key: cargo-codspeed-5.0.2-x86_64-linux-gnu-2.39-features-default-no-default-features-false-all-features-false
2026-09-22T18:37:12.6745633Z ##[end-action id=__taiki-e_cache-cargo-install-action.cache;outcome=success;conclusion=success;duration_ms=422]
2026-09-22T18:37:12.6754927Z ##[start-action display=Install cargo-codspeed (non-Windows);id=__taiki-e_cache-cargo-install-action.__run]
2026-09-22T18:37:12.6758598Z ##[end-action id=__taiki-e_cache-cargo-install-action.__run;outcome=skipped;conclusion=skipped;duration_ms=0]
2026-09-22T18:37:12.6762058Z ##[start-action display=Install cargo-codspeed (Windows);id=__taiki-e_cache-cargo-install-action.__run_2]
2026-09-22T18:37:12.6765197Z ##[end-action id=__taiki-e_cache-cargo-install-action.__run_2;outcome=skipped;conclusion=skipped;duration_ms=0]
2026-09-22T18:37:12.6795990Z ##[group]Run actions/download-artifact@3e5f45b2cfb9172054b4087a40e8e0b5a5461e7c
2026-09-22T18:37:12.6796305Z with:
2026-09-22T18:37:12.6796489Z   name: codspeed-cpu-benchmarks-avx2
2026-09-22T18:37:12.6796723Z   merge-multiple: false
2026-09-22T18:37:12.6796919Z   repository: vortex-data/vortex
2026-09-22T18:37:12.6797119Z   run-id: 35767877888
2026-09-22T18:37:12.6797301Z   skip-decompress: false
2026-09-22T18:37:12.6797489Z   digest-mismatch: error
2026-09-22T18:37:12.6797666Z env:
2026-09-22T18:37:12.6797834Z   CARGO_TERM_COLOR: always
2026-09-22T18:37:12.6798022Z   RUST_BACKTRACE: 1
2026-09-22T18:37:12.6798207Z   NIGHTLY_TOOLCHAIN: nightly-2026-09-10
2026-09-22T18:37:12.6798439Z   RUNNER_TOOL_CACHE: /opt/hostedtoolcache
2026-09-22T18:37:12.6798693Z   RUNS_ON_HOME: /runs-on
2026-09-22T18:37:12.6798881Z   RUNS_ON_VERSION: v3.3.0
2026-09-22T18:37:12.6799088Z   RUNS_ON_AGENT_BINARY: /runs-on/agent
2026-09-22T18:37:12.6799306Z   RUNS_ON_AGENT_ARCH: x64
2026-09-22T18:37:12.6799523Z   RUNS_ON_AGENT_USER: runner
2026-09-22T18:37:12.6799735Z   RUNS_ON_AMI_ID: ami-0d8875560af9e1401
2026-09-22T18:37:12.6799956Z   RUNS_ON_AWS_REGION: us-east-1
2026-09-22T18:37:12.6800157Z   RUNS_ON_AWS_AZ: us-east-1a
2026-09-22T18:37:12.6800363Z   RUNS_ON_ENV_CUSTOM_FILE: /runs-on/env.custom
2026-09-22T18:37:12.6800600Z   RUNS_ON_INSTANCE_ID: i-02a0b666295a069f9
2026-09-22T18:37:12.6800830Z   RUNS_ON_INSTANCE_LIFECYCLE: spot
2026-09-22T18:37:12.6801047Z   RUNS_ON_INSTANCE_TYPE: c7i.metal-24xl
2026-09-22T18:37:12.6801263Z   RUNS_ON_STACK_NAME: runs-on-v3
2026-09-22T18:37:12.6801523Z   RUNS_ON_S3_BUCKET_CACHE: runs-on-v3-s3bucketcache-dbnub4tpjhpv
2026-09-22T18:37:12.6801830Z   ACTIONS_RUNNER_HOOK_JOB_STARTED: /runs-on/pre.sh
2026-09-22T18:37:12.6802106Z   ACTIONS_RUNNER_HOOK_JOB_COMPLETED: /runs-on/post.sh
2026-09-22T18:37:12.6802390Z   GITHUB_SERVER_URL: https://github.com/
2026-09-22T18:37:12.6802626Z   GITHUB_API_URL: https://api.github.com/
2026-09-22T18:37:12.6802850Z   GITHUB_HOST: github.com
2026-09-22T18:37:12.6803097Z   RUNS_ON_RUNNER_NAME: runs-on--i-02a0b666295a069f9--23807f91-0
2026-09-22T18:37:12.6803474Z   RUNS_ON_INSTANCE_LAUNCHED_AT: 2026-09-22T18:36:13Z
2026-09-22T18:37:12.6803735Z   ACTIONS_CACHE_URL: http://10.1.2.148:6871/
2026-09-22T18:37:12.6803967Z   ACTIONS_CACHE_SERVICE_V2: true
2026-09-22T18:37:12.6804183Z   ACTIONS_RESULTS_URL: http://10.1.2.148:6871/
2026-09-22T18:37:12.6804459Z   RUNS_ON_S3_CACHE_REPO_PREFIX: cache/repo/vortex-data/vortex
2026-09-22T18:37:12.6804730Z   RUNS_ON_ACTION_COST_TRACKING_CLAIMED: true
2026-09-22T18:37:12.6804953Z   RUSTUP_TOOLCHAIN: 1.98.0
2026-09-22T18:37:12.6805146Z ##[endgroup]
2026-09-22T18:37:12.7834587Z Downloading single artifact
2026-09-22T18:37:12.8640146Z Preparing to download the following artifacts:
2026-09-22T18:37:12.8640696Z - codspeed-cpu-benchmarks-avx2 (ID: 10713201191, Size: 517027770, Expected Digest: sha256:fe41b22526f654743d50080bf67122d9e50dfde34f4a842142f56995c7746283)
2026-09-22T18:37:12.9967524Z Redirecting to blob download url: https://productionresultssa9.blob.core.windows.net/actions-results/f2247f35-f878-406c-96a0-c339f9d6b03d/workflow-job-run-20b188b2-a187-5c83-8c4e-24da6daa5358/artifacts/6ea30261599b3005782fd3e941f59f4860b3d5b4da8aee04f15d92f964bf86dd.zip
2026-09-22T18:37:12.9968471Z Starting download of artifact to: /home/runner/_work/vortex/vortex
2026-09-22T18:37:13.1345567Z (node:2707) [DEP0005] DeprecationWarning: Buffer() is deprecated due to security and usability issues. Please use the Buffer.alloc(), Buffer.allocUnsafe(), or Buffer.from() methods instead.
2026-09-22T18:37:13.1346373Z (Use `node --trace-deprecation ...` to show where the warning was created)
2026-09-22T18:37:23.4920311Z SHA256 digest of downloaded artifact is fe41b22526f654743d50080bf67122d9e50dfde34f4a842142f56995c7746283
2026-09-22T18:37:23.4920795Z Artifact download completed successfully.
2026-09-22T18:37:23.4921043Z Total of 1 artifact(s) downloaded
2026-09-22T18:37:23.4924199Z Download artifact has finished successfully
2026-09-22T18:37:23.5019788Z ##[group]Run mkdir -p target
2026-09-22T18:37:23.5020058Z [36;1mmkdir -p target[0m
2026-09-22T18:37:23.5020322Z [36;1mtar -C target -xf codspeed-cpu-benchmarks.tar[0m
2026-09-22T18:37:23.5043399Z shell: /usr/bin/bash -e {0}
2026-09-22T18:37:23.5043617Z env:
2026-09-22T18:37:23.5043805Z   CARGO_TERM_COLOR: always
2026-09-22T18:37:23.5044007Z   RUST_BACKTRACE: 1
2026-09-22T18:37:23.5044212Z   NIGHTLY_TOOLCHAIN: nightly-2026-09-10
2026-09-22T18:37:23.5044465Z   RUNNER_TOOL_CACHE: /opt/hostedtoolcache
2026-09-22T18:37:23.5044692Z   RUNS_ON_HOME: /runs-on
2026-09-22T18:37:23.5044885Z   RUNS_ON_VERSION: v3.3.0
2026-09-22T18:37:23.5045092Z   RUNS_ON_AGENT_BINARY: /runs-on/agent
2026-09-22T18:37:23.5045319Z   RUNS_ON_AGENT_ARCH: x64
2026-09-22T18:37:23.5045513Z   RUNS_ON_AGENT_USER: runner
2026-09-22T18:37:23.5045717Z   RUNS_ON_AMI_ID: ami-0d8875560af9e1401
2026-09-22T18:37:23.5045948Z   RUNS_ON_AWS_REGION: us-east-1
2026-09-22T18:37:23.5046153Z   RUNS_ON_AWS_AZ: us-east-1a
2026-09-22T18:37:23.5046402Z   RUNS_ON_ENV_CUSTOM_FILE: /runs-on/env.custom
2026-09-22T18:37:23.5046657Z   RUNS_ON_INSTANCE_ID: i-02a0b666295a069f9
2026-09-22T18:37:23.5046886Z   RUNS_ON_INSTANCE_LIFECYCLE: spot
2026-09-22T18:37:23.5047114Z   RUNS_ON_INSTANCE_TYPE: c7i.metal-24xl
2026-09-22T18:37:23.5047333Z   RUNS_ON_STACK_NAME: runs-on-v3
2026-09-22T18:37:23.5047598Z   RUNS_ON_S3_BUCKET_CACHE: runs-on-v3-s3bucketcache-dbnub4tpjhpv
2026-09-22T18:37:23.5047916Z   ACTIONS_RUNNER_HOOK_JOB_STARTED: /runs-on/pre.sh
2026-09-22T18:37:23.5048201Z   ACTIONS_RUNNER_HOOK_JOB_COMPLETED: /runs-on/post.sh
2026-09-22T18:37:23.5048481Z   GITHUB_SERVER_URL: https://github.com/
2026-09-22T18:37:23.5048784Z   GITHUB_API_URL: https://api.github.com/
2026-09-22T18:37:23.5049010Z   GITHUB_HOST: github.com
2026-09-22T18:37:23.5049265Z   RUNS_ON_RUNNER_NAME: runs-on--i-02a0b666295a069f9--23807f91-0
2026-09-22T18:37:23.5049562Z   RUNS_ON_INSTANCE_LAUNCHED_AT: 2026-09-22T18:36:13Z
2026-09-22T18:37:23.5049827Z   ACTIONS_CACHE_URL: http://10.1.2.148:6871/
2026-09-22T18:37:23.5050078Z   ACTIONS_CACHE_SERVICE_V2: true
2026-09-22T18:37:23.5050407Z   ACTIONS_RESULTS_URL: http://10.1.2.148:6871/
2026-09-22T18:37:23.5050691Z   RUNS_ON_S3_CACHE_REPO_PREFIX: cache/repo/vortex-data/vortex
2026-09-22T18:37:23.5050981Z   RUNS_ON_ACTION_COST_TRACKING_CLAIMED: true
2026-09-22T18:37:23.5051212Z   RUSTUP_TOOLCHAIN: 1.98.0
2026-09-22T18:37:23.5051407Z ##[endgroup]
2026-09-22T18:37:24.6785055Z ##[group]Run sudo bash scripts/setup-benchmark.sh
2026-09-22T18:37:24.6785371Z [36;1msudo bash scripts/setup-benchmark.sh[0m
2026-09-22T18:37:24.6808386Z shell: /usr/bin/bash -e {0}
2026-09-22T18:37:24.6808604Z env:
2026-09-22T18:37:24.6808803Z   CARGO_TERM_COLOR: always
2026-09-22T18:37:24.6809015Z   RUST_BACKTRACE: 1
2026-09-22T18:37:24.6809211Z   NIGHTLY_TOOLCHAIN: nightly-2026-09-10
2026-09-22T18:37:24.6809454Z   RUNNER_TOOL_CACHE: /opt/hostedtoolcache
2026-09-22T18:37:24.6809686Z   RUNS_ON_HOME: /runs-on
2026-09-22T18:37:24.6809890Z   RUNS_ON_VERSION: v3.3.0
2026-09-22T18:37:24.6810094Z   RUNS_ON_AGENT_BINARY: /runs-on/agent
2026-09-22T18:37:24.6810326Z   RUNS_ON_AGENT_ARCH: x64
2026-09-22T18:37:24.6810525Z   RUNS_ON_AGENT_USER: runner
2026-09-22T18:37:24.6810733Z   RUNS_ON_AMI_ID: ami-0d8875560af9e1401
2026-09-22T18:37:24.6810954Z   RUNS_ON_AWS_REGION: us-east-1
2026-09-22T18:37:24.6811168Z   RUNS_ON_AWS_AZ: us-east-1a
2026-09-22T18:37:24.6811419Z   RUNS_ON_ENV_CUSTOM_FILE: /runs-on/env.custom
2026-09-22T18:37:24.6811667Z   RUNS_ON_INSTANCE_ID: i-02a0b666295a069f9
2026-09-22T18:37:24.6811897Z   RUNS_ON_INSTANCE_LIFECYCLE: spot
2026-09-22T18:37:24.6812125Z   RUNS_ON_INSTANCE_TYPE: c7i.metal-24xl
2026-09-22T18:37:24.6812349Z   RUNS_ON_STACK_NAME: runs-on-v3
2026-09-22T18:37:24.6812614Z   RUNS_ON_S3_BUCKET_CACHE: runs-on-v3-s3bucketcache-dbnub4tpjhpv
2026-09-22T18:37:24.6812928Z   ACTIONS_RUNNER_HOOK_JOB_STARTED: /runs-on/pre.sh
2026-09-22T18:37:24.6813203Z   ACTIONS_RUNNER_HOOK_JOB_COMPLETED: /runs-on/post.sh
2026-09-22T18:37:24.6813475Z   GITHUB_SERVER_URL: https://github.com/
2026-09-22T18:37:24.6813718Z   GITHUB_API_URL: https://api.github.com/
2026-09-22T18:37:24.6813947Z   GITHUB_HOST: github.com
2026-09-22T18:37:24.6814195Z   RUNS_ON_RUNNER_NAME: runs-on--i-02a0b666295a069f9--23807f91-0
2026-09-22T18:37:24.6814493Z   RUNS_ON_INSTANCE_LAUNCHED_AT: 2026-09-22T18:36:13Z
2026-09-22T18:37:24.6814759Z   ACTIONS_CACHE_URL: http://10.1.2.148:6871/
2026-09-22T18:37:24.6814997Z   ACTIONS_CACHE_SERVICE_V2: true
2026-09-22T18:37:24.6815223Z   ACTIONS_RESULTS_URL: http://10.1.2.148:6871/
2026-09-22T18:37:24.6815514Z   RUNS_ON_S3_CACHE_REPO_PREFIX: cache/repo/vortex-data/vortex
2026-09-22T18:37:24.6815796Z   RUNS_ON_ACTION_COST_TRACKING_CLAIMED: true
2026-09-22T18:37:24.6816028Z   RUSTUP_TOOLCHAIN: 1.98.0
2026-09-22T18:37:24.6816225Z ##[endgroup]
2026-09-22T18:37:24.6940559Z + '[' 0 -ne 0 ']'
2026-09-22T18:37:24.6942508Z + sysfs_write /sys/devices/system/cpu/intel_pstate/no_turbo 1
2026-09-22T18:37:24.6942781Z + [[ -n 1 ]]
2026-09-22T18:37:24.6943006Z + [[ -w /sys/devices/system/cpu/intel_pstate/no_turbo ]]
2026-09-22T18:37:24.6943262Z + echo 1
2026-09-22T18:37:24.7007137Z + sysfs_write /sys/devices/system/cpu/cpufreq/boost 0
2026-09-22T18:37:24.7007588Z + [[ -n 0 ]]
2026-09-22T18:37:24.7007907Z + [[ -w /sys/devices/system/cpu/cpufreq/boost ]]
2026-09-22T18:37:24.7008273Z + true
2026-09-22T18:37:24.7008750Z + for policy in /sys/devices/system/cpu/cpufreq/policy*
2026-09-22T18:37:24.7009355Z + sysfs_write /sys/devices/system/cpu/cpufreq/policy0/scaling_governor performance
2026-09-22T18:37:24.7009880Z + [[ -n performance ]]
2026-09-22T18:37:24.7010271Z + [[ -w /sys/devices/system/cpu/cpufreq/policy0/scaling_governor ]]
2026-09-22T18:37:24.7010694Z + echo performance
2026-09-22T18:37:24.7012157Z ++ cat /sys/devices/system/cpu/cpufreq/policy0/scaling_max_freq
2026-09-22T18:37:24.7023943Z + sysfs_write /sys/devices/system/cpu/cpufreq/policy0/scaling_min_freq 2400000
2026-09-22T18:37:24.7024428Z + [[ -n 2400000 ]]
2026-09-22T18:37:24.7024807Z + [[ -w /sys/devices/system/cpu/cpufreq/policy0/scaling_min_freq ]]
2026-09-22T18:37:24.7025224Z + echo 2400000
2026-09-22T18:37:24.7025849Z + for policy in /sys/devices/system/cpu/cpufreq/policy*
2026-09-22T18:37:24.7026394Z + sysfs_write /sys/devices/system/cpu/cpufreq/policy1/scaling_governor performance
2026-09-22T18:37:24.7026889Z + [[ -n performance ]]
2026-09-22T18:37:24.7027258Z + [[ -w /sys/devices/system/cpu/cpufreq/policy1/scaling_governor ]]
2026-09-22T18:37:24.7027829Z + echo performance
2026-09-22T18:37:24.7028204Z ++ cat /sys/devices/system/cpu/cpufreq/policy1/scaling_max_freq
2026-09-22T18:37:24.7039450Z + sysfs_write /sys/devices/system/cpu/cpufreq/policy1/scaling_min_freq 2400000
2026-09-22T18:37:24.7039926Z + [[ -n 2400000 ]]
2026-09-22T18:37:24.7040274Z + [[ -w /sys/devices/system/cpu/cpufreq/policy1/scaling_min_freq ]]
2026-09-22T18:37:24.7040675Z + echo 2400000
2026-09-22T18:37:24.7040988Z + for policy in /sys/devices/system/cpu/cpufreq/policy*
2026-09-22T18:37:24.7041533Z + sysfs_write /sys/devices/system/cpu/cpufreq/policy10/scaling_governor performance
2026-09-22T18:37:24.7042022Z + [[ -n performance ]]
2026-09-22T18:37:24.7042406Z + [[ -w /sys/devices/system/cpu/cpufreq/policy10/scaling_governor ]]
2026-09-22T18:37:24.7042828Z + echo performance
2026-09-22T18:37:24.7043205Z ++ cat /sys/devices/system/cpu/cpufreq/policy10/scaling_max_freq
2026-09-22T18:37:24.7054993Z + sysfs_write /sys/devices/system/cpu/cpufreq/policy10/scaling_min_freq 2400000
2026-09-22T18:37:24.7055465Z + [[ -n 2400000 ]]
2026-09-22T18:37:24.7055820Z + [[ -w /sys/devices/system/cpu/cpufreq/policy10/scaling_min_freq ]]
2026-09-22T18:37:24.7056223Z + echo 2400000
2026-09-22T18:37:24.7056548Z + for policy in /sys/devices/system/cpu/cpufreq/policy*
2026-09-22T18:37:24.7057081Z + sysfs_write /sys/devices/system/cpu/cpufreq/policy11/scaling_governor performance
2026-09-22T18:37:24.7057564Z + [[ -n performance ]]
2026-09-22T18:37:24.7057945Z + [[ -w /sys/devices/system/cpu/cpufreq/policy11/scaling_governor ]]
2026-09-22T18:37:24.7058354Z + echo performance
2026-09-22T18:37:24.7059040Z ++ cat /sys/devices/system/cpu/cpufreq/policy11/scaling_max_freq
2026-09-22T18:37:24.7070286Z + sysfs_write /sys/devices/system/cpu/cpufreq/policy11/scaling_min_freq 2400000
2026-09-22T18:37:24.7070748Z + [[ -n 2400000 ]]
2026-09-22T18:37:24.7071089Z + [[ -w /sys/devices/system/cpu/cpufreq/policy11/scaling_min_freq ]]
2026-09-22T18:37:24.7071502Z + echo 2400000
2026-09-22T18:37:24.7071823Z + for policy in /sys/devices/system/cpu/cpufreq/policy*
2026-09-22T18:37:24.7072361Z + sysfs_write /sys/devices/system/cpu/cpufreq/policy12/scaling_governor performance
2026-09-22T18:37:24.7072859Z + [[ -n performance ]]
2026-09-22T18:37:24.7073228Z + [[ -w /sys/devices/system/cpu/cpufreq/policy12/scaling_governor ]]
2026-09-22T18:37:24.7073630Z + echo performance
2026-09-22T18:37:24.7074186Z ++ cat /sys/devices/system/cpu/cpufreq/policy12/scaling_max_freq
2026-09-22T18:37:24.7085756Z + sysfs_write /sys/devices/system/cpu/cpufreq/policy12/scaling_min_freq 2400000
2026-09-22T18:37:24.7086225Z + [[ -n 2400000 ]]
2026-09-22T18:37:24.7086579Z + [[ -w /sys/devices/system/cpu/cpufreq/policy12/scaling_min_freq ]]
2026-09-22T18:37:24.7086988Z + echo 2400000
2026-09-22T18:37:24.7087296Z + for policy in /sys/devices/system/cpu/cpufreq/policy*
2026-09-22T18:37:24.7087818Z + sysfs_write /sys/devices/system/cpu/cpufreq/policy13/scaling_governor performance
2026-09-22T18:37:24.7088313Z + [[ -n performance ]]
2026-09-22T18:37:24.7088729Z + [[ -w /sys/devices/system/cpu/cpufreq/policy13/scaling_governor ]]
2026-09-22T18:37:24.7089142Z + echo performance
2026-09-22T18:37:24.7090449Z ++ cat /sys/devices/system/cpu/cpufreq/policy13/scaling_max_freq
2026-09-22T18:37:24.7102135Z + sysfs_write /sys/devices/system/cpu/cpufreq/policy13/scaling_min_freq 2400000
2026-09-22T18:37:24.7102591Z + [[ -n 2400000 ]]
2026-09-22T18:37:24.7102943Z + [[ -w /sys/devices/system/cpu/cpufreq/policy13/scaling_min_freq ]]
2026-09-22T18:37:24.7103345Z + echo 2400000
2026-09-22T18:37:24.7103651Z + for policy in /sys/devices/system/cpu/cpufreq/policy*
2026-09-22T18:37:24.7104195Z + sysfs_write /sys/devices/system/cpu/cpufreq/policy14/scaling_governor performance
2026-09-22T18:37:24.7104772Z + [[ -n performance ]]
2026-09-22T18:37:24.7105138Z + [[ -w /sys/devices/system/cpu/cpufreq/policy14/scaling_governor ]]
2026-09-22T18:37:24.7105553Z + echo performance
2026-09-22T18:37:24.7106998Z ++ cat /sys/devices/system/cpu/cpufreq/policy14/scaling_max_freq
2026-09-22T18:37:24.7117371Z + sysfs_write /sys/devices/system/cpu/cpufreq/policy14/scaling_min_freq 2400000
2026-09-22T18:37:24.7117851Z + [[ -n 2400000 ]]
2026-09-22T18:37:24.7118199Z + [[ -w /sys/devices/system/cpu/cpufreq/policy14/scaling_min_freq ]]
2026-09-22T18:37:24.7118597Z + echo 2400000
2026-09-22T18:37:24.7118953Z + for policy in /sys/devices/system/cpu/cpufreq/policy*
2026-09-22T18:37:24.7119472Z + sysfs_write /sys/devices/system/cpu/cpufreq/policy15/scaling_governor performance
2026-09-22T18:37:24.7119956Z + [[ -n performance ]]
2026-09-22T18:37:24.7120325Z + [[ -w /sys/devices/system/cpu/cpufreq/policy15/scaling_governor ]]
2026-09-22T18:37:24.7120731Z + echo performance
2026-09-22T18:37:24.7121083Z ++ cat /sys/devices/system/cpu/cpufreq/policy15/scaling_max_freq
2026-09-22T18:37:24.7132097Z + sysfs_write /sys/devices/system/cpu/cpufreq/policy15/scaling_min_freq 2400000
2026-09-22T18:37:24.7132559Z + [[ -n 2400000 ]]
2026-09-22T18:37:24.7132904Z + [[ -w /sys/devices/system/cpu/cpufreq/policy15/scaling_min_freq ]]
2026-09-22T18:37:24.7133317Z + echo 2400000
2026-09-22T18:37:24.7133627Z + for policy in /sys/devices/system/cpu/cpufreq/policy*
2026-09-22T18:37:24.7134154Z + sysfs_write /sys/devices/system/cpu/cpufreq/policy16/scaling_governor performance
2026-09-22T18:37:24.7134638Z + [[ -n performance ]]
2026-09-22T18:37:24.7135010Z + [[ -w /sys/devices/system/cpu/cpufreq/policy16/scaling_governor ]]
2026-09-22T18:37:24.7135422Z + echo performance
2026-09-22T18:37:24.7135778Z ++ cat /sys/devices/system/cpu/cpufreq/policy16/scaling_max_freq
2026-09-22T18:37:24.7146051Z + sysfs_write /sys/devices/system/cpu/cpufreq/policy16/scaling_min_freq 2400000
2026-09-22T18:37:24.7146516Z + [[ -n 2400000 ]]
2026-09-22T18:37:24.7146862Z + [[ -w /sys/devices/system/cpu/cpufreq/policy16/scaling_min_freq ]]
2026-09-22T18:37:24.7147278Z + echo 2400000
2026-09-22T18:37:24.7147587Z + for policy in /sys/devices/system/cpu/cpufreq/policy*
2026-09-22T18:37:24.7148117Z + sysfs_write /sys/devices/system/cpu/cpufreq/policy17/scaling_governor performance
2026-09-22T18:37:24.7148612Z + [[ -n performance ]]
2026-09-22T18:37:24.7149011Z + [[ -w /sys/devices/system/cpu/cpufreq/policy17/scaling_governor ]]
2026-09-22T18:37:24.7149414Z + echo performance
2026-09-22T18:37:24.7149831Z ++ cat /sys/devices/system/cpu/cpufreq/policy17/scaling_max_freq
2026-09-22T18:37:24.7160579Z + sysfs_write /sys/devices/system/cpu/cpufreq/policy17/scaling_min_freq 2400000
2026-09-22T18:37:24.7161051Z + [[ -n 2400000 ]]
2026-09-22T18:37:24.7161406Z + [[ -w /sys/devices/system/cpu/cpufreq/policy17/scaling_min_freq ]]
2026-09-22T18:37:24.7161803Z + echo 2400000
2026-09-22T18:37:24.7162115Z + for policy in /sys/devices/system/cpu/cpufreq/policy*
2026-09-22T18:37:24.7162657Z + sysfs_write /sys/devices/system/cpu/cpufreq/policy18/scaling_governor performance
2026-09-22T18:37:24.7163143Z + [[ -n performance ]]
2026-09-22T18:37:24.7163511Z + [[ -w /sys/devices/system/cpu/cpufreq/policy18/scaling_governor ]]
2026-09-22T18:37:24.7163918Z + echo performance
2026-09-22T18:37:24.7165710Z ++ cat /sys/devices/system/cpu/cpufreq/policy18/scaling_max_freq
2026-09-22T18:37:24.7178519Z + sysfs_write /sys/devices/system/cpu/cpufreq/policy18/scaling_min_freq 2400000
2026-09-22T18:37:24.7179005Z + [[ -n 2400000 ]]
2026-09-22T18:37:24.7179364Z + [[ -w /sys/devices/system/cpu/cpufreq/policy18/scaling_min_freq ]]
2026-09-22T18:37:24.7179763Z + echo 2400000
2026-09-22T18:37:24.7180073Z + for policy in /sys/devices/system/cpu/cpufreq/policy*
2026-09-22T18:37:24.7180612Z + sysfs_write /sys/devices/system/cpu/cpufreq/policy19/scaling_governor performance
2026-09-22T18:37:24.7181093Z + [[ -n performance ]]
2026-09-22T18:37:24.7181456Z + [[ -w /sys/devices/system/cpu/cpufreq/policy19/scaling_governor ]]
2026-09-22T18:37:24.7181948Z + echo performance
2026-09-22T18:37:24.7182316Z ++ cat /sys/devices/system/cpu/cpufreq/policy19/scaling_max_freq
2026-09-22T18:37:24.7192705Z + sysfs_write /sys/devices/system/cpu/cpufreq/policy19/scaling_min_freq 2400000
2026-09-22T18:37:24.7193180Z + [[ -n 2400000 ]]
2026-09-22T18:37:24.7193595Z + [[ -w /sys/devices/system/cpu/cpufreq/policy19/scaling_min_freq ]]
2026-09-22T18:37:24.7194007Z + echo 2400000
2026-09-22T18:37:24.7194329Z + for policy in /sys/devices/system/cpu/cpufreq/policy*
2026-09-22T18:37:24.7194869Z + sysfs_write /sys/devices/system/cpu/cpufreq/policy2/scaling_governor performance
2026-09-22T18:37:24.7195350Z + [[ -n performance ]]
2026-09-22T18:37:24.7195730Z + [[ -w /sys/devices/system/cpu/cpufreq/policy2/scaling_governor ]]
2026-09-22T18:37:24.7196140Z + echo performance
2026-09-22T18:37:24.7196584Z ++ cat /sys/devices/system/cpu/cpufreq/policy2/scaling_max_freq
2026-09-22T18:37:24.7207874Z + sysfs_write /sys/devices/system/cpu/cpufreq/policy2/scaling_min_freq 2400000
2026-09-22T18:37:24.7208339Z + [[ -n 2400000 ]]
2026-09-22T18:37:24.7208722Z + [[ -w /sys/devices/system/cpu/cpufreq/policy2/scaling_min_freq ]]
2026-09-22T18:37:24.7209139Z + echo 2400000
2026-09-22T18:37:24.7209452Z + for policy in /sys/devices/system/cpu/cpufreq/policy*
2026-09-22T18:37:24.7209991Z + sysfs_write /sys/devices/system/cpu/cpufreq/policy20/scaling_governor performance
2026-09-22T18:37:24.7210470Z + [[ -n performance ]]
2026-09-22T18:37:24.7210848Z + [[ -w /sys/devices/system/cpu/cpufreq/policy20/scaling_governor ]]
2026-09-22T18:37:24.7211262Z + echo performance
2026-09-22T18:37:24.7211616Z ++ cat /sys/devices/system/cpu/cpufreq/policy20/scaling_max_freq
2026-09-22T18:37:24.7221639Z + sysfs_write /sys/devices/system/cpu/cpufreq/policy20/scaling_min_freq 2400000
2026-09-22T18:37:24.7222110Z + [[ -n 2400000 ]]
2026-09-22T18:37:24.7222454Z + [[ -w /sys/devices/system/cpu/cpufreq/policy20/scaling_min_freq ]]
2026-09-22T18:37:24.7222872Z + echo 2400000
2026-09-22T18:37:24.7223186Z + for policy in /sys/devices/system/cpu/cpufreq/policy*
2026-09-22T18:37:24.7223720Z + sysfs_write /sys/devices/system/cpu/cpufreq/policy21/scaling_governor performance
2026-09-22T18:37:24.7224229Z + [[ -n performance ]]
2026-09-22T18:37:24.7224604Z + [[ -w /sys/devices/system/cpu/cpufreq/policy21/scaling_governor ]]
2026-09-22T18:37:24.7225012Z + echo performance
2026-09-22T18:37:24.7226094Z ++ cat /sys/devices/system/cpu/cpufreq/policy21/scaling_max_freq
2026-09-22T18:37:24.7236400Z + sysfs_write /sys/devices/system/cpu/cpufreq/policy21/scaling_min_freq 2400000
2026-09-22T18:37:24.7236875Z + [[ -n 2400000 ]]
2026-09-22T18:37:24.7237234Z + [[ -w /sys/devices/system/cpu/cpufreq/policy21/scaling_min_freq ]]
2026-09-22T18:37:24.7237644Z + echo 2400000
2026-09-22T18:37:24.7237951Z + for policy in /sys/devices/system/cpu/cpufreq/policy*
2026-09-22T18:37:24.7238495Z + sysfs_write /sys/devices/system/cpu/cpufreq/policy22/scaling_governor performance
2026-09-22T18:37:24.7239026Z + [[ -n performance ]]
2026-09-22T18:37:24.7239392Z + [[ -w /sys/devices/system/cpu/cpufreq/policy22/scaling_governor ]]
2026-09-22T18:37:24.7239805Z + echo performance
2026-09-22T18:37:24.7240160Z ++ cat /sys/devices/system/cpu/cpufreq/policy22/scaling_max_freq
2026-09-22T18:37:24.7251309Z + sysfs_write /sys/devices/system/cpu/cpufreq/policy22/scaling_min_freq 2400000
2026-09-22T18:37:24.7251781Z + [[ -n 2400000 ]]
2026-09-22T18:37:24.7252129Z + [[ -w /sys/devices/system/cpu/cpufreq/policy22/scaling_min_freq ]]
2026-09-22T18:37:24.7252530Z + echo 2400000
2026-09-22T18:37:24.7252847Z + for policy in /sys/devices/system/cpu/cpufreq/policy*
2026-09-22T18:37:24.7253393Z + sysfs_write /sys/devices/system/cpu/cpufreq/policy23/scaling_governor performance
2026-09-22T18:37:24.7253879Z + [[ -n performance ]]
2026-09-22T18:37:24.7254257Z + [[ -w /sys/devices/system/cpu/cpufreq/policy23/scaling_governor ]]
2026-09-22T18:37:24.7254679Z + echo performance
2026-09-22T18:37:24.7255034Z ++ cat /sys/devices/system/cpu/cpufreq/policy23/scaling_max_freq
2026-09-22T18:37:24.7265309Z + sysfs_write /sys/devices/system/cpu/cpufreq/policy23/scaling_min_freq 2400000
2026-09-22T18:37:24.7265779Z + [[ -n 2400000 ]]
2026-09-22T18:37:24.7266120Z + [[ -w /sys/devices/system/cpu/cpufreq/policy23/scaling_min_freq ]]
2026-09-22T18:37:24.7266520Z + echo 2400000
2026-09-22T18:37:24.7267005Z + for policy in /sys/devices/system/cpu/cpufreq/policy*
2026-09-22T18:37:24.7267542Z + sysfs_write /sys/devices/system/cpu/cpufreq/policy24/scaling_governor performance
2026-09-22T18:37:24.7268022Z + [[ -n performance ]]
2026-09-22T18:37:24.7268396Z + [[ -w /sys/devices/system/cpu/cpufreq/policy24/scaling_governor ]]
2026-09-22T18:37:24.7268838Z + echo performance
2026-09-22T18:37:24.7269259Z ++ cat /sys/devices/system/cpu/cpufreq/policy24/scaling_max_freq
2026-09-22T18:37:24.7280237Z + sysfs_write /sys/devices/system/cpu/cpufreq/policy24/scaling_min_freq 2400000
2026-09-22T18:37:24.7280699Z + [[ -n 2400000 ]]
2026-09-22T18:37:24.7281044Z + [[ -w /sys/devices/system/cpu/cpufreq/policy24/scaling_min_freq ]]
2026-09-22T18:37:24.7281452Z + echo 2400000
2026-09-22T18:37:24.7281776Z + for policy in /sys/devices/system/cpu/cpufreq/policy*
2026-09-22T18:37:24.7282306Z + sysfs_write /sys/devices/system/cpu/cpufreq/policy25/scaling_governor performance
2026-09-22T18:37:24.7282799Z + [[ -n performance ]]
2026-09-22T18:37:24.7283173Z + [[ -w /sys/devices/system/cpu/cpufreq/policy25/scaling_governor ]]
2026-09-22T18:37:24.7283583Z + echo performance
2026-09-22T18:37:24.7284152Z ++ cat /sys/devices/system/cpu/cpufreq/policy25/scaling_max_freq
2026-09-22T18:37:24.7294821Z + sysfs_write /sys/devices/system/cpu/cpufreq/policy25/scaling_min_freq 2400000
2026-09-22T18:37:24.7295361Z + [[ -n 2400000 ]]
2026-09-22T18:37:24.7295717Z + [[ -w /sys/devices/system/cpu/cpufreq/policy25/scaling_min_freq ]]
2026-09-22T18:37:24.7296121Z + echo 2400000
2026-09-22T18:37:24.7296431Z + for policy in /sys/devices/system/cpu/cpufreq/policy*
2026-09-22T18:37:24.7296963Z + sysfs_write /sys/devices/system/cpu/cpufreq/policy26/scaling_governor performance
2026-09-22T18:37:24.7297471Z + [[ -n performance ]]
2026-09-22T18:37:24.7297839Z + [[ -w /sys/devices/system/cpu/cpufreq/policy26/scaling_governor ]]
2026-09-22T18:37:24.7298250Z + echo performance
2026-09-22T18:37:24.7298604Z ++ cat /sys/devices/system/cpu/cpufreq/policy26/scaling_max_freq
2026-09-22T18:37:24.7309048Z + sysfs_write /sys/devices/system/cpu/cpufreq/policy26/scaling_min_freq 2400000
2026-09-22T18:37:24.7309506Z + [[ -n 2400000 ]]
2026-09-22T18:37:24.7309854Z + [[ -w /sys/devices/system/cpu/cpufreq/policy26/scaling_min_freq ]]
2026-09-22T18:37:24.7310256Z + echo 2400000
2026-09-22T18:37:24.7310567Z + for policy in /sys/devices/system/cpu/cpufreq/policy*
2026-09-22T18:37:24.7311109Z + sysfs_write /sys/devices/system/cpu/cpufreq/policy27/scaling_governor performance
2026-09-22T18:37:24.7311595Z + [[ -n performance ]]
2026-09-22T18:37:24.7311959Z + [[ -w /sys/devices/system/cpu/cpufreq/policy27/scaling_governor ]]
2026-09-22T18:37:24.7312378Z + echo performance
2026-09-22T18:37:24.7312722Z ++ cat /sys/devices/system/cpu/cpufreq/policy27/scaling_max_freq
2026-09-22T18:37:24.7323230Z + sysfs_write /sys/devices/system/cpu/cpufreq/policy27/scaling_min_freq 2400000
2026-09-22T18:37:24.7323706Z + [[ -n 2400000 ]]
2026-09-22T18:37:24.7324050Z + [[ -w /sys/devices/system/cpu/cpufreq/policy27/scaling_min_freq ]]
2026-09-22T18:37:24.7324456Z + echo 2400000
2026-09-22T18:37:24.7324771Z + for policy in /sys/devices/system/cpu/cpufreq/policy*
2026-09-22T18:37:24.7325300Z + sysfs_write /sys/devices/system/cpu/cpufreq/policy28/scaling_governor performance
2026-09-22T18:37:24.7325783Z + [[ -n performance ]]
2026-09-22T18:37:24.7326155Z + [[ -w /sys/devices/system/cpu/cpufreq/policy28/scaling_governor ]]
2026-09-22T18:37:24.7326566Z + echo performance
2026-09-22T18:37:24.7327185Z ++ cat /sys/devices/system/cpu/cpufreq/policy28/scaling_max_freq
2026-09-22T18:37:24.7337837Z + sysfs_write /sys/devices/system/cpu/cpufreq/policy28/scaling_min_freq 2400000
2026-09-22T18:37:24.7338391Z + [[ -n 2400000 ]]
2026-09-22T18:37:24.7338768Z + [[ -w /sys/devices/system/cpu/cpufreq/policy28/scaling_min_freq ]]
2026-09-22T18:37:24.7339181Z + echo 2400000
2026-09-22T18:37:24.7339490Z + for policy in /sys/devices/system/cpu/cpufreq/policy*
2026-09-22T18:37:24.7340075Z + sysfs_write /sys/devices/system/cpu/cpufreq/policy29/scaling_governor performance
2026-09-22T18:37:24.7340563Z + [[ -n performance ]]
2026-09-22T18:37:24.7340939Z + [[ -w /sys/devices/system/cpu/cpufreq/policy29/scaling_governor ]]
2026-09-22T18:37:24.7341348Z + echo performance
2026-09-22T18:37:24.7342397Z ++ cat /sys/devices/system/cpu/cpufreq/policy29/scaling_max_freq
2026-09-22T18:37:24.7352437Z + sysfs_write /sys/devices/system/cpu/cpufreq/policy29/scaling_min_freq 2400000
2026-09-22T18:37:24.7352903Z + [[ -n 2400000 ]]
2026-09-22T18:37:24.7353247Z + [[ -w /sys/devices/system/cpu/cpufreq/policy29/scaling_min_freq ]]
2026-09-22T18:37:24.7353661Z + echo 2400000
2026-09-22T18:37:24.7353972Z + for policy in /sys/devices/system/cpu/cpufreq/policy*
2026-09-22T18:37:24.7354502Z + sysfs_write /sys/devices/system/cpu/cpufreq/policy3/scaling_governor performance
2026-09-22T18:37:24.7354981Z + [[ -n performance ]]
2026-09-22T18:37:24.7355343Z + [[ -w /sys/devices/system/cpu/cpufreq/policy3/scaling_governor ]]
2026-09-22T18:37:24.7355747Z + echo performance
2026-09-22T18:37:24.7357055Z ++ cat /sys/devices/system/cpu/cpufreq/policy3/scaling_max_freq
2026-09-22T18:37:24.7367034Z + sysfs_write /sys/devices/system/cpu/cpufreq/policy3/scaling_min_freq 2400000
2026-09-22T18:37:24.7367489Z + [[ -n 2400000 ]]
2026-09-22T18:37:24.7367842Z + [[ -w /sys/devices/system/cpu/cpufreq/policy3/scaling_min_freq ]]
2026-09-22T18:37:24.7368239Z + echo 2400000
2026-09-22T18:37:24.7368545Z + for policy in /sys/devices/system/cpu/cpufreq/policy*
2026-09-22T18:37:24.7369121Z + sysfs_write /sys/devices/system/cpu/cpufreq/policy30/scaling_governor performance
2026-09-22T18:37:24.7369600Z + [[ -n performance ]]
2026-09-22T18:37:24.7369964Z + [[ -w /sys/devices/system/cpu/cpufreq/policy30/scaling_governor ]]
2026-09-22T18:37:24.7370376Z + echo performance
2026-09-22T18:37:24.7371786Z ++ cat /sys/devices/system/cpu/cpufreq/policy30/scaling_max_freq
2026-09-22T18:37:24.7382461Z + sysfs_write /sys/devices/system/cpu/cpufreq/policy30/scaling_min_freq 2400000
2026-09-22T18:37:24.7382933Z + [[ -n 2400000 ]]
2026-09-22T18:37:24.7383287Z + [[ -w /sys/devices/system/cpu/cpufreq/policy30/scaling_min_freq ]]
2026-09-22T18:37:24.7383692Z + echo 2400000
2026-09-22T18:37:24.7384007Z + for policy in /sys/devices/system/cpu/cpufreq/policy*
2026-09-22T18:37:24.7384558Z + sysfs_write /sys/devices/system/cpu/cpufreq/policy31/scaling_governor performance
2026-09-22T18:37:24.7385050Z + [[ -n performance ]]
2026-09-22T18:37:24.7385416Z + [[ -w /sys/devices/system/cpu/cpufreq/policy31/scaling_governor ]]
2026-09-22T18:37:24.7385833Z + echo performance
2026-09-22T18:37:24.7387230Z ++ cat /sys/devices/system/cpu/cpufreq/policy31/scaling_max_freq
2026-09-22T18:37:24.7397671Z + sysfs_write /sys/devices/system/cpu/cpufreq/policy31/scaling_min_freq 2400000
2026-09-22T18:37:24.7398143Z + [[ -n 2400000 ]]
2026-09-22T18:37:24.7398487Z + [[ -w /sys/devices/system/cpu/cpufreq/policy31/scaling_min_freq ]]
2026-09-22T18:37:24.7398920Z + echo 2400000
2026-09-22T18:37:24.7399237Z + for policy in /sys/devices/system/cpu/cpufreq/policy*
2026-09-22T18:37:24.7399766Z + sysfs_write /sys/devices/system/cpu/cpufreq/policy32/scaling_governor performance
2026-09-22T18:37:24.7400245Z + [[ -n performance ]]
2026-09-22T18:37:24.7400616Z + [[ -w /sys/devices/system/cpu/cpufreq/policy32/scaling_governor ]]
2026-09-22T18:37:24.7401018Z + echo performance
2026-09-22T18:37:24.7402563Z ++ cat /sys/devices/system/cpu/cpufreq/policy32/scaling_max_freq
2026-09-22T18:37:24.7413230Z + sysfs_write /sys/devices/system/cpu/cpufreq/policy32/scaling_min_freq 2400000
2026-09-22T18:37:24.7413690Z + [[ -n 2400000 ]]
2026-09-22T18:37:24.7414032Z + [[ -w /sys/devices/system/cpu/cpufreq/policy32/scaling_min_freq ]]
2026-09-22T18:37:24.7414500Z + echo 2400000
2026-09-22T18:37:24.7414823Z + for policy in /sys/devices/system/cpu/cpufreq/policy*
2026-09-22T18:37:24.7415354Z + sysfs_write /sys/devices/system/cpu/cpufreq/policy33/scaling_governor performance
2026-09-22T18:37:24.7415839Z + [[ -n performance ]]
2026-09-22T18:37:24.7416279Z + [[ -w /sys/devices/system/cpu/cpufreq/policy33/scaling_governor ]]
2026-09-22T18:37:24.7416698Z + echo performance
2026-09-22T18:37:24.7417813Z ++ cat /sys/devices/system/cpu/cpufreq/policy33/scaling_max_freq
2026-09-22T18:37:24.7429784Z + sysfs_write /sys/devices/system/cpu/cpufreq/policy33/scaling_min_freq 2400000
2026-09-22T18:37:24.7430246Z + [[ -n 2400000 ]]
2026-09-22T18:37:24.7430588Z + [[ -w /sys/devices/system/cpu/cpufreq/policy33/scaling_min_freq ]]
2026-09-22T18:37:24.7430998Z + echo 2400000
2026-09-22T18:37:24.7431308Z + for policy in /sys/devices/system/cpu/cpufreq/policy*
2026-09-22T18:37:24.7431833Z + sysfs_write /sys/devices/system/cpu/cpufreq/policy34/scaling_governor performance
2026-09-22T18:37:24.7432321Z + [[ -n performance ]]
2026-09-22T18:37:24.7432682Z + [[ -w /sys/devices/system/cpu/cpufreq/policy34/scaling_governor ]]
2026-09-22T18:37:24.7433088Z + echo performance
2026-09-22T18:37:24.7434462Z ++ cat /sys/devices/system/cpu/cpufreq/policy34/scaling_max_freq
2026-09-22T18:37:24.7444812Z + sysfs_write /sys/devices/system/cpu/cpufreq/policy34/scaling_min_freq 2400000
2026-09-22T18:37:24.7445275Z + [[ -n 2400000 ]]
2026-09-22T18:37:24.7445624Z + [[ -w /sys/devices/system/cpu/cpufreq/policy34/scaling_min_freq ]]
2026-09-22T18:37:24.7446019Z + echo 2400000
2026-09-22T18:37:24.7446350Z + for policy in /sys/devices/system/cpu/cpufreq/policy*
2026-09-22T18:37:24.7446894Z + sysfs_write /sys/devices/system/cpu/cpufreq/policy35/scaling_governor performance
2026-09-22T18:37:24.7447388Z + [[ -n performance ]]
2026-09-22T18:37:24.7447757Z + [[ -w /sys/devices/system/cpu/cpufreq/policy35/scaling_governor ]]
2026-09-22T18:37:24.7448173Z + echo performance
2026-09-22T18:37:24.7451164Z ++ cat /sys/devices/system/cpu/cpufreq/policy35/scaling_max_freq
2026-09-22T18:37:24.7463027Z + sysfs_write /sys/devices/system/cpu/cpufreq/policy35/scaling_min_freq 2400000
2026-09-22T18:37:24.7463500Z + [[ -n 2400000 ]]
2026-09-22T18:37:24.7463839Z + [[ -w /sys/devices/system/cpu/cpufreq/policy35/scaling_min_freq ]]
2026-09-22T18:37:24.7464240Z + echo 2400000
2026-09-22T18:37:24.7464555Z + for policy in /sys/devices/system/cpu/cpufreq/policy*
2026-09-22T18:37:24.7465080Z + sysfs_write /sys/devices/system/cpu/cpufreq/policy36/scaling_governor performance
2026-09-22T18:37:24.7465561Z + [[ -n performance ]]
2026-09-22T18:37:24.7465922Z + [[ -w /sys/devices/system/cpu/cpufreq/policy36/scaling_governor ]]
2026-09-22T18:37:24.7466343Z + echo performance
2026-09-22T18:37:24.7467870Z ++ cat /sys/devices/system/cpu/cpufreq/policy36/scaling_max_freq
2026-09-22T18:37:24.7478432Z + sysfs_write /sys/devices/system/cpu/cpufreq/policy36/scaling_min_freq 2400000
2026-09-22T18:37:24.7478926Z + [[ -n 2400000 ]]
2026-09-22T18:37:24.7479268Z + [[ -w /sys/devices/system/cpu/cpufreq/policy36/scaling_min_freq ]]
2026-09-22T18:37:24.7479672Z + echo 2400000
2026-09-22T18:37:24.7479997Z + for policy in /sys/devices/system/cpu/cpufreq/policy*
2026-09-22T18:37:24.7480530Z + sysfs_write /sys/devices/system/cpu/cpufreq/policy37/scaling_governor performance
2026-09-22T18:37:24.7481013Z + [[ -n performance ]]
2026-09-22T18:37:24.7481388Z + [[ -w /sys/devices/system/cpu/cpufreq/policy37/scaling_governor ]]
2026-09-22T18:37:24.7481802Z + echo performance
2026-09-22T18:37:24.7483742Z ++ cat /sys/devices/system/cpu/cpufreq/policy37/scaling_max_freq
2026-09-22T18:37:24.7494183Z + sysfs_write /sys/devices/system/cpu/cpufreq/policy37/scaling_min_freq 2400000
2026-09-22T18:37:24.7494649Z + [[ -n 2400000 ]]
2026-09-22T18:37:24.7494991Z + [[ -w /sys/devices/system/cpu/cpufreq/policy37/scaling_min_freq ]]
2026-09-22T18:37:24.7495397Z + echo 2400000
2026-09-22T18:37:24.7495708Z + for policy in /sys/devices/system/cpu/cpufreq/policy*
2026-09-22T18:37:24.7496237Z + sysfs_write /sys/devices/system/cpu/cpufreq/policy38/scaling_governor performance
2026-09-22T18:37:24.7496798Z + [[ -n performance ]]
2026-09-22T18:37:24.7497157Z + [[ -w /sys/devices/system/cpu/cpufreq/policy38/scaling_governor ]]
2026-09-22T18:37:24.7497561Z + echo performance
2026-09-22T18:37:24.7498878Z ++ cat /sys/devices/system/cpu/cpufreq/policy38/scaling_max_freq
2026-09-22T18:37:24.7508830Z + sysfs_write /sys/devices/system/cpu/cpufreq/policy38/scaling_min_freq 2400000
2026-09-22T18:37:24.7509292Z + [[ -n 2400000 ]]
2026-09-22T18:37:24.7509644Z + [[ -w /sys/devices/system/cpu/cpufreq/policy38/scaling_min_freq ]]
2026-09-22T18:37:24.7510042Z + echo 2400000
2026-09-22T18:37:24.7510352Z + for policy in /sys/devices/system/cpu/cpufreq/policy*
2026-09-22T18:37:24.7510884Z + sysfs_write /sys/devices/system/cpu/cpufreq/policy39/scaling_governor performance
2026-09-22T18:37:24.7511366Z + [[ -n performance ]]
2026-09-22T18:37:24.7511736Z + [[ -w /sys/devices/system/cpu/cpufreq/policy39/scaling_governor ]]
2026-09-22T18:37:24.7512145Z + echo performance
2026-09-22T18:37:24.7513601Z ++ cat /sys/devices/system/cpu/cpufreq/policy39/scaling_max_freq
2026-09-22T18:37:24.7524177Z + sysfs_write /sys/devices/system/cpu/cpufreq/policy39/scaling_min_freq 2400000
2026-09-22T18:37:24.7524644Z + [[ -n 2400000 ]]
2026-09-22T18:37:24.7525007Z + [[ -w /sys/devices/system/cpu/cpufreq/policy39/scaling_min_freq ]]
2026-09-22T18:37:24.7525415Z + echo 2400000
2026-09-22T18:37:24.7525728Z + for policy in /sys/devices/system/cpu/cpufreq/policy*
2026-09-22T18:37:24.7526273Z + sysfs_write /sys/devices/system/cpu/cpufreq/policy4/scaling_governor performance
2026-09-22T18:37:24.7526761Z + [[ -n performance ]]
2026-09-22T18:37:24.7527131Z + [[ -w /sys/devices/system/cpu/cpufreq/policy4/scaling_governor ]]
2026-09-22T18:37:24.7527558Z + echo performance
2026-09-22T18:37:24.7527927Z ++ cat /sys/devices/system/cpu/cpufreq/policy4/scaling_max_freq
2026-09-22T18:37:24.7538511Z + sysfs_write /sys/devices/system/cpu/cpufreq/policy4/scaling_min_freq 2400000
2026-09-22T18:37:24.7539009Z + [[ -n 2400000 ]]
2026-09-22T18:37:24.7539350Z + [[ -w /sys/devices/system/cpu/cpufreq/policy4/scaling_min_freq ]]
2026-09-22T18:37:24.7539745Z + echo 2400000
2026-09-22T18:37:24.7540070Z + for policy in /sys/devices/system/cpu/cpufreq/policy*
2026-09-22T18:37:24.7540601Z + sysfs_write /sys/devices/system/cpu/cpufreq/policy40/scaling_governor performance
2026-09-22T18:37:24.7541089Z + [[ -n performance ]]
2026-09-22T18:37:24.7541464Z + [[ -w /sys/devices/system/cpu/cpufreq/policy40/scaling_governor ]]
2026-09-22T18:37:24.7541875Z + echo performance
2026-09-22T18:37:24.7543271Z ++ cat /sys/devices/system/cpu/cpufreq/policy40/scaling_max_freq
2026-09-22T18:37:24.7556308Z + sysfs_write /sys/devices/system/cpu/cpufreq/policy40/scaling_min_freq 2400000
2026-09-22T18:37:24.7556771Z + [[ -n 2400000 ]]
2026-09-22T18:37:24.7557112Z + [[ -w /sys/devices/system/cpu/cpufreq/policy40/scaling_min_freq ]]
2026-09-22T18:37:24.7557521Z + echo 2400000
2026-09-22T18:37:24.7557829Z + for policy in /sys/devices/system/cpu/cpufreq/policy*
2026-09-22T18:37:24.7558364Z + sysfs_write /sys/devices/system/cpu/cpufreq/policy41/scaling_governor performance
2026-09-22T18:37:24.7558883Z + [[ -n performance ]]
2026-09-22T18:37:24.7559257Z + [[ -w /sys/devices/system/cpu/cpufreq/policy41/scaling_governor ]]
2026-09-22T18:37:24.7559665Z + echo performance
2026-09-22T18:37:24.7561017Z ++ cat /sys/devices/system/cpu/cpufreq/policy41/scaling_max_freq
2026-09-22T18:37:24.7571286Z + sysfs_write /sys/devices/system/cpu/cpufreq/policy41/scaling_min_freq 2400000
2026-09-22T18:37:24.7571746Z + [[ -n 2400000 ]]
2026-09-22T18:37:24.7572087Z + [[ -w /sys/devices/system/cpu/cpufreq/policy41/scaling_min_freq ]]
2026-09-22T18:37:24.7572491Z + echo 2400000
2026-09-22T18:37:24.7572798Z + for policy in /sys/devices/system/cpu/cpufreq/policy*
2026-09-22T18:37:24.7573322Z + sysfs_write /sys/devices/system/cpu/cpufreq/policy42/scaling_governor performance
2026-09-22T18:37:24.7573812Z + [[ -n performance ]]
2026-09-22T18:37:24.7574179Z + [[ -w /sys/devices/system/cpu/cpufreq/policy42/scaling_governor ]]
2026-09-22T18:37:24.7574668Z + echo performance
2026-09-22T18:37:24.7575830Z ++ cat /sys/devices/system/cpu/cpufreq/policy42/scaling_max_freq
2026-09-22T18:37:24.7585727Z + sysfs_write /sys/devices/system/cpu/cpufreq/policy42/scaling_min_freq 2400000
2026-09-22T18:37:24.7586259Z + [[ -n 2400000 ]]
2026-09-22T18:37:24.7586614Z + [[ -w /sys/devices/system/cpu/cpufreq/policy42/scaling_min_freq ]]
2026-09-22T18:37:24.7587012Z + echo 2400000
2026-09-22T18:37:24.7587318Z + for policy in /sys/devices/system/cpu/cpufreq/policy*
2026-09-22T18:37:24.7587858Z + sysfs_write /sys/devices/system/cpu/cpufreq/policy43/scaling_governor performance
2026-09-22T18:37:24.7588337Z + [[ -n performance ]]
2026-09-22T18:37:24.7588718Z + [[ -w /sys/devices/system/cpu/cpufreq/policy43/scaling_governor ]]
2026-09-22T18:37:24.7589135Z + echo performance
2026-09-22T18:37:24.7590315Z ++ cat /sys/devices/system/cpu/cpufreq/policy43/scaling_max_freq
2026-09-22T18:37:24.7600382Z + sysfs_write /sys/devices/system/cpu/cpufreq/policy43/scaling_min_freq 2400000
2026-09-22T18:37:24.7600853Z + [[ -n 2400000 ]]
2026-09-22T18:37:24.7601197Z + [[ -w /sys/devices/system/cpu/cpufreq/policy43/scaling_min_freq ]]
2026-09-22T18:37:24.7601600Z + echo 2400000
2026-09-22T18:37:24.7601922Z + for policy in /sys/devices/system/cpu/cpufreq/policy*
2026-09-22T18:37:24.7602457Z + sysfs_write /sys/devices/system/cpu/cpufreq/policy44/scaling_governor performance
2026-09-22T18:37:24.7602942Z + [[ -n performance ]]
2026-09-22T18:37:24.7603302Z + [[ -w /sys/devices/system/cpu/cpufreq/policy44/scaling_governor ]]
2026-09-22T18:37:24.7603720Z + echo performance
2026-09-22T18:37:24.7605165Z ++ cat /sys/devices/system/cpu/cpufreq/policy44/scaling_max_freq
2026-09-22T18:37:24.7615668Z + sysfs_write /sys/devices/system/cpu/cpufreq/policy44/scaling_min_freq 2400000
2026-09-22T18:37:24.7616138Z + [[ -n 2400000 ]]
2026-09-22T18:37:24.7616473Z + [[ -w /sys/devices/system/cpu/cpufreq/policy44/scaling_min_freq ]]
2026-09-22T18:37:24.7616879Z + echo 2400000
2026-09-22T18:37:24.7617197Z + for policy in /sys/devices/system/cpu/cpufreq/policy*
2026-09-22T18:37:24.7617724Z + sysfs_write /sys/devices/system/cpu/cpufreq/policy45/scaling_governor performance
2026-09-22T18:37:24.7618206Z + [[ -n performance ]]
2026-09-22T18:37:24.7618591Z + [[ -w /sys/devices/system/cpu/cpufreq/policy45/scaling_governor ]]
2026-09-22T18:37:24.7619034Z + echo performance
2026-09-22T18:37:24.7620388Z ++ cat /sys/devices/system/cpu/cpufreq/policy45/scaling_max_freq
2026-09-22T18:37:24.7630559Z + sysfs_write /sys/devices/system/cpu/cpufreq/policy45/scaling_min_freq 2400000
2026-09-22T18:37:24.7631026Z + [[ -n 2400000 ]]
2026-09-22T18:37:24.7631370Z + [[ -w /sys/devices/system/cpu/cpufreq/policy45/scaling_min_freq ]]
2026-09-22T18:37:24.7631784Z + echo 2400000
2026-09-22T18:37:24.7632096Z + for policy in /sys/devices/system/cpu/cpufreq/policy*
2026-09-22T18:37:24.7632624Z + sysfs_write /sys/devices/system/cpu/cpufreq/policy46/scaling_governor performance
2026-09-22T18:37:24.7633124Z + [[ -n performance ]]
2026-09-22T18:37:24.7633489Z + [[ -w /sys/devices/system/cpu/cpufreq/policy46/scaling_governor ]]
2026-09-22T18:37:24.7633903Z + echo performance
2026-09-22T18:37:24.7635019Z ++ cat /sys/devices/system/cpu/cpufreq/policy46/scaling_max_freq
2026-09-22T18:37:24.7645343Z + sysfs_write /sys/devices/system/cpu/cpufreq/policy46/scaling_min_freq 2400000
2026-09-22T18:37:24.7645805Z + [[ -n 2400000 ]]
2026-09-22T18:37:24.7646158Z + [[ -w /sys/devices/system/cpu/cpufreq/policy46/scaling_min_freq ]]
2026-09-22T18:37:24.7646565Z + echo 2400000
2026-09-22T18:37:24.7646887Z + for policy in /sys/devices/system/cpu/cpufreq/policy*
2026-09-22T18:37:24.7647423Z + sysfs_write /sys/devices/system/cpu/cpufreq/policy47/scaling_governor performance
2026-09-22T18:37:24.7647899Z + [[ -n performance ]]
2026-09-22T18:37:24.7648266Z + [[ -w /sys/devices/system/cpu/cpufreq/policy47/scaling_governor ]]
2026-09-22T18:37:24.7648706Z + echo performance
2026-09-22T18:37:24.7650507Z ++ cat /sys/devices/system/cpu/cpufreq/policy47/scaling_max_freq
2026-09-22T18:37:24.7660538Z + sysfs_write /sys/devices/system/cpu/cpufreq/policy47/scaling_min_freq 2400000
2026-09-22T18:37:24.7661004Z + [[ -n 2400000 ]]
2026-09-22T18:37:24.7661343Z + [[ -w /sys/devices/system/cpu/cpufreq/policy47/scaling_min_freq ]]
2026-09-22T18:37:24.7661748Z + echo 2400000
2026-09-22T18:37:24.7662128Z + for policy in /sys/devices/system/cpu/cpufreq/policy*
2026-09-22T18:37:24.7662665Z + sysfs_write /sys/devices/system/cpu/cpufreq/policy48/scaling_governor performance
2026-09-22T18:37:24.7663149Z + [[ -n performance ]]
2026-09-22T18:37:24.7663514Z + [[ -w /sys/devices/system/cpu/cpufreq/policy48/scaling_governor ]]
2026-09-22T18:37:24.7663922Z + echo performance
2026-09-22T18:37:24.7664271Z ++ cat /sys/devices/system/cpu/cpufreq/policy48/scaling_max_freq
2026-09-22T18:37:24.7674110Z + sysfs_write /sys/devices/system/cpu/cpufreq/policy48/scaling_min_freq 2400000
2026-09-22T18:37:24.7674585Z + [[ -n 2400000 ]]
2026-09-22T18:37:24.7674933Z + [[ -w /sys/devices/system/cpu/cpufreq/policy48/scaling_min_freq ]]
2026-09-22T18:37:24.7675335Z + echo 2400000
2026-09-22T18:37:24.7675652Z + for policy in /sys/devices/system/cpu/cpufreq/policy*
2026-09-22T18:37:24.7676175Z + sysfs_write /sys/devices/system/cpu/cpufreq/policy49/scaling_governor performance
2026-09-22T18:37:24.7676664Z + [[ -n performance ]]
2026-09-22T18:37:24.7677049Z + [[ -w /sys/devices/system/cpu/cpufreq/policy49/scaling_governor ]]
2026-09-22T18:37:24.7677458Z + echo performance
2026-09-22T18:37:24.7680604Z ++ cat /sys/devices/system/cpu/cpufreq/policy49/scaling_max_freq
2026-09-22T18:37:24.7693216Z + sysfs_write /sys/devices/system/cpu/cpufreq/policy49/scaling_min_freq 2400000
2026-09-22T18:37:24.7693683Z + [[ -n 2400000 ]]
2026-09-22T18:37:24.7694028Z + [[ -w /sys/devices/system/cpu/cpufreq/policy49/scaling_min_freq ]]
2026-09-22T18:37:24.7694438Z + echo 2400000
2026-09-22T18:37:24.7694751Z + for policy in /sys/devices/system/cpu/cpufreq/policy*
2026-09-22T18:37:24.7695288Z + sysfs_write /sys/devices/system/cpu/cpufreq/policy5/scaling_governor performance
2026-09-22T18:37:24.7695781Z + [[ -n performance ]]
2026-09-22T18:37:24.7696144Z + [[ -w /sys/devices/system/cpu/cpufreq/policy5/scaling_governor ]]
2026-09-22T18:37:24.7696549Z + echo performance
2026-09-22T18:37:24.7697751Z ++ cat /sys/devices/system/cpu/cpufreq/policy5/scaling_max_freq
2026-09-22T18:37:24.7707895Z + sysfs_write /sys/devices/system/cpu/cpufreq/policy5/scaling_min_freq 2400000
2026-09-22T18:37:24.7708380Z + [[ -n 2400000 ]]
2026-09-22T18:37:24.7708756Z + [[ -w /sys/devices/system/cpu/cpufreq/policy5/scaling_min_freq ]]
2026-09-22T18:37:24.7709156Z + echo 2400000
2026-09-22T18:37:24.7709464Z + for policy in /sys/devices/system/cpu/cpufreq/policy*
2026-09-22T18:37:24.7709993Z + sysfs_write /sys/devices/system/cpu/cpufreq/policy50/scaling_governor performance
2026-09-22T18:37:24.7710485Z + [[ -n performance ]]
2026-09-22T18:37:24.7710851Z + [[ -w /sys/devices/system/cpu/cpufreq/policy50/scaling_governor ]]
2026-09-22T18:37:24.7711269Z + echo performance
2026-09-22T18:37:24.7711951Z ++ cat /sys/devices/system/cpu/cpufreq/policy50/scaling_max_freq
2026-09-22T18:37:24.7722529Z + sysfs_write /sys/devices/system/cpu/cpufreq/policy50/scaling_min_freq 2400000
2026-09-22T18:37:24.7722995Z + [[ -n 2400000 ]]
2026-09-22T18:37:24.7723405Z + [[ -w /sys/devices/system/cpu/cpufreq/policy50/scaling_min_freq ]]
2026-09-22T18:37:24.7723813Z + echo 2400000
2026-09-22T18:37:24.7724125Z + for policy in /sys/devices/system/cpu/cpufreq/policy*
2026-09-22T18:37:24.7724660Z + sysfs_write /sys/devices/system/cpu/cpufreq/policy51/scaling_governor performance
2026-09-22T18:37:24.7725134Z + [[ -n performance ]]
2026-09-22T18:37:24.7725493Z + [[ -w /sys/devices/system/cpu/cpufreq/policy51/scaling_governor ]]
2026-09-22T18:37:24.7725915Z + echo performance
2026-09-22T18:37:24.7727373Z ++ cat /sys/devices/system/cpu/cpufreq/policy51/scaling_max_freq
2026-09-22T18:37:24.7737627Z + sysfs_write /sys/devices/system/cpu/cpufreq/policy51/scaling_min_freq 2400000
2026-09-22T18:37:24.7738173Z + [[ -n 2400000 ]]
2026-09-22T18:37:24.7738517Z + [[ -w /sys/devices/system/cpu/cpufreq/policy51/scaling_min_freq ]]
2026-09-22T18:37:24.7738941Z + echo 2400000
2026-09-22T18:37:24.7739260Z + for policy in /sys/devices/system/cpu/cpufreq/policy*
2026-09-22T18:37:24.7739876Z + sysfs_write /sys/devices/system/cpu/cpufreq/policy52/scaling_governor performance
2026-09-22T18:37:24.7740358Z + [[ -n performance ]]
2026-09-22T18:37:24.7740733Z + [[ -w /sys/devices/system/cpu/cpufreq/policy52/scaling_governor ]]
2026-09-22T18:37:24.7741144Z + echo performance
2026-09-22T18:37:24.7742207Z ++ cat /sys/devices/system/cpu/cpufreq/policy52/scaling_max_freq
2026-09-22T18:37:24.7752053Z + sysfs_write /sys/devices/system/cpu/cpufreq/policy52/scaling_min_freq 2400000
2026-09-22T18:37:24.7752523Z + [[ -n 2400000 ]]
2026-09-22T18:37:24.7752869Z + [[ -w /sys/devices/system/cpu/cpufreq/policy52/scaling_min_freq ]]
2026-09-22T18:37:24.7753281Z + echo 2400000
2026-09-22T18:37:24.7753592Z + for policy in /sys/devices/system/cpu/cpufreq/policy*
2026-09-22T18:37:24.7754122Z + sysfs_write /sys/devices/system/cpu/cpufreq/policy53/scaling_governor performance
2026-09-22T18:37:24.7754606Z + [[ -n performance ]]
2026-09-22T18:37:24.7754979Z + [[ -w /sys/devices/system/cpu/cpufreq/policy53/scaling_governor ]]
2026-09-22T18:37:24.7755396Z + echo performance
2026-09-22T18:37:24.7755752Z ++ cat /sys/devices/system/cpu/cpufreq/policy53/scaling_max_freq
2026-09-22T18:37:24.7766353Z + sysfs_write /sys/devices/system/cpu/cpufreq/policy53/scaling_min_freq 2400000
2026-09-22T18:37:24.7766820Z + [[ -n 2400000 ]]
2026-09-22T18:37:24.7767159Z + [[ -w /sys/devices/system/cpu/cpufreq/policy53/scaling_min_freq ]]
2026-09-22T18:37:24.7767568Z + echo 2400000
2026-09-22T18:37:24.7767883Z + for policy in /sys/devices/system/cpu/cpufreq/policy*
2026-09-22T18:37:24.7768418Z + sysfs_write /sys/devices/system/cpu/cpufreq/policy54/scaling_governor performance
2026-09-22T18:37:24.7768939Z + [[ -n performance ]]
2026-09-22T18:37:24.7769312Z + [[ -w /sys/devices/system/cpu/cpufreq/policy54/scaling_governor ]]
2026-09-22T18:37:24.7769717Z + echo performance
2026-09-22T18:37:24.7772503Z ++ cat /sys/devices/system/cpu/cpufreq/policy54/scaling_max_freq
2026-09-22T18:37:24.7785210Z + sysfs_write /sys/devices/system/cpu/cpufreq/policy54/scaling_min_freq 2400000
2026-09-22T18:37:24.7785673Z + [[ -n 2400000 ]]
2026-09-22T18:37:24.7786022Z + [[ -w /sys/devices/system/cpu/cpufreq/policy54/scaling_min_freq ]]
2026-09-22T18:37:24.7786421Z + echo 2400000
2026-09-22T18:37:24.7786726Z + for policy in /sys/devices/system/cpu/cpufreq/policy*
2026-09-22T18:37:24.7787258Z + sysfs_write /sys/devices/system/cpu/cpufreq/policy55/scaling_governor performance
2026-09-22T18:37:24.7787731Z + [[ -n performance ]]
2026-09-22T18:37:24.7788095Z + [[ -w /sys/devices/system/cpu/cpufreq/policy55/scaling_governor ]]
2026-09-22T18:37:24.7788512Z + echo performance
2026-09-22T18:37:24.7789970Z ++ cat /sys/devices/system/cpu/cpufreq/policy55/scaling_max_freq
2026-09-22T18:37:24.7800513Z + sysfs_write /sys/devices/system/cpu/cpufreq/policy55/scaling_min_freq 2400000
2026-09-22T18:37:24.7800980Z + [[ -n 2400000 ]]
2026-09-22T18:37:24.7801321Z + [[ -w /sys/devices/system/cpu/cpufreq/policy55/scaling_min_freq ]]
2026-09-22T18:37:24.7801723Z + echo 2400000
2026-09-22T18:37:24.7802046Z + for policy in /sys/devices/system/cpu/cpufreq/policy*
2026-09-22T18:37:24.7802578Z + sysfs_write /sys/devices/system/cpu/cpufreq/policy56/scaling_governor performance
2026-09-22T18:37:24.7803059Z + [[ -n performance ]]
2026-09-22T18:37:24.7803423Z + [[ -w /sys/devices/system/cpu/cpufreq/policy56/scaling_governor ]]
2026-09-22T18:37:24.7803840Z + echo performance
2026-09-22T18:37:24.7805356Z ++ cat /sys/devices/system/cpu/cpufreq/policy56/scaling_max_freq
2026-09-22T18:37:24.7816512Z + sysfs_write /sys/devices/system/cpu/cpufreq/policy56/scaling_min_freq 2400000
2026-09-22T18:37:24.7816980Z + [[ -n 2400000 ]]
2026-09-22T18:37:24.7817323Z + [[ -w /sys/devices/system/cpu/cpufreq/policy56/scaling_min_freq ]]
2026-09-22T18:37:24.7817796Z + echo 2400000
2026-09-22T18:37:24.7818118Z + for policy in /sys/devices/system/cpu/cpufreq/policy*
2026-09-22T18:37:24.7818667Z + sysfs_write /sys/devices/system/cpu/cpufreq/policy57/scaling_governor performance
2026-09-22T18:37:24.7819155Z + [[ -n performance ]]
2026-09-22T18:37:24.7819592Z + [[ -w /sys/devices/system/cpu/cpufreq/policy57/scaling_governor ]]
2026-09-22T18:37:24.7820002Z + echo performance
2026-09-22T18:37:24.7820848Z ++ cat /sys/devices/system/cpu/cpufreq/policy57/scaling_max_freq
2026-09-22T18:37:24.7831151Z + sysfs_write /sys/devices/system/cpu/cpufreq/policy57/scaling_min_freq 2400000
2026-09-22T18:37:24.7831615Z + [[ -n 2400000 ]]
2026-09-22T18:37:24.7831958Z + [[ -w /sys/devices/system/cpu/cpufreq/policy57/scaling_min_freq ]]
2026-09-22T18:37:24.7832365Z + echo 2400000
2026-09-22T18:37:24.7832677Z + for policy in /sys/devices/system/cpu/cpufreq/policy*
2026-09-22T18:37:24.7833206Z + sysfs_write /sys/devices/system/cpu/cpufreq/policy58/scaling_governor performance
2026-09-22T18:37:24.7833698Z + [[ -n performance ]]
2026-09-22T18:37:24.7834064Z + [[ -w /sys/devices/system/cpu/cpufreq/policy58/scaling_governor ]]
2026-09-22T18:37:24.7834478Z + echo performance
2026-09-22T18:37:24.7834834Z ++ cat /sys/devices/system/cpu/cpufreq/policy58/scaling_max_freq
2026-09-22T18:37:24.7845068Z + sysfs_write /sys/devices/system/cpu/cpufreq/policy58/scaling_min_freq 2400000
2026-09-22T18:37:24.7845526Z + [[ -n 2400000 ]]
2026-09-22T18:37:24.7845877Z + [[ -w /sys/devices/system/cpu/cpufreq/policy58/scaling_min_freq ]]
2026-09-22T18:37:24.7846279Z + echo 2400000
2026-09-22T18:37:24.7846584Z + for policy in /sys/devices/system/cpu/cpufreq/policy*
2026-09-22T18:37:24.7847116Z + sysfs_write /sys/devices/system/cpu/cpufreq/policy59/scaling_governor performance
2026-09-22T18:37:24.7847596Z + [[ -n performance ]]
2026-09-22T18:37:24.7847962Z + [[ -w /sys/devices/system/cpu/cpufreq/policy59/scaling_governor ]]
2026-09-22T18:37:24.7848372Z + echo performance
2026-09-22T18:37:24.7849827Z ++ cat /sys/devices/system/cpu/cpufreq/policy59/scaling_max_freq
2026-09-22T18:37:24.7859933Z + sysfs_write /sys/devices/system/cpu/cpufreq/policy59/scaling_min_freq 2400000
2026-09-22T18:37:24.7860410Z + [[ -n 2400000 ]]
2026-09-22T18:37:24.7860751Z + [[ -w /sys/devices/system/cpu/cpufreq/policy59/scaling_min_freq ]]
2026-09-22T18:37:24.7861160Z + echo 2400000
2026-09-22T18:37:24.7861470Z + for policy in /sys/devices/system/cpu/cpufreq/policy*
2026-09-22T18:37:24.7862012Z + sysfs_write /sys/devices/system/cpu/cpufreq/policy6/scaling_governor performance
2026-09-22T18:37:24.7862500Z + [[ -n performance ]]
2026-09-22T18:37:24.7862864Z + [[ -w /sys/devices/system/cpu/cpufreq/policy6/scaling_governor ]]
2026-09-22T18:37:24.7863274Z + echo performance
2026-09-22T18:37:24.7863631Z ++ cat /sys/devices/system/cpu/cpufreq/policy6/scaling_max_freq
2026-09-22T18:37:24.7874311Z + sysfs_write /sys/devices/system/cpu/cpufreq/policy6/scaling_min_freq 2400000
2026-09-22T18:37:24.7874787Z + [[ -n 2400000 ]]
2026-09-22T18:37:24.7875139Z + [[ -w /sys/devices/system/cpu/cpufreq/policy6/scaling_min_freq ]]
2026-09-22T18:37:24.7875531Z + echo 2400000
2026-09-22T18:37:24.7875848Z + for policy in /sys/devices/system/cpu/cpufreq/policy*
2026-09-22T18:37:24.7876375Z + sysfs_write /sys/devices/system/cpu/cpufreq/policy60/scaling_governor performance
2026-09-22T18:37:24.7876866Z + [[ -n performance ]]
2026-09-22T18:37:24.7877243Z + [[ -w /sys/devices/system/cpu/cpufreq/policy60/scaling_governor ]]
2026-09-22T18:37:24.7877648Z + echo performance
2026-09-22T18:37:24.7878113Z ++ cat /sys/devices/system/cpu/cpufreq/policy60/scaling_max_freq
2026-09-22T18:37:24.7891319Z + sysfs_write /sys/devices/system/cpu/cpufreq/policy60/scaling_min_freq 2400000
2026-09-22T18:37:24.7891783Z + [[ -n 2400000 ]]
2026-09-22T18:37:24.7892125Z + [[ -w /sys/devices/system/cpu/cpufreq/policy60/scaling_min_freq ]]
2026-09-22T18:37:24.7892534Z + echo 2400000
2026-09-22T18:37:24.7892853Z + for policy in /sys/devices/system/cpu/cpufreq/policy*
2026-09-22T18:37:24.7893454Z + sysfs_write /sys/devices/system/cpu/cpufreq/policy61/scaling_governor performance
2026-09-22T18:37:24.7893947Z + [[ -n performance ]]
2026-09-22T18:37:24.7894306Z + [[ -w /sys/devices/system/cpu/cpufreq/policy61/scaling_governor ]]
2026-09-22T18:37:24.7894717Z + echo performance
2026-09-22T18:37:24.7895484Z ++ cat /sys/devices/system/cpu/cpufreq/policy61/scaling_max_freq
2026-09-22T18:37:24.7905461Z + sysfs_write /sys/devices/system/cpu/cpufreq/policy61/scaling_min_freq 2400000
2026-09-22T18:37:24.7905917Z + [[ -n 2400000 ]]
2026-09-22T18:37:24.7906269Z + [[ -w /sys/devices/system/cpu/cpufreq/policy61/scaling_min_freq ]]
2026-09-22T18:37:24.7906665Z + echo 2400000
2026-09-22T18:37:24.7906970Z + for policy in /sys/devices/system/cpu/cpufreq/policy*
2026-09-22T18:37:24.7907500Z + sysfs_write /sys/devices/system/cpu/cpufreq/policy62/scaling_governor performance
2026-09-22T18:37:24.7907987Z + [[ -n performance ]]
2026-09-22T18:37:24.7908353Z + [[ -w /sys/devices/system/cpu/cpufreq/policy62/scaling_governor ]]
2026-09-22T18:37:24.7908791Z + echo performance
2026-09-22T18:37:24.7910030Z ++ cat /sys/devices/system/cpu/cpufreq/policy62/scaling_max_freq
2026-09-22T18:37:24.7920076Z + sysfs_write /sys/devices/system/cpu/cpufreq/policy62/scaling_min_freq 2400000
2026-09-22T18:37:24.7920540Z + [[ -n 2400000 ]]
2026-09-22T18:37:24.7920898Z + [[ -w /sys/devices/system/cpu/cpufreq/policy62/scaling_min_freq ]]
2026-09-22T18:37:24.7921301Z + echo 2400000
2026-09-22T18:37:24.7921611Z + for policy in /sys/devices/system/cpu/cpufreq/policy*
2026-09-22T18:37:24.7922149Z + sysfs_write /sys/devices/system/cpu/cpufreq/policy63/scaling_governor performance
2026-09-22T18:37:24.7922638Z + [[ -n performance ]]
2026-09-22T18:37:24.7923004Z + [[ -w /sys/devices/system/cpu/cpufreq/policy63/scaling_governor ]]
2026-09-22T18:37:24.7923426Z + echo performance
2026-09-22T18:37:24.7924993Z ++ cat /sys/devices/system/cpu/cpufreq/policy63/scaling_max_freq
2026-09-22T18:37:24.7935532Z + sysfs_write /sys/devices/system/cpu/cpufreq/policy63/scaling_min_freq 2400000
2026-09-22T18:37:24.7936001Z + [[ -n 2400000 ]]
2026-09-22T18:37:24.7936347Z + [[ -w /sys/devices/system/cpu/cpufreq/policy63/scaling_min_freq ]]
2026-09-22T18:37:24.7936748Z + echo 2400000
2026-09-22T18:37:24.7937075Z + for policy in /sys/devices/system/cpu/cpufreq/policy*
2026-09-22T18:37:24.7937599Z + sysfs_write /sys/devices/system/cpu/cpufreq/policy64/scaling_governor performance
2026-09-22T18:37:24.7938074Z + [[ -n performance ]]
2026-09-22T18:37:24.7938446Z + [[ -w /sys/devices/system/cpu/cpufreq/policy64/scaling_governor ]]
2026-09-22T18:37:24.7938891Z + echo performance
2026-09-22T18:37:24.7939510Z ++ cat /sys/devices/system/cpu/cpufreq/policy64/scaling_max_freq
2026-09-22T18:37:24.7949674Z + sysfs_write /sys/devices/system/cpu/cpufreq/policy64/scaling_min_freq 2400000
2026-09-22T18:37:24.7950131Z + [[ -n 2400000 ]]
2026-09-22T18:37:24.7950472Z + [[ -w /sys/devices/system/cpu/cpufreq/policy64/scaling_min_freq ]]
2026-09-22T18:37:24.7950882Z + echo 2400000
2026-09-22T18:37:24.7951207Z + for policy in /sys/devices/system/cpu/cpufreq/policy*
2026-09-22T18:37:24.7951732Z + sysfs_write /sys/devices/system/cpu/cpufreq/policy65/scaling_governor performance
2026-09-22T18:37:24.7952209Z + [[ -n performance ]]
2026-09-22T18:37:24.7952581Z + [[ -w /sys/devices/system/cpu/cpufreq/policy65/scaling_governor ]]
2026-09-22T18:37:24.7952992Z + echo performance
2026-09-22T18:37:24.7953342Z ++ cat /sys/devices/system/cpu/cpufreq/policy65/scaling_max_freq
2026-09-22T18:37:24.7963576Z + sysfs_write /sys/devices/system/cpu/cpufreq/policy65/scaling_min_freq 2400000
2026-09-22T18:37:24.7964044Z + [[ -n 2400000 ]]
2026-09-22T18:37:24.7964383Z + [[ -w /sys/devices/system/cpu/cpufreq/policy65/scaling_min_freq ]]
2026-09-22T18:37:24.7964796Z + echo 2400000
2026-09-22T18:37:24.7965107Z + for policy in /sys/devices/system/cpu/cpufreq/policy*
2026-09-22T18:37:24.7965632Z + sysfs_write /sys/devices/system/cpu/cpufreq/policy66/scaling_governor performance
2026-09-22T18:37:24.7966120Z + [[ -n performance ]]
2026-09-22T18:37:24.7966571Z + [[ -w /sys/devices/system/cpu/cpufreq/policy66/scaling_governor ]]
2026-09-22T18:37:24.7966990Z + echo performance
2026-09-22T18:37:24.7967360Z ++ cat /sys/devices/system/cpu/cpufreq/policy66/scaling_max_freq
2026-09-22T18:37:24.7977531Z + sysfs_write /sys/devices/system/cpu/cpufreq/policy66/scaling_min_freq 2400000
2026-09-22T18:37:24.7978058Z + [[ -n 2400000 ]]
2026-09-22T18:37:24.7978414Z + [[ -w /sys/devices/system/cpu/cpufreq/policy66/scaling_min_freq ]]
2026-09-22T18:37:24.7978844Z + echo 2400000
2026-09-22T18:37:24.7979157Z + for policy in /sys/devices/system/cpu/cpufreq/policy*
2026-09-22T18:37:24.7979692Z + sysfs_write /sys/devices/system/cpu/cpufreq/policy67/scaling_governor performance
2026-09-22T18:37:24.7980181Z + [[ -n performance ]]
2026-09-22T18:37:24.7980546Z + [[ -w /sys/devices/system/cpu/cpufreq/policy67/scaling_governor ]]
2026-09-22T18:37:24.7980966Z + echo performance
2026-09-22T18:37:24.7981317Z ++ cat /sys/devices/system/cpu/cpufreq/policy67/scaling_max_freq
2026-09-22T18:37:24.7991477Z + sysfs_write /sys/devices/system/cpu/cpufreq/policy67/scaling_min_freq 2400000
2026-09-22T18:37:24.7991947Z + [[ -n 2400000 ]]
2026-09-22T18:37:24.7992292Z + [[ -w /sys/devices/system/cpu/cpufreq/policy67/scaling_min_freq ]]
2026-09-22T18:37:24.7992696Z + echo 2400000
2026-09-22T18:37:24.7993015Z + for policy in /sys/devices/system/cpu/cpufreq/policy*
2026-09-22T18:37:24.7993559Z + sysfs_write /sys/devices/system/cpu/cpufreq/policy68/scaling_governor performance
2026-09-22T18:37:24.7994043Z + [[ -n performance ]]
2026-09-22T18:37:24.7994408Z + [[ -w /sys/devices/system/cpu/cpufreq/policy68/scaling_governor ]]
2026-09-22T18:37:24.7994827Z + echo performance
2026-09-22T18:37:24.7995188Z ++ cat /sys/devices/system/cpu/cpufreq/policy68/scaling_max_freq
2026-09-22T18:37:24.8005670Z + sysfs_write /sys/devices/system/cpu/cpufreq/policy68/scaling_min_freq 2400000
2026-09-22T18:37:24.8006160Z + [[ -n 2400000 ]]
2026-09-22T18:37:24.8006501Z + [[ -w /sys/devices/system/cpu/cpufreq/policy68/scaling_min_freq ]]
2026-09-22T18:37:24.8006906Z + echo 2400000
2026-09-22T18:37:24.8007222Z + for policy in /sys/devices/system/cpu/cpufreq/policy*
2026-09-22T18:37:24.8007763Z + sysfs_write /sys/devices/system/cpu/cpufreq/policy69/scaling_governor performance
2026-09-22T18:37:24.8008256Z + [[ -n performance ]]
2026-09-22T18:37:24.8008674Z + [[ -w /sys/devices/system/cpu/cpufreq/policy69/scaling_governor ]]
2026-09-22T18:37:24.8009085Z + echo performance
2026-09-22T18:37:24.8009434Z ++ cat /sys/devices/system/cpu/cpufreq/policy69/scaling_max_freq
2026-09-22T18:37:24.8019890Z + sysfs_write /sys/devices/system/cpu/cpufreq/policy69/scaling_min_freq 2400000
2026-09-22T18:37:24.8020356Z + [[ -n 2400000 ]]
2026-09-22T18:37:24.8020699Z + [[ -w /sys/devices/system/cpu/cpufreq/policy69/scaling_min_freq ]]
2026-09-22T18:37:24.8021106Z + echo 2400000
2026-09-22T18:37:24.8021419Z + for policy in /sys/devices/system/cpu/cpufreq/policy*
2026-09-22T18:37:24.8021942Z + sysfs_write /sys/devices/system/cpu/cpufreq/policy7/scaling_governor performance
2026-09-22T18:37:24.8022440Z + [[ -n performance ]]
2026-09-22T18:37:24.8022811Z + [[ -w /sys/devices/system/cpu/cpufreq/policy7/scaling_governor ]]
2026-09-22T18:37:24.8023224Z + echo performance
2026-09-22T18:37:24.8024443Z ++ cat /sys/devices/system/cpu/cpufreq/policy7/scaling_max_freq
2026-09-22T18:37:24.8034382Z + sysfs_write /sys/devices/system/cpu/cpufreq/policy7/scaling_min_freq 2400000
2026-09-22T18:37:24.8034837Z + [[ -n 2400000 ]]
2026-09-22T18:37:24.8035189Z + [[ -w /sys/devices/system/cpu/cpufreq/policy7/scaling_min_freq ]]
2026-09-22T18:37:24.8035589Z + echo 2400000
2026-09-22T18:37:24.8035900Z + for policy in /sys/devices/system/cpu/cpufreq/policy*
2026-09-22T18:37:24.8036420Z + sysfs_write /sys/devices/system/cpu/cpufreq/policy70/scaling_governor performance
2026-09-22T18:37:24.8036906Z + [[ -n performance ]]
2026-09-22T18:37:24.8037270Z + [[ -w /sys/devices/system/cpu/cpufreq/policy70/scaling_governor ]]
2026-09-22T18:37:24.8037681Z + echo performance
2026-09-22T18:37:24.8038118Z ++ cat /sys/devices/system/cpu/cpufreq/policy70/scaling_max_freq
2026-09-22T18:37:24.8048501Z + sysfs_write /sys/devices/system/cpu/cpufreq/policy70/scaling_min_freq 2400000
2026-09-22T18:37:24.8048997Z + [[ -n 2400000 ]]
2026-09-22T18:37:24.8049336Z + [[ -w /sys/devices/system/cpu/cpufreq/policy70/scaling_min_freq ]]
2026-09-22T18:37:24.8049808Z + echo 2400000
2026-09-22T18:37:24.8050134Z + for policy in /sys/devices/system/cpu/cpufreq/policy*
2026-09-22T18:37:24.8050681Z + sysfs_write /sys/devices/system/cpu/cpufreq/policy71/scaling_governor performance
2026-09-22T18:37:24.8051177Z + [[ -n performance ]]
2026-09-22T18:37:24.8051550Z + [[ -w /sys/devices/system/cpu/cpufreq/policy71/scaling_governor ]]
2026-09-22T18:37:24.8051982Z + echo performance
2026-09-22T18:37:24.8052333Z ++ cat /sys/devices/system/cpu/cpufreq/policy71/scaling_max_freq
2026-09-22T18:37:24.8062427Z + sysfs_write /sys/devices/system/cpu/cpufreq/policy71/scaling_min_freq 2400000
2026-09-22T18:37:24.8063022Z + [[ -n 2400000 ]]
2026-09-22T18:37:24.8063476Z + [[ -w /sys/devices/system/cpu/cpufreq/policy71/scaling_min_freq ]]
2026-09-22T18:37:24.8063907Z + echo 2400000
2026-09-22T18:37:24.8064260Z + for policy in /sys/devices/system/cpu/cpufreq/policy*
2026-09-22T18:37:24.8064809Z + sysfs_write /sys/devices/system/cpu/cpufreq/policy72/scaling_governor performance
2026-09-22T18:37:24.8065325Z + [[ -n performance ]]
2026-09-22T18:37:24.8065711Z + [[ -w /sys/devices/system/cpu/cpufreq/policy72/scaling_governor ]]
2026-09-22T18:37:24.8066138Z + echo performance
2026-09-22T18:37:24.8067176Z ++ cat /sys/devices/system/cpu/cpufreq/policy72/scaling_max_freq
2026-09-22T18:37:24.8077525Z + sysfs_write /sys/devices/system/cpu/cpufreq/policy72/scaling_min_freq 2400000
2026-09-22T18:37:24.8078023Z + [[ -n 2400000 ]]
2026-09-22T18:37:24.8078383Z + [[ -w /sys/devices/system/cpu/cpufreq/policy72/scaling_min_freq ]]
2026-09-22T18:37:24.8078822Z + echo 2400000
2026-09-22T18:37:24.8079151Z + for policy in /sys/devices/system/cpu/cpufreq/policy*
2026-09-22T18:37:24.8079690Z + sysfs_write /sys/devices/system/cpu/cpufreq/policy73/scaling_governor performance
2026-09-22T18:37:24.8080184Z + [[ -n performance ]]
2026-09-22T18:37:24.8080566Z + [[ -w /sys/devices/system/cpu/cpufreq/policy73/scaling_governor ]]
2026-09-22T18:37:24.8080980Z + echo performance
2026-09-22T18:37:24.8081343Z ++ cat /sys/devices/system/cpu/cpufreq/policy73/scaling_max_freq
2026-09-22T18:37:24.8091790Z + sysfs_write /sys/devices/system/cpu/cpufreq/policy73/scaling_min_freq 2400000
2026-09-22T18:37:24.8092263Z + [[ -n 2400000 ]]
2026-09-22T18:37:24.8092608Z + [[ -w /sys/devices/system/cpu/cpufreq/policy73/scaling_min_freq ]]
2026-09-22T18:37:24.8093023Z + echo 2400000
2026-09-22T18:37:24.8093342Z + for policy in /sys/devices/system/cpu/cpufreq/policy*
2026-09-22T18:37:24.8093879Z + sysfs_write /sys/devices/system/cpu/cpufreq/policy74/scaling_governor performance
2026-09-22T18:37:24.8094384Z + [[ -n performance ]]
2026-09-22T18:37:24.8094753Z + [[ -w /sys/devices/system/cpu/cpufreq/policy74/scaling_governor ]]
2026-09-22T18:37:24.8095170Z + echo performance
2026-09-22T18:37:24.8095692Z ++ cat /sys/devices/system/cpu/cpufreq/policy74/scaling_max_freq
2026-09-22T18:37:24.8106555Z + sysfs_write /sys/devices/system/cpu/cpufreq/policy74/scaling_min_freq 2400000
2026-09-22T18:37:24.8107015Z + [[ -n 2400000 ]]
2026-09-22T18:37:24.8107375Z + [[ -w /sys/devices/system/cpu/cpufreq/policy74/scaling_min_freq ]]
2026-09-22T18:37:24.8107780Z + echo 2400000
2026-09-22T18:37:24.8108097Z + for policy in /sys/devices/system/cpu/cpufreq/policy*
2026-09-22T18:37:24.8108669Z + sysfs_write /sys/devices/system/cpu/cpufreq/policy75/scaling_governor performance
2026-09-22T18:37:24.8109160Z + [[ -n performance ]]
2026-09-22T18:37:24.8109527Z + [[ -w /sys/devices/system/cpu/cpufreq/policy75/scaling_governor ]]
2026-09-22T18:37:24.8109938Z + echo performance
2026-09-22T18:37:24.8110296Z ++ cat /sys/devices/system/cpu/cpufreq/policy75/scaling_max_freq
2026-09-22T18:37:24.8120469Z + sysfs_write /sys/devices/system/cpu/cpufreq/policy75/scaling_min_freq 2400000
2026-09-22T18:37:24.8121172Z + [[ -n 2400000 ]]
2026-09-22T18:37:24.8121525Z + [[ -w /sys/devices/system/cpu/cpufreq/policy75/scaling_min_freq ]]
2026-09-22T18:37:24.8121931Z + echo 2400000
2026-09-22T18:37:24.8122239Z + for policy in /sys/devices/system/cpu/cpufreq/policy*
2026-09-22T18:37:24.8122859Z + sysfs_write /sys/devices/system/cpu/cpufreq/policy76/scaling_governor performance
2026-09-22T18:37:24.8123339Z + [[ -n performance ]]
2026-09-22T18:37:24.8123696Z + [[ -w /sys/devices/system/cpu/cpufreq/policy76/scaling_governor ]]
2026-09-22T18:37:24.8124101Z + echo performance
2026-09-22T18:37:24.8124449Z ++ cat /sys/devices/system/cpu/cpufreq/policy76/scaling_max_freq
2026-09-22T18:37:24.8134094Z + sysfs_write /sys/devices/system/cpu/cpufreq/policy76/scaling_min_freq 2400000
2026-09-22T18:37:24.8134560Z + [[ -n 2400000 ]]
2026-09-22T18:37:24.8134909Z + [[ -w /sys/devices/system/cpu/cpufreq/policy76/scaling_min_freq ]]
2026-09-22T18:37:24.8135307Z + echo 2400000
2026-09-22T18:37:24.8135634Z + for policy in /sys/devices/system/cpu/cpufreq/policy*
2026-09-22T18:37:24.8136163Z + sysfs_write /sys/devices/system/cpu/cpufreq/policy77/scaling_governor performance
2026-09-22T18:37:24.8136646Z + [[ -n performance ]]
2026-09-22T18:37:24.8137025Z + [[ -w /sys/devices/system/cpu/cpufreq/policy77/scaling_governor ]]
2026-09-22T18:37:24.8137434Z + echo performance
2026-09-22T18:37:24.8137784Z ++ cat /sys/devices/system/cpu/cpufreq/policy77/scaling_max_freq
2026-09-22T18:37:24.8147530Z + sysfs_write /sys/devices/system/cpu/cpufreq/policy77/scaling_min_freq 2400000
2026-09-22T18:37:24.8147990Z + [[ -n 2400000 ]]
2026-09-22T18:37:24.8148333Z + [[ -w /sys/devices/system/cpu/cpufreq/policy77/scaling_min_freq ]]
2026-09-22T18:37:24.8148784Z + echo 2400000
2026-09-22T18:37:24.8149098Z + for policy in /sys/devices/system/cpu/cpufreq/policy*
2026-09-22T18:37:24.8149629Z + sysfs_write /sys/devices/system/cpu/cpufreq/policy78/scaling_governor performance
2026-09-22T18:37:24.8150119Z + [[ -n performance ]]
2026-09-22T18:37:24.8150496Z + [[ -w /sys/devices/system/cpu/cpufreq/policy78/scaling_governor ]]
2026-09-22T18:37:24.8150903Z + echo performance
2026-09-22T18:37:24.8151249Z ++ cat /sys/devices/system/cpu/cpufreq/policy78/scaling_max_freq
2026-09-22T18:37:24.8161037Z + sysfs_write /sys/devices/system/cpu/cpufreq/policy78/scaling_min_freq 2400000
2026-09-22T18:37:24.8161509Z + [[ -n 2400000 ]]
2026-09-22T18:37:24.8161855Z + [[ -w /sys/devices/system/cpu/cpufreq/policy78/scaling_min_freq ]]
2026-09-22T18:37:24.8162270Z + echo 2400000
2026-09-22T18:37:24.8162584Z + for policy in /sys/devices/system/cpu/cpufreq/policy*
2026-09-22T18:37:24.8163117Z + sysfs_write /sys/devices/system/cpu/cpufreq/policy79/scaling_governor performance
2026-09-22T18:37:24.8163610Z + [[ -n performance ]]
2026-09-22T18:37:24.8163971Z + [[ -w /sys/devices/system/cpu/cpufreq/policy79/scaling_governor ]]
2026-09-22T18:37:24.8164383Z + echo performance
2026-09-22T18:37:24.8164736Z ++ cat /sys/devices/system/cpu/cpufreq/policy79/scaling_max_freq
2026-09-22T18:37:24.8174943Z + sysfs_write /sys/devices/system/cpu/cpufreq/policy79/scaling_min_freq 2400000
2026-09-22T18:37:24.8175396Z + [[ -n 2400000 ]]
2026-09-22T18:37:24.8175741Z + [[ -w /sys/devices/system/cpu/cpufreq/policy79/scaling_min_freq ]]
2026-09-22T18:37:24.8176142Z + echo 2400000
2026-09-22T18:37:24.8176456Z + for policy in /sys/devices/system/cpu/cpufreq/policy*
2026-09-22T18:37:24.8176996Z + sysfs_write /sys/devices/system/cpu/cpufreq/policy8/scaling_governor performance
2026-09-22T18:37:24.8177477Z + [[ -n performance ]]
2026-09-22T18:37:24.8177849Z + [[ -w /sys/devices/system/cpu/cpufreq/policy8/scaling_governor ]]
2026-09-22T18:37:24.8178260Z + echo performance
2026-09-22T18:37:24.8179501Z ++ cat /sys/devices/system/cpu/cpufreq/policy8/scaling_max_freq
2026-09-22T18:37:24.8189362Z + sysfs_write /sys/devices/system/cpu/cpufreq/policy8/scaling_min_freq 2400000
2026-09-22T18:37:24.8189839Z + [[ -n 2400000 ]]
2026-09-22T18:37:24.8190189Z + [[ -w /sys/devices/system/cpu/cpufreq/policy8/scaling_min_freq ]]
2026-09-22T18:37:24.8190675Z + echo 2400000
2026-09-22T18:37:24.8190990Z + for policy in /sys/devices/system/cpu/cpufreq/policy*
2026-09-22T18:37:24.8191526Z + sysfs_write /sys/devices/system/cpu/cpufreq/policy80/scaling_governor performance
2026-09-22T18:37:24.8192010Z + [[ -n performance ]]
2026-09-22T18:37:24.8192444Z + [[ -w /sys/devices/system/cpu/cpufreq/policy80/scaling_governor ]]
2026-09-22T18:37:24.8192867Z + echo performance
2026-09-22T18:37:24.8193216Z ++ cat /sys/devices/system/cpu/cpufreq/policy80/scaling_max_freq
2026-09-22T18:37:24.8203110Z + sysfs_write /sys/devices/system/cpu/cpufreq/policy80/scaling_min_freq 2400000
2026-09-22T18:37:24.8203577Z + [[ -n 2400000 ]]
2026-09-22T18:37:24.8203925Z + [[ -w /sys/devices/system/cpu/cpufreq/policy80/scaling_min_freq ]]
2026-09-22T18:37:24.8204332Z + echo 2400000
2026-09-22T18:37:24.8204656Z + for policy in /sys/devices/system/cpu/cpufreq/policy*
2026-09-22T18:37:24.8205191Z + sysfs_write /sys/devices/system/cpu/cpufreq/policy81/scaling_governor performance
2026-09-22T18:37:24.8205682Z + [[ -n performance ]]
2026-09-22T18:37:24.8206058Z + [[ -w /sys/devices/system/cpu/cpufreq/policy81/scaling_governor ]]
2026-09-22T18:37:24.8206469Z + echo performance
2026-09-22T18:37:24.8207878Z ++ cat /sys/devices/system/cpu/cpufreq/policy81/scaling_max_freq
2026-09-22T18:37:24.8218319Z + sysfs_write /sys/devices/system/cpu/cpufreq/policy81/scaling_min_freq 2400000
2026-09-22T18:37:24.8218813Z + [[ -n 2400000 ]]
2026-09-22T18:37:24.8219160Z + [[ -w /sys/devices/system/cpu/cpufreq/policy81/scaling_min_freq ]]
2026-09-22T18:37:24.8219575Z + echo 2400000
2026-09-22T18:37:24.8219884Z + for policy in /sys/devices/system/cpu/cpufreq/policy*
2026-09-22T18:37:24.8220414Z + sysfs_write /sys/devices/system/cpu/cpufreq/policy82/scaling_governor performance
2026-09-22T18:37:24.8220906Z + [[ -n performance ]]
2026-09-22T18:37:24.8221269Z + [[ -w /sys/devices/system/cpu/cpufreq/policy82/scaling_governor ]]
2026-09-22T18:37:24.8221680Z + echo performance
2026-09-22T18:37:24.8222029Z ++ cat /sys/devices/system/cpu/cpufreq/policy82/scaling_max_freq
2026-09-22T18:37:24.8232352Z + sysfs_write /sys/devices/system/cpu/cpufreq/policy82/scaling_min_freq 2400000
2026-09-22T18:37:24.8232877Z + [[ -n 2400000 ]]
2026-09-22T18:37:24.8233295Z + [[ -w /sys/devices/system/cpu/cpufreq/policy82/scaling_min_freq ]]
2026-09-22T18:37:24.8233758Z + echo 2400000
2026-09-22T18:37:24.8234093Z + for policy in /sys/devices/system/cpu/cpufreq/policy*
2026-09-22T18:37:24.8234668Z + sysfs_write /sys/devices/system/cpu/cpufreq/policy83/scaling_governor performance
2026-09-22T18:37:24.8235194Z + [[ -n performance ]]
2026-09-22T18:37:24.8235587Z + [[ -w /sys/devices/system/cpu/cpufreq/policy83/scaling_governor ]]
2026-09-22T18:37:24.8236017Z + echo performance
2026-09-22T18:37:24.8236403Z ++ cat /sys/devices/system/cpu/cpufreq/policy83/scaling_max_freq
2026-09-22T18:37:24.8248870Z + sysfs_write /sys/devices/system/cpu/cpufreq/policy83/scaling_min_freq 2400000
2026-09-22T18:37:24.8249348Z + [[ -n 2400000 ]]
2026-09-22T18:37:24.8249721Z + [[ -w /sys/devices/system/cpu/cpufreq/policy83/scaling_min_freq ]]
2026-09-22T18:37:24.8250138Z + echo 2400000
2026-09-22T18:37:24.8250460Z + for policy in /sys/devices/system/cpu/cpufreq/policy*
2026-09-22T18:37:24.8251010Z + sysfs_write /sys/devices/system/cpu/cpufreq/policy84/scaling_governor performance
2026-09-22T18:37:24.8251509Z + [[ -n performance ]]
2026-09-22T18:37:24.8251884Z + [[ -w /sys/devices/system/cpu/cpufreq/policy84/scaling_governor ]]
2026-09-22T18:37:24.8252309Z + echo performance
2026-09-22T18:37:24.8252664Z ++ cat /sys/devices/system/cpu/cpufreq/policy84/scaling_max_freq
2026-09-22T18:37:24.8262979Z + sysfs_write /sys/devices/system/cpu/cpufreq/policy84/scaling_min_freq 2400000
2026-09-22T18:37:24.8263455Z + [[ -n 2400000 ]]
2026-09-22T18:37:24.8263805Z + [[ -w /sys/devices/system/cpu/cpufreq/policy84/scaling_min_freq ]]
2026-09-22T18:37:24.8264210Z + echo 2400000
2026-09-22T18:37:24.8264532Z + for policy in /sys/devices/system/cpu/cpufreq/policy*
2026-09-22T18:37:24.8265275Z + sysfs_write /sys/devices/system/cpu/cpufreq/policy85/scaling_governor performance
2026-09-22T18:37:24.8265770Z + [[ -n performance ]]
2026-09-22T18:37:24.8266140Z + [[ -w /sys/devices/system/cpu/cpufreq/policy85/scaling_governor ]]
2026-09-22T18:37:24.8266564Z + echo performance
2026-09-22T18:37:24.8266996Z ++ cat /sys/devices/system/cpu/cpufreq/policy85/scaling_max_freq
2026-09-22T18:37:24.8277137Z + sysfs_write /sys/devices/system/cpu/cpufreq/policy85/scaling_min_freq 2400000
2026-09-22T18:37:24.8277604Z + [[ -n 2400000 ]]
2026-09-22T18:37:24.8277948Z + [[ -w /sys/devices/system/cpu/cpufreq/policy85/scaling_min_freq ]]
2026-09-22T18:37:24.8278345Z + echo 2400000
2026-09-22T18:37:24.8278696Z + for policy in /sys/devices/system/cpu/cpufreq/policy*
2026-09-22T18:37:24.8279228Z + sysfs_write /sys/devices/system/cpu/cpufreq/policy86/scaling_governor performance
2026-09-22T18:37:24.8279715Z + [[ -n performance ]]
2026-09-22T18:37:24.8280086Z + [[ -w /sys/devices/system/cpu/cpufreq/policy86/scaling_governor ]]
2026-09-22T18:37:24.8280495Z + echo performance
2026-09-22T18:37:24.8280847Z ++ cat /sys/devices/system/cpu/cpufreq/policy86/scaling_max_freq
2026-09-22T18:37:24.8291181Z + sysfs_write /sys/devices/system/cpu/cpufreq/policy86/scaling_min_freq 2400000
2026-09-22T18:37:24.8291645Z + [[ -n 2400000 ]]
2026-09-22T18:37:24.8292000Z + [[ -w /sys/devices/system/cpu/cpufreq/policy86/scaling_min_freq ]]
2026-09-22T18:37:24.8292414Z + echo 2400000
2026-09-22T18:37:24.8292729Z + for policy in /sys/devices/system/cpu/cpufreq/policy*
2026-09-22T18:37:24.8293265Z + sysfs_write /sys/devices/system/cpu/cpufreq/policy87/scaling_governor performance
2026-09-22T18:37:24.8293759Z + [[ -n performance ]]
2026-09-22T18:37:24.8294126Z + [[ -w /sys/devices/system/cpu/cpufreq/policy87/scaling_governor ]]
2026-09-22T18:37:24.8294538Z + echo performance
2026-09-22T18:37:24.8295892Z ++ cat /sys/devices/system/cpu/cpufreq/policy87/scaling_max_freq
2026-09-22T18:37:24.8305892Z + sysfs_write /sys/devices/system/cpu/cpufreq/policy87/scaling_min_freq 2400000
2026-09-22T18:37:24.8306367Z + [[ -n 2400000 ]]
2026-09-22T18:37:24.8306727Z + [[ -w /sys/devices/system/cpu/cpufreq/policy87/scaling_min_freq ]]
2026-09-22T18:37:24.8307134Z + echo 2400000
2026-09-22T18:37:24.8307447Z + for policy in /sys/devices/system/cpu/cpufreq/policy*
2026-09-22T18:37:24.8307988Z + sysfs_write /sys/devices/system/cpu/cpufreq/policy88/scaling_governor performance
2026-09-22T18:37:24.8308495Z + [[ -n performance ]]
2026-09-22T18:37:24.8308892Z + [[ -w /sys/devices/system/cpu/cpufreq/policy88/scaling_governor ]]
2026-09-22T18:37:24.8309300Z + echo performance
2026-09-22T18:37:24.8310807Z ++ cat /sys/devices/system/cpu/cpufreq/policy88/scaling_max_freq
2026-09-22T18:37:24.8321188Z + sysfs_write /sys/devices/system/cpu/cpufreq/policy88/scaling_min_freq 2400000
2026-09-22T18:37:24.8321649Z + [[ -n 2400000 ]]
2026-09-22T18:37:24.8322007Z + [[ -w /sys/devices/system/cpu/cpufreq/policy88/scaling_min_freq ]]
2026-09-22T18:37:24.8322407Z + echo 2400000
2026-09-22T18:37:24.8322721Z + for policy in /sys/devices/system/cpu/cpufreq/policy*
2026-09-22T18:37:24.8323254Z + sysfs_write /sys/devices/system/cpu/cpufreq/policy89/scaling_governor performance
2026-09-22T18:37:24.8323736Z + [[ -n performance ]]
2026-09-22T18:37:24.8324101Z + [[ -w /sys/devices/system/cpu/cpufreq/policy89/scaling_governor ]]
2026-09-22T18:37:24.8324521Z + echo performance
2026-09-22T18:37:24.8326232Z ++ cat /sys/devices/system/cpu/cpufreq/policy89/scaling_max_freq
2026-09-22T18:37:24.8336712Z + sysfs_write /sys/devices/system/cpu/cpufreq/policy89/scaling_min_freq 2400000
2026-09-22T18:37:24.8337188Z + [[ -n 2400000 ]]
2026-09-22T18:37:24.8337530Z + [[ -w /sys/devices/system/cpu/cpufreq/policy89/scaling_min_freq ]]
2026-09-22T18:37:24.8337932Z + echo 2400000
2026-09-22T18:37:24.8338253Z + for policy in /sys/devices/system/cpu/cpufreq/policy*
2026-09-22T18:37:24.8339058Z + sysfs_write /sys/devices/system/cpu/cpufreq/policy9/scaling_governor performance
2026-09-22T18:37:24.8339543Z + [[ -n performance ]]
2026-09-22T18:37:24.8340007Z + [[ -w /sys/devices/system/cpu/cpufreq/policy9/scaling_governor ]]
2026-09-22T18:37:24.8340419Z + echo performance
2026-09-22T18:37:24.8340991Z ++ cat /sys/devices/system/cpu/cpufreq/policy9/scaling_max_freq
2026-09-22T18:37:24.8351178Z + sysfs_write /sys/devices/system/cpu/cpufreq/policy9/scaling_min_freq 2400000
2026-09-22T18:37:24.8351707Z + [[ -n 2400000 ]]
2026-09-22T18:37:24.8352055Z + [[ -w /sys/devices/system/cpu/cpufreq/policy9/scaling_min_freq ]]
2026-09-22T18:37:24.8352471Z + echo 2400000
2026-09-22T18:37:24.8352784Z + for policy in /sys/devices/system/cpu/cpufreq/policy*
2026-09-22T18:37:24.8353318Z + sysfs_write /sys/devices/system/cpu/cpufreq/policy90/scaling_governor performance
2026-09-22T18:37:24.8353797Z + [[ -n performance ]]
2026-09-22T18:37:24.8354175Z + [[ -w /sys/devices/system/cpu/cpufreq/policy90/scaling_governor ]]
2026-09-22T18:37:24.8354586Z + echo performance
2026-09-22T18:37:24.8355631Z ++ cat /sys/devices/system/cpu/cpufreq/policy90/scaling_max_freq
2026-09-22T18:37:24.8365542Z + sysfs_write /sys/devices/system/cpu/cpufreq/policy90/scaling_min_freq 2400000
2026-09-22T18:37:24.8366009Z + [[ -n 2400000 ]]
2026-09-22T18:37:24.8366366Z + [[ -w /sys/devices/system/cpu/cpufreq/policy90/scaling_min_freq ]]
2026-09-22T18:37:24.8366781Z + echo 2400000
2026-09-22T18:37:24.8367101Z + for policy in /sys/devices/system/cpu/cpufreq/policy*
2026-09-22T18:37:24.8367624Z + sysfs_write /sys/devices/system/cpu/cpufreq/policy91/scaling_governor performance
2026-09-22T18:37:24.8368113Z + [[ -n performance ]]
2026-09-22T18:37:24.8368480Z + [[ -w /sys/devices/system/cpu/cpufreq/policy91/scaling_governor ]]
2026-09-22T18:37:24.8368920Z + echo performance
2026-09-22T18:37:24.8370712Z ++ cat /sys/devices/system/cpu/cpufreq/policy91/scaling_max_freq
2026-09-22T18:37:24.8381137Z + sysfs_write /sys/devices/system/cpu/cpufreq/policy91/scaling_min_freq 2400000
2026-09-22T18:37:24.8381616Z + [[ -n 2400000 ]]
2026-09-22T18:37:24.8381979Z + [[ -w /sys/devices/system/cpu/cpufreq/policy91/scaling_min_freq ]]
2026-09-22T18:37:24.8382408Z + echo 2400000
2026-09-22T18:37:24.8382718Z + for policy in /sys/devices/system/cpu/cpufreq/policy*
2026-09-22T18:37:24.8383249Z + sysfs_write /sys/devices/system/cpu/cpufreq/policy92/scaling_governor performance
2026-09-22T18:37:24.8383756Z + [[ -n performance ]]
2026-09-22T18:37:24.8384130Z + [[ -w /sys/devices/system/cpu/cpufreq/policy92/scaling_governor ]]
2026-09-22T18:37:24.8384533Z + echo performance
2026-09-22T18:37:24.8385773Z ++ cat /sys/devices/system/cpu/cpufreq/policy92/scaling_max_freq
2026-09-22T18:37:24.8395896Z + sysfs_write /sys/devices/system/cpu/cpufreq/policy92/scaling_min_freq 2400000
2026-09-22T18:37:24.8396365Z + [[ -n 2400000 ]]
2026-09-22T18:37:24.8396720Z + [[ -w /sys/devices/system/cpu/cpufreq/policy92/scaling_min_freq ]]
2026-09-22T18:37:24.8397122Z + echo 2400000
2026-09-22T18:37:24.8397432Z + for policy in /sys/devices/system/cpu/cpufreq/policy*
2026-09-22T18:37:24.8397970Z + sysfs_write /sys/devices/system/cpu/cpufreq/policy93/scaling_governor performance
2026-09-22T18:37:24.8398481Z + [[ -n performance ]]
2026-09-22T18:37:24.8398896Z + [[ -w /sys/devices/system/cpu/cpufreq/policy93/scaling_governor ]]
2026-09-22T18:37:24.8399313Z + echo performance
2026-09-22T18:37:24.8400993Z ++ cat /sys/devices/system/cpu/cpufreq/policy93/scaling_max_freq
2026-09-22T18:37:24.8411334Z + sysfs_write /sys/devices/system/cpu/cpufreq/policy93/scaling_min_freq 2400000
2026-09-22T18:37:24.8411810Z + [[ -n 2400000 ]]
2026-09-22T18:37:24.8412156Z + [[ -w /sys/devices/system/cpu/cpufreq/policy93/scaling_min_freq ]]
2026-09-22T18:37:24.8412557Z + echo 2400000
2026-09-22T18:37:24.8412868Z + for policy in /sys/devices/system/cpu/cpufreq/policy*
2026-09-22T18:37:24.8413420Z + sysfs_write /sys/devices/system/cpu/cpufreq/policy94/scaling_governor performance
2026-09-22T18:37:24.8413907Z + [[ -n performance ]]
2026-09-22T18:37:24.8414276Z + [[ -w /sys/devices/system/cpu/cpufreq/policy94/scaling_governor ]]
2026-09-22T18:37:24.8414699Z + echo performance
2026-09-22T18:37:24.8415920Z ++ cat /sys/devices/system/cpu/cpufreq/policy94/scaling_max_freq
2026-09-22T18:37:24.8425878Z + sysfs_write /sys/devices/system/cpu/cpufreq/policy94/scaling_min_freq 2400000
2026-09-22T18:37:24.8426354Z + [[ -n 2400000 ]]
2026-09-22T18:37:24.8426704Z + [[ -w /sys/devices/system/cpu/cpufreq/policy94/scaling_min_freq ]]
2026-09-22T18:37:24.8427170Z + echo 2400000
2026-09-22T18:37:24.8427498Z + for policy in /sys/devices/system/cpu/cpufreq/policy*
2026-09-22T18:37:24.8428022Z + sysfs_write /sys/devices/system/cpu/cpufreq/policy95/scaling_governor performance
2026-09-22T18:37:24.8428499Z + [[ -n performance ]]
2026-09-22T18:37:24.8428899Z + [[ -w /sys/devices/system/cpu/cpufreq/policy95/scaling_governor ]]
2026-09-22T18:37:24.8429315Z + echo performance
2026-09-22T18:37:24.8430593Z ++ cat /sys/devices/system/cpu/cpufreq/policy95/scaling_max_freq
2026-09-22T18:37:24.8440997Z + sysfs_write /sys/devices/system/cpu/cpufreq/policy95/scaling_min_freq 2400000
2026-09-22T18:37:24.8441460Z + [[ -n 2400000 ]]
2026-09-22T18:37:24.8441798Z + [[ -w /sys/devices/system/cpu/cpufreq/policy95/scaling_min_freq ]]
2026-09-22T18:37:24.8442204Z + echo 2400000
2026-09-22T18:37:24.8442483Z + sysctl -w vm.swappiness=0
2026-09-22T18:37:24.8449654Z vm.swappiness = 0
2026-09-22T18:37:24.8450417Z + swapoff -a
2026-09-22T18:37:24.8473416Z + sysctl -w kernel.numa_balancing=0
2026-09-22T18:37:24.8480817Z kernel.numa_balancing = 0
2026-09-22T18:37:24.8481687Z + sysctl -w kernel.randomize_va_space=0
2026-09-22T18:37:24.8488900Z kernel.randomize_va_space = 0
2026-09-22T18:37:24.8489899Z + sysctl -w kernel.sched_autogroup_enabled=0
2026-09-22T18:37:24.8496900Z kernel.sched_autogroup_enabled = 0
2026-09-22T18:37:24.8497797Z + sysctl -w kernel.timer_migration=0
2026-09-22T18:37:24.8511384Z kernel.timer_migration = 0
2026-09-22T18:37:24.8512379Z + dmesg -n 1
2026-09-22T18:37:24.8534847Z + for unit in apparmor ModemManager irqbalance apt-daily.service apt-daily-upgrade.service apt-daily.timer apt-daily-upgrade.timer motd-news.service motd-news.timer apport
2026-09-22T18:37:24.8535718Z + systemctl disable --now apparmor
2026-09-22T18:37:25.4322464Z + systemctl mask apparmor
2026-09-22T18:37:25.5988877Z + for unit in apparmor ModemManager irqbalance apt-daily.service apt-daily-upgrade.service apt-daily.timer apt-daily-upgrade.timer motd-news.service motd-news.timer apport
2026-09-22T18:37:25.5989861Z + systemctl disable --now ModemManager
2026-09-22T18:37:25.7735480Z + systemctl mask ModemManager
2026-09-22T18:37:25.9339304Z + for unit in apparmor ModemManager irqbalance apt-daily.service apt-daily-upgrade.service apt-daily.timer apt-daily-upgrade.timer motd-news.service motd-news.timer apport
2026-09-22T18:37:25.9340251Z + systemctl disable --now irqbalance
2026-09-22T18:37:26.4478544Z + systemctl mask irqbalance
2026-09-22T18:37:26.6086397Z + for unit in apparmor ModemManager irqbalance apt-daily.service apt-daily-upgrade.service apt-daily.timer apt-daily-upgrade.timer motd-news.service motd-news.timer apport
2026-09-22T18:37:26.6087374Z + systemctl disable --now apt-daily.service
2026-09-22T18:37:26.7754042Z + systemctl mask apt-daily.service
2026-09-22T18:37:26.9375853Z + for unit in apparmor ModemManager irqbalance apt-daily.service apt-daily-upgrade.service apt-daily.timer apt-daily-upgrade.timer motd-news.service motd-news.timer apport
2026-09-22T18:37:26.9376894Z + systemctl disable --now apt-daily-upgrade.service
2026-09-22T18:37:27.1046521Z + systemctl mask apt-daily-upgrade.service
2026-09-22T18:37:27.2656463Z + for unit in apparmor ModemManager irqbalance apt-daily.service apt-daily-upgrade.service apt-daily.timer apt-daily-upgrade.timer motd-news.service motd-news.timer apport
2026-09-22T18:37:27.2657399Z + systemctl disable --now apt-daily.timer
2026-09-22T18:37:27.4316038Z + systemctl mask apt-daily.timer
2026-09-22T18:37:27.5946645Z + for unit in apparmor ModemManager irqbalance apt-daily.service apt-daily-upgrade.service apt-daily.timer apt-daily-upgrade.timer motd-news.service motd-news.timer apport
2026-09-22T18:37:27.5947923Z + systemctl disable --now apt-daily-upgrade.timer
2026-09-22T18:37:27.7620469Z + systemctl mask apt-daily-upgrade.timer
2026-09-22T18:37:27.9236749Z + for unit in apparmor ModemManager irqbalance apt-daily.service apt-daily-upgrade.service apt-daily.timer apt-daily-upgrade.timer motd-news.service motd-news.timer apport
2026-09-22T18:37:28.0975078Z + systemctl disable --now motd-news.service
2026-09-22T18:37:28.0975548Z + systemctl mask motd-news.service
2026-09-22T18:37:28.2629557Z + for unit in apparmor ModemManager irqbalance apt-daily.service apt-daily-upgrade.service apt-daily.timer apt-daily-upgrade.timer motd-news.service motd-news.timer apport
2026-09-22T18:37:28.2630524Z + systemctl disable --now motd-news.timer
2026-09-22T18:37:28.4296389Z + systemctl mask motd-news.timer
2026-09-22T18:37:28.5936479Z + for unit in apparmor ModemManager irqbalance apt-daily.service apt-daily-upgrade.service apt-daily.timer apt-daily-upgrade.timer motd-news.service motd-news.timer apport
2026-09-22T18:37:28.5937451Z + systemctl disable --now apport
2026-09-22T18:37:29.0855563Z + systemctl mask apport
2026-09-22T18:37:29.2544180Z + aa-teardown
2026-09-22T18:37:29.2583562Z Unloading AppArmor profiles
2026-09-22T18:37:29.2619539Z + node_dirs=(/sys/devices/system/node/node[0-9]*)
2026-09-22T18:37:29.2620627Z + [[ 1 -gt 1 ]]
2026-09-22T18:37:29.2628340Z ++ sort -un
2026-09-22T18:37:29.2629453Z ++ paste -sd, -
2026-09-22T18:37:29.2635791Z +++ cat /sys/devices/system/cpu/cpu0/topology/thread_siblings_list /sys/devices/system/cpu/cpu1/topology/thread_siblings_list
2026-09-22T18:37:29.2636453Z +++ paste -sd, -
2026-09-22T18:37:29.2652385Z ++ expand_cpulist 0,48,1,49
2026-09-22T18:37:29.2653019Z ++ [[ -n 0,48,1,49 ]]
2026-09-22T18:37:29.2653373Z ++ local parts part
2026-09-22T18:37:29.2653654Z ++ IFS=,
2026-09-22T18:37:29.2653903Z ++ read -ra parts
2026-09-22T18:37:29.2654200Z ++ for part in "${parts[@]}"
2026-09-22T18:37:29.2654506Z ++ seq 0 0
2026-09-22T18:37:29.2676142Z ++ for part in "${parts[@]}"
2026-09-22T18:37:29.2676479Z ++ seq 48 48
2026-09-22T18:37:29.2683840Z ++ for part in "${parts[@]}"
2026-09-22T18:37:29.2684135Z ++ seq 1 1
2026-09-22T18:37:29.2692119Z ++ for part in "${parts[@]}"
2026-09-22T18:37:29.2692410Z ++ seq 49 49
2026-09-22T18:37:29.2707420Z + HOUSEKEEPING_CPUS=0,1,48,49
2026-09-22T18:37:29.2707731Z + bench=()
2026-09-22T18:37:29.2713295Z +++ cat /sys/devices/system/cpu/online
2026-09-22T18:37:29.2721143Z ++ expand_cpulist 0-95
2026-09-22T18:37:29.2721442Z ++ [[ -n 0-95 ]]
2026-09-22T18:37:29.2721705Z ++ local parts part
2026-09-22T18:37:29.2721970Z ++ IFS=,
2026-09-22T18:37:29.2722216Z ++ read -ra parts
2026-09-22T18:37:29.2722491Z ++ for part in "${parts[@]}"
2026-09-22T18:37:29.2722773Z ++ seq 0 95
2026-09-22T18:37:29.2732393Z + for cpu in $(expand_cpulist "$(cat /sys/devices/system/cpu/online)")
2026-09-22T18:37:29.2732862Z + [[ ,0,1,48,49, == *\,\0\,* ]]
2026-09-22T18:37:29.2733269Z + for cpu in $(expand_cpulist "$(cat /sys/devices/system/cpu/online)")
2026-09-22T18:37:29.2733688Z + [[ ,0,1,48,49, == *\,\1\,* ]]
2026-09-22T18:37:29.2734089Z + for cpu in $(expand_cpulist "$(cat /sys/devices/system/cpu/online)")
2026-09-22T18:37:29.2734493Z + [[ ,0,1,48,49, == *\,\2\,* ]]
2026-09-22T18:37:29.2734782Z + bench+=("$cpu")
2026-09-22T18:37:29.2735143Z + for cpu in $(expand_cpulist "$(cat /sys/devices/system/cpu/online)")
2026-09-22T18:37:29.2735549Z + [[ ,0,1,48,49, == *\,\3\,* ]]
2026-09-22T18:37:29.2735835Z + bench+=("$cpu")
2026-09-22T18:37:29.2752589Z + for cpu in $(expand_cpulist "$(cat /sys/devices/system/cpu/online)")
2026-09-22T18:37:29.2753084Z + [[ ,0,1,48,49, == *\,\4\,* ]]
2026-09-22T18:37:29.2753407Z + bench+=("$cpu")
2026-09-22T18:37:29.2753789Z + for cpu in $(expand_cpulist "$(cat /sys/devices/system/cpu/online)")
2026-09-22T18:37:29.2754224Z + [[ ,0,1,48,49, == *\,\5\,* ]]
2026-09-22T18:37:29.2754518Z + bench+=("$cpu")
2026-09-22T18:37:29.2754870Z + for cpu in $(expand_cpulist "$(cat /sys/devices/system/cpu/online)")
2026-09-22T18:37:29.2755297Z + [[ ,0,1,48,49, == *\,\6\,* ]]
2026-09-22T18:37:29.2755826Z + bench+=("$cpu")
2026-09-22T18:37:29.2756290Z + for cpu in $(expand_cpulist "$(cat /sys/devices/system/cpu/online)")
2026-09-22T18:37:29.2756716Z + [[ ,0,1,48,49, == *\,\7\,* ]]
2026-09-22T18:37:29.2756999Z + bench+=("$cpu")
2026-09-22T18:37:29.2757347Z + for cpu in $(expand_cpulist "$(cat /sys/devices/system/cpu/online)")
2026-09-22T18:37:29.2757820Z + [[ ,0,1,48,49, == *\,\8\,* ]]
2026-09-22T18:37:29.2758118Z + bench+=("$cpu")
2026-09-22T18:37:29.2758460Z + for cpu in $(expand_cpulist "$(cat /sys/devices/system/cpu/online)")
2026-09-22T18:37:29.2758909Z + [[ ,0,1,48,49, == *\,\9\,* ]]
2026-09-22T18:37:29.2759193Z + bench+=("$cpu")
2026-09-22T18:37:29.2759531Z + for cpu in $(expand_cpulist "$(cat /sys/devices/system/cpu/online)")
2026-09-22T18:37:29.2759936Z + [[ ,0,1,48,49, == *\,\1\0\,* ]]
2026-09-22T18:37:29.2760239Z + bench+=("$cpu")
2026-09-22T18:37:29.2760585Z + for cpu in $(expand_cpulist "$(cat /sys/devices/system/cpu/online)")
2026-09-22T18:37:29.2760987Z + [[ ,0,1,48,49, == *\,\1\1\,* ]]
2026-09-22T18:37:29.2761291Z + bench+=("$cpu")
2026-09-22T18:37:29.2761640Z + for cpu in $(expand_cpulist "$(cat /sys/devices/system/cpu/online)")
2026-09-22T18:37:29.2762042Z + [[ ,0,1,48,49, == *\,\1\2\,* ]]
2026-09-22T18:37:29.2762327Z + bench+=("$cpu")
2026-09-22T18:37:29.2762681Z + for cpu in $(expand_cpulist "$(cat /sys/devices/system/cpu/online)")
2026-09-22T18:37:29.2763083Z + [[ ,0,1,48,49, == *\,\1\3\,* ]]
2026-09-22T18:37:29.2763370Z + bench+=("$cpu")
2026-09-22T18:37:29.2763721Z + for cpu in $(expand_cpulist "$(cat /sys/devices/system/cpu/online)")
2026-09-22T18:37:29.2764122Z + [[ ,0,1,48,49, == *\,\1\4\,* ]]
2026-09-22T18:37:29.2764415Z + bench+=("$cpu")
2026-09-22T18:37:29.2764762Z + for cpu in $(expand_cpulist "$(cat /sys/devices/system/cpu/online)")
2026-09-22T18:37:29.2765154Z + [[ ,0,1,48,49, == *\,\1\5\,* ]]
2026-09-22T18:37:29.2765441Z + bench+=("$cpu")
2026-09-22T18:37:29.2765782Z + for cpu in $(expand_cpulist "$(cat /sys/devices/system/cpu/online)")
2026-09-22T18:37:29.2766198Z + [[ ,0,1,48,49, == *\,\1\6\,* ]]
2026-09-22T18:37:29.2766484Z + bench+=("$cpu")
2026-09-22T18:37:29.2766823Z + for cpu in $(expand_cpulist "$(cat /sys/devices/system/cpu/online)")
2026-09-22T18:37:29.2767228Z + [[ ,0,1,48,49, == *\,\1\7\,* ]]
2026-09-22T18:37:29.2767514Z + bench+=("$cpu")
2026-09-22T18:37:29.2767860Z + for cpu in $(expand_cpulist "$(cat /sys/devices/system/cpu/online)")
2026-09-22T18:37:29.2768272Z + [[ ,0,1,48,49, == *\,\1\8\,* ]]
2026-09-22T18:37:29.2768557Z + bench+=("$cpu")
2026-09-22T18:37:29.2768934Z + for cpu in $(expand_cpulist "$(cat /sys/devices/system/cpu/online)")
2026-09-22T18:37:29.2769337Z + [[ ,0,1,48,49, == *\,\1\9\,* ]]
2026-09-22T18:37:29.2769637Z + bench+=("$cpu")
2026-09-22T18:37:29.2769981Z + for cpu in $(expand_cpulist "$(cat /sys/devices/system/cpu/online)")
2026-09-22T18:37:29.2770382Z + [[ ,0,1,48,49, == *\,\2\0\,* ]]
2026-09-22T18:37:29.2770683Z + bench+=("$cpu")
2026-09-22T18:37:29.2771019Z + for cpu in $(expand_cpulist "$(cat /sys/devices/system/cpu/online)")
2026-09-22T18:37:29.2771429Z + [[ ,0,1,48,49, == *\,\2\1\,* ]]
2026-09-22T18:37:29.2771721Z + bench+=("$cpu")
2026-09-22T18:37:29.2772067Z + for cpu in $(expand_cpulist "$(cat /sys/devices/system/cpu/online)")
2026-09-22T18:37:29.2772465Z + [[ ,0,1,48,49, == *\,\2\2\,* ]]
2026-09-22T18:37:29.2772751Z + bench+=("$cpu")
2026-09-22T18:37:29.2773109Z + for cpu in $(expand_cpulist "$(cat /sys/devices/system/cpu/online)")
2026-09-22T18:37:29.2773507Z + [[ ,0,1,48,49, == *\,\2\3\,* ]]
2026-09-22T18:37:29.2773794Z + bench+=("$cpu")
2026-09-22T18:37:29.2774145Z + for cpu in $(expand_cpulist "$(cat /sys/devices/system/cpu/online)")
2026-09-22T18:37:29.2774548Z + [[ ,0,1,48,49, == *\,\2\4\,* ]]
2026-09-22T18:37:29.2774836Z + bench+=("$cpu")
2026-09-22T18:37:29.2775183Z + for cpu in $(expand_cpulist "$(cat /sys/devices/system/cpu/online)")
2026-09-22T18:37:29.2775584Z + [[ ,0,1,48,49, == *\,\2\5\,* ]]
2026-09-22T18:37:29.2775871Z + bench+=("$cpu")
2026-09-22T18:37:29.2776210Z + for cpu in $(expand_cpulist "$(cat /sys/devices/system/cpu/online)")
2026-09-22T18:37:29.2776695Z + [[ ,0,1,48,49, == *\,\2\6\,* ]]
2026-09-22T18:37:29.2776984Z + bench+=("$cpu")
2026-09-22T18:37:29.2777325Z + for cpu in $(expand_cpulist "$(cat /sys/devices/system/cpu/online)")
2026-09-22T18:37:29.2777729Z + [[ ,0,1,48,49, == *\,\2\7\,* ]]
2026-09-22T18:37:29.2778014Z + bench+=("$cpu")
2026-09-22T18:37:29.2778413Z + for cpu in $(expand_cpulist "$(cat /sys/devices/system/cpu/online)")
2026-09-22T18:37:29.2778859Z + [[ ,0,1,48,49, == *\,\2\8\,* ]]
2026-09-22T18:37:29.2779147Z + bench+=("$cpu")
2026-09-22T18:37:29.2779487Z + for cpu in $(expand_cpulist "$(cat /sys/devices/system/cpu/online)")
2026-09-22T18:37:29.2779891Z + [[ ,0,1,48,49, == *\,\2\9\,* ]]
2026-09-22T18:37:29.2780185Z + bench+=("$cpu")
2026-09-22T18:37:29.2780529Z + for cpu in $(expand_cpulist "$(cat /sys/devices/system/cpu/online)")
2026-09-22T18:37:29.2780926Z + [[ ,0,1,48,49, == *\,\3\0\,* ]]
2026-09-22T18:37:29.2781224Z + bench+=("$cpu")
2026-09-22T18:37:29.2781565Z + for cpu in $(expand_cpulist "$(cat /sys/devices/system/cpu/online)")
2026-09-22T18:37:29.2781976Z + [[ ,0,1,48,49, == *\,\3\1\,* ]]
2026-09-22T18:37:29.2782269Z + bench+=("$cpu")
2026-09-22T18:37:29.2782611Z + for cpu in $(expand_cpulist "$(cat /sys/devices/system/cpu/online)")
2026-09-22T18:37:29.2783010Z + [[ ,0,1,48,49, == *\,\3\2\,* ]]
2026-09-22T18:37:29.2783311Z + bench+=("$cpu")
2026-09-22T18:37:29.2783657Z + for cpu in $(expand_cpulist "$(cat /sys/devices/system/cpu/online)")
2026-09-22T18:37:29.2784055Z + [[ ,0,1,48,49, == *\,\3\3\,* ]]
2026-09-22T18:37:29.2784343Z + bench+=("$cpu")
2026-09-22T18:37:29.2784691Z + for cpu in $(expand_cpulist "$(cat /sys/devices/system/cpu/online)")
2026-09-22T18:37:29.2785091Z + [[ ,0,1,48,49, == *\,\3\4\,* ]]
2026-09-22T18:37:29.2785374Z + bench+=("$cpu")
2026-09-22T18:37:29.2785723Z + for cpu in $(expand_cpulist "$(cat /sys/devices/system/cpu/online)")
2026-09-22T18:37:29.2786124Z + [[ ,0,1,48,49, == *\,\3\5\,* ]]
2026-09-22T18:37:29.2786405Z + bench+=("$cpu")
2026-09-22T18:37:29.2786755Z + for cpu in $(expand_cpulist "$(cat /sys/devices/system/cpu/online)")
2026-09-22T18:37:29.2787154Z + [[ ,0,1,48,49, == *\,\3\6\,* ]]
2026-09-22T18:37:29.2787439Z + bench+=("$cpu")
2026-09-22T18:37:29.2787774Z + for cpu in $(expand_cpulist "$(cat /sys/devices/system/cpu/online)")
2026-09-22T18:37:29.2788182Z + [[ ,0,1,48,49, == *\,\3\7\,* ]]
2026-09-22T18:37:29.2788471Z + bench+=("$cpu")
2026-09-22T18:37:29.2788856Z + for cpu in $(expand_cpulist "$(cat /sys/devices/system/cpu/online)")
2026-09-22T18:37:29.2789266Z + [[ ,0,1,48,49, == *\,\3\8\,* ]]
2026-09-22T18:37:29.2789549Z + bench+=("$cpu")
2026-09-22T18:37:29.2789889Z + for cpu in $(expand_cpulist "$(cat /sys/devices/system/cpu/online)")
2026-09-22T18:37:29.2790294Z + [[ ,0,1,48,49, == *\,\3\9\,* ]]
2026-09-22T18:37:29.2790577Z + bench+=("$cpu")
2026-09-22T18:37:29.2790917Z + for cpu in $(expand_cpulist "$(cat /sys/devices/system/cpu/online)")
2026-09-22T18:37:29.2791313Z + [[ ,0,1,48,49, == *\,\4\0\,* ]]
2026-09-22T18:37:29.2791610Z + bench+=("$cpu")
2026-09-22T18:37:29.2791960Z + for cpu in $(expand_cpulist "$(cat /sys/devices/system/cpu/online)")
2026-09-22T18:37:29.2792365Z + [[ ,0,1,48,49, == *\,\4\1\,* ]]
2026-09-22T18:37:29.2792657Z + bench+=("$cpu")
2026-09-22T18:37:29.2792998Z + for cpu in $(expand_cpulist "$(cat /sys/devices/system/cpu/online)")
2026-09-22T18:37:29.2793403Z + [[ ,0,1,48,49, == *\,\4\2\,* ]]
2026-09-22T18:37:29.2793697Z + bench+=("$cpu")
2026-09-22T18:37:29.2794032Z + for cpu in $(expand_cpulist "$(cat /sys/devices/system/cpu/online)")
2026-09-22T18:37:29.2794429Z + [[ ,0,1,48,49, == *\,\4\3\,* ]]
2026-09-22T18:37:29.2794711Z + bench+=("$cpu")
2026-09-22T18:37:29.2795064Z + for cpu in $(expand_cpulist "$(cat /sys/devices/system/cpu/online)")
2026-09-22T18:37:29.2795468Z + [[ ,0,1,48,49, == *\,\4\4\,* ]]
2026-09-22T18:37:29.2795753Z + bench+=("$cpu")
2026-09-22T18:37:29.2796112Z + for cpu in $(expand_cpulist "$(cat /sys/devices/system/cpu/online)")
2026-09-22T18:37:29.2796520Z + [[ ,0,1,48,49, == *\,\4\5\,* ]]
2026-09-22T18:37:29.2796971Z + bench+=("$cpu")
2026-09-22T18:37:29.2797329Z + for cpu in $(expand_cpulist "$(cat /sys/devices/system/cpu/online)")
2026-09-22T18:37:29.2797734Z + [[ ,0,1,48,49, == *\,\4\6\,* ]]
2026-09-22T18:37:29.2798028Z + bench+=("$cpu")
2026-09-22T18:37:29.2798373Z + for cpu in $(expand_cpulist "$(cat /sys/devices/system/cpu/online)")
2026-09-22T18:37:29.2798888Z + [[ ,0,1,48,49, == *\,\4\7\,* ]]
2026-09-22T18:37:29.2799179Z + bench+=("$cpu")
2026-09-22T18:37:29.2799517Z + for cpu in $(expand_cpulist "$(cat /sys/devices/system/cpu/online)")
2026-09-22T18:37:29.2799922Z + [[ ,0,1,48,49, == *\,\4\8\,* ]]
2026-09-22T18:37:29.2800295Z + for cpu in $(expand_cpulist "$(cat /sys/devices/system/cpu/online)")
2026-09-22T18:37:29.2800697Z + [[ ,0,1,48,49, == *\,\4\9\,* ]]
2026-09-22T18:37:29.2801083Z + for cpu in $(expand_cpulist "$(cat /sys/devices/system/cpu/online)")
2026-09-22T18:37:29.2801479Z + [[ ,0,1,48,49, == *\,\5\0\,* ]]
2026-09-22T18:37:29.2801769Z + bench+=("$cpu")
2026-09-22T18:37:29.2802117Z + for cpu in $(expand_cpulist "$(cat /sys/devices/system/cpu/online)")
2026-09-22T18:37:29.2802518Z + [[ ,0,1,48,49, == *\,\5\1\,* ]]
2026-09-22T18:37:29.2802805Z + bench+=("$cpu")
2026-09-22T18:37:29.2803149Z + for cpu in $(expand_cpulist "$(cat /sys/devices/system/cpu/online)")
2026-09-22T18:37:29.2803554Z + [[ ,0,1,48,49, == *\,\5\2\,* ]]
2026-09-22T18:37:29.2803842Z + bench+=("$cpu")
2026-09-22T18:37:29.2804182Z + for cpu in $(expand_cpulist "$(cat /sys/devices/system/cpu/online)")
2026-09-22T18:37:29.2804576Z + [[ ,0,1,48,49, == *\,\5\3\,* ]]
2026-09-22T18:37:29.2804866Z + bench+=("$cpu")
2026-09-22T18:37:29.2805207Z + for cpu in $(expand_cpulist "$(cat /sys/devices/system/cpu/online)")
2026-09-22T18:37:29.2805605Z + [[ ,0,1,48,49, == *\,\5\4\,* ]]
2026-09-22T18:37:29.2805900Z + bench+=("$cpu")
2026-09-22T18:37:29.2806241Z + for cpu in $(expand_cpulist "$(cat /sys/devices/system/cpu/online)")
2026-09-22T18:37:29.2806642Z + [[ ,0,1,48,49, == *\,\5\5\,* ]]
2026-09-22T18:37:29.2806937Z + bench+=("$cpu")
2026-09-22T18:37:29.2807280Z + for cpu in $(expand_cpulist "$(cat /sys/devices/system/cpu/online)")
2026-09-22T18:37:29.2807678Z + [[ ,0,1,48,49, == *\,\5\6\,* ]]
2026-09-22T18:37:29.2807972Z + bench+=("$cpu")
2026-09-22T18:37:29.2808310Z + for cpu in $(expand_cpulist "$(cat /sys/devices/system/cpu/online)")
2026-09-22T18:37:29.2808738Z + [[ ,0,1,48,49, == *\,\5\7\,* ]]
2026-09-22T18:37:29.2809033Z + bench+=("$cpu")
2026-09-22T18:37:29.2809372Z + for cpu in $(expand_cpulist "$(cat /sys/devices/system/cpu/online)")
2026-09-22T18:37:29.2809767Z + [[ ,0,1,48,49, == *\,\5\8\,* ]]
2026-09-22T18:37:29.2810048Z + bench+=("$cpu")
2026-09-22T18:37:29.2810397Z + for cpu in $(expand_cpulist "$(cat /sys/devices/system/cpu/online)")
2026-09-22T18:37:29.2810791Z + [[ ,0,1,48,49, == *\,\5\9\,* ]]
2026-09-22T18:37:29.2811074Z + bench+=("$cpu")
2026-09-22T18:37:29.2811425Z + for cpu in $(expand_cpulist "$(cat /sys/devices/system/cpu/online)")
2026-09-22T18:37:29.2811825Z + [[ ,0,1,48,49, == *\,\6\0\,* ]]
2026-09-22T18:37:29.2812107Z + bench+=("$cpu")
2026-09-22T18:37:29.2812455Z + for cpu in $(expand_cpulist "$(cat /sys/devices/system/cpu/online)")
2026-09-22T18:37:29.2812849Z + [[ ,0,1,48,49, == *\,\6\1\,* ]]
2026-09-22T18:37:29.2813132Z + bench+=("$cpu")
2026-09-22T18:37:29.2813473Z + for cpu in $(expand_cpulist "$(cat /sys/devices/system/cpu/online)")
2026-09-22T18:37:29.2813869Z + [[ ,0,1,48,49, == *\,\6\2\,* ]]
2026-09-22T18:37:29.2814150Z + bench+=("$cpu")
2026-09-22T18:37:29.2814488Z + for cpu in $(expand_cpulist "$(cat /sys/devices/system/cpu/online)")
2026-09-22T18:37:29.2814893Z + [[ ,0,1,48,49, == *\,\6\3\,* ]]
2026-09-22T18:37:29.2815178Z + bench+=("$cpu")
2026-09-22T18:37:29.2815513Z + for cpu in $(expand_cpulist "$(cat /sys/devices/system/cpu/online)")
2026-09-22T18:37:29.2815922Z + [[ ,0,1,48,49, == *\,\6\4\,* ]]
2026-09-22T18:37:29.2816204Z + bench+=("$cpu")
2026-09-22T18:37:29.2816540Z + for cpu in $(expand_cpulist "$(cat /sys/devices/system/cpu/online)")
2026-09-22T18:37:29.2816945Z + [[ ,0,1,48,49, == *\,\6\5\,* ]]
2026-09-22T18:37:29.2817294Z + bench+=("$cpu")
2026-09-22T18:37:29.2817632Z + for cpu in $(expand_cpulist "$(cat /sys/devices/system/cpu/online)")
2026-09-22T18:37:29.2818029Z + [[ ,0,1,48,49, == *\,\6\6\,* ]]
2026-09-22T18:37:29.2818320Z + bench+=("$cpu")
2026-09-22T18:37:29.2818687Z + for cpu in $(expand_cpulist "$(cat /sys/devices/system/cpu/online)")
2026-09-22T18:37:29.2819146Z + [[ ,0,1,48,49, == *\,\6\7\,* ]]
2026-09-22T18:37:29.2819441Z + bench+=("$cpu")
2026-09-22T18:37:29.2819778Z + for cpu in $(expand_cpulist "$(cat /sys/devices/system/cpu/online)")
2026-09-22T18:37:29.2820182Z + [[ ,0,1,48,49, == *\,\6\8\,* ]]
2026-09-22T18:37:29.2820478Z + bench+=("$cpu")
2026-09-22T18:37:29.2820817Z + for cpu in $(expand_cpulist "$(cat /sys/devices/system/cpu/online)")
2026-09-22T18:37:29.2821215Z + [[ ,0,1,48,49, == *\,\6\9\,* ]]
2026-09-22T18:37:29.2821495Z + bench+=("$cpu")
2026-09-22T18:37:29.2821843Z + for cpu in $(expand_cpulist "$(cat /sys/devices/system/cpu/online)")
2026-09-22T18:37:29.2822242Z + [[ ,0,1,48,49, == *\,\7\0\,* ]]
2026-09-22T18:37:29.2822527Z + bench+=("$cpu")
2026-09-22T18:37:29.2822876Z + for cpu in $(expand_cpulist "$(cat /sys/devices/system/cpu/online)")
2026-09-22T18:37:29.2823276Z + [[ ,0,1,48,49, == *\,\7\1\,* ]]
2026-09-22T18:37:29.2823561Z + bench+=("$cpu")
2026-09-22T18:37:29.2823912Z + for cpu in $(expand_cpulist "$(cat /sys/devices/system/cpu/online)")
2026-09-22T18:37:29.2824308Z + [[ ,0,1,48,49, == *\,\7\2\,* ]]
2026-09-22T18:37:29.2824596Z + bench+=("$cpu")
2026-09-22T18:37:29.2824932Z + for cpu in $(expand_cpulist "$(cat /sys/devices/system/cpu/online)")
2026-09-22T18:37:29.2825328Z + [[ ,0,1,48,49, == *\,\7\3\,* ]]
2026-09-22T18:37:29.2825609Z + bench+=("$cpu")
2026-09-22T18:37:29.2825947Z + for cpu in $(expand_cpulist "$(cat /sys/devices/system/cpu/online)")
2026-09-22T18:37:29.2826349Z + [[ ,0,1,48,49, == *\,\7\4\,* ]]
2026-09-22T18:37:29.2826635Z + bench+=("$cpu")
2026-09-22T18:37:29.2826971Z + for cpu in $(expand_cpulist "$(cat /sys/devices/system/cpu/online)")
2026-09-22T18:37:29.2827377Z + [[ ,0,1,48,49, == *\,\7\5\,* ]]
2026-09-22T18:37:29.2827658Z + bench+=("$cpu")
2026-09-22T18:37:29.2827998Z + for cpu in $(expand_cpulist "$(cat /sys/devices/system/cpu/online)")
2026-09-22T18:37:29.2828394Z + [[ ,0,1,48,49, == *\,\7\6\,* ]]
2026-09-22T18:37:29.2828710Z + bench+=("$cpu")
2026-09-22T18:37:29.2829057Z + for cpu in $(expand_cpulist "$(cat /sys/devices/system/cpu/online)")
2026-09-22T18:37:29.2829457Z + [[ ,0,1,48,49, == *\,\7\7\,* ]]
2026-09-22T18:37:29.2829751Z + bench+=("$cpu")
2026-09-22T18:37:29.2830089Z + for cpu in $(expand_cpulist "$(cat /sys/devices/system/cpu/online)")
2026-09-22T18:37:29.2830485Z + [[ ,0,1,48,49, == *\,\7\8\,* ]]
2026-09-22T18:37:29.2830780Z + bench+=("$cpu")
2026-09-22T18:37:29.2831118Z + for cpu in $(expand_cpulist "$(cat /sys/devices/system/cpu/online)")
2026-09-22T18:37:29.2831514Z + [[ ,0,1,48,49, == *\,\7\9\,* ]]
2026-09-22T18:37:29.2831809Z + bench+=("$cpu")
2026-09-22T18:37:29.2832151Z + for cpu in $(expand_cpulist "$(cat /sys/devices/system/cpu/online)")
2026-09-22T18:37:29.2832554Z + [[ ,0,1,48,49, == *\,\8\0\,* ]]
2026-09-22T18:37:29.2832840Z + bench+=("$cpu")
2026-09-22T18:37:29.2833189Z + for cpu in $(expand_cpulist "$(cat /sys/devices/system/cpu/online)")
2026-09-22T18:37:29.2833587Z + [[ ,0,1,48,49, == *\,\8\1\,* ]]
2026-09-22T18:37:29.2833871Z + bench+=("$cpu")
2026-09-22T18:37:29.2834221Z + for cpu in $(expand_cpulist "$(cat /sys/devices/system/cpu/online)")
2026-09-22T18:37:29.2834616Z + [[ ,0,1,48,49, == *\,\8\2\,* ]]
2026-09-22T18:37:29.2834901Z + bench+=("$cpu")
2026-09-22T18:37:29.2835245Z + for cpu in $(expand_cpulist "$(cat /sys/devices/system/cpu/online)")
2026-09-22T18:37:29.2835638Z + [[ ,0,1,48,49, == *\,\8\3\,* ]]
2026-09-22T18:37:29.2835924Z + bench+=("$cpu")
2026-09-22T18:37:29.2836262Z + for cpu in $(expand_cpulist "$(cat /sys/devices/system/cpu/online)")
2026-09-22T18:37:29.2836667Z + [[ ,0,1,48,49, == *\,\8\4\,* ]]
2026-09-22T18:37:29.2836953Z + bench+=("$cpu")
2026-09-22T18:37:29.2837288Z + for cpu in $(expand_cpulist "$(cat /sys/devices/system/cpu/online)")
2026-09-22T18:37:29.2837771Z + [[ ,0,1,48,49, == *\,\8\5\,* ]]
2026-09-22T18:37:29.2838064Z + bench+=("$cpu")
2026-09-22T18:37:29.2838413Z + for cpu in $(expand_cpulist "$(cat /sys/devices/system/cpu/online)")
2026-09-22T18:37:29.2838859Z + [[ ,0,1,48,49, == *\,\8\6\,* ]]
2026-09-22T18:37:29.2839142Z + bench+=("$cpu")
2026-09-22T18:37:29.2839539Z + for cpu in $(expand_cpulist "$(cat /sys/devices/system/cpu/online)")
2026-09-22T18:37:29.2839941Z + [[ ,0,1,48,49, == *\,\8\7\,* ]]
2026-09-22T18:37:29.2840250Z + bench+=("$cpu")
2026-09-22T18:37:29.2840599Z + for cpu in $(expand_cpulist "$(cat /sys/devices/system/cpu/online)")
2026-09-22T18:37:29.2841007Z + [[ ,0,1,48,49, == *\,\8\8\,* ]]
2026-09-22T18:37:29.2841309Z + bench+=("$cpu")
2026-09-22T18:37:29.2841658Z + for cpu in $(expand_cpulist "$(cat /sys/devices/system/cpu/online)")
2026-09-22T18:37:29.2842063Z + [[ ,0,1,48,49, == *\,\8\9\,* ]]
2026-09-22T18:37:29.2842364Z + bench+=("$cpu")
2026-09-22T18:37:29.2842716Z + for cpu in $(expand_cpulist "$(cat /sys/devices/system/cpu/online)")
2026-09-22T18:37:29.2843128Z + [[ ,0,1,48,49, == *\,\9\0\,* ]]
2026-09-22T18:37:29.2843423Z + bench+=("$cpu")
2026-09-22T18:37:29.2843784Z + for cpu in $(expand_cpulist "$(cat /sys/devices/system/cpu/online)")
2026-09-22T18:37:29.2844192Z + [[ ,0,1,48,49, == *\,\9\1\,* ]]
2026-09-22T18:37:29.2844488Z + bench+=("$cpu")
2026-09-22T18:37:29.2844846Z + for cpu in $(expand_cpulist "$(cat /sys/devices/system/cpu/online)")
2026-09-22T18:37:29.2845255Z + [[ ,0,1,48,49, == *\,\9\2\,* ]]
2026-09-22T18:37:29.2845553Z + bench+=("$cpu")
2026-09-22T18:37:29.2845912Z + for cpu in $(expand_cpulist "$(cat /sys/devices/system/cpu/online)")
2026-09-22T18:37:29.2846319Z + [[ ,0,1,48,49, == *\,\9\3\,* ]]
2026-09-22T18:37:29.2846613Z + bench+=("$cpu")
2026-09-22T18:37:29.2846961Z + for cpu in $(expand_cpulist "$(cat /sys/devices/system/cpu/online)")
2026-09-22T18:37:29.2847383Z + [[ ,0,1,48,49, == *\,\9\4\,* ]]
2026-09-22T18:37:29.2847672Z + bench+=("$cpu")
2026-09-22T18:37:29.2848030Z + for cpu in $(expand_cpulist "$(cat /sys/devices/system/cpu/online)")
2026-09-22T18:37:29.2848445Z + [[ ,0,1,48,49, == *\,\9\5\,* ]]
2026-09-22T18:37:29.2848763Z + bench+=("$cpu")
2026-09-22T18:37:29.2849017Z ++ IFS=,
2026-09-22T18:37:29.2849730Z ++ echo 2,3,4,5,6,7,8,9,10,11,12,13,14,15,16,17,18,19,20,21,22,23,24,25,26,27,28,29,30,31,32,33,34,35,36,37,38,39,40,41,42,43,44,45,46,47,50,51,52,53,54,55,56,57,58,59,60,61,62,63,64,65,66,67,68,69,70,71,72,73,74,75,76,77,78,79,80,81,82,83,84,85,86,87,88,89,90,91,92,93,94,95
2026-09-22T18:37:29.2850969Z + BENCH_CPUS=2,3,4,5,6,7,8,9,10,11,12,13,14,15,16,17,18,19,20,21,22,23,24,25,26,27,28,29,30,31,32,33,34,35,36,37,38,39,40,41,42,43,44,45,46,47,50,51,52,53,54,55,56,57,58,59,60,61,62,63,64,65,66,67,68,69,70,71,72,73,74,75,76,77,78,79,80,81,82,83,84,85,86,87,88,89,90,91,92,93,94,95
2026-09-22T18:37:29.2851753Z + NET_IRQS=()
2026-09-22T18:37:29.2852022Z + declare -A NET_IRQS
2026-09-22T18:37:29.2852303Z + bench_cpu_arr=()
2026-09-22T18:37:29.2852559Z + IFS=
2026-09-22T18:37:29.2852811Z + read -r cpu
2026-09-22T18:37:29.2853532Z ++ expand_cpulist 2,3,4,5,6,7,8,9,10,11,12,13,14,15,16,17,18,19,20,21,22,23,24,25,26,27,28,29,30,31,32,33,34,35,36,37,38,39,40,41,42,43,44,45,46,47,50,51,52,53,54,55,56,57,58,59,60,61,62,63,64,65,66,67,68,69,70,71,72,73,74,75,76,77,78,79,80,81,82,83,84,85,86,87,88,89,90,91,92,93,94,95
2026-09-22T18:37:29.2854760Z ++ [[ -n 2,3,4,5,6,7,8,9,10,11,12,13,14,15,16,17,18,19,20,21,22,23,24,25,26,27,28,29,30,31,32,33,34,35,36,37,38,39,40,41,42,43,44,45,46,47,50,51,52,53,54,55,56,57,58,59,60,61,62,63,64,65,66,67,68,69,70,71,72,73,74,75,76,77,78,79,80,81,82,83,84,85,86,87,88,89,90,91,92,93,94,95 ]]
2026-09-22T18:37:29.2855518Z ++ local parts part
2026-09-22T18:37:29.2855771Z ++ IFS=,
2026-09-22T18:37:29.2855997Z ++ read -ra parts
2026-09-22T18:37:29.2856264Z ++ for part in "${parts[@]}"
2026-09-22T18:37:29.2856545Z ++ seq 2 2
2026-09-22T18:37:29.2856809Z + bench_cpu_arr+=("$cpu")
2026-09-22T18:37:29.2857078Z + IFS=
2026-09-22T18:37:29.2857304Z + read -r cpu
2026-09-22T18:37:29.2857617Z ++ for part in "${parts[@]}"
2026-09-22T18:37:29.2857910Z ++ seq 3 3
2026-09-22T18:37:29.2858153Z + bench_cpu_arr+=("$cpu")
2026-09-22T18:37:29.2858421Z + IFS=
2026-09-22T18:37:29.2858687Z + read -r cpu
2026-09-22T18:37:29.2858938Z ++ for part in "${parts[@]}"
2026-09-22T18:37:29.2859219Z ++ seq 4 4
2026-09-22T18:37:29.2859515Z + bench_cpu_arr+=("$cpu")
2026-09-22T18:37:29.2859795Z + IFS=
2026-09-22T18:37:29.2860027Z + read -r cpu
2026-09-22T18:37:29.2860277Z ++ for part in "${parts[@]}"
2026-09-22T18:37:29.2860565Z ++ seq 5 5
2026-09-22T18:37:29.2860803Z + bench_cpu_arr+=("$cpu")
2026-09-22T18:37:29.2861067Z + IFS=
2026-09-22T18:37:29.2861296Z + read -r cpu
2026-09-22T18:37:29.2861559Z ++ for part in "${parts[@]}"
2026-09-22T18:37:29.2861837Z ++ seq 6 6
2026-09-22T18:37:29.2862076Z + bench_cpu_arr+=("$cpu")
2026-09-22T18:37:29.2862349Z + IFS=
2026-09-22T18:37:29.2862577Z + read -r cpu
2026-09-22T18:37:29.2862831Z ++ for part in "${parts[@]}"
2026-09-22T18:37:29.2863119Z ++ seq 7 7
2026-09-22T18:37:29.2863367Z + bench_cpu_arr+=("$cpu")
2026-09-22T18:37:29.2863635Z + IFS=
2026-09-22T18:37:29.2863860Z + read -r cpu
2026-09-22T18:37:29.2864117Z ++ for part in "${parts[@]}"
2026-09-22T18:37:29.2864394Z ++ seq 8 8
2026-09-22T18:37:29.2864633Z + bench_cpu_arr+=("$cpu")
2026-09-22T18:37:29.2864895Z + IFS=
2026-09-22T18:37:29.2865131Z + read -r cpu
2026-09-22T18:37:29.2865379Z ++ for part in "${parts[@]}"
2026-09-22T18:37:29.2865652Z ++ seq 9 9
2026-09-22T18:37:29.2865900Z + bench_cpu_arr+=("$cpu")
2026-09-22T18:37:29.2866166Z + IFS=
2026-09-22T18:37:29.2866396Z + read -r cpu
2026-09-22T18:37:29.2866644Z ++ for part in "${parts[@]}"
2026-09-22T18:37:29.2866937Z ++ seq 10 10
2026-09-22T18:37:29.2867186Z + bench_cpu_arr+=("$cpu")
2026-09-22T18:37:29.2867451Z + IFS=
2026-09-22T18:37:29.2867684Z + read -r cpu
2026-09-22T18:37:29.2867931Z ++ for part in "${parts[@]}"
2026-09-22T18:37:29.2868216Z ++ seq 11 11
2026-09-22T18:37:29.2868461Z + bench_cpu_arr+=("$cpu")
2026-09-22T18:37:29.2868780Z + IFS=
2026-09-22T18:37:29.2869017Z + read -r cpu
2026-09-22T18:37:29.2869268Z ++ for part in "${parts[@]}"
2026-09-22T18:37:29.2869566Z ++ seq 12 12
2026-09-22T18:37:29.2869811Z + bench_cpu_arr+=("$cpu")
2026-09-22T18:37:29.2870081Z + IFS=
2026-09-22T18:37:29.2870307Z + read -r cpu
2026-09-22T18:37:29.2870565Z ++ for part in "${parts[@]}"
2026-09-22T18:37:29.2870853Z ++ seq 13 13
2026-09-22T18:37:29.2871104Z + bench_cpu_arr+=("$cpu")
2026-09-22T18:37:29.2871379Z + IFS=
2026-09-22T18:37:29.2871604Z + read -r cpu
2026-09-22T18:37:29.2871857Z ++ for part in "${parts[@]}"
2026-09-22T18:37:29.2872136Z ++ seq 14 14
2026-09-22T18:37:29.2872388Z + bench_cpu_arr+=("$cpu")
2026-09-22T18:37:29.2872653Z + IFS=
2026-09-22T18:37:29.2872877Z + read -r cpu
2026-09-22T18:37:29.2873128Z ++ for part in "${parts[@]}"
2026-09-22T18:37:29.2873414Z ++ seq 15 15
2026-09-22T18:37:29.2873660Z + bench_cpu_arr+=("$cpu")
2026-09-22T18:37:29.2873926Z + IFS=
2026-09-22T18:37:29.2874166Z + read -r cpu
2026-09-22T18:37:29.2874427Z ++ for part in "${parts[@]}"
2026-09-22T18:37:29.2874713Z ++ seq 16 16
2026-09-22T18:37:29.2874970Z + bench_cpu_arr+=("$cpu")
2026-09-22T18:37:29.2875236Z + IFS=
2026-09-22T18:37:29.2875463Z + read -r cpu
2026-09-22T18:37:29.2875713Z ++ for part in "${parts[@]}"
2026-09-22T18:37:29.2876004Z ++ seq 17 17
2026-09-22T18:37:29.2876247Z + bench_cpu_arr+=("$cpu")
2026-09-22T18:37:29.2876519Z + IFS=
2026-09-22T18:37:29.2876756Z + read -r cpu
2026-09-22T18:37:29.2877001Z ++ for part in "${parts[@]}"
2026-09-22T18:37:29.2877279Z ++ seq 18 18
2026-09-22T18:37:29.2884942Z + bench_cpu_arr+=("$cpu")
2026-09-22T18:37:29.2885316Z + IFS=
2026-09-22T18:37:29.2885575Z + read -r cpu
2026-09-22T18:37:29.2885859Z ++ for part in "${parts[@]}"
2026-09-22T18:37:29.2886173Z ++ seq 19 19
2026-09-22T18:37:29.2890719Z + bench_cpu_arr+=("$cpu")
2026-09-22T18:37:29.2891012Z + IFS=
2026-09-22T18:37:29.2891263Z + read -r cpu
2026-09-22T18:37:29.2891533Z ++ for part in "${parts[@]}"
2026-09-22T18:37:29.2891825Z ++ seq 20 20
2026-09-22T18:37:29.2897914Z + bench_cpu_arr+=("$cpu")
2026-09-22T18:37:29.2898212Z + IFS=
2026-09-22T18:37:29.2898453Z + read -r cpu
2026-09-22T18:37:29.2898775Z ++ for part in "${parts[@]}"
2026-09-22T18:37:29.2899074Z ++ seq 21 21
2026-09-22T18:37:29.2904967Z + bench_cpu_arr+=("$cpu")
2026-09-22T18:37:29.2905250Z + IFS=
2026-09-22T18:37:29.2905496Z + read -r cpu
2026-09-22T18:37:29.2905824Z ++ for part in "${parts[@]}"
2026-09-22T18:37:29.2906116Z ++ seq 22 22
2026-09-22T18:37:29.2911991Z + bench_cpu_arr+=("$cpu")
2026-09-22T18:37:29.2912268Z + IFS=
2026-09-22T18:37:29.2912501Z + read -r cpu
2026-09-22T18:37:29.2912756Z ++ for part in "${parts[@]}"
2026-09-22T18:37:29.2913050Z ++ seq 23 23
2026-09-22T18:37:29.2919165Z + bench_cpu_arr+=("$cpu")
2026-09-22T18:37:29.2919436Z + IFS=
2026-09-22T18:37:29.2919673Z + read -r cpu
2026-09-22T18:37:29.2919930Z ++ for part in "${parts[@]}"
2026-09-22T18:37:29.2920212Z ++ seq 24 24
2026-09-22T18:37:29.2926098Z + bench_cpu_arr+=("$cpu")
2026-09-22T18:37:29.2926371Z + IFS=
2026-09-22T18:37:29.2926604Z + read -r cpu
2026-09-22T18:37:29.2926855Z ++ for part in "${parts[@]}"
2026-09-22T18:37:29.2927144Z ++ seq 25 25
2026-09-22T18:37:29.2933509Z + bench_cpu_arr+=("$cpu")
2026-09-22T18:37:29.2933785Z + IFS=
2026-09-22T18:37:29.2934026Z + read -r cpu
2026-09-22T18:37:29.2934279Z ++ for part in "${parts[@]}"
2026-09-22T18:37:29.2934563Z ++ seq 26 26
2026-09-22T18:37:29.2940557Z + bench_cpu_arr+=("$cpu")
2026-09-22T18:37:29.2940828Z + IFS=
2026-09-22T18:37:29.2941061Z + read -r cpu
2026-09-22T18:37:29.2941322Z ++ for part in "${parts[@]}"
2026-09-22T18:37:29.2941611Z ++ seq 27 27
2026-09-22T18:37:29.2947693Z + bench_cpu_arr+=("$cpu")
2026-09-22T18:37:29.2947974Z + IFS=
2026-09-22T18:37:29.2948207Z + read -r cpu
2026-09-22T18:37:29.2948773Z ++ for part in "${parts[@]}"
2026-09-22T18:37:29.2949141Z ++ seq 28 28
2026-09-22T18:37:29.2954719Z + bench_cpu_arr+=("$cpu")
2026-09-22T18:37:29.2955023Z + IFS=
2026-09-22T18:37:29.2955279Z + read -r cpu
2026-09-22T18:37:29.2955567Z ++ for part in "${parts[@]}"
2026-09-22T18:37:29.2955887Z ++ seq 29 29
2026-09-22T18:37:29.2961984Z + bench_cpu_arr+=("$cpu")
2026-09-22T18:37:29.2962282Z + IFS=
2026-09-22T18:37:29.2962524Z + read -r cpu
2026-09-22T18:37:29.2962794Z ++ for part in "${parts[@]}"
2026-09-22T18:37:29.2963096Z ++ seq 30 30
2026-09-22T18:37:29.2969291Z + bench_cpu_arr+=("$cpu")
2026-09-22T18:37:29.2969574Z + IFS=
2026-09-22T18:37:29.2969807Z + read -r cpu
2026-09-22T18:37:29.2970077Z ++ for part in "${parts[@]}"
2026-09-22T18:37:29.2970364Z ++ seq 31 31
2026-09-22T18:37:29.2976168Z + bench_cpu_arr+=("$cpu")
2026-09-22T18:37:29.2976456Z + IFS=
2026-09-22T18:37:29.2976686Z + read -r cpu
2026-09-22T18:37:29.2976937Z ++ for part in "${parts[@]}"
2026-09-22T18:37:29.2977231Z ++ seq 32 32
2026-09-22T18:37:29.2983197Z + bench_cpu_arr+=("$cpu")
2026-09-22T18:37:29.2983467Z + IFS=
2026-09-22T18:37:29.2983703Z + read -r cpu
2026-09-22T18:37:29.2983958Z ++ for part in "${parts[@]}"
2026-09-22T18:37:29.2984240Z ++ seq 33 33
2026-09-22T18:37:29.2990345Z + bench_cpu_arr+=("$cpu")
2026-09-22T18:37:29.2990625Z + IFS=
2026-09-22T18:37:29.2990859Z + read -r cpu
2026-09-22T18:37:29.2991111Z ++ for part in "${parts[@]}"
2026-09-22T18:37:29.2991402Z ++ seq 34 34
2026-09-22T18:37:29.2997489Z + bench_cpu_arr+=("$cpu")
2026-09-22T18:37:29.2997762Z + IFS=
2026-09-22T18:37:29.2997997Z + read -r cpu
2026-09-22T18:37:29.2998543Z ++ for part in "${parts[@]}"
2026-09-22T18:37:29.2998941Z ++ seq 35 35
2026-09-22T18:37:29.3007143Z + bench_cpu_arr+=("$cpu")
2026-09-22T18:37:29.3007468Z + IFS=
2026-09-22T18:37:29.3007719Z + read -r cpu
2026-09-22T18:37:29.3008051Z ++ for part in "${parts[@]}"
2026-09-22T18:37:29.3008426Z ++ seq 36 36
2026-09-22T18:37:29.3014090Z + bench_cpu_arr+=("$cpu")
2026-09-22T18:37:29.3014472Z + IFS=
2026-09-22T18:37:29.3014771Z + read -r cpu
2026-09-22T18:37:29.3015094Z ++ for part in "${parts[@]}"
2026-09-22T18:37:29.3015470Z ++ seq 37 37
2026-09-22T18:37:29.3021744Z + bench_cpu_arr+=("$cpu")
2026-09-22T18:37:29.3022090Z + IFS=
2026-09-22T18:37:29.3022380Z + read -r cpu
2026-09-22T18:37:29.3022942Z ++ for part in "${parts[@]}"
2026-09-22T18:37:29.3023312Z ++ seq 38 38
2026-09-22T18:37:29.3028690Z + bench_cpu_arr+=("$cpu")
2026-09-22T18:37:29.3029049Z + IFS=
2026-09-22T18:37:29.3029337Z + read -r cpu
2026-09-22T18:37:29.3029659Z ++ for part in "${parts[@]}"
2026-09-22T18:37:29.3030029Z ++ seq 39 39
2026-09-22T18:37:29.3035482Z + bench_cpu_arr+=("$cpu")
2026-09-22T18:37:29.3035833Z + IFS=
2026-09-22T18:37:29.3036118Z + read -r cpu
2026-09-22T18:37:29.3036446Z ++ for part in "${parts[@]}"
2026-09-22T18:37:29.3036800Z ++ seq 40 40
2026-09-22T18:37:29.3042917Z + bench_cpu_arr+=("$cpu")
2026-09-22T18:37:29.3043267Z + IFS=
2026-09-22T18:37:29.3043550Z + read -r cpu
2026-09-22T18:37:29.3043863Z ++ for part in "${parts[@]}"
2026-09-22T18:37:29.3044228Z ++ seq 41 41
2026-09-22T18:37:29.3050171Z + bench_cpu_arr+=("$cpu")
2026-09-22T18:37:29.3050511Z + IFS=
2026-09-22T18:37:29.3050806Z + read -r cpu
2026-09-22T18:37:29.3051122Z ++ for part in "${parts[@]}"
2026-09-22T18:37:29.3051477Z ++ seq 42 42
2026-09-22T18:37:29.3057244Z + bench_cpu_arr+=("$cpu")
2026-09-22T18:37:29.3057603Z + IFS=
2026-09-22T18:37:29.3057888Z + read -r cpu
2026-09-22T18:37:29.3058215Z ++ for part in "${parts[@]}"
2026-09-22T18:37:29.3058581Z ++ seq 43 43
2026-09-22T18:37:29.3064315Z + bench_cpu_arr+=("$cpu")
2026-09-22T18:37:29.3064658Z + IFS=
2026-09-22T18:37:29.3064961Z + read -r cpu
2026-09-22T18:37:29.3065275Z ++ for part in "${parts[@]}"
2026-09-22T18:37:29.3065635Z ++ seq 44 44
2026-09-22T18:37:29.3071275Z + bench_cpu_arr+=("$cpu")
2026-09-22T18:37:29.3071616Z + IFS=
2026-09-22T18:37:29.3071894Z + read -r cpu
2026-09-22T18:37:29.3072214Z ++ for part in "${parts[@]}"
2026-09-22T18:37:29.3072577Z ++ seq 45 45
2026-09-22T18:37:29.3078616Z + bench_cpu_arr+=("$cpu")
2026-09-22T18:37:29.3078999Z + IFS=
2026-09-22T18:37:29.3079294Z + read -r cpu
2026-09-22T18:37:29.3079611Z ++ for part in "${parts[@]}"
2026-09-22T18:37:29.3079965Z ++ seq 46 46
2026-09-22T18:37:29.3086089Z + bench_cpu_arr+=("$cpu")
2026-09-22T18:37:29.3086436Z + IFS=
2026-09-22T18:37:29.3086725Z + read -r cpu
2026-09-22T18:37:29.3087052Z ++ for part in "${parts[@]}"
2026-09-22T18:37:29.3087406Z ++ seq 47 47
2026-09-22T18:37:29.3092831Z + bench_cpu_arr+=("$cpu")
2026-09-22T18:37:29.3093426Z + IFS=
2026-09-22T18:37:29.3093714Z + read -r cpu
2026-09-22T18:37:29.3094023Z ++ for part in "${parts[@]}"
2026-09-22T18:37:29.3094379Z ++ seq 50 50
2026-09-22T18:37:29.3099975Z + bench_cpu_arr+=("$cpu")
2026-09-22T18:37:29.3100314Z + IFS=
2026-09-22T18:37:29.3100593Z + read -r cpu
2026-09-22T18:37:29.3100921Z ++ for part in "${parts[@]}"
2026-09-22T18:37:29.3101274Z ++ seq 51 51
2026-09-22T18:37:29.3107261Z + bench_cpu_arr+=("$cpu")
2026-09-22T18:37:29.3107613Z + IFS=
2026-09-22T18:37:29.3107897Z + read -r cpu
2026-09-22T18:37:29.3108220Z ++ for part in "${parts[@]}"
2026-09-22T18:37:29.3108569Z ++ seq 52 52
2026-09-22T18:37:29.3117359Z + bench_cpu_arr+=("$cpu")
2026-09-22T18:37:29.3117697Z + IFS=
2026-09-22T18:37:29.3117977Z + read -r cpu
2026-09-22T18:37:29.3118303Z ++ for part in "${parts[@]}"
2026-09-22T18:37:29.3118686Z ++ seq 53 53
2026-09-22T18:37:29.3127101Z + bench_cpu_arr+=("$cpu")
2026-09-22T18:37:29.3127451Z + IFS=
2026-09-22T18:37:29.3127741Z + read -r cpu
2026-09-22T18:37:29.3128062Z ++ for part in "${parts[@]}"
2026-09-22T18:37:29.3128418Z ++ seq 54 54
2026-09-22T18:37:29.3136757Z + bench_cpu_arr+=("$cpu")
2026-09-22T18:37:29.3137104Z + IFS=
2026-09-22T18:37:29.3137397Z + read -r cpu
2026-09-22T18:37:29.3137728Z ++ for part in "${parts[@]}"
2026-09-22T18:37:29.3138079Z ++ seq 55 55
2026-09-22T18:37:29.3143519Z + bench_cpu_arr+=("$cpu")
2026-09-22T18:37:29.3143869Z + IFS=
2026-09-22T18:37:29.3144150Z + read -r cpu
2026-09-22T18:37:29.3144469Z ++ for part in "${parts[@]}"
2026-09-22T18:37:29.3144838Z ++ seq 56 56
2026-09-22T18:37:29.3150686Z + bench_cpu_arr+=("$cpu")
2026-09-22T18:37:29.3151034Z + IFS=
2026-09-22T18:37:29.3151314Z + read -r cpu
2026-09-22T18:37:29.3151650Z ++ for part in "${parts[@]}"
2026-09-22T18:37:29.3152010Z ++ seq 57 57
2026-09-22T18:37:29.3157704Z + bench_cpu_arr+=("$cpu")
2026-09-22T18:37:29.3158055Z + IFS=
2026-09-22T18:37:29.3158333Z + read -r cpu
2026-09-22T18:37:29.3158683Z ++ for part in "${parts[@]}"
2026-09-22T18:37:29.3159042Z ++ seq 58 58
2026-09-22T18:37:29.3164954Z + bench_cpu_arr+=("$cpu")
2026-09-22T18:37:29.3165291Z + IFS=
2026-09-22T18:37:29.3165579Z + read -r cpu
2026-09-22T18:37:29.3165978Z ++ for part in "${parts[@]}"
2026-09-22T18:37:29.3166343Z ++ seq 59 59
2026-09-22T18:37:29.3172010Z + bench_cpu_arr+=("$cpu")
2026-09-22T18:37:29.3172366Z + IFS=
2026-09-22T18:37:29.3172651Z + read -r cpu
2026-09-22T18:37:29.3172973Z ++ for part in "${parts[@]}"
2026-09-22T18:37:29.3173338Z ++ seq 60 60
2026-09-22T18:37:29.3179162Z + bench_cpu_arr+=("$cpu")
2026-09-22T18:37:29.3179505Z + IFS=
2026-09-22T18:37:29.3179798Z + read -r cpu
2026-09-22T18:37:29.3180115Z ++ for part in "${parts[@]}"
2026-09-22T18:37:29.3180471Z ++ seq 61 61
2026-09-22T18:37:29.3186731Z + bench_cpu_arr+=("$cpu")
2026-09-22T18:37:29.3187091Z + IFS=
2026-09-22T18:37:29.3187379Z + read -r cpu
2026-09-22T18:37:29.3187699Z ++ for part in "${parts[@]}"
2026-09-22T18:37:29.3188069Z ++ seq 62 62
2026-09-22T18:37:29.3193823Z + bench_cpu_arr+=("$cpu")
2026-09-22T18:37:29.3194173Z + IFS=
2026-09-22T18:37:29.3194461Z + read -r cpu
2026-09-22T18:37:29.3194781Z ++ for part in "${parts[@]}"
2026-09-22T18:37:29.3195132Z ++ seq 63 63
2026-09-22T18:37:29.3200979Z + bench_cpu_arr+=("$cpu")
2026-09-22T18:37:29.3201318Z + IFS=
2026-09-22T18:37:29.3201595Z + read -r cpu
2026-09-22T18:37:29.3201912Z ++ for part in "${parts[@]}"
2026-09-22T18:37:29.3202273Z ++ seq 64 64
2026-09-22T18:37:29.3208579Z + bench_cpu_arr+=("$cpu")
2026-09-22T18:37:29.3208949Z + IFS=
2026-09-22T18:37:29.3209239Z + read -r cpu
2026-09-22T18:37:29.3209552Z ++ for part in "${parts[@]}"
2026-09-22T18:37:29.3209898Z ++ seq 65 65
2026-09-22T18:37:29.3215713Z + bench_cpu_arr+=("$cpu")
2026-09-22T18:37:29.3216050Z + IFS=
2026-09-22T18:37:29.3216327Z + read -r cpu
2026-09-22T18:37:29.3216649Z ++ for part in "${parts[@]}"
2026-09-22T18:37:29.3217009Z ++ seq 66 66
2026-09-22T18:37:29.3223352Z + bench_cpu_arr+=("$cpu")
2026-09-22T18:37:29.3224043Z + IFS=
2026-09-22T18:37:29.3224328Z + read -r cpu
2026-09-22T18:37:29.3224645Z ++ for part in "${parts[@]}"
2026-09-22T18:37:29.3224993Z ++ seq 67 67
2026-09-22T18:37:29.3230852Z + bench_cpu_arr+=("$cpu")
2026-09-22T18:37:29.3231197Z + IFS=
2026-09-22T18:37:29.3231482Z + read -r cpu
2026-09-22T18:37:29.3231815Z ++ for part in "${parts[@]}"
2026-09-22T18:37:29.3232180Z ++ seq 68 68
2026-09-22T18:37:29.3237793Z + bench_cpu_arr+=("$cpu")
2026-09-22T18:37:29.3238143Z + IFS=
2026-09-22T18:37:29.3238423Z + read -r cpu
2026-09-22T18:37:29.3238773Z ++ for part in "${parts[@]}"
2026-09-22T18:37:29.3239129Z ++ seq 69 69
2026-09-22T18:37:29.3244988Z + bench_cpu_arr+=("$cpu")
2026-09-22T18:37:29.3245325Z + IFS=
2026-09-22T18:37:29.3245613Z + read -r cpu
2026-09-22T18:37:29.3245942Z ++ for part in "${parts[@]}"
2026-09-22T18:37:29.3246297Z ++ seq 70 70
2026-09-22T18:37:29.3251942Z + bench_cpu_arr+=("$cpu")
2026-09-22T18:37:29.3252295Z + IFS=
2026-09-22T18:37:29.3252578Z + read -r cpu
2026-09-22T18:37:29.3252889Z ++ for part in "${parts[@]}"
2026-09-22T18:37:29.3253255Z ++ seq 71 71
2026-09-22T18:37:29.3258944Z + bench_cpu_arr+=("$cpu")
2026-09-22T18:37:29.3259277Z + IFS=
2026-09-22T18:37:29.3259556Z + read -r cpu
2026-09-22T18:37:29.3259890Z ++ for part in "${parts[@]}"
2026-09-22T18:37:29.3260240Z ++ seq 72 72
2026-09-22T18:37:29.3265781Z + bench_cpu_arr+=("$cpu")
2026-09-22T18:37:29.3266127Z + IFS=
2026-09-22T18:37:29.3266410Z + read -r cpu
2026-09-22T18:37:29.3266720Z ++ for part in "${parts[@]}"
2026-09-22T18:37:29.3267097Z ++ seq 73 73
2026-09-22T18:37:29.3272783Z + bench_cpu_arr+=("$cpu")
2026-09-22T18:37:29.3273125Z + IFS=
2026-09-22T18:37:29.3273405Z + read -r cpu
2026-09-22T18:37:29.3273739Z ++ for part in "${parts[@]}"
2026-09-22T18:37:29.3274095Z ++ seq 74 74
2026-09-22T18:37:29.3282425Z + bench_cpu_arr+=("$cpu")
2026-09-22T18:37:29.3282782Z + IFS=
2026-09-22T18:37:29.3283053Z + read -r cpu
2026-09-22T18:37:29.3283612Z ++ for part in "${parts[@]}"
2026-09-22T18:37:29.3283984Z ++ seq 75 75
2026-09-22T18:37:29.3289659Z + bench_cpu_arr+=("$cpu")
2026-09-22T18:37:29.3290004Z + IFS=
2026-09-22T18:37:29.3290296Z + read -r cpu
2026-09-22T18:37:29.3290627Z ++ for part in "${parts[@]}"
2026-09-22T18:37:29.3290978Z ++ seq 76 76
2026-09-22T18:37:29.3297004Z + bench_cpu_arr+=("$cpu")
2026-09-22T18:37:29.3297352Z + IFS=
2026-09-22T18:37:29.3297633Z + read -r cpu
2026-09-22T18:37:29.3297944Z ++ for part in "${parts[@]}"
2026-09-22T18:37:29.3298307Z ++ seq 77 77
2026-09-22T18:37:29.3306536Z + bench_cpu_arr+=("$cpu")
2026-09-22T18:37:29.3306881Z + IFS=
2026-09-22T18:37:29.3307173Z + read -r cpu
2026-09-22T18:37:29.3307488Z ++ for part in "${parts[@]}"
2026-09-22T18:37:29.3307839Z ++ seq 78 78
2026-09-22T18:37:29.3313551Z + bench_cpu_arr+=("$cpu")
2026-09-22T18:37:29.3313898Z + IFS=
2026-09-22T18:37:29.3314175Z + read -r cpu
2026-09-22T18:37:29.3314493Z ++ for part in "${parts[@]}"
2026-09-22T18:37:29.3314854Z ++ seq 79 79
2026-09-22T18:37:29.3320653Z + bench_cpu_arr+=("$cpu")
2026-09-22T18:37:29.3320997Z + IFS=
2026-09-22T18:37:29.3321281Z + read -r cpu
2026-09-22T18:37:29.3321596Z ++ for part in "${parts[@]}"
2026-09-22T18:37:29.3321955Z ++ seq 80 80
2026-09-22T18:37:29.3327793Z + bench_cpu_arr+=("$cpu")
2026-09-22T18:37:29.3328137Z + IFS=
2026-09-22T18:37:29.3328424Z + read -r cpu
2026-09-22T18:37:29.3328775Z ++ for part in "${parts[@]}"
2026-09-22T18:37:29.3329138Z ++ seq 81 81
2026-09-22T18:37:29.3334761Z + bench_cpu_arr+=("$cpu")
2026-09-22T18:37:29.3335098Z + IFS=
2026-09-22T18:37:29.3335399Z + read -r cpu
2026-09-22T18:37:29.3335711Z ++ for part in "${parts[@]}"
2026-09-22T18:37:29.3336065Z ++ seq 82 82
2026-09-22T18:37:29.3341737Z + bench_cpu_arr+=("$cpu")
2026-09-22T18:37:29.3342075Z + IFS=
2026-09-22T18:37:29.3342362Z + read -r cpu
2026-09-22T18:37:29.3342691Z ++ for part in "${parts[@]}"
2026-09-22T18:37:29.3343046Z ++ seq 83 83
2026-09-22T18:37:29.3349832Z + bench_cpu_arr+=("$cpu")
2026-09-22T18:37:29.3350183Z + IFS=
2026-09-22T18:37:29.3350479Z + read -r cpu
2026-09-22T18:37:29.3350796Z ++ for part in "${parts[@]}"
2026-09-22T18:37:29.3351149Z ++ seq 84 84
2026-09-22T18:37:29.3357294Z + bench_cpu_arr+=("$cpu")
2026-09-22T18:37:29.3357638Z + IFS=
2026-09-22T18:37:29.3357920Z + read -r cpu
2026-09-22T18:37:29.3358243Z ++ for part in "${parts[@]}"
2026-09-22T18:37:29.3358607Z ++ seq 85 85
2026-09-22T18:37:29.3364104Z + bench_cpu_arr+=("$cpu")
2026-09-22T18:37:29.3364453Z + IFS=
2026-09-22T18:37:29.3364737Z + read -r cpu
2026-09-22T18:37:29.3365051Z ++ for part in "${parts[@]}"
2026-09-22T18:37:29.3365410Z ++ seq 86 86
2026-09-22T18:37:29.3371036Z + bench_cpu_arr+=("$cpu")
2026-09-22T18:37:29.3371377Z + IFS=
2026-09-22T18:37:29.3371655Z + read -r cpu
2026-09-22T18:37:29.3371980Z ++ for part in "${parts[@]}"
2026-09-22T18:37:29.3372328Z ++ seq 87 87
2026-09-22T18:37:29.3378024Z + bench_cpu_arr+=("$cpu")
2026-09-22T18:37:29.3378376Z + IFS=
2026-09-22T18:37:29.3378682Z + read -r cpu
2026-09-22T18:37:29.3378999Z ++ for part in "${parts[@]}"
2026-09-22T18:37:29.3379357Z ++ seq 88 88
2026-09-22T18:37:29.3385481Z + bench_cpu_arr+=("$cpu")
2026-09-22T18:37:29.3385822Z + IFS=
2026-09-22T18:37:29.3386104Z + read -r cpu
2026-09-22T18:37:29.3386432Z ++ for part in "${parts[@]}"
2026-09-22T18:37:29.3386782Z ++ seq 89 89
2026-09-22T18:37:29.3392594Z + bench_cpu_arr+=("$cpu")
2026-09-22T18:37:29.3392945Z + IFS=
2026-09-22T18:37:29.3393227Z + read -r cpu
2026-09-22T18:37:29.3393547Z ++ for part in "${parts[@]}"
2026-09-22T18:37:29.3393918Z ++ seq 90 90
2026-09-22T18:37:29.3399513Z + bench_cpu_arr+=("$cpu")
2026-09-22T18:37:29.3399853Z + IFS=
2026-09-22T18:37:29.3400136Z + read -r cpu
2026-09-22T18:37:29.3400470Z ++ for part in "${parts[@]}"
2026-09-22T18:37:29.3400822Z ++ seq 91 91
2026-09-22T18:37:29.3406405Z + bench_cpu_arr+=("$cpu")
2026-09-22T18:37:29.3406762Z + IFS=
2026-09-22T18:37:29.3407041Z + read -r cpu
2026-09-22T18:37:29.3407360Z ++ for part in "${parts[@]}"
2026-09-22T18:37:29.3407717Z ++ seq 92 92
2026-09-22T18:37:29.3413563Z + bench_cpu_arr+=("$cpu")
2026-09-22T18:37:29.3413908Z + IFS=
2026-09-22T18:37:29.3414184Z + read -r cpu
2026-09-22T18:37:29.3414519Z ++ for part in "${parts[@]}"
2026-09-22T18:37:29.3414880Z ++ seq 93 93
2026-09-22T18:37:29.3420380Z + bench_cpu_arr+=("$cpu")
2026-09-22T18:37:29.3420729Z + IFS=
2026-09-22T18:37:29.3421010Z + read -r cpu
2026-09-22T18:37:29.3421401Z ++ for part in "${parts[@]}"
2026-09-22T18:37:29.3421767Z ++ seq 94 94
2026-09-22T18:37:29.3427487Z + bench_cpu_arr+=("$cpu")
2026-09-22T18:37:29.3427822Z + IFS=
2026-09-22T18:37:29.3428114Z + read -r cpu
2026-09-22T18:37:29.3428423Z ++ for part in "${parts[@]}"
2026-09-22T18:37:29.3428815Z ++ seq 95 95
2026-09-22T18:37:29.3434141Z + bench_cpu_arr+=("$cpu")
2026-09-22T18:37:29.3434489Z + IFS=
2026-09-22T18:37:29.3434764Z + read -r cpu
2026-09-22T18:37:29.3438816Z + i=0
2026-09-22T18:37:29.3439736Z + for msi in /sys/class/net/*/device/msi_irqs/*
2026-09-22T18:37:29.3440297Z + [[ -e /sys/class/net/ens41/device/msi_irqs/108 ]]
2026-09-22T18:37:29.3440780Z + [[ 92 -gt 0 ]]
2026-09-22T18:37:29.3441103Z + irq=108
2026-09-22T18:37:29.3441416Z + NET_IRQS["$irq"]=1
2026-09-22T18:37:29.3441751Z + echo 2
2026-09-22T18:37:29.3441999Z + i=1
2026-09-22T18:37:29.3442273Z + for msi in /sys/class/net/*/device/msi_irqs/*
2026-09-22T18:37:29.3442665Z + [[ -e /sys/class/net/ens41/device/msi_irqs/109 ]]
2026-09-22T18:37:29.3443131Z + [[ 92 -gt 0 ]]
2026-09-22T18:37:29.3443440Z + irq=109
2026-09-22T18:37:29.3443732Z + NET_IRQS["$irq"]=1
2026-09-22T18:37:29.3444023Z + echo 3
2026-09-22T18:37:29.3444266Z + i=2
2026-09-22T18:37:29.3444537Z + for msi in /sys/class/net/*/device/msi_irqs/*
2026-09-22T18:37:29.3445043Z + [[ -e /sys/class/net/ens41/device/msi_irqs/110 ]]
2026-09-22T18:37:29.3445494Z + [[ 92 -gt 0 ]]
2026-09-22T18:37:29.3445810Z + irq=110
2026-09-22T18:37:29.3446072Z + NET_IRQS["$irq"]=1
2026-09-22T18:37:29.3446334Z + echo 4
2026-09-22T18:37:29.3446600Z + i=3
2026-09-22T18:37:29.3446929Z + for msi in /sys/class/net/*/device/msi_irqs/*
2026-09-22T18:37:29.3447439Z + [[ -e /sys/class/net/ens41/device/msi_irqs/111 ]]
2026-09-22T18:37:29.3447876Z + [[ 92 -gt 0 ]]
2026-09-22T18:37:29.3448121Z + irq=111
2026-09-22T18:37:29.3448357Z + NET_IRQS["$irq"]=1
2026-09-22T18:37:29.3448715Z + echo 5
2026-09-22T18:37:29.3449007Z + i=4
2026-09-22T18:37:29.3449343Z + for msi in /sys/class/net/*/device/msi_irqs/*
2026-09-22T18:37:29.3449782Z + [[ -e /sys/class/net/ens41/device/msi_irqs/112 ]]
2026-09-22T18:37:29.3450131Z + [[ 92 -gt 0 ]]
2026-09-22T18:37:29.3450411Z + irq=112
2026-09-22T18:37:29.3450691Z + NET_IRQS["$irq"]=1
2026-09-22T18:37:29.3451000Z + echo 6
2026-09-22T18:37:29.3451276Z + i=5
2026-09-22T18:37:29.3451572Z + for msi in /sys/class/net/*/device/msi_irqs/*
2026-09-22T18:37:29.3451948Z + [[ -e /sys/class/net/ens41/device/msi_irqs/113 ]]
2026-09-22T18:37:29.3452368Z + [[ 92 -gt 0 ]]
2026-09-22T18:37:29.3452663Z + irq=113
2026-09-22T18:37:29.3452944Z + NET_IRQS["$irq"]=1
2026-09-22T18:37:29.3453270Z + echo 7
2026-09-22T18:37:29.3453509Z + i=6
2026-09-22T18:37:29.3453782Z + for msi in /sys/class/net/*/device/msi_irqs/*
2026-09-22T18:37:29.3454225Z + [[ -e /sys/class/net/ens41/device/msi_irqs/114 ]]
2026-09-22T18:37:29.3454667Z + [[ 92 -gt 0 ]]
2026-09-22T18:37:29.3454968Z + irq=114
2026-09-22T18:37:29.3455275Z + NET_IRQS["$irq"]=1
2026-09-22T18:37:29.3455607Z + echo 8
2026-09-22T18:37:29.3455879Z + i=7
2026-09-22T18:37:29.3456215Z + for msi in /sys/class/net/*/device/msi_irqs/*
2026-09-22T18:37:29.3456597Z + [[ -e /sys/class/net/ens41/device/msi_irqs/115 ]]
2026-09-22T18:37:29.3456983Z + [[ 92 -gt 0 ]]
2026-09-22T18:37:29.3457277Z + irq=115
2026-09-22T18:37:29.3457562Z + NET_IRQS["$irq"]=1
2026-09-22T18:37:29.3457883Z + echo 9
2026-09-22T18:37:29.3458167Z + i=8
2026-09-22T18:37:29.3458435Z + for msi in /sys/class/net/*/device/msi_irqs/*
2026-09-22T18:37:29.3458927Z + [[ -e /sys/class/net/ens41/device/msi_irqs/116 ]]
2026-09-22T18:37:29.3459357Z + [[ 92 -gt 0 ]]
2026-09-22T18:37:29.3459659Z + irq=116
2026-09-22T18:37:29.3459939Z + NET_IRQS["$irq"]=1
2026-09-22T18:37:29.3460382Z + echo 10
2026-09-22T18:37:29.3460660Z + i=9
2026-09-22T18:37:29.3460956Z + for msi in /sys/class/net/*/device/msi_irqs/*
2026-09-22T18:37:29.3461349Z + [[ -e /sys/class/net/ens41/device/msi_irqs/117 ]]
2026-09-22T18:37:29.3461758Z + [[ 92 -gt 0 ]]
2026-09-22T18:37:29.3462057Z + irq=117
2026-09-22T18:37:29.3462344Z + NET_IRQS["$irq"]=1
2026-09-22T18:37:29.3462739Z + echo 11
2026-09-22T18:37:29.3462969Z + i=10
2026-09-22T18:37:29.3463231Z + for msi in /sys/class/net/*/device/msi_irqs/*
2026-09-22T18:37:29.3463721Z + [[ -e /sys/class/net/ens41/device/msi_irqs/118 ]]
2026-09-22T18:37:29.3464158Z + [[ 92 -gt 0 ]]
2026-09-22T18:37:29.3464448Z + irq=118
2026-09-22T18:37:29.3464721Z + NET_IRQS["$irq"]=1
2026-09-22T18:37:29.3465041Z + echo 12
2026-09-22T18:37:29.3465332Z + i=11
2026-09-22T18:37:29.3465647Z + for msi in /sys/class/net/*/device/msi_irqs/*
2026-09-22T18:37:29.3466032Z + [[ -e /sys/class/net/ens41/device/msi_irqs/119 ]]
2026-09-22T18:37:29.3466375Z + [[ 92 -gt 0 ]]
2026-09-22T18:37:29.3466613Z + irq=119
2026-09-22T18:37:29.3466858Z + NET_IRQS["$irq"]=1
2026-09-22T18:37:29.3467117Z + echo 13
2026-09-22T18:37:29.3467340Z + i=12
2026-09-22T18:37:29.3467614Z + for msi in /sys/class/net/*/device/msi_irqs/*
2026-09-22T18:37:29.3467995Z + [[ -e /sys/class/net/ens41/device/msi_irqs/120 ]]
2026-09-22T18:37:29.3468337Z + [[ 92 -gt 0 ]]
2026-09-22T18:37:29.3468582Z + irq=120
2026-09-22T18:37:29.3468878Z + NET_IRQS["$irq"]=1
2026-09-22T18:37:29.3469133Z + echo 14
2026-09-22T18:37:29.3469356Z + i=13
2026-09-22T18:37:29.3469628Z + for msi in /sys/class/net/*/device/msi_irqs/*
2026-09-22T18:37:29.3470008Z + [[ -e /sys/class/net/ens41/device/msi_irqs/121 ]]
2026-09-22T18:37:29.3470421Z + [[ 92 -gt 0 ]]
2026-09-22T18:37:29.3470706Z + irq=121
2026-09-22T18:37:29.3470989Z + NET_IRQS["$irq"]=1
2026-09-22T18:37:29.3471287Z + echo 15
2026-09-22T18:37:29.3471552Z + i=14
2026-09-22T18:37:29.3471899Z + for msi in /sys/class/net/*/device/msi_irqs/*
2026-09-22T18:37:29.3472390Z + [[ -e /sys/class/net/ens41/device/msi_irqs/122 ]]
2026-09-22T18:37:29.3472816Z + [[ 92 -gt 0 ]]
2026-09-22T18:37:29.3473103Z + irq=122
2026-09-22T18:37:29.3473388Z + NET_IRQS["$irq"]=1
2026-09-22T18:37:29.3473697Z + echo 16
2026-09-22T18:37:29.3473981Z + i=15
2026-09-22T18:37:29.3474313Z + for msi in /sys/class/net/*/device/msi_irqs/*
2026-09-22T18:37:29.3474789Z + [[ -e /sys/class/net/ens41/device/msi_irqs/123 ]]
2026-09-22T18:37:29.3475223Z + [[ 92 -gt 0 ]]
2026-09-22T18:37:29.3475502Z + irq=123
2026-09-22T18:37:29.3475786Z + NET_IRQS["$irq"]=1
2026-09-22T18:37:29.3476079Z + echo 17
2026-09-22T18:37:29.3476327Z + i=16
2026-09-22T18:37:29.3476659Z + for msi in /sys/class/net/*/device/msi_irqs/*
2026-09-22T18:37:29.3477140Z + [[ -e /sys/class/net/ens41/device/msi_irqs/124 ]]
2026-09-22T18:37:29.3477564Z + [[ 92 -gt 0 ]]
2026-09-22T18:37:29.3477853Z + irq=124
2026-09-22T18:37:29.3478134Z + NET_IRQS["$irq"]=1
2026-09-22T18:37:29.3478434Z + echo 18
2026-09-22T18:37:29.3478734Z + i=17
2026-09-22T18:37:29.3479133Z + for f in /proc/irq/[0-9]*/smp_affinity_list
2026-09-22T18:37:29.3479588Z + irq=0/smp_affinity_list
2026-09-22T18:37:29.3479879Z + irq=0
2026-09-22T18:37:29.3480115Z + [[ -n '' ]]
2026-09-22T18:37:29.3480359Z + echo 0,1,48,49
2026-09-22T18:37:29.3480614Z + true
2026-09-22T18:37:29.3480881Z + for f in /proc/irq/[0-9]*/smp_affinity_list
2026-09-22T18:37:29.3481230Z + irq=1/smp_affinity_list
2026-09-22T18:37:29.3481508Z + irq=1
2026-09-22T18:37:29.3481752Z + [[ -n '' ]]
2026-09-22T18:37:29.3481994Z + echo 0,1,48,49
2026-09-22T18:37:29.3482278Z + for f in /proc/irq/[0-9]*/smp_affinity_list
2026-09-22T18:37:29.3482627Z + irq=10/smp_affinity_list
2026-09-22T18:37:29.3482940Z + irq=10
2026-09-22T18:37:29.3483212Z + [[ -n '' ]]
2026-09-22T18:37:29.3483500Z + echo 0,1,48,49
2026-09-22T18:37:29.3483848Z + for f in /proc/irq/[0-9]*/smp_affinity_list
2026-09-22T18:37:29.3484292Z + irq=100/smp_affinity_list
2026-09-22T18:37:29.3484637Z + irq=100
2026-09-22T18:37:29.3484908Z + [[ -n '' ]]
2026-09-22T18:37:29.3485190Z + echo 0,1,48,49
2026-09-22T18:37:29.3485522Z + for f in /proc/irq/[0-9]*/smp_affinity_list
2026-09-22T18:37:29.3486092Z + irq=101/smp_affinity_list
2026-09-22T18:37:29.3486440Z + irq=101
2026-09-22T18:37:29.3486714Z + [[ -n '' ]]
2026-09-22T18:37:29.3486999Z + echo 0,1,48,49
2026-09-22T18:37:29.3487345Z + for f in /proc/irq/[0-9]*/smp_affinity_list
2026-09-22T18:37:29.3487776Z + irq=102/smp_affinity_list
2026-09-22T18:37:29.3488186Z + irq=102
2026-09-22T18:37:29.3488468Z + [[ -n '' ]]
2026-09-22T18:37:29.3488794Z + echo 0,1,48,49
2026-09-22T18:37:29.3489131Z + for f in /proc/irq/[0-9]*/smp_affinity_list
2026-09-22T18:37:29.3489554Z + irq=103/smp_affinity_list
2026-09-22T18:37:29.3489895Z + irq=103
2026-09-22T18:37:29.3490158Z + [[ -n '' ]]
2026-09-22T18:37:29.3490440Z + echo 0,1,48,49
2026-09-22T18:37:29.3490788Z + for f in /proc/irq/[0-9]*/smp_affinity_list
2026-09-22T18:37:29.3491226Z + irq=104/smp_affinity_list
2026-09-22T18:37:29.3491580Z + irq=104
2026-09-22T18:37:29.3491848Z + [[ -n '' ]]
2026-09-22T18:37:29.3492142Z + echo 0,1,48,49
2026-09-22T18:37:29.3492485Z + for f in /proc/irq/[0-9]*/smp_affinity_list
2026-09-22T18:37:29.3492910Z + irq=105/smp_affinity_list
2026-09-22T18:37:29.3493270Z + irq=105
2026-09-22T18:37:29.3493535Z + [[ -n '' ]]
2026-09-22T18:37:29.3493827Z + echo 0,1,48,49
2026-09-22T18:37:29.3494169Z + for f in /proc/irq/[0-9]*/smp_affinity_list
2026-09-22T18:37:29.3494623Z + irq=106/smp_affinity_list
2026-09-22T18:37:29.3494960Z + irq=106
2026-09-22T18:37:29.3495232Z + [[ -n '' ]]
2026-09-22T18:37:29.3495522Z + echo 0,1,48,49
2026-09-22T18:37:29.3495816Z + true
2026-09-22T18:37:29.3496135Z + for f in /proc/irq/[0-9]*/smp_affinity_list
2026-09-22T18:37:29.3496563Z + irq=107/smp_affinity_list
2026-09-22T18:37:29.3496916Z + irq=107
2026-09-22T18:37:29.3497187Z + [[ -n '' ]]
2026-09-22T18:37:29.3497472Z + echo 0,1,48,49
2026-09-22T18:37:29.3497766Z + true
2026-09-22T18:37:29.3498081Z + for f in /proc/irq/[0-9]*/smp_affinity_list
2026-09-22T18:37:29.3498521Z + irq=108/smp_affinity_list
2026-09-22T18:37:29.3498896Z + irq=108
2026-09-22T18:37:29.3499187Z + [[ -n 1 ]]
2026-09-22T18:37:29.3499469Z + continue
2026-09-22T18:37:29.3499798Z + for f in /proc/irq/[0-9]*/smp_affinity_list
2026-09-22T18:37:29.3500229Z + irq=109/smp_affinity_list
2026-09-22T18:37:29.3500568Z + irq=109
2026-09-22T18:37:29.3500835Z + [[ -n 1 ]]
2026-09-22T18:37:29.3501116Z + continue
2026-09-22T18:37:29.3501445Z + for f in /proc/irq/[0-9]*/smp_affinity_list
2026-09-22T18:37:29.3501886Z + irq=11/smp_affinity_list
2026-09-22T18:37:29.3502226Z + irq=11
2026-09-22T18:37:29.3502509Z + [[ -n '' ]]
2026-09-22T18:37:29.3502788Z + echo 0,1,48,49
2026-09-22T18:37:29.3503124Z + for f in /proc/irq/[0-9]*/smp_affinity_list
2026-09-22T18:37:29.3503552Z + irq=110/smp_affinity_list
2026-09-22T18:37:29.3503908Z + irq=110
2026-09-22T18:37:29.3504177Z + [[ -n 1 ]]
2026-09-22T18:37:29.3504450Z + continue
2026-09-22T18:37:29.3504779Z + for f in /proc/irq/[0-9]*/smp_affinity_list
2026-09-22T18:37:29.3505220Z + irq=111/smp_affinity_list
2026-09-22T18:37:29.3505561Z + irq=111
2026-09-22T18:37:29.3505830Z + [[ -n 1 ]]
2026-09-22T18:37:29.3506129Z + continue
2026-09-22T18:37:29.3506598Z + for f in /proc/irq/[0-9]*/smp_affinity_list
2026-09-22T18:37:29.3507035Z + irq=112/smp_affinity_list
2026-09-22T18:37:29.3507390Z + irq=112
2026-09-22T18:37:29.3507668Z + [[ -n 1 ]]
2026-09-22T18:37:29.3507949Z + continue
2026-09-22T18:37:29.3508287Z + for f in /proc/irq/[0-9]*/smp_affinity_list
2026-09-22T18:37:29.3508775Z + irq=113/smp_affinity_list
2026-09-22T18:37:29.3509119Z + irq=113
2026-09-22T18:37:29.3509396Z + [[ -n 1 ]]
2026-09-22T18:37:29.3509646Z + continue
2026-09-22T18:37:29.3509907Z + for f in /proc/irq/[0-9]*/smp_affinity_list
2026-09-22T18:37:29.3510252Z + irq=114/smp_affinity_list
2026-09-22T18:37:29.3510535Z + irq=114
2026-09-22T18:37:29.3510758Z + [[ -n 1 ]]
2026-09-22T18:37:29.3510993Z + continue
2026-09-22T18:37:29.3511254Z + for f in /proc/irq/[0-9]*/smp_affinity_list
2026-09-22T18:37:29.3511603Z + irq=115/smp_affinity_list
2026-09-22T18:37:29.3511880Z + irq=115
2026-09-22T18:37:29.3512101Z + [[ -n 1 ]]
2026-09-22T18:37:29.3512432Z + continue
2026-09-22T18:37:29.3512695Z + for f in /proc/irq/[0-9]*/smp_affinity_list
2026-09-22T18:37:29.3513035Z + irq=116/smp_affinity_list
2026-09-22T18:37:29.3513310Z + irq=116
2026-09-22T18:37:29.3513548Z + [[ -n 1 ]]
2026-09-22T18:37:29.3513779Z + continue
2026-09-22T18:37:29.3514132Z + for f in /proc/irq/[0-9]*/smp_affinity_list
2026-09-22T18:37:29.3514479Z + irq=117/smp_affinity_list
2026-09-22T18:37:29.3514754Z + irq=117
2026-09-22T18:37:29.3514977Z + [[ -n 1 ]]
2026-09-22T18:37:29.3515206Z + continue
2026-09-22T18:37:29.3515474Z + for f in /proc/irq/[0-9]*/smp_affinity_list
2026-09-22T18:37:29.3515810Z + irq=118/smp_affinity_list
2026-09-22T18:37:29.3516087Z + irq=118
2026-09-22T18:37:29.3516320Z + [[ -n 1 ]]
2026-09-22T18:37:29.3516418Z + continue
2026-09-22T18:37:29.3516558Z + for f in /proc/irq/[0-9]*/smp_affinity_list
2026-09-22T18:37:29.3516684Z + irq=119/smp_affinity_list
2026-09-22T18:37:29.3516791Z + irq=119
2026-09-22T18:37:29.3516894Z + [[ -n 1 ]]
2026-09-22T18:37:29.3516995Z + continue
2026-09-22T18:37:29.3517132Z + for f in /proc/irq/[0-9]*/smp_affinity_list
2026-09-22T18:37:29.3517253Z + irq=12/smp_affinity_list
2026-09-22T18:37:29.3517352Z + irq=12
2026-09-22T18:37:29.3517459Z + [[ -n '' ]]
2026-09-22T18:37:29.3517570Z + echo 0,1,48,49
2026-09-22T18:37:29.3517697Z + for f in /proc/irq/[0-9]*/smp_affinity_list
2026-09-22T18:37:29.3517819Z + irq=120/smp_affinity_list
2026-09-22T18:37:29.3517923Z + irq=120
2026-09-22T18:37:29.3518021Z + [[ -n 1 ]]
2026-09-22T18:37:29.3518126Z + continue
2026-09-22T18:37:29.3518262Z + for f in /proc/irq/[0-9]*/smp_affinity_list
2026-09-22T18:37:29.3518369Z + irq=121/smp_affinity_list
2026-09-22T18:37:29.3518476Z + irq=121
2026-09-22T18:37:29.3518579Z + [[ -n 1 ]]
2026-09-22T18:37:29.3518724Z + continue
2026-09-22T18:37:29.3518883Z + for f in /proc/irq/[0-9]*/smp_affinity_list
2026-09-22T18:37:29.3518999Z + irq=122/smp_affinity_list
2026-09-22T18:37:29.3519096Z + irq=122
2026-09-22T18:37:29.3519206Z + [[ -n 1 ]]
2026-09-22T18:37:29.3519317Z + continue
2026-09-22T18:37:29.3519447Z + for f in /proc/irq/[0-9]*/smp_affinity_list
2026-09-22T18:37:29.3519568Z + irq=123/smp_affinity_list
2026-09-22T18:37:29.3519675Z + irq=123
2026-09-22T18:37:29.3519772Z + [[ -n 1 ]]
2026-09-22T18:37:29.3519878Z + continue
2026-09-22T18:37:29.3520021Z + for f in /proc/irq/[0-9]*/smp_affinity_list
2026-09-22T18:37:29.3520135Z + irq=124/smp_affinity_list
2026-09-22T18:37:29.3520243Z + irq=124
2026-09-22T18:37:29.3520351Z + [[ -n 1 ]]
2026-09-22T18:37:29.3520447Z + continue
2026-09-22T18:37:29.3520581Z + for f in /proc/irq/[0-9]*/smp_affinity_list
2026-09-22T18:37:29.3520700Z + irq=125/smp_affinity_list
2026-09-22T18:37:29.3520797Z + irq=125
2026-09-22T18:37:29.3520904Z + [[ -n '' ]]
2026-09-22T18:37:29.3521004Z + echo 0,1,48,49
2026-09-22T18:37:29.3521140Z + for f in /proc/irq/[0-9]*/smp_affinity_list
2026-09-22T18:37:29.3521256Z + irq=13/smp_affinity_list
2026-09-22T18:37:29.3521354Z + irq=13
2026-09-22T18:37:29.3521459Z + [[ -n '' ]]
2026-09-22T18:37:29.3521570Z + echo 0,1,48,49
2026-09-22T18:37:29.3521697Z + for f in /proc/irq/[0-9]*/smp_affinity_list
2026-09-22T18:37:29.3521814Z + irq=133/smp_affinity_list
2026-09-22T18:37:29.3521917Z + irq=133
2026-09-22T18:37:29.3522012Z + [[ -n '' ]]
2026-09-22T18:37:29.3522121Z + echo 0,1,48,49
2026-09-22T18:37:29.3522252Z + for f in /proc/irq/[0-9]*/smp_affinity_list
2026-09-22T18:37:29.3522364Z + irq=14/smp_affinity_list
2026-09-22T18:37:29.3522468Z + irq=14
2026-09-22T18:37:29.3522572Z + [[ -n '' ]]
2026-09-22T18:37:29.3522671Z + echo 0,1,48,49
2026-09-22T18:37:29.3522805Z + for f in /proc/irq/[0-9]*/smp_affinity_list
2026-09-22T18:37:29.3523037Z + irq=15/smp_affinity_list
2026-09-22T18:37:29.3523132Z + irq=15
2026-09-22T18:37:29.3523238Z + [[ -n '' ]]
2026-09-22T18:37:29.3523343Z + echo 0,1,48,49
2026-09-22T18:37:29.3523468Z + for f in /proc/irq/[0-9]*/smp_affinity_list
2026-09-22T18:37:29.3523587Z + irq=16/smp_affinity_list
2026-09-22T18:37:29.3523692Z + irq=16
2026-09-22T18:37:29.3523788Z + [[ -n '' ]]
2026-09-22T18:37:29.3523962Z + echo 0,1,48,49
2026-09-22T18:37:29.3524098Z + for f in /proc/irq/[0-9]*/smp_affinity_list
2026-09-22T18:37:29.3524209Z + irq=2/smp_affinity_list
2026-09-22T18:37:29.3524317Z + irq=2
2026-09-22T18:37:29.3524425Z + [[ -n '' ]]
2026-09-22T18:37:29.3524523Z + echo 0,1,48,49
2026-09-22T18:37:29.3524627Z + true
2026-09-22T18:37:29.3524816Z + for f in /proc/irq/[0-9]*/smp_affinity_list
2026-09-22T18:37:29.3524926Z + irq=24/smp_affinity_list
2026-09-22T18:37:29.3525030Z + irq=24
2026-09-22T18:37:29.3525137Z + [[ -n '' ]]
2026-09-22T18:37:29.3525236Z + echo 0,1,48,49
2026-09-22T18:37:29.3525371Z + for f in /proc/irq/[0-9]*/smp_affinity_list
2026-09-22T18:37:29.3525480Z + irq=25/smp_affinity_list
2026-09-22T18:37:29.3525586Z + irq=25
2026-09-22T18:37:29.3525691Z + [[ -n '' ]]
2026-09-22T18:37:29.3525790Z + echo 0,1,48,49
2026-09-22T18:37:29.3525923Z + for f in /proc/irq/[0-9]*/smp_affinity_list
2026-09-22T18:37:29.3526039Z + irq=26/smp_affinity_list
2026-09-22T18:37:29.3526134Z + irq=26
2026-09-22T18:37:29.3526243Z + [[ -n '' ]]
2026-09-22T18:37:29.3526350Z + echo 0,1,48,49
2026-09-22T18:37:29.3526479Z + for f in /proc/irq/[0-9]*/smp_affinity_list
2026-09-22T18:37:29.3526599Z + irq=27/smp_affinity_list
2026-09-22T18:37:29.3526704Z + irq=27
2026-09-22T18:37:29.3526801Z + [[ -n '' ]]
2026-09-22T18:37:29.3526907Z + echo 0,1,48,49
2026-09-22T18:37:29.3527051Z + for f in /proc/irq/[0-9]*/smp_affinity_list
2026-09-22T18:37:29.3527160Z + irq=28/smp_affinity_list
2026-09-22T18:37:29.3527266Z + irq=28
2026-09-22T18:37:29.3527374Z + [[ -n '' ]]
2026-09-22T18:37:29.3527471Z + echo 0,1,48,49
2026-09-22T18:37:29.3527606Z + for f in /proc/irq/[0-9]*/smp_affinity_list
2026-09-22T18:37:29.3527722Z + irq=29/smp_affinity_list
2026-09-22T18:37:29.3527817Z + irq=29
2026-09-22T18:37:29.3527922Z + [[ -n '' ]]
2026-09-22T18:37:29.3528026Z + echo 0,1,48,49
2026-09-22T18:37:29.3528152Z + for f in /proc/irq/[0-9]*/smp_affinity_list
2026-09-22T18:37:29.3528269Z + irq=3/smp_affinity_list
2026-09-22T18:37:29.3528372Z + irq=3
2026-09-22T18:37:29.3528471Z + [[ -n '' ]]
2026-09-22T18:37:29.3528577Z + echo 0,1,48,49
2026-09-22T18:37:29.3528774Z + for f in /proc/irq/[0-9]*/smp_affinity_list
2026-09-22T18:37:29.3528887Z + irq=30/smp_affinity_list
2026-09-22T18:37:29.3528989Z + irq=30
2026-09-22T18:37:29.3529095Z + [[ -n '' ]]
2026-09-22T18:37:29.3529191Z + echo 0,1,48,49
2026-09-22T18:37:29.3529329Z + for f in /proc/irq/[0-9]*/smp_affinity_list
2026-09-22T18:37:29.3529439Z + irq=31/smp_affinity_list
2026-09-22T18:37:29.3529541Z + irq=31
2026-09-22T18:37:29.3529648Z + [[ -n '' ]]
2026-09-22T18:37:29.3529746Z + echo 0,1,48,49
2026-09-22T18:37:29.3529884Z + for f in /proc/irq/[0-9]*/smp_affinity_list
2026-09-22T18:37:29.3530003Z + irq=32/smp_affinity_list
2026-09-22T18:37:29.3530100Z + irq=32
2026-09-22T18:37:29.3530208Z + [[ -n '' ]]
2026-09-22T18:37:29.3530315Z + echo 0,1,48,49
2026-09-22T18:37:29.3530441Z + for f in /proc/irq/[0-9]*/smp_affinity_list
2026-09-22T18:37:29.3530557Z + irq=33/smp_affinity_list
2026-09-22T18:37:29.3530663Z + irq=33
2026-09-22T18:37:29.3530767Z + [[ -n '' ]]
2026-09-22T18:37:29.3530875Z + echo 0,1,48,49
2026-09-22T18:37:29.3531011Z + for f in /proc/irq/[0-9]*/smp_affinity_list
2026-09-22T18:37:29.3531117Z + irq=34/smp_affinity_list
2026-09-22T18:37:29.3531218Z + irq=34
2026-09-22T18:37:29.3531321Z + [[ -n '' ]]
2026-09-22T18:37:29.3531420Z + echo 0,1,48,49
2026-09-22T18:37:29.3531558Z + for f in /proc/irq/[0-9]*/smp_affinity_list
2026-09-22T18:37:29.3531673Z + irq=35/smp_affinity_list
2026-09-22T18:37:29.3531766Z + irq=35
2026-09-22T18:37:29.3531868Z + [[ -n '' ]]
2026-09-22T18:37:29.3531974Z + echo 0,1,48,49
2026-09-22T18:37:29.3532101Z + for f in /proc/irq/[0-9]*/smp_affinity_list
2026-09-22T18:37:29.3532217Z + irq=36/smp_affinity_list
2026-09-22T18:37:29.3532321Z + irq=36
2026-09-22T18:37:29.3532417Z + [[ -n '' ]]
2026-09-22T18:37:29.3532526Z + echo 0,1,48,49
2026-09-22T18:37:29.3532661Z + for f in /proc/irq/[0-9]*/smp_affinity_list
2026-09-22T18:37:29.3532769Z + irq=37/smp_affinity_list
2026-09-22T18:37:29.3532874Z + irq=37
2026-09-22T18:37:29.3533040Z + [[ -n '' ]]
2026-09-22T18:37:29.3533137Z + echo 0,1,48,49
2026-09-22T18:37:29.3533273Z + for f in /proc/irq/[0-9]*/smp_affinity_list
2026-09-22T18:37:29.3533385Z + irq=38/smp_affinity_list
2026-09-22T18:37:29.3533489Z + irq=38
2026-09-22T18:37:29.3533597Z + [[ -n '' ]]
2026-09-22T18:37:29.3533695Z + echo 0,1,48,49
2026-09-22T18:37:29.3533883Z + for f in /proc/irq/[0-9]*/smp_affinity_list
2026-09-22T18:37:29.3534001Z + irq=39/smp_affinity_list
2026-09-22T18:37:29.3534097Z + irq=39
2026-09-22T18:37:29.3534202Z + [[ -n '' ]]
2026-09-22T18:37:29.3534309Z + echo 0,1,48,49
2026-09-22T18:37:29.3534440Z + for f in /proc/irq/[0-9]*/smp_affinity_list
2026-09-22T18:37:29.3534558Z + irq=4/smp_affinity_list
2026-09-22T18:37:29.3534664Z + irq=4
2026-09-22T18:37:29.3534765Z + [[ -n '' ]]
2026-09-22T18:37:29.3534870Z + echo 0,1,48,49
2026-09-22T18:37:29.3535007Z + for f in /proc/irq/[0-9]*/smp_affinity_list
2026-09-22T18:37:29.3535113Z + irq=40/smp_affinity_list
2026-09-22T18:37:29.3535220Z + irq=40
2026-09-22T18:37:29.3535321Z + [[ -n '' ]]
2026-09-22T18:37:29.3535419Z + echo 0,1,48,49
2026-09-22T18:37:29.3535555Z + for f in /proc/irq/[0-9]*/smp_affinity_list
2026-09-22T18:37:29.3535672Z + irq=41/smp_affinity_list
2026-09-22T18:37:29.3535768Z + irq=41
2026-09-22T18:37:29.3535875Z + [[ -n '' ]]
2026-09-22T18:37:29.3535979Z + echo 0,1,48,49
2026-09-22T18:37:29.3536115Z + for f in /proc/irq/[0-9]*/smp_affinity_list
2026-09-22T18:37:29.3536230Z + irq=42/smp_affinity_list
2026-09-22T18:37:29.3536334Z + irq=42
2026-09-22T18:37:29.3536431Z + [[ -n '' ]]
2026-09-22T18:37:29.3536537Z + echo 0,1,48,49
2026-09-22T18:37:29.3536682Z + for f in /proc/irq/[0-9]*/smp_affinity_list
2026-09-22T18:37:29.3536789Z + irq=43/smp_affinity_list
2026-09-22T18:37:29.3536893Z + irq=43
2026-09-22T18:37:29.3536998Z + [[ -n '' ]]
2026-09-22T18:37:29.3537094Z + echo 0,1,48,49
2026-09-22T18:37:29.3537232Z + for f in /proc/irq/[0-9]*/smp_affinity_list
2026-09-22T18:37:29.3537347Z + irq=44/smp_affinity_list
2026-09-22T18:37:29.3537449Z + irq=44
2026-09-22T18:37:29.3537557Z + [[ -n '' ]]
2026-09-22T18:37:29.3537655Z + echo 0,1,48,49
2026-09-22T18:37:29.3537795Z + for f in /proc/irq/[0-9]*/smp_affinity_list
2026-09-22T18:37:29.3537911Z + irq=45/smp_affinity_list
2026-09-22T18:37:29.3538007Z + irq=45
2026-09-22T18:37:29.3538113Z + [[ -n '' ]]
2026-09-22T18:37:29.3538228Z + echo 0,1,48,49
2026-09-22T18:37:29.3538356Z + for f in /proc/irq/[0-9]*/smp_affinity_list
2026-09-22T18:37:29.3538474Z + irq=46/smp_affinity_list
2026-09-22T18:37:29.3538576Z + irq=46
2026-09-22T18:37:29.3538720Z + [[ -n '' ]]
2026-09-22T18:37:29.3538832Z + echo 0,1,48,49
2026-09-22T18:37:29.3538968Z + for f in /proc/irq/[0-9]*/smp_affinity_list
2026-09-22T18:37:29.3539073Z + irq=47/smp_affinity_list
2026-09-22T18:37:29.3539176Z + irq=47
2026-09-22T18:37:29.3539284Z + [[ -n '' ]]
2026-09-22T18:37:29.3539380Z + echo 0,1,48,49
2026-09-22T18:37:29.3539519Z + for f in /proc/irq/[0-9]*/smp_affinity_list
2026-09-22T18:37:29.3539637Z + irq=48/smp_affinity_list
2026-09-22T18:37:29.3539743Z + irq=48
2026-09-22T18:37:29.3539848Z + [[ -n '' ]]
2026-09-22T18:37:29.3539958Z + echo 0,1,48,49
2026-09-22T18:37:29.3540090Z + for f in /proc/irq/[0-9]*/smp_affinity_list
2026-09-22T18:37:29.3540207Z + irq=49/smp_affinity_list
2026-09-22T18:37:29.3540311Z + irq=49
2026-09-22T18:37:29.3540408Z + [[ -n '' ]]
2026-09-22T18:37:29.3540520Z + echo 0,1,48,49
2026-09-22T18:37:29.3540656Z + for f in /proc/irq/[0-9]*/smp_affinity_list
2026-09-22T18:37:29.3540764Z + irq=5/smp_affinity_list
2026-09-22T18:37:29.3540871Z + irq=5
2026-09-22T18:37:29.3540976Z + [[ -n '' ]]
2026-09-22T18:37:29.3541072Z + echo 0,1,48,49
2026-09-22T18:37:29.3541205Z + for f in /proc/irq/[0-9]*/smp_affinity_list
2026-09-22T18:37:29.3541319Z + irq=50/smp_affinity_list
2026-09-22T18:37:29.3541412Z + irq=50
2026-09-22T18:37:29.3541515Z + [[ -n '' ]]
2026-09-22T18:37:29.3541611Z + echo 0,1,48,49
2026-09-22T18:37:29.3541748Z + for f in /proc/irq/[0-9]*/smp_affinity_list
2026-09-22T18:37:29.3541864Z + irq=51/smp_affinity_list
2026-09-22T18:37:29.3542024Z + irq=51
2026-09-22T18:37:29.3542132Z + [[ -n '' ]]
2026-09-22T18:37:29.3542244Z + echo 0,1,48,49
2026-09-22T18:37:29.3542375Z + for f in /proc/irq/[0-9]*/smp_affinity_list
2026-09-22T18:37:29.3542494Z + irq=52/smp_affinity_list
2026-09-22T18:37:29.3542603Z + irq=52
2026-09-22T18:37:29.3542705Z + [[ -n '' ]]
2026-09-22T18:37:29.3542871Z + echo 0,1,48,49
2026-09-22T18:37:29.3543009Z + for f in /proc/irq/[0-9]*/smp_affinity_list
2026-09-22T18:37:29.3543116Z + irq=53/smp_affinity_list
2026-09-22T18:37:29.3543221Z + irq=53
2026-09-22T18:37:29.3543323Z + [[ -n '' ]]
2026-09-22T18:37:29.3543422Z + echo 0,1,48,49
2026-09-22T18:37:29.3543558Z + for f in /proc/irq/[0-9]*/smp_affinity_list
2026-09-22T18:37:29.3543672Z + irq=54/smp_affinity_list
2026-09-22T18:37:29.3543767Z + irq=54
2026-09-22T18:37:29.3543873Z + [[ -n '' ]]
2026-09-22T18:37:29.3543983Z + echo 0,1,48,49
2026-09-22T18:37:29.3544108Z + for f in /proc/irq/[0-9]*/smp_affinity_list
2026-09-22T18:37:29.3544222Z + irq=55/smp_affinity_list
2026-09-22T18:37:29.3544331Z + irq=55
2026-09-22T18:37:29.3544426Z + [[ -n '' ]]
2026-09-22T18:37:29.3544533Z + echo 0,1,48,49
2026-09-22T18:37:29.3544664Z + for f in /proc/irq/[0-9]*/smp_affinity_list
2026-09-22T18:37:29.3544772Z + irq=56/smp_affinity_list
2026-09-22T18:37:29.3544874Z + irq=56
2026-09-22T18:37:29.3544976Z + [[ -n '' ]]
2026-09-22T18:37:29.3545077Z + echo 0,1,48,49
2026-09-22T18:37:29.3545209Z + for f in /proc/irq/[0-9]*/smp_affinity_list
2026-09-22T18:37:29.3545325Z + irq=57/smp_affinity_list
2026-09-22T18:37:29.3545420Z + irq=57
2026-09-22T18:37:29.3545525Z + [[ -n '' ]]
2026-09-22T18:37:29.3545622Z + echo 0,1,48,49
2026-09-22T18:37:29.3545756Z + for f in /proc/irq/[0-9]*/smp_affinity_list
2026-09-22T18:37:29.3545875Z + irq=58/smp_affinity_list
2026-09-22T18:37:29.3545969Z + irq=58
2026-09-22T18:37:29.3546075Z + [[ -n '' ]]
2026-09-22T18:37:29.3546179Z + echo 0,1,48,49
2026-09-22T18:37:29.3546305Z + for f in /proc/irq/[0-9]*/smp_affinity_list
2026-09-22T18:37:29.3546420Z + irq=59/smp_affinity_list
2026-09-22T18:37:29.3546526Z + irq=59
2026-09-22T18:37:29.3546623Z + [[ -n '' ]]
2026-09-22T18:37:29.3546729Z + echo 0,1,48,49
2026-09-22T18:37:29.3546864Z + for f in /proc/irq/[0-9]*/smp_affinity_list
2026-09-22T18:37:29.3546973Z + irq=6/smp_affinity_list
2026-09-22T18:37:29.3547079Z + irq=6
2026-09-22T18:37:29.3547183Z + [[ -n '' ]]
2026-09-22T18:37:29.3547283Z + echo 0,1,48,49
2026-09-22T18:37:29.3547417Z + for f in /proc/irq/[0-9]*/smp_affinity_list
2026-09-22T18:37:29.3547530Z + irq=60/smp_affinity_list
2026-09-22T18:37:29.3547626Z + irq=60
2026-09-22T18:37:29.3547732Z + [[ -n '' ]]
2026-09-22T18:37:29.3547835Z + echo 0,1,48,49
2026-09-22T18:37:29.3547960Z + for f in /proc/irq/[0-9]*/smp_affinity_list
2026-09-22T18:37:29.3548072Z + irq=61/smp_affinity_list
2026-09-22T18:37:29.3548174Z + irq=61
2026-09-22T18:37:29.3548270Z + [[ -n '' ]]
2026-09-22T18:37:29.3548373Z + echo 0,1,48,49
2026-09-22T18:37:29.3548509Z + for f in /proc/irq/[0-9]*/smp_affinity_list
2026-09-22T18:37:29.3548614Z + irq=62/smp_affinity_list
2026-09-22T18:37:29.3548761Z + irq=62
2026-09-22T18:37:29.3548867Z + [[ -n '' ]]
2026-09-22T18:37:29.3548963Z + echo 0,1,48,49
2026-09-22T18:37:29.3549097Z + for f in /proc/irq/[0-9]*/smp_affinity_list
2026-09-22T18:37:29.3549211Z + irq=63/smp_affinity_list
2026-09-22T18:37:29.3549303Z + irq=63
2026-09-22T18:37:29.3549408Z + [[ -n '' ]]
2026-09-22T18:37:29.3549510Z + echo 0,1,48,49
2026-09-22T18:37:29.3549644Z + for f in /proc/irq/[0-9]*/smp_affinity_list
2026-09-22T18:37:29.3549758Z + irq=64/smp_affinity_list
2026-09-22T18:37:29.3549852Z + irq=64
2026-09-22T18:37:29.3549957Z + [[ -n '' ]]
2026-09-22T18:37:29.3550062Z + echo 0,1,48,49
2026-09-22T18:37:29.3550190Z + for f in /proc/irq/[0-9]*/smp_affinity_list
2026-09-22T18:37:29.3550307Z + irq=65/smp_affinity_list
2026-09-22T18:37:29.3550411Z + irq=65
2026-09-22T18:37:29.3550508Z + [[ -n '' ]]
2026-09-22T18:37:29.3550616Z + echo 0,1,48,49
2026-09-22T18:37:29.3550752Z + for f in /proc/irq/[0-9]*/smp_affinity_list
2026-09-22T18:37:29.3550859Z + irq=66/smp_affinity_list
2026-09-22T18:37:29.3551062Z + irq=66
2026-09-22T18:37:29.3551170Z + [[ -n '' ]]
2026-09-22T18:37:29.3551269Z + echo 0,1,48,49
2026-09-22T18:37:29.3551407Z + for f in /proc/irq/[0-9]*/smp_affinity_list
2026-09-22T18:37:29.3551523Z + irq=67/smp_affinity_list
2026-09-22T18:37:29.3551617Z + irq=67
2026-09-22T18:37:29.3551777Z + [[ -n '' ]]
2026-09-22T18:37:29.3551885Z + echo 0,1,48,49
2026-09-22T18:37:29.3552012Z + for f in /proc/irq/[0-9]*/smp_affinity_list
2026-09-22T18:37:29.3552125Z + irq=68/smp_affinity_list
2026-09-22T18:37:29.3552231Z + irq=68
2026-09-22T18:37:29.3552328Z + [[ -n '' ]]
2026-09-22T18:37:29.3552437Z + echo 0,1,48,49
2026-09-22T18:37:29.3552571Z + for f in /proc/irq/[0-9]*/smp_affinity_list
2026-09-22T18:37:29.3552678Z + irq=69/smp_affinity_list
2026-09-22T18:37:29.3552782Z + irq=69
2026-09-22T18:37:29.3552887Z + [[ -n '' ]]
2026-09-22T18:37:29.3552983Z + echo 0,1,48,49
2026-09-22T18:37:29.3553115Z + for f in /proc/irq/[0-9]*/smp_affinity_list
2026-09-22T18:37:29.3553237Z + irq=7/smp_affinity_list
2026-09-22T18:37:29.3553335Z + irq=7
2026-09-22T18:37:29.3553438Z + [[ -n '' ]]
2026-09-22T18:37:29.3553534Z + echo 0,1,48,49
2026-09-22T18:37:29.3553667Z + for f in /proc/irq/[0-9]*/smp_affinity_list
2026-09-22T18:37:29.3553784Z + irq=70/smp_affinity_list
2026-09-22T18:37:29.3553879Z + irq=70
2026-09-22T18:37:29.3553990Z + [[ -n '' ]]
2026-09-22T18:37:29.3554097Z + echo 0,1,48,49
2026-09-22T18:37:29.3554222Z + for f in /proc/irq/[0-9]*/smp_affinity_list
2026-09-22T18:37:29.3554337Z + irq=71/smp_affinity_list
2026-09-22T18:37:29.3554439Z + irq=71
2026-09-22T18:37:29.3554535Z + [[ -n '' ]]
2026-09-22T18:37:29.3554640Z + echo 0,1,48,49
2026-09-22T18:37:29.3554773Z + for f in /proc/irq/[0-9]*/smp_affinity_list
2026-09-22T18:37:29.3554878Z + irq=72/smp_affinity_list
2026-09-22T18:37:29.3554981Z + irq=72
2026-09-22T18:37:29.3555083Z + [[ -n '' ]]
2026-09-22T18:37:29.3555181Z + echo 0,1,48,49
2026-09-22T18:37:29.3555314Z + for f in /proc/irq/[0-9]*/smp_affinity_list
2026-09-22T18:37:29.3555434Z + irq=73/smp_affinity_list
2026-09-22T18:37:29.3555530Z + irq=73
2026-09-22T18:37:29.3555633Z + [[ -n '' ]]
2026-09-22T18:37:29.3555737Z + echo 0,1,48,49
2026-09-22T18:37:29.3555863Z + for f in /proc/irq/[0-9]*/smp_affinity_list
2026-09-22T18:37:29.3555975Z + irq=74/smp_affinity_list
2026-09-22T18:37:29.3556078Z + irq=74
2026-09-22T18:37:29.3556178Z + [[ -n '' ]]
2026-09-22T18:37:29.3556284Z + echo 0,1,48,49
2026-09-22T18:37:29.3556419Z + for f in /proc/irq/[0-9]*/smp_affinity_list
2026-09-22T18:37:29.3556523Z + irq=75/smp_affinity_list
2026-09-22T18:37:29.3556628Z + irq=75
2026-09-22T18:37:29.3556731Z + [[ -n '' ]]
2026-09-22T18:37:29.3556826Z + echo 0,1,48,49
2026-09-22T18:37:29.3556959Z + for f in /proc/irq/[0-9]*/smp_affinity_list
2026-09-22T18:37:29.3557073Z + irq=76/smp_affinity_list
2026-09-22T18:37:29.3557167Z + irq=76
2026-09-22T18:37:29.3557268Z + [[ -n '' ]]
2026-09-22T18:37:29.3557364Z + echo 0,1,48,49
2026-09-22T18:37:29.3557499Z + for f in /proc/irq/[0-9]*/smp_affinity_list
2026-09-22T18:37:29.3557616Z + irq=77/smp_affinity_list
2026-09-22T18:37:29.3557709Z + irq=77
2026-09-22T18:37:29.3557814Z + [[ -n '' ]]
2026-09-22T18:37:29.3557917Z + echo 0,1,48,49
2026-09-22T18:37:29.3558043Z + for f in /proc/irq/[0-9]*/smp_affinity_list
2026-09-22T18:37:29.3558158Z + irq=78/smp_affinity_list
2026-09-22T18:37:29.3558257Z + irq=78
2026-09-22T18:37:29.3558357Z + [[ -n '' ]]
2026-09-22T18:37:29.3558465Z + echo 0,1,48,49
2026-09-22T18:37:29.3558594Z + for f in /proc/irq/[0-9]*/smp_affinity_list
2026-09-22T18:37:29.3558734Z + irq=79/smp_affinity_list
2026-09-22T18:37:29.3558837Z + irq=79
2026-09-22T18:37:29.3558938Z + [[ -n '' ]]
2026-09-22T18:37:29.3559036Z + echo 0,1,48,49
2026-09-22T18:37:29.3559171Z + for f in /proc/irq/[0-9]*/smp_affinity_list
2026-09-22T18:37:29.3559285Z + irq=8/smp_affinity_list
2026-09-22T18:37:29.3559381Z + irq=8
2026-09-22T18:37:29.3559482Z + [[ -n '' ]]
2026-09-22T18:37:29.3559588Z + echo 0,1,48,49
2026-09-22T18:37:29.3559715Z + for f in /proc/irq/[0-9]*/smp_affinity_list
2026-09-22T18:37:29.3559887Z + irq=80/smp_affinity_list
2026-09-22T18:37:29.3559990Z + irq=80
2026-09-22T18:37:29.3560086Z + [[ -n '' ]]
2026-09-22T18:37:29.3560192Z + echo 0,1,48,49
2026-09-22T18:37:29.3560329Z + for f in /proc/irq/[0-9]*/smp_affinity_list
2026-09-22T18:37:29.3560436Z + irq=81/smp_affinity_list
2026-09-22T18:37:29.3560539Z + irq=81
2026-09-22T18:37:29.3560697Z + [[ -n '' ]]
2026-09-22T18:37:29.3560798Z + echo 0,1,48,49
2026-09-22T18:37:29.3560933Z + for f in /proc/irq/[0-9]*/smp_affinity_list
2026-09-22T18:37:29.3561050Z + irq=82/smp_affinity_list
2026-09-22T18:37:29.3561146Z + irq=82
2026-09-22T18:37:29.3561249Z + [[ -n '' ]]
2026-09-22T18:37:29.3561345Z + echo 0,1,48,49
2026-09-22T18:37:29.3561482Z + for f in /proc/irq/[0-9]*/smp_affinity_list
2026-09-22T18:37:29.3561599Z + irq=83/smp_affinity_list
2026-09-22T18:37:29.3561694Z + irq=83
2026-09-22T18:37:29.3561797Z + [[ -n '' ]]
2026-09-22T18:37:29.3561902Z + echo 0,1,48,49
2026-09-22T18:37:29.3562028Z + for f in /proc/irq/[0-9]*/smp_affinity_list
2026-09-22T18:37:29.3562149Z + irq=84/smp_affinity_list
2026-09-22T18:37:29.3562252Z + irq=84
2026-09-22T18:37:29.3562347Z + [[ -n '' ]]
2026-09-22T18:37:29.3562454Z + echo 0,1,48,49
2026-09-22T18:37:29.3562588Z + for f in /proc/irq/[0-9]*/smp_affinity_list
2026-09-22T18:37:29.3562693Z + irq=85/smp_affinity_list
2026-09-22T18:37:29.3562799Z + irq=85
2026-09-22T18:37:29.3562908Z + [[ -n '' ]]
2026-09-22T18:37:29.3563005Z + echo 0,1,48,49
2026-09-22T18:37:29.3563142Z + for f in /proc/irq/[0-9]*/smp_affinity_list
2026-09-22T18:37:29.3563258Z + irq=86/smp_affinity_list
2026-09-22T18:37:29.3563351Z + irq=86
2026-09-22T18:37:29.3563456Z + [[ -n '' ]]
2026-09-22T18:37:29.3563562Z + echo 0,1,48,49
2026-09-22T18:37:29.3563691Z + for f in /proc/irq/[0-9]*/smp_affinity_list
2026-09-22T18:37:29.3563806Z + irq=87/smp_affinity_list
2026-09-22T18:37:29.3563908Z + irq=87
2026-09-22T18:37:29.3564005Z + [[ -n '' ]]
2026-09-22T18:37:29.3564113Z + echo 0,1,48,49
2026-09-22T18:37:29.3564247Z + for f in /proc/irq/[0-9]*/smp_affinity_list
2026-09-22T18:37:29.3564359Z + irq=88/smp_affinity_list
2026-09-22T18:37:29.3564464Z + irq=88
2026-09-22T18:37:29.3564566Z + [[ -n '' ]]
2026-09-22T18:37:29.3564665Z + echo 0,1,48,49
2026-09-22T18:37:29.3564800Z + for f in /proc/irq/[0-9]*/smp_affinity_list
2026-09-22T18:37:29.3564916Z + irq=89/smp_affinity_list
2026-09-22T18:37:29.3565015Z + irq=89
2026-09-22T18:37:29.3565119Z + [[ -n '' ]]
2026-09-22T18:37:29.3565218Z + echo 0,1,48,49
2026-09-22T18:37:29.3565356Z + for f in /proc/irq/[0-9]*/smp_affinity_list
2026-09-22T18:37:29.3565472Z + irq=9/smp_affinity_list
2026-09-22T18:37:29.3565567Z + irq=9
2026-09-22T18:37:29.3565673Z + [[ -n '' ]]
2026-09-22T18:37:29.3565781Z + echo 0,1,48,49
2026-09-22T18:37:29.3565909Z + for f in /proc/irq/[0-9]*/smp_affinity_list
2026-09-22T18:37:29.3566025Z + irq=90/smp_affinity_list
2026-09-22T18:37:29.3566128Z + irq=90
2026-09-22T18:37:29.3566224Z + [[ -n '' ]]
2026-09-22T18:37:29.3566328Z + echo 0,1,48,49
2026-09-22T18:37:29.3566462Z + for f in /proc/irq/[0-9]*/smp_affinity_list
2026-09-22T18:37:29.3566573Z + irq=91/smp_affinity_list
2026-09-22T18:37:29.3566672Z + irq=91
2026-09-22T18:37:29.3566776Z + [[ -n '' ]]
2026-09-22T18:37:29.3566875Z + echo 0,1,48,49
2026-09-22T18:37:29.3567009Z + for f in /proc/irq/[0-9]*/smp_affinity_list
2026-09-22T18:37:29.3567124Z + irq=92/smp_affinity_list
2026-09-22T18:37:29.3567221Z + irq=92
2026-09-22T18:37:29.3567322Z + [[ -n '' ]]
2026-09-22T18:37:29.3567430Z + echo 0,1,48,49
2026-09-22T18:37:29.3567556Z + for f in /proc/irq/[0-9]*/smp_affinity_list
2026-09-22T18:37:29.3567673Z + irq=93/smp_affinity_list
2026-09-22T18:37:29.3567772Z + irq=93
2026-09-22T18:37:29.3567867Z + [[ -n '' ]]
2026-09-22T18:37:29.3567971Z + echo 0,1,48,49
2026-09-22T18:37:29.3568102Z + for f in /proc/irq/[0-9]*/smp_affinity_list
2026-09-22T18:37:29.3568208Z + irq=94/smp_affinity_list
2026-09-22T18:37:29.3568310Z + irq=94
2026-09-22T18:37:29.3568414Z + [[ -n '' ]]
2026-09-22T18:37:29.3568510Z + echo 0,1,48,49
2026-09-22T18:37:29.3568674Z + for f in /proc/irq/[0-9]*/smp_affinity_list
2026-09-22T18:37:29.3568848Z + irq=95/smp_affinity_list
2026-09-22T18:37:29.3568944Z + irq=95
2026-09-22T18:37:29.3569050Z + [[ -n '' ]]
2026-09-22T18:37:29.3569147Z + echo 0,1,48,49
2026-09-22T18:37:29.3569285Z + for f in /proc/irq/[0-9]*/smp_affinity_list
2026-09-22T18:37:29.3569400Z + irq=96/smp_affinity_list
2026-09-22T18:37:29.3569547Z + irq=96
2026-09-22T18:37:29.3569657Z + [[ -n '' ]]
2026-09-22T18:37:29.3569767Z + echo 0,1,48,49
2026-09-22T18:37:29.3569896Z + for f in /proc/irq/[0-9]*/smp_affinity_list
2026-09-22T18:37:29.3570013Z + irq=97/smp_affinity_list
2026-09-22T18:37:29.3570118Z + irq=97
2026-09-22T18:37:29.3570214Z + [[ -n '' ]]
2026-09-22T18:37:29.3570323Z + echo 0,1,48,49
2026-09-22T18:37:29.3570459Z + for f in /proc/irq/[0-9]*/smp_affinity_list
2026-09-22T18:37:29.3570568Z + irq=98/smp_affinity_list
2026-09-22T18:37:29.3570671Z + irq=98
2026-09-22T18:37:29.3570774Z + [[ -n '' ]]
2026-09-22T18:37:29.3570872Z + echo 0,1,48,49
2026-09-22T18:37:29.3571008Z + for f in /proc/irq/[0-9]*/smp_affinity_list
2026-09-22T18:37:29.3571131Z + irq=99/smp_affinity_list
2026-09-22T18:37:29.3571224Z + irq=99
2026-09-22T18:37:29.3571335Z + [[ -n '' ]]
2026-09-22T18:37:29.3571440Z + echo 0,1,48,49
2026-09-22T18:37:29.3571552Z + command -v python3
2026-09-22T18:37:29.3571676Z ++ expand_cpulist 0,1,48,49
2026-09-22T18:37:29.3571793Z ++ [[ -n 0,1,48,49 ]]
2026-09-22T18:37:29.3571907Z ++ local parts part
2026-09-22T18:37:29.3572168Z ++ python3 -c 'import sys; print(f"{sum(1 << int(l) for l in sys.stdin):x}")'
2026-09-22T18:37:29.3572275Z ++ IFS=,
2026-09-22T18:37:29.3572382Z ++ read -ra parts
2026-09-22T18:37:29.3572509Z ++ for part in "${parts[@]}"
2026-09-22T18:37:29.3572618Z ++ seq 0 0
2026-09-22T18:37:29.3572745Z ++ for part in "${parts[@]}"
2026-09-22T18:37:29.3572851Z ++ seq 1 1
2026-09-22T18:37:29.3572968Z ++ for part in "${parts[@]}"
2026-09-22T18:37:29.3573068Z ++ seq 48 48
2026-09-22T18:37:29.3573187Z ++ for part in "${parts[@]}"
2026-09-22T18:37:29.3573290Z ++ seq 49 49
2026-09-22T18:37:29.3705586Z + wq_mask=3000000000003
2026-09-22T18:37:29.3705937Z + sysfs_write /sys/devices/virtual/workqueue/cpumask 3000000000003
2026-09-22T18:37:29.3706108Z + [[ -n 3000000000003 ]]
2026-09-22T18:37:29.3706298Z + [[ -w /sys/devices/virtual/workqueue/cpumask ]]
2026-09-22T18:37:29.3706421Z + echo 3000000000003
2026-09-22T18:37:29.3706787Z scripts/setup-benchmark.sh: line 16: echo: write error: Value too large for defined data type
2026-09-22T18:37:29.3706900Z + true
2026-09-22T18:37:29.3707055Z + mkdir -p /etc/systemd/system.conf.d
2026-09-22T18:37:29.3714795Z + cat
2026-09-22T18:37:29.3724794Z + systemctl daemon-reexec
2026-09-22T18:37:30.4083636Z + cat
2026-09-22T18:37:30.4092720Z + chmod 0644 /tmp/vortex-benchmark.env
2026-09-22T18:37:30.4266755Z ##[group]Run CodSpeedHQ/action@4296e51e7041e24dadb86d1d6e8b9320d223dbe8
2026-09-22T18:37:30.4267242Z with:
2026-09-22T18:37:30.4267678Z   run: bash scripts/bench-taskset.sh cargo codspeed run -- '.*::avx2::'
2026-09-22T18:37:30.4268568Z   token: ***
2026-09-22T18:37:30.4268892Z   mode: walltime
2026-09-22T18:37:30.4269180Z   cache-instruments: true
2026-09-22T18:37:30.4269534Z   instruments-cache-dir: ~/.cache/codspeed-action
2026-09-22T18:37:30.4269917Z   allow-empty: false
2026-09-22T18:37:30.4270216Z   skip-hash-check-warning: false
2026-09-22T18:37:30.4270542Z env:
2026-09-22T18:37:30.4270795Z   CARGO_TERM_COLOR: always
2026-09-22T18:37:30.4271087Z   RUST_BACKTRACE: 1
2026-09-22T18:37:30.4271386Z   NIGHTLY_TOOLCHAIN: nightly-2026-09-10
2026-09-22T18:37:30.4271757Z   RUNNER_TOOL_CACHE: /opt/hostedtoolcache
2026-09-22T18:37:30.4272104Z   RUNS_ON_HOME: /runs-on
2026-09-22T18:37:30.4272402Z   RUNS_ON_VERSION: v3.3.0
2026-09-22T18:37:30.4272744Z   RUNS_ON_AGENT_BINARY: /runs-on/agent
2026-09-22T18:37:30.4273076Z   RUNS_ON_AGENT_ARCH: x64
2026-09-22T18:37:30.4273361Z   RUNS_ON_AGENT_USER: runner
2026-09-22T18:37:30.4273682Z   RUNS_ON_AMI_ID: ami-0d8875560af9e1401
2026-09-22T18:37:30.4274012Z   RUNS_ON_AWS_REGION: us-east-1
2026-09-22T18:37:30.4274325Z   RUNS_ON_AWS_AZ: us-east-1a
2026-09-22T18:37:30.4274762Z   RUNS_ON_ENV_CUSTOM_FILE: /runs-on/env.custom
2026-09-22T18:37:30.4275137Z   RUNS_ON_INSTANCE_ID: i-02a0b666295a069f9
2026-09-22T18:37:30.4275490Z   RUNS_ON_INSTANCE_LIFECYCLE: spot
2026-09-22T18:37:30.4275827Z   RUNS_ON_INSTANCE_TYPE: c7i.metal-24xl
2026-09-22T18:37:30.4276177Z   RUNS_ON_STACK_NAME: runs-on-v3
2026-09-22T18:37:30.4276586Z   RUNS_ON_S3_BUCKET_CACHE: runs-on-v3-s3bucketcache-dbnub4tpjhpv
2026-09-22T18:37:30.4277063Z   ACTIONS_RUNNER_HOOK_JOB_STARTED: /runs-on/pre.sh
2026-09-22T18:37:30.4277502Z   ACTIONS_RUNNER_HOOK_JOB_COMPLETED: /runs-on/post.sh
2026-09-22T18:37:30.4277922Z   GITHUB_SERVER_URL: https://github.com/
2026-09-22T18:37:30.4278303Z   GITHUB_API_URL: https://api.github.com/
2026-09-22T18:37:30.4278697Z   GITHUB_HOST: github.com
2026-09-22T18:37:30.4279077Z   RUNS_ON_RUNNER_NAME: runs-on--i-02a0b666295a069f9--23807f91-0
2026-09-22T18:37:30.4279539Z   RUNS_ON_INSTANCE_LAUNCHED_AT: 2026-09-22T18:36:13Z
2026-09-22T18:37:30.4279945Z   ACTIONS_CACHE_URL: http://10.1.2.148:6871/
2026-09-22T18:37:30.4280308Z   ACTIONS_CACHE_SERVICE_V2: true
2026-09-22T18:37:30.4280647Z   ACTIONS_RESULTS_URL: http://10.1.2.148:6871/
2026-09-22T18:37:30.4281093Z   RUNS_ON_S3_CACHE_REPO_PREFIX: cache/repo/vortex-data/vortex
2026-09-22T18:37:30.4281521Z   RUNS_ON_ACTION_COST_TRACKING_CLAIMED: true
2026-09-22T18:37:30.4281881Z   RUSTUP_TOOLCHAIN: 1.98.0
2026-09-22T18:37:30.4282183Z   DIVAN_SAMPLE_COUNT: 1000
2026-09-22T18:37:30.4282483Z ##[endgroup]
2026-09-22T18:37:30.4288975Z ##[start-action display=Determine runner and kernel version;id=__CodSpeedHQ_action.versions]
2026-09-22T18:37:30.4305747Z ##[group]Run RUNNER_VERSION=""
2026-09-22T18:37:30.4306110Z [36;1mRUNNER_VERSION=""[0m
2026-09-22T18:37:30.4306464Z [36;1mif [ -z "$RUNNER_VERSION" ]; then[0m
2026-09-22T18:37:30.4306959Z [36;1m  RUNNER_VERSION=$(cat $GITHUB_ACTION_PATH/.codspeed-runner-version)[0m
2026-09-22T18:37:30.4307419Z [36;1mfi[0m
2026-09-22T18:37:30.4307770Z [36;1m# Strip 'v' prefix if present to normalize version format[0m
2026-09-22T18:37:30.4308230Z [36;1mRUNNER_VERSION="${RUNNER_VERSION#v}"[0m
2026-09-22T18:37:30.4308574Z [36;1m[0m
2026-09-22T18:37:30.4309042Z [36;1m# Detect version type (priority: latest > version number > branch/rev prefixes)[0m
2026-09-22T18:37:30.4309577Z [36;1mif [ "$RUNNER_VERSION" = "latest" ]; then[0m
2026-09-22T18:37:30.4309949Z [36;1m  VERSION_TYPE="latest"[0m
2026-09-22T18:37:30.4310402Z [36;1melif echo "$RUNNER_VERSION" | grep -qE '^[0-9]+\.[0-9]+\.[0-9]+-'; then[0m
2026-09-22T18:37:30.4310878Z [36;1m  VERSION_TYPE="prerelease"[0m
2026-09-22T18:37:30.4311327Z [36;1melif echo "$RUNNER_VERSION" | grep -qE '^[0-9]+\.[0-9]+\.[0-9]+'; then[0m
2026-09-22T18:37:30.4311896Z [36;1m  VERSION_TYPE="release"[0m
2026-09-22T18:37:30.4312300Z [36;1melif echo "$RUNNER_VERSION" | grep -q '^branch:'; then[0m
2026-09-22T18:37:30.4312715Z [36;1m  VERSION_TYPE="branch"[0m
2026-09-22T18:37:30.4313160Z [36;1m  RUNNER_VERSION=$(echo "$RUNNER_VERSION" | sed 's/^branch://')[0m
2026-09-22T18:37:30.4313674Z [36;1melif echo "$RUNNER_VERSION" | grep -q '^rev:'; then[0m
2026-09-22T18:37:30.4314075Z [36;1m  VERSION_TYPE="rev"[0m
2026-09-22T18:37:30.4314488Z [36;1m  RUNNER_VERSION=$(echo "$RUNNER_VERSION" | sed 's/^rev://')[0m
2026-09-22T18:37:30.4314894Z [36;1melse[0m
2026-09-22T18:37:30.4315171Z [36;1m  # Default to release version[0m
2026-09-22T18:37:30.4315515Z [36;1m  VERSION_TYPE="release"[0m
2026-09-22T18:37:30.4315828Z [36;1mfi[0m
2026-09-22T18:37:30.4316069Z [36;1m[0m
2026-09-22T18:37:30.4316401Z [36;1mecho "runner-version=$RUNNER_VERSION" >> $GITHUB_OUTPUT[0m
2026-09-22T18:37:30.4316895Z [36;1mecho "version-type=$VERSION_TYPE" >> $GITHUB_OUTPUT[0m
2026-09-22T18:37:30.4317285Z [36;1m[0m
2026-09-22T18:37:30.4317551Z [36;1m# Get kernel version for cache key[0m
2026-09-22T18:37:30.4317917Z [36;1mKERNEL_VERSION=$(uname -r)[0m
2026-09-22T18:37:30.4318326Z [36;1mecho "kernel-version=$KERNEL_VERSION" >> $GITHUB_OUTPUT[0m
2026-09-22T18:37:30.4318830Z [36;1m[0m
2026-09-22T18:37:30.4319209Z [36;1m# Normalize mode for cache key (commas are not allowed in cache keys)[0m
2026-09-22T18:37:30.4319719Z [36;1mMODE_CACHE_KEY=$(echo "walltime" | tr ',' '-')[0m
2026-09-22T18:37:30.4320179Z [36;1mecho "mode-cache-key=$MODE_CACHE_KEY" >> $GITHUB_OUTPUT[0m
2026-09-22T18:37:30.4350968Z shell: /usr/bin/bash --noprofile --norc -e -o pipefail {0}
2026-09-22T18:37:30.4351385Z env:
2026-09-22T18:37:30.4351650Z   CARGO_TERM_COLOR: always
2026-09-22T18:37:30.4351959Z   RUST_BACKTRACE: 1
2026-09-22T18:37:30.4352262Z   NIGHTLY_TOOLCHAIN: nightly-2026-09-10
2026-09-22T18:37:30.4352637Z   RUNNER_TOOL_CACHE: /opt/hostedtoolcache
2026-09-22T18:37:30.4352986Z   RUNS_ON_HOME: /runs-on
2026-09-22T18:37:30.4353303Z   RUNS_ON_VERSION: v3.3.0
2026-09-22T18:37:30.4353608Z   RUNS_ON_AGENT_BINARY: /runs-on/agent
2026-09-22T18:37:30.4353935Z   RUNS_ON_AGENT_ARCH: x64
2026-09-22T18:37:30.4354236Z   RUNS_ON_AGENT_USER: runner
2026-09-22T18:37:30.4354553Z   RUNS_ON_AMI_ID: ami-0d8875560af9e1401
2026-09-22T18:37:30.4354900Z   RUNS_ON_AWS_REGION: us-east-1
2026-09-22T18:37:30.4355226Z   RUNS_ON_AWS_AZ: us-east-1a
2026-09-22T18:37:30.4355556Z   RUNS_ON_ENV_CUSTOM_FILE: /runs-on/env.custom
2026-09-22T18:37:30.4355931Z   RUNS_ON_INSTANCE_ID: i-02a0b666295a069f9
2026-09-22T18:37:30.4356279Z   RUNS_ON_INSTANCE_LIFECYCLE: spot
2026-09-22T18:37:30.4356621Z   RUNS_ON_INSTANCE_TYPE: c7i.metal-24xl
2026-09-22T18:37:30.4356977Z   RUNS_ON_STACK_NAME: runs-on-v3
2026-09-22T18:37:30.4357388Z   RUNS_ON_S3_BUCKET_CACHE: runs-on-v3-s3bucketcache-dbnub4tpjhpv
2026-09-22T18:37:30.4357860Z   ACTIONS_RUNNER_HOOK_JOB_STARTED: /runs-on/pre.sh
2026-09-22T18:37:30.4358290Z   ACTIONS_RUNNER_HOOK_JOB_COMPLETED: /runs-on/post.sh
2026-09-22T18:37:30.4358738Z   GITHUB_SERVER_URL: https://github.com/
2026-09-22T18:37:30.4359112Z   GITHUB_API_URL: https://api.github.com/
2026-09-22T18:37:30.4359457Z   GITHUB_HOST: github.com
2026-09-22T18:37:30.4359843Z   RUNS_ON_RUNNER_NAME: runs-on--i-02a0b666295a069f9--23807f91-0
2026-09-22T18:37:30.4360310Z   RUNS_ON_INSTANCE_LAUNCHED_AT: 2026-09-22T18:36:13Z
2026-09-22T18:37:30.4360703Z   ACTIONS_CACHE_URL: http://10.1.2.148:6871/
2026-09-22T18:37:30.4361072Z   ACTIONS_CACHE_SERVICE_V2: true
2026-09-22T18:37:30.4361409Z   ACTIONS_RESULTS_URL: http://10.1.2.148:6871/
2026-09-22T18:37:30.4361840Z   RUNS_ON_S3_CACHE_REPO_PREFIX: cache/repo/vortex-data/vortex
2026-09-22T18:37:30.4362276Z   RUNS_ON_ACTION_COST_TRACKING_CLAIMED: true
2026-09-22T18:37:30.4362626Z   RUSTUP_TOOLCHAIN: 1.98.0
2026-09-22T18:37:30.4362922Z   DIVAN_SAMPLE_COUNT: 1000
2026-09-22T18:37:30.4363211Z ##[endgroup]
2026-09-22T18:37:30.4488981Z ##[end-action id=__CodSpeedHQ_action.versions;outcome=success;conclusion=success;duration_ms=19]
2026-09-22T18:37:30.4491798Z ##[start-action display=Cache CodSpeed instruments;id=__CodSpeedHQ_action.__actions_cache]
2026-09-22T18:37:30.4529915Z ##[group]Run actions/cache@668228422ae6a00e4ad889ee87cd7109ec5666a7
2026-09-22T18:37:30.4530343Z with:
2026-09-22T18:37:30.4530630Z   path: ~/.cache/codspeed-action
2026-09-22T18:37:30.4531104Z   key: codspeed-instruments-walltime-Linux-X64-6.17.0-1019-aws-5.0.2
2026-09-22T18:37:30.4531725Z   restore-keys: codspeed-instruments-walltime-Linux-X64-6.17.0-1019-aws-

2026-09-22T18:37:30.4532243Z   enableCrossOsArchive: false
2026-09-22T18:37:30.4532567Z   fail-on-cache-miss: false
2026-09-22T18:37:30.4532865Z   lookup-only: false
2026-09-22T18:37:30.4533145Z   save-always: false
2026-09-22T18:37:30.4533404Z env:
2026-09-22T18:37:30.4533647Z   CARGO_TERM_COLOR: always
2026-09-22T18:37:30.4533933Z   RUST_BACKTRACE: 1
2026-09-22T18:37:30.4534232Z   NIGHTLY_TOOLCHAIN: nightly-2026-09-10
2026-09-22T18:37:30.4534592Z   RUNNER_TOOL_CACHE: /opt/hostedtoolcache
2026-09-22T18:37:30.4534942Z   RUNS_ON_HOME: /runs-on
2026-09-22T18:37:30.4535237Z   RUNS_ON_VERSION: v3.3.0
2026-09-22T18:37:30.4535546Z   RUNS_ON_AGENT_BINARY: /runs-on/agent
2026-09-22T18:37:30.4535874Z   RUNS_ON_AGENT_ARCH: x64
2026-09-22T18:37:30.4536171Z   RUNS_ON_AGENT_USER: runner
2026-09-22T18:37:30.4536574Z   RUNS_ON_AMI_ID: ami-0d8875560af9e1401
2026-09-22T18:37:30.4536907Z   RUNS_ON_AWS_REGION: us-east-1
2026-09-22T18:37:30.4537220Z   RUNS_ON_AWS_AZ: us-east-1a
2026-09-22T18:37:30.4537563Z   RUNS_ON_ENV_CUSTOM_FILE: /runs-on/env.custom
2026-09-22T18:37:30.4537935Z   RUNS_ON_INSTANCE_ID: i-02a0b666295a069f9
2026-09-22T18:37:30.4538286Z   RUNS_ON_INSTANCE_LIFECYCLE: spot
2026-09-22T18:37:30.4538686Z   RUNS_ON_INSTANCE_TYPE: c7i.metal-24xl
2026-09-22T18:37:30.4539044Z   RUNS_ON_STACK_NAME: runs-on-v3
2026-09-22T18:37:30.4539449Z   RUNS_ON_S3_BUCKET_CACHE: runs-on-v3-s3bucketcache-dbnub4tpjhpv
2026-09-22T18:37:30.4539930Z   ACTIONS_RUNNER_HOOK_JOB_STARTED: /runs-on/pre.sh
2026-09-22T18:37:30.4540364Z   ACTIONS_RUNNER_HOOK_JOB_COMPLETED: /runs-on/post.sh
2026-09-22T18:37:30.4540775Z   GITHUB_SERVER_URL: https://github.com/
2026-09-22T18:37:30.4541157Z   GITHUB_API_URL: https://api.github.com/
2026-09-22T18:37:30.4541507Z   GITHUB_HOST: github.com
2026-09-22T18:37:30.4541888Z   RUNS_ON_RUNNER_NAME: runs-on--i-02a0b666295a069f9--23807f91-0
2026-09-22T18:37:30.4542356Z   RUNS_ON_INSTANCE_LAUNCHED_AT: 2026-09-22T18:36:13Z
2026-09-22T18:37:30.4542751Z   ACTIONS_CACHE_URL: http://10.1.2.148:6871/
2026-09-22T18:37:30.4543122Z   ACTIONS_CACHE_SERVICE_V2: true
2026-09-22T18:37:30.4543469Z   ACTIONS_RESULTS_URL: http://10.1.2.148:6871/
2026-09-22T18:37:30.4543906Z   RUNS_ON_S3_CACHE_REPO_PREFIX: cache/repo/vortex-data/vortex
2026-09-22T18:37:30.4544332Z   RUNS_ON_ACTION_COST_TRACKING_CLAIMED: true
2026-09-22T18:37:30.4544691Z   RUSTUP_TOOLCHAIN: 1.98.0
2026-09-22T18:37:30.4544988Z   DIVAN_SAMPLE_COUNT: 1000
2026-09-22T18:37:30.4545275Z ##[endgroup]
2026-09-22T18:37:30.6902090Z Cache not found for input keys: codspeed-instruments-walltime-Linux-X64-6.17.0-1019-aws-5.0.2, codspeed-instruments-walltime-Linux-X64-6.17.0-1019-aws-
2026-09-22T18:37:30.6947493Z ##[end-action id=__CodSpeedHQ_action.__actions_cache;outcome=success;conclusion=success;duration_ms=245]
2026-09-22T18:37:30.6952568Z ##[start-action display=Lookup installer hash;id=__CodSpeedHQ_action.installer-hash]
2026-09-22T18:37:30.7016412Z ##[group]Run actions/github-script@ed597411d8f924073f98dfc5c65a23a2325f34cd
2026-09-22T18:37:30.7016890Z with:
2026-09-22T18:37:30.7017760Z   script: const hashes = require(`${process.env.GITHUB_ACTION_PATH}/.codspeed-runner-installer-hashes.json`)
const version = process.env.RUNNER_VERSION
core.setOutput('hash', hashes[version] || '')

2026-09-22T18:37:30.7021500Z   github-token: ***
2026-09-22T18:37:30.7021775Z   debug: false
2026-09-22T18:37:30.7022062Z   user-agent: actions/github-script
2026-09-22T18:37:30.7022417Z   result-encoding: json
2026-09-22T18:37:30.7022698Z   retries: 0
2026-09-22T18:37:30.7023112Z   retry-exempt-status-codes: 400,401,403,404,422
2026-09-22T18:37:30.7023483Z env:
2026-09-22T18:37:30.7023738Z   CARGO_TERM_COLOR: always
2026-09-22T18:37:30.7024035Z   RUST_BACKTRACE: 1
2026-09-22T18:37:30.7024327Z   NIGHTLY_TOOLCHAIN: nightly-2026-09-10
2026-09-22T18:37:30.7024704Z   RUNNER_TOOL_CACHE: /opt/hostedtoolcache
2026-09-22T18:37:30.7025070Z   RUNS_ON_HOME: /runs-on
2026-09-22T18:37:30.7025358Z   RUNS_ON_VERSION: v3.3.0
2026-09-22T18:37:30.7025674Z   RUNS_ON_AGENT_BINARY: /runs-on/agent
2026-09-22T18:37:30.7026005Z   RUNS_ON_AGENT_ARCH: x64
2026-09-22T18:37:30.7026293Z   RUNS_ON_AGENT_USER: runner
2026-09-22T18:37:30.7026598Z   RUNS_ON_AMI_ID: ami-0d8875560af9e1401
2026-09-22T18:37:30.7026946Z   RUNS_ON_AWS_REGION: us-east-1
2026-09-22T18:37:30.7027255Z   RUNS_ON_AWS_AZ: us-east-1a
2026-09-22T18:37:30.7027575Z   RUNS_ON_ENV_CUSTOM_FILE: /runs-on/env.custom
2026-09-22T18:37:30.7027957Z   RUNS_ON_INSTANCE_ID: i-02a0b666295a069f9
2026-09-22T18:37:30.7028304Z   RUNS_ON_INSTANCE_LIFECYCLE: spot
2026-09-22T18:37:30.7028972Z   RUNS_ON_INSTANCE_TYPE: c7i.metal-24xl
2026-09-22T18:37:30.7029331Z   RUNS_ON_STACK_NAME: runs-on-v3
2026-09-22T18:37:30.7029742Z   RUNS_ON_S3_BUCKET_CACHE: runs-on-v3-s3bucketcache-dbnub4tpjhpv
2026-09-22T18:37:30.7030222Z   ACTIONS_RUNNER_HOOK_JOB_STARTED: /runs-on/pre.sh
2026-09-22T18:37:30.7030743Z   ACTIONS_RUNNER_HOOK_JOB_COMPLETED: /runs-on/post.sh
2026-09-22T18:37:30.7031149Z   GITHUB_SERVER_URL: https://github.com/
2026-09-22T18:37:30.7031518Z   GITHUB_API_URL: https://api.github.com/
2026-09-22T18:37:30.7031869Z   GITHUB_HOST: github.com
2026-09-22T18:37:30.7032244Z   RUNS_ON_RUNNER_NAME: runs-on--i-02a0b666295a069f9--23807f91-0
2026-09-22T18:37:30.7032733Z   RUNS_ON_INSTANCE_LAUNCHED_AT: 2026-09-22T18:36:13Z
2026-09-22T18:37:30.7033129Z   ACTIONS_CACHE_URL: http://10.1.2.148:6871/
2026-09-22T18:37:30.7033489Z   ACTIONS_CACHE_SERVICE_V2: true
2026-09-22T18:37:30.7033828Z   ACTIONS_RESULTS_URL: http://10.1.2.148:6871/
2026-09-22T18:37:30.7034274Z   RUNS_ON_S3_CACHE_REPO_PREFIX: cache/repo/vortex-data/vortex
2026-09-22T18:37:30.7034705Z   RUNS_ON_ACTION_COST_TRACKING_CLAIMED: true
2026-09-22T18:37:30.7035062Z   RUSTUP_TOOLCHAIN: 1.98.0
2026-09-22T18:37:30.7035375Z   DIVAN_SAMPLE_COUNT: 1000
2026-09-22T18:37:30.7035669Z   RUNNER_VERSION: 5.0.2
2026-09-22T18:37:30.7035950Z ##[endgroup]
2026-09-22T18:37:30.7930991Z ##[end-action id=__CodSpeedHQ_action.installer-hash;outcome=success;conclusion=success;duration_ms=97]
2026-09-22T18:37:30.7933620Z ##[start-action display=Install CodSpeed runner;id=__CodSpeedHQ_action.__run]
2026-09-22T18:37:30.7950532Z ##[group]Run RUNNER_VERSION="5.0.2"
2026-09-22T18:37:30.7950966Z [36;1mRUNNER_VERSION="5.0.2"[0m
2026-09-22T18:37:30.7951302Z [36;1mVERSION_TYPE="release"[0m
2026-09-22T18:37:30.7951610Z [36;1m[0m
2026-09-22T18:37:30.7951881Z [36;1mSKIP_HASH_CHECK_WARNING="false"[0m
2026-09-22T18:37:30.7952208Z [36;1m[0m
2026-09-22T18:37:30.7952494Z [36;1mif [ "$VERSION_TYPE" = "latest" ]; then[0m
2026-09-22T18:37:30.7952937Z [36;1m  if [ "$SKIP_HASH_CHECK_WARNING" != "true" ]; then[0m
2026-09-22T18:37:30.7953765Z [36;1m    echo "::warning::Hash verification is not available when using 'latest' version. Consider pinning a specific version for supply chain security."[0m
2026-09-22T18:37:30.7954516Z [36;1m  fi[0m
2026-09-22T18:37:30.7954927Z [36;1m  curl -fsSL https://codspeed.io/install.sh | bash -s -- --quiet[0m
2026-09-22T18:37:30.7955446Z [36;1melif [ "$VERSION_TYPE" = "prerelease" ]; then[0m
2026-09-22T18:37:30.7956064Z [36;1m  # Prereleases are not pinned, so install from the versioned installer without hash verification.[0m
2026-09-22T18:37:30.7956682Z [36;1m  if [ "$SKIP_HASH_CHECK_WARNING" != "true" ]; then[0m
2026-09-22T18:37:30.7957288Z [36;1m    echo "::warning::Hash verification is not available for prerelease version $RUNNER_VERSION."[0m
2026-09-22T18:37:30.7957824Z [36;1m  fi[0m
2026-09-22T18:37:30.7958269Z [36;1m  curl -fsSL "https://codspeed.io/v$RUNNER_VERSION/install.sh" | bash -s -- --quiet[0m
2026-09-22T18:37:30.7959005Z [36;1melif [ "$VERSION_TYPE" = "branch" ]; then[0m
2026-09-22T18:37:30.7959427Z [36;1m  # Install from specific branch using cargo[0m
2026-09-22T18:37:30.7959855Z [36;1m  if [ "$SKIP_HASH_CHECK_WARNING" != "true" ]; then[0m
2026-09-22T18:37:30.7960419Z [36;1m    echo "::warning::Hash verification is not available when installing from a branch."[0m
2026-09-22T18:37:30.7960932Z [36;1m  fi[0m
2026-09-22T18:37:30.7961205Z [36;1m  source $HOME/.cargo/env[0m
2026-09-22T18:37:30.7961851Z [36;1m  cargo install --locked --git https://github.com/CodSpeedHQ/codspeed --branch "$RUNNER_VERSION" codspeed-runner[0m
2026-09-22T18:37:30.7962539Z [36;1melif [ "$VERSION_TYPE" = "rev" ]; then[0m
2026-09-22T18:37:30.7962966Z [36;1m  # Install from specific commit/rev using cargo[0m
2026-09-22T18:37:30.7963415Z [36;1m  if [ "$SKIP_HASH_CHECK_WARNING" != "true" ]; then[0m
2026-09-22T18:37:30.7963979Z [36;1m    echo "::warning::Hash verification is not available when installing from a revision."[0m
2026-09-22T18:37:30.7964496Z [36;1m  fi[0m
2026-09-22T18:37:30.7964766Z [36;1m  source $HOME/.cargo/env[0m
2026-09-22T18:37:30.7965385Z [36;1m  cargo install --locked --git https://github.com/CodSpeedHQ/codspeed --rev "$RUNNER_VERSION" codspeed-runner[0m
2026-09-22T18:37:30.7965996Z [36;1melse[0m
2026-09-22T18:37:30.7966422Z [36;1m  # Release version - download to temp file and verify hash[0m
2026-09-22T18:37:30.7966978Z [36;1m  INSTALLER_URL="https://codspeed.io/v$RUNNER_VERSION/install.sh"[0m
2026-09-22T18:37:30.7967444Z [36;1m  INSTALLER_TMP=$(mktemp)[0m
2026-09-22T18:37:30.7967796Z [36;1m  trap "rm -f $INSTALLER_TMP" EXIT[0m
2026-09-22T18:37:30.7968143Z [36;1m[0m
2026-09-22T18:37:30.7968399Z [36;1m  CURL_ERR=$(mktemp)[0m
2026-09-22T18:37:30.7968987Z [36;1m  if ! HTTP_CODE=$(curl -sSL -o "$INSTALLER_TMP" -w "%{http_code}" "$INSTALLER_URL" 2>"$CURL_ERR"); then[0m
2026-09-22T18:37:30.7969969Z [36;1m    echo "::error title=Failed to install CodSpeed CLI::Installation of CodSpeed CLI with version $RUNNER_VERSION failed.%0AReason: $(cat "$CURL_ERR")"[0m
2026-09-22T18:37:30.7970715Z [36;1m    exit 1[0m
2026-09-22T18:37:30.7970979Z [36;1m  fi[0m
2026-09-22T18:37:30.7971263Z [36;1m  if [ "$HTTP_CODE" -ge 400 ]; then[0m
2026-09-22T18:37:30.7971646Z [36;1m    error_body=$(cat "$INSTALLER_TMP")[0m
2026-09-22T18:37:30.7972533Z [36;1m    echo "::error title=Failed to install CodSpeed CLI::Installation of CodSpeed CLI with version $RUNNER_VERSION failed.%0AReason: HTTP $HTTP_CODE - ${error_body:-no response body}"[0m
2026-09-22T18:37:30.7973403Z [36;1m    exit 1[0m
2026-09-22T18:37:30.7973661Z [36;1m  fi[0m
2026-09-22T18:37:30.7973900Z [36;1m[0m
2026-09-22T18:37:30.7974358Z [36;1m  EXPECTED_HASH="4ea0e3b0425e01498ff1b70fba78228eedb4dd58efb6093360776fc6e4eae1a9"[0m
2026-09-22T18:37:30.7974929Z [36;1m  if [ -z "$EXPECTED_HASH" ]; then[0m
2026-09-22T18:37:30.7975613Z [36;1m    echo "::error::No pinned hash found for installer version $RUNNER_VERSION. Update .codspeed-runner-installer-hashes.json."[0m
2026-09-22T18:37:30.7976286Z [36;1m    exit 1[0m
2026-09-22T18:37:30.7976543Z [36;1m  fi[0m
2026-09-22T18:37:30.7976783Z [36;1m[0m
2026-09-22T18:37:30.7977130Z [36;1m  ACTUAL_HASH=$(sha256sum "$INSTALLER_TMP" | awk '{print $1}')[0m
2026-09-22T18:37:30.7977616Z [36;1m  if [ "$ACTUAL_HASH" != "$EXPECTED_HASH" ]; then[0m
2026-09-22T18:37:30.7978283Z [36;1m    echo "::error::Installer hash mismatch for version $RUNNER_VERSION. Expected: $EXPECTED_HASH, Got: $ACTUAL_HASH"[0m
2026-09-22T18:37:30.7978948Z [36;1m    exit 1[0m
2026-09-22T18:37:30.7979204Z [36;1m  fi[0m
2026-09-22T18:37:30.7979554Z [36;1m  echo "Installer hash verified for version $RUNNER_VERSION"[0m
2026-09-22T18:37:30.7979974Z [36;1m[0m
2026-09-22T18:37:30.7980235Z [36;1m  bash "$INSTALLER_TMP" --quiet[0m
2026-09-22T18:37:30.7980561Z [36;1mfi[0m
2026-09-22T18:37:30.8009096Z shell: /usr/bin/bash --noprofile --norc -e -o pipefail {0}
2026-09-22T18:37:30.8009513Z env:
2026-09-22T18:37:30.8009814Z   CARGO_TERM_COLOR: always
2026-09-22T18:37:30.8010221Z   RUST_BACKTRACE: 1
2026-09-22T18:37:30.8010528Z   NIGHTLY_TOOLCHAIN: nightly-2026-09-10
2026-09-22T18:37:30.8010904Z   RUNNER_TOOL_CACHE: /opt/hostedtoolcache
2026-09-22T18:37:30.8011256Z   RUNS_ON_HOME: /runs-on
2026-09-22T18:37:30.8011556Z   RUNS_ON_VERSION: v3.3.0
2026-09-22T18:37:30.8011880Z   RUNS_ON_AGENT_BINARY: /runs-on/agent
2026-09-22T18:37:30.8012218Z   RUNS_ON_AGENT_ARCH: x64
2026-09-22T18:37:30.8012511Z   RUNS_ON_AGENT_USER: runner
2026-09-22T18:37:30.8012825Z   RUNS_ON_AMI_ID: ami-0d8875560af9e1401
2026-09-22T18:37:30.8013177Z   RUNS_ON_AWS_REGION: us-east-1
2026-09-22T18:37:30.8013495Z   RUNS_ON_AWS_AZ: us-east-1a
2026-09-22T18:37:30.8013825Z   RUNS_ON_ENV_CUSTOM_FILE: /runs-on/env.custom
2026-09-22T18:37:30.8014210Z   RUNS_ON_INSTANCE_ID: i-02a0b666295a069f9
2026-09-22T18:37:30.8014564Z   RUNS_ON_INSTANCE_LIFECYCLE: spot
2026-09-22T18:37:30.8014901Z   RUNS_ON_INSTANCE_TYPE: c7i.metal-24xl
2026-09-22T18:37:30.8015249Z   RUNS_ON_STACK_NAME: runs-on-v3
2026-09-22T18:37:30.8015666Z   RUNS_ON_S3_BUCKET_CACHE: runs-on-v3-s3bucketcache-dbnub4tpjhpv
2026-09-22T18:37:30.8016149Z   ACTIONS_RUNNER_HOOK_JOB_STARTED: /runs-on/pre.sh
2026-09-22T18:37:30.8033097Z   ACTIONS_RUNNER_HOOK_JOB_COMPLETED: /runs-on/post.sh
2026-09-22T18:37:30.8033637Z   GITHUB_SERVER_URL: https://github.com/
2026-09-22T18:37:30.8034228Z   GITHUB_API_URL: https://api.github.com/
2026-09-22T18:37:30.8034593Z   GITHUB_HOST: github.com
2026-09-22T18:37:30.8035005Z   RUNS_ON_RUNNER_NAME: runs-on--i-02a0b666295a069f9--23807f91-0
2026-09-22T18:37:30.8035480Z   RUNS_ON_INSTANCE_LAUNCHED_AT: 2026-09-22T18:36:13Z
2026-09-22T18:37:30.8035875Z   ACTIONS_CACHE_URL: http://10.1.2.148:6871/
2026-09-22T18:37:30.8036251Z   ACTIONS_CACHE_SERVICE_V2: true
2026-09-22T18:37:30.8036599Z   ACTIONS_RESULTS_URL: http://10.1.2.148:6871/
2026-09-22T18:37:30.8037038Z   RUNS_ON_S3_CACHE_REPO_PREFIX: cache/repo/vortex-data/vortex
2026-09-22T18:37:30.8037479Z   RUNS_ON_ACTION_COST_TRACKING_CLAIMED: true
2026-09-22T18:37:30.8037835Z   RUSTUP_TOOLCHAIN: 1.98.0
2026-09-22T18:37:30.8038138Z   DIVAN_SAMPLE_COUNT: 1000
2026-09-22T18:37:30.8038434Z ##[endgroup]
2026-09-22T18:37:31.0660613Z Installer hash verified for version 5.0.2
2026-09-22T18:37:31.5213875Z ##[end-action id=__CodSpeedHQ_action.__run;outcome=success;conclusion=success;duration_ms=727]
2026-09-22T18:37:31.5241648Z ##[start-action display=Run the benchmarks;id=__CodSpeedHQ_action.__run_2]
2026-09-22T18:37:31.5258722Z ##[group]Run # Validate required inputs
2026-09-22T18:37:31.5259155Z [36;1m# Validate required inputs[0m
2026-09-22T18:37:31.5259545Z [36;1m# (custom message for smoother v4 migration)[0m
2026-09-22T18:37:31.5259943Z [36;1mif [ -z "walltime" ]; then[0m
2026-09-22T18:37:31.5261555Z [36;1m  echo "::error title=Missing required input 'mode'::The 'mode' input is required as of CodSpeed Action v4. Please explicitly set 'mode' to 'simulation' or 'walltime'. Before, this variable was automatically set to instrumentation on every runner except for CodSpeed macro runners where it was set to walltime by default. See https://codspeed.io/docs/instruments for details."[0m
2026-09-22T18:37:31.5263094Z [36;1m  exit 1[0m
2026-09-22T18:37:31.5263361Z [36;1mfi[0m
2026-09-22T18:37:31.5263604Z [36;1m[0m
2026-09-22T18:37:31.5263876Z [36;1m# Build the runner arguments array[0m
2026-09-22T18:37:31.5264256Z [36;1mRUNNER_ARGS=()[0m
2026-09-22T18:37:31.5264717Z [36;1mif [ -n "***" ]; then[0m
2026-09-22T18:37:31.5265141Z [36;1m  RUNNER_ARGS+=(--token "***")[0m
2026-09-22T18:37:31.5265470Z [36;1mfi[0m
2026-09-22T18:37:31.5265727Z [36;1mif [ -n "" ]; then[0m
2026-09-22T18:37:31.5266061Z [36;1m  RUNNER_ARGS+=(--working-directory="")[0m
2026-09-22T18:37:31.5266423Z [36;1mfi[0m
2026-09-22T18:37:31.5266680Z [36;1mif [ -n "" ]; then[0m
2026-09-22T18:37:31.5266997Z [36;1m  RUNNER_ARGS+=(--upload-url="")[0m
2026-09-22T18:37:31.5267328Z [36;1mfi[0m
2026-09-22T18:37:31.5267595Z [36;1mif [ -n "walltime" ]; then[0m
2026-09-22T18:37:31.5267936Z [36;1m  RUNNER_ARGS+=(--mode="walltime")[0m
2026-09-22T18:37:31.5268364Z [36;1mfi[0m
2026-09-22T18:37:31.5268662Z [36;1mif [ -n "" ]; then[0m
2026-09-22T18:37:31.5268994Z [36;1m  RUNNER_ARGS+=(--instruments="")[0m
2026-09-22T18:37:31.5269323Z [36;1mfi[0m
2026-09-22T18:37:31.5269578Z [36;1mif [ -n "" ]; then[0m
2026-09-22T18:37:31.5269914Z [36;1m  RUNNER_ARGS+=(--mongo-uri-env-name="")[0m
2026-09-22T18:37:31.5270269Z [36;1mfi[0m
2026-09-22T18:37:31.5270623Z [36;1mif [ "true" = "true" ] && [ -n "~/.cache/codspeed-action" ]; then[0m
2026-09-22T18:37:31.5271165Z [36;1m  RUNNER_ARGS+=(--setup-cache-dir="~/.cache/codspeed-action")[0m
2026-09-22T18:37:31.5271588Z [36;1mfi[0m
2026-09-22T18:37:31.5271847Z [36;1mif [ "false" = "true" ]; then[0m
2026-09-22T18:37:31.5272192Z [36;1m  RUNNER_ARGS+=(--allow-empty)[0m
2026-09-22T18:37:31.5272510Z [36;1mfi[0m
2026-09-22T18:37:31.5272752Z [36;1mif [ -n "" ]; then[0m
2026-09-22T18:37:31.5273088Z [36;1m  RUNNER_ARGS+=(--go-runner-version="")[0m
2026-09-22T18:37:31.5273434Z [36;1mfi[0m
2026-09-22T18:37:31.5273685Z [36;1mif [ -n "" ]; then[0m
2026-09-22T18:37:31.5273995Z [36;1m  RUNNER_ARGS+=(--config="")[0m
2026-09-22T18:37:31.5274321Z [36;1mfi[0m
2026-09-22T18:37:31.5274561Z [36;1mif [ -n "" ]; then[0m
2026-09-22T18:37:31.5274895Z [36;1m  RUNNER_ARGS+=(--cycle-estimation="")[0m
2026-09-22T18:37:31.5275324Z [36;1mfi[0m
2026-09-22T18:37:31.5275565Z [36;1mif [ -n "" ]; then[0m
2026-09-22T18:37:31.5275898Z [36;1m  RUNNER_ARGS+=(--exclude-allocations="")[0m
2026-09-22T18:37:31.5276263Z [36;1mfi[0m
2026-09-22T18:37:31.5276504Z [36;1m[0m
2026-09-22T18:37:31.5276781Z [36;1mif [ -n "$CODSPEED_INPUT_RUN" ]; then[0m
2026-09-22T18:37:31.5277182Z [36;1m  RUNNER_ARGS+=(-- "$CODSPEED_INPUT_RUN")[0m
2026-09-22T18:37:31.5277528Z [36;1mfi[0m
2026-09-22T18:37:31.5277761Z [36;1m[0m
2026-09-22T18:37:31.5278009Z [36;1m# Run the benchmarks[0m
2026-09-22T18:37:31.5278338Z [36;1mcodspeed run "${RUNNER_ARGS[@]}"[0m
2026-09-22T18:37:31.5306322Z shell: /usr/bin/bash --noprofile --norc -e -o pipefail {0}
2026-09-22T18:37:31.5306753Z env:
2026-09-22T18:37:31.5307019Z   CARGO_TERM_COLOR: always
2026-09-22T18:37:31.5307324Z   RUST_BACKTRACE: 1
2026-09-22T18:37:31.5307631Z   NIGHTLY_TOOLCHAIN: nightly-2026-09-10
2026-09-22T18:37:31.5308015Z   RUNNER_TOOL_CACHE: /opt/hostedtoolcache
2026-09-22T18:37:31.5308375Z   RUNS_ON_HOME: /runs-on
2026-09-22T18:37:31.5308721Z   RUNS_ON_VERSION: v3.3.0
2026-09-22T18:37:31.5309044Z   RUNS_ON_AGENT_BINARY: /runs-on/agent
2026-09-22T18:37:31.5309397Z   RUNS_ON_AGENT_ARCH: x64
2026-09-22T18:37:31.5309689Z   RUNS_ON_AGENT_USER: runner
2026-09-22T18:37:31.5310011Z   RUNS_ON_AMI_ID: ami-0d8875560af9e1401
2026-09-22T18:37:31.5310348Z   RUNS_ON_AWS_REGION: us-east-1
2026-09-22T18:37:31.5310668Z   RUNS_ON_AWS_AZ: us-east-1a
2026-09-22T18:37:31.5311005Z   RUNS_ON_ENV_CUSTOM_FILE: /runs-on/env.custom
2026-09-22T18:37:31.5311391Z   RUNS_ON_INSTANCE_ID: i-02a0b666295a069f9
2026-09-22T18:37:31.5311741Z   RUNS_ON_INSTANCE_LIFECYCLE: spot
2026-09-22T18:37:31.5312104Z   RUNS_ON_INSTANCE_TYPE: c7i.metal-24xl
2026-09-22T18:37:31.5312446Z   RUNS_ON_STACK_NAME: runs-on-v3
2026-09-22T18:37:31.5312853Z   RUNS_ON_S3_BUCKET_CACHE: runs-on-v3-s3bucketcache-dbnub4tpjhpv
2026-09-22T18:37:31.5313340Z   ACTIONS_RUNNER_HOOK_JOB_STARTED: /runs-on/pre.sh
2026-09-22T18:37:31.5313796Z   ACTIONS_RUNNER_HOOK_JOB_COMPLETED: /runs-on/post.sh
2026-09-22T18:37:31.5314200Z   GITHUB_SERVER_URL: https://github.com/
2026-09-22T18:37:31.5314570Z   GITHUB_API_URL: https://api.github.com/
2026-09-22T18:37:31.5314920Z   GITHUB_HOST: github.com
2026-09-22T18:37:31.5315308Z   RUNS_ON_RUNNER_NAME: runs-on--i-02a0b666295a069f9--23807f91-0
2026-09-22T18:37:31.5315770Z   RUNS_ON_INSTANCE_LAUNCHED_AT: 2026-09-22T18:36:13Z
2026-09-22T18:37:31.5316177Z   ACTIONS_CACHE_URL: http://10.1.2.148:6871/
2026-09-22T18:37:31.5316532Z   ACTIONS_CACHE_SERVICE_V2: true
2026-09-22T18:37:31.5316865Z   ACTIONS_RESULTS_URL: http://10.1.2.148:6871/
2026-09-22T18:37:31.5317297Z   RUNS_ON_S3_CACHE_REPO_PREFIX: cache/repo/vortex-data/vortex
2026-09-22T18:37:31.5317828Z   RUNS_ON_ACTION_COST_TRACKING_CLAIMED: true
2026-09-22T18:37:31.5318182Z   RUSTUP_TOOLCHAIN: 1.98.0
2026-09-22T18:37:31.5318485Z   DIVAN_SAMPLE_COUNT: 1000
2026-09-22T18:37:31.5319427Z   GH_MATRIX: {
  "features": "avx2",
  "family": "c7i.metal-24xl",
  "build-family": "c7i.4xlarge",
  "image": "ubuntu24-full-x64-pre-v2",
  "rustflags": "-C target-feature=+avx2 -C force-frame-pointers=yes"
}
2026-09-22T18:37:31.5320522Z   GH_STRATEGY: {
  "fail-fast": false,
  "job-index": 0,
  "job-total": 3,
  "max-parallel": 3
}
2026-09-22T18:37:31.5321223Z   CODSPEED_INPUT_RUN: bash scripts/bench-taskset.sh cargo codspeed run -- '.*::avx2::'
2026-09-22T18:37:31.5321737Z ##[endgroup]
2026-09-22T18:37:31.5726709Z 
2026-09-22T18:37:31.5727055Z    ______            __ _____                         __
2026-09-22T18:37:31.5727633Z   / ____/____   ____/ // ___/ ____   ___   ___   ____/ /
2026-09-22T18:37:31.5728100Z  / /    / __ \ / __  / \__ \ / __ \ / _ \ / _ \ / __  /
2026-09-22T18:37:31.5728690Z / /___ / /_/ // /_/ / ___/ // /_/ //  __//  __// /_/ /
2026-09-22T18:37:31.5729191Z \____/ \____/ \__,_/ /____// .___/ \___/ \___/ \__,_/
2026-09-22T18:37:31.5729673Z   https://codspeed.io     /_/          runner v5.0.2
2026-09-22T18:37:31.5729946Z 
2026-09-22T18:37:31.5730351Z ##[group]Running the benchmarks
2026-09-22T18:37:39.7189642Z [cargo-codspeed] Measurement mode: Walltime
2026-09-22T18:37:39.7190047Z 
2026-09-22T18:37:39.7193810Z Collected 10 benchmark suite(s) to run
2026-09-22T18:37:39.7194430Z Running vortex-array row_fn_output
2026-09-22T18:37:39.7240876Z Timer precision: 21 ns
2026-09-22T18:37:39.7241718Z row_fn_output                           fastest       │ slowest       │ median        │ mean          │ samples │ iters
2026-09-22T18:37:39.7250074Z ├─ avx2::deferred_bool_constant_avx2                  │               │               │               │         │
2026-09-22T18:37:39.8158584Z │  ├─ ConstantPerRow                    10.61 µs      │ 308.8 µs      │ 10.71 µs      │ 11.25 µs      │ 1000    │ 1000
2026-09-22T18:37:39.8159649Z │  │                                    1.543 Gitem/s │ 53.04 Mitem/s │ 1.528 Gitem/s │ 1.455 Gitem/s │         │
2026-09-22T18:37:39.9036129Z │  ╰─ PerRowConstant                    10.62 µs      │ 20.45 µs      │ 10.71 µs      │ 10.99 µs      │ 1000    │ 1000
2026-09-22T18:37:39.9037071Z │                                       1.542 Gitem/s │ 801 Mitem/s   │ 1.529 Gitem/s │ 1.489 Gitem/s │         │
2026-09-22T18:37:39.9037823Z ├─ avx2::deferred_i64_avx2                            │               │               │               │         │
2026-09-22T18:37:39.9907504Z │  ╰─ PerRowPerRow                      9.883 µs      │ 24.76 µs      │ 10.01 µs      │ 10.52 µs      │ 1000    │ 1000
2026-09-22T18:37:39.9908454Z │                                       1.657 Gitem/s │ 661.6 Mitem/s │ 1.635 Gitem/s │ 1.556 Gitem/s │         │
2026-09-22T18:37:39.9909503Z ├─ avx2::filtered_owned_i64_avx2                      │               │               │               │         │
2026-09-22T18:37:40.0735384Z │  ├─ AllValid                          5.48 µs       │ 47.08 µs      │ 5.692 µs      │ 5.859 µs      │ 1000    │ 1000
2026-09-22T18:37:40.0736170Z │  │                                    2.989 Gitem/s │ 347.9 Mitem/s │ 2.878 Gitem/s │ 2.795 Gitem/s │         │
2026-09-22T18:37:40.1673853Z │  ├─ NineNullsInTen                    14.8 µs       │ 107.4 µs      │ 15.61 µs      │ 16.33 µs      │ 1000    │ 1000
2026-09-22T18:37:40.1674931Z │  │                                    1.106 Gitem/s │ 152.4 Mitem/s │ 1.049 Gitem/s │ 1.002 Gitem/s │         │
2026-09-22T18:37:40.2695567Z │  ╰─ OneNullInEight                    21.85 µs      │ 35.72 µs      │ 24.85 µs      │ 24.7 µs       │ 1000    │ 1000
2026-09-22T18:37:40.2696356Z │                                       749.5 Mitem/s │ 458.6 Mitem/s │ 659.1 Mitem/s │ 663 Mitem/s   │         │
2026-09-22T18:37:40.2697057Z ├─ avx2::filtered_sink_i64_avx2                       │               │               │               │         │
2026-09-22T18:37:40.3526451Z │  ├─ AllValid                          5.335 µs      │ 96.78 µs      │ 5.554 µs      │ 5.842 µs      │ 1000    │ 1000
2026-09-22T18:37:40.3527281Z │  │                                    3.07 Gitem/s  │ 169.2 Mitem/s │ 2.949 Gitem/s │ 2.804 Gitem/s │         │
2026-09-22T18:37:40.4455906Z │  ├─ NineNullsInTen                    14.91 µs      │ 49.37 µs      │ 15.67 µs      │ 16.32 µs      │ 1000    │ 1000
2026-09-22T18:37:40.4456744Z │  │                                    1.098 Gitem/s │ 331.8 Mitem/s │ 1.045 Gitem/s │ 1.003 Gitem/s │         │
2026-09-22T18:37:40.5494974Z │  ╰─ OneNullInEight                    21.87 µs      │ 164.3 µs      │ 25.16 µs      │ 24.73 µs      │ 1000    │ 1000
2026-09-22T18:37:40.5496020Z │                                       749 Mitem/s   │ 99.66 Mitem/s │ 651.1 Mitem/s │ 662.3 Mitem/s │         │
2026-09-22T18:37:40.5497054Z ├─ avx2::infallible_bool_constant_avx2                │               │               │               │         │
2026-09-22T18:37:40.6362926Z │  ├─ ConstantPerRow                    10.21 µs      │ 18.94 µs      │ 10.3 µs       │ 10.52 µs      │ 1000    │ 1000
2026-09-22T18:37:40.6363929Z │  │                                    1.603 Gitem/s │ 864.8 Mitem/s │ 1.589 Gitem/s │ 1.557 Gitem/s │         │
2026-09-22T18:37:40.7234587Z │  ╰─ PerRowConstant                    10.19 µs      │ 17.76 µs      │ 10.29 µs      │ 10.54 µs      │ 1000    │ 1000
2026-09-22T18:37:40.7235650Z │                                       1.606 Gitem/s │ 922.1 Mitem/s │ 1.591 Gitem/s │ 1.553 Gitem/s │         │
2026-09-22T18:37:40.7236688Z ├─ avx2::deferred_bool_avx2                           │               │               │               │         │
2026-09-22T18:37:40.7237603Z │  ├─ i32                                             │               │               │               │         │
2026-09-22T18:37:40.8039063Z │  │  ╰─ PerRowPerRow                   2.983 µs      │ 149.1 µs      │ 3.105 µs      │ 3.342 µs      │ 1000    │ 1000
2026-09-22T18:37:40.8039936Z │  │                                    5.491 Gitem/s │ 109.8 Mitem/s │ 5.276 Gitem/s │ 4.901 Gitem/s │         │
2026-09-22T18:37:40.8040531Z │  ╰─ i64                                             │               │               │               │         │
2026-09-22T18:37:40.8916209Z │     ╰─ PerRowPerRow                   10.66 µs      │ 74.13 µs      │ 10.77 µs      │ 11.14 µs      │ 1000    │ 1000
2026-09-22T18:37:40.8916919Z │                                       1.536 Gitem/s │ 221 Mitem/s   │ 1.52 Gitem/s  │ 1.469 Gitem/s │         │
2026-09-22T18:37:40.8917882Z ╰─ avx2::infallible_bool_avx2                         │               │               │               │         │
2026-09-22T18:37:40.8918863Z    ├─ i32                                             │               │               │               │         │
2026-09-22T18:37:40.9709521Z    │  ╰─ PerRowPerRow                   2.756 µs      │ 42.94 µs      │ 2.886 µs      │ 3 µs          │ 1000    │ 1000
2026-09-22T18:37:40.9710463Z    │                                    5.943 Gitem/s │ 381.5 Mitem/s │ 5.675 Gitem/s │ 5.46 Gitem/s  │         │
2026-09-22T18:37:40.9711036Z    ╰─ i64                                             │               │               │               │         │
2026-09-22T18:37:41.0581502Z       ╰─ PerRowPerRow                   10.22 µs      │ 19.05 µs      │ 10.31 µs      │ 10.57 µs      │ 1000    │ 1000
2026-09-22T18:37:41.0582361Z                                         1.602 Gitem/s │ 859.9 Mitem/s │ 1.587 Gitem/s │ 1.549 Gitem/s │         │
2026-09-22T18:37:41.0582730Z 
2026-09-22T18:37:41.0589602Z Done running row_fn_output
2026-09-22T18:37:41.0590042Z Running vortex-array row_fn_bool_retry
2026-09-22T18:37:41.0632335Z Timer precision: 21 ns
2026-09-22T18:37:41.0633419Z row_fn_bool_retry                          fastest       │ slowest       │ median        │ mean          │ samples │ iters
2026-09-22T18:37:41.0634470Z ├─ avx2::multiversioned_avx2                             │               │               │               │         │
2026-09-22T18:37:41.0635099Z │  ├─ 64                                                 │               │               │               │         │
2026-09-22T18:37:41.1453613Z │  │  ├─ (Columns, AllValid)               1.03 µs       │ 8.434 µs      │ 1.152 µs      │ 1.182 µs      │ 1000    │ 1000
2026-09-22T18:37:41.1454766Z │  │  │                                    62.1 Mitem/s  │ 7.587 Mitem/s │ 55.52 Mitem/s │ 54.1 Mitem/s  │         │
2026-09-22T18:37:41.2332589Z │  │  ├─ (Columns, NullOnlyFailure)        9.569 µs      │ 18.53 µs      │ 9.873 µs      │ 10.23 µs      │ 1000    │ 1000
2026-09-22T18:37:41.2333659Z │  │  │                                    6.687 Mitem/s │ 3.452 Mitem/s │ 6.481 Mitem/s │ 6.253 Mitem/s │         │
2026-09-22T18:37:41.3185858Z │  │  ├─ (Columns, ObservableFailure)      7.933 µs      │ 17.39 µs      │ 8.091 µs      │ 8.33 µs       │ 1000    │ 1000
2026-09-22T18:37:41.3186944Z │  │  │                                    8.066 Mitem/s │ 3.679 Mitem/s │ 7.909 Mitem/s │ 7.682 Mitem/s │         │
2026-09-22T18:37:41.3976768Z │  │  ├─ (Columns, PartialAccepted)        1.785 µs      │ 40.67 µs      │ 2.003 µs      │ 2.117 µs      │ 1000    │ 1000
2026-09-22T18:37:41.3977917Z │  │  │                                    35.84 Mitem/s │ 1.573 Mitem/s │ 31.94 Mitem/s │ 30.22 Mitem/s │         │
2026-09-22T18:37:41.4766996Z │  │  ├─ (ConstantLhs, AllValid)           970.5 ns      │ 4.583 µs      │ 1.055 µs      │ 1.102 µs      │ 1000    │ 2000
2026-09-22T18:37:41.4768044Z │  │  │                                    65.93 Mitem/s │ 13.96 Mitem/s │ 60.65 Mitem/s │ 58.03 Mitem/s │         │
2026-09-22T18:37:41.5641318Z │  │  ├─ (ConstantLhs, NullOnlyFailure)    9.793 µs      │ 17.99 µs      │ 10.04 µs      │ 10.4 µs       │ 1000    │ 1000
2026-09-22T18:37:41.5642411Z │  │  │                                    6.534 Mitem/s │ 3.556 Mitem/s │ 6.374 Mitem/s │ 6.152 Mitem/s │         │
2026-09-22T18:37:41.6497106Z │  │  ├─ (ConstantLhs, ObservableFailure)  7.984 µs      │ 40.4 µs       │ 8.143 µs      │ 8.446 µs      │ 1000    │ 1000
2026-09-22T18:37:41.6498241Z │  │  │                                    8.015 Mitem/s │ 1.583 Mitem/s │ 7.858 Mitem/s │ 7.576 Mitem/s │         │
2026-09-22T18:37:41.7295980Z │  │  ├─ (ConstantLhs, PartialAccepted)    1.852 µs      │ 9.673 µs      │ 2.104 µs      │ 2.186 µs      │ 1000    │ 1000
2026-09-22T18:37:41.7297242Z │  │  │                                    34.54 Mitem/s │ 6.615 Mitem/s │ 30.4 Mitem/s  │ 29.27 Mitem/s │         │
2026-09-22T18:37:41.8087988Z │  │  ├─ (ConstantRhs, AllValid)           944.5 ns      │ 4.586 µs      │ 1.045 µs      │ 1.087 µs      │ 1000    │ 2000
2026-09-22T18:37:41.8089137Z │  │  │                                    67.75 Mitem/s │ 13.95 Mitem/s │ 61.23 Mitem/s │ 58.83 Mitem/s │         │
2026-09-22T18:37:41.8966794Z │  │  ├─ (ConstantRhs, NullOnlyFailure)    9.727 µs      │ 17.68 µs      │ 9.99 µs       │ 10.32 µs      │ 1000    │ 1000
2026-09-22T18:37:41.8968006Z │  │  │                                    6.579 Mitem/s │ 3.619 Mitem/s │ 6.406 Mitem/s │ 6.201 Mitem/s │         │
2026-09-22T18:37:41.9819119Z │  │  ├─ (ConstantRhs, ObservableFailure)  7.901 µs      │ 15.66 µs      │ 8.104 µs      │ 8.272 µs      │ 1000    │ 1000
2026-09-22T18:37:41.9820235Z │  │  │                                    8.099 Mitem/s │ 4.085 Mitem/s │ 7.896 Mitem/s │ 7.736 Mitem/s │         │
2026-09-22T18:37:42.0607442Z │  │  ╰─ (ConstantRhs, PartialAccepted)    1.86 µs       │ 8.821 µs      │ 2.094 µs      │ 2.163 µs      │ 1000    │ 1000
2026-09-22T18:37:42.0608382Z │  │                                       34.39 Mitem/s │ 7.254 Mitem/s │ 30.55 Mitem/s │ 29.58 Mitem/s │         │
2026-09-22T18:37:42.0609188Z │  ╰─ 16384                                              │               │               │               │         │
2026-09-22T18:37:42.1749526Z │     ├─ (Columns, AllValid)               27.78 µs      │ 56.3 µs       │ 33.81 µs      │ 37.28 µs      │ 1000    │ 1000
2026-09-22T18:37:42.1750376Z │     │                                    589.5 Mitem/s │ 290.9 Mitem/s │ 484.5 Mitem/s │ 439.4 Mitem/s │         │
2026-09-22T18:37:42.2970103Z │     ├─ (Columns, NullOnlyFailure)        42.89 µs      │ 190.3 µs      │ 43.48 µs      │ 44.21 µs      │ 1000    │ 1000
2026-09-22T18:37:42.2971046Z │     │                                    381.9 Mitem/s │ 86.06 Mitem/s │ 376.7 Mitem/s │ 370.5 Mitem/s │         │
2026-09-22T18:37:42.4175175Z │     ├─ (Columns, ObservableFailure)      34.75 µs      │ 98.34 µs      │ 38.81 µs      │ 43.67 µs      │ 1000    │ 1000
2026-09-22T18:37:42.4176239Z │     │                                    471.4 Mitem/s │ 166.5 Mitem/s │ 422.1 Mitem/s │ 375.1 Mitem/s │         │
2026-09-22T18:37:42.5085630Z │     ├─ (Columns, PartialAccepted)        14.01 µs      │ 22.55 µs      │ 14.22 µs      │ 14.47 µs      │ 1000    │ 1000
2026-09-22T18:37:42.5086483Z │     │                                    1.168 Gitem/s │ 726.3 Mitem/s │ 1.152 Gitem/s │ 1.132 Gitem/s │         │
2026-09-22T18:37:42.6328094Z │     ├─ (ConstantLhs, AllValid)           27.78 µs      │ 79.23 µs      │ 51.12 µs      │ 48.61 µs      │ 1000    │ 1000
2026-09-22T18:37:42.6329048Z │     │                                    589.5 Mitem/s │ 206.7 Mitem/s │ 320.4 Mitem/s │ 336.9 Mitem/s │         │
2026-09-22T18:37:42.7703141Z │     ├─ (ConstantLhs, NullOnlyFailure)    59.97 µs      │ 69.81 µs      │ 60.38 µs      │ 61.2 µs       │ 1000    │ 1000
2026-09-22T18:37:42.7704022Z │     │                                    273.1 Mitem/s │ 234.6 Mitem/s │ 271.3 Mitem/s │ 267.6 Mitem/s │         │
2026-09-22T18:37:42.8914934Z │     ├─ (ConstantLhs, ObservableFailure)  33.37 µs      │ 99.96 µs      │ 35.62 µs      │ 45.22 µs      │ 1000    │ 1000
2026-09-22T18:37:42.8915867Z │     │                                    490.8 Mitem/s │ 163.8 Mitem/s │ 459.9 Mitem/s │ 362.3 Mitem/s │         │
2026-09-22T18:37:42.9985667Z │     ├─ (ConstantLhs, PartialAccepted)    29.32 µs      │ 55.02 µs      │ 29.53 µs      │ 30.11 µs      │ 1000    │ 1000
2026-09-22T18:37:42.9986837Z │     │                                    558.6 Mitem/s │ 297.7 Mitem/s │ 554.7 Mitem/s │ 543.9 Mitem/s │         │
2026-09-22T18:37:43.1152992Z │     ├─ (ConstantRhs, AllValid)           27.53 µs      │ 59.65 µs      │ 38.82 µs      │ 39.99 µs      │ 1000    │ 1000
2026-09-22T18:37:43.1154004Z │     │                                    595 Mitem/s   │ 274.6 Mitem/s │ 421.9 Mitem/s │ 409.6 Mitem/s │         │
2026-09-22T18:37:43.2497308Z │     ├─ (ConstantRhs, NullOnlyFailure)    56.84 µs      │ 68.69 µs      │ 57.32 µs      │ 58.17 µs      │ 1000    │ 1000
2026-09-22T18:37:43.2498255Z │     │                                    288.2 Mitem/s │ 238.4 Mitem/s │ 285.8 Mitem/s │ 281.6 Mitem/s │         │
2026-09-22T18:37:43.3663147Z │     ├─ (ConstantRhs, ObservableFailure)  34.53 µs      │ 65.49 µs      │ 35.46 µs      │ 40.55 µs      │ 1000    │ 1000
2026-09-22T18:37:43.3664057Z │     │                                    474.4 Mitem/s │ 250.1 Mitem/s │ 461.9 Mitem/s │ 404 Mitem/s   │         │
2026-09-22T18:37:43.4699635Z │     ╰─ (ConstantRhs, PartialAccepted)    25.95 µs      │ 59.38 µs      │ 26.17 µs      │ 26.64 µs      │ 1000    │ 1000
2026-09-22T18:37:43.4700825Z │                                          631.1 Mitem/s │ 275.8 Mitem/s │ 625.9 Mitem/s │ 614.8 Mitem/s │         │
2026-09-22T18:37:43.4701949Z ╰─ avx2::plain_avx2                                      │               │               │               │         │
2026-09-22T18:37:43.4702809Z    ├─ 64                                                 │               │               │               │         │
2026-09-22T18:37:43.5509824Z    │  ├─ (Columns, AllValid)               861.5 ns      │ 2.574 µs      │ 913 ns        │ 934.3 ns      │ 1000    │ 4000
2026-09-22T18:37:43.5510892Z    │  │                                    74.28 Mitem/s │ 24.85 Mitem/s │ 70.09 Mitem/s │ 68.49 Mitem/s │         │
2026-09-22T18:37:43.6387890Z    │  ├─ (Columns, NullOnlyFailure)        9.671 µs      │ 52.13 µs      │ 9.974 µs      │ 10.27 µs      │ 1000    │ 1000
2026-09-22T18:37:43.6388932Z    │  │                                    6.617 Mitem/s │ 1.227 Mitem/s │ 6.416 Mitem/s │ 6.229 Mitem/s │         │
2026-09-22T18:37:43.7296960Z    │  ├─ (Columns, ObservableFailure)      7.851 µs      │ 15.85 µs      │ 8.027 µs      │ 8.198 µs      │ 1000    │ 1000
2026-09-22T18:37:43.7297845Z    │  │                                    8.151 Mitem/s │ 4.035 Mitem/s │ 7.972 Mitem/s │ 7.806 Mitem/s │         │
2026-09-22T18:37:43.8098746Z    │  ├─ (Columns, PartialAccepted)        1.724 µs      │ 58.76 µs      │ 1.856 µs      │ 1.967 µs      │ 1000    │ 2000
2026-09-22T18:37:43.8099647Z    │  │                                    37.11 Mitem/s │ 1.089 Mitem/s │ 34.47 Mitem/s │ 32.53 Mitem/s │         │
2026-09-22T18:37:43.8903978Z    │  ├─ (ConstantLhs, AllValid)           858.8 ns      │ 3.027 µs      │ 910.8 ns      │ 975.4 ns      │ 1000    │ 4000
2026-09-22T18:37:43.8905005Z    │  │                                    74.51 Mitem/s │ 21.13 Mitem/s │ 70.26 Mitem/s │ 65.61 Mitem/s │         │
2026-09-22T18:37:43.9781012Z    │  ├─ (ConstantLhs, NullOnlyFailure)    9.79 µs       │ 49.29 µs      │ 10.07 µs      │ 10.34 µs      │ 1000    │ 1000
2026-09-22T18:37:43.9781846Z    │  │                                    6.536 Mitem/s │ 1.298 Mitem/s │ 6.353 Mitem/s │ 6.187 Mitem/s │         │
2026-09-22T18:37:44.0627452Z    │  ├─ (ConstantLhs, ObservableFailure)  7.832 µs      │ 16.26 µs      │ 8.023 µs      │ 8.204 µs      │ 1000    │ 1000
2026-09-22T18:37:44.0628278Z    │  │                                    8.17 Mitem/s  │ 3.934 Mitem/s │ 7.976 Mitem/s │ 7.8 Mitem/s   │         │
2026-09-22T18:37:44.1414424Z    │  ├─ (ConstantLhs, PartialAccepted)    1.867 µs      │ 8.325 µs      │ 2.115 µs      │ 2.209 µs      │ 1000    │ 1000
2026-09-22T18:37:44.1415219Z    │  │                                    34.26 Mitem/s │ 7.687 Mitem/s │ 30.25 Mitem/s │ 28.96 Mitem/s │         │
2026-09-22T18:37:44.2218982Z    │  ├─ (ConstantRhs, AllValid)           832.5 ns      │ 2.827 µs      │ 880.7 ns      │ 911.2 ns      │ 1000    │ 4000
2026-09-22T18:37:44.2219816Z    │  │                                    76.86 Mitem/s │ 22.63 Mitem/s │ 72.66 Mitem/s │ 70.23 Mitem/s │         │
2026-09-22T18:37:44.3095443Z    │  ├─ (ConstantRhs, NullOnlyFailure)    9.785 µs      │ 61.76 µs      │ 10.04 µs      │ 10.37 µs      │ 1000    │ 1000
2026-09-22T18:37:44.3096351Z    │  │                                    6.54 Mitem/s  │ 1.036 Mitem/s │ 6.369 Mitem/s │ 6.17 Mitem/s  │         │
2026-09-22T18:37:44.3941105Z    │  ├─ (ConstantRhs, ObservableFailure)  7.846 µs      │ 15.92 µs      │ 8.044 µs      │ 8.197 µs      │ 1000    │ 1000
2026-09-22T18:37:44.3941984Z    │  │                                    8.156 Mitem/s │ 4.018 Mitem/s │ 7.955 Mitem/s │ 7.807 Mitem/s │         │
2026-09-22T18:37:44.4731653Z    │  ╰─ (ConstantRhs, PartialAccepted)    1.887 µs      │ 20.89 µs      │ 2.112 µs      │ 2.202 µs      │ 1000    │ 1000
2026-09-22T18:37:44.4732703Z    │                                       33.9 Mitem/s  │ 3.062 Mitem/s │ 30.29 Mitem/s │ 29.06 Mitem/s │         │
2026-09-22T18:37:44.4733315Z    ╰─ 16384                                              │               │               │               │         │
2026-09-22T18:37:44.5627170Z       ├─ (Columns, AllValid)               12.26 µs      │ 19.99 µs      │ 12.39 µs      │ 12.65 µs      │ 1000    │ 1000
2026-09-22T18:37:44.5628098Z       │                                    1.335 Gitem/s │ 819.2 Mitem/s │ 1.321 Gitem/s │ 1.294 Gitem/s │         │
2026-09-22T18:37:44.6848508Z       ├─ (Columns, NullOnlyFailure)        43.11 µs      │ 55.43 µs      │ 43.64 µs      │ 44.27 µs      │ 1000    │ 1000
2026-09-22T18:37:44.6849392Z       │                                    380 Mitem/s   │ 295.5 Mitem/s │ 375.3 Mitem/s │ 370 Mitem/s   │         │
2026-09-22T18:37:44.7814320Z       ├─ (Columns, ObservableFailure)      19.24 µs      │ 32.46 µs      │ 19.44 µs      │ 19.83 µs      │ 1000    │ 1000
2026-09-22T18:37:44.7815192Z       │                                    851.4 Mitem/s │ 504.7 Mitem/s │ 842.4 Mitem/s │ 826 Mitem/s   │         │
2026-09-22T18:37:44.8728070Z       ├─ (Columns, PartialAccepted)        13.98 µs      │ 23.23 µs      │ 14.2 µs       │ 14.56 µs      │ 1000    │ 1000
2026-09-22T18:37:44.8729288Z       │                                    1.171 Gitem/s │ 705.1 Mitem/s │ 1.153 Gitem/s │ 1.124 Gitem/s │         │
2026-09-22T18:37:44.9627724Z       ├─ (ConstantLhs, AllValid)           12.37 µs      │ 19.76 µs      │ 12.5 µs       │ 12.72 µs      │ 1000    │ 1000
2026-09-22T18:37:44.9628572Z       │                                    1.324 Gitem/s │ 828.8 Mitem/s │ 1.31 Gitem/s  │ 1.287 Gitem/s │         │
2026-09-22T18:37:45.1020102Z       ├─ (ConstantLhs, NullOnlyFailure)    60.25 µs      │ 171.4 µs      │ 60.71 µs      │ 61.77 µs      │ 1000    │ 1000
2026-09-22T18:37:45.1021135Z       │                                    271.8 Mitem/s │ 95.57 Mitem/s │ 269.8 Mitem/s │ 265.2 Mitem/s │         │
2026-09-22T18:37:45.1986826Z       ├─ (ConstantLhs, ObservableFailure)  19.29 µs      │ 29.3 µs       │ 19.49 µs      │ 19.89 µs      │ 1000    │ 1000
2026-09-22T18:37:45.1987776Z       │                                    848.9 Mitem/s │ 559.1 Mitem/s │ 840.3 Mitem/s │ 823.5 Mitem/s │         │
2026-09-22T18:37:45.3061507Z       ├─ (ConstantLhs, PartialAccepted)    29.33 µs      │ 39.23 µs      │ 29.56 µs      │ 30.08 µs      │ 1000    │ 1000
2026-09-22T18:37:45.3062591Z       │                                    558.4 Mitem/s │ 417.5 Mitem/s │ 554.2 Mitem/s │ 544.5 Mitem/s │         │
2026-09-22T18:37:45.3956849Z       ├─ (ConstantRhs, AllValid)           12.35 µs      │ 19.93 µs      │ 12.49 µs      │ 12.73 µs      │ 1000    │ 1000
2026-09-22T18:37:45.3957683Z       │                                    1.326 Gitem/s │ 821.8 Mitem/s │ 1.311 Gitem/s │ 1.286 Gitem/s │         │
2026-09-22T18:37:45.5315478Z       ├─ (ConstantRhs, NullOnlyFailure)    56.87 µs      │ 125.9 µs      │ 57.26 µs      │ 58.27 µs      │ 1000    │ 1000
2026-09-22T18:37:45.5316677Z       │                                    288 Mitem/s   │ 130 Mitem/s   │ 286.1 Mitem/s │ 281.1 Mitem/s │         │
2026-09-22T18:37:45.6284124Z       ├─ (ConstantRhs, ObservableFailure)  19.27 µs      │ 28.63 µs      │ 19.49 µs      │ 19.86 µs      │ 1000    │ 1000
2026-09-22T18:37:45.6284983Z       │                                    849.9 Mitem/s │ 572.1 Mitem/s │ 840.4 Mitem/s │ 824.8 Mitem/s │         │
2026-09-22T18:37:45.7321023Z       ╰─ (ConstantRhs, PartialAccepted)    25.93 µs      │ 40.19 µs      │ 26.14 µs      │ 26.61 µs      │ 1000    │ 1000
2026-09-22T18:37:45.7321853Z                                            631.6 Mitem/s │ 407.6 Mitem/s │ 626.6 Mitem/s │ 615.5 Mitem/s │         │
2026-09-22T18:37:45.7322240Z 
2026-09-22T18:37:45.7327544Z Done running row_fn_bool_retry
2026-09-22T18:37:45.7328015Z Running vortex-array take_primitive
2026-09-22T18:37:45.7368138Z Timer precision: 22 ns
2026-09-22T18:37:45.7368765Z take_primitive                         fastest       │ slowest       │ median        │ mean          │ samples │ iters
2026-09-22T18:37:45.7369577Z ╰─ avx2::dict_canonicalize_gt_u8_avx2                │               │               │               │         │
2026-09-22T18:37:46.2582409Z    ╰─ 1000000                          422.4 µs      │ 501.3 µs      │ 430.1 µs      │ 429.8 µs      │ 1000    │ 1000
2026-09-22T18:37:46.2583320Z                                        2.367 Gitem/s │ 1.994 Gitem/s │ 2.324 Gitem/s │ 2.326 Gitem/s │         │
2026-09-22T18:37:46.2583733Z 
2026-09-22T18:37:46.2588592Z Done running take_primitive
2026-09-22T18:37:46.2589139Z Running vortex-array scalar_subtract
2026-09-22T18:37:46.2629267Z Timer precision: 21 ns
2026-09-22T18:37:46.2629821Z scalar_subtract                fastest       │ slowest       │ median        │ mean          │ samples │ iters
2026-09-22T18:37:46.3551204Z ╰─ avx2::scalar_subtract_avx2  11.08 µs      │ 154.4 µs      │ 11.57 µs      │ 11.94 µs      │ 1000    │ 1000
2026-09-22T18:37:46.3551628Z 
2026-09-22T18:37:46.3557461Z Done running scalar_subtract
2026-09-22T18:37:46.3557929Z Running vortex-array compare
2026-09-22T18:37:46.3592817Z Timer precision: 21 ns
2026-09-22T18:37:46.3593315Z compare                             fastest       │ slowest       │ median        │ mean          │ samples │ iters
2026-09-22T18:37:46.4456423Z ├─ avx2::compare_f32_avx2           4.651 µs      │ 70.93 µs      │ 4.746 µs      │ 4.906 µs      │ 1000    │ 1000
2026-09-22T18:37:46.4457136Z │                                   1.761 Gitem/s │ 115.4 Mitem/s │ 1.725 Gitem/s │ 1.669 Gitem/s │         │
2026-09-22T18:37:46.5281040Z ├─ avx2::compare_float_avx2         5.134 µs      │ 72.72 µs      │ 5.251 µs      │ 5.506 µs      │ 1000    │ 1000
2026-09-22T18:37:46.5281724Z │                                   1.595 Gitem/s │ 112.6 Mitem/s │ 1.559 Gitem/s │ 1.487 Gitem/s │         │
2026-09-22T18:37:46.6083892Z ├─ avx2::compare_int_avx2           3.509 µs      │ 13.52 µs      │ 3.621 µs      │ 3.768 µs      │ 1000    │ 1000
2026-09-22T18:37:46.6084576Z │                                   2.334 Gitem/s │ 605.6 Mitem/s │ 2.261 Gitem/s │ 2.174 Gitem/s │         │
2026-09-22T18:37:46.6880639Z ├─ avx2::compare_int_constant_avx2  3.058 µs      │ 12.4 µs       │ 3.15 µs       │ 3.29 µs       │ 1000    │ 1000
2026-09-22T18:37:46.6881329Z │                                   2.678 Gitem/s │ 660.2 Mitem/s │ 2.6 Gitem/s   │ 2.489 Gitem/s │         │
2026-09-22T18:37:46.7681977Z ├─ avx2::compare_int_eq_avx2        3.524 µs      │ 11.36 µs      │ 3.642 µs      │ 3.778 µs      │ 1000    │ 1000
2026-09-22T18:37:46.7682638Z │                                   2.324 Gitem/s │ 720.5 Mitem/s │ 2.248 Gitem/s │ 2.168 Gitem/s │         │
2026-09-22T18:37:46.8490801Z ├─ avx2::compare_int_nullable_avx2  4.028 µs      │ 12.21 µs      │ 4.157 µs      │ 4.33 µs       │ 1000    │ 1000
2026-09-22T18:37:46.8491600Z │                                   2.033 Gitem/s │ 670.3 Mitem/s │ 1.97 Gitem/s  │ 1.891 Gitem/s │         │
2026-09-22T18:37:46.9292113Z ├─ avx2::compare_u8_avx2            3.528 µs      │ 11.41 µs      │ 3.626 µs      │ 3.751 µs      │ 1000    │ 1000
2026-09-22T18:37:46.9292772Z │                                   2.321 Gitem/s │ 717.3 Mitem/s │ 2.258 Gitem/s │ 2.183 Gitem/s │         │
2026-09-22T18:37:47.0104776Z ╰─ avx2::compare_u64_avx2           4.013 µs      │ 11.68 µs      │ 4.149 µs      │ 4.265 µs      │ 1000    │ 1000
2026-09-22T18:37:47.0105794Z                                     2.041 Gitem/s │ 701 Mitem/s   │ 1.974 Gitem/s │ 1.92 Gitem/s  │         │
2026-09-22T18:37:47.0106218Z 
2026-09-22T18:37:47.0111831Z Done running compare
2026-09-22T18:37:47.0112238Z Running vortex-array binary_ops
2026-09-22T18:37:47.0156271Z Timer precision: 21 ns
2026-09-22T18:37:47.0157049Z binary_ops                             fastest       │ slowest       │ median        │ mean          │ samples │ iters
2026-09-22T18:37:47.0157839Z ├─ avx2::add_constant_shapes_avx2                    │               │               │               │         │
2026-09-22T18:37:47.1097458Z │  ├─ (32768, ConstantPerRow)          12.26 µs      │ 147.7 µs      │ 12.39 µs      │ 12.84 µs      │ 1000    │ 1000
2026-09-22T18:37:47.1098284Z │  │                                   2.67 Gitem/s  │ 221.7 Mitem/s │ 2.644 Gitem/s │ 2.55 Gitem/s  │         │
2026-09-22T18:37:47.1997105Z │  ├─ (32768, PerRowConstant)          12.19 µs      │ 27.22 µs      │ 12.35 µs      │ 12.64 µs      │ 1000    │ 1000
2026-09-22T18:37:47.1998062Z │  │                                   2.686 Gitem/s │ 1.203 Gitem/s │ 2.652 Gitem/s │ 2.591 Gitem/s │         │
2026-09-22T18:37:47.2899022Z │  ╰─ (32768, PerRowNullableConstant)  12.79 µs      │ 25.04 µs      │ 13 µs         │ 13.32 µs      │ 1000    │ 1000
2026-09-22T18:37:47.2900113Z │                                      2.561 Gitem/s │ 1.308 Gitem/s │ 2.519 Gitem/s │ 2.459 Gitem/s │         │
2026-09-22T18:37:47.3815299Z ├─ avx2::add_i32_nonnull_avx2          12.99 µs      │ 35.34 µs      │ 13.29 µs      │ 13.7 µs       │ 1000    │ 1000
2026-09-22T18:37:47.3816228Z │                                      5.042 Gitem/s │ 1.854 Gitem/s │ 4.929 Gitem/s │ 4.781 Gitem/s │         │
2026-09-22T18:37:47.4739586Z ├─ avx2::add_i64_nonnull_avx2          13.29 µs      │ 23.78 µs      │ 13.61 µs      │ 14.24 µs      │ 1000    │ 1000
2026-09-22T18:37:47.4740393Z │                                      2.464 Gitem/s │ 1.377 Gitem/s │ 2.406 Gitem/s │ 2.3 Gitem/s   │         │
2026-09-22T18:37:47.5683582Z ├─ avx2::add_i64_nullable_avx2         14.88 µs      │ 255.8 µs      │ 15.21 µs      │ 16.04 µs      │ 1000    │ 1000
2026-09-22T18:37:47.5684674Z │                                      2.201 Gitem/s │ 128 Mitem/s   │ 2.153 Gitem/s │ 2.042 Gitem/s │         │
2026-09-22T18:37:47.5685671Z ├─ avx2::add_shapes_avx2                             │               │               │               │         │
2026-09-22T18:37:47.6601851Z │  ╰─ (32768, PerRowPerRow)            13.3 µs       │ 23.81 µs      │ 13.6 µs       │ 13.96 µs      │ 1000    │ 1000
2026-09-22T18:37:47.6602702Z │                                      2.462 Gitem/s │ 1.375 Gitem/s │ 2.409 Gitem/s │ 2.346 Gitem/s │         │
2026-09-22T18:37:47.7517279Z ├─ avx2::add_u32_nonnull_avx2          13.16 µs      │ 22.9 µs       │ 13.5 µs       │ 13.86 µs      │ 1000    │ 1000
2026-09-22T18:37:47.7518101Z │                                      4.977 Gitem/s │ 2.861 Gitem/s │ 4.851 Gitem/s │ 4.728 Gitem/s │         │
2026-09-22T18:37:47.9137772Z ├─ avx2::div_i64_nonnull_avx2          83.87 µs      │ 94.86 µs      │ 84.05 µs      │ 85.2 µs       │ 1000    │ 1000
2026-09-22T18:37:47.9138593Z │                                      390.6 Mitem/s │ 345.4 Mitem/s │ 389.8 Mitem/s │ 384.5 Mitem/s │         │
2026-09-22T18:37:48.0606553Z ├─ avx2::div_i64_nullable_avx2         67.82 µs      │ 265.2 µs      │ 68.28 µs      │ 69.56 µs      │ 1000    │ 1000
2026-09-22T18:37:48.0607342Z │                                      483.1 Mitem/s │ 123.5 Mitem/s │ 479.8 Mitem/s │ 471 Mitem/s   │         │
2026-09-22T18:37:48.1404475Z ├─ avx2::lt_i64_nullable_avx2          2.926 µs      │ 24.03 µs      │ 3.069 µs      │ 3.15 µs       │ 1000    │ 1000
2026-09-22T18:37:48.1405351Z │                                      1.399 Gitem/s │ 170.4 Mitem/s │ 1.334 Gitem/s │ 1.299 Gitem/s │         │
2026-09-22T18:37:48.2508235Z ├─ avx2::mul_i8_nonnull_avx2           29.95 µs      │ 190.2 µs      │ 31.43 µs      │ 31.93 µs      │ 1000    │ 1000
2026-09-22T18:37:48.2509250Z │                                      8.75 Gitem/s  │ 1.378 Gitem/s │ 8.34 Gitem/s  │ 8.208 Gitem/s │         │
2026-09-22T18:37:48.3591627Z ├─ avx2::mul_i16_nonnull_avx2          28.97 µs      │ 40.9 µs       │ 29.84 µs      │ 30.42 µs      │ 1000    │ 1000
2026-09-22T18:37:48.3592439Z │                                      4.524 Gitem/s │ 3.204 Gitem/s │ 4.392 Gitem/s │ 4.308 Gitem/s │         │
2026-09-22T18:37:48.4708184Z ├─ avx2::mul_i32_nonnull_avx2          32.76 µs      │ 44.18 µs      │ 32.98 µs      │ 33.8 µs       │ 1000    │ 1000
2026-09-22T18:37:48.4709329Z │                                      2 Gitem/s     │ 1.483 Gitem/s │ 1.986 Gitem/s │ 1.938 Gitem/s │         │
2026-09-22T18:37:48.5851072Z ├─ avx2::mul_i32_nullable_avx2         34.35 µs      │ 207.1 µs      │ 34.7 µs       │ 35.56 µs      │ 1000    │ 1000
2026-09-22T18:37:48.5851798Z │                                      1.907 Gitem/s │ 316.3 Mitem/s │ 1.888 Gitem/s │ 1.842 Gitem/s │         │
2026-09-22T18:37:48.7239548Z ├─ avx2::mul_i64_nonnull_avx2          59.61 µs      │ 78.97 µs      │ 59.88 µs      │ 61.1 µs       │ 1000    │ 1000
2026-09-22T18:37:48.7240377Z │                                      549.6 Mitem/s │ 414.9 Mitem/s │ 547.1 Mitem/s │ 536.2 Mitem/s │         │
2026-09-22T18:37:48.8248271Z ├─ avx2::mul_u8_nonnull_avx2           20.72 µs      │ 35.51 µs      │ 21.85 µs      │ 22.35 µs      │ 1000    │ 1000
2026-09-22T18:37:48.8249237Z │                                      12.64 Gitem/s │ 7.381 Gitem/s │ 11.99 Gitem/s │ 11.72 Gitem/s │         │
2026-09-22T18:37:48.9154907Z ├─ avx2::mul_u16_nonnull_avx2          11.5 µs       │ 21.13 µs      │ 11.87 µs      │ 12.45 µs      │ 1000    │ 1000
2026-09-22T18:37:48.9155910Z │                                      11.39 Gitem/s │ 6.201 Gitem/s │ 11.03 Gitem/s │ 10.52 Gitem/s │         │
2026-09-22T18:37:49.0076537Z ├─ avx2::mul_u32_nonnull_avx2          13.06 µs      │ 23.55 µs      │ 13.46 µs      │ 14.18 µs      │ 1000    │ 1000
2026-09-22T18:37:49.0077381Z │                                      5.015 Gitem/s │ 2.782 Gitem/s │ 4.865 Gitem/s │ 4.621 Gitem/s │         │
2026-09-22T18:37:49.1265878Z ├─ avx2::mul_u64_nonnull_avx2          39.24 µs      │ 52.72 µs      │ 39.47 µs      │ 40.32 µs      │ 1000    │ 1000
2026-09-22T18:37:49.1266901Z │                                      834.9 Mitem/s │ 621.4 Mitem/s │ 830.1 Mitem/s │ 812.5 Mitem/s │         │
2026-09-22T18:37:49.2659630Z ├─ avx2::multiply_shapes_avx2                        │               │               │               │         │
2026-09-22T18:37:49.2660477Z │  ╰─ (32768, PerRowPerRow)            59.58 µs      │ 74.19 µs      │ 59.83 µs      │ 60.94 µs      │ 1000    │ 1000
2026-09-22T18:37:49.2661327Z │                                      549.9 Mitem/s │ 441.6 Mitem/s │ 547.6 Mitem/s │ 537.7 Mitem/s │         │
2026-09-22T18:37:49.2661977Z ╰─ avx2::subtract_shapes_avx2                        │               │               │               │         │
2026-09-22T18:37:49.3581771Z    ╰─ (32768, PerRowPerRow)            13.32 µs      │ 22.9 µs       │ 13.67 µs      │ 14.01 µs      │ 1000    │ 1000
2026-09-22T18:37:49.3582695Z                                        2.458 Gitem/s │ 1.43 Gitem/s  │ 2.395 Gitem/s │ 2.338 Gitem/s │         │
2026-09-22T18:37:49.3583053Z 
2026-09-22T18:37:49.3588690Z Done running binary_ops
2026-09-22T18:37:49.3589068Z Running vortex-buffer collect_bool
2026-09-22T18:37:49.3623608Z Timer precision: 22 ns
2026-09-22T18:37:49.3624442Z collect_bool                         fastest       │ slowest       │ median        │ mean          │ samples │ iters
2026-09-22T18:37:49.3625597Z ╰─ avx2::words_gather_dispatch_avx2                │               │               │               │         │
2026-09-22T18:37:49.4456300Z    ├─ 65536                          1.273 µs      │ 8.83 µs       │ 1.417 µs      │ 1.446 µs      │ 1000    │ 1000
2026-09-22T18:37:49.5470544Z    ╰─ 1048576                        16.98 µs      │ 26.16 µs      │ 17.2 µs       │ 17.68 µs      │ 1000    │ 1000
2026-09-22T18:37:49.5471010Z 
2026-09-22T18:37:49.5475485Z Done running collect_bool
2026-09-22T18:37:49.5475845Z Running vortex-compute lane_kernels
2026-09-22T18:37:49.5511512Z Timer precision: 21 ns
2026-09-22T18:37:49.5512206Z lane_kernels                           fastest       │ slowest       │ median        │ mean          │ samples │ iters
2026-09-22T18:37:49.5512983Z ╰─ avx2::lanezip_checked_add_u32_avx2                │               │               │               │         │
2026-09-22T18:37:49.6577765Z    ╰─ 65536                            21.43 µs      │ 188.4 µs      │ 21.63 µs      │ 22.17 µs      │ 1000    │ 1000
2026-09-22T18:37:49.6578292Z 
2026-09-22T18:37:49.6583815Z Done running lane_kernels
2026-09-22T18:37:49.6584270Z Running vortex-decimal-byte-parts dbp_split
2026-09-22T18:37:49.6620700Z Timer precision: 21 ns
2026-09-22T18:37:49.6621371Z dbp_split                                  fastest       │ slowest       │ median        │ mean          │ samples │ iters
2026-09-22T18:37:49.6622207Z ├─ avx2::dbp_split_kernel_all_valid_avx2                 │               │               │               │         │
2026-09-22T18:37:49.7436835Z │  ├─ (I128, 1024)                         923.5 ns      │ 8.068 µs      │ 976.5 ns      │ 1.012 µs      │ 1000    │ 1000
2026-09-22T18:37:49.8282467Z │  ├─ (I128, 8192)                         7.719 µs      │ 16.31 µs      │ 7.87 µs       │ 8.072 µs      │ 1000    │ 1000
2026-09-22T18:37:49.9067454Z │  ├─ (I256, 1024)                         2.056 µs      │ 12.26 µs      │ 2.143 µs      │ 2.266 µs      │ 1000    │ 1000
2026-09-22T18:37:49.9996589Z │  ╰─ (I256, 8192)                         15.5 µs       │ 26.55 µs      │ 15.78 µs      │ 16.19 µs      │ 1000    │ 1000
2026-09-22T18:37:49.9997441Z ╰─ avx2::dbp_split_kernel_mixed_null_avx2                │               │               │               │         │
2026-09-22T18:37:50.0772413Z    ├─ (I128, 1024)                         1.223 µs      │ 7.029 µs      │ 1.302 µs      │ 1.338 µs      │ 1000    │ 1000
2026-09-22T18:37:50.1640490Z    ├─ (I128, 8192)                         9.779 µs      │ 18.86 µs      │ 9.969 µs      │ 10.17 µs      │ 1000    │ 1000
2026-09-22T18:37:50.2425562Z    ├─ (I256, 1024)                         2.216 µs      │ 8.168 µs      │ 2.305 µs      │ 2.372 µs      │ 1000    │ 1000
2026-09-22T18:37:50.3368386Z    ╰─ (I256, 8192)                         16.65 µs      │ 124.7 µs      │ 16.93 µs      │ 17.43 µs      │ 1000    │ 1000
2026-09-22T18:37:50.3368901Z 
2026-09-22T18:37:50.3375149Z Done running dbp_split
2026-09-22T18:37:50.3375558Z Running vortex-decimal-byte-parts dbp_assemble
2026-09-22T18:37:50.3413479Z Timer precision: 20 ns
2026-09-22T18:37:50.3414468Z dbp_assemble                                  fastest       │ slowest       │ median        │ mean          │ samples │ iters
2026-09-22T18:37:50.3415356Z ├─ avx2::dbp_assemble_kernel_avx2                           │               │               │               │         │
2026-09-22T18:37:50.4220415Z │  ├─ (I128, 1024)                            536.5 ns      │ 2.942 µs      │ 573.5 ns      │ 579.8 ns      │ 1000    │ 1000
2026-09-22T18:37:50.5029537Z │  ├─ (I128, 8192)                            4.275 µs      │ 13.24 µs      │ 4.423 µs      │ 4.564 µs      │ 1000    │ 1000
2026-09-22T18:37:50.5805616Z │  ├─ (I256, 1024)                            1.002 µs      │ 18.31 µs      │ 1.034 µs      │ 1.103 µs      │ 1000    │ 1000
2026-09-22T18:37:50.6656298Z │  ╰─ (I256, 8192)                            8.272 µs      │ 18.71 µs      │ 8.388 µs      │ 8.627 µs      │ 1000    │ 1000
2026-09-22T18:37:50.6657412Z ╰─ avx2::dbp_assemble_kernel_narrow_msp_avx2                │               │               │               │         │
2026-09-22T18:37:50.7422355Z    ├─ (I128, 1024)                            705.5 ns      │ 7.752 µs      │ 756.5 ns      │ 805.5 ns      │ 1000    │ 1000
2026-09-22T18:37:50.8231969Z    ├─ (I128, 8192)                            4.995 µs      │ 11.97 µs      │ 5.035 µs      │ 5.203 µs      │ 1000    │ 1000
2026-09-22T18:37:50.9002219Z    ├─ (I256, 1024)                            1.147 µs      │ 8.348 µs      │ 1.172 µs      │ 1.212 µs      │ 1000    │ 1000
2026-09-22T18:37:50.9852877Z    ╰─ (I256, 8192)                            8.99 µs       │ 20.56 µs      │ 9.137 µs      │ 9.349 µs      │ 1000    │ 1000
2026-09-22T18:37:50.9853266Z 
2026-09-22T18:37:50.9859932Z Done running dbp_assemble
2026-09-22T18:37:50.9860331Z Finished running 10 benchmark suite(s)
2026-09-22T18:37:51.1884460Z Symbolicating...
2026-09-22T18:37:54.0861298Z ##[endgroup]
2026-09-22T18:37:54.0861996Z ##[group]Uploading results
2026-09-22T18:37:57.2496753Z Performance data uploaded
2026-09-22T18:37:57.2497200Z Linked repository: vortex-data/vortex
2026-09-22T18:37:57.2498075Z ##[endgroup]
2026-09-22T18:37:57.2528187Z ##[end-action id=__CodSpeedHQ_action.__run_2;outcome=success;conclusion=success;duration_ms=25728]
2026-09-22T18:37:57.2695351Z Post job cleanup.
2026-09-22T18:37:57.2699441Z ##[start-action display=Cache CodSpeed instruments;id=__0035a97b-b7e4-40b8-86fc-1467dcca7c4c.__actions_cache]
2026-09-22T18:37:57.2733868Z Post job cleanup.
2026-09-22T18:37:57.4123391Z [warning]Path Validation Error: Path(s) specified in the action for caching do(es) not exist, hence no cache is being saved.
2026-09-22T18:37:57.4146565Z ##[end-action id=__0035a97b-b7e4-40b8-86fc-1467dcca7c4c.__actions_cache;outcome=success;conclusion=success;duration_ms=144]
2026-09-22T18:37:57.4293879Z Post job cleanup.
2026-09-22T18:37:57.4297162Z ##[start-action display=Restore Cache;id=__7c3421a8-8dc4-40b4-9893-2591edea733d.cache]
2026-09-22T18:37:57.4331490Z Post job cleanup.
2026-09-22T18:37:57.5724220Z Cache hit occurred on the primary key cargo-codspeed-5.0.2-x86_64-linux-gnu-2.39-features-default-no-default-features-false-all-features-false, not saving cache.
2026-09-22T18:37:57.5765451Z ##[end-action id=__7c3421a8-8dc4-40b4-9893-2591edea733d.cache;outcome=success;conclusion=success;duration_ms=146]
2026-09-22T18:37:57.5987210Z Post job cleanup.
2026-09-22T18:37:57.6094173Z Post job cleanup.
2026-09-22T18:37:57.7023072Z [command]/usr/bin/git version
2026-09-22T18:37:57.7067157Z git version 2.55.0
2026-09-22T18:37:57.7104560Z Temporarily overriding HOME='/home/runner/_work/_temp/73f11e11-bb46-4613-bd7b-467ed4223cfb' before making global git config changes
2026-09-22T18:37:57.7106003Z Adding repository directory to the temporary git global config as a safe directory
2026-09-22T18:37:57.7112736Z [command]/usr/bin/git config --global --add safe.directory /home/runner/_work/vortex/vortex
2026-09-22T18:37:57.7141214Z Removing SSH command configuration
2026-09-22T18:37:57.7147985Z [command]/usr/bin/git config --local --name-only --get-regexp core\.sshCommand
2026-09-22T18:37:57.7181219Z [command]/usr/bin/git submodule foreach --recursive sh -c "git config --local --name-only --get-regexp 'core\.sshCommand' && git config --local --unset-all 'core.sshCommand' || :"
2026-09-22T18:37:57.7390745Z Removing HTTP extra header
2026-09-22T18:37:57.7395367Z [command]/usr/bin/git config --local --name-only --get-regexp http\.https\:\/\/github\.com\/\.extraheader
2026-09-22T18:37:57.7426280Z [command]/usr/bin/git submodule foreach --recursive sh -c "git config --local --name-only --get-regexp 'http\.https\:\/\/github\.com\/\.extraheader' && git config --local --unset-all 'http.https://github.com/.extraheader' || :"
2026-09-22T18:37:57.7632326Z Removing includeIf entries pointing to credentials config files
2026-09-22T18:37:57.7638245Z [command]/usr/bin/git config --local --name-only --get-regexp ^includeIf\.gitdir:
2026-09-22T18:37:57.7667985Z includeif.gitdir:/home/runner/_work/vortex/vortex/.git.path
2026-09-22T18:37:57.7669070Z includeif.gitdir:/home/runner/_work/vortex/vortex/.git/worktrees/*.path
2026-09-22T18:37:57.7669974Z includeif.gitdir:/github/workspace/.git.path
2026-09-22T18:37:57.7670697Z includeif.gitdir:/github/workspace/.git/worktrees/*.path
2026-09-22T18:37:57.7677660Z [command]/usr/bin/git config --local --get-all includeif.gitdir:/home/runner/_work/vortex/vortex/.git.path
2026-09-22T18:37:57.7699642Z /home/runner/_work/_temp/git-credentials-270b0214-70a1-4ef2-ad67-7ac59f1f767b.config
2026-09-22T18:37:57.7710443Z [command]/usr/bin/git config --local --unset includeif.gitdir:/home/runner/_work/vortex/vortex/.git.path \/home\/runner\/_work\/_temp\/git\-credentials\-270b0214\-70a1\-4ef2\-ad67\-7ac59f1f767b\.config
2026-09-22T18:37:57.7742673Z [command]/usr/bin/git config --local --get-all includeif.gitdir:/home/runner/_work/vortex/vortex/.git/worktrees/*.path
2026-09-22T18:37:57.7764540Z /home/runner/_work/_temp/git-credentials-270b0214-70a1-4ef2-ad67-7ac59f1f767b.config
2026-09-22T18:37:57.7781971Z [command]/usr/bin/git config --local --unset includeif.gitdir:/home/runner/_work/vortex/vortex/.git/worktrees/*.path \/home\/runner\/_work\/_temp\/git\-credentials\-270b0214\-70a1\-4ef2\-ad67\-7ac59f1f767b\.config
2026-09-22T18:37:57.7812574Z [command]/usr/bin/git config --local --get-all includeif.gitdir:/github/workspace/.git.path
2026-09-22T18:37:57.7833455Z /github/runner_temp/git-credentials-270b0214-70a1-4ef2-ad67-7ac59f1f767b.config
2026-09-22T18:37:57.7841289Z [command]/usr/bin/git config --local --unset includeif.gitdir:/github/workspace/.git.path \/github\/runner_temp\/git\-credentials\-270b0214\-70a1\-4ef2\-ad67\-7ac59f1f767b\.config
2026-09-22T18:37:57.7870234Z [command]/usr/bin/git config --local --get-all includeif.gitdir:/github/workspace/.git/worktrees/*.path
2026-09-22T18:37:57.7890502Z /github/runner_temp/git-credentials-270b0214-70a1-4ef2-ad67-7ac59f1f767b.config
2026-09-22T18:37:57.7899371Z [command]/usr/bin/git config --local --unset includeif.gitdir:/github/workspace/.git/worktrees/*.path \/github\/runner_temp\/git\-credentials\-270b0214\-70a1\-4ef2\-ad67\-7ac59f1f767b\.config
2026-09-22T18:37:57.7931504Z [command]/usr/bin/git submodule foreach --recursive git config --local --show-origin --name-only --get-regexp remote.origin.url
2026-09-22T18:37:57.8123658Z Removing credentials config '/home/runner/_work/_temp/git-credentials-270b0214-70a1-4ef2-ad67-7ac59f1f767b.config'
2026-09-22T18:37:57.8231100Z Post job cleanup.
2026-09-22T18:37:57.9292456Z Running post-execution phase...
2026-09-22T18:37:57.9293040Z Input 'show_env': false
2026-09-22T18:37:57.9293498Z Input 'show_costs': inline
2026-09-22T18:37:57.9293942Z Input 'metrics': []
2026-09-22T18:37:57.9294379Z Input 'network_interface': enp39s0
2026-09-22T18:37:57.9294894Z Input 'disk_device': nvme0n1p1
2026-09-22T18:37:57.9295353Z Input 'sccache': 
2026-09-22T18:37:57.9295751Z Input 'sticky_cache': []
2026-09-22T18:37:57.9296200Z Input 'sticky_wait_timeout': 15m0s
2026-09-22T18:37:57.9297026Z ZCTIONS_RESULTS_URL is set: https://results-receiver.actions.githubusercontent.com/
2026-09-22T18:37:57.9298465Z ZCTIONS_CACHE_URL is set: https://acghubeus1.actions.githubusercontent.com/XtqVEj2MXQCbzj6x6n8CMomnIjyhqqRNuSgameoSnKmgcNZw2F/
2026-09-22T18:37:57.9299401Z ACTIONS_RUNTIME_TOKEN is set.
2026-09-22T18:37:57.9840918Z Mapped zone name us-east-1a to zone ID use1-az6
2026-09-22T18:37:58.2715352Z ## Execution Cost Summary
2026-09-22T18:37:58.2716158Z 
2026-09-22T18:37:58.2716543Z | metric                 | value           |
2026-09-22T18:37:58.2717104Z | ---------------------- | --------------- |
2026-09-22T18:37:58.2717496Z | Instance Type          | c7i.metal-24xl  |
2026-09-22T18:37:58.2717861Z | Instance Lifecycle     | spot            |
2026-09-22T18:37:58.2718241Z | Region                 | us-east-1       |
2026-09-22T18:37:58.2718618Z | Platform               | Linux/UNIX      |
2026-09-22T18:37:58.2719117Z | Arch                   | x64             |
2026-09-22T18:37:58.2719467Z | Az                     | us-east-1a      |
2026-09-22T18:37:58.2719831Z | Zone ID                | use1-az6        |
2026-09-22T18:37:58.2720177Z | Duration               | 1.75 minutes    |
2026-09-22T18:37:58.2720536Z | Cost                   | $0.0320         |
2026-09-22T18:37:58.2720878Z | GitHub equivalent cost | $0.5040         |
2026-09-22T18:37:58.2721231Z | Savings                | $0.4720 (93.6%) |
2026-09-22T18:37:58.2721470Z 
2026-09-22T18:37:58.2721632Z Post-execution phase finished.
2026-09-22T18:37:58.2765372Z A job completed hook has been configured by the self-hosted runner administrator
2026-09-22T18:37:58.2828189Z ##[group]Run '/runs-on/post.sh'
2026-09-22T18:37:58.2873570Z shell: /usr/bin/bash --noprofile --norc -e -o pipefail {0}
2026-09-22T18:37:58.2874257Z ##[endgroup]
2026-09-22T18:37:58.2944908Z Thanks for using RunsOn!
2026-09-22T18:37:58.2945699Z 
2026-09-22T18:37:58.2946026Z 📊 Job Metrics
2026-09-22T18:37:58.9229733Z Error visualizing metrics: failed to parse metrics file: error reading file: bufio.Scanner: token too long
2026-09-22T18:37:58.9230723Z Metrics visualization unavailable
2026-09-22T18:37:59.7016967Z 📤 metrics.jsonl uploaded (701701 bytes) to s3://runs-on-v3-s3bucketcache-dbnub4tpjhpv/cache/metrics/v1/vortex-data/vortex/35767877888/bench-codspeed-cpu-features/i-02a0b666295a069f9/metrics.jsonl
2026-09-22T18:37:59.7110841Z Cleaning up orphan processes
