2026-09-22T18:41:21.5292724Z Current runner version: '2.336.0'
2026-09-22T18:41:21.5297230Z Runner name: 'runs-on--i-0e33259ff1ee1625d--07872980-9'
2026-09-22T18:41:21.5297992Z Runner group name: 'Default'
2026-09-22T18:41:21.5298689Z Machine name: 'ip-10-1-10-28'
2026-09-22T18:41:21.5335107Z ##[group]🏃 Runner details (c7i.metal-24xl, spot, v3.3.0)
2026-09-22T18:41:21.5336308Z ┌───────────────────┬──────────────────────────────────────────────────────────────────────────────────────────────────────────────────────────────────────────────────────────┐
2026-09-22T18:41:21.5337362Z │       INFO        │                                                                          VALUE                                                                           │
2026-09-22T18:41:21.5338415Z ├───────────────────┼──────────────────────────────────────────────────────────────────────────────────────────────────────────────────────────────────────────────────────────┤
2026-09-22T18:41:21.5340107Z │ Labels            │ [runs-on=35768386889/runner=bench-dedicated/family=c7i.metal-24xl/image=ubuntu24-full-x64-pre-v2/extras=s3-cache/tag=bench-codspeed-cpu-features-avx512] │
2026-09-22T18:41:21.5341527Z │ Extras            │ [s3-cache]                                                                                                                                               │
2026-09-22T18:41:21.5342537Z │ PrivateIp         │ 10.1.10.28                                                                                                                                               │
2026-09-22T18:41:21.5343519Z │ IsPrivate         │ false                                                                                                                                                    │
2026-09-22T18:41:21.5344524Z │ Environment       │ production                                                                                                                                               │
2026-09-22T18:41:21.5345567Z │ StackName         │ runs-on-v3                                                                                                                                               │
2026-09-22T18:41:21.5346593Z │ Region            │ us-east-1                                                                                                                                                │
2026-09-22T18:41:21.5347646Z │ AvailabilityZone  │ us-east-1a                                                                                                                                               │
2026-09-22T18:41:21.5348667Z │ Version           │ v3.3.0                                                                                                                                                   │
2026-09-22T18:41:21.5349845Z │ RunnerName        │ runs-on--i-0e33259ff1ee1625d--07872980-9                                                                                                                 │
2026-09-22T18:41:21.5351164Z │ AssignmentId      │ 07872980-9da4-4216-98fb-ae2bd037a9dc                                                                                                                     │
2026-09-22T18:41:21.5352470Z │ BucketCacheName   │ runs-on-v3-s3bucketcache-dbnub4tpjhpv                                                                                                                    │
2026-09-22T18:41:21.5353665Z │ InstanceId        │ i-0e33259ff1ee1625d                                                                                                                                      │
2026-09-22T18:41:21.5354825Z │ InstanceType      │ c7i.metal-24xl                                                                                                                                           │
2026-09-22T18:41:21.5355908Z │ InstanceLifecycle │ spot                                                                                                                                                     │
2026-09-22T18:41:21.5357179Z │ InstanceRAM       │ 193002.60 MiB                                                                                                                                            │
2026-09-22T18:41:21.5358300Z │ InstanceCPU       │ 96 cores                                                                                                                                                 │
2026-09-22T18:41:21.5359370Z │ InstanceDisk1     │ /=/dev/nvme0n1p1                                                                                                                                         │
2026-09-22T18:41:21.5360685Z │                   │ Free=76.97GiB Used=18.84GiB                                                                                                                              │
2026-09-22T18:41:21.5361765Z │ ImageId           │ ami-0d8875560af9e1401                                                                                                                                    │
2026-09-22T18:41:21.5362958Z │ ImageName         │ vortex-ci-v2-x64-20260831011844                                                                                                                          │
2026-09-22T18:41:21.5364047Z │ Platform          │ linux                                                                                                                                                    │
2026-09-22T18:41:21.5365082Z │ Architecture      │ x64                                                                                                                                                      │
2026-09-22T18:41:21.5366118Z │ HasPreinstall     │ false                                                                                                                                                    │
2026-09-22T18:41:21.5367153Z │ HasPrerun         │ false                                                                                                                                                    │
2026-09-22T18:41:21.5368241Z │ IsDebug           │ false                                                                                                                                                    │
2026-09-22T18:41:21.5369219Z │ Integrations      │ []                                                                                                                                                       │
2026-09-22T18:41:21.5370366Z └───────────────────┴──────────────────────────────────────────────────────────────────────────────────────────────────────────────────────────────────────────────────────────┘
2026-09-22T18:41:21.5371194Z ##[endgroup]
2026-09-22T18:41:21.5371693Z ##[group]⏱️ Timings - 49.42s
2026-09-22T18:41:21.5372325Z ┌──────────────────────┬─────────────────────────────────┬─────────┬────────┐
2026-09-22T18:41:21.5373068Z │         TIME         │              STEP               │  DIFF   │ TOTAL  │
2026-09-22T18:41:21.5373782Z ├──────────────────────┼─────────────────────────────────┼─────────┼────────┤
2026-09-22T18:41:21.5374619Z │ 2026-09-22T18:40:28Z │ job-created                     │ 0ms     │ 0.0s   │
2026-09-22T18:41:21.5375491Z │ 2026-09-22T18:40:29Z │ job-received                    │ 1694ms  │ 1.69s  │
2026-09-22T18:41:21.5376274Z │ 2026-09-22T18:40:34Z │ job-scheduled                   │ 5018ms  │ 6.71s  │
2026-09-22T18:41:21.5377156Z │ 2026-09-22T18:40:36Z │ instance-pending                │ 1286ms  │ 8.00s  │
2026-09-22T18:41:21.5377965Z │ 2026-09-22T18:40:37Z │ runner-registered               │ 1319ms  │ 9.32s  │
2026-09-22T18:41:21.5378779Z │ 2026-09-22T18:41:15Z │ agent-booting                   │ 38557ms │ 47.88s │
2026-09-22T18:41:21.5379559Z │ 2026-09-22T18:41:15Z │ runner-setup-global-env         │ 15ms    │ 47.89s │
2026-09-22T18:41:21.5380398Z │ 2026-09-22T18:41:15Z │ runner-setup-user               │ 55ms    │ 47.95s │
2026-09-22T18:41:21.5381200Z │ 2026-09-22T18:41:16Z │ agent-metadata                  │ 91ms    │ 48.04s │
2026-09-22T18:41:21.5382000Z │ 2026-09-22T18:41:16Z │ instance-config                 │ 57ms    │ 48.10s │
2026-09-22T18:41:21.5382815Z │ 2026-09-22T18:41:16Z │ runner-otel-setup-tracer        │ 0ms     │ 48.10s │
2026-09-22T18:41:21.5383611Z │ 2026-09-22T18:41:16Z │ runner-otel-setup-collector     │ 0ms     │ 48.10s │
2026-09-22T18:41:21.5384413Z │ 2026-09-22T18:41:17Z │ runner-resize-disk              │ 1139ms  │ 49.24s │
2026-09-22T18:41:21.5385223Z │ 2026-09-22T18:41:17Z │ runner-prepare-mount-points     │ 0ms     │ 49.24s │
2026-09-22T18:41:21.5386046Z │ 2026-09-22T18:41:17Z │ runner-setup-mount-points       │ 66ms    │ 49.30s │
2026-09-22T18:41:21.5386832Z │ 2026-09-22T18:41:17Z │ runner-setup-agent              │ 3ms     │ 49.31s │
2026-09-22T18:41:21.5387599Z │ 2026-09-22T18:41:17Z │ runner-setup-aws-profile        │ 0ms     │ 49.31s │
2026-09-22T18:41:21.5388399Z │ 2026-09-22T18:41:17Z │ runner-setup-host               │ 0ms     │ 49.31s │
2026-09-22T18:41:21.5389184Z │ 2026-09-22T18:41:17Z │ runner-config                   │ 30ms    │ 49.34s │
2026-09-22T18:41:21.5390008Z │ 2026-09-22T18:41:17Z │ runner-otel-restart             │ 0ms     │ 49.34s │
2026-09-22T18:41:21.5390809Z │ 2026-09-22T18:41:17Z │ runner-env                      │ 3ms     │ 49.34s │
2026-09-22T18:41:21.5391575Z │ 2026-09-22T18:41:17Z │ runner-setup-integrations       │ 61ms    │ 49.40s │
2026-09-22T18:41:21.5392370Z │ 2026-09-22T18:41:17Z │ runner-chown-runner-directories │ 0ms     │ 49.40s │
2026-09-22T18:41:21.5393164Z │ 2026-09-22T18:41:17Z │ runner-start-local-server       │ 0ms     │ 49.40s │
2026-09-22T18:41:21.5393977Z │ 2026-09-22T18:41:17Z │ runner-setup-s3-cache           │ 12ms    │ 49.42s │
2026-09-22T18:41:21.5394760Z │ 2026-09-22T18:41:17Z │ runner-setup-hooks              │ 5ms     │ 49.42s │
2026-09-22T18:41:21.5395475Z └──────────────────────┴─────────────────────────────────┴─────────┴────────┘
2026-09-22T18:41:21.5396072Z ##[endgroup]
2026-09-22T18:41:21.5396956Z ##[group]GITHUB_TOKEN Permissions
2026-09-22T18:41:21.5399044Z Contents: read
2026-09-22T18:41:21.5399520Z Metadata: read
2026-09-22T18:41:21.5399951Z ##[endgroup]
2026-09-22T18:41:21.5401787Z Secret source: Actions
2026-09-22T18:41:21.5402503Z Cache mode: write
2026-09-22T18:41:21.5403041Z Prepare workflow directory
2026-09-22T18:41:21.5682271Z Prepare all required actions
2026-09-22T18:41:21.5720445Z Getting action download info
2026-09-22T18:41:21.7709231Z Download action repository 'runs-on/action@v2' (SHA:efac073ea2507ec18797de3a81704201ade11d9d)
2026-09-22T18:41:22.1953435Z Download action repository 'actions/checkout@3d3c42e5aac5ba805825da76410c181273ba90b1' (SHA:3d3c42e5aac5ba805825da76410c181273ba90b1)
2026-09-22T18:41:22.2271599Z Download action repository 'taiki-e/cache-cargo-install-action@66c9585ef5ca780ee69399975a5e911f47905995' (SHA:66c9585ef5ca780ee69399975a5e911f47905995)
2026-09-22T18:41:22.2911133Z Download action repository 'actions/download-artifact@3e5f45b2cfb9172054b4087a40e8e0b5a5461e7c' (SHA:3e5f45b2cfb9172054b4087a40e8e0b5a5461e7c)
2026-09-22T18:41:22.4302404Z Download action repository 'CodSpeedHQ/action@4296e51e7041e24dadb86d1d6e8b9320d223dbe8' (SHA:4296e51e7041e24dadb86d1d6e8b9320d223dbe8)
2026-09-22T18:41:22.5835442Z Getting action download info
2026-09-22T18:41:22.6679773Z Download action repository 'actions/cache@668228422ae6a00e4ad889ee87cd7109ec5666a7' (SHA:668228422ae6a00e4ad889ee87cd7109ec5666a7)
2026-09-22T18:41:22.8178575Z Getting action download info
2026-09-22T18:41:22.9205633Z Download action repository 'actions/github-script@ed597411d8f924073f98dfc5c65a23a2325f34cd' (SHA:ed597411d8f924073f98dfc5c65a23a2325f34cd)
2026-09-22T18:41:23.0336059Z Complete job name: Benchmark with Codspeed (avx512)
2026-09-22T18:41:23.1027930Z A job started hook has been configured by the self-hosted runner administrator
2026-09-22T18:41:23.1526553Z ##[group]Run '/runs-on/pre.sh'
2026-09-22T18:41:23.1548131Z shell: /usr/bin/bash --noprofile --norc -e -o pipefail {0}
2026-09-22T18:41:23.1548888Z ##[endgroup]
2026-09-22T18:41:23.1701227Z 
2026-09-22T18:41:23.1702062Z 👋 This self-hosted runner was launched with RunsOn (https://runs-on.com). Join the party!
2026-09-22T18:41:23.1702705Z 
2026-09-22T18:41:23.1712343Z ##[group]Job identity
2026-09-22T18:41:23.1712902Z Organization: vortex-data
2026-09-22T18:41:23.1713372Z Repository: vortex-data/vortex
2026-09-22T18:41:23.1713827Z Workflow: Codspeed Benchmarking
2026-09-22T18:41:23.1714321Z Job: bench-codspeed-cpu-features
2026-09-22T18:41:23.1715144Z ##[endgroup]
2026-09-22T18:41:23.1715397Z 
2026-09-22T18:41:23.1715971Z ##[group]💡 Additional environment variables available in your steps
2026-09-22T18:41:23.1729768Z ACTIONS_CACHE_SERVICE_V2=true
2026-09-22T18:41:23.1730426Z ACTIONS_CACHE_URL=http://10.1.10.28:6871/
2026-09-22T18:41:23.1730973Z ACTIONS_RESULTS_URL=http://10.1.10.28:6871/
2026-09-22T18:41:23.1731583Z ACTIONS_RUNNER_HOOK_JOB_COMPLETED=/runs-on/post.sh
2026-09-22T18:41:23.1732135Z ACTIONS_RUNNER_HOOK_JOB_STARTED=/runs-on/pre.sh
2026-09-22T18:41:23.1732703Z GITHUB_API_URL=https://api.github.com/
2026-09-22T18:41:23.1733204Z GITHUB_HOST=github.com
2026-09-22T18:41:23.1733635Z GITHUB_SERVER_URL=https://github.com/
2026-09-22T18:41:23.1734189Z RUNNER_TOOL_CACHE=/opt/hostedtoolcache
2026-09-22T18:41:23.1734651Z RUNS_ON_AGENT_ARCH=x64
2026-09-22T18:41:23.1735107Z RUNS_ON_AGENT_BINARY=/runs-on/agent
2026-09-22T18:41:23.1735596Z RUNS_ON_AGENT_USER=runner
2026-09-22T18:41:23.1736041Z RUNS_ON_AMI_ID=ami-0d8875560af9e1401
2026-09-22T18:41:23.1736509Z RUNS_ON_AWS_AZ=us-east-1a
2026-09-22T18:41:23.1736934Z RUNS_ON_AWS_REGION=us-east-1
2026-09-22T18:41:23.1737442Z RUNS_ON_ENV_CUSTOM_FILE=/runs-on/env.custom
2026-09-22T18:41:23.1737950Z RUNS_ON_HOME=/runs-on
2026-09-22T18:41:23.1738389Z RUNS_ON_INSTANCE_ID=i-0e33259ff1ee1625d
2026-09-22T18:41:23.1738918Z RUNS_ON_INSTANCE_LAUNCHED_AT=2026-09-22T18:40:34Z
2026-09-22T18:41:23.1739441Z RUNS_ON_INSTANCE_LIFECYCLE=spot
2026-09-22T18:41:23.1740124Z RUNS_ON_INSTANCE_TYPE=c7i.metal-24xl
2026-09-22T18:41:23.1740712Z RUNS_ON_RUNNER_NAME=runs-on--i-0e33259ff1ee1625d--07872980-9
2026-09-22T18:41:23.1741373Z RUNS_ON_S3_BUCKET_CACHE=runs-on-v3-s3bucketcache-dbnub4tpjhpv
2026-09-22T18:41:23.1742039Z RUNS_ON_S3_CACHE_REPO_PREFIX=cache/repo/vortex-data/vortex
2026-09-22T18:41:23.1742595Z RUNS_ON_STACK_NAME=runs-on-v3
2026-09-22T18:41:23.1743042Z RUNS_ON_VERSION=v3.3.0
2026-09-22T18:41:23.1743731Z ##[endgroup]
2026-09-22T18:41:23.1743953Z 
2026-09-22T18:41:23.1934708Z ##[group]Run runs-on/action@v2
2026-09-22T18:41:23.1935242Z with:
2026-09-22T18:41:23.1935635Z   show_env: false
2026-09-22T18:41:23.1936098Z   show_costs: inline
2026-09-22T18:41:23.1936520Z   network_interface: enp39s0
2026-09-22T18:41:23.1936977Z   disk_device: nvme0n1p1
2026-09-22T18:41:23.1940244Z   token: ***
2026-09-22T18:41:23.1940640Z   sticky_wait_timeout: 15m
2026-09-22T18:41:23.1941075Z env:
2026-09-22T18:41:23.1941499Z   CARGO_TERM_COLOR: always
2026-09-22T18:41:23.1941921Z   RUST_BACKTRACE: 1
2026-09-22T18:41:23.1942344Z   NIGHTLY_TOOLCHAIN: nightly-2026-09-10
2026-09-22T18:41:23.1942863Z   RUNNER_TOOL_CACHE: /opt/hostedtoolcache
2026-09-22T18:41:23.1943380Z   RUNS_ON_HOME: /runs-on
2026-09-22T18:41:23.1943930Z   RUNS_ON_VERSION: v3.3.0
2026-09-22T18:41:23.1944365Z   RUNS_ON_AGENT_BINARY: /runs-on/agent
2026-09-22T18:41:23.1944840Z   RUNS_ON_AGENT_ARCH: x64
2026-09-22T18:41:23.1945279Z   RUNS_ON_AGENT_USER: runner
2026-09-22T18:41:23.1945815Z   RUNS_ON_AMI_ID: ami-0d8875560af9e1401
2026-09-22T18:41:23.1946284Z   RUNS_ON_AWS_REGION: us-east-1
2026-09-22T18:41:23.1946759Z   RUNS_ON_AWS_AZ: us-east-1a
2026-09-22T18:41:23.1947234Z   RUNS_ON_ENV_CUSTOM_FILE: /runs-on/env.custom
2026-09-22T18:41:23.1947750Z   RUNS_ON_INSTANCE_ID: i-0e33259ff1ee1625d
2026-09-22T18:41:23.1948245Z   RUNS_ON_INSTANCE_LIFECYCLE: spot
2026-09-22T18:41:23.1948709Z   RUNS_ON_INSTANCE_TYPE: c7i.metal-24xl
2026-09-22T18:41:23.1949274Z   RUNS_ON_STACK_NAME: runs-on-v3
2026-09-22T18:41:23.1949862Z   RUNS_ON_S3_BUCKET_CACHE: runs-on-v3-s3bucketcache-dbnub4tpjhpv
2026-09-22T18:41:23.1950483Z   ACTIONS_RUNNER_HOOK_JOB_STARTED: /runs-on/pre.sh
2026-09-22T18:41:23.1951063Z   ACTIONS_RUNNER_HOOK_JOB_COMPLETED: /runs-on/post.sh
2026-09-22T18:41:23.1951636Z   GITHUB_SERVER_URL: https://github.com/
2026-09-22T18:41:23.1952163Z   GITHUB_API_URL: https://api.github.com/
2026-09-22T18:41:23.1952661Z   GITHUB_HOST: github.com
2026-09-22T18:41:23.1953167Z   RUNS_ON_RUNNER_NAME: runs-on--i-0e33259ff1ee1625d--07872980-9
2026-09-22T18:41:23.1953790Z   RUNS_ON_INSTANCE_LAUNCHED_AT: 2026-09-22T18:40:34Z
2026-09-22T18:41:23.1954341Z   ACTIONS_CACHE_URL: http://10.1.10.28:6871/
2026-09-22T18:41:23.1954877Z   ACTIONS_CACHE_SERVICE_V2: true
2026-09-22T18:41:23.1955351Z   ACTIONS_RESULTS_URL: http://10.1.10.28:6871/
2026-09-22T18:41:23.1955922Z   RUNS_ON_S3_CACHE_REPO_PREFIX: cache/repo/vortex-data/vortex
2026-09-22T18:41:23.1956473Z ##[endgroup]
2026-09-22T18:41:23.8586324Z Input 'show_env': false
2026-09-22T18:41:23.8587762Z Input 'show_costs': inline
2026-09-22T18:41:23.8588653Z Input 'metrics': []
2026-09-22T18:41:23.8589580Z Input 'network_interface': enp39s0
2026-09-22T18:41:23.8590614Z Input 'disk_device': nvme0n1p1
2026-09-22T18:41:23.8591623Z Input 'sccache': 
2026-09-22T18:41:23.8592475Z Input 'sticky_cache': []
2026-09-22T18:41:23.8593366Z Input 'sticky_wait_timeout': 15m0s
2026-09-22T18:41:23.8594966Z ZCTIONS_RESULTS_URL is set: https://results-receiver.actions.githubusercontent.com/
2026-09-22T18:41:23.8597965Z ZCTIONS_CACHE_URL is set: https://acghubeus1.actions.githubusercontent.com/XtqVEj2MXQCbzj6x6n8CMomnIjyhqqRNuSgameoSnKmgcNZw2F/
2026-09-22T18:41:23.8600419Z ACTIONS_RUNTIME_TOKEN is set.
2026-09-22T18:41:23.8601713Z Config update response status: 200 OK
2026-09-22T18:41:23.8603586Z show_costs is enabled. You will find cost details in the post-execution step of this action.
2026-09-22T18:41:23.8605518Z Action finished.
2026-09-22T18:41:23.8962530Z ##[group]Run actions/checkout@3d3c42e5aac5ba805825da76410c181273ba90b1
2026-09-22T18:41:23.8963768Z with:
2026-09-22T18:41:23.8964463Z   repository: vortex-data/vortex
2026-09-22T18:41:23.8971900Z   token: ***
2026-09-22T18:41:23.8972592Z   ssh-strict: true
2026-09-22T18:41:23.8973302Z   ssh-user: git
2026-09-22T18:41:23.8974055Z   persist-credentials: true
2026-09-22T18:41:23.8974863Z   clean: true
2026-09-22T18:41:23.8975593Z   sparse-checkout-cone-mode: true
2026-09-22T18:41:23.8976458Z   fetch-depth: 1
2026-09-22T18:41:23.8977166Z   fetch-tags: false
2026-09-22T18:41:23.8977893Z   show-progress: true
2026-09-22T18:41:23.8978629Z   lfs: false
2026-09-22T18:41:23.8979303Z   submodules: false
2026-09-22T18:41:23.8980064Z   set-safe-directory: true
2026-09-22T18:41:23.8980923Z   allow-unsafe-pr-checkout: false
2026-09-22T18:41:23.8981805Z env:
2026-09-22T18:41:23.8982469Z   CARGO_TERM_COLOR: always
2026-09-22T18:41:23.8983260Z   RUST_BACKTRACE: 1
2026-09-22T18:41:23.8984070Z   NIGHTLY_TOOLCHAIN: nightly-2026-09-10
2026-09-22T18:41:23.8985043Z   RUNNER_TOOL_CACHE: /opt/hostedtoolcache
2026-09-22T18:41:23.8985985Z   RUNS_ON_HOME: /runs-on
2026-09-22T18:41:23.8986765Z   RUNS_ON_VERSION: v3.3.0
2026-09-22T18:41:23.8987590Z   RUNS_ON_AGENT_BINARY: /runs-on/agent
2026-09-22T18:41:23.8988515Z   RUNS_ON_AGENT_ARCH: x64
2026-09-22T18:41:23.8989402Z   RUNS_ON_AGENT_USER: runner
2026-09-22T18:41:23.8990266Z   RUNS_ON_AMI_ID: ami-0d8875560af9e1401
2026-09-22T18:41:23.8991191Z   RUNS_ON_AWS_REGION: us-east-1
2026-09-22T18:41:23.8992041Z   RUNS_ON_AWS_AZ: us-east-1a
2026-09-22T18:41:23.8992935Z   RUNS_ON_ENV_CUSTOM_FILE: /runs-on/env.custom
2026-09-22T18:41:23.8993968Z   RUNS_ON_INSTANCE_ID: i-0e33259ff1ee1625d
2026-09-22T18:41:23.8994934Z   RUNS_ON_INSTANCE_LIFECYCLE: spot
2026-09-22T18:41:23.8995853Z   RUNS_ON_INSTANCE_TYPE: c7i.metal-24xl
2026-09-22T18:41:23.8996784Z   RUNS_ON_STACK_NAME: runs-on-v3
2026-09-22T18:41:23.8997881Z   RUNS_ON_S3_BUCKET_CACHE: runs-on-v3-s3bucketcache-dbnub4tpjhpv
2026-09-22T18:41:23.8999151Z   ACTIONS_RUNNER_HOOK_JOB_STARTED: /runs-on/pre.sh
2026-09-22T18:41:23.9000360Z   ACTIONS_RUNNER_HOOK_JOB_COMPLETED: /runs-on/post.sh
2026-09-22T18:41:23.9001454Z   GITHUB_SERVER_URL: https://github.com/
2026-09-22T18:41:23.9002466Z   GITHUB_API_URL: https://api.github.com/
2026-09-22T18:41:23.9003438Z   GITHUB_HOST: github.com
2026-09-22T18:41:23.9004454Z   RUNS_ON_RUNNER_NAME: runs-on--i-0e33259ff1ee1625d--07872980-9
2026-09-22T18:41:23.9005705Z   RUNS_ON_INSTANCE_LAUNCHED_AT: 2026-09-22T18:40:34Z
2026-09-22T18:41:23.9006816Z   ACTIONS_CACHE_URL: http://10.1.10.28:6871/
2026-09-22T18:41:23.9007804Z   ACTIONS_CACHE_SERVICE_V2: true
2026-09-22T18:41:23.9008731Z   ACTIONS_RESULTS_URL: http://10.1.10.28:6871/
2026-09-22T18:41:23.9009930Z   RUNS_ON_S3_CACHE_REPO_PREFIX: cache/repo/vortex-data/vortex
2026-09-22T18:41:23.9011083Z   RUNS_ON_ACTION_COST_TRACKING_CLAIMED: true
2026-09-22T18:41:23.9012021Z ##[endgroup]
2026-09-22T18:41:24.0269342Z Syncing repository: vortex-data/vortex
2026-09-22T18:41:24.0271025Z ##[group]Getting Git version info
2026-09-22T18:41:24.0272079Z Working directory is '/home/runner/_work/vortex/vortex'
2026-09-22T18:41:24.0273601Z [command]/usr/bin/git version
2026-09-22T18:41:24.0287783Z git version 2.55.0
2026-09-22T18:41:24.0299828Z ##[endgroup]
2026-09-22T18:41:24.0305567Z Temporarily overriding HOME='/home/runner/_work/_temp/37b93ed4-92ca-4cbd-818d-10475a585472' before making global git config changes
2026-09-22T18:41:24.0307866Z Adding repository directory to the temporary git global config as a safe directory
2026-09-22T18:41:24.0309725Z [command]/usr/bin/git config --global --add safe.directory /home/runner/_work/vortex/vortex
2026-09-22T18:41:24.0329729Z Deleting the contents of '/home/runner/_work/vortex/vortex'
2026-09-22T18:41:24.0331568Z ##[group]Determining repository object format
2026-09-22T18:41:24.0332938Z ##[endgroup]
2026-09-22T18:41:24.0334093Z ##[group]Initializing the repository
2026-09-22T18:41:24.0335349Z [command]/usr/bin/git init /home/runner/_work/vortex/vortex
2026-09-22T18:41:24.0557379Z hint: Using 'master' as the name for the initial branch. This default branch name
2026-09-22T18:41:24.0558997Z hint: will change to "main" in Git 3.0. To configure the initial branch name
2026-09-22T18:41:24.0560585Z hint: to use in all of your new repositories, which will suppress this warning,
2026-09-22T18:41:24.0561808Z hint: call:
2026-09-22T18:41:24.0562434Z hint:
2026-09-22T18:41:24.0563224Z hint: 	git config --global init.defaultBranch <name>
2026-09-22T18:41:24.0564218Z hint:
2026-09-22T18:41:24.0565156Z hint: Names commonly chosen instead of 'master' are 'main', 'trunk' and
2026-09-22T18:41:24.0566687Z hint: 'development'. The just-created branch can be renamed via this command:
2026-09-22T18:41:24.0567899Z hint:
2026-09-22T18:41:24.0568553Z hint: 	git branch -m <name>
2026-09-22T18:41:24.0569303Z hint:
2026-09-22T18:41:24.0570348Z hint: Disable this message with "git config set advice.defaultBranchName false"
2026-09-22T18:41:24.0571961Z Initialized empty Git repository in /home/runner/_work/vortex/vortex/.git/
2026-09-22T18:41:24.0574431Z [command]/usr/bin/git remote add origin https://github.com/vortex-data/vortex
2026-09-22T18:41:24.0635039Z ##[endgroup]
2026-09-22T18:41:24.0636240Z ##[group]Disabling automatic garbage collection
2026-09-22T18:41:24.0638239Z [command]/usr/bin/git config --local gc.auto 0
2026-09-22T18:41:24.0657324Z ##[endgroup]
2026-09-22T18:41:24.0658427Z ##[group]Setting up auth
2026-09-22T18:41:24.0659250Z Removing SSH command configuration
2026-09-22T18:41:24.0660955Z [command]/usr/bin/git config --local --name-only --get-regexp core\.sshCommand
2026-09-22T18:41:24.0681430Z [command]/usr/bin/git submodule foreach --recursive sh -c "git config --local --name-only --get-regexp 'core\.sshCommand' && git config --local --unset-all 'core.sshCommand' || :"
2026-09-22T18:41:24.1276257Z Removing HTTP extra header
2026-09-22T18:41:24.1279673Z [command]/usr/bin/git config --local --name-only --get-regexp http\.https\:\/\/github\.com\/\.extraheader
2026-09-22T18:41:24.1301949Z [command]/usr/bin/git submodule foreach --recursive sh -c "git config --local --name-only --get-regexp 'http\.https\:\/\/github\.com\/\.extraheader' && git config --local --unset-all 'http.https://github.com/.extraheader' || :"
2026-09-22T18:41:24.1454798Z Removing includeIf entries pointing to credentials config files
2026-09-22T18:41:24.1456589Z [command]/usr/bin/git config --local --name-only --get-regexp ^includeIf\.gitdir:
2026-09-22T18:41:24.1478744Z [command]/usr/bin/git submodule foreach --recursive git config --local --show-origin --name-only --get-regexp remote.origin.url
2026-09-22T18:41:24.1627598Z [command]/usr/bin/git config --file /home/runner/_work/_temp/git-credentials-fcb6d704-9a22-4c97-80da-589eb174e0a8.config http.https://github.com/.extraheader AUTHORIZATION: basic ***
2026-09-22T18:41:24.1652391Z [command]/usr/bin/git config --local includeIf.gitdir:/home/runner/_work/vortex/vortex/.git.path /home/runner/_work/_temp/git-credentials-fcb6d704-9a22-4c97-80da-589eb174e0a8.config
2026-09-22T18:41:24.1671708Z [command]/usr/bin/git config --local includeIf.gitdir:/home/runner/_work/vortex/vortex/.git/worktrees/*.path /home/runner/_work/_temp/git-credentials-fcb6d704-9a22-4c97-80da-589eb174e0a8.config
2026-09-22T18:41:24.1696393Z [command]/usr/bin/git config --local includeIf.gitdir:/github/workspace/.git.path /github/runner_temp/git-credentials-fcb6d704-9a22-4c97-80da-589eb174e0a8.config
2026-09-22T18:41:24.1715594Z [command]/usr/bin/git config --local includeIf.gitdir:/github/workspace/.git/worktrees/*.path /github/runner_temp/git-credentials-fcb6d704-9a22-4c97-80da-589eb174e0a8.config
2026-09-22T18:41:24.1742713Z ##[endgroup]
2026-09-22T18:41:24.1743971Z ##[group]Fetching the repository
2026-09-22T18:41:24.1747770Z [command]/usr/bin/git -c protocol.version=2 fetch --no-tags --prune --no-recurse-submodules --depth=1 origin +243c32894bb68c57f4416bacc2a7dc5fa393bba4:refs/remotes/pull/9986/merge
2026-09-22T18:41:25.7729888Z From https://github.com/vortex-data/vortex
2026-09-22T18:41:25.7730363Z  * [new ref]         243c32894bb68c57f4416bacc2a7dc5fa393bba4 -> pull/9986/merge
2026-09-22T18:41:25.7731417Z ##[endgroup]
2026-09-22T18:41:25.7731735Z ##[group]Determining the checkout info
2026-09-22T18:41:25.7732084Z ##[endgroup]
2026-09-22T18:41:25.7734872Z [command]/usr/bin/git sparse-checkout disable
2026-09-22T18:41:25.7797776Z [command]/usr/bin/git config --local --unset-all extensions.worktreeConfig
2026-09-22T18:41:25.7819532Z ##[group]Checking out the ref
2026-09-22T18:41:25.7823380Z [command]/usr/bin/git checkout --progress --force refs/remotes/pull/9986/merge
2026-09-22T18:41:25.9393680Z Note: switching to 'refs/remotes/pull/9986/merge'.
2026-09-22T18:41:25.9393919Z 
2026-09-22T18:41:25.9394087Z You are in 'detached HEAD' state. You can look around, make experimental
2026-09-22T18:41:25.9394455Z changes and commit them, and you can discard any commits you make in this
2026-09-22T18:41:25.9394840Z state without impacting any branches by switching back to a branch.
2026-09-22T18:41:25.9395098Z 
2026-09-22T18:41:25.9395266Z If you want to create a new branch to retain commits you create, you may
2026-09-22T18:41:25.9395610Z do so (now or later) by using -c with the switch command. Example:
2026-09-22T18:41:25.9395810Z 
2026-09-22T18:41:25.9395914Z   git switch -c <new-branch-name>
2026-09-22T18:41:25.9396264Z 
2026-09-22T18:41:25.9396361Z Or undo this operation with:
2026-09-22T18:41:25.9396487Z 
2026-09-22T18:41:25.9396570Z   git switch -
2026-09-22T18:41:25.9396699Z 
2026-09-22T18:41:25.9396867Z Turn off this advice by setting config variable advice.detachedHead to false
2026-09-22T18:41:25.9397097Z 
2026-09-22T18:41:25.9397367Z HEAD is now at 243c328 Merge 31c9d94ee356a9a7b59fe7e2dbe890dab254ea71 into af4e9cb4934d90f2ca04b76864840e564821f939
2026-09-22T18:41:25.9405790Z ##[endgroup]
2026-09-22T18:41:25.9441111Z [command]/usr/bin/git log -1 --format=%H
2026-09-22T18:41:25.9458193Z 243c32894bb68c57f4416bacc2a7dc5fa393bba4
2026-09-22T18:41:25.9657925Z Prepare all required actions
2026-09-22T18:41:25.9658486Z Getting action download info
2026-09-22T18:41:26.0521519Z Download action repository 'dtolnay/rust-toolchain@6bed0761d98439e5a578e2877258200ad565ba87' (SHA:6bed0761d98439e5a578e2877258200ad565ba87)
2026-09-22T18:41:26.1399586Z ##[group]Run ./.github/actions/setup-prebuild
2026-09-22T18:41:26.1399845Z with:
2026-09-22T18:41:26.1401799Z   repo-token: ***
2026-09-22T18:41:26.1401990Z   components: clippy, rustfmt
2026-09-22T18:41:26.1402207Z   protoc-version: 29.3
2026-09-22T18:41:26.1402390Z   enable-sccache: false
2026-09-22T18:41:26.1402567Z env:
2026-09-22T18:41:26.1402726Z   CARGO_TERM_COLOR: always
2026-09-22T18:41:26.1402922Z   RUST_BACKTRACE: 1
2026-09-22T18:41:26.1403107Z   NIGHTLY_TOOLCHAIN: nightly-2026-09-10
2026-09-22T18:41:26.1403340Z   RUNNER_TOOL_CACHE: /opt/hostedtoolcache
2026-09-22T18:41:26.1403560Z   RUNS_ON_HOME: /runs-on
2026-09-22T18:41:26.1403747Z   RUNS_ON_VERSION: v3.3.0
2026-09-22T18:41:26.1403979Z   RUNS_ON_AGENT_BINARY: /runs-on/agent
2026-09-22T18:41:26.1404190Z   RUNS_ON_AGENT_ARCH: x64
2026-09-22T18:41:26.1404380Z   RUNS_ON_AGENT_USER: runner
2026-09-22T18:41:26.1404578Z   RUNS_ON_AMI_ID: ami-0d8875560af9e1401
2026-09-22T18:41:26.1404796Z   RUNS_ON_AWS_REGION: us-east-1
2026-09-22T18:41:26.1405008Z   RUNS_ON_AWS_AZ: us-east-1a
2026-09-22T18:41:26.1405220Z   RUNS_ON_ENV_CUSTOM_FILE: /runs-on/env.custom
2026-09-22T18:41:26.1405464Z   RUNS_ON_INSTANCE_ID: i-0e33259ff1ee1625d
2026-09-22T18:41:26.1405684Z   RUNS_ON_INSTANCE_LIFECYCLE: spot
2026-09-22T18:41:26.1405898Z   RUNS_ON_INSTANCE_TYPE: c7i.metal-24xl
2026-09-22T18:41:26.1406111Z   RUNS_ON_STACK_NAME: runs-on-v3
2026-09-22T18:41:26.1406375Z   RUNS_ON_S3_BUCKET_CACHE: runs-on-v3-s3bucketcache-dbnub4tpjhpv
2026-09-22T18:41:26.1406672Z   ACTIONS_RUNNER_HOOK_JOB_STARTED: /runs-on/pre.sh
2026-09-22T18:41:26.1406941Z   ACTIONS_RUNNER_HOOK_JOB_COMPLETED: /runs-on/post.sh
2026-09-22T18:41:26.1407200Z   GITHUB_SERVER_URL: https://github.com/
2026-09-22T18:41:26.1407441Z   GITHUB_API_URL: https://api.github.com/
2026-09-22T18:41:26.1407658Z   GITHUB_HOST: github.com
2026-09-22T18:41:26.1407900Z   RUNS_ON_RUNNER_NAME: runs-on--i-0e33259ff1ee1625d--07872980-9
2026-09-22T18:41:26.1408187Z   RUNS_ON_INSTANCE_LAUNCHED_AT: 2026-09-22T18:40:34Z
2026-09-22T18:41:26.1408437Z   ACTIONS_CACHE_URL: http://10.1.10.28:6871/
2026-09-22T18:41:26.1408665Z   ACTIONS_CACHE_SERVICE_V2: true
2026-09-22T18:41:26.1408877Z   ACTIONS_RESULTS_URL: http://10.1.10.28:6871/
2026-09-22T18:41:26.1409159Z   RUNS_ON_S3_CACHE_REPO_PREFIX: cache/repo/vortex-data/vortex
2026-09-22T18:41:26.1409432Z   RUNS_ON_ACTION_COST_TRACKING_CLAIMED: true
2026-09-22T18:41:26.1409677Z ##[endgroup]
2026-09-22T18:41:26.1459726Z ##[start-action display=Resolve toolchain config;id=__self.toolchain-config]
2026-09-22T18:41:26.1490470Z ##[group]Run DEFAULT_VERSION=$(grep channel rust-toolchain.toml | awk -F'"' '{print $2}')
2026-09-22T18:41:26.1490959Z [36;1mDEFAULT_VERSION=$(grep channel rust-toolchain.toml | awk -F'"' '{print $2}')[0m
2026-09-22T18:41:26.1491322Z [36;1mTOOLCHAIN="${TOOLCHAIN_OVERRIDE:-$DEFAULT_VERSION}"[0m
2026-09-22T18:41:26.1491615Z [36;1mecho "toolchain=$TOOLCHAIN" >> "$GITHUB_OUTPUT"[0m
2026-09-22T18:41:26.1491910Z [36;1mecho "RUSTUP_TOOLCHAIN=$DEFAULT_VERSION" >> "$GITHUB_ENV"[0m
2026-09-22T18:41:26.1516055Z shell: /usr/bin/bash --noprofile --norc -e -o pipefail {0}
2026-09-22T18:41:26.1516414Z env:
2026-09-22T18:41:26.1516587Z   CARGO_TERM_COLOR: always
2026-09-22T18:41:26.1516789Z   RUST_BACKTRACE: 1
2026-09-22T18:41:26.1516981Z   NIGHTLY_TOOLCHAIN: nightly-2026-09-10
2026-09-22T18:41:26.1517214Z   RUNNER_TOOL_CACHE: /opt/hostedtoolcache
2026-09-22T18:41:26.1517436Z   RUNS_ON_HOME: /runs-on
2026-09-22T18:41:26.1517625Z   RUNS_ON_VERSION: v3.3.0
2026-09-22T18:41:26.1517826Z   RUNS_ON_AGENT_BINARY: /runs-on/agent
2026-09-22T18:41:26.1518043Z   RUNS_ON_AGENT_ARCH: x64
2026-09-22T18:41:26.1518230Z   RUNS_ON_AGENT_USER: runner
2026-09-22T18:41:26.1518518Z   RUNS_ON_AMI_ID: ami-0d8875560af9e1401
2026-09-22T18:41:26.1518736Z   RUNS_ON_AWS_REGION: us-east-1
2026-09-22T18:41:26.1518943Z   RUNS_ON_AWS_AZ: us-east-1a
2026-09-22T18:41:26.1519158Z   RUNS_ON_ENV_CUSTOM_FILE: /runs-on/env.custom
2026-09-22T18:41:26.1519414Z   RUNS_ON_INSTANCE_ID: i-0e33259ff1ee1625d
2026-09-22T18:41:26.1519711Z   RUNS_ON_INSTANCE_LIFECYCLE: spot
2026-09-22T18:41:26.1519928Z   RUNS_ON_INSTANCE_TYPE: c7i.metal-24xl
2026-09-22T18:41:26.1520149Z   RUNS_ON_STACK_NAME: runs-on-v3
2026-09-22T18:41:26.1520412Z   RUNS_ON_S3_BUCKET_CACHE: runs-on-v3-s3bucketcache-dbnub4tpjhpv
2026-09-22T18:41:26.1520711Z   ACTIONS_RUNNER_HOOK_JOB_STARTED: /runs-on/pre.sh
2026-09-22T18:41:26.1521024Z   ACTIONS_RUNNER_HOOK_JOB_COMPLETED: /runs-on/post.sh
2026-09-22T18:41:26.1521290Z   GITHUB_SERVER_URL: https://github.com/
2026-09-22T18:41:26.1521527Z   GITHUB_API_URL: https://api.github.com/
2026-09-22T18:41:26.1521766Z   GITHUB_HOST: github.com
2026-09-22T18:41:26.1522007Z   RUNS_ON_RUNNER_NAME: runs-on--i-0e33259ff1ee1625d--07872980-9
2026-09-22T18:41:26.1522298Z   RUNS_ON_INSTANCE_LAUNCHED_AT: 2026-09-22T18:40:34Z
2026-09-22T18:41:26.1522555Z   ACTIONS_CACHE_URL: http://10.1.10.28:6871/
2026-09-22T18:41:26.1522780Z   ACTIONS_CACHE_SERVICE_V2: true
2026-09-22T18:41:26.1522995Z   ACTIONS_RESULTS_URL: http://10.1.10.28:6871/
2026-09-22T18:41:26.1523264Z   RUNS_ON_S3_CACHE_REPO_PREFIX: cache/repo/vortex-data/vortex
2026-09-22T18:41:26.1523534Z   RUNS_ON_ACTION_COST_TRACKING_CLAIMED: true
2026-09-22T18:41:26.1523755Z   TOOLCHAIN_OVERRIDE: 
2026-09-22T18:41:26.1523932Z ##[endgroup]
2026-09-22T18:41:26.1602451Z ##[end-action id=__self.toolchain-config;outcome=success;conclusion=success;duration_ms=14]
2026-09-22T18:41:26.1604489Z ##[start-action display=Check for rustup;id=__self.check-rustup]
2026-09-22T18:41:26.1620967Z ##[group]Run echo "exists=$(command -v rustup &> /dev/null && echo 'true' || echo 'false')" >> "$GITHUB_OUTPUT"
2026-09-22T18:41:26.1621510Z [36;1mecho "exists=$(command -v rustup &> /dev/null && echo 'true' || echo 'false')" >> "$GITHUB_OUTPUT"[0m
2026-09-22T18:41:26.1644618Z shell: /usr/bin/bash --noprofile --norc -e -o pipefail {0}
2026-09-22T18:41:26.1644888Z env:
2026-09-22T18:41:26.1645062Z   CARGO_TERM_COLOR: always
2026-09-22T18:41:26.1645256Z   RUST_BACKTRACE: 1
2026-09-22T18:41:26.1645446Z   NIGHTLY_TOOLCHAIN: nightly-2026-09-10
2026-09-22T18:41:26.1645693Z   RUNNER_TOOL_CACHE: /opt/hostedtoolcache
2026-09-22T18:41:26.1645919Z   RUNS_ON_HOME: /runs-on
2026-09-22T18:41:26.1646108Z   RUNS_ON_VERSION: v3.3.0
2026-09-22T18:41:26.1646307Z   RUNS_ON_AGENT_BINARY: /runs-on/agent
2026-09-22T18:41:26.1646517Z   RUNS_ON_AGENT_ARCH: x64
2026-09-22T18:41:26.1646704Z   RUNS_ON_AGENT_USER: runner
2026-09-22T18:41:26.1646909Z   RUNS_ON_AMI_ID: ami-0d8875560af9e1401
2026-09-22T18:41:26.1647119Z   RUNS_ON_AWS_REGION: us-east-1
2026-09-22T18:41:26.1647328Z   RUNS_ON_AWS_AZ: us-east-1a
2026-09-22T18:41:26.1647546Z   RUNS_ON_ENV_CUSTOM_FILE: /runs-on/env.custom
2026-09-22T18:41:26.1647785Z   RUNS_ON_INSTANCE_ID: i-0e33259ff1ee1625d
2026-09-22T18:41:26.1648014Z   RUNS_ON_INSTANCE_LIFECYCLE: spot
2026-09-22T18:41:26.1648228Z   RUNS_ON_INSTANCE_TYPE: c7i.metal-24xl
2026-09-22T18:41:26.1648446Z   RUNS_ON_STACK_NAME: runs-on-v3
2026-09-22T18:41:26.1648702Z   RUNS_ON_S3_BUCKET_CACHE: runs-on-v3-s3bucketcache-dbnub4tpjhpv
2026-09-22T18:41:26.1649002Z   ACTIONS_RUNNER_HOOK_JOB_STARTED: /runs-on/pre.sh
2026-09-22T18:41:26.1649274Z   ACTIONS_RUNNER_HOOK_JOB_COMPLETED: /runs-on/post.sh
2026-09-22T18:41:26.1649700Z   GITHUB_SERVER_URL: https://github.com/
2026-09-22T18:41:26.1649936Z   GITHUB_API_URL: https://api.github.com/
2026-09-22T18:41:26.1650155Z   GITHUB_HOST: github.com
2026-09-22T18:41:26.1650394Z   RUNS_ON_RUNNER_NAME: runs-on--i-0e33259ff1ee1625d--07872980-9
2026-09-22T18:41:26.1650694Z   RUNS_ON_INSTANCE_LAUNCHED_AT: 2026-09-22T18:40:34Z
2026-09-22T18:41:26.1650941Z   ACTIONS_CACHE_URL: http://10.1.10.28:6871/
2026-09-22T18:41:26.1651170Z   ACTIONS_CACHE_SERVICE_V2: true
2026-09-22T18:41:26.1651385Z   ACTIONS_RESULTS_URL: http://10.1.10.28:6871/
2026-09-22T18:41:26.1651757Z   RUNS_ON_S3_CACHE_REPO_PREFIX: cache/repo/vortex-data/vortex
2026-09-22T18:41:26.1652038Z   RUNS_ON_ACTION_COST_TRACKING_CLAIMED: true
2026-09-22T18:41:26.1652259Z   RUSTUP_TOOLCHAIN: 1.98.0
2026-09-22T18:41:26.1652446Z ##[endgroup]
2026-09-22T18:41:26.1701061Z ##[end-action id=__self.check-rustup;outcome=success;conclusion=success;duration_ms=9]
2026-09-22T18:41:26.1702837Z ##[start-action display=Install Rust;id=__self.__dtolnay_rust-toolchain]
2026-09-22T18:41:26.1710774Z ##[end-action id=__self.__dtolnay_rust-toolchain;outcome=skipped;conclusion=skipped;duration_ms=0]
2026-09-22T18:41:26.1713409Z ##[start-action display=Reconcile prebuilt Rust installation;id=__self.__run]
2026-09-22T18:41:26.1730432Z ##[group]Run TOOLCHAIN_FOUND=false
2026-09-22T18:41:26.1730728Z [36;1mTOOLCHAIN_FOUND=false[0m
2026-09-22T18:41:26.1731003Z [36;1mfor INSTALLED in $(rustup toolchain list | awk '{print $1}'); do[0m
2026-09-22T18:41:26.1731298Z [36;1m  case "$INSTALLED" in[0m
2026-09-22T18:41:26.1731559Z [36;1m    "$TOOLCHAIN"|"$TOOLCHAIN"-*) TOOLCHAIN_FOUND=true ;;[0m
2026-09-22T18:41:26.1731807Z [36;1m  esac[0m
2026-09-22T18:41:26.1731974Z [36;1mdone[0m
2026-09-22T18:41:26.1732160Z [36;1mif [ "$TOOLCHAIN_FOUND" != true ]; then[0m
2026-09-22T18:41:26.1732541Z [36;1m  rustup toolchain install "$TOOLCHAIN" --profile minimal[0m
2026-09-22T18:41:26.1732812Z [36;1mfi[0m
2026-09-22T18:41:26.1732976Z [36;1m[0m
2026-09-22T18:41:26.1733202Z [36;1mTOOLCHAIN_HOST=$(rustc +"$TOOLCHAIN" --print host-tuple)[0m
2026-09-22T18:41:26.1733595Z [36;1mINSTALLED_COMPONENTS=$(rustup component list --toolchain "$TOOLCHAIN" --installed)[0m
2026-09-22T18:41:26.1733937Z [36;1mMISSING_COMPONENTS=()[0m
2026-09-22T18:41:26.1734187Z [36;1mIFS=',' read -ra REQUESTED_COMPONENTS <<< "$COMPONENTS"[0m
2026-09-22T18:41:26.1734485Z [36;1mfor COMPONENT in "${REQUESTED_COMPONENTS[@]}"; do[0m
2026-09-22T18:41:26.1734741Z [36;1m  COMPONENT=${COMPONENT// /}[0m
2026-09-22T18:41:26.1734976Z [36;1m  [ -z "$COMPONENT" ] && continue[0m
2026-09-22T18:41:26.1735216Z [36;1m  if [ "$COMPONENT" = llvm-tools ]; then[0m
2026-09-22T18:41:26.1735460Z [36;1m    COMPONENT=llvm-tools-preview[0m
2026-09-22T18:41:26.1735674Z [36;1m  fi[0m
2026-09-22T18:41:26.1735897Z [36;1m  if ! grep -Fqx "$COMPONENT" <<< "$INSTALLED_COMPONENTS" && \[0m
2026-09-22T18:41:26.1736357Z [36;1m     ! grep -Fqx "$COMPONENT-$TOOLCHAIN_HOST" <<< "$INSTALLED_COMPONENTS"; then[0m
2026-09-22T18:41:26.1736740Z [36;1m    MISSING_COMPONENTS+=("$COMPONENT")[0m
2026-09-22T18:41:26.1737030Z [36;1m  fi[0m
2026-09-22T18:41:26.1737230Z [36;1mdone[0m
2026-09-22T18:41:26.1737430Z [36;1mif [ ${#MISSING_COMPONENTS[@]} -gt 0 ]; then[0m
2026-09-22T18:41:26.1737753Z [36;1m  rustup component add --toolchain "$TOOLCHAIN" "${MISSING_COMPONENTS[@]}"[0m
2026-09-22T18:41:26.1738050Z [36;1mfi[0m
2026-09-22T18:41:26.1738199Z [36;1m[0m
2026-09-22T18:41:26.1738470Z [36;1mINSTALLED_TARGETS=$(rustup target list --toolchain "$TOOLCHAIN" --installed)[0m
2026-09-22T18:41:26.1738839Z [36;1mMISSING_TARGETS=()[0m
2026-09-22T18:41:26.1739072Z [36;1mIFS=',' read -ra REQUESTED_TARGETS <<< "$TARGETS"[0m
2026-09-22T18:41:26.1739340Z [36;1mfor TARGET in "${REQUESTED_TARGETS[@]}"; do[0m
2026-09-22T18:41:26.1739619Z [36;1m  TARGET=${TARGET// /}[0m
2026-09-22T18:41:26.1739832Z [36;1m  [ -z "$TARGET" ] && continue[0m
2026-09-22T18:41:26.1740086Z [36;1m  if ! grep -Fqx "$TARGET" <<< "$INSTALLED_TARGETS"; then[0m
2026-09-22T18:41:26.1740432Z [36;1m    MISSING_TARGETS+=("$TARGET")[0m
2026-09-22T18:41:26.1740638Z [36;1m  fi[0m
2026-09-22T18:41:26.1740796Z [36;1mdone[0m
2026-09-22T18:41:26.1740990Z [36;1mif [ ${#MISSING_TARGETS[@]} -gt 0 ]; then[0m
2026-09-22T18:41:26.1741299Z [36;1m  rustup target add --toolchain "$TOOLCHAIN" "${MISSING_TARGETS[@]}"[0m
2026-09-22T18:41:26.1741578Z [36;1mfi[0m
2026-09-22T18:41:26.1763346Z shell: /usr/bin/bash --noprofile --norc -e -o pipefail {0}
2026-09-22T18:41:26.1763629Z env:
2026-09-22T18:41:26.1763802Z   CARGO_TERM_COLOR: always
2026-09-22T18:41:26.1764074Z   RUST_BACKTRACE: 1
2026-09-22T18:41:26.1764269Z   NIGHTLY_TOOLCHAIN: nightly-2026-09-10
2026-09-22T18:41:26.1764517Z   RUNNER_TOOL_CACHE: /opt/hostedtoolcache
2026-09-22T18:41:26.1764742Z   RUNS_ON_HOME: /runs-on
2026-09-22T18:41:26.1764937Z   RUNS_ON_VERSION: v3.3.0
2026-09-22T18:41:26.1765137Z   RUNS_ON_AGENT_BINARY: /runs-on/agent
2026-09-22T18:41:26.1765349Z   RUNS_ON_AGENT_ARCH: x64
2026-09-22T18:41:26.1765532Z   RUNS_ON_AGENT_USER: runner
2026-09-22T18:41:26.1765734Z   RUNS_ON_AMI_ID: ami-0d8875560af9e1401
2026-09-22T18:41:26.1765947Z   RUNS_ON_AWS_REGION: us-east-1
2026-09-22T18:41:26.1766147Z   RUNS_ON_AWS_AZ: us-east-1a
2026-09-22T18:41:26.1766361Z   RUNS_ON_ENV_CUSTOM_FILE: /runs-on/env.custom
2026-09-22T18:41:26.1766603Z   RUNS_ON_INSTANCE_ID: i-0e33259ff1ee1625d
2026-09-22T18:41:26.1766825Z   RUNS_ON_INSTANCE_LIFECYCLE: spot
2026-09-22T18:41:26.1767045Z   RUNS_ON_INSTANCE_TYPE: c7i.metal-24xl
2026-09-22T18:41:26.1767259Z   RUNS_ON_STACK_NAME: runs-on-v3
2026-09-22T18:41:26.1767520Z   RUNS_ON_S3_BUCKET_CACHE: runs-on-v3-s3bucketcache-dbnub4tpjhpv
2026-09-22T18:41:26.1767819Z   ACTIONS_RUNNER_HOOK_JOB_STARTED: /runs-on/pre.sh
2026-09-22T18:41:26.1768086Z   ACTIONS_RUNNER_HOOK_JOB_COMPLETED: /runs-on/post.sh
2026-09-22T18:41:26.1768359Z   GITHUB_SERVER_URL: https://github.com/
2026-09-22T18:41:26.1768603Z   GITHUB_API_URL: https://api.github.com/
2026-09-22T18:41:26.1768822Z   GITHUB_HOST: github.com
2026-09-22T18:41:26.1769063Z   RUNS_ON_RUNNER_NAME: runs-on--i-0e33259ff1ee1625d--07872980-9
2026-09-22T18:41:26.1769348Z   RUNS_ON_INSTANCE_LAUNCHED_AT: 2026-09-22T18:40:34Z
2026-09-22T18:41:26.1769629Z   ACTIONS_CACHE_URL: http://10.1.10.28:6871/
2026-09-22T18:41:26.1769862Z   ACTIONS_CACHE_SERVICE_V2: true
2026-09-22T18:41:26.1770085Z   ACTIONS_RESULTS_URL: http://10.1.10.28:6871/
2026-09-22T18:41:26.1770357Z   RUNS_ON_S3_CACHE_REPO_PREFIX: cache/repo/vortex-data/vortex
2026-09-22T18:41:26.1770628Z   RUNS_ON_ACTION_COST_TRACKING_CLAIMED: true
2026-09-22T18:41:26.1770849Z   RUSTUP_TOOLCHAIN: 1.98.0
2026-09-22T18:41:26.1771035Z   TOOLCHAIN: 1.98.0
2026-09-22T18:41:26.1771224Z   COMPONENTS: clippy, rustfmt
2026-09-22T18:41:26.1771422Z   TARGETS: 
2026-09-22T18:41:26.1771578Z ##[endgroup]
2026-09-22T18:41:26.3482423Z info: syncing channel updates for 1.98.0-x86_64-unknown-linux-gnu
2026-09-22T18:41:26.4703765Z info: latest update on 2026-08-20 for version 1.98.0 (88d9e12ae 2026-08-18)
2026-09-22T18:41:26.4732852Z info: downloading 3 components
2026-09-22T18:41:33.6410984Z info: syncing channel updates for 1.98.0-x86_64-unknown-linux-gnu
2026-09-22T18:41:33.6780209Z 
2026-09-22T18:41:33.6833716Z   1.98.0-x86_64-unknown-linux-gnu unchanged - rustc 1.98.0 (88d9e12ae 2026-08-18)
2026-09-22T18:41:33.6833979Z 
2026-09-22T18:41:33.7621376Z info: downloading component clippy
2026-09-22T18:41:34.3279851Z info: downloading component rustfmt
2026-09-22T18:41:34.6585316Z ##[end-action id=__self.__run;outcome=success;conclusion=success;duration_ms=8487]
2026-09-22T18:41:34.6588073Z ##[start-action display=Reconcile mold installation;id=__self.__run_2]
2026-09-22T18:41:34.6604991Z ##[group]Run if ! command -v mold >/dev/null; then
2026-09-22T18:41:34.6605348Z [36;1mif ! command -v mold >/dev/null; then[0m
2026-09-22T18:41:34.6605635Z [36;1m  sudo apt-get update[0m
2026-09-22T18:41:34.6605887Z [36;1m  sudo apt-get install -y mold[0m
2026-09-22T18:41:34.6606133Z [36;1mfi[0m
2026-09-22T18:41:34.6631157Z shell: /usr/bin/bash --noprofile --norc -e -o pipefail {0}
2026-09-22T18:41:34.6631497Z env:
2026-09-22T18:41:34.6631699Z   CARGO_TERM_COLOR: always
2026-09-22T18:41:34.6631920Z   RUST_BACKTRACE: 1
2026-09-22T18:41:34.6632139Z   NIGHTLY_TOOLCHAIN: nightly-2026-09-10
2026-09-22T18:41:34.6632411Z   RUNNER_TOOL_CACHE: /opt/hostedtoolcache
2026-09-22T18:41:34.6632663Z   RUNS_ON_HOME: /runs-on
2026-09-22T18:41:34.6632891Z   RUNS_ON_VERSION: v3.3.0
2026-09-22T18:41:34.6633116Z   RUNS_ON_AGENT_BINARY: /runs-on/agent
2026-09-22T18:41:34.6633361Z   RUNS_ON_AGENT_ARCH: x64
2026-09-22T18:41:34.6633695Z   RUNS_ON_AGENT_USER: runner
2026-09-22T18:41:34.6633928Z   RUNS_ON_AMI_ID: ami-0d8875560af9e1401
2026-09-22T18:41:34.6634181Z   RUNS_ON_AWS_REGION: us-east-1
2026-09-22T18:41:34.6634416Z   RUNS_ON_AWS_AZ: us-east-1a
2026-09-22T18:41:34.6634670Z   RUNS_ON_ENV_CUSTOM_FILE: /runs-on/env.custom
2026-09-22T18:41:34.6634947Z   RUNS_ON_INSTANCE_ID: i-0e33259ff1ee1625d
2026-09-22T18:41:34.6635215Z   RUNS_ON_INSTANCE_LIFECYCLE: spot
2026-09-22T18:41:34.6635461Z   RUNS_ON_INSTANCE_TYPE: c7i.metal-24xl
2026-09-22T18:41:34.6635711Z   RUNS_ON_STACK_NAME: runs-on-v3
2026-09-22T18:41:34.6636014Z   RUNS_ON_S3_BUCKET_CACHE: runs-on-v3-s3bucketcache-dbnub4tpjhpv
2026-09-22T18:41:34.6636366Z   ACTIONS_RUNNER_HOOK_JOB_STARTED: /runs-on/pre.sh
2026-09-22T18:41:34.6636678Z   ACTIONS_RUNNER_HOOK_JOB_COMPLETED: /runs-on/post.sh
2026-09-22T18:41:34.6636988Z   GITHUB_SERVER_URL: https://github.com/
2026-09-22T18:41:34.6637281Z   GITHUB_API_URL: https://api.github.com/
2026-09-22T18:41:34.6637535Z   GITHUB_HOST: github.com
2026-09-22T18:41:34.6637822Z   RUNS_ON_RUNNER_NAME: runs-on--i-0e33259ff1ee1625d--07872980-9
2026-09-22T18:41:34.6638157Z   RUNS_ON_INSTANCE_LAUNCHED_AT: 2026-09-22T18:40:34Z
2026-09-22T18:41:34.6638446Z   ACTIONS_CACHE_URL: http://10.1.10.28:6871/
2026-09-22T18:41:34.6638711Z   ACTIONS_CACHE_SERVICE_V2: true
2026-09-22T18:41:34.6638959Z   ACTIONS_RESULTS_URL: http://10.1.10.28:6871/
2026-09-22T18:41:34.6639281Z   RUNS_ON_S3_CACHE_REPO_PREFIX: cache/repo/vortex-data/vortex
2026-09-22T18:41:34.6639682Z   RUNS_ON_ACTION_COST_TRACKING_CLAIMED: true
2026-09-22T18:41:34.6639944Z   RUSTUP_TOOLCHAIN: 1.98.0
2026-09-22T18:41:34.6640162Z ##[endgroup]
2026-09-22T18:41:34.6706134Z ##[end-action id=__self.__run_2;outcome=success;conclusion=success;duration_ms=11]
2026-09-22T18:41:34.6709058Z ##[start-action display=Check protoc installation;id=__self.check-protoc]
2026-09-22T18:41:34.6724274Z ##[group]Run EXPECTED="libprotoc $PROTOC_VERSION"
2026-09-22T18:41:34.6724616Z [36;1mEXPECTED="libprotoc $PROTOC_VERSION"[0m
2026-09-22T18:41:34.6724959Z [36;1mACTUAL=$(protoc --version 2>/dev/null || true)[0m
2026-09-22T18:41:34.6725387Z [36;1mecho "install=$([ "$ACTUAL" = "$EXPECTED" ] && echo false || echo true)" >> "$GITHUB_OUTPUT"[0m
2026-09-22T18:41:34.6746263Z shell: /usr/bin/bash --noprofile --norc -e -o pipefail {0}
2026-09-22T18:41:34.6746576Z env:
2026-09-22T18:41:34.6746773Z   CARGO_TERM_COLOR: always
2026-09-22T18:41:34.6747005Z   RUST_BACKTRACE: 1
2026-09-22T18:41:34.6747228Z   NIGHTLY_TOOLCHAIN: nightly-2026-09-10
2026-09-22T18:41:34.6747510Z   RUNNER_TOOL_CACHE: /opt/hostedtoolcache
2026-09-22T18:41:34.6747771Z   RUNS_ON_HOME: /runs-on
2026-09-22T18:41:34.6747988Z   RUNS_ON_VERSION: v3.3.0
2026-09-22T18:41:34.6748217Z   RUNS_ON_AGENT_BINARY: /runs-on/agent
2026-09-22T18:41:34.6748461Z   RUNS_ON_AGENT_ARCH: x64
2026-09-22T18:41:34.6748680Z   RUNS_ON_AGENT_USER: runner
2026-09-22T18:41:34.6748921Z   RUNS_ON_AMI_ID: ami-0d8875560af9e1401
2026-09-22T18:41:34.6749171Z   RUNS_ON_AWS_REGION: us-east-1
2026-09-22T18:41:34.6749409Z   RUNS_ON_AWS_AZ: us-east-1a
2026-09-22T18:41:34.6749701Z   RUNS_ON_ENV_CUSTOM_FILE: /runs-on/env.custom
2026-09-22T18:41:34.6749982Z   RUNS_ON_INSTANCE_ID: i-0e33259ff1ee1625d
2026-09-22T18:41:34.6750241Z   RUNS_ON_INSTANCE_LIFECYCLE: spot
2026-09-22T18:41:34.6750500Z   RUNS_ON_INSTANCE_TYPE: c7i.metal-24xl
2026-09-22T18:41:34.6750750Z   RUNS_ON_STACK_NAME: runs-on-v3
2026-09-22T18:41:34.6751172Z   RUNS_ON_S3_BUCKET_CACHE: runs-on-v3-s3bucketcache-dbnub4tpjhpv
2026-09-22T18:41:34.6751529Z   ACTIONS_RUNNER_HOOK_JOB_STARTED: /runs-on/pre.sh
2026-09-22T18:41:34.6751847Z   ACTIONS_RUNNER_HOOK_JOB_COMPLETED: /runs-on/post.sh
2026-09-22T18:41:34.6752163Z   GITHUB_SERVER_URL: https://github.com/
2026-09-22T18:41:34.6752451Z   GITHUB_API_URL: https://api.github.com/
2026-09-22T18:41:34.6752711Z   GITHUB_HOST: github.com
2026-09-22T18:41:34.6752988Z   RUNS_ON_RUNNER_NAME: runs-on--i-0e33259ff1ee1625d--07872980-9
2026-09-22T18:41:34.6753324Z   RUNS_ON_INSTANCE_LAUNCHED_AT: 2026-09-22T18:40:34Z
2026-09-22T18:41:34.6753685Z   ACTIONS_CACHE_URL: http://10.1.10.28:6871/
2026-09-22T18:41:34.6753965Z   ACTIONS_CACHE_SERVICE_V2: true
2026-09-22T18:41:34.6754216Z   ACTIONS_RESULTS_URL: http://10.1.10.28:6871/
2026-09-22T18:41:34.6754534Z   RUNS_ON_S3_CACHE_REPO_PREFIX: cache/repo/vortex-data/vortex
2026-09-22T18:41:34.6754848Z   RUNS_ON_ACTION_COST_TRACKING_CLAIMED: true
2026-09-22T18:41:34.6755103Z   RUSTUP_TOOLCHAIN: 1.98.0
2026-09-22T18:41:34.6755323Z   PROTOC_VERSION: 29.3
2026-09-22T18:41:34.6755531Z ##[endgroup]
2026-09-22T18:41:34.7333245Z ##[end-action id=__self.check-protoc;outcome=success;conclusion=success;duration_ms=62]
2026-09-22T18:41:34.7334931Z ##[start-action display=Install protoc;id=__self.__self]
2026-09-22T18:41:34.7338841Z ##[end-action id=__self.__self;outcome=skipped;conclusion=skipped;duration_ms=0]
2026-09-22T18:41:34.7340260Z ##[start-action display=Install sccache;id=__self.__self_2]
2026-09-22T18:41:34.7343649Z ##[end-action id=__self.__self_2;outcome=skipped;conclusion=skipped;duration_ms=0]
2026-09-22T18:41:34.7344909Z ##[start-action display=Configure sccache timeout;id=__self.__run_3]
2026-09-22T18:41:34.7348084Z ##[end-action id=__self.__run_3;outcome=skipped;conclusion=skipped;duration_ms=0]
2026-09-22T18:41:34.7349313Z ##[start-action display=Enable compiler caching;id=__self.__run_4]
2026-09-22T18:41:34.7352492Z ##[end-action id=__self.__run_4;outcome=skipped;conclusion=skipped;duration_ms=0]
2026-09-22T18:41:34.7354192Z ##[start-action display=Full Rust setup;id=__self.__self_3]
2026-09-22T18:41:34.7357262Z ##[end-action id=__self.__self_3;outcome=skipped;conclusion=skipped;duration_ms=0]
2026-09-22T18:41:34.7358878Z ##[start-action display=Install flatc (for FlatBuffers code generation);id=__self.__self_4]
2026-09-22T18:41:34.7379685Z Prepare all required actions
2026-09-22T18:41:34.7408719Z ##[group]Run ./.github/actions/setup-flatc
2026-09-22T18:41:34.7408991Z with:
2026-09-22T18:41:34.7409221Z   flatc_version: 25.12.19
2026-09-22T18:41:34.7409568Z env:
2026-09-22T18:41:34.7409793Z   CARGO_TERM_COLOR: always
2026-09-22T18:41:34.7410061Z   RUST_BACKTRACE: 1
2026-09-22T18:41:34.7410293Z   NIGHTLY_TOOLCHAIN: nightly-2026-09-10
2026-09-22T18:41:34.7410589Z   RUNNER_TOOL_CACHE: /opt/hostedtoolcache
2026-09-22T18:41:34.7410856Z   RUNS_ON_HOME: /runs-on
2026-09-22T18:41:34.7411087Z   RUNS_ON_VERSION: v3.3.0
2026-09-22T18:41:34.7411359Z   RUNS_ON_AGENT_BINARY: /runs-on/agent
2026-09-22T18:41:34.7411618Z   RUNS_ON_AGENT_ARCH: x64
2026-09-22T18:41:34.7411866Z   RUNS_ON_AGENT_USER: runner
2026-09-22T18:41:34.7412114Z   RUNS_ON_AMI_ID: ami-0d8875560af9e1401
2026-09-22T18:41:34.7412370Z   RUNS_ON_AWS_REGION: us-east-1
2026-09-22T18:41:34.7412625Z   RUNS_ON_AWS_AZ: us-east-1a
2026-09-22T18:41:34.7412904Z   RUNS_ON_ENV_CUSTOM_FILE: /runs-on/env.custom
2026-09-22T18:41:34.7413207Z   RUNS_ON_INSTANCE_ID: i-0e33259ff1ee1625d
2026-09-22T18:41:34.7413480Z   RUNS_ON_INSTANCE_LIFECYCLE: spot
2026-09-22T18:41:34.7413737Z   RUNS_ON_INSTANCE_TYPE: c7i.metal-24xl
2026-09-22T18:41:34.7414004Z   RUNS_ON_STACK_NAME: runs-on-v3
2026-09-22T18:41:34.7414304Z   RUNS_ON_S3_BUCKET_CACHE: runs-on-v3-s3bucketcache-dbnub4tpjhpv
2026-09-22T18:41:34.7414685Z   ACTIONS_RUNNER_HOOK_JOB_STARTED: /runs-on/pre.sh
2026-09-22T18:41:34.7415090Z   ACTIONS_RUNNER_HOOK_JOB_COMPLETED: /runs-on/post.sh
2026-09-22T18:41:34.7415398Z   GITHUB_SERVER_URL: https://github.com/
2026-09-22T18:41:34.7415689Z   GITHUB_API_URL: https://api.github.com/
2026-09-22T18:41:34.7416037Z   GITHUB_HOST: github.com
2026-09-22T18:41:34.7416347Z   RUNS_ON_RUNNER_NAME: runs-on--i-0e33259ff1ee1625d--07872980-9
2026-09-22T18:41:34.7416687Z   RUNS_ON_INSTANCE_LAUNCHED_AT: 2026-09-22T18:40:34Z
2026-09-22T18:41:34.7416985Z   ACTIONS_CACHE_URL: http://10.1.10.28:6871/
2026-09-22T18:41:34.7417268Z   ACTIONS_CACHE_SERVICE_V2: true
2026-09-22T18:41:34.7417543Z   ACTIONS_RESULTS_URL: http://10.1.10.28:6871/
2026-09-22T18:41:34.7417883Z   RUNS_ON_S3_CACHE_REPO_PREFIX: cache/repo/vortex-data/vortex
2026-09-22T18:41:34.7418204Z   RUNS_ON_ACTION_COST_TRACKING_CLAIMED: true
2026-09-22T18:41:34.7418528Z   RUSTUP_TOOLCHAIN: 1.98.0
2026-09-22T18:41:34.7418765Z ##[endgroup]
2026-09-22T18:41:34.7421752Z ##[start-action display=Install flatc;id=__self.__self_4.__run]
2026-09-22T18:41:34.7449348Z ##[group]Run set -euo pipefail
2026-09-22T18:41:34.7449823Z [36;1mset -euo pipefail[0m
2026-09-22T18:41:34.7450081Z [36;1m[0m
2026-09-22T18:41:34.7450328Z [36;1mVERSION="25.12.19"[0m
2026-09-22T18:41:34.7450679Z [36;1mif [ "$(flatc --version 2>/dev/null)" = "flatc version ${VERSION}" ]; then[0m
2026-09-22T18:41:34.7451101Z [36;1m  echo "flatc ${VERSION} is already installed"[0m
2026-09-22T18:41:34.7451417Z [36;1m  exit 0[0m
2026-09-22T18:41:34.7451633Z [36;1mfi[0m
2026-09-22T18:41:34.7451870Z [36;1m[0m
2026-09-22T18:41:34.7452094Z [36;1mARCH=$(uname -m)[0m
2026-09-22T18:41:34.7452367Z [36;1mOS=$(uname -s | tr '[:upper:]' '[:lower:]')[0m
2026-09-22T18:41:34.7452704Z [36;1m[0m
2026-09-22T18:41:34.7453003Z [36;1m# Official binaries exist for x86_64 glibc Linux, macOS and Windows only.[0m
2026-09-22T18:41:34.7453380Z [36;1mASSET=""[0m
2026-09-22T18:41:34.7453608Z [36;1mcase "$OS" in[0m
2026-09-22T18:41:34.7453853Z [36;1m  linux)[0m
2026-09-22T18:41:34.7454195Z [36;1m    if [ "$ARCH" = "x86_64" ] && ! ldd /bin/sh 2>&1 | grep -qi musl; then[0m
2026-09-22T18:41:34.7454547Z [36;1m      ASSET="Linux.flatc.binary.clang++-18.zip"[0m
2026-09-22T18:41:34.7454862Z [36;1m    fi[0m
2026-09-22T18:41:34.7455078Z [36;1m    ;;[0m
2026-09-22T18:41:34.7455299Z [36;1m  darwin)[0m
2026-09-22T18:41:34.7455559Z [36;1m    case "$ARCH" in[0m
2026-09-22T18:41:34.7455857Z [36;1m      arm64)  ASSET="Mac.flatc.binary.zip" ;;[0m
2026-09-22T18:41:34.7456213Z [36;1m      x86_64) ASSET="MacIntel.flatc.binary.zip" ;;[0m
2026-09-22T18:41:34.7456514Z [36;1m    esac[0m
2026-09-22T18:41:34.7456731Z [36;1m    ;;[0m
2026-09-22T18:41:34.7457002Z [36;1m  *) ASSET="Windows.flatc.binary.zip" ;;[0m
2026-09-22T18:41:34.7457294Z [36;1mesac[0m
2026-09-22T18:41:34.7457529Z [36;1m[0m
2026-09-22T18:41:34.7457853Z [36;1m# This sometimes runs in a container where the user is root and there is no sudo.[0m
2026-09-22T18:41:34.7458237Z [36;1mif command -v sudo &>/dev/null[0m
2026-09-22T18:41:34.7458525Z [36;1mthen[0m
2026-09-22T18:41:34.7458742Z [36;1m  CMD=sudo[0m
2026-09-22T18:41:34.7458997Z [36;1melse[0m
2026-09-22T18:41:34.7459207Z [36;1m  CMD=[0m
2026-09-22T18:41:34.7459419Z [36;1mfi[0m
2026-09-22T18:41:34.7459697Z [36;1m[0m
2026-09-22T18:41:34.7460035Z [36;1mRELEASE="https://github.com/google/flatbuffers/releases/download/v${VERSION}"[0m
2026-09-22T18:41:34.7460429Z [36;1mif [ -n "$ASSET" ]; then[0m
2026-09-22T18:41:34.7460765Z [36;1m  curl -fsSL -o /tmp/flatc.zip "${RELEASE}/${ASSET}"[0m
2026-09-22T18:41:34.7461103Z [36;1m  unzip -o /tmp/flatc.zip -d /tmp/flatc[0m
2026-09-22T18:41:34.7461427Z [36;1m  rm -f /tmp/flatc.zip[0m
2026-09-22T18:41:34.7461675Z [36;1melse[0m
2026-09-22T18:41:34.7462010Z [36;1m  echo "No official flatc binary for ${OS}/${ARCH}; building ${VERSION} from source"[0m
2026-09-22T18:41:34.7462449Z [36;1m  git clone --depth 1 --branch "v${VERSION}" \[0m
2026-09-22T18:41:34.7462815Z [36;1m    https://github.com/google/flatbuffers.git /tmp/flatbuffers[0m
2026-09-22T18:41:34.7463235Z [36;1m  cmake -S /tmp/flatbuffers -B /tmp/flatbuffers/build \[0m
2026-09-22T18:41:34.7463563Z [36;1m    -DCMAKE_BUILD_TYPE=Release \[0m
2026-09-22T18:41:34.7463870Z [36;1m    -DFLATBUFFERS_BUILD_TESTS=OFF \[0m
2026-09-22T18:41:34.7464315Z [36;1m    -DFLATBUFFERS_BUILD_FLATLIB=OFF \[0m
2026-09-22T18:41:34.7464634Z [36;1m    -DFLATBUFFERS_BUILD_FLATHASH=OFF \[0m
2026-09-22T18:41:34.7464942Z [36;1m    -DFLATBUFFERS_INSTALL=OFF[0m
2026-09-22T18:41:34.7465266Z [36;1m  cmake --build /tmp/flatbuffers/build --target flatc \[0m
2026-09-22T18:41:34.7465705Z [36;1m    --parallel "$(nproc 2>/dev/null || echo 4)"[0m
2026-09-22T18:41:34.7466043Z [36;1m  mkdir -p /tmp/flatc[0m
2026-09-22T18:41:34.7466376Z [36;1m  mv /tmp/flatbuffers/build/flatc /tmp/flatc/flatc[0m
2026-09-22T18:41:34.7466753Z [36;1m  rm -rf /tmp/flatbuffers[0m
2026-09-22T18:41:34.7467019Z [36;1mfi[0m
2026-09-22T18:41:34.7467248Z [36;1m[0m
2026-09-22T18:41:34.7467505Z [36;1mif [ "$OS" = "linux" ] || [ "$OS" = "darwin" ]; then[0m
2026-09-22T18:41:34.7467882Z [36;1m  $CMD mv /tmp/flatc/flatc /usr/local/bin/[0m
2026-09-22T18:41:34.7468174Z [36;1melse[0m
2026-09-22T18:41:34.7468478Z [36;1m  # Windows runners do not have /usr/local/bin on PATH for non-bash steps.[0m
2026-09-22T18:41:34.7468857Z [36;1m  mkdir -p "$HOME/.local/bin"[0m
2026-09-22T18:41:34.7469171Z [36;1m  mv /tmp/flatc/flatc.exe "$HOME/.local/bin/"[0m
2026-09-22T18:41:34.7469571Z [36;1m  cygpath -w "$HOME/.local/bin" >> "$GITHUB_PATH"[0m
2026-09-22T18:41:34.7469894Z [36;1m  export PATH="$HOME/.local/bin:$PATH"[0m
2026-09-22T18:41:34.7470166Z [36;1mfi[0m
2026-09-22T18:41:34.7470386Z [36;1m[0m
2026-09-22T18:41:34.7470620Z [36;1mrm -rf /tmp/flatc[0m
2026-09-22T18:41:34.7470900Z [36;1mflatc --version[0m
2026-09-22T18:41:34.7487966Z shell: /usr/bin/bash --noprofile --norc -e -o pipefail {0}
2026-09-22T18:41:34.7488353Z env:
2026-09-22T18:41:34.7488587Z   CARGO_TERM_COLOR: always
2026-09-22T18:41:34.7488847Z   RUST_BACKTRACE: 1
2026-09-22T18:41:34.7489106Z   NIGHTLY_TOOLCHAIN: nightly-2026-09-10
2026-09-22T18:41:34.7489411Z   RUNNER_TOOL_CACHE: /opt/hostedtoolcache
2026-09-22T18:41:34.7489774Z   RUNS_ON_HOME: /runs-on
2026-09-22T18:41:34.7490028Z   RUNS_ON_VERSION: v3.3.0
2026-09-22T18:41:34.7490288Z   RUNS_ON_AGENT_BINARY: /runs-on/agent
2026-09-22T18:41:34.7490572Z   RUNS_ON_AGENT_ARCH: x64
2026-09-22T18:41:34.7490823Z   RUNS_ON_AGENT_USER: runner
2026-09-22T18:41:34.7491118Z   RUNS_ON_AMI_ID: ami-0d8875560af9e1401
2026-09-22T18:41:34.7491473Z   RUNS_ON_AWS_REGION: us-east-1
2026-09-22T18:41:34.7491736Z   RUNS_ON_AWS_AZ: us-east-1a
2026-09-22T18:41:34.7492016Z   RUNS_ON_ENV_CUSTOM_FILE: /runs-on/env.custom
2026-09-22T18:41:34.7492320Z   RUNS_ON_INSTANCE_ID: i-0e33259ff1ee1625d
2026-09-22T18:41:34.7492625Z   RUNS_ON_INSTANCE_LIFECYCLE: spot
2026-09-22T18:41:34.7492909Z   RUNS_ON_INSTANCE_TYPE: c7i.metal-24xl
2026-09-22T18:41:34.7493208Z   RUNS_ON_STACK_NAME: runs-on-v3
2026-09-22T18:41:34.7493530Z   RUNS_ON_S3_BUCKET_CACHE: runs-on-v3-s3bucketcache-dbnub4tpjhpv
2026-09-22T18:41:34.7493889Z   ACTIONS_RUNNER_HOOK_JOB_STARTED: /runs-on/pre.sh
2026-09-22T18:41:34.7494243Z   ACTIONS_RUNNER_HOOK_JOB_COMPLETED: /runs-on/post.sh
2026-09-22T18:41:34.7494560Z   GITHUB_SERVER_URL: https://github.com/
2026-09-22T18:41:34.7494879Z   GITHUB_API_URL: https://api.github.com/
2026-09-22T18:41:34.7495163Z   GITHUB_HOST: github.com
2026-09-22T18:41:34.7495460Z   RUNS_ON_RUNNER_NAME: runs-on--i-0e33259ff1ee1625d--07872980-9
2026-09-22T18:41:34.7495830Z   RUNS_ON_INSTANCE_LAUNCHED_AT: 2026-09-22T18:40:34Z
2026-09-22T18:41:34.7496134Z   ACTIONS_CACHE_URL: http://10.1.10.28:6871/
2026-09-22T18:41:34.7496440Z   ACTIONS_CACHE_SERVICE_V2: true
2026-09-22T18:41:34.7496718Z   ACTIONS_RESULTS_URL: http://10.1.10.28:6871/
2026-09-22T18:41:34.7497048Z   RUNS_ON_S3_CACHE_REPO_PREFIX: cache/repo/vortex-data/vortex
2026-09-22T18:41:34.7497401Z   RUNS_ON_ACTION_COST_TRACKING_CLAIMED: true
2026-09-22T18:41:34.7497677Z   RUSTUP_TOOLCHAIN: 1.98.0
2026-09-22T18:41:34.7497913Z ##[endgroup]
2026-09-22T18:41:34.7986361Z flatc 25.12.19 is already installed
2026-09-22T18:41:34.7991185Z ##[end-action id=__self.__self_4.__run;outcome=success;conclusion=success;duration_ms=56]
2026-09-22T18:41:34.8000565Z ##[end-action id=__self.__self_4;outcome=success;conclusion=success;duration_ms=64]
2026-09-22T18:41:34.8020298Z Prepare all required actions
2026-09-22T18:41:34.8040983Z ##[group]Run ./.github/actions/system-info
2026-09-22T18:41:34.8041290Z env:
2026-09-22T18:41:34.8041496Z   CARGO_TERM_COLOR: always
2026-09-22T18:41:34.8041767Z   RUST_BACKTRACE: 1
2026-09-22T18:41:34.8042029Z   NIGHTLY_TOOLCHAIN: nightly-2026-09-10
2026-09-22T18:41:34.8042370Z   RUNNER_TOOL_CACHE: /opt/hostedtoolcache
2026-09-22T18:41:34.8042652Z   RUNS_ON_HOME: /runs-on
2026-09-22T18:41:34.8042909Z   RUNS_ON_VERSION: v3.3.0
2026-09-22T18:41:34.8043196Z   RUNS_ON_AGENT_BINARY: /runs-on/agent
2026-09-22T18:41:34.8043497Z   RUNS_ON_AGENT_ARCH: x64
2026-09-22T18:41:34.8043739Z   RUNS_ON_AGENT_USER: runner
2026-09-22T18:41:34.8044004Z   RUNS_ON_AMI_ID: ami-0d8875560af9e1401
2026-09-22T18:41:34.8044276Z   RUNS_ON_AWS_REGION: us-east-1
2026-09-22T18:41:34.8044581Z   RUNS_ON_AWS_AZ: us-east-1a
2026-09-22T18:41:34.8044850Z   RUNS_ON_ENV_CUSTOM_FILE: /runs-on/env.custom
2026-09-22T18:41:34.8045230Z   RUNS_ON_INSTANCE_ID: i-0e33259ff1ee1625d
2026-09-22T18:41:34.8045510Z   RUNS_ON_INSTANCE_LIFECYCLE: spot
2026-09-22T18:41:34.8045775Z   RUNS_ON_INSTANCE_TYPE: c7i.metal-24xl
2026-09-22T18:41:34.8046071Z   RUNS_ON_STACK_NAME: runs-on-v3
2026-09-22T18:41:34.8046404Z   RUNS_ON_S3_BUCKET_CACHE: runs-on-v3-s3bucketcache-dbnub4tpjhpv
2026-09-22T18:41:34.8046781Z   ACTIONS_RUNNER_HOOK_JOB_STARTED: /runs-on/pre.sh
2026-09-22T18:41:34.8047116Z   ACTIONS_RUNNER_HOOK_JOB_COMPLETED: /runs-on/post.sh
2026-09-22T18:41:34.8047434Z   GITHUB_SERVER_URL: https://github.com/
2026-09-22T18:41:34.8047749Z   GITHUB_API_URL: https://api.github.com/
2026-09-22T18:41:34.8048020Z   GITHUB_HOST: github.com
2026-09-22T18:41:34.8048341Z   RUNS_ON_RUNNER_NAME: runs-on--i-0e33259ff1ee1625d--07872980-9
2026-09-22T18:41:34.8048684Z   RUNS_ON_INSTANCE_LAUNCHED_AT: 2026-09-22T18:40:34Z
2026-09-22T18:41:34.8048993Z   ACTIONS_CACHE_URL: http://10.1.10.28:6871/
2026-09-22T18:41:34.8049361Z   ACTIONS_CACHE_SERVICE_V2: true
2026-09-22T18:41:34.8049667Z   ACTIONS_RESULTS_URL: http://10.1.10.28:6871/
2026-09-22T18:41:34.8050031Z   RUNS_ON_S3_CACHE_REPO_PREFIX: cache/repo/vortex-data/vortex
2026-09-22T18:41:34.8050362Z   RUNS_ON_ACTION_COST_TRACKING_CLAIMED: true
2026-09-22T18:41:34.8050655Z   RUSTUP_TOOLCHAIN: 1.98.0
2026-09-22T18:41:34.8050907Z ##[endgroup]
2026-09-22T18:41:34.8053970Z ##[start-action display=CPU, Memory & Disk Info;id=__self_2.__run]
2026-09-22T18:41:34.8066341Z ##[group]Run echo "=== CPU Model ==="
2026-09-22T18:41:34.8066692Z [36;1mecho "=== CPU Model ==="[0m
2026-09-22T18:41:34.8066953Z [36;1mlscpu[0m
2026-09-22T18:41:34.8067225Z [36;1mecho "=== /proc/cpuinfo summary ==="[0m
2026-09-22T18:41:34.8067616Z [36;1m# x86 exposes "model name"; aarch64 has no such line (lscpu above covers it), and[0m
2026-09-22T18:41:34.8068102Z [36;1m# `shell: bash` runs with `set -e`, so a missing match must not fail the step.[0m
2026-09-22T18:41:34.8068527Z [36;1mgrep -m1 "model name" /proc/cpuinfo || true[0m
2026-09-22T18:41:34.8068835Z [36;1mnproc[0m
2026-09-22T18:41:34.8069103Z [36;1mecho "=== CPU Flags ==="[0m
2026-09-22T18:41:34.8069406Z [36;1m# x86 exposes "flags"; aarch64 exposes "Features".[0m
2026-09-22T18:41:34.8069802Z [36;1mgrep -m1 -E "^(flags|Features)" /proc/cpuinfo || true[0m
2026-09-22T18:41:34.8070110Z [36;1m[0m
2026-09-22T18:41:34.8070363Z [36;1mecho "=== Memory ==="[0m
2026-09-22T18:41:34.8070641Z [36;1mfree -h[0m
2026-09-22T18:41:34.8070879Z [36;1mecho "=== /proc/meminfo ==="[0m
2026-09-22T18:41:34.8071156Z [36;1mcat /proc/meminfo[0m
2026-09-22T18:41:34.8071395Z [36;1m[0m
2026-09-22T18:41:34.8071647Z [36;1mecho "=== Block Devices ==="[0m
2026-09-22T18:41:34.8071930Z [36;1mlsblk[0m
2026-09-22T18:41:34.8072223Z [36;1mecho "=== Disk Usage ==="[0m
2026-09-22T18:41:34.8072489Z [36;1mdf -hT[0m
2026-09-22T18:41:34.8072724Z [36;1mecho "=== Mounts ==="[0m
2026-09-22T18:41:34.8072971Z [36;1mmount | grep -E "^/dev"[0m
2026-09-22T18:41:34.8073375Z [36;1mecho "=== NVMe Devices ==="[0m
2026-09-22T18:41:34.8073742Z [36;1mls -la /dev/nvme* 2>/dev/null || echo "No NVMe"[0m
2026-09-22T18:41:34.8074069Z [36;1msudo nvme list 2>/dev/null || true[0m
2026-09-22T18:41:34.8090767Z shell: /usr/bin/bash --noprofile --norc -e -o pipefail {0}
2026-09-22T18:41:34.8091099Z env:
2026-09-22T18:41:34.8091332Z   CARGO_TERM_COLOR: always
2026-09-22T18:41:34.8091603Z   RUST_BACKTRACE: 1
2026-09-22T18:41:34.8091893Z   NIGHTLY_TOOLCHAIN: nightly-2026-09-10
2026-09-22T18:41:34.8092189Z   RUNNER_TOOL_CACHE: /opt/hostedtoolcache
2026-09-22T18:41:34.8092475Z   RUNS_ON_HOME: /runs-on
2026-09-22T18:41:34.8092723Z   RUNS_ON_VERSION: v3.3.0
2026-09-22T18:41:34.8092983Z   RUNS_ON_AGENT_BINARY: /runs-on/agent
2026-09-22T18:41:34.8093298Z   RUNS_ON_AGENT_ARCH: x64
2026-09-22T18:41:34.8093546Z   RUNS_ON_AGENT_USER: runner
2026-09-22T18:41:34.8093807Z   RUNS_ON_AMI_ID: ami-0d8875560af9e1401
2026-09-22T18:41:34.8094077Z   RUNS_ON_AWS_REGION: us-east-1
2026-09-22T18:41:34.8094352Z   RUNS_ON_AWS_AZ: us-east-1a
2026-09-22T18:41:34.8094648Z   RUNS_ON_ENV_CUSTOM_FILE: /runs-on/env.custom
2026-09-22T18:41:34.8094977Z   RUNS_ON_INSTANCE_ID: i-0e33259ff1ee1625d
2026-09-22T18:41:34.8095265Z   RUNS_ON_INSTANCE_LIFECYCLE: spot
2026-09-22T18:41:34.8095541Z   RUNS_ON_INSTANCE_TYPE: c7i.metal-24xl
2026-09-22T18:41:34.8095824Z   RUNS_ON_STACK_NAME: runs-on-v3
2026-09-22T18:41:34.8096161Z   RUNS_ON_S3_BUCKET_CACHE: runs-on-v3-s3bucketcache-dbnub4tpjhpv
2026-09-22T18:41:34.8096550Z   ACTIONS_RUNNER_HOOK_JOB_STARTED: /runs-on/pre.sh
2026-09-22T18:41:34.8096887Z   ACTIONS_RUNNER_HOOK_JOB_COMPLETED: /runs-on/post.sh
2026-09-22T18:41:34.8097206Z   GITHUB_SERVER_URL: https://github.com/
2026-09-22T18:41:34.8097518Z   GITHUB_API_URL: https://api.github.com/
2026-09-22T18:41:34.8097811Z   GITHUB_HOST: github.com
2026-09-22T18:41:34.8098097Z   RUNS_ON_RUNNER_NAME: runs-on--i-0e33259ff1ee1625d--07872980-9
2026-09-22T18:41:34.8098488Z   RUNS_ON_INSTANCE_LAUNCHED_AT: 2026-09-22T18:40:34Z
2026-09-22T18:41:34.8098801Z   ACTIONS_CACHE_URL: http://10.1.10.28:6871/
2026-09-22T18:41:34.8099101Z   ACTIONS_CACHE_SERVICE_V2: true
2026-09-22T18:41:34.8099390Z   ACTIONS_RESULTS_URL: http://10.1.10.28:6871/
2026-09-22T18:41:34.8099733Z   RUNS_ON_S3_CACHE_REPO_PREFIX: cache/repo/vortex-data/vortex
2026-09-22T18:41:34.8100233Z   RUNS_ON_ACTION_COST_TRACKING_CLAIMED: true
2026-09-22T18:41:34.8100516Z   RUSTUP_TOOLCHAIN: 1.98.0
2026-09-22T18:41:34.8100772Z ##[endgroup]
2026-09-22T18:41:34.8130562Z === CPU Model ===
2026-09-22T18:41:34.8322061Z Architecture:                            x86_64
2026-09-22T18:41:34.8322420Z CPU op-mode(s):                          32-bit, 64-bit
2026-09-22T18:41:34.8322816Z Address sizes:                           46 bits physical, 57 bits virtual
2026-09-22T18:41:34.8323212Z Byte Order:                              Little Endian
2026-09-22T18:41:34.8323548Z CPU(s):                                  96
2026-09-22T18:41:34.8323844Z On-line CPU(s) list:                     0-95
2026-09-22T18:41:34.8324217Z Vendor ID:                               GenuineIntel
2026-09-22T18:41:34.8324569Z Model name:                              Intel(R) Xeon(R) Platinum 8488C
2026-09-22T18:41:34.8324973Z CPU family:                              6
2026-09-22T18:41:34.8325296Z Model:                                   143
2026-09-22T18:41:34.8325577Z Thread(s) per core:                      2
2026-09-22T18:41:34.8325926Z Core(s) per socket:                      48
2026-09-22T18:41:34.8326208Z Socket(s):                               1
2026-09-22T18:41:34.8326487Z Stepping:                                8
2026-09-22T18:41:34.8326785Z CPU(s) scaling MHz:                      29%
2026-09-22T18:41:34.8327069Z CPU max MHz:                             3800.0000
2026-09-22T18:41:34.8327412Z CPU min MHz:                             800.0000
2026-09-22T18:41:34.8327714Z BogoMIPS:                                4800.00
2026-09-22T18:41:34.8331120Z Flags:                                   fpu vme de pse tsc msr pae mce cx8 apic sep mtrr pge mca cmov pat pse36 clflush dts acpi mmx fxsr sse sse2 ss ht tm pbe syscall nx pdpe1gb rdtscp lm constant_tsc art arch_perfmon pebs bts rep_good nopl xtopology nonstop_tsc cpuid aperfmperf tsc_known_freq pni pclmulqdq dtes64 monitor ds_cpl vmx smx est tm2 ssse3 sdbg fma cx16 xtpr pdcm pcid dca sse4_1 sse4_2 x2apic movbe popcnt tsc_deadline_timer aes xsave avx f16c rdrand lahf_lm abm 3dnowprefetch cpuid_fault epb cat_l3 cat_l2 cdp_l3 intel_ppin cdp_l2 ssbd mba ibrs ibpb stibp ibrs_enhanced tpr_shadow flexpriority ept vpid ept_ad fsgsbase tsc_adjust bmi1 avx2 smep bmi2 erms invpcid cqm rdt_a avx512f avx512dq rdseed adx smap avx512ifma clflushopt clwb intel_pt avx512cd sha_ni avx512bw avx512vl xsaveopt xsavec xgetbv1 xsaves cqm_llc cqm_occup_llc cqm_mbm_total cqm_mbm_local split_lock_detect user_shstk avx_vnni avx512_bf16 wbnoinvd dtherm ida arat pln pts hwp hwp_act_window hwp_epp hwp_pkg_req hfi vnmi avx512vbmi umip pku ospke waitpkg avx512_vbmi2 gfni vaes vpclmulqdq avx512_vnni avx512_bitalg tme avx512_vpopcntdq la57 rdpid bus_lock_detect cldemote movdiri movdir64b enqcmd fsrm md_clear serialize tsxldtrk pconfig arch_lbr ibt amx_bf16 avx512_fp16 amx_tile amx_int8 flush_l1d arch_capabilities
2026-09-22T18:41:34.8334462Z Virtualization:                          VT-x
2026-09-22T18:41:34.8334794Z L1d cache:                               2.3 MiB (48 instances)
2026-09-22T18:41:34.8335165Z L1i cache:                               1.5 MiB (48 instances)
2026-09-22T18:41:34.8335495Z L2 cache:                                96 MiB (48 instances)
2026-09-22T18:41:34.8335850Z L3 cache:                                105 MiB (1 instance)
2026-09-22T18:41:34.8336184Z NUMA node(s):                            1
2026-09-22T18:41:34.8336475Z NUMA node0 CPU(s):                       0-95
2026-09-22T18:41:34.8336808Z Vulnerability Gather data sampling:      Not affected
2026-09-22T18:41:34.8337129Z Vulnerability Ghostwrite:                Not affected
2026-09-22T18:41:34.8337480Z Vulnerability Indirect target selection: Not affected
2026-09-22T18:41:34.8337811Z Vulnerability Itlb multihit:             Not affected
2026-09-22T18:41:34.8338182Z Vulnerability L1tf:                      Not affected
2026-09-22T18:41:34.8338496Z Vulnerability Mds:                       Not affected
2026-09-22T18:41:34.8338800Z Vulnerability Meltdown:                  Not affected
2026-09-22T18:41:34.8339141Z Vulnerability Mmio stale data:           Not affected
2026-09-22T18:41:34.8339464Z Vulnerability Old microcode:             Vulnerable
2026-09-22T18:41:34.8339887Z Vulnerability Reg file data sampling:    Not affected
2026-09-22T18:41:34.8340208Z Vulnerability Retbleed:                  Not affected
2026-09-22T18:41:34.8340571Z Vulnerability Spec rstack overflow:      Not affected
2026-09-22T18:41:34.8341016Z Vulnerability Spec store bypass:         Mitigation; Speculative Store Bypass disabled via prctl
2026-09-22T18:41:34.8341559Z Vulnerability Spectre v1:                Mitigation; usercopy/swapgs barriers and __user pointer sanitization
2026-09-22T18:41:34.8342239Z Vulnerability Spectre v2:                Mitigation; Enhanced / Automatic IBRS; IBPB conditional; PBRSB-eIBRS SW sequence; BHI BHI_DIS_S
2026-09-22T18:41:34.8342734Z Vulnerability Srbds:                     Not affected
2026-09-22T18:41:34.8343038Z Vulnerability Tsa:                       Not affected
2026-09-22T18:41:34.8343378Z Vulnerability Tsx async abort:           Not affected
2026-09-22T18:41:34.8343754Z Vulnerability Vmscape:                   Mitigation; IBPB before exit to userspace
2026-09-22T18:41:34.8344170Z === /proc/cpuinfo summary ===
2026-09-22T18:41:34.8344471Z model name	: Intel(R) Xeon(R) Platinum 8488C
2026-09-22T18:41:34.8351381Z 96
2026-09-22T18:41:34.8352080Z === CPU Flags ===
2026-09-22T18:41:34.8361878Z flags		: fpu vme de pse tsc msr pae mce cx8 apic sep mtrr pge mca cmov pat pse36 clflush dts acpi mmx fxsr sse sse2 ss ht tm pbe syscall nx pdpe1gb rdtscp lm constant_tsc art arch_perfmon pebs bts rep_good nopl xtopology nonstop_tsc cpuid aperfmperf tsc_known_freq pni pclmulqdq dtes64 monitor ds_cpl vmx smx est tm2 ssse3 sdbg fma cx16 xtpr pdcm pcid dca sse4_1 sse4_2 x2apic movbe popcnt tsc_deadline_timer aes xsave avx f16c rdrand lahf_lm abm 3dnowprefetch cpuid_fault epb cat_l3 cat_l2 cdp_l3 intel_ppin cdp_l2 ssbd mba ibrs ibpb stibp ibrs_enhanced tpr_shadow flexpriority ept vpid ept_ad fsgsbase tsc_adjust bmi1 avx2 smep bmi2 erms invpcid cqm rdt_a avx512f avx512dq rdseed adx smap avx512ifma clflushopt clwb intel_pt avx512cd sha_ni avx512bw avx512vl xsaveopt xsavec xgetbv1 xsaves cqm_llc cqm_occup_llc cqm_mbm_total cqm_mbm_local split_lock_detect user_shstk avx_vnni avx512_bf16 wbnoinvd dtherm ida arat pln pts hwp hwp_act_window hwp_epp hwp_pkg_req hfi vnmi avx512vbmi umip pku ospke waitpkg avx512_vbmi2 gfni vaes vpclmulqdq avx512_vnni avx512_bitalg tme avx512_vpopcntdq la57 rdpid bus_lock_detect cldemote movdiri movdir64b enqcmd fsrm md_clear serialize tsxldtrk pconfig arch_lbr ibt amx_bf16 avx512_fp16 amx_tile amx_int8 flush_l1d arch_capabilities
2026-09-22T18:41:34.8365026Z === Memory ===
2026-09-22T18:41:34.8386356Z                total        used        free      shared  buff/cache   available
2026-09-22T18:41:34.8386756Z Mem:           188Gi       3.9Gi       184Gi        45Mi       1.1Gi       184Gi
2026-09-22T18:41:34.8387104Z Swap:             0B          0B          0B
2026-09-22T18:41:34.8387377Z === /proc/meminfo ===
2026-09-22T18:41:34.8396140Z MemTotal:       197634664 kB
2026-09-22T18:41:34.8396414Z MemFree:        193942372 kB
2026-09-22T18:41:34.8396679Z MemAvailable:   193537120 kB
2026-09-22T18:41:34.8396952Z Buffers:           36892 kB
2026-09-22T18:41:34.8397234Z Cached:          1064220 kB
2026-09-22T18:41:34.8397506Z SwapCached:            0 kB
2026-09-22T18:41:34.8397758Z Active:           628644 kB
2026-09-22T18:41:34.8397998Z Inactive:         799208 kB
2026-09-22T18:41:34.8398248Z Active(anon):     373688 kB
2026-09-22T18:41:34.8398514Z Inactive(anon):        0 kB
2026-09-22T18:41:34.8398757Z Active(file):     254956 kB
2026-09-22T18:41:34.8399045Z Inactive(file):   799208 kB
2026-09-22T18:41:34.8399284Z Unevictable:           0 kB
2026-09-22T18:41:34.8399552Z Mlocked:               0 kB
2026-09-22T18:41:34.8399812Z SwapTotal:             0 kB
2026-09-22T18:41:34.8400052Z SwapFree:              0 kB
2026-09-22T18:41:34.8400292Z Zswap:                 0 kB
2026-09-22T18:41:34.8400565Z Zswapped:              0 kB
2026-09-22T18:41:34.8400811Z Dirty:            675680 kB
2026-09-22T18:41:34.8401068Z Writeback:             0 kB
2026-09-22T18:41:34.8401396Z AnonPages:        328080 kB
2026-09-22T18:41:34.8401633Z Mapped:           166972 kB
2026-09-22T18:41:34.8401873Z Shmem:             46660 kB
2026-09-22T18:41:34.8402135Z KReclaimable:      97468 kB
2026-09-22T18:41:34.8402419Z Slab:             764320 kB
2026-09-22T18:41:34.8402655Z SReclaimable:      97468 kB
2026-09-22T18:41:34.8402892Z SUnreclaim:       666852 kB
2026-09-22T18:41:34.8403134Z KernelStack:       20016 kB
2026-09-22T18:41:34.8403383Z PageTables:         6388 kB
2026-09-22T18:41:34.8403635Z SecPageTables:     17932 kB
2026-09-22T18:41:34.8403901Z NFS_Unstable:          0 kB
2026-09-22T18:41:34.8404143Z Bounce:                0 kB
2026-09-22T18:41:34.8404405Z WritebackTmp:          0 kB
2026-09-22T18:41:34.8404638Z CommitLimit:    98817332 kB
2026-09-22T18:41:34.8404880Z Committed_AS:    2712396 kB
2026-09-22T18:41:34.8405123Z VmallocTotal:   13743895347199 kB
2026-09-22T18:41:34.8405398Z VmallocUsed:       47632 kB
2026-09-22T18:41:34.8405658Z VmallocChunk:          0 kB
2026-09-22T18:41:34.8405896Z Percpu:           318336 kB
2026-09-22T18:41:34.8406144Z HardwareCorrupted:     0 kB
2026-09-22T18:41:34.8406389Z AnonHugePages:         0 kB
2026-09-22T18:41:34.8406616Z ShmemHugePages:        0 kB
2026-09-22T18:41:34.8406918Z ShmemPmdMapped:        0 kB
2026-09-22T18:41:34.8407160Z FileHugePages:    569344 kB
2026-09-22T18:41:34.8407414Z FilePmdMapped:         0 kB
2026-09-22T18:41:34.8407652Z CmaTotal:              0 kB
2026-09-22T18:41:34.8407867Z CmaFree:               0 kB
2026-09-22T18:41:34.8408196Z Unaccepted:            0 kB
2026-09-22T18:41:34.8408508Z Balloon:               0 kB
2026-09-22T18:41:34.8408756Z HugePages_Total:       0
2026-09-22T18:41:34.8408996Z HugePages_Free:        0
2026-09-22T18:41:34.8409221Z HugePages_Rsvd:        0
2026-09-22T18:41:34.8409513Z HugePages_Surp:        0
2026-09-22T18:41:34.8409746Z Hugepagesize:       2048 kB
2026-09-22T18:41:34.8410022Z Hugetlb:               0 kB
2026-09-22T18:41:34.8410260Z DirectMap4k:      110740 kB
2026-09-22T18:41:34.8410502Z DirectMap2M:     4933632 kB
2026-09-22T18:41:34.8410762Z DirectMap1G:    198180864 kB
2026-09-22T18:41:34.8411007Z === Block Devices ===
2026-09-22T18:41:34.8412023Z NAME         MAJ:MIN RM  SIZE RO TYPE MOUNTPOINTS
2026-09-22T18:41:34.8412360Z nvme0n1      259:0    0  100G  0 disk 
2026-09-22T18:41:34.8412727Z ├─nvme0n1p1  259:1    0   99G  0 part /
2026-09-22T18:41:34.8413027Z ├─nvme0n1p14 259:2    0    4M  0 part 
2026-09-22T18:41:34.8413319Z ├─nvme0n1p15 259:3    0  106M  0 part /boot/efi
2026-09-22T18:41:34.8413625Z └─nvme0n1p16 259:4    0  913M  0 part /boot
2026-09-22T18:41:34.8413941Z === Disk Usage ===
2026-09-22T18:41:34.8484326Z Filesystem      Type   Size  Used Avail Use% Mounted on
2026-09-22T18:41:34.8484677Z tmpfs           tmpfs   19G  2.5M   19G   1% /run
2026-09-22T18:41:34.8484985Z /dev/nvme0n1p1  ext4    96G   20G   77G  21% /
2026-09-22T18:41:34.8485298Z tmpfs           tmpfs   95G     0   95G   0% /dev/shm
2026-09-22T18:41:34.8485641Z tmpfs           tmpfs  5.0M     0  5.0M   0% /run/lock
2026-09-22T18:41:34.8485950Z tmpfs           tmpfs   95G     0   95G   0% /run/qemu
2026-09-22T18:41:34.8486270Z /dev/nvme0n1p16 ext4   881M   94M  726M  12% /boot
2026-09-22T18:41:34.8486585Z /dev/nvme0n1p15 vfat   105M  6.2M   99M   6% /boot/efi
2026-09-22T18:41:34.8486866Z === Mounts ===
2026-09-22T18:41:34.8495178Z /dev/nvme0n1p1 on / type ext4 (rw,relatime,discard,errors=remount-ro,commit=30)
2026-09-22T18:41:34.8495605Z /dev/nvme0n1p16 on /boot type ext4 (rw,relatime)
2026-09-22T18:41:34.8496168Z /dev/nvme0n1p15 on /boot/efi type vfat (rw,relatime,fmask=0077,dmask=0077,codepage=437,iocharset=iso8859-1,shortname=mixed,errors=remount-ro)
2026-09-22T18:41:34.8496654Z === NVMe Devices ===
2026-09-22T18:41:34.8507429Z crw------- 1 root root 241, 0 Sep 22 18:41 /dev/nvme0
2026-09-22T18:41:34.8507815Z brw-rw---- 1 root disk 259, 0 Sep 22 18:41 /dev/nvme0n1
2026-09-22T18:41:34.8508143Z brw-rw---- 1 root disk 259, 1 Sep 22 18:41 /dev/nvme0n1p1
2026-09-22T18:41:34.8508505Z brw-rw---- 1 root disk 259, 2 Sep 22 18:41 /dev/nvme0n1p14
2026-09-22T18:41:34.8508842Z brw-rw---- 1 root disk 259, 3 Sep 22 18:41 /dev/nvme0n1p15
2026-09-22T18:41:34.8509172Z brw-rw---- 1 root disk 259, 4 Sep 22 18:41 /dev/nvme0n1p16
2026-09-22T18:41:34.8868977Z ##[end-action id=__self_2.__run;outcome=success;conclusion=success;duration_ms=81]
2026-09-22T18:41:34.9051321Z ##[group]Run taiki-e/cache-cargo-install-action@66c9585ef5ca780ee69399975a5e911f47905995
2026-09-22T18:41:34.9051650Z with:
2026-09-22T18:41:34.9051809Z   tool: cargo-codspeed
2026-09-22T18:41:34.9051992Z   locked: true
2026-09-22T18:41:34.9052160Z   no-default-features: false
2026-09-22T18:41:34.9052347Z   all-features: false
2026-09-22T18:41:34.9052505Z env:
2026-09-22T18:41:34.9052655Z   CARGO_TERM_COLOR: always
2026-09-22T18:41:34.9052829Z   RUST_BACKTRACE: 1
2026-09-22T18:41:34.9053001Z   NIGHTLY_TOOLCHAIN: nightly-2026-09-10
2026-09-22T18:41:34.9053221Z   RUNNER_TOOL_CACHE: /opt/hostedtoolcache
2026-09-22T18:41:34.9053423Z   RUNS_ON_HOME: /runs-on
2026-09-22T18:41:34.9053601Z   RUNS_ON_VERSION: v3.3.0
2026-09-22T18:41:34.9053783Z   RUNS_ON_AGENT_BINARY: /runs-on/agent
2026-09-22T18:41:34.9053977Z   RUNS_ON_AGENT_ARCH: x64
2026-09-22T18:41:34.9054151Z   RUNS_ON_AGENT_USER: runner
2026-09-22T18:41:34.9054399Z   RUNS_ON_AMI_ID: ami-0d8875560af9e1401
2026-09-22T18:41:34.9054627Z   RUNS_ON_AWS_REGION: us-east-1
2026-09-22T18:41:34.9054819Z   RUNS_ON_AWS_AZ: us-east-1a
2026-09-22T18:41:34.9055013Z   RUNS_ON_ENV_CUSTOM_FILE: /runs-on/env.custom
2026-09-22T18:41:34.9055298Z   RUNS_ON_INSTANCE_ID: i-0e33259ff1ee1625d
2026-09-22T18:41:34.9055507Z   RUNS_ON_INSTANCE_LIFECYCLE: spot
2026-09-22T18:41:34.9055711Z   RUNS_ON_INSTANCE_TYPE: c7i.metal-24xl
2026-09-22T18:41:34.9055916Z   RUNS_ON_STACK_NAME: runs-on-v3
2026-09-22T18:41:34.9056157Z   RUNS_ON_S3_BUCKET_CACHE: runs-on-v3-s3bucketcache-dbnub4tpjhpv
2026-09-22T18:41:34.9056440Z   ACTIONS_RUNNER_HOOK_JOB_STARTED: /runs-on/pre.sh
2026-09-22T18:41:34.9056696Z   ACTIONS_RUNNER_HOOK_JOB_COMPLETED: /runs-on/post.sh
2026-09-22T18:41:34.9056945Z   GITHUB_SERVER_URL: https://github.com/
2026-09-22T18:41:34.9057171Z   GITHUB_API_URL: https://api.github.com/
2026-09-22T18:41:34.9057378Z   GITHUB_HOST: github.com
2026-09-22T18:41:34.9057606Z   RUNS_ON_RUNNER_NAME: runs-on--i-0e33259ff1ee1625d--07872980-9
2026-09-22T18:41:34.9057883Z   RUNS_ON_INSTANCE_LAUNCHED_AT: 2026-09-22T18:40:34Z
2026-09-22T18:41:34.9058123Z   ACTIONS_CACHE_URL: http://10.1.10.28:6871/
2026-09-22T18:41:34.9058335Z   ACTIONS_CACHE_SERVICE_V2: true
2026-09-22T18:41:34.9058537Z   ACTIONS_RESULTS_URL: http://10.1.10.28:6871/
2026-09-22T18:41:34.9058799Z   RUNS_ON_S3_CACHE_REPO_PREFIX: cache/repo/vortex-data/vortex
2026-09-22T18:41:34.9059049Z   RUNS_ON_ACTION_COST_TRACKING_CLAIMED: true
2026-09-22T18:41:34.9059252Z   RUSTUP_TOOLCHAIN: 1.98.0
2026-09-22T18:41:34.9059418Z ##[endgroup]
2026-09-22T18:41:34.9064856Z ##[start-action display=Prepare (non-Windows);id=__taiki-e_cache-cargo-install-action.pre-unix]
2026-09-22T18:41:34.9075493Z ##[group]Run set -eu
2026-09-22T18:41:34.9075707Z [36;1mset -eu[0m
2026-09-22T18:41:34.9075893Z [36;1mif ! command -v bash >/dev/null; then[0m
2026-09-22T18:41:34.9076153Z [36;1m  if grep -Eq '^ID=alpine' /etc/os-release; then[0m
2026-09-22T18:41:34.9076523Z [36;1m    printf '::group::Install packages required for cache-cargo-install-action (bash)\n'[0m
2026-09-22T18:41:34.9076869Z [36;1m    # NB: sync with apk_install in pre.sh[0m
2026-09-22T18:41:34.9077103Z [36;1m    if command -v sudo >/dev/null; then[0m
2026-09-22T18:41:34.9077340Z [36;1m      sudo apk --no-cache add bash[0m
2026-09-22T18:41:34.9077566Z [36;1m    elif command -v doas >/dev/null; then[0m
2026-09-22T18:41:34.9077791Z [36;1m      doas apk --no-cache add bash[0m
2026-09-22T18:41:34.9077994Z [36;1m    else[0m
2026-09-22T18:41:34.9078165Z [36;1m      apk --no-cache add bash[0m
2026-09-22T18:41:34.9078361Z [36;1m    fi[0m
2026-09-22T18:41:34.9078534Z [36;1m    printf '::endgroup::\n'[0m
2026-09-22T18:41:34.9078730Z [36;1m  else[0m
2026-09-22T18:41:34.9078965Z [36;1m    printf '::error::cache-cargo-install-action requires bash\n'[0m
2026-09-22T18:41:34.9079241Z [36;1m    exit 1[0m
2026-09-22T18:41:34.9079402Z [36;1m  fi[0m
2026-09-22T18:41:34.9079594Z [36;1mfi[0m
2026-09-22T18:41:34.9079815Z [36;1mbash --noprofile --norc "${GITHUB_ACTION_PATH:?}/pre.sh"[0m
2026-09-22T18:41:34.9095471Z shell: /usr/bin/sh -e {0}
2026-09-22T18:41:34.9095680Z env:
2026-09-22T18:41:34.9095848Z   CARGO_TERM_COLOR: always
2026-09-22T18:41:34.9096037Z   RUST_BACKTRACE: 1
2026-09-22T18:41:34.9096244Z   NIGHTLY_TOOLCHAIN: nightly-2026-09-10
2026-09-22T18:41:34.9096473Z   RUNNER_TOOL_CACHE: /opt/hostedtoolcache
2026-09-22T18:41:34.9096689Z   RUNS_ON_HOME: /runs-on
2026-09-22T18:41:34.9096872Z   RUNS_ON_VERSION: v3.3.0
2026-09-22T18:41:34.9097065Z   RUNS_ON_AGENT_BINARY: /runs-on/agent
2026-09-22T18:41:34.9097271Z   RUNS_ON_AGENT_ARCH: x64
2026-09-22T18:41:34.9097458Z   RUNS_ON_AGENT_USER: runner
2026-09-22T18:41:34.9097651Z   RUNS_ON_AMI_ID: ami-0d8875560af9e1401
2026-09-22T18:41:34.9097861Z   RUNS_ON_AWS_REGION: us-east-1
2026-09-22T18:41:34.9098056Z   RUNS_ON_AWS_AZ: us-east-1a
2026-09-22T18:41:34.9098265Z   RUNS_ON_ENV_CUSTOM_FILE: /runs-on/env.custom
2026-09-22T18:41:34.9098498Z   RUNS_ON_INSTANCE_ID: i-0e33259ff1ee1625d
2026-09-22T18:41:34.9098722Z   RUNS_ON_INSTANCE_LIFECYCLE: spot
2026-09-22T18:41:34.9098932Z   RUNS_ON_INSTANCE_TYPE: c7i.metal-24xl
2026-09-22T18:41:34.9099144Z   RUNS_ON_STACK_NAME: runs-on-v3
2026-09-22T18:41:34.9099395Z   RUNS_ON_S3_BUCKET_CACHE: runs-on-v3-s3bucketcache-dbnub4tpjhpv
2026-09-22T18:41:34.9099772Z   ACTIONS_RUNNER_HOOK_JOB_STARTED: /runs-on/pre.sh
2026-09-22T18:41:34.9100039Z   ACTIONS_RUNNER_HOOK_JOB_COMPLETED: /runs-on/post.sh
2026-09-22T18:41:34.9100297Z   GITHUB_SERVER_URL: https://github.com/
2026-09-22T18:41:34.9100525Z   GITHUB_API_URL: https://api.github.com/
2026-09-22T18:41:34.9100741Z   GITHUB_HOST: github.com
2026-09-22T18:41:34.9100973Z   RUNS_ON_RUNNER_NAME: runs-on--i-0e33259ff1ee1625d--07872980-9
2026-09-22T18:41:34.9101256Z   RUNS_ON_INSTANCE_LAUNCHED_AT: 2026-09-22T18:40:34Z
2026-09-22T18:41:34.9101502Z   ACTIONS_CACHE_URL: http://10.1.10.28:6871/
2026-09-22T18:41:34.9101730Z   ACTIONS_CACHE_SERVICE_V2: true
2026-09-22T18:41:34.9101938Z   ACTIONS_RESULTS_URL: http://10.1.10.28:6871/
2026-09-22T18:41:34.9102206Z   RUNS_ON_S3_CACHE_REPO_PREFIX: cache/repo/vortex-data/vortex
2026-09-22T18:41:34.9102466Z   RUNS_ON_ACTION_COST_TRACKING_CLAIMED: true
2026-09-22T18:41:34.9102684Z   RUSTUP_TOOLCHAIN: 1.98.0
2026-09-22T18:41:34.9102885Z   INPUT_TOOL: cargo-codspeed
2026-09-22T18:41:34.9103075Z   INPUT_LOCKED: true
2026-09-22T18:41:34.9103245Z   INPUT_GIT: 
2026-09-22T18:41:34.9103400Z   INPUT_TAG: 
2026-09-22T18:41:34.9103551Z   INPUT_REV: 
2026-09-22T18:41:34.9103705Z   INPUT_FEATURES: 
2026-09-22T18:41:34.9103884Z   INPUT_NO_DEFAULT_FEATURES: false
2026-09-22T18:41:34.9104090Z   INPUT_ALL_FEATURES: false
2026-09-22T18:41:34.9104419Z   ACTION_USER_AGENT: taiki-e/cache-cargo-install-action (66c9585ef5ca780ee69399975a5e911f47905995)
2026-09-22T18:41:34.9104768Z ##[endgroup]
2026-09-22T18:41:34.9936688Z ##[end-action id=__taiki-e_cache-cargo-install-action.pre-unix;outcome=success;conclusion=success;duration_ms=87]
2026-09-22T18:41:34.9939769Z ##[start-action display=Prepare (Windows);id=__taiki-e_cache-cargo-install-action.pre-windows]
2026-09-22T18:41:34.9942512Z ##[end-action id=__taiki-e_cache-cargo-install-action.pre-windows;outcome=skipped;conclusion=skipped;duration_ms=0]
2026-09-22T18:41:34.9943896Z ##[start-action display=Restore Cache;id=__taiki-e_cache-cargo-install-action.cache]
2026-09-22T18:41:34.9973638Z ##[group]Run actions/cache@668228422ae6a00e4ad889ee87cd7109ec5666a7
2026-09-22T18:41:34.9973911Z with:
2026-09-22T18:41:34.9974099Z   path: /opt/hostedtoolcache/cargo-codspeed/bin
2026-09-22T18:41:34.9974534Z   key: cargo-codspeed-5.0.2-x86_64-linux-gnu-2.39-features-default-no-default-features-false-all-features-false
2026-09-22T18:41:34.9974943Z   enableCrossOsArchive: false
2026-09-22T18:41:34.9975142Z   fail-on-cache-miss: false
2026-09-22T18:41:34.9975327Z   lookup-only: false
2026-09-22T18:41:34.9975502Z   save-always: false
2026-09-22T18:41:34.9975660Z env:
2026-09-22T18:41:34.9975815Z   CARGO_TERM_COLOR: always
2026-09-22T18:41:34.9975995Z   RUST_BACKTRACE: 1
2026-09-22T18:41:34.9976166Z   NIGHTLY_TOOLCHAIN: nightly-2026-09-10
2026-09-22T18:41:34.9976495Z   RUNNER_TOOL_CACHE: /opt/hostedtoolcache
2026-09-22T18:41:34.9976720Z   RUNS_ON_HOME: /runs-on
2026-09-22T18:41:34.9976907Z   RUNS_ON_VERSION: v3.3.0
2026-09-22T18:41:34.9977114Z   RUNS_ON_AGENT_BINARY: /runs-on/agent
2026-09-22T18:41:34.9977326Z   RUNS_ON_AGENT_ARCH: x64
2026-09-22T18:41:34.9977511Z   RUNS_ON_AGENT_USER: runner
2026-09-22T18:41:34.9977707Z   RUNS_ON_AMI_ID: ami-0d8875560af9e1401
2026-09-22T18:41:34.9977925Z   RUNS_ON_AWS_REGION: us-east-1
2026-09-22T18:41:34.9978127Z   RUNS_ON_AWS_AZ: us-east-1a
2026-09-22T18:41:34.9978335Z   RUNS_ON_ENV_CUSTOM_FILE: /runs-on/env.custom
2026-09-22T18:41:34.9978571Z   RUNS_ON_INSTANCE_ID: i-0e33259ff1ee1625d
2026-09-22T18:41:34.9978792Z   RUNS_ON_INSTANCE_LIFECYCLE: spot
2026-09-22T18:41:34.9978999Z   RUNS_ON_INSTANCE_TYPE: c7i.metal-24xl
2026-09-22T18:41:34.9979216Z   RUNS_ON_STACK_NAME: runs-on-v3
2026-09-22T18:41:34.9979474Z   RUNS_ON_S3_BUCKET_CACHE: runs-on-v3-s3bucketcache-dbnub4tpjhpv
2026-09-22T18:41:34.9979802Z   ACTIONS_RUNNER_HOOK_JOB_STARTED: /runs-on/pre.sh
2026-09-22T18:41:34.9980058Z   ACTIONS_RUNNER_HOOK_JOB_COMPLETED: /runs-on/post.sh
2026-09-22T18:41:34.9980312Z   GITHUB_SERVER_URL: https://github.com/
2026-09-22T18:41:34.9980593Z   GITHUB_API_URL: https://api.github.com/
2026-09-22T18:41:34.9980809Z   GITHUB_HOST: github.com
2026-09-22T18:41:34.9981038Z   RUNS_ON_RUNNER_NAME: runs-on--i-0e33259ff1ee1625d--07872980-9
2026-09-22T18:41:34.9981309Z   RUNS_ON_INSTANCE_LAUNCHED_AT: 2026-09-22T18:40:34Z
2026-09-22T18:41:34.9981552Z   ACTIONS_CACHE_URL: http://10.1.10.28:6871/
2026-09-22T18:41:34.9981771Z   ACTIONS_CACHE_SERVICE_V2: true
2026-09-22T18:41:34.9981978Z   ACTIONS_RESULTS_URL: http://10.1.10.28:6871/
2026-09-22T18:41:34.9982248Z   RUNS_ON_S3_CACHE_REPO_PREFIX: cache/repo/vortex-data/vortex
2026-09-22T18:41:34.9982503Z   RUNS_ON_ACTION_COST_TRACKING_CLAIMED: true
2026-09-22T18:41:34.9982715Z   RUSTUP_TOOLCHAIN: 1.98.0
2026-09-22T18:41:34.9982892Z ##[endgroup]
2026-09-22T18:41:35.1974211Z Cache hit for: cargo-codspeed-5.0.2-x86_64-linux-gnu-2.39-features-default-no-default-features-false-all-features-false
2026-09-22T18:41:35.2583713Z Cache Size: ~1 MB (965444 B)
2026-09-22T18:41:35.2595345Z [command]/usr/bin/tar -xf /home/runner/_work/_temp/ac3dcaf5-ef41-41f3-918d-1bd4bbb965e3/cache.tzst -P -C /home/runner/_work/vortex/vortex --use-compress-program unzstd
2026-09-22T18:41:35.2722186Z Cache restored successfully
2026-09-22T18:41:35.3069457Z Cache restored from key: cargo-codspeed-5.0.2-x86_64-linux-gnu-2.39-features-default-no-default-features-false-all-features-false
2026-09-22T18:41:35.3109439Z ##[end-action id=__taiki-e_cache-cargo-install-action.cache;outcome=success;conclusion=success;duration_ms=316]
2026-09-22T18:41:35.3118901Z ##[start-action display=Install cargo-codspeed (non-Windows);id=__taiki-e_cache-cargo-install-action.__run]
2026-09-22T18:41:35.3122648Z ##[end-action id=__taiki-e_cache-cargo-install-action.__run;outcome=skipped;conclusion=skipped;duration_ms=0]
2026-09-22T18:41:35.3126316Z ##[start-action display=Install cargo-codspeed (Windows);id=__taiki-e_cache-cargo-install-action.__run_2]
2026-09-22T18:41:35.3129557Z ##[end-action id=__taiki-e_cache-cargo-install-action.__run_2;outcome=skipped;conclusion=skipped;duration_ms=0]
2026-09-22T18:41:35.3159915Z ##[group]Run actions/download-artifact@3e5f45b2cfb9172054b4087a40e8e0b5a5461e7c
2026-09-22T18:41:35.3160225Z with:
2026-09-22T18:41:35.3160414Z   name: codspeed-cpu-benchmarks-avx512
2026-09-22T18:41:35.3160644Z   merge-multiple: false
2026-09-22T18:41:35.3160842Z   repository: vortex-data/vortex
2026-09-22T18:41:35.3161046Z   run-id: 35768386889
2026-09-22T18:41:35.3161227Z   skip-decompress: false
2026-09-22T18:41:35.3161414Z   digest-mismatch: error
2026-09-22T18:41:35.3161582Z env:
2026-09-22T18:41:35.3161745Z   CARGO_TERM_COLOR: always
2026-09-22T18:41:35.3161924Z   RUST_BACKTRACE: 1
2026-09-22T18:41:35.3162103Z   NIGHTLY_TOOLCHAIN: nightly-2026-09-10
2026-09-22T18:41:35.3162328Z   RUNNER_TOOL_CACHE: /opt/hostedtoolcache
2026-09-22T18:41:35.3162540Z   RUNS_ON_HOME: /runs-on
2026-09-22T18:41:35.3162717Z   RUNS_ON_VERSION: v3.3.0
2026-09-22T18:41:35.3162918Z   RUNS_ON_AGENT_BINARY: /runs-on/agent
2026-09-22T18:41:35.3163125Z   RUNS_ON_AGENT_ARCH: x64
2026-09-22T18:41:35.3163341Z   RUNS_ON_AGENT_USER: runner
2026-09-22T18:41:35.3163535Z   RUNS_ON_AMI_ID: ami-0d8875560af9e1401
2026-09-22T18:41:35.3163743Z   RUNS_ON_AWS_REGION: us-east-1
2026-09-22T18:41:35.3163938Z   RUNS_ON_AWS_AZ: us-east-1a
2026-09-22T18:41:35.3164142Z   RUNS_ON_ENV_CUSTOM_FILE: /runs-on/env.custom
2026-09-22T18:41:35.3164374Z   RUNS_ON_INSTANCE_ID: i-0e33259ff1ee1625d
2026-09-22T18:41:35.3164595Z   RUNS_ON_INSTANCE_LIFECYCLE: spot
2026-09-22T18:41:35.3164804Z   RUNS_ON_INSTANCE_TYPE: c7i.metal-24xl
2026-09-22T18:41:35.3165016Z   RUNS_ON_STACK_NAME: runs-on-v3
2026-09-22T18:41:35.3165267Z   RUNS_ON_S3_BUCKET_CACHE: runs-on-v3-s3bucketcache-dbnub4tpjhpv
2026-09-22T18:41:35.3165555Z   ACTIONS_RUNNER_HOOK_JOB_STARTED: /runs-on/pre.sh
2026-09-22T18:41:35.3165819Z   ACTIONS_RUNNER_HOOK_JOB_COMPLETED: /runs-on/post.sh
2026-09-22T18:41:35.3166086Z   GITHUB_SERVER_URL: https://github.com/
2026-09-22T18:41:35.3166318Z   GITHUB_API_URL: https://api.github.com/
2026-09-22T18:41:35.3166603Z   GITHUB_HOST: github.com
2026-09-22T18:41:35.3166842Z   RUNS_ON_RUNNER_NAME: runs-on--i-0e33259ff1ee1625d--07872980-9
2026-09-22T18:41:35.3167126Z   RUNS_ON_INSTANCE_LAUNCHED_AT: 2026-09-22T18:40:34Z
2026-09-22T18:41:35.3167389Z   ACTIONS_CACHE_URL: http://10.1.10.28:6871/
2026-09-22T18:41:35.3167627Z   ACTIONS_CACHE_SERVICE_V2: true
2026-09-22T18:41:35.3167847Z   ACTIONS_RESULTS_URL: http://10.1.10.28:6871/
2026-09-22T18:41:35.3168115Z   RUNS_ON_S3_CACHE_REPO_PREFIX: cache/repo/vortex-data/vortex
2026-09-22T18:41:35.3168378Z   RUNS_ON_ACTION_COST_TRACKING_CLAIMED: true
2026-09-22T18:41:35.3168593Z   RUSTUP_TOOLCHAIN: 1.98.0
2026-09-22T18:41:35.3168777Z ##[endgroup]
2026-09-22T18:41:35.4168653Z Downloading single artifact
2026-09-22T18:41:35.4947538Z Preparing to download the following artifacts:
2026-09-22T18:41:35.4948092Z - codspeed-cpu-benchmarks-avx512 (ID: 10713496375, Size: 514356557, Expected Digest: sha256:b39000e265c36355819a7f19736b65fda542ac28025f975519e44cbc9e8290b5)
2026-09-22T18:41:35.6036574Z Redirecting to blob download url: https://productionresultssa6.blob.core.windows.net/actions-results/c802accd-0acd-4440-aef1-74b29b5506a8/workflow-job-run-44c3050b-0f74-5e96-b333-5a081920aa56/artifacts/78372426aa0915df96e1b079d94e2a9e86e18896cbc80837fd2a74fe4add15b0.zip
2026-09-22T18:41:35.6037469Z Starting download of artifact to: /home/runner/_work/vortex/vortex
2026-09-22T18:41:35.7172612Z (node:2710) [DEP0005] DeprecationWarning: Buffer() is deprecated due to security and usability issues. Please use the Buffer.alloc(), Buffer.allocUnsafe(), or Buffer.from() methods instead.
2026-09-22T18:41:35.7173302Z (Use `node --trace-deprecation ...` to show where the warning was created)
2026-09-22T18:41:45.3988700Z SHA256 digest of downloaded artifact is b39000e265c36355819a7f19736b65fda542ac28025f975519e44cbc9e8290b5
2026-09-22T18:41:45.3989145Z Artifact download completed successfully.
2026-09-22T18:41:45.3989399Z Total of 1 artifact(s) downloaded
2026-09-22T18:41:45.3993137Z Download artifact has finished successfully
2026-09-22T18:41:45.4086065Z ##[group]Run mkdir -p target
2026-09-22T18:41:45.4086316Z [36;1mmkdir -p target[0m
2026-09-22T18:41:45.4086572Z [36;1mtar -C target -xf codspeed-cpu-benchmarks.tar[0m
2026-09-22T18:41:45.4109529Z shell: /usr/bin/bash -e {0}
2026-09-22T18:41:45.4109743Z env:
2026-09-22T18:41:45.4109928Z   CARGO_TERM_COLOR: always
2026-09-22T18:41:45.4110123Z   RUST_BACKTRACE: 1
2026-09-22T18:41:45.4110319Z   NIGHTLY_TOOLCHAIN: nightly-2026-09-10
2026-09-22T18:41:45.4110561Z   RUNNER_TOOL_CACHE: /opt/hostedtoolcache
2026-09-22T18:41:45.4110784Z   RUNS_ON_HOME: /runs-on
2026-09-22T18:41:45.4110978Z   RUNS_ON_VERSION: v3.3.0
2026-09-22T18:41:45.4111184Z   RUNS_ON_AGENT_BINARY: /runs-on/agent
2026-09-22T18:41:45.4111410Z   RUNS_ON_AGENT_ARCH: x64
2026-09-22T18:41:45.4111603Z   RUNS_ON_AGENT_USER: runner
2026-09-22T18:41:45.4111809Z   RUNS_ON_AMI_ID: ami-0d8875560af9e1401
2026-09-22T18:41:45.4112038Z   RUNS_ON_AWS_REGION: us-east-1
2026-09-22T18:41:45.4112245Z   RUNS_ON_AWS_AZ: us-east-1a
2026-09-22T18:41:45.4112501Z   RUNS_ON_ENV_CUSTOM_FILE: /runs-on/env.custom
2026-09-22T18:41:45.4112747Z   RUNS_ON_INSTANCE_ID: i-0e33259ff1ee1625d
2026-09-22T18:41:45.4112971Z   RUNS_ON_INSTANCE_LIFECYCLE: spot
2026-09-22T18:41:45.4113196Z   RUNS_ON_INSTANCE_TYPE: c7i.metal-24xl
2026-09-22T18:41:45.4113409Z   RUNS_ON_STACK_NAME: runs-on-v3
2026-09-22T18:41:45.4113668Z   RUNS_ON_S3_BUCKET_CACHE: runs-on-v3-s3bucketcache-dbnub4tpjhpv
2026-09-22T18:41:45.4113981Z   ACTIONS_RUNNER_HOOK_JOB_STARTED: /runs-on/pre.sh
2026-09-22T18:41:45.4114255Z   ACTIONS_RUNNER_HOOK_JOB_COMPLETED: /runs-on/post.sh
2026-09-22T18:41:45.4114526Z   GITHUB_SERVER_URL: https://github.com/
2026-09-22T18:41:45.4114774Z   GITHUB_API_URL: https://api.github.com/
2026-09-22T18:41:45.4114994Z   GITHUB_HOST: github.com
2026-09-22T18:41:45.4115236Z   RUNS_ON_RUNNER_NAME: runs-on--i-0e33259ff1ee1625d--07872980-9
2026-09-22T18:41:45.4115539Z   RUNS_ON_INSTANCE_LAUNCHED_AT: 2026-09-22T18:40:34Z
2026-09-22T18:41:45.4115795Z   ACTIONS_CACHE_URL: http://10.1.10.28:6871/
2026-09-22T18:41:45.4116137Z   ACTIONS_CACHE_SERVICE_V2: true
2026-09-22T18:41:45.4116394Z   ACTIONS_RESULTS_URL: http://10.1.10.28:6871/
2026-09-22T18:41:45.4116674Z   RUNS_ON_S3_CACHE_REPO_PREFIX: cache/repo/vortex-data/vortex
2026-09-22T18:41:45.4116961Z   RUNS_ON_ACTION_COST_TRACKING_CLAIMED: true
2026-09-22T18:41:45.4117185Z   RUSTUP_TOOLCHAIN: 1.98.0
2026-09-22T18:41:45.4117374Z ##[endgroup]
2026-09-22T18:41:46.5842481Z ##[group]Run sudo bash scripts/setup-benchmark.sh
2026-09-22T18:41:46.5842789Z [36;1msudo bash scripts/setup-benchmark.sh[0m
2026-09-22T18:41:46.5863700Z shell: /usr/bin/bash -e {0}
2026-09-22T18:41:46.5863912Z env:
2026-09-22T18:41:46.5864085Z   CARGO_TERM_COLOR: always
2026-09-22T18:41:46.5864289Z   RUST_BACKTRACE: 1
2026-09-22T18:41:46.5864480Z   NIGHTLY_TOOLCHAIN: nightly-2026-09-10
2026-09-22T18:41:46.5864711Z   RUNNER_TOOL_CACHE: /opt/hostedtoolcache
2026-09-22T18:41:46.5864934Z   RUNS_ON_HOME: /runs-on
2026-09-22T18:41:46.5865136Z   RUNS_ON_VERSION: v3.3.0
2026-09-22T18:41:46.5865352Z   RUNS_ON_AGENT_BINARY: /runs-on/agent
2026-09-22T18:41:46.5865566Z   RUNS_ON_AGENT_ARCH: x64
2026-09-22T18:41:46.5865763Z   RUNS_ON_AGENT_USER: runner
2026-09-22T18:41:46.5865968Z   RUNS_ON_AMI_ID: ami-0d8875560af9e1401
2026-09-22T18:41:46.5866183Z   RUNS_ON_AWS_REGION: us-east-1
2026-09-22T18:41:46.5866394Z   RUNS_ON_AWS_AZ: us-east-1a
2026-09-22T18:41:46.5866700Z   RUNS_ON_ENV_CUSTOM_FILE: /runs-on/env.custom
2026-09-22T18:41:46.5866952Z   RUNS_ON_INSTANCE_ID: i-0e33259ff1ee1625d
2026-09-22T18:41:46.5867182Z   RUNS_ON_INSTANCE_LIFECYCLE: spot
2026-09-22T18:41:46.5867414Z   RUNS_ON_INSTANCE_TYPE: c7i.metal-24xl
2026-09-22T18:41:46.5867632Z   RUNS_ON_STACK_NAME: runs-on-v3
2026-09-22T18:41:46.5867900Z   RUNS_ON_S3_BUCKET_CACHE: runs-on-v3-s3bucketcache-dbnub4tpjhpv
2026-09-22T18:41:46.5868214Z   ACTIONS_RUNNER_HOOK_JOB_STARTED: /runs-on/pre.sh
2026-09-22T18:41:46.5868490Z   ACTIONS_RUNNER_HOOK_JOB_COMPLETED: /runs-on/post.sh
2026-09-22T18:41:46.5868754Z   GITHUB_SERVER_URL: https://github.com/
2026-09-22T18:41:46.5869002Z   GITHUB_API_URL: https://api.github.com/
2026-09-22T18:41:46.5869228Z   GITHUB_HOST: github.com
2026-09-22T18:41:46.5869470Z   RUNS_ON_RUNNER_NAME: runs-on--i-0e33259ff1ee1625d--07872980-9
2026-09-22T18:41:46.5869791Z   RUNS_ON_INSTANCE_LAUNCHED_AT: 2026-09-22T18:40:34Z
2026-09-22T18:41:46.5870053Z   ACTIONS_CACHE_URL: http://10.1.10.28:6871/
2026-09-22T18:41:46.5870286Z   ACTIONS_CACHE_SERVICE_V2: true
2026-09-22T18:41:46.5870509Z   ACTIONS_RESULTS_URL: http://10.1.10.28:6871/
2026-09-22T18:41:46.5870800Z   RUNS_ON_S3_CACHE_REPO_PREFIX: cache/repo/vortex-data/vortex
2026-09-22T18:41:46.5871071Z   RUNS_ON_ACTION_COST_TRACKING_CLAIMED: true
2026-09-22T18:41:46.5871298Z   RUSTUP_TOOLCHAIN: 1.98.0
2026-09-22T18:41:46.5871498Z ##[endgroup]
2026-09-22T18:41:46.6027652Z + '[' 0 -ne 0 ']'
2026-09-22T18:41:46.6028046Z + sysfs_write /sys/devices/system/cpu/intel_pstate/no_turbo 1
2026-09-22T18:41:46.6028394Z + [[ -n 1 ]]
2026-09-22T18:41:46.6028655Z + [[ -w /sys/devices/system/cpu/intel_pstate/no_turbo ]]
2026-09-22T18:41:46.6028923Z + echo 1
2026-09-22T18:41:46.6095716Z + sysfs_write /sys/devices/system/cpu/cpufreq/boost 0
2026-09-22T18:41:46.6096154Z + [[ -n 0 ]]
2026-09-22T18:41:46.6096463Z + [[ -w /sys/devices/system/cpu/cpufreq/boost ]]
2026-09-22T18:41:46.6096804Z + true
2026-09-22T18:41:46.6097153Z + for policy in /sys/devices/system/cpu/cpufreq/policy*
2026-09-22T18:41:46.6097729Z + sysfs_write /sys/devices/system/cpu/cpufreq/policy0/scaling_governor performance
2026-09-22T18:41:46.6098224Z + [[ -n performance ]]
2026-09-22T18:41:46.6098624Z + [[ -w /sys/devices/system/cpu/cpufreq/policy0/scaling_governor ]]
2026-09-22T18:41:46.6099043Z + echo performance
2026-09-22T18:41:46.6101276Z ++ cat /sys/devices/system/cpu/cpufreq/policy0/scaling_max_freq
2026-09-22T18:41:46.6113401Z + sysfs_write /sys/devices/system/cpu/cpufreq/policy0/scaling_min_freq 2400000
2026-09-22T18:41:46.6113887Z + [[ -n 2400000 ]]
2026-09-22T18:41:46.6114246Z + [[ -w /sys/devices/system/cpu/cpufreq/policy0/scaling_min_freq ]]
2026-09-22T18:41:46.6114906Z + echo 2400000
2026-09-22T18:41:46.6115239Z + for policy in /sys/devices/system/cpu/cpufreq/policy*
2026-09-22T18:41:46.6115760Z + sysfs_write /sys/devices/system/cpu/cpufreq/policy1/scaling_governor performance
2026-09-22T18:41:46.6116234Z + [[ -n performance ]]
2026-09-22T18:41:46.6116609Z + [[ -w /sys/devices/system/cpu/cpufreq/policy1/scaling_governor ]]
2026-09-22T18:41:46.6117150Z + echo performance
2026-09-22T18:41:46.6117517Z ++ cat /sys/devices/system/cpu/cpufreq/policy1/scaling_max_freq
2026-09-22T18:41:46.6129655Z + sysfs_write /sys/devices/system/cpu/cpufreq/policy1/scaling_min_freq 2400000
2026-09-22T18:41:46.6130111Z + [[ -n 2400000 ]]
2026-09-22T18:41:46.6130462Z + [[ -w /sys/devices/system/cpu/cpufreq/policy1/scaling_min_freq ]]
2026-09-22T18:41:46.6130862Z + echo 2400000
2026-09-22T18:41:46.6131173Z + for policy in /sys/devices/system/cpu/cpufreq/policy*
2026-09-22T18:41:46.6131708Z + sysfs_write /sys/devices/system/cpu/cpufreq/policy10/scaling_governor performance
2026-09-22T18:41:46.6132199Z + [[ -n performance ]]
2026-09-22T18:41:46.6132569Z + [[ -w /sys/devices/system/cpu/cpufreq/policy10/scaling_governor ]]
2026-09-22T18:41:46.6132970Z + echo performance
2026-09-22T18:41:46.6134166Z ++ cat /sys/devices/system/cpu/cpufreq/policy10/scaling_max_freq
2026-09-22T18:41:46.6145881Z + sysfs_write /sys/devices/system/cpu/cpufreq/policy10/scaling_min_freq 2400000
2026-09-22T18:41:46.6146341Z + [[ -n 2400000 ]]
2026-09-22T18:41:46.6146689Z + [[ -w /sys/devices/system/cpu/cpufreq/policy10/scaling_min_freq ]]
2026-09-22T18:41:46.6147088Z + echo 2400000
2026-09-22T18:41:46.6147398Z + for policy in /sys/devices/system/cpu/cpufreq/policy*
2026-09-22T18:41:46.6147918Z + sysfs_write /sys/devices/system/cpu/cpufreq/policy11/scaling_governor performance
2026-09-22T18:41:46.6148391Z + [[ -n performance ]]
2026-09-22T18:41:46.6148755Z + [[ -w /sys/devices/system/cpu/cpufreq/policy11/scaling_governor ]]
2026-09-22T18:41:46.6149153Z + echo performance
2026-09-22T18:41:46.6149970Z ++ cat /sys/devices/system/cpu/cpufreq/policy11/scaling_max_freq
2026-09-22T18:41:46.6160238Z + sysfs_write /sys/devices/system/cpu/cpufreq/policy11/scaling_min_freq 2400000
2026-09-22T18:41:46.6160695Z + [[ -n 2400000 ]]
2026-09-22T18:41:46.6161050Z + [[ -w /sys/devices/system/cpu/cpufreq/policy11/scaling_min_freq ]]
2026-09-22T18:41:46.6161448Z + echo 2400000
2026-09-22T18:41:46.6161764Z + for policy in /sys/devices/system/cpu/cpufreq/policy*
2026-09-22T18:41:46.6162298Z + sysfs_write /sys/devices/system/cpu/cpufreq/policy12/scaling_governor performance
2026-09-22T18:41:46.6162773Z + [[ -n performance ]]
2026-09-22T18:41:46.6163135Z + [[ -w /sys/devices/system/cpu/cpufreq/policy12/scaling_governor ]]
2026-09-22T18:41:46.6163552Z + echo performance
2026-09-22T18:41:46.6164706Z ++ cat /sys/devices/system/cpu/cpufreq/policy12/scaling_max_freq
2026-09-22T18:41:46.6175005Z + sysfs_write /sys/devices/system/cpu/cpufreq/policy12/scaling_min_freq 2400000
2026-09-22T18:41:46.6175482Z + [[ -n 2400000 ]]
2026-09-22T18:41:46.6175825Z + [[ -w /sys/devices/system/cpu/cpufreq/policy12/scaling_min_freq ]]
2026-09-22T18:41:46.6176213Z + echo 2400000
2026-09-22T18:41:46.6176530Z + for policy in /sys/devices/system/cpu/cpufreq/policy*
2026-09-22T18:41:46.6177040Z + sysfs_write /sys/devices/system/cpu/cpufreq/policy13/scaling_governor performance
2026-09-22T18:41:46.6177524Z + [[ -n performance ]]
2026-09-22T18:41:46.6177884Z + [[ -w /sys/devices/system/cpu/cpufreq/policy13/scaling_governor ]]
2026-09-22T18:41:46.6178288Z + echo performance
2026-09-22T18:41:46.6179361Z ++ cat /sys/devices/system/cpu/cpufreq/policy13/scaling_max_freq
2026-09-22T18:41:46.6190980Z + sysfs_write /sys/devices/system/cpu/cpufreq/policy13/scaling_min_freq 2400000
2026-09-22T18:41:46.6191429Z + [[ -n 2400000 ]]
2026-09-22T18:41:46.6191772Z + [[ -w /sys/devices/system/cpu/cpufreq/policy13/scaling_min_freq ]]
2026-09-22T18:41:46.6192162Z + echo 2400000
2026-09-22T18:41:46.6192474Z + for policy in /sys/devices/system/cpu/cpufreq/policy*
2026-09-22T18:41:46.6193085Z + sysfs_write /sys/devices/system/cpu/cpufreq/policy14/scaling_governor performance
2026-09-22T18:41:46.6193543Z + [[ -n performance ]]
2026-09-22T18:41:46.6193914Z + [[ -w /sys/devices/system/cpu/cpufreq/policy14/scaling_governor ]]
2026-09-22T18:41:46.6194308Z + echo performance
2026-09-22T18:41:46.6194847Z ++ cat /sys/devices/system/cpu/cpufreq/policy14/scaling_max_freq
2026-09-22T18:41:46.6205306Z + sysfs_write /sys/devices/system/cpu/cpufreq/policy14/scaling_min_freq 2400000
2026-09-22T18:41:46.6205761Z + [[ -n 2400000 ]]
2026-09-22T18:41:46.6206103Z + [[ -w /sys/devices/system/cpu/cpufreq/policy14/scaling_min_freq ]]
2026-09-22T18:41:46.6206501Z + echo 2400000
2026-09-22T18:41:46.6206806Z + for policy in /sys/devices/system/cpu/cpufreq/policy*
2026-09-22T18:41:46.6207316Z + sysfs_write /sys/devices/system/cpu/cpufreq/policy15/scaling_governor performance
2026-09-22T18:41:46.6207795Z + [[ -n performance ]]
2026-09-22T18:41:46.6208162Z + [[ -w /sys/devices/system/cpu/cpufreq/policy15/scaling_governor ]]
2026-09-22T18:41:46.6208561Z + echo performance
2026-09-22T18:41:46.6209050Z ++ cat /sys/devices/system/cpu/cpufreq/policy15/scaling_max_freq
2026-09-22T18:41:46.6219569Z + sysfs_write /sys/devices/system/cpu/cpufreq/policy15/scaling_min_freq 2400000
2026-09-22T18:41:46.6220018Z + [[ -n 2400000 ]]
2026-09-22T18:41:46.6220377Z + [[ -w /sys/devices/system/cpu/cpufreq/policy15/scaling_min_freq ]]
2026-09-22T18:41:46.6220764Z + echo 2400000
2026-09-22T18:41:46.6221067Z + for policy in /sys/devices/system/cpu/cpufreq/policy*
2026-09-22T18:41:46.6221591Z + sysfs_write /sys/devices/system/cpu/cpufreq/policy16/scaling_governor performance
2026-09-22T18:41:46.6222057Z + [[ -n performance ]]
2026-09-22T18:41:46.6222421Z + [[ -w /sys/devices/system/cpu/cpufreq/policy16/scaling_governor ]]
2026-09-22T18:41:46.6222818Z + echo performance
2026-09-22T18:41:46.6225255Z ++ cat /sys/devices/system/cpu/cpufreq/policy16/scaling_max_freq
2026-09-22T18:41:46.6236229Z + sysfs_write /sys/devices/system/cpu/cpufreq/policy16/scaling_min_freq 2400000
2026-09-22T18:41:46.6236694Z + [[ -n 2400000 ]]
2026-09-22T18:41:46.6237042Z + [[ -w /sys/devices/system/cpu/cpufreq/policy16/scaling_min_freq ]]
2026-09-22T18:41:46.6237434Z + echo 2400000
2026-09-22T18:41:46.6237750Z + for policy in /sys/devices/system/cpu/cpufreq/policy*
2026-09-22T18:41:46.6238280Z + sysfs_write /sys/devices/system/cpu/cpufreq/policy17/scaling_governor performance
2026-09-22T18:41:46.6238754Z + [[ -n performance ]]
2026-09-22T18:41:46.6239117Z + [[ -w /sys/devices/system/cpu/cpufreq/policy17/scaling_governor ]]
2026-09-22T18:41:46.6239566Z + echo performance
2026-09-22T18:41:46.6240403Z ++ cat /sys/devices/system/cpu/cpufreq/policy17/scaling_max_freq
2026-09-22T18:41:46.6251414Z + sysfs_write /sys/devices/system/cpu/cpufreq/policy17/scaling_min_freq 2400000
2026-09-22T18:41:46.6251876Z + [[ -n 2400000 ]]
2026-09-22T18:41:46.6252216Z + [[ -w /sys/devices/system/cpu/cpufreq/policy17/scaling_min_freq ]]
2026-09-22T18:41:46.6252603Z + echo 2400000
2026-09-22T18:41:46.6252927Z + for policy in /sys/devices/system/cpu/cpufreq/policy*
2026-09-22T18:41:46.6253442Z + sysfs_write /sys/devices/system/cpu/cpufreq/policy18/scaling_governor performance
2026-09-22T18:41:46.6253925Z + [[ -n performance ]]
2026-09-22T18:41:46.6254294Z + [[ -w /sys/devices/system/cpu/cpufreq/policy18/scaling_governor ]]
2026-09-22T18:41:46.6254687Z + echo performance
2026-09-22T18:41:46.6255679Z ++ cat /sys/devices/system/cpu/cpufreq/policy18/scaling_max_freq
2026-09-22T18:41:46.6268629Z + sysfs_write /sys/devices/system/cpu/cpufreq/policy18/scaling_min_freq 2400000
2026-09-22T18:41:46.6269085Z + [[ -n 2400000 ]]
2026-09-22T18:41:46.6269425Z + [[ -w /sys/devices/system/cpu/cpufreq/policy18/scaling_min_freq ]]
2026-09-22T18:41:46.6269857Z + echo 2400000
2026-09-22T18:41:46.6270164Z + for policy in /sys/devices/system/cpu/cpufreq/policy*
2026-09-22T18:41:46.6270677Z + sysfs_write /sys/devices/system/cpu/cpufreq/policy19/scaling_governor performance
2026-09-22T18:41:46.6271158Z + [[ -n performance ]]
2026-09-22T18:41:46.6271604Z + [[ -w /sys/devices/system/cpu/cpufreq/policy19/scaling_governor ]]
2026-09-22T18:41:46.6272005Z + echo performance
2026-09-22T18:41:46.6273883Z ++ cat /sys/devices/system/cpu/cpufreq/policy19/scaling_max_freq
2026-09-22T18:41:46.6284088Z + sysfs_write /sys/devices/system/cpu/cpufreq/policy19/scaling_min_freq 2400000
2026-09-22T18:41:46.6284534Z + [[ -n 2400000 ]]
2026-09-22T18:41:46.6284950Z + [[ -w /sys/devices/system/cpu/cpufreq/policy19/scaling_min_freq ]]
2026-09-22T18:41:46.6285346Z + echo 2400000
2026-09-22T18:41:46.6285651Z + for policy in /sys/devices/system/cpu/cpufreq/policy*
2026-09-22T18:41:46.6286159Z + sysfs_write /sys/devices/system/cpu/cpufreq/policy2/scaling_governor performance
2026-09-22T18:41:46.6286627Z + [[ -n performance ]]
2026-09-22T18:41:46.6286983Z + [[ -w /sys/devices/system/cpu/cpufreq/policy2/scaling_governor ]]
2026-09-22T18:41:46.6287372Z + echo performance
2026-09-22T18:41:46.6288962Z ++ cat /sys/devices/system/cpu/cpufreq/policy2/scaling_max_freq
2026-09-22T18:41:46.6299093Z + sysfs_write /sys/devices/system/cpu/cpufreq/policy2/scaling_min_freq 2400000
2026-09-22T18:41:46.6299571Z + [[ -n 2400000 ]]
2026-09-22T18:41:46.6299923Z + [[ -w /sys/devices/system/cpu/cpufreq/policy2/scaling_min_freq ]]
2026-09-22T18:41:46.6300310Z + echo 2400000
2026-09-22T18:41:46.6300615Z + for policy in /sys/devices/system/cpu/cpufreq/policy*
2026-09-22T18:41:46.6301150Z + sysfs_write /sys/devices/system/cpu/cpufreq/policy20/scaling_governor performance
2026-09-22T18:41:46.6301614Z + [[ -n performance ]]
2026-09-22T18:41:46.6301970Z + [[ -w /sys/devices/system/cpu/cpufreq/policy20/scaling_governor ]]
2026-09-22T18:41:46.6302372Z + echo performance
2026-09-22T18:41:46.6304634Z ++ cat /sys/devices/system/cpu/cpufreq/policy20/scaling_max_freq
2026-09-22T18:41:46.6314911Z + sysfs_write /sys/devices/system/cpu/cpufreq/policy20/scaling_min_freq 2400000
2026-09-22T18:41:46.6315368Z + [[ -n 2400000 ]]
2026-09-22T18:41:46.6315706Z + [[ -w /sys/devices/system/cpu/cpufreq/policy20/scaling_min_freq ]]
2026-09-22T18:41:46.6316104Z + echo 2400000
2026-09-22T18:41:46.6316414Z + for policy in /sys/devices/system/cpu/cpufreq/policy*
2026-09-22T18:41:46.6316930Z + sysfs_write /sys/devices/system/cpu/cpufreq/policy21/scaling_governor performance
2026-09-22T18:41:46.6317397Z + [[ -n performance ]]
2026-09-22T18:41:46.6317766Z + [[ -w /sys/devices/system/cpu/cpufreq/policy21/scaling_governor ]]
2026-09-22T18:41:46.6318161Z + echo performance
2026-09-22T18:41:46.6318808Z ++ cat /sys/devices/system/cpu/cpufreq/policy21/scaling_max_freq
2026-09-22T18:41:46.6328997Z + sysfs_write /sys/devices/system/cpu/cpufreq/policy21/scaling_min_freq 2400000
2026-09-22T18:41:46.6329445Z + [[ -n 2400000 ]]
2026-09-22T18:41:46.6329905Z + [[ -w /sys/devices/system/cpu/cpufreq/policy21/scaling_min_freq ]]
2026-09-22T18:41:46.6330300Z + echo 2400000
2026-09-22T18:41:46.6330615Z + for policy in /sys/devices/system/cpu/cpufreq/policy*
2026-09-22T18:41:46.6331125Z + sysfs_write /sys/devices/system/cpu/cpufreq/policy22/scaling_governor performance
2026-09-22T18:41:46.6331601Z + [[ -n performance ]]
2026-09-22T18:41:46.6331966Z + [[ -w /sys/devices/system/cpu/cpufreq/policy22/scaling_governor ]]
2026-09-22T18:41:46.6332361Z + echo performance
2026-09-22T18:41:46.6332839Z ++ cat /sys/devices/system/cpu/cpufreq/policy22/scaling_max_freq
2026-09-22T18:41:46.6342850Z + sysfs_write /sys/devices/system/cpu/cpufreq/policy22/scaling_min_freq 2400000
2026-09-22T18:41:46.6343668Z + [[ -n 2400000 ]]
2026-09-22T18:41:46.6344024Z + [[ -w /sys/devices/system/cpu/cpufreq/policy22/scaling_min_freq ]]
2026-09-22T18:41:46.6344424Z + echo 2400000
2026-09-22T18:41:46.6344730Z + for policy in /sys/devices/system/cpu/cpufreq/policy*
2026-09-22T18:41:46.6345237Z + sysfs_write /sys/devices/system/cpu/cpufreq/policy23/scaling_governor performance
2026-09-22T18:41:46.6345720Z + [[ -n performance ]]
2026-09-22T18:41:46.6346079Z + [[ -w /sys/devices/system/cpu/cpufreq/policy23/scaling_governor ]]
2026-09-22T18:41:46.6346474Z + echo performance
2026-09-22T18:41:46.6348791Z ++ cat /sys/devices/system/cpu/cpufreq/policy23/scaling_max_freq
2026-09-22T18:41:46.6361778Z + sysfs_write /sys/devices/system/cpu/cpufreq/policy23/scaling_min_freq 2400000
2026-09-22T18:41:46.6362229Z + [[ -n 2400000 ]]
2026-09-22T18:41:46.6362579Z + [[ -w /sys/devices/system/cpu/cpufreq/policy23/scaling_min_freq ]]
2026-09-22T18:41:46.6362968Z + echo 2400000
2026-09-22T18:41:46.6363347Z + for policy in /sys/devices/system/cpu/cpufreq/policy*
2026-09-22T18:41:46.6363875Z + sysfs_write /sys/devices/system/cpu/cpufreq/policy24/scaling_governor performance
2026-09-22T18:41:46.6364343Z + [[ -n performance ]]
2026-09-22T18:41:46.6364700Z + [[ -w /sys/devices/system/cpu/cpufreq/policy24/scaling_governor ]]
2026-09-22T18:41:46.6365105Z + echo performance
2026-09-22T18:41:46.6365612Z ++ cat /sys/devices/system/cpu/cpufreq/policy24/scaling_max_freq
2026-09-22T18:41:46.6375490Z + sysfs_write /sys/devices/system/cpu/cpufreq/policy24/scaling_min_freq 2400000
2026-09-22T18:41:46.6375953Z + [[ -n 2400000 ]]
2026-09-22T18:41:46.6376290Z + [[ -w /sys/devices/system/cpu/cpufreq/policy24/scaling_min_freq ]]
2026-09-22T18:41:46.6376675Z + echo 2400000
2026-09-22T18:41:46.6376976Z + for policy in /sys/devices/system/cpu/cpufreq/policy*
2026-09-22T18:41:46.6377501Z + sysfs_write /sys/devices/system/cpu/cpufreq/policy25/scaling_governor performance
2026-09-22T18:41:46.6377961Z + [[ -n performance ]]
2026-09-22T18:41:46.6378320Z + [[ -w /sys/devices/system/cpu/cpufreq/policy25/scaling_governor ]]
2026-09-22T18:41:46.6378727Z + echo performance
2026-09-22T18:41:46.6380289Z ++ cat /sys/devices/system/cpu/cpufreq/policy25/scaling_max_freq
2026-09-22T18:41:46.6390373Z + sysfs_write /sys/devices/system/cpu/cpufreq/policy25/scaling_min_freq 2400000
2026-09-22T18:41:46.6390836Z + [[ -n 2400000 ]]
2026-09-22T18:41:46.6391178Z + [[ -w /sys/devices/system/cpu/cpufreq/policy25/scaling_min_freq ]]
2026-09-22T18:41:46.6391572Z + echo 2400000
2026-09-22T18:41:46.6391889Z + for policy in /sys/devices/system/cpu/cpufreq/policy*
2026-09-22T18:41:46.6392412Z + sysfs_write /sys/devices/system/cpu/cpufreq/policy26/scaling_governor performance
2026-09-22T18:41:46.6392882Z + [[ -n performance ]]
2026-09-22T18:41:46.6393245Z + [[ -w /sys/devices/system/cpu/cpufreq/policy26/scaling_governor ]]
2026-09-22T18:41:46.6393643Z + echo performance
2026-09-22T18:41:46.6394579Z ++ cat /sys/devices/system/cpu/cpufreq/policy26/scaling_max_freq
2026-09-22T18:41:46.6405794Z + sysfs_write /sys/devices/system/cpu/cpufreq/policy26/scaling_min_freq 2400000
2026-09-22T18:41:46.6406239Z + [[ -n 2400000 ]]
2026-09-22T18:41:46.6406576Z + [[ -w /sys/devices/system/cpu/cpufreq/policy26/scaling_min_freq ]]
2026-09-22T18:41:46.6406970Z + echo 2400000
2026-09-22T18:41:46.6407276Z + for policy in /sys/devices/system/cpu/cpufreq/policy*
2026-09-22T18:41:46.6407794Z + sysfs_write /sys/devices/system/cpu/cpufreq/policy27/scaling_governor performance
2026-09-22T18:41:46.6408264Z + [[ -n performance ]]
2026-09-22T18:41:46.6408620Z + [[ -w /sys/devices/system/cpu/cpufreq/policy27/scaling_governor ]]
2026-09-22T18:41:46.6409019Z + echo performance
2026-09-22T18:41:46.6409697Z ++ cat /sys/devices/system/cpu/cpufreq/policy27/scaling_max_freq
2026-09-22T18:41:46.6419938Z + sysfs_write /sys/devices/system/cpu/cpufreq/policy27/scaling_min_freq 2400000
2026-09-22T18:41:46.6420388Z + [[ -n 2400000 ]]
2026-09-22T18:41:46.6420747Z + [[ -w /sys/devices/system/cpu/cpufreq/policy27/scaling_min_freq ]]
2026-09-22T18:41:46.6421138Z + echo 2400000
2026-09-22T18:41:46.6421446Z + for policy in /sys/devices/system/cpu/cpufreq/policy*
2026-09-22T18:41:46.6421964Z + sysfs_write /sys/devices/system/cpu/cpufreq/policy28/scaling_governor performance
2026-09-22T18:41:46.6422440Z + [[ -n performance ]]
2026-09-22T18:41:46.6422803Z + [[ -w /sys/devices/system/cpu/cpufreq/policy28/scaling_governor ]]
2026-09-22T18:41:46.6423193Z + echo performance
2026-09-22T18:41:46.6424550Z ++ cat /sys/devices/system/cpu/cpufreq/policy28/scaling_max_freq
2026-09-22T18:41:46.6435045Z + sysfs_write /sys/devices/system/cpu/cpufreq/policy28/scaling_min_freq 2400000
2026-09-22T18:41:46.6435573Z + [[ -n 2400000 ]]
2026-09-22T18:41:46.6435927Z + [[ -w /sys/devices/system/cpu/cpufreq/policy28/scaling_min_freq ]]
2026-09-22T18:41:46.6436315Z + echo 2400000
2026-09-22T18:41:46.6436618Z + for policy in /sys/devices/system/cpu/cpufreq/policy*
2026-09-22T18:41:46.6437213Z + sysfs_write /sys/devices/system/cpu/cpufreq/policy29/scaling_governor performance
2026-09-22T18:41:46.6437692Z + [[ -n performance ]]
2026-09-22T18:41:46.6438049Z + [[ -w /sys/devices/system/cpu/cpufreq/policy29/scaling_governor ]]
2026-09-22T18:41:46.6438453Z + echo performance
2026-09-22T18:41:46.6440430Z ++ cat /sys/devices/system/cpu/cpufreq/policy29/scaling_max_freq
2026-09-22T18:41:46.6453311Z + sysfs_write /sys/devices/system/cpu/cpufreq/policy29/scaling_min_freq 2400000
2026-09-22T18:41:46.6453774Z + [[ -n 2400000 ]]
2026-09-22T18:41:46.6454116Z + [[ -w /sys/devices/system/cpu/cpufreq/policy29/scaling_min_freq ]]
2026-09-22T18:41:46.6454512Z + echo 2400000
2026-09-22T18:41:46.6454826Z + for policy in /sys/devices/system/cpu/cpufreq/policy*
2026-09-22T18:41:46.6455340Z + sysfs_write /sys/devices/system/cpu/cpufreq/policy3/scaling_governor performance
2026-09-22T18:41:46.6455801Z + [[ -n performance ]]
2026-09-22T18:41:46.6456171Z + [[ -w /sys/devices/system/cpu/cpufreq/policy3/scaling_governor ]]
2026-09-22T18:41:46.6456567Z + echo performance
2026-09-22T18:41:46.6458045Z ++ cat /sys/devices/system/cpu/cpufreq/policy3/scaling_max_freq
2026-09-22T18:41:46.6468215Z + sysfs_write /sys/devices/system/cpu/cpufreq/policy3/scaling_min_freq 2400000
2026-09-22T18:41:46.6468663Z + [[ -n 2400000 ]]
2026-09-22T18:41:46.6469001Z + [[ -w /sys/devices/system/cpu/cpufreq/policy3/scaling_min_freq ]]
2026-09-22T18:41:46.6469398Z + echo 2400000
2026-09-22T18:41:46.6469752Z + for policy in /sys/devices/system/cpu/cpufreq/policy*
2026-09-22T18:41:46.6470267Z + sysfs_write /sys/devices/system/cpu/cpufreq/policy30/scaling_governor performance
2026-09-22T18:41:46.6470743Z + [[ -n performance ]]
2026-09-22T18:41:46.6471112Z + [[ -w /sys/devices/system/cpu/cpufreq/policy30/scaling_governor ]]
2026-09-22T18:41:46.6471508Z + echo performance
2026-09-22T18:41:46.6472519Z ++ cat /sys/devices/system/cpu/cpufreq/policy30/scaling_max_freq
2026-09-22T18:41:46.6482563Z + sysfs_write /sys/devices/system/cpu/cpufreq/policy30/scaling_min_freq 2400000
2026-09-22T18:41:46.6483014Z + [[ -n 2400000 ]]
2026-09-22T18:41:46.6483356Z + [[ -w /sys/devices/system/cpu/cpufreq/policy30/scaling_min_freq ]]
2026-09-22T18:41:46.6483760Z + echo 2400000
2026-09-22T18:41:46.6484069Z + for policy in /sys/devices/system/cpu/cpufreq/policy*
2026-09-22T18:41:46.6484590Z + sysfs_write /sys/devices/system/cpu/cpufreq/policy31/scaling_governor performance
2026-09-22T18:41:46.6485060Z + [[ -n performance ]]
2026-09-22T18:41:46.6485420Z + [[ -w /sys/devices/system/cpu/cpufreq/policy31/scaling_governor ]]
2026-09-22T18:41:46.6485809Z + echo performance
2026-09-22T18:41:46.6486524Z ++ cat /sys/devices/system/cpu/cpufreq/policy31/scaling_max_freq
2026-09-22T18:41:46.6496512Z + sysfs_write /sys/devices/system/cpu/cpufreq/policy31/scaling_min_freq 2400000
2026-09-22T18:41:46.6496961Z + [[ -n 2400000 ]]
2026-09-22T18:41:46.6497320Z + [[ -w /sys/devices/system/cpu/cpufreq/policy31/scaling_min_freq ]]
2026-09-22T18:41:46.6497715Z + echo 2400000
2026-09-22T18:41:46.6498022Z + for policy in /sys/devices/system/cpu/cpufreq/policy*
2026-09-22T18:41:46.6498552Z + sysfs_write /sys/devices/system/cpu/cpufreq/policy32/scaling_governor performance
2026-09-22T18:41:46.6499022Z + [[ -n performance ]]
2026-09-22T18:41:46.6499387Z + [[ -w /sys/devices/system/cpu/cpufreq/policy32/scaling_governor ]]
2026-09-22T18:41:46.6499829Z + echo performance
2026-09-22T18:41:46.6500560Z ++ cat /sys/devices/system/cpu/cpufreq/policy32/scaling_max_freq
2026-09-22T18:41:46.6511039Z + sysfs_write /sys/devices/system/cpu/cpufreq/policy32/scaling_min_freq 2400000
2026-09-22T18:41:46.6511498Z + [[ -n 2400000 ]]
2026-09-22T18:41:46.6511838Z + [[ -w /sys/devices/system/cpu/cpufreq/policy32/scaling_min_freq ]]
2026-09-22T18:41:46.6512310Z + echo 2400000
2026-09-22T18:41:46.6512615Z + for policy in /sys/devices/system/cpu/cpufreq/policy*
2026-09-22T18:41:46.6513144Z + sysfs_write /sys/devices/system/cpu/cpufreq/policy33/scaling_governor performance
2026-09-22T18:41:46.6513615Z + [[ -n performance ]]
2026-09-22T18:41:46.6514045Z + [[ -w /sys/devices/system/cpu/cpufreq/policy33/scaling_governor ]]
2026-09-22T18:41:46.6514452Z + echo performance
2026-09-22T18:41:46.6515274Z ++ cat /sys/devices/system/cpu/cpufreq/policy33/scaling_max_freq
2026-09-22T18:41:46.6525417Z + sysfs_write /sys/devices/system/cpu/cpufreq/policy33/scaling_min_freq 2400000
2026-09-22T18:41:46.6525872Z + [[ -n 2400000 ]]
2026-09-22T18:41:46.6526216Z + [[ -w /sys/devices/system/cpu/cpufreq/policy33/scaling_min_freq ]]
2026-09-22T18:41:46.6526616Z + echo 2400000
2026-09-22T18:41:46.6526935Z + for policy in /sys/devices/system/cpu/cpufreq/policy*
2026-09-22T18:41:46.6527450Z + sysfs_write /sys/devices/system/cpu/cpufreq/policy34/scaling_governor performance
2026-09-22T18:41:46.6527921Z + [[ -n performance ]]
2026-09-22T18:41:46.6528291Z + [[ -w /sys/devices/system/cpu/cpufreq/policy34/scaling_governor ]]
2026-09-22T18:41:46.6528690Z + echo performance
2026-09-22T18:41:46.6529353Z ++ cat /sys/devices/system/cpu/cpufreq/policy34/scaling_max_freq
2026-09-22T18:41:46.6539432Z + sysfs_write /sys/devices/system/cpu/cpufreq/policy34/scaling_min_freq 2400000
2026-09-22T18:41:46.6539920Z + [[ -n 2400000 ]]
2026-09-22T18:41:46.6540258Z + [[ -w /sys/devices/system/cpu/cpufreq/policy34/scaling_min_freq ]]
2026-09-22T18:41:46.6540658Z + echo 2400000
2026-09-22T18:41:46.6540963Z + for policy in /sys/devices/system/cpu/cpufreq/policy*
2026-09-22T18:41:46.6541470Z + sysfs_write /sys/devices/system/cpu/cpufreq/policy35/scaling_governor performance
2026-09-22T18:41:46.6541937Z + [[ -n performance ]]
2026-09-22T18:41:46.6542288Z + [[ -w /sys/devices/system/cpu/cpufreq/policy35/scaling_governor ]]
2026-09-22T18:41:46.6542683Z + echo performance
2026-09-22T18:41:46.6544211Z ++ cat /sys/devices/system/cpu/cpufreq/policy35/scaling_max_freq
2026-09-22T18:41:46.6554316Z + sysfs_write /sys/devices/system/cpu/cpufreq/policy35/scaling_min_freq 2400000
2026-09-22T18:41:46.6554760Z + [[ -n 2400000 ]]
2026-09-22T18:41:46.6555103Z + [[ -w /sys/devices/system/cpu/cpufreq/policy35/scaling_min_freq ]]
2026-09-22T18:41:46.6555493Z + echo 2400000
2026-09-22T18:41:46.6555805Z + for policy in /sys/devices/system/cpu/cpufreq/policy*
2026-09-22T18:41:46.6556337Z + sysfs_write /sys/devices/system/cpu/cpufreq/policy36/scaling_governor performance
2026-09-22T18:41:46.6556811Z + [[ -n performance ]]
2026-09-22T18:41:46.6557174Z + [[ -w /sys/devices/system/cpu/cpufreq/policy36/scaling_governor ]]
2026-09-22T18:41:46.6557568Z + echo performance
2026-09-22T18:41:46.6558224Z ++ cat /sys/devices/system/cpu/cpufreq/policy36/scaling_max_freq
2026-09-22T18:41:46.6569375Z + sysfs_write /sys/devices/system/cpu/cpufreq/policy36/scaling_min_freq 2400000
2026-09-22T18:41:46.6569856Z + [[ -n 2400000 ]]
2026-09-22T18:41:46.6570208Z + [[ -w /sys/devices/system/cpu/cpufreq/policy36/scaling_min_freq ]]
2026-09-22T18:41:46.6570603Z + echo 2400000
2026-09-22T18:41:46.6570928Z + for policy in /sys/devices/system/cpu/cpufreq/policy*
2026-09-22T18:41:46.6571453Z + sysfs_write /sys/devices/system/cpu/cpufreq/policy37/scaling_governor performance
2026-09-22T18:41:46.6571923Z + [[ -n performance ]]
2026-09-22T18:41:46.6572288Z + [[ -w /sys/devices/system/cpu/cpufreq/policy37/scaling_governor ]]
2026-09-22T18:41:46.6572698Z + echo performance
2026-09-22T18:41:46.6573423Z ++ cat /sys/devices/system/cpu/cpufreq/policy37/scaling_max_freq
2026-09-22T18:41:46.6583281Z + sysfs_write /sys/devices/system/cpu/cpufreq/policy37/scaling_min_freq 2400000
2026-09-22T18:41:46.6583747Z + [[ -n 2400000 ]]
2026-09-22T18:41:46.6584087Z + [[ -w /sys/devices/system/cpu/cpufreq/policy37/scaling_min_freq ]]
2026-09-22T18:41:46.6584478Z + echo 2400000
2026-09-22T18:41:46.6584802Z + for policy in /sys/devices/system/cpu/cpufreq/policy*
2026-09-22T18:41:46.6585408Z + sysfs_write /sys/devices/system/cpu/cpufreq/policy38/scaling_governor performance
2026-09-22T18:41:46.6585875Z + [[ -n performance ]]
2026-09-22T18:41:46.6586241Z + [[ -w /sys/devices/system/cpu/cpufreq/policy38/scaling_governor ]]
2026-09-22T18:41:46.6586639Z + echo performance
2026-09-22T18:41:46.6587675Z ++ cat /sys/devices/system/cpu/cpufreq/policy38/scaling_max_freq
2026-09-22T18:41:46.6598145Z + sysfs_write /sys/devices/system/cpu/cpufreq/policy38/scaling_min_freq 2400000
2026-09-22T18:41:46.6598597Z + [[ -n 2400000 ]]
2026-09-22T18:41:46.6598934Z + [[ -w /sys/devices/system/cpu/cpufreq/policy38/scaling_min_freq ]]
2026-09-22T18:41:46.6599331Z + echo 2400000
2026-09-22T18:41:46.6599670Z + for policy in /sys/devices/system/cpu/cpufreq/policy*
2026-09-22T18:41:46.6600188Z + sysfs_write /sys/devices/system/cpu/cpufreq/policy39/scaling_governor performance
2026-09-22T18:41:46.6600662Z + [[ -n performance ]]
2026-09-22T18:41:46.6601020Z + [[ -w /sys/devices/system/cpu/cpufreq/policy39/scaling_governor ]]
2026-09-22T18:41:46.6601423Z + echo performance
2026-09-22T18:41:46.6602386Z ++ cat /sys/devices/system/cpu/cpufreq/policy39/scaling_max_freq
2026-09-22T18:41:46.6615211Z + sysfs_write /sys/devices/system/cpu/cpufreq/policy39/scaling_min_freq 2400000
2026-09-22T18:41:46.6615660Z + [[ -n 2400000 ]]
2026-09-22T18:41:46.6616006Z + [[ -w /sys/devices/system/cpu/cpufreq/policy39/scaling_min_freq ]]
2026-09-22T18:41:46.6616409Z + echo 2400000
2026-09-22T18:41:46.6616722Z + for policy in /sys/devices/system/cpu/cpufreq/policy*
2026-09-22T18:41:46.6617239Z + sysfs_write /sys/devices/system/cpu/cpufreq/policy4/scaling_governor performance
2026-09-22T18:41:46.6617715Z + [[ -n performance ]]
2026-09-22T18:41:46.6618078Z + [[ -w /sys/devices/system/cpu/cpufreq/policy4/scaling_governor ]]
2026-09-22T18:41:46.6618474Z + echo performance
2026-09-22T18:41:46.6620376Z ++ cat /sys/devices/system/cpu/cpufreq/policy4/scaling_max_freq
2026-09-22T18:41:46.6630550Z + sysfs_write /sys/devices/system/cpu/cpufreq/policy4/scaling_min_freq 2400000
2026-09-22T18:41:46.6631014Z + [[ -n 2400000 ]]
2026-09-22T18:41:46.6631379Z + [[ -w /sys/devices/system/cpu/cpufreq/policy4/scaling_min_freq ]]
2026-09-22T18:41:46.6631781Z + echo 2400000
2026-09-22T18:41:46.6632102Z + for policy in /sys/devices/system/cpu/cpufreq/policy*
2026-09-22T18:41:46.6632647Z + sysfs_write /sys/devices/system/cpu/cpufreq/policy40/scaling_governor performance
2026-09-22T18:41:46.6633118Z + [[ -n performance ]]
2026-09-22T18:41:46.6633487Z + [[ -w /sys/devices/system/cpu/cpufreq/policy40/scaling_governor ]]
2026-09-22T18:41:46.6633901Z + echo performance
2026-09-22T18:41:46.6634251Z ++ cat /sys/devices/system/cpu/cpufreq/policy40/scaling_max_freq
2026-09-22T18:41:46.6644552Z + sysfs_write /sys/devices/system/cpu/cpufreq/policy40/scaling_min_freq 2400000
2026-09-22T18:41:46.6645016Z + [[ -n 2400000 ]]
2026-09-22T18:41:46.6645355Z + [[ -w /sys/devices/system/cpu/cpufreq/policy40/scaling_min_freq ]]
2026-09-22T18:41:46.6645754Z + echo 2400000
2026-09-22T18:41:46.6646067Z + for policy in /sys/devices/system/cpu/cpufreq/policy*
2026-09-22T18:41:46.6646584Z + sysfs_write /sys/devices/system/cpu/cpufreq/policy41/scaling_governor performance
2026-09-22T18:41:46.6647050Z + [[ -n performance ]]
2026-09-22T18:41:46.6647410Z + [[ -w /sys/devices/system/cpu/cpufreq/policy41/scaling_governor ]]
2026-09-22T18:41:46.6647820Z + echo performance
2026-09-22T18:41:46.6648472Z ++ cat /sys/devices/system/cpu/cpufreq/policy41/scaling_max_freq
2026-09-22T18:41:46.6661519Z + sysfs_write /sys/devices/system/cpu/cpufreq/policy41/scaling_min_freq 2400000
2026-09-22T18:41:46.6661964Z + [[ -n 2400000 ]]
2026-09-22T18:41:46.6662305Z + [[ -w /sys/devices/system/cpu/cpufreq/policy41/scaling_min_freq ]]
2026-09-22T18:41:46.6662691Z + echo 2400000
2026-09-22T18:41:46.6663004Z + for policy in /sys/devices/system/cpu/cpufreq/policy*
2026-09-22T18:41:46.6663519Z + sysfs_write /sys/devices/system/cpu/cpufreq/policy42/scaling_governor performance
2026-09-22T18:41:46.6664057Z + [[ -n performance ]]
2026-09-22T18:41:46.6664421Z + [[ -w /sys/devices/system/cpu/cpufreq/policy42/scaling_governor ]]
2026-09-22T18:41:46.6664813Z + echo performance
2026-09-22T18:41:46.6666242Z ++ cat /sys/devices/system/cpu/cpufreq/policy42/scaling_max_freq
2026-09-22T18:41:46.6676490Z + sysfs_write /sys/devices/system/cpu/cpufreq/policy42/scaling_min_freq 2400000
2026-09-22T18:41:46.6677063Z + [[ -n 2400000 ]]
2026-09-22T18:41:46.6677409Z + [[ -w /sys/devices/system/cpu/cpufreq/policy42/scaling_min_freq ]]
2026-09-22T18:41:46.6677814Z + echo 2400000
2026-09-22T18:41:46.6678117Z + for policy in /sys/devices/system/cpu/cpufreq/policy*
2026-09-22T18:41:46.6678626Z + sysfs_write /sys/devices/system/cpu/cpufreq/policy43/scaling_governor performance
2026-09-22T18:41:46.6679097Z + [[ -n performance ]]
2026-09-22T18:41:46.6679453Z + [[ -w /sys/devices/system/cpu/cpufreq/policy43/scaling_governor ]]
2026-09-22T18:41:46.6679898Z + echo performance
2026-09-22T18:41:46.6680252Z ++ cat /sys/devices/system/cpu/cpufreq/policy43/scaling_max_freq
2026-09-22T18:41:46.6690261Z + sysfs_write /sys/devices/system/cpu/cpufreq/policy43/scaling_min_freq 2400000
2026-09-22T18:41:46.6690716Z + [[ -n 2400000 ]]
2026-09-22T18:41:46.6691068Z + [[ -w /sys/devices/system/cpu/cpufreq/policy43/scaling_min_freq ]]
2026-09-22T18:41:46.6691463Z + echo 2400000
2026-09-22T18:41:46.6691773Z + for policy in /sys/devices/system/cpu/cpufreq/policy*
2026-09-22T18:41:46.6692303Z + sysfs_write /sys/devices/system/cpu/cpufreq/policy44/scaling_governor performance
2026-09-22T18:41:46.6692772Z + [[ -n performance ]]
2026-09-22T18:41:46.6693138Z + [[ -w /sys/devices/system/cpu/cpufreq/policy44/scaling_governor ]]
2026-09-22T18:41:46.6693535Z + echo performance
2026-09-22T18:41:46.6693901Z ++ cat /sys/devices/system/cpu/cpufreq/policy44/scaling_max_freq
2026-09-22T18:41:46.6704340Z + sysfs_write /sys/devices/system/cpu/cpufreq/policy44/scaling_min_freq 2400000
2026-09-22T18:41:46.6704800Z + [[ -n 2400000 ]]
2026-09-22T18:41:46.6705140Z + [[ -w /sys/devices/system/cpu/cpufreq/policy44/scaling_min_freq ]]
2026-09-22T18:41:46.6705537Z + echo 2400000
2026-09-22T18:41:46.6705840Z + for policy in /sys/devices/system/cpu/cpufreq/policy*
2026-09-22T18:41:46.6706358Z + sysfs_write /sys/devices/system/cpu/cpufreq/policy45/scaling_governor performance
2026-09-22T18:41:46.6706826Z + [[ -n performance ]]
2026-09-22T18:41:46.6707185Z + [[ -w /sys/devices/system/cpu/cpufreq/policy45/scaling_governor ]]
2026-09-22T18:41:46.6707593Z + echo performance
2026-09-22T18:41:46.6709118Z ++ cat /sys/devices/system/cpu/cpufreq/policy45/scaling_max_freq
2026-09-22T18:41:46.6719982Z + sysfs_write /sys/devices/system/cpu/cpufreq/policy45/scaling_min_freq 2400000
2026-09-22T18:41:46.6720445Z + [[ -n 2400000 ]]
2026-09-22T18:41:46.6720778Z + [[ -w /sys/devices/system/cpu/cpufreq/policy45/scaling_min_freq ]]
2026-09-22T18:41:46.6721168Z + echo 2400000
2026-09-22T18:41:46.6721477Z + for policy in /sys/devices/system/cpu/cpufreq/policy*
2026-09-22T18:41:46.6721993Z + sysfs_write /sys/devices/system/cpu/cpufreq/policy46/scaling_governor performance
2026-09-22T18:41:46.6722468Z + [[ -n performance ]]
2026-09-22T18:41:46.6722840Z + [[ -w /sys/devices/system/cpu/cpufreq/policy46/scaling_governor ]]
2026-09-22T18:41:46.6723238Z + echo performance
2026-09-22T18:41:46.6724460Z ++ cat /sys/devices/system/cpu/cpufreq/policy46/scaling_max_freq
2026-09-22T18:41:46.6734195Z + sysfs_write /sys/devices/system/cpu/cpufreq/policy46/scaling_min_freq 2400000
2026-09-22T18:41:46.6734648Z + [[ -n 2400000 ]]
2026-09-22T18:41:46.6734988Z + [[ -w /sys/devices/system/cpu/cpufreq/policy46/scaling_min_freq ]]
2026-09-22T18:41:46.6735386Z + echo 2400000
2026-09-22T18:41:46.6735696Z + for policy in /sys/devices/system/cpu/cpufreq/policy*
2026-09-22T18:41:46.6736207Z + sysfs_write /sys/devices/system/cpu/cpufreq/policy47/scaling_governor performance
2026-09-22T18:41:46.6736679Z + [[ -n performance ]]
2026-09-22T18:41:46.6737039Z + [[ -w /sys/devices/system/cpu/cpufreq/policy47/scaling_governor ]]
2026-09-22T18:41:46.6737505Z + echo performance
2026-09-22T18:41:46.6738789Z ++ cat /sys/devices/system/cpu/cpufreq/policy47/scaling_max_freq
2026-09-22T18:41:46.6749183Z + sysfs_write /sys/devices/system/cpu/cpufreq/policy47/scaling_min_freq 2400000
2026-09-22T18:41:46.6749667Z + [[ -n 2400000 ]]
2026-09-22T18:41:46.6750026Z + [[ -w /sys/devices/system/cpu/cpufreq/policy47/scaling_min_freq ]]
2026-09-22T18:41:46.6750410Z + echo 2400000
2026-09-22T18:41:46.6750787Z + for policy in /sys/devices/system/cpu/cpufreq/policy*
2026-09-22T18:41:46.6751301Z + sysfs_write /sys/devices/system/cpu/cpufreq/policy48/scaling_governor performance
2026-09-22T18:41:46.6751772Z + [[ -n performance ]]
2026-09-22T18:41:46.6752128Z + [[ -w /sys/devices/system/cpu/cpufreq/policy48/scaling_governor ]]
2026-09-22T18:41:46.6752529Z + echo performance
2026-09-22T18:41:46.6752885Z ++ cat /sys/devices/system/cpu/cpufreq/policy48/scaling_max_freq
2026-09-22T18:41:46.6762948Z + sysfs_write /sys/devices/system/cpu/cpufreq/policy48/scaling_min_freq 2400000
2026-09-22T18:41:46.6763412Z + [[ -n 2400000 ]]
2026-09-22T18:41:46.6763761Z + [[ -w /sys/devices/system/cpu/cpufreq/policy48/scaling_min_freq ]]
2026-09-22T18:41:46.6764155Z + echo 2400000
2026-09-22T18:41:46.6764464Z + for policy in /sys/devices/system/cpu/cpufreq/policy*
2026-09-22T18:41:46.6764986Z + sysfs_write /sys/devices/system/cpu/cpufreq/policy49/scaling_governor performance
2026-09-22T18:41:46.6765459Z + [[ -n performance ]]
2026-09-22T18:41:46.6765816Z + [[ -w /sys/devices/system/cpu/cpufreq/policy49/scaling_governor ]]
2026-09-22T18:41:46.6766219Z + echo performance
2026-09-22T18:41:46.6767633Z ++ cat /sys/devices/system/cpu/cpufreq/policy49/scaling_max_freq
2026-09-22T18:41:46.6778180Z + sysfs_write /sys/devices/system/cpu/cpufreq/policy49/scaling_min_freq 2400000
2026-09-22T18:41:46.6778636Z + [[ -n 2400000 ]]
2026-09-22T18:41:46.6778971Z + [[ -w /sys/devices/system/cpu/cpufreq/policy49/scaling_min_freq ]]
2026-09-22T18:41:46.6779364Z + echo 2400000
2026-09-22T18:41:46.6779701Z + for policy in /sys/devices/system/cpu/cpufreq/policy*
2026-09-22T18:41:46.6780219Z + sysfs_write /sys/devices/system/cpu/cpufreq/policy5/scaling_governor performance
2026-09-22T18:41:46.6780682Z + [[ -n performance ]]
2026-09-22T18:41:46.6781046Z + [[ -w /sys/devices/system/cpu/cpufreq/policy5/scaling_governor ]]
2026-09-22T18:41:46.6781447Z + echo performance
2026-09-22T18:41:46.6781928Z ++ cat /sys/devices/system/cpu/cpufreq/policy5/scaling_max_freq
2026-09-22T18:41:46.6793789Z + sysfs_write /sys/devices/system/cpu/cpufreq/policy5/scaling_min_freq 2400000
2026-09-22T18:41:46.6794246Z + [[ -n 2400000 ]]
2026-09-22T18:41:46.6794589Z + [[ -w /sys/devices/system/cpu/cpufreq/policy5/scaling_min_freq ]]
2026-09-22T18:41:46.6794989Z + echo 2400000
2026-09-22T18:41:46.6795300Z + for policy in /sys/devices/system/cpu/cpufreq/policy*
2026-09-22T18:41:46.6795815Z + sysfs_write /sys/devices/system/cpu/cpufreq/policy50/scaling_governor performance
2026-09-22T18:41:46.6796285Z + [[ -n performance ]]
2026-09-22T18:41:46.6796663Z + [[ -w /sys/devices/system/cpu/cpufreq/policy50/scaling_governor ]]
2026-09-22T18:41:46.6797069Z + echo performance
2026-09-22T18:41:46.6798307Z ++ cat /sys/devices/system/cpu/cpufreq/policy50/scaling_max_freq
2026-09-22T18:41:46.6808638Z + sysfs_write /sys/devices/system/cpu/cpufreq/policy50/scaling_min_freq 2400000
2026-09-22T18:41:46.6809098Z + [[ -n 2400000 ]]
2026-09-22T18:41:46.6809538Z + [[ -w /sys/devices/system/cpu/cpufreq/policy50/scaling_min_freq ]]
2026-09-22T18:41:46.6809942Z + echo 2400000
2026-09-22T18:41:46.6810247Z + for policy in /sys/devices/system/cpu/cpufreq/policy*
2026-09-22T18:41:46.6810757Z + sysfs_write /sys/devices/system/cpu/cpufreq/policy51/scaling_governor performance
2026-09-22T18:41:46.6811240Z + [[ -n performance ]]
2026-09-22T18:41:46.6811596Z + [[ -w /sys/devices/system/cpu/cpufreq/policy51/scaling_governor ]]
2026-09-22T18:41:46.6811988Z + echo performance
2026-09-22T18:41:46.6813167Z ++ cat /sys/devices/system/cpu/cpufreq/policy51/scaling_max_freq
2026-09-22T18:41:46.6823353Z + sysfs_write /sys/devices/system/cpu/cpufreq/policy51/scaling_min_freq 2400000
2026-09-22T18:41:46.6823893Z + [[ -n 2400000 ]]
2026-09-22T18:41:46.6824246Z + [[ -w /sys/devices/system/cpu/cpufreq/policy51/scaling_min_freq ]]
2026-09-22T18:41:46.6824646Z + echo 2400000
2026-09-22T18:41:46.6824950Z + for policy in /sys/devices/system/cpu/cpufreq/policy*
2026-09-22T18:41:46.6825536Z + sysfs_write /sys/devices/system/cpu/cpufreq/policy52/scaling_governor performance
2026-09-22T18:41:46.6826002Z + [[ -n performance ]]
2026-09-22T18:41:46.6826355Z + [[ -w /sys/devices/system/cpu/cpufreq/policy52/scaling_governor ]]
2026-09-22T18:41:46.6826758Z + echo performance
2026-09-22T18:41:46.6828200Z ++ cat /sys/devices/system/cpu/cpufreq/policy52/scaling_max_freq
2026-09-22T18:41:46.6840923Z + sysfs_write /sys/devices/system/cpu/cpufreq/policy52/scaling_min_freq 2400000
2026-09-22T18:41:46.6841384Z + [[ -n 2400000 ]]
2026-09-22T18:41:46.6841726Z + [[ -w /sys/devices/system/cpu/cpufreq/policy52/scaling_min_freq ]]
2026-09-22T18:41:46.6842119Z + echo 2400000
2026-09-22T18:41:46.6842431Z + for policy in /sys/devices/system/cpu/cpufreq/policy*
2026-09-22T18:41:46.6842945Z + sysfs_write /sys/devices/system/cpu/cpufreq/policy53/scaling_governor performance
2026-09-22T18:41:46.6843418Z + [[ -n performance ]]
2026-09-22T18:41:46.6843784Z + [[ -w /sys/devices/system/cpu/cpufreq/policy53/scaling_governor ]]
2026-09-22T18:41:46.6844194Z + echo performance
2026-09-22T18:41:46.6844710Z ++ cat /sys/devices/system/cpu/cpufreq/policy53/scaling_max_freq
2026-09-22T18:41:46.6854720Z + sysfs_write /sys/devices/system/cpu/cpufreq/policy53/scaling_min_freq 2400000
2026-09-22T18:41:46.6855165Z + [[ -n 2400000 ]]
2026-09-22T18:41:46.6855507Z + [[ -w /sys/devices/system/cpu/cpufreq/policy53/scaling_min_freq ]]
2026-09-22T18:41:46.6855898Z + echo 2400000
2026-09-22T18:41:46.6856222Z + for policy in /sys/devices/system/cpu/cpufreq/policy*
2026-09-22T18:41:46.6856735Z + sysfs_write /sys/devices/system/cpu/cpufreq/policy54/scaling_governor performance
2026-09-22T18:41:46.6857207Z + [[ -n performance ]]
2026-09-22T18:41:46.6857574Z + [[ -w /sys/devices/system/cpu/cpufreq/policy54/scaling_governor ]]
2026-09-22T18:41:46.6857975Z + echo performance
2026-09-22T18:41:46.6860453Z ++ cat /sys/devices/system/cpu/cpufreq/policy54/scaling_max_freq
2026-09-22T18:41:46.6870876Z + sysfs_write /sys/devices/system/cpu/cpufreq/policy54/scaling_min_freq 2400000
2026-09-22T18:41:46.6871356Z + [[ -n 2400000 ]]
2026-09-22T18:41:46.6871702Z + [[ -w /sys/devices/system/cpu/cpufreq/policy54/scaling_min_freq ]]
2026-09-22T18:41:46.6872097Z + echo 2400000
2026-09-22T18:41:46.6872407Z + for policy in /sys/devices/system/cpu/cpufreq/policy*
2026-09-22T18:41:46.6872922Z + sysfs_write /sys/devices/system/cpu/cpufreq/policy55/scaling_governor performance
2026-09-22T18:41:46.6873408Z + [[ -n performance ]]
2026-09-22T18:41:46.6873764Z + [[ -w /sys/devices/system/cpu/cpufreq/policy55/scaling_governor ]]
2026-09-22T18:41:46.6874154Z + echo performance
2026-09-22T18:41:46.6877136Z ++ cat /sys/devices/system/cpu/cpufreq/policy55/scaling_max_freq
2026-09-22T18:41:46.6887392Z + sysfs_write /sys/devices/system/cpu/cpufreq/policy55/scaling_min_freq 2400000
2026-09-22T18:41:46.6887851Z + [[ -n 2400000 ]]
2026-09-22T18:41:46.6888198Z + [[ -w /sys/devices/system/cpu/cpufreq/policy55/scaling_min_freq ]]
2026-09-22T18:41:46.6888593Z + echo 2400000
2026-09-22T18:41:46.6888905Z + for policy in /sys/devices/system/cpu/cpufreq/policy*
2026-09-22T18:41:46.6889433Z + sysfs_write /sys/devices/system/cpu/cpufreq/policy56/scaling_governor performance
2026-09-22T18:41:46.6889937Z + [[ -n performance ]]
2026-09-22T18:41:46.6890290Z + [[ -w /sys/devices/system/cpu/cpufreq/policy56/scaling_governor ]]
2026-09-22T18:41:46.6890691Z + echo performance
2026-09-22T18:41:46.6891954Z ++ cat /sys/devices/system/cpu/cpufreq/policy56/scaling_max_freq
2026-09-22T18:41:46.6901878Z + sysfs_write /sys/devices/system/cpu/cpufreq/policy56/scaling_min_freq 2400000
2026-09-22T18:41:46.6902332Z + [[ -n 2400000 ]]
2026-09-22T18:41:46.6902746Z + [[ -w /sys/devices/system/cpu/cpufreq/policy56/scaling_min_freq ]]
2026-09-22T18:41:46.6903134Z + echo 2400000
2026-09-22T18:41:46.6903440Z + for policy in /sys/devices/system/cpu/cpufreq/policy*
2026-09-22T18:41:46.6903965Z + sysfs_write /sys/devices/system/cpu/cpufreq/policy57/scaling_governor performance
2026-09-22T18:41:46.6904434Z + [[ -n performance ]]
2026-09-22T18:41:46.6904862Z + [[ -w /sys/devices/system/cpu/cpufreq/policy57/scaling_governor ]]
2026-09-22T18:41:46.6905265Z + echo performance
2026-09-22T18:41:46.6906746Z ++ cat /sys/devices/system/cpu/cpufreq/policy57/scaling_max_freq
2026-09-22T18:41:46.6917341Z + sysfs_write /sys/devices/system/cpu/cpufreq/policy57/scaling_min_freq 2400000
2026-09-22T18:41:46.6917803Z + [[ -n 2400000 ]]
2026-09-22T18:41:46.6918143Z + [[ -w /sys/devices/system/cpu/cpufreq/policy57/scaling_min_freq ]]
2026-09-22T18:41:46.6918536Z + echo 2400000
2026-09-22T18:41:46.6918857Z + for policy in /sys/devices/system/cpu/cpufreq/policy*
2026-09-22T18:41:46.6919376Z + sysfs_write /sys/devices/system/cpu/cpufreq/policy58/scaling_governor performance
2026-09-22T18:41:46.6919881Z + [[ -n performance ]]
2026-09-22T18:41:46.6920248Z + [[ -w /sys/devices/system/cpu/cpufreq/policy58/scaling_governor ]]
2026-09-22T18:41:46.6920640Z + echo performance
2026-09-22T18:41:46.6922405Z ++ cat /sys/devices/system/cpu/cpufreq/policy58/scaling_max_freq
2026-09-22T18:41:46.6932308Z + sysfs_write /sys/devices/system/cpu/cpufreq/policy58/scaling_min_freq 2400000
2026-09-22T18:41:46.6932758Z + [[ -n 2400000 ]]
2026-09-22T18:41:46.6933100Z + [[ -w /sys/devices/system/cpu/cpufreq/policy58/scaling_min_freq ]]
2026-09-22T18:41:46.6933496Z + echo 2400000
2026-09-22T18:41:46.6933802Z + for policy in /sys/devices/system/cpu/cpufreq/policy*
2026-09-22T18:41:46.6934309Z + sysfs_write /sys/devices/system/cpu/cpufreq/policy59/scaling_governor performance
2026-09-22T18:41:46.6934782Z + [[ -n performance ]]
2026-09-22T18:41:46.6935138Z + [[ -w /sys/devices/system/cpu/cpufreq/policy59/scaling_governor ]]
2026-09-22T18:41:46.6935536Z + echo performance
2026-09-22T18:41:46.6937290Z ++ cat /sys/devices/system/cpu/cpufreq/policy59/scaling_max_freq
2026-09-22T18:41:46.6947447Z + sysfs_write /sys/devices/system/cpu/cpufreq/policy59/scaling_min_freq 2400000
2026-09-22T18:41:46.6947898Z + [[ -n 2400000 ]]
2026-09-22T18:41:46.6948243Z + [[ -w /sys/devices/system/cpu/cpufreq/policy59/scaling_min_freq ]]
2026-09-22T18:41:46.6948637Z + echo 2400000
2026-09-22T18:41:46.6948944Z + for policy in /sys/devices/system/cpu/cpufreq/policy*
2026-09-22T18:41:46.6949465Z + sysfs_write /sys/devices/system/cpu/cpufreq/policy6/scaling_governor performance
2026-09-22T18:41:46.6949971Z + [[ -n performance ]]
2026-09-22T18:41:46.6950335Z + [[ -w /sys/devices/system/cpu/cpufreq/policy6/scaling_governor ]]
2026-09-22T18:41:46.6950732Z + echo performance
2026-09-22T18:41:46.6951334Z ++ cat /sys/devices/system/cpu/cpufreq/policy6/scaling_max_freq
2026-09-22T18:41:46.6961267Z + sysfs_write /sys/devices/system/cpu/cpufreq/policy6/scaling_min_freq 2400000
2026-09-22T18:41:46.6961720Z + [[ -n 2400000 ]]
2026-09-22T18:41:46.6962074Z + [[ -w /sys/devices/system/cpu/cpufreq/policy6/scaling_min_freq ]]
2026-09-22T18:41:46.6962468Z + echo 2400000
2026-09-22T18:41:46.6962774Z + for policy in /sys/devices/system/cpu/cpufreq/policy*
2026-09-22T18:41:46.6963301Z + sysfs_write /sys/devices/system/cpu/cpufreq/policy60/scaling_governor performance
2026-09-22T18:41:46.6963777Z + [[ -n performance ]]
2026-09-22T18:41:46.6964138Z + [[ -w /sys/devices/system/cpu/cpufreq/policy60/scaling_governor ]]
2026-09-22T18:41:46.6964541Z + echo performance
2026-09-22T18:41:46.6966085Z ++ cat /sys/devices/system/cpu/cpufreq/policy60/scaling_max_freq
2026-09-22T18:41:46.6975760Z + sysfs_write /sys/devices/system/cpu/cpufreq/policy60/scaling_min_freq 2400000
2026-09-22T18:41:46.6976213Z + [[ -n 2400000 ]]
2026-09-22T18:41:46.6976549Z + [[ -w /sys/devices/system/cpu/cpufreq/policy60/scaling_min_freq ]]
2026-09-22T18:41:46.6976943Z + echo 2400000
2026-09-22T18:41:46.6977257Z + for policy in /sys/devices/system/cpu/cpufreq/policy*
2026-09-22T18:41:46.6977856Z + sysfs_write /sys/devices/system/cpu/cpufreq/policy61/scaling_governor performance
2026-09-22T18:41:46.6978334Z + [[ -n performance ]]
2026-09-22T18:41:46.6978703Z + [[ -w /sys/devices/system/cpu/cpufreq/policy61/scaling_governor ]]
2026-09-22T18:41:46.6979107Z + echo performance
2026-09-22T18:41:46.6980693Z ++ cat /sys/devices/system/cpu/cpufreq/policy61/scaling_max_freq
2026-09-22T18:41:46.6990590Z + sysfs_write /sys/devices/system/cpu/cpufreq/policy61/scaling_min_freq 2400000
2026-09-22T18:41:46.6991040Z + [[ -n 2400000 ]]
2026-09-22T18:41:46.6991384Z + [[ -w /sys/devices/system/cpu/cpufreq/policy61/scaling_min_freq ]]
2026-09-22T18:41:46.6991783Z + echo 2400000
2026-09-22T18:41:46.6992087Z + for policy in /sys/devices/system/cpu/cpufreq/policy*
2026-09-22T18:41:46.6992604Z + sysfs_write /sys/devices/system/cpu/cpufreq/policy62/scaling_governor performance
2026-09-22T18:41:46.6993069Z + [[ -n performance ]]
2026-09-22T18:41:46.6993438Z + [[ -w /sys/devices/system/cpu/cpufreq/policy62/scaling_governor ]]
2026-09-22T18:41:46.6993835Z + echo performance
2026-09-22T18:41:46.6995291Z ++ cat /sys/devices/system/cpu/cpufreq/policy62/scaling_max_freq
2026-09-22T18:41:46.7005301Z + sysfs_write /sys/devices/system/cpu/cpufreq/policy62/scaling_min_freq 2400000
2026-09-22T18:41:46.7005748Z + [[ -n 2400000 ]]
2026-09-22T18:41:46.7006092Z + [[ -w /sys/devices/system/cpu/cpufreq/policy62/scaling_min_freq ]]
2026-09-22T18:41:46.7006490Z + echo 2400000
2026-09-22T18:41:46.7006799Z + for policy in /sys/devices/system/cpu/cpufreq/policy*
2026-09-22T18:41:46.7007320Z + sysfs_write /sys/devices/system/cpu/cpufreq/policy63/scaling_governor performance
2026-09-22T18:41:46.7007805Z + [[ -n performance ]]
2026-09-22T18:41:46.7008165Z + [[ -w /sys/devices/system/cpu/cpufreq/policy63/scaling_governor ]]
2026-09-22T18:41:46.7008566Z + echo performance
2026-09-22T18:41:46.7010131Z ++ cat /sys/devices/system/cpu/cpufreq/policy63/scaling_max_freq
2026-09-22T18:41:46.7020068Z + sysfs_write /sys/devices/system/cpu/cpufreq/policy63/scaling_min_freq 2400000
2026-09-22T18:41:46.7020517Z + [[ -n 2400000 ]]
2026-09-22T18:41:46.7020867Z + [[ -w /sys/devices/system/cpu/cpufreq/policy63/scaling_min_freq ]]
2026-09-22T18:41:46.7021259Z + echo 2400000
2026-09-22T18:41:46.7021573Z + for policy in /sys/devices/system/cpu/cpufreq/policy*
2026-09-22T18:41:46.7022101Z + sysfs_write /sys/devices/system/cpu/cpufreq/policy64/scaling_governor performance
2026-09-22T18:41:46.7022572Z + [[ -n performance ]]
2026-09-22T18:41:46.7022930Z + [[ -w /sys/devices/system/cpu/cpufreq/policy64/scaling_governor ]]
2026-09-22T18:41:46.7023343Z + echo performance
2026-09-22T18:41:46.7025390Z ++ cat /sys/devices/system/cpu/cpufreq/policy64/scaling_max_freq
2026-09-22T18:41:46.7035651Z + sysfs_write /sys/devices/system/cpu/cpufreq/policy64/scaling_min_freq 2400000
2026-09-22T18:41:46.7036108Z + [[ -n 2400000 ]]
2026-09-22T18:41:46.7036449Z + [[ -w /sys/devices/system/cpu/cpufreq/policy64/scaling_min_freq ]]
2026-09-22T18:41:46.7036846Z + echo 2400000
2026-09-22T18:41:46.7037153Z + for policy in /sys/devices/system/cpu/cpufreq/policy*
2026-09-22T18:41:46.7037681Z + sysfs_write /sys/devices/system/cpu/cpufreq/policy65/scaling_governor performance
2026-09-22T18:41:46.7038150Z + [[ -n performance ]]
2026-09-22T18:41:46.7038508Z + [[ -w /sys/devices/system/cpu/cpufreq/policy65/scaling_governor ]]
2026-09-22T18:41:46.7038918Z + echo performance
2026-09-22T18:41:46.7042168Z ++ cat /sys/devices/system/cpu/cpufreq/policy65/scaling_max_freq
2026-09-22T18:41:46.7052608Z + sysfs_write /sys/devices/system/cpu/cpufreq/policy65/scaling_min_freq 2400000
2026-09-22T18:41:46.7053069Z + [[ -n 2400000 ]]
2026-09-22T18:41:46.7053408Z + [[ -w /sys/devices/system/cpu/cpufreq/policy65/scaling_min_freq ]]
2026-09-22T18:41:46.7053794Z + echo 2400000
2026-09-22T18:41:46.7054106Z + for policy in /sys/devices/system/cpu/cpufreq/policy*
2026-09-22T18:41:46.7054618Z + sysfs_write /sys/devices/system/cpu/cpufreq/policy66/scaling_governor performance
2026-09-22T18:41:46.7055145Z + [[ -n performance ]]
2026-09-22T18:41:46.7055511Z + [[ -w /sys/devices/system/cpu/cpufreq/policy66/scaling_governor ]]
2026-09-22T18:41:46.7055902Z + echo performance
2026-09-22T18:41:46.7057278Z ++ cat /sys/devices/system/cpu/cpufreq/policy66/scaling_max_freq
2026-09-22T18:41:46.7067104Z + sysfs_write /sys/devices/system/cpu/cpufreq/policy66/scaling_min_freq 2400000
2026-09-22T18:41:46.7067610Z + [[ -n 2400000 ]]
2026-09-22T18:41:46.7067951Z + [[ -w /sys/devices/system/cpu/cpufreq/policy66/scaling_min_freq ]]
2026-09-22T18:41:46.7068347Z + echo 2400000
2026-09-22T18:41:46.7068651Z + for policy in /sys/devices/system/cpu/cpufreq/policy*
2026-09-22T18:41:46.7069171Z + sysfs_write /sys/devices/system/cpu/cpufreq/policy67/scaling_governor performance
2026-09-22T18:41:46.7069677Z + [[ -n performance ]]
2026-09-22T18:41:46.7070042Z + [[ -w /sys/devices/system/cpu/cpufreq/policy67/scaling_governor ]]
2026-09-22T18:41:46.7070438Z + echo performance
2026-09-22T18:41:46.7071248Z ++ cat /sys/devices/system/cpu/cpufreq/policy67/scaling_max_freq
2026-09-22T18:41:46.7081723Z + sysfs_write /sys/devices/system/cpu/cpufreq/policy67/scaling_min_freq 2400000
2026-09-22T18:41:46.7082176Z + [[ -n 2400000 ]]
2026-09-22T18:41:46.7082532Z + [[ -w /sys/devices/system/cpu/cpufreq/policy67/scaling_min_freq ]]
2026-09-22T18:41:46.7082925Z + echo 2400000
2026-09-22T18:41:46.7083233Z + for policy in /sys/devices/system/cpu/cpufreq/policy*
2026-09-22T18:41:46.7083757Z + sysfs_write /sys/devices/system/cpu/cpufreq/policy68/scaling_governor performance
2026-09-22T18:41:46.7084232Z + [[ -n performance ]]
2026-09-22T18:41:46.7084594Z + [[ -w /sys/devices/system/cpu/cpufreq/policy68/scaling_governor ]]
2026-09-22T18:41:46.7084996Z + echo performance
2026-09-22T18:41:46.7085496Z ++ cat /sys/devices/system/cpu/cpufreq/policy68/scaling_max_freq
2026-09-22T18:41:46.7095256Z + sysfs_write /sys/devices/system/cpu/cpufreq/policy68/scaling_min_freq 2400000
2026-09-22T18:41:46.7095710Z + [[ -n 2400000 ]]
2026-09-22T18:41:46.7096064Z + [[ -w /sys/devices/system/cpu/cpufreq/policy68/scaling_min_freq ]]
2026-09-22T18:41:46.7096453Z + echo 2400000
2026-09-22T18:41:46.7096760Z + for policy in /sys/devices/system/cpu/cpufreq/policy*
2026-09-22T18:41:46.7097285Z + sysfs_write /sys/devices/system/cpu/cpufreq/policy69/scaling_governor performance
2026-09-22T18:41:46.7097765Z + [[ -n performance ]]
2026-09-22T18:41:46.7098129Z + [[ -w /sys/devices/system/cpu/cpufreq/policy69/scaling_governor ]]
2026-09-22T18:41:46.7098547Z + echo performance
2026-09-22T18:41:46.7099310Z ++ cat /sys/devices/system/cpu/cpufreq/policy69/scaling_max_freq
2026-09-22T18:41:46.7109451Z + sysfs_write /sys/devices/system/cpu/cpufreq/policy69/scaling_min_freq 2400000
2026-09-22T18:41:46.7109930Z + [[ -n 2400000 ]]
2026-09-22T18:41:46.7110269Z + [[ -w /sys/devices/system/cpu/cpufreq/policy69/scaling_min_freq ]]
2026-09-22T18:41:46.7110660Z + echo 2400000
2026-09-22T18:41:46.7110986Z + for policy in /sys/devices/system/cpu/cpufreq/policy*
2026-09-22T18:41:46.7111503Z + sysfs_write /sys/devices/system/cpu/cpufreq/policy7/scaling_governor performance
2026-09-22T18:41:46.7111961Z + [[ -n performance ]]
2026-09-22T18:41:46.7112324Z + [[ -w /sys/devices/system/cpu/cpufreq/policy7/scaling_governor ]]
2026-09-22T18:41:46.7112716Z + echo performance
2026-09-22T18:41:46.7115903Z ++ cat /sys/devices/system/cpu/cpufreq/policy7/scaling_max_freq
2026-09-22T18:41:46.7128711Z + sysfs_write /sys/devices/system/cpu/cpufreq/policy7/scaling_min_freq 2400000
2026-09-22T18:41:46.7129157Z + [[ -n 2400000 ]]
2026-09-22T18:41:46.7129528Z + [[ -w /sys/devices/system/cpu/cpufreq/policy7/scaling_min_freq ]]
2026-09-22T18:41:46.7129995Z + echo 2400000
2026-09-22T18:41:46.7130306Z + for policy in /sys/devices/system/cpu/cpufreq/policy*
2026-09-22T18:41:46.7130816Z + sysfs_write /sys/devices/system/cpu/cpufreq/policy70/scaling_governor performance
2026-09-22T18:41:46.7131295Z + [[ -n performance ]]
2026-09-22T18:41:46.7131655Z + [[ -w /sys/devices/system/cpu/cpufreq/policy70/scaling_governor ]]
2026-09-22T18:41:46.7132123Z + echo performance
2026-09-22T18:41:46.7133060Z ++ cat /sys/devices/system/cpu/cpufreq/policy70/scaling_max_freq
2026-09-22T18:41:46.7145435Z + sysfs_write /sys/devices/system/cpu/cpufreq/policy70/scaling_min_freq 2400000
2026-09-22T18:41:46.7145954Z + [[ -n 2400000 ]]
2026-09-22T18:41:46.7146295Z + [[ -w /sys/devices/system/cpu/cpufreq/policy70/scaling_min_freq ]]
2026-09-22T18:41:46.7146765Z + echo 2400000
2026-09-22T18:41:46.7147075Z + for policy in /sys/devices/system/cpu/cpufreq/policy*
2026-09-22T18:41:46.7147588Z + sysfs_write /sys/devices/system/cpu/cpufreq/policy71/scaling_governor performance
2026-09-22T18:41:46.7148078Z + [[ -n performance ]]
2026-09-22T18:41:46.7148436Z + [[ -w /sys/devices/system/cpu/cpufreq/policy71/scaling_governor ]]
2026-09-22T18:41:46.7148838Z + echo performance
2026-09-22T18:41:46.7149578Z ++ cat /sys/devices/system/cpu/cpufreq/policy71/scaling_max_freq
2026-09-22T18:41:46.7160133Z + sysfs_write /sys/devices/system/cpu/cpufreq/policy71/scaling_min_freq 2400000
2026-09-22T18:41:46.7160585Z + [[ -n 2400000 ]]
2026-09-22T18:41:46.7160933Z + [[ -w /sys/devices/system/cpu/cpufreq/policy71/scaling_min_freq ]]
2026-09-22T18:41:46.7161323Z + echo 2400000
2026-09-22T18:41:46.7161628Z + for policy in /sys/devices/system/cpu/cpufreq/policy*
2026-09-22T18:41:46.7162153Z + sysfs_write /sys/devices/system/cpu/cpufreq/policy72/scaling_governor performance
2026-09-22T18:41:46.7162627Z + [[ -n performance ]]
2026-09-22T18:41:46.7162986Z + [[ -w /sys/devices/system/cpu/cpufreq/policy72/scaling_governor ]]
2026-09-22T18:41:46.7163384Z + echo performance
2026-09-22T18:41:46.7164197Z ++ cat /sys/devices/system/cpu/cpufreq/policy72/scaling_max_freq
2026-09-22T18:41:46.7174094Z + sysfs_write /sys/devices/system/cpu/cpufreq/policy72/scaling_min_freq 2400000
2026-09-22T18:41:46.7174552Z + [[ -n 2400000 ]]
2026-09-22T18:41:46.7174887Z + [[ -w /sys/devices/system/cpu/cpufreq/policy72/scaling_min_freq ]]
2026-09-22T18:41:46.7175280Z + echo 2400000
2026-09-22T18:41:46.7175603Z + for policy in /sys/devices/system/cpu/cpufreq/policy*
2026-09-22T18:41:46.7176115Z + sysfs_write /sys/devices/system/cpu/cpufreq/policy73/scaling_governor performance
2026-09-22T18:41:46.7176589Z + [[ -n performance ]]
2026-09-22T18:41:46.7176952Z + [[ -w /sys/devices/system/cpu/cpufreq/policy73/scaling_governor ]]
2026-09-22T18:41:46.7177349Z + echo performance
2026-09-22T18:41:46.7177966Z ++ cat /sys/devices/system/cpu/cpufreq/policy73/scaling_max_freq
2026-09-22T18:41:46.7188003Z + sysfs_write /sys/devices/system/cpu/cpufreq/policy73/scaling_min_freq 2400000
2026-09-22T18:41:46.7188453Z + [[ -n 2400000 ]]
2026-09-22T18:41:46.7188799Z + [[ -w /sys/devices/system/cpu/cpufreq/policy73/scaling_min_freq ]]
2026-09-22T18:41:46.7189196Z + echo 2400000
2026-09-22T18:41:46.7189545Z + for policy in /sys/devices/system/cpu/cpufreq/policy*
2026-09-22T18:41:46.7190063Z + sysfs_write /sys/devices/system/cpu/cpufreq/policy74/scaling_governor performance
2026-09-22T18:41:46.7190528Z + [[ -n performance ]]
2026-09-22T18:41:46.7190901Z + [[ -w /sys/devices/system/cpu/cpufreq/policy74/scaling_governor ]]
2026-09-22T18:41:46.7191292Z + echo performance
2026-09-22T18:41:46.7192052Z ++ cat /sys/devices/system/cpu/cpufreq/policy74/scaling_max_freq
2026-09-22T18:41:46.7202240Z + sysfs_write /sys/devices/system/cpu/cpufreq/policy74/scaling_min_freq 2400000
2026-09-22T18:41:46.7202691Z + [[ -n 2400000 ]]
2026-09-22T18:41:46.7203038Z + [[ -w /sys/devices/system/cpu/cpufreq/policy74/scaling_min_freq ]]
2026-09-22T18:41:46.7203440Z + echo 2400000
2026-09-22T18:41:46.7203745Z + for policy in /sys/devices/system/cpu/cpufreq/policy*
2026-09-22T18:41:46.7204259Z + sysfs_write /sys/devices/system/cpu/cpufreq/policy75/scaling_governor performance
2026-09-22T18:41:46.7204730Z + [[ -n performance ]]
2026-09-22T18:41:46.7205085Z + [[ -w /sys/devices/system/cpu/cpufreq/policy75/scaling_governor ]]
2026-09-22T18:41:46.7205482Z + echo performance
2026-09-22T18:41:46.7206343Z ++ cat /sys/devices/system/cpu/cpufreq/policy75/scaling_max_freq
2026-09-22T18:41:46.7217031Z + sysfs_write /sys/devices/system/cpu/cpufreq/policy75/scaling_min_freq 2400000
2026-09-22T18:41:46.7217485Z + [[ -n 2400000 ]]
2026-09-22T18:41:46.7217838Z + [[ -w /sys/devices/system/cpu/cpufreq/policy75/scaling_min_freq ]]
2026-09-22T18:41:46.7218228Z + echo 2400000
2026-09-22T18:41:46.7218533Z + for policy in /sys/devices/system/cpu/cpufreq/policy*
2026-09-22T18:41:46.7219124Z + sysfs_write /sys/devices/system/cpu/cpufreq/policy76/scaling_governor performance
2026-09-22T18:41:46.7219627Z + [[ -n performance ]]
2026-09-22T18:41:46.7219987Z + [[ -w /sys/devices/system/cpu/cpufreq/policy76/scaling_governor ]]
2026-09-22T18:41:46.7220387Z + echo performance
2026-09-22T18:41:46.7221101Z ++ cat /sys/devices/system/cpu/cpufreq/policy76/scaling_max_freq
2026-09-22T18:41:46.7231153Z + sysfs_write /sys/devices/system/cpu/cpufreq/policy76/scaling_min_freq 2400000
2026-09-22T18:41:46.7231605Z + [[ -n 2400000 ]]
2026-09-22T18:41:46.7231947Z + [[ -w /sys/devices/system/cpu/cpufreq/policy76/scaling_min_freq ]]
2026-09-22T18:41:46.7232342Z + echo 2400000
2026-09-22T18:41:46.7232647Z + for policy in /sys/devices/system/cpu/cpufreq/policy*
2026-09-22T18:41:46.7233175Z + sysfs_write /sys/devices/system/cpu/cpufreq/policy77/scaling_governor performance
2026-09-22T18:41:46.7233640Z + [[ -n performance ]]
2026-09-22T18:41:46.7233998Z + [[ -w /sys/devices/system/cpu/cpufreq/policy77/scaling_governor ]]
2026-09-22T18:41:46.7234407Z + echo performance
2026-09-22T18:41:46.7234988Z ++ cat /sys/devices/system/cpu/cpufreq/policy77/scaling_max_freq
2026-09-22T18:41:46.7245345Z + sysfs_write /sys/devices/system/cpu/cpufreq/policy77/scaling_min_freq 2400000
2026-09-22T18:41:46.7245805Z + [[ -n 2400000 ]]
2026-09-22T18:41:46.7246145Z + [[ -w /sys/devices/system/cpu/cpufreq/policy77/scaling_min_freq ]]
2026-09-22T18:41:46.7246538Z + echo 2400000
2026-09-22T18:41:46.7246852Z + for policy in /sys/devices/system/cpu/cpufreq/policy*
2026-09-22T18:41:46.7247368Z + sysfs_write /sys/devices/system/cpu/cpufreq/policy78/scaling_governor performance
2026-09-22T18:41:46.7247838Z + [[ -n performance ]]
2026-09-22T18:41:46.7248208Z + [[ -w /sys/devices/system/cpu/cpufreq/policy78/scaling_governor ]]
2026-09-22T18:41:46.7248608Z + echo performance
2026-09-22T18:41:46.7249427Z ++ cat /sys/devices/system/cpu/cpufreq/policy78/scaling_max_freq
2026-09-22T18:41:46.7259875Z + sysfs_write /sys/devices/system/cpu/cpufreq/policy78/scaling_min_freq 2400000
2026-09-22T18:41:46.7260332Z + [[ -n 2400000 ]]
2026-09-22T18:41:46.7260673Z + [[ -w /sys/devices/system/cpu/cpufreq/policy78/scaling_min_freq ]]
2026-09-22T18:41:46.7261071Z + echo 2400000
2026-09-22T18:41:46.7261378Z + for policy in /sys/devices/system/cpu/cpufreq/policy*
2026-09-22T18:41:46.7261893Z + sysfs_write /sys/devices/system/cpu/cpufreq/policy79/scaling_governor performance
2026-09-22T18:41:46.7262377Z + [[ -n performance ]]
2026-09-22T18:41:46.7262735Z + [[ -w /sys/devices/system/cpu/cpufreq/policy79/scaling_governor ]]
2026-09-22T18:41:46.7263131Z + echo performance
2026-09-22T18:41:46.7263594Z ++ cat /sys/devices/system/cpu/cpufreq/policy79/scaling_max_freq
2026-09-22T18:41:46.7273710Z + sysfs_write /sys/devices/system/cpu/cpufreq/policy79/scaling_min_freq 2400000
2026-09-22T18:41:46.7274154Z + [[ -n 2400000 ]]
2026-09-22T18:41:46.7274499Z + [[ -w /sys/devices/system/cpu/cpufreq/policy79/scaling_min_freq ]]
2026-09-22T18:41:46.7274887Z + echo 2400000
2026-09-22T18:41:46.7275202Z + for policy in /sys/devices/system/cpu/cpufreq/policy*
2026-09-22T18:41:46.7275717Z + sysfs_write /sys/devices/system/cpu/cpufreq/policy8/scaling_governor performance
2026-09-22T18:41:46.7276184Z + [[ -n performance ]]
2026-09-22T18:41:46.7276545Z + [[ -w /sys/devices/system/cpu/cpufreq/policy8/scaling_governor ]]
2026-09-22T18:41:46.7276940Z + echo performance
2026-09-22T18:41:46.7278886Z ++ cat /sys/devices/system/cpu/cpufreq/policy8/scaling_max_freq
2026-09-22T18:41:46.7289192Z + sysfs_write /sys/devices/system/cpu/cpufreq/policy8/scaling_min_freq 2400000
2026-09-22T18:41:46.7289668Z + [[ -n 2400000 ]]
2026-09-22T18:41:46.7290127Z + [[ -w /sys/devices/system/cpu/cpufreq/policy8/scaling_min_freq ]]
2026-09-22T18:41:46.7290513Z + echo 2400000
2026-09-22T18:41:46.7290818Z + for policy in /sys/devices/system/cpu/cpufreq/policy*
2026-09-22T18:41:46.7291343Z + sysfs_write /sys/devices/system/cpu/cpufreq/policy80/scaling_governor performance
2026-09-22T18:41:46.7291822Z + [[ -n performance ]]
2026-09-22T18:41:46.7292251Z + [[ -w /sys/devices/system/cpu/cpufreq/policy80/scaling_governor ]]
2026-09-22T18:41:46.7292664Z + echo performance
2026-09-22T18:41:46.7293069Z ++ cat /sys/devices/system/cpu/cpufreq/policy80/scaling_max_freq
2026-09-22T18:41:46.7303052Z + sysfs_write /sys/devices/system/cpu/cpufreq/policy80/scaling_min_freq 2400000
2026-09-22T18:41:46.7303507Z + [[ -n 2400000 ]]
2026-09-22T18:41:46.7303852Z + [[ -w /sys/devices/system/cpu/cpufreq/policy80/scaling_min_freq ]]
2026-09-22T18:41:46.7304243Z + echo 2400000
2026-09-22T18:41:46.7304555Z + for policy in /sys/devices/system/cpu/cpufreq/policy*
2026-09-22T18:41:46.7305074Z + sysfs_write /sys/devices/system/cpu/cpufreq/policy81/scaling_governor performance
2026-09-22T18:41:46.7305544Z + [[ -n performance ]]
2026-09-22T18:41:46.7305910Z + [[ -w /sys/devices/system/cpu/cpufreq/policy81/scaling_governor ]]
2026-09-22T18:41:46.7306306Z + echo performance
2026-09-22T18:41:46.7306950Z ++ cat /sys/devices/system/cpu/cpufreq/policy81/scaling_max_freq
2026-09-22T18:41:46.7316811Z + sysfs_write /sys/devices/system/cpu/cpufreq/policy81/scaling_min_freq 2400000
2026-09-22T18:41:46.7317260Z + [[ -n 2400000 ]]
2026-09-22T18:41:46.7317601Z + [[ -w /sys/devices/system/cpu/cpufreq/policy81/scaling_min_freq ]]
2026-09-22T18:41:46.7317999Z + echo 2400000
2026-09-22T18:41:46.7318312Z + for policy in /sys/devices/system/cpu/cpufreq/policy*
2026-09-22T18:41:46.7318816Z + sysfs_write /sys/devices/system/cpu/cpufreq/policy82/scaling_governor performance
2026-09-22T18:41:46.7319294Z + [[ -n performance ]]
2026-09-22T18:41:46.7319685Z + [[ -w /sys/devices/system/cpu/cpufreq/policy82/scaling_governor ]]
2026-09-22T18:41:46.7320086Z + echo performance
2026-09-22T18:41:46.7321534Z ++ cat /sys/devices/system/cpu/cpufreq/policy82/scaling_max_freq
2026-09-22T18:41:46.7331743Z + sysfs_write /sys/devices/system/cpu/cpufreq/policy82/scaling_min_freq 2400000
2026-09-22T18:41:46.7332203Z + [[ -n 2400000 ]]
2026-09-22T18:41:46.7332539Z + [[ -w /sys/devices/system/cpu/cpufreq/policy82/scaling_min_freq ]]
2026-09-22T18:41:46.7332938Z + echo 2400000
2026-09-22T18:41:46.7333245Z + for policy in /sys/devices/system/cpu/cpufreq/policy*
2026-09-22T18:41:46.7333748Z + sysfs_write /sys/devices/system/cpu/cpufreq/policy83/scaling_governor performance
2026-09-22T18:41:46.7334220Z + [[ -n performance ]]
2026-09-22T18:41:46.7334575Z + [[ -w /sys/devices/system/cpu/cpufreq/policy83/scaling_governor ]]
2026-09-22T18:41:46.7334962Z + echo performance
2026-09-22T18:41:46.7336737Z ++ cat /sys/devices/system/cpu/cpufreq/policy83/scaling_max_freq
2026-09-22T18:41:46.7346992Z + sysfs_write /sys/devices/system/cpu/cpufreq/policy83/scaling_min_freq 2400000
2026-09-22T18:41:46.7347445Z + [[ -n 2400000 ]]
2026-09-22T18:41:46.7347793Z + [[ -w /sys/devices/system/cpu/cpufreq/policy83/scaling_min_freq ]]
2026-09-22T18:41:46.7348188Z + echo 2400000
2026-09-22T18:41:46.7348504Z + for policy in /sys/devices/system/cpu/cpufreq/policy*
2026-09-22T18:41:46.7349026Z + sysfs_write /sys/devices/system/cpu/cpufreq/policy84/scaling_governor performance
2026-09-22T18:41:46.7349542Z + [[ -n performance ]]
2026-09-22T18:41:46.7349904Z + [[ -w /sys/devices/system/cpu/cpufreq/policy84/scaling_governor ]]
2026-09-22T18:41:46.7350308Z + echo performance
2026-09-22T18:41:46.7351284Z ++ cat /sys/devices/system/cpu/cpufreq/policy84/scaling_max_freq
2026-09-22T18:41:46.7362648Z + sysfs_write /sys/devices/system/cpu/cpufreq/policy84/scaling_min_freq 2400000
2026-09-22T18:41:46.7363102Z + [[ -n 2400000 ]]
2026-09-22T18:41:46.7363442Z + [[ -w /sys/devices/system/cpu/cpufreq/policy84/scaling_min_freq ]]
2026-09-22T18:41:46.7363831Z + echo 2400000
2026-09-22T18:41:46.7364219Z + for policy in /sys/devices/system/cpu/cpufreq/policy*
2026-09-22T18:41:46.7364736Z + sysfs_write /sys/devices/system/cpu/cpufreq/policy85/scaling_governor performance
2026-09-22T18:41:46.7365207Z + [[ -n performance ]]
2026-09-22T18:41:46.7365563Z + [[ -w /sys/devices/system/cpu/cpufreq/policy85/scaling_governor ]]
2026-09-22T18:41:46.7365972Z + echo performance
2026-09-22T18:41:46.7366610Z ++ cat /sys/devices/system/cpu/cpufreq/policy85/scaling_max_freq
2026-09-22T18:41:46.7377928Z + sysfs_write /sys/devices/system/cpu/cpufreq/policy85/scaling_min_freq 2400000
2026-09-22T18:41:46.7378389Z + [[ -n 2400000 ]]
2026-09-22T18:41:46.7378729Z + [[ -w /sys/devices/system/cpu/cpufreq/policy85/scaling_min_freq ]]
2026-09-22T18:41:46.7379121Z + echo 2400000
2026-09-22T18:41:46.7379438Z + for policy in /sys/devices/system/cpu/cpufreq/policy*
2026-09-22T18:41:46.7379991Z + sysfs_write /sys/devices/system/cpu/cpufreq/policy86/scaling_governor performance
2026-09-22T18:41:46.7380468Z + [[ -n performance ]]
2026-09-22T18:41:46.7380844Z + [[ -w /sys/devices/system/cpu/cpufreq/policy86/scaling_governor ]]
2026-09-22T18:41:46.7381242Z + echo performance
2026-09-22T18:41:46.7381598Z ++ cat /sys/devices/system/cpu/cpufreq/policy86/scaling_max_freq
2026-09-22T18:41:46.7391270Z + sysfs_write /sys/devices/system/cpu/cpufreq/policy86/scaling_min_freq 2400000
2026-09-22T18:41:46.7391721Z + [[ -n 2400000 ]]
2026-09-22T18:41:46.7392063Z + [[ -w /sys/devices/system/cpu/cpufreq/policy86/scaling_min_freq ]]
2026-09-22T18:41:46.7392472Z + echo 2400000
2026-09-22T18:41:46.7392785Z + for policy in /sys/devices/system/cpu/cpufreq/policy*
2026-09-22T18:41:46.7393302Z + sysfs_write /sys/devices/system/cpu/cpufreq/policy87/scaling_governor performance
2026-09-22T18:41:46.7393788Z + [[ -n performance ]]
2026-09-22T18:41:46.7394148Z + [[ -w /sys/devices/system/cpu/cpufreq/policy87/scaling_governor ]]
2026-09-22T18:41:46.7394551Z + echo performance
2026-09-22T18:41:46.7395745Z ++ cat /sys/devices/system/cpu/cpufreq/policy87/scaling_max_freq
2026-09-22T18:41:46.7405610Z + sysfs_write /sys/devices/system/cpu/cpufreq/policy87/scaling_min_freq 2400000
2026-09-22T18:41:46.7406059Z + [[ -n 2400000 ]]
2026-09-22T18:41:46.7406412Z + [[ -w /sys/devices/system/cpu/cpufreq/policy87/scaling_min_freq ]]
2026-09-22T18:41:46.7406808Z + echo 2400000
2026-09-22T18:41:46.7407111Z + for policy in /sys/devices/system/cpu/cpufreq/policy*
2026-09-22T18:41:46.7407644Z + sysfs_write /sys/devices/system/cpu/cpufreq/policy88/scaling_governor performance
2026-09-22T18:41:46.7408115Z + [[ -n performance ]]
2026-09-22T18:41:46.7408479Z + [[ -w /sys/devices/system/cpu/cpufreq/policy88/scaling_governor ]]
2026-09-22T18:41:46.7408875Z + echo performance
2026-09-22T18:41:46.7409671Z ++ cat /sys/devices/system/cpu/cpufreq/policy88/scaling_max_freq
2026-09-22T18:41:46.7422093Z + sysfs_write /sys/devices/system/cpu/cpufreq/policy88/scaling_min_freq 2400000
2026-09-22T18:41:46.7422551Z + [[ -n 2400000 ]]
2026-09-22T18:41:46.7422893Z + [[ -w /sys/devices/system/cpu/cpufreq/policy88/scaling_min_freq ]]
2026-09-22T18:41:46.7423288Z + echo 2400000
2026-09-22T18:41:46.7423596Z + for policy in /sys/devices/system/cpu/cpufreq/policy*
2026-09-22T18:41:46.7424125Z + sysfs_write /sys/devices/system/cpu/cpufreq/policy89/scaling_governor performance
2026-09-22T18:41:46.7424591Z + [[ -n performance ]]
2026-09-22T18:41:46.7424952Z + [[ -w /sys/devices/system/cpu/cpufreq/policy89/scaling_governor ]]
2026-09-22T18:41:46.7425369Z + echo performance
2026-09-22T18:41:46.7426354Z ++ cat /sys/devices/system/cpu/cpufreq/policy89/scaling_max_freq
2026-09-22T18:41:46.7438864Z + sysfs_write /sys/devices/system/cpu/cpufreq/policy89/scaling_min_freq 2400000
2026-09-22T18:41:46.7439329Z + [[ -n 2400000 ]]
2026-09-22T18:41:46.7439699Z + [[ -w /sys/devices/system/cpu/cpufreq/policy89/scaling_min_freq ]]
2026-09-22T18:41:46.7440092Z + echo 2400000
2026-09-22T18:41:46.7440402Z + for policy in /sys/devices/system/cpu/cpufreq/policy*
2026-09-22T18:41:46.7440921Z + sysfs_write /sys/devices/system/cpu/cpufreq/policy9/scaling_governor performance
2026-09-22T18:41:46.7441456Z + [[ -n performance ]]
2026-09-22T18:41:46.7441827Z + [[ -w /sys/devices/system/cpu/cpufreq/policy9/scaling_governor ]]
2026-09-22T18:41:46.7442217Z + echo performance
2026-09-22T18:41:46.7444257Z ++ cat /sys/devices/system/cpu/cpufreq/policy9/scaling_max_freq
2026-09-22T18:41:46.7454716Z + sysfs_write /sys/devices/system/cpu/cpufreq/policy9/scaling_min_freq 2400000
2026-09-22T18:41:46.7455176Z + [[ -n 2400000 ]]
2026-09-22T18:41:46.7455511Z + [[ -w /sys/devices/system/cpu/cpufreq/policy9/scaling_min_freq ]]
2026-09-22T18:41:46.7455916Z + echo 2400000
2026-09-22T18:41:46.7456215Z + for policy in /sys/devices/system/cpu/cpufreq/policy*
2026-09-22T18:41:46.7456724Z + sysfs_write /sys/devices/system/cpu/cpufreq/policy90/scaling_governor performance
2026-09-22T18:41:46.7457208Z + [[ -n performance ]]
2026-09-22T18:41:46.7457567Z + [[ -w /sys/devices/system/cpu/cpufreq/policy90/scaling_governor ]]
2026-09-22T18:41:46.7457970Z + echo performance
2026-09-22T18:41:46.7458648Z ++ cat /sys/devices/system/cpu/cpufreq/policy90/scaling_max_freq
2026-09-22T18:41:46.7468702Z + sysfs_write /sys/devices/system/cpu/cpufreq/policy90/scaling_min_freq 2400000
2026-09-22T18:41:46.7469153Z + [[ -n 2400000 ]]
2026-09-22T18:41:46.7469527Z + [[ -w /sys/devices/system/cpu/cpufreq/policy90/scaling_min_freq ]]
2026-09-22T18:41:46.7469923Z + echo 2400000
2026-09-22T18:41:46.7470232Z + for policy in /sys/devices/system/cpu/cpufreq/policy*
2026-09-22T18:41:46.7470750Z + sysfs_write /sys/devices/system/cpu/cpufreq/policy91/scaling_governor performance
2026-09-22T18:41:46.7471235Z + [[ -n performance ]]
2026-09-22T18:41:46.7471600Z + [[ -w /sys/devices/system/cpu/cpufreq/policy91/scaling_governor ]]
2026-09-22T18:41:46.7471992Z + echo performance
2026-09-22T18:41:46.7472420Z ++ cat /sys/devices/system/cpu/cpufreq/policy91/scaling_max_freq
2026-09-22T18:41:46.7484643Z + sysfs_write /sys/devices/system/cpu/cpufreq/policy91/scaling_min_freq 2400000
2026-09-22T18:41:46.7485100Z + [[ -n 2400000 ]]
2026-09-22T18:41:46.7485454Z + [[ -w /sys/devices/system/cpu/cpufreq/policy91/scaling_min_freq ]]
2026-09-22T18:41:46.7485849Z + echo 2400000
2026-09-22T18:41:46.7486157Z + for policy in /sys/devices/system/cpu/cpufreq/policy*
2026-09-22T18:41:46.7486675Z + sysfs_write /sys/devices/system/cpu/cpufreq/policy92/scaling_governor performance
2026-09-22T18:41:46.7487139Z + [[ -n performance ]]
2026-09-22T18:41:46.7487506Z + [[ -w /sys/devices/system/cpu/cpufreq/policy92/scaling_governor ]]
2026-09-22T18:41:46.7487909Z + echo performance
2026-09-22T18:41:46.7488744Z ++ cat /sys/devices/system/cpu/cpufreq/policy92/scaling_max_freq
2026-09-22T18:41:46.7499252Z + sysfs_write /sys/devices/system/cpu/cpufreq/policy92/scaling_min_freq 2400000
2026-09-22T18:41:46.7499754Z + [[ -n 2400000 ]]
2026-09-22T18:41:46.7500095Z + [[ -w /sys/devices/system/cpu/cpufreq/policy92/scaling_min_freq ]]
2026-09-22T18:41:46.7500484Z + echo 2400000
2026-09-22T18:41:46.7500794Z + for policy in /sys/devices/system/cpu/cpufreq/policy*
2026-09-22T18:41:46.7501314Z + sysfs_write /sys/devices/system/cpu/cpufreq/policy93/scaling_governor performance
2026-09-22T18:41:46.7501788Z + [[ -n performance ]]
2026-09-22T18:41:46.7502155Z + [[ -w /sys/devices/system/cpu/cpufreq/policy93/scaling_governor ]]
2026-09-22T18:41:46.7502547Z + echo performance
2026-09-22T18:41:46.7504587Z ++ cat /sys/devices/system/cpu/cpufreq/policy93/scaling_max_freq
2026-09-22T18:41:46.7515056Z + sysfs_write /sys/devices/system/cpu/cpufreq/policy93/scaling_min_freq 2400000
2026-09-22T18:41:46.7515503Z + [[ -n 2400000 ]]
2026-09-22T18:41:46.7515846Z + [[ -w /sys/devices/system/cpu/cpufreq/policy93/scaling_min_freq ]]
2026-09-22T18:41:46.7516246Z + echo 2400000
2026-09-22T18:41:46.7516545Z + for policy in /sys/devices/system/cpu/cpufreq/policy*
2026-09-22T18:41:46.7517057Z + sysfs_write /sys/devices/system/cpu/cpufreq/policy94/scaling_governor performance
2026-09-22T18:41:46.7517529Z + [[ -n performance ]]
2026-09-22T18:41:46.7517901Z + [[ -w /sys/devices/system/cpu/cpufreq/policy94/scaling_governor ]]
2026-09-22T18:41:46.7518368Z + echo performance
2026-09-22T18:41:46.7519039Z ++ cat /sys/devices/system/cpu/cpufreq/policy94/scaling_max_freq
2026-09-22T18:41:46.7530081Z + sysfs_write /sys/devices/system/cpu/cpufreq/policy94/scaling_min_freq 2400000
2026-09-22T18:41:46.7530538Z + [[ -n 2400000 ]]
2026-09-22T18:41:46.7530879Z + [[ -w /sys/devices/system/cpu/cpufreq/policy94/scaling_min_freq ]]
2026-09-22T18:41:46.7531361Z + echo 2400000
2026-09-22T18:41:46.7531676Z + for policy in /sys/devices/system/cpu/cpufreq/policy*
2026-09-22T18:41:46.7532187Z + sysfs_write /sys/devices/system/cpu/cpufreq/policy95/scaling_governor performance
2026-09-22T18:41:46.7532676Z + [[ -n performance ]]
2026-09-22T18:41:46.7533036Z + [[ -w /sys/devices/system/cpu/cpufreq/policy95/scaling_governor ]]
2026-09-22T18:41:46.7533436Z + echo performance
2026-09-22T18:41:46.7534920Z ++ cat /sys/devices/system/cpu/cpufreq/policy95/scaling_max_freq
2026-09-22T18:41:46.7547128Z + sysfs_write /sys/devices/system/cpu/cpufreq/policy95/scaling_min_freq 2400000
2026-09-22T18:41:46.7547581Z + [[ -n 2400000 ]]
2026-09-22T18:41:46.7547939Z + [[ -w /sys/devices/system/cpu/cpufreq/policy95/scaling_min_freq ]]
2026-09-22T18:41:46.7548334Z + echo 2400000
2026-09-22T18:41:46.7548610Z + sysctl -w vm.swappiness=0
2026-09-22T18:41:46.7556996Z + swapoff -a
2026-09-22T18:41:46.7557258Z vm.swappiness = 0
2026-09-22T18:41:46.7578748Z + sysctl -w kernel.numa_balancing=0
2026-09-22T18:41:46.7586330Z kernel.numa_balancing = 0
2026-09-22T18:41:46.7587302Z + sysctl -w kernel.randomize_va_space=0
2026-09-22T18:41:46.7594758Z kernel.randomize_va_space = 0
2026-09-22T18:41:46.7595751Z + sysctl -w kernel.sched_autogroup_enabled=0
2026-09-22T18:41:46.7604155Z kernel.sched_autogroup_enabled = 0
2026-09-22T18:41:46.7605140Z + sysctl -w kernel.timer_migration=0
2026-09-22T18:41:46.7620702Z kernel.timer_migration = 0
2026-09-22T18:41:46.7621685Z + dmesg -n 1
2026-09-22T18:41:46.7655123Z + for unit in apparmor ModemManager irqbalance apt-daily.service apt-daily-upgrade.service apt-daily.timer apt-daily-upgrade.timer motd-news.service motd-news.timer apport
2026-09-22T18:41:46.7655999Z + systemctl disable --now apparmor
2026-09-22T18:41:47.3354161Z + systemctl mask apparmor
2026-09-22T18:41:47.5034060Z + for unit in apparmor ModemManager irqbalance apt-daily.service apt-daily-upgrade.service apt-daily.timer apt-daily-upgrade.timer motd-news.service motd-news.timer apport
2026-09-22T18:41:47.5035007Z + systemctl disable --now ModemManager
2026-09-22T18:41:47.6800467Z + systemctl mask ModemManager
2026-09-22T18:41:47.8530425Z + for unit in apparmor ModemManager irqbalance apt-daily.service apt-daily-upgrade.service apt-daily.timer apt-daily-upgrade.timer motd-news.service motd-news.timer apport
2026-09-22T18:41:47.8531322Z + systemctl disable --now irqbalance
2026-09-22T18:41:48.3664317Z + systemctl mask irqbalance
2026-09-22T18:41:48.5410336Z + for unit in apparmor ModemManager irqbalance apt-daily.service apt-daily-upgrade.service apt-daily.timer apt-daily-upgrade.timer motd-news.service motd-news.timer apport
2026-09-22T18:41:48.5411274Z + systemctl disable --now apt-daily.service
2026-09-22T18:41:48.7068638Z + systemctl mask apt-daily.service
2026-09-22T18:41:48.8709286Z + for unit in apparmor ModemManager irqbalance apt-daily.service apt-daily-upgrade.service apt-daily.timer apt-daily-upgrade.timer motd-news.service motd-news.timer apport
2026-09-22T18:41:48.8710379Z + systemctl disable --now apt-daily-upgrade.service
2026-09-22T18:41:49.0419893Z + systemctl mask apt-daily-upgrade.service
2026-09-22T18:41:49.2099228Z + for unit in apparmor ModemManager irqbalance apt-daily.service apt-daily-upgrade.service apt-daily.timer apt-daily-upgrade.timer motd-news.service motd-news.timer apport
2026-09-22T18:41:49.2100253Z + systemctl disable --now apt-daily.timer
2026-09-22T18:41:49.3740973Z + systemctl mask apt-daily.timer
2026-09-22T18:41:49.5437652Z + for unit in apparmor ModemManager irqbalance apt-daily.service apt-daily-upgrade.service apt-daily.timer apt-daily-upgrade.timer motd-news.service motd-news.timer apport
2026-09-22T18:41:49.5438912Z + systemctl disable --now apt-daily-upgrade.timer
2026-09-22T18:41:49.7185522Z + systemctl mask apt-daily-upgrade.timer
2026-09-22T18:41:49.8887886Z + for unit in apparmor ModemManager irqbalance apt-daily.service apt-daily-upgrade.service apt-daily.timer apt-daily-upgrade.timer motd-news.service motd-news.timer apport
2026-09-22T18:41:49.8889083Z + systemctl disable --now motd-news.service
2026-09-22T18:41:50.0619448Z + systemctl mask motd-news.service
2026-09-22T18:41:50.2307676Z + for unit in apparmor ModemManager irqbalance apt-daily.service apt-daily-upgrade.service apt-daily.timer apt-daily-upgrade.timer motd-news.service motd-news.timer apport
2026-09-22T18:41:50.2308610Z + systemctl disable --now motd-news.timer
2026-09-22T18:41:50.4040385Z + systemctl mask motd-news.timer
2026-09-22T18:41:50.5760860Z + for unit in apparmor ModemManager irqbalance apt-daily.service apt-daily-upgrade.service apt-daily.timer apt-daily-upgrade.timer motd-news.service motd-news.timer apport
2026-09-22T18:41:50.5761787Z + systemctl disable --now apport
2026-09-22T18:41:51.0817981Z + systemctl mask apport
2026-09-22T18:41:51.2456546Z + aa-teardown
2026-09-22T18:41:51.2497305Z Unloading AppArmor profiles
2026-09-22T18:41:51.2532329Z + node_dirs=(/sys/devices/system/node/node[0-9]*)
2026-09-22T18:41:51.2533189Z + [[ 1 -gt 1 ]]
2026-09-22T18:41:51.2542545Z ++ sort -un
2026-09-22T18:41:51.2542810Z ++ paste -sd, -
2026-09-22T18:41:51.2547743Z +++ cat /sys/devices/system/cpu/cpu0/topology/thread_siblings_list /sys/devices/system/cpu/cpu1/topology/thread_siblings_list
2026-09-22T18:41:51.2548485Z +++ paste -sd, -
2026-09-22T18:41:51.2564936Z ++ expand_cpulist 0,48,1,49
2026-09-22T18:41:51.2565237Z ++ [[ -n 0,48,1,49 ]]
2026-09-22T18:41:51.2565510Z ++ local parts part
2026-09-22T18:41:51.2565773Z ++ IFS=,
2026-09-22T18:41:51.2566023Z ++ read -ra parts
2026-09-22T18:41:51.2566308Z ++ for part in "${parts[@]}"
2026-09-22T18:41:51.2566598Z ++ seq 0 0
2026-09-22T18:41:51.2589062Z ++ for part in "${parts[@]}"
2026-09-22T18:41:51.2589356Z ++ seq 48 48
2026-09-22T18:41:51.2596326Z ++ for part in "${parts[@]}"
2026-09-22T18:41:51.2596619Z ++ seq 1 1
2026-09-22T18:41:51.2604666Z ++ for part in "${parts[@]}"
2026-09-22T18:41:51.2604949Z ++ seq 49 49
2026-09-22T18:41:51.2617292Z + HOUSEKEEPING_CPUS=0,1,48,49
2026-09-22T18:41:51.2617589Z + bench=()
2026-09-22T18:41:51.2623566Z +++ cat /sys/devices/system/cpu/online
2026-09-22T18:41:51.2630467Z ++ expand_cpulist 0-95
2026-09-22T18:41:51.2630748Z ++ [[ -n 0-95 ]]
2026-09-22T18:41:51.2631006Z ++ local parts part
2026-09-22T18:41:51.2631295Z ++ IFS=,
2026-09-22T18:41:51.2631537Z ++ read -ra parts
2026-09-22T18:41:51.2631819Z ++ for part in "${parts[@]}"
2026-09-22T18:41:51.2632096Z ++ seq 0 95
2026-09-22T18:41:51.2641216Z + for cpu in $(expand_cpulist "$(cat /sys/devices/system/cpu/online)")
2026-09-22T18:41:51.2641672Z + [[ ,0,1,48,49, == *\,\0\,* ]]
2026-09-22T18:41:51.2642065Z + for cpu in $(expand_cpulist "$(cat /sys/devices/system/cpu/online)")
2026-09-22T18:41:51.2642470Z + [[ ,0,1,48,49, == *\,\1\,* ]]
2026-09-22T18:41:51.2642861Z + for cpu in $(expand_cpulist "$(cat /sys/devices/system/cpu/online)")
2026-09-22T18:41:51.2643255Z + [[ ,0,1,48,49, == *\,\2\,* ]]
2026-09-22T18:41:51.2643535Z + bench+=("$cpu")
2026-09-22T18:41:51.2643892Z + for cpu in $(expand_cpulist "$(cat /sys/devices/system/cpu/online)")
2026-09-22T18:41:51.2644281Z + [[ ,0,1,48,49, == *\,\3\,* ]]
2026-09-22T18:41:51.2644558Z + bench+=("$cpu")
2026-09-22T18:41:51.2644904Z + for cpu in $(expand_cpulist "$(cat /sys/devices/system/cpu/online)")
2026-09-22T18:41:51.2645300Z + [[ ,0,1,48,49, == *\,\4\,* ]]
2026-09-22T18:41:51.2645575Z + bench+=("$cpu")
2026-09-22T18:41:51.2645914Z + for cpu in $(expand_cpulist "$(cat /sys/devices/system/cpu/online)")
2026-09-22T18:41:51.2662301Z + [[ ,0,1,48,49, == *\,\5\,* ]]
2026-09-22T18:41:51.2662694Z + bench+=("$cpu")
2026-09-22T18:41:51.2663134Z + for cpu in $(expand_cpulist "$(cat /sys/devices/system/cpu/online)")
2026-09-22T18:41:51.2663821Z + [[ ,0,1,48,49, == *\,\6\,* ]]
2026-09-22T18:41:51.2664113Z + bench+=("$cpu")
2026-09-22T18:41:51.2664580Z + for cpu in $(expand_cpulist "$(cat /sys/devices/system/cpu/online)")
2026-09-22T18:41:51.2664996Z + [[ ,0,1,48,49, == *\,\7\,* ]]
2026-09-22T18:41:51.2665292Z + bench+=("$cpu")
2026-09-22T18:41:51.2665638Z + for cpu in $(expand_cpulist "$(cat /sys/devices/system/cpu/online)")
2026-09-22T18:41:51.2666132Z + [[ ,0,1,48,49, == *\,\8\,* ]]
2026-09-22T18:41:51.2666432Z + bench+=("$cpu")
2026-09-22T18:41:51.2666781Z + for cpu in $(expand_cpulist "$(cat /sys/devices/system/cpu/online)")
2026-09-22T18:41:51.2667173Z + [[ ,0,1,48,49, == *\,\9\,* ]]
2026-09-22T18:41:51.2667463Z + bench+=("$cpu")
2026-09-22T18:41:51.2667804Z + for cpu in $(expand_cpulist "$(cat /sys/devices/system/cpu/online)")
2026-09-22T18:41:51.2668215Z + [[ ,0,1,48,49, == *\,\1\0\,* ]]
2026-09-22T18:41:51.2668507Z + bench+=("$cpu")
2026-09-22T18:41:51.2668852Z + for cpu in $(expand_cpulist "$(cat /sys/devices/system/cpu/online)")
2026-09-22T18:41:51.2669258Z + [[ ,0,1,48,49, == *\,\1\1\,* ]]
2026-09-22T18:41:51.2669580Z + bench+=("$cpu")
2026-09-22T18:41:51.2669931Z + for cpu in $(expand_cpulist "$(cat /sys/devices/system/cpu/online)")
2026-09-22T18:41:51.2670324Z + [[ ,0,1,48,49, == *\,\1\2\,* ]]
2026-09-22T18:41:51.2670606Z + bench+=("$cpu")
2026-09-22T18:41:51.2670956Z + for cpu in $(expand_cpulist "$(cat /sys/devices/system/cpu/online)")
2026-09-22T18:41:51.2671353Z + [[ ,0,1,48,49, == *\,\1\3\,* ]]
2026-09-22T18:41:51.2671635Z + bench+=("$cpu")
2026-09-22T18:41:51.2671974Z + for cpu in $(expand_cpulist "$(cat /sys/devices/system/cpu/online)")
2026-09-22T18:41:51.2672381Z + [[ ,0,1,48,49, == *\,\1\4\,* ]]
2026-09-22T18:41:51.2672667Z + bench+=("$cpu")
2026-09-22T18:41:51.2673001Z + for cpu in $(expand_cpulist "$(cat /sys/devices/system/cpu/online)")
2026-09-22T18:41:51.2673406Z + [[ ,0,1,48,49, == *\,\1\5\,* ]]
2026-09-22T18:41:51.2673686Z + bench+=("$cpu")
2026-09-22T18:41:51.2674024Z + for cpu in $(expand_cpulist "$(cat /sys/devices/system/cpu/online)")
2026-09-22T18:41:51.2674448Z + [[ ,0,1,48,49, == *\,\1\6\,* ]]
2026-09-22T18:41:51.2674726Z + bench+=("$cpu")
2026-09-22T18:41:51.2675060Z + for cpu in $(expand_cpulist "$(cat /sys/devices/system/cpu/online)")
2026-09-22T18:41:51.2675452Z + [[ ,0,1,48,49, == *\,\1\7\,* ]]
2026-09-22T18:41:51.2675730Z + bench+=("$cpu")
2026-09-22T18:41:51.2676074Z + for cpu in $(expand_cpulist "$(cat /sys/devices/system/cpu/online)")
2026-09-22T18:41:51.2676467Z + [[ ,0,1,48,49, == *\,\1\8\,* ]]
2026-09-22T18:41:51.2676758Z + bench+=("$cpu")
2026-09-22T18:41:51.2677095Z + for cpu in $(expand_cpulist "$(cat /sys/devices/system/cpu/online)")
2026-09-22T18:41:51.2677483Z + [[ ,0,1,48,49, == *\,\1\9\,* ]]
2026-09-22T18:41:51.2677773Z + bench+=("$cpu")
2026-09-22T18:41:51.2678107Z + for cpu in $(expand_cpulist "$(cat /sys/devices/system/cpu/online)")
2026-09-22T18:41:51.2678493Z + [[ ,0,1,48,49, == *\,\2\0\,* ]]
2026-09-22T18:41:51.2678780Z + bench+=("$cpu")
2026-09-22T18:41:51.2679120Z + for cpu in $(expand_cpulist "$(cat /sys/devices/system/cpu/online)")
2026-09-22T18:41:51.2679554Z + [[ ,0,1,48,49, == *\,\2\1\,* ]]
2026-09-22T18:41:51.2679841Z + bench+=("$cpu")
2026-09-22T18:41:51.2680189Z + for cpu in $(expand_cpulist "$(cat /sys/devices/system/cpu/online)")
2026-09-22T18:41:51.2680588Z + [[ ,0,1,48,49, == *\,\2\2\,* ]]
2026-09-22T18:41:51.2680870Z + bench+=("$cpu")
2026-09-22T18:41:51.2681226Z + for cpu in $(expand_cpulist "$(cat /sys/devices/system/cpu/online)")
2026-09-22T18:41:51.2681619Z + [[ ,0,1,48,49, == *\,\2\3\,* ]]
2026-09-22T18:41:51.2681899Z + bench+=("$cpu")
2026-09-22T18:41:51.2682244Z + for cpu in $(expand_cpulist "$(cat /sys/devices/system/cpu/online)")
2026-09-22T18:41:51.2682637Z + [[ ,0,1,48,49, == *\,\2\4\,* ]]
2026-09-22T18:41:51.2682918Z + bench+=("$cpu")
2026-09-22T18:41:51.2683254Z + for cpu in $(expand_cpulist "$(cat /sys/devices/system/cpu/online)")
2026-09-22T18:41:51.2683653Z + [[ ,0,1,48,49, == *\,\2\5\,* ]]
2026-09-22T18:41:51.2683932Z + bench+=("$cpu")
2026-09-22T18:41:51.2684359Z + for cpu in $(expand_cpulist "$(cat /sys/devices/system/cpu/online)")
2026-09-22T18:41:51.2684765Z + [[ ,0,1,48,49, == *\,\2\6\,* ]]
2026-09-22T18:41:51.2685045Z + bench+=("$cpu")
2026-09-22T18:41:51.2685392Z + for cpu in $(expand_cpulist "$(cat /sys/devices/system/cpu/online)")
2026-09-22T18:41:51.2685808Z + [[ ,0,1,48,49, == *\,\2\7\,* ]]
2026-09-22T18:41:51.2686098Z + bench+=("$cpu")
2026-09-22T18:41:51.2686512Z + for cpu in $(expand_cpulist "$(cat /sys/devices/system/cpu/online)")
2026-09-22T18:41:51.2686909Z + [[ ,0,1,48,49, == *\,\2\8\,* ]]
2026-09-22T18:41:51.2687200Z + bench+=("$cpu")
2026-09-22T18:41:51.2687534Z + for cpu in $(expand_cpulist "$(cat /sys/devices/system/cpu/online)")
2026-09-22T18:41:51.2687926Z + [[ ,0,1,48,49, == *\,\2\9\,* ]]
2026-09-22T18:41:51.2688211Z + bench+=("$cpu")
2026-09-22T18:41:51.2688545Z + for cpu in $(expand_cpulist "$(cat /sys/devices/system/cpu/online)")
2026-09-22T18:41:51.2688943Z + [[ ,0,1,48,49, == *\,\3\0\,* ]]
2026-09-22T18:41:51.2689242Z + bench+=("$cpu")
2026-09-22T18:41:51.2689748Z + for cpu in $(expand_cpulist "$(cat /sys/devices/system/cpu/online)")
2026-09-22T18:41:51.2690145Z + [[ ,0,1,48,49, == *\,\3\1\,* ]]
2026-09-22T18:41:51.2690433Z + bench+=("$cpu")
2026-09-22T18:41:51.2690783Z + for cpu in $(expand_cpulist "$(cat /sys/devices/system/cpu/online)")
2026-09-22T18:41:51.2691177Z + [[ ,0,1,48,49, == *\,\3\2\,* ]]
2026-09-22T18:41:51.2691468Z + bench+=("$cpu")
2026-09-22T18:41:51.2691812Z + for cpu in $(expand_cpulist "$(cat /sys/devices/system/cpu/online)")
2026-09-22T18:41:51.2692211Z + [[ ,0,1,48,49, == *\,\3\3\,* ]]
2026-09-22T18:41:51.2692495Z + bench+=("$cpu")
2026-09-22T18:41:51.2692837Z + for cpu in $(expand_cpulist "$(cat /sys/devices/system/cpu/online)")
2026-09-22T18:41:51.2693242Z + [[ ,0,1,48,49, == *\,\3\4\,* ]]
2026-09-22T18:41:51.2693526Z + bench+=("$cpu")
2026-09-22T18:41:51.2693859Z + for cpu in $(expand_cpulist "$(cat /sys/devices/system/cpu/online)")
2026-09-22T18:41:51.2694258Z + [[ ,0,1,48,49, == *\,\3\5\,* ]]
2026-09-22T18:41:51.2694549Z + bench+=("$cpu")
2026-09-22T18:41:51.2694883Z + for cpu in $(expand_cpulist "$(cat /sys/devices/system/cpu/online)")
2026-09-22T18:41:51.2695288Z + [[ ,0,1,48,49, == *\,\3\6\,* ]]
2026-09-22T18:41:51.2695571Z + bench+=("$cpu")
2026-09-22T18:41:51.2695907Z + for cpu in $(expand_cpulist "$(cat /sys/devices/system/cpu/online)")
2026-09-22T18:41:51.2696310Z + [[ ,0,1,48,49, == *\,\3\7\,* ]]
2026-09-22T18:41:51.2696592Z + bench+=("$cpu")
2026-09-22T18:41:51.2696928Z + for cpu in $(expand_cpulist "$(cat /sys/devices/system/cpu/online)")
2026-09-22T18:41:51.2697330Z + [[ ,0,1,48,49, == *\,\3\8\,* ]]
2026-09-22T18:41:51.2697610Z + bench+=("$cpu")
2026-09-22T18:41:51.2697951Z + for cpu in $(expand_cpulist "$(cat /sys/devices/system/cpu/online)")
2026-09-22T18:41:51.2698348Z + [[ ,0,1,48,49, == *\,\3\9\,* ]]
2026-09-22T18:41:51.2698636Z + bench+=("$cpu")
2026-09-22T18:41:51.2698968Z + for cpu in $(expand_cpulist "$(cat /sys/devices/system/cpu/online)")
2026-09-22T18:41:51.2699364Z + [[ ,0,1,48,49, == *\,\4\0\,* ]]
2026-09-22T18:41:51.2699701Z + bench+=("$cpu")
2026-09-22T18:41:51.2700037Z + for cpu in $(expand_cpulist "$(cat /sys/devices/system/cpu/online)")
2026-09-22T18:41:51.2700434Z + [[ ,0,1,48,49, == *\,\4\1\,* ]]
2026-09-22T18:41:51.2700727Z + bench+=("$cpu")
2026-09-22T18:41:51.2701063Z + for cpu in $(expand_cpulist "$(cat /sys/devices/system/cpu/online)")
2026-09-22T18:41:51.2701460Z + [[ ,0,1,48,49, == *\,\4\2\,* ]]
2026-09-22T18:41:51.2701738Z + bench+=("$cpu")
2026-09-22T18:41:51.2702083Z + for cpu in $(expand_cpulist "$(cat /sys/devices/system/cpu/online)")
2026-09-22T18:41:51.2702481Z + [[ ,0,1,48,49, == *\,\4\3\,* ]]
2026-09-22T18:41:51.2702762Z + bench+=("$cpu")
2026-09-22T18:41:51.2703104Z + for cpu in $(expand_cpulist "$(cat /sys/devices/system/cpu/online)")
2026-09-22T18:41:51.2703494Z + [[ ,0,1,48,49, == *\,\4\4\,* ]]
2026-09-22T18:41:51.2703770Z + bench+=("$cpu")
2026-09-22T18:41:51.2704115Z + for cpu in $(expand_cpulist "$(cat /sys/devices/system/cpu/online)")
2026-09-22T18:41:51.2704593Z + [[ ,0,1,48,49, == *\,\4\5\,* ]]
2026-09-22T18:41:51.2704874Z + bench+=("$cpu")
2026-09-22T18:41:51.2705207Z + for cpu in $(expand_cpulist "$(cat /sys/devices/system/cpu/online)")
2026-09-22T18:41:51.2705617Z + [[ ,0,1,48,49, == *\,\4\6\,* ]]
2026-09-22T18:41:51.2705899Z + bench+=("$cpu")
2026-09-22T18:41:51.2706238Z + for cpu in $(expand_cpulist "$(cat /sys/devices/system/cpu/online)")
2026-09-22T18:41:51.2706707Z + [[ ,0,1,48,49, == *\,\4\7\,* ]]
2026-09-22T18:41:51.2706990Z + bench+=("$cpu")
2026-09-22T18:41:51.2707323Z + for cpu in $(expand_cpulist "$(cat /sys/devices/system/cpu/online)")
2026-09-22T18:41:51.2707720Z + [[ ,0,1,48,49, == *\,\4\8\,* ]]
2026-09-22T18:41:51.2708089Z + for cpu in $(expand_cpulist "$(cat /sys/devices/system/cpu/online)")
2026-09-22T18:41:51.2708479Z + [[ ,0,1,48,49, == *\,\4\9\,* ]]
2026-09-22T18:41:51.2708853Z + for cpu in $(expand_cpulist "$(cat /sys/devices/system/cpu/online)")
2026-09-22T18:41:51.2709238Z + [[ ,0,1,48,49, == *\,\5\0\,* ]]
2026-09-22T18:41:51.2709543Z + bench+=("$cpu")
2026-09-22T18:41:51.2709881Z + for cpu in $(expand_cpulist "$(cat /sys/devices/system/cpu/online)")
2026-09-22T18:41:51.2710288Z + [[ ,0,1,48,49, == *\,\5\1\,* ]]
2026-09-22T18:41:51.2710568Z + bench+=("$cpu")
2026-09-22T18:41:51.2710914Z + for cpu in $(expand_cpulist "$(cat /sys/devices/system/cpu/online)")
2026-09-22T18:41:51.2711305Z + [[ ,0,1,48,49, == *\,\5\2\,* ]]
2026-09-22T18:41:51.2711588Z + bench+=("$cpu")
2026-09-22T18:41:51.2711932Z + for cpu in $(expand_cpulist "$(cat /sys/devices/system/cpu/online)")
2026-09-22T18:41:51.2712320Z + [[ ,0,1,48,49, == *\,\5\3\,* ]]
2026-09-22T18:41:51.2712600Z + bench+=("$cpu")
2026-09-22T18:41:51.2712944Z + for cpu in $(expand_cpulist "$(cat /sys/devices/system/cpu/online)")
2026-09-22T18:41:51.2713333Z + [[ ,0,1,48,49, == *\,\5\4\,* ]]
2026-09-22T18:41:51.2713608Z + bench+=("$cpu")
2026-09-22T18:41:51.2713944Z + for cpu in $(expand_cpulist "$(cat /sys/devices/system/cpu/online)")
2026-09-22T18:41:51.2714341Z + [[ ,0,1,48,49, == *\,\5\5\,* ]]
2026-09-22T18:41:51.2714628Z + bench+=("$cpu")
2026-09-22T18:41:51.2714961Z + for cpu in $(expand_cpulist "$(cat /sys/devices/system/cpu/online)")
2026-09-22T18:41:51.2715356Z + [[ ,0,1,48,49, == *\,\5\6\,* ]]
2026-09-22T18:41:51.2715649Z + bench+=("$cpu")
2026-09-22T18:41:51.2715985Z + for cpu in $(expand_cpulist "$(cat /sys/devices/system/cpu/online)")
2026-09-22T18:41:51.2716378Z + [[ ,0,1,48,49, == *\,\5\7\,* ]]
2026-09-22T18:41:51.2716654Z + bench+=("$cpu")
2026-09-22T18:41:51.2716999Z + for cpu in $(expand_cpulist "$(cat /sys/devices/system/cpu/online)")
2026-09-22T18:41:51.2717395Z + [[ ,0,1,48,49, == *\,\5\8\,* ]]
2026-09-22T18:41:51.2717678Z + bench+=("$cpu")
2026-09-22T18:41:51.2718021Z + for cpu in $(expand_cpulist "$(cat /sys/devices/system/cpu/online)")
2026-09-22T18:41:51.2718412Z + [[ ,0,1,48,49, == *\,\5\9\,* ]]
2026-09-22T18:41:51.2718692Z + bench+=("$cpu")
2026-09-22T18:41:51.2719035Z + for cpu in $(expand_cpulist "$(cat /sys/devices/system/cpu/online)")
2026-09-22T18:41:51.2719435Z + [[ ,0,1,48,49, == *\,\6\0\,* ]]
2026-09-22T18:41:51.2719754Z + bench+=("$cpu")
2026-09-22T18:41:51.2720085Z + for cpu in $(expand_cpulist "$(cat /sys/devices/system/cpu/online)")
2026-09-22T18:41:51.2720493Z + [[ ,0,1,48,49, == *\,\6\1\,* ]]
2026-09-22T18:41:51.2720779Z + bench+=("$cpu")
2026-09-22T18:41:51.2721118Z + for cpu in $(expand_cpulist "$(cat /sys/devices/system/cpu/online)")
2026-09-22T18:41:51.2721524Z + [[ ,0,1,48,49, == *\,\6\2\,* ]]
2026-09-22T18:41:51.2721805Z + bench+=("$cpu")
2026-09-22T18:41:51.2722142Z + for cpu in $(expand_cpulist "$(cat /sys/devices/system/cpu/online)")
2026-09-22T18:41:51.2722542Z + [[ ,0,1,48,49, == *\,\6\3\,* ]]
2026-09-22T18:41:51.2722817Z + bench+=("$cpu")
2026-09-22T18:41:51.2723152Z + for cpu in $(expand_cpulist "$(cat /sys/devices/system/cpu/online)")
2026-09-22T18:41:51.2723554Z + [[ ,0,1,48,49, == *\,\6\4\,* ]]
2026-09-22T18:41:51.2723832Z + bench+=("$cpu")
2026-09-22T18:41:51.2724168Z + for cpu in $(expand_cpulist "$(cat /sys/devices/system/cpu/online)")
2026-09-22T18:41:51.2724653Z + [[ ,0,1,48,49, == *\,\6\5\,* ]]
2026-09-22T18:41:51.2724947Z + bench+=("$cpu")
2026-09-22T18:41:51.2725286Z + for cpu in $(expand_cpulist "$(cat /sys/devices/system/cpu/online)")
2026-09-22T18:41:51.2725690Z + [[ ,0,1,48,49, == *\,\6\6\,* ]]
2026-09-22T18:41:51.2725976Z + bench+=("$cpu")
2026-09-22T18:41:51.2726312Z + for cpu in $(expand_cpulist "$(cat /sys/devices/system/cpu/online)")
2026-09-22T18:41:51.2726776Z + [[ ,0,1,48,49, == *\,\6\7\,* ]]
2026-09-22T18:41:51.2727081Z + bench+=("$cpu")
2026-09-22T18:41:51.2727419Z + for cpu in $(expand_cpulist "$(cat /sys/devices/system/cpu/online)")
2026-09-22T18:41:51.2727819Z + [[ ,0,1,48,49, == *\,\6\8\,* ]]
2026-09-22T18:41:51.2728168Z + bench+=("$cpu")
2026-09-22T18:41:51.2728541Z + for cpu in $(expand_cpulist "$(cat /sys/devices/system/cpu/online)")
2026-09-22T18:41:51.2728946Z + [[ ,0,1,48,49, == *\,\6\9\,* ]]
2026-09-22T18:41:51.2729227Z + bench+=("$cpu")
2026-09-22T18:41:51.2729592Z + for cpu in $(expand_cpulist "$(cat /sys/devices/system/cpu/online)")
2026-09-22T18:41:51.2730011Z + [[ ,0,1,48,49, == *\,\7\0\,* ]]
2026-09-22T18:41:51.2730298Z + bench+=("$cpu")
2026-09-22T18:41:51.2730634Z + for cpu in $(expand_cpulist "$(cat /sys/devices/system/cpu/online)")
2026-09-22T18:41:51.2731021Z + [[ ,0,1,48,49, == *\,\7\1\,* ]]
2026-09-22T18:41:51.2731310Z + bench+=("$cpu")
2026-09-22T18:41:51.2731653Z + for cpu in $(expand_cpulist "$(cat /sys/devices/system/cpu/online)")
2026-09-22T18:41:51.2732041Z + [[ ,0,1,48,49, == *\,\7\2\,* ]]
2026-09-22T18:41:51.2732328Z + bench+=("$cpu")
2026-09-22T18:41:51.2732666Z + for cpu in $(expand_cpulist "$(cat /sys/devices/system/cpu/online)")
2026-09-22T18:41:51.2733060Z + [[ ,0,1,48,49, == *\,\7\3\,* ]]
2026-09-22T18:41:51.2733349Z + bench+=("$cpu")
2026-09-22T18:41:51.2733682Z + for cpu in $(expand_cpulist "$(cat /sys/devices/system/cpu/online)")
2026-09-22T18:41:51.2734075Z + [[ ,0,1,48,49, == *\,\7\4\,* ]]
2026-09-22T18:41:51.2734353Z + bench+=("$cpu")
2026-09-22T18:41:51.2734691Z + for cpu in $(expand_cpulist "$(cat /sys/devices/system/cpu/online)")
2026-09-22T18:41:51.2735087Z + [[ ,0,1,48,49, == *\,\7\5\,* ]]
2026-09-22T18:41:51.2735362Z + bench+=("$cpu")
2026-09-22T18:41:51.2735702Z + for cpu in $(expand_cpulist "$(cat /sys/devices/system/cpu/online)")
2026-09-22T18:41:51.2736088Z + [[ ,0,1,48,49, == *\,\7\6\,* ]]
2026-09-22T18:41:51.2736364Z + bench+=("$cpu")
2026-09-22T18:41:51.2736703Z + for cpu in $(expand_cpulist "$(cat /sys/devices/system/cpu/online)")
2026-09-22T18:41:51.2737097Z + [[ ,0,1,48,49, == *\,\7\7\,* ]]
2026-09-22T18:41:51.2737376Z + bench+=("$cpu")
2026-09-22T18:41:51.2737708Z + for cpu in $(expand_cpulist "$(cat /sys/devices/system/cpu/online)")
2026-09-22T18:41:51.2738103Z + [[ ,0,1,48,49, == *\,\7\8\,* ]]
2026-09-22T18:41:51.2738381Z + bench+=("$cpu")
2026-09-22T18:41:51.2738713Z + for cpu in $(expand_cpulist "$(cat /sys/devices/system/cpu/online)")
2026-09-22T18:41:51.2739111Z + [[ ,0,1,48,49, == *\,\7\9\,* ]]
2026-09-22T18:41:51.2739389Z + bench+=("$cpu")
2026-09-22T18:41:51.2739766Z + for cpu in $(expand_cpulist "$(cat /sys/devices/system/cpu/online)")
2026-09-22T18:41:51.2740171Z + [[ ,0,1,48,49, == *\,\8\0\,* ]]
2026-09-22T18:41:51.2740453Z + bench+=("$cpu")
2026-09-22T18:41:51.2740797Z + for cpu in $(expand_cpulist "$(cat /sys/devices/system/cpu/online)")
2026-09-22T18:41:51.2741184Z + [[ ,0,1,48,49, == *\,\8\1\,* ]]
2026-09-22T18:41:51.2741469Z + bench+=("$cpu")
2026-09-22T18:41:51.2741811Z + for cpu in $(expand_cpulist "$(cat /sys/devices/system/cpu/online)")
2026-09-22T18:41:51.2742202Z + [[ ,0,1,48,49, == *\,\8\2\,* ]]
2026-09-22T18:41:51.2742497Z + bench+=("$cpu")
2026-09-22T18:41:51.2742830Z + for cpu in $(expand_cpulist "$(cat /sys/devices/system/cpu/online)")
2026-09-22T18:41:51.2743217Z + [[ ,0,1,48,49, == *\,\8\3\,* ]]
2026-09-22T18:41:51.2743504Z + bench+=("$cpu")
2026-09-22T18:41:51.2743842Z + for cpu in $(expand_cpulist "$(cat /sys/devices/system/cpu/online)")
2026-09-22T18:41:51.2744231Z + [[ ,0,1,48,49, == *\,\8\4\,* ]]
2026-09-22T18:41:51.2744512Z + bench+=("$cpu")
2026-09-22T18:41:51.2744999Z + for cpu in $(expand_cpulist "$(cat /sys/devices/system/cpu/online)")
2026-09-22T18:41:51.2745389Z + [[ ,0,1,48,49, == *\,\8\5\,* ]]
2026-09-22T18:41:51.2745667Z + bench+=("$cpu")
2026-09-22T18:41:51.2746017Z + for cpu in $(expand_cpulist "$(cat /sys/devices/system/cpu/online)")
2026-09-22T18:41:51.2746411Z + [[ ,0,1,48,49, == *\,\8\6\,* ]]
2026-09-22T18:41:51.2746692Z + bench+=("$cpu")
2026-09-22T18:41:51.2747104Z + for cpu in $(expand_cpulist "$(cat /sys/devices/system/cpu/online)")
2026-09-22T18:41:51.2747496Z + [[ ,0,1,48,49, == *\,\8\7\,* ]]
2026-09-22T18:41:51.2747772Z + bench+=("$cpu")
2026-09-22T18:41:51.2748104Z + for cpu in $(expand_cpulist "$(cat /sys/devices/system/cpu/online)")
2026-09-22T18:41:51.2748502Z + [[ ,0,1,48,49, == *\,\8\8\,* ]]
2026-09-22T18:41:51.2748779Z + bench+=("$cpu")
2026-09-22T18:41:51.2749111Z + for cpu in $(expand_cpulist "$(cat /sys/devices/system/cpu/online)")
2026-09-22T18:41:51.2749604Z + [[ ,0,1,48,49, == *\,\8\9\,* ]]
2026-09-22T18:41:51.2749898Z + bench+=("$cpu")
2026-09-22T18:41:51.2750243Z + for cpu in $(expand_cpulist "$(cat /sys/devices/system/cpu/online)")
2026-09-22T18:41:51.2750654Z + [[ ,0,1,48,49, == *\,\9\0\,* ]]
2026-09-22T18:41:51.2750938Z + bench+=("$cpu")
2026-09-22T18:41:51.2751279Z + for cpu in $(expand_cpulist "$(cat /sys/devices/system/cpu/online)")
2026-09-22T18:41:51.2751682Z + [[ ,0,1,48,49, == *\,\9\1\,* ]]
2026-09-22T18:41:51.2751965Z + bench+=("$cpu")
2026-09-22T18:41:51.2752308Z + for cpu in $(expand_cpulist "$(cat /sys/devices/system/cpu/online)")
2026-09-22T18:41:51.2752702Z + [[ ,0,1,48,49, == *\,\9\2\,* ]]
2026-09-22T18:41:51.2752994Z + bench+=("$cpu")
2026-09-22T18:41:51.2753333Z + for cpu in $(expand_cpulist "$(cat /sys/devices/system/cpu/online)")
2026-09-22T18:41:51.2753731Z + [[ ,0,1,48,49, == *\,\9\3\,* ]]
2026-09-22T18:41:51.2754021Z + bench+=("$cpu")
2026-09-22T18:41:51.2754354Z + for cpu in $(expand_cpulist "$(cat /sys/devices/system/cpu/online)")
2026-09-22T18:41:51.2754739Z + [[ ,0,1,48,49, == *\,\9\4\,* ]]
2026-09-22T18:41:51.2755030Z + bench+=("$cpu")
2026-09-22T18:41:51.2755371Z + for cpu in $(expand_cpulist "$(cat /sys/devices/system/cpu/online)")
2026-09-22T18:41:51.2755762Z + [[ ,0,1,48,49, == *\,\9\5\,* ]]
2026-09-22T18:41:51.2756042Z + bench+=("$cpu")
2026-09-22T18:41:51.2756298Z ++ IFS=,
2026-09-22T18:41:51.2756984Z ++ echo 2,3,4,5,6,7,8,9,10,11,12,13,14,15,16,17,18,19,20,21,22,23,24,25,26,27,28,29,30,31,32,33,34,35,36,37,38,39,40,41,42,43,44,45,46,47,50,51,52,53,54,55,56,57,58,59,60,61,62,63,64,65,66,67,68,69,70,71,72,73,74,75,76,77,78,79,80,81,82,83,84,85,86,87,88,89,90,91,92,93,94,95
2026-09-22T18:41:51.2758220Z + BENCH_CPUS=2,3,4,5,6,7,8,9,10,11,12,13,14,15,16,17,18,19,20,21,22,23,24,25,26,27,28,29,30,31,32,33,34,35,36,37,38,39,40,41,42,43,44,45,46,47,50,51,52,53,54,55,56,57,58,59,60,61,62,63,64,65,66,67,68,69,70,71,72,73,74,75,76,77,78,79,80,81,82,83,84,85,86,87,88,89,90,91,92,93,94,95
2026-09-22T18:41:51.2758979Z + NET_IRQS=()
2026-09-22T18:41:51.2759233Z + declare -A NET_IRQS
2026-09-22T18:41:51.2759538Z + bench_cpu_arr=()
2026-09-22T18:41:51.2759796Z + IFS=
2026-09-22T18:41:51.2760037Z + read -r cpu
2026-09-22T18:41:51.2760737Z ++ expand_cpulist 2,3,4,5,6,7,8,9,10,11,12,13,14,15,16,17,18,19,20,21,22,23,24,25,26,27,28,29,30,31,32,33,34,35,36,37,38,39,40,41,42,43,44,45,46,47,50,51,52,53,54,55,56,57,58,59,60,61,62,63,64,65,66,67,68,69,70,71,72,73,74,75,76,77,78,79,80,81,82,83,84,85,86,87,88,89,90,91,92,93,94,95
2026-09-22T18:41:51.2761895Z ++ [[ -n 2,3,4,5,6,7,8,9,10,11,12,13,14,15,16,17,18,19,20,21,22,23,24,25,26,27,28,29,30,31,32,33,34,35,36,37,38,39,40,41,42,43,44,45,46,47,50,51,52,53,54,55,56,57,58,59,60,61,62,63,64,65,66,67,68,69,70,71,72,73,74,75,76,77,78,79,80,81,82,83,84,85,86,87,88,89,90,91,92,93,94,95 ]]
2026-09-22T18:41:51.2762613Z ++ local parts part
2026-09-22T18:41:51.2762874Z ++ IFS=,
2026-09-22T18:41:51.2763107Z ++ read -ra parts
2026-09-22T18:41:51.2763372Z ++ for part in "${parts[@]}"
2026-09-22T18:41:51.2763656Z ++ seq 2 2
2026-09-22T18:41:51.2763944Z + bench_cpu_arr+=("$cpu")
2026-09-22T18:41:51.2764291Z + IFS=
2026-09-22T18:41:51.2764542Z + read -r cpu
2026-09-22T18:41:51.2764812Z ++ for part in "${parts[@]}"
2026-09-22T18:41:51.2765113Z ++ seq 3 3
2026-09-22T18:41:51.2765368Z + bench_cpu_arr+=("$cpu")
2026-09-22T18:41:51.2765661Z + IFS=
2026-09-22T18:41:51.2765897Z + read -r cpu
2026-09-22T18:41:51.2766157Z ++ for part in "${parts[@]}"
2026-09-22T18:41:51.2766456Z ++ seq 4 4
2026-09-22T18:41:51.2766760Z + bench_cpu_arr+=("$cpu")
2026-09-22T18:41:51.2767033Z + IFS=
2026-09-22T18:41:51.2767255Z + read -r cpu
2026-09-22T18:41:51.2767501Z ++ for part in "${parts[@]}"
2026-09-22T18:41:51.2767775Z ++ seq 5 5
2026-09-22T18:41:51.2768012Z + bench_cpu_arr+=("$cpu")
2026-09-22T18:41:51.2768285Z + IFS=
2026-09-22T18:41:51.2768511Z + read -r cpu
2026-09-22T18:41:51.2768760Z ++ for part in "${parts[@]}"
2026-09-22T18:41:51.2769043Z ++ seq 6 6
2026-09-22T18:41:51.2769280Z + bench_cpu_arr+=("$cpu")
2026-09-22T18:41:51.2769567Z + IFS=
2026-09-22T18:41:51.2769792Z + read -r cpu
2026-09-22T18:41:51.2770055Z ++ for part in "${parts[@]}"
2026-09-22T18:41:51.2770329Z ++ seq 7 7
2026-09-22T18:41:51.2770565Z + bench_cpu_arr+=("$cpu")
2026-09-22T18:41:51.2770837Z + IFS=
2026-09-22T18:41:51.2771060Z + read -r cpu
2026-09-22T18:41:51.2771307Z ++ for part in "${parts[@]}"
2026-09-22T18:41:51.2771579Z ++ seq 8 8
2026-09-22T18:41:51.2771819Z + bench_cpu_arr+=("$cpu")
2026-09-22T18:41:51.2772083Z + IFS=
2026-09-22T18:41:51.2772307Z + read -r cpu
2026-09-22T18:41:51.2772559Z ++ for part in "${parts[@]}"
2026-09-22T18:41:51.2772829Z ++ seq 9 9
2026-09-22T18:41:51.2773064Z + bench_cpu_arr+=("$cpu")
2026-09-22T18:41:51.2773325Z + IFS=
2026-09-22T18:41:51.2773554Z + read -r cpu
2026-09-22T18:41:51.2773799Z ++ for part in "${parts[@]}"
2026-09-22T18:41:51.2774073Z ++ seq 10 10
2026-09-22T18:41:51.2774322Z + bench_cpu_arr+=("$cpu")
2026-09-22T18:41:51.2774584Z + IFS=
2026-09-22T18:41:51.2774807Z + read -r cpu
2026-09-22T18:41:51.2775054Z ++ for part in "${parts[@]}"
2026-09-22T18:41:51.2775343Z ++ seq 11 11
2026-09-22T18:41:51.2775591Z + bench_cpu_arr+=("$cpu")
2026-09-22T18:41:51.2775855Z + IFS=
2026-09-22T18:41:51.2776087Z + read -r cpu
2026-09-22T18:41:51.2776335Z ++ for part in "${parts[@]}"
2026-09-22T18:41:51.2776611Z ++ seq 12 12
2026-09-22T18:41:51.2776853Z + bench_cpu_arr+=("$cpu")
2026-09-22T18:41:51.2777124Z + IFS=
2026-09-22T18:41:51.2777345Z + read -r cpu
2026-09-22T18:41:51.2777590Z ++ for part in "${parts[@]}"
2026-09-22T18:41:51.2777877Z ++ seq 13 13
2026-09-22T18:41:51.2778112Z + bench_cpu_arr+=("$cpu")
2026-09-22T18:41:51.2778373Z + IFS=
2026-09-22T18:41:51.2778598Z + read -r cpu
2026-09-22T18:41:51.2778851Z ++ for part in "${parts[@]}"
2026-09-22T18:41:51.2779129Z ++ seq 14 14
2026-09-22T18:41:51.2779367Z + bench_cpu_arr+=("$cpu")
2026-09-22T18:41:51.2779663Z + IFS=
2026-09-22T18:41:51.2779893Z + read -r cpu
2026-09-22T18:41:51.2780144Z ++ for part in "${parts[@]}"
2026-09-22T18:41:51.2780425Z ++ seq 15 15
2026-09-22T18:41:51.2780691Z + bench_cpu_arr+=("$cpu")
2026-09-22T18:41:51.2780957Z + IFS=
2026-09-22T18:41:51.2781186Z + read -r cpu
2026-09-22T18:41:51.2781442Z ++ for part in "${parts[@]}"
2026-09-22T18:41:51.2781715Z ++ seq 16 16
2026-09-22T18:41:51.2781957Z + bench_cpu_arr+=("$cpu")
2026-09-22T18:41:51.2782220Z + IFS=
2026-09-22T18:41:51.2782453Z + read -r cpu
2026-09-22T18:41:51.2782702Z ++ for part in "${parts[@]}"
2026-09-22T18:41:51.2782976Z ++ seq 17 17
2026-09-22T18:41:51.2783228Z + bench_cpu_arr+=("$cpu")
2026-09-22T18:41:51.2783496Z + IFS=
2026-09-22T18:41:51.2783719Z + read -r cpu
2026-09-22T18:41:51.2783969Z ++ for part in "${parts[@]}"
2026-09-22T18:41:51.2784255Z ++ seq 18 18
2026-09-22T18:41:51.2791296Z + bench_cpu_arr+=("$cpu")
2026-09-22T18:41:51.2791647Z + IFS=
2026-09-22T18:41:51.2791909Z + read -r cpu
2026-09-22T18:41:51.2792190Z ++ for part in "${parts[@]}"
2026-09-22T18:41:51.2792494Z ++ seq 19 19
2026-09-22T18:41:51.2797285Z + bench_cpu_arr+=("$cpu")
2026-09-22T18:41:51.2797572Z + IFS=
2026-09-22T18:41:51.2797810Z + read -r cpu
2026-09-22T18:41:51.2798090Z ++ for part in "${parts[@]}"
2026-09-22T18:41:51.2798634Z ++ seq 20 20
2026-09-22T18:41:51.2807124Z + bench_cpu_arr+=("$cpu")
2026-09-22T18:41:51.2807400Z + IFS=
2026-09-22T18:41:51.2807648Z + read -r cpu
2026-09-22T18:41:51.2807929Z ++ for part in "${parts[@]}"
2026-09-22T18:41:51.2808219Z ++ seq 21 21
2026-09-22T18:41:51.2814187Z + bench_cpu_arr+=("$cpu")
2026-09-22T18:41:51.2814464Z + IFS=
2026-09-22T18:41:51.2814693Z + read -r cpu
2026-09-22T18:41:51.2815037Z ++ for part in "${parts[@]}"
2026-09-22T18:41:51.2815319Z ++ seq 22 22
2026-09-22T18:41:51.2824070Z + bench_cpu_arr+=("$cpu")
2026-09-22T18:41:51.2824343Z + IFS=
2026-09-22T18:41:51.2824571Z + read -r cpu
2026-09-22T18:41:51.2824898Z ++ for part in "${parts[@]}"
2026-09-22T18:41:51.2825180Z ++ seq 23 23
2026-09-22T18:41:51.2831187Z + bench_cpu_arr+=("$cpu")
2026-09-22T18:41:51.2831453Z + IFS=
2026-09-22T18:41:51.2831675Z + read -r cpu
2026-09-22T18:41:51.2832108Z ++ for part in "${parts[@]}"
2026-09-22T18:41:51.2832448Z ++ seq 24 24
2026-09-22T18:41:51.2838834Z + bench_cpu_arr+=("$cpu")
2026-09-22T18:41:51.2839155Z + IFS=
2026-09-22T18:41:51.2839407Z + read -r cpu
2026-09-22T18:41:51.2839711Z ++ for part in "${parts[@]}"
2026-09-22T18:41:51.2840012Z ++ seq 25 25
2026-09-22T18:41:51.2846020Z + bench_cpu_arr+=("$cpu")
2026-09-22T18:41:51.2846299Z + IFS=
2026-09-22T18:41:51.2846535Z + read -r cpu
2026-09-22T18:41:51.2846799Z ++ for part in "${parts[@]}"
2026-09-22T18:41:51.2847083Z ++ seq 26 26
2026-09-22T18:41:51.2852962Z + bench_cpu_arr+=("$cpu")
2026-09-22T18:41:51.2853238Z + IFS=
2026-09-22T18:41:51.2853468Z + read -r cpu
2026-09-22T18:41:51.2853727Z ++ for part in "${parts[@]}"
2026-09-22T18:41:51.2854021Z ++ seq 27 27
2026-09-22T18:41:51.2859975Z + bench_cpu_arr+=("$cpu")
2026-09-22T18:41:51.2860248Z + IFS=
2026-09-22T18:41:51.2860488Z + read -r cpu
2026-09-22T18:41:51.2860752Z ++ for part in "${parts[@]}"
2026-09-22T18:41:51.2861030Z ++ seq 28 28
2026-09-22T18:41:51.2867039Z + bench_cpu_arr+=("$cpu")
2026-09-22T18:41:51.2867301Z + IFS=
2026-09-22T18:41:51.2867524Z + read -r cpu
2026-09-22T18:41:51.2867788Z ++ for part in "${parts[@]}"
2026-09-22T18:41:51.2868066Z ++ seq 29 29
2026-09-22T18:41:51.2874138Z + bench_cpu_arr+=("$cpu")
2026-09-22T18:41:51.2874407Z + IFS=
2026-09-22T18:41:51.2874643Z + read -r cpu
2026-09-22T18:41:51.2874892Z ++ for part in "${parts[@]}"
2026-09-22T18:41:51.2875166Z ++ seq 30 30
2026-09-22T18:41:51.2880898Z + bench_cpu_arr+=("$cpu")
2026-09-22T18:41:51.2881174Z + IFS=
2026-09-22T18:41:51.2881400Z + read -r cpu
2026-09-22T18:41:51.2881659Z ++ for part in "${parts[@]}"
2026-09-22T18:41:51.2881937Z ++ seq 31 31
2026-09-22T18:41:51.2888573Z + bench_cpu_arr+=("$cpu")
2026-09-22T18:41:51.2888842Z + IFS=
2026-09-22T18:41:51.2889071Z + read -r cpu
2026-09-22T18:41:51.2889328Z ++ for part in "${parts[@]}"
2026-09-22T18:41:51.2889646Z ++ seq 32 32
2026-09-22T18:41:51.2895855Z + bench_cpu_arr+=("$cpu")
2026-09-22T18:41:51.2896120Z + IFS=
2026-09-22T18:41:51.2896342Z + read -r cpu
2026-09-22T18:41:51.2896603Z ++ for part in "${parts[@]}"
2026-09-22T18:41:51.2896889Z ++ seq 33 33
2026-09-22T18:41:51.2903124Z + bench_cpu_arr+=("$cpu")
2026-09-22T18:41:51.2903405Z + IFS=
2026-09-22T18:41:51.2903626Z + read -r cpu
2026-09-22T18:41:51.2903880Z ++ for part in "${parts[@]}"
2026-09-22T18:41:51.2904156Z ++ seq 34 34
2026-09-22T18:41:51.2912923Z + bench_cpu_arr+=("$cpu")
2026-09-22T18:41:51.2913195Z + IFS=
2026-09-22T18:41:51.2913421Z + read -r cpu
2026-09-22T18:41:51.2913746Z ++ for part in "${parts[@]}"
2026-09-22T18:41:51.2914036Z ++ seq 35 35
2026-09-22T18:41:51.2920242Z + bench_cpu_arr+=("$cpu")
2026-09-22T18:41:51.2920521Z + IFS=
2026-09-22T18:41:51.2920746Z + read -r cpu
2026-09-22T18:41:51.2921000Z ++ for part in "${parts[@]}"
2026-09-22T18:41:51.2921288Z ++ seq 36 36
2026-09-22T18:41:51.2927716Z + bench_cpu_arr+=("$cpu")
2026-09-22T18:41:51.2927986Z + IFS=
2026-09-22T18:41:51.2928208Z + read -r cpu
2026-09-22T18:41:51.2928469Z ++ for part in "${parts[@]}"
2026-09-22T18:41:51.2928751Z ++ seq 37 37
2026-09-22T18:41:51.2937694Z + bench_cpu_arr+=("$cpu")
2026-09-22T18:41:51.2938164Z + IFS=
2026-09-22T18:41:51.2938391Z + read -r cpu
2026-09-22T18:41:51.2938643Z ++ for part in "${parts[@]}"
2026-09-22T18:41:51.2938935Z ++ seq 38 38
2026-09-22T18:41:51.2945291Z + bench_cpu_arr+=("$cpu")
2026-09-22T18:41:51.2945561Z + IFS=
2026-09-22T18:41:51.2945797Z + read -r cpu
2026-09-22T18:41:51.2946052Z ++ for part in "${parts[@]}"
2026-09-22T18:41:51.2946329Z ++ seq 39 39
2026-09-22T18:41:51.2952600Z + bench_cpu_arr+=("$cpu")
2026-09-22T18:41:51.2952884Z + IFS=
2026-09-22T18:41:51.2953113Z + read -r cpu
2026-09-22T18:41:51.2953371Z ++ for part in "${parts[@]}"
2026-09-22T18:41:51.2953652Z ++ seq 40 40
2026-09-22T18:41:51.2959731Z + bench_cpu_arr+=("$cpu")
2026-09-22T18:41:51.2959996Z + IFS=
2026-09-22T18:41:51.2960230Z + read -r cpu
2026-09-22T18:41:51.2960484Z ++ for part in "${parts[@]}"
2026-09-22T18:41:51.2960765Z ++ seq 41 41
2026-09-22T18:41:51.2967324Z + bench_cpu_arr+=("$cpu")
2026-09-22T18:41:51.2967593Z + IFS=
2026-09-22T18:41:51.2967820Z + read -r cpu
2026-09-22T18:41:51.2968250Z ++ for part in "${parts[@]}"
2026-09-22T18:41:51.2968581Z ++ seq 42 42
2026-09-22T18:41:51.2974391Z + bench_cpu_arr+=("$cpu")
2026-09-22T18:41:51.2974696Z + IFS=
2026-09-22T18:41:51.2974949Z + read -r cpu
2026-09-22T18:41:51.2975232Z ++ for part in "${parts[@]}"
2026-09-22T18:41:51.2975529Z ++ seq 43 43
2026-09-22T18:41:51.2981527Z + bench_cpu_arr+=("$cpu")
2026-09-22T18:41:51.2981813Z + IFS=
2026-09-22T18:41:51.2982090Z + read -r cpu
2026-09-22T18:41:51.2982354Z ++ for part in "${parts[@]}"
2026-09-22T18:41:51.2982658Z ++ seq 44 44
2026-09-22T18:41:51.2988467Z + bench_cpu_arr+=("$cpu")
2026-09-22T18:41:51.2988736Z + IFS=
2026-09-22T18:41:51.2988964Z + read -r cpu
2026-09-22T18:41:51.2989234Z ++ for part in "${parts[@]}"
2026-09-22T18:41:51.2989546Z ++ seq 45 45
2026-09-22T18:41:51.2995088Z + bench_cpu_arr+=("$cpu")
2026-09-22T18:41:51.2995369Z + IFS=
2026-09-22T18:41:51.2995598Z + read -r cpu
2026-09-22T18:41:51.2995858Z ++ for part in "${parts[@]}"
2026-09-22T18:41:51.2996148Z ++ seq 46 46
2026-09-22T18:41:51.3002247Z + bench_cpu_arr+=("$cpu")
2026-09-22T18:41:51.3002515Z + IFS=
2026-09-22T18:41:51.3002745Z + read -r cpu
2026-09-22T18:41:51.3003012Z ++ for part in "${parts[@]}"
2026-09-22T18:41:51.3003291Z ++ seq 47 47
2026-09-22T18:41:51.3009980Z + bench_cpu_arr+=("$cpu")
2026-09-22T18:41:51.3010259Z + IFS=
2026-09-22T18:41:51.3010487Z + read -r cpu
2026-09-22T18:41:51.3010738Z ++ for part in "${parts[@]}"
2026-09-22T18:41:51.3011033Z ++ seq 50 50
2026-09-22T18:41:51.3017007Z + bench_cpu_arr+=("$cpu")
2026-09-22T18:41:51.3017276Z + IFS=
2026-09-22T18:41:51.3017511Z + read -r cpu
2026-09-22T18:41:51.3017766Z ++ for part in "${parts[@]}"
2026-09-22T18:41:51.3018044Z ++ seq 51 51
2026-09-22T18:41:51.3024330Z + bench_cpu_arr+=("$cpu")
2026-09-22T18:41:51.3024605Z + IFS=
2026-09-22T18:41:51.3024831Z + read -r cpu
2026-09-22T18:41:51.3025082Z ++ for part in "${parts[@]}"
2026-09-22T18:41:51.3025370Z ++ seq 52 52
2026-09-22T18:41:51.3032176Z + bench_cpu_arr+=("$cpu")
2026-09-22T18:41:51.3032443Z + IFS=
2026-09-22T18:41:51.3032679Z + read -r cpu
2026-09-22T18:41:51.3033003Z ++ for part in "${parts[@]}"
2026-09-22T18:41:51.3033294Z ++ seq 53 53
2026-09-22T18:41:51.3039477Z + bench_cpu_arr+=("$cpu")
2026-09-22T18:41:51.3039777Z + IFS=
2026-09-22T18:41:51.3039999Z + read -r cpu
2026-09-22T18:41:51.3040329Z ++ for part in "${parts[@]}"
2026-09-22T18:41:51.3040628Z ++ seq 54 54
2026-09-22T18:41:51.3046347Z + bench_cpu_arr+=("$cpu")
2026-09-22T18:41:51.3046640Z + IFS=
2026-09-22T18:41:51.3046869Z + read -r cpu
2026-09-22T18:41:51.3047125Z ++ for part in "${parts[@]}"
2026-09-22T18:41:51.3047418Z ++ seq 55 55
2026-09-22T18:41:51.3053588Z + bench_cpu_arr+=("$cpu")
2026-09-22T18:41:51.3053856Z + IFS=
2026-09-22T18:41:51.3054077Z + read -r cpu
2026-09-22T18:41:51.3054342Z ++ for part in "${parts[@]}"
2026-09-22T18:41:51.3054627Z ++ seq 56 56
2026-09-22T18:41:51.3061183Z + bench_cpu_arr+=("$cpu")
2026-09-22T18:41:51.3061459Z + IFS=
2026-09-22T18:41:51.3061680Z + read -r cpu
2026-09-22T18:41:51.3061942Z ++ for part in "${parts[@]}"
2026-09-22T18:41:51.3062326Z ++ seq 57 57
2026-09-22T18:41:51.3068055Z + bench_cpu_arr+=("$cpu")
2026-09-22T18:41:51.3068325Z + IFS=
2026-09-22T18:41:51.3068557Z + read -r cpu
2026-09-22T18:41:51.3068810Z ++ for part in "${parts[@]}"
2026-09-22T18:41:51.3069086Z ++ seq 58 58
2026-09-22T18:41:51.3074980Z + bench_cpu_arr+=("$cpu")
2026-09-22T18:41:51.3075249Z + IFS=
2026-09-22T18:41:51.3075474Z + read -r cpu
2026-09-22T18:41:51.3075807Z ++ for part in "${parts[@]}"
2026-09-22T18:41:51.3076103Z ++ seq 59 59
2026-09-22T18:41:51.3082043Z + bench_cpu_arr+=("$cpu")
2026-09-22T18:41:51.3082319Z + IFS=
2026-09-22T18:41:51.3082556Z + read -r cpu
2026-09-22T18:41:51.3082812Z ++ for part in "${parts[@]}"
2026-09-22T18:41:51.3083088Z ++ seq 60 60
2026-09-22T18:41:51.3089328Z + bench_cpu_arr+=("$cpu")
2026-09-22T18:41:51.3089623Z + IFS=
2026-09-22T18:41:51.3089847Z + read -r cpu
2026-09-22T18:41:51.3090103Z ++ for part in "${parts[@]}"
2026-09-22T18:41:51.3090392Z ++ seq 61 61
2026-09-22T18:41:51.3096531Z + bench_cpu_arr+=("$cpu")
2026-09-22T18:41:51.3097161Z + IFS=
2026-09-22T18:41:51.3097397Z + read -r cpu
2026-09-22T18:41:51.3097647Z ++ for part in "${parts[@]}"
2026-09-22T18:41:51.3097926Z ++ seq 62 62
2026-09-22T18:41:51.3103552Z + bench_cpu_arr+=("$cpu")
2026-09-22T18:41:51.3103818Z + IFS=
2026-09-22T18:41:51.3104042Z + read -r cpu
2026-09-22T18:41:51.3104304Z ++ for part in "${parts[@]}"
2026-09-22T18:41:51.3104582Z ++ seq 63 63
2026-09-22T18:41:51.3110882Z + bench_cpu_arr+=("$cpu")
2026-09-22T18:41:51.3111156Z + IFS=
2026-09-22T18:41:51.3111381Z + read -r cpu
2026-09-22T18:41:51.3111630Z ++ for part in "${parts[@]}"
2026-09-22T18:41:51.3111910Z ++ seq 64 64
2026-09-22T18:41:51.3117815Z + bench_cpu_arr+=("$cpu")
2026-09-22T18:41:51.3118081Z + IFS=
2026-09-22T18:41:51.3118301Z + read -r cpu
2026-09-22T18:41:51.3118557Z ++ for part in "${parts[@]}"
2026-09-22T18:41:51.3118834Z ++ seq 65 65
2026-09-22T18:41:51.3124773Z + bench_cpu_arr+=("$cpu")
2026-09-22T18:41:51.3125047Z + IFS=
2026-09-22T18:41:51.3125271Z + read -r cpu
2026-09-22T18:41:51.3125526Z ++ for part in "${parts[@]}"
2026-09-22T18:41:51.3125808Z ++ seq 66 66
2026-09-22T18:41:51.3131922Z + bench_cpu_arr+=("$cpu")
2026-09-22T18:41:51.3132190Z + IFS=
2026-09-22T18:41:51.3132415Z + read -r cpu
2026-09-22T18:41:51.3132678Z ++ for part in "${parts[@]}"
2026-09-22T18:41:51.3132955Z ++ seq 67 67
2026-09-22T18:41:51.3138965Z + bench_cpu_arr+=("$cpu")
2026-09-22T18:41:51.3139252Z + IFS=
2026-09-22T18:41:51.3139479Z + read -r cpu
2026-09-22T18:41:51.3139768Z ++ for part in "${parts[@]}"
2026-09-22T18:41:51.3140058Z ++ seq 68 68
2026-09-22T18:41:51.3146185Z + bench_cpu_arr+=("$cpu")
2026-09-22T18:41:51.3146454Z + IFS=
2026-09-22T18:41:51.3146684Z + read -r cpu
2026-09-22T18:41:51.3146967Z ++ for part in "${parts[@]}"
2026-09-22T18:41:51.3147252Z ++ seq 69 69
2026-09-22T18:41:51.3156141Z + bench_cpu_arr+=("$cpu")
2026-09-22T18:41:51.3156419Z + IFS=
2026-09-22T18:41:51.3156646Z + read -r cpu
2026-09-22T18:41:51.3156948Z ++ for part in "${parts[@]}"
2026-09-22T18:41:51.3157245Z ++ seq 70 70
2026-09-22T18:41:51.3166213Z + bench_cpu_arr+=("$cpu")
2026-09-22T18:41:51.3166478Z + IFS=
2026-09-22T18:41:51.3166718Z + read -r cpu
2026-09-22T18:41:51.3167037Z ++ for part in "${parts[@]}"
2026-09-22T18:41:51.3167328Z ++ seq 71 71
2026-09-22T18:41:51.3173804Z + bench_cpu_arr+=("$cpu")
2026-09-22T18:41:51.3174075Z + IFS=
2026-09-22T18:41:51.3174301Z + read -r cpu
2026-09-22T18:41:51.3174807Z ++ for part in "${parts[@]}"
2026-09-22T18:41:51.3175168Z ++ seq 72 72
2026-09-22T18:41:51.3180967Z + bench_cpu_arr+=("$cpu")
2026-09-22T18:41:51.3181266Z + IFS=
2026-09-22T18:41:51.3181513Z + read -r cpu
2026-09-22T18:41:51.3181799Z ++ for part in "${parts[@]}"
2026-09-22T18:41:51.3182090Z ++ seq 73 73
2026-09-22T18:41:51.3187784Z + bench_cpu_arr+=("$cpu")
2026-09-22T18:41:51.3188070Z + IFS=
2026-09-22T18:41:51.3188300Z + read -r cpu
2026-09-22T18:41:51.3188567Z ++ for part in "${parts[@]}"
2026-09-22T18:41:51.3188860Z ++ seq 74 74
2026-09-22T18:41:51.3195712Z + bench_cpu_arr+=("$cpu")
2026-09-22T18:41:51.3196212Z + IFS=
2026-09-22T18:41:51.3196443Z + read -r cpu
2026-09-22T18:41:51.3196713Z ++ for part in "${parts[@]}"
2026-09-22T18:41:51.3196997Z ++ seq 75 75
2026-09-22T18:41:51.3202988Z + bench_cpu_arr+=("$cpu")
2026-09-22T18:41:51.3203268Z + IFS=
2026-09-22T18:41:51.3203496Z + read -r cpu
2026-09-22T18:41:51.3203757Z ++ for part in "${parts[@]}"
2026-09-22T18:41:51.3204048Z ++ seq 76 76
2026-09-22T18:41:51.3210124Z + bench_cpu_arr+=("$cpu")
2026-09-22T18:41:51.3210395Z + IFS=
2026-09-22T18:41:51.3210640Z + read -r cpu
2026-09-22T18:41:51.3210895Z ++ for part in "${parts[@]}"
2026-09-22T18:41:51.3211175Z ++ seq 77 77
2026-09-22T18:41:51.3217085Z + bench_cpu_arr+=("$cpu")
2026-09-22T18:41:51.3217366Z + IFS=
2026-09-22T18:41:51.3217595Z + read -r cpu
2026-09-22T18:41:51.3217846Z ++ for part in "${parts[@]}"
2026-09-22T18:41:51.3218134Z ++ seq 78 78
2026-09-22T18:41:51.3224443Z + bench_cpu_arr+=("$cpu")
2026-09-22T18:41:51.3224711Z + IFS=
2026-09-22T18:41:51.3224953Z + read -r cpu
2026-09-22T18:41:51.3225215Z ++ for part in "${parts[@]}"
2026-09-22T18:41:51.3225493Z ++ seq 79 79
2026-09-22T18:41:51.3234304Z + bench_cpu_arr+=("$cpu")
2026-09-22T18:41:51.3234566Z + IFS=
2026-09-22T18:41:51.3234787Z + read -r cpu
2026-09-22T18:41:51.3235119Z ++ for part in "${parts[@]}"
2026-09-22T18:41:51.3235416Z ++ seq 80 80
2026-09-22T18:41:51.3241171Z + bench_cpu_arr+=("$cpu")
2026-09-22T18:41:51.3241431Z + IFS=
2026-09-22T18:41:51.3241666Z + read -r cpu
2026-09-22T18:41:51.3241918Z ++ for part in "${parts[@]}"
2026-09-22T18:41:51.3242194Z ++ seq 81 81
2026-09-22T18:41:51.3248444Z + bench_cpu_arr+=("$cpu")
2026-09-22T18:41:51.3248710Z + IFS=
2026-09-22T18:41:51.3248931Z + read -r cpu
2026-09-22T18:41:51.3249195Z ++ for part in "${parts[@]}"
2026-09-22T18:41:51.3249480Z ++ seq 82 82
2026-09-22T18:41:51.3255531Z + bench_cpu_arr+=("$cpu")
2026-09-22T18:41:51.3255800Z + IFS=
2026-09-22T18:41:51.3256033Z + read -r cpu
2026-09-22T18:41:51.3256295Z ++ for part in "${parts[@]}"
2026-09-22T18:41:51.3256575Z ++ seq 83 83
2026-09-22T18:41:51.3263125Z + bench_cpu_arr+=("$cpu")
2026-09-22T18:41:51.3263392Z + IFS=
2026-09-22T18:41:51.3263621Z + read -r cpu
2026-09-22T18:41:51.3264123Z ++ for part in "${parts[@]}"
2026-09-22T18:41:51.3264492Z ++ seq 84 84
2026-09-22T18:41:51.3270213Z + bench_cpu_arr+=("$cpu")
2026-09-22T18:41:51.3270506Z + IFS=
2026-09-22T18:41:51.3270753Z + read -r cpu
2026-09-22T18:41:51.3271037Z ++ for part in "${parts[@]}"
2026-09-22T18:41:51.3271369Z ++ seq 85 85
2026-09-22T18:41:51.3277304Z + bench_cpu_arr+=("$cpu")
2026-09-22T18:41:51.3277595Z + IFS=
2026-09-22T18:41:51.3277830Z + read -r cpu
2026-09-22T18:41:51.3278088Z ++ for part in "${parts[@]}"
2026-09-22T18:41:51.3278384Z ++ seq 86 86
2026-09-22T18:41:51.3287062Z + bench_cpu_arr+=("$cpu")
2026-09-22T18:41:51.3287335Z + IFS=
2026-09-22T18:41:51.3287572Z + read -r cpu
2026-09-22T18:41:51.3287875Z ++ for part in "${parts[@]}"
2026-09-22T18:41:51.3288171Z ++ seq 87 87
2026-09-22T18:41:51.3295370Z + bench_cpu_arr+=("$cpu")
2026-09-22T18:41:51.3295638Z + IFS=
2026-09-22T18:41:51.3295872Z + read -r cpu
2026-09-22T18:41:51.3296143Z ++ for part in "${parts[@]}"
2026-09-22T18:41:51.3296442Z ++ seq 88 88
2026-09-22T18:41:51.3302274Z + bench_cpu_arr+=("$cpu")
2026-09-22T18:41:51.3302537Z + IFS=
2026-09-22T18:41:51.3302770Z + read -r cpu
2026-09-22T18:41:51.3303026Z ++ for part in "${parts[@]}"
2026-09-22T18:41:51.3303305Z ++ seq 89 89
2026-09-22T18:41:51.3309262Z + bench_cpu_arr+=("$cpu")
2026-09-22T18:41:51.3309566Z + IFS=
2026-09-22T18:41:51.3309794Z + read -r cpu
2026-09-22T18:41:51.3310061Z ++ for part in "${parts[@]}"
2026-09-22T18:41:51.3310346Z ++ seq 90 90
2026-09-22T18:41:51.3316508Z + bench_cpu_arr+=("$cpu")
2026-09-22T18:41:51.3316775Z + IFS=
2026-09-22T18:41:51.3317011Z + read -r cpu
2026-09-22T18:41:51.3317276Z ++ for part in "${parts[@]}"
2026-09-22T18:41:51.3317554Z ++ seq 91 91
2026-09-22T18:41:51.3323688Z + bench_cpu_arr+=("$cpu")
2026-09-22T18:41:51.3323953Z + IFS=
2026-09-22T18:41:51.3324176Z + read -r cpu
2026-09-22T18:41:51.3324506Z ++ for part in "${parts[@]}"
2026-09-22T18:41:51.3324912Z ++ seq 92 92
2026-09-22T18:41:51.3330728Z + bench_cpu_arr+=("$cpu")
2026-09-22T18:41:51.3331002Z + IFS=
2026-09-22T18:41:51.3331234Z + read -r cpu
2026-09-22T18:41:51.3331488Z ++ for part in "${parts[@]}"
2026-09-22T18:41:51.3331769Z ++ seq 93 93
2026-09-22T18:41:51.3337721Z + bench_cpu_arr+=("$cpu")
2026-09-22T18:41:51.3337990Z + IFS=
2026-09-22T18:41:51.3338213Z + read -r cpu
2026-09-22T18:41:51.3338550Z ++ for part in "${parts[@]}"
2026-09-22T18:41:51.3338839Z ++ seq 94 94
2026-09-22T18:41:51.3345179Z + bench_cpu_arr+=("$cpu")
2026-09-22T18:41:51.3345446Z + IFS=
2026-09-22T18:41:51.3345681Z + read -r cpu
2026-09-22T18:41:51.3345937Z ++ for part in "${parts[@]}"
2026-09-22T18:41:51.3346220Z ++ seq 95 95
2026-09-22T18:41:51.3352251Z + bench_cpu_arr+=("$cpu")
2026-09-22T18:41:51.3352523Z + IFS=
2026-09-22T18:41:51.3352744Z + read -r cpu
2026-09-22T18:41:51.3356835Z + i=0
2026-09-22T18:41:51.3357867Z + for msi in /sys/class/net/*/device/msi_irqs/*
2026-09-22T18:41:51.3358283Z + [[ -e /sys/class/net/ens41/device/msi_irqs/108 ]]
2026-09-22T18:41:51.3358652Z + [[ 92 -gt 0 ]]
2026-09-22T18:41:51.3358899Z + irq=108
2026-09-22T18:41:51.3359139Z + NET_IRQS["$irq"]=1
2026-09-22T18:41:51.3359421Z + echo 2
2026-09-22T18:41:51.3359672Z + i=1
2026-09-22T18:41:51.3359948Z + for msi in /sys/class/net/*/device/msi_irqs/*
2026-09-22T18:41:51.3360338Z + [[ -e /sys/class/net/ens41/device/msi_irqs/109 ]]
2026-09-22T18:41:51.3360695Z + [[ 92 -gt 0 ]]
2026-09-22T18:41:51.3360939Z + irq=109
2026-09-22T18:41:51.3361177Z + NET_IRQS["$irq"]=1
2026-09-22T18:41:51.3361440Z + echo 3
2026-09-22T18:41:51.3361665Z + i=2
2026-09-22T18:41:51.3361932Z + for msi in /sys/class/net/*/device/msi_irqs/*
2026-09-22T18:41:51.3362314Z + [[ -e /sys/class/net/ens41/device/msi_irqs/110 ]]
2026-09-22T18:41:51.3362676Z + [[ 92 -gt 0 ]]
2026-09-22T18:41:51.3362927Z + irq=110
2026-09-22T18:41:51.3363157Z + NET_IRQS["$irq"]=1
2026-09-22T18:41:51.3363420Z + echo 4
2026-09-22T18:41:51.3363641Z + i=3
2026-09-22T18:41:51.3363908Z + for msi in /sys/class/net/*/device/msi_irqs/*
2026-09-22T18:41:51.3364298Z + [[ -e /sys/class/net/ens41/device/msi_irqs/111 ]]
2026-09-22T18:41:51.3364631Z + [[ 92 -gt 0 ]]
2026-09-22T18:41:51.3364867Z + irq=111
2026-09-22T18:41:51.3365094Z + NET_IRQS["$irq"]=1
2026-09-22T18:41:51.3365356Z + echo 5
2026-09-22T18:41:51.3365577Z + i=4
2026-09-22T18:41:51.3365834Z + for msi in /sys/class/net/*/device/msi_irqs/*
2026-09-22T18:41:51.3366214Z + [[ -e /sys/class/net/ens41/device/msi_irqs/112 ]]
2026-09-22T18:41:51.3366545Z + [[ 92 -gt 0 ]]
2026-09-22T18:41:51.3366783Z + irq=112
2026-09-22T18:41:51.3367016Z + NET_IRQS["$irq"]=1
2026-09-22T18:41:51.3367271Z + echo 6
2026-09-22T18:41:51.3367490Z + i=5
2026-09-22T18:41:51.3367748Z + for msi in /sys/class/net/*/device/msi_irqs/*
2026-09-22T18:41:51.3368131Z + [[ -e /sys/class/net/ens41/device/msi_irqs/113 ]]
2026-09-22T18:41:51.3368462Z + [[ 92 -gt 0 ]]
2026-09-22T18:41:51.3368699Z + irq=113
2026-09-22T18:41:51.3368925Z + NET_IRQS["$irq"]=1
2026-09-22T18:41:51.3369183Z + echo 7
2026-09-22T18:41:51.3369406Z + i=6
2026-09-22T18:41:51.3369700Z + for msi in /sys/class/net/*/device/msi_irqs/*
2026-09-22T18:41:51.3370078Z + [[ -e /sys/class/net/ens41/device/msi_irqs/114 ]]
2026-09-22T18:41:51.3370410Z + [[ 92 -gt 0 ]]
2026-09-22T18:41:51.3370649Z + irq=114
2026-09-22T18:41:51.3370886Z + NET_IRQS["$irq"]=1
2026-09-22T18:41:51.3371133Z + echo 8
2026-09-22T18:41:51.3371355Z + i=7
2026-09-22T18:41:51.3371619Z + for msi in /sys/class/net/*/device/msi_irqs/*
2026-09-22T18:41:51.3372004Z + [[ -e /sys/class/net/ens41/device/msi_irqs/115 ]]
2026-09-22T18:41:51.3372341Z + [[ 92 -gt 0 ]]
2026-09-22T18:41:51.3372577Z + irq=115
2026-09-22T18:41:51.3372810Z + NET_IRQS["$irq"]=1
2026-09-22T18:41:51.3373057Z + echo 9
2026-09-22T18:41:51.3373275Z + i=8
2026-09-22T18:41:51.3373534Z + for msi in /sys/class/net/*/device/msi_irqs/*
2026-09-22T18:41:51.3373917Z + [[ -e /sys/class/net/ens41/device/msi_irqs/116 ]]
2026-09-22T18:41:51.3374245Z + [[ 92 -gt 0 ]]
2026-09-22T18:41:51.3374478Z + irq=116
2026-09-22T18:41:51.3374807Z + NET_IRQS["$irq"]=1
2026-09-22T18:41:51.3375061Z + echo 10
2026-09-22T18:41:51.3375307Z + i=9
2026-09-22T18:41:51.3375581Z + for msi in /sys/class/net/*/device/msi_irqs/*
2026-09-22T18:41:51.3375952Z + [[ -e /sys/class/net/ens41/device/msi_irqs/117 ]]
2026-09-22T18:41:51.3376286Z + [[ 92 -gt 0 ]]
2026-09-22T18:41:51.3376524Z + irq=117
2026-09-22T18:41:51.3376761Z + NET_IRQS["$irq"]=1
2026-09-22T18:41:51.3377068Z + echo 11
2026-09-22T18:41:51.3377291Z + i=10
2026-09-22T18:41:51.3377560Z + for msi in /sys/class/net/*/device/msi_irqs/*
2026-09-22T18:41:51.3377930Z + [[ -e /sys/class/net/ens41/device/msi_irqs/118 ]]
2026-09-22T18:41:51.3378264Z + [[ 92 -gt 0 ]]
2026-09-22T18:41:51.3378499Z + irq=118
2026-09-22T18:41:51.3378734Z + NET_IRQS["$irq"]=1
2026-09-22T18:41:51.3378980Z + echo 12
2026-09-22T18:41:51.3379196Z + i=11
2026-09-22T18:41:51.3379471Z + for msi in /sys/class/net/*/device/msi_irqs/*
2026-09-22T18:41:51.3379891Z + [[ -e /sys/class/net/ens41/device/msi_irqs/119 ]]
2026-09-22T18:41:51.3380232Z + [[ 92 -gt 0 ]]
2026-09-22T18:41:51.3380471Z + irq=119
2026-09-22T18:41:51.3380708Z + NET_IRQS["$irq"]=1
2026-09-22T18:41:51.3380965Z + echo 13
2026-09-22T18:41:51.3381187Z + i=12
2026-09-22T18:41:51.3381464Z + for msi in /sys/class/net/*/device/msi_irqs/*
2026-09-22T18:41:51.3381839Z + [[ -e /sys/class/net/ens41/device/msi_irqs/120 ]]
2026-09-22T18:41:51.3382175Z + [[ 92 -gt 0 ]]
2026-09-22T18:41:51.3382432Z + irq=120
2026-09-22T18:41:51.3382664Z + NET_IRQS["$irq"]=1
2026-09-22T18:41:51.3382912Z + echo 14
2026-09-22T18:41:51.3383132Z + i=13
2026-09-22T18:41:51.3383400Z + for msi in /sys/class/net/*/device/msi_irqs/*
2026-09-22T18:41:51.3383770Z + [[ -e /sys/class/net/ens41/device/msi_irqs/121 ]]
2026-09-22T18:41:51.3384107Z + [[ 92 -gt 0 ]]
2026-09-22T18:41:51.3384350Z + irq=121
2026-09-22T18:41:51.3384576Z + NET_IRQS["$irq"]=1
2026-09-22T18:41:51.3384824Z + echo 15
2026-09-22T18:41:51.3385045Z + i=14
2026-09-22T18:41:51.3385310Z + for msi in /sys/class/net/*/device/msi_irqs/*
2026-09-22T18:41:51.3385691Z + [[ -e /sys/class/net/ens41/device/msi_irqs/122 ]]
2026-09-22T18:41:51.3386025Z + [[ 92 -gt 0 ]]
2026-09-22T18:41:51.3386275Z + irq=122
2026-09-22T18:41:51.3386502Z + NET_IRQS["$irq"]=1
2026-09-22T18:41:51.3386754Z + echo 16
2026-09-22T18:41:51.3386974Z + i=15
2026-09-22T18:41:51.3387241Z + for msi in /sys/class/net/*/device/msi_irqs/*
2026-09-22T18:41:51.3387620Z + [[ -e /sys/class/net/ens41/device/msi_irqs/123 ]]
2026-09-22T18:41:51.3387953Z + [[ 92 -gt 0 ]]
2026-09-22T18:41:51.3388199Z + irq=123
2026-09-22T18:41:51.3388425Z + NET_IRQS["$irq"]=1
2026-09-22T18:41:51.3388677Z + echo 17
2026-09-22T18:41:51.3388893Z + i=16
2026-09-22T18:41:51.3389155Z + for msi in /sys/class/net/*/device/msi_irqs/*
2026-09-22T18:41:51.3389554Z + [[ -e /sys/class/net/ens41/device/msi_irqs/124 ]]
2026-09-22T18:41:51.3389888Z + [[ 92 -gt 0 ]]
2026-09-22T18:41:51.3390131Z + irq=124
2026-09-22T18:41:51.3390361Z + NET_IRQS["$irq"]=1
2026-09-22T18:41:51.3390611Z + echo 18
2026-09-22T18:41:51.3390828Z + i=17
2026-09-22T18:41:51.3391138Z + for f in /proc/irq/[0-9]*/smp_affinity_list
2026-09-22T18:41:51.3391486Z + irq=0/smp_affinity_list
2026-09-22T18:41:51.3391766Z + irq=0
2026-09-22T18:41:51.3391995Z + [[ -n '' ]]
2026-09-22T18:41:51.3392234Z + echo 0,1,48,49
2026-09-22T18:41:51.3392469Z + true
2026-09-22T18:41:51.3392743Z + for f in /proc/irq/[0-9]*/smp_affinity_list
2026-09-22T18:41:51.3393085Z + irq=1/smp_affinity_list
2026-09-22T18:41:51.3393360Z + irq=1
2026-09-22T18:41:51.3393602Z + [[ -n '' ]]
2026-09-22T18:41:51.3393838Z + echo 0,1,48,49
2026-09-22T18:41:51.3394116Z + for f in /proc/irq/[0-9]*/smp_affinity_list
2026-09-22T18:41:51.3394452Z + irq=10/smp_affinity_list
2026-09-22T18:41:51.3394739Z + irq=10
2026-09-22T18:41:51.3394963Z + [[ -n '' ]]
2026-09-22T18:41:51.3395196Z + echo 0,1,48,49
2026-09-22T18:41:51.3395479Z + for f in /proc/irq/[0-9]*/smp_affinity_list
2026-09-22T18:41:51.3395814Z + irq=100/smp_affinity_list
2026-09-22T18:41:51.3396090Z + irq=100
2026-09-22T18:41:51.3396314Z + [[ -n '' ]]
2026-09-22T18:41:51.3396633Z + echo 0,1,48,49
2026-09-22T18:41:51.3396906Z + for f in /proc/irq/[0-9]*/smp_affinity_list
2026-09-22T18:41:51.3397242Z + irq=101/smp_affinity_list
2026-09-22T18:41:51.3397529Z + irq=101
2026-09-22T18:41:51.3397752Z + [[ -n '' ]]
2026-09-22T18:41:51.3397990Z + echo 0,1,48,49
2026-09-22T18:41:51.3398265Z + for f in /proc/irq/[0-9]*/smp_affinity_list
2026-09-22T18:41:51.3398603Z + irq=102/smp_affinity_list
2026-09-22T18:41:51.3398944Z + irq=102
2026-09-22T18:41:51.3399172Z + [[ -n '' ]]
2026-09-22T18:41:51.3399413Z + echo 0,1,48,49
2026-09-22T18:41:51.3399718Z + for f in /proc/irq/[0-9]*/smp_affinity_list
2026-09-22T18:41:51.3400048Z + irq=103/smp_affinity_list
2026-09-22T18:41:51.3400327Z + irq=103
2026-09-22T18:41:51.3400546Z + [[ -n '' ]]
2026-09-22T18:41:51.3400780Z + echo 0,1,48,49
2026-09-22T18:41:51.3401050Z + for f in /proc/irq/[0-9]*/smp_affinity_list
2026-09-22T18:41:51.3401384Z + irq=104/smp_affinity_list
2026-09-22T18:41:51.3401656Z + irq=104
2026-09-22T18:41:51.3401878Z + [[ -n '' ]]
2026-09-22T18:41:51.3402124Z + echo 0,1,48,49
2026-09-22T18:41:51.3402402Z + for f in /proc/irq/[0-9]*/smp_affinity_list
2026-09-22T18:41:51.3402731Z + irq=105/smp_affinity_list
2026-09-22T18:41:51.3403006Z + irq=105
2026-09-22T18:41:51.3403243Z + [[ -n '' ]]
2026-09-22T18:41:51.3403477Z + echo 0,1,48,49
2026-09-22T18:41:51.3403748Z + for f in /proc/irq/[0-9]*/smp_affinity_list
2026-09-22T18:41:51.3404091Z + irq=106/smp_affinity_list
2026-09-22T18:41:51.3404364Z + irq=106
2026-09-22T18:41:51.3404588Z + [[ -n '' ]]
2026-09-22T18:41:51.3404818Z + echo 0,1,48,49
2026-09-22T18:41:51.3405068Z + true
2026-09-22T18:41:51.3405327Z + for f in /proc/irq/[0-9]*/smp_affinity_list
2026-09-22T18:41:51.3405654Z + irq=107/smp_affinity_list
2026-09-22T18:41:51.3405927Z + irq=107
2026-09-22T18:41:51.3406146Z + [[ -n '' ]]
2026-09-22T18:41:51.3406380Z + echo 0,1,48,49
2026-09-22T18:41:51.3406614Z + true
2026-09-22T18:41:51.3406876Z + for f in /proc/irq/[0-9]*/smp_affinity_list
2026-09-22T18:41:51.3407207Z + irq=108/smp_affinity_list
2026-09-22T18:41:51.3407481Z + irq=108
2026-09-22T18:41:51.3407716Z + [[ -n 1 ]]
2026-09-22T18:41:51.3408120Z + continue
2026-09-22T18:41:51.3408392Z + for f in /proc/irq/[0-9]*/smp_affinity_list
2026-09-22T18:41:51.3408729Z + irq=109/smp_affinity_list
2026-09-22T18:41:51.3409017Z + irq=109
2026-09-22T18:41:51.3409247Z + [[ -n 1 ]]
2026-09-22T18:41:51.3409480Z + continue
2026-09-22T18:41:51.3409792Z + for f in /proc/irq/[0-9]*/smp_affinity_list
2026-09-22T18:41:51.3410124Z + irq=11/smp_affinity_list
2026-09-22T18:41:51.3410398Z + irq=11
2026-09-22T18:41:51.3410618Z + [[ -n '' ]]
2026-09-22T18:41:51.3410860Z + echo 0,1,48,49
2026-09-22T18:41:51.3411133Z + for f in /proc/irq/[0-9]*/smp_affinity_list
2026-09-22T18:41:51.3411462Z + irq=110/smp_affinity_list
2026-09-22T18:41:51.3411744Z + irq=110
2026-09-22T18:41:51.3411966Z + [[ -n 1 ]]
2026-09-22T18:41:51.3412196Z + continue
2026-09-22T18:41:51.3412455Z + for f in /proc/irq/[0-9]*/smp_affinity_list
2026-09-22T18:41:51.3412793Z + irq=111/smp_affinity_list
2026-09-22T18:41:51.3413077Z + irq=111
2026-09-22T18:41:51.3413302Z + [[ -n 1 ]]
2026-09-22T18:41:51.3413542Z + continue
2026-09-22T18:41:51.3413799Z + for f in /proc/irq/[0-9]*/smp_affinity_list
2026-09-22T18:41:51.3414126Z + irq=112/smp_affinity_list
2026-09-22T18:41:51.3414397Z + irq=112
2026-09-22T18:41:51.3414626Z + [[ -n 1 ]]
2026-09-22T18:41:51.3414854Z + continue
2026-09-22T18:41:51.3415228Z + for f in /proc/irq/[0-9]*/smp_affinity_list
2026-09-22T18:41:51.3415588Z + irq=113/smp_affinity_list
2026-09-22T18:41:51.3415863Z + irq=113
2026-09-22T18:41:51.3416086Z + [[ -n 1 ]]
2026-09-22T18:41:51.3416323Z + continue
2026-09-22T18:41:51.3416595Z + for f in /proc/irq/[0-9]*/smp_affinity_list
2026-09-22T18:41:51.3416921Z + irq=114/smp_affinity_list
2026-09-22T18:41:51.3417190Z + irq=114
2026-09-22T18:41:51.3417426Z + [[ -n 1 ]]
2026-09-22T18:41:51.3417662Z + continue
2026-09-22T18:41:51.3417922Z + for f in /proc/irq/[0-9]*/smp_affinity_list
2026-09-22T18:41:51.3418384Z + irq=115/smp_affinity_list
2026-09-22T18:41:51.3418744Z + irq=115
2026-09-22T18:41:51.3418973Z + [[ -n 1 ]]
2026-09-22T18:41:51.3419205Z + continue
2026-09-22T18:41:51.3419473Z + for f in /proc/irq/[0-9]*/smp_affinity_list
2026-09-22T18:41:51.3419844Z + irq=116/smp_affinity_list
2026-09-22T18:41:51.3420110Z + irq=116
2026-09-22T18:41:51.3420341Z + [[ -n 1 ]]
2026-09-22T18:41:51.3420569Z + continue
2026-09-22T18:41:51.3420892Z + for f in /proc/irq/[0-9]*/smp_affinity_list
2026-09-22T18:41:51.3421225Z + irq=117/smp_affinity_list
2026-09-22T18:41:51.3421501Z + irq=117
2026-09-22T18:41:51.3421722Z + [[ -n 1 ]]
2026-09-22T18:41:51.3421950Z + continue
2026-09-22T18:41:51.3422219Z + for f in /proc/irq/[0-9]*/smp_affinity_list
2026-09-22T18:41:51.3422547Z + irq=118/smp_affinity_list
2026-09-22T18:41:51.3422818Z + irq=118
2026-09-22T18:41:51.3423042Z + [[ -n 1 ]]
2026-09-22T18:41:51.3423278Z + continue
2026-09-22T18:41:51.3423538Z + for f in /proc/irq/[0-9]*/smp_affinity_list
2026-09-22T18:41:51.3423866Z + irq=119/smp_affinity_list
2026-09-22T18:41:51.3424151Z + irq=119
2026-09-22T18:41:51.3424378Z + [[ -n 1 ]]
2026-09-22T18:41:51.3424607Z + continue
2026-09-22T18:41:51.3424869Z + for f in /proc/irq/[0-9]*/smp_affinity_list
2026-09-22T18:41:51.3425210Z + irq=12/smp_affinity_list
2026-09-22T18:41:51.3425483Z + irq=12
2026-09-22T18:41:51.3425709Z + [[ -n '' ]]
2026-09-22T18:41:51.3425955Z + echo 0,1,48,49
2026-09-22T18:41:51.3426228Z + for f in /proc/irq/[0-9]*/smp_affinity_list
2026-09-22T18:41:51.3426556Z + irq=120/smp_affinity_list
2026-09-22T18:41:51.3426829Z + irq=120
2026-09-22T18:41:51.3427060Z + [[ -n 1 ]]
2026-09-22T18:41:51.3427287Z + continue
2026-09-22T18:41:51.3427545Z + for f in /proc/irq/[0-9]*/smp_affinity_list
2026-09-22T18:41:51.3427879Z + irq=121/smp_affinity_list
2026-09-22T18:41:51.3428147Z + irq=121
2026-09-22T18:41:51.3428368Z + [[ -n 1 ]]
2026-09-22T18:41:51.3428599Z + continue
2026-09-22T18:41:51.3428867Z + for f in /proc/irq/[0-9]*/smp_affinity_list
2026-09-22T18:41:51.3429194Z + irq=122/smp_affinity_list
2026-09-22T18:41:51.3429462Z + irq=122
2026-09-22T18:41:51.3429777Z + [[ -n 1 ]]
2026-09-22T18:41:51.3430012Z + continue
2026-09-22T18:41:51.3430279Z + for f in /proc/irq/[0-9]*/smp_affinity_list
2026-09-22T18:41:51.3430608Z + irq=123/smp_affinity_list
2026-09-22T18:41:51.3430885Z + irq=123
2026-09-22T18:41:51.3431107Z + [[ -n 1 ]]
2026-09-22T18:41:51.3431334Z + continue
2026-09-22T18:41:51.3431601Z + for f in /proc/irq/[0-9]*/smp_affinity_list
2026-09-22T18:41:51.3431929Z + irq=124/smp_affinity_list
2026-09-22T18:41:51.3432200Z + irq=124
2026-09-22T18:41:51.3432420Z + [[ -n 1 ]]
2026-09-22T18:41:51.3432660Z + continue
2026-09-22T18:41:51.3432921Z + for f in /proc/irq/[0-9]*/smp_affinity_list
2026-09-22T18:41:51.3433249Z + irq=125/smp_affinity_list
2026-09-22T18:41:51.3433530Z + irq=125
2026-09-22T18:41:51.3433755Z + [[ -n '' ]]
2026-09-22T18:41:51.3433993Z + echo 0,1,48,49
2026-09-22T18:41:51.3434279Z + for f in /proc/irq/[0-9]*/smp_affinity_list
2026-09-22T18:41:51.3434609Z + irq=13/smp_affinity_list
2026-09-22T18:41:51.3434883Z + irq=13
2026-09-22T18:41:51.3435109Z + [[ -n '' ]]
2026-09-22T18:41:51.3435350Z + echo 0,1,48,49
2026-09-22T18:41:51.3435624Z + for f in /proc/irq/[0-9]*/smp_affinity_list
2026-09-22T18:41:51.3435953Z + irq=133/smp_affinity_list
2026-09-22T18:41:51.3436233Z + irq=133
2026-09-22T18:41:51.3436456Z + [[ -n '' ]]
2026-09-22T18:41:51.3436689Z + echo 0,1,48,49
2026-09-22T18:41:51.3436962Z + for f in /proc/irq/[0-9]*/smp_affinity_list
2026-09-22T18:41:51.3437303Z + irq=14/smp_affinity_list
2026-09-22T18:41:51.3437569Z + irq=14
2026-09-22T18:41:51.3437795Z + [[ -n '' ]]
2026-09-22T18:41:51.3438037Z + echo 0,1,48,49
2026-09-22T18:41:51.3438310Z + for f in /proc/irq/[0-9]*/smp_affinity_list
2026-09-22T18:41:51.3438644Z + irq=15/smp_affinity_list
2026-09-22T18:41:51.3438914Z + irq=15
2026-09-22T18:41:51.3439146Z + [[ -n '' ]]
2026-09-22T18:41:51.3439377Z + echo 0,1,48,49
2026-09-22T18:41:51.3439674Z + for f in /proc/irq/[0-9]*/smp_affinity_list
2026-09-22T18:41:51.3440009Z + irq=16/smp_affinity_list
2026-09-22T18:41:51.3440281Z + irq=16
2026-09-22T18:41:51.3440628Z + [[ -n '' ]]
2026-09-22T18:41:51.3440861Z + echo 0,1,48,49
2026-09-22T18:41:51.3441148Z + for f in /proc/irq/[0-9]*/smp_affinity_list
2026-09-22T18:41:51.3441474Z + irq=2/smp_affinity_list
2026-09-22T18:41:51.3441749Z + irq=2
2026-09-22T18:41:51.3441982Z + [[ -n '' ]]
2026-09-22T18:41:51.3442212Z + echo 0,1,48,49
2026-09-22T18:41:51.3442447Z + true
2026-09-22T18:41:51.3442762Z + for f in /proc/irq/[0-9]*/smp_affinity_list
2026-09-22T18:41:51.3443104Z + irq=24/smp_affinity_list
2026-09-22T18:41:51.3443376Z + irq=24
2026-09-22T18:41:51.3443599Z + [[ -n '' ]]
2026-09-22T18:41:51.3443842Z + echo 0,1,48,49
2026-09-22T18:41:51.3444112Z + for f in /proc/irq/[0-9]*/smp_affinity_list
2026-09-22T18:41:51.3444436Z + irq=25/smp_affinity_list
2026-09-22T18:41:51.3444706Z + irq=25
2026-09-22T18:41:51.3444940Z + [[ -n '' ]]
2026-09-22T18:41:51.3445175Z + echo 0,1,48,49
2026-09-22T18:41:51.3445446Z + for f in /proc/irq/[0-9]*/smp_affinity_list
2026-09-22T18:41:51.3445784Z + irq=26/smp_affinity_list
2026-09-22T18:41:51.3446056Z + irq=26
2026-09-22T18:41:51.3446278Z + [[ -n '' ]]
2026-09-22T18:41:51.3446508Z + echo 0,1,48,49
2026-09-22T18:41:51.3446798Z + for f in /proc/irq/[0-9]*/smp_affinity_list
2026-09-22T18:41:51.3447127Z + irq=27/smp_affinity_list
2026-09-22T18:41:51.3447397Z + irq=27
2026-09-22T18:41:51.3447633Z + [[ -n '' ]]
2026-09-22T18:41:51.3447863Z + echo 0,1,48,49
2026-09-22T18:41:51.3448135Z + for f in /proc/irq/[0-9]*/smp_affinity_list
2026-09-22T18:41:51.3448466Z + irq=28/smp_affinity_list
2026-09-22T18:41:51.3448752Z + irq=28
2026-09-22T18:41:51.3448979Z + [[ -n '' ]]
2026-09-22T18:41:51.3449210Z + echo 0,1,48,49
2026-09-22T18:41:51.3449517Z + for f in /proc/irq/[0-9]*/smp_affinity_list
2026-09-22T18:41:51.3449848Z + irq=29/smp_affinity_list
2026-09-22T18:41:51.3450118Z + irq=29
2026-09-22T18:41:51.3450335Z + [[ -n '' ]]
2026-09-22T18:41:51.3450581Z + echo 0,1,48,49
2026-09-22T18:41:51.3450853Z + for f in /proc/irq/[0-9]*/smp_affinity_list
2026-09-22T18:41:51.3451180Z + irq=3/smp_affinity_list
2026-09-22T18:41:51.3451459Z + irq=3
2026-09-22T18:41:51.3451684Z + [[ -n '' ]]
2026-09-22T18:41:51.3451917Z + echo 0,1,48,49
2026-09-22T18:41:51.3452189Z + for f in /proc/irq/[0-9]*/smp_affinity_list
2026-09-22T18:41:51.3452522Z + irq=30/smp_affinity_list
2026-09-22T18:41:51.3452791Z + irq=30
2026-09-22T18:41:51.3453012Z + [[ -n '' ]]
2026-09-22T18:41:51.3453251Z + echo 0,1,48,49
2026-09-22T18:41:51.3453531Z + for f in /proc/irq/[0-9]*/smp_affinity_list
2026-09-22T18:41:51.3453858Z + irq=31/smp_affinity_list
2026-09-22T18:41:51.3454131Z + irq=31
2026-09-22T18:41:51.3454356Z + [[ -n '' ]]
2026-09-22T18:41:51.3454590Z + echo 0,1,48,49
2026-09-22T18:41:51.3454865Z + for f in /proc/irq/[0-9]*/smp_affinity_list
2026-09-22T18:41:51.3455206Z + irq=32/smp_affinity_list
2026-09-22T18:41:51.3455471Z + irq=32
2026-09-22T18:41:51.3455696Z + [[ -n '' ]]
2026-09-22T18:41:51.3455938Z + echo 0,1,48,49
2026-09-22T18:41:51.3456211Z + for f in /proc/irq/[0-9]*/smp_affinity_list
2026-09-22T18:41:51.3456540Z + irq=33/smp_affinity_list
2026-09-22T18:41:51.3456811Z + irq=33
2026-09-22T18:41:51.3457041Z + [[ -n '' ]]
2026-09-22T18:41:51.3457276Z + echo 0,1,48,49
2026-09-22T18:41:51.3457547Z + for f in /proc/irq/[0-9]*/smp_affinity_list
2026-09-22T18:41:51.3457880Z + irq=34/smp_affinity_list
2026-09-22T18:41:51.3458153Z + irq=34
2026-09-22T18:41:51.3458372Z + [[ -n '' ]]
2026-09-22T18:41:51.3458623Z + echo 0,1,48,49
2026-09-22T18:41:51.3458914Z + for f in /proc/irq/[0-9]*/smp_affinity_list
2026-09-22T18:41:51.3459241Z + irq=35/smp_affinity_list
2026-09-22T18:41:51.3459537Z + irq=35
2026-09-22T18:41:51.3459769Z + [[ -n '' ]]
2026-09-22T18:41:51.3460001Z + echo 0,1,48,49
2026-09-22T18:41:51.3460277Z + for f in /proc/irq/[0-9]*/smp_affinity_list
2026-09-22T18:41:51.3460608Z + irq=36/smp_affinity_list
2026-09-22T18:41:51.3460885Z + irq=36
2026-09-22T18:41:51.3461106Z + [[ -n '' ]]
2026-09-22T18:41:51.3461337Z + echo 0,1,48,49
2026-09-22T18:41:51.3461621Z + for f in /proc/irq/[0-9]*/smp_affinity_list
2026-09-22T18:41:51.3462026Z + irq=37/smp_affinity_list
2026-09-22T18:41:51.3462293Z + irq=37
2026-09-22T18:41:51.3462518Z + [[ -n '' ]]
2026-09-22T18:41:51.3462761Z + echo 0,1,48,49
2026-09-22T18:41:51.3463035Z + for f in /proc/irq/[0-9]*/smp_affinity_list
2026-09-22T18:41:51.3463366Z + irq=38/smp_affinity_list
2026-09-22T18:41:51.3463646Z + irq=38
2026-09-22T18:41:51.3463874Z + [[ -n '' ]]
2026-09-22T18:41:51.3464106Z + echo 0,1,48,49
2026-09-22T18:41:51.3464449Z + for f in /proc/irq/[0-9]*/smp_affinity_list
2026-09-22T18:41:51.3464785Z + irq=39/smp_affinity_list
2026-09-22T18:41:51.3465058Z + irq=39
2026-09-22T18:41:51.3465282Z + [[ -n '' ]]
2026-09-22T18:41:51.3465526Z + echo 0,1,48,49
2026-09-22T18:41:51.3465799Z + for f in /proc/irq/[0-9]*/smp_affinity_list
2026-09-22T18:41:51.3466130Z + irq=4/smp_affinity_list
2026-09-22T18:41:51.3466400Z + irq=4
2026-09-22T18:41:51.3466635Z + [[ -n '' ]]
2026-09-22T18:41:51.3466868Z + echo 0,1,48,49
2026-09-22T18:41:51.3467144Z + for f in /proc/irq/[0-9]*/smp_affinity_list
2026-09-22T18:41:51.3467483Z + irq=40/smp_affinity_list
2026-09-22T18:41:51.3467751Z + irq=40
2026-09-22T18:41:51.3467973Z + [[ -n '' ]]
2026-09-22T18:41:51.3468202Z + echo 0,1,48,49
2026-09-22T18:41:51.3468482Z + for f in /proc/irq/[0-9]*/smp_affinity_list
2026-09-22T18:41:51.3468808Z + irq=41/smp_affinity_list
2026-09-22T18:41:51.3469070Z + irq=41
2026-09-22T18:41:51.3469301Z + [[ -n '' ]]
2026-09-22T18:41:51.3469566Z + echo 0,1,48,49
2026-09-22T18:41:51.3469842Z + for f in /proc/irq/[0-9]*/smp_affinity_list
2026-09-22T18:41:51.3470171Z + irq=42/smp_affinity_list
2026-09-22T18:41:51.3470448Z + irq=42
2026-09-22T18:41:51.3470669Z + [[ -n '' ]]
2026-09-22T18:41:51.3470896Z + echo 0,1,48,49
2026-09-22T18:41:51.3471174Z + for f in /proc/irq/[0-9]*/smp_affinity_list
2026-09-22T18:41:51.3471499Z + irq=43/smp_affinity_list
2026-09-22T18:41:51.3471765Z + irq=43
2026-09-22T18:41:51.3471986Z + [[ -n '' ]]
2026-09-22T18:41:51.3472223Z + echo 0,1,48,49
2026-09-22T18:41:51.3472495Z + for f in /proc/irq/[0-9]*/smp_affinity_list
2026-09-22T18:41:51.3472826Z + irq=44/smp_affinity_list
2026-09-22T18:41:51.3473096Z + irq=44
2026-09-22T18:41:51.3473312Z + [[ -n '' ]]
2026-09-22T18:41:51.3473536Z + echo 0,1,48,49
2026-09-22T18:41:51.3473810Z + for f in /proc/irq/[0-9]*/smp_affinity_list
2026-09-22T18:41:51.3474141Z + irq=45/smp_affinity_list
2026-09-22T18:41:51.3474409Z + irq=45
2026-09-22T18:41:51.3474627Z + [[ -n '' ]]
2026-09-22T18:41:51.3474868Z + echo 0,1,48,49
2026-09-22T18:41:51.3475137Z + for f in /proc/irq/[0-9]*/smp_affinity_list
2026-09-22T18:41:51.3475461Z + irq=46/smp_affinity_list
2026-09-22T18:41:51.3475736Z + irq=46
2026-09-22T18:41:51.3475953Z + [[ -n '' ]]
2026-09-22T18:41:51.3476182Z + echo 0,1,48,49
2026-09-22T18:41:51.3476451Z + for f in /proc/irq/[0-9]*/smp_affinity_list
2026-09-22T18:41:51.3476784Z + irq=47/smp_affinity_list
2026-09-22T18:41:51.3477051Z + irq=47
2026-09-22T18:41:51.3477273Z + [[ -n '' ]]
2026-09-22T18:41:51.3477511Z + echo 0,1,48,49
2026-09-22T18:41:51.3477781Z + for f in /proc/irq/[0-9]*/smp_affinity_list
2026-09-22T18:41:51.3478112Z + irq=48/smp_affinity_list
2026-09-22T18:41:51.3478379Z + irq=48
2026-09-22T18:41:51.3478607Z + [[ -n '' ]]
2026-09-22T18:41:51.3478835Z + echo 0,1,48,49
2026-09-22T18:41:51.3479105Z + for f in /proc/irq/[0-9]*/smp_affinity_list
2026-09-22T18:41:51.3479445Z + irq=49/smp_affinity_list
2026-09-22T18:41:51.3479747Z + irq=49
2026-09-22T18:41:51.3479971Z + [[ -n '' ]]
2026-09-22T18:41:51.3480209Z + echo 0,1,48,49
2026-09-22T18:41:51.3480494Z + for f in /proc/irq/[0-9]*/smp_affinity_list
2026-09-22T18:41:51.3480821Z + irq=5/smp_affinity_list
2026-09-22T18:41:51.3481089Z + irq=5
2026-09-22T18:41:51.3481319Z + [[ -n '' ]]
2026-09-22T18:41:51.3481552Z + echo 0,1,48,49
2026-09-22T18:41:51.3481829Z + for f in /proc/irq/[0-9]*/smp_affinity_list
2026-09-22T18:41:51.3482159Z + irq=50/smp_affinity_list
2026-09-22T18:41:51.3482437Z + irq=50
2026-09-22T18:41:51.3482655Z + [[ -n '' ]]
2026-09-22T18:41:51.3482882Z + echo 0,1,48,49
2026-09-22T18:41:51.3483160Z + for f in /proc/irq/[0-9]*/smp_affinity_list
2026-09-22T18:41:51.3483342Z + irq=51/smp_affinity_list
2026-09-22T18:41:51.3483447Z + irq=51
2026-09-22T18:41:51.3483549Z + [[ -n '' ]]
2026-09-22T18:41:51.3483649Z + echo 0,1,48,49
2026-09-22T18:41:51.3483786Z + for f in /proc/irq/[0-9]*/smp_affinity_list
2026-09-22T18:41:51.3483905Z + irq=52/smp_affinity_list
2026-09-22T18:41:51.3483999Z + irq=52
2026-09-22T18:41:51.3484103Z + [[ -n '' ]]
2026-09-22T18:41:51.3484264Z + echo 0,1,48,49
2026-09-22T18:41:51.3484404Z + for f in /proc/irq/[0-9]*/smp_affinity_list
2026-09-22T18:41:51.3484520Z + irq=53/smp_affinity_list
2026-09-22T18:41:51.3484613Z + irq=53
2026-09-22T18:41:51.3484718Z + [[ -n '' ]]
2026-09-22T18:41:51.3484822Z + echo 0,1,48,49
2026-09-22T18:41:51.3484948Z + for f in /proc/irq/[0-9]*/smp_affinity_list
2026-09-22T18:41:51.3485066Z + irq=54/smp_affinity_list
2026-09-22T18:41:51.3485169Z + irq=54
2026-09-22T18:41:51.3485266Z + [[ -n '' ]]
2026-09-22T18:41:51.3485371Z + echo 0,1,48,49
2026-09-22T18:41:51.3485504Z + for f in /proc/irq/[0-9]*/smp_affinity_list
2026-09-22T18:41:51.3485614Z + irq=55/smp_affinity_list
2026-09-22T18:41:51.3485719Z + irq=55
2026-09-22T18:41:51.3485827Z + [[ -n '' ]]
2026-09-22T18:41:51.3485924Z + echo 0,1,48,49
2026-09-22T18:41:51.3486060Z + for f in /proc/irq/[0-9]*/smp_affinity_list
2026-09-22T18:41:51.3486177Z + irq=56/smp_affinity_list
2026-09-22T18:41:51.3486272Z + irq=56
2026-09-22T18:41:51.3486373Z + [[ -n '' ]]
2026-09-22T18:41:51.3486484Z + echo 0,1,48,49
2026-09-22T18:41:51.3486612Z + for f in /proc/irq/[0-9]*/smp_affinity_list
2026-09-22T18:41:51.3486730Z + irq=57/smp_affinity_list
2026-09-22T18:41:51.3486833Z + irq=57
2026-09-22T18:41:51.3486928Z + [[ -n '' ]]
2026-09-22T18:41:51.3487031Z + echo 0,1,48,49
2026-09-22T18:41:51.3487168Z + for f in /proc/irq/[0-9]*/smp_affinity_list
2026-09-22T18:41:51.3487275Z + irq=58/smp_affinity_list
2026-09-22T18:41:51.3487379Z + irq=58
2026-09-22T18:41:51.3487481Z + [[ -n '' ]]
2026-09-22T18:41:51.3487577Z + echo 0,1,48,49
2026-09-22T18:41:51.3487719Z + for f in /proc/irq/[0-9]*/smp_affinity_list
2026-09-22T18:41:51.3487838Z + irq=59/smp_affinity_list
2026-09-22T18:41:51.3487932Z + irq=59
2026-09-22T18:41:51.3488035Z + [[ -n '' ]]
2026-09-22T18:41:51.3488130Z + echo 0,1,48,49
2026-09-22T18:41:51.3488268Z + for f in /proc/irq/[0-9]*/smp_affinity_list
2026-09-22T18:41:51.3488387Z + irq=6/smp_affinity_list
2026-09-22T18:41:51.3488482Z + irq=6
2026-09-22T18:41:51.3488588Z + [[ -n '' ]]
2026-09-22T18:41:51.3488698Z + echo 0,1,48,49
2026-09-22T18:41:51.3488825Z + for f in /proc/irq/[0-9]*/smp_affinity_list
2026-09-22T18:41:51.3488941Z + irq=60/smp_affinity_list
2026-09-22T18:41:51.3489043Z + irq=60
2026-09-22T18:41:51.3489138Z + [[ -n '' ]]
2026-09-22T18:41:51.3489246Z + echo 0,1,48,49
2026-09-22T18:41:51.3489382Z + for f in /proc/irq/[0-9]*/smp_affinity_list
2026-09-22T18:41:51.3489488Z + irq=61/smp_affinity_list
2026-09-22T18:41:51.3489642Z + irq=61
2026-09-22T18:41:51.3489746Z + [[ -n '' ]]
2026-09-22T18:41:51.3489843Z + echo 0,1,48,49
2026-09-22T18:41:51.3489981Z + for f in /proc/irq/[0-9]*/smp_affinity_list
2026-09-22T18:41:51.3490101Z + irq=62/smp_affinity_list
2026-09-22T18:41:51.3490194Z + irq=62
2026-09-22T18:41:51.3490299Z + [[ -n '' ]]
2026-09-22T18:41:51.3490404Z + echo 0,1,48,49
2026-09-22T18:41:51.3490527Z + for f in /proc/irq/[0-9]*/smp_affinity_list
2026-09-22T18:41:51.3490646Z + irq=63/smp_affinity_list
2026-09-22T18:41:51.3490748Z + irq=63
2026-09-22T18:41:51.3490842Z + [[ -n '' ]]
2026-09-22T18:41:51.3490956Z + echo 0,1,48,49
2026-09-22T18:41:51.3491093Z + for f in /proc/irq/[0-9]*/smp_affinity_list
2026-09-22T18:41:51.3491201Z + irq=64/smp_affinity_list
2026-09-22T18:41:51.3491303Z + irq=64
2026-09-22T18:41:51.3491407Z + [[ -n '' ]]
2026-09-22T18:41:51.3491504Z + echo 0,1,48,49
2026-09-22T18:41:51.3491635Z + for f in /proc/irq/[0-9]*/smp_affinity_list
2026-09-22T18:41:51.3491747Z + irq=65/smp_affinity_list
2026-09-22T18:41:51.3491840Z + irq=65
2026-09-22T18:41:51.3491940Z + [[ -n '' ]]
2026-09-22T18:41:51.3492036Z + echo 0,1,48,49
2026-09-22T18:41:51.3492175Z + for f in /proc/irq/[0-9]*/smp_affinity_list
2026-09-22T18:41:51.3492351Z + irq=66/smp_affinity_list
2026-09-22T18:41:51.3492444Z + irq=66
2026-09-22T18:41:51.3492547Z + [[ -n '' ]]
2026-09-22T18:41:51.3492655Z + echo 0,1,48,49
2026-09-22T18:41:51.3492784Z + for f in /proc/irq/[0-9]*/smp_affinity_list
2026-09-22T18:41:51.3492898Z + irq=67/smp_affinity_list
2026-09-22T18:41:51.3493001Z + irq=67
2026-09-22T18:41:51.3493151Z + [[ -n '' ]]
2026-09-22T18:41:51.3493259Z + echo 0,1,48,49
2026-09-22T18:41:51.3493395Z + for f in /proc/irq/[0-9]*/smp_affinity_list
2026-09-22T18:41:51.3493501Z + irq=68/smp_affinity_list
2026-09-22T18:41:51.3493605Z + irq=68
2026-09-22T18:41:51.3493708Z + [[ -n '' ]]
2026-09-22T18:41:51.3493804Z + echo 0,1,48,49
2026-09-22T18:41:51.3493939Z + for f in /proc/irq/[0-9]*/smp_affinity_list
2026-09-22T18:41:51.3494053Z + irq=69/smp_affinity_list
2026-09-22T18:41:51.3494147Z + irq=69
2026-09-22T18:41:51.3494254Z + [[ -n '' ]]
2026-09-22T18:41:51.3494356Z + echo 0,1,48,49
2026-09-22T18:41:51.3494481Z + for f in /proc/irq/[0-9]*/smp_affinity_list
2026-09-22T18:41:51.3494602Z + irq=7/smp_affinity_list
2026-09-22T18:41:51.3494704Z + irq=7
2026-09-22T18:41:51.3494799Z + [[ -n '' ]]
2026-09-22T18:41:51.3494905Z + echo 0,1,48,49
2026-09-22T18:41:51.3495043Z + for f in /proc/irq/[0-9]*/smp_affinity_list
2026-09-22T18:41:51.3495148Z + irq=70/smp_affinity_list
2026-09-22T18:41:51.3495252Z + irq=70
2026-09-22T18:41:51.3495363Z + [[ -n '' ]]
2026-09-22T18:41:51.3495459Z + echo 0,1,48,49
2026-09-22T18:41:51.3495593Z + for f in /proc/irq/[0-9]*/smp_affinity_list
2026-09-22T18:41:51.3495709Z + irq=71/smp_affinity_list
2026-09-22T18:41:51.3495802Z + irq=71
2026-09-22T18:41:51.3495903Z + [[ -n '' ]]
2026-09-22T18:41:51.3495998Z + echo 0,1,48,49
2026-09-22T18:41:51.3496136Z + for f in /proc/irq/[0-9]*/smp_affinity_list
2026-09-22T18:41:51.3496250Z + irq=72/smp_affinity_list
2026-09-22T18:41:51.3496343Z + irq=72
2026-09-22T18:41:51.3496445Z + [[ -n '' ]]
2026-09-22T18:41:51.3496547Z + echo 0,1,48,49
2026-09-22T18:41:51.3496676Z + for f in /proc/irq/[0-9]*/smp_affinity_list
2026-09-22T18:41:51.3496790Z + irq=73/smp_affinity_list
2026-09-22T18:41:51.3496890Z + irq=73
2026-09-22T18:41:51.3496983Z + [[ -n '' ]]
2026-09-22T18:41:51.3497086Z + echo 0,1,48,49
2026-09-22T18:41:51.3497221Z + for f in /proc/irq/[0-9]*/smp_affinity_list
2026-09-22T18:41:51.3497328Z + irq=74/smp_affinity_list
2026-09-22T18:41:51.3497431Z + irq=74
2026-09-22T18:41:51.3497535Z + [[ -n '' ]]
2026-09-22T18:41:51.3497629Z + echo 0,1,48,49
2026-09-22T18:41:51.3497765Z + for f in /proc/irq/[0-9]*/smp_affinity_list
2026-09-22T18:41:51.3497880Z + irq=75/smp_affinity_list
2026-09-22T18:41:51.3497971Z + irq=75
2026-09-22T18:41:51.3498074Z + [[ -n '' ]]
2026-09-22T18:41:51.3498178Z + echo 0,1,48,49
2026-09-22T18:41:51.3498306Z + for f in /proc/irq/[0-9]*/smp_affinity_list
2026-09-22T18:41:51.3498422Z + irq=76/smp_affinity_list
2026-09-22T18:41:51.3498524Z + irq=76
2026-09-22T18:41:51.3498619Z + [[ -n '' ]]
2026-09-22T18:41:51.3498725Z + echo 0,1,48,49
2026-09-22T18:41:51.3498865Z + for f in /proc/irq/[0-9]*/smp_affinity_list
2026-09-22T18:41:51.3498969Z + irq=77/smp_affinity_list
2026-09-22T18:41:51.3499073Z + irq=77
2026-09-22T18:41:51.3499173Z + [[ -n '' ]]
2026-09-22T18:41:51.3499269Z + echo 0,1,48,49
2026-09-22T18:41:51.3499399Z + for f in /proc/irq/[0-9]*/smp_affinity_list
2026-09-22T18:41:51.3499549Z + irq=78/smp_affinity_list
2026-09-22T18:41:51.3499645Z + irq=78
2026-09-22T18:41:51.3499752Z + [[ -n '' ]]
2026-09-22T18:41:51.3499854Z + echo 0,1,48,49
2026-09-22T18:41:51.3499980Z + for f in /proc/irq/[0-9]*/smp_affinity_list
2026-09-22T18:41:51.3500093Z + irq=79/smp_affinity_list
2026-09-22T18:41:51.3500188Z + irq=79
2026-09-22T18:41:51.3500292Z + [[ -n '' ]]
2026-09-22T18:41:51.3500396Z + echo 0,1,48,49
2026-09-22T18:41:51.3500521Z + for f in /proc/irq/[0-9]*/smp_affinity_list
2026-09-22T18:41:51.3500636Z + irq=8/smp_affinity_list
2026-09-22T18:41:51.3500737Z + irq=8
2026-09-22T18:41:51.3500833Z + [[ -n '' ]]
2026-09-22T18:41:51.3500935Z + echo 0,1,48,49
2026-09-22T18:41:51.3501126Z + for f in /proc/irq/[0-9]*/smp_affinity_list
2026-09-22T18:41:51.3501232Z + irq=80/smp_affinity_list
2026-09-22T18:41:51.3501334Z + irq=80
2026-09-22T18:41:51.3501437Z + [[ -n '' ]]
2026-09-22T18:41:51.3501531Z + echo 0,1,48,49
2026-09-22T18:41:51.3501663Z + for f in /proc/irq/[0-9]*/smp_affinity_list
2026-09-22T18:41:51.3501776Z + irq=81/smp_affinity_list
2026-09-22T18:41:51.3501866Z + irq=81
2026-09-22T18:41:51.3502024Z + [[ -n '' ]]
2026-09-22T18:41:51.3502131Z + echo 0,1,48,49
2026-09-22T18:41:51.3502264Z + for f in /proc/irq/[0-9]*/smp_affinity_list
2026-09-22T18:41:51.3502381Z + irq=82/smp_affinity_list
2026-09-22T18:41:51.3502489Z + irq=82
2026-09-22T18:41:51.3502589Z + [[ -n '' ]]
2026-09-22T18:41:51.3502697Z + echo 0,1,48,49
2026-09-22T18:41:51.3502839Z + for f in /proc/irq/[0-9]*/smp_affinity_list
2026-09-22T18:41:51.3502952Z + irq=83/smp_affinity_list
2026-09-22T18:41:51.3503062Z + irq=83
2026-09-22T18:41:51.3503170Z + [[ -n '' ]]
2026-09-22T18:41:51.3503273Z + echo 0,1,48,49
2026-09-22T18:41:51.3503418Z + for f in /proc/irq/[0-9]*/smp_affinity_list
2026-09-22T18:41:51.3503538Z + irq=84/smp_affinity_list
2026-09-22T18:41:51.3503635Z + irq=84
2026-09-22T18:41:51.3503744Z + [[ -n '' ]]
2026-09-22T18:41:51.3503855Z + echo 0,1,48,49
2026-09-22T18:41:51.3503986Z + for f in /proc/irq/[0-9]*/smp_affinity_list
2026-09-22T18:41:51.3504107Z + irq=85/smp_affinity_list
2026-09-22T18:41:51.3504206Z + irq=85
2026-09-22T18:41:51.3504318Z + [[ -n '' ]]
2026-09-22T18:41:51.3504429Z + echo 0,1,48,49
2026-09-22T18:41:51.3504560Z + for f in /proc/irq/[0-9]*/smp_affinity_list
2026-09-22T18:41:51.3504681Z + irq=86/smp_affinity_list
2026-09-22T18:41:51.3504791Z + irq=86
2026-09-22T18:41:51.3504891Z + [[ -n '' ]]
2026-09-22T18:41:51.3505000Z + echo 0,1,48,49
2026-09-22T18:41:51.3505139Z + for f in /proc/irq/[0-9]*/smp_affinity_list
2026-09-22T18:41:51.3505249Z + irq=87/smp_affinity_list
2026-09-22T18:41:51.3505355Z + irq=87
2026-09-22T18:41:51.3505464Z + [[ -n '' ]]
2026-09-22T18:41:51.3505566Z + echo 0,1,48,49
2026-09-22T18:41:51.3505717Z + for f in /proc/irq/[0-9]*/smp_affinity_list
2026-09-22T18:41:51.3505836Z + irq=88/smp_affinity_list
2026-09-22T18:41:51.3505934Z + irq=88
2026-09-22T18:41:51.3506042Z + [[ -n '' ]]
2026-09-22T18:41:51.3506152Z + echo 0,1,48,49
2026-09-22T18:41:51.3506284Z + for f in /proc/irq/[0-9]*/smp_affinity_list
2026-09-22T18:41:51.3506401Z + irq=89/smp_affinity_list
2026-09-22T18:41:51.3506511Z + irq=89
2026-09-22T18:41:51.3506613Z + [[ -n '' ]]
2026-09-22T18:41:51.3506723Z + echo 0,1,48,49
2026-09-22T18:41:51.3506861Z + for f in /proc/irq/[0-9]*/smp_affinity_list
2026-09-22T18:41:51.3506974Z + irq=9/smp_affinity_list
2026-09-22T18:41:51.3507085Z + irq=9
2026-09-22T18:41:51.3507194Z + [[ -n '' ]]
2026-09-22T18:41:51.3507296Z + echo 0,1,48,49
2026-09-22T18:41:51.3507437Z + for f in /proc/irq/[0-9]*/smp_affinity_list
2026-09-22T18:41:51.3507559Z + irq=90/smp_affinity_list
2026-09-22T18:41:51.3507657Z + irq=90
2026-09-22T18:41:51.3507764Z + [[ -n '' ]]
2026-09-22T18:41:51.3507875Z + echo 0,1,48,49
2026-09-22T18:41:51.3508013Z + for f in /proc/irq/[0-9]*/smp_affinity_list
2026-09-22T18:41:51.3508132Z + irq=91/smp_affinity_list
2026-09-22T18:41:51.3508231Z + irq=91
2026-09-22T18:41:51.3508339Z + [[ -n '' ]]
2026-09-22T18:41:51.3508447Z + echo 0,1,48,49
2026-09-22T18:41:51.3508613Z + for f in /proc/irq/[0-9]*/smp_affinity_list
2026-09-22T18:41:51.3508726Z + irq=92/smp_affinity_list
2026-09-22T18:41:51.3508835Z + irq=92
2026-09-22T18:41:51.3508943Z + [[ -n '' ]]
2026-09-22T18:41:51.3509044Z + echo 0,1,48,49
2026-09-22T18:41:51.3509178Z + for f in /proc/irq/[0-9]*/smp_affinity_list
2026-09-22T18:41:51.3509297Z + irq=93/smp_affinity_list
2026-09-22T18:41:51.3509394Z + irq=93
2026-09-22T18:41:51.3509545Z + [[ -n '' ]]
2026-09-22T18:41:51.3509653Z + echo 0,1,48,49
2026-09-22T18:41:51.3509780Z + for f in /proc/irq/[0-9]*/smp_affinity_list
2026-09-22T18:41:51.3509893Z + irq=94/smp_affinity_list
2026-09-22T18:41:51.3509993Z + irq=94
2026-09-22T18:41:51.3510087Z + [[ -n '' ]]
2026-09-22T18:41:51.3510251Z + echo 0,1,48,49
2026-09-22T18:41:51.3510377Z + for f in /proc/irq/[0-9]*/smp_affinity_list
2026-09-22T18:41:51.3510490Z + irq=95/smp_affinity_list
2026-09-22T18:41:51.3510593Z + irq=95
2026-09-22T18:41:51.3510690Z + [[ -n '' ]]
2026-09-22T18:41:51.3510797Z + echo 0,1,48,49
2026-09-22T18:41:51.3510934Z + for f in /proc/irq/[0-9]*/smp_affinity_list
2026-09-22T18:41:51.3511040Z + irq=96/smp_affinity_list
2026-09-22T18:41:51.3511195Z + irq=96
2026-09-22T18:41:51.3511300Z + [[ -n '' ]]
2026-09-22T18:41:51.3511397Z + echo 0,1,48,49
2026-09-22T18:41:51.3511533Z + for f in /proc/irq/[0-9]*/smp_affinity_list
2026-09-22T18:41:51.3511650Z + irq=97/smp_affinity_list
2026-09-22T18:41:51.3511744Z + irq=97
2026-09-22T18:41:51.3511849Z + [[ -n '' ]]
2026-09-22T18:41:51.3511956Z + echo 0,1,48,49
2026-09-22T18:41:51.3512082Z + for f in /proc/irq/[0-9]*/smp_affinity_list
2026-09-22T18:41:51.3512198Z + irq=98/smp_affinity_list
2026-09-22T18:41:51.3512300Z + irq=98
2026-09-22T18:41:51.3512395Z + [[ -n '' ]]
2026-09-22T18:41:51.3512503Z + echo 0,1,48,49
2026-09-22T18:41:51.3512637Z + for f in /proc/irq/[0-9]*/smp_affinity_list
2026-09-22T18:41:51.3512741Z + irq=99/smp_affinity_list
2026-09-22T18:41:51.3512841Z + irq=99
2026-09-22T18:41:51.3512943Z + [[ -n '' ]]
2026-09-22T18:41:51.3513038Z + echo 0,1,48,49
2026-09-22T18:41:51.3513153Z + command -v python3
2026-09-22T18:41:51.3513275Z ++ expand_cpulist 0,1,48,49
2026-09-22T18:41:51.3513381Z ++ [[ -n 0,1,48,49 ]]
2026-09-22T18:41:51.3513499Z ++ local parts part
2026-09-22T18:41:51.3513604Z ++ IFS=,
2026-09-22T18:41:51.3513709Z ++ read -ra parts
2026-09-22T18:41:51.3513956Z ++ python3 -c 'import sys; print(f"{sum(1 << int(l) for l in sys.stdin):x}")'
2026-09-22T18:41:51.3514078Z ++ for part in "${parts[@]}"
2026-09-22T18:41:51.3514175Z ++ seq 0 0
2026-09-22T18:41:51.3514294Z ++ for part in "${parts[@]}"
2026-09-22T18:41:51.3514389Z ++ seq 1 1
2026-09-22T18:41:51.3514506Z ++ for part in "${parts[@]}"
2026-09-22T18:41:51.3514612Z ++ seq 48 48
2026-09-22T18:41:51.3514720Z ++ for part in "${parts[@]}"
2026-09-22T18:41:51.3514829Z ++ seq 49 49
2026-09-22T18:41:51.3618573Z + wq_mask=3000000000003
2026-09-22T18:41:51.3618932Z + sysfs_write /sys/devices/virtual/workqueue/cpumask 3000000000003
2026-09-22T18:41:51.3619098Z + [[ -n 3000000000003 ]]
2026-09-22T18:41:51.3619294Z + [[ -w /sys/devices/virtual/workqueue/cpumask ]]
2026-09-22T18:41:51.3619413Z + echo 3000000000003
2026-09-22T18:41:51.3619896Z scripts/setup-benchmark.sh: line 16: echo: write error: Value too large for defined data type
2026-09-22T18:41:51.3620009Z + true
2026-09-22T18:41:51.3620167Z + mkdir -p /etc/systemd/system.conf.d
2026-09-22T18:41:51.3630308Z + cat
2026-09-22T18:41:51.3639973Z + systemctl daemon-reexec
2026-09-22T18:41:52.4065186Z + cat
2026-09-22T18:41:52.4075071Z + chmod 0644 /tmp/vortex-benchmark.env
2026-09-22T18:41:52.4306363Z ##[group]Run CodSpeedHQ/action@4296e51e7041e24dadb86d1d6e8b9320d223dbe8
2026-09-22T18:41:52.4307100Z with:
2026-09-22T18:41:52.4307706Z   run: bash scripts/bench-taskset.sh cargo codspeed run -- '.*::avx512::'
2026-09-22T18:41:52.4309167Z   token: ***
2026-09-22T18:41:52.4310173Z   mode: walltime
2026-09-22T18:41:52.4310607Z   cache-instruments: true
2026-09-22T18:41:52.4311168Z   instruments-cache-dir: ~/.cache/codspeed-action
2026-09-22T18:41:52.4311779Z   allow-empty: false
2026-09-22T18:41:52.4312249Z   skip-hash-check-warning: false
2026-09-22T18:41:52.4312721Z env:
2026-09-22T18:41:52.4313094Z   CARGO_TERM_COLOR: always
2026-09-22T18:41:52.4313559Z   RUST_BACKTRACE: 1
2026-09-22T18:41:52.4313980Z   NIGHTLY_TOOLCHAIN: nightly-2026-09-10
2026-09-22T18:41:52.4314522Z   RUNNER_TOOL_CACHE: /opt/hostedtoolcache
2026-09-22T18:41:52.4315066Z   RUNS_ON_HOME: /runs-on
2026-09-22T18:41:52.4315508Z   RUNS_ON_VERSION: v3.3.0
2026-09-22T18:41:52.4316049Z   RUNS_ON_AGENT_BINARY: /runs-on/agent
2026-09-22T18:41:52.4316577Z   RUNS_ON_AGENT_ARCH: x64
2026-09-22T18:41:52.4317032Z   RUNS_ON_AGENT_USER: runner
2026-09-22T18:41:52.4317548Z   RUNS_ON_AMI_ID: ami-0d8875560af9e1401
2026-09-22T18:41:52.4318090Z   RUNS_ON_AWS_REGION: us-east-1
2026-09-22T18:41:52.4318898Z   RUNS_ON_AWS_AZ: us-east-1a
2026-09-22T18:41:52.4319427Z   RUNS_ON_ENV_CUSTOM_FILE: /runs-on/env.custom
2026-09-22T18:41:52.4320284Z   RUNS_ON_INSTANCE_ID: i-0e33259ff1ee1625d
2026-09-22T18:41:52.4320841Z   RUNS_ON_INSTANCE_LIFECYCLE: spot
2026-09-22T18:41:52.4321379Z   RUNS_ON_INSTANCE_TYPE: c7i.metal-24xl
2026-09-22T18:41:52.4321909Z   RUNS_ON_STACK_NAME: runs-on-v3
2026-09-22T18:41:52.4322551Z   RUNS_ON_S3_BUCKET_CACHE: runs-on-v3-s3bucketcache-dbnub4tpjhpv
2026-09-22T18:41:52.4323306Z   ACTIONS_RUNNER_HOOK_JOB_STARTED: /runs-on/pre.sh
2026-09-22T18:41:52.4323988Z   ACTIONS_RUNNER_HOOK_JOB_COMPLETED: /runs-on/post.sh
2026-09-22T18:41:52.4324628Z   GITHUB_SERVER_URL: https://github.com/
2026-09-22T18:41:52.4325206Z   GITHUB_API_URL: https://api.github.com/
2026-09-22T18:41:52.4325728Z   GITHUB_HOST: github.com
2026-09-22T18:41:52.4326305Z   RUNS_ON_RUNNER_NAME: runs-on--i-0e33259ff1ee1625d--07872980-9
2026-09-22T18:41:52.4327027Z   RUNS_ON_INSTANCE_LAUNCHED_AT: 2026-09-22T18:40:34Z
2026-09-22T18:41:52.4327673Z   ACTIONS_CACHE_URL: http://10.1.10.28:6871/
2026-09-22T18:41:52.4328243Z   ACTIONS_CACHE_SERVICE_V2: true
2026-09-22T18:41:52.4328775Z   ACTIONS_RESULTS_URL: http://10.1.10.28:6871/
2026-09-22T18:41:52.4329464Z   RUNS_ON_S3_CACHE_REPO_PREFIX: cache/repo/vortex-data/vortex
2026-09-22T18:41:52.4330227Z   RUNS_ON_ACTION_COST_TRACKING_CLAIMED: true
2026-09-22T18:41:52.4330772Z   RUSTUP_TOOLCHAIN: 1.98.0
2026-09-22T18:41:52.4331263Z   DIVAN_SAMPLE_COUNT: 1000
2026-09-22T18:41:52.4331714Z ##[endgroup]
2026-09-22T18:41:52.4341435Z ##[start-action display=Determine runner and kernel version;id=__CodSpeedHQ_action.versions]
2026-09-22T18:41:52.4367595Z ##[group]Run RUNNER_VERSION=""
2026-09-22T18:41:52.4368170Z [36;1mRUNNER_VERSION=""[0m
2026-09-22T18:41:52.4368719Z [36;1mif [ -z "$RUNNER_VERSION" ]; then[0m
2026-09-22T18:41:52.4369582Z [36;1m  RUNNER_VERSION=$(cat $GITHUB_ACTION_PATH/.codspeed-runner-version)[0m
2026-09-22T18:41:52.4370328Z [36;1mfi[0m
2026-09-22T18:41:52.4370883Z [36;1m# Strip 'v' prefix if present to normalize version format[0m
2026-09-22T18:41:52.4371602Z [36;1mRUNNER_VERSION="${RUNNER_VERSION#v}"[0m
2026-09-22T18:41:52.4372145Z [36;1m[0m
2026-09-22T18:41:52.4372804Z [36;1m# Detect version type (priority: latest > version number > branch/rev prefixes)[0m
2026-09-22T18:41:52.4373651Z [36;1mif [ "$RUNNER_VERSION" = "latest" ]; then[0m
2026-09-22T18:41:52.4374227Z [36;1m  VERSION_TYPE="latest"[0m
2026-09-22T18:41:52.4374952Z [36;1melif echo "$RUNNER_VERSION" | grep -qE '^[0-9]+\.[0-9]+\.[0-9]+-'; then[0m
2026-09-22T18:41:52.4375716Z [36;1m  VERSION_TYPE="prerelease"[0m
2026-09-22T18:41:52.4376442Z [36;1melif echo "$RUNNER_VERSION" | grep -qE '^[0-9]+\.[0-9]+\.[0-9]+'; then[0m
2026-09-22T18:41:52.4377510Z [36;1m  VERSION_TYPE="release"[0m
2026-09-22T18:41:52.4378173Z [36;1melif echo "$RUNNER_VERSION" | grep -q '^branch:'; then[0m
2026-09-22T18:41:52.4378851Z [36;1m  VERSION_TYPE="branch"[0m
2026-09-22T18:41:52.4379631Z [36;1m  RUNNER_VERSION=$(echo "$RUNNER_VERSION" | sed 's/^branch://')[0m
2026-09-22T18:41:52.4380449Z [36;1melif echo "$RUNNER_VERSION" | grep -q '^rev:'; then[0m
2026-09-22T18:41:52.4381087Z [36;1m  VERSION_TYPE="rev"[0m
2026-09-22T18:41:52.4381713Z [36;1m  RUNNER_VERSION=$(echo "$RUNNER_VERSION" | sed 's/^rev://')[0m
2026-09-22T18:41:52.4382389Z [36;1melse[0m
2026-09-22T18:41:52.4382795Z [36;1m  # Default to release version[0m
2026-09-22T18:41:52.4383335Z [36;1m  VERSION_TYPE="release"[0m
2026-09-22T18:41:52.4383821Z [36;1mfi[0m
2026-09-22T18:41:52.4384187Z [36;1m[0m
2026-09-22T18:41:52.4384694Z [36;1mecho "runner-version=$RUNNER_VERSION" >> $GITHUB_OUTPUT[0m
2026-09-22T18:41:52.4385496Z [36;1mecho "version-type=$VERSION_TYPE" >> $GITHUB_OUTPUT[0m
2026-09-22T18:41:52.4386111Z [36;1m[0m
2026-09-22T18:41:52.4386520Z [36;1m# Get kernel version for cache key[0m
2026-09-22T18:41:52.4387101Z [36;1mKERNEL_VERSION=$(uname -r)[0m
2026-09-22T18:41:52.4387744Z [36;1mecho "kernel-version=$KERNEL_VERSION" >> $GITHUB_OUTPUT[0m
2026-09-22T18:41:52.4388618Z [36;1m[0m
2026-09-22T18:41:52.4389217Z [36;1m# Normalize mode for cache key (commas are not allowed in cache keys)[0m
2026-09-22T18:41:52.4390120Z [36;1mMODE_CACHE_KEY=$(echo "walltime" | tr ',' '-')[0m
2026-09-22T18:41:52.4390896Z [36;1mecho "mode-cache-key=$MODE_CACHE_KEY" >> $GITHUB_OUTPUT[0m
2026-09-22T18:41:52.4438189Z shell: /usr/bin/bash --noprofile --norc -e -o pipefail {0}
2026-09-22T18:41:52.4438821Z env:
2026-09-22T18:41:52.4439193Z   CARGO_TERM_COLOR: always
2026-09-22T18:41:52.4439729Z   RUST_BACKTRACE: 1
2026-09-22T18:41:52.4440188Z   NIGHTLY_TOOLCHAIN: nightly-2026-09-10
2026-09-22T18:41:52.4440759Z   RUNNER_TOOL_CACHE: /opt/hostedtoolcache
2026-09-22T18:41:52.4441287Z   RUNS_ON_HOME: /runs-on
2026-09-22T18:41:52.4441760Z   RUNS_ON_VERSION: v3.3.0
2026-09-22T18:41:52.4442233Z   RUNS_ON_AGENT_BINARY: /runs-on/agent
2026-09-22T18:41:52.4442768Z   RUNS_ON_AGENT_ARCH: x64
2026-09-22T18:41:52.4443236Z   RUNS_ON_AGENT_USER: runner
2026-09-22T18:41:52.4443738Z   RUNS_ON_AMI_ID: ami-0d8875560af9e1401
2026-09-22T18:41:52.4444263Z   RUNS_ON_AWS_REGION: us-east-1
2026-09-22T18:41:52.4444750Z   RUNS_ON_AWS_AZ: us-east-1a
2026-09-22T18:41:52.4445264Z   RUNS_ON_ENV_CUSTOM_FILE: /runs-on/env.custom
2026-09-22T18:41:52.4445857Z   RUNS_ON_INSTANCE_ID: i-0e33259ff1ee1625d
2026-09-22T18:41:52.4446402Z   RUNS_ON_INSTANCE_LIFECYCLE: spot
2026-09-22T18:41:52.4446928Z   RUNS_ON_INSTANCE_TYPE: c7i.metal-24xl
2026-09-22T18:41:52.4447468Z   RUNS_ON_STACK_NAME: runs-on-v3
2026-09-22T18:41:52.4448118Z   RUNS_ON_S3_BUCKET_CACHE: runs-on-v3-s3bucketcache-dbnub4tpjhpv
2026-09-22T18:41:52.4448883Z   ACTIONS_RUNNER_HOOK_JOB_STARTED: /runs-on/pre.sh
2026-09-22T18:41:52.4449629Z   ACTIONS_RUNNER_HOOK_JOB_COMPLETED: /runs-on/post.sh
2026-09-22T18:41:52.4450292Z   GITHUB_SERVER_URL: https://github.com/
2026-09-22T18:41:52.4450886Z   GITHUB_API_URL: https://api.github.com/
2026-09-22T18:41:52.4451427Z   GITHUB_HOST: github.com
2026-09-22T18:41:52.4452038Z   RUNS_ON_RUNNER_NAME: runs-on--i-0e33259ff1ee1625d--07872980-9
2026-09-22T18:41:52.4452807Z   RUNS_ON_INSTANCE_LAUNCHED_AT: 2026-09-22T18:40:34Z
2026-09-22T18:41:52.4453447Z   ACTIONS_CACHE_URL: http://10.1.10.28:6871/
2026-09-22T18:41:52.4454036Z   ACTIONS_CACHE_SERVICE_V2: true
2026-09-22T18:41:52.4454612Z   ACTIONS_RESULTS_URL: http://10.1.10.28:6871/
2026-09-22T18:41:52.4455357Z   RUNS_ON_S3_CACHE_REPO_PREFIX: cache/repo/vortex-data/vortex
2026-09-22T18:41:52.4456061Z   RUNS_ON_ACTION_COST_TRACKING_CLAIMED: true
2026-09-22T18:41:52.4456614Z   RUSTUP_TOOLCHAIN: 1.98.0
2026-09-22T18:41:52.4457087Z   DIVAN_SAMPLE_COUNT: 1000
2026-09-22T18:41:52.4457530Z ##[endgroup]
2026-09-22T18:41:52.4609373Z ##[end-action id=__CodSpeedHQ_action.versions;outcome=success;conclusion=success;duration_ms=26]
2026-09-22T18:41:52.4612286Z ##[start-action display=Cache CodSpeed instruments;id=__CodSpeedHQ_action.__actions_cache]
2026-09-22T18:41:52.4650647Z ##[group]Run actions/cache@668228422ae6a00e4ad889ee87cd7109ec5666a7
2026-09-22T18:41:52.4651098Z with:
2026-09-22T18:41:52.4651384Z   path: ~/.cache/codspeed-action
2026-09-22T18:41:52.4651843Z   key: codspeed-instruments-walltime-Linux-X64-6.17.0-1019-aws-5.0.2
2026-09-22T18:41:52.4652462Z   restore-keys: codspeed-instruments-walltime-Linux-X64-6.17.0-1019-aws-

2026-09-22T18:41:52.4652972Z   enableCrossOsArchive: false
2026-09-22T18:41:52.4653292Z   fail-on-cache-miss: false
2026-09-22T18:41:52.4653589Z   lookup-only: false
2026-09-22T18:41:52.4653871Z   save-always: false
2026-09-22T18:41:52.4654126Z env:
2026-09-22T18:41:52.4654374Z   CARGO_TERM_COLOR: always
2026-09-22T18:41:52.4654659Z   RUST_BACKTRACE: 1
2026-09-22T18:41:52.4654953Z   NIGHTLY_TOOLCHAIN: nightly-2026-09-10
2026-09-22T18:41:52.4655316Z   RUNNER_TOOL_CACHE: /opt/hostedtoolcache
2026-09-22T18:41:52.4655667Z   RUNS_ON_HOME: /runs-on
2026-09-22T18:41:52.4655967Z   RUNS_ON_VERSION: v3.3.0
2026-09-22T18:41:52.4656272Z   RUNS_ON_AGENT_BINARY: /runs-on/agent
2026-09-22T18:41:52.4656596Z   RUNS_ON_AGENT_ARCH: x64
2026-09-22T18:41:52.4656986Z   RUNS_ON_AGENT_USER: runner
2026-09-22T18:41:52.4657290Z   RUNS_ON_AMI_ID: ami-0d8875560af9e1401
2026-09-22T18:41:52.4657619Z   RUNS_ON_AWS_REGION: us-east-1
2026-09-22T18:41:52.4657923Z   RUNS_ON_AWS_AZ: us-east-1a
2026-09-22T18:41:52.4658276Z   RUNS_ON_ENV_CUSTOM_FILE: /runs-on/env.custom
2026-09-22T18:41:52.4658658Z   RUNS_ON_INSTANCE_ID: i-0e33259ff1ee1625d
2026-09-22T18:41:52.4659015Z   RUNS_ON_INSTANCE_LIFECYCLE: spot
2026-09-22T18:41:52.4659357Z   RUNS_ON_INSTANCE_TYPE: c7i.metal-24xl
2026-09-22T18:41:52.4659729Z   RUNS_ON_STACK_NAME: runs-on-v3
2026-09-22T18:41:52.4660126Z   RUNS_ON_S3_BUCKET_CACHE: runs-on-v3-s3bucketcache-dbnub4tpjhpv
2026-09-22T18:41:52.4660615Z   ACTIONS_RUNNER_HOOK_JOB_STARTED: /runs-on/pre.sh
2026-09-22T18:41:52.4661051Z   ACTIONS_RUNNER_HOOK_JOB_COMPLETED: /runs-on/post.sh
2026-09-22T18:41:52.4661461Z   GITHUB_SERVER_URL: https://github.com/
2026-09-22T18:41:52.4661836Z   GITHUB_API_URL: https://api.github.com/
2026-09-22T18:41:52.4662179Z   GITHUB_HOST: github.com
2026-09-22T18:41:52.4662560Z   RUNS_ON_RUNNER_NAME: runs-on--i-0e33259ff1ee1625d--07872980-9
2026-09-22T18:41:52.4663025Z   RUNS_ON_INSTANCE_LAUNCHED_AT: 2026-09-22T18:40:34Z
2026-09-22T18:41:52.4663420Z   ACTIONS_CACHE_URL: http://10.1.10.28:6871/
2026-09-22T18:41:52.4663775Z   ACTIONS_CACHE_SERVICE_V2: true
2026-09-22T18:41:52.4664110Z   ACTIONS_RESULTS_URL: http://10.1.10.28:6871/
2026-09-22T18:41:52.4664551Z   RUNS_ON_S3_CACHE_REPO_PREFIX: cache/repo/vortex-data/vortex
2026-09-22T18:41:52.4664974Z   RUNS_ON_ACTION_COST_TRACKING_CLAIMED: true
2026-09-22T18:41:52.4665321Z   RUSTUP_TOOLCHAIN: 1.98.0
2026-09-22T18:41:52.4665627Z   DIVAN_SAMPLE_COUNT: 1000
2026-09-22T18:41:52.4665916Z ##[endgroup]
2026-09-22T18:41:52.6974759Z Cache not found for input keys: codspeed-instruments-walltime-Linux-X64-6.17.0-1019-aws-5.0.2, codspeed-instruments-walltime-Linux-X64-6.17.0-1019-aws-
2026-09-22T18:41:52.7017761Z ##[end-action id=__CodSpeedHQ_action.__actions_cache;outcome=success;conclusion=success;duration_ms=240]
2026-09-22T18:41:52.7020994Z ##[start-action display=Lookup installer hash;id=__CodSpeedHQ_action.installer-hash]
2026-09-22T18:41:52.7065644Z ##[group]Run actions/github-script@ed597411d8f924073f98dfc5c65a23a2325f34cd
2026-09-22T18:41:52.7066114Z with:
2026-09-22T18:41:52.7066965Z   script: const hashes = require(`${process.env.GITHUB_ACTION_PATH}/.codspeed-runner-installer-hashes.json`)
const version = process.env.RUNNER_VERSION
core.setOutput('hash', hashes[version] || '')

2026-09-22T18:41:52.7070565Z   github-token: ***
2026-09-22T18:41:52.7070847Z   debug: false
2026-09-22T18:41:52.7071140Z   user-agent: actions/github-script
2026-09-22T18:41:52.7071491Z   result-encoding: json
2026-09-22T18:41:52.7071780Z   retries: 0
2026-09-22T18:41:52.7072267Z   retry-exempt-status-codes: 400,401,403,404,422
2026-09-22T18:41:52.7072650Z env:
2026-09-22T18:41:52.7072925Z   CARGO_TERM_COLOR: always
2026-09-22T18:41:52.7073221Z   RUST_BACKTRACE: 1
2026-09-22T18:41:52.7073507Z   NIGHTLY_TOOLCHAIN: nightly-2026-09-10
2026-09-22T18:41:52.7073889Z   RUNNER_TOOL_CACHE: /opt/hostedtoolcache
2026-09-22T18:41:52.7074234Z   RUNS_ON_HOME: /runs-on
2026-09-22T18:41:52.7074525Z   RUNS_ON_VERSION: v3.3.0
2026-09-22T18:41:52.7074839Z   RUNS_ON_AGENT_BINARY: /runs-on/agent
2026-09-22T18:41:52.7075170Z   RUNS_ON_AGENT_ARCH: x64
2026-09-22T18:41:52.7075461Z   RUNS_ON_AGENT_USER: runner
2026-09-22T18:41:52.7075766Z   RUNS_ON_AMI_ID: ami-0d8875560af9e1401
2026-09-22T18:41:52.7076112Z   RUNS_ON_AWS_REGION: us-east-1
2026-09-22T18:41:52.7076417Z   RUNS_ON_AWS_AZ: us-east-1a
2026-09-22T18:41:52.7076743Z   RUNS_ON_ENV_CUSTOM_FILE: /runs-on/env.custom
2026-09-22T18:41:52.7077116Z   RUNS_ON_INSTANCE_ID: i-0e33259ff1ee1625d
2026-09-22T18:41:52.7077467Z   RUNS_ON_INSTANCE_LIFECYCLE: spot
2026-09-22T18:41:52.7077804Z   RUNS_ON_INSTANCE_TYPE: c7i.metal-24xl
2026-09-22T18:41:52.7078146Z   RUNS_ON_STACK_NAME: runs-on-v3
2026-09-22T18:41:52.7078551Z   RUNS_ON_S3_BUCKET_CACHE: runs-on-v3-s3bucketcache-dbnub4tpjhpv
2026-09-22T18:41:52.7079098Z   ACTIONS_RUNNER_HOOK_JOB_STARTED: /runs-on/pre.sh
2026-09-22T18:41:52.7079566Z   ACTIONS_RUNNER_HOOK_JOB_COMPLETED: /runs-on/post.sh
2026-09-22T18:41:52.7079969Z   GITHUB_SERVER_URL: https://github.com/
2026-09-22T18:41:52.7080341Z   GITHUB_API_URL: https://api.github.com/
2026-09-22T18:41:52.7080696Z   GITHUB_HOST: github.com
2026-09-22T18:41:52.7081065Z   RUNS_ON_RUNNER_NAME: runs-on--i-0e33259ff1ee1625d--07872980-9
2026-09-22T18:41:52.7081515Z   RUNS_ON_INSTANCE_LAUNCHED_AT: 2026-09-22T18:40:34Z
2026-09-22T18:41:52.7081906Z   ACTIONS_CACHE_URL: http://10.1.10.28:6871/
2026-09-22T18:41:52.7082269Z   ACTIONS_CACHE_SERVICE_V2: true
2026-09-22T18:41:52.7082603Z   ACTIONS_RESULTS_URL: http://10.1.10.28:6871/
2026-09-22T18:41:52.7083030Z   RUNS_ON_S3_CACHE_REPO_PREFIX: cache/repo/vortex-data/vortex
2026-09-22T18:41:52.7083458Z   RUNS_ON_ACTION_COST_TRACKING_CLAIMED: true
2026-09-22T18:41:52.7083803Z   RUSTUP_TOOLCHAIN: 1.98.0
2026-09-22T18:41:52.7084095Z   DIVAN_SAMPLE_COUNT: 1000
2026-09-22T18:41:52.7084399Z   RUNNER_VERSION: 5.0.2
2026-09-22T18:41:52.7084675Z ##[endgroup]
2026-09-22T18:41:52.8007738Z ##[end-action id=__CodSpeedHQ_action.installer-hash;outcome=success;conclusion=success;duration_ms=98]
2026-09-22T18:41:52.8010338Z ##[start-action display=Install CodSpeed runner;id=__CodSpeedHQ_action.__run]
2026-09-22T18:41:52.8046380Z ##[group]Run RUNNER_VERSION="5.0.2"
2026-09-22T18:41:52.8046803Z [36;1mRUNNER_VERSION="5.0.2"[0m
2026-09-22T18:41:52.8047130Z [36;1mVERSION_TYPE="release"[0m
2026-09-22T18:41:52.8047436Z [36;1m[0m
2026-09-22T18:41:52.8047702Z [36;1mSKIP_HASH_CHECK_WARNING="false"[0m
2026-09-22T18:41:52.8048031Z [36;1m[0m
2026-09-22T18:41:52.8048299Z [36;1mif [ "$VERSION_TYPE" = "latest" ]; then[0m
2026-09-22T18:41:52.8048743Z [36;1m  if [ "$SKIP_HASH_CHECK_WARNING" != "true" ]; then[0m
2026-09-22T18:41:52.8049610Z [36;1m    echo "::warning::Hash verification is not available when using 'latest' version. Consider pinning a specific version for supply chain security."[0m
2026-09-22T18:41:52.8050346Z [36;1m  fi[0m
2026-09-22T18:41:52.8050749Z [36;1m  curl -fsSL https://codspeed.io/install.sh | bash -s -- --quiet[0m
2026-09-22T18:41:52.8051248Z [36;1melif [ "$VERSION_TYPE" = "prerelease" ]; then[0m
2026-09-22T18:41:52.8051844Z [36;1m  # Prereleases are not pinned, so install from the versioned installer without hash verification.[0m
2026-09-22T18:41:52.8052467Z [36;1m  if [ "$SKIP_HASH_CHECK_WARNING" != "true" ]; then[0m
2026-09-22T18:41:52.8053057Z [36;1m    echo "::warning::Hash verification is not available for prerelease version $RUNNER_VERSION."[0m
2026-09-22T18:41:52.8053580Z [36;1m  fi[0m
2026-09-22T18:41:52.8054014Z [36;1m  curl -fsSL "https://codspeed.io/v$RUNNER_VERSION/install.sh" | bash -s -- --quiet[0m
2026-09-22T18:41:52.8054643Z [36;1melif [ "$VERSION_TYPE" = "branch" ]; then[0m
2026-09-22T18:41:52.8055096Z [36;1m  # Install from specific branch using cargo[0m
2026-09-22T18:41:52.8055512Z [36;1m  if [ "$SKIP_HASH_CHECK_WARNING" != "true" ]; then[0m
2026-09-22T18:41:52.8056065Z [36;1m    echo "::warning::Hash verification is not available when installing from a branch."[0m
2026-09-22T18:41:52.8056570Z [36;1m  fi[0m
2026-09-22T18:41:52.8056840Z [36;1m  source $HOME/.cargo/env[0m
2026-09-22T18:41:52.8057476Z [36;1m  cargo install --locked --git https://github.com/CodSpeedHQ/codspeed --branch "$RUNNER_VERSION" codspeed-runner[0m
2026-09-22T18:41:52.8058138Z [36;1melif [ "$VERSION_TYPE" = "rev" ]; then[0m
2026-09-22T18:41:52.8058546Z [36;1m  # Install from specific commit/rev using cargo[0m
2026-09-22T18:41:52.8058971Z [36;1m  if [ "$SKIP_HASH_CHECK_WARNING" != "true" ]; then[0m
2026-09-22T18:41:52.8059580Z [36;1m    echo "::warning::Hash verification is not available when installing from a revision."[0m
2026-09-22T18:41:52.8060084Z [36;1m  fi[0m
2026-09-22T18:41:52.8060342Z [36;1m  source $HOME/.cargo/env[0m
2026-09-22T18:41:52.8060938Z [36;1m  cargo install --locked --git https://github.com/CodSpeedHQ/codspeed --rev "$RUNNER_VERSION" codspeed-runner[0m
2026-09-22T18:41:52.8061607Z [36;1melse[0m
2026-09-22T18:41:52.8061944Z [36;1m  # Release version - download to temp file and verify hash[0m
2026-09-22T18:41:52.8062489Z [36;1m  INSTALLER_URL="https://codspeed.io/v$RUNNER_VERSION/install.sh"[0m
2026-09-22T18:41:52.8062945Z [36;1m  INSTALLER_TMP=$(mktemp)[0m
2026-09-22T18:41:52.8063291Z [36;1m  trap "rm -f $INSTALLER_TMP" EXIT[0m
2026-09-22T18:41:52.8063623Z [36;1m[0m
2026-09-22T18:41:52.8063878Z [36;1m  CURL_ERR=$(mktemp)[0m
2026-09-22T18:41:52.8064405Z [36;1m  if ! HTTP_CODE=$(curl -sSL -o "$INSTALLER_TMP" -w "%{http_code}" "$INSTALLER_URL" 2>"$CURL_ERR"); then[0m
2026-09-22T18:41:52.8065360Z [36;1m    echo "::error title=Failed to install CodSpeed CLI::Installation of CodSpeed CLI with version $RUNNER_VERSION failed.%0AReason: $(cat "$CURL_ERR")"[0m
2026-09-22T18:41:52.8066068Z [36;1m    exit 1[0m
2026-09-22T18:41:52.8066327Z [36;1m  fi[0m
2026-09-22T18:41:52.8066600Z [36;1m  if [ "$HTTP_CODE" -ge 400 ]; then[0m
2026-09-22T18:41:52.8066983Z [36;1m    error_body=$(cat "$INSTALLER_TMP")[0m
2026-09-22T18:41:52.8067833Z [36;1m    echo "::error title=Failed to install CodSpeed CLI::Installation of CodSpeed CLI with version $RUNNER_VERSION failed.%0AReason: HTTP $HTTP_CODE - ${error_body:-no response body}"[0m
2026-09-22T18:41:52.8068668Z [36;1m    exit 1[0m
2026-09-22T18:41:52.8068921Z [36;1m  fi[0m
2026-09-22T18:41:52.8069156Z [36;1m[0m
2026-09-22T18:41:52.8069636Z [36;1m  EXPECTED_HASH="4ea0e3b0425e01498ff1b70fba78228eedb4dd58efb6093360776fc6e4eae1a9"[0m
2026-09-22T18:41:52.8070191Z [36;1m  if [ -z "$EXPECTED_HASH" ]; then[0m
2026-09-22T18:41:52.8070845Z [36;1m    echo "::error::No pinned hash found for installer version $RUNNER_VERSION. Update .codspeed-runner-installer-hashes.json."[0m
2026-09-22T18:41:52.8071497Z [36;1m    exit 1[0m
2026-09-22T18:41:52.8071748Z [36;1m  fi[0m
2026-09-22T18:41:52.8071986Z [36;1m[0m
2026-09-22T18:41:52.8072321Z [36;1m  ACTUAL_HASH=$(sha256sum "$INSTALLER_TMP" | awk '{print $1}')[0m
2026-09-22T18:41:52.8072807Z [36;1m  if [ "$ACTUAL_HASH" != "$EXPECTED_HASH" ]; then[0m
2026-09-22T18:41:52.8073448Z [36;1m    echo "::error::Installer hash mismatch for version $RUNNER_VERSION. Expected: $EXPECTED_HASH, Got: $ACTUAL_HASH"[0m
2026-09-22T18:41:52.8074038Z [36;1m    exit 1[0m
2026-09-22T18:41:52.8074298Z [36;1m  fi[0m
2026-09-22T18:41:52.8074642Z [36;1m  echo "Installer hash verified for version $RUNNER_VERSION"[0m
2026-09-22T18:41:52.8075047Z [36;1m[0m
2026-09-22T18:41:52.8075315Z [36;1m  bash "$INSTALLER_TMP" --quiet[0m
2026-09-22T18:41:52.8075632Z [36;1mfi[0m
2026-09-22T18:41:52.8103029Z shell: /usr/bin/bash --noprofile --norc -e -o pipefail {0}
2026-09-22T18:41:52.8103473Z env:
2026-09-22T18:41:52.8103758Z   CARGO_TERM_COLOR: always
2026-09-22T18:41:52.8104167Z   RUST_BACKTRACE: 1
2026-09-22T18:41:52.8104481Z   NIGHTLY_TOOLCHAIN: nightly-2026-09-10
2026-09-22T18:41:52.8104852Z   RUNNER_TOOL_CACHE: /opt/hostedtoolcache
2026-09-22T18:41:52.8105202Z   RUNS_ON_HOME: /runs-on
2026-09-22T18:41:52.8105509Z   RUNS_ON_VERSION: v3.3.0
2026-09-22T18:41:52.8105830Z   RUNS_ON_AGENT_BINARY: /runs-on/agent
2026-09-22T18:41:52.8106163Z   RUNS_ON_AGENT_ARCH: x64
2026-09-22T18:41:52.8106455Z   RUNS_ON_AGENT_USER: runner
2026-09-22T18:41:52.8106772Z   RUNS_ON_AMI_ID: ami-0d8875560af9e1401
2026-09-22T18:41:52.8107108Z   RUNS_ON_AWS_REGION: us-east-1
2026-09-22T18:41:52.8107417Z   RUNS_ON_AWS_AZ: us-east-1a
2026-09-22T18:41:52.8107752Z   RUNS_ON_ENV_CUSTOM_FILE: /runs-on/env.custom
2026-09-22T18:41:52.8108118Z   RUNS_ON_INSTANCE_ID: i-0e33259ff1ee1625d
2026-09-22T18:41:52.8108461Z   RUNS_ON_INSTANCE_LIFECYCLE: spot
2026-09-22T18:41:52.8108803Z   RUNS_ON_INSTANCE_TYPE: c7i.metal-24xl
2026-09-22T18:41:52.8109136Z   RUNS_ON_STACK_NAME: runs-on-v3
2026-09-22T18:41:52.8109583Z   RUNS_ON_S3_BUCKET_CACHE: runs-on-v3-s3bucketcache-dbnub4tpjhpv
2026-09-22T18:41:52.8110061Z   ACTIONS_RUNNER_HOOK_JOB_STARTED: /runs-on/pre.sh
2026-09-22T18:41:52.8110486Z   ACTIONS_RUNNER_HOOK_JOB_COMPLETED: /runs-on/post.sh
2026-09-22T18:41:52.8110967Z   GITHUB_SERVER_URL: https://github.com/
2026-09-22T18:41:52.8111334Z   GITHUB_API_URL: https://api.github.com/
2026-09-22T18:41:52.8111691Z   GITHUB_HOST: github.com
2026-09-22T18:41:52.8112065Z   RUNS_ON_RUNNER_NAME: runs-on--i-0e33259ff1ee1625d--07872980-9
2026-09-22T18:41:52.8112510Z   RUNS_ON_INSTANCE_LAUNCHED_AT: 2026-09-22T18:40:34Z
2026-09-22T18:41:52.8112907Z   ACTIONS_CACHE_URL: http://10.1.10.28:6871/
2026-09-22T18:41:52.8113262Z   ACTIONS_CACHE_SERVICE_V2: true
2026-09-22T18:41:52.8113597Z   ACTIONS_RESULTS_URL: http://10.1.10.28:6871/
2026-09-22T18:41:52.8114027Z   RUNS_ON_S3_CACHE_REPO_PREFIX: cache/repo/vortex-data/vortex
2026-09-22T18:41:52.8114447Z   RUNS_ON_ACTION_COST_TRACKING_CLAIMED: true
2026-09-22T18:41:52.8114796Z   RUSTUP_TOOLCHAIN: 1.98.0
2026-09-22T18:41:52.8115096Z   DIVAN_SAMPLE_COUNT: 1000
2026-09-22T18:41:52.8115376Z ##[endgroup]
2026-09-22T18:41:53.0002420Z Installer hash verified for version 5.0.2
2026-09-22T18:41:53.4401299Z ##[end-action id=__CodSpeedHQ_action.__run;outcome=success;conclusion=success;duration_ms=639]
2026-09-22T18:41:53.4429296Z ##[start-action display=Run the benchmarks;id=__CodSpeedHQ_action.__run_2]
2026-09-22T18:41:53.4446536Z ##[group]Run # Validate required inputs
2026-09-22T18:41:53.4446963Z [36;1m# Validate required inputs[0m
2026-09-22T18:41:53.4447349Z [36;1m# (custom message for smoother v4 migration)[0m
2026-09-22T18:41:53.4447741Z [36;1mif [ -z "walltime" ]; then[0m
2026-09-22T18:41:53.4449358Z [36;1m  echo "::error title=Missing required input 'mode'::The 'mode' input is required as of CodSpeed Action v4. Please explicitly set 'mode' to 'simulation' or 'walltime'. Before, this variable was automatically set to instrumentation on every runner except for CodSpeed macro runners where it was set to walltime by default. See https://codspeed.io/docs/instruments for details."[0m
2026-09-22T18:41:53.4451016Z [36;1m  exit 1[0m
2026-09-22T18:41:53.4451286Z [36;1mfi[0m
2026-09-22T18:41:53.4451530Z [36;1m[0m
2026-09-22T18:41:53.4451810Z [36;1m# Build the runner arguments array[0m
2026-09-22T18:41:53.4452172Z [36;1mRUNNER_ARGS=()[0m
2026-09-22T18:41:53.4452673Z [36;1mif [ -n "***" ]; then[0m
2026-09-22T18:41:53.4453111Z [36;1m  RUNNER_ARGS+=(--token "***")[0m
2026-09-22T18:41:53.4453437Z [36;1mfi[0m
2026-09-22T18:41:53.4453691Z [36;1mif [ -n "" ]; then[0m
2026-09-22T18:41:53.4454026Z [36;1m  RUNNER_ARGS+=(--working-directory="")[0m
2026-09-22T18:41:53.4454381Z [36;1mfi[0m
2026-09-22T18:41:53.4454630Z [36;1mif [ -n "" ]; then[0m
2026-09-22T18:41:53.4454943Z [36;1m  RUNNER_ARGS+=(--upload-url="")[0m
2026-09-22T18:41:53.4455267Z [36;1mfi[0m
2026-09-22T18:41:53.4455534Z [36;1mif [ -n "walltime" ]; then[0m
2026-09-22T18:41:53.4455980Z [36;1m  RUNNER_ARGS+=(--mode="walltime")[0m
2026-09-22T18:41:53.4456319Z [36;1mfi[0m
2026-09-22T18:41:53.4456585Z [36;1mif [ -n "" ]; then[0m
2026-09-22T18:41:53.4456910Z [36;1m  RUNNER_ARGS+=(--instruments="")[0m
2026-09-22T18:41:53.4457245Z [36;1mfi[0m
2026-09-22T18:41:53.4457518Z [36;1mif [ -n "" ]; then[0m
2026-09-22T18:41:53.4457865Z [36;1m  RUNNER_ARGS+=(--mongo-uri-env-name="")[0m
2026-09-22T18:41:53.4458222Z [36;1mfi[0m
2026-09-22T18:41:53.4458586Z [36;1mif [ "true" = "true" ] && [ -n "~/.cache/codspeed-action" ]; then[0m
2026-09-22T18:41:53.4459128Z [36;1m  RUNNER_ARGS+=(--setup-cache-dir="~/.cache/codspeed-action")[0m
2026-09-22T18:41:53.4459607Z [36;1mfi[0m
2026-09-22T18:41:53.4459871Z [36;1mif [ "false" = "true" ]; then[0m
2026-09-22T18:41:53.4460222Z [36;1m  RUNNER_ARGS+=(--allow-empty)[0m
2026-09-22T18:41:53.4460543Z [36;1mfi[0m
2026-09-22T18:41:53.4460783Z [36;1mif [ -n "" ]; then[0m
2026-09-22T18:41:53.4461119Z [36;1m  RUNNER_ARGS+=(--go-runner-version="")[0m
2026-09-22T18:41:53.4461454Z [36;1mfi[0m
2026-09-22T18:41:53.4461701Z [36;1mif [ -n "" ]; then[0m
2026-09-22T18:41:53.4462008Z [36;1m  RUNNER_ARGS+=(--config="")[0m
2026-09-22T18:41:53.4462313Z [36;1mfi[0m
2026-09-22T18:41:53.4462554Z [36;1mif [ -n "" ]; then[0m
2026-09-22T18:41:53.4462947Z [36;1m  RUNNER_ARGS+=(--cycle-estimation="")[0m
2026-09-22T18:41:53.4463292Z [36;1mfi[0m
2026-09-22T18:41:53.4463532Z [36;1mif [ -n "" ]; then[0m
2026-09-22T18:41:53.4463864Z [36;1m  RUNNER_ARGS+=(--exclude-allocations="")[0m
2026-09-22T18:41:53.4464219Z [36;1mfi[0m
2026-09-22T18:41:53.4464453Z [36;1m[0m
2026-09-22T18:41:53.4464725Z [36;1mif [ -n "$CODSPEED_INPUT_RUN" ]; then[0m
2026-09-22T18:41:53.4465114Z [36;1m  RUNNER_ARGS+=(-- "$CODSPEED_INPUT_RUN")[0m
2026-09-22T18:41:53.4465452Z [36;1mfi[0m
2026-09-22T18:41:53.4465681Z [36;1m[0m
2026-09-22T18:41:53.4465930Z [36;1m# Run the benchmarks[0m
2026-09-22T18:41:53.4466252Z [36;1mcodspeed run "${RUNNER_ARGS[@]}"[0m
2026-09-22T18:41:53.4493098Z shell: /usr/bin/bash --noprofile --norc -e -o pipefail {0}
2026-09-22T18:41:53.4493528Z env:
2026-09-22T18:41:53.4493791Z   CARGO_TERM_COLOR: always
2026-09-22T18:41:53.4494093Z   RUST_BACKTRACE: 1
2026-09-22T18:41:53.4494397Z   NIGHTLY_TOOLCHAIN: nightly-2026-09-10
2026-09-22T18:41:53.4494794Z   RUNNER_TOOL_CACHE: /opt/hostedtoolcache
2026-09-22T18:41:53.4495142Z   RUNS_ON_HOME: /runs-on
2026-09-22T18:41:53.4495437Z   RUNS_ON_VERSION: v3.3.0
2026-09-22T18:41:53.4495757Z   RUNS_ON_AGENT_BINARY: /runs-on/agent
2026-09-22T18:41:53.4496109Z   RUNS_ON_AGENT_ARCH: x64
2026-09-22T18:41:53.4496405Z   RUNS_ON_AGENT_USER: runner
2026-09-22T18:41:53.4496733Z   RUNS_ON_AMI_ID: ami-0d8875560af9e1401
2026-09-22T18:41:53.4497070Z   RUNS_ON_AWS_REGION: us-east-1
2026-09-22T18:41:53.4497390Z   RUNS_ON_AWS_AZ: us-east-1a
2026-09-22T18:41:53.4497726Z   RUNS_ON_ENV_CUSTOM_FILE: /runs-on/env.custom
2026-09-22T18:41:53.4498117Z   RUNS_ON_INSTANCE_ID: i-0e33259ff1ee1625d
2026-09-22T18:41:53.4498473Z   RUNS_ON_INSTANCE_LIFECYCLE: spot
2026-09-22T18:41:53.4498812Z   RUNS_ON_INSTANCE_TYPE: c7i.metal-24xl
2026-09-22T18:41:53.4499162Z   RUNS_ON_STACK_NAME: runs-on-v3
2026-09-22T18:41:53.4499625Z   RUNS_ON_S3_BUCKET_CACHE: runs-on-v3-s3bucketcache-dbnub4tpjhpv
2026-09-22T18:41:53.4500103Z   ACTIONS_RUNNER_HOOK_JOB_STARTED: /runs-on/pre.sh
2026-09-22T18:41:53.4500545Z   ACTIONS_RUNNER_HOOK_JOB_COMPLETED: /runs-on/post.sh
2026-09-22T18:41:53.4500950Z   GITHUB_SERVER_URL: https://github.com/
2026-09-22T18:41:53.4501319Z   GITHUB_API_URL: https://api.github.com/
2026-09-22T18:41:53.4501666Z   GITHUB_HOST: github.com
2026-09-22T18:41:53.4502037Z   RUNS_ON_RUNNER_NAME: runs-on--i-0e33259ff1ee1625d--07872980-9
2026-09-22T18:41:53.4502497Z   RUNS_ON_INSTANCE_LAUNCHED_AT: 2026-09-22T18:40:34Z
2026-09-22T18:41:53.4502895Z   ACTIONS_CACHE_URL: http://10.1.10.28:6871/
2026-09-22T18:41:53.4503265Z   ACTIONS_CACHE_SERVICE_V2: true
2026-09-22T18:41:53.4503610Z   ACTIONS_RESULTS_URL: http://10.1.10.28:6871/
2026-09-22T18:41:53.4504037Z   RUNS_ON_S3_CACHE_REPO_PREFIX: cache/repo/vortex-data/vortex
2026-09-22T18:41:53.4504545Z   RUNS_ON_ACTION_COST_TRACKING_CLAIMED: true
2026-09-22T18:41:53.4504905Z   RUSTUP_TOOLCHAIN: 1.98.0
2026-09-22T18:41:53.4505208Z   DIVAN_SAMPLE_COUNT: 1000
2026-09-22T18:41:53.4506770Z   GH_MATRIX: {
  "features": "avx512",
  "family": "c7i.metal-24xl",
  "build-family": "c7i.4xlarge",
  "image": "ubuntu24-full-x64-pre-v2",
  "rustflags": "-C target-feature=+avx512f,+avx512bw,+avx512cd,+avx512dq,+avx512vl,+avx512ifma,+avx512vbmi,+avx512vbmi2,+avx512vnni,+avx512bitalg,+avx512vpopcntdq,+avx512bf16,+avx512fp16 -C force-frame-pointers=yes"
}
2026-09-22T18:41:53.4508495Z   GH_STRATEGY: {
  "fail-fast": false,
  "job-index": 1,
  "job-total": 3,
  "max-parallel": 3
}
2026-09-22T18:41:53.4509175Z   CODSPEED_INPUT_RUN: bash scripts/bench-taskset.sh cargo codspeed run -- '.*::avx512::'
2026-09-22T18:41:53.4509717Z ##[endgroup]
2026-09-22T18:41:53.4915824Z 
2026-09-22T18:41:53.4916055Z    ______            __ _____                         __
2026-09-22T18:41:53.4916619Z   / ____/____   ____/ // ___/ ____   ___   ___   ____/ /
2026-09-22T18:41:53.4917165Z  / /    / __ \ / __  / \__ \ / __ \ / _ \ / _ \ / __  /
2026-09-22T18:41:53.4917696Z / /___ / /_/ // /_/ / ___/ // /_/ //  __//  __// /_/ /
2026-09-22T18:41:53.4918397Z \____/ \____/ \__,_/ /____// .___/ \___/ \___/ \__,_/
2026-09-22T18:41:53.4918988Z   https://codspeed.io     /_/          runner v5.0.2
2026-09-22T18:41:53.4919392Z 
2026-09-22T18:41:53.4920077Z ##[group]Running the benchmarks
2026-09-22T18:42:01.5478689Z [cargo-codspeed] Measurement mode: Walltime
2026-09-22T18:42:01.5479033Z 
2026-09-22T18:42:01.5482400Z Collected 10 benchmark suite(s) to run
2026-09-22T18:42:01.5482819Z Running vortex-array row_fn_output
2026-09-22T18:42:01.5528798Z Timer precision: 21 ns
2026-09-22T18:42:01.5529632Z row_fn_output                               fastest       │ slowest       │ median        │ mean          │ samples │ iters
2026-09-22T18:42:01.5539167Z ├─ avx512::deferred_bool_constant_avx512                  │               │               │               │         │
2026-09-22T18:42:01.6370466Z │  ├─ ConstantPerRow                        2.781 µs      │ 306.9 µs      │ 2.92 µs       │ 3.834 µs      │ 1000    │ 1000
2026-09-22T18:42:01.6371191Z │  │                                        5.89 Gitem/s  │ 53.37 Mitem/s │ 5.609 Gitem/s │ 4.272 Gitem/s │         │
2026-09-22T18:42:01.7187151Z │  ╰─ PerRowConstant                        2.969 µs      │ 14.43 µs      │ 3.102 µs      │ 3.769 µs      │ 1000    │ 1000
2026-09-22T18:42:01.7188118Z │                                           5.517 Gitem/s │ 1.135 Gitem/s │ 5.281 Gitem/s │ 4.346 Gitem/s │         │
2026-09-22T18:42:01.7189107Z ├─ avx512::deferred_i64_avx512                            │               │               │               │         │
2026-09-22T18:42:01.8076560Z │  ╰─ PerRowPerRow                          9.93 µs       │ 18.92 µs      │ 10.05 µs      │ 10.51 µs      │ 1000    │ 1000
2026-09-22T18:42:01.8077376Z │                                           1.649 Gitem/s │ 865.8 Mitem/s │ 1.628 Gitem/s │ 1.558 Gitem/s │         │
2026-09-22T18:42:01.8078129Z ├─ avx512::filtered_owned_i64_avx512                      │               │               │               │         │
2026-09-22T18:42:01.8914756Z │  ├─ AllValid                              5.356 µs      │ 50.41 µs      │ 5.567 µs      │ 5.816 µs      │ 1000    │ 1000
2026-09-22T18:42:01.8915513Z │  │                                        3.058 Gitem/s │ 324.9 Mitem/s │ 2.943 Gitem/s │ 2.816 Gitem/s │         │
2026-09-22T18:42:01.9858205Z │  ├─ NineNullsInTen                        14.87 µs      │ 113.5 µs      │ 15.42 µs      │ 16.15 µs      │ 1000    │ 1000
2026-09-22T18:42:01.9858956Z │  │                                        1.101 Gitem/s │ 144.3 Mitem/s │ 1.062 Gitem/s │ 1.014 Gitem/s │         │
2026-09-22T18:42:02.0890259Z │  ╰─ OneNullInEight                        22.24 µs      │ 39.84 µs      │ 25.2 µs       │ 24.98 µs      │ 1000    │ 1000
2026-09-22T18:42:02.0891332Z │                                           736.6 Mitem/s │ 411.1 Mitem/s │ 650 Mitem/s   │ 655.6 Mitem/s │         │
2026-09-22T18:42:02.0892347Z ├─ avx512::filtered_sink_i64_avx512                       │               │               │               │         │
2026-09-22T18:42:02.1729273Z │  ├─ AllValid                              5.306 µs      │ 12.6 µs       │ 5.514 µs      │ 5.689 µs      │ 1000    │ 1000
2026-09-22T18:42:02.1730098Z │  │                                        3.087 Gitem/s │ 1.3 Gitem/s   │ 2.971 Gitem/s │ 2.879 Gitem/s │         │
2026-09-22T18:42:02.2672328Z │  ├─ NineNullsInTen                        15.01 µs      │ 31.22 µs      │ 15.51 µs      │ 16.1 µs       │ 1000    │ 1000
2026-09-22T18:42:02.2673105Z │  │                                        1.091 Gitem/s │ 524.6 Mitem/s │ 1.055 Gitem/s │ 1.017 Gitem/s │         │
2026-09-22T18:42:02.3720131Z │  ╰─ OneNullInEight                        22.45 µs      │ 170.9 µs      │ 25.69 µs      │ 26.2 µs       │ 1000    │ 1000
2026-09-22T18:42:02.3720953Z │                                           729.5 Mitem/s │ 95.82 Mitem/s │ 637.5 Mitem/s │ 625.3 Mitem/s │         │
2026-09-22T18:42:02.3721667Z ├─ avx512::infallible_bool_constant_avx512                │               │               │               │         │
2026-09-22T18:42:02.4535240Z │  ├─ ConstantPerRow                        2.675 µs      │ 12.33 µs      │ 2.808 µs      │ 3.322 µs      │ 1000    │ 1000
2026-09-22T18:42:02.4536026Z │  │                                        6.123 Gitem/s │ 1.328 Gitem/s │ 5.833 Gitem/s │ 4.931 Gitem/s │         │
2026-09-22T18:42:02.5350408Z │  ╰─ PerRowConstant                        2.629 µs      │ 11.46 µs      │ 2.768 µs      │ 3.287 µs      │ 1000    │ 1000
2026-09-22T18:42:02.5351441Z │                                           6.23 Gitem/s  │ 1.429 Gitem/s │ 5.918 Gitem/s │ 4.983 Gitem/s │         │
2026-09-22T18:42:02.5352315Z ├─ avx512::deferred_bool_avx512                           │               │               │               │         │
2026-09-22T18:42:02.5352944Z │  ├─ i32                                                 │               │               │               │         │
2026-09-22T18:42:02.6166726Z │  │  ╰─ PerRowPerRow                       2.41 µs       │ 150.8 µs      │ 2.535 µs      │ 2.932 µs      │ 1000    │ 1000
2026-09-22T18:42:02.6167513Z │  │                                        6.796 Gitem/s │ 108.6 Mitem/s │ 6.461 Gitem/s │ 5.586 Gitem/s │         │
2026-09-22T18:42:02.6168086Z │  ╰─ i64                                                 │               │               │               │         │
2026-09-22T18:42:02.6995650Z │     ╰─ PerRowPerRow                       3.952 µs      │ 12.13 µs      │ 4.149 µs      │ 4.676 µs      │ 1000    │ 1000
2026-09-22T18:42:02.6996442Z │                                           4.145 Gitem/s │ 1.349 Gitem/s │ 3.948 Gitem/s │ 3.503 Gitem/s │         │
2026-09-22T18:42:02.6997103Z ╰─ avx512::infallible_bool_avx512                         │               │               │               │         │
2026-09-22T18:42:02.6997727Z    ├─ i32                                                 │               │               │               │         │
2026-09-22T18:42:02.7805014Z    │  ╰─ PerRowPerRow                       2.254 µs      │ 9.344 µs      │ 2.389 µs      │ 2.782 µs      │ 1000    │ 1000
2026-09-22T18:42:02.7805813Z    │                                        7.266 Gitem/s │ 1.753 Gitem/s │ 6.856 Gitem/s │ 5.889 Gitem/s │         │
2026-09-22T18:42:02.7806378Z    ╰─ i64                                                 │               │               │               │         │
2026-09-22T18:42:02.8629868Z       ╰─ PerRowPerRow                       3.707 µs      │ 13.23 µs      │ 3.866 µs      │ 4.285 µs      │ 1000    │ 1000
2026-09-22T18:42:02.8630626Z                                             4.419 Gitem/s │ 1.238 Gitem/s │ 4.237 Gitem/s │ 3.823 Gitem/s │         │
2026-09-22T18:42:02.8630996Z 
2026-09-22T18:42:02.8637439Z Done running row_fn_output
2026-09-22T18:42:02.8637855Z Running vortex-array row_fn_bool_retry
2026-09-22T18:42:02.8683198Z Timer precision: 21 ns
2026-09-22T18:42:02.8683762Z row_fn_bool_retry                          fastest       │ slowest       │ median        │ mean          │ samples │ iters
2026-09-22T18:42:02.8684638Z ├─ avx512::multiversioned_avx512                         │               │               │               │         │
2026-09-22T18:42:02.8685244Z │  ├─ 64                                                 │               │               │               │         │
2026-09-22T18:42:02.9499798Z │  │  ├─ (Columns, AllValid)               1.042 µs      │ 9.362 µs      │ 1.134 µs      │ 1.176 µs      │ 1000    │ 1000
2026-09-22T18:42:02.9500741Z │  │  │                                    61.38 Mitem/s │ 6.835 Mitem/s │ 56.4 Mitem/s  │ 54.39 Mitem/s │         │
2026-09-22T18:42:03.0393142Z │  │  ├─ (Columns, NullOnlyFailure)        9.804 µs      │ 19.4 µs       │ 10.08 µs      │ 10.44 µs      │ 1000    │ 1000
2026-09-22T18:42:03.0394289Z │  │  │                                    6.527 Mitem/s │ 3.298 Mitem/s │ 6.348 Mitem/s │ 6.128 Mitem/s │         │
2026-09-22T18:42:03.1256403Z │  │  ├─ (Columns, ObservableFailure)      7.989 µs      │ 15.92 µs      │ 8.142 µs      │ 8.41 µs       │ 1000    │ 1000
2026-09-22T18:42:03.1257191Z │  │  │                                    8.01 Mitem/s  │ 4.019 Mitem/s │ 7.86 Mitem/s  │ 7.609 Mitem/s │         │
2026-09-22T18:42:03.2058539Z │  │  ├─ (Columns, PartialAccepted)        1.879 µs      │ 41.63 µs      │ 2.041 µs      │ 2.206 µs      │ 1000    │ 1000
2026-09-22T18:42:03.2059690Z │  │  │                                    34.05 Mitem/s │ 1.537 Mitem/s │ 31.34 Mitem/s │ 29 Mitem/s    │         │
2026-09-22T18:42:03.2871309Z │  │  ├─ (ConstantLhs, AllValid)           1.005 µs      │ 5.107 µs      │ 1.08 µs       │ 1.143 µs      │ 1000    │ 2000
2026-09-22T18:42:03.2872186Z │  │  │                                    63.67 Mitem/s │ 12.53 Mitem/s │ 59.25 Mitem/s │ 55.98 Mitem/s │         │
2026-09-22T18:42:03.3760065Z │  │  ├─ (ConstantLhs, NullOnlyFailure)    9.815 µs      │ 19.87 µs      │ 10.09 µs      │ 10.44 µs      │ 1000    │ 1000
2026-09-22T18:42:03.3760890Z │  │  │                                    6.52 Mitem/s  │ 3.22 Mitem/s  │ 6.342 Mitem/s │ 6.126 Mitem/s │         │
2026-09-22T18:42:03.4624608Z │  │  ├─ (ConstantLhs, ObservableFailure)  7.967 µs      │ 15.46 µs      │ 8.124 µs      │ 8.297 µs      │ 1000    │ 1000
2026-09-22T18:42:03.4625718Z │  │  │                                    8.032 Mitem/s │ 4.139 Mitem/s │ 7.877 Mitem/s │ 7.713 Mitem/s │         │
2026-09-22T18:42:03.5424166Z │  │  ├─ (ConstantLhs, PartialAccepted)    1.852 µs      │ 8.177 µs      │ 1.987 µs      │ 2.072 µs      │ 1000    │ 1000
2026-09-22T18:42:03.5425022Z │  │  │                                    34.54 Mitem/s │ 7.826 Mitem/s │ 32.19 Mitem/s │ 30.88 Mitem/s │         │
2026-09-22T18:42:03.6227431Z │  │  ├─ (ConstantRhs, AllValid)           987 ns        │ 4.724 µs      │ 1.058 µs      │ 1.112 µs      │ 1000    │ 2000
2026-09-22T18:42:03.6228589Z │  │  │                                    64.83 Mitem/s │ 13.54 Mitem/s │ 60.48 Mitem/s │ 57.53 Mitem/s │         │
2026-09-22T18:42:03.7118977Z │  │  ├─ (ConstantRhs, NullOnlyFailure)    9.797 µs      │ 71.18 µs      │ 10.09 µs      │ 10.48 µs      │ 1000    │ 1000
2026-09-22T18:42:03.7119863Z │  │  │                                    6.532 Mitem/s │ 899 Kitem/s   │ 6.341 Mitem/s │ 6.105 Mitem/s │         │
2026-09-22T18:42:03.7980544Z │  │  ├─ (ConstantRhs, ObservableFailure)  7.914 µs      │ 15.86 µs      │ 8.094 µs      │ 8.296 µs      │ 1000    │ 1000
2026-09-22T18:42:03.7981252Z │  │  │                                    8.086 Mitem/s │ 4.034 Mitem/s │ 7.906 Mitem/s │ 7.713 Mitem/s │         │
2026-09-22T18:42:03.8798788Z │  │  ╰─ (ConstantRhs, PartialAccepted)    1.775 µs      │ 4.957 µs      │ 1.884 µs      │ 1.938 µs      │ 1000    │ 2000
2026-09-22T18:42:03.8799669Z │  │                                       36.04 Mitem/s │ 12.91 Mitem/s │ 33.96 Mitem/s │ 33.01 Mitem/s │         │
2026-09-22T18:42:03.8800576Z │  ╰─ 16384                                              │               │               │               │         │
2026-09-22T18:42:04.0071827Z │     ├─ (Columns, AllValid)               42.33 µs      │ 59.3 µs       │ 50.48 µs      │ 50.43 µs      │ 1000    │ 1000
2026-09-22T18:42:04.0072835Z │     │                                    387 Mitem/s   │ 276.2 Mitem/s │ 324.5 Mitem/s │ 324.8 Mitem/s │         │
2026-09-22T18:42:04.1660381Z │     ├─ (Columns, NullOnlyFailure)        72.54 µs      │ 101.8 µs      │ 80.75 µs      │ 80.88 µs      │ 1000    │ 1000
2026-09-22T18:42:04.1661113Z │     │                                    225.8 Mitem/s │ 160.7 Mitem/s │ 202.8 Mitem/s │ 202.5 Mitem/s │         │
2026-09-22T18:42:04.3027909Z │     ├─ (Columns, ObservableFailure)      49.33 µs      │ 200.2 µs      │ 57.22 µs      │ 57.44 µs      │ 1000    │ 1000
2026-09-22T18:42:04.3028708Z │     │                                    332 Mitem/s   │ 81.82 Mitem/s │ 286.3 Mitem/s │ 285.2 Mitem/s │         │
2026-09-22T18:42:04.4307998Z │     ├─ (Columns, PartialAccepted)        43.27 µs      │ 67.73 µs      │ 50.74 µs      │ 50.82 µs      │ 1000    │ 1000
2026-09-22T18:42:04.4308754Z │     │                                    378.6 Mitem/s │ 241.8 Mitem/s │ 322.8 Mitem/s │ 322.3 Mitem/s │         │
2026-09-22T18:42:04.5579338Z │     ├─ (ConstantLhs, AllValid)           42.16 µs      │ 58.32 µs      │ 49.44 µs      │ 49.39 µs      │ 1000    │ 1000
2026-09-22T18:42:04.5580139Z │     │                                    388.6 Mitem/s │ 280.9 Mitem/s │ 331.3 Mitem/s │ 331.6 Mitem/s │         │
2026-09-22T18:42:04.7179404Z │     ├─ (ConstantLhs, NullOnlyFailure)    74.18 µs      │ 125 µs        │ 82.07 µs      │ 82.07 µs      │ 1000    │ 1000
2026-09-22T18:42:04.7180439Z │     │                                    220.8 Mitem/s │ 131 Mitem/s   │ 199.6 Mitem/s │ 199.6 Mitem/s │         │
2026-09-22T18:42:04.8520201Z │     ├─ (ConstantLhs, ObservableFailure)  49.17 µs      │ 68.72 µs      │ 56.72 µs      │ 56.6 µs       │ 1000    │ 1000
2026-09-22T18:42:04.8521072Z │     │                                    333.2 Mitem/s │ 238.4 Mitem/s │ 288.8 Mitem/s │ 289.4 Mitem/s │         │
2026-09-22T18:42:04.9799106Z │     ├─ (ConstantLhs, PartialAccepted)    42.95 µs      │ 60.01 µs      │ 50.17 µs      │ 50.09 µs      │ 1000    │ 1000
2026-09-22T18:42:04.9800411Z │     │                                    381.4 Mitem/s │ 272.9 Mitem/s │ 326.5 Mitem/s │ 327 Mitem/s   │         │
2026-09-22T18:42:05.1090478Z │     ├─ (ConstantRhs, AllValid)           43.97 µs      │ 65.17 µs      │ 51.08 µs      │ 51.23 µs      │ 1000    │ 1000
2026-09-22T18:42:05.1091607Z │     │                                    372.5 Mitem/s │ 251.3 Mitem/s │ 320.7 Mitem/s │ 319.7 Mitem/s │         │
2026-09-22T18:42:05.2711016Z │     ├─ (ConstantRhs, NullOnlyFailure)    77.22 µs      │ 98.81 µs      │ 83.6 µs       │ 84.2 µs       │ 1000    │ 1000
2026-09-22T18:42:05.2712142Z │     │                                    212.1 Mitem/s │ 165.8 Mitem/s │ 195.9 Mitem/s │ 194.5 Mitem/s │         │
2026-09-22T18:42:05.4070644Z │     ├─ (ConstantRhs, ObservableFailure)  51.42 µs      │ 77.28 µs      │ 58.46 µs      │ 58.63 µs      │ 1000    │ 1000
2026-09-22T18:42:05.4071472Z │     │                                    318.5 Mitem/s │ 211.9 Mitem/s │ 280.2 Mitem/s │ 279.4 Mitem/s │         │
2026-09-22T18:42:05.5367658Z │     ╰─ (ConstantRhs, PartialAccepted)    43.02 µs      │ 67.48 µs      │ 52.13 µs      │ 52.08 µs      │ 1000    │ 1000
2026-09-22T18:42:05.5368445Z │                                          380.8 Mitem/s │ 242.7 Mitem/s │ 314.2 Mitem/s │ 314.5 Mitem/s │         │
2026-09-22T18:42:05.5369133Z ╰─ avx512::plain_avx512                                  │               │               │               │         │
2026-09-22T18:42:05.5369819Z    ├─ 64                                                 │               │               │               │         │
2026-09-22T18:42:05.6196388Z    │  ├─ (Columns, AllValid)               835.3 ns      │ 4.61 µs       │ 885 ns        │ 920.6 ns      │ 1000    │ 4000
2026-09-22T18:42:05.6197441Z    │  │                                    76.61 Mitem/s │ 13.88 Mitem/s │ 72.3 Mitem/s  │ 69.51 Mitem/s │         │
2026-09-22T18:42:05.7084493Z    │  ├─ (Columns, NullOnlyFailure)        9.652 µs      │ 17.09 µs      │ 9.907 µs      │ 10.16 µs      │ 1000    │ 1000
2026-09-22T18:42:05.7085329Z    │  │                                    6.63 Mitem/s  │ 3.743 Mitem/s │ 6.459 Mitem/s │ 6.298 Mitem/s │         │
2026-09-22T18:42:05.7956688Z    │  ├─ (Columns, ObservableFailure)      7.781 µs      │ 17.25 µs      │ 7.944 µs      │ 8.137 µs      │ 1000    │ 1000
2026-09-22T18:42:05.7957490Z    │  │                                    8.224 Mitem/s │ 3.708 Mitem/s │ 8.055 Mitem/s │ 7.864 Mitem/s │         │
2026-09-22T18:42:05.8784081Z    │  ├─ (Columns, PartialAccepted)        1.682 µs      │ 6.116 µs      │ 1.793 µs      │ 1.842 µs      │ 1000    │ 2000
2026-09-22T18:42:05.8785206Z    │  │                                    38.03 Mitem/s │ 10.46 Mitem/s │ 35.68 Mitem/s │ 34.73 Mitem/s │         │
2026-09-22T18:42:05.9616936Z    │  ├─ (ConstantLhs, AllValid)           839 ns        │ 2.555 µs      │ 880 ns        │ 906.9 ns      │ 1000    │ 4000
2026-09-22T18:42:05.9618030Z    │  │                                    76.27 Mitem/s │ 25.04 Mitem/s │ 72.72 Mitem/s │ 70.56 Mitem/s │         │
2026-09-22T18:42:06.0509255Z    │  ├─ (ConstantLhs, NullOnlyFailure)    9.517 µs      │ 17.65 µs      │ 9.826 µs      │ 10.07 µs      │ 1000    │ 1000
2026-09-22T18:42:06.0510449Z    │  │                                    6.724 Mitem/s │ 3.624 Mitem/s │ 6.512 Mitem/s │ 6.354 Mitem/s │         │
2026-09-22T18:42:06.1379276Z    │  ├─ (ConstantLhs, ObservableFailure)  7.79 µs       │ 15.94 µs      │ 7.944 µs      │ 8.129 µs      │ 1000    │ 1000
2026-09-22T18:42:06.1380569Z    │  │                                    8.215 Mitem/s │ 4.013 Mitem/s │ 8.055 Mitem/s │ 7.872 Mitem/s │         │
2026-09-22T18:42:06.2187426Z    │  ├─ (ConstantLhs, PartialAccepted)    1.707 µs      │ 9.306 µs      │ 1.835 µs      │ 1.92 µs       │ 1000    │ 1000
2026-09-22T18:42:06.2188647Z    │  │                                    37.47 Mitem/s │ 6.876 Mitem/s │ 34.86 Mitem/s │ 33.33 Mitem/s │         │
2026-09-22T18:42:06.3010680Z    │  ├─ (ConstantRhs, AllValid)           810.8 ns      │ 2.613 µs      │ 855 ns        │ 881.7 ns      │ 1000    │ 4000
2026-09-22T18:42:06.3011653Z    │  │                                    78.93 Mitem/s │ 24.48 Mitem/s │ 74.84 Mitem/s │ 72.58 Mitem/s │         │
2026-09-22T18:42:06.3897128Z    │  ├─ (ConstantRhs, NullOnlyFailure)    9.646 µs      │ 19.14 µs      │ 9.933 µs      │ 10.21 µs      │ 1000    │ 1000
2026-09-22T18:42:06.3897959Z    │  │                                    6.634 Mitem/s │ 3.343 Mitem/s │ 6.443 Mitem/s │ 6.262 Mitem/s │         │
2026-09-22T18:42:06.4765363Z    │  ├─ (ConstantRhs, ObservableFailure)  7.803 µs      │ 16.02 µs      │ 7.967 µs      │ 8.193 µs      │ 1000    │ 1000
2026-09-22T18:42:06.4766615Z    │  │                                    8.201 Mitem/s │ 3.993 Mitem/s │ 8.032 Mitem/s │ 7.811 Mitem/s │         │
2026-09-22T18:42:06.5570975Z    │  ╰─ (ConstantRhs, PartialAccepted)    1.704 µs      │ 9.958 µs      │ 1.845 µs      │ 1.918 µs      │ 1000    │ 1000
2026-09-22T18:42:06.5571976Z    │                                       37.54 Mitem/s │ 6.426 Mitem/s │ 34.67 Mitem/s │ 33.36 Mitem/s │         │
2026-09-22T18:42:06.5572901Z    ╰─ 16384                                              │               │               │               │         │
2026-09-22T18:42:06.6414697Z       ├─ (Columns, AllValid)               4.818 µs      │ 14.5 µs       │ 4.947 µs      │ 5.633 µs      │ 1000    │ 1000
2026-09-22T18:42:06.6415511Z       │                                    3.4 Gitem/s   │ 1.129 Gitem/s │ 3.311 Gitem/s │ 2.908 Gitem/s │         │
2026-09-22T18:42:06.7569199Z       ├─ (Columns, NullOnlyFailure)        34.85 µs      │ 45.4 µs       │ 35.9 µs       │ 36.6 µs       │ 1000    │ 1000
2026-09-22T18:42:06.7570319Z       │                                    469.9 Mitem/s │ 360.8 Mitem/s │ 456.2 Mitem/s │ 447.5 Mitem/s │         │
2026-09-22T18:42:06.8484035Z       ├─ (Columns, ObservableFailure)      11.77 µs      │ 21.29 µs      │ 11.99 µs      │ 12.8 µs       │ 1000    │ 1000
2026-09-22T18:42:06.8485103Z       │                                    1.391 Gitem/s │ 769.2 Mitem/s │ 1.366 Gitem/s │ 1.279 Gitem/s │         │
2026-09-22T18:42:06.9332291Z       ├─ (Columns, PartialAccepted)        5.617 µs      │ 16.14 µs      │ 5.808 µs      │ 6.419 µs      │ 1000    │ 1000
2026-09-22T18:42:06.9333269Z       │                                    2.916 Gitem/s │ 1.014 Gitem/s │ 2.82 Gitem/s  │ 2.552 Gitem/s │         │
2026-09-22T18:42:07.0161043Z       ├─ (ConstantLhs, AllValid)           4.163 µs      │ 12.91 µs      │ 4.249 µs      │ 4.44 µs       │ 1000    │ 1000
2026-09-22T18:42:07.0161861Z       │                                    3.935 Gitem/s │ 1.268 Gitem/s │ 3.855 Gitem/s │ 3.689 Gitem/s │         │
2026-09-22T18:42:07.1335145Z       ├─ (ConstantLhs, NullOnlyFailure)    35.99 µs      │ 52.45 µs      │ 37.62 µs      │ 37.93 µs      │ 1000    │ 1000
2026-09-22T18:42:07.1335973Z       │                                    455.2 Mitem/s │ 312.3 Mitem/s │ 435.4 Mitem/s │ 431.8 Mitem/s │         │
2026-09-22T18:42:07.2241380Z       ├─ (ConstantLhs, ObservableFailure)  11.1 µs       │ 20.18 µs      │ 11.27 µs      │ 11.71 µs      │ 1000    │ 1000
2026-09-22T18:42:07.2242407Z       │                                    1.474 Gitem/s │ 811.5 Mitem/s │ 1.453 Gitem/s │ 1.398 Gitem/s │         │
2026-09-22T18:42:07.3084904Z       ├─ (ConstantLhs, PartialAccepted)    4.932 µs      │ 49.42 µs      │ 5.061 µs      │ 5.467 µs      │ 1000    │ 1000
2026-09-22T18:42:07.3085960Z       │                                    3.321 Gitem/s │ 331.5 Mitem/s │ 3.237 Gitem/s │ 2.996 Gitem/s │         │
2026-09-22T18:42:07.3917045Z       ├─ (ConstantRhs, AllValid)           4.133 µs      │ 13.72 µs      │ 4.248 µs      │ 4.488 µs      │ 1000    │ 1000
2026-09-22T18:42:07.3917988Z       │                                    3.963 Gitem/s │ 1.194 Gitem/s │ 3.856 Gitem/s │ 3.65 Gitem/s  │         │
2026-09-22T18:42:07.5085111Z       ├─ (ConstantRhs, NullOnlyFailure)    35.73 µs      │ 47.41 µs      │ 37.36 µs      │ 37.8 µs       │ 1000    │ 1000
2026-09-22T18:42:07.5086213Z       │                                    458.4 Mitem/s │ 345.5 Mitem/s │ 438.4 Mitem/s │ 433.4 Mitem/s │         │
2026-09-22T18:42:07.5987124Z       ├─ (ConstantRhs, ObservableFailure)  11.05 µs      │ 20.54 µs      │ 11.24 µs      │ 11.5 µs       │ 1000    │ 1000
2026-09-22T18:42:07.5988170Z       │                                    1.481 Gitem/s │ 797.4 Mitem/s │ 1.457 Gitem/s │ 1.423 Gitem/s │         │
2026-09-22T18:42:07.6826570Z       ╰─ (ConstantRhs, PartialAccepted)    4.909 µs      │ 14.07 µs      │ 5.071 µs      │ 5.345 µs      │ 1000    │ 1000
2026-09-22T18:42:07.6827255Z                                            3.337 Gitem/s │ 1.164 Gitem/s │ 3.23 Gitem/s  │ 3.064 Gitem/s │         │
2026-09-22T18:42:07.6827613Z 
2026-09-22T18:42:07.6834176Z Done running row_fn_bool_retry
2026-09-22T18:42:07.6834540Z Running vortex-array take_primitive
2026-09-22T18:42:07.6877356Z Timer precision: 21 ns
2026-09-22T18:42:07.6877954Z take_primitive                             fastest       │ slowest       │ median        │ mean          │ samples │ iters
2026-09-22T18:42:07.6878757Z ╰─ avx512::dict_canonicalize_gt_u8_avx512                │               │               │               │         │
2026-09-22T18:42:08.2086007Z    ╰─ 1000000                              422.1 µs      │ 542.3 µs      │ 431 µs        │ 430.9 µs      │ 1000    │ 1000
2026-09-22T18:42:08.2087039Z                                            2.368 Gitem/s │ 1.843 Gitem/s │ 2.319 Gitem/s │ 2.32 Gitem/s  │         │
2026-09-22T18:42:08.2087609Z 
2026-09-22T18:42:08.2093168Z Done running take_primitive
2026-09-22T18:42:08.2093575Z Running vortex-array scalar_subtract
2026-09-22T18:42:08.2135484Z Timer precision: 21 ns
2026-09-22T18:42:08.2136064Z scalar_subtract                    fastest       │ slowest       │ median        │ mean          │ samples │ iters
2026-09-22T18:42:08.3054096Z ╰─ avx512::scalar_subtract_avx512  10.77 µs      │ 167.2 µs      │ 11.19 µs      │ 11.56 µs      │ 1000    │ 1000
2026-09-22T18:42:08.3054723Z 
2026-09-22T18:42:08.3060592Z Done running scalar_subtract
2026-09-22T18:42:08.3060955Z Running vortex-array compare
2026-09-22T18:42:08.3095670Z Timer precision: 21 ns
2026-09-22T18:42:08.3096242Z compare                                 fastest       │ slowest       │ median        │ mean          │ samples │ iters
2026-09-22T18:42:08.3951406Z ├─ avx512::compare_f32_avx512           3.685 µs      │ 71.24 µs      │ 3.884 µs      │ 4.495 µs      │ 1000    │ 1000
2026-09-22T18:42:08.3952145Z │                                       2.222 Gitem/s │ 114.9 Mitem/s │ 2.109 Gitem/s │ 1.822 Gitem/s │         │
2026-09-22T18:42:08.4786670Z ├─ avx512::compare_float_avx512         4.202 µs      │ 13.65 µs      │ 4.422 µs      │ 4.907 µs      │ 1000    │ 1000
2026-09-22T18:42:08.4787421Z │                                       1.949 Gitem/s │ 599.9 Mitem/s │ 1.852 Gitem/s │ 1.669 Gitem/s │         │
2026-09-22T18:42:08.5610931Z ├─ avx512::compare_int_avx512           3.186 µs      │ 11.99 µs      │ 3.385 µs      │ 3.515 µs      │ 1000    │ 1000
2026-09-22T18:42:08.5612023Z │                                       2.57 Gitem/s  │ 682.9 Mitem/s │ 2.419 Gitem/s │ 2.33 Gitem/s  │         │
2026-09-22T18:42:08.6429711Z ├─ avx512::compare_int_constant_avx512  2.696 µs      │ 14.73 µs      │ 2.861 µs      │ 3.04 µs       │ 1000    │ 1000
2026-09-22T18:42:08.6430416Z │                                       3.037 Gitem/s │ 556 Mitem/s   │ 2.862 Gitem/s │ 2.694 Gitem/s │         │
2026-09-22T18:42:08.7252937Z ├─ avx512::compare_int_eq_avx512        3.19 µs       │ 11.44 µs      │ 3.412 µs      │ 3.684 µs      │ 1000    │ 1000
2026-09-22T18:42:08.7253627Z │                                       2.567 Gitem/s │ 715.7 Mitem/s │ 2.4 Gitem/s   │ 2.223 Gitem/s │         │
2026-09-22T18:42:08.8083948Z ├─ avx512::compare_int_nullable_avx512  3.766 µs      │ 12.54 µs      │ 3.925 µs      │ 4.072 µs      │ 1000    │ 1000
2026-09-22T18:42:08.8084673Z │                                       2.174 Gitem/s │ 652.7 Mitem/s │ 2.087 Gitem/s │ 2.011 Gitem/s │         │
2026-09-22T18:42:08.8896610Z ├─ avx512::compare_u8_avx512            2.347 µs      │ 12.69 µs      │ 2.508 µs      │ 2.63 µs       │ 1000    │ 1000
2026-09-22T18:42:08.8897277Z │                                       3.489 Gitem/s │ 645.4 Mitem/s │ 3.265 Gitem/s │ 3.114 Gitem/s │         │
2026-09-22T18:42:08.9717860Z ╰─ avx512::compare_u64_avx512           3.183 µs      │ 10.76 µs      │ 3.394 µs      │ 3.658 µs      │ 1000    │ 1000
2026-09-22T18:42:08.9718527Z                                         2.573 Gitem/s │ 760.8 Mitem/s │ 2.413 Gitem/s │ 2.239 Gitem/s │         │
2026-09-22T18:42:08.9718886Z 
2026-09-22T18:42:08.9724411Z Done running compare
2026-09-22T18:42:08.9724734Z Running vortex-array binary_ops
2026-09-22T18:42:08.9768006Z Timer precision: 21 ns
2026-09-22T18:42:08.9768583Z binary_ops                             fastest       │ slowest       │ median        │ mean          │ samples │ iters
2026-09-22T18:42:08.9769325Z ├─ avx512::add_constant_shapes_avx512                │               │               │               │         │
2026-09-22T18:42:09.0686869Z │  ├─ (32768, ConstantPerRow)          10.47 µs      │ 121.2 µs      │ 10.78 µs      │ 11.21 µs      │ 1000    │ 1000
2026-09-22T18:42:09.0687939Z │  │                                   3.127 Gitem/s │ 270.2 Mitem/s │ 3.038 Gitem/s │ 2.922 Gitem/s │         │
2026-09-22T18:42:09.1592309Z │  ├─ (32768, PerRowConstant)          10.36 µs      │ 22.47 µs      │ 10.73 µs      │ 11.11 µs      │ 1000    │ 1000
2026-09-22T18:42:09.1593063Z │  │                                   3.162 Gitem/s │ 1.458 Gitem/s │ 3.053 Gitem/s │ 2.949 Gitem/s │         │
2026-09-22T18:42:09.2501286Z │  ╰─ (32768, PerRowNullableConstant)  10.95 µs      │ 24.57 µs      │ 11.32 µs      │ 11.61 µs      │ 1000    │ 1000
2026-09-22T18:42:09.2502360Z │                                      2.99 Gitem/s  │ 1.333 Gitem/s │ 2.893 Gitem/s │ 2.822 Gitem/s │         │
2026-09-22T18:42:09.3442436Z ├─ avx512::add_i32_nonnull_avx512      12.57 µs      │ 234.3 µs      │ 12.95 µs      │ 13.63 µs      │ 1000    │ 1000
2026-09-22T18:42:09.3443253Z │                                      5.213 Gitem/s │ 279.7 Mitem/s │ 5.057 Gitem/s │ 4.807 Gitem/s │         │
2026-09-22T18:42:09.4377234Z ├─ avx512::add_i64_nonnull_avx512      12.55 µs      │ 22.91 µs      │ 12.86 µs      │ 13.33 µs      │ 1000    │ 1000
2026-09-22T18:42:09.4378000Z │                                      2.61 Gitem/s  │ 1.43 Gitem/s  │ 2.546 Gitem/s │ 2.458 Gitem/s │         │
2026-09-22T18:42:09.5330648Z ├─ avx512::add_i64_nullable_avx512     14.07 µs      │ 33.54 µs      │ 14.52 µs      │ 14.91 µs      │ 1000    │ 1000
2026-09-22T18:42:09.5331641Z │                                      2.327 Gitem/s │ 976.7 Mitem/s │ 2.256 Gitem/s │ 2.196 Gitem/s │         │
2026-09-22T18:42:09.5332622Z ├─ avx512::add_shapes_avx512                         │               │               │               │         │
2026-09-22T18:42:09.6261539Z │  ╰─ (32768, PerRowPerRow)            12.6 µs       │ 26.71 µs      │ 12.89 µs      │ 13.21 µs      │ 1000    │ 1000
2026-09-22T18:42:09.6262345Z │                                      2.598 Gitem/s │ 1.226 Gitem/s │ 2.541 Gitem/s │ 2.48 Gitem/s  │         │
2026-09-22T18:42:09.7192048Z ├─ avx512::add_u32_nonnull_avx512      12.5 µs       │ 22.78 µs      │ 12.83 µs      │ 13.11 µs      │ 1000    │ 1000
2026-09-22T18:42:09.7192830Z │                                      5.242 Gitem/s │ 2.875 Gitem/s │ 5.105 Gitem/s │ 4.995 Gitem/s │         │
2026-09-22T18:42:09.8834406Z ├─ avx512::div_i64_nonnull_avx512      84.22 µs      │ 129.9 µs      │ 84.41 µs      │ 85.64 µs      │ 1000    │ 1000
2026-09-22T18:42:09.8835138Z │                                      389 Mitem/s   │ 252.1 Mitem/s │ 388.1 Mitem/s │ 382.6 Mitem/s │         │
2026-09-22T18:42:10.0326300Z ├─ avx512::div_i64_nullable_avx512     68.08 µs      │ 211.5 µs      │ 68.73 µs      │ 70.04 µs      │ 1000    │ 1000
2026-09-22T18:42:10.0327396Z │                                      481.2 Mitem/s │ 154.9 Mitem/s │ 476.7 Mitem/s │ 467.7 Mitem/s │         │
2026-09-22T18:42:10.1134301Z ├─ avx512::lt_i64_nullable_avx512      2.726 µs      │ 34.63 µs      │ 3.033 µs      │ 3.326 µs      │ 1000    │ 1000
2026-09-22T18:42:10.1135000Z │                                      1.502 Gitem/s │ 118.2 Mitem/s │ 1.35 Gitem/s  │ 1.231 Gitem/s │         │
2026-09-22T18:42:10.2127098Z ├─ avx512::mul_i8_nonnull_avx512       18.61 µs      │ 31.09 µs      │ 20.12 µs      │ 20.64 µs      │ 1000    │ 1000
2026-09-22T18:42:10.2127911Z │                                      14.08 Gitem/s │ 8.43 Gitem/s  │ 13.02 Gitem/s │ 12.69 Gitem/s │         │
2026-09-22T18:42:10.3102056Z ├─ avx512::mul_i16_nonnull_avx512      17.04 µs      │ 218.3 µs      │ 17.55 µs      │ 18.6 µs       │ 1000    │ 1000
2026-09-22T18:42:10.3103249Z │                                      7.691 Gitem/s │ 600.2 Mitem/s │ 7.467 Gitem/s │ 7.044 Gitem/s │         │
2026-09-22T18:42:10.4050919Z ├─ avx512::mul_i32_nonnull_avx512      14.9 µs       │ 27.12 µs      │ 15.34 µs      │ 16.25 µs      │ 1000    │ 1000
2026-09-22T18:42:10.4051714Z │                                      4.397 Gitem/s │ 2.415 Gitem/s │ 4.271 Gitem/s │ 4.032 Gitem/s │         │
2026-09-22T18:42:10.5024120Z ├─ avx512::mul_i32_nullable_avx512     16.52 µs      │ 32.58 µs      │ 17.06 µs      │ 17.96 µs      │ 1000    │ 1000
2026-09-22T18:42:10.5024858Z │                                      3.966 Gitem/s │ 2.01 Gitem/s  │ 3.841 Gitem/s │ 3.648 Gitem/s │         │
2026-09-22T18:42:10.6577976Z ├─ avx512::mul_i64_nonnull_avx512      74.85 µs      │ 219.5 µs      │ 76.27 µs      │ 77.08 µs      │ 1000    │ 1000
2026-09-22T18:42:10.6578805Z │                                      437.7 Mitem/s │ 149.2 Mitem/s │ 429.5 Mitem/s │ 425 Mitem/s   │         │
2026-09-22T18:42:10.7609537Z ├─ avx512::mul_u8_nonnull_avx512       22.81 µs      │ 33.5 µs       │ 23.04 µs      │ 23.49 µs      │ 1000    │ 1000
2026-09-22T18:42:10.7610233Z │                                      11.48 Gitem/s │ 7.824 Gitem/s │ 11.37 Gitem/s │ 11.15 Gitem/s │         │
2026-09-22T18:42:10.8543463Z ├─ avx512::mul_u16_nonnull_avx512      12 µs         │ 21.18 µs      │ 12.31 µs      │ 12.79 µs      │ 1000    │ 1000
2026-09-22T18:42:10.8544172Z │                                      10.91 Gitem/s │ 6.186 Gitem/s │ 10.64 Gitem/s │ 10.24 Gitem/s │         │
2026-09-22T18:42:10.9470721Z ├─ avx512::mul_u32_nonnull_avx512      12.58 µs      │ 216.6 µs      │ 13.09 µs      │ 13.97 µs      │ 1000    │ 1000
2026-09-22T18:42:10.9471552Z │                                      5.207 Gitem/s │ 302.5 Mitem/s │ 5.005 Gitem/s │ 4.688 Gitem/s │         │
2026-09-22T18:42:11.0795051Z ├─ avx512::mul_u64_nonnull_avx512      52.93 µs      │ 71.7 µs       │ 53.12 µs      │ 54.07 µs      │ 1000    │ 1000
2026-09-22T18:42:11.0796323Z │                                      619 Mitem/s   │ 456.9 Mitem/s │ 616.7 Mitem/s │ 606 Mitem/s   │         │
2026-09-22T18:42:11.0796984Z ├─ avx512::multiply_shapes_avx512                    │               │               │               │         │
2026-09-22T18:42:11.2341220Z │  ╰─ (32768, PerRowPerRow)            74.92 µs      │ 88.06 µs      │ 76.22 µs      │ 76.99 µs      │ 1000    │ 1000
2026-09-22T18:42:11.2342043Z │                                      437.3 Mitem/s │ 372 Mitem/s   │ 429.9 Mitem/s │ 425.5 Mitem/s │         │
2026-09-22T18:42:11.2342679Z ╰─ avx512::subtract_shapes_avx512                    │               │               │               │         │
2026-09-22T18:42:11.3262678Z    ╰─ (32768, PerRowPerRow)            12.71 µs      │ 42.85 µs      │ 13.01 µs      │ 13.31 µs      │ 1000    │ 1000
2026-09-22T18:42:11.3263377Z                                        2.576 Gitem/s │ 764.6 Mitem/s │ 2.518 Gitem/s │ 2.46 Gitem/s  │         │
2026-09-22T18:42:11.3263743Z 
2026-09-22T18:42:11.3269314Z Done running binary_ops
2026-09-22T18:42:11.3269736Z Running vortex-buffer collect_bool
2026-09-22T18:42:11.3301780Z Timer precision: 21 ns
2026-09-22T18:42:11.3302357Z collect_bool                             fastest       │ slowest       │ median        │ mean          │ samples │ iters
2026-09-22T18:42:11.3303123Z ╰─ avx512::words_gather_dispatch_avx512                │               │               │               │         │
2026-09-22T18:42:11.4151904Z    ├─ 65536                              976.8 ns      │ 3.049 µs      │ 1.058 µs      │ 1.075 µs      │ 1000    │ 4000
2026-09-22T18:42:11.5140056Z    ╰─ 1048576                            13.39 µs      │ 23.31 µs      │ 14.03 µs      │ 14.33 µs      │ 1000    │ 1000
2026-09-22T18:42:11.5140445Z 
2026-09-22T18:42:11.5145025Z Done running collect_bool
2026-09-22T18:42:11.5145381Z Running vortex-compute lane_kernels
2026-09-22T18:42:11.5179748Z Timer precision: 22 ns
2026-09-22T18:42:11.5180348Z lane_kernels                               fastest       │ slowest       │ median        │ mean          │ samples │ iters
2026-09-22T18:42:11.5181073Z ╰─ avx512::lanezip_checked_add_u32_avx512                │               │               │               │         │
2026-09-22T18:42:11.6148827Z    ╰─ 65536                                13.16 µs      │ 192.4 µs      │ 13.5 µs       │ 14.33 µs      │ 1000    │ 1000
2026-09-22T18:42:11.6149342Z 
2026-09-22T18:42:11.6153912Z Done running lane_kernels
2026-09-22T18:42:11.6154282Z Running vortex-decimal-byte-parts dbp_split
2026-09-22T18:42:11.6189723Z Timer precision: 21 ns
2026-09-22T18:42:11.6190293Z dbp_split                                      fastest       │ slowest       │ median        │ mean          │ samples │ iters
2026-09-22T18:42:11.6191030Z ├─ avx512::dbp_split_kernel_all_valid_avx512                 │               │               │               │         │
2026-09-22T18:42:11.6986901Z │  ├─ (I128, 1024)                             920.5 ns      │ 10.08 µs      │ 972.5 ns      │ 1.012 µs      │ 1000    │ 1000
2026-09-22T18:42:11.7838959Z │  ├─ (I128, 8192)                             7.715 µs      │ 15.8 µs       │ 7.895 µs      │ 8.078 µs      │ 1000    │ 1000
2026-09-22T18:42:11.8634212Z │  ├─ (I256, 1024)                             1.772 µs      │ 17.87 µs      │ 1.844 µs      │ 1.946 µs      │ 1000    │ 1000
2026-09-22T18:42:11.9558928Z │  ╰─ (I256, 8192)                             13.85 µs      │ 23.21 µs      │ 14.32 µs      │ 14.68 µs      │ 1000    │ 1000
2026-09-22T18:42:11.9560051Z ╰─ avx512::dbp_split_kernel_mixed_null_avx512                │               │               │               │         │
2026-09-22T18:42:12.0339965Z    ├─ (I128, 1024)                             1.079 µs      │ 6.658 µs      │ 1.167 µs      │ 1.198 µs      │ 1000    │ 1000
2026-09-22T18:42:12.1201651Z    ├─ (I128, 8192)                             8.513 µs      │ 16.7 µs       │ 8.735 µs      │ 8.908 µs      │ 1000    │ 1000
2026-09-22T18:42:12.1991552Z    ├─ (I256, 1024)                             1.934 µs      │ 8.737 µs      │ 2.009 µs      │ 2.087 µs      │ 1000    │ 1000
2026-09-22T18:42:12.2928026Z    ╰─ (I256, 8192)                             14.79 µs      │ 143.8 µs      │ 15.21 µs      │ 15.71 µs      │ 1000    │ 1000
2026-09-22T18:42:12.2928502Z 
2026-09-22T18:42:12.2934632Z Done running dbp_split
2026-09-22T18:42:12.2935145Z Running vortex-decimal-byte-parts dbp_assemble
2026-09-22T18:42:12.2971777Z Timer precision: 21 ns
2026-09-22T18:42:12.2972461Z dbp_assemble                                      fastest       │ slowest       │ median        │ mean          │ samples │ iters
2026-09-22T18:42:12.2973244Z ├─ avx512::dbp_assemble_kernel_avx512                           │               │               │               │         │
2026-09-22T18:42:12.3775588Z │  ├─ (I128, 1024)                                553.5 ns      │ 7.215 µs      │ 600.5 ns      │ 635 ns        │ 1000    │ 1000
2026-09-22T18:42:12.4602898Z │  ├─ (I128, 8192)                                4.423 µs      │ 12.89 µs      │ 4.573 µs      │ 4.796 µs      │ 1000    │ 1000
2026-09-22T18:42:12.5394581Z │  ├─ (I256, 1024)                                1.626 µs      │ 12.7 µs       │ 1.674 µs      │ 1.774 µs      │ 1000    │ 1000
2026-09-22T18:42:12.6308496Z │  ╰─ (I256, 8192)                                12.57 µs      │ 145.1 µs      │ 12.79 µs      │ 13.35 µs      │ 1000    │ 1000
2026-09-22T18:42:12.6309431Z ╰─ avx512::dbp_assemble_kernel_narrow_msp_avx512                │               │               │               │         │
2026-09-22T18:42:12.7086729Z    ├─ (I128, 1024)                                708.5 ns      │ 8.762 µs      │ 807 ns        │ 813.3 ns      │ 1000    │ 1000
2026-09-22T18:42:12.7909819Z    ├─ (I128, 8192)                                4.984 µs      │ 12.19 µs      │ 5.028 µs      │ 5.256 µs      │ 1000    │ 1000
2026-09-22T18:42:12.8700028Z    ├─ (I256, 1024)                                1.854 µs      │ 10.17 µs      │ 1.935 µs      │ 2.017 µs      │ 1000    │ 1000
2026-09-22T18:42:12.9619681Z    ╰─ (I256, 8192)                                14.25 µs      │ 22.74 µs      │ 14.41 µs      │ 14.8 µs       │ 1000    │ 1000
2026-09-22T18:42:12.9620202Z 
2026-09-22T18:42:12.9625368Z Done running dbp_assemble
2026-09-22T18:42:12.9625783Z Finished running 10 benchmark suite(s)
2026-09-22T18:42:13.1647000Z Symbolicating...
2026-09-22T18:42:16.0614373Z ##[endgroup]
2026-09-22T18:42:16.0615062Z ##[group]Uploading results
2026-09-22T18:42:20.7460706Z Performance data uploaded
2026-09-22T18:42:20.7461216Z Linked repository: vortex-data/vortex
2026-09-22T18:42:20.7462076Z ##[endgroup]
2026-09-22T18:42:20.7492587Z ##[end-action id=__CodSpeedHQ_action.__run_2;outcome=success;conclusion=success;duration_ms=27306]
2026-09-22T18:42:20.7656173Z Post job cleanup.
2026-09-22T18:42:20.7660218Z ##[start-action display=Cache CodSpeed instruments;id=__fe8946d4-94d2-4728-ab55-836a30c7449c.__actions_cache]
2026-09-22T18:42:20.7694290Z Post job cleanup.
2026-09-22T18:42:20.9111489Z [warning]Path Validation Error: Path(s) specified in the action for caching do(es) not exist, hence no cache is being saved.
2026-09-22T18:42:20.9133594Z ##[end-action id=__fe8946d4-94d2-4728-ab55-836a30c7449c.__actions_cache;outcome=success;conclusion=success;duration_ms=147]
2026-09-22T18:42:20.9290221Z Post job cleanup.
2026-09-22T18:42:20.9293426Z ##[start-action display=Restore Cache;id=__79536358-a9d9-4a56-8019-959433651f86.cache]
2026-09-22T18:42:20.9327304Z Post job cleanup.
2026-09-22T18:42:21.0664441Z Cache hit occurred on the primary key cargo-codspeed-5.0.2-x86_64-linux-gnu-2.39-features-default-no-default-features-false-all-features-false, not saving cache.
2026-09-22T18:42:21.0702904Z ##[end-action id=__79536358-a9d9-4a56-8019-959433651f86.cache;outcome=success;conclusion=success;duration_ms=140]
2026-09-22T18:42:21.0922225Z Post job cleanup.
2026-09-22T18:42:21.1027322Z Post job cleanup.
2026-09-22T18:42:21.1965887Z [command]/usr/bin/git version
2026-09-22T18:42:21.2010992Z git version 2.55.0
2026-09-22T18:42:21.2078433Z Temporarily overriding HOME='/home/runner/_work/_temp/d151e1a3-90e2-4033-9f95-cbe60de29a62' before making global git config changes
2026-09-22T18:42:21.2080231Z Adding repository directory to the temporary git global config as a safe directory
2026-09-22T18:42:21.2085242Z [command]/usr/bin/git config --global --add safe.directory /home/runner/_work/vortex/vortex
2026-09-22T18:42:21.2113938Z Removing SSH command configuration
2026-09-22T18:42:21.2120783Z [command]/usr/bin/git config --local --name-only --get-regexp core\.sshCommand
2026-09-22T18:42:21.2153809Z [command]/usr/bin/git submodule foreach --recursive sh -c "git config --local --name-only --get-regexp 'core\.sshCommand' && git config --local --unset-all 'core.sshCommand' || :"
2026-09-22T18:42:21.2356089Z Removing HTTP extra header
2026-09-22T18:42:21.2360945Z [command]/usr/bin/git config --local --name-only --get-regexp http\.https\:\/\/github\.com\/\.extraheader
2026-09-22T18:42:21.2391445Z [command]/usr/bin/git submodule foreach --recursive sh -c "git config --local --name-only --get-regexp 'http\.https\:\/\/github\.com\/\.extraheader' && git config --local --unset-all 'http.https://github.com/.extraheader' || :"
2026-09-22T18:42:21.2584050Z Removing includeIf entries pointing to credentials config files
2026-09-22T18:42:21.2589573Z [command]/usr/bin/git config --local --name-only --get-regexp ^includeIf\.gitdir:
2026-09-22T18:42:21.2621266Z includeif.gitdir:/home/runner/_work/vortex/vortex/.git.path
2026-09-22T18:42:21.2622319Z includeif.gitdir:/home/runner/_work/vortex/vortex/.git/worktrees/*.path
2026-09-22T18:42:21.2623199Z includeif.gitdir:/github/workspace/.git.path
2026-09-22T18:42:21.2623928Z includeif.gitdir:/github/workspace/.git/worktrees/*.path
2026-09-22T18:42:21.2631081Z [command]/usr/bin/git config --local --get-all includeif.gitdir:/home/runner/_work/vortex/vortex/.git.path
2026-09-22T18:42:21.2653051Z /home/runner/_work/_temp/git-credentials-fcb6d704-9a22-4c97-80da-589eb174e0a8.config
2026-09-22T18:42:21.2662719Z [command]/usr/bin/git config --local --unset includeif.gitdir:/home/runner/_work/vortex/vortex/.git.path \/home\/runner\/_work\/_temp\/git\-credentials\-fcb6d704\-9a22\-4c97\-80da\-589eb174e0a8\.config
2026-09-22T18:42:21.2695812Z [command]/usr/bin/git config --local --get-all includeif.gitdir:/home/runner/_work/vortex/vortex/.git/worktrees/*.path
2026-09-22T18:42:21.2718643Z /home/runner/_work/_temp/git-credentials-fcb6d704-9a22-4c97-80da-589eb174e0a8.config
2026-09-22T18:42:21.2726621Z [command]/usr/bin/git config --local --unset includeif.gitdir:/home/runner/_work/vortex/vortex/.git/worktrees/*.path \/home\/runner\/_work\/_temp\/git\-credentials\-fcb6d704\-9a22\-4c97\-80da\-589eb174e0a8\.config
2026-09-22T18:42:21.2787408Z [command]/usr/bin/git config --local --get-all includeif.gitdir:/github/workspace/.git.path
2026-09-22T18:42:21.2808070Z /github/runner_temp/git-credentials-fcb6d704-9a22-4c97-80da-589eb174e0a8.config
2026-09-22T18:42:21.2814617Z [command]/usr/bin/git config --local --unset includeif.gitdir:/github/workspace/.git.path \/github\/runner_temp\/git\-credentials\-fcb6d704\-9a22\-4c97\-80da\-589eb174e0a8\.config
2026-09-22T18:42:21.2844648Z [command]/usr/bin/git config --local --get-all includeif.gitdir:/github/workspace/.git/worktrees/*.path
2026-09-22T18:42:21.2865690Z /github/runner_temp/git-credentials-fcb6d704-9a22-4c97-80da-589eb174e0a8.config
2026-09-22T18:42:21.2872548Z [command]/usr/bin/git config --local --unset includeif.gitdir:/github/workspace/.git/worktrees/*.path \/github\/runner_temp\/git\-credentials\-fcb6d704\-9a22\-4c97\-80da\-589eb174e0a8\.config
2026-09-22T18:42:21.2903897Z [command]/usr/bin/git submodule foreach --recursive git config --local --show-origin --name-only --get-regexp remote.origin.url
2026-09-22T18:42:21.3097826Z Removing credentials config '/home/runner/_work/_temp/git-credentials-fcb6d704-9a22-4c97-80da-589eb174e0a8.config'
2026-09-22T18:42:21.3205514Z Post job cleanup.
2026-09-22T18:42:21.4277877Z Running post-execution phase...
2026-09-22T18:42:21.4278402Z Input 'show_env': false
2026-09-22T18:42:21.4278870Z Input 'show_costs': inline
2026-09-22T18:42:21.4279302Z Input 'metrics': []
2026-09-22T18:42:21.4279785Z Input 'network_interface': enp39s0
2026-09-22T18:42:21.4280302Z Input 'disk_device': nvme0n1p1
2026-09-22T18:42:21.4281060Z Input 'sccache': 
2026-09-22T18:42:21.4281453Z Input 'sticky_cache': []
2026-09-22T18:42:21.4281895Z Input 'sticky_wait_timeout': 15m0s
2026-09-22T18:42:21.4282708Z ZCTIONS_RESULTS_URL is set: https://results-receiver.actions.githubusercontent.com/
2026-09-22T18:42:21.4284126Z ZCTIONS_CACHE_URL is set: https://acghubeus1.actions.githubusercontent.com/XtqVEj2MXQCbzj6x6n8CMomnIjyhqqRNuSgameoSnKmgcNZw2F/
2026-09-22T18:42:21.4285248Z ACTIONS_RUNTIME_TOKEN is set.
2026-09-22T18:42:21.4841393Z Mapped zone name us-east-1a to zone ID use1-az6
2026-09-22T18:42:21.7277622Z ## Execution Cost Summary
2026-09-22T18:42:21.7278075Z 
2026-09-22T18:42:21.7278292Z | metric                 | value           |
2026-09-22T18:42:21.7278895Z | ---------------------- | --------------- |
2026-09-22T18:42:21.7279473Z | Instance Type          | c7i.metal-24xl  |
2026-09-22T18:42:21.7280132Z | Instance Lifecycle     | spot            |
2026-09-22T18:42:21.7280671Z | Region                 | us-east-1       |
2026-09-22T18:42:21.7281243Z | Platform               | Linux/UNIX      |
2026-09-22T18:42:21.7281816Z | Arch                   | x64             |
2026-09-22T18:42:21.7282398Z | Az                     | us-east-1a      |
2026-09-22T18:42:21.7282928Z | Zone ID                | use1-az6        |
2026-09-22T18:42:21.7283466Z | Duration               | 1.79 minutes    |
2026-09-22T18:42:21.7284011Z | Cost                   | $0.0328         |
2026-09-22T18:42:21.7284539Z | GitHub equivalent cost | $0.5040         |
2026-09-22T18:42:21.7285099Z | Savings                | $0.4712 (93.5%) |
2026-09-22T18:42:21.7285445Z 
2026-09-22T18:42:21.7285674Z Post-execution phase finished.
2026-09-22T18:42:21.7341607Z A job completed hook has been configured by the self-hosted runner administrator
2026-09-22T18:42:21.7402638Z ##[group]Run '/runs-on/post.sh'
2026-09-22T18:42:21.7449459Z shell: /usr/bin/bash --noprofile --norc -e -o pipefail {0}
2026-09-22T18:42:21.7450225Z ##[endgroup]
2026-09-22T18:42:21.7522028Z Thanks for using RunsOn!
2026-09-22T18:42:21.7523120Z 
2026-09-22T18:42:21.7523388Z 📊 Job Metrics
2026-09-22T18:42:22.3774163Z Error visualizing metrics: failed to parse metrics file: error reading file: bufio.Scanner: token too long
2026-09-22T18:42:22.3787742Z Metrics visualization unavailable
2026-09-22T18:42:23.2016086Z 📤 metrics.jsonl uploaded (701446 bytes) to s3://runs-on-v3-s3bucketcache-dbnub4tpjhpv/cache/metrics/v1/vortex-data/vortex/35768386889/bench-codspeed-cpu-features/i-0e33259ff1ee1625d/metrics.jsonl
2026-09-22T18:42:23.2120616Z Cleaning up orphan processes
