2026-09-22T18:41:08.5801224Z Current runner version: '2.336.0'
2026-09-22T18:41:08.5807645Z Runner name: 'runs-on--i-07ab1646b2bcece62--d0776924-8'
2026-09-22T18:41:08.5808938Z Runner group name: 'Default'
2026-09-22T18:41:08.5810026Z Machine name: 'ip-10-1-9-206'
2026-09-22T18:41:08.5853566Z ##[group]🏃 Runner details (c7g.metal, on-demand, v3.3.0)
2026-09-22T18:41:08.5855339Z ┌───────────────────┬─────────────────────────────────────────────────────────────────────────────────────────────────────────────────────────────────────────────────────┐
2026-09-22T18:41:08.5856816Z │       INFO        │                                                                        VALUE                                                                        │
2026-09-22T18:41:08.5858331Z ├───────────────────┼─────────────────────────────────────────────────────────────────────────────────────────────────────────────────────────────────────────────────────┤
2026-09-22T18:41:08.5860567Z │ Labels            │ [runs-on=35768386889/runner=bench-dedicated/family=c7g.metal/image=ubuntu24-full-arm64-pre-v2/extras=s3-cache/tag=bench-codspeed-cpu-features-neon] │
2026-09-22T18:41:08.5862736Z │ Extras            │ [s3-cache]                                                                                                                                          │
2026-09-22T18:41:08.5864241Z │ PrivateIp         │ 10.1.9.206                                                                                                                                          │
2026-09-22T18:41:08.5865841Z │ IsPrivate         │ false                                                                                                                                               │
2026-09-22T18:41:08.5867384Z │ Environment       │ production                                                                                                                                          │
2026-09-22T18:41:08.5869027Z │ StackName         │ runs-on-v3                                                                                                                                          │
2026-09-22T18:41:08.5870650Z │ Region            │ us-east-1                                                                                                                                           │
2026-09-22T18:41:08.5872278Z │ AvailabilityZone  │ us-east-1a                                                                                                                                          │
2026-09-22T18:41:08.5873840Z │ Version           │ v3.3.0                                                                                                                                              │
2026-09-22T18:41:08.5875597Z │ RunnerName        │ runs-on--i-07ab1646b2bcece62--d0776924-8                                                                                                            │
2026-09-22T18:41:08.5877476Z │ AssignmentId      │ d0776924-8185-436c-a788-6ab1f11f7354                                                                                                                │
2026-09-22T18:41:08.5879323Z │ BucketCacheName   │ runs-on-v3-s3bucketcache-dbnub4tpjhpv                                                                                                               │
2026-09-22T18:41:08.5881392Z │ InstanceId        │ i-07ab1646b2bcece62                                                                                                                                 │
2026-09-22T18:41:08.5883030Z │ InstanceType      │ c7g.metal                                                                                                                                           │
2026-09-22T18:41:08.5884711Z │ InstanceLifecycle │ on-demand                                                                                                                                           │
2026-09-22T18:41:08.5886638Z │ InstanceRAM       │ 128527.63 MiB                                                                                                                                       │
2026-09-22T18:41:08.5888496Z │ InstanceCPU       │ 64 cores                                                                                                                                            │
2026-09-22T18:41:08.5890093Z │ InstanceDisk1     │ /=/dev/nvme0n1p1                                                                                                                                    │
2026-09-22T18:41:08.5891793Z │                   │ Free=81.24GiB Used=14.56GiB                                                                                                                         │
2026-09-22T18:41:08.5893484Z │ ImageId           │ ami-098c62767651982c5                                                                                                                               │
2026-09-22T18:41:08.5895149Z │ ImageName         │ vortex-ci-v2-arm64-20260831011845                                                                                                                   │
2026-09-22T18:41:08.5896871Z │ Platform          │ linux                                                                                                                                               │
2026-09-22T18:41:08.5898386Z │ Architecture      │ arm64                                                                                                                                               │
2026-09-22T18:41:08.5899996Z │ HasPreinstall     │ false                                                                                                                                               │
2026-09-22T18:41:08.5901590Z │ HasPrerun         │ false                                                                                                                                               │
2026-09-22T18:41:08.5903303Z │ IsDebug           │ false                                                                                                                                               │
2026-09-22T18:41:08.5904836Z │ Integrations      │ []                                                                                                                                                  │
2026-09-22T18:41:08.5906391Z └───────────────────┴─────────────────────────────────────────────────────────────────────────────────────────────────────────────────────────────────────────────────────┘
2026-09-22T18:41:08.5907571Z ##[endgroup]
2026-09-22T18:41:08.5908312Z ##[group]⏱️ Timings - 36.77s
2026-09-22T18:41:08.5909381Z ┌──────────────────────┬─────────────────────────────────┬─────────┬────────┐
2026-09-22T18:41:08.5910524Z │         TIME         │              STEP               │  DIFF   │ TOTAL  │
2026-09-22T18:41:08.5911686Z ├──────────────────────┼─────────────────────────────────┼─────────┼────────┤
2026-09-22T18:41:08.5912905Z │ 2026-09-22T18:40:28Z │ job-created                     │ 0ms     │ 0.0s   │
2026-09-22T18:41:08.5914380Z │ 2026-09-22T18:40:29Z │ job-received                    │ 1807ms  │ 1.81s  │
2026-09-22T18:41:08.5915950Z │ 2026-09-22T18:40:35Z │ job-scheduled                   │ 6033ms  │ 7.84s  │
2026-09-22T18:41:08.5917147Z │ 2026-09-22T18:40:38Z │ instance-pending                │ 2158ms  │ 10.00s │
2026-09-22T18:41:08.5918532Z │ 2026-09-22T18:40:39Z │ runner-registered               │ 1094ms  │ 11.09s │
2026-09-22T18:41:08.5919747Z │ 2026-09-22T18:40:59Z │ agent-booting                   │ 20384ms │ 31.48s │
2026-09-22T18:41:08.5921078Z │ 2026-09-22T18:40:59Z │ runner-setup-global-env         │ 15ms    │ 31.50s │
2026-09-22T18:41:08.5922357Z │ 2026-09-22T18:40:59Z │ runner-setup-user               │ 76ms    │ 31.57s │
2026-09-22T18:41:08.5923643Z │ 2026-09-22T18:40:59Z │ agent-metadata                  │ 88ms    │ 31.66s │
2026-09-22T18:41:08.5924929Z │ 2026-09-22T18:41:03Z │ instance-config                 │ 3788ms  │ 35.45s │
2026-09-22T18:41:08.5926146Z │ 2026-09-22T18:41:03Z │ runner-otel-setup-tracer        │ 0ms     │ 35.45s │
2026-09-22T18:41:08.5927465Z │ 2026-09-22T18:41:03Z │ runner-otel-setup-collector     │ 0ms     │ 35.45s │
2026-09-22T18:41:08.5928754Z │ 2026-09-22T18:41:04Z │ runner-resize-disk              │ 1116ms  │ 36.56s │
2026-09-22T18:41:08.5930084Z │ 2026-09-22T18:41:04Z │ runner-prepare-mount-points     │ 0ms     │ 36.57s │
2026-09-22T18:41:08.5931416Z │ 2026-09-22T18:41:04Z │ runner-setup-mount-points       │ 68ms    │ 36.63s │
2026-09-22T18:41:08.5932632Z │ 2026-09-22T18:41:04Z │ runner-setup-agent              │ 2ms     │ 36.64s │
2026-09-22T18:41:08.5933939Z │ 2026-09-22T18:41:04Z │ runner-setup-aws-profile        │ 16ms    │ 36.65s │
2026-09-22T18:41:08.5935204Z │ 2026-09-22T18:41:04Z │ runner-setup-host               │ 0ms     │ 36.65s │
2026-09-22T18:41:08.5936504Z │ 2026-09-22T18:41:04Z │ runner-config                   │ 34ms    │ 36.69s │
2026-09-22T18:41:08.5937817Z │ 2026-09-22T18:41:04Z │ runner-otel-restart             │ 0ms     │ 36.69s │
2026-09-22T18:41:08.5939105Z │ 2026-09-22T18:41:04Z │ runner-env                      │ 3ms     │ 36.69s │
2026-09-22T18:41:08.5940379Z │ 2026-09-22T18:41:04Z │ runner-setup-integrations       │ 61ms    │ 36.75s │
2026-09-22T18:41:08.5941729Z │ 2026-09-22T18:41:04Z │ runner-chown-runner-directories │ 0ms     │ 36.75s │
2026-09-22T18:41:08.5943019Z │ 2026-09-22T18:41:04Z │ runner-start-local-server       │ 0ms     │ 36.75s │
2026-09-22T18:41:08.5944352Z │ 2026-09-22T18:41:04Z │ runner-setup-s3-cache           │ 10ms    │ 36.76s │
2026-09-22T18:41:08.5945625Z │ 2026-09-22T18:41:04Z │ runner-setup-hooks              │ 4ms     │ 36.77s │
2026-09-22T18:41:08.5946764Z └──────────────────────┴─────────────────────────────────┴─────────┴────────┘
2026-09-22T18:41:08.5948015Z ##[endgroup]
2026-09-22T18:41:08.5949389Z ##[group]GITHUB_TOKEN Permissions
2026-09-22T18:41:08.5952190Z Contents: read
2026-09-22T18:41:08.5952962Z Metadata: read
2026-09-22T18:41:08.5953662Z ##[endgroup]
2026-09-22T18:41:08.5956433Z Secret source: Actions
2026-09-22T18:41:08.5957760Z Cache mode: write
2026-09-22T18:41:08.5959017Z Prepare workflow directory
2026-09-22T18:41:08.6377445Z Prepare all required actions
2026-09-22T18:41:08.6428683Z Getting action download info
2026-09-22T18:41:08.8598738Z Download action repository 'runs-on/action@v2' (SHA:efac073ea2507ec18797de3a81704201ade11d9d)
2026-09-22T18:41:09.3585738Z Download action repository 'actions/checkout@3d3c42e5aac5ba805825da76410c181273ba90b1' (SHA:3d3c42e5aac5ba805825da76410c181273ba90b1)
2026-09-22T18:41:09.4043116Z Download action repository 'taiki-e/cache-cargo-install-action@66c9585ef5ca780ee69399975a5e911f47905995' (SHA:66c9585ef5ca780ee69399975a5e911f47905995)
2026-09-22T18:41:09.4893351Z Download action repository 'actions/download-artifact@3e5f45b2cfb9172054b4087a40e8e0b5a5461e7c' (SHA:3e5f45b2cfb9172054b4087a40e8e0b5a5461e7c)
2026-09-22T18:41:09.6286105Z Download action repository 'CodSpeedHQ/action@4296e51e7041e24dadb86d1d6e8b9320d223dbe8' (SHA:4296e51e7041e24dadb86d1d6e8b9320d223dbe8)
2026-09-22T18:41:09.8158247Z Getting action download info
2026-09-22T18:41:09.9103728Z Download action repository 'actions/cache@668228422ae6a00e4ad889ee87cd7109ec5666a7' (SHA:668228422ae6a00e4ad889ee87cd7109ec5666a7)
2026-09-22T18:41:10.1441298Z Getting action download info
2026-09-22T18:41:10.2599784Z Download action repository 'actions/github-script@ed597411d8f924073f98dfc5c65a23a2325f34cd' (SHA:ed597411d8f924073f98dfc5c65a23a2325f34cd)
2026-09-22T18:41:10.4349660Z Complete job name: Benchmark with Codspeed (neon)
2026-09-22T18:41:10.5477373Z A job started hook has been configured by the self-hosted runner administrator
2026-09-22T18:41:10.5657898Z ##[group]Run '/runs-on/pre.sh'
2026-09-22T18:41:10.5693358Z shell: /usr/bin/bash --noprofile --norc -e -o pipefail {0}
2026-09-22T18:41:10.5694730Z ##[endgroup]
2026-09-22T18:41:10.5909978Z 
2026-09-22T18:41:10.5911287Z 👋 This self-hosted runner was launched with RunsOn (https://runs-on.com). Join the party!
2026-09-22T18:41:10.5912452Z 
2026-09-22T18:41:10.5927080Z ##[group]Job identity
2026-09-22T18:41:10.5927972Z Organization: vortex-data
2026-09-22T18:41:10.5928881Z Repository: vortex-data/vortex
2026-09-22T18:41:10.5929777Z Workflow: Codspeed Benchmarking
2026-09-22T18:41:10.5930764Z Job: bench-codspeed-cpu-features
2026-09-22T18:41:10.5932222Z ##[endgroup]
2026-09-22T18:41:10.5932618Z 
2026-09-22T18:41:10.5933680Z ##[group]💡 Additional environment variables available in your steps
2026-09-22T18:41:10.5934938Z ACTIONS_CACHE_SERVICE_V2=true
2026-09-22T18:41:10.5935924Z ACTIONS_CACHE_URL=http://10.1.9.206:6871/
2026-09-22T18:41:10.5936936Z ACTIONS_RESULTS_URL=http://10.1.9.206:6871/
2026-09-22T18:41:10.5938015Z ACTIONS_RUNNER_HOOK_JOB_COMPLETED=/runs-on/post.sh
2026-09-22T18:41:10.5939103Z ACTIONS_RUNNER_HOOK_JOB_STARTED=/runs-on/pre.sh
2026-09-22T18:41:10.5940153Z GITHUB_API_URL=https://api.github.com/
2026-09-22T18:41:10.5941303Z GITHUB_HOST=github.com
2026-09-22T18:41:10.5942125Z GITHUB_SERVER_URL=https://github.com/
2026-09-22T18:41:10.5943067Z RUNNER_TOOL_CACHE=/opt/hostedtoolcache
2026-09-22T18:41:10.5943990Z RUNS_ON_AGENT_ARCH=arm64
2026-09-22T18:41:10.5944868Z RUNS_ON_AGENT_BINARY=/runs-on/agent
2026-09-22T18:41:10.5945739Z RUNS_ON_AGENT_USER=runner
2026-09-22T18:41:10.5946545Z RUNS_ON_AMI_ID=ami-098c62767651982c5
2026-09-22T18:41:10.5947419Z RUNS_ON_AWS_AZ=us-east-1a
2026-09-22T18:41:10.5948222Z RUNS_ON_AWS_REGION=us-east-1
2026-09-22T18:41:10.5949353Z RUNS_ON_ENV_CUSTOM_FILE=/runs-on/env.custom
2026-09-22T18:41:10.5950289Z RUNS_ON_HOME=/runs-on
2026-09-22T18:41:10.5951203Z RUNS_ON_INSTANCE_ID=i-07ab1646b2bcece62
2026-09-22T18:41:10.5952196Z RUNS_ON_INSTANCE_LAUNCHED_AT=2026-09-22T18:40:35Z
2026-09-22T18:41:10.5953205Z RUNS_ON_INSTANCE_LIFECYCLE=on-demand
2026-09-22T18:41:10.5954109Z RUNS_ON_INSTANCE_TYPE=c7g.metal
2026-09-22T18:41:10.5955112Z RUNS_ON_RUNNER_NAME=runs-on--i-07ab1646b2bcece62--d0776924-8
2026-09-22T18:41:10.5956398Z RUNS_ON_S3_BUCKET_CACHE=runs-on-v3-s3bucketcache-dbnub4tpjhpv
2026-09-22T18:41:10.5957661Z RUNS_ON_S3_CACHE_REPO_PREFIX=cache/repo/vortex-data/vortex
2026-09-22T18:41:10.5958733Z RUNS_ON_STACK_NAME=runs-on-v3
2026-09-22T18:41:10.5959566Z RUNS_ON_VERSION=v3.3.0
2026-09-22T18:41:10.5960847Z ##[endgroup]
2026-09-22T18:41:10.5961247Z 
2026-09-22T18:41:10.6247821Z ##[group]Run runs-on/action@v2
2026-09-22T18:41:10.6248731Z with:
2026-09-22T18:41:10.6284819Z   show_env: false
2026-09-22T18:41:10.6285592Z   show_costs: inline
2026-09-22T18:41:10.6286335Z   network_interface: enp39s0
2026-09-22T18:41:10.6287122Z   disk_device: nvme0n1p1
2026-09-22T18:41:10.6293774Z   token: ***
2026-09-22T18:41:10.6294468Z   sticky_wait_timeout: 15m
2026-09-22T18:41:10.6295204Z env:
2026-09-22T18:41:10.6295848Z   CARGO_TERM_COLOR: always
2026-09-22T18:41:10.6296603Z   RUST_BACKTRACE: 1
2026-09-22T18:41:10.6297341Z   NIGHTLY_TOOLCHAIN: nightly-2026-09-10
2026-09-22T18:41:10.6298264Z   RUNNER_TOOL_CACHE: /opt/hostedtoolcache
2026-09-22T18:41:10.6299144Z   RUNS_ON_HOME: /runs-on
2026-09-22T18:41:10.6299895Z   RUNS_ON_VERSION: v3.3.0
2026-09-22T18:41:10.6300762Z   RUNS_ON_AGENT_BINARY: /runs-on/agent
2026-09-22T18:41:10.6301651Z   RUNS_ON_AGENT_ARCH: arm64
2026-09-22T18:41:10.6302786Z   RUNS_ON_AGENT_USER: runner
2026-09-22T18:41:10.6303626Z   RUNS_ON_AMI_ID: ami-098c62767651982c5
2026-09-22T18:41:10.6304498Z   RUNS_ON_AWS_REGION: us-east-1
2026-09-22T18:41:10.6305303Z   RUNS_ON_AWS_AZ: us-east-1a
2026-09-22T18:41:10.6306155Z   RUNS_ON_ENV_CUSTOM_FILE: /runs-on/env.custom
2026-09-22T18:41:10.6307115Z   RUNS_ON_INSTANCE_ID: i-07ab1646b2bcece62
2026-09-22T18:41:10.6308069Z   RUNS_ON_INSTANCE_LIFECYCLE: on-demand
2026-09-22T18:41:10.6308970Z   RUNS_ON_INSTANCE_TYPE: c7g.metal
2026-09-22T18:41:10.6309815Z   RUNS_ON_STACK_NAME: runs-on-v3
2026-09-22T18:41:10.6310900Z   RUNS_ON_S3_BUCKET_CACHE: runs-on-v3-s3bucketcache-dbnub4tpjhpv
2026-09-22T18:41:10.6312085Z   ACTIONS_RUNNER_HOOK_JOB_STARTED: /runs-on/pre.sh
2026-09-22T18:41:10.6313169Z   ACTIONS_RUNNER_HOOK_JOB_COMPLETED: /runs-on/post.sh
2026-09-22T18:41:10.6314200Z   GITHUB_SERVER_URL: https://github.com/
2026-09-22T18:41:10.6315137Z   GITHUB_API_URL: https://api.github.com/
2026-09-22T18:41:10.6316031Z   GITHUB_HOST: github.com
2026-09-22T18:41:10.6317010Z   RUNS_ON_RUNNER_NAME: runs-on--i-07ab1646b2bcece62--d0776924-8
2026-09-22T18:41:10.6318152Z   RUNS_ON_INSTANCE_LAUNCHED_AT: 2026-09-22T18:40:35Z
2026-09-22T18:41:10.6319157Z   ACTIONS_CACHE_URL: http://10.1.9.206:6871/
2026-09-22T18:41:10.6320077Z   ACTIONS_CACHE_SERVICE_V2: true
2026-09-22T18:41:10.6321089Z   ACTIONS_RESULTS_URL: http://10.1.9.206:6871/
2026-09-22T18:41:10.6322185Z   RUNS_ON_S3_CACHE_REPO_PREFIX: cache/repo/vortex-data/vortex
2026-09-22T18:41:10.6323197Z ##[endgroup]
2026-09-22T18:41:11.3278318Z Input 'show_env': false
2026-09-22T18:41:11.3279227Z Input 'show_costs': inline
2026-09-22T18:41:11.3279996Z Input 'metrics': []
2026-09-22T18:41:11.3280829Z Input 'network_interface': enp39s0
2026-09-22T18:41:11.3281703Z Input 'disk_device': nvme0n1p1
2026-09-22T18:41:11.3282490Z Input 'sccache': 
2026-09-22T18:41:11.3283202Z Input 'sticky_cache': []
2026-09-22T18:41:11.3284010Z Input 'sticky_wait_timeout': 15m0s
2026-09-22T18:41:11.3285283Z ZCTIONS_RESULTS_URL is set: https://results-receiver.actions.githubusercontent.com/
2026-09-22T18:41:11.3287522Z ZCTIONS_CACHE_URL is set: https://acghubeus1.actions.githubusercontent.com/XtqVEj2MXQCbzj6x6n8CMomnIjyhqqRNuSgameoSnKmgcNZw2F/
2026-09-22T18:41:11.3289301Z ACTIONS_RUNTIME_TOKEN is set.
2026-09-22T18:41:11.3290176Z Config update response status: 200 OK
2026-09-22T18:41:11.3291580Z show_costs is enabled. You will find cost details in the post-execution step of this action.
2026-09-22T18:41:11.3292898Z Action finished.
2026-09-22T18:41:11.3525040Z ##[group]Run actions/checkout@3d3c42e5aac5ba805825da76410c181273ba90b1
2026-09-22T18:41:11.3526207Z with:
2026-09-22T18:41:11.3526883Z   repository: vortex-data/vortex
2026-09-22T18:41:11.3533415Z   token: ***
2026-09-22T18:41:11.3534084Z   ssh-strict: true
2026-09-22T18:41:11.3534755Z   ssh-user: git
2026-09-22T18:41:11.3535446Z   persist-credentials: true
2026-09-22T18:41:11.3536195Z   clean: true
2026-09-22T18:41:11.3536896Z   sparse-checkout-cone-mode: true
2026-09-22T18:41:11.3537734Z   fetch-depth: 1
2026-09-22T18:41:11.3538416Z   fetch-tags: false
2026-09-22T18:41:11.3539107Z   show-progress: true
2026-09-22T18:41:11.3539797Z   lfs: false
2026-09-22T18:41:11.3540495Z   submodules: false
2026-09-22T18:41:11.3541206Z   set-safe-directory: true
2026-09-22T18:41:11.3542003Z   allow-unsafe-pr-checkout: false
2026-09-22T18:41:11.3542810Z env:
2026-09-22T18:41:11.3543453Z   CARGO_TERM_COLOR: always
2026-09-22T18:41:11.3544199Z   RUST_BACKTRACE: 1
2026-09-22T18:41:11.3544958Z   NIGHTLY_TOOLCHAIN: nightly-2026-09-10
2026-09-22T18:41:11.3545862Z   RUNNER_TOOL_CACHE: /opt/hostedtoolcache
2026-09-22T18:41:11.3546725Z   RUNS_ON_HOME: /runs-on
2026-09-22T18:41:11.3547467Z   RUNS_ON_VERSION: v3.3.0
2026-09-22T18:41:11.3548237Z   RUNS_ON_AGENT_BINARY: /runs-on/agent
2026-09-22T18:41:11.3549089Z   RUNS_ON_AGENT_ARCH: arm64
2026-09-22T18:41:11.3549856Z   RUNS_ON_AGENT_USER: runner
2026-09-22T18:41:11.3550710Z   RUNS_ON_AMI_ID: ami-098c62767651982c5
2026-09-22T18:41:11.3551902Z   RUNS_ON_AWS_REGION: us-east-1
2026-09-22T18:41:11.3552711Z   RUNS_ON_AWS_AZ: us-east-1a
2026-09-22T18:41:11.3553553Z   RUNS_ON_ENV_CUSTOM_FILE: /runs-on/env.custom
2026-09-22T18:41:11.3554506Z   RUNS_ON_INSTANCE_ID: i-07ab1646b2bcece62
2026-09-22T18:41:11.3555409Z   RUNS_ON_INSTANCE_LIFECYCLE: on-demand
2026-09-22T18:41:11.3556287Z   RUNS_ON_INSTANCE_TYPE: c7g.metal
2026-09-22T18:41:11.3557123Z   RUNS_ON_STACK_NAME: runs-on-v3
2026-09-22T18:41:11.3558129Z   RUNS_ON_S3_BUCKET_CACHE: runs-on-v3-s3bucketcache-dbnub4tpjhpv
2026-09-22T18:41:11.3559308Z   ACTIONS_RUNNER_HOOK_JOB_STARTED: /runs-on/pre.sh
2026-09-22T18:41:11.3560385Z   ACTIONS_RUNNER_HOOK_JOB_COMPLETED: /runs-on/post.sh
2026-09-22T18:41:11.3561471Z   GITHUB_SERVER_URL: https://github.com/
2026-09-22T18:41:11.3562414Z   GITHUB_API_URL: https://api.github.com/
2026-09-22T18:41:11.3563297Z   GITHUB_HOST: github.com
2026-09-22T18:41:11.3564230Z   RUNS_ON_RUNNER_NAME: runs-on--i-07ab1646b2bcece62--d0776924-8
2026-09-22T18:41:11.3565357Z   RUNS_ON_INSTANCE_LAUNCHED_AT: 2026-09-22T18:40:35Z
2026-09-22T18:41:11.3566373Z   ACTIONS_CACHE_URL: http://10.1.9.206:6871/
2026-09-22T18:41:11.3567301Z   ACTIONS_CACHE_SERVICE_V2: true
2026-09-22T18:41:11.3568169Z   ACTIONS_RESULTS_URL: http://10.1.9.206:6871/
2026-09-22T18:41:11.3569258Z   RUNS_ON_S3_CACHE_REPO_PREFIX: cache/repo/vortex-data/vortex
2026-09-22T18:41:11.3570332Z   RUNS_ON_ACTION_COST_TRACKING_CLAIMED: true
2026-09-22T18:41:11.3571511Z ##[endgroup]
2026-09-22T18:41:11.4748061Z Syncing repository: vortex-data/vortex
2026-09-22T18:41:11.4749637Z ##[group]Getting Git version info
2026-09-22T18:41:11.4750736Z Working directory is '/home/runner/_work/vortex/vortex'
2026-09-22T18:41:11.4752242Z [command]/usr/bin/git version
2026-09-22T18:41:11.4753055Z git version 2.55.0
2026-09-22T18:41:11.4767357Z ##[endgroup]
2026-09-22T18:41:11.4775216Z Temporarily overriding HOME='/home/runner/_work/_temp/016a02f3-e7ca-4b6c-909f-8d88811d0bdd' before making global git config changes
2026-09-22T18:41:11.4777372Z Adding repository directory to the temporary git global config as a safe directory
2026-09-22T18:41:11.4779695Z [command]/usr/bin/git config --global --add safe.directory /home/runner/_work/vortex/vortex
2026-09-22T18:41:11.4806012Z Deleting the contents of '/home/runner/_work/vortex/vortex'
2026-09-22T18:41:11.4808293Z ##[group]Determining repository object format
2026-09-22T18:41:11.4809647Z ##[endgroup]
2026-09-22T18:41:11.4810845Z ##[group]Initializing the repository
2026-09-22T18:41:11.4813691Z [command]/usr/bin/git init /home/runner/_work/vortex/vortex
2026-09-22T18:41:11.5108500Z hint: Using 'master' as the name for the initial branch. This default branch name
2026-09-22T18:41:11.5110023Z hint: will change to "main" in Git 3.0. To configure the initial branch name
2026-09-22T18:41:11.5111576Z hint: to use in all of your new repositories, which will suppress this warning,
2026-09-22T18:41:11.5112738Z hint: call:
2026-09-22T18:41:11.5113364Z hint:
2026-09-22T18:41:11.5114196Z hint: 	git config --global init.defaultBranch <name>
2026-09-22T18:41:11.5115197Z hint:
2026-09-22T18:41:11.5116105Z hint: Names commonly chosen instead of 'master' are 'main', 'trunk' and
2026-09-22T18:41:11.5117558Z hint: 'development'. The just-created branch can be renamed via this command:
2026-09-22T18:41:11.5118694Z hint:
2026-09-22T18:41:11.5119340Z hint: 	git branch -m <name>
2026-09-22T18:41:11.5120071Z hint:
2026-09-22T18:41:11.5121165Z hint: Disable this message with "git config set advice.defaultBranchName false"
2026-09-22T18:41:11.5122738Z Initialized empty Git repository in /home/runner/_work/vortex/vortex/.git/
2026-09-22T18:41:11.5125226Z [command]/usr/bin/git remote add origin https://github.com/vortex-data/vortex
2026-09-22T18:41:11.5158880Z ##[endgroup]
2026-09-22T18:41:11.5160041Z ##[group]Disabling automatic garbage collection
2026-09-22T18:41:11.5162168Z [command]/usr/bin/git config --local gc.auto 0
2026-09-22T18:41:11.5185890Z ##[endgroup]
2026-09-22T18:41:11.5186989Z ##[group]Setting up auth
2026-09-22T18:41:11.5188217Z Removing SSH command configuration
2026-09-22T18:41:11.5191270Z [command]/usr/bin/git config --local --name-only --get-regexp core\.sshCommand
2026-09-22T18:41:11.5217605Z [command]/usr/bin/git submodule foreach --recursive sh -c "git config --local --name-only --get-regexp 'core\.sshCommand' && git config --local --unset-all 'core.sshCommand' || :"
2026-09-22T18:41:11.6143681Z Removing HTTP extra header
2026-09-22T18:41:11.6148162Z [command]/usr/bin/git config --local --name-only --get-regexp http\.https\:\/\/github\.com\/\.extraheader
2026-09-22T18:41:11.6173256Z [command]/usr/bin/git submodule foreach --recursive sh -c "git config --local --name-only --get-regexp 'http\.https\:\/\/github\.com\/\.extraheader' && git config --local --unset-all 'http.https://github.com/.extraheader' || :"
2026-09-22T18:41:11.6335385Z Removing includeIf entries pointing to credentials config files
2026-09-22T18:41:11.6340180Z [command]/usr/bin/git config --local --name-only --get-regexp ^includeIf\.gitdir:
2026-09-22T18:41:11.6371479Z [command]/usr/bin/git submodule foreach --recursive git config --local --show-origin --name-only --get-regexp remote.origin.url
2026-09-22T18:41:11.6545983Z [command]/usr/bin/git config --file /home/runner/_work/_temp/git-credentials-e5d9f331-c0ae-413b-b414-ef44cb5f77e9.config http.https://github.com/.extraheader AUTHORIZATION: basic ***
2026-09-22T18:41:11.6574557Z [command]/usr/bin/git config --local includeIf.gitdir:/home/runner/_work/vortex/vortex/.git.path /home/runner/_work/_temp/git-credentials-e5d9f331-c0ae-413b-b414-ef44cb5f77e9.config
2026-09-22T18:41:11.6598519Z [command]/usr/bin/git config --local includeIf.gitdir:/home/runner/_work/vortex/vortex/.git/worktrees/*.path /home/runner/_work/_temp/git-credentials-e5d9f331-c0ae-413b-b414-ef44cb5f77e9.config
2026-09-22T18:41:11.6622810Z [command]/usr/bin/git config --local includeIf.gitdir:/github/workspace/.git.path /github/runner_temp/git-credentials-e5d9f331-c0ae-413b-b414-ef44cb5f77e9.config
2026-09-22T18:41:11.6647157Z [command]/usr/bin/git config --local includeIf.gitdir:/github/workspace/.git/worktrees/*.path /github/runner_temp/git-credentials-e5d9f331-c0ae-413b-b414-ef44cb5f77e9.config
2026-09-22T18:41:11.6669081Z ##[endgroup]
2026-09-22T18:41:11.6670201Z ##[group]Fetching the repository
2026-09-22T18:41:11.6675663Z [command]/usr/bin/git -c protocol.version=2 fetch --no-tags --prune --no-recurse-submodules --depth=1 origin +243c32894bb68c57f4416bacc2a7dc5fa393bba4:refs/remotes/pull/9986/merge
2026-09-22T18:41:13.3844206Z From https://github.com/vortex-data/vortex
2026-09-22T18:41:13.3844841Z  * [new ref]         243c32894bb68c57f4416bacc2a7dc5fa393bba4 -> pull/9986/merge
2026-09-22T18:41:13.3847698Z ##[endgroup]
2026-09-22T18:41:13.3848186Z ##[group]Determining the checkout info
2026-09-22T18:41:13.3848639Z ##[endgroup]
2026-09-22T18:41:13.3853437Z [command]/usr/bin/git sparse-checkout disable
2026-09-22T18:41:13.3903835Z [command]/usr/bin/git config --local --unset-all extensions.worktreeConfig
2026-09-22T18:41:13.3926373Z ##[group]Checking out the ref
2026-09-22T18:41:13.3930402Z [command]/usr/bin/git checkout --progress --force refs/remotes/pull/9986/merge
2026-09-22T18:41:13.5892749Z Note: switching to 'refs/remotes/pull/9986/merge'.
2026-09-22T18:41:13.5893038Z 
2026-09-22T18:41:13.5893271Z You are in 'detached HEAD' state. You can look around, make experimental
2026-09-22T18:41:13.5893803Z changes and commit them, and you can discard any commits you make in this
2026-09-22T18:41:13.5894346Z state without impacting any branches by switching back to a branch.
2026-09-22T18:41:13.5894697Z 
2026-09-22T18:41:13.5894959Z If you want to create a new branch to retain commits you create, you may
2026-09-22T18:41:13.5895456Z do so (now or later) by using -c with the switch command. Example:
2026-09-22T18:41:13.5895741Z 
2026-09-22T18:41:13.5895857Z   git switch -c <new-branch-name>
2026-09-22T18:41:13.5896048Z 
2026-09-22T18:41:13.5896155Z Or undo this operation with:
2026-09-22T18:41:13.5896333Z 
2026-09-22T18:41:13.5896418Z   git switch -
2026-09-22T18:41:13.5896879Z 
2026-09-22T18:41:13.5897137Z Turn off this advice by setting config variable advice.detachedHead to false
2026-09-22T18:41:13.5897480Z 
2026-09-22T18:41:13.5897876Z HEAD is now at 243c328 Merge 31c9d94ee356a9a7b59fe7e2dbe890dab254ea71 into af4e9cb4934d90f2ca04b76864840e564821f939
2026-09-22T18:41:13.5904879Z ##[endgroup]
2026-09-22T18:41:13.5945419Z [command]/usr/bin/git log -1 --format=%H
2026-09-22T18:41:13.5965770Z 243c32894bb68c57f4416bacc2a7dc5fa393bba4
2026-09-22T18:41:13.6223712Z Prepare all required actions
2026-09-22T18:41:13.6224422Z Getting action download info
2026-09-22T18:41:13.7406192Z Download action repository 'dtolnay/rust-toolchain@6bed0761d98439e5a578e2877258200ad565ba87' (SHA:6bed0761d98439e5a578e2877258200ad565ba87)
2026-09-22T18:41:13.8774372Z ##[group]Run ./.github/actions/setup-prebuild
2026-09-22T18:41:13.8774690Z with:
2026-09-22T18:41:13.8777489Z   repo-token: ***
2026-09-22T18:41:13.8777724Z   components: clippy, rustfmt
2026-09-22T18:41:13.8778003Z   protoc-version: 29.3
2026-09-22T18:41:13.8778254Z   enable-sccache: false
2026-09-22T18:41:13.8778472Z env:
2026-09-22T18:41:13.8778663Z   CARGO_TERM_COLOR: always
2026-09-22T18:41:13.8778900Z   RUST_BACKTRACE: 1
2026-09-22T18:41:13.8779133Z   NIGHTLY_TOOLCHAIN: nightly-2026-09-10
2026-09-22T18:41:13.8779444Z   RUNNER_TOOL_CACHE: /opt/hostedtoolcache
2026-09-22T18:41:13.8779735Z   RUNS_ON_HOME: /runs-on
2026-09-22T18:41:13.8779969Z   RUNS_ON_VERSION: v3.3.0
2026-09-22T18:41:13.8780249Z   RUNS_ON_AGENT_BINARY: /runs-on/agent
2026-09-22T18:41:13.8780613Z   RUNS_ON_AGENT_ARCH: arm64
2026-09-22T18:41:13.8780870Z   RUNS_ON_AGENT_USER: runner
2026-09-22T18:41:13.8781128Z   RUNS_ON_AMI_ID: ami-098c62767651982c5
2026-09-22T18:41:13.8781418Z   RUNS_ON_AWS_REGION: us-east-1
2026-09-22T18:41:13.8781677Z   RUNS_ON_AWS_AZ: us-east-1a
2026-09-22T18:41:13.8781954Z   RUNS_ON_ENV_CUSTOM_FILE: /runs-on/env.custom
2026-09-22T18:41:13.8782281Z   RUNS_ON_INSTANCE_ID: i-07ab1646b2bcece62
2026-09-22T18:41:13.8782584Z   RUNS_ON_INSTANCE_LIFECYCLE: on-demand
2026-09-22T18:41:13.8782883Z   RUNS_ON_INSTANCE_TYPE: c7g.metal
2026-09-22T18:41:13.8783161Z   RUNS_ON_STACK_NAME: runs-on-v3
2026-09-22T18:41:13.8783510Z   RUNS_ON_S3_BUCKET_CACHE: runs-on-v3-s3bucketcache-dbnub4tpjhpv
2026-09-22T18:41:13.8783930Z   ACTIONS_RUNNER_HOOK_JOB_STARTED: /runs-on/pre.sh
2026-09-22T18:41:13.8784308Z   ACTIONS_RUNNER_HOOK_JOB_COMPLETED: /runs-on/post.sh
2026-09-22T18:41:13.8784680Z   GITHUB_SERVER_URL: https://github.com/
2026-09-22T18:41:13.8785011Z   GITHUB_API_URL: https://api.github.com/
2026-09-22T18:41:13.8785315Z   GITHUB_HOST: github.com
2026-09-22T18:41:13.8785638Z   RUNS_ON_RUNNER_NAME: runs-on--i-07ab1646b2bcece62--d0776924-8
2026-09-22T18:41:13.8786047Z   RUNS_ON_INSTANCE_LAUNCHED_AT: 2026-09-22T18:40:35Z
2026-09-22T18:41:13.8786402Z   ACTIONS_CACHE_URL: http://10.1.9.206:6871/
2026-09-22T18:41:13.8786716Z   ACTIONS_CACHE_SERVICE_V2: true
2026-09-22T18:41:13.8787011Z   ACTIONS_RESULTS_URL: http://10.1.9.206:6871/
2026-09-22T18:41:13.8787402Z   RUNS_ON_S3_CACHE_REPO_PREFIX: cache/repo/vortex-data/vortex
2026-09-22T18:41:13.8787793Z   RUNS_ON_ACTION_COST_TRACKING_CLAIMED: true
2026-09-22T18:41:13.8788082Z ##[endgroup]
2026-09-22T18:41:13.8858600Z ##[start-action display=Resolve toolchain config;id=__self.toolchain-config]
2026-09-22T18:41:13.8901369Z ##[group]Run DEFAULT_VERSION=$(grep channel rust-toolchain.toml | awk -F'"' '{print $2}')
2026-09-22T18:41:13.8902080Z [36;1mDEFAULT_VERSION=$(grep channel rust-toolchain.toml | awk -F'"' '{print $2}')[0m
2026-09-22T18:41:13.8902622Z [36;1mTOOLCHAIN="${TOOLCHAIN_OVERRIDE:-$DEFAULT_VERSION}"[0m
2026-09-22T18:41:13.8903043Z [36;1mecho "toolchain=$TOOLCHAIN" >> "$GITHUB_OUTPUT"[0m
2026-09-22T18:41:13.8903660Z [36;1mecho "RUSTUP_TOOLCHAIN=$DEFAULT_VERSION" >> "$GITHUB_ENV"[0m
2026-09-22T18:41:13.8925620Z shell: /usr/bin/bash --noprofile --norc -e -o pipefail {0}
2026-09-22T18:41:13.8925983Z env:
2026-09-22T18:41:13.8926177Z   CARGO_TERM_COLOR: always
2026-09-22T18:41:13.8926416Z   RUST_BACKTRACE: 1
2026-09-22T18:41:13.8926889Z   NIGHTLY_TOOLCHAIN: nightly-2026-09-10
2026-09-22T18:41:13.8927200Z   RUNNER_TOOL_CACHE: /opt/hostedtoolcache
2026-09-22T18:41:13.8927490Z   RUNS_ON_HOME: /runs-on
2026-09-22T18:41:13.8927728Z   RUNS_ON_VERSION: v3.3.0
2026-09-22T18:41:13.8927985Z   RUNS_ON_AGENT_BINARY: /runs-on/agent
2026-09-22T18:41:13.8928267Z   RUNS_ON_AGENT_ARCH: arm64
2026-09-22T18:41:13.8928513Z   RUNS_ON_AGENT_USER: runner
2026-09-22T18:41:13.8928989Z   RUNS_ON_AMI_ID: ami-098c62767651982c5
2026-09-22T18:41:13.8929294Z   RUNS_ON_AWS_REGION: us-east-1
2026-09-22T18:41:13.8929553Z   RUNS_ON_AWS_AZ: us-east-1a
2026-09-22T18:41:13.8929834Z   RUNS_ON_ENV_CUSTOM_FILE: /runs-on/env.custom
2026-09-22T18:41:13.8930160Z   RUNS_ON_INSTANCE_ID: i-07ab1646b2bcece62
2026-09-22T18:41:13.8930551Z   RUNS_ON_INSTANCE_LIFECYCLE: on-demand
2026-09-22T18:41:13.8930847Z   RUNS_ON_INSTANCE_TYPE: c7g.metal
2026-09-22T18:41:13.8931121Z   RUNS_ON_STACK_NAME: runs-on-v3
2026-09-22T18:41:13.8931469Z   RUNS_ON_S3_BUCKET_CACHE: runs-on-v3-s3bucketcache-dbnub4tpjhpv
2026-09-22T18:41:13.8931900Z   ACTIONS_RUNNER_HOOK_JOB_STARTED: /runs-on/pre.sh
2026-09-22T18:41:13.8932277Z   ACTIONS_RUNNER_HOOK_JOB_COMPLETED: /runs-on/post.sh
2026-09-22T18:41:13.8932648Z   GITHUB_SERVER_URL: https://github.com/
2026-09-22T18:41:13.8932971Z   GITHUB_API_URL: https://api.github.com/
2026-09-22T18:41:13.8933268Z   GITHUB_HOST: github.com
2026-09-22T18:41:13.8933590Z   RUNS_ON_RUNNER_NAME: runs-on--i-07ab1646b2bcece62--d0776924-8
2026-09-22T18:41:13.8934008Z   RUNS_ON_INSTANCE_LAUNCHED_AT: 2026-09-22T18:40:35Z
2026-09-22T18:41:13.8934356Z   ACTIONS_CACHE_URL: http://10.1.9.206:6871/
2026-09-22T18:41:13.8934664Z   ACTIONS_CACHE_SERVICE_V2: true
2026-09-22T18:41:13.8934957Z   ACTIONS_RESULTS_URL: http://10.1.9.206:6871/
2026-09-22T18:41:13.8935342Z   RUNS_ON_S3_CACHE_REPO_PREFIX: cache/repo/vortex-data/vortex
2026-09-22T18:41:13.8935727Z   RUNS_ON_ACTION_COST_TRACKING_CLAIMED: true
2026-09-22T18:41:13.8936025Z   TOOLCHAIN_OVERRIDE: 
2026-09-22T18:41:13.8936247Z ##[endgroup]
2026-09-22T18:41:13.9020961Z ##[end-action id=__self.toolchain-config;outcome=success;conclusion=success;duration_ms=16]
2026-09-22T18:41:13.9023521Z ##[start-action display=Check for rustup;id=__self.check-rustup]
2026-09-22T18:41:13.9043500Z ##[group]Run echo "exists=$(command -v rustup &> /dev/null && echo 'true' || echo 'false')" >> "$GITHUB_OUTPUT"
2026-09-22T18:41:13.9044277Z [36;1mecho "exists=$(command -v rustup &> /dev/null && echo 'true' || echo 'false')" >> "$GITHUB_OUTPUT"[0m
2026-09-22T18:41:13.9064211Z shell: /usr/bin/bash --noprofile --norc -e -o pipefail {0}
2026-09-22T18:41:13.9064577Z env:
2026-09-22T18:41:13.9064779Z   CARGO_TERM_COLOR: always
2026-09-22T18:41:13.9065016Z   RUST_BACKTRACE: 1
2026-09-22T18:41:13.9065262Z   NIGHTLY_TOOLCHAIN: nightly-2026-09-10
2026-09-22T18:41:13.9065574Z   RUNNER_TOOL_CACHE: /opt/hostedtoolcache
2026-09-22T18:41:13.9065862Z   RUNS_ON_HOME: /runs-on
2026-09-22T18:41:13.9066099Z   RUNS_ON_VERSION: v3.3.0
2026-09-22T18:41:13.9066352Z   RUNS_ON_AGENT_BINARY: /runs-on/agent
2026-09-22T18:41:13.9066647Z   RUNS_ON_AGENT_ARCH: arm64
2026-09-22T18:41:13.9066896Z   RUNS_ON_AGENT_USER: runner
2026-09-22T18:41:13.9067157Z   RUNS_ON_AMI_ID: ami-098c62767651982c5
2026-09-22T18:41:13.9067445Z   RUNS_ON_AWS_REGION: us-east-1
2026-09-22T18:41:13.9067707Z   RUNS_ON_AWS_AZ: us-east-1a
2026-09-22T18:41:13.9067986Z   RUNS_ON_ENV_CUSTOM_FILE: /runs-on/env.custom
2026-09-22T18:41:13.9068313Z   RUNS_ON_INSTANCE_ID: i-07ab1646b2bcece62
2026-09-22T18:41:13.9068623Z   RUNS_ON_INSTANCE_LIFECYCLE: on-demand
2026-09-22T18:41:13.9068920Z   RUNS_ON_INSTANCE_TYPE: c7g.metal
2026-09-22T18:41:13.9069203Z   RUNS_ON_STACK_NAME: runs-on-v3
2026-09-22T18:41:13.9069554Z   RUNS_ON_S3_BUCKET_CACHE: runs-on-v3-s3bucketcache-dbnub4tpjhpv
2026-09-22T18:41:13.9069977Z   ACTIONS_RUNNER_HOOK_JOB_STARTED: /runs-on/pre.sh
2026-09-22T18:41:13.9070354Z   ACTIONS_RUNNER_HOOK_JOB_COMPLETED: /runs-on/post.sh
2026-09-22T18:41:13.9070855Z   GITHUB_SERVER_URL: https://github.com/
2026-09-22T18:41:13.9071198Z   GITHUB_API_URL: https://api.github.com/
2026-09-22T18:41:13.9071760Z   GITHUB_HOST: github.com
2026-09-22T18:41:13.9072088Z   RUNS_ON_RUNNER_NAME: runs-on--i-07ab1646b2bcece62--d0776924-8
2026-09-22T18:41:13.9072494Z   RUNS_ON_INSTANCE_LAUNCHED_AT: 2026-09-22T18:40:35Z
2026-09-22T18:41:13.9072847Z   ACTIONS_CACHE_URL: http://10.1.9.206:6871/
2026-09-22T18:41:13.9073159Z   ACTIONS_CACHE_SERVICE_V2: true
2026-09-22T18:41:13.9073457Z   ACTIONS_RESULTS_URL: http://10.1.9.206:6871/
2026-09-22T18:41:13.9074013Z   RUNS_ON_S3_CACHE_REPO_PREFIX: cache/repo/vortex-data/vortex
2026-09-22T18:41:13.9074434Z   RUNS_ON_ACTION_COST_TRACKING_CLAIMED: true
2026-09-22T18:41:13.9074738Z   RUSTUP_TOOLCHAIN: 1.98.0
2026-09-22T18:41:13.9074976Z ##[endgroup]
2026-09-22T18:41:13.9121480Z ##[end-action id=__self.check-rustup;outcome=success;conclusion=success;duration_ms=9]
2026-09-22T18:41:13.9123899Z ##[start-action display=Install Rust;id=__self.__dtolnay_rust-toolchain]
2026-09-22T18:41:13.9135167Z ##[end-action id=__self.__dtolnay_rust-toolchain;outcome=skipped;conclusion=skipped;duration_ms=0]
2026-09-22T18:41:13.9138983Z ##[start-action display=Reconcile prebuilt Rust installation;id=__self.__run]
2026-09-22T18:41:13.9160896Z ##[group]Run TOOLCHAIN_FOUND=false
2026-09-22T18:41:13.9161267Z [36;1mTOOLCHAIN_FOUND=false[0m
2026-09-22T18:41:13.9161651Z [36;1mfor INSTALLED in $(rustup toolchain list | awk '{print $1}'); do[0m
2026-09-22T18:41:13.9162065Z [36;1m  case "$INSTALLED" in[0m
2026-09-22T18:41:13.9162417Z [36;1m    "$TOOLCHAIN"|"$TOOLCHAIN"-*) TOOLCHAIN_FOUND=true ;;[0m
2026-09-22T18:41:13.9162771Z [36;1m  esac[0m
2026-09-22T18:41:13.9162967Z [36;1mdone[0m
2026-09-22T18:41:13.9163208Z [36;1mif [ "$TOOLCHAIN_FOUND" != true ]; then[0m
2026-09-22T18:41:13.9163618Z [36;1m  rustup toolchain install "$TOOLCHAIN" --profile minimal[0m
2026-09-22T18:41:13.9164076Z [36;1mfi[0m
2026-09-22T18:41:13.9164291Z [36;1m[0m
2026-09-22T18:41:13.9164586Z [36;1mTOOLCHAIN_HOST=$(rustc +"$TOOLCHAIN" --print host-tuple)[0m
2026-09-22T18:41:13.9165168Z [36;1mINSTALLED_COMPONENTS=$(rustup component list --toolchain "$TOOLCHAIN" --installed)[0m
2026-09-22T18:41:13.9165665Z [36;1mMISSING_COMPONENTS=()[0m
2026-09-22T18:41:13.9166010Z [36;1mIFS=',' read -ra REQUESTED_COMPONENTS <<< "$COMPONENTS"[0m
2026-09-22T18:41:13.9166441Z [36;1mfor COMPONENT in "${REQUESTED_COMPONENTS[@]}"; do[0m
2026-09-22T18:41:13.9166803Z [36;1m  COMPONENT=${COMPONENT// /}[0m
2026-09-22T18:41:13.9167112Z [36;1m  [ -z "$COMPONENT" ] && continue[0m
2026-09-22T18:41:13.9167441Z [36;1m  if [ "$COMPONENT" = llvm-tools ]; then[0m
2026-09-22T18:41:13.9167781Z [36;1m    COMPONENT=llvm-tools-preview[0m
2026-09-22T18:41:13.9168070Z [36;1m  fi[0m
2026-09-22T18:41:13.9168379Z [36;1m  if ! grep -Fqx "$COMPONENT" <<< "$INSTALLED_COMPONENTS" && \[0m
2026-09-22T18:41:13.9168914Z [36;1m     ! grep -Fqx "$COMPONENT-$TOOLCHAIN_HOST" <<< "$INSTALLED_COMPONENTS"; then[0m
2026-09-22T18:41:13.9169402Z [36;1m    MISSING_COMPONENTS+=("$COMPONENT")[0m
2026-09-22T18:41:13.9169721Z [36;1m  fi[0m
2026-09-22T18:41:13.9169917Z [36;1mdone[0m
2026-09-22T18:41:13.9170169Z [36;1mif [ ${#MISSING_COMPONENTS[@]} -gt 0 ]; then[0m
2026-09-22T18:41:13.9170733Z [36;1m  rustup component add --toolchain "$TOOLCHAIN" "${MISSING_COMPONENTS[@]}"[0m
2026-09-22T18:41:13.9171167Z [36;1mfi[0m
2026-09-22T18:41:13.9171357Z [36;1m[0m
2026-09-22T18:41:13.9171716Z [36;1mINSTALLED_TARGETS=$(rustup target list --toolchain "$TOOLCHAIN" --installed)[0m
2026-09-22T18:41:13.9172183Z [36;1mMISSING_TARGETS=()[0m
2026-09-22T18:41:13.9172501Z [36;1mIFS=',' read -ra REQUESTED_TARGETS <<< "$TARGETS"[0m
2026-09-22T18:41:13.9172887Z [36;1mfor TARGET in "${REQUESTED_TARGETS[@]}"; do[0m
2026-09-22T18:41:13.9173216Z [36;1m  TARGET=${TARGET// /}[0m
2026-09-22T18:41:13.9173487Z [36;1m  [ -z "$TARGET" ] && continue[0m
2026-09-22T18:41:13.9173847Z [36;1m  if ! grep -Fqx "$TARGET" <<< "$INSTALLED_TARGETS"; then[0m
2026-09-22T18:41:13.9174228Z [36;1m    MISSING_TARGETS+=("$TARGET")[0m
2026-09-22T18:41:13.9174766Z [36;1m  fi[0m
2026-09-22T18:41:13.9174962Z [36;1mdone[0m
2026-09-22T18:41:13.9175206Z [36;1mif [ ${#MISSING_TARGETS[@]} -gt 0 ]; then[0m
2026-09-22T18:41:13.9175644Z [36;1m  rustup target add --toolchain "$TOOLCHAIN" "${MISSING_TARGETS[@]}"[0m
2026-09-22T18:41:13.9176042Z [36;1mfi[0m
2026-09-22T18:41:13.9195645Z shell: /usr/bin/bash --noprofile --norc -e -o pipefail {0}
2026-09-22T18:41:13.9196005Z env:
2026-09-22T18:41:13.9196382Z   CARGO_TERM_COLOR: always
2026-09-22T18:41:13.9196649Z   RUST_BACKTRACE: 1
2026-09-22T18:41:13.9196891Z   NIGHTLY_TOOLCHAIN: nightly-2026-09-10
2026-09-22T18:41:13.9197201Z   RUNNER_TOOL_CACHE: /opt/hostedtoolcache
2026-09-22T18:41:13.9197491Z   RUNS_ON_HOME: /runs-on
2026-09-22T18:41:13.9197728Z   RUNS_ON_VERSION: v3.3.0
2026-09-22T18:41:13.9197980Z   RUNS_ON_AGENT_BINARY: /runs-on/agent
2026-09-22T18:41:13.9198259Z   RUNS_ON_AGENT_ARCH: arm64
2026-09-22T18:41:13.9198504Z   RUNS_ON_AGENT_USER: runner
2026-09-22T18:41:13.9198765Z   RUNS_ON_AMI_ID: ami-098c62767651982c5
2026-09-22T18:41:13.9199058Z   RUNS_ON_AWS_REGION: us-east-1
2026-09-22T18:41:13.9199319Z   RUNS_ON_AWS_AZ: us-east-1a
2026-09-22T18:41:13.9199602Z   RUNS_ON_ENV_CUSTOM_FILE: /runs-on/env.custom
2026-09-22T18:41:13.9199927Z   RUNS_ON_INSTANCE_ID: i-07ab1646b2bcece62
2026-09-22T18:41:13.9200234Z   RUNS_ON_INSTANCE_LIFECYCLE: on-demand
2026-09-22T18:41:13.9200609Z   RUNS_ON_INSTANCE_TYPE: c7g.metal
2026-09-22T18:41:13.9200885Z   RUNS_ON_STACK_NAME: runs-on-v3
2026-09-22T18:41:13.9201246Z   RUNS_ON_S3_BUCKET_CACHE: runs-on-v3-s3bucketcache-dbnub4tpjhpv
2026-09-22T18:41:13.9201665Z   ACTIONS_RUNNER_HOOK_JOB_STARTED: /runs-on/pre.sh
2026-09-22T18:41:13.9202039Z   ACTIONS_RUNNER_HOOK_JOB_COMPLETED: /runs-on/post.sh
2026-09-22T18:41:13.9202409Z   GITHUB_SERVER_URL: https://github.com/
2026-09-22T18:41:13.9202735Z   GITHUB_API_URL: https://api.github.com/
2026-09-22T18:41:13.9203035Z   GITHUB_HOST: github.com
2026-09-22T18:41:13.9203360Z   RUNS_ON_RUNNER_NAME: runs-on--i-07ab1646b2bcece62--d0776924-8
2026-09-22T18:41:13.9203773Z   RUNS_ON_INSTANCE_LAUNCHED_AT: 2026-09-22T18:40:35Z
2026-09-22T18:41:13.9204124Z   ACTIONS_CACHE_URL: http://10.1.9.206:6871/
2026-09-22T18:41:13.9204437Z   ACTIONS_CACHE_SERVICE_V2: true
2026-09-22T18:41:13.9204730Z   ACTIONS_RESULTS_URL: http://10.1.9.206:6871/
2026-09-22T18:41:13.9205115Z   RUNS_ON_S3_CACHE_REPO_PREFIX: cache/repo/vortex-data/vortex
2026-09-22T18:41:13.9205499Z   RUNS_ON_ACTION_COST_TRACKING_CLAIMED: true
2026-09-22T18:41:13.9205807Z   RUSTUP_TOOLCHAIN: 1.98.0
2026-09-22T18:41:13.9206049Z   TOOLCHAIN: 1.98.0
2026-09-22T18:41:13.9206281Z   COMPONENTS: clippy, rustfmt
2026-09-22T18:41:13.9206527Z   TARGETS: 
2026-09-22T18:41:13.9206716Z ##[endgroup]
2026-09-22T18:41:14.1759173Z info: syncing channel updates for 1.98.0-aarch64-unknown-linux-gnu
2026-09-22T18:41:14.3187281Z info: latest update on 2026-08-20 for version 1.98.0 (88d9e12ae 2026-08-18)
2026-09-22T18:41:14.3195465Z info: downloading 3 components
2026-09-22T18:41:20.3947467Z info: syncing channel updates for 1.98.0-aarch64-unknown-linux-gnu
2026-09-22T18:41:20.4425818Z 
2026-09-22T18:41:20.4481359Z   1.98.0-aarch64-unknown-linux-gnu unchanged - rustc 1.98.0 (88d9e12ae 2026-08-18)
2026-09-22T18:41:20.4481725Z 
2026-09-22T18:41:20.5454864Z info: downloading component clippy
2026-09-22T18:41:21.0127713Z info: downloading component rustfmt
2026-09-22T18:41:21.2974014Z ##[end-action id=__self.__run;outcome=success;conclusion=success;duration_ms=7383]
2026-09-22T18:41:21.2977016Z ##[start-action display=Reconcile mold installation;id=__self.__run_2]
2026-09-22T18:41:21.2997102Z ##[group]Run if ! command -v mold >/dev/null; then
2026-09-22T18:41:21.2997496Z [36;1mif ! command -v mold >/dev/null; then[0m
2026-09-22T18:41:21.2997814Z [36;1m  sudo apt-get update[0m
2026-09-22T18:41:21.2998088Z [36;1m  sudo apt-get install -y mold[0m
2026-09-22T18:41:21.2998362Z [36;1mfi[0m
2026-09-22T18:41:21.3040060Z shell: /usr/bin/bash --noprofile --norc -e -o pipefail {0}
2026-09-22T18:41:21.3040417Z env:
2026-09-22T18:41:21.3040999Z   CARGO_TERM_COLOR: always
2026-09-22T18:41:21.3041240Z   RUST_BACKTRACE: 1
2026-09-22T18:41:21.3041473Z   NIGHTLY_TOOLCHAIN: nightly-2026-09-10
2026-09-22T18:41:21.3041780Z   RUNNER_TOOL_CACHE: /opt/hostedtoolcache
2026-09-22T18:41:21.3042071Z   RUNS_ON_HOME: /runs-on
2026-09-22T18:41:21.3042306Z   RUNS_ON_VERSION: v3.3.0
2026-09-22T18:41:21.3042558Z   RUNS_ON_AGENT_BINARY: /runs-on/agent
2026-09-22T18:41:21.3042839Z   RUNS_ON_AGENT_ARCH: arm64
2026-09-22T18:41:21.3043238Z   RUNS_ON_AGENT_USER: runner
2026-09-22T18:41:21.3043507Z   RUNS_ON_AMI_ID: ami-098c62767651982c5
2026-09-22T18:41:21.3043793Z   RUNS_ON_AWS_REGION: us-east-1
2026-09-22T18:41:21.3044049Z   RUNS_ON_AWS_AZ: us-east-1a
2026-09-22T18:41:21.3044324Z   RUNS_ON_ENV_CUSTOM_FILE: /runs-on/env.custom
2026-09-22T18:41:21.3044645Z   RUNS_ON_INSTANCE_ID: i-07ab1646b2bcece62
2026-09-22T18:41:21.3044943Z   RUNS_ON_INSTANCE_LIFECYCLE: on-demand
2026-09-22T18:41:21.3045237Z   RUNS_ON_INSTANCE_TYPE: c7g.metal
2026-09-22T18:41:21.3045512Z   RUNS_ON_STACK_NAME: runs-on-v3
2026-09-22T18:41:21.3045867Z   RUNS_ON_S3_BUCKET_CACHE: runs-on-v3-s3bucketcache-dbnub4tpjhpv
2026-09-22T18:41:21.3046287Z   ACTIONS_RUNNER_HOOK_JOB_STARTED: /runs-on/pre.sh
2026-09-22T18:41:21.3046657Z   ACTIONS_RUNNER_HOOK_JOB_COMPLETED: /runs-on/post.sh
2026-09-22T18:41:21.3047022Z   GITHUB_SERVER_URL: https://github.com/
2026-09-22T18:41:21.3047342Z   GITHUB_API_URL: https://api.github.com/
2026-09-22T18:41:21.3047642Z   GITHUB_HOST: github.com
2026-09-22T18:41:21.3047969Z   RUNS_ON_RUNNER_NAME: runs-on--i-07ab1646b2bcece62--d0776924-8
2026-09-22T18:41:21.3048371Z   RUNS_ON_INSTANCE_LAUNCHED_AT: 2026-09-22T18:40:35Z
2026-09-22T18:41:21.3048715Z   ACTIONS_CACHE_URL: http://10.1.9.206:6871/
2026-09-22T18:41:21.3049050Z   ACTIONS_CACHE_SERVICE_V2: true
2026-09-22T18:41:21.3049336Z   ACTIONS_RESULTS_URL: http://10.1.9.206:6871/
2026-09-22T18:41:21.3049717Z   RUNS_ON_S3_CACHE_REPO_PREFIX: cache/repo/vortex-data/vortex
2026-09-22T18:41:21.3050093Z   RUNS_ON_ACTION_COST_TRACKING_CLAIMED: true
2026-09-22T18:41:21.3050402Z   RUSTUP_TOOLCHAIN: 1.98.0
2026-09-22T18:41:21.3050733Z ##[endgroup]
2026-09-22T18:41:21.3095121Z ##[end-action id=__self.__run_2;outcome=success;conclusion=success;duration_ms=11]
2026-09-22T18:41:21.3098124Z ##[start-action display=Check protoc installation;id=__self.check-protoc]
2026-09-22T18:41:21.3116701Z ##[group]Run EXPECTED="libprotoc $PROTOC_VERSION"
2026-09-22T18:41:21.3117091Z [36;1mEXPECTED="libprotoc $PROTOC_VERSION"[0m
2026-09-22T18:41:21.3117472Z [36;1mACTUAL=$(protoc --version 2>/dev/null || true)[0m
2026-09-22T18:41:21.3117992Z [36;1mecho "install=$([ "$ACTUAL" = "$EXPECTED" ] && echo false || echo true)" >> "$GITHUB_OUTPUT"[0m
2026-09-22T18:41:21.3137698Z shell: /usr/bin/bash --noprofile --norc -e -o pipefail {0}
2026-09-22T18:41:21.3138045Z env:
2026-09-22T18:41:21.3138234Z   CARGO_TERM_COLOR: always
2026-09-22T18:41:21.3138471Z   RUST_BACKTRACE: 1
2026-09-22T18:41:21.3138707Z   NIGHTLY_TOOLCHAIN: nightly-2026-09-10
2026-09-22T18:41:21.3139022Z   RUNNER_TOOL_CACHE: /opt/hostedtoolcache
2026-09-22T18:41:21.3139309Z   RUNS_ON_HOME: /runs-on
2026-09-22T18:41:21.3139543Z   RUNS_ON_VERSION: v3.3.0
2026-09-22T18:41:21.3139793Z   RUNS_ON_AGENT_BINARY: /runs-on/agent
2026-09-22T18:41:21.3140072Z   RUNS_ON_AGENT_ARCH: arm64
2026-09-22T18:41:21.3140319Z   RUNS_ON_AGENT_USER: runner
2026-09-22T18:41:21.3140643Z   RUNS_ON_AMI_ID: ami-098c62767651982c5
2026-09-22T18:41:21.3140922Z   RUNS_ON_AWS_REGION: us-east-1
2026-09-22T18:41:21.3141187Z   RUNS_ON_AWS_AZ: us-east-1a
2026-09-22T18:41:21.3141466Z   RUNS_ON_ENV_CUSTOM_FILE: /runs-on/env.custom
2026-09-22T18:41:21.3141790Z   RUNS_ON_INSTANCE_ID: i-07ab1646b2bcece62
2026-09-22T18:41:21.3142094Z   RUNS_ON_INSTANCE_LIFECYCLE: on-demand
2026-09-22T18:41:21.3142383Z   RUNS_ON_INSTANCE_TYPE: c7g.metal
2026-09-22T18:41:21.3142655Z   RUNS_ON_STACK_NAME: runs-on-v3
2026-09-22T18:41:21.3143000Z   RUNS_ON_S3_BUCKET_CACHE: runs-on-v3-s3bucketcache-dbnub4tpjhpv
2026-09-22T18:41:21.3143414Z   ACTIONS_RUNNER_HOOK_JOB_STARTED: /runs-on/pre.sh
2026-09-22T18:41:21.3144008Z   ACTIONS_RUNNER_HOOK_JOB_COMPLETED: /runs-on/post.sh
2026-09-22T18:41:21.3144373Z   GITHUB_SERVER_URL: https://github.com/
2026-09-22T18:41:21.3144692Z   GITHUB_API_URL: https://api.github.com/
2026-09-22T18:41:21.3144986Z   GITHUB_HOST: github.com
2026-09-22T18:41:21.3145304Z   RUNS_ON_RUNNER_NAME: runs-on--i-07ab1646b2bcece62--d0776924-8
2026-09-22T18:41:21.3145707Z   RUNS_ON_INSTANCE_LAUNCHED_AT: 2026-09-22T18:40:35Z
2026-09-22T18:41:21.3146195Z   ACTIONS_CACHE_URL: http://10.1.9.206:6871/
2026-09-22T18:41:21.3146511Z   ACTIONS_CACHE_SERVICE_V2: true
2026-09-22T18:41:21.3146801Z   ACTIONS_RESULTS_URL: http://10.1.9.206:6871/
2026-09-22T18:41:21.3147191Z   RUNS_ON_S3_CACHE_REPO_PREFIX: cache/repo/vortex-data/vortex
2026-09-22T18:41:21.3147570Z   RUNS_ON_ACTION_COST_TRACKING_CLAIMED: true
2026-09-22T18:41:21.3147872Z   RUSTUP_TOOLCHAIN: 1.98.0
2026-09-22T18:41:21.3148116Z   PROTOC_VERSION: 29.3
2026-09-22T18:41:21.3148335Z ##[endgroup]
2026-09-22T18:41:21.3812495Z ##[end-action id=__self.check-protoc;outcome=success;conclusion=success;duration_ms=71]
2026-09-22T18:41:21.3814567Z ##[start-action display=Install protoc;id=__self.__self]
2026-09-22T18:41:21.3819322Z ##[end-action id=__self.__self;outcome=skipped;conclusion=skipped;duration_ms=0]
2026-09-22T18:41:21.3821420Z ##[start-action display=Install sccache;id=__self.__self_2]
2026-09-22T18:41:21.3826054Z ##[end-action id=__self.__self_2;outcome=skipped;conclusion=skipped;duration_ms=0]
2026-09-22T18:41:21.3827959Z ##[start-action display=Configure sccache timeout;id=__self.__run_3]
2026-09-22T18:41:21.3832671Z ##[end-action id=__self.__run_3;outcome=skipped;conclusion=skipped;duration_ms=0]
2026-09-22T18:41:21.3834532Z ##[start-action display=Enable compiler caching;id=__self.__run_4]
2026-09-22T18:41:21.3839011Z ##[end-action id=__self.__run_4;outcome=skipped;conclusion=skipped;duration_ms=0]
2026-09-22T18:41:21.3840989Z ##[start-action display=Full Rust setup;id=__self.__self_3]
2026-09-22T18:41:21.3844556Z ##[end-action id=__self.__self_3;outcome=skipped;conclusion=skipped;duration_ms=0]
2026-09-22T18:41:21.3846570Z ##[start-action display=Install flatc (for FlatBuffers code generation);id=__self.__self_4]
2026-09-22T18:41:21.3876383Z Prepare all required actions
2026-09-22T18:41:21.3917094Z ##[group]Run ./.github/actions/setup-flatc
2026-09-22T18:41:21.3917379Z with:
2026-09-22T18:41:21.3917577Z   flatc_version: 25.12.19
2026-09-22T18:41:21.3917795Z env:
2026-09-22T18:41:21.3917991Z   CARGO_TERM_COLOR: always
2026-09-22T18:41:21.3918227Z   RUST_BACKTRACE: 1
2026-09-22T18:41:21.3918456Z   NIGHTLY_TOOLCHAIN: nightly-2026-09-10
2026-09-22T18:41:21.3918760Z   RUNNER_TOOL_CACHE: /opt/hostedtoolcache
2026-09-22T18:41:21.3919047Z   RUNS_ON_HOME: /runs-on
2026-09-22T18:41:21.3919284Z   RUNS_ON_VERSION: v3.3.0
2026-09-22T18:41:21.3919535Z   RUNS_ON_AGENT_BINARY: /runs-on/agent
2026-09-22T18:41:21.3919813Z   RUNS_ON_AGENT_ARCH: arm64
2026-09-22T18:41:21.3920060Z   RUNS_ON_AGENT_USER: runner
2026-09-22T18:41:21.3920318Z   RUNS_ON_AMI_ID: ami-098c62767651982c5
2026-09-22T18:41:21.3920688Z   RUNS_ON_AWS_REGION: us-east-1
2026-09-22T18:41:21.3920954Z   RUNS_ON_AWS_AZ: us-east-1a
2026-09-22T18:41:21.3921231Z   RUNS_ON_ENV_CUSTOM_FILE: /runs-on/env.custom
2026-09-22T18:41:21.3921555Z   RUNS_ON_INSTANCE_ID: i-07ab1646b2bcece62
2026-09-22T18:41:21.3921859Z   RUNS_ON_INSTANCE_LIFECYCLE: on-demand
2026-09-22T18:41:21.3922150Z   RUNS_ON_INSTANCE_TYPE: c7g.metal
2026-09-22T18:41:21.3922431Z   RUNS_ON_STACK_NAME: runs-on-v3
2026-09-22T18:41:21.3922783Z   RUNS_ON_S3_BUCKET_CACHE: runs-on-v3-s3bucketcache-dbnub4tpjhpv
2026-09-22T18:41:21.3923203Z   ACTIONS_RUNNER_HOOK_JOB_STARTED: /runs-on/pre.sh
2026-09-22T18:41:21.3923575Z   ACTIONS_RUNNER_HOOK_JOB_COMPLETED: /runs-on/post.sh
2026-09-22T18:41:21.3923934Z   GITHUB_SERVER_URL: https://github.com/
2026-09-22T18:41:21.3924252Z   GITHUB_API_URL: https://api.github.com/
2026-09-22T18:41:21.3924554Z   GITHUB_HOST: github.com
2026-09-22T18:41:21.3924876Z   RUNS_ON_RUNNER_NAME: runs-on--i-07ab1646b2bcece62--d0776924-8
2026-09-22T18:41:21.3925508Z   RUNS_ON_INSTANCE_LAUNCHED_AT: 2026-09-22T18:40:35Z
2026-09-22T18:41:21.3925865Z   ACTIONS_CACHE_URL: http://10.1.9.206:6871/
2026-09-22T18:41:21.3926176Z   ACTIONS_CACHE_SERVICE_V2: true
2026-09-22T18:41:21.3926470Z   ACTIONS_RESULTS_URL: http://10.1.9.206:6871/
2026-09-22T18:41:21.3926853Z   RUNS_ON_S3_CACHE_REPO_PREFIX: cache/repo/vortex-data/vortex
2026-09-22T18:41:21.3927230Z   RUNS_ON_ACTION_COST_TRACKING_CLAIMED: true
2026-09-22T18:41:21.3927660Z   RUSTUP_TOOLCHAIN: 1.98.0
2026-09-22T18:41:21.3927906Z ##[endgroup]
2026-09-22T18:41:21.3931039Z ##[start-action display=Install flatc;id=__self.__self_4.__run]
2026-09-22T18:41:21.3966260Z ##[group]Run set -euo pipefail
2026-09-22T18:41:21.3966635Z [36;1mset -euo pipefail[0m
2026-09-22T18:41:21.3966877Z [36;1m[0m
2026-09-22T18:41:21.3967069Z [36;1mVERSION="25.12.19"[0m
2026-09-22T18:41:21.3967449Z [36;1mif [ "$(flatc --version 2>/dev/null)" = "flatc version ${VERSION}" ]; then[0m
2026-09-22T18:41:21.3967937Z [36;1m  echo "flatc ${VERSION} is already installed"[0m
2026-09-22T18:41:21.3968260Z [36;1m  exit 0[0m
2026-09-22T18:41:21.3968459Z [36;1mfi[0m
2026-09-22T18:41:21.3968649Z [36;1m[0m
2026-09-22T18:41:21.3968839Z [36;1mARCH=$(uname -m)[0m
2026-09-22T18:41:21.3969124Z [36;1mOS=$(uname -s | tr '[:upper:]' '[:lower:]')[0m
2026-09-22T18:41:21.3969429Z [36;1m[0m
2026-09-22T18:41:21.3969772Z [36;1m# Official binaries exist for x86_64 glibc Linux, macOS and Windows only.[0m
2026-09-22T18:41:21.3970200Z [36;1mASSET=""[0m
2026-09-22T18:41:21.3970413Z [36;1mcase "$OS" in[0m
2026-09-22T18:41:21.3970791Z [36;1m  linux)[0m
2026-09-22T18:41:21.3971107Z [36;1m    if [ "$ARCH" = "x86_64" ] && ! ldd /bin/sh 2>&1 | grep -qi musl; then[0m
2026-09-22T18:41:21.3971555Z [36;1m      ASSET="Linux.flatc.binary.clang++-18.zip"[0m
2026-09-22T18:41:21.3971879Z [36;1m    fi[0m
2026-09-22T18:41:21.3972074Z [36;1m    ;;[0m
2026-09-22T18:41:21.3972275Z [36;1m  darwin)[0m
2026-09-22T18:41:21.3972496Z [36;1m    case "$ARCH" in[0m
2026-09-22T18:41:21.3972797Z [36;1m      arm64)  ASSET="Mac.flatc.binary.zip" ;;[0m
2026-09-22T18:41:21.3973182Z [36;1m      x86_64) ASSET="MacIntel.flatc.binary.zip" ;;[0m
2026-09-22T18:41:21.3973510Z [36;1m    esac[0m
2026-09-22T18:41:21.3973707Z [36;1m    ;;[0m
2026-09-22T18:41:21.3973954Z [36;1m  *) ASSET="Windows.flatc.binary.zip" ;;[0m
2026-09-22T18:41:21.3974254Z [36;1mesac[0m
2026-09-22T18:41:21.3974443Z [36;1m[0m
2026-09-22T18:41:21.3974810Z [36;1m# This sometimes runs in a container where the user is root and there is no sudo.[0m
2026-09-22T18:41:21.3975286Z [36;1mif command -v sudo &>/dev/null[0m
2026-09-22T18:41:21.3975559Z [36;1mthen[0m
2026-09-22T18:41:21.3975759Z [36;1m  CMD=sudo[0m
2026-09-22T18:41:21.3975968Z [36;1melse[0m
2026-09-22T18:41:21.3976159Z [36;1m  CMD=[0m
2026-09-22T18:41:21.3976364Z [36;1mfi[0m
2026-09-22T18:41:21.3976548Z [36;1m[0m
2026-09-22T18:41:21.3976926Z [36;1mRELEASE="https://github.com/google/flatbuffers/releases/download/v${VERSION}"[0m
2026-09-22T18:41:21.3977404Z [36;1mif [ -n "$ASSET" ]; then[0m
2026-09-22T18:41:21.3977737Z [36;1m  curl -fsSL -o /tmp/flatc.zip "${RELEASE}/${ASSET}"[0m
2026-09-22T18:41:21.3978126Z [36;1m  unzip -o /tmp/flatc.zip -d /tmp/flatc[0m
2026-09-22T18:41:21.3978448Z [36;1m  rm -f /tmp/flatc.zip[0m
2026-09-22T18:41:21.3978696Z [36;1melse[0m
2026-09-22T18:41:21.3979072Z [36;1m  echo "No official flatc binary for ${OS}/${ARCH}; building ${VERSION} from source"[0m
2026-09-22T18:41:21.3979580Z [36;1m  git clone --depth 1 --branch "v${VERSION}" \[0m
2026-09-22T18:41:21.3980021Z [36;1m    https://github.com/google/flatbuffers.git /tmp/flatbuffers[0m
2026-09-22T18:41:21.3980567Z [36;1m  cmake -S /tmp/flatbuffers -B /tmp/flatbuffers/build \[0m
2026-09-22T18:41:21.3980956Z [36;1m    -DCMAKE_BUILD_TYPE=Release \[0m
2026-09-22T18:41:21.3981278Z [36;1m    -DFLATBUFFERS_BUILD_TESTS=OFF \[0m
2026-09-22T18:41:21.3981611Z [36;1m    -DFLATBUFFERS_BUILD_FLATLIB=OFF \[0m
2026-09-22T18:41:21.3982233Z [36;1m    -DFLATBUFFERS_BUILD_FLATHASH=OFF \[0m
2026-09-22T18:41:21.3982557Z [36;1m    -DFLATBUFFERS_INSTALL=OFF[0m
2026-09-22T18:41:21.3982923Z [36;1m  cmake --build /tmp/flatbuffers/build --target flatc \[0m
2026-09-22T18:41:21.3983341Z [36;1m    --parallel "$(nproc 2>/dev/null || echo 4)"[0m
2026-09-22T18:41:21.3983678Z [36;1m  mkdir -p /tmp/flatc[0m
2026-09-22T18:41:21.3983999Z [36;1m  mv /tmp/flatbuffers/build/flatc /tmp/flatc/flatc[0m
2026-09-22T18:41:21.3984484Z [36;1m  rm -rf /tmp/flatbuffers[0m
2026-09-22T18:41:21.3984757Z [36;1mfi[0m
2026-09-22T18:41:21.3984946Z [36;1m[0m
2026-09-22T18:41:21.3985193Z [36;1mif [ "$OS" = "linux" ] || [ "$OS" = "darwin" ]; then[0m
2026-09-22T18:41:21.3985568Z [36;1m  $CMD mv /tmp/flatc/flatc /usr/local/bin/[0m
2026-09-22T18:41:21.3985870Z [36;1melse[0m
2026-09-22T18:41:21.3986211Z [36;1m  # Windows runners do not have /usr/local/bin on PATH for non-bash steps.[0m
2026-09-22T18:41:21.3986649Z [36;1m  mkdir -p "$HOME/.local/bin"[0m
2026-09-22T18:41:21.3986982Z [36;1m  mv /tmp/flatc/flatc.exe "$HOME/.local/bin/"[0m
2026-09-22T18:41:21.3987361Z [36;1m  cygpath -w "$HOME/.local/bin" >> "$GITHUB_PATH"[0m
2026-09-22T18:41:21.3987728Z [36;1m  export PATH="$HOME/.local/bin:$PATH"[0m
2026-09-22T18:41:21.3988020Z [36;1mfi[0m
2026-09-22T18:41:21.3988199Z [36;1m[0m
2026-09-22T18:41:21.3988396Z [36;1mrm -rf /tmp/flatc[0m
2026-09-22T18:41:21.3988646Z [36;1mflatc --version[0m
2026-09-22T18:41:21.4007960Z shell: /usr/bin/bash --noprofile --norc -e -o pipefail {0}
2026-09-22T18:41:21.4008310Z env:
2026-09-22T18:41:21.4008505Z   CARGO_TERM_COLOR: always
2026-09-22T18:41:21.4008741Z   RUST_BACKTRACE: 1
2026-09-22T18:41:21.4008975Z   NIGHTLY_TOOLCHAIN: nightly-2026-09-10
2026-09-22T18:41:21.4009282Z   RUNNER_TOOL_CACHE: /opt/hostedtoolcache
2026-09-22T18:41:21.4009571Z   RUNS_ON_HOME: /runs-on
2026-09-22T18:41:21.4009805Z   RUNS_ON_VERSION: v3.3.0
2026-09-22T18:41:21.4010055Z   RUNS_ON_AGENT_BINARY: /runs-on/agent
2026-09-22T18:41:21.4010340Z   RUNS_ON_AGENT_ARCH: arm64
2026-09-22T18:41:21.4010655Z   RUNS_ON_AGENT_USER: runner
2026-09-22T18:41:21.4010910Z   RUNS_ON_AMI_ID: ami-098c62767651982c5
2026-09-22T18:41:21.4011197Z   RUNS_ON_AWS_REGION: us-east-1
2026-09-22T18:41:21.4011453Z   RUNS_ON_AWS_AZ: us-east-1a
2026-09-22T18:41:21.4011727Z   RUNS_ON_ENV_CUSTOM_FILE: /runs-on/env.custom
2026-09-22T18:41:21.4012050Z   RUNS_ON_INSTANCE_ID: i-07ab1646b2bcece62
2026-09-22T18:41:21.4012355Z   RUNS_ON_INSTANCE_LIFECYCLE: on-demand
2026-09-22T18:41:21.4012644Z   RUNS_ON_INSTANCE_TYPE: c7g.metal
2026-09-22T18:41:21.4012922Z   RUNS_ON_STACK_NAME: runs-on-v3
2026-09-22T18:41:21.4013266Z   RUNS_ON_S3_BUCKET_CACHE: runs-on-v3-s3bucketcache-dbnub4tpjhpv
2026-09-22T18:41:21.4013684Z   ACTIONS_RUNNER_HOOK_JOB_STARTED: /runs-on/pre.sh
2026-09-22T18:41:21.4014055Z   ACTIONS_RUNNER_HOOK_JOB_COMPLETED: /runs-on/post.sh
2026-09-22T18:41:21.4014411Z   GITHUB_SERVER_URL: https://github.com/
2026-09-22T18:41:21.4014732Z   GITHUB_API_URL: https://api.github.com/
2026-09-22T18:41:21.4015032Z   GITHUB_HOST: github.com
2026-09-22T18:41:21.4015350Z   RUNS_ON_RUNNER_NAME: runs-on--i-07ab1646b2bcece62--d0776924-8
2026-09-22T18:41:21.4015755Z   RUNS_ON_INSTANCE_LAUNCHED_AT: 2026-09-22T18:40:35Z
2026-09-22T18:41:21.4016101Z   ACTIONS_CACHE_URL: http://10.1.9.206:6871/
2026-09-22T18:41:21.4016409Z   ACTIONS_CACHE_SERVICE_V2: true
2026-09-22T18:41:21.4016698Z   ACTIONS_RESULTS_URL: http://10.1.9.206:6871/
2026-09-22T18:41:21.4017083Z   RUNS_ON_S3_CACHE_REPO_PREFIX: cache/repo/vortex-data/vortex
2026-09-22T18:41:21.4017461Z   RUNS_ON_ACTION_COST_TRACKING_CLAIMED: true
2026-09-22T18:41:21.4017762Z   RUSTUP_TOOLCHAIN: 1.98.0
2026-09-22T18:41:21.4017993Z ##[endgroup]
2026-09-22T18:41:21.4085072Z No official flatc binary for linux/aarch64; building 25.12.19 from source
2026-09-22T18:41:21.4094645Z Cloning into '/tmp/flatbuffers'...
2026-09-22T18:41:22.1298894Z warning: refs/tags/v25.12.19 282dcb1c3266b45600510da4810092f6ec4c85f2 is not a commit!
2026-09-22T18:41:22.1305605Z Note: switching to '7e163021e59cca4f8e1e35a7c828b5c6b7915953'.
2026-09-22T18:41:22.1306206Z 
2026-09-22T18:41:22.1306432Z You are in 'detached HEAD' state. You can look around, make experimental
2026-09-22T18:41:22.1306969Z changes and commit them, and you can discard any commits you make in this
2026-09-22T18:41:22.1307487Z state without impacting any branches by switching back to a branch.
2026-09-22T18:41:22.1307790Z 
2026-09-22T18:41:22.1308153Z If you want to create a new branch to retain commits you create, you may
2026-09-22T18:41:22.1308648Z do so (now or later) by using -c with the switch command. Example:
2026-09-22T18:41:22.1308928Z 
2026-09-22T18:41:22.1309034Z   git switch -c <new-branch-name>
2026-09-22T18:41:22.1309215Z 
2026-09-22T18:41:22.1309313Z Or undo this operation with:
2026-09-22T18:41:22.1309479Z 
2026-09-22T18:41:22.1309560Z   git switch -
2026-09-22T18:41:22.1309687Z 
2026-09-22T18:41:22.1309920Z Turn off this advice by setting config variable advice.detachedHead to false
2026-09-22T18:41:22.1310258Z 
2026-09-22T18:41:22.3163052Z -- Proceeding with version: 25.12.19.0
2026-09-22T18:41:22.7575979Z -- The CXX compiler identification is GNU 13.3.0
2026-09-22T18:41:22.7831233Z -- Detecting CXX compiler ABI info
2026-09-22T18:41:22.8711841Z -- Detecting CXX compiler ABI info - done
2026-09-22T18:41:22.8876857Z -- Check for working CXX compiler: /usr/bin/c++ - skipped
2026-09-22T18:41:22.8886195Z -- Detecting CXX compile features
2026-09-22T18:41:22.8896782Z -- Detecting CXX compile features - done
2026-09-22T18:41:22.8999234Z -- Looking for strtof_l
2026-09-22T18:41:23.0117542Z -- Looking for strtof_l - found
2026-09-22T18:41:23.0119005Z -- Looking for strtoull_l
2026-09-22T18:41:23.0726214Z -- Looking for strtoull_l - found
2026-09-22T18:41:23.0730592Z -- Looking for realpath
2026-09-22T18:41:23.1335683Z -- Looking for realpath - found
2026-09-22T18:41:23.1337284Z -- CMAKE_CXX_FLAGS: 
2026-09-22T18:41:23.1347058Z -- Configuring done (0.8s)
2026-09-22T18:41:23.1428990Z -- Generating done (0.0s)
2026-09-22T18:41:23.1431442Z -- Build files have been written to: /tmp/flatbuffers/build
2026-09-22T18:41:23.1635127Z [  2%] Building CXX object CMakeFiles/flatc.dir/src/file_manager.cpp.o
2026-09-22T18:41:23.1636834Z [  5%] Building CXX object CMakeFiles/flatc.dir/src/file_name_manager.cpp.o
2026-09-22T18:41:23.1638030Z [  7%] Building CXX object CMakeFiles/flatc.dir/src/idl_parser.cpp.o
2026-09-22T18:41:23.1639422Z [ 10%] Building CXX object CMakeFiles/flatc.dir/src/idl_gen_text.cpp.o
2026-09-22T18:41:23.1642819Z [ 13%] Building CXX object CMakeFiles/flatc.dir/src/reflection.cpp.o
2026-09-22T18:41:23.1643641Z [ 15%] Building CXX object CMakeFiles/flatc.dir/src/util.cpp.o
2026-09-22T18:41:23.1645716Z [ 18%] Building CXX object CMakeFiles/flatc.dir/src/idl_gen_binary.cpp.o
2026-09-22T18:41:23.1647312Z [ 23%] Building CXX object CMakeFiles/flatc.dir/src/idl_gen_csharp.cpp.o
2026-09-22T18:41:23.1647816Z [ 23%] Building CXX object CMakeFiles/flatc.dir/src/idl_gen_cpp.cpp.o
2026-09-22T18:41:23.1650243Z [ 26%] Building CXX object CMakeFiles/flatc.dir/src/idl_gen_dart.cpp.o
2026-09-22T18:41:23.1651784Z [ 28%] Building CXX object CMakeFiles/flatc.dir/src/idl_gen_kotlin.cpp.o
2026-09-22T18:41:23.1653605Z [ 31%] Building CXX object CMakeFiles/flatc.dir/src/idl_gen_kotlin_kmp.cpp.o
2026-09-22T18:41:23.1659024Z [ 34%] Building CXX object CMakeFiles/flatc.dir/src/idl_gen_go.cpp.o
2026-09-22T18:41:23.1664636Z [ 36%] Building CXX object CMakeFiles/flatc.dir/src/idl_gen_java.cpp.o
2026-09-22T18:41:23.1671064Z [ 39%] Building CXX object CMakeFiles/flatc.dir/src/idl_gen_ts.cpp.o
2026-09-22T18:41:23.1673234Z [ 42%] Building CXX object CMakeFiles/flatc.dir/src/idl_gen_php.cpp.o
2026-09-22T18:41:23.1674716Z [ 44%] Building CXX object CMakeFiles/flatc.dir/src/idl_gen_python.cpp.o
2026-09-22T18:41:23.1677519Z [ 47%] Building CXX object CMakeFiles/flatc.dir/src/idl_gen_lobster.cpp.o
2026-09-22T18:41:23.1678749Z [ 50%] Building CXX object CMakeFiles/flatc.dir/src/idl_gen_rust.cpp.o
2026-09-22T18:41:23.1680235Z [ 52%] Building CXX object CMakeFiles/flatc.dir/src/idl_gen_fbs.cpp.o
2026-09-22T18:41:23.1683364Z [ 55%] Building CXX object CMakeFiles/flatc.dir/src/idl_gen_grpc.cpp.o
2026-09-22T18:41:23.1685189Z [ 57%] Building CXX object CMakeFiles/flatc.dir/src/idl_gen_json_schema.cpp.o
2026-09-22T18:41:23.1687314Z [ 60%] Building CXX object CMakeFiles/flatc.dir/src/idl_gen_swift.cpp.o
2026-09-22T18:41:23.1689610Z [ 63%] Building CXX object CMakeFiles/flatc.dir/src/flatc.cpp.o
2026-09-22T18:41:23.1694899Z [ 65%] Building CXX object CMakeFiles/flatc.dir/src/flatc_main.cpp.o
2026-09-22T18:41:23.1700529Z [ 68%] Building CXX object CMakeFiles/flatc.dir/include/codegen/python.cc.o
2026-09-22T18:41:23.1704109Z [ 71%] Building CXX object CMakeFiles/flatc.dir/src/binary_annotator.cpp.o
2026-09-22T18:41:23.1707700Z [ 73%] Building CXX object CMakeFiles/flatc.dir/src/annotated_binary_text_gen.cpp.o
2026-09-22T18:41:23.1708828Z [ 76%] Building CXX object CMakeFiles/flatc.dir/src/bfbs_gen_lua.cpp.o
2026-09-22T18:41:23.1710669Z [ 78%] Building CXX object CMakeFiles/flatc.dir/src/bfbs_gen_nim.cpp.o
2026-09-22T18:41:23.1713845Z [ 81%] Building CXX object CMakeFiles/flatc.dir/src/code_generators.cpp.o
2026-09-22T18:41:23.1715515Z [ 84%] Building CXX object CMakeFiles/flatc.dir/grpc/src/compiler/cpp_generator.cc.o
2026-09-22T18:41:23.1716520Z [ 86%] Building CXX object CMakeFiles/flatc.dir/grpc/src/compiler/go_generator.cc.o
2026-09-22T18:41:23.1719797Z [ 89%] Building CXX object CMakeFiles/flatc.dir/grpc/src/compiler/java_generator.cc.o
2026-09-22T18:41:23.1721311Z [ 92%] Building CXX object CMakeFiles/flatc.dir/grpc/src/compiler/python_generator.cc.o
2026-09-22T18:41:23.1724421Z [ 94%] Building CXX object CMakeFiles/flatc.dir/grpc/src/compiler/swift_generator.cc.o
2026-09-22T18:41:23.1730799Z [ 97%] Building CXX object CMakeFiles/flatc.dir/grpc/src/compiler/ts_generator.cc.o
2026-09-22T18:41:24.7758073Z In file included from /usr/include/c++/13/algorithm:60,
2026-09-22T18:41:24.7758549Z                  from /tmp/flatbuffers/include/flatbuffers/flatbuffers.h:20,
2026-09-22T18:41:24.7759113Z                  from /tmp/flatbuffers/include/flatbuffers/reflection_generated.h:7,
2026-09-22T18:41:24.7759636Z                  from /tmp/flatbuffers/include/flatbuffers/reflection.h:25,
2026-09-22T18:41:24.7760071Z                  from /tmp/flatbuffers/src/reflection.cpp:17:
2026-09-22T18:41:24.7766070Z In static member function ‘static _Up* std::__copy_move<_IsMove, true, std::random_access_iterator_tag>::__copy_m(_Tp*, _Tp*, _Up*) [with _Tp = const unsigned char; _Up = unsigned char; bool _IsMove = false]’,
2026-09-22T18:41:24.7767464Z     inlined from ‘_OI std::__copy_move_a2(_II, _II, _OI) [with bool _IsMove = false; _II = const unsigned char*; _OI = unsigned char*]’ at /usr/include/c++/13/bits/stl_algobase.h:506:30,
2026-09-22T18:41:24.7768696Z     inlined from ‘_OI std::__copy_move_a1(_II, _II, _OI) [with bool _IsMove = false; _II = const unsigned char*; _OI = unsigned char*]’ at /usr/include/c++/13/bits/stl_algobase.h:533:42,
2026-09-22T18:41:24.7769947Z     inlined from ‘_OI std::__copy_move_a(_II, _II, _OI) [with bool _IsMove = false; _II = const unsigned char*; _OI = unsigned char*]’ at /usr/include/c++/13/bits/stl_algobase.h:540:31,
2026-09-22T18:41:24.7771174Z     inlined from ‘_OI std::copy(_II, _II, _OI) [with _II = const unsigned char*; _OI = unsigned char*]’ at /usr/include/c++/13/bits/stl_algobase.h:633:7,
2026-09-22T18:41:24.7864537Z     inlined from ‘static _ForwardIterator std::__uninitialized_copy<true>::__uninit_copy(_InputIterator, _InputIterator, _ForwardIterator) [with _InputIterator = const unsigned char*; _ForwardIterator = unsigned char*]’ at /usr/include/c++/13/bits/stl_uninitialized.h:147:27,
2026-09-22T18:41:24.7866492Z     inlined from ‘_ForwardIterator std::uninitialized_copy(_InputIterator, _InputIterator, _ForwardIterator) [with _InputIterator = const unsigned char*; _ForwardIterator = unsigned char*]’ at /usr/include/c++/13/bits/stl_uninitialized.h:185:15,
2026-09-22T18:41:24.7868445Z     inlined from ‘_ForwardIterator std::__uninitialized_copy_a(_InputIterator, _InputIterator, _ForwardIterator, allocator<_Tp>&) [with _InputIterator = const unsigned char*; _ForwardIterator = unsigned char*; _Tp = unsigned char]’ at /usr/include/c++/13/bits/stl_uninitialized.h:373:37,
2026-09-22T18:41:24.7871166Z     inlined from ‘void std::vector<_Tp, _Alloc>::_M_range_insert(iterator, _ForwardIterator, _ForwardIterator, std::forward_iterator_tag) [with _ForwardIterator = const unsigned char*; _Tp = unsigned char; _Alloc = std::allocator<unsigned char>]’ at /usr/include/c++/13/bits/vector.tcc:814:38,
2026-09-22T18:41:24.7873402Z     inlined from ‘std::vector<_Tp, _Alloc>::iterator std::vector<_Tp, _Alloc>::insert(const_iterator, _InputIterator, _InputIterator) [with _InputIterator = const unsigned char*; <template-parameter-2-2> = void; _Tp = unsigned char; _Alloc = std::allocator<unsigned char>]’ at /usr/include/c++/13/bits/stl_vector.h:1486:19,
2026-09-22T18:41:24.7875181Z     inlined from ‘const uint8_t* flatbuffers::AddFlatBuffer(std::vector<unsigned char>&, const uint8_t*, size_t)’ at /tmp/flatbuffers/src/reflection.cpp:650:17:
2026-09-22T18:41:24.7876636Z /usr/include/c++/13/bits/stl_algobase.h:437:30: warning: ‘void* __builtin_memcpy(void*, const void*, long unsigned int)’ writing between 2 and 9223372036854775803 bytes into a region of size 0 overflows the destination [-Wstringop-overflow=]
2026-09-22T18:41:24.7877730Z   437 |             __builtin_memmove(__result, __first, sizeof(_Tp) * _Num);
2026-09-22T18:41:24.7878169Z       |             ~~~~~~~~~~~~~~~~~^~~~~~~~~~~~~~~~~~~~~~~~~~~~~~~~~~~~~~~
2026-09-22T18:41:24.7878665Z In file included from /usr/include/aarch64-linux-gnu/c++/13/bits/c++allocator.h:33,
2026-09-22T18:41:24.7879159Z                  from /usr/include/c++/13/bits/allocator.h:46,
2026-09-22T18:41:24.7879513Z                  from /usr/include/c++/13/memory:65,
2026-09-22T18:41:24.7879896Z                  from /tmp/flatbuffers/include/flatbuffers/array.h:21,
2026-09-22T18:41:24.7880356Z                  from /tmp/flatbuffers/include/flatbuffers/flatbuffers.h:24:
2026-09-22T18:41:24.7881094Z In member function ‘_Tp* std::__new_allocator<_Tp>::allocate(size_type, const void*) [with _Tp = unsigned char]’,
2026-09-22T18:41:24.7882170Z     inlined from ‘static _Tp* std::allocator_traits<std::allocator<_Tp1> >::allocate(allocator_type&, size_type) [with _Tp = unsigned char]’ at /usr/include/c++/13/bits/alloc_traits.h:482:28,
2026-09-22T18:41:24.7883630Z     inlined from ‘std::_Vector_base<_Tp, _Alloc>::pointer std::_Vector_base<_Tp, _Alloc>::_M_allocate(std::size_t) [with _Tp = unsigned char; _Alloc = std::allocator<unsigned char>]’ at /usr/include/c++/13/bits/stl_vector.h:381:33,
2026-09-22T18:41:24.7885470Z     inlined from ‘void std::vector<_Tp, _Alloc>::_M_range_insert(iterator, _ForwardIterator, _ForwardIterator, std::forward_iterator_tag) [with _ForwardIterator = const unsigned char*; _Tp = unsigned char; _Alloc = std::allocator<unsigned char>]’ at /usr/include/c++/13/bits/vector.tcc:805:40,
2026-09-22T18:41:24.7887675Z     inlined from ‘std::vector<_Tp, _Alloc>::iterator std::vector<_Tp, _Alloc>::insert(const_iterator, _InputIterator, _InputIterator) [with _InputIterator = const unsigned char*; <template-parameter-2-2> = void; _Tp = unsigned char; _Alloc = std::allocator<unsigned char>]’ at /usr/include/c++/13/bits/stl_vector.h:1486:19,
2026-09-22T18:41:24.7889410Z     inlined from ‘const uint8_t* flatbuffers::AddFlatBuffer(std::vector<unsigned char>&, const uint8_t*, size_t)’ at /tmp/flatbuffers/src/reflection.cpp:650:17:
2026-09-22T18:41:24.7890706Z /usr/include/c++/13/bits/new_allocator.h:151:55: note: at offset [-9223372036854775808, -4] into destination object of size [4, 9223372036854775807] allocated by ‘operator new’
2026-09-22T18:41:24.7891593Z   151 |         return static_cast<_Tp*>(_GLIBCXX_OPERATOR_NEW(__n * sizeof(_Tp)));
2026-09-22T18:41:24.7892030Z       |                                                       ^
2026-09-22T18:41:36.3000918Z [100%] Linking CXX executable flatc
2026-09-22T18:41:36.4218418Z [100%] Built target flatc
2026-09-22T18:41:36.5215237Z flatc version 25.12.19
2026-09-22T18:41:36.5223852Z ##[end-action id=__self.__self_4.__run;outcome=success;conclusion=success;duration_ms=15129]
2026-09-22T18:41:36.5236645Z ##[end-action id=__self.__self_4;outcome=success;conclusion=success;duration_ms=15138]
2026-09-22T18:41:36.5264907Z Prepare all required actions
2026-09-22T18:41:36.5293319Z ##[group]Run ./.github/actions/system-info
2026-09-22T18:41:36.5293609Z env:
2026-09-22T18:41:36.5293802Z   CARGO_TERM_COLOR: always
2026-09-22T18:41:36.5294037Z   RUST_BACKTRACE: 1
2026-09-22T18:41:36.5294269Z   NIGHTLY_TOOLCHAIN: nightly-2026-09-10
2026-09-22T18:41:36.5294575Z   RUNNER_TOOL_CACHE: /opt/hostedtoolcache
2026-09-22T18:41:36.5294863Z   RUNS_ON_HOME: /runs-on
2026-09-22T18:41:36.5295096Z   RUNS_ON_VERSION: v3.3.0
2026-09-22T18:41:36.5295348Z   RUNS_ON_AGENT_BINARY: /runs-on/agent
2026-09-22T18:41:36.5295630Z   RUNS_ON_AGENT_ARCH: arm64
2026-09-22T18:41:36.5295874Z   RUNS_ON_AGENT_USER: runner
2026-09-22T18:41:36.5296130Z   RUNS_ON_AMI_ID: ami-098c62767651982c5
2026-09-22T18:41:36.5296423Z   RUNS_ON_AWS_REGION: us-east-1
2026-09-22T18:41:36.5296681Z   RUNS_ON_AWS_AZ: us-east-1a
2026-09-22T18:41:36.5296957Z   RUNS_ON_ENV_CUSTOM_FILE: /runs-on/env.custom
2026-09-22T18:41:36.5297317Z   RUNS_ON_INSTANCE_ID: i-07ab1646b2bcece62
2026-09-22T18:41:36.5297622Z   RUNS_ON_INSTANCE_LIFECYCLE: on-demand
2026-09-22T18:41:36.5297912Z   RUNS_ON_INSTANCE_TYPE: c7g.metal
2026-09-22T18:41:36.5298182Z   RUNS_ON_STACK_NAME: runs-on-v3
2026-09-22T18:41:36.5298533Z   RUNS_ON_S3_BUCKET_CACHE: runs-on-v3-s3bucketcache-dbnub4tpjhpv
2026-09-22T18:41:36.5298952Z   ACTIONS_RUNNER_HOOK_JOB_STARTED: /runs-on/pre.sh
2026-09-22T18:41:36.5299331Z   ACTIONS_RUNNER_HOOK_JOB_COMPLETED: /runs-on/post.sh
2026-09-22T18:41:36.5299693Z   GITHUB_SERVER_URL: https://github.com/
2026-09-22T18:41:36.5300015Z   GITHUB_API_URL: https://api.github.com/
2026-09-22T18:41:36.5300313Z   GITHUB_HOST: github.com
2026-09-22T18:41:36.5300712Z   RUNS_ON_RUNNER_NAME: runs-on--i-07ab1646b2bcece62--d0776924-8
2026-09-22T18:41:36.5301131Z   RUNS_ON_INSTANCE_LAUNCHED_AT: 2026-09-22T18:40:35Z
2026-09-22T18:41:36.5301478Z   ACTIONS_CACHE_URL: http://10.1.9.206:6871/
2026-09-22T18:41:36.5301783Z   ACTIONS_CACHE_SERVICE_V2: true
2026-09-22T18:41:36.5302077Z   ACTIONS_RESULTS_URL: http://10.1.9.206:6871/
2026-09-22T18:41:36.5302455Z   RUNS_ON_S3_CACHE_REPO_PREFIX: cache/repo/vortex-data/vortex
2026-09-22T18:41:36.5302832Z   RUNS_ON_ACTION_COST_TRACKING_CLAIMED: true
2026-09-22T18:41:36.5303134Z   RUSTUP_TOOLCHAIN: 1.98.0
2026-09-22T18:41:36.5303361Z ##[endgroup]
2026-09-22T18:41:36.5306456Z ##[start-action display=CPU, Memory & Disk Info;id=__self_2.__run]
2026-09-22T18:41:36.5321330Z ##[group]Run echo "=== CPU Model ==="
2026-09-22T18:41:36.5321697Z [36;1mecho "=== CPU Model ==="[0m
2026-09-22T18:41:36.5321958Z [36;1mlscpu[0m
2026-09-22T18:41:36.5322198Z [36;1mecho "=== /proc/cpuinfo summary ==="[0m
2026-09-22T18:41:36.5322665Z [36;1m# x86 exposes "model name"; aarch64 has no such line (lscpu above covers it), and[0m
2026-09-22T18:41:36.5323276Z [36;1m# `shell: bash` runs with `set -e`, so a missing match must not fail the step.[0m
2026-09-22T18:41:36.5323765Z [36;1mgrep -m1 "model name" /proc/cpuinfo || true[0m
2026-09-22T18:41:36.5324080Z [36;1mnproc[0m
2026-09-22T18:41:36.5324303Z [36;1mecho "=== CPU Flags ==="[0m
2026-09-22T18:41:36.5324631Z [36;1m# x86 exposes "flags"; aarch64 exposes "Features".[0m
2026-09-22T18:41:36.5325049Z [36;1mgrep -m1 -E "^(flags|Features)" /proc/cpuinfo || true[0m
2026-09-22T18:41:36.5325395Z [36;1m[0m
2026-09-22T18:41:36.5325591Z [36;1mecho "=== Memory ==="[0m
2026-09-22T18:41:36.5325840Z [36;1mfree -h[0m
2026-09-22T18:41:36.5326064Z [36;1mecho "=== /proc/meminfo ==="[0m
2026-09-22T18:41:36.5326343Z [36;1mcat /proc/meminfo[0m
2026-09-22T18:41:36.5326578Z [36;1m[0m
2026-09-22T18:41:36.5326777Z [36;1mecho "=== Block Devices ==="[0m
2026-09-22T18:41:36.5327044Z [36;1mlsblk[0m
2026-09-22T18:41:36.5327254Z [36;1mecho "=== Disk Usage ==="[0m
2026-09-22T18:41:36.5327747Z [36;1mdf -hT[0m
2026-09-22T18:41:36.5327957Z [36;1mecho "=== Mounts ==="[0m
2026-09-22T18:41:36.5328215Z [36;1mmount | grep -E "^/dev"[0m
2026-09-22T18:41:36.5328487Z [36;1mecho "=== NVMe Devices ==="[0m
2026-09-22T18:41:36.5328986Z [36;1mls -la /dev/nvme* 2>/dev/null || echo "No NVMe"[0m
2026-09-22T18:41:36.5329348Z [36;1msudo nvme list 2>/dev/null || true[0m
2026-09-22T18:41:36.5351220Z shell: /usr/bin/bash --noprofile --norc -e -o pipefail {0}
2026-09-22T18:41:36.5351562Z env:
2026-09-22T18:41:36.5351751Z   CARGO_TERM_COLOR: always
2026-09-22T18:41:36.5351984Z   RUST_BACKTRACE: 1
2026-09-22T18:41:36.5352215Z   NIGHTLY_TOOLCHAIN: nightly-2026-09-10
2026-09-22T18:41:36.5352522Z   RUNNER_TOOL_CACHE: /opt/hostedtoolcache
2026-09-22T18:41:36.5352809Z   RUNS_ON_HOME: /runs-on
2026-09-22T18:41:36.5353041Z   RUNS_ON_VERSION: v3.3.0
2026-09-22T18:41:36.5353290Z   RUNS_ON_AGENT_BINARY: /runs-on/agent
2026-09-22T18:41:36.5353568Z   RUNS_ON_AGENT_ARCH: arm64
2026-09-22T18:41:36.5353824Z   RUNS_ON_AGENT_USER: runner
2026-09-22T18:41:36.5354085Z   RUNS_ON_AMI_ID: ami-098c62767651982c5
2026-09-22T18:41:36.5354366Z   RUNS_ON_AWS_REGION: us-east-1
2026-09-22T18:41:36.5354621Z   RUNS_ON_AWS_AZ: us-east-1a
2026-09-22T18:41:36.5354903Z   RUNS_ON_ENV_CUSTOM_FILE: /runs-on/env.custom
2026-09-22T18:41:36.5355227Z   RUNS_ON_INSTANCE_ID: i-07ab1646b2bcece62
2026-09-22T18:41:36.5355530Z   RUNS_ON_INSTANCE_LIFECYCLE: on-demand
2026-09-22T18:41:36.5355824Z   RUNS_ON_INSTANCE_TYPE: c7g.metal
2026-09-22T18:41:36.5356096Z   RUNS_ON_STACK_NAME: runs-on-v3
2026-09-22T18:41:36.5356445Z   RUNS_ON_S3_BUCKET_CACHE: runs-on-v3-s3bucketcache-dbnub4tpjhpv
2026-09-22T18:41:36.5356860Z   ACTIONS_RUNNER_HOOK_JOB_STARTED: /runs-on/pre.sh
2026-09-22T18:41:36.5357233Z   ACTIONS_RUNNER_HOOK_JOB_COMPLETED: /runs-on/post.sh
2026-09-22T18:41:36.5357591Z   GITHUB_SERVER_URL: https://github.com/
2026-09-22T18:41:36.5357914Z   GITHUB_API_URL: https://api.github.com/
2026-09-22T18:41:36.5358208Z   GITHUB_HOST: github.com
2026-09-22T18:41:36.5358538Z   RUNS_ON_RUNNER_NAME: runs-on--i-07ab1646b2bcece62--d0776924-8
2026-09-22T18:41:36.5358942Z   RUNS_ON_INSTANCE_LAUNCHED_AT: 2026-09-22T18:40:35Z
2026-09-22T18:41:36.5359288Z   ACTIONS_CACHE_URL: http://10.1.9.206:6871/
2026-09-22T18:41:36.5359598Z   ACTIONS_CACHE_SERVICE_V2: true
2026-09-22T18:41:36.5359897Z   ACTIONS_RESULTS_URL: http://10.1.9.206:6871/
2026-09-22T18:41:36.5360279Z   RUNS_ON_S3_CACHE_REPO_PREFIX: cache/repo/vortex-data/vortex
2026-09-22T18:41:36.5360731Z   RUNS_ON_ACTION_COST_TRACKING_CLAIMED: true
2026-09-22T18:41:36.5361036Z   RUSTUP_TOOLCHAIN: 1.98.0
2026-09-22T18:41:36.5361265Z ##[endgroup]
2026-09-22T18:41:36.5398503Z === CPU Model ===
2026-09-22T18:41:36.5574885Z Architecture:                            aarch64
2026-09-22T18:41:36.5575249Z CPU op-mode(s):                          32-bit, 64-bit
2026-09-22T18:41:36.5575608Z Byte Order:                              Little Endian
2026-09-22T18:41:36.5575930Z CPU(s):                                  64
2026-09-22T18:41:36.5576242Z On-line CPU(s) list:                     0-63
2026-09-22T18:41:36.5576548Z Vendor ID:                               ARM
2026-09-22T18:41:36.5576877Z Model name:                              Neoverse-V1
2026-09-22T18:41:36.5577207Z Model:                                   1
2026-09-22T18:41:36.5577503Z Thread(s) per core:                      1
2026-09-22T18:41:36.5577798Z Core(s) per socket:                      64
2026-09-22T18:41:36.5578106Z Socket(s):                               1
2026-09-22T18:41:36.5578401Z Stepping:                                r1p1
2026-09-22T18:41:36.5578718Z BogoMIPS:                                2100.00
2026-09-22T18:41:36.5579746Z Flags:                                   fp asimd evtstrm aes pmull sha1 sha2 crc32 atomics fphp asimdhp cpuid asimdrdm jscvt fcma lrcpc dcpop sha3 sm3 sm4 asimddp sha512 sve asimdfhm dit uscat ilrcpc flagm paca pacg dcpodp svei8mm svebf16 i8mm bf16 dgh rng
2026-09-22T18:41:36.5580915Z L1d cache:                               4 MiB (64 instances)
2026-09-22T18:41:36.5581542Z L1i cache:                               4 MiB (64 instances)
2026-09-22T18:41:36.5581917Z L2 cache:                                64 MiB (64 instances)
2026-09-22T18:41:36.5582428Z L3 cache:                                32 MiB (1 instance)
2026-09-22T18:41:36.5582766Z NUMA node(s):                            1
2026-09-22T18:41:36.5583061Z NUMA node0 CPU(s):                       0-63
2026-09-22T18:41:36.5583410Z Vulnerability Gather data sampling:      Not affected
2026-09-22T18:41:36.5583792Z Vulnerability Ghostwrite:                Not affected
2026-09-22T18:41:36.5584181Z Vulnerability Indirect target selection: Not affected
2026-09-22T18:41:36.5584563Z Vulnerability Itlb multihit:             Not affected
2026-09-22T18:41:36.5584927Z Vulnerability L1tf:                      Not affected
2026-09-22T18:41:36.5585285Z Vulnerability Mds:                       Not affected
2026-09-22T18:41:36.5585648Z Vulnerability Meltdown:                  Not affected
2026-09-22T18:41:36.5586024Z Vulnerability Mmio stale data:           Not affected
2026-09-22T18:41:36.5586401Z Vulnerability Old microcode:             Not affected
2026-09-22T18:41:36.5586780Z Vulnerability Reg file data sampling:    Not affected
2026-09-22T18:41:36.5587161Z Vulnerability Retbleed:                  Not affected
2026-09-22T18:41:36.5587537Z Vulnerability Spec rstack overflow:      Not affected
2026-09-22T18:41:36.5588062Z Vulnerability Spec store bypass:         Mitigation; Speculative Store Bypass disabled via prctl
2026-09-22T18:41:36.5588686Z Vulnerability Spectre v1:                Mitigation; __user pointer sanitization
2026-09-22T18:41:36.5589185Z Vulnerability Spectre v2:                Mitigation; CSV2, BHB
2026-09-22T18:41:36.5589594Z Vulnerability Srbds:                     Not affected
2026-09-22T18:41:36.5589959Z Vulnerability Tsa:                       Not affected
2026-09-22T18:41:36.5590325Z Vulnerability Tsx async abort:           Not affected
2026-09-22T18:41:36.5590778Z Vulnerability Vmscape:                   Not affected
2026-09-22T18:41:36.5591116Z === /proc/cpuinfo summary ===
2026-09-22T18:41:36.5594091Z 64
2026-09-22T18:41:36.5594814Z === CPU Flags ===
2026-09-22T18:41:36.5604477Z Features	: fp asimd evtstrm aes pmull sha1 sha2 crc32 atomics fphp asimdhp cpuid asimdrdm jscvt fcma lrcpc dcpop sha3 sm3 sm4 asimddp sha512 sve asimdfhm dit uscat ilrcpc flagm paca pacg dcpodp svei8mm svebf16 i8mm bf16 dgh rng
2026-09-22T18:41:36.5605442Z === Memory ===
2026-09-22T18:41:36.5627179Z                total        used        free      shared  buff/cache   available
2026-09-22T18:41:36.5627629Z Mem:           125Gi       6.9Gi       118Gi        46Mi       1.1Gi       118Gi
2026-09-22T18:41:36.5628014Z Swap:             0B          0B          0B
2026-09-22T18:41:36.5628659Z === /proc/meminfo ===
2026-09-22T18:41:36.5637879Z MemTotal:       131612296 kB
2026-09-22T18:41:36.5638144Z MemFree:        124331180 kB
2026-09-22T18:41:36.5638395Z MemAvailable:   124390152 kB
2026-09-22T18:41:36.5638662Z Buffers:           38880 kB
2026-09-22T18:41:36.5638913Z Cached:          1021472 kB
2026-09-22T18:41:36.5639152Z SwapCached:            0 kB
2026-09-22T18:41:36.5639390Z Active:           615640 kB
2026-09-22T18:41:36.5639628Z Inactive:         714520 kB
2026-09-22T18:41:36.5639871Z Active(anon):     317304 kB
2026-09-22T18:41:36.5640110Z Inactive(anon):        0 kB
2026-09-22T18:41:36.5640352Z Active(file):     298336 kB
2026-09-22T18:41:36.5640632Z Inactive(file):   714520 kB
2026-09-22T18:41:36.5640878Z Unevictable:           0 kB
2026-09-22T18:41:36.5641118Z Mlocked:               0 kB
2026-09-22T18:41:36.5641354Z SwapTotal:             0 kB
2026-09-22T18:41:36.5641589Z SwapFree:              0 kB
2026-09-22T18:41:36.5641820Z Zswap:                 0 kB
2026-09-22T18:41:36.5642054Z Zswapped:              0 kB
2026-09-22T18:41:36.5642291Z Dirty:            580128 kB
2026-09-22T18:41:36.5642556Z Writeback:             0 kB
2026-09-22T18:41:36.5642792Z AnonPages:        270312 kB
2026-09-22T18:41:36.5643296Z Mapped:           173088 kB
2026-09-22T18:41:36.5643528Z Shmem:             47456 kB
2026-09-22T18:41:36.5643763Z KReclaimable:      77824 kB
2026-09-22T18:41:36.5643995Z Slab:             311052 kB
2026-09-22T18:41:36.5644232Z SReclaimable:      77824 kB
2026-09-22T18:41:36.5644615Z SUnreclaim:       233228 kB
2026-09-22T18:41:36.5644869Z KernelStack:       14448 kB
2026-09-22T18:41:36.5645108Z ShadowCallStack:    4396 kB
2026-09-22T18:41:36.5645352Z PageTables:         5696 kB
2026-09-22T18:41:36.5645596Z SecPageTables:      2704 kB
2026-09-22T18:41:36.5645838Z NFS_Unstable:          0 kB
2026-09-22T18:41:36.5646077Z Bounce:                0 kB
2026-09-22T18:41:36.5646317Z WritebackTmp:          0 kB
2026-09-22T18:41:36.5646556Z CommitLimit:    65806148 kB
2026-09-22T18:41:36.5646794Z Committed_AS:    2359820 kB
2026-09-22T18:41:36.5647035Z VmallocTotal:   135288315904 kB
2026-09-22T18:41:36.5647287Z VmallocUsed:       40928 kB
2026-09-22T18:41:36.5647524Z VmallocChunk:          0 kB
2026-09-22T18:41:36.5647769Z Percpu:            58112 kB
2026-09-22T18:41:36.5648010Z HardwareCorrupted:     0 kB
2026-09-22T18:41:36.5648257Z AnonHugePages:         0 kB
2026-09-22T18:41:36.5648502Z ShmemHugePages:        0 kB
2026-09-22T18:41:36.5648746Z ShmemPmdMapped:        0 kB
2026-09-22T18:41:36.5648999Z FileHugePages:    475136 kB
2026-09-22T18:41:36.5649248Z FilePmdMapped:         0 kB
2026-09-22T18:41:36.5649485Z CmaTotal:              0 kB
2026-09-22T18:41:36.5649717Z CmaFree:               0 kB
2026-09-22T18:41:36.5649947Z Balloon:               0 kB
2026-09-22T18:41:36.5650184Z HugePages_Total:       0
2026-09-22T18:41:36.5650419Z HugePages_Free:        0
2026-09-22T18:41:36.5650744Z HugePages_Rsvd:        0
2026-09-22T18:41:36.5650979Z HugePages_Surp:        0
2026-09-22T18:41:36.5651217Z Hugepagesize:       2048 kB
2026-09-22T18:41:36.5651456Z Hugetlb:               0 kB
2026-09-22T18:41:36.5651686Z === Block Devices ===
2026-09-22T18:41:36.5658073Z NAME         MAJ:MIN RM  SIZE RO TYPE MOUNTPOINTS
2026-09-22T18:41:36.5658409Z nvme0n1      259:0    0  100G  0 disk 
2026-09-22T18:41:36.5658708Z ├─nvme0n1p1  259:1    0   99G  0 part /
2026-09-22T18:41:36.5659015Z ├─nvme0n1p15 259:2    0   99M  0 part /boot/efi
2026-09-22T18:41:36.5659337Z └─nvme0n1p16 259:3    0  923M  0 part /boot
2026-09-22T18:41:36.5659630Z === Disk Usage ===
2026-09-22T18:41:36.5718341Z Filesystem      Type      Size  Used Avail Use% Mounted on
2026-09-22T18:41:36.5718730Z tmpfs           tmpfs      13G  1.4M   13G   1% /run
2026-09-22T18:41:36.5719147Z efivarfs        efivarfs  512K  4.1K  508K   1% /sys/firmware/efi/efivars
2026-09-22T18:41:36.5719573Z /dev/nvme0n1p1  ext4       96G   16G   81G  16% /
2026-09-22T18:41:36.5719925Z tmpfs           tmpfs      63G     0   63G   0% /dev/shm
2026-09-22T18:41:36.5720282Z tmpfs           tmpfs     5.0M     0  5.0M   0% /run/lock
2026-09-22T18:41:36.5720692Z tmpfs           tmpfs      63G     0   63G   0% /run/qemu
2026-09-22T18:41:36.5721056Z /dev/nvme0n1p16 ext4      891M   62M  767M   8% /boot
2026-09-22T18:41:36.5721441Z /dev/nvme0n1p15 vfat       98M  6.4M   92M   7% /boot/efi
2026-09-22T18:41:36.5721765Z === Mounts ===
2026-09-22T18:41:36.5731250Z /dev/nvme0n1p1 on / type ext4 (rw,relatime,discard,errors=remount-ro,commit=30)
2026-09-22T18:41:36.5731730Z /dev/nvme0n1p16 on /boot type ext4 (rw,relatime)
2026-09-22T18:41:36.5732417Z /dev/nvme0n1p15 on /boot/efi type vfat (rw,relatime,fmask=0077,dmask=0077,codepage=437,iocharset=iso8859-1,shortname=mixed,errors=remount-ro)
2026-09-22T18:41:36.5733066Z === NVMe Devices ===
2026-09-22T18:41:36.5743345Z crw------- 1 root root 236, 0 Sep 22 18:40 /dev/nvme0
2026-09-22T18:41:36.5743720Z brw-rw---- 1 root disk 259, 0 Sep 22 18:41 /dev/nvme0n1
2026-09-22T18:41:36.5744096Z brw-rw---- 1 root disk 259, 1 Sep 22 18:41 /dev/nvme0n1p1
2026-09-22T18:41:36.5744484Z brw-rw---- 1 root disk 259, 2 Sep 22 18:41 /dev/nvme0n1p15
2026-09-22T18:41:36.5744872Z brw-rw---- 1 root disk 259, 3 Sep 22 18:41 /dev/nvme0n1p16
2026-09-22T18:41:36.5791992Z ##[end-action id=__self_2.__run;outcome=success;conclusion=success;duration_ms=48]
2026-09-22T18:41:36.5946192Z ##[group]Run taiki-e/cache-cargo-install-action@66c9585ef5ca780ee69399975a5e911f47905995
2026-09-22T18:41:36.5946761Z with:
2026-09-22T18:41:36.5947017Z   tool: cargo-codspeed
2026-09-22T18:41:36.5947394Z   locked: true
2026-09-22T18:41:36.5947697Z   no-default-features: false
2026-09-22T18:41:36.5948042Z   all-features: false
2026-09-22T18:41:36.5948303Z env:
2026-09-22T18:41:36.5948530Z   CARGO_TERM_COLOR: always
2026-09-22T18:41:36.5948867Z   RUST_BACKTRACE: 1
2026-09-22T18:41:36.5949207Z   NIGHTLY_TOOLCHAIN: nightly-2026-09-10
2026-09-22T18:41:36.5949601Z   RUNNER_TOOL_CACHE: /opt/hostedtoolcache
2026-09-22T18:41:36.5949943Z   RUNS_ON_HOME: /runs-on
2026-09-22T18:41:36.5950222Z   RUNS_ON_VERSION: v3.3.0
2026-09-22T18:41:36.5950637Z   RUNS_ON_AGENT_BINARY: /runs-on/agent
2026-09-22T18:41:36.5951001Z   RUNS_ON_AGENT_ARCH: arm64
2026-09-22T18:41:36.5951353Z   RUNS_ON_AGENT_USER: runner
2026-09-22T18:41:36.5951657Z   RUNS_ON_AMI_ID: ami-098c62767651982c5
2026-09-22T18:41:36.5952100Z   RUNS_ON_AWS_REGION: us-east-1
2026-09-22T18:41:36.5952421Z   RUNS_ON_AWS_AZ: us-east-1a
2026-09-22T18:41:36.5952768Z   RUNS_ON_ENV_CUSTOM_FILE: /runs-on/env.custom
2026-09-22T18:41:36.5953187Z   RUNS_ON_INSTANCE_ID: i-07ab1646b2bcece62
2026-09-22T18:41:36.5953544Z   RUNS_ON_INSTANCE_LIFECYCLE: on-demand
2026-09-22T18:41:36.5953951Z   RUNS_ON_INSTANCE_TYPE: c7g.metal
2026-09-22T18:41:36.5954305Z   RUNS_ON_STACK_NAME: runs-on-v3
2026-09-22T18:41:36.5954705Z   RUNS_ON_S3_BUCKET_CACHE: runs-on-v3-s3bucketcache-dbnub4tpjhpv
2026-09-22T18:41:36.5955228Z   ACTIONS_RUNNER_HOOK_JOB_STARTED: /runs-on/pre.sh
2026-09-22T18:41:36.5955666Z   ACTIONS_RUNNER_HOOK_JOB_COMPLETED: /runs-on/post.sh
2026-09-22T18:41:36.5956133Z   GITHUB_SERVER_URL: https://github.com/
2026-09-22T18:41:36.5956547Z   GITHUB_API_URL: https://api.github.com/
2026-09-22T18:41:36.5956890Z   GITHUB_HOST: github.com
2026-09-22T18:41:36.5957311Z   RUNS_ON_RUNNER_NAME: runs-on--i-07ab1646b2bcece62--d0776924-8
2026-09-22T18:41:36.5957776Z   RUNS_ON_INSTANCE_LAUNCHED_AT: 2026-09-22T18:40:35Z
2026-09-22T18:41:36.5958233Z   ACTIONS_CACHE_URL: http://10.1.9.206:6871/
2026-09-22T18:41:36.5958619Z   ACTIONS_CACHE_SERVICE_V2: true
2026-09-22T18:41:36.5958949Z   ACTIONS_RESULTS_URL: http://10.1.9.206:6871/
2026-09-22T18:41:36.5959424Z   RUNS_ON_S3_CACHE_REPO_PREFIX: cache/repo/vortex-data/vortex
2026-09-22T18:41:36.5959852Z   RUNS_ON_ACTION_COST_TRACKING_CLAIMED: true
2026-09-22T18:41:36.5960227Z   RUSTUP_TOOLCHAIN: 1.98.0
2026-09-22T18:41:36.5960682Z ##[endgroup]
2026-09-22T18:41:36.5971316Z ##[start-action display=Prepare (non-Windows);id=__taiki-e_cache-cargo-install-action.pre-unix]
2026-09-22T18:41:36.5992052Z ##[group]Run set -eu
2026-09-22T18:41:36.5992406Z [36;1mset -eu[0m
2026-09-22T18:41:36.5992778Z [36;1mif ! command -v bash >/dev/null; then[0m
2026-09-22T18:41:36.5993234Z [36;1m  if grep -Eq '^ID=alpine' /etc/os-release; then[0m
2026-09-22T18:41:36.5993872Z [36;1m    printf '::group::Install packages required for cache-cargo-install-action (bash)\n'[0m
2026-09-22T18:41:36.5994471Z [36;1m    # NB: sync with apk_install in pre.sh[0m
2026-09-22T18:41:36.5994880Z [36;1m    if command -v sudo >/dev/null; then[0m
2026-09-22T18:41:36.5995315Z [36;1m      sudo apk --no-cache add bash[0m
2026-09-22T18:41:36.5995733Z [36;1m    elif command -v doas >/dev/null; then[0m
2026-09-22T18:41:36.5996146Z [36;1m      doas apk --no-cache add bash[0m
2026-09-22T18:41:36.5996492Z [36;1m    else[0m
2026-09-22T18:41:36.5996775Z [36;1m      apk --no-cache add bash[0m
2026-09-22T18:41:36.5997137Z [36;1m    fi[0m
2026-09-22T18:41:36.5997436Z [36;1m    printf '::endgroup::\n'[0m
2026-09-22T18:41:36.5997778Z [36;1m  else[0m
2026-09-22T18:41:36.5998169Z [36;1m    printf '::error::cache-cargo-install-action requires bash\n'[0m
2026-09-22T18:41:36.5998615Z [36;1m    exit 1[0m
2026-09-22T18:41:36.6016936Z [36;1m  fi[0m
2026-09-22T18:41:36.6017202Z [36;1mfi[0m
2026-09-22T18:41:36.6017810Z [36;1mbash --noprofile --norc "${GITHUB_ACTION_PATH:?}/pre.sh"[0m
2026-09-22T18:41:36.6036454Z shell: /usr/bin/sh -e {0}
2026-09-22T18:41:36.6036693Z env:
2026-09-22T18:41:36.6036883Z   CARGO_TERM_COLOR: always
2026-09-22T18:41:36.6037116Z   RUST_BACKTRACE: 1
2026-09-22T18:41:36.6037346Z   NIGHTLY_TOOLCHAIN: nightly-2026-09-10
2026-09-22T18:41:36.6037649Z   RUNNER_TOOL_CACHE: /opt/hostedtoolcache
2026-09-22T18:41:36.6037935Z   RUNS_ON_HOME: /runs-on
2026-09-22T18:41:36.6038166Z   RUNS_ON_VERSION: v3.3.0
2026-09-22T18:41:36.6038417Z   RUNS_ON_AGENT_BINARY: /runs-on/agent
2026-09-22T18:41:36.6038696Z   RUNS_ON_AGENT_ARCH: arm64
2026-09-22T18:41:36.6038940Z   RUNS_ON_AGENT_USER: runner
2026-09-22T18:41:36.6039194Z   RUNS_ON_AMI_ID: ami-098c62767651982c5
2026-09-22T18:41:36.6039476Z   RUNS_ON_AWS_REGION: us-east-1
2026-09-22T18:41:36.6039729Z   RUNS_ON_AWS_AZ: us-east-1a
2026-09-22T18:41:36.6040001Z   RUNS_ON_ENV_CUSTOM_FILE: /runs-on/env.custom
2026-09-22T18:41:36.6040323Z   RUNS_ON_INSTANCE_ID: i-07ab1646b2bcece62
2026-09-22T18:41:36.6040751Z   RUNS_ON_INSTANCE_LIFECYCLE: on-demand
2026-09-22T18:41:36.6041043Z   RUNS_ON_INSTANCE_TYPE: c7g.metal
2026-09-22T18:41:36.6041313Z   RUNS_ON_STACK_NAME: runs-on-v3
2026-09-22T18:41:36.6041657Z   RUNS_ON_S3_BUCKET_CACHE: runs-on-v3-s3bucketcache-dbnub4tpjhpv
2026-09-22T18:41:36.6042073Z   ACTIONS_RUNNER_HOOK_JOB_STARTED: /runs-on/pre.sh
2026-09-22T18:41:36.6042443Z   ACTIONS_RUNNER_HOOK_JOB_COMPLETED: /runs-on/post.sh
2026-09-22T18:41:36.6042796Z   GITHUB_SERVER_URL: https://github.com/
2026-09-22T18:41:36.6043112Z   GITHUB_API_URL: https://api.github.com/
2026-09-22T18:41:36.6043406Z   GITHUB_HOST: github.com
2026-09-22T18:41:36.6043723Z   RUNS_ON_RUNNER_NAME: runs-on--i-07ab1646b2bcece62--d0776924-8
2026-09-22T18:41:36.6044126Z   RUNS_ON_INSTANCE_LAUNCHED_AT: 2026-09-22T18:40:35Z
2026-09-22T18:41:36.6044466Z   ACTIONS_CACHE_URL: http://10.1.9.206:6871/
2026-09-22T18:41:36.6044767Z   ACTIONS_CACHE_SERVICE_V2: true
2026-09-22T18:41:36.6045053Z   ACTIONS_RESULTS_URL: http://10.1.9.206:6871/
2026-09-22T18:41:36.6045439Z   RUNS_ON_S3_CACHE_REPO_PREFIX: cache/repo/vortex-data/vortex
2026-09-22T18:41:36.6045816Z   RUNS_ON_ACTION_COST_TRACKING_CLAIMED: true
2026-09-22T18:41:36.6046116Z   RUSTUP_TOOLCHAIN: 1.98.0
2026-09-22T18:41:36.6046362Z   INPUT_TOOL: cargo-codspeed
2026-09-22T18:41:36.6046605Z   INPUT_LOCKED: true
2026-09-22T18:41:36.6046815Z   INPUT_GIT: 
2026-09-22T18:41:36.6047001Z   INPUT_TAG: 
2026-09-22T18:41:36.6047186Z   INPUT_REV: 
2026-09-22T18:41:36.6047378Z   INPUT_FEATURES: 
2026-09-22T18:41:36.6047599Z   INPUT_NO_DEFAULT_FEATURES: false
2026-09-22T18:41:36.6047868Z   INPUT_ALL_FEATURES: false
2026-09-22T18:41:36.6048331Z   ACTION_USER_AGENT: taiki-e/cache-cargo-install-action (66c9585ef5ca780ee69399975a5e911f47905995)
2026-09-22T18:41:36.6048830Z ##[endgroup]
2026-09-22T18:41:36.6893188Z ##[end-action id=__taiki-e_cache-cargo-install-action.pre-unix;outcome=success;conclusion=success;duration_ms=92]
2026-09-22T18:41:36.6897379Z ##[start-action display=Prepare (Windows);id=__taiki-e_cache-cargo-install-action.pre-windows]
2026-09-22T18:41:36.6901127Z ##[end-action id=__taiki-e_cache-cargo-install-action.pre-windows;outcome=skipped;conclusion=skipped;duration_ms=0]
2026-09-22T18:41:36.6903307Z ##[start-action display=Restore Cache;id=__taiki-e_cache-cargo-install-action.cache]
2026-09-22T18:41:36.6947452Z ##[group]Run actions/cache@668228422ae6a00e4ad889ee87cd7109ec5666a7
2026-09-22T18:41:36.6947822Z with:
2026-09-22T18:41:36.6948054Z   path: /opt/hostedtoolcache/cargo-codspeed/bin
2026-09-22T18:41:36.6948725Z   key: cargo-codspeed-5.0.2-aarch64-linux-gnu-2.39-features-default-no-default-features-false-all-features-false
2026-09-22T18:41:36.6949373Z   enableCrossOsArchive: false
2026-09-22T18:41:36.6949637Z   fail-on-cache-miss: false
2026-09-22T18:41:36.6949881Z   lookup-only: false
2026-09-22T18:41:36.6950104Z   save-always: false
2026-09-22T18:41:36.6950308Z env:
2026-09-22T18:41:36.6950565Z   CARGO_TERM_COLOR: always
2026-09-22T18:41:36.6950801Z   RUST_BACKTRACE: 1
2026-09-22T18:41:36.6951241Z   NIGHTLY_TOOLCHAIN: nightly-2026-09-10
2026-09-22T18:41:36.6951684Z   RUNNER_TOOL_CACHE: /opt/hostedtoolcache
2026-09-22T18:41:36.6951979Z   RUNS_ON_HOME: /runs-on
2026-09-22T18:41:36.6952211Z   RUNS_ON_VERSION: v3.3.0
2026-09-22T18:41:36.6952461Z   RUNS_ON_AGENT_BINARY: /runs-on/agent
2026-09-22T18:41:36.6952740Z   RUNS_ON_AGENT_ARCH: arm64
2026-09-22T18:41:36.6952981Z   RUNS_ON_AGENT_USER: runner
2026-09-22T18:41:36.6953237Z   RUNS_ON_AMI_ID: ami-098c62767651982c5
2026-09-22T18:41:36.6953521Z   RUNS_ON_AWS_REGION: us-east-1
2026-09-22T18:41:36.6953850Z   RUNS_ON_AWS_AZ: us-east-1a
2026-09-22T18:41:36.6954129Z   RUNS_ON_ENV_CUSTOM_FILE: /runs-on/env.custom
2026-09-22T18:41:36.6954453Z   RUNS_ON_INSTANCE_ID: i-07ab1646b2bcece62
2026-09-22T18:41:36.6954753Z   RUNS_ON_INSTANCE_LIFECYCLE: on-demand
2026-09-22T18:41:36.6955041Z   RUNS_ON_INSTANCE_TYPE: c7g.metal
2026-09-22T18:41:36.6955319Z   RUNS_ON_STACK_NAME: runs-on-v3
2026-09-22T18:41:36.6955663Z   RUNS_ON_S3_BUCKET_CACHE: runs-on-v3-s3bucketcache-dbnub4tpjhpv
2026-09-22T18:41:36.6956089Z   ACTIONS_RUNNER_HOOK_JOB_STARTED: /runs-on/pre.sh
2026-09-22T18:41:36.6956458Z   ACTIONS_RUNNER_HOOK_JOB_COMPLETED: /runs-on/post.sh
2026-09-22T18:41:36.6956811Z   GITHUB_SERVER_URL: https://github.com/
2026-09-22T18:41:36.6957127Z   GITHUB_API_URL: https://api.github.com/
2026-09-22T18:41:36.6957426Z   GITHUB_HOST: github.com
2026-09-22T18:41:36.6957747Z   RUNS_ON_RUNNER_NAME: runs-on--i-07ab1646b2bcece62--d0776924-8
2026-09-22T18:41:36.6958153Z   RUNS_ON_INSTANCE_LAUNCHED_AT: 2026-09-22T18:40:35Z
2026-09-22T18:41:36.6958500Z   ACTIONS_CACHE_URL: http://10.1.9.206:6871/
2026-09-22T18:41:36.6958806Z   ACTIONS_CACHE_SERVICE_V2: true
2026-09-22T18:41:36.6959104Z   ACTIONS_RESULTS_URL: http://10.1.9.206:6871/
2026-09-22T18:41:36.6959480Z   RUNS_ON_S3_CACHE_REPO_PREFIX: cache/repo/vortex-data/vortex
2026-09-22T18:41:36.6959856Z   RUNS_ON_ACTION_COST_TRACKING_CLAIMED: true
2026-09-22T18:41:36.6960160Z   RUSTUP_TOOLCHAIN: 1.98.0
2026-09-22T18:41:36.6960391Z ##[endgroup]
2026-09-22T18:41:36.9181036Z Cache hit for: cargo-codspeed-5.0.2-aarch64-linux-gnu-2.39-features-default-no-default-features-false-all-features-false
2026-09-22T18:41:36.9915474Z Cache Size: ~1 MB (941982 B)
2026-09-22T18:41:36.9934487Z [command]/usr/bin/tar -xf /home/runner/_work/_temp/557c0f64-519c-4a76-bf3d-2fc10d25f3e2/cache.tzst -P -C /home/runner/_work/vortex/vortex --use-compress-program unzstd
2026-09-22T18:41:37.0027838Z Cache restored successfully
2026-09-22T18:41:37.0523242Z Cache restored from key: cargo-codspeed-5.0.2-aarch64-linux-gnu-2.39-features-default-no-default-features-false-all-features-false
2026-09-22T18:41:37.0577717Z ##[end-action id=__taiki-e_cache-cargo-install-action.cache;outcome=success;conclusion=success;duration_ms=367]
2026-09-22T18:41:37.0590784Z ##[start-action display=Install cargo-codspeed (non-Windows);id=__taiki-e_cache-cargo-install-action.__run]
2026-09-22T18:41:37.0595496Z ##[end-action id=__taiki-e_cache-cargo-install-action.__run;outcome=skipped;conclusion=skipped;duration_ms=0]
2026-09-22T18:41:37.0600855Z ##[start-action display=Install cargo-codspeed (Windows);id=__taiki-e_cache-cargo-install-action.__run_2]
2026-09-22T18:41:37.0605285Z ##[end-action id=__taiki-e_cache-cargo-install-action.__run_2;outcome=skipped;conclusion=skipped;duration_ms=0]
2026-09-22T18:41:37.0652649Z ##[group]Run actions/download-artifact@3e5f45b2cfb9172054b4087a40e8e0b5a5461e7c
2026-09-22T18:41:37.0653136Z with:
2026-09-22T18:41:37.0653355Z   name: codspeed-cpu-benchmarks-neon
2026-09-22T18:41:37.0653647Z   merge-multiple: false
2026-09-22T18:41:37.0653895Z   repository: vortex-data/vortex
2026-09-22T18:41:37.0654150Z   run-id: 35768386889
2026-09-22T18:41:37.0654375Z   skip-decompress: false
2026-09-22T18:41:37.0654615Z   digest-mismatch: error
2026-09-22T18:41:37.0654832Z env:
2026-09-22T18:41:37.0655022Z   CARGO_TERM_COLOR: always
2026-09-22T18:41:37.0655256Z   RUST_BACKTRACE: 1
2026-09-22T18:41:37.0655487Z   NIGHTLY_TOOLCHAIN: nightly-2026-09-10
2026-09-22T18:41:37.0655794Z   RUNNER_TOOL_CACHE: /opt/hostedtoolcache
2026-09-22T18:41:37.0656295Z   RUNS_ON_HOME: /runs-on
2026-09-22T18:41:37.0656534Z   RUNS_ON_VERSION: v3.3.0
2026-09-22T18:41:37.0656795Z   RUNS_ON_AGENT_BINARY: /runs-on/agent
2026-09-22T18:41:37.0657072Z   RUNS_ON_AGENT_ARCH: arm64
2026-09-22T18:41:37.0657343Z   RUNS_ON_AGENT_USER: runner
2026-09-22T18:41:37.0657603Z   RUNS_ON_AMI_ID: ami-098c62767651982c5
2026-09-22T18:41:37.0657885Z   RUNS_ON_AWS_REGION: us-east-1
2026-09-22T18:41:37.0658143Z   RUNS_ON_AWS_AZ: us-east-1a
2026-09-22T18:41:37.0658419Z   RUNS_ON_ENV_CUSTOM_FILE: /runs-on/env.custom
2026-09-22T18:41:37.0658746Z   RUNS_ON_INSTANCE_ID: i-07ab1646b2bcece62
2026-09-22T18:41:37.0659053Z   RUNS_ON_INSTANCE_LIFECYCLE: on-demand
2026-09-22T18:41:37.0659343Z   RUNS_ON_INSTANCE_TYPE: c7g.metal
2026-09-22T18:41:37.0659619Z   RUNS_ON_STACK_NAME: runs-on-v3
2026-09-22T18:41:37.0659968Z   RUNS_ON_S3_BUCKET_CACHE: runs-on-v3-s3bucketcache-dbnub4tpjhpv
2026-09-22T18:41:37.0660385Z   ACTIONS_RUNNER_HOOK_JOB_STARTED: /runs-on/pre.sh
2026-09-22T18:41:37.0660920Z   ACTIONS_RUNNER_HOOK_JOB_COMPLETED: /runs-on/post.sh
2026-09-22T18:41:37.0661286Z   GITHUB_SERVER_URL: https://github.com/
2026-09-22T18:41:37.0661605Z   GITHUB_API_URL: https://api.github.com/
2026-09-22T18:41:37.0661902Z   GITHUB_HOST: github.com
2026-09-22T18:41:37.0662230Z   RUNS_ON_RUNNER_NAME: runs-on--i-07ab1646b2bcece62--d0776924-8
2026-09-22T18:41:37.0662639Z   RUNS_ON_INSTANCE_LAUNCHED_AT: 2026-09-22T18:40:35Z
2026-09-22T18:41:37.0662989Z   ACTIONS_CACHE_URL: http://10.1.9.206:6871/
2026-09-22T18:41:37.0663297Z   ACTIONS_CACHE_SERVICE_V2: true
2026-09-22T18:41:37.0663586Z   ACTIONS_RESULTS_URL: http://10.1.9.206:6871/
2026-09-22T18:41:37.0663965Z   RUNS_ON_S3_CACHE_REPO_PREFIX: cache/repo/vortex-data/vortex
2026-09-22T18:41:37.0664342Z   RUNS_ON_ACTION_COST_TRACKING_CLAIMED: true
2026-09-22T18:41:37.0664646Z   RUSTUP_TOOLCHAIN: 1.98.0
2026-09-22T18:41:37.0664881Z ##[endgroup]
2026-09-22T18:41:37.1870017Z Downloading single artifact
2026-09-22T18:41:37.2647663Z Preparing to download the following artifacts:
2026-09-22T18:41:37.2648481Z - codspeed-cpu-benchmarks-neon (ID: 10712992276, Size: 461154684, Expected Digest: sha256:b5dbed41b2b26ce22bad983a9b371a88ced1d9f714b4370066fff8cfc3a8dc18)
2026-09-22T18:41:37.3785132Z Redirecting to blob download url: https://productionresultssa6.blob.core.windows.net/actions-results/c802accd-0acd-4440-aef1-74b29b5506a8/workflow-job-run-ecb06e15-cce3-59bf-ac2a-2c6eeef00b42/artifacts/b084f87fa3d3be6ff57d62c23d6a3dfa10a6bab8d232c864c43734870b35e840.zip
2026-09-22T18:41:37.3786529Z Starting download of artifact to: /home/runner/_work/vortex/vortex
2026-09-22T18:41:37.4782784Z (node:2642) [DEP0005] DeprecationWarning: Buffer() is deprecated due to security and usability issues. Please use the Buffer.alloc(), Buffer.allocUnsafe(), or Buffer.from() methods instead.
2026-09-22T18:41:37.4783762Z (Use `node --trace-deprecation ...` to show where the warning was created)
2026-09-22T18:41:45.2641976Z SHA256 digest of downloaded artifact is b5dbed41b2b26ce22bad983a9b371a88ced1d9f714b4370066fff8cfc3a8dc18
2026-09-22T18:41:45.2642624Z Artifact download completed successfully.
2026-09-22T18:41:45.2642943Z Total of 1 artifact(s) downloaded
2026-09-22T18:41:45.2648675Z Download artifact has finished successfully
2026-09-22T18:41:45.2813851Z ##[group]Run mkdir -p target
2026-09-22T18:41:45.2814242Z [36;1mmkdir -p target[0m
2026-09-22T18:41:45.2814563Z [36;1mtar -C target -xf codspeed-cpu-benchmarks.tar[0m
2026-09-22T18:41:45.2838116Z shell: /usr/bin/bash -e {0}
2026-09-22T18:41:45.2838371Z env:
2026-09-22T18:41:45.2838572Z   CARGO_TERM_COLOR: always
2026-09-22T18:41:45.2838817Z   RUST_BACKTRACE: 1
2026-09-22T18:41:45.2839055Z   NIGHTLY_TOOLCHAIN: nightly-2026-09-10
2026-09-22T18:41:45.2839370Z   RUNNER_TOOL_CACHE: /opt/hostedtoolcache
2026-09-22T18:41:45.2839670Z   RUNS_ON_HOME: /runs-on
2026-09-22T18:41:45.2839910Z   RUNS_ON_VERSION: v3.3.0
2026-09-22T18:41:45.2840164Z   RUNS_ON_AGENT_BINARY: /runs-on/agent
2026-09-22T18:41:45.2840528Z   RUNS_ON_AGENT_ARCH: arm64
2026-09-22T18:41:45.2841008Z   RUNS_ON_AGENT_USER: runner
2026-09-22T18:41:45.2841274Z   RUNS_ON_AMI_ID: ami-098c62767651982c5
2026-09-22T18:41:45.2841566Z   RUNS_ON_AWS_REGION: us-east-1
2026-09-22T18:41:45.2841828Z   RUNS_ON_AWS_AZ: us-east-1a
2026-09-22T18:41:45.2842140Z   RUNS_ON_ENV_CUSTOM_FILE: /runs-on/env.custom
2026-09-22T18:41:45.2842471Z   RUNS_ON_INSTANCE_ID: i-07ab1646b2bcece62
2026-09-22T18:41:45.2842779Z   RUNS_ON_INSTANCE_LIFECYCLE: on-demand
2026-09-22T18:41:45.2843082Z   RUNS_ON_INSTANCE_TYPE: c7g.metal
2026-09-22T18:41:45.2843360Z   RUNS_ON_STACK_NAME: runs-on-v3
2026-09-22T18:41:45.2843716Z   RUNS_ON_S3_BUCKET_CACHE: runs-on-v3-s3bucketcache-dbnub4tpjhpv
2026-09-22T18:41:45.2844149Z   ACTIONS_RUNNER_HOOK_JOB_STARTED: /runs-on/pre.sh
2026-09-22T18:41:45.2844528Z   ACTIONS_RUNNER_HOOK_JOB_COMPLETED: /runs-on/post.sh
2026-09-22T18:41:45.2844898Z   GITHUB_SERVER_URL: https://github.com/
2026-09-22T18:41:45.2845227Z   GITHUB_API_URL: https://api.github.com/
2026-09-22T18:41:45.2845540Z   GITHUB_HOST: github.com
2026-09-22T18:41:45.2845869Z   RUNS_ON_RUNNER_NAME: runs-on--i-07ab1646b2bcece62--d0776924-8
2026-09-22T18:41:45.2846287Z   RUNS_ON_INSTANCE_LAUNCHED_AT: 2026-09-22T18:40:35Z
2026-09-22T18:41:45.2846645Z   ACTIONS_CACHE_URL: http://10.1.9.206:6871/
2026-09-22T18:41:45.2846961Z   ACTIONS_CACHE_SERVICE_V2: true
2026-09-22T18:41:45.2847262Z   ACTIONS_RESULTS_URL: http://10.1.9.206:6871/
2026-09-22T18:41:45.2847656Z   RUNS_ON_S3_CACHE_REPO_PREFIX: cache/repo/vortex-data/vortex
2026-09-22T18:41:45.2848040Z   RUNS_ON_ACTION_COST_TRACKING_CLAIMED: true
2026-09-22T18:41:45.2848347Z   RUSTUP_TOOLCHAIN: 1.98.0
2026-09-22T18:41:45.2848586Z ##[endgroup]
2026-09-22T18:41:46.6069478Z ##[group]Run sudo bash scripts/setup-benchmark.sh
2026-09-22T18:41:46.6069935Z [36;1msudo bash scripts/setup-benchmark.sh[0m
2026-09-22T18:41:46.6092226Z shell: /usr/bin/bash -e {0}
2026-09-22T18:41:46.6092492Z env:
2026-09-22T18:41:46.6092698Z   CARGO_TERM_COLOR: always
2026-09-22T18:41:46.6092945Z   RUST_BACKTRACE: 1
2026-09-22T18:41:46.6093204Z   NIGHTLY_TOOLCHAIN: nightly-2026-09-10
2026-09-22T18:41:46.6093521Z   RUNNER_TOOL_CACHE: /opt/hostedtoolcache
2026-09-22T18:41:46.6093818Z   RUNS_ON_HOME: /runs-on
2026-09-22T18:41:46.6094059Z   RUNS_ON_VERSION: v3.3.0
2026-09-22T18:41:46.6094317Z   RUNS_ON_AGENT_BINARY: /runs-on/agent
2026-09-22T18:41:46.6094606Z   RUNS_ON_AGENT_ARCH: arm64
2026-09-22T18:41:46.6094860Z   RUNS_ON_AGENT_USER: runner
2026-09-22T18:41:46.6095123Z   RUNS_ON_AMI_ID: ami-098c62767651982c5
2026-09-22T18:41:46.6095417Z   RUNS_ON_AWS_REGION: us-east-1
2026-09-22T18:41:46.6095681Z   RUNS_ON_AWS_AZ: us-east-1a
2026-09-22T18:41:46.6095994Z   RUNS_ON_ENV_CUSTOM_FILE: /runs-on/env.custom
2026-09-22T18:41:46.6096333Z   RUNS_ON_INSTANCE_ID: i-07ab1646b2bcece62
2026-09-22T18:41:46.6096643Z   RUNS_ON_INSTANCE_LIFECYCLE: on-demand
2026-09-22T18:41:46.6096940Z   RUNS_ON_INSTANCE_TYPE: c7g.metal
2026-09-22T18:41:46.6097222Z   RUNS_ON_STACK_NAME: runs-on-v3
2026-09-22T18:41:46.6097575Z   RUNS_ON_S3_BUCKET_CACHE: runs-on-v3-s3bucketcache-dbnub4tpjhpv
2026-09-22T18:41:46.6098005Z   ACTIONS_RUNNER_HOOK_JOB_STARTED: /runs-on/pre.sh
2026-09-22T18:41:46.6098386Z   ACTIONS_RUNNER_HOOK_JOB_COMPLETED: /runs-on/post.sh
2026-09-22T18:41:46.6098752Z   GITHUB_SERVER_URL: https://github.com/
2026-09-22T18:41:46.6099077Z   GITHUB_API_URL: https://api.github.com/
2026-09-22T18:41:46.6099381Z   GITHUB_HOST: github.com
2026-09-22T18:41:46.6099712Z   RUNS_ON_RUNNER_NAME: runs-on--i-07ab1646b2bcece62--d0776924-8
2026-09-22T18:41:46.6100123Z   RUNS_ON_INSTANCE_LAUNCHED_AT: 2026-09-22T18:40:35Z
2026-09-22T18:41:46.6100563Z   ACTIONS_CACHE_URL: http://10.1.9.206:6871/
2026-09-22T18:41:46.6100895Z   ACTIONS_CACHE_SERVICE_V2: true
2026-09-22T18:41:46.6101196Z   ACTIONS_RESULTS_URL: http://10.1.9.206:6871/
2026-09-22T18:41:46.6101584Z   RUNS_ON_S3_CACHE_REPO_PREFIX: cache/repo/vortex-data/vortex
2026-09-22T18:41:46.6101977Z   RUNS_ON_ACTION_COST_TRACKING_CLAIMED: true
2026-09-22T18:41:46.6102283Z   RUSTUP_TOOLCHAIN: 1.98.0
2026-09-22T18:41:46.6102773Z ##[endgroup]
2026-09-22T18:41:46.6198216Z + '[' 0 -ne 0 ']'
2026-09-22T18:41:46.6198741Z + sysfs_write /sys/devices/system/cpu/intel_pstate/no_turbo 1
2026-09-22T18:41:46.6199127Z + [[ -n 1 ]]
2026-09-22T18:41:46.6199403Z + [[ -w /sys/devices/system/cpu/intel_pstate/no_turbo ]]
2026-09-22T18:41:46.6199738Z + true
2026-09-22T18:41:46.6199992Z + sysfs_write /sys/devices/system/cpu/cpufreq/boost 0
2026-09-22T18:41:46.6200310Z + [[ -n 0 ]]
2026-09-22T18:41:46.6200605Z + [[ -w /sys/devices/system/cpu/cpufreq/boost ]]
2026-09-22T18:41:46.6200904Z + true
2026-09-22T18:41:46.6201165Z + for policy in /sys/devices/system/cpu/cpufreq/policy*
2026-09-22T18:41:46.6201692Z + sysfs_write '/sys/devices/system/cpu/cpufreq/policy*/scaling_governor' performance
2026-09-22T18:41:46.6202155Z + [[ -n performance ]]
2026-09-22T18:41:46.6202492Z + [[ -w /sys/devices/system/cpu/cpufreq/policy*/scaling_governor ]]
2026-09-22T18:41:46.6202855Z + true
2026-09-22T18:41:46.6203147Z ++ cat '/sys/devices/system/cpu/cpufreq/policy*/scaling_max_freq'
2026-09-22T18:41:46.6211632Z + sysfs_write '/sys/devices/system/cpu/cpufreq/policy*/scaling_min_freq' ''
2026-09-22T18:41:46.6212050Z + [[ -n '' ]]
2026-09-22T18:41:46.6212240Z + true
2026-09-22T18:41:46.6212440Z + sysctl -w vm.swappiness=0
2026-09-22T18:41:46.6218910Z vm.swappiness = 0
2026-09-22T18:41:46.6219740Z + swapoff -a
2026-09-22T18:41:46.6242827Z + sysctl -w kernel.numa_balancing=0
2026-09-22T18:41:46.6249332Z kernel.numa_balancing = 0
2026-09-22T18:41:46.6250227Z + sysctl -w kernel.randomize_va_space=0
2026-09-22T18:41:46.6256854Z kernel.randomize_va_space = 0
2026-09-22T18:41:46.6257687Z + sysctl -w kernel.sched_autogroup_enabled=0
2026-09-22T18:41:46.6264483Z kernel.sched_autogroup_enabled = 0
2026-09-22T18:41:46.6265122Z + sysctl -w kernel.timer_migration=0
2026-09-22T18:41:46.6271659Z kernel.timer_migration = 0
2026-09-22T18:41:46.6272464Z + dmesg -n 1
2026-09-22T18:41:46.6296179Z + for unit in apparmor ModemManager irqbalance apt-daily.service apt-daily-upgrade.service apt-daily.timer apt-daily-upgrade.timer motd-news.service motd-news.timer apport
2026-09-22T18:41:46.6297037Z + systemctl disable --now apparmor
2026-09-22T18:41:47.2452506Z + systemctl mask apparmor
2026-09-22T18:41:47.4232167Z + for unit in apparmor ModemManager irqbalance apt-daily.service apt-daily-upgrade.service apt-daily.timer apt-daily-upgrade.timer motd-news.service motd-news.timer apport
2026-09-22T18:41:47.6042674Z + systemctl disable --now ModemManager
2026-09-22T18:41:47.6043008Z + systemctl mask ModemManager
2026-09-22T18:41:47.7843012Z + for unit in apparmor ModemManager irqbalance apt-daily.service apt-daily-upgrade.service apt-daily.timer apt-daily-upgrade.timer motd-news.service motd-news.timer apport
2026-09-22T18:41:47.7843865Z + systemctl disable --now irqbalance
2026-09-22T18:41:48.3371597Z + systemctl mask irqbalance
2026-09-22T18:41:48.5181488Z + for unit in apparmor ModemManager irqbalance apt-daily.service apt-daily-upgrade.service apt-daily.timer apt-daily-upgrade.timer motd-news.service motd-news.timer apport
2026-09-22T18:41:48.5182387Z + systemctl disable --now apt-daily.service
2026-09-22T18:41:48.7052170Z + systemctl mask apt-daily.service
2026-09-22T18:41:48.8852480Z + for unit in apparmor ModemManager irqbalance apt-daily.service apt-daily-upgrade.service apt-daily.timer apt-daily-upgrade.timer motd-news.service motd-news.timer apport
2026-09-22T18:41:48.8853368Z + systemctl disable --now apt-daily-upgrade.service
2026-09-22T18:41:49.0852935Z + systemctl mask apt-daily-upgrade.service
2026-09-22T18:41:49.2660796Z + for unit in apparmor ModemManager irqbalance apt-daily.service apt-daily-upgrade.service apt-daily.timer apt-daily-upgrade.timer motd-news.service motd-news.timer apport
2026-09-22T18:41:49.2661662Z + systemctl disable --now apt-daily.timer
2026-09-22T18:41:49.4485010Z + systemctl mask apt-daily.timer
2026-09-22T18:41:49.6251784Z + for unit in apparmor ModemManager irqbalance apt-daily.service apt-daily-upgrade.service apt-daily.timer apt-daily-upgrade.timer motd-news.service motd-news.timer apport
2026-09-22T18:41:49.6252951Z + systemctl disable --now apt-daily-upgrade.timer
2026-09-22T18:41:49.8067028Z + systemctl mask apt-daily-upgrade.timer
2026-09-22T18:41:49.9901923Z + for unit in apparmor ModemManager irqbalance apt-daily.service apt-daily-upgrade.service apt-daily.timer apt-daily-upgrade.timer motd-news.service motd-news.timer apport
2026-09-22T18:41:49.9902788Z + systemctl disable --now motd-news.service
2026-09-22T18:41:50.1701435Z + systemctl mask motd-news.service
2026-09-22T18:41:50.3432355Z + for unit in apparmor ModemManager irqbalance apt-daily.service apt-daily-upgrade.service apt-daily.timer apt-daily-upgrade.timer motd-news.service motd-news.timer apport
2026-09-22T18:41:50.3433209Z + systemctl disable --now motd-news.timer
2026-09-22T18:41:50.5294067Z + systemctl mask motd-news.timer
2026-09-22T18:41:50.7101226Z + for unit in apparmor ModemManager irqbalance apt-daily.service apt-daily-upgrade.service apt-daily.timer apt-daily-upgrade.timer motd-news.service motd-news.timer apport
2026-09-22T18:41:50.7102096Z + systemctl disable --now apport
2026-09-22T18:41:51.2521786Z + systemctl mask apport
2026-09-22T18:41:51.4310183Z + aa-teardown
2026-09-22T18:41:51.4341666Z Unloading AppArmor profiles
2026-09-22T18:41:51.4368835Z + node_dirs=(/sys/devices/system/node/node[0-9]*)
2026-09-22T18:41:51.4369669Z + [[ 1 -gt 1 ]]
2026-09-22T18:41:51.4374946Z ++ sort -un
2026-09-22T18:41:51.4375831Z ++ paste -sd, -
2026-09-22T18:41:51.4378714Z +++ cat /sys/devices/system/cpu/cpu0/topology/thread_siblings_list /sys/devices/system/cpu/cpu1/topology/thread_siblings_list
2026-09-22T18:41:51.4379334Z +++ paste -sd, -
2026-09-22T18:41:51.4396467Z ++ expand_cpulist 0,1
2026-09-22T18:41:51.4396714Z ++ [[ -n 0,1 ]]
2026-09-22T18:41:51.4396922Z ++ local parts part
2026-09-22T18:41:51.4397127Z ++ IFS=,
2026-09-22T18:41:51.4397312Z ++ read -ra parts
2026-09-22T18:41:51.4397542Z ++ for part in "${parts[@]}"
2026-09-22T18:41:51.4397784Z ++ seq 0 0
2026-09-22T18:41:51.4416244Z ++ for part in "${parts[@]}"
2026-09-22T18:41:51.4416507Z ++ seq 1 1
2026-09-22T18:41:51.4427422Z + HOUSEKEEPING_CPUS=0,1
2026-09-22T18:41:51.4427651Z + bench=()
2026-09-22T18:41:51.4432043Z +++ cat /sys/devices/system/cpu/online
2026-09-22T18:41:51.4438410Z ++ expand_cpulist 0-63
2026-09-22T18:41:51.4438635Z ++ [[ -n 0-63 ]]
2026-09-22T18:41:51.4438837Z ++ local parts part
2026-09-22T18:41:51.4439050Z ++ IFS=,
2026-09-22T18:41:51.4439235Z ++ read -ra parts
2026-09-22T18:41:51.4439456Z ++ for part in "${parts[@]}"
2026-09-22T18:41:51.4439702Z ++ seq 0 63
2026-09-22T18:41:51.4448064Z + for cpu in $(expand_cpulist "$(cat /sys/devices/system/cpu/online)")
2026-09-22T18:41:51.4448464Z + [[ ,0,1, == *\,\0\,* ]]
2026-09-22T18:41:51.4448802Z + for cpu in $(expand_cpulist "$(cat /sys/devices/system/cpu/online)")
2026-09-22T18:41:51.4449176Z + [[ ,0,1, == *\,\1\,* ]]
2026-09-22T18:41:51.4449506Z + for cpu in $(expand_cpulist "$(cat /sys/devices/system/cpu/online)")
2026-09-22T18:41:51.4449882Z + [[ ,0,1, == *\,\2\,* ]]
2026-09-22T18:41:51.4450117Z + bench+=("$cpu")
2026-09-22T18:41:51.4450475Z + for cpu in $(expand_cpulist "$(cat /sys/devices/system/cpu/online)")
2026-09-22T18:41:51.4450853Z + [[ ,0,1, == *\,\3\,* ]]
2026-09-22T18:41:51.4451082Z + bench+=("$cpu")
2026-09-22T18:41:51.4451394Z + for cpu in $(expand_cpulist "$(cat /sys/devices/system/cpu/online)")
2026-09-22T18:41:51.4451761Z + [[ ,0,1, == *\,\4\,* ]]
2026-09-22T18:41:51.4451992Z + bench+=("$cpu")
2026-09-22T18:41:51.4452305Z + for cpu in $(expand_cpulist "$(cat /sys/devices/system/cpu/online)")
2026-09-22T18:41:51.4452670Z + [[ ,0,1, == *\,\5\,* ]]
2026-09-22T18:41:51.4452901Z + bench+=("$cpu")
2026-09-22T18:41:51.4453215Z + for cpu in $(expand_cpulist "$(cat /sys/devices/system/cpu/online)")
2026-09-22T18:41:51.4453657Z + [[ ,0,1, == *\,\6\,* ]]
2026-09-22T18:41:51.4453881Z + bench+=("$cpu")
2026-09-22T18:41:51.4454194Z + for cpu in $(expand_cpulist "$(cat /sys/devices/system/cpu/online)")
2026-09-22T18:41:51.4454570Z + [[ ,0,1, == *\,\7\,* ]]
2026-09-22T18:41:51.4455070Z + bench+=("$cpu")
2026-09-22T18:41:51.4455383Z + for cpu in $(expand_cpulist "$(cat /sys/devices/system/cpu/online)")
2026-09-22T18:41:51.4455756Z + [[ ,0,1, == *\,\8\,* ]]
2026-09-22T18:41:51.4455979Z + bench+=("$cpu")
2026-09-22T18:41:51.4456289Z + for cpu in $(expand_cpulist "$(cat /sys/devices/system/cpu/online)")
2026-09-22T18:41:51.4456657Z + [[ ,0,1, == *\,\9\,* ]]
2026-09-22T18:41:51.4456881Z + bench+=("$cpu")
2026-09-22T18:41:51.4457189Z + for cpu in $(expand_cpulist "$(cat /sys/devices/system/cpu/online)")
2026-09-22T18:41:51.4457556Z + [[ ,0,1, == *\,\1\0\,* ]]
2026-09-22T18:41:51.4457791Z + bench+=("$cpu")
2026-09-22T18:41:51.4458105Z + for cpu in $(expand_cpulist "$(cat /sys/devices/system/cpu/online)")
2026-09-22T18:41:51.4458470Z + [[ ,0,1, == *\,\1\1\,* ]]
2026-09-22T18:41:51.4458700Z + bench+=("$cpu")
2026-09-22T18:41:51.4459009Z + for cpu in $(expand_cpulist "$(cat /sys/devices/system/cpu/online)")
2026-09-22T18:41:51.4459381Z + [[ ,0,1, == *\,\1\2\,* ]]
2026-09-22T18:41:51.4459611Z + bench+=("$cpu")
2026-09-22T18:41:51.4459932Z + for cpu in $(expand_cpulist "$(cat /sys/devices/system/cpu/online)")
2026-09-22T18:41:51.4460301Z + [[ ,0,1, == *\,\1\3\,* ]]
2026-09-22T18:41:51.4460602Z + bench+=("$cpu")
2026-09-22T18:41:51.4460918Z + for cpu in $(expand_cpulist "$(cat /sys/devices/system/cpu/online)")
2026-09-22T18:41:51.4461285Z + [[ ,0,1, == *\,\1\4\,* ]]
2026-09-22T18:41:51.4461512Z + bench+=("$cpu")
2026-09-22T18:41:51.4461822Z + for cpu in $(expand_cpulist "$(cat /sys/devices/system/cpu/online)")
2026-09-22T18:41:51.4462188Z + [[ ,0,1, == *\,\1\5\,* ]]
2026-09-22T18:41:51.4462415Z + bench+=("$cpu")
2026-09-22T18:41:51.4462900Z + for cpu in $(expand_cpulist "$(cat /sys/devices/system/cpu/online)")
2026-09-22T18:41:51.4463280Z + [[ ,0,1, == *\,\1\6\,* ]]
2026-09-22T18:41:51.4463506Z + bench+=("$cpu")
2026-09-22T18:41:51.4463815Z + for cpu in $(expand_cpulist "$(cat /sys/devices/system/cpu/online)")
2026-09-22T18:41:51.4464184Z + [[ ,0,1, == *\,\1\7\,* ]]
2026-09-22T18:41:51.4464408Z + bench+=("$cpu")
2026-09-22T18:41:51.4464720Z + for cpu in $(expand_cpulist "$(cat /sys/devices/system/cpu/online)")
2026-09-22T18:41:51.4465091Z + [[ ,0,1, == *\,\1\8\,* ]]
2026-09-22T18:41:51.4465317Z + bench+=("$cpu")
2026-09-22T18:41:51.4465622Z + for cpu in $(expand_cpulist "$(cat /sys/devices/system/cpu/online)")
2026-09-22T18:41:51.4465988Z + [[ ,0,1, == *\,\1\9\,* ]]
2026-09-22T18:41:51.4466217Z + bench+=("$cpu")
2026-09-22T18:41:51.4466524Z + for cpu in $(expand_cpulist "$(cat /sys/devices/system/cpu/online)")
2026-09-22T18:41:51.4466891Z + [[ ,0,1, == *\,\2\0\,* ]]
2026-09-22T18:41:51.4467121Z + bench+=("$cpu")
2026-09-22T18:41:51.4467431Z + for cpu in $(expand_cpulist "$(cat /sys/devices/system/cpu/online)")
2026-09-22T18:41:51.4467800Z + [[ ,0,1, == *\,\2\1\,* ]]
2026-09-22T18:41:51.4468031Z + bench+=("$cpu")
2026-09-22T18:41:51.4468343Z + for cpu in $(expand_cpulist "$(cat /sys/devices/system/cpu/online)")
2026-09-22T18:41:51.4468722Z + [[ ,0,1, == *\,\2\2\,* ]]
2026-09-22T18:41:51.4468952Z + bench+=("$cpu")
2026-09-22T18:41:51.4469270Z + for cpu in $(expand_cpulist "$(cat /sys/devices/system/cpu/online)")
2026-09-22T18:41:51.4469643Z + [[ ,0,1, == *\,\2\3\,* ]]
2026-09-22T18:41:51.4469873Z + bench+=("$cpu")
2026-09-22T18:41:51.4470187Z + for cpu in $(expand_cpulist "$(cat /sys/devices/system/cpu/online)")
2026-09-22T18:41:51.4470618Z + [[ ,0,1, == *\,\2\4\,* ]]
2026-09-22T18:41:51.4470852Z + bench+=("$cpu")
2026-09-22T18:41:51.4471165Z + for cpu in $(expand_cpulist "$(cat /sys/devices/system/cpu/online)")
2026-09-22T18:41:51.4471533Z + [[ ,0,1, == *\,\2\5\,* ]]
2026-09-22T18:41:51.4471763Z + bench+=("$cpu")
2026-09-22T18:41:51.4472078Z + for cpu in $(expand_cpulist "$(cat /sys/devices/system/cpu/online)")
2026-09-22T18:41:51.4472451Z + [[ ,0,1, == *\,\2\6\,* ]]
2026-09-22T18:41:51.4472679Z + bench+=("$cpu")
2026-09-22T18:41:51.4472988Z + for cpu in $(expand_cpulist "$(cat /sys/devices/system/cpu/online)")
2026-09-22T18:41:51.4473363Z + [[ ,0,1, == *\,\2\7\,* ]]
2026-09-22T18:41:51.4473591Z + bench+=("$cpu")
2026-09-22T18:41:51.4474097Z + for cpu in $(expand_cpulist "$(cat /sys/devices/system/cpu/online)")
2026-09-22T18:41:51.4474464Z + [[ ,0,1, == *\,\2\8\,* ]]
2026-09-22T18:41:51.4474689Z + bench+=("$cpu")
2026-09-22T18:41:51.4474997Z + for cpu in $(expand_cpulist "$(cat /sys/devices/system/cpu/online)")
2026-09-22T18:41:51.4475362Z + [[ ,0,1, == *\,\2\9\,* ]]
2026-09-22T18:41:51.4475594Z + bench+=("$cpu")
2026-09-22T18:41:51.4475902Z + for cpu in $(expand_cpulist "$(cat /sys/devices/system/cpu/online)")
2026-09-22T18:41:51.4476271Z + [[ ,0,1, == *\,\3\0\,* ]]
2026-09-22T18:41:51.4476502Z + bench+=("$cpu")
2026-09-22T18:41:51.4476814Z + for cpu in $(expand_cpulist "$(cat /sys/devices/system/cpu/online)")
2026-09-22T18:41:51.4477181Z + [[ ,0,1, == *\,\3\1\,* ]]
2026-09-22T18:41:51.4477412Z + bench+=("$cpu")
2026-09-22T18:41:51.4477718Z + for cpu in $(expand_cpulist "$(cat /sys/devices/system/cpu/online)")
2026-09-22T18:41:51.4478084Z + [[ ,0,1, == *\,\3\2\,* ]]
2026-09-22T18:41:51.4478308Z + bench+=("$cpu")
2026-09-22T18:41:51.4478626Z + for cpu in $(expand_cpulist "$(cat /sys/devices/system/cpu/online)")
2026-09-22T18:41:51.4478995Z + [[ ,0,1, == *\,\3\3\,* ]]
2026-09-22T18:41:51.4479222Z + bench+=("$cpu")
2026-09-22T18:41:51.4479533Z + for cpu in $(expand_cpulist "$(cat /sys/devices/system/cpu/online)")
2026-09-22T18:41:51.4479901Z + [[ ,0,1, == *\,\3\4\,* ]]
2026-09-22T18:41:51.4480127Z + bench+=("$cpu")
2026-09-22T18:41:51.4480520Z + for cpu in $(expand_cpulist "$(cat /sys/devices/system/cpu/online)")
2026-09-22T18:41:51.4480894Z + [[ ,0,1, == *\,\3\5\,* ]]
2026-09-22T18:41:51.4481119Z + bench+=("$cpu")
2026-09-22T18:41:51.4481584Z + for cpu in $(expand_cpulist "$(cat /sys/devices/system/cpu/online)")
2026-09-22T18:41:51.4481966Z + [[ ,0,1, == *\,\3\6\,* ]]
2026-09-22T18:41:51.4482195Z + bench+=("$cpu")
2026-09-22T18:41:51.4482503Z + for cpu in $(expand_cpulist "$(cat /sys/devices/system/cpu/online)")
2026-09-22T18:41:51.4482874Z + [[ ,0,1, == *\,\3\7\,* ]]
2026-09-22T18:41:51.4483101Z + bench+=("$cpu")
2026-09-22T18:41:51.4483414Z + for cpu in $(expand_cpulist "$(cat /sys/devices/system/cpu/online)")
2026-09-22T18:41:51.4483785Z + [[ ,0,1, == *\,\3\8\,* ]]
2026-09-22T18:41:51.4484014Z + bench+=("$cpu")
2026-09-22T18:41:51.4484320Z + for cpu in $(expand_cpulist "$(cat /sys/devices/system/cpu/online)")
2026-09-22T18:41:51.4484689Z + [[ ,0,1, == *\,\3\9\,* ]]
2026-09-22T18:41:51.4484927Z + bench+=("$cpu")
2026-09-22T18:41:51.4485239Z + for cpu in $(expand_cpulist "$(cat /sys/devices/system/cpu/online)")
2026-09-22T18:41:51.4485606Z + [[ ,0,1, == *\,\4\0\,* ]]
2026-09-22T18:41:51.4485835Z + bench+=("$cpu")
2026-09-22T18:41:51.4486147Z + for cpu in $(expand_cpulist "$(cat /sys/devices/system/cpu/online)")
2026-09-22T18:41:51.4486516Z + [[ ,0,1, == *\,\4\1\,* ]]
2026-09-22T18:41:51.4486744Z + bench+=("$cpu")
2026-09-22T18:41:51.4487051Z + for cpu in $(expand_cpulist "$(cat /sys/devices/system/cpu/online)")
2026-09-22T18:41:51.4487466Z + [[ ,0,1, == *\,\4\2\,* ]]
2026-09-22T18:41:51.4487695Z + bench+=("$cpu")
2026-09-22T18:41:51.4488013Z + for cpu in $(expand_cpulist "$(cat /sys/devices/system/cpu/online)")
2026-09-22T18:41:51.4488382Z + [[ ,0,1, == *\,\4\3\,* ]]
2026-09-22T18:41:51.4488607Z + bench+=("$cpu")
2026-09-22T18:41:51.4488918Z + for cpu in $(expand_cpulist "$(cat /sys/devices/system/cpu/online)")
2026-09-22T18:41:51.4489284Z + [[ ,0,1, == *\,\4\4\,* ]]
2026-09-22T18:41:51.4489508Z + bench+=("$cpu")
2026-09-22T18:41:51.4489818Z + for cpu in $(expand_cpulist "$(cat /sys/devices/system/cpu/online)")
2026-09-22T18:41:51.4490185Z + [[ ,0,1, == *\,\4\5\,* ]]
2026-09-22T18:41:51.4490412Z + bench+=("$cpu")
2026-09-22T18:41:51.4490790Z + for cpu in $(expand_cpulist "$(cat /sys/devices/system/cpu/online)")
2026-09-22T18:41:51.4491166Z + [[ ,0,1, == *\,\4\6\,* ]]
2026-09-22T18:41:51.4491393Z + bench+=("$cpu")
2026-09-22T18:41:51.4491704Z + for cpu in $(expand_cpulist "$(cat /sys/devices/system/cpu/online)")
2026-09-22T18:41:51.4492081Z + [[ ,0,1, == *\,\4\7\,* ]]
2026-09-22T18:41:51.4492306Z + bench+=("$cpu")
2026-09-22T18:41:51.4492841Z + for cpu in $(expand_cpulist "$(cat /sys/devices/system/cpu/online)")
2026-09-22T18:41:51.4493210Z + [[ ,0,1, == *\,\4\8\,* ]]
2026-09-22T18:41:51.4493437Z + bench+=("$cpu")
2026-09-22T18:41:51.4493748Z + for cpu in $(expand_cpulist "$(cat /sys/devices/system/cpu/online)")
2026-09-22T18:41:51.4494114Z + [[ ,0,1, == *\,\4\9\,* ]]
2026-09-22T18:41:51.4494343Z + bench+=("$cpu")
2026-09-22T18:41:51.4494652Z + for cpu in $(expand_cpulist "$(cat /sys/devices/system/cpu/online)")
2026-09-22T18:41:51.4495019Z + [[ ,0,1, == *\,\5\0\,* ]]
2026-09-22T18:41:51.4495250Z + bench+=("$cpu")
2026-09-22T18:41:51.4495562Z + for cpu in $(expand_cpulist "$(cat /sys/devices/system/cpu/online)")
2026-09-22T18:41:51.4495929Z + [[ ,0,1, == *\,\5\1\,* ]]
2026-09-22T18:41:51.4496158Z + bench+=("$cpu")
2026-09-22T18:41:51.4496464Z + for cpu in $(expand_cpulist "$(cat /sys/devices/system/cpu/online)")
2026-09-22T18:41:51.4496830Z + [[ ,0,1, == *\,\5\2\,* ]]
2026-09-22T18:41:51.4497060Z + bench+=("$cpu")
2026-09-22T18:41:51.4497378Z + for cpu in $(expand_cpulist "$(cat /sys/devices/system/cpu/online)")
2026-09-22T18:41:51.4497749Z + [[ ,0,1, == *\,\5\3\,* ]]
2026-09-22T18:41:51.4497979Z + bench+=("$cpu")
2026-09-22T18:41:51.4498292Z + for cpu in $(expand_cpulist "$(cat /sys/devices/system/cpu/online)")
2026-09-22T18:41:51.4498662Z + [[ ,0,1, == *\,\5\4\,* ]]
2026-09-22T18:41:51.4498891Z + bench+=("$cpu")
2026-09-22T18:41:51.4499206Z + for cpu in $(expand_cpulist "$(cat /sys/devices/system/cpu/online)")
2026-09-22T18:41:51.4499573Z + [[ ,0,1, == *\,\5\5\,* ]]
2026-09-22T18:41:51.4499804Z + bench+=("$cpu")
2026-09-22T18:41:51.4500275Z + for cpu in $(expand_cpulist "$(cat /sys/devices/system/cpu/online)")
2026-09-22T18:41:51.4500753Z + [[ ,0,1, == *\,\5\6\,* ]]
2026-09-22T18:41:51.4500985Z + bench+=("$cpu")
2026-09-22T18:41:51.4501295Z + for cpu in $(expand_cpulist "$(cat /sys/devices/system/cpu/online)")
2026-09-22T18:41:51.4501667Z + [[ ,0,1, == *\,\5\7\,* ]]
2026-09-22T18:41:51.4501892Z + bench+=("$cpu")
2026-09-22T18:41:51.4502203Z + for cpu in $(expand_cpulist "$(cat /sys/devices/system/cpu/online)")
2026-09-22T18:41:51.4502572Z + [[ ,0,1, == *\,\5\8\,* ]]
2026-09-22T18:41:51.4502798Z + bench+=("$cpu")
2026-09-22T18:41:51.4503105Z + for cpu in $(expand_cpulist "$(cat /sys/devices/system/cpu/online)")
2026-09-22T18:41:51.4503472Z + [[ ,0,1, == *\,\5\9\,* ]]
2026-09-22T18:41:51.4503703Z + bench+=("$cpu")
2026-09-22T18:41:51.4504008Z + for cpu in $(expand_cpulist "$(cat /sys/devices/system/cpu/online)")
2026-09-22T18:41:51.4504376Z + [[ ,0,1, == *\,\6\0\,* ]]
2026-09-22T18:41:51.4504607Z + bench+=("$cpu")
2026-09-22T18:41:51.4504919Z + for cpu in $(expand_cpulist "$(cat /sys/devices/system/cpu/online)")
2026-09-22T18:41:51.4505288Z + [[ ,0,1, == *\,\6\1\,* ]]
2026-09-22T18:41:51.4505516Z + bench+=("$cpu")
2026-09-22T18:41:51.4505829Z + for cpu in $(expand_cpulist "$(cat /sys/devices/system/cpu/online)")
2026-09-22T18:41:51.4506198Z + [[ ,0,1, == *\,\6\2\,* ]]
2026-09-22T18:41:51.4506423Z + bench+=("$cpu")
2026-09-22T18:41:51.4506744Z + for cpu in $(expand_cpulist "$(cat /sys/devices/system/cpu/online)")
2026-09-22T18:41:51.4507143Z + [[ ,0,1, == *\,\6\3\,* ]]
2026-09-22T18:41:51.4507373Z + bench+=("$cpu")
2026-09-22T18:41:51.4507576Z ++ IFS=,
2026-09-22T18:41:51.4508076Z ++ echo 2,3,4,5,6,7,8,9,10,11,12,13,14,15,16,17,18,19,20,21,22,23,24,25,26,27,28,29,30,31,32,33,34,35,36,37,38,39,40,41,42,43,44,45,46,47,48,49,50,51,52,53,54,55,56,57,58,59,60,61,62,63
2026-09-22T18:41:51.4508980Z + BENCH_CPUS=2,3,4,5,6,7,8,9,10,11,12,13,14,15,16,17,18,19,20,21,22,23,24,25,26,27,28,29,30,31,32,33,34,35,36,37,38,39,40,41,42,43,44,45,46,47,48,49,50,51,52,53,54,55,56,57,58,59,60,61,62,63
2026-09-22T18:41:51.4509577Z + NET_IRQS=()
2026-09-22T18:41:51.4509785Z + declare -A NET_IRQS
2026-09-22T18:41:51.4510012Z + bench_cpu_arr=()
2026-09-22T18:41:51.4510221Z + IFS=
2026-09-22T18:41:51.4510403Z + read -r cpu
2026-09-22T18:41:51.4511036Z ++ expand_cpulist 2,3,4,5,6,7,8,9,10,11,12,13,14,15,16,17,18,19,20,21,22,23,24,25,26,27,28,29,30,31,32,33,34,35,36,37,38,39,40,41,42,43,44,45,46,47,48,49,50,51,52,53,54,55,56,57,58,59,60,61,62,63
2026-09-22T18:41:51.4512147Z ++ [[ -n 2,3,4,5,6,7,8,9,10,11,12,13,14,15,16,17,18,19,20,21,22,23,24,25,26,27,28,29,30,31,32,33,34,35,36,37,38,39,40,41,42,43,44,45,46,47,48,49,50,51,52,53,54,55,56,57,58,59,60,61,62,63 ]]
2026-09-22T18:41:51.4512729Z ++ local parts part
2026-09-22T18:41:51.4512937Z ++ IFS=,
2026-09-22T18:41:51.4513126Z ++ read -ra parts
2026-09-22T18:41:51.4513348Z ++ for part in "${parts[@]}"
2026-09-22T18:41:51.4513586Z ++ seq 2 2
2026-09-22T18:41:51.4513788Z + bench_cpu_arr+=("$cpu")
2026-09-22T18:41:51.4514012Z + IFS=
2026-09-22T18:41:51.4514191Z + read -r cpu
2026-09-22T18:41:51.4514402Z ++ for part in "${parts[@]}"
2026-09-22T18:41:51.4514642Z ++ seq 3 3
2026-09-22T18:41:51.4514836Z + bench_cpu_arr+=("$cpu")
2026-09-22T18:41:51.4515058Z + IFS=
2026-09-22T18:41:51.4515238Z + read -r cpu
2026-09-22T18:41:51.4515444Z ++ for part in "${parts[@]}"
2026-09-22T18:41:51.4515683Z ++ seq 4 4
2026-09-22T18:41:51.4515879Z + bench_cpu_arr+=("$cpu")
2026-09-22T18:41:51.4516111Z + IFS=
2026-09-22T18:41:51.4516293Z + read -r cpu
2026-09-22T18:41:51.4516500Z ++ for part in "${parts[@]}"
2026-09-22T18:41:51.4516754Z ++ seq 5 5
2026-09-22T18:41:51.4516948Z + bench_cpu_arr+=("$cpu")
2026-09-22T18:41:51.4517173Z + IFS=
2026-09-22T18:41:51.4517353Z + read -r cpu
2026-09-22T18:41:51.4517568Z ++ for part in "${parts[@]}"
2026-09-22T18:41:51.4517806Z ++ seq 6 6
2026-09-22T18:41:51.4518005Z + bench_cpu_arr+=("$cpu")
2026-09-22T18:41:51.4518236Z + IFS=
2026-09-22T18:41:51.4518420Z + read -r cpu
2026-09-22T18:41:51.4518630Z ++ for part in "${parts[@]}"
2026-09-22T18:41:51.4518867Z ++ seq 7 7
2026-09-22T18:41:51.4519242Z + bench_cpu_arr+=("$cpu")
2026-09-22T18:41:51.4519489Z + IFS=
2026-09-22T18:41:51.4519669Z + read -r cpu
2026-09-22T18:41:51.4519882Z ++ for part in "${parts[@]}"
2026-09-22T18:41:51.4520119Z ++ seq 8 8
2026-09-22T18:41:51.4520322Z + bench_cpu_arr+=("$cpu")
2026-09-22T18:41:51.4520609Z + IFS=
2026-09-22T18:41:51.4520796Z + read -r cpu
2026-09-22T18:41:51.4521011Z ++ for part in "${parts[@]}"
2026-09-22T18:41:51.4521248Z ++ seq 9 9
2026-09-22T18:41:51.4521445Z + bench_cpu_arr+=("$cpu")
2026-09-22T18:41:51.4521668Z + IFS=
2026-09-22T18:41:51.4521847Z + read -r cpu
2026-09-22T18:41:51.4522057Z ++ for part in "${parts[@]}"
2026-09-22T18:41:51.4522299Z ++ seq 10 10
2026-09-22T18:41:51.4524610Z + bench_cpu_arr+=("$cpu")
2026-09-22T18:41:51.4524836Z + IFS=
2026-09-22T18:41:51.4525016Z + read -r cpu
2026-09-22T18:41:51.4525467Z ++ for part in "${parts[@]}"
2026-09-22T18:41:51.4525728Z ++ seq 11 11
2026-09-22T18:41:51.4531470Z + bench_cpu_arr+=("$cpu")
2026-09-22T18:41:51.4531708Z + IFS=
2026-09-22T18:41:51.4531910Z + read -r cpu
2026-09-22T18:41:51.4532352Z ++ for part in "${parts[@]}"
2026-09-22T18:41:51.4532638Z ++ seq 12 12
2026-09-22T18:41:51.4538460Z + bench_cpu_arr+=("$cpu")
2026-09-22T18:41:51.4538718Z + IFS=
2026-09-22T18:41:51.4538911Z + read -r cpu
2026-09-22T18:41:51.4539131Z ++ for part in "${parts[@]}"
2026-09-22T18:41:51.4539379Z ++ seq 13 13
2026-09-22T18:41:51.4545210Z + bench_cpu_arr+=("$cpu")
2026-09-22T18:41:51.4545456Z + IFS=
2026-09-22T18:41:51.4545646Z + read -r cpu
2026-09-22T18:41:51.4545866Z ++ for part in "${parts[@]}"
2026-09-22T18:41:51.4546111Z ++ seq 14 14
2026-09-22T18:41:51.4552069Z + bench_cpu_arr+=("$cpu")
2026-09-22T18:41:51.4552300Z + IFS=
2026-09-22T18:41:51.4552487Z + read -r cpu
2026-09-22T18:41:51.4552704Z ++ for part in "${parts[@]}"
2026-09-22T18:41:51.4552948Z ++ seq 15 15
2026-09-22T18:41:51.4558715Z + bench_cpu_arr+=("$cpu")
2026-09-22T18:41:51.4558956Z + IFS=
2026-09-22T18:41:51.4559140Z + read -r cpu
2026-09-22T18:41:51.4559353Z ++ for part in "${parts[@]}"
2026-09-22T18:41:51.4559609Z ++ seq 16 16
2026-09-22T18:41:51.4565595Z + bench_cpu_arr+=("$cpu")
2026-09-22T18:41:51.4565826Z + IFS=
2026-09-22T18:41:51.4566006Z + read -r cpu
2026-09-22T18:41:51.4566220Z ++ for part in "${parts[@]}"
2026-09-22T18:41:51.4566461Z ++ seq 17 17
2026-09-22T18:41:51.4572326Z + bench_cpu_arr+=("$cpu")
2026-09-22T18:41:51.4572847Z + IFS=
2026-09-22T18:41:51.4573028Z + read -r cpu
2026-09-22T18:41:51.4573239Z ++ for part in "${parts[@]}"
2026-09-22T18:41:51.4573481Z ++ seq 18 18
2026-09-22T18:41:51.4579227Z + bench_cpu_arr+=("$cpu")
2026-09-22T18:41:51.4579454Z + IFS=
2026-09-22T18:41:51.4579634Z + read -r cpu
2026-09-22T18:41:51.4579853Z ++ for part in "${parts[@]}"
2026-09-22T18:41:51.4580092Z ++ seq 19 19
2026-09-22T18:41:51.4586085Z + bench_cpu_arr+=("$cpu")
2026-09-22T18:41:51.4586319Z + IFS=
2026-09-22T18:41:51.4586502Z + read -r cpu
2026-09-22T18:41:51.4586712Z ++ for part in "${parts[@]}"
2026-09-22T18:41:51.4586955Z ++ seq 20 20
2026-09-22T18:41:51.4592893Z + bench_cpu_arr+=("$cpu")
2026-09-22T18:41:51.4593129Z + IFS=
2026-09-22T18:41:51.4593312Z + read -r cpu
2026-09-22T18:41:51.4593523Z ++ for part in "${parts[@]}"
2026-09-22T18:41:51.4593760Z ++ seq 21 21
2026-09-22T18:41:51.4599593Z + bench_cpu_arr+=("$cpu")
2026-09-22T18:41:51.4599824Z + IFS=
2026-09-22T18:41:51.4600004Z + read -r cpu
2026-09-22T18:41:51.4600217Z ++ for part in "${parts[@]}"
2026-09-22T18:41:51.4600526Z ++ seq 22 22
2026-09-22T18:41:51.4606381Z + bench_cpu_arr+=("$cpu")
2026-09-22T18:41:51.4606612Z + IFS=
2026-09-22T18:41:51.4606795Z + read -r cpu
2026-09-22T18:41:51.4607122Z ++ for part in "${parts[@]}"
2026-09-22T18:41:51.4607386Z ++ seq 23 23
2026-09-22T18:41:51.4613328Z + bench_cpu_arr+=("$cpu")
2026-09-22T18:41:51.4613561Z + IFS=
2026-09-22T18:41:51.4613745Z + read -r cpu
2026-09-22T18:41:51.4613967Z ++ for part in "${parts[@]}"
2026-09-22T18:41:51.4614209Z ++ seq 24 24
2026-09-22T18:41:51.4620129Z + bench_cpu_arr+=("$cpu")
2026-09-22T18:41:51.4620361Z + IFS=
2026-09-22T18:41:51.4620580Z + read -r cpu
2026-09-22T18:41:51.4621052Z ++ for part in "${parts[@]}"
2026-09-22T18:41:51.4621303Z ++ seq 25 25
2026-09-22T18:41:51.4627444Z + bench_cpu_arr+=("$cpu")
2026-09-22T18:41:51.4627676Z + IFS=
2026-09-22T18:41:51.4627855Z + read -r cpu
2026-09-22T18:41:51.4628202Z ++ for part in "${parts[@]}"
2026-09-22T18:41:51.4628450Z ++ seq 26 26
2026-09-22T18:41:51.4634289Z + bench_cpu_arr+=("$cpu")
2026-09-22T18:41:51.4634528Z + IFS=
2026-09-22T18:41:51.4634707Z + read -r cpu
2026-09-22T18:41:51.4634923Z ++ for part in "${parts[@]}"
2026-09-22T18:41:51.4635165Z ++ seq 27 27
2026-09-22T18:41:51.4641197Z + bench_cpu_arr+=("$cpu")
2026-09-22T18:41:51.4641430Z + IFS=
2026-09-22T18:41:51.4641609Z + read -r cpu
2026-09-22T18:41:51.4641950Z ++ for part in "${parts[@]}"
2026-09-22T18:41:51.4642221Z ++ seq 28 28
2026-09-22T18:41:51.4648328Z + bench_cpu_arr+=("$cpu")
2026-09-22T18:41:51.4648562Z + IFS=
2026-09-22T18:41:51.4648745Z + read -r cpu
2026-09-22T18:41:51.4648958Z ++ for part in "${parts[@]}"
2026-09-22T18:41:51.4649216Z ++ seq 29 29
2026-09-22T18:41:51.4654879Z + bench_cpu_arr+=("$cpu")
2026-09-22T18:41:51.4655111Z + IFS=
2026-09-22T18:41:51.4655300Z + read -r cpu
2026-09-22T18:41:51.4655513Z ++ for part in "${parts[@]}"
2026-09-22T18:41:51.4655756Z ++ seq 30 30
2026-09-22T18:41:51.4661770Z + bench_cpu_arr+=("$cpu")
2026-09-22T18:41:51.4662000Z + IFS=
2026-09-22T18:41:51.4662191Z + read -r cpu
2026-09-22T18:41:51.4662415Z ++ for part in "${parts[@]}"
2026-09-22T18:41:51.4662656Z ++ seq 31 31
2026-09-22T18:41:51.4668474Z + bench_cpu_arr+=("$cpu")
2026-09-22T18:41:51.4668711Z + IFS=
2026-09-22T18:41:51.4668895Z + read -r cpu
2026-09-22T18:41:51.4669107Z ++ for part in "${parts[@]}"
2026-09-22T18:41:51.4669348Z ++ seq 32 32
2026-09-22T18:41:51.4675176Z + bench_cpu_arr+=("$cpu")
2026-09-22T18:41:51.4675407Z + IFS=
2026-09-22T18:41:51.4675588Z + read -r cpu
2026-09-22T18:41:51.4675804Z ++ for part in "${parts[@]}"
2026-09-22T18:41:51.4676045Z ++ seq 33 33
2026-09-22T18:41:51.4682084Z + bench_cpu_arr+=("$cpu")
2026-09-22T18:41:51.4682322Z + IFS=
2026-09-22T18:41:51.4682502Z + read -r cpu
2026-09-22T18:41:51.4682711Z ++ for part in "${parts[@]}"
2026-09-22T18:41:51.4682954Z ++ seq 34 34
2026-09-22T18:41:51.4688818Z + bench_cpu_arr+=("$cpu")
2026-09-22T18:41:51.4689045Z + IFS=
2026-09-22T18:41:51.4689233Z + read -r cpu
2026-09-22T18:41:51.4689446Z ++ for part in "${parts[@]}"
2026-09-22T18:41:51.4689902Z ++ seq 35 35
2026-09-22T18:41:51.4695371Z + bench_cpu_arr+=("$cpu")
2026-09-22T18:41:51.4695608Z + IFS=
2026-09-22T18:41:51.4695791Z + read -r cpu
2026-09-22T18:41:51.4696115Z ++ for part in "${parts[@]}"
2026-09-22T18:41:51.4696508Z ++ seq 36 36
2026-09-22T18:41:51.4702492Z + bench_cpu_arr+=("$cpu")
2026-09-22T18:41:51.4702790Z + IFS=
2026-09-22T18:41:51.4703020Z + read -r cpu
2026-09-22T18:41:51.4703373Z ++ for part in "${parts[@]}"
2026-09-22T18:41:51.4703706Z ++ seq 37 37
2026-09-22T18:41:51.4709082Z + bench_cpu_arr+=("$cpu")
2026-09-22T18:41:51.4709369Z + IFS=
2026-09-22T18:41:51.4709663Z + read -r cpu
2026-09-22T18:41:51.4709976Z ++ for part in "${parts[@]}"
2026-09-22T18:41:51.4721008Z ++ seq 38 38
2026-09-22T18:41:51.4721319Z + bench_cpu_arr+=("$cpu")
2026-09-22T18:41:51.4721549Z + IFS=
2026-09-22T18:41:51.4721739Z + read -r cpu
2026-09-22T18:41:51.4721951Z ++ for part in "${parts[@]}"
2026-09-22T18:41:51.4722189Z ++ seq 39 39
2026-09-22T18:41:51.4722778Z + bench_cpu_arr+=("$cpu")
2026-09-22T18:41:51.4723022Z + IFS=
2026-09-22T18:41:51.4723209Z + read -r cpu
2026-09-22T18:41:51.4723456Z ++ for part in "${parts[@]}"
2026-09-22T18:41:51.4723698Z ++ seq 40 40
2026-09-22T18:41:51.4729392Z + bench_cpu_arr+=("$cpu")
2026-09-22T18:41:51.4729620Z + IFS=
2026-09-22T18:41:51.4729801Z + read -r cpu
2026-09-22T18:41:51.4730015Z ++ for part in "${parts[@]}"
2026-09-22T18:41:51.4730257Z ++ seq 41 41
2026-09-22T18:41:51.4736224Z + bench_cpu_arr+=("$cpu")
2026-09-22T18:41:51.4736455Z + IFS=
2026-09-22T18:41:51.4736634Z + read -r cpu
2026-09-22T18:41:51.4736845Z ++ for part in "${parts[@]}"
2026-09-22T18:41:51.4737090Z ++ seq 42 42
2026-09-22T18:41:51.4743464Z + bench_cpu_arr+=("$cpu")
2026-09-22T18:41:51.4743706Z + IFS=
2026-09-22T18:41:51.4743891Z + read -r cpu
2026-09-22T18:41:51.4744107Z ++ for part in "${parts[@]}"
2026-09-22T18:41:51.4744347Z ++ seq 43 43
2026-09-22T18:41:51.4750252Z + bench_cpu_arr+=("$cpu")
2026-09-22T18:41:51.4750514Z + IFS=
2026-09-22T18:41:51.4750697Z + read -r cpu
2026-09-22T18:41:51.4751125Z ++ for part in "${parts[@]}"
2026-09-22T18:41:51.4751398Z ++ seq 44 44
2026-09-22T18:41:51.4756985Z + bench_cpu_arr+=("$cpu")
2026-09-22T18:41:51.4757213Z + IFS=
2026-09-22T18:41:51.4757393Z + read -r cpu
2026-09-22T18:41:51.4757608Z ++ for part in "${parts[@]}"
2026-09-22T18:41:51.4757848Z ++ seq 45 45
2026-09-22T18:41:51.4763737Z + bench_cpu_arr+=("$cpu")
2026-09-22T18:41:51.4763969Z + IFS=
2026-09-22T18:41:51.4764154Z + read -r cpu
2026-09-22T18:41:51.4764366Z ++ for part in "${parts[@]}"
2026-09-22T18:41:51.4764608Z ++ seq 46 46
2026-09-22T18:41:51.4770380Z + bench_cpu_arr+=("$cpu")
2026-09-22T18:41:51.4770684Z + IFS=
2026-09-22T18:41:51.4770881Z + read -r cpu
2026-09-22T18:41:51.4771094Z ++ for part in "${parts[@]}"
2026-09-22T18:41:51.4771335Z ++ seq 47 47
2026-09-22T18:41:51.4777001Z + bench_cpu_arr+=("$cpu")
2026-09-22T18:41:51.4777231Z + IFS=
2026-09-22T18:41:51.4777413Z + read -r cpu
2026-09-22T18:41:51.4777621Z ++ for part in "${parts[@]}"
2026-09-22T18:41:51.4777866Z ++ seq 48 48
2026-09-22T18:41:51.4783655Z + bench_cpu_arr+=("$cpu")
2026-09-22T18:41:51.4783881Z + IFS=
2026-09-22T18:41:51.4784063Z + read -r cpu
2026-09-22T18:41:51.4784275Z ++ for part in "${parts[@]}"
2026-09-22T18:41:51.4784513Z ++ seq 49 49
2026-09-22T18:41:51.4790388Z + bench_cpu_arr+=("$cpu")
2026-09-22T18:41:51.4790682Z + IFS=
2026-09-22T18:41:51.4790866Z + read -r cpu
2026-09-22T18:41:51.4791080Z ++ for part in "${parts[@]}"
2026-09-22T18:41:51.4791321Z ++ seq 50 50
2026-09-22T18:41:51.4796896Z + bench_cpu_arr+=("$cpu")
2026-09-22T18:41:51.4797136Z + IFS=
2026-09-22T18:41:51.4797321Z + read -r cpu
2026-09-22T18:41:51.4797535Z ++ for part in "${parts[@]}"
2026-09-22T18:41:51.4797780Z ++ seq 51 51
2026-09-22T18:41:51.4803533Z + bench_cpu_arr+=("$cpu")
2026-09-22T18:41:51.4803762Z + IFS=
2026-09-22T18:41:51.4803942Z + read -r cpu
2026-09-22T18:41:51.4804158Z ++ for part in "${parts[@]}"
2026-09-22T18:41:51.4804397Z ++ seq 52 52
2026-09-22T18:41:51.4809977Z + bench_cpu_arr+=("$cpu")
2026-09-22T18:41:51.4810485Z + IFS=
2026-09-22T18:41:51.4810670Z + read -r cpu
2026-09-22T18:41:51.4810882Z ++ for part in "${parts[@]}"
2026-09-22T18:41:51.4811122Z ++ seq 53 53
2026-09-22T18:41:51.4816623Z + bench_cpu_arr+=("$cpu")
2026-09-22T18:41:51.4816861Z + IFS=
2026-09-22T18:41:51.4817044Z + read -r cpu
2026-09-22T18:41:51.4817257Z ++ for part in "${parts[@]}"
2026-09-22T18:41:51.4817497Z ++ seq 54 54
2026-09-22T18:41:51.4823471Z + bench_cpu_arr+=("$cpu")
2026-09-22T18:41:51.4823701Z + IFS=
2026-09-22T18:41:51.4823882Z + read -r cpu
2026-09-22T18:41:51.4824092Z ++ for part in "${parts[@]}"
2026-09-22T18:41:51.4824333Z ++ seq 55 55
2026-09-22T18:41:51.4830297Z + bench_cpu_arr+=("$cpu")
2026-09-22T18:41:51.4830587Z + IFS=
2026-09-22T18:41:51.4830776Z + read -r cpu
2026-09-22T18:41:51.4830988Z ++ for part in "${parts[@]}"
2026-09-22T18:41:51.4831227Z ++ seq 56 56
2026-09-22T18:41:51.4836726Z + bench_cpu_arr+=("$cpu")
2026-09-22T18:41:51.4836961Z + IFS=
2026-09-22T18:41:51.4837142Z + read -r cpu
2026-09-22T18:41:51.4837353Z ++ for part in "${parts[@]}"
2026-09-22T18:41:51.4837603Z ++ seq 57 57
2026-09-22T18:41:51.4843393Z + bench_cpu_arr+=("$cpu")
2026-09-22T18:41:51.4843629Z + IFS=
2026-09-22T18:41:51.4843812Z + read -r cpu
2026-09-22T18:41:51.4844022Z ++ for part in "${parts[@]}"
2026-09-22T18:41:51.4844260Z ++ seq 58 58
2026-09-22T18:41:51.4850138Z + bench_cpu_arr+=("$cpu")
2026-09-22T18:41:51.4850418Z + IFS=
2026-09-22T18:41:51.4850663Z + read -r cpu
2026-09-22T18:41:51.4850880Z ++ for part in "${parts[@]}"
2026-09-22T18:41:51.4851118Z ++ seq 59 59
2026-09-22T18:41:51.4856970Z + bench_cpu_arr+=("$cpu")
2026-09-22T18:41:51.4857202Z + IFS=
2026-09-22T18:41:51.4857388Z + read -r cpu
2026-09-22T18:41:51.4857820Z ++ for part in "${parts[@]}"
2026-09-22T18:41:51.4858077Z ++ seq 60 60
2026-09-22T18:41:51.4863834Z + bench_cpu_arr+=("$cpu")
2026-09-22T18:41:51.4864063Z + IFS=
2026-09-22T18:41:51.4864242Z + read -r cpu
2026-09-22T18:41:51.4864452Z ++ for part in "${parts[@]}"
2026-09-22T18:41:51.4864691Z ++ seq 61 61
2026-09-22T18:41:51.4870581Z + bench_cpu_arr+=("$cpu")
2026-09-22T18:41:51.4870825Z + IFS=
2026-09-22T18:41:51.4871007Z + read -r cpu
2026-09-22T18:41:51.4871221Z ++ for part in "${parts[@]}"
2026-09-22T18:41:51.4871463Z ++ seq 62 62
2026-09-22T18:41:51.4877059Z + bench_cpu_arr+=("$cpu")
2026-09-22T18:41:51.4877298Z + IFS=
2026-09-22T18:41:51.4877479Z + read -r cpu
2026-09-22T18:41:51.4877690Z ++ for part in "${parts[@]}"
2026-09-22T18:41:51.4877934Z ++ seq 63 63
2026-09-22T18:41:51.4884085Z + bench_cpu_arr+=("$cpu")
2026-09-22T18:41:51.4884320Z + IFS=
2026-09-22T18:41:51.4884506Z + read -r cpu
2026-09-22T18:41:51.4887893Z + i=0
2026-09-22T18:41:51.4888900Z + for msi in /sys/class/net/*/device/msi_irqs/*
2026-09-22T18:41:51.4889285Z + [[ -e /sys/class/net/enP1s33/device/msi_irqs/25 ]]
2026-09-22T18:41:51.4889602Z + [[ 62 -gt 0 ]]
2026-09-22T18:41:51.4889801Z + irq=25
2026-09-22T18:41:51.4889989Z + NET_IRQS["$irq"]=1
2026-09-22T18:41:51.4890210Z + echo 2
2026-09-22T18:41:51.4890384Z + i=1
2026-09-22T18:41:51.4890660Z + for msi in /sys/class/net/*/device/msi_irqs/*
2026-09-22T18:41:51.4891031Z + [[ -e /sys/class/net/enP1s33/device/msi_irqs/26 ]]
2026-09-22T18:41:51.4891342Z + [[ 62 -gt 0 ]]
2026-09-22T18:41:51.4891538Z + irq=26
2026-09-22T18:41:51.4891726Z + NET_IRQS["$irq"]=1
2026-09-22T18:41:51.4891936Z + echo 3
2026-09-22T18:41:51.4892124Z + i=2
2026-09-22T18:41:51.4892350Z + for msi in /sys/class/net/*/device/msi_irqs/*
2026-09-22T18:41:51.4892702Z + [[ -e /sys/class/net/enP1s33/device/msi_irqs/27 ]]
2026-09-22T18:41:51.4893010Z + [[ 62 -gt 0 ]]
2026-09-22T18:41:51.4893207Z + irq=27
2026-09-22T18:41:51.4893394Z + NET_IRQS["$irq"]=1
2026-09-22T18:41:51.4893605Z + echo 4
2026-09-22T18:41:51.4893782Z + i=3
2026-09-22T18:41:51.4894006Z + for msi in /sys/class/net/*/device/msi_irqs/*
2026-09-22T18:41:51.4894357Z + [[ -e /sys/class/net/enP1s33/device/msi_irqs/28 ]]
2026-09-22T18:41:51.4894665Z + [[ 62 -gt 0 ]]
2026-09-22T18:41:51.4894864Z + irq=28
2026-09-22T18:41:51.4895054Z + NET_IRQS["$irq"]=1
2026-09-22T18:41:51.4895262Z + echo 5
2026-09-22T18:41:51.4895670Z + i=4
2026-09-22T18:41:51.4895898Z + for msi in /sys/class/net/*/device/msi_irqs/*
2026-09-22T18:41:51.4896252Z + [[ -e /sys/class/net/enP1s33/device/msi_irqs/29 ]]
2026-09-22T18:41:51.4896558Z + [[ 62 -gt 0 ]]
2026-09-22T18:41:51.4896755Z + irq=29
2026-09-22T18:41:51.4896945Z + NET_IRQS["$irq"]=1
2026-09-22T18:41:51.4897154Z + echo 6
2026-09-22T18:41:51.4897328Z + i=5
2026-09-22T18:41:51.4897555Z + for msi in /sys/class/net/*/device/msi_irqs/*
2026-09-22T18:41:51.4897905Z + [[ -e /sys/class/net/enP1s33/device/msi_irqs/30 ]]
2026-09-22T18:41:51.4898242Z + [[ 62 -gt 0 ]]
2026-09-22T18:41:51.4898441Z + irq=30
2026-09-22T18:41:51.4898632Z + NET_IRQS["$irq"]=1
2026-09-22T18:41:51.4898842Z + echo 7
2026-09-22T18:41:51.4899022Z + i=6
2026-09-22T18:41:51.4899246Z + for msi in /sys/class/net/*/device/msi_irqs/*
2026-09-22T18:41:51.4899598Z + [[ -e /sys/class/net/enP1s33/device/msi_irqs/31 ]]
2026-09-22T18:41:51.4899903Z + [[ 62 -gt 0 ]]
2026-09-22T18:41:51.4900103Z + irq=31
2026-09-22T18:41:51.4900293Z + NET_IRQS["$irq"]=1
2026-09-22T18:41:51.4900570Z + echo 8
2026-09-22T18:41:51.4900749Z + i=7
2026-09-22T18:41:51.4900971Z + for msi in /sys/class/net/*/device/msi_irqs/*
2026-09-22T18:41:51.4901322Z + [[ -e /sys/class/net/enP1s33/device/msi_irqs/32 ]]
2026-09-22T18:41:51.4901628Z + [[ 62 -gt 0 ]]
2026-09-22T18:41:51.4901827Z + irq=32
2026-09-22T18:41:51.4902009Z + NET_IRQS["$irq"]=1
2026-09-22T18:41:51.4902215Z + echo 9
2026-09-22T18:41:51.4902391Z + i=8
2026-09-22T18:41:51.4902613Z + for msi in /sys/class/net/*/device/msi_irqs/*
2026-09-22T18:41:51.4902963Z + [[ -e /sys/class/net/enP1s33/device/msi_irqs/33 ]]
2026-09-22T18:41:51.4903269Z + [[ 62 -gt 0 ]]
2026-09-22T18:41:51.4903645Z + irq=33
2026-09-22T18:41:51.4903862Z + NET_IRQS["$irq"]=1
2026-09-22T18:41:51.4904074Z + echo 10
2026-09-22T18:41:51.4904252Z + i=9
2026-09-22T18:41:51.4904472Z + for msi in /sys/class/net/*/device/msi_irqs/*
2026-09-22T18:41:51.4904821Z + [[ -e /sys/class/net/enP1s33/device/msi_irqs/34 ]]
2026-09-22T18:41:51.4905137Z + [[ 62 -gt 0 ]]
2026-09-22T18:41:51.4905332Z + irq=34
2026-09-22T18:41:51.4905517Z + NET_IRQS["$irq"]=1
2026-09-22T18:41:51.4905728Z + echo 11
2026-09-22T18:41:51.4905909Z + i=10
2026-09-22T18:41:51.4906133Z + for msi in /sys/class/net/*/device/msi_irqs/*
2026-09-22T18:41:51.4906481Z + [[ -e /sys/class/net/enP1s33/device/msi_irqs/35 ]]
2026-09-22T18:41:51.4906791Z + [[ 62 -gt 0 ]]
2026-09-22T18:41:51.4906986Z + irq=35
2026-09-22T18:41:51.4907170Z + NET_IRQS["$irq"]=1
2026-09-22T18:41:51.4907379Z + echo 12
2026-09-22T18:41:51.4907558Z + i=11
2026-09-22T18:41:51.4907781Z + for msi in /sys/class/net/*/device/msi_irqs/*
2026-09-22T18:41:51.4908135Z + [[ -e /sys/class/net/enP1s33/device/msi_irqs/36 ]]
2026-09-22T18:41:51.4908450Z + [[ 62 -gt 0 ]]
2026-09-22T18:41:51.4908648Z + irq=36
2026-09-22T18:41:51.4908833Z + NET_IRQS["$irq"]=1
2026-09-22T18:41:51.4909044Z + echo 13
2026-09-22T18:41:51.4909225Z + i=12
2026-09-22T18:41:51.4909445Z + for msi in /sys/class/net/*/device/msi_irqs/*
2026-09-22T18:41:51.4909792Z + [[ -e /sys/class/net/enP1s33/device/msi_irqs/37 ]]
2026-09-22T18:41:51.4910109Z + [[ 62 -gt 0 ]]
2026-09-22T18:41:51.4910306Z + irq=37
2026-09-22T18:41:51.4910568Z + NET_IRQS["$irq"]=1
2026-09-22T18:41:51.4910781Z + echo 14
2026-09-22T18:41:51.4910961Z + i=13
2026-09-22T18:41:51.4911181Z + for msi in /sys/class/net/*/device/msi_irqs/*
2026-09-22T18:41:51.4911531Z + [[ -e /sys/class/net/enP1s33/device/msi_irqs/38 ]]
2026-09-22T18:41:51.4911839Z + [[ 62 -gt 0 ]]
2026-09-22T18:41:51.4912035Z + irq=38
2026-09-22T18:41:51.4912217Z + NET_IRQS["$irq"]=1
2026-09-22T18:41:51.4912421Z + echo 15
2026-09-22T18:41:51.4912603Z + i=14
2026-09-22T18:41:51.4912829Z + for msi in /sys/class/net/*/device/msi_irqs/*
2026-09-22T18:41:51.4913179Z + [[ -e /sys/class/net/enP1s33/device/msi_irqs/39 ]]
2026-09-22T18:41:51.4913489Z + [[ 62 -gt 0 ]]
2026-09-22T18:41:51.4913688Z + irq=39
2026-09-22T18:41:51.4913873Z + NET_IRQS["$irq"]=1
2026-09-22T18:41:51.4914080Z + echo 16
2026-09-22T18:41:51.4914261Z + i=15
2026-09-22T18:41:51.4914696Z + for msi in /sys/class/net/*/device/msi_irqs/*
2026-09-22T18:41:51.4915049Z + [[ -e /sys/class/net/enP1s33/device/msi_irqs/40 ]]
2026-09-22T18:41:51.4915360Z + [[ 62 -gt 0 ]]
2026-09-22T18:41:51.4915555Z + irq=40
2026-09-22T18:41:51.4915739Z + NET_IRQS["$irq"]=1
2026-09-22T18:41:51.4915950Z + echo 17
2026-09-22T18:41:51.4916130Z + i=16
2026-09-22T18:41:51.4916351Z + for msi in /sys/class/net/*/device/msi_irqs/*
2026-09-22T18:41:51.4916697Z + [[ -e /sys/class/net/enP1s33/device/msi_irqs/41 ]]
2026-09-22T18:41:51.4917006Z + [[ 62 -gt 0 ]]
2026-09-22T18:41:51.4917203Z + irq=41
2026-09-22T18:41:51.4917389Z + NET_IRQS["$irq"]=1
2026-09-22T18:41:51.4917601Z + echo 18
2026-09-22T18:41:51.4917782Z + i=17
2026-09-22T18:41:51.4918082Z + for f in /proc/irq/[0-9]*/smp_affinity_list
2026-09-22T18:41:51.4918395Z + irq=1/smp_affinity_list
2026-09-22T18:41:51.4918624Z + irq=1
2026-09-22T18:41:51.4918803Z + [[ -n '' ]]
2026-09-22T18:41:51.4918997Z + echo 0,1
2026-09-22T18:41:51.4919179Z + true
2026-09-22T18:41:51.4919407Z + for f in /proc/irq/[0-9]*/smp_affinity_list
2026-09-22T18:41:51.4919711Z + irq=10/smp_affinity_list
2026-09-22T18:41:51.4919949Z + irq=10
2026-09-22T18:41:51.4920130Z + [[ -n '' ]]
2026-09-22T18:41:51.4920319Z + echo 0,1
2026-09-22T18:41:51.4920600Z + true
2026-09-22T18:41:51.4920825Z + for f in /proc/irq/[0-9]*/smp_affinity_list
2026-09-22T18:41:51.4921130Z + irq=11/smp_affinity_list
2026-09-22T18:41:51.4921359Z + irq=11
2026-09-22T18:41:51.4921545Z + [[ -n '' ]]
2026-09-22T18:41:51.4921734Z + echo 0,1
2026-09-22T18:41:51.4921912Z + true
2026-09-22T18:41:51.4922126Z + for f in /proc/irq/[0-9]*/smp_affinity_list
2026-09-22T18:41:51.4922433Z + irq=12/smp_affinity_list
2026-09-22T18:41:51.4922860Z + irq=12
2026-09-22T18:41:51.4923050Z + [[ -n '' ]]
2026-09-22T18:41:51.4923244Z + echo 0,1
2026-09-22T18:41:51.4923419Z + true
2026-09-22T18:41:51.4923636Z + for f in /proc/irq/[0-9]*/smp_affinity_list
2026-09-22T18:41:51.4923938Z + irq=13/smp_affinity_list
2026-09-22T18:41:51.4924169Z + irq=13
2026-09-22T18:41:51.4924353Z + [[ -n '' ]]
2026-09-22T18:41:51.4924539Z + echo 0,1
2026-09-22T18:41:51.4924758Z + for f in /proc/irq/[0-9]*/smp_affinity_list
2026-09-22T18:41:51.4925058Z + irq=15/smp_affinity_list
2026-09-22T18:41:51.4925285Z + irq=15
2026-09-22T18:41:51.4925461Z + [[ -n '' ]]
2026-09-22T18:41:51.4925653Z + echo 0,1
2026-09-22T18:41:51.4925871Z + for f in /proc/irq/[0-9]*/smp_affinity_list
2026-09-22T18:41:51.4926173Z + irq=2/smp_affinity_list
2026-09-22T18:41:51.4926406Z + irq=2
2026-09-22T18:41:51.4926585Z + [[ -n '' ]]
2026-09-22T18:41:51.4926772Z + echo 0,1
2026-09-22T18:41:51.4926951Z + true
2026-09-22T18:41:51.4927172Z + for f in /proc/irq/[0-9]*/smp_affinity_list
2026-09-22T18:41:51.4927502Z + irq=23/smp_affinity_list
2026-09-22T18:41:51.4927740Z + irq=23
2026-09-22T18:41:51.4927922Z + [[ -n '' ]]
2026-09-22T18:41:51.4928115Z + echo 0,1
2026-09-22T18:41:51.4928300Z + true
2026-09-22T18:41:51.4928516Z + for f in /proc/irq/[0-9]*/smp_affinity_list
2026-09-22T18:41:51.4928818Z + irq=24/smp_affinity_list
2026-09-22T18:41:51.4929060Z + irq=24
2026-09-22T18:41:51.4929242Z + [[ -n '' ]]
2026-09-22T18:41:51.4929430Z + echo 0,1
2026-09-22T18:41:51.4929649Z + for f in /proc/irq/[0-9]*/smp_affinity_list
2026-09-22T18:41:51.4929956Z + irq=25/smp_affinity_list
2026-09-22T18:41:51.4930190Z + irq=25
2026-09-22T18:41:51.4930373Z + [[ -n 1 ]]
2026-09-22T18:41:51.4930654Z + continue
2026-09-22T18:41:51.4930877Z + for f in /proc/irq/[0-9]*/smp_affinity_list
2026-09-22T18:41:51.4931177Z + irq=26/smp_affinity_list
2026-09-22T18:41:51.4931408Z + irq=26
2026-09-22T18:41:51.4931597Z + [[ -n 1 ]]
2026-09-22T18:41:51.4931786Z + continue
2026-09-22T18:41:51.4932008Z + for f in /proc/irq/[0-9]*/smp_affinity_list
2026-09-22T18:41:51.4932488Z + irq=27/smp_affinity_list
2026-09-22T18:41:51.4932724Z + irq=27
2026-09-22T18:41:51.4932904Z + [[ -n 1 ]]
2026-09-22T18:41:51.4933092Z + continue
2026-09-22T18:41:51.4933312Z + for f in /proc/irq/[0-9]*/smp_affinity_list
2026-09-22T18:41:51.4933613Z + irq=28/smp_affinity_list
2026-09-22T18:41:51.4934068Z + irq=28
2026-09-22T18:41:51.4934251Z + [[ -n 1 ]]
2026-09-22T18:41:51.4934436Z + continue
2026-09-22T18:41:51.4934649Z + for f in /proc/irq/[0-9]*/smp_affinity_list
2026-09-22T18:41:51.4934949Z + irq=29/smp_affinity_list
2026-09-22T18:41:51.4935182Z + irq=29
2026-09-22T18:41:51.4935363Z + [[ -n 1 ]]
2026-09-22T18:41:51.4935558Z + continue
2026-09-22T18:41:51.4935779Z + for f in /proc/irq/[0-9]*/smp_affinity_list
2026-09-22T18:41:51.4936080Z + irq=3/smp_affinity_list
2026-09-22T18:41:51.4936307Z + irq=3
2026-09-22T18:41:51.4936487Z + [[ -n '' ]]
2026-09-22T18:41:51.4936681Z + echo 0,1
2026-09-22T18:41:51.4936862Z + true
2026-09-22T18:41:51.4937083Z + for f in /proc/irq/[0-9]*/smp_affinity_list
2026-09-22T18:41:51.4937394Z + irq=30/smp_affinity_list
2026-09-22T18:41:51.4937623Z + irq=30
2026-09-22T18:41:51.4937806Z + [[ -n 1 ]]
2026-09-22T18:41:51.4937996Z + continue
2026-09-22T18:41:51.4938221Z + for f in /proc/irq/[0-9]*/smp_affinity_list
2026-09-22T18:41:51.4938528Z + irq=31/smp_affinity_list
2026-09-22T18:41:51.4938770Z + irq=31
2026-09-22T18:41:51.4938958Z + [[ -n 1 ]]
2026-09-22T18:41:51.4939147Z + continue
2026-09-22T18:41:51.4939364Z + for f in /proc/irq/[0-9]*/smp_affinity_list
2026-09-22T18:41:51.4939665Z + irq=32/smp_affinity_list
2026-09-22T18:41:51.4939902Z + irq=32
2026-09-22T18:41:51.4940085Z + [[ -n 1 ]]
2026-09-22T18:41:51.4940278Z + continue
2026-09-22T18:41:51.4940577Z + for f in /proc/irq/[0-9]*/smp_affinity_list
2026-09-22T18:41:51.4940890Z + irq=33/smp_affinity_list
2026-09-22T18:41:51.4941124Z + irq=33
2026-09-22T18:41:51.4941313Z + [[ -n 1 ]]
2026-09-22T18:41:51.4941506Z + continue
2026-09-22T18:41:51.4941925Z + for f in /proc/irq/[0-9]*/smp_affinity_list
2026-09-22T18:41:51.4942243Z + irq=34/smp_affinity_list
2026-09-22T18:41:51.4942478Z + irq=34
2026-09-22T18:41:51.4942658Z + [[ -n 1 ]]
2026-09-22T18:41:51.4942845Z + continue
2026-09-22T18:41:51.4943067Z + for f in /proc/irq/[0-9]*/smp_affinity_list
2026-09-22T18:41:51.4943365Z + irq=35/smp_affinity_list
2026-09-22T18:41:51.4943602Z + irq=35
2026-09-22T18:41:51.4943780Z + [[ -n 1 ]]
2026-09-22T18:41:51.4943975Z + continue
2026-09-22T18:41:51.4944195Z + for f in /proc/irq/[0-9]*/smp_affinity_list
2026-09-22T18:41:51.4944498Z + irq=36/smp_affinity_list
2026-09-22T18:41:51.4944730Z + irq=36
2026-09-22T18:41:51.4944911Z + [[ -n 1 ]]
2026-09-22T18:41:51.4945099Z + continue
2026-09-22T18:41:51.4945315Z + for f in /proc/irq/[0-9]*/smp_affinity_list
2026-09-22T18:41:51.4945623Z + irq=37/smp_affinity_list
2026-09-22T18:41:51.4945855Z + irq=37
2026-09-22T18:41:51.4946036Z + [[ -n 1 ]]
2026-09-22T18:41:51.4946229Z + continue
2026-09-22T18:41:51.4946450Z + for f in /proc/irq/[0-9]*/smp_affinity_list
2026-09-22T18:41:51.4946760Z + irq=38/smp_affinity_list
2026-09-22T18:41:51.4946994Z + irq=38
2026-09-22T18:41:51.4947178Z + [[ -n 1 ]]
2026-09-22T18:41:51.4947368Z + continue
2026-09-22T18:41:51.4947589Z + for f in /proc/irq/[0-9]*/smp_affinity_list
2026-09-22T18:41:51.4947898Z + irq=39/smp_affinity_list
2026-09-22T18:41:51.4948131Z + irq=39
2026-09-22T18:41:51.4948319Z + [[ -n 1 ]]
2026-09-22T18:41:51.4948510Z + continue
2026-09-22T18:41:51.4948735Z + for f in /proc/irq/[0-9]*/smp_affinity_list
2026-09-22T18:41:51.4949039Z + irq=4/smp_affinity_list
2026-09-22T18:41:51.4949267Z + irq=4
2026-09-22T18:41:51.4949452Z + [[ -n '' ]]
2026-09-22T18:41:51.4949645Z + echo 0,1
2026-09-22T18:41:51.4949829Z + true
2026-09-22T18:41:51.4950045Z + for f in /proc/irq/[0-9]*/smp_affinity_list
2026-09-22T18:41:51.4950352Z + irq=40/smp_affinity_list
2026-09-22T18:41:51.4950657Z + irq=40
2026-09-22T18:41:51.4950841Z + [[ -n 1 ]]
2026-09-22T18:41:51.4951036Z + continue
2026-09-22T18:41:51.4951262Z + for f in /proc/irq/[0-9]*/smp_affinity_list
2026-09-22T18:41:51.4951567Z + irq=41/smp_affinity_list
2026-09-22T18:41:51.4951795Z + irq=41
2026-09-22T18:41:51.4951982Z + [[ -n 1 ]]
2026-09-22T18:41:51.4952170Z + continue
2026-09-22T18:41:51.4952389Z + for f in /proc/irq/[0-9]*/smp_affinity_list
2026-09-22T18:41:51.4952698Z + irq=42/smp_affinity_list
2026-09-22T18:41:51.4952926Z + irq=42
2026-09-22T18:41:51.4953322Z + [[ -n '' ]]
2026-09-22T18:41:51.4953516Z + echo 0,1
2026-09-22T18:41:51.4953700Z + true
2026-09-22T18:41:51.4953914Z + for f in /proc/irq/[0-9]*/smp_affinity_list
2026-09-22T18:41:51.4954221Z + irq=43/smp_affinity_list
2026-09-22T18:41:51.4954458Z + irq=43
2026-09-22T18:41:51.4954638Z + [[ -n '' ]]
2026-09-22T18:41:51.4954828Z + echo 0,1
2026-09-22T18:41:51.4955006Z + true
2026-09-22T18:41:51.4955229Z + for f in /proc/irq/[0-9]*/smp_affinity_list
2026-09-22T18:41:51.4955530Z + irq=44/smp_affinity_list
2026-09-22T18:41:51.4955760Z + irq=44
2026-09-22T18:41:51.4955948Z + [[ -n '' ]]
2026-09-22T18:41:51.4956137Z + echo 0,1
2026-09-22T18:41:51.4956322Z + true
2026-09-22T18:41:51.4956540Z + for f in /proc/irq/[0-9]*/smp_affinity_list
2026-09-22T18:41:51.4956848Z + irq=45/smp_affinity_list
2026-09-22T18:41:51.4957081Z + irq=45
2026-09-22T18:41:51.4957263Z + [[ -n '' ]]
2026-09-22T18:41:51.4957457Z + echo 0,1
2026-09-22T18:41:51.4957679Z + for f in /proc/irq/[0-9]*/smp_affinity_list
2026-09-22T18:41:51.4957990Z + irq=46/smp_affinity_list
2026-09-22T18:41:51.4958223Z + irq=46
2026-09-22T18:41:51.4958407Z + [[ -n '' ]]
2026-09-22T18:41:51.4958598Z + echo 0,1
2026-09-22T18:41:51.4958818Z + for f in /proc/irq/[0-9]*/smp_affinity_list
2026-09-22T18:41:51.4959126Z + irq=47/smp_affinity_list
2026-09-22T18:41:51.4959356Z + irq=47
2026-09-22T18:41:51.4959541Z + [[ -n '' ]]
2026-09-22T18:41:51.4959733Z + echo 0,1
2026-09-22T18:41:51.4960054Z + for f in /proc/irq/[0-9]*/smp_affinity_list
2026-09-22T18:41:51.4960360Z + irq=48/smp_affinity_list
2026-09-22T18:41:51.4960692Z + irq=48
2026-09-22T18:41:51.4960879Z + [[ -n '' ]]
2026-09-22T18:41:51.4961263Z + echo 0,1
2026-09-22T18:41:51.4961491Z + for f in /proc/irq/[0-9]*/smp_affinity_list
2026-09-22T18:41:51.4961791Z + irq=49/smp_affinity_list
2026-09-22T18:41:51.4962025Z + irq=49
2026-09-22T18:41:51.4962205Z + [[ -n '' ]]
2026-09-22T18:41:51.4962394Z + echo 0,1
2026-09-22T18:41:51.4962615Z + for f in /proc/irq/[0-9]*/smp_affinity_list
2026-09-22T18:41:51.4962923Z + irq=5/smp_affinity_list
2026-09-22T18:41:51.4963153Z + irq=5
2026-09-22T18:41:51.4963330Z + [[ -n '' ]]
2026-09-22T18:41:51.4963532Z + echo 0,1
2026-09-22T18:41:51.4963711Z + true
2026-09-22T18:41:51.4963923Z + for f in /proc/irq/[0-9]*/smp_affinity_list
2026-09-22T18:41:51.4964226Z + irq=50/smp_affinity_list
2026-09-22T18:41:51.4964455Z + irq=50
2026-09-22T18:41:51.4964636Z + [[ -n '' ]]
2026-09-22T18:41:51.4964826Z + echo 0,1
2026-09-22T18:41:51.4965046Z + for f in /proc/irq/[0-9]*/smp_affinity_list
2026-09-22T18:41:51.4965345Z + irq=51/smp_affinity_list
2026-09-22T18:41:51.4965573Z + irq=51
2026-09-22T18:41:51.4965759Z + [[ -n '' ]]
2026-09-22T18:41:51.4965952Z + echo 0,1
2026-09-22T18:41:51.4966171Z + for f in /proc/irq/[0-9]*/smp_affinity_list
2026-09-22T18:41:51.4966476Z + irq=52/smp_affinity_list
2026-09-22T18:41:51.4966708Z + irq=52
2026-09-22T18:41:51.4966888Z + [[ -n '' ]]
2026-09-22T18:41:51.4967080Z + echo 0,1
2026-09-22T18:41:51.4967304Z + for f in /proc/irq/[0-9]*/smp_affinity_list
2026-09-22T18:41:51.4967617Z + irq=53/smp_affinity_list
2026-09-22T18:41:51.4967848Z + irq=53
2026-09-22T18:41:51.4968032Z + [[ -n '' ]]
2026-09-22T18:41:51.4968222Z + echo 0,1
2026-09-22T18:41:51.4968441Z + for f in /proc/irq/[0-9]*/smp_affinity_list
2026-09-22T18:41:51.4968744Z + irq=54/smp_affinity_list
2026-09-22T18:41:51.4968979Z + irq=54
2026-09-22T18:41:51.4969162Z + [[ -n '' ]]
2026-09-22T18:41:51.4969349Z + echo 0,1
2026-09-22T18:41:51.4969569Z + for f in /proc/irq/[0-9]*/smp_affinity_list
2026-09-22T18:41:51.4969868Z + irq=55/smp_affinity_list
2026-09-22T18:41:51.4970097Z + irq=55
2026-09-22T18:41:51.4970276Z + [[ -n '' ]]
2026-09-22T18:41:51.4970563Z + echo 0,1
2026-09-22T18:41:51.4970786Z + for f in /proc/irq/[0-9]*/smp_affinity_list
2026-09-22T18:41:51.4971087Z + irq=56/smp_affinity_list
2026-09-22T18:41:51.4971322Z + irq=56
2026-09-22T18:41:51.4971502Z + [[ -n '' ]]
2026-09-22T18:41:51.4971692Z + echo 0,1
2026-09-22T18:41:51.4971907Z + for f in /proc/irq/[0-9]*/smp_affinity_list
2026-09-22T18:41:51.4972440Z + irq=57/smp_affinity_list
2026-09-22T18:41:51.4972669Z + irq=57
2026-09-22T18:41:51.4972847Z + [[ -n '' ]]
2026-09-22T18:41:51.4973041Z + echo 0,1
2026-09-22T18:41:51.4973258Z + for f in /proc/irq/[0-9]*/smp_affinity_list
2026-09-22T18:41:51.4973558Z + irq=58/smp_affinity_list
2026-09-22T18:41:51.4973785Z + irq=58
2026-09-22T18:41:51.4973965Z + [[ -n '' ]]
2026-09-22T18:41:51.4974154Z + echo 0,1
2026-09-22T18:41:51.4974371Z + for f in /proc/irq/[0-9]*/smp_affinity_list
2026-09-22T18:41:51.4974675Z + irq=59/smp_affinity_list
2026-09-22T18:41:51.4974903Z + irq=59
2026-09-22T18:41:51.4975084Z + [[ -n '' ]]
2026-09-22T18:41:51.4975273Z + echo 0,1
2026-09-22T18:41:51.4975501Z + for f in /proc/irq/[0-9]*/smp_affinity_list
2026-09-22T18:41:51.4975804Z + irq=6/smp_affinity_list
2026-09-22T18:41:51.4976032Z + irq=6
2026-09-22T18:41:51.4976213Z + [[ -n '' ]]
2026-09-22T18:41:51.4976399Z + echo 0,1
2026-09-22T18:41:51.4976577Z + true
2026-09-22T18:41:51.4976793Z + for f in /proc/irq/[0-9]*/smp_affinity_list
2026-09-22T18:41:51.4977101Z + irq=60/smp_affinity_list
2026-09-22T18:41:51.4977333Z + irq=60
2026-09-22T18:41:51.4977515Z + [[ -n '' ]]
2026-09-22T18:41:51.4977710Z + echo 0,1
2026-09-22T18:41:51.4977927Z + for f in /proc/irq/[0-9]*/smp_affinity_list
2026-09-22T18:41:51.4978227Z + irq=61/smp_affinity_list
2026-09-22T18:41:51.4978456Z + irq=61
2026-09-22T18:41:51.4978639Z + [[ -n '' ]]
2026-09-22T18:41:51.4978826Z + echo 0,1
2026-09-22T18:41:51.4979045Z + for f in /proc/irq/[0-9]*/smp_affinity_list
2026-09-22T18:41:51.4979347Z + irq=62/smp_affinity_list
2026-09-22T18:41:51.4979576Z + irq=62
2026-09-22T18:41:51.4979758Z + [[ -n '' ]]
2026-09-22T18:41:51.4980214Z + echo 0,1
2026-09-22T18:41:51.4980532Z + for f in /proc/irq/[0-9]*/smp_affinity_list
2026-09-22T18:41:51.4980837Z + irq=63/smp_affinity_list
2026-09-22T18:41:51.4981067Z + irq=63
2026-09-22T18:41:51.4981250Z + [[ -n '' ]]
2026-09-22T18:41:51.4981436Z + echo 0,1
2026-09-22T18:41:51.4981652Z + for f in /proc/irq/[0-9]*/smp_affinity_list
2026-09-22T18:41:51.4981960Z + irq=64/smp_affinity_list
2026-09-22T18:41:51.4982194Z + irq=64
2026-09-22T18:41:51.4982371Z + [[ -n '' ]]
2026-09-22T18:41:51.4982559Z + echo 0,1
2026-09-22T18:41:51.4982779Z + for f in /proc/irq/[0-9]*/smp_affinity_list
2026-09-22T18:41:51.4983080Z + irq=65/smp_affinity_list
2026-09-22T18:41:51.4983309Z + irq=65
2026-09-22T18:41:51.4983487Z + [[ -n '' ]]
2026-09-22T18:41:51.4983676Z + echo 0,1
2026-09-22T18:41:51.4983897Z + for f in /proc/irq/[0-9]*/smp_affinity_list
2026-09-22T18:41:51.4984199Z + irq=66/smp_affinity_list
2026-09-22T18:41:51.4984430Z + irq=66
2026-09-22T18:41:51.4984610Z + [[ -n '' ]]
2026-09-22T18:41:51.4984798Z + echo 0,1
2026-09-22T18:41:51.4985019Z + for f in /proc/irq/[0-9]*/smp_affinity_list
2026-09-22T18:41:51.4985324Z + irq=67/smp_affinity_list
2026-09-22T18:41:51.4985556Z + irq=67
2026-09-22T18:41:51.4985734Z + [[ -n '' ]]
2026-09-22T18:41:51.4985928Z + echo 0,1
2026-09-22T18:41:51.4986146Z + for f in /proc/irq/[0-9]*/smp_affinity_list
2026-09-22T18:41:51.4986455Z + irq=68/smp_affinity_list
2026-09-22T18:41:51.4986687Z + irq=68
2026-09-22T18:41:51.4986871Z + [[ -n '' ]]
2026-09-22T18:41:51.4987059Z + echo 0,1
2026-09-22T18:41:51.4987276Z + for f in /proc/irq/[0-9]*/smp_affinity_list
2026-09-22T18:41:51.4987583Z + irq=69/smp_affinity_list
2026-09-22T18:41:51.4987812Z + irq=69
2026-09-22T18:41:51.4987991Z + [[ -n '' ]]
2026-09-22T18:41:51.4988181Z + echo 0,1
2026-09-22T18:41:51.4988400Z + for f in /proc/irq/[0-9]*/smp_affinity_list
2026-09-22T18:41:51.4988702Z + irq=7/smp_affinity_list
2026-09-22T18:41:51.4988930Z + irq=7
2026-09-22T18:41:51.4989110Z + [[ -n '' ]]
2026-09-22T18:41:51.4989298Z + echo 0,1
2026-09-22T18:41:51.4989481Z + true
2026-09-22T18:41:51.4989699Z + for f in /proc/irq/[0-9]*/smp_affinity_list
2026-09-22T18:41:51.4990005Z + irq=70/smp_affinity_list
2026-09-22T18:41:51.4990233Z + irq=70
2026-09-22T18:41:51.4990414Z + [[ -n '' ]]
2026-09-22T18:41:51.4990692Z + echo 0,1
2026-09-22T18:41:51.4990912Z + for f in /proc/irq/[0-9]*/smp_affinity_list
2026-09-22T18:41:51.4991458Z + irq=71/smp_affinity_list
2026-09-22T18:41:51.4991692Z + irq=71
2026-09-22T18:41:51.4991871Z + [[ -n '' ]]
2026-09-22T18:41:51.4992059Z + echo 0,1
2026-09-22T18:41:51.4992276Z + for f in /proc/irq/[0-9]*/smp_affinity_list
2026-09-22T18:41:51.4992579Z + irq=72/smp_affinity_list
2026-09-22T18:41:51.4992808Z + irq=72
2026-09-22T18:41:51.4992986Z + [[ -n '' ]]
2026-09-22T18:41:51.4993179Z + echo 0,1
2026-09-22T18:41:51.4993398Z + for f in /proc/irq/[0-9]*/smp_affinity_list
2026-09-22T18:41:51.4993698Z + irq=73/smp_affinity_list
2026-09-22T18:41:51.4993929Z + irq=73
2026-09-22T18:41:51.4994113Z + [[ -n '' ]]
2026-09-22T18:41:51.4994302Z + echo 0,1
2026-09-22T18:41:51.4994528Z + for f in /proc/irq/[0-9]*/smp_affinity_list
2026-09-22T18:41:51.4994835Z + irq=74/smp_affinity_list
2026-09-22T18:41:51.4995060Z + irq=74
2026-09-22T18:41:51.4995239Z + [[ -n '' ]]
2026-09-22T18:41:51.4995428Z + echo 0,1
2026-09-22T18:41:51.4995647Z + for f in /proc/irq/[0-9]*/smp_affinity_list
2026-09-22T18:41:51.4995955Z + irq=75/smp_affinity_list
2026-09-22T18:41:51.4996181Z + irq=75
2026-09-22T18:41:51.4996361Z + [[ -n '' ]]
2026-09-22T18:41:51.4996548Z + echo 0,1
2026-09-22T18:41:51.4996767Z + for f in /proc/irq/[0-9]*/smp_affinity_list
2026-09-22T18:41:51.4997066Z + irq=76/smp_affinity_list
2026-09-22T18:41:51.4997295Z + irq=76
2026-09-22T18:41:51.4997473Z + [[ -n '' ]]
2026-09-22T18:41:51.4997662Z + echo 0,1
2026-09-22T18:41:51.4997883Z + for f in /proc/irq/[0-9]*/smp_affinity_list
2026-09-22T18:41:51.4998189Z + irq=77/smp_affinity_list
2026-09-22T18:41:51.4998421Z + irq=77
2026-09-22T18:41:51.4998599Z + [[ -n '' ]]
2026-09-22T18:41:51.4998789Z + echo 0,1
2026-09-22T18:41:51.4999182Z + for f in /proc/irq/[0-9]*/smp_affinity_list
2026-09-22T18:41:51.4999511Z + irq=78/smp_affinity_list
2026-09-22T18:41:51.4999747Z + irq=78
2026-09-22T18:41:51.4999925Z + [[ -n '' ]]
2026-09-22T18:41:51.5000111Z + echo 0,1
2026-09-22T18:41:51.5000329Z + for f in /proc/irq/[0-9]*/smp_affinity_list
2026-09-22T18:41:51.5000697Z + irq=79/smp_affinity_list
2026-09-22T18:41:51.5000932Z + irq=79
2026-09-22T18:41:51.5001109Z + [[ -n '' ]]
2026-09-22T18:41:51.5001301Z + echo 0,1
2026-09-22T18:41:51.5001517Z + for f in /proc/irq/[0-9]*/smp_affinity_list
2026-09-22T18:41:51.5001815Z + irq=8/smp_affinity_list
2026-09-22T18:41:51.5002118Z + irq=8
2026-09-22T18:41:51.5002543Z + [[ -n '' ]]
2026-09-22T18:41:51.5002816Z + echo 0,1
2026-09-22T18:41:51.5003093Z + true
2026-09-22T18:41:51.5003236Z + for f in /proc/irq/[0-9]*/smp_affinity_list
2026-09-22T18:41:51.5013397Z + irq=80/smp_affinity_list
2026-09-22T18:41:51.5013539Z + irq=80
2026-09-22T18:41:51.5013626Z + [[ -n '' ]]
2026-09-22T18:41:51.5013705Z + echo 0,1
2026-09-22T18:41:51.5013846Z + for f in /proc/irq/[0-9]*/smp_affinity_list
2026-09-22T18:41:51.5013942Z + irq=81/smp_affinity_list
2026-09-22T18:41:51.5014019Z + irq=81
2026-09-22T18:41:51.5014095Z + [[ -n '' ]]
2026-09-22T18:41:51.5014173Z + echo 0,1
2026-09-22T18:41:51.5014291Z + for f in /proc/irq/[0-9]*/smp_affinity_list
2026-09-22T18:41:51.5014386Z + irq=82/smp_affinity_list
2026-09-22T18:41:51.5014463Z + irq=82
2026-09-22T18:41:51.5014540Z + [[ -n '' ]]
2026-09-22T18:41:51.5014617Z + echo 0,1
2026-09-22T18:41:51.5014732Z + for f in /proc/irq/[0-9]*/smp_affinity_list
2026-09-22T18:41:51.5014823Z + irq=83/smp_affinity_list
2026-09-22T18:41:51.5014896Z + irq=83
2026-09-22T18:41:51.5014973Z + [[ -n '' ]]
2026-09-22T18:41:51.5015049Z + echo 0,1
2026-09-22T18:41:51.5015160Z + for f in /proc/irq/[0-9]*/smp_affinity_list
2026-09-22T18:41:51.5015254Z + irq=84/smp_affinity_list
2026-09-22T18:41:51.5015329Z + irq=84
2026-09-22T18:41:51.5015404Z + [[ -n '' ]]
2026-09-22T18:41:51.5015481Z + echo 0,1
2026-09-22T18:41:51.5015597Z + for f in /proc/irq/[0-9]*/smp_affinity_list
2026-09-22T18:41:51.5015684Z + irq=85/smp_affinity_list
2026-09-22T18:41:51.5015761Z + irq=85
2026-09-22T18:41:51.5015838Z + [[ -n '' ]]
2026-09-22T18:41:51.5015912Z + echo 0,1
2026-09-22T18:41:51.5016024Z + for f in /proc/irq/[0-9]*/smp_affinity_list
2026-09-22T18:41:51.5016113Z + irq=86/smp_affinity_list
2026-09-22T18:41:51.5016477Z + irq=86
2026-09-22T18:41:51.5016556Z + [[ -n '' ]]
2026-09-22T18:41:51.5016633Z + echo 0,1
2026-09-22T18:41:51.5016746Z + for f in /proc/irq/[0-9]*/smp_affinity_list
2026-09-22T18:41:51.5016835Z + irq=87/smp_affinity_list
2026-09-22T18:41:51.5016912Z + irq=87
2026-09-22T18:41:51.5016985Z + [[ -n '' ]]
2026-09-22T18:41:51.5017062Z + echo 0,1
2026-09-22T18:41:51.5017171Z + for f in /proc/irq/[0-9]*/smp_affinity_list
2026-09-22T18:41:51.5017262Z + irq=88/smp_affinity_list
2026-09-22T18:41:51.5017337Z + irq=88
2026-09-22T18:41:51.5017411Z + [[ -n '' ]]
2026-09-22T18:41:51.5017487Z + echo 0,1
2026-09-22T18:41:51.5017602Z + for f in /proc/irq/[0-9]*/smp_affinity_list
2026-09-22T18:41:51.5017688Z + irq=89/smp_affinity_list
2026-09-22T18:41:51.5017764Z + irq=89
2026-09-22T18:41:51.5017841Z + [[ -n '' ]]
2026-09-22T18:41:51.5017913Z + echo 0,1
2026-09-22T18:41:51.5018025Z + for f in /proc/irq/[0-9]*/smp_affinity_list
2026-09-22T18:41:51.5018117Z + irq=9/smp_affinity_list
2026-09-22T18:41:51.5018195Z + irq=9
2026-09-22T18:41:51.5018274Z + [[ -n '' ]]
2026-09-22T18:41:51.5018349Z + echo 0,1
2026-09-22T18:41:51.5018419Z + true
2026-09-22T18:41:51.5018534Z + for f in /proc/irq/[0-9]*/smp_affinity_list
2026-09-22T18:41:51.5018627Z + irq=90/smp_affinity_list
2026-09-22T18:41:51.5018701Z + irq=90
2026-09-22T18:41:51.5018778Z + [[ -n '' ]]
2026-09-22T18:41:51.5018857Z + echo 0,1
2026-09-22T18:41:51.5018964Z + for f in /proc/irq/[0-9]*/smp_affinity_list
2026-09-22T18:41:51.5019054Z + irq=91/smp_affinity_list
2026-09-22T18:41:51.5019131Z + irq=91
2026-09-22T18:41:51.5019205Z + [[ -n '' ]]
2026-09-22T18:41:51.5019281Z + echo 0,1
2026-09-22T18:41:51.5019524Z + for f in /proc/irq/[0-9]*/smp_affinity_list
2026-09-22T18:41:51.5019619Z + irq=92/smp_affinity_list
2026-09-22T18:41:51.5019698Z + irq=92
2026-09-22T18:41:51.5019776Z + [[ -n '' ]]
2026-09-22T18:41:51.5019851Z + echo 0,1
2026-09-22T18:41:51.5019965Z + for f in /proc/irq/[0-9]*/smp_affinity_list
2026-09-22T18:41:51.5020052Z + irq=93/smp_affinity_list
2026-09-22T18:41:51.5020133Z + irq=93
2026-09-22T18:41:51.5020210Z + [[ -n '' ]]
2026-09-22T18:41:51.5020283Z + echo 0,1
2026-09-22T18:41:51.5020395Z + for f in /proc/irq/[0-9]*/smp_affinity_list
2026-09-22T18:41:51.5020556Z + irq=94/smp_affinity_list
2026-09-22T18:41:51.5020631Z + irq=94
2026-09-22T18:41:51.5020709Z + [[ -n '' ]]
2026-09-22T18:41:51.5020787Z + echo 0,1
2026-09-22T18:41:51.5020872Z + command -v python3
2026-09-22T18:41:51.5020960Z ++ expand_cpulist 0,1
2026-09-22T18:41:51.5021039Z ++ [[ -n 0,1 ]]
2026-09-22T18:41:51.5021123Z ++ local parts part
2026-09-22T18:41:51.5021198Z ++ IFS=,
2026-09-22T18:41:51.5021280Z ++ read -ra parts
2026-09-22T18:41:51.5021510Z ++ python3 -c 'import sys; print(f"{sum(1 << int(l) for l in sys.stdin):x}")'
2026-09-22T18:41:51.5021611Z ++ for part in "${parts[@]}"
2026-09-22T18:41:51.5021687Z ++ seq 0 0
2026-09-22T18:41:51.5021778Z ++ for part in "${parts[@]}"
2026-09-22T18:41:51.5021855Z ++ seq 1 1
2026-09-22T18:41:51.5095239Z + wq_mask=3
2026-09-22T18:41:51.5095398Z + sysfs_write /sys/devices/virtual/workqueue/cpumask 3
2026-09-22T18:41:51.5095482Z + [[ -n 3 ]]
2026-09-22T18:41:51.5095615Z + [[ -w /sys/devices/virtual/workqueue/cpumask ]]
2026-09-22T18:41:51.5095692Z + echo 3
2026-09-22T18:41:51.5101631Z + mkdir -p /etc/systemd/system.conf.d
2026-09-22T18:41:51.5111434Z + cat
2026-09-22T18:41:51.5119611Z + systemctl daemon-reexec
2026-09-22T18:41:52.2382570Z + cat
2026-09-22T18:41:52.2391207Z + chmod 0644 /tmp/vortex-benchmark.env
2026-09-22T18:41:52.2559890Z ##[group]Run CodSpeedHQ/action@4296e51e7041e24dadb86d1d6e8b9320d223dbe8
2026-09-22T18:41:52.2560352Z with:
2026-09-22T18:41:52.2560768Z   run: bash scripts/bench-taskset.sh cargo codspeed run -- '.*::neon::'
2026-09-22T18:41:52.2561528Z   token: ***
2026-09-22T18:41:52.2561741Z   mode: walltime
2026-09-22T18:41:52.2561965Z   cache-instruments: true
2026-09-22T18:41:52.2562260Z   instruments-cache-dir: ~/.cache/codspeed-action
2026-09-22T18:41:52.2562590Z   allow-empty: false
2026-09-22T18:41:52.2563099Z   skip-hash-check-warning: false
2026-09-22T18:41:52.2563357Z env:
2026-09-22T18:41:52.2563551Z   CARGO_TERM_COLOR: always
2026-09-22T18:41:52.2563796Z   RUST_BACKTRACE: 1
2026-09-22T18:41:52.2564033Z   NIGHTLY_TOOLCHAIN: nightly-2026-09-10
2026-09-22T18:41:52.2564343Z   RUNNER_TOOL_CACHE: /opt/hostedtoolcache
2026-09-22T18:41:52.2564638Z   RUNS_ON_HOME: /runs-on
2026-09-22T18:41:52.2564877Z   RUNS_ON_VERSION: v3.3.0
2026-09-22T18:41:52.2565157Z   RUNS_ON_AGENT_BINARY: /runs-on/agent
2026-09-22T18:41:52.2565445Z   RUNS_ON_AGENT_ARCH: arm64
2026-09-22T18:41:52.2565694Z   RUNS_ON_AGENT_USER: runner
2026-09-22T18:41:52.2565963Z   RUNS_ON_AMI_ID: ami-098c62767651982c5
2026-09-22T18:41:52.2566250Z   RUNS_ON_AWS_REGION: us-east-1
2026-09-22T18:41:52.2566514Z   RUNS_ON_AWS_AZ: us-east-1a
2026-09-22T18:41:52.2566799Z   RUNS_ON_ENV_CUSTOM_FILE: /runs-on/env.custom
2026-09-22T18:41:52.2567123Z   RUNS_ON_INSTANCE_ID: i-07ab1646b2bcece62
2026-09-22T18:41:52.2567429Z   RUNS_ON_INSTANCE_LIFECYCLE: on-demand
2026-09-22T18:41:52.2567739Z   RUNS_ON_INSTANCE_TYPE: c7g.metal
2026-09-22T18:41:52.2568014Z   RUNS_ON_STACK_NAME: runs-on-v3
2026-09-22T18:41:52.2568366Z   RUNS_ON_S3_BUCKET_CACHE: runs-on-v3-s3bucketcache-dbnub4tpjhpv
2026-09-22T18:41:52.2568789Z   ACTIONS_RUNNER_HOOK_JOB_STARTED: /runs-on/pre.sh
2026-09-22T18:41:52.2569172Z   ACTIONS_RUNNER_HOOK_JOB_COMPLETED: /runs-on/post.sh
2026-09-22T18:41:52.2569537Z   GITHUB_SERVER_URL: https://github.com/
2026-09-22T18:41:52.2569862Z   GITHUB_API_URL: https://api.github.com/
2026-09-22T18:41:52.2570168Z   GITHUB_HOST: github.com
2026-09-22T18:41:52.2570585Z   RUNS_ON_RUNNER_NAME: runs-on--i-07ab1646b2bcece62--d0776924-8
2026-09-22T18:41:52.2571002Z   RUNS_ON_INSTANCE_LAUNCHED_AT: 2026-09-22T18:40:35Z
2026-09-22T18:41:52.2571356Z   ACTIONS_CACHE_URL: http://10.1.9.206:6871/
2026-09-22T18:41:52.2571668Z   ACTIONS_CACHE_SERVICE_V2: true
2026-09-22T18:41:52.2571964Z   ACTIONS_RESULTS_URL: http://10.1.9.206:6871/
2026-09-22T18:41:52.2572356Z   RUNS_ON_S3_CACHE_REPO_PREFIX: cache/repo/vortex-data/vortex
2026-09-22T18:41:52.2572749Z   RUNS_ON_ACTION_COST_TRACKING_CLAIMED: true
2026-09-22T18:41:52.2573054Z   RUSTUP_TOOLCHAIN: 1.98.0
2026-09-22T18:41:52.2573303Z   DIVAN_SAMPLE_COUNT: 1000
2026-09-22T18:41:52.2573539Z ##[endgroup]
2026-09-22T18:41:52.2578765Z ##[start-action display=Determine runner and kernel version;id=__CodSpeedHQ_action.versions]
2026-09-22T18:41:52.2595055Z ##[group]Run RUNNER_VERSION=""
2026-09-22T18:41:52.2595371Z [36;1mRUNNER_VERSION=""[0m
2026-09-22T18:41:52.2595664Z [36;1mif [ -z "$RUNNER_VERSION" ]; then[0m
2026-09-22T18:41:52.2596102Z [36;1m  RUNNER_VERSION=$(cat $GITHUB_ACTION_PATH/.codspeed-runner-version)[0m
2026-09-22T18:41:52.2596518Z [36;1mfi[0m
2026-09-22T18:41:52.2596815Z [36;1m# Strip 'v' prefix if present to normalize version format[0m
2026-09-22T18:41:52.2597225Z [36;1mRUNNER_VERSION="${RUNNER_VERSION#v}"[0m
2026-09-22T18:41:52.2597526Z [36;1m[0m
2026-09-22T18:41:52.2597889Z [36;1m# Detect version type (priority: latest > version number > branch/rev prefixes)[0m
2026-09-22T18:41:52.2598391Z [36;1mif [ "$RUNNER_VERSION" = "latest" ]; then[0m
2026-09-22T18:41:52.2598723Z [36;1m  VERSION_TYPE="latest"[0m
2026-09-22T18:41:52.2599121Z [36;1melif echo "$RUNNER_VERSION" | grep -qE '^[0-9]+\.[0-9]+\.[0-9]+-'; then[0m
2026-09-22T18:41:52.2599551Z [36;1m  VERSION_TYPE="prerelease"[0m
2026-09-22T18:41:52.2599960Z [36;1melif echo "$RUNNER_VERSION" | grep -qE '^[0-9]+\.[0-9]+\.[0-9]+'; then[0m
2026-09-22T18:41:52.2600705Z [36;1m  VERSION_TYPE="release"[0m
2026-09-22T18:41:52.2601099Z [36;1melif echo "$RUNNER_VERSION" | grep -q '^branch:'; then[0m
2026-09-22T18:41:52.2601477Z [36;1m  VERSION_TYPE="branch"[0m
2026-09-22T18:41:52.2601917Z [36;1m  RUNNER_VERSION=$(echo "$RUNNER_VERSION" | sed 's/^branch://')[0m
2026-09-22T18:41:52.2602386Z [36;1melif echo "$RUNNER_VERSION" | grep -q '^rev:'; then[0m
2026-09-22T18:41:52.2602743Z [36;1m  VERSION_TYPE="rev"[0m
2026-09-22T18:41:52.2603101Z [36;1m  RUNNER_VERSION=$(echo "$RUNNER_VERSION" | sed 's/^rev://')[0m
2026-09-22T18:41:52.2603631Z [36;1melse[0m
2026-09-22T18:41:52.2603857Z [36;1m  # Default to release version[0m
2026-09-22T18:41:52.2604158Z [36;1m  VERSION_TYPE="release"[0m
2026-09-22T18:41:52.2604417Z [36;1mfi[0m
2026-09-22T18:41:52.2604607Z [36;1m[0m
2026-09-22T18:41:52.2604897Z [36;1mecho "runner-version=$RUNNER_VERSION" >> $GITHUB_OUTPUT[0m
2026-09-22T18:41:52.2605349Z [36;1mecho "version-type=$VERSION_TYPE" >> $GITHUB_OUTPUT[0m
2026-09-22T18:41:52.2605701Z [36;1m[0m
2026-09-22T18:41:52.2605922Z [36;1m# Get kernel version for cache key[0m
2026-09-22T18:41:52.2606236Z [36;1mKERNEL_VERSION=$(uname -r)[0m
2026-09-22T18:41:52.2606603Z [36;1mecho "kernel-version=$KERNEL_VERSION" >> $GITHUB_OUTPUT[0m
2026-09-22T18:41:52.2606963Z [36;1m[0m
2026-09-22T18:41:52.2607294Z [36;1m# Normalize mode for cache key (commas are not allowed in cache keys)[0m
2026-09-22T18:41:52.2607764Z [36;1mMODE_CACHE_KEY=$(echo "walltime" | tr ',' '-')[0m
2026-09-22T18:41:52.2608191Z [36;1mecho "mode-cache-key=$MODE_CACHE_KEY" >> $GITHUB_OUTPUT[0m
2026-09-22T18:41:52.2631298Z shell: /usr/bin/bash --noprofile --norc -e -o pipefail {0}
2026-09-22T18:41:52.2631656Z env:
2026-09-22T18:41:52.2631854Z   CARGO_TERM_COLOR: always
2026-09-22T18:41:52.2632098Z   RUST_BACKTRACE: 1
2026-09-22T18:41:52.2632339Z   NIGHTLY_TOOLCHAIN: nightly-2026-09-10
2026-09-22T18:41:52.2632650Z   RUNNER_TOOL_CACHE: /opt/hostedtoolcache
2026-09-22T18:41:52.2632950Z   RUNS_ON_HOME: /runs-on
2026-09-22T18:41:52.2633198Z   RUNS_ON_VERSION: v3.3.0
2026-09-22T18:41:52.2633454Z   RUNS_ON_AGENT_BINARY: /runs-on/agent
2026-09-22T18:41:52.2633742Z   RUNS_ON_AGENT_ARCH: arm64
2026-09-22T18:41:52.2633993Z   RUNS_ON_AGENT_USER: runner
2026-09-22T18:41:52.2634255Z   RUNS_ON_AMI_ID: ami-098c62767651982c5
2026-09-22T18:41:52.2634543Z   RUNS_ON_AWS_REGION: us-east-1
2026-09-22T18:41:52.2634809Z   RUNS_ON_AWS_AZ: us-east-1a
2026-09-22T18:41:52.2635095Z   RUNS_ON_ENV_CUSTOM_FILE: /runs-on/env.custom
2026-09-22T18:41:52.2635431Z   RUNS_ON_INSTANCE_ID: i-07ab1646b2bcece62
2026-09-22T18:41:52.2635741Z   RUNS_ON_INSTANCE_LIFECYCLE: on-demand
2026-09-22T18:41:52.2636039Z   RUNS_ON_INSTANCE_TYPE: c7g.metal
2026-09-22T18:41:52.2636318Z   RUNS_ON_STACK_NAME: runs-on-v3
2026-09-22T18:41:52.2636679Z   RUNS_ON_S3_BUCKET_CACHE: runs-on-v3-s3bucketcache-dbnub4tpjhpv
2026-09-22T18:41:52.2637100Z   ACTIONS_RUNNER_HOOK_JOB_STARTED: /runs-on/pre.sh
2026-09-22T18:41:52.2637486Z   ACTIONS_RUNNER_HOOK_JOB_COMPLETED: /runs-on/post.sh
2026-09-22T18:41:52.2637856Z   GITHUB_SERVER_URL: https://github.com/
2026-09-22T18:41:52.2638184Z   GITHUB_API_URL: https://api.github.com/
2026-09-22T18:41:52.2638491Z   GITHUB_HOST: github.com
2026-09-22T18:41:52.2638825Z   RUNS_ON_RUNNER_NAME: runs-on--i-07ab1646b2bcece62--d0776924-8
2026-09-22T18:41:52.2639236Z   RUNS_ON_INSTANCE_LAUNCHED_AT: 2026-09-22T18:40:35Z
2026-09-22T18:41:52.2639589Z   ACTIONS_CACHE_URL: http://10.1.9.206:6871/
2026-09-22T18:41:52.2639901Z   ACTIONS_CACHE_SERVICE_V2: true
2026-09-22T18:41:52.2640207Z   ACTIONS_RESULTS_URL: http://10.1.9.206:6871/
2026-09-22T18:41:52.2640759Z   RUNS_ON_S3_CACHE_REPO_PREFIX: cache/repo/vortex-data/vortex
2026-09-22T18:41:52.2641143Z   RUNS_ON_ACTION_COST_TRACKING_CLAIMED: true
2026-09-22T18:41:52.2641450Z   RUSTUP_TOOLCHAIN: 1.98.0
2026-09-22T18:41:52.2641698Z   DIVAN_SAMPLE_COUNT: 1000
2026-09-22T18:41:52.2641934Z ##[endgroup]
2026-09-22T18:41:52.2742390Z ##[end-action id=__CodSpeedHQ_action.versions;outcome=success;conclusion=success;duration_ms=16]
2026-09-22T18:41:52.2744696Z ##[start-action display=Cache CodSpeed instruments;id=__CodSpeedHQ_action.__actions_cache]
2026-09-22T18:41:52.2781678Z ##[group]Run actions/cache@668228422ae6a00e4ad889ee87cd7109ec5666a7
2026-09-22T18:41:52.2782051Z with:
2026-09-22T18:41:52.2782259Z   path: ~/.cache/codspeed-action
2026-09-22T18:41:52.2782662Z   key: codspeed-instruments-walltime-Linux-ARM64-6.17.0-1019-aws-5.0.2
2026-09-22T18:41:52.2783248Z   restore-keys: codspeed-instruments-walltime-Linux-ARM64-6.17.0-1019-aws-

2026-09-22T18:41:52.2783913Z   enableCrossOsArchive: false
2026-09-22T18:41:52.2784182Z   fail-on-cache-miss: false
2026-09-22T18:41:52.2784428Z   lookup-only: false
2026-09-22T18:41:52.2784655Z   save-always: false
2026-09-22T18:41:52.2784864Z env:
2026-09-22T18:41:52.2785054Z   CARGO_TERM_COLOR: always
2026-09-22T18:41:52.2785290Z   RUST_BACKTRACE: 1
2026-09-22T18:41:52.2785527Z   NIGHTLY_TOOLCHAIN: nightly-2026-09-10
2026-09-22T18:41:52.2785837Z   RUNNER_TOOL_CACHE: /opt/hostedtoolcache
2026-09-22T18:41:52.2786138Z   RUNS_ON_HOME: /runs-on
2026-09-22T18:41:52.2786381Z   RUNS_ON_VERSION: v3.3.0
2026-09-22T18:41:52.2786638Z   RUNS_ON_AGENT_BINARY: /runs-on/agent
2026-09-22T18:41:52.2786921Z   RUNS_ON_AGENT_ARCH: arm64
2026-09-22T18:41:52.2787174Z   RUNS_ON_AGENT_USER: runner
2026-09-22T18:41:52.2787435Z   RUNS_ON_AMI_ID: ami-098c62767651982c5
2026-09-22T18:41:52.2787723Z   RUNS_ON_AWS_REGION: us-east-1
2026-09-22T18:41:52.2787984Z   RUNS_ON_AWS_AZ: us-east-1a
2026-09-22T18:41:52.2788272Z   RUNS_ON_ENV_CUSTOM_FILE: /runs-on/env.custom
2026-09-22T18:41:52.2788609Z   RUNS_ON_INSTANCE_ID: i-07ab1646b2bcece62
2026-09-22T18:41:52.2788917Z   RUNS_ON_INSTANCE_LIFECYCLE: on-demand
2026-09-22T18:41:52.2789219Z   RUNS_ON_INSTANCE_TYPE: c7g.metal
2026-09-22T18:41:52.2789497Z   RUNS_ON_STACK_NAME: runs-on-v3
2026-09-22T18:41:52.2789849Z   RUNS_ON_S3_BUCKET_CACHE: runs-on-v3-s3bucketcache-dbnub4tpjhpv
2026-09-22T18:41:52.2790274Z   ACTIONS_RUNNER_HOOK_JOB_STARTED: /runs-on/pre.sh
2026-09-22T18:41:52.2790742Z   ACTIONS_RUNNER_HOOK_JOB_COMPLETED: /runs-on/post.sh
2026-09-22T18:41:52.2791110Z   GITHUB_SERVER_URL: https://github.com/
2026-09-22T18:41:52.2791438Z   GITHUB_API_URL: https://api.github.com/
2026-09-22T18:41:52.2791741Z   GITHUB_HOST: github.com
2026-09-22T18:41:52.2792068Z   RUNS_ON_RUNNER_NAME: runs-on--i-07ab1646b2bcece62--d0776924-8
2026-09-22T18:41:52.2792482Z   RUNS_ON_INSTANCE_LAUNCHED_AT: 2026-09-22T18:40:35Z
2026-09-22T18:41:52.2792833Z   ACTIONS_CACHE_URL: http://10.1.9.206:6871/
2026-09-22T18:41:52.2793145Z   ACTIONS_CACHE_SERVICE_V2: true
2026-09-22T18:41:52.2793447Z   ACTIONS_RESULTS_URL: http://10.1.9.206:6871/
2026-09-22T18:41:52.2793832Z   RUNS_ON_S3_CACHE_REPO_PREFIX: cache/repo/vortex-data/vortex
2026-09-22T18:41:52.2794215Z   RUNS_ON_ACTION_COST_TRACKING_CLAIMED: true
2026-09-22T18:41:52.2794517Z   RUSTUP_TOOLCHAIN: 1.98.0
2026-09-22T18:41:52.2794770Z   DIVAN_SAMPLE_COUNT: 1000
2026-09-22T18:41:52.2795006Z ##[endgroup]
2026-09-22T18:41:52.4977390Z Cache not found for input keys: codspeed-instruments-walltime-Linux-ARM64-6.17.0-1019-aws-5.0.2, codspeed-instruments-walltime-Linux-ARM64-6.17.0-1019-aws-
2026-09-22T18:41:52.5038583Z ##[end-action id=__CodSpeedHQ_action.__actions_cache;outcome=success;conclusion=success;duration_ms=229]
2026-09-22T18:41:52.5042197Z ##[start-action display=Lookup installer hash;id=__CodSpeedHQ_action.installer-hash]
2026-09-22T18:41:52.5110674Z ##[group]Run actions/github-script@ed597411d8f924073f98dfc5c65a23a2325f34cd
2026-09-22T18:41:52.5111089Z with:
2026-09-22T18:41:52.5111921Z   script: const hashes = require(`${process.env.GITHUB_ACTION_PATH}/.codspeed-runner-installer-hashes.json`)
const version = process.env.RUNNER_VERSION
core.setOutput('hash', hashes[version] || '')

2026-09-22T18:41:52.5115434Z   github-token: ***
2026-09-22T18:41:52.5115657Z   debug: false
2026-09-22T18:41:52.5115882Z   user-agent: actions/github-script
2026-09-22T18:41:52.5116166Z   result-encoding: json
2026-09-22T18:41:52.5116391Z   retries: 0
2026-09-22T18:41:52.5116867Z   retry-exempt-status-codes: 400,401,403,404,422
2026-09-22T18:41:52.5117196Z env:
2026-09-22T18:41:52.5117388Z   CARGO_TERM_COLOR: always
2026-09-22T18:41:52.5117628Z   RUST_BACKTRACE: 1
2026-09-22T18:41:52.5117864Z   NIGHTLY_TOOLCHAIN: nightly-2026-09-10
2026-09-22T18:41:52.5118178Z   RUNNER_TOOL_CACHE: /opt/hostedtoolcache
2026-09-22T18:41:52.5118470Z   RUNS_ON_HOME: /runs-on
2026-09-22T18:41:52.5118713Z   RUNS_ON_VERSION: v3.3.0
2026-09-22T18:41:52.5118967Z   RUNS_ON_AGENT_BINARY: /runs-on/agent
2026-09-22T18:41:52.5119253Z   RUNS_ON_AGENT_ARCH: arm64
2026-09-22T18:41:52.5119670Z   RUNS_ON_AGENT_USER: runner
2026-09-22T18:41:52.5119934Z   RUNS_ON_AMI_ID: ami-098c62767651982c5
2026-09-22T18:41:52.5120221Z   RUNS_ON_AWS_REGION: us-east-1
2026-09-22T18:41:52.5120545Z   RUNS_ON_AWS_AZ: us-east-1a
2026-09-22T18:41:52.5120829Z   RUNS_ON_ENV_CUSTOM_FILE: /runs-on/env.custom
2026-09-22T18:41:52.5121159Z   RUNS_ON_INSTANCE_ID: i-07ab1646b2bcece62
2026-09-22T18:41:52.5121464Z   RUNS_ON_INSTANCE_LIFECYCLE: on-demand
2026-09-22T18:41:52.5121767Z   RUNS_ON_INSTANCE_TYPE: c7g.metal
2026-09-22T18:41:52.5122049Z   RUNS_ON_STACK_NAME: runs-on-v3
2026-09-22T18:41:52.5122403Z   RUNS_ON_S3_BUCKET_CACHE: runs-on-v3-s3bucketcache-dbnub4tpjhpv
2026-09-22T18:41:52.5122831Z   ACTIONS_RUNNER_HOOK_JOB_STARTED: /runs-on/pre.sh
2026-09-22T18:41:52.5123211Z   ACTIONS_RUNNER_HOOK_JOB_COMPLETED: /runs-on/post.sh
2026-09-22T18:41:52.5123570Z   GITHUB_SERVER_URL: https://github.com/
2026-09-22T18:41:52.5123899Z   GITHUB_API_URL: https://api.github.com/
2026-09-22T18:41:52.5124208Z   GITHUB_HOST: github.com
2026-09-22T18:41:52.5124535Z   RUNS_ON_RUNNER_NAME: runs-on--i-07ab1646b2bcece62--d0776924-8
2026-09-22T18:41:52.5124950Z   RUNS_ON_INSTANCE_LAUNCHED_AT: 2026-09-22T18:40:35Z
2026-09-22T18:41:52.5125304Z   ACTIONS_CACHE_URL: http://10.1.9.206:6871/
2026-09-22T18:41:52.5125618Z   ACTIONS_CACHE_SERVICE_V2: true
2026-09-22T18:41:52.5125920Z   ACTIONS_RESULTS_URL: http://10.1.9.206:6871/
2026-09-22T18:41:52.5126312Z   RUNS_ON_S3_CACHE_REPO_PREFIX: cache/repo/vortex-data/vortex
2026-09-22T18:41:52.5126701Z   RUNS_ON_ACTION_COST_TRACKING_CLAIMED: true
2026-09-22T18:41:52.5127011Z   RUSTUP_TOOLCHAIN: 1.98.0
2026-09-22T18:41:52.5127259Z   DIVAN_SAMPLE_COUNT: 1000
2026-09-22T18:41:52.5127504Z   RUNNER_VERSION: 5.0.2
2026-09-22T18:41:52.5127730Z ##[endgroup]
2026-09-22T18:41:52.5935207Z ##[end-action id=__CodSpeedHQ_action.installer-hash;outcome=success;conclusion=success;duration_ms=89]
2026-09-22T18:41:52.5937607Z ##[start-action display=Install CodSpeed runner;id=__CodSpeedHQ_action.__run]
2026-09-22T18:41:52.5955098Z ##[group]Run RUNNER_VERSION="5.0.2"
2026-09-22T18:41:52.5955462Z [36;1mRUNNER_VERSION="5.0.2"[0m
2026-09-22T18:41:52.5955736Z [36;1mVERSION_TYPE="release"[0m
2026-09-22T18:41:52.5955989Z [36;1m[0m
2026-09-22T18:41:52.5956206Z [36;1mSKIP_HASH_CHECK_WARNING="false"[0m
2026-09-22T18:41:52.5956487Z [36;1m[0m
2026-09-22T18:41:52.5956721Z [36;1mif [ "$VERSION_TYPE" = "latest" ]; then[0m
2026-09-22T18:41:52.5957112Z [36;1m  if [ "$SKIP_HASH_CHECK_WARNING" != "true" ]; then[0m
2026-09-22T18:41:52.5957886Z [36;1m    echo "::warning::Hash verification is not available when using 'latest' version. Consider pinning a specific version for supply chain security."[0m
2026-09-22T18:41:52.5958595Z [36;1m  fi[0m
2026-09-22T18:41:52.5958944Z [36;1m  curl -fsSL https://codspeed.io/install.sh | bash -s -- --quiet[0m
2026-09-22T18:41:52.5959410Z [36;1melif [ "$VERSION_TYPE" = "prerelease" ]; then[0m
2026-09-22T18:41:52.5959985Z [36;1m  # Prereleases are not pinned, so install from the versioned installer without hash verification.[0m
2026-09-22T18:41:52.5960873Z [36;1m  if [ "$SKIP_HASH_CHECK_WARNING" != "true" ]; then[0m
2026-09-22T18:41:52.5961446Z [36;1m    echo "::warning::Hash verification is not available for prerelease version $RUNNER_VERSION."[0m
2026-09-22T18:41:52.5961952Z [36;1m  fi[0m
2026-09-22T18:41:52.5962351Z [36;1m  curl -fsSL "https://codspeed.io/v$RUNNER_VERSION/install.sh" | bash -s -- --quiet[0m
2026-09-22T18:41:52.5963095Z [36;1melif [ "$VERSION_TYPE" = "branch" ]; then[0m
2026-09-22T18:41:52.5963483Z [36;1m  # Install from specific branch using cargo[0m
2026-09-22T18:41:52.5963874Z [36;1m  if [ "$SKIP_HASH_CHECK_WARNING" != "true" ]; then[0m
2026-09-22T18:41:52.5964402Z [36;1m    echo "::warning::Hash verification is not available when installing from a branch."[0m
2026-09-22T18:41:52.5964876Z [36;1m  fi[0m
2026-09-22T18:41:52.5965089Z [36;1m  source $HOME/.cargo/env[0m
2026-09-22T18:41:52.5965674Z [36;1m  cargo install --locked --git https://github.com/CodSpeedHQ/codspeed --branch "$RUNNER_VERSION" codspeed-runner[0m
2026-09-22T18:41:52.5966453Z [36;1melif [ "$VERSION_TYPE" = "rev" ]; then[0m
2026-09-22T18:41:52.5966829Z [36;1m  # Install from specific commit/rev using cargo[0m
2026-09-22T18:41:52.5967229Z [36;1m  if [ "$SKIP_HASH_CHECK_WARNING" != "true" ]; then[0m
2026-09-22T18:41:52.5967769Z [36;1m    echo "::warning::Hash verification is not available when installing from a revision."[0m
2026-09-22T18:41:52.5968249Z [36;1m  fi[0m
2026-09-22T18:41:52.5968464Z [36;1m  source $HOME/.cargo/env[0m
2026-09-22T18:41:52.5969039Z [36;1m  cargo install --locked --git https://github.com/CodSpeedHQ/codspeed --rev "$RUNNER_VERSION" codspeed-runner[0m
2026-09-22T18:41:52.5969616Z [36;1melse[0m
2026-09-22T18:41:52.5969919Z [36;1m  # Release version - download to temp file and verify hash[0m
2026-09-22T18:41:52.5970483Z [36;1m  INSTALLER_URL="https://codspeed.io/v$RUNNER_VERSION/install.sh"[0m
2026-09-22T18:41:52.5970921Z [36;1m  INSTALLER_TMP=$(mktemp)[0m
2026-09-22T18:41:52.5971225Z [36;1m  trap "rm -f $INSTALLER_TMP" EXIT[0m
2026-09-22T18:41:52.5971522Z [36;1m[0m
2026-09-22T18:41:52.5971721Z [36;1m  CURL_ERR=$(mktemp)[0m
2026-09-22T18:41:52.5972210Z [36;1m  if ! HTTP_CODE=$(curl -sSL -o "$INSTALLER_TMP" -w "%{http_code}" "$INSTALLER_URL" 2>"$CURL_ERR"); then[0m
2026-09-22T18:41:52.5973155Z [36;1m    echo "::error title=Failed to install CodSpeed CLI::Installation of CodSpeed CLI with version $RUNNER_VERSION failed.%0AReason: $(cat "$CURL_ERR")"[0m
2026-09-22T18:41:52.5973864Z [36;1m    exit 1[0m
2026-09-22T18:41:52.5974080Z [36;1m  fi[0m
2026-09-22T18:41:52.5974314Z [36;1m  if [ "$HTTP_CODE" -ge 400 ]; then[0m
2026-09-22T18:41:52.5974648Z [36;1m    error_body=$(cat "$INSTALLER_TMP")[0m
2026-09-22T18:41:52.5975500Z [36;1m    echo "::error title=Failed to install CodSpeed CLI::Installation of CodSpeed CLI with version $RUNNER_VERSION failed.%0AReason: HTTP $HTTP_CODE - ${error_body:-no response body}"[0m
2026-09-22T18:41:52.5976333Z [36;1m    exit 1[0m
2026-09-22T18:41:52.5976546Z [36;1m  fi[0m
2026-09-22T18:41:52.5976743Z [36;1m[0m
2026-09-22T18:41:52.5977142Z [36;1m  EXPECTED_HASH="4ea0e3b0425e01498ff1b70fba78228eedb4dd58efb6093360776fc6e4eae1a9"[0m
2026-09-22T18:41:52.5977653Z [36;1m  if [ -z "$EXPECTED_HASH" ]; then[0m
2026-09-22T18:41:52.5978308Z [36;1m    echo "::error::No pinned hash found for installer version $RUNNER_VERSION. Update .codspeed-runner-installer-hashes.json."[0m
2026-09-22T18:41:52.5978942Z [36;1m    exit 1[0m
2026-09-22T18:41:52.5979157Z [36;1m  fi[0m
2026-09-22T18:41:52.5979353Z [36;1m[0m
2026-09-22T18:41:52.5979651Z [36;1m  ACTUAL_HASH=$(sha256sum "$INSTALLER_TMP" | awk '{print $1}')[0m
2026-09-22T18:41:52.5980099Z [36;1m  if [ "$ACTUAL_HASH" != "$EXPECTED_HASH" ]; then[0m
2026-09-22T18:41:52.5980812Z [36;1m    echo "::error::Installer hash mismatch for version $RUNNER_VERSION. Expected: $EXPECTED_HASH, Got: $ACTUAL_HASH"[0m
2026-09-22T18:41:52.5981393Z [36;1m    exit 1[0m
2026-09-22T18:41:52.5981611Z [36;1m  fi[0m
2026-09-22T18:41:52.5981922Z [36;1m  echo "Installer hash verified for version $RUNNER_VERSION"[0m
2026-09-22T18:41:52.5982296Z [36;1m[0m
2026-09-22T18:41:52.5982514Z [36;1m  bash "$INSTALLER_TMP" --quiet[0m
2026-09-22T18:41:52.5982795Z [36;1mfi[0m
2026-09-22T18:41:52.6005294Z shell: /usr/bin/bash --noprofile --norc -e -o pipefail {0}
2026-09-22T18:41:52.6005647Z env:
2026-09-22T18:41:52.6006014Z   CARGO_TERM_COLOR: always
2026-09-22T18:41:52.6006269Z   RUST_BACKTRACE: 1
2026-09-22T18:41:52.6006513Z   NIGHTLY_TOOLCHAIN: nightly-2026-09-10
2026-09-22T18:41:52.6006827Z   RUNNER_TOOL_CACHE: /opt/hostedtoolcache
2026-09-22T18:41:52.6007123Z   RUNS_ON_HOME: /runs-on
2026-09-22T18:41:52.6007365Z   RUNS_ON_VERSION: v3.3.0
2026-09-22T18:41:52.6007627Z   RUNS_ON_AGENT_BINARY: /runs-on/agent
2026-09-22T18:41:52.6007911Z   RUNS_ON_AGENT_ARCH: arm64
2026-09-22T18:41:52.6008162Z   RUNS_ON_AGENT_USER: runner
2026-09-22T18:41:52.6008431Z   RUNS_ON_AMI_ID: ami-098c62767651982c5
2026-09-22T18:41:52.6008869Z   RUNS_ON_AWS_REGION: us-east-1
2026-09-22T18:41:52.6009131Z   RUNS_ON_AWS_AZ: us-east-1a
2026-09-22T18:41:52.6009415Z   RUNS_ON_ENV_CUSTOM_FILE: /runs-on/env.custom
2026-09-22T18:41:52.6009743Z   RUNS_ON_INSTANCE_ID: i-07ab1646b2bcece62
2026-09-22T18:41:52.6010051Z   RUNS_ON_INSTANCE_LIFECYCLE: on-demand
2026-09-22T18:41:52.6010350Z   RUNS_ON_INSTANCE_TYPE: c7g.metal
2026-09-22T18:41:52.6010705Z   RUNS_ON_STACK_NAME: runs-on-v3
2026-09-22T18:41:52.6011069Z   RUNS_ON_S3_BUCKET_CACHE: runs-on-v3-s3bucketcache-dbnub4tpjhpv
2026-09-22T18:41:52.6011498Z   ACTIONS_RUNNER_HOOK_JOB_STARTED: /runs-on/pre.sh
2026-09-22T18:41:52.6011875Z   ACTIONS_RUNNER_HOOK_JOB_COMPLETED: /runs-on/post.sh
2026-09-22T18:41:52.6012234Z   GITHUB_SERVER_URL: https://github.com/
2026-09-22T18:41:52.6012556Z   GITHUB_API_URL: https://api.github.com/
2026-09-22T18:41:52.6012861Z   GITHUB_HOST: github.com
2026-09-22T18:41:52.6013187Z   RUNS_ON_RUNNER_NAME: runs-on--i-07ab1646b2bcece62--d0776924-8
2026-09-22T18:41:52.6013600Z   RUNS_ON_INSTANCE_LAUNCHED_AT: 2026-09-22T18:40:35Z
2026-09-22T18:41:52.6013955Z   ACTIONS_CACHE_URL: http://10.1.9.206:6871/
2026-09-22T18:41:52.6014268Z   ACTIONS_CACHE_SERVICE_V2: true
2026-09-22T18:41:52.6014564Z   ACTIONS_RESULTS_URL: http://10.1.9.206:6871/
2026-09-22T18:41:52.6014954Z   RUNS_ON_S3_CACHE_REPO_PREFIX: cache/repo/vortex-data/vortex
2026-09-22T18:41:52.6015339Z   RUNS_ON_ACTION_COST_TRACKING_CLAIMED: true
2026-09-22T18:41:52.6015648Z   RUSTUP_TOOLCHAIN: 1.98.0
2026-09-22T18:41:52.6015900Z   DIVAN_SAMPLE_COUNT: 1000
2026-09-22T18:41:52.6016132Z ##[endgroup]
2026-09-22T18:41:52.9120874Z Installer hash verified for version 5.0.2
2026-09-22T18:41:53.3258425Z ##[end-action id=__CodSpeedHQ_action.__run;outcome=success;conclusion=success;duration_ms=732]
2026-09-22T18:41:53.3288163Z ##[start-action display=Run the benchmarks;id=__CodSpeedHQ_action.__run_2]
2026-09-22T18:41:53.3306375Z ##[group]Run # Validate required inputs
2026-09-22T18:41:53.3306744Z [36;1m# Validate required inputs[0m
2026-09-22T18:41:53.3307102Z [36;1m# (custom message for smoother v4 migration)[0m
2026-09-22T18:41:53.3307452Z [36;1mif [ -z "walltime" ]; then[0m
2026-09-22T18:41:53.3309022Z [36;1m  echo "::error title=Missing required input 'mode'::The 'mode' input is required as of CodSpeed Action v4. Please explicitly set 'mode' to 'simulation' or 'walltime'. Before, this variable was automatically set to instrumentation on every runner except for CodSpeed macro runners where it was set to walltime by default. See https://codspeed.io/docs/instruments for details."[0m
2026-09-22T18:41:53.3310693Z [36;1m  exit 1[0m
2026-09-22T18:41:53.3310905Z [36;1mfi[0m
2026-09-22T18:41:53.3311099Z [36;1m[0m
2026-09-22T18:41:53.3311319Z [36;1m# Build the runner arguments array[0m
2026-09-22T18:41:53.3311630Z [36;1mRUNNER_ARGS=()[0m
2026-09-22T18:41:53.3312076Z [36;1mif [ -n "***" ]; then[0m
2026-09-22T18:41:53.3312457Z [36;1m  RUNNER_ARGS+=(--token "***")[0m
2026-09-22T18:41:53.3312745Z [36;1mfi[0m
2026-09-22T18:41:53.3312948Z [36;1mif [ -n "" ]; then[0m
2026-09-22T18:41:53.3313235Z [36;1m  RUNNER_ARGS+=(--working-directory="")[0m
2026-09-22T18:41:53.3313547Z [36;1mfi[0m
2026-09-22T18:41:53.3313746Z [36;1mif [ -n "" ]; then[0m
2026-09-22T18:41:53.3314014Z [36;1m  RUNNER_ARGS+=(--upload-url="")[0m
2026-09-22T18:41:53.3314297Z [36;1mfi[0m
2026-09-22T18:41:53.3314511Z [36;1mif [ -n "walltime" ]; then[0m
2026-09-22T18:41:53.3315054Z [36;1m  RUNNER_ARGS+=(--mode="walltime")[0m
2026-09-22T18:41:53.3315368Z [36;1mfi[0m
2026-09-22T18:41:53.3315573Z [36;1mif [ -n "" ]; then[0m
2026-09-22T18:41:53.3315847Z [36;1m  RUNNER_ARGS+=(--instruments="")[0m
2026-09-22T18:41:53.3316134Z [36;1mfi[0m
2026-09-22T18:41:53.3316338Z [36;1mif [ -n "" ]; then[0m
2026-09-22T18:41:53.3316627Z [36;1m  RUNNER_ARGS+=(--mongo-uri-env-name="")[0m
2026-09-22T18:41:53.3316935Z [36;1mfi[0m
2026-09-22T18:41:53.3317237Z [36;1mif [ "true" = "true" ] && [ -n "~/.cache/codspeed-action" ]; then[0m
2026-09-22T18:41:53.3317910Z [36;1m  RUNNER_ARGS+=(--setup-cache-dir="~/.cache/codspeed-action")[0m
2026-09-22T18:41:53.3318289Z [36;1mfi[0m
2026-09-22T18:41:53.3318501Z [36;1mif [ "false" = "true" ]; then[0m
2026-09-22T18:41:53.3318802Z [36;1m  RUNNER_ARGS+=(--allow-empty)[0m
2026-09-22T18:41:53.3319084Z [36;1mfi[0m
2026-09-22T18:41:53.3319284Z [36;1mif [ -n "" ]; then[0m
2026-09-22T18:41:53.3319574Z [36;1m  RUNNER_ARGS+=(--go-runner-version="")[0m
2026-09-22T18:41:53.3319883Z [36;1mfi[0m
2026-09-22T18:41:53.3320081Z [36;1mif [ -n "" ]; then[0m
2026-09-22T18:41:53.3320342Z [36;1m  RUNNER_ARGS+=(--config="")[0m
2026-09-22T18:41:53.3320685Z [36;1mfi[0m
2026-09-22T18:41:53.3320883Z [36;1mif [ -n "" ]; then[0m
2026-09-22T18:41:53.3321166Z [36;1m  RUNNER_ARGS+=(--cycle-estimation="")[0m
2026-09-22T18:41:53.3321471Z [36;1mfi[0m
2026-09-22T18:41:53.3321669Z [36;1mif [ -n "" ]; then[0m
2026-09-22T18:41:53.3321964Z [36;1m  RUNNER_ARGS+=(--exclude-allocations="")[0m
2026-09-22T18:41:53.3322287Z [36;1mfi[0m
2026-09-22T18:41:53.3322480Z [36;1m[0m
2026-09-22T18:41:53.3322708Z [36;1mif [ -n "$CODSPEED_INPUT_RUN" ]; then[0m
2026-09-22T18:41:53.3323063Z [36;1m  RUNNER_ARGS+=(-- "$CODSPEED_INPUT_RUN")[0m
2026-09-22T18:41:53.3323371Z [36;1mfi[0m
2026-09-22T18:41:53.3323561Z [36;1m[0m
2026-09-22T18:41:53.3323763Z [36;1m# Run the benchmarks[0m
2026-09-22T18:41:53.3324045Z [36;1mcodspeed run "${RUNNER_ARGS[@]}"[0m
2026-09-22T18:41:53.3346499Z shell: /usr/bin/bash --noprofile --norc -e -o pipefail {0}
2026-09-22T18:41:53.3346854Z env:
2026-09-22T18:41:53.3347054Z   CARGO_TERM_COLOR: always
2026-09-22T18:41:53.3347291Z   RUST_BACKTRACE: 1
2026-09-22T18:41:53.3347529Z   NIGHTLY_TOOLCHAIN: nightly-2026-09-10
2026-09-22T18:41:53.3347843Z   RUNNER_TOOL_CACHE: /opt/hostedtoolcache
2026-09-22T18:41:53.3348133Z   RUNS_ON_HOME: /runs-on
2026-09-22T18:41:53.3348372Z   RUNS_ON_VERSION: v3.3.0
2026-09-22T18:41:53.3348633Z   RUNS_ON_AGENT_BINARY: /runs-on/agent
2026-09-22T18:41:53.3348920Z   RUNS_ON_AGENT_ARCH: arm64
2026-09-22T18:41:53.3349181Z   RUNS_ON_AGENT_USER: runner
2026-09-22T18:41:53.3349441Z   RUNS_ON_AMI_ID: ami-098c62767651982c5
2026-09-22T18:41:53.3349734Z   RUNS_ON_AWS_REGION: us-east-1
2026-09-22T18:41:53.3349998Z   RUNS_ON_AWS_AZ: us-east-1a
2026-09-22T18:41:53.3350283Z   RUNS_ON_ENV_CUSTOM_FILE: /runs-on/env.custom
2026-09-22T18:41:53.3350696Z   RUNS_ON_INSTANCE_ID: i-07ab1646b2bcece62
2026-09-22T18:41:53.3351005Z   RUNS_ON_INSTANCE_LIFECYCLE: on-demand
2026-09-22T18:41:53.3351305Z   RUNS_ON_INSTANCE_TYPE: c7g.metal
2026-09-22T18:41:53.3351590Z   RUNS_ON_STACK_NAME: runs-on-v3
2026-09-22T18:41:53.3351945Z   RUNS_ON_S3_BUCKET_CACHE: runs-on-v3-s3bucketcache-dbnub4tpjhpv
2026-09-22T18:41:53.3352368Z   ACTIONS_RUNNER_HOOK_JOB_STARTED: /runs-on/pre.sh
2026-09-22T18:41:53.3352752Z   ACTIONS_RUNNER_HOOK_JOB_COMPLETED: /runs-on/post.sh
2026-09-22T18:41:53.3353118Z   GITHUB_SERVER_URL: https://github.com/
2026-09-22T18:41:53.3353440Z   GITHUB_API_URL: https://api.github.com/
2026-09-22T18:41:53.3353750Z   GITHUB_HOST: github.com
2026-09-22T18:41:53.3354081Z   RUNS_ON_RUNNER_NAME: runs-on--i-07ab1646b2bcece62--d0776924-8
2026-09-22T18:41:53.3354494Z   RUNS_ON_INSTANCE_LAUNCHED_AT: 2026-09-22T18:40:35Z
2026-09-22T18:41:53.3354850Z   ACTIONS_CACHE_URL: http://10.1.9.206:6871/
2026-09-22T18:41:53.3355169Z   ACTIONS_CACHE_SERVICE_V2: true
2026-09-22T18:41:53.3355468Z   ACTIONS_RESULTS_URL: http://10.1.9.206:6871/
2026-09-22T18:41:53.3356084Z   RUNS_ON_S3_CACHE_REPO_PREFIX: cache/repo/vortex-data/vortex
2026-09-22T18:41:53.3356486Z   RUNS_ON_ACTION_COST_TRACKING_CLAIMED: true
2026-09-22T18:41:53.3356794Z   RUSTUP_TOOLCHAIN: 1.98.0
2026-09-22T18:41:53.3357044Z   DIVAN_SAMPLE_COUNT: 1000
2026-09-22T18:41:53.3357851Z   GH_MATRIX: {
  "features": "neon",
  "family": "c7g.metal",
  "build-family": "c7g.4xlarge",
  "image": "ubuntu24-full-arm64-pre-v2",
  "rustflags": "-C target-feature=+neon -C force-frame-pointers=yes"
}
2026-09-22T18:41:53.3358868Z   GH_STRATEGY: {
  "fail-fast": false,
  "job-index": 2,
  "job-total": 3,
  "max-parallel": 3
}
2026-09-22T18:41:53.3359643Z   CODSPEED_INPUT_RUN: bash scripts/bench-taskset.sh cargo codspeed run -- '.*::neon::'
2026-09-22T18:41:53.3360093Z ##[endgroup]
2026-09-22T18:41:53.3700077Z 
2026-09-22T18:41:53.3700799Z    ______            __ _____                         __
2026-09-22T18:41:53.3701431Z   / ____/____   ____/ // ___/ ____   ___   ___   ____/ /
2026-09-22T18:41:53.3701919Z  / /    / __ \ / __  / \__ \ / __ \ / _ \ / _ \ / __  /
2026-09-22T18:41:53.3702439Z / /___ / /_/ // /_/ / ___/ // /_/ //  __//  __// /_/ /
2026-09-22T18:41:53.3702916Z \____/ \____/ \__,_/ /____// .___/ \___/ \___/ \__,_/
2026-09-22T18:41:53.3703427Z   https://codspeed.io     /_/          runner v5.0.2
2026-09-22T18:41:53.3703802Z 
2026-09-22T18:41:53.3704296Z ##[group]Running the benchmarks
2026-09-22T18:42:00.5566263Z [cargo-codspeed] Measurement mode: Walltime
2026-09-22T18:42:00.5566540Z 
2026-09-22T18:42:00.5570149Z Collected 10 benchmark suite(s) to run
2026-09-22T18:42:00.5570554Z Running vortex-array row_fn_output
2026-09-22T18:42:00.5602321Z Timer precision: 29 ns
2026-09-22T18:42:00.5602802Z row_fn_output                           fastest       │ slowest       │ median        │ mean          │ samples │ iters
2026-09-22T18:42:00.5603704Z ├─ neon::deferred_bool_constant_neon                  │               │               │               │         │
2026-09-22T18:42:00.6428938Z │  ├─ ConstantPerRow                    4.265 µs      │ 90.57 µs      │ 4.963 µs      │ 4.987 µs      │ 1000    │ 1000
2026-09-22T18:42:00.6429794Z │  │                                    3.84 Gitem/s  │ 180.8 Mitem/s │ 3.301 Gitem/s │ 3.284 Gitem/s │         │
2026-09-22T18:42:00.7218710Z │  ╰─ PerRowConstant                    6.223 µs      │ 12.73 µs      │ 6.938 µs      │ 6.937 µs      │ 1000    │ 1000
2026-09-22T18:42:00.7219630Z │                                       2.632 Gitem/s │ 1.286 Gitem/s │ 2.361 Gitem/s │ 2.361 Gitem/s │         │
2026-09-22T18:42:00.7221112Z ├─ neon::deferred_i64_neon                            │               │               │               │         │
2026-09-22T18:42:00.8107110Z │  ╰─ PerRowPerRow                      14.96 µs      │ 23.54 µs      │ 15.31 µs      │ 15.48 µs      │ 1000    │ 1000
2026-09-22T18:42:00.8107986Z │                                       1.094 Gitem/s │ 695.9 Mitem/s │ 1.069 Gitem/s │ 1.058 Gitem/s │         │
2026-09-22T18:42:00.8108831Z ├─ neon::filtered_owned_i64_neon                      │               │               │               │         │
2026-09-22T18:42:00.8889507Z │  ├─ AllValid                          4.919 µs      │ 29.9 µs       │ 5.503 µs      │ 5.551 µs      │ 1000    │ 1000
2026-09-22T18:42:00.8890318Z │  │                                    3.33 Gitem/s  │ 547.8 Mitem/s │ 2.976 Gitem/s │ 2.951 Gitem/s │         │
2026-09-22T18:42:00.9829418Z │  ├─ NineNullsInTen                    17.83 µs      │ 114.9 µs      │ 18.85 µs      │ 19.56 µs      │ 1000    │ 1000
2026-09-22T18:42:00.9830274Z │  │                                    918.7 Mitem/s │ 142.5 Mitem/s │ 869 Mitem/s   │ 837.3 Mitem/s │         │
2026-09-22T18:42:01.0974553Z │  ╰─ OneNullInEight                    37.03 µs      │ 59.08 µs      │ 38.08 µs      │ 39.09 µs      │ 1000    │ 1000
2026-09-22T18:42:01.0975382Z │                                       442.3 Mitem/s │ 277.2 Mitem/s │ 430.1 Mitem/s │ 419.1 Mitem/s │         │
2026-09-22T18:42:01.0976584Z ├─ neon::filtered_sink_i64_neon                       │               │               │               │         │
2026-09-22T18:42:01.1763419Z │  ├─ AllValid                          5.017 µs      │ 12.54 µs      │ 5.677 µs      │ 5.679 µs      │ 1000    │ 1000
2026-09-22T18:42:01.1764222Z │  │                                    3.265 Gitem/s │ 1.305 Gitem/s │ 2.885 Gitem/s │ 2.884 Gitem/s │         │
2026-09-22T18:42:01.2689874Z │  ├─ NineNullsInTen                    17.62 µs      │ 35.53 µs      │ 18.28 µs      │ 19 µs         │ 1000    │ 1000
2026-09-22T18:42:01.2691349Z │  │                                    929.5 Mitem/s │ 461 Mitem/s   │ 896.2 Mitem/s │ 861.8 Mitem/s │         │
2026-09-22T18:42:01.3823396Z │  ╰─ OneNullInEight                    36.96 µs      │ 49.33 µs      │ 37.87 µs      │ 38.8 µs       │ 1000    │ 1000
2026-09-22T18:42:01.3824394Z │                                       443.2 Mitem/s │ 332 Mitem/s   │ 432.5 Mitem/s │ 422.2 Mitem/s │         │
2026-09-22T18:42:01.3825286Z ├─ neon::infallible_bool_constant_neon                │               │               │               │         │
2026-09-22T18:42:01.4597956Z │  ├─ ConstantPerRow                    4.385 µs      │ 10.07 µs      │ 5 µs          │ 4.964 µs      │ 1000    │ 1000
2026-09-22T18:42:01.4601418Z │  │                                    3.735 Gitem/s │ 1.625 Gitem/s │ 3.276 Gitem/s │ 3.299 Gitem/s │         │
2026-09-22T18:42:01.5368192Z │  ╰─ PerRowConstant                    4.482 µs      │ 9.272 µs      │ 4.963 µs      │ 4.962 µs      │ 1000    │ 1000
2026-09-22T18:42:01.5375290Z │                                       3.655 Gitem/s │ 1.766 Gitem/s │ 3.3 Gitem/s   │ 3.301 Gitem/s │         │
2026-09-22T18:42:01.5379375Z ├─ neon::deferred_bool_neon                           │               │               │               │         │
2026-09-22T18:42:01.5379943Z │  ├─ i32                                             │               │               │               │         │
2026-09-22T18:42:01.6136315Z │  │  ╰─ PerRowPerRow                   4.279 µs      │ 8.735 µs      │ 4.737 µs      │ 4.743 µs      │ 1000    │ 1000
2026-09-22T18:42:01.6137754Z │  │                                    3.828 Gitem/s │ 1.875 Gitem/s │ 3.458 Gitem/s │ 3.454 Gitem/s │         │
2026-09-22T18:42:01.6138623Z │  ╰─ i64                                             │               │               │               │         │
2026-09-22T18:42:01.6958183Z │     ╰─ PerRowPerRow                   7.2 µs        │ 94.21 µs      │ 7.957 µs      │ 8.135 µs      │ 1000    │ 1000
2026-09-22T18:42:01.6959598Z │                                       2.275 Gitem/s │ 173.8 Mitem/s │ 2.059 Gitem/s │ 2.013 Gitem/s │         │
2026-09-22T18:42:01.6960586Z ╰─ neon::infallible_bool_neon                         │               │               │               │         │
2026-09-22T18:42:01.6961301Z    ├─ i32                                             │               │               │               │         │
2026-09-22T18:42:01.7728487Z    │  ╰─ PerRowPerRow                   3.834 µs      │ 10.48 µs      │ 3.99 µs       │ 4.07 µs       │ 1000    │ 1000
2026-09-22T18:42:01.7734400Z    │                                    4.272 Gitem/s │ 1.562 Gitem/s │ 4.105 Gitem/s │ 4.025 Gitem/s │         │
2026-09-22T18:42:01.7736600Z    ╰─ i64                                             │               │               │               │         │
2026-09-22T18:42:01.8524479Z       ╰─ PerRowPerRow                   5.744 µs      │ 13.63 µs      │ 6.524 µs      │ 6.538 µs      │ 1000    │ 1000
2026-09-22T18:42:01.8525234Z                                         2.852 Gitem/s │ 1.201 Gitem/s │ 2.511 Gitem/s │ 2.505 Gitem/s │         │
2026-09-22T18:42:01.8525922Z 
2026-09-22T18:42:01.8564289Z Done running row_fn_output
2026-09-22T18:42:01.8564804Z take_primitive                         fastest       │ slowest       │ median        │ mean          │ samples │ iters
2026-09-22T18:42:01.8565509Z ╰─ neon::dict_canonicalize_gt_u8_neon                │               │               │               │         │
2026-09-22T18:42:01.8566089Z Running vortex-array take_primitive
2026-09-22T18:42:01.8566705Z Timer precision: 29 ns
2026-09-22T18:42:02.5015139Z    ╰─ 1000000                          547 µs        │ 629.5 µs      │ 553.2 µs      │ 553.2 µs      │ 1000    │ 1000
2026-09-22T18:42:02.5015766Z                                        1.827 Gitem/s │ 1.588 Gitem/s │ 1.807 Gitem/s │ 1.807 Gitem/s │         │
2026-09-22T18:42:02.5016125Z 
2026-09-22T18:42:02.5021329Z Done running take_primitive
2026-09-22T18:42:02.5021624Z Running vortex-array compare
2026-09-22T18:42:02.5046873Z Timer precision: 29 ns
2026-09-22T18:42:02.5047722Z compare                             fastest       │ slowest       │ median        │ mean          │ samples │ iters
2026-09-22T18:42:02.5890951Z ├─ neon::compare_f32_neon           5.717 µs      │ 74.52 µs      │ 6.238 µs      │ 6.339 µs      │ 1000    │ 1000
2026-09-22T18:42:02.5891601Z │                                   1.432 Gitem/s │ 109.9 Mitem/s │ 1.313 Gitem/s │ 1.292 Gitem/s │         │
2026-09-22T18:42:02.6704205Z ├─ neon::compare_float_neon         8.424 µs      │ 15.68 µs      │ 9.079 µs      │ 9.175 µs      │ 1000    │ 1000
2026-09-22T18:42:02.6704853Z │                                   972.3 Mitem/s │ 522.2 Mitem/s │ 902.2 Mitem/s │ 892.7 Mitem/s │         │
2026-09-22T18:42:02.7469245Z ├─ neon::compare_int_constant_neon  4.204 µs      │ 18.76 µs      │ 4.407 µs      │ 4.477 µs      │ 1000    │ 1000
2026-09-22T18:42:02.7470041Z │                                   1.948 Gitem/s │ 436.5 Mitem/s │ 1.858 Gitem/s │ 1.829 Gitem/s │         │
2026-09-22T18:42:02.8246887Z ├─ neon::compare_int_eq_neon        4.766 µs      │ 18.42 µs      │ 5.234 µs      │ 5.301 µs      │ 1000    │ 1000
2026-09-22T18:42:02.8247566Z │                                   1.718 Gitem/s │ 444.5 Mitem/s │ 1.564 Gitem/s │ 1.545 Gitem/s │         │
2026-09-22T18:42:02.9024745Z ├─ neon::compare_int_neon           4.759 µs      │ 11.37 µs      │ 5.232 µs      │ 5.28 µs       │ 1000    │ 1000
2026-09-22T18:42:02.9025404Z │                                   1.721 Gitem/s │ 720 Mitem/s   │ 1.565 Gitem/s │ 1.551 Gitem/s │         │
2026-09-22T18:42:02.9804618Z ├─ neon::compare_int_nullable_neon  5.166 µs      │ 19.1 µs       │ 5.622 µs      │ 5.729 µs      │ 1000    │ 1000
2026-09-22T18:42:02.9805271Z │                                   1.585 Gitem/s │ 428.7 Mitem/s │ 1.456 Gitem/s │ 1.429 Gitem/s │         │
2026-09-22T18:42:03.0568763Z ├─ neon::compare_u8_neon            3.896 µs      │ 9.389 µs      │ 4.058 µs      │ 4.135 µs      │ 1000    │ 1000
2026-09-22T18:42:03.0569393Z │                                   2.102 Gitem/s │ 872.4 Mitem/s │ 2.018 Gitem/s │ 1.981 Gitem/s │         │
2026-09-22T18:42:03.1346169Z ╰─ neon::compare_u64_neon           4.601 µs      │ 14.1 µs       │ 5.19 µs       │ 5.24 µs       │ 1000    │ 1000
2026-09-22T18:42:03.1346928Z                                     1.78 Gitem/s  │ 580.6 Mitem/s │ 1.578 Gitem/s │ 1.563 Gitem/s │         │
2026-09-22T18:42:03.1347291Z 
2026-09-22T18:42:03.1351755Z Done running compare
2026-09-22T18:42:03.1352092Z Running vortex-array row_fn_bool_retry
2026-09-22T18:42:03.1381542Z Timer precision: 29 ns
2026-09-22T18:42:03.1385456Z row_fn_bool_retry                          fastest       │ slowest       │ median        │ mean          │ samples │ iters
2026-09-22T18:42:03.1386166Z ├─ neon::multiversioned_neon                             │               │               │               │         │
2026-09-22T18:42:03.1386738Z │  ├─ 64                                                 │               │               │               │         │
2026-09-22T18:42:03.2151810Z │  │  ├─ (Columns, AllValid)               936.6 ns      │ 5.816 µs      │ 1.032 µs      │ 1.058 µs      │ 1000    │ 1000
2026-09-22T18:42:03.2152770Z │  │  │                                    68.33 Mitem/s │ 11 Mitem/s    │ 61.97 Mitem/s │ 60.44 Mitem/s │         │
2026-09-22T18:42:03.3039480Z │  │  ├─ (Columns, NullOnlyFailure)        14.03 µs      │ 24.3 µs       │ 14.72 µs      │ 15.1 µs       │ 1000    │ 1000
2026-09-22T18:42:03.3042846Z │  │  │                                    4.558 Mitem/s │ 2.632 Mitem/s │ 4.346 Mitem/s │ 4.237 Mitem/s │         │
2026-09-22T18:42:03.3886612Z │  │  ├─ (Columns, ObservableFailure)      11.98 µs      │ 27.22 µs      │ 12.24 µs      │ 12.37 µs      │ 1000    │ 1000
2026-09-22T18:42:03.3887760Z │  │  │                                    5.339 Mitem/s │ 2.35 Mitem/s  │ 5.224 Mitem/s │ 5.172 Mitem/s │         │
2026-09-22T18:42:03.4630362Z │  │  ├─ (Columns, PartialAccepted)        2.058 µs      │ 5.377 µs      │ 2.247 µs      │ 2.291 µs      │ 1000    │ 1000
2026-09-22T18:42:03.4631630Z │  │  │                                    31.08 Mitem/s │ 11.9 Mitem/s  │ 28.47 Mitem/s │ 27.92 Mitem/s │         │
2026-09-22T18:42:03.5369645Z │  │  ├─ (ConstantLhs, AllValid)           864.6 ns      │ 2.935 µs      │ 949.1 ns      │ 971.3 ns      │ 1000    │ 2000
2026-09-22T18:42:03.5370582Z │  │  │                                    74.02 Mitem/s │ 21.8 Mitem/s  │ 67.43 Mitem/s │ 65.89 Mitem/s │         │
2026-09-22T18:42:03.6264350Z │  │  ├─ (ConstantLhs, NullOnlyFailure)    13.96 µs      │ 22.94 µs      │ 14.65 µs      │ 15.12 µs      │ 1000    │ 1000
2026-09-22T18:42:03.6265398Z │  │  │                                    4.583 Mitem/s │ 2.789 Mitem/s │ 4.367 Mitem/s │ 4.231 Mitem/s │         │
2026-09-22T18:42:03.7109056Z │  │  ├─ (ConstantLhs, ObservableFailure)  11.91 µs      │ 18.29 µs      │ 12.21 µs      │ 12.38 µs      │ 1000    │ 1000
2026-09-22T18:42:03.7110206Z │  │  │                                    5.37 Mitem/s  │ 3.497 Mitem/s │ 5.237 Mitem/s │ 5.166 Mitem/s │         │
2026-09-22T18:42:03.7867802Z │  │  ├─ (ConstantLhs, PartialAccepted)    1.772 µs      │ 4.112 µs      │ 1.891 µs      │ 1.925 µs      │ 1000    │ 2000
2026-09-22T18:42:03.7871355Z │  │  │                                    36.1 Mitem/s  │ 15.56 Mitem/s │ 33.83 Mitem/s │ 33.24 Mitem/s │         │
2026-09-22T18:42:03.8627890Z │  │  ├─ (ConstantRhs, AllValid)           841.8 ns      │ 2.1 µs        │ 887.3 ns      │ 901 ns        │ 1000    │ 4000
2026-09-22T18:42:03.8628769Z │  │  │                                    76.02 Mitem/s │ 30.46 Mitem/s │ 72.12 Mitem/s │ 71.02 Mitem/s │         │
2026-09-22T18:42:03.9497542Z │  │  ├─ (ConstantRhs, NullOnlyFailure)    14.11 µs      │ 26.57 µs      │ 14.61 µs      │ 15 µs         │ 1000    │ 1000
2026-09-22T18:42:03.9500505Z │  │  │                                    4.534 Mitem/s │ 2.408 Mitem/s │ 4.38 Mitem/s  │ 4.266 Mitem/s │         │
2026-09-22T18:42:04.0345251Z │  │  ├─ (ConstantRhs, ObservableFailure)  11.91 µs      │ 17.82 µs      │ 12.22 µs      │ 12.38 µs      │ 1000    │ 1000
2026-09-22T18:42:04.0346491Z │  │  │                                    5.37 Mitem/s  │ 3.59 Mitem/s  │ 5.234 Mitem/s │ 5.167 Mitem/s │         │
2026-09-22T18:42:04.1106503Z │  │  ╰─ (ConstantRhs, PartialAccepted)    1.961 µs      │ 13.03 µs      │ 2.159 µs      │ 2.217 µs      │ 1000    │ 1000
2026-09-22T18:42:04.1107440Z │  │                                       32.62 Mitem/s │ 4.911 Mitem/s │ 29.63 Mitem/s │ 28.86 Mitem/s │         │
2026-09-22T18:42:04.1108636Z │  ╰─ 16384                                              │               │               │               │         │
2026-09-22T18:42:04.1941656Z │     ├─ (Columns, AllValid)               10.35 µs      │ 16.03 µs      │ 11.47 µs      │ 11.46 µs      │ 1000    │ 1000
2026-09-22T18:42:04.1942319Z │     │                                    1.582 Gitem/s │ 1.021 Gitem/s │ 1.427 Gitem/s │ 1.429 Gitem/s │         │
2026-09-22T18:42:04.3211235Z │     ├─ (Columns, NullOnlyFailure)        50.15 µs      │ 106.7 µs      │ 51.72 µs      │ 52.37 µs      │ 1000    │ 1000
2026-09-22T18:42:04.3211941Z │     │                                    326.6 Mitem/s │ 153.4 Mitem/s │ 316.7 Mitem/s │ 312.8 Mitem/s │         │
2026-09-22T18:42:04.4172717Z │     ├─ (Columns, ObservableFailure)      21.71 µs      │ 38.68 µs      │ 23.13 µs      │ 23.24 µs      │ 1000    │ 1000
2026-09-22T18:42:04.4173392Z │     │                                    754.3 Mitem/s │ 423.4 Mitem/s │ 708.2 Mitem/s │ 704.9 Mitem/s │         │
2026-09-22T18:42:04.5028348Z │     ├─ (Columns, PartialAccepted)        11.55 µs      │ 17.31 µs      │ 12.55 µs      │ 12.6 µs       │ 1000    │ 1000
2026-09-22T18:42:04.5029247Z │     │                                    1.418 Gitem/s │ 946.1 Mitem/s │ 1.305 Gitem/s │ 1.3 Gitem/s   │         │
2026-09-22T18:42:04.5828582Z │     ├─ (ConstantLhs, AllValid)           7.065 µs      │ 12.47 µs      │ 8.137 µs      │ 8.098 µs      │ 1000    │ 1000
2026-09-22T18:42:04.5829245Z │     │                                    2.318 Gitem/s │ 1.313 Gitem/s │ 2.013 Gitem/s │ 2.022 Gitem/s │         │
2026-09-22T18:42:04.7065817Z │     ├─ (ConstantLhs, NullOnlyFailure)    47.85 µs      │ 70.82 µs      │ 49.16 µs      │ 49.63 µs      │ 1000    │ 1000
2026-09-22T18:42:04.7066491Z │     │                                    342.3 Mitem/s │ 231.3 Mitem/s │ 333.2 Mitem/s │ 330.1 Mitem/s │         │
2026-09-22T18:42:04.7988519Z │     ├─ (ConstantLhs, ObservableFailure)  18.34 µs      │ 25.25 µs      │ 19.17 µs      │ 19.32 µs      │ 1000    │ 1000
2026-09-22T18:42:04.7989348Z │     │                                    893.2 Mitem/s │ 648.8 Mitem/s │ 854.5 Mitem/s │ 847.6 Mitem/s │         │
2026-09-22T18:42:04.8803257Z │     ├─ (ConstantLhs, PartialAccepted)    8.061 µs      │ 13.7 µs       │ 8.951 µs      │ 9.028 µs      │ 1000    │ 1000
2026-09-22T18:42:04.8804313Z │     │                                    2.032 Gitem/s │ 1.195 Gitem/s │ 1.83 Gitem/s  │ 1.814 Gitem/s │         │
2026-09-22T18:42:04.9602220Z │     ├─ (ConstantRhs, AllValid)           7.085 µs      │ 13.21 µs      │ 7.942 µs      │ 7.918 µs      │ 1000    │ 1000
2026-09-22T18:42:04.9602917Z │     │                                    2.312 Gitem/s │ 1.239 Gitem/s │ 2.062 Gitem/s │ 2.069 Gitem/s │         │
2026-09-22T18:42:05.0838759Z │     ├─ (ConstantRhs, NullOnlyFailure)    47.08 µs      │ 68.56 µs      │ 48.74 µs      │ 49.33 µs      │ 1000    │ 1000
2026-09-22T18:42:05.0839602Z │     │                                    347.9 Mitem/s │ 238.9 Mitem/s │ 336 Mitem/s   │ 332.1 Mitem/s │         │
2026-09-22T18:42:05.1761231Z │     ├─ (ConstantRhs, ObservableFailure)  18.24 µs      │ 35.11 µs      │ 19.01 µs      │ 19.21 µs      │ 1000    │ 1000
2026-09-22T18:42:05.1761914Z │     │                                    897.8 Mitem/s │ 466.5 Mitem/s │ 861.4 Mitem/s │ 852.5 Mitem/s │         │
2026-09-22T18:42:05.2577975Z │     ╰─ (ConstantRhs, PartialAccepted)    8.173 µs      │ 16.7 µs       │ 8.798 µs      │ 8.91 µs       │ 1000    │ 1000
2026-09-22T18:42:05.2579367Z │                                          2.004 Gitem/s │ 981 Mitem/s   │ 1.862 Gitem/s │ 1.838 Gitem/s │         │
2026-09-22T18:42:05.2580577Z ╰─ neon::plain_neon                                      │               │               │               │         │
2026-09-22T18:42:05.2581301Z    ├─ 64                                                 │               │               │               │         │
2026-09-22T18:42:05.3347275Z    │  ├─ (Columns, AllValid)               895.8 ns      │ 2.024 µs      │ 962.1 ns      │ 978.9 ns      │ 1000    │ 4000
2026-09-22T18:42:05.3350195Z    │  │                                    71.43 Mitem/s │ 31.61 Mitem/s │ 66.52 Mitem/s │ 65.37 Mitem/s │         │
2026-09-22T18:42:05.4235124Z    │  ├─ (Columns, NullOnlyFailure)        14.2 µs       │ 26.58 µs      │ 14.79 µs      │ 15.22 µs      │ 1000    │ 1000
2026-09-22T18:42:05.4236266Z    │  │                                    4.506 Mitem/s │ 2.407 Mitem/s │ 4.326 Mitem/s │ 4.203 Mitem/s │         │
2026-09-22T18:42:05.5080183Z    │  ├─ (Columns, ObservableFailure)      12.12 µs      │ 18.27 µs      │ 12.4 µs       │ 12.54 µs      │ 1000    │ 1000
2026-09-22T18:42:05.5081460Z    │  │                                    5.278 Mitem/s │ 3.501 Mitem/s │ 5.158 Mitem/s │ 5.101 Mitem/s │         │
2026-09-22T18:42:05.5824283Z    │  ├─ (Columns, PartialAccepted)        2.107 µs      │ 6.398 µs      │ 2.274 µs      │ 2.316 µs      │ 1000    │ 1000
2026-09-22T18:42:05.5825275Z    │  │                                    30.36 Mitem/s │ 10 Mitem/s    │ 28.13 Mitem/s │ 27.62 Mitem/s │         │
2026-09-22T18:42:05.6595197Z    │  ├─ (ConstantLhs, AllValid)           868.8 ns      │ 2.216 µs      │ 924.6 ns      │ 939 ns        │ 1000    │ 4000
2026-09-22T18:42:05.6596139Z    │  │                                    73.65 Mitem/s │ 28.87 Mitem/s │ 69.21 Mitem/s │ 68.15 Mitem/s │         │
2026-09-22T18:42:05.7478703Z    │  ├─ (ConstantLhs, NullOnlyFailure)    14.14 µs      │ 44.57 µs      │ 14.74 µs      │ 15.23 µs      │ 1000    │ 1000
2026-09-22T18:42:05.7480226Z    │  │                                    4.524 Mitem/s │ 1.435 Mitem/s │ 4.341 Mitem/s │ 4.201 Mitem/s │         │
2026-09-22T18:42:05.8333509Z    │  ├─ (ConstantLhs, ObservableFailure)  12.15 µs      │ 18.45 µs      │ 12.41 µs      │ 12.51 µs      │ 1000    │ 1000
2026-09-22T18:42:05.8334609Z    │  │                                    5.265 Mitem/s │ 3.467 Mitem/s │ 5.155 Mitem/s │ 5.113 Mitem/s │         │
2026-09-22T18:42:05.9080043Z    │  ├─ (ConstantLhs, PartialAccepted)    2.006 µs      │ 7.281 µs      │ 2.17 µs       │ 2.212 µs      │ 1000    │ 1000
2026-09-22T18:42:05.9083708Z    │  │                                    31.89 Mitem/s │ 8.789 Mitem/s │ 29.48 Mitem/s │ 28.92 Mitem/s │         │
2026-09-22T18:42:05.9839565Z    │  ├─ (ConstantRhs, AllValid)           863.6 ns      │ 1.88 µs       │ 920.6 ns      │ 933.6 ns      │ 1000    │ 4000
2026-09-22T18:42:05.9840516Z    │  │                                    74.1 Mitem/s  │ 34.02 Mitem/s │ 69.51 Mitem/s │ 68.54 Mitem/s │         │
2026-09-22T18:42:06.0726172Z    │  ├─ (ConstantRhs, NullOnlyFailure)    14.13 µs      │ 21.21 µs      │ 14.68 µs      │ 15.11 µs      │ 1000    │ 1000
2026-09-22T18:42:06.0727599Z    │  │                                    4.528 Mitem/s │ 3.016 Mitem/s │ 4.359 Mitem/s │ 4.234 Mitem/s │         │
2026-09-22T18:42:06.1558419Z    │  ├─ (ConstantRhs, ObservableFailure)  12.11 µs      │ 18.22 µs      │ 12.41 µs      │ 12.53 µs      │ 1000    │ 1000
2026-09-22T18:42:06.1559715Z    │  │                                    5.282 Mitem/s │ 3.511 Mitem/s │ 5.155 Mitem/s │ 5.106 Mitem/s │         │
2026-09-22T18:42:06.2320938Z    │  ╰─ (ConstantRhs, PartialAccepted)    1.967 µs      │ 8.465 µs      │ 2.225 µs      │ 2.264 µs      │ 1000    │ 1000
2026-09-22T18:42:06.2321620Z    │                                       32.52 Mitem/s │ 7.559 Mitem/s │ 28.75 Mitem/s │ 28.26 Mitem/s │         │
2026-09-22T18:42:06.2322170Z    ╰─ 16384                                              │               │               │               │         │
2026-09-22T18:42:06.3137094Z       ├─ (Columns, AllValid)               8.831 µs      │ 14.77 µs      │ 9.438 µs      │ 9.684 µs      │ 1000    │ 1000
2026-09-22T18:42:06.3137752Z       │                                    1.855 Gitem/s │ 1.108 Gitem/s │ 1.735 Gitem/s │ 1.691 Gitem/s │         │
2026-09-22T18:42:06.4438339Z       ├─ (Columns, NullOnlyFailure)        48.56 µs      │ 66.12 µs      │ 50.74 µs      │ 51.32 µs      │ 1000    │ 1000
2026-09-22T18:42:06.4439276Z       │                                    337.3 Mitem/s │ 247.7 Mitem/s │ 322.8 Mitem/s │ 319.2 Mitem/s │         │
2026-09-22T18:42:06.5384009Z       ├─ (Columns, ObservableFailure)      20.13 µs      │ 28.72 µs      │ 21.43 µs      │ 21.5 µs       │ 1000    │ 1000
2026-09-22T18:42:06.5384771Z       │                                    813.5 Mitem/s │ 570.3 Mitem/s │ 764.4 Mitem/s │ 761.9 Mitem/s │         │
2026-09-22T18:42:06.6223734Z       ├─ (Columns, PartialAccepted)        9.911 µs      │ 18.02 µs      │ 10.99 µs      │ 11.12 µs      │ 1000    │ 1000
2026-09-22T18:42:06.6224817Z       │                                    1.653 Gitem/s │ 908.7 Mitem/s │ 1.49 Gitem/s  │ 1.472 Gitem/s │         │
2026-09-22T18:42:06.7029548Z       ├─ (ConstantLhs, AllValid)           7.172 µs      │ 14.75 µs      │ 8.26 µs       │ 8.224 µs      │ 1000    │ 1000
2026-09-22T18:42:06.7030212Z       │                                    2.284 Gitem/s │ 1.11 Gitem/s  │ 1.983 Gitem/s │ 1.992 Gitem/s │         │
2026-09-22T18:42:06.8267278Z       ├─ (ConstantLhs, NullOnlyFailure)    47.74 µs      │ 56.93 µs      │ 49.12 µs      │ 49.62 µs      │ 1000    │ 1000
2026-09-22T18:42:06.8268088Z       │                                    343.1 Mitem/s │ 287.7 Mitem/s │ 333.5 Mitem/s │ 330.1 Mitem/s │         │
2026-09-22T18:42:06.9193210Z       ├─ (ConstantLhs, ObservableFailure)  18.3 µs       │ 24.71 µs      │ 19.16 µs      │ 19.42 µs      │ 1000    │ 1000
2026-09-22T18:42:06.9194129Z       │                                    894.9 Mitem/s │ 662.8 Mitem/s │ 854.8 Mitem/s │ 843.3 Mitem/s │         │
2026-09-22T18:42:07.0009921Z       ├─ (ConstantLhs, PartialAccepted)    8.127 µs      │ 14.29 µs      │ 9.195 µs      │ 9.246 µs      │ 1000    │ 1000
2026-09-22T18:42:07.0010925Z       │                                    2.015 Gitem/s │ 1.146 Gitem/s │ 1.781 Gitem/s │ 1.771 Gitem/s │         │
2026-09-22T18:42:07.0809033Z       ├─ (ConstantRhs, AllValid)           6.707 µs      │ 17.87 µs      │ 7.622 µs      │ 7.645 µs      │ 1000    │ 1000
2026-09-22T18:42:07.0809753Z       │                                    2.442 Gitem/s │ 916.6 Mitem/s │ 2.149 Gitem/s │ 2.142 Gitem/s │         │
2026-09-22T18:42:07.2037989Z       ├─ (ConstantRhs, NullOnlyFailure)    46.84 µs      │ 65.38 µs      │ 48.24 µs      │ 48.8 µs       │ 1000    │ 1000
2026-09-22T18:42:07.2039020Z       │                                    349.7 Mitem/s │ 250.5 Mitem/s │ 339.5 Mitem/s │ 335.6 Mitem/s │         │
2026-09-22T18:42:07.2959310Z       ├─ (ConstantRhs, ObservableFailure)  17.8 µs       │ 25.16 µs      │ 18.8 µs       │ 18.97 µs      │ 1000    │ 1000
2026-09-22T18:42:07.2960219Z       │                                    920 Mitem/s   │ 650.9 Mitem/s │ 871.3 Mitem/s │ 863.3 Mitem/s │         │
2026-09-22T18:42:07.3784373Z       ╰─ (ConstantRhs, PartialAccepted)    7.716 µs      │ 13.44 µs      │ 8.617 µs      │ 8.677 µs      │ 1000    │ 1000
2026-09-22T18:42:07.3785452Z                                            2.123 Gitem/s │ 1.218 Gitem/s │ 1.901 Gitem/s │ 1.888 Gitem/s │         │
2026-09-22T18:42:07.3786058Z 
2026-09-22T18:42:07.3790333Z Done running row_fn_bool_retry
2026-09-22T18:42:07.3791076Z Running vortex-array binary_ops
2026-09-22T18:42:07.3821237Z Timer precision: 30 ns
2026-09-22T18:42:07.3821695Z binary_ops                             fastest       │ slowest       │ median        │ mean          │ samples │ iters
2026-09-22T18:42:07.3827009Z ├─ neon::add_constant_shapes_neon                    │               │               │               │         │
2026-09-22T18:42:07.4777526Z │  ├─ (32768, ConstantPerRow)          16.4 µs       │ 92.67 µs      │ 17.43 µs      │ 17.65 µs      │ 1000    │ 1000
2026-09-22T18:42:07.4779058Z │  │                                   1.997 Gitem/s │ 353.5 Mitem/s │ 1.879 Gitem/s │ 1.856 Gitem/s │         │
2026-09-22T18:42:07.5674084Z │  ├─ (32768, PerRowConstant)          16.33 µs      │ 24.4 µs       │ 17.27 µs      │ 17.38 µs      │ 1000    │ 1000
2026-09-22T18:42:07.5675144Z │  │                                   2.006 Gitem/s │ 1.342 Gitem/s │ 1.897 Gitem/s │ 1.884 Gitem/s │         │
2026-09-22T18:42:07.6625847Z │  ╰─ (32768, PerRowNullableConstant)  17.22 µs      │ 32.24 µs      │ 18.11 µs      │ 18.3 µs       │ 1000    │ 1000
2026-09-22T18:42:07.6626534Z │                                      1.902 Gitem/s │ 1.016 Gitem/s │ 1.808 Gitem/s │ 1.79 Gitem/s  │         │
2026-09-22T18:42:07.7548525Z ├─ neon::add_i32_nonnull_neon          17.64 µs      │ 27.26 µs      │ 18.67 µs      │ 19.05 µs      │ 1000    │ 1000
2026-09-22T18:42:07.7549398Z │                                      3.715 Gitem/s │ 2.403 Gitem/s │ 3.508 Gitem/s │ 3.439 Gitem/s │         │
2026-09-22T18:42:07.8467343Z ├─ neon::add_i64_nonnull_neon          17.31 µs      │ 27.94 µs      │ 18.68 µs      │ 18.94 µs      │ 1000    │ 1000
2026-09-22T18:42:07.8468013Z │                                      1.891 Gitem/s │ 1.172 Gitem/s │ 1.754 Gitem/s │ 1.729 Gitem/s │         │
2026-09-22T18:42:07.9424776Z ├─ neon::add_i64_nullable_neon         19.49 µs      │ 57.12 µs      │ 21.46 µs      │ 21.83 µs      │ 1000    │ 1000
2026-09-22T18:42:07.9425671Z │                                      1.68 Gitem/s  │ 573.5 Mitem/s │ 1.526 Gitem/s │ 1.5 Gitem/s   │         │
2026-09-22T18:42:07.9426540Z ├─ neon::add_shapes_neon                             │               │               │               │         │
2026-09-22T18:42:08.0364059Z │  ╰─ (32768, PerRowPerRow)            17.64 µs      │ 27.43 µs      │ 18.69 µs      │ 19.05 µs      │ 1000    │ 1000
2026-09-22T18:42:08.0364715Z │                                      1.857 Gitem/s │ 1.194 Gitem/s │ 1.752 Gitem/s │ 1.719 Gitem/s │         │
2026-09-22T18:42:08.1241903Z ├─ neon::add_u32_nonnull_neon          13.4 µs       │ 22.95 µs      │ 14.3 µs       │ 14.75 µs      │ 1000    │ 1000
2026-09-22T18:42:08.1242700Z │                                      4.89 Gitem/s  │ 2.854 Gitem/s │ 4.581 Gitem/s │ 4.441 Gitem/s │         │
2026-09-22T18:42:08.3021864Z ├─ neon::div_i64_nonnull_neon          102.7 µs      │ 121.9 µs      │ 103.2 µs      │ 104.3 µs      │ 1000    │ 1000
2026-09-22T18:42:08.3022779Z │                                      318.9 Mitem/s │ 268.6 Mitem/s │ 317.4 Mitem/s │ 314.1 Mitem/s │         │
2026-09-22T18:42:08.4412517Z ├─ neon::div_i64_nullable_neon         61.48 µs      │ 115.1 µs      │ 62.81 µs      │ 63.97 µs      │ 1000    │ 1000
2026-09-22T18:42:08.4413375Z │                                      532.9 Mitem/s │ 284.5 Mitem/s │ 521.6 Mitem/s │ 512.1 Mitem/s │         │
2026-09-22T18:42:08.5180291Z ├─ neon::lt_i64_nullable_neon          3.657 µs      │ 30.86 µs      │ 3.892 µs      │ 4.029 µs      │ 1000    │ 1000
2026-09-22T18:42:08.5181503Z │                                      1.119 Gitem/s │ 132.7 Mitem/s │ 1.052 Gitem/s │ 1.016 Gitem/s │         │
2026-09-22T18:42:08.6234673Z ├─ neon::mul_i8_nonnull_neon           25.53 µs      │ 41.7 µs       │ 26.84 µs      │ 27.24 µs      │ 1000    │ 1000
2026-09-22T18:42:08.6235333Z │                                      10.26 Gitem/s │ 6.285 Gitem/s │ 9.763 Gitem/s │ 9.622 Gitem/s │         │
2026-09-22T18:42:08.7224885Z ├─ neon::mul_i16_nonnull_neon          24.04 µs      │ 34.66 µs      │ 25.13 µs      │ 25.47 µs      │ 1000    │ 1000
2026-09-22T18:42:08.7225566Z │                                      5.451 Gitem/s │ 3.78 Gitem/s  │ 5.214 Gitem/s │ 5.146 Gitem/s │         │
2026-09-22T18:42:08.8201783Z ├─ neon::mul_i32_nonnull_neon          23.48 µs      │ 34.2 µs       │ 24.47 µs      │ 24.85 µs      │ 1000    │ 1000
2026-09-22T18:42:08.8202486Z │                                      2.79 Gitem/s  │ 1.915 Gitem/s │ 2.677 Gitem/s │ 2.636 Gitem/s │         │
2026-09-22T18:42:08.9227026Z ├─ neon::mul_i32_nullable_neon         26.03 µs      │ 40.34 µs      │ 27.23 µs      │ 27.77 µs      │ 1000    │ 1000
2026-09-22T18:42:08.9227674Z │                                      2.517 Gitem/s │ 1.624 Gitem/s │ 2.406 Gitem/s │ 2.359 Gitem/s │         │
2026-09-22T18:42:09.0355917Z ├─ neon::mul_i64_nonnull_neon          38.65 µs      │ 47.89 µs      │ 39.05 µs      │ 39.52 µs      │ 1000    │ 1000
2026-09-22T18:42:09.0356705Z │                                      847.6 Mitem/s │ 684.1 Mitem/s │ 839.1 Mitem/s │ 829 Mitem/s   │         │
2026-09-22T18:42:09.1308826Z ├─ neon::mul_u8_nonnull_neon           18.56 µs      │ 37.47 µs      │ 20.52 µs      │ 20.84 µs      │ 1000    │ 1000
2026-09-22T18:42:09.1309470Z │                                      14.12 Gitem/s │ 6.995 Gitem/s │ 12.77 Gitem/s │ 12.57 Gitem/s │         │
2026-09-22T18:42:09.2264264Z ├─ neon::mul_u16_nonnull_neon          17.78 µs      │ 35.93 µs      │ 19.01 µs      │ 19.24 µs      │ 1000    │ 1000
2026-09-22T18:42:09.2266233Z │                                      7.369 Gitem/s │ 3.647 Gitem/s │ 6.893 Gitem/s │ 6.811 Gitem/s │         │
2026-09-22T18:42:09.3296641Z ├─ neon::mul_u32_nonnull_neon          17.93 µs      │ 39.99 µs      │ 19.18 µs      │ 19.45 µs      │ 1000    │ 1000
2026-09-22T18:42:09.3297450Z │                                      3.654 Gitem/s │ 1.638 Gitem/s │ 3.415 Gitem/s │ 3.368 Gitem/s │         │
2026-09-22T18:42:09.4684788Z ├─ neon::mul_u64_nonnull_neon          39.94 µs      │ 57.62 µs      │ 41.21 µs      │ 41.8 µs       │ 1000    │ 1000
2026-09-22T18:42:09.4686784Z │                                      820.4 Mitem/s │ 568.6 Mitem/s │ 794.9 Mitem/s │ 783.8 Mitem/s │         │
2026-09-22T18:42:09.4687420Z ├─ neon::multiply_shapes_neon                        │               │               │               │         │
2026-09-22T18:42:09.6045576Z │  ╰─ (32768, PerRowPerRow)            38.53 µs      │ 76.16 µs      │ 38.96 µs      │ 39.56 µs      │ 1000    │ 1000
2026-09-22T18:42:09.6046892Z │                                      850.3 Mitem/s │ 430.2 Mitem/s │ 840.9 Mitem/s │ 828.2 Mitem/s │         │
2026-09-22T18:42:09.6047816Z ╰─ neon::subtract_shapes_neon                        │               │               │               │         │
2026-09-22T18:42:09.7141015Z    ╰─ (32768, PerRowPerRow)            17.89 µs      │ 30.02 µs      │ 19.27 µs      │ 19.56 µs      │ 1000    │ 1000
2026-09-22T18:42:09.7146068Z                                        1.83 Gitem/s  │ 1.091 Gitem/s │ 1.7 Gitem/s   │ 1.674 Gitem/s │         │
2026-09-22T18:42:09.7146471Z 
2026-09-22T18:42:09.7147541Z Done running binary_ops
2026-09-22T18:42:09.7147991Z Running vortex-array scalar_subtract
2026-09-22T18:42:09.7178044Z Timer precision: 29 ns
2026-09-22T18:42:09.7178526Z scalar_subtract                fastest       │ slowest       │ median        │ mean          │ samples │ iters
2026-09-22T18:42:09.8202186Z ╰─ neon::scalar_subtract_neon  12.24 µs      │ 113.8 µs      │ 13.14 µs      │ 13.56 µs      │ 1000    │ 1000
2026-09-22T18:42:09.8202909Z 
2026-09-22T18:42:09.8207657Z Done running scalar_subtract
2026-09-22T18:42:09.8208205Z Running vortex-buffer collect_bool
2026-09-22T18:42:09.8232343Z Timer precision: 29 ns
2026-09-22T18:42:09.8232828Z collect_bool                         fastest       │ slowest       │ median        │ mean          │ samples │ iters
2026-09-22T18:42:09.8233555Z ╰─ neon::words_gather_dispatch_neon                │               │               │               │         │
2026-09-22T18:42:09.9056205Z    ├─ 65536                          2.244 µs      │ 6.677 µs      │ 2.297 µs      │ 2.316 µs      │ 1000    │ 1000
2026-09-22T18:42:10.0208225Z    ╰─ 1048576                        29.78 µs      │ 38.1 µs       │ 30.56 µs      │ 30.74 µs      │ 1000    │ 1000
2026-09-22T18:42:10.0208721Z Done running collect_bool
2026-09-22T18:42:10.0210021Z Running vortex-compute lane_kernels
2026-09-22T18:42:10.0210235Z 
2026-09-22T18:42:10.0235569Z Timer precision: 30 ns
2026-09-22T18:42:10.0236095Z lane_kernels                           fastest       │ slowest       │ median        │ mean          │ samples │ iters
2026-09-22T18:42:10.0237274Z ╰─ neon::lanezip_checked_add_u32_neon                │               │               │               │         │
2026-09-22T18:42:10.1273584Z    ╰─ 65536                            21.46 µs      │ 29.79 µs      │ 22.61 µs      │ 22.7 µs       │ 1000    │ 1000
2026-09-22T18:42:10.1273954Z 
2026-09-22T18:42:10.1278846Z Done running lane_kernels
2026-09-22T18:42:10.1279299Z Running vortex-decimal-byte-parts dbp_assemble
2026-09-22T18:42:10.1305779Z Timer precision: 29 ns
2026-09-22T18:42:10.1306809Z dbp_assemble                                  fastest       │ slowest       │ median        │ mean          │ samples │ iters
2026-09-22T18:42:10.1307546Z ├─ neon::dbp_assemble_kernel_narrow_msp_neon                │               │               │               │         │
2026-09-22T18:42:10.2103804Z │  ├─ (I128, 1024)                            482.8 ns      │ 934.3 ns      │ 495.6 ns      │ 500.6 ns      │ 1000    │ 8000
2026-09-22T18:42:10.2852053Z │  ├─ (I128, 8192)                            3.822 µs      │ 7.465 µs      │ 4.17 µs       │ 4.181 µs      │ 1000    │ 1000
2026-09-22T18:42:10.3582222Z │  ├─ (I256, 1024)                            956.6 ns      │ 5.607 µs      │ 992.6 ns      │ 1.02 µs       │ 1000    │ 1000
2026-09-22T18:42:10.4375954Z │  ╰─ (I256, 8192)                            6.727 µs      │ 12.38 µs      │ 6.864 µs      │ 6.985 µs      │ 1000    │ 1000
2026-09-22T18:42:10.4376658Z ╰─ neon::dbp_assemble_kernel_neon                           │               │               │               │         │
2026-09-22T18:42:10.5132219Z    ├─ (I128, 1024)                            408.3 ns      │ 1.006 µs      │ 458.7 ns      │ 460.6 ns      │ 1000    │ 8000
2026-09-22T18:42:10.5884654Z    ├─ (I128, 8192)                            3.474 µs      │ 9.569 µs      │ 4.12 µs       │ 4.06 µs       │ 1000    │ 1000
2026-09-22T18:42:10.6632804Z    ├─ (I256, 1024)                            909.6 ns      │ 2.09 µs       │ 926.8 ns      │ 941.1 ns      │ 1000    │ 4000
2026-09-22T18:42:10.7435221Z    ╰─ (I256, 8192)                            6.847 µs      │ 12.42 µs      │ 7.014 µs      │ 7.153 µs      │ 1000    │ 1000
2026-09-22T18:42:10.7435739Z 
2026-09-22T18:42:10.7440835Z Done running dbp_assemble
2026-09-22T18:42:10.7441215Z Running vortex-decimal-byte-parts dbp_split
2026-09-22T18:42:10.7468165Z Timer precision: 29 ns
2026-09-22T18:42:10.7495954Z dbp_split                                  fastest       │ slowest       │ median        │ mean          │ samples │ iters
2026-09-22T18:42:10.7498589Z ├─ neon::dbp_split_kernel_all_valid_neon                 │               │               │               │         │
2026-09-22T18:42:10.8260069Z │  ├─ (I128, 1024)                         556.1 ns      │ 2.071 µs      │ 584.8 ns      │ 592.3 ns      │ 1000    │ 4000
2026-09-22T18:42:10.9028394Z │  ├─ (I128, 8192)                         3.216 µs      │ 7.808 µs      │ 3.575 µs      │ 3.59 µs       │ 1000    │ 1000
2026-09-22T18:42:10.9761693Z │  ├─ (I256, 1024)                         1.427 µs      │ 5.786 µs      │ 1.496 µs      │ 1.527 µs      │ 1000    │ 1000
2026-09-22T18:42:11.0580757Z │  ╰─ (I256, 8192)                         8.161 µs      │ 14.23 µs      │ 9.175 µs      │ 9.208 µs      │ 1000    │ 1000
2026-09-22T18:42:11.0581649Z ╰─ neon::dbp_split_kernel_mixed_null_neon                │               │               │               │         │
2026-09-22T18:42:11.1364095Z    ├─ (I128, 1024)                         1.219 µs      │ 2.012 µs      │ 1.249 µs      │ 1.265 µs      │ 1000    │ 4000
2026-09-22T18:42:11.2167849Z    ├─ (I128, 8192)                         7.897 µs      │ 14.44 µs      │ 8.473 µs      │ 8.521 µs      │ 1000    │ 1000
2026-09-22T18:42:11.2890228Z    ├─ (I256, 1024)                         2.168 µs      │ 15.98 µs      │ 2.275 µs      │ 2.318 µs      │ 1000    │ 1000
2026-09-22T18:42:11.3729605Z    ╰─ (I256, 8192)                         12 µs         │ 18.46 µs      │ 13.01 µs      │ 13.13 µs      │ 1000    │ 1000
2026-09-22T18:42:11.3730038Z 
2026-09-22T18:42:11.3735492Z Done running dbp_split
2026-09-22T18:42:11.3735790Z Finished running 10 benchmark suite(s)
2026-09-22T18:42:11.5799638Z Symbolicating...
2026-09-22T18:42:14.4403694Z ##[endgroup]
2026-09-22T18:42:14.4406130Z ##[group]Uploading results
2026-09-22T18:42:18.5527060Z Performance data uploaded
2026-09-22T18:42:18.5527803Z Linked repository: vortex-data/vortex
2026-09-22T18:42:18.5530023Z ##[endgroup]
2026-09-22T18:42:18.5563439Z ##[end-action id=__CodSpeedHQ_action.__run_2;outcome=success;conclusion=success;duration_ms=25227]
2026-09-22T18:42:18.5734038Z Post job cleanup.
2026-09-22T18:42:18.5737563Z ##[start-action display=Cache CodSpeed instruments;id=__981d9554-2474-445c-8fe8-545e52170f56.__actions_cache]
2026-09-22T18:42:18.5772953Z Post job cleanup.
2026-09-22T18:42:18.7015939Z [warning]Path Validation Error: Path(s) specified in the action for caching do(es) not exist, hence no cache is being saved.
2026-09-22T18:42:18.7068532Z ##[end-action id=__981d9554-2474-445c-8fe8-545e52170f56.__actions_cache;outcome=success;conclusion=success;duration_ms=132]
2026-09-22T18:42:18.7221892Z Post job cleanup.
2026-09-22T18:42:18.7225015Z ##[start-action display=Restore Cache;id=__d374b650-f492-4e8c-b1c6-1cc85e6bc6b0.cache]
2026-09-22T18:42:18.7259847Z Post job cleanup.
2026-09-22T18:42:18.8450877Z Cache hit occurred on the primary key cargo-codspeed-5.0.2-aarch64-linux-gnu-2.39-features-default-no-default-features-false-all-features-false, not saving cache.
2026-09-22T18:42:18.8506761Z ##[end-action id=__d374b650-f492-4e8c-b1c6-1cc85e6bc6b0.cache;outcome=success;conclusion=success;duration_ms=128]
2026-09-22T18:42:18.8659599Z Post job cleanup.
2026-09-22T18:42:18.8726659Z Post job cleanup.
2026-09-22T18:42:18.9512104Z [command]/usr/bin/git version
2026-09-22T18:42:18.9558763Z git version 2.55.0
2026-09-22T18:42:18.9591158Z Temporarily overriding HOME='/home/runner/_work/_temp/c4c59baf-9cd2-4b23-bd2c-8c8fb624446c' before making global git config changes
2026-09-22T18:42:18.9592485Z Adding repository directory to the temporary git global config as a safe directory
2026-09-22T18:42:18.9606311Z [command]/usr/bin/git config --global --add safe.directory /home/runner/_work/vortex/vortex
2026-09-22T18:42:18.9645403Z Removing SSH command configuration
2026-09-22T18:42:18.9651810Z [command]/usr/bin/git config --local --name-only --get-regexp core\.sshCommand
2026-09-22T18:42:18.9685373Z [command]/usr/bin/git submodule foreach --recursive sh -c "git config --local --name-only --get-regexp 'core\.sshCommand' && git config --local --unset-all 'core.sshCommand' || :"
2026-09-22T18:42:18.9867049Z Removing HTTP extra header
2026-09-22T18:42:18.9872280Z [command]/usr/bin/git config --local --name-only --get-regexp http\.https\:\/\/github\.com\/\.extraheader
2026-09-22T18:42:18.9903958Z [command]/usr/bin/git submodule foreach --recursive sh -c "git config --local --name-only --get-regexp 'http\.https\:\/\/github\.com\/\.extraheader' && git config --local --unset-all 'http.https://github.com/.extraheader' || :"
2026-09-22T18:42:19.0084643Z Removing includeIf entries pointing to credentials config files
2026-09-22T18:42:19.0092308Z [command]/usr/bin/git config --local --name-only --get-regexp ^includeIf\.gitdir:
2026-09-22T18:42:19.0111837Z includeif.gitdir:/home/runner/_work/vortex/vortex/.git.path
2026-09-22T18:42:19.0112519Z includeif.gitdir:/home/runner/_work/vortex/vortex/.git/worktrees/*.path
2026-09-22T18:42:19.0118397Z includeif.gitdir:/github/workspace/.git.path
2026-09-22T18:42:19.0119032Z includeif.gitdir:/github/workspace/.git/worktrees/*.path
2026-09-22T18:42:19.0122231Z [command]/usr/bin/git config --local --get-all includeif.gitdir:/home/runner/_work/vortex/vortex/.git.path
2026-09-22T18:42:19.0145100Z /home/runner/_work/_temp/git-credentials-e5d9f331-c0ae-413b-b414-ef44cb5f77e9.config
2026-09-22T18:42:19.0158206Z [command]/usr/bin/git config --local --unset includeif.gitdir:/home/runner/_work/vortex/vortex/.git.path \/home\/runner\/_work\/_temp\/git\-credentials\-e5d9f331\-c0ae\-413b\-b414\-ef44cb5f77e9\.config
2026-09-22T18:42:19.0207298Z [command]/usr/bin/git config --local --get-all includeif.gitdir:/home/runner/_work/vortex/vortex/.git/worktrees/*.path
2026-09-22T18:42:19.0219492Z /home/runner/_work/_temp/git-credentials-e5d9f331-c0ae-413b-b414-ef44cb5f77e9.config
2026-09-22T18:42:19.0231318Z [command]/usr/bin/git config --local --unset includeif.gitdir:/home/runner/_work/vortex/vortex/.git/worktrees/*.path \/home\/runner\/_work\/_temp\/git\-credentials\-e5d9f331\-c0ae\-413b\-b414\-ef44cb5f77e9\.config
2026-09-22T18:42:19.0272115Z [command]/usr/bin/git config --local --get-all includeif.gitdir:/github/workspace/.git.path
2026-09-22T18:42:19.0290004Z /github/runner_temp/git-credentials-e5d9f331-c0ae-413b-b414-ef44cb5f77e9.config
2026-09-22T18:42:19.0305940Z [command]/usr/bin/git config --local --unset includeif.gitdir:/github/workspace/.git.path \/github\/runner_temp\/git\-credentials\-e5d9f331\-c0ae\-413b\-b414\-ef44cb5f77e9\.config
2026-09-22T18:42:19.0326502Z [command]/usr/bin/git config --local --get-all includeif.gitdir:/github/workspace/.git/worktrees/*.path
2026-09-22T18:42:19.0354383Z /github/runner_temp/git-credentials-e5d9f331-c0ae-413b-b414-ef44cb5f77e9.config
2026-09-22T18:42:19.0357460Z [command]/usr/bin/git config --local --unset includeif.gitdir:/github/workspace/.git/worktrees/*.path \/github\/runner_temp\/git\-credentials\-e5d9f331\-c0ae\-413b\-b414\-ef44cb5f77e9\.config
2026-09-22T18:42:19.0397311Z [command]/usr/bin/git submodule foreach --recursive git config --local --show-origin --name-only --get-regexp remote.origin.url
2026-09-22T18:42:19.0564213Z Removing credentials config '/home/runner/_work/_temp/git-credentials-e5d9f331-c0ae-413b-b414-ef44cb5f77e9.config'
2026-09-22T18:42:19.0703935Z Post job cleanup.
2026-09-22T18:42:19.1377901Z Running post-execution phase...
2026-09-22T18:42:19.1378781Z Input 'show_env': false
2026-09-22T18:42:19.1379236Z Input 'show_costs': inline
2026-09-22T18:42:19.1380552Z Input 'metrics': []
2026-09-22T18:42:19.1381185Z Input 'network_interface': enp39s0
2026-09-22T18:42:19.1381730Z Input 'disk_device': nvme0n1p1
2026-09-22T18:42:19.1382173Z Input 'sccache': 
2026-09-22T18:42:19.1382567Z Input 'sticky_cache': []
2026-09-22T18:42:19.1382998Z Input 'sticky_wait_timeout': 15m0s
2026-09-22T18:42:19.1383657Z ZCTIONS_RESULTS_URL is set: https://results-receiver.actions.githubusercontent.com/
2026-09-22T18:42:19.1384703Z ZCTIONS_CACHE_URL is set: https://acghubeus1.actions.githubusercontent.com/XtqVEj2MXQCbzj6x6n8CMomnIjyhqqRNuSgameoSnKmgcNZw2F/
2026-09-22T18:42:19.1385561Z ACTIONS_RUNTIME_TOKEN is set.
2026-09-22T18:42:19.1858458Z Mapped zone name us-east-1a to zone ID use1-az6
2026-09-22T18:42:19.4875035Z ## Execution Cost Summary
2026-09-22T18:42:19.4875669Z 
2026-09-22T18:42:19.4876014Z | metric                 | value           |
2026-09-22T18:42:19.4876530Z | ---------------------- | --------------- |
2026-09-22T18:42:19.4877016Z | Instance Type          | c7g.metal       |
2026-09-22T18:42:19.4877518Z | Instance Lifecycle     | on-demand       |
2026-09-22T18:42:19.4877994Z | Region                 | us-east-1       |
2026-09-22T18:42:19.4878457Z | Platform               | Linux/UNIX      |
2026-09-22T18:42:19.4878928Z | Arch                   | arm64           |
2026-09-22T18:42:19.4879380Z | Az                     | us-east-1a      |
2026-09-22T18:42:19.4879832Z | Zone ID                | use1-az6        |
2026-09-22T18:42:19.4880290Z | Duration               | 1.74 minutes    |
2026-09-22T18:42:19.4880899Z | Cost                   | $0.0673         |
2026-09-22T18:42:19.4881362Z | GitHub equivalent cost | $0.1960         |
2026-09-22T18:42:19.4881817Z | Savings                | $0.1287 (65.7%) |
2026-09-22T18:42:19.4882172Z 
2026-09-22T18:42:19.4882586Z Post-execution phase finished.
2026-09-22T18:42:19.4933238Z A job completed hook has been configured by the self-hosted runner administrator
2026-09-22T18:42:19.4965718Z ##[group]Run '/runs-on/post.sh'
2026-09-22T18:42:19.4992442Z shell: /usr/bin/bash --noprofile --norc -e -o pipefail {0}
2026-09-22T18:42:19.4992808Z ##[endgroup]
2026-09-22T18:42:19.5035910Z Thanks for using RunsOn!
2026-09-22T18:42:19.5036532Z 
2026-09-22T18:42:19.5036872Z 📊 Job Metrics
2026-09-22T18:42:19.8301390Z Error visualizing metrics: failed to parse metrics file: error reading file: bufio.Scanner: token too long
2026-09-22T18:42:19.8320866Z Metrics visualization unavailable
2026-09-22T18:42:20.2431462Z 📤 metrics.jsonl uploaded (493354 bytes) to s3://runs-on-v3-s3bucketcache-dbnub4tpjhpv/cache/metrics/v1/vortex-data/vortex/35768386889/bench-codspeed-cpu-features/i-07ab1646b2bcece62/metrics.jsonl
2026-09-22T18:42:20.2543569Z Cleaning up orphan processes
