2026-09-22T18:36:39.8997721Z Current runner version: '2.336.0'
2026-09-22T18:36:39.9003961Z Runner name: 'runs-on--i-020d3df8d8e3c3455--fb09f200-7'
2026-09-22T18:36:39.9005108Z Runner group name: 'Default'
2026-09-22T18:36:39.9006216Z Machine name: 'ip-10-1-21-182'
2026-09-22T18:36:39.9025225Z ##[group]🏃 Runner details (c7g.metal, spot, v3.3.0)
2026-09-22T18:36:39.9027004Z ┌───────────────────┬─────────────────────────────────────────────────────────────────────────────────────────────────────────────────────────────────────────────────────┐
2026-09-22T18:36:39.9028401Z │       INFO        │                                                                        VALUE                                                                        │
2026-09-22T18:36:39.9029812Z ├───────────────────┼─────────────────────────────────────────────────────────────────────────────────────────────────────────────────────────────────────────────────────┤
2026-09-22T18:36:39.9031766Z │ Labels            │ [runs-on=35767877888/runner=bench-dedicated/family=c7g.metal/image=ubuntu24-full-arm64-pre-v2/extras=s3-cache/tag=bench-codspeed-cpu-features-neon] │
2026-09-22T18:36:39.9033719Z │ Extras            │ [s3-cache]                                                                                                                                          │
2026-09-22T18:36:39.9035048Z │ PrivateIp         │ 10.1.21.182                                                                                                                                         │
2026-09-22T18:36:39.9036663Z │ IsPrivate         │ false                                                                                                                                               │
2026-09-22T18:36:39.9038093Z │ Environment       │ production                                                                                                                                          │
2026-09-22T18:36:39.9039584Z │ StackName         │ runs-on-v3                                                                                                                                          │
2026-09-22T18:36:39.9041099Z │ Region            │ us-east-1                                                                                                                                           │
2026-09-22T18:36:39.9042636Z │ AvailabilityZone  │ us-east-1b                                                                                                                                          │
2026-09-22T18:36:39.9044006Z │ Version           │ v3.3.0                                                                                                                                              │
2026-09-22T18:36:39.9045475Z │ RunnerName        │ runs-on--i-020d3df8d8e3c3455--fb09f200-7                                                                                                            │
2026-09-22T18:36:39.9047447Z │ AssignmentId      │ fb09f200-7b64-40a6-aa2d-a56af2840ed5                                                                                                                │
2026-09-22T18:36:39.9049182Z │ BucketCacheName   │ runs-on-v3-s3bucketcache-dbnub4tpjhpv                                                                                                               │
2026-09-22T18:36:39.9050886Z │ InstanceId        │ i-020d3df8d8e3c3455                                                                                                                                 │
2026-09-22T18:36:39.9052411Z │ InstanceType      │ c7g.metal                                                                                                                                           │
2026-09-22T18:36:39.9053952Z │ InstanceLifecycle │ spot                                                                                                                                                │
2026-09-22T18:36:39.9055713Z │ InstanceRAM       │ 128527.63 MiB                                                                                                                                       │
2026-09-22T18:36:39.9057487Z │ InstanceCPU       │ 64 cores                                                                                                                                            │
2026-09-22T18:36:39.9058973Z │ InstanceDisk1     │ /=/dev/nvme0n1p1                                                                                                                                    │
2026-09-22T18:36:39.9060472Z │                   │ Free=81.24GiB Used=14.57GiB                                                                                                                         │
2026-09-22T18:36:39.9062017Z │ ImageId           │ ami-098c62767651982c5                                                                                                                               │
2026-09-22T18:36:39.9063591Z │ ImageName         │ vortex-ci-v2-arm64-20260831011845                                                                                                                   │
2026-09-22T18:36:39.9065202Z │ Platform          │ linux                                                                                                                                               │
2026-09-22T18:36:39.9066766Z │ Architecture      │ arm64                                                                                                                                               │
2026-09-22T18:36:39.9068192Z │ HasPreinstall     │ false                                                                                                                                               │
2026-09-22T18:36:39.9069628Z │ HasPrerun         │ false                                                                                                                                               │
2026-09-22T18:36:39.9071200Z │ IsDebug           │ false                                                                                                                                               │
2026-09-22T18:36:39.9072563Z │ Integrations      │ []                                                                                                                                                  │
2026-09-22T18:36:39.9073940Z └───────────────────┴─────────────────────────────────────────────────────────────────────────────────────────────────────────────────────────────────────────────────────┘
2026-09-22T18:36:39.9075064Z ##[endgroup]
2026-09-22T18:36:39.9075779Z ##[group]⏱️ Timings - 56.08s
2026-09-22T18:36:39.9076852Z ┌──────────────────────┬─────────────────────────────────┬─────────┬────────┐
2026-09-22T18:36:39.9077882Z │         TIME         │              STEP               │  DIFF   │ TOTAL  │
2026-09-22T18:36:39.9078968Z ├──────────────────────┼─────────────────────────────────┼─────────┼────────┤
2026-09-22T18:36:39.9080045Z │ 2026-09-22T18:35:40Z │ job-created                     │ 0ms     │ 0.0s   │
2026-09-22T18:36:39.9081473Z │ 2026-09-22T18:35:40Z │ job-received                    │ 983ms   │ 0.98s  │
2026-09-22T18:36:39.9082861Z │ 2026-09-22T18:36:12Z │ job-scheduled                   │ 31059ms │ 32.04s │
2026-09-22T18:36:39.9084039Z │ 2026-09-22T18:36:13Z │ instance-pending                │ 956ms   │ 33.00s │
2026-09-22T18:36:39.9085241Z │ 2026-09-22T18:36:14Z │ runner-registered               │ 1606ms  │ 34.61s │
2026-09-22T18:36:39.9086566Z │ 2026-09-22T18:36:34Z │ agent-booting                   │ 19851ms │ 54.46s │
2026-09-22T18:36:39.9087812Z │ 2026-09-22T18:36:34Z │ runner-setup-global-env         │ 15ms    │ 54.47s │
2026-09-22T18:36:39.9088970Z │ 2026-09-22T18:36:34Z │ runner-setup-user               │ 56ms    │ 54.53s │
2026-09-22T18:36:39.9090197Z │ 2026-09-22T18:36:34Z │ agent-metadata                  │ 91ms    │ 54.62s │
2026-09-22T18:36:39.9091324Z │ 2026-09-22T18:36:34Z │ instance-config                 │ 68ms    │ 54.69s │
2026-09-22T18:36:39.9092449Z │ 2026-09-22T18:36:34Z │ runner-otel-setup-tracer        │ 0ms     │ 54.69s │
2026-09-22T18:36:39.9093707Z │ 2026-09-22T18:36:34Z │ runner-otel-setup-collector     │ 0ms     │ 54.69s │
2026-09-22T18:36:39.9094883Z │ 2026-09-22T18:36:35Z │ runner-resize-disk              │ 1198ms  │ 55.89s │
2026-09-22T18:36:39.9096242Z │ 2026-09-22T18:36:35Z │ runner-prepare-mount-points     │ 0ms     │ 55.89s │
2026-09-22T18:36:39.9097440Z │ 2026-09-22T18:36:35Z │ runner-setup-mount-points       │ 67ms    │ 55.96s │
2026-09-22T18:36:39.9098621Z │ 2026-09-22T18:36:35Z │ runner-setup-agent              │ 4ms     │ 55.96s │
2026-09-22T18:36:39.9099788Z │ 2026-09-22T18:36:35Z │ runner-setup-aws-profile        │ 1ms     │ 55.96s │
2026-09-22T18:36:39.9100929Z │ 2026-09-22T18:36:35Z │ runner-setup-host               │ 0ms     │ 55.96s │
2026-09-22T18:36:39.9102126Z │ 2026-09-22T18:36:35Z │ runner-config                   │ 27ms    │ 55.99s │
2026-09-22T18:36:39.9103281Z │ 2026-09-22T18:36:35Z │ runner-otel-restart             │ 0ms     │ 55.99s │
2026-09-22T18:36:39.9104498Z │ 2026-09-22T18:36:35Z │ runner-env                      │ 5ms     │ 56.00s │
2026-09-22T18:36:39.9105663Z │ 2026-09-22T18:36:36Z │ runner-setup-integrations       │ 61ms    │ 56.06s │
2026-09-22T18:36:39.9106890Z │ 2026-09-22T18:36:36Z │ runner-chown-runner-directories │ 0ms     │ 56.06s │
2026-09-22T18:36:39.9108139Z │ 2026-09-22T18:36:36Z │ runner-start-local-server       │ 0ms     │ 56.06s │
2026-09-22T18:36:39.9109362Z │ 2026-09-22T18:36:36Z │ runner-setup-s3-cache           │ 14ms    │ 56.07s │
2026-09-22T18:36:39.9110594Z │ 2026-09-22T18:36:36Z │ runner-setup-hooks              │ 9ms     │ 56.08s │
2026-09-22T18:36:39.9111641Z └──────────────────────┴─────────────────────────────────┴─────────┴────────┘
2026-09-22T18:36:39.9112506Z ##[endgroup]
2026-09-22T18:36:39.9113817Z ##[group]GITHUB_TOKEN Permissions
2026-09-22T18:36:39.9115889Z Contents: read
2026-09-22T18:36:39.9116696Z Metadata: read
2026-09-22T18:36:39.9117424Z ##[endgroup]
2026-09-22T18:36:39.9120018Z Secret source: Actions
2026-09-22T18:36:39.9121194Z Cache mode: write
2026-09-22T18:36:39.9122065Z Prepare workflow directory
2026-09-22T18:36:39.9501862Z Prepare all required actions
2026-09-22T18:36:39.9549999Z Getting action download info
2026-09-22T18:36:40.1955768Z Download action repository 'runs-on/action@v2' (SHA:efac073ea2507ec18797de3a81704201ade11d9d)
2026-09-22T18:36:40.6548879Z Download action repository 'actions/checkout@3d3c42e5aac5ba805825da76410c181273ba90b1' (SHA:3d3c42e5aac5ba805825da76410c181273ba90b1)
2026-09-22T18:36:40.6939864Z Download action repository 'taiki-e/cache-cargo-install-action@66c9585ef5ca780ee69399975a5e911f47905995' (SHA:66c9585ef5ca780ee69399975a5e911f47905995)
2026-09-22T18:36:40.7691427Z Download action repository 'actions/download-artifact@3e5f45b2cfb9172054b4087a40e8e0b5a5461e7c' (SHA:3e5f45b2cfb9172054b4087a40e8e0b5a5461e7c)
2026-09-22T18:36:40.9116155Z Download action repository 'CodSpeedHQ/action@4296e51e7041e24dadb86d1d6e8b9320d223dbe8' (SHA:4296e51e7041e24dadb86d1d6e8b9320d223dbe8)
2026-09-22T18:36:41.1465384Z Getting action download info
2026-09-22T18:36:41.2384778Z Download action repository 'actions/cache@668228422ae6a00e4ad889ee87cd7109ec5666a7' (SHA:668228422ae6a00e4ad889ee87cd7109ec5666a7)
2026-09-22T18:36:41.4748419Z Getting action download info
2026-09-22T18:36:41.6186655Z Download action repository 'actions/github-script@ed597411d8f924073f98dfc5c65a23a2325f34cd' (SHA:ed597411d8f924073f98dfc5c65a23a2325f34cd)
2026-09-22T18:36:41.7766450Z Complete job name: Benchmark with Codspeed (neon)
2026-09-22T18:36:41.8921339Z A job started hook has been configured by the self-hosted runner administrator
2026-09-22T18:36:41.9088051Z ##[group]Run '/runs-on/pre.sh'
2026-09-22T18:36:41.9117648Z shell: /usr/bin/bash --noprofile --norc -e -o pipefail {0}
2026-09-22T18:36:41.9119081Z ##[endgroup]
2026-09-22T18:36:41.9329149Z 
2026-09-22T18:36:41.9330249Z 👋 This self-hosted runner was launched with RunsOn (https://runs-on.com). Join the party!
2026-09-22T18:36:41.9331362Z 
2026-09-22T18:36:41.9346419Z ##[group]Job identity
2026-09-22T18:36:41.9347412Z Organization: vortex-data
2026-09-22T18:36:41.9348326Z Repository: vortex-data/vortex
2026-09-22T18:36:41.9349209Z Workflow: Codspeed Benchmarking
2026-09-22T18:36:41.9350093Z Job: bench-codspeed-cpu-features
2026-09-22T18:36:41.9351542Z ##[endgroup]
2026-09-22T18:36:41.9351948Z 
2026-09-22T18:36:41.9353030Z ##[group]💡 Additional environment variables available in your steps
2026-09-22T18:36:41.9354300Z ACTIONS_CACHE_SERVICE_V2=true
2026-09-22T18:36:41.9355290Z ACTIONS_CACHE_URL=http://10.1.21.182:6871/
2026-09-22T18:36:41.9356420Z ACTIONS_RESULTS_URL=http://10.1.21.182:6871/
2026-09-22T18:36:41.9357472Z ACTIONS_RUNNER_HOOK_JOB_COMPLETED=/runs-on/post.sh
2026-09-22T18:36:41.9358562Z ACTIONS_RUNNER_HOOK_JOB_STARTED=/runs-on/pre.sh
2026-09-22T18:36:41.9359577Z GITHUB_API_URL=https://api.github.com/
2026-09-22T18:36:41.9360477Z GITHUB_HOST=github.com
2026-09-22T18:36:41.9361296Z GITHUB_SERVER_URL=https://github.com/
2026-09-22T18:36:41.9362219Z RUNNER_TOOL_CACHE=/opt/hostedtoolcache
2026-09-22T18:36:41.9363226Z RUNS_ON_AGENT_ARCH=arm64
2026-09-22T18:36:41.9364149Z RUNS_ON_AGENT_BINARY=/runs-on/agent
2026-09-22T18:36:41.9365045Z RUNS_ON_AGENT_USER=runner
2026-09-22T18:36:41.9365892Z RUNS_ON_AMI_ID=ami-098c62767651982c5
2026-09-22T18:36:41.9366895Z RUNS_ON_AWS_AZ=us-east-1b
2026-09-22T18:36:41.9367695Z RUNS_ON_AWS_REGION=us-east-1
2026-09-22T18:36:41.9368558Z RUNS_ON_ENV_CUSTOM_FILE=/runs-on/env.custom
2026-09-22T18:36:41.9369463Z RUNS_ON_HOME=/runs-on
2026-09-22T18:36:41.9370256Z RUNS_ON_INSTANCE_ID=i-020d3df8d8e3c3455
2026-09-22T18:36:41.9371223Z RUNS_ON_INSTANCE_LAUNCHED_AT=2026-09-22T18:36:12Z
2026-09-22T18:36:41.9372458Z RUNS_ON_INSTANCE_LIFECYCLE=spot
2026-09-22T18:36:41.9373399Z RUNS_ON_INSTANCE_TYPE=c7g.metal
2026-09-22T18:36:41.9374398Z RUNS_ON_RUNNER_NAME=runs-on--i-020d3df8d8e3c3455--fb09f200-7
2026-09-22T18:36:41.9375633Z RUNS_ON_S3_BUCKET_CACHE=runs-on-v3-s3bucketcache-dbnub4tpjhpv
2026-09-22T18:36:41.9376945Z RUNS_ON_S3_CACHE_REPO_PREFIX=cache/repo/vortex-data/vortex
2026-09-22T18:36:41.9377979Z RUNS_ON_STACK_NAME=runs-on-v3
2026-09-22T18:36:41.9378797Z RUNS_ON_VERSION=v3.3.0
2026-09-22T18:36:41.9379990Z ##[endgroup]
2026-09-22T18:36:41.9380376Z 
2026-09-22T18:36:41.9661679Z ##[group]Run runs-on/action@v2
2026-09-22T18:36:41.9662590Z with:
2026-09-22T18:36:41.9663297Z   show_env: false
2026-09-22T18:36:41.9664021Z   show_costs: inline
2026-09-22T18:36:41.9664758Z   network_interface: enp39s0
2026-09-22T18:36:41.9665550Z   disk_device: nvme0n1p1
2026-09-22T18:36:41.9672681Z   token: ***
2026-09-22T18:36:41.9673368Z   sticky_wait_timeout: 15m
2026-09-22T18:36:41.9674108Z env:
2026-09-22T18:36:41.9674758Z   CARGO_TERM_COLOR: always
2026-09-22T18:36:41.9675513Z   RUST_BACKTRACE: 1
2026-09-22T18:36:41.9676392Z   NIGHTLY_TOOLCHAIN: nightly-2026-09-10
2026-09-22T18:36:41.9677313Z   RUNNER_TOOL_CACHE: /opt/hostedtoolcache
2026-09-22T18:36:41.9678212Z   RUNS_ON_HOME: /runs-on
2026-09-22T18:36:41.9678963Z   RUNS_ON_VERSION: v3.3.0
2026-09-22T18:36:41.9679756Z   RUNS_ON_AGENT_BINARY: /runs-on/agent
2026-09-22T18:36:41.9680617Z   RUNS_ON_AGENT_ARCH: arm64
2026-09-22T18:36:41.9681734Z   RUNS_ON_AGENT_USER: runner
2026-09-22T18:36:41.9682569Z   RUNS_ON_AMI_ID: ami-098c62767651982c5
2026-09-22T18:36:41.9683421Z   RUNS_ON_AWS_REGION: us-east-1
2026-09-22T18:36:41.9684223Z   RUNS_ON_AWS_AZ: us-east-1b
2026-09-22T18:36:41.9685069Z   RUNS_ON_ENV_CUSTOM_FILE: /runs-on/env.custom
2026-09-22T18:36:41.9686094Z   RUNS_ON_INSTANCE_ID: i-020d3df8d8e3c3455
2026-09-22T18:36:41.9687051Z   RUNS_ON_INSTANCE_LIFECYCLE: spot
2026-09-22T18:36:41.9687902Z   RUNS_ON_INSTANCE_TYPE: c7g.metal
2026-09-22T18:36:41.9688745Z   RUNS_ON_STACK_NAME: runs-on-v3
2026-09-22T18:36:41.9689774Z   RUNS_ON_S3_BUCKET_CACHE: runs-on-v3-s3bucketcache-dbnub4tpjhpv
2026-09-22T18:36:41.9690941Z   ACTIONS_RUNNER_HOOK_JOB_STARTED: /runs-on/pre.sh
2026-09-22T18:36:41.9692004Z   ACTIONS_RUNNER_HOOK_JOB_COMPLETED: /runs-on/post.sh
2026-09-22T18:36:41.9693029Z   GITHUB_SERVER_URL: https://github.com/
2026-09-22T18:36:41.9693999Z   GITHUB_API_URL: https://api.github.com/
2026-09-22T18:36:41.9695008Z   GITHUB_HOST: github.com
2026-09-22T18:36:41.9696283Z   RUNS_ON_RUNNER_NAME: runs-on--i-020d3df8d8e3c3455--fb09f200-7
2026-09-22T18:36:41.9697591Z   RUNS_ON_INSTANCE_LAUNCHED_AT: 2026-09-22T18:36:12Z
2026-09-22T18:36:41.9729869Z   ACTIONS_CACHE_URL: http://10.1.21.182:6871/
2026-09-22T18:36:41.9730878Z   ACTIONS_CACHE_SERVICE_V2: true
2026-09-22T18:36:41.9731774Z   ACTIONS_RESULTS_URL: http://10.1.21.182:6871/
2026-09-22T18:36:41.9732872Z   RUNS_ON_S3_CACHE_REPO_PREFIX: cache/repo/vortex-data/vortex
2026-09-22T18:36:41.9733890Z ##[endgroup]
2026-09-22T18:36:42.8499737Z Input 'show_env': false
2026-09-22T18:36:42.8500196Z Input 'show_costs': inline
2026-09-22T18:36:42.8500514Z Input 'metrics': []
2026-09-22T18:36:42.8500807Z Input 'network_interface': enp39s0
2026-09-22T18:36:42.8501256Z Input 'disk_device': nvme0n1p1
2026-09-22T18:36:42.8501565Z Input 'sccache': 
2026-09-22T18:36:42.8501834Z Input 'sticky_cache': []
2026-09-22T18:36:42.8502140Z Input 'sticky_wait_timeout': 15m0s
2026-09-22T18:36:42.8502757Z ZCTIONS_RESULTS_URL is set: https://results-receiver.actions.githubusercontent.com/
2026-09-22T18:36:42.8503733Z ZCTIONS_CACHE_URL is set: https://acghubeus1.actions.githubusercontent.com/XtqVEj2MXQCbzj6x6n8CMomnIjyhqqRNuSgameoSnKmgcNZw2F/
2026-09-22T18:36:42.8504472Z ACTIONS_RUNTIME_TOKEN is set.
2026-09-22T18:36:42.8504866Z Config update response status: 200 OK
2026-09-22T18:36:42.8505406Z show_costs is enabled. You will find cost details in the post-execution step of this action.
2026-09-22T18:36:42.8505936Z Action finished.
2026-09-22T18:36:42.8684646Z ##[group]Run actions/checkout@3d3c42e5aac5ba805825da76410c181273ba90b1
2026-09-22T18:36:42.8685131Z with:
2026-09-22T18:36:42.8685394Z   repository: vortex-data/vortex
2026-09-22T18:36:42.8688679Z   token: ***
2026-09-22T18:36:42.8688930Z   ssh-strict: true
2026-09-22T18:36:42.8689181Z   ssh-user: git
2026-09-22T18:36:42.8689444Z   persist-credentials: true
2026-09-22T18:36:42.8689735Z   clean: true
2026-09-22T18:36:42.8690000Z   sparse-checkout-cone-mode: true
2026-09-22T18:36:42.8690341Z   fetch-depth: 1
2026-09-22T18:36:42.8690594Z   fetch-tags: false
2026-09-22T18:36:42.8690859Z   show-progress: true
2026-09-22T18:36:42.8691124Z   lfs: false
2026-09-22T18:36:42.8691365Z   submodules: false
2026-09-22T18:36:42.8691635Z   set-safe-directory: true
2026-09-22T18:36:42.8691944Z   allow-unsafe-pr-checkout: false
2026-09-22T18:36:42.8692265Z env:
2026-09-22T18:36:42.8692509Z   CARGO_TERM_COLOR: always
2026-09-22T18:36:42.8692797Z   RUST_BACKTRACE: 1
2026-09-22T18:36:42.8693114Z   NIGHTLY_TOOLCHAIN: nightly-2026-09-10
2026-09-22T18:36:42.8693481Z   RUNNER_TOOL_CACHE: /opt/hostedtoolcache
2026-09-22T18:36:42.8693826Z   RUNS_ON_HOME: /runs-on
2026-09-22T18:36:42.8694112Z   RUNS_ON_VERSION: v3.3.0
2026-09-22T18:36:42.8694418Z   RUNS_ON_AGENT_BINARY: /runs-on/agent
2026-09-22T18:36:42.8694753Z   RUNS_ON_AGENT_ARCH: arm64
2026-09-22T18:36:42.8695051Z   RUNS_ON_AGENT_USER: runner
2026-09-22T18:36:42.8695360Z   RUNS_ON_AMI_ID: ami-098c62767651982c5
2026-09-22T18:36:42.8695701Z   RUNS_ON_AWS_REGION: us-east-1
2026-09-22T18:36:42.8696354Z   RUNS_ON_AWS_AZ: us-east-1b
2026-09-22T18:36:42.8696691Z   RUNS_ON_ENV_CUSTOM_FILE: /runs-on/env.custom
2026-09-22T18:36:42.8697071Z   RUNS_ON_INSTANCE_ID: i-020d3df8d8e3c3455
2026-09-22T18:36:42.8697422Z   RUNS_ON_INSTANCE_LIFECYCLE: spot
2026-09-22T18:36:42.8697751Z   RUNS_ON_INSTANCE_TYPE: c7g.metal
2026-09-22T18:36:42.8698073Z   RUNS_ON_STACK_NAME: runs-on-v3
2026-09-22T18:36:42.8698475Z   RUNS_ON_S3_BUCKET_CACHE: runs-on-v3-s3bucketcache-dbnub4tpjhpv
2026-09-22T18:36:42.8698951Z   ACTIONS_RUNNER_HOOK_JOB_STARTED: /runs-on/pre.sh
2026-09-22T18:36:42.8699386Z   ACTIONS_RUNNER_HOOK_JOB_COMPLETED: /runs-on/post.sh
2026-09-22T18:36:42.8699812Z   GITHUB_SERVER_URL: https://github.com/
2026-09-22T18:36:42.8700188Z   GITHUB_API_URL: https://api.github.com/
2026-09-22T18:36:42.8700540Z   GITHUB_HOST: github.com
2026-09-22T18:36:42.8700914Z   RUNS_ON_RUNNER_NAME: runs-on--i-020d3df8d8e3c3455--fb09f200-7
2026-09-22T18:36:42.8701372Z   RUNS_ON_INSTANCE_LAUNCHED_AT: 2026-09-22T18:36:12Z
2026-09-22T18:36:42.8701791Z   ACTIONS_CACHE_URL: http://10.1.21.182:6871/
2026-09-22T18:36:42.8702161Z   ACTIONS_CACHE_SERVICE_V2: true
2026-09-22T18:36:42.8702508Z   ACTIONS_RESULTS_URL: http://10.1.21.182:6871/
2026-09-22T18:36:42.8702956Z   RUNS_ON_S3_CACHE_REPO_PREFIX: cache/repo/vortex-data/vortex
2026-09-22T18:36:42.8703393Z   RUNS_ON_ACTION_COST_TRACKING_CLAIMED: true
2026-09-22T18:36:42.8703734Z ##[endgroup]
2026-09-22T18:36:42.9841974Z Syncing repository: vortex-data/vortex
2026-09-22T18:36:42.9842745Z ##[group]Getting Git version info
2026-09-22T18:36:42.9843166Z Working directory is '/home/runner/_work/vortex/vortex'
2026-09-22T18:36:42.9843772Z [command]/usr/bin/git version
2026-09-22T18:36:42.9844112Z git version 2.55.0
2026-09-22T18:36:42.9856361Z ##[endgroup]
2026-09-22T18:36:42.9864523Z Temporarily overriding HOME='/home/runner/_work/_temp/6bd088f8-3281-4055-b7a3-49c7772f9c61' before making global git config changes
2026-09-22T18:36:42.9865435Z Adding repository directory to the temporary git global config as a safe directory
2026-09-22T18:36:42.9869212Z [command]/usr/bin/git config --global --add safe.directory /home/runner/_work/vortex/vortex
2026-09-22T18:36:42.9895092Z Deleting the contents of '/home/runner/_work/vortex/vortex'
2026-09-22T18:36:42.9898068Z ##[group]Determining repository object format
2026-09-22T18:36:42.9899557Z ##[endgroup]
2026-09-22T18:36:42.9900062Z ##[group]Initializing the repository
2026-09-22T18:36:42.9903830Z [command]/usr/bin/git init /home/runner/_work/vortex/vortex
2026-09-22T18:36:43.0232327Z hint: Using 'master' as the name for the initial branch. This default branch name
2026-09-22T18:36:43.0233021Z hint: will change to "main" in Git 3.0. To configure the initial branch name
2026-09-22T18:36:43.0233649Z hint: to use in all of your new repositories, which will suppress this warning,
2026-09-22T18:36:43.0234121Z hint: call:
2026-09-22T18:36:43.0234374Z hint:
2026-09-22T18:36:43.0234701Z hint: 	git config --global init.defaultBranch <name>
2026-09-22T18:36:43.0235104Z hint:
2026-09-22T18:36:43.0235464Z hint: Names commonly chosen instead of 'master' are 'main', 'trunk' and
2026-09-22T18:36:43.0236199Z hint: 'development'. The just-created branch can be renamed via this command:
2026-09-22T18:36:43.0236738Z hint:
2026-09-22T18:36:43.0236994Z hint: 	git branch -m <name>
2026-09-22T18:36:43.0237280Z hint:
2026-09-22T18:36:43.0237679Z hint: Disable this message with "git config set advice.defaultBranchName false"
2026-09-22T18:36:43.0238318Z Initialized empty Git repository in /home/runner/_work/vortex/vortex/.git/
2026-09-22T18:36:43.0241142Z [command]/usr/bin/git remote add origin https://github.com/vortex-data/vortex
2026-09-22T18:36:43.0283282Z ##[endgroup]
2026-09-22T18:36:43.0283797Z ##[group]Disabling automatic garbage collection
2026-09-22T18:36:43.0287239Z [command]/usr/bin/git config --local gc.auto 0
2026-09-22T18:36:43.0310122Z ##[endgroup]
2026-09-22T18:36:43.0310565Z ##[group]Setting up auth
2026-09-22T18:36:43.0310905Z Removing SSH command configuration
2026-09-22T18:36:43.0316213Z [command]/usr/bin/git config --local --name-only --get-regexp core\.sshCommand
2026-09-22T18:36:43.0341524Z [command]/usr/bin/git submodule foreach --recursive sh -c "git config --local --name-only --get-regexp 'core\.sshCommand' && git config --local --unset-all 'core.sshCommand' || :"
2026-09-22T18:36:43.1280623Z Removing HTTP extra header
2026-09-22T18:36:43.1284720Z [command]/usr/bin/git config --local --name-only --get-regexp http\.https\:\/\/github\.com\/\.extraheader
2026-09-22T18:36:43.1309019Z [command]/usr/bin/git submodule foreach --recursive sh -c "git config --local --name-only --get-regexp 'http\.https\:\/\/github\.com\/\.extraheader' && git config --local --unset-all 'http.https://github.com/.extraheader' || :"
2026-09-22T18:36:43.1473115Z Removing includeIf entries pointing to credentials config files
2026-09-22T18:36:43.1478208Z [command]/usr/bin/git config --local --name-only --get-regexp ^includeIf\.gitdir:
2026-09-22T18:36:43.1505665Z [command]/usr/bin/git submodule foreach --recursive git config --local --show-origin --name-only --get-regexp remote.origin.url
2026-09-22T18:36:43.1675383Z [command]/usr/bin/git config --file /home/runner/_work/_temp/git-credentials-866605a2-6490-432d-9d21-e876cfd9fd13.config http.https://github.com/.extraheader AUTHORIZATION: basic ***
2026-09-22T18:36:43.1703541Z [command]/usr/bin/git config --local includeIf.gitdir:/home/runner/_work/vortex/vortex/.git.path /home/runner/_work/_temp/git-credentials-866605a2-6490-432d-9d21-e876cfd9fd13.config
2026-09-22T18:36:43.1727736Z [command]/usr/bin/git config --local includeIf.gitdir:/home/runner/_work/vortex/vortex/.git/worktrees/*.path /home/runner/_work/_temp/git-credentials-866605a2-6490-432d-9d21-e876cfd9fd13.config
2026-09-22T18:36:43.1752405Z [command]/usr/bin/git config --local includeIf.gitdir:/github/workspace/.git.path /github/runner_temp/git-credentials-866605a2-6490-432d-9d21-e876cfd9fd13.config
2026-09-22T18:36:43.1777037Z [command]/usr/bin/git config --local includeIf.gitdir:/github/workspace/.git/worktrees/*.path /github/runner_temp/git-credentials-866605a2-6490-432d-9d21-e876cfd9fd13.config
2026-09-22T18:36:43.1798115Z ##[endgroup]
2026-09-22T18:36:43.1798582Z ##[group]Fetching the repository
2026-09-22T18:36:43.1804671Z [command]/usr/bin/git -c protocol.version=2 fetch --no-tags --prune --no-recurse-submodules --depth=1 origin +af4e9cb4934d90f2ca04b76864840e564821f939:refs/remotes/pull/9988/merge
2026-09-22T18:36:43.6774532Z From https://github.com/vortex-data/vortex
2026-09-22T18:36:43.6775224Z  * [new ref]         af4e9cb4934d90f2ca04b76864840e564821f939 -> pull/9988/merge
2026-09-22T18:36:43.6778666Z ##[endgroup]
2026-09-22T18:36:43.6779085Z ##[group]Determining the checkout info
2026-09-22T18:36:43.6779625Z ##[endgroup]
2026-09-22T18:36:43.6784555Z [command]/usr/bin/git sparse-checkout disable
2026-09-22T18:36:43.6830972Z [command]/usr/bin/git config --local --unset-all extensions.worktreeConfig
2026-09-22T18:36:43.6853689Z ##[group]Checking out the ref
2026-09-22T18:36:43.6857690Z [command]/usr/bin/git checkout --progress --force refs/remotes/pull/9988/merge
2026-09-22T18:36:43.8818958Z Note: switching to 'refs/remotes/pull/9988/merge'.
2026-09-22T18:36:43.8819230Z 
2026-09-22T18:36:43.8819448Z You are in 'detached HEAD' state. You can look around, make experimental
2026-09-22T18:36:43.8819963Z changes and commit them, and you can discard any commits you make in this
2026-09-22T18:36:43.8820495Z state without impacting any branches by switching back to a branch.
2026-09-22T18:36:43.8820810Z 
2026-09-22T18:36:43.8821042Z If you want to create a new branch to retain commits you create, you may
2026-09-22T18:36:43.8821522Z do so (now or later) by using -c with the switch command. Example:
2026-09-22T18:36:43.8821808Z 
2026-09-22T18:36:43.8821924Z   git switch -c <new-branch-name>
2026-09-22T18:36:43.8822109Z 
2026-09-22T18:36:43.8822218Z Or undo this operation with:
2026-09-22T18:36:43.8822389Z 
2026-09-22T18:36:43.8822480Z   git switch -
2026-09-22T18:36:43.8822890Z 
2026-09-22T18:36:43.8823202Z Turn off this advice by setting config variable advice.detachedHead to false
2026-09-22T18:36:43.8823543Z 
2026-09-22T18:36:43.8823935Z HEAD is now at af4e9cb Merge a01de348c7d0093b150fc86bd9b24550ec83c876 into 133aacdb7ef30f781552ec1f1d6ada9193bc9b4e
2026-09-22T18:36:43.8830526Z ##[endgroup]
2026-09-22T18:36:43.8868981Z [command]/usr/bin/git log -1 --format=%H
2026-09-22T18:36:43.8888973Z af4e9cb4934d90f2ca04b76864840e564821f939
2026-09-22T18:36:43.9103896Z Prepare all required actions
2026-09-22T18:36:43.9104546Z Getting action download info
2026-09-22T18:36:44.0189475Z Download action repository 'dtolnay/rust-toolchain@6bed0761d98439e5a578e2877258200ad565ba87' (SHA:6bed0761d98439e5a578e2877258200ad565ba87)
2026-09-22T18:36:44.1338595Z ##[group]Run ./.github/actions/setup-prebuild
2026-09-22T18:36:44.1338904Z with:
2026-09-22T18:36:44.1341915Z   repo-token: ***
2026-09-22T18:36:44.1342145Z   components: clippy, rustfmt
2026-09-22T18:36:44.1342432Z   protoc-version: 29.3
2026-09-22T18:36:44.1342688Z   enable-sccache: false
2026-09-22T18:36:44.1342912Z env:
2026-09-22T18:36:44.1343102Z   CARGO_TERM_COLOR: always
2026-09-22T18:36:44.1343338Z   RUST_BACKTRACE: 1
2026-09-22T18:36:44.1343571Z   NIGHTLY_TOOLCHAIN: nightly-2026-09-10
2026-09-22T18:36:44.1343878Z   RUNNER_TOOL_CACHE: /opt/hostedtoolcache
2026-09-22T18:36:44.1344164Z   RUNS_ON_HOME: /runs-on
2026-09-22T18:36:44.1344400Z   RUNS_ON_VERSION: v3.3.0
2026-09-22T18:36:44.1344676Z   RUNS_ON_AGENT_BINARY: /runs-on/agent
2026-09-22T18:36:44.1344960Z   RUNS_ON_AGENT_ARCH: arm64
2026-09-22T18:36:44.1345205Z   RUNS_ON_AGENT_USER: runner
2026-09-22T18:36:44.1345466Z   RUNS_ON_AMI_ID: ami-098c62767651982c5
2026-09-22T18:36:44.1345747Z   RUNS_ON_AWS_REGION: us-east-1
2026-09-22T18:36:44.1346108Z   RUNS_ON_AWS_AZ: us-east-1b
2026-09-22T18:36:44.1346417Z   RUNS_ON_ENV_CUSTOM_FILE: /runs-on/env.custom
2026-09-22T18:36:44.1346744Z   RUNS_ON_INSTANCE_ID: i-020d3df8d8e3c3455
2026-09-22T18:36:44.1347043Z   RUNS_ON_INSTANCE_LIFECYCLE: spot
2026-09-22T18:36:44.1347328Z   RUNS_ON_INSTANCE_TYPE: c7g.metal
2026-09-22T18:36:44.1347598Z   RUNS_ON_STACK_NAME: runs-on-v3
2026-09-22T18:36:44.1347944Z   RUNS_ON_S3_BUCKET_CACHE: runs-on-v3-s3bucketcache-dbnub4tpjhpv
2026-09-22T18:36:44.1348356Z   ACTIONS_RUNNER_HOOK_JOB_STARTED: /runs-on/pre.sh
2026-09-22T18:36:44.1348725Z   ACTIONS_RUNNER_HOOK_JOB_COMPLETED: /runs-on/post.sh
2026-09-22T18:36:44.1349091Z   GITHUB_SERVER_URL: https://github.com/
2026-09-22T18:36:44.1349407Z   GITHUB_API_URL: https://api.github.com/
2026-09-22T18:36:44.1349700Z   GITHUB_HOST: github.com
2026-09-22T18:36:44.1350018Z   RUNS_ON_RUNNER_NAME: runs-on--i-020d3df8d8e3c3455--fb09f200-7
2026-09-22T18:36:44.1350420Z   RUNS_ON_INSTANCE_LAUNCHED_AT: 2026-09-22T18:36:12Z
2026-09-22T18:36:44.1350768Z   ACTIONS_CACHE_URL: http://10.1.21.182:6871/
2026-09-22T18:36:44.1351077Z   ACTIONS_CACHE_SERVICE_V2: true
2026-09-22T18:36:44.1351368Z   ACTIONS_RESULTS_URL: http://10.1.21.182:6871/
2026-09-22T18:36:44.1351749Z   RUNS_ON_S3_CACHE_REPO_PREFIX: cache/repo/vortex-data/vortex
2026-09-22T18:36:44.1352131Z   RUNS_ON_ACTION_COST_TRACKING_CLAIMED: true
2026-09-22T18:36:44.1352420Z ##[endgroup]
2026-09-22T18:36:44.1423115Z ##[start-action display=Resolve toolchain config;id=__self.toolchain-config]
2026-09-22T18:36:44.1465146Z ##[group]Run DEFAULT_VERSION=$(grep channel rust-toolchain.toml | awk -F'"' '{print $2}')
2026-09-22T18:36:44.1465855Z [36;1mDEFAULT_VERSION=$(grep channel rust-toolchain.toml | awk -F'"' '{print $2}')[0m
2026-09-22T18:36:44.1466485Z [36;1mTOOLCHAIN="${TOOLCHAIN_OVERRIDE:-$DEFAULT_VERSION}"[0m
2026-09-22T18:36:44.1466905Z [36;1mecho "toolchain=$TOOLCHAIN" >> "$GITHUB_OUTPUT"[0m
2026-09-22T18:36:44.1467333Z [36;1mecho "RUSTUP_TOOLCHAIN=$DEFAULT_VERSION" >> "$GITHUB_ENV"[0m
2026-09-22T18:36:44.1491156Z shell: /usr/bin/bash --noprofile --norc -e -o pipefail {0}
2026-09-22T18:36:44.1491510Z env:
2026-09-22T18:36:44.1491706Z   CARGO_TERM_COLOR: always
2026-09-22T18:36:44.1491944Z   RUST_BACKTRACE: 1
2026-09-22T18:36:44.1492411Z   NIGHTLY_TOOLCHAIN: nightly-2026-09-10
2026-09-22T18:36:44.1492720Z   RUNNER_TOOL_CACHE: /opt/hostedtoolcache
2026-09-22T18:36:44.1493013Z   RUNS_ON_HOME: /runs-on
2026-09-22T18:36:44.1493250Z   RUNS_ON_VERSION: v3.3.0
2026-09-22T18:36:44.1493503Z   RUNS_ON_AGENT_BINARY: /runs-on/agent
2026-09-22T18:36:44.1493782Z   RUNS_ON_AGENT_ARCH: arm64
2026-09-22T18:36:44.1494034Z   RUNS_ON_AGENT_USER: runner
2026-09-22T18:36:44.1494501Z   RUNS_ON_AMI_ID: ami-098c62767651982c5
2026-09-22T18:36:44.1494799Z   RUNS_ON_AWS_REGION: us-east-1
2026-09-22T18:36:44.1495056Z   RUNS_ON_AWS_AZ: us-east-1b
2026-09-22T18:36:44.1495329Z   RUNS_ON_ENV_CUSTOM_FILE: /runs-on/env.custom
2026-09-22T18:36:44.1495653Z   RUNS_ON_INSTANCE_ID: i-020d3df8d8e3c3455
2026-09-22T18:36:44.1495951Z   RUNS_ON_INSTANCE_LIFECYCLE: spot
2026-09-22T18:36:44.1496305Z   RUNS_ON_INSTANCE_TYPE: c7g.metal
2026-09-22T18:36:44.1496579Z   RUNS_ON_STACK_NAME: runs-on-v3
2026-09-22T18:36:44.1496924Z   RUNS_ON_S3_BUCKET_CACHE: runs-on-v3-s3bucketcache-dbnub4tpjhpv
2026-09-22T18:36:44.1497348Z   ACTIONS_RUNNER_HOOK_JOB_STARTED: /runs-on/pre.sh
2026-09-22T18:36:44.1497714Z   ACTIONS_RUNNER_HOOK_JOB_COMPLETED: /runs-on/post.sh
2026-09-22T18:36:44.1498076Z   GITHUB_SERVER_URL: https://github.com/
2026-09-22T18:36:44.1498391Z   GITHUB_API_URL: https://api.github.com/
2026-09-22T18:36:44.1498683Z   GITHUB_HOST: github.com
2026-09-22T18:36:44.1499000Z   RUNS_ON_RUNNER_NAME: runs-on--i-020d3df8d8e3c3455--fb09f200-7
2026-09-22T18:36:44.1499407Z   RUNS_ON_INSTANCE_LAUNCHED_AT: 2026-09-22T18:36:12Z
2026-09-22T18:36:44.1499759Z   ACTIONS_CACHE_URL: http://10.1.21.182:6871/
2026-09-22T18:36:44.1500071Z   ACTIONS_CACHE_SERVICE_V2: true
2026-09-22T18:36:44.1500367Z   ACTIONS_RESULTS_URL: http://10.1.21.182:6871/
2026-09-22T18:36:44.1500748Z   RUNS_ON_S3_CACHE_REPO_PREFIX: cache/repo/vortex-data/vortex
2026-09-22T18:36:44.1501127Z   RUNS_ON_ACTION_COST_TRACKING_CLAIMED: true
2026-09-22T18:36:44.1501425Z   TOOLCHAIN_OVERRIDE: 
2026-09-22T18:36:44.1501649Z ##[endgroup]
2026-09-22T18:36:44.1588597Z ##[end-action id=__self.toolchain-config;outcome=success;conclusion=success;duration_ms=16]
2026-09-22T18:36:44.1591035Z ##[start-action display=Check for rustup;id=__self.check-rustup]
2026-09-22T18:36:44.1610351Z ##[group]Run echo "exists=$(command -v rustup &> /dev/null && echo 'true' || echo 'false')" >> "$GITHUB_OUTPUT"
2026-09-22T18:36:44.1611129Z [36;1mecho "exists=$(command -v rustup &> /dev/null && echo 'true' || echo 'false')" >> "$GITHUB_OUTPUT"[0m
2026-09-22T18:36:44.1632721Z shell: /usr/bin/bash --noprofile --norc -e -o pipefail {0}
2026-09-22T18:36:44.1633080Z env:
2026-09-22T18:36:44.1633275Z   CARGO_TERM_COLOR: always
2026-09-22T18:36:44.1633511Z   RUST_BACKTRACE: 1
2026-09-22T18:36:44.1633747Z   NIGHTLY_TOOLCHAIN: nightly-2026-09-10
2026-09-22T18:36:44.1634056Z   RUNNER_TOOL_CACHE: /opt/hostedtoolcache
2026-09-22T18:36:44.1634341Z   RUNS_ON_HOME: /runs-on
2026-09-22T18:36:44.1634577Z   RUNS_ON_VERSION: v3.3.0
2026-09-22T18:36:44.1634833Z   RUNS_ON_AGENT_BINARY: /runs-on/agent
2026-09-22T18:36:44.1635124Z   RUNS_ON_AGENT_ARCH: arm64
2026-09-22T18:36:44.1635370Z   RUNS_ON_AGENT_USER: runner
2026-09-22T18:36:44.1635624Z   RUNS_ON_AMI_ID: ami-098c62767651982c5
2026-09-22T18:36:44.1635907Z   RUNS_ON_AWS_REGION: us-east-1
2026-09-22T18:36:44.1636239Z   RUNS_ON_AWS_AZ: us-east-1b
2026-09-22T18:36:44.1636521Z   RUNS_ON_ENV_CUSTOM_FILE: /runs-on/env.custom
2026-09-22T18:36:44.1636844Z   RUNS_ON_INSTANCE_ID: i-020d3df8d8e3c3455
2026-09-22T18:36:44.1637152Z   RUNS_ON_INSTANCE_LIFECYCLE: spot
2026-09-22T18:36:44.1637430Z   RUNS_ON_INSTANCE_TYPE: c7g.metal
2026-09-22T18:36:44.1637701Z   RUNS_ON_STACK_NAME: runs-on-v3
2026-09-22T18:36:44.1638053Z   RUNS_ON_S3_BUCKET_CACHE: runs-on-v3-s3bucketcache-dbnub4tpjhpv
2026-09-22T18:36:44.1638473Z   ACTIONS_RUNNER_HOOK_JOB_STARTED: /runs-on/pre.sh
2026-09-22T18:36:44.1638845Z   ACTIONS_RUNNER_HOOK_JOB_COMPLETED: /runs-on/post.sh
2026-09-22T18:36:44.1639207Z   GITHUB_SERVER_URL: https://github.com/
2026-09-22T18:36:44.1639525Z   GITHUB_API_URL: https://api.github.com/
2026-09-22T18:36:44.1640080Z   GITHUB_HOST: github.com
2026-09-22T18:36:44.1640406Z   RUNS_ON_RUNNER_NAME: runs-on--i-020d3df8d8e3c3455--fb09f200-7
2026-09-22T18:36:44.1640807Z   RUNS_ON_INSTANCE_LAUNCHED_AT: 2026-09-22T18:36:12Z
2026-09-22T18:36:44.1641152Z   ACTIONS_CACHE_URL: http://10.1.21.182:6871/
2026-09-22T18:36:44.1641463Z   ACTIONS_CACHE_SERVICE_V2: true
2026-09-22T18:36:44.1641755Z   ACTIONS_RESULTS_URL: http://10.1.21.182:6871/
2026-09-22T18:36:44.1642308Z   RUNS_ON_S3_CACHE_REPO_PREFIX: cache/repo/vortex-data/vortex
2026-09-22T18:36:44.1642731Z   RUNS_ON_ACTION_COST_TRACKING_CLAIMED: true
2026-09-22T18:36:44.1643035Z   RUSTUP_TOOLCHAIN: 1.98.0
2026-09-22T18:36:44.1643270Z ##[endgroup]
2026-09-22T18:36:44.1691265Z ##[end-action id=__self.check-rustup;outcome=success;conclusion=success;duration_ms=9]
2026-09-22T18:36:44.1693504Z ##[start-action display=Install Rust;id=__self.__dtolnay_rust-toolchain]
2026-09-22T18:36:44.1704082Z ##[end-action id=__self.__dtolnay_rust-toolchain;outcome=skipped;conclusion=skipped;duration_ms=0]
2026-09-22T18:36:44.1707897Z ##[start-action display=Reconcile prebuilt Rust installation;id=__self.__run]
2026-09-22T18:36:44.1728725Z ##[group]Run TOOLCHAIN_FOUND=false
2026-09-22T18:36:44.1729100Z [36;1mTOOLCHAIN_FOUND=false[0m
2026-09-22T18:36:44.1729480Z [36;1mfor INSTALLED in $(rustup toolchain list | awk '{print $1}'); do[0m
2026-09-22T18:36:44.1729886Z [36;1m  case "$INSTALLED" in[0m
2026-09-22T18:36:44.1730233Z [36;1m    "$TOOLCHAIN"|"$TOOLCHAIN"-*) TOOLCHAIN_FOUND=true ;;[0m
2026-09-22T18:36:44.1730577Z [36;1m  esac[0m
2026-09-22T18:36:44.1730777Z [36;1mdone[0m
2026-09-22T18:36:44.1731010Z [36;1mif [ "$TOOLCHAIN_FOUND" != true ]; then[0m
2026-09-22T18:36:44.1731412Z [36;1m  rustup toolchain install "$TOOLCHAIN" --profile minimal[0m
2026-09-22T18:36:44.1731867Z [36;1mfi[0m
2026-09-22T18:36:44.1732080Z [36;1m[0m
2026-09-22T18:36:44.1732373Z [36;1mTOOLCHAIN_HOST=$(rustc +"$TOOLCHAIN" --print host-tuple)[0m
2026-09-22T18:36:44.1732949Z [36;1mINSTALLED_COMPONENTS=$(rustup component list --toolchain "$TOOLCHAIN" --installed)[0m
2026-09-22T18:36:44.1733436Z [36;1mMISSING_COMPONENTS=()[0m
2026-09-22T18:36:44.1733778Z [36;1mIFS=',' read -ra REQUESTED_COMPONENTS <<< "$COMPONENTS"[0m
2026-09-22T18:36:44.1734202Z [36;1mfor COMPONENT in "${REQUESTED_COMPONENTS[@]}"; do[0m
2026-09-22T18:36:44.1734557Z [36;1m  COMPONENT=${COMPONENT// /}[0m
2026-09-22T18:36:44.1734867Z [36;1m  [ -z "$COMPONENT" ] && continue[0m
2026-09-22T18:36:44.1735194Z [36;1m  if [ "$COMPONENT" = llvm-tools ]; then[0m
2026-09-22T18:36:44.1735528Z [36;1m    COMPONENT=llvm-tools-preview[0m
2026-09-22T18:36:44.1735812Z [36;1m  fi[0m
2026-09-22T18:36:44.1736187Z [36;1m  if ! grep -Fqx "$COMPONENT" <<< "$INSTALLED_COMPONENTS" && \[0m
2026-09-22T18:36:44.1736729Z [36;1m     ! grep -Fqx "$COMPONENT-$TOOLCHAIN_HOST" <<< "$INSTALLED_COMPONENTS"; then[0m
2026-09-22T18:36:44.1737205Z [36;1m    MISSING_COMPONENTS+=("$COMPONENT")[0m
2026-09-22T18:36:44.1737514Z [36;1m  fi[0m
2026-09-22T18:36:44.1737719Z [36;1mdone[0m
2026-09-22T18:36:44.1737971Z [36;1mif [ ${#MISSING_COMPONENTS[@]} -gt 0 ]; then[0m
2026-09-22T18:36:44.1738432Z [36;1m  rustup component add --toolchain "$TOOLCHAIN" "${MISSING_COMPONENTS[@]}"[0m
2026-09-22T18:36:44.1738853Z [36;1mfi[0m
2026-09-22T18:36:44.1739043Z [36;1m[0m
2026-09-22T18:36:44.1739401Z [36;1mINSTALLED_TARGETS=$(rustup target list --toolchain "$TOOLCHAIN" --installed)[0m
2026-09-22T18:36:44.1739859Z [36;1mMISSING_TARGETS=()[0m
2026-09-22T18:36:44.1740174Z [36;1mIFS=',' read -ra REQUESTED_TARGETS <<< "$TARGETS"[0m
2026-09-22T18:36:44.1740561Z [36;1mfor TARGET in "${REQUESTED_TARGETS[@]}"; do[0m
2026-09-22T18:36:44.1740892Z [36;1m  TARGET=${TARGET// /}[0m
2026-09-22T18:36:44.1741160Z [36;1m  [ -z "$TARGET" ] && continue[0m
2026-09-22T18:36:44.1741512Z [36;1m  if ! grep -Fqx "$TARGET" <<< "$INSTALLED_TARGETS"; then[0m
2026-09-22T18:36:44.1741887Z [36;1m    MISSING_TARGETS+=("$TARGET")[0m
2026-09-22T18:36:44.1742167Z [36;1m  fi[0m
2026-09-22T18:36:44.1742637Z [36;1mdone[0m
2026-09-22T18:36:44.1742889Z [36;1mif [ ${#MISSING_TARGETS[@]} -gt 0 ]; then[0m
2026-09-22T18:36:44.1743325Z [36;1m  rustup target add --toolchain "$TOOLCHAIN" "${MISSING_TARGETS[@]}"[0m
2026-09-22T18:36:44.1743718Z [36;1mfi[0m
2026-09-22T18:36:44.1764682Z shell: /usr/bin/bash --noprofile --norc -e -o pipefail {0}
2026-09-22T18:36:44.1765040Z env:
2026-09-22T18:36:44.1765237Z   CARGO_TERM_COLOR: always
2026-09-22T18:36:44.1765651Z   RUST_BACKTRACE: 1
2026-09-22T18:36:44.1765969Z   NIGHTLY_TOOLCHAIN: nightly-2026-09-10
2026-09-22T18:36:44.1766402Z   RUNNER_TOOL_CACHE: /opt/hostedtoolcache
2026-09-22T18:36:44.1766697Z   RUNS_ON_HOME: /runs-on
2026-09-22T18:36:44.1766931Z   RUNS_ON_VERSION: v3.3.0
2026-09-22T18:36:44.1767186Z   RUNS_ON_AGENT_BINARY: /runs-on/agent
2026-09-22T18:36:44.1767468Z   RUNS_ON_AGENT_ARCH: arm64
2026-09-22T18:36:44.1767714Z   RUNS_ON_AGENT_USER: runner
2026-09-22T18:36:44.1767973Z   RUNS_ON_AMI_ID: ami-098c62767651982c5
2026-09-22T18:36:44.1768264Z   RUNS_ON_AWS_REGION: us-east-1
2026-09-22T18:36:44.1768523Z   RUNS_ON_AWS_AZ: us-east-1b
2026-09-22T18:36:44.1768799Z   RUNS_ON_ENV_CUSTOM_FILE: /runs-on/env.custom
2026-09-22T18:36:44.1769122Z   RUNS_ON_INSTANCE_ID: i-020d3df8d8e3c3455
2026-09-22T18:36:44.1769423Z   RUNS_ON_INSTANCE_LIFECYCLE: spot
2026-09-22T18:36:44.1769705Z   RUNS_ON_INSTANCE_TYPE: c7g.metal
2026-09-22T18:36:44.1769974Z   RUNS_ON_STACK_NAME: runs-on-v3
2026-09-22T18:36:44.1770327Z   RUNS_ON_S3_BUCKET_CACHE: runs-on-v3-s3bucketcache-dbnub4tpjhpv
2026-09-22T18:36:44.1770743Z   ACTIONS_RUNNER_HOOK_JOB_STARTED: /runs-on/pre.sh
2026-09-22T18:36:44.1771116Z   ACTIONS_RUNNER_HOOK_JOB_COMPLETED: /runs-on/post.sh
2026-09-22T18:36:44.1771483Z   GITHUB_SERVER_URL: https://github.com/
2026-09-22T18:36:44.1771810Z   GITHUB_API_URL: https://api.github.com/
2026-09-22T18:36:44.1772114Z   GITHUB_HOST: github.com
2026-09-22T18:36:44.1772435Z   RUNS_ON_RUNNER_NAME: runs-on--i-020d3df8d8e3c3455--fb09f200-7
2026-09-22T18:36:44.1772851Z   RUNS_ON_INSTANCE_LAUNCHED_AT: 2026-09-22T18:36:12Z
2026-09-22T18:36:44.1773209Z   ACTIONS_CACHE_URL: http://10.1.21.182:6871/
2026-09-22T18:36:44.1773519Z   ACTIONS_CACHE_SERVICE_V2: true
2026-09-22T18:36:44.1773814Z   ACTIONS_RESULTS_URL: http://10.1.21.182:6871/
2026-09-22T18:36:44.1774199Z   RUNS_ON_S3_CACHE_REPO_PREFIX: cache/repo/vortex-data/vortex
2026-09-22T18:36:44.1774576Z   RUNS_ON_ACTION_COST_TRACKING_CLAIMED: true
2026-09-22T18:36:44.1774885Z   RUSTUP_TOOLCHAIN: 1.98.0
2026-09-22T18:36:44.1775130Z   TOOLCHAIN: 1.98.0
2026-09-22T18:36:44.1775357Z   COMPONENTS: clippy, rustfmt
2026-09-22T18:36:44.1775598Z   TARGETS: 
2026-09-22T18:36:44.1775786Z ##[endgroup]
2026-09-22T18:36:44.4438139Z info: syncing channel updates for 1.98.0-aarch64-unknown-linux-gnu
2026-09-22T18:36:44.5456613Z info: latest update on 2026-08-20 for version 1.98.0 (88d9e12ae 2026-08-18)
2026-09-22T18:36:44.5459472Z info: downloading 3 components
2026-09-22T18:36:50.6145088Z info: syncing channel updates for 1.98.0-aarch64-unknown-linux-gnu
2026-09-22T18:36:50.6676158Z 
2026-09-22T18:36:50.6733205Z   1.98.0-aarch64-unknown-linux-gnu unchanged - rustc 1.98.0 (88d9e12ae 2026-08-18)
2026-09-22T18:36:50.6733581Z 
2026-09-22T18:36:50.7718763Z info: downloading component clippy
2026-09-22T18:36:51.2461312Z info: downloading component rustfmt
2026-09-22T18:36:51.5380888Z ##[end-action id=__self.__run;outcome=success;conclusion=success;duration_ms=7367]
2026-09-22T18:36:51.5384039Z ##[start-action display=Reconcile mold installation;id=__self.__run_2]
2026-09-22T18:36:51.5404581Z ##[group]Run if ! command -v mold >/dev/null; then
2026-09-22T18:36:51.5404966Z [36;1mif ! command -v mold >/dev/null; then[0m
2026-09-22T18:36:51.5405277Z [36;1m  sudo apt-get update[0m
2026-09-22T18:36:51.5405543Z [36;1m  sudo apt-get install -y mold[0m
2026-09-22T18:36:51.5405810Z [36;1mfi[0m
2026-09-22T18:36:51.5429421Z shell: /usr/bin/bash --noprofile --norc -e -o pipefail {0}
2026-09-22T18:36:51.5429771Z env:
2026-09-22T18:36:51.5429964Z   CARGO_TERM_COLOR: always
2026-09-22T18:36:51.5430506Z   RUST_BACKTRACE: 1
2026-09-22T18:36:51.5430738Z   NIGHTLY_TOOLCHAIN: nightly-2026-09-10
2026-09-22T18:36:51.5431041Z   RUNNER_TOOL_CACHE: /opt/hostedtoolcache
2026-09-22T18:36:51.5431320Z   RUNS_ON_HOME: /runs-on
2026-09-22T18:36:51.5431549Z   RUNS_ON_VERSION: v3.3.0
2026-09-22T18:36:51.5431794Z   RUNS_ON_AGENT_BINARY: /runs-on/agent
2026-09-22T18:36:51.5432073Z   RUNS_ON_AGENT_ARCH: arm64
2026-09-22T18:36:51.5432485Z   RUNS_ON_AGENT_USER: runner
2026-09-22T18:36:51.5432755Z   RUNS_ON_AMI_ID: ami-098c62767651982c5
2026-09-22T18:36:51.5433035Z   RUNS_ON_AWS_REGION: us-east-1
2026-09-22T18:36:51.5433286Z   RUNS_ON_AWS_AZ: us-east-1b
2026-09-22T18:36:51.5433557Z   RUNS_ON_ENV_CUSTOM_FILE: /runs-on/env.custom
2026-09-22T18:36:51.5433879Z   RUNS_ON_INSTANCE_ID: i-020d3df8d8e3c3455
2026-09-22T18:36:51.5434172Z   RUNS_ON_INSTANCE_LIFECYCLE: spot
2026-09-22T18:36:51.5434442Z   RUNS_ON_INSTANCE_TYPE: c7g.metal
2026-09-22T18:36:51.5434708Z   RUNS_ON_STACK_NAME: runs-on-v3
2026-09-22T18:36:51.5435054Z   RUNS_ON_S3_BUCKET_CACHE: runs-on-v3-s3bucketcache-dbnub4tpjhpv
2026-09-22T18:36:51.5435464Z   ACTIONS_RUNNER_HOOK_JOB_STARTED: /runs-on/pre.sh
2026-09-22T18:36:51.5435833Z   ACTIONS_RUNNER_HOOK_JOB_COMPLETED: /runs-on/post.sh
2026-09-22T18:36:51.5436310Z   GITHUB_SERVER_URL: https://github.com/
2026-09-22T18:36:51.5436631Z   GITHUB_API_URL: https://api.github.com/
2026-09-22T18:36:51.5436921Z   GITHUB_HOST: github.com
2026-09-22T18:36:51.5437244Z   RUNS_ON_RUNNER_NAME: runs-on--i-020d3df8d8e3c3455--fb09f200-7
2026-09-22T18:36:51.5437650Z   RUNS_ON_INSTANCE_LAUNCHED_AT: 2026-09-22T18:36:12Z
2026-09-22T18:36:51.5437991Z   ACTIONS_CACHE_URL: http://10.1.21.182:6871/
2026-09-22T18:36:51.5457026Z   ACTIONS_CACHE_SERVICE_V2: true
2026-09-22T18:36:51.5457453Z   ACTIONS_RESULTS_URL: http://10.1.21.182:6871/
2026-09-22T18:36:51.5457848Z   RUNS_ON_S3_CACHE_REPO_PREFIX: cache/repo/vortex-data/vortex
2026-09-22T18:36:51.5458227Z   RUNS_ON_ACTION_COST_TRACKING_CLAIMED: true
2026-09-22T18:36:51.5458535Z   RUSTUP_TOOLCHAIN: 1.98.0
2026-09-22T18:36:51.5458763Z ##[endgroup]
2026-09-22T18:36:51.5504298Z ##[end-action id=__self.__run_2;outcome=success;conclusion=success;duration_ms=11]
2026-09-22T18:36:51.5507517Z ##[start-action display=Check protoc installation;id=__self.check-protoc]
2026-09-22T18:36:51.5526446Z ##[group]Run EXPECTED="libprotoc $PROTOC_VERSION"
2026-09-22T18:36:51.5526824Z [36;1mEXPECTED="libprotoc $PROTOC_VERSION"[0m
2026-09-22T18:36:51.5527199Z [36;1mACTUAL=$(protoc --version 2>/dev/null || true)[0m
2026-09-22T18:36:51.5527704Z [36;1mecho "install=$([ "$ACTUAL" = "$EXPECTED" ] && echo false || echo true)" >> "$GITHUB_OUTPUT"[0m
2026-09-22T18:36:51.5547554Z shell: /usr/bin/bash --noprofile --norc -e -o pipefail {0}
2026-09-22T18:36:51.5547898Z env:
2026-09-22T18:36:51.5548090Z   CARGO_TERM_COLOR: always
2026-09-22T18:36:51.5548322Z   RUST_BACKTRACE: 1
2026-09-22T18:36:51.5548552Z   NIGHTLY_TOOLCHAIN: nightly-2026-09-10
2026-09-22T18:36:51.5548851Z   RUNNER_TOOL_CACHE: /opt/hostedtoolcache
2026-09-22T18:36:51.5549143Z   RUNS_ON_HOME: /runs-on
2026-09-22T18:36:51.5549369Z   RUNS_ON_VERSION: v3.3.0
2026-09-22T18:36:51.5549623Z   RUNS_ON_AGENT_BINARY: /runs-on/agent
2026-09-22T18:36:51.5549896Z   RUNS_ON_AGENT_ARCH: arm64
2026-09-22T18:36:51.5550136Z   RUNS_ON_AGENT_USER: runner
2026-09-22T18:36:51.5550386Z   RUNS_ON_AMI_ID: ami-098c62767651982c5
2026-09-22T18:36:51.5550661Z   RUNS_ON_AWS_REGION: us-east-1
2026-09-22T18:36:51.5550919Z   RUNS_ON_AWS_AZ: us-east-1b
2026-09-22T18:36:51.5551191Z   RUNS_ON_ENV_CUSTOM_FILE: /runs-on/env.custom
2026-09-22T18:36:51.5551508Z   RUNS_ON_INSTANCE_ID: i-020d3df8d8e3c3455
2026-09-22T18:36:51.5551802Z   RUNS_ON_INSTANCE_LIFECYCLE: spot
2026-09-22T18:36:51.5552074Z   RUNS_ON_INSTANCE_TYPE: c7g.metal
2026-09-22T18:36:51.5552340Z   RUNS_ON_STACK_NAME: runs-on-v3
2026-09-22T18:36:51.5552680Z   RUNS_ON_S3_BUCKET_CACHE: runs-on-v3-s3bucketcache-dbnub4tpjhpv
2026-09-22T18:36:51.5553094Z   ACTIONS_RUNNER_HOOK_JOB_STARTED: /runs-on/pre.sh
2026-09-22T18:36:51.5553707Z   ACTIONS_RUNNER_HOOK_JOB_COMPLETED: /runs-on/post.sh
2026-09-22T18:36:51.5554064Z   GITHUB_SERVER_URL: https://github.com/
2026-09-22T18:36:51.5554374Z   GITHUB_API_URL: https://api.github.com/
2026-09-22T18:36:51.5554662Z   GITHUB_HOST: github.com
2026-09-22T18:36:51.5554978Z   RUNS_ON_RUNNER_NAME: runs-on--i-020d3df8d8e3c3455--fb09f200-7
2026-09-22T18:36:51.5555380Z   RUNS_ON_INSTANCE_LAUNCHED_AT: 2026-09-22T18:36:12Z
2026-09-22T18:36:51.5555876Z   ACTIONS_CACHE_URL: http://10.1.21.182:6871/
2026-09-22T18:36:51.5556321Z   ACTIONS_CACHE_SERVICE_V2: true
2026-09-22T18:36:51.5556617Z   ACTIONS_RESULTS_URL: http://10.1.21.182:6871/
2026-09-22T18:36:51.5556998Z   RUNS_ON_S3_CACHE_REPO_PREFIX: cache/repo/vortex-data/vortex
2026-09-22T18:36:51.5557375Z   RUNS_ON_ACTION_COST_TRACKING_CLAIMED: true
2026-09-22T18:36:51.5557671Z   RUSTUP_TOOLCHAIN: 1.98.0
2026-09-22T18:36:51.5557908Z   PROTOC_VERSION: 29.3
2026-09-22T18:36:51.5558126Z ##[endgroup]
2026-09-22T18:36:51.6408137Z ##[end-action id=__self.check-protoc;outcome=success;conclusion=success;duration_ms=89]
2026-09-22T18:36:51.6410160Z ##[start-action display=Install protoc;id=__self.__self]
2026-09-22T18:36:51.6414491Z ##[end-action id=__self.__self;outcome=skipped;conclusion=skipped;duration_ms=0]
2026-09-22T18:36:51.6416566Z ##[start-action display=Install sccache;id=__self.__self_2]
2026-09-22T18:36:51.6421184Z ##[end-action id=__self.__self_2;outcome=skipped;conclusion=skipped;duration_ms=0]
2026-09-22T18:36:51.6423066Z ##[start-action display=Configure sccache timeout;id=__self.__run_3]
2026-09-22T18:36:51.6427831Z ##[end-action id=__self.__run_3;outcome=skipped;conclusion=skipped;duration_ms=0]
2026-09-22T18:36:51.6429695Z ##[start-action display=Enable compiler caching;id=__self.__run_4]
2026-09-22T18:36:51.6434104Z ##[end-action id=__self.__run_4;outcome=skipped;conclusion=skipped;duration_ms=0]
2026-09-22T18:36:51.6435886Z ##[start-action display=Full Rust setup;id=__self.__self_3]
2026-09-22T18:36:51.6439366Z ##[end-action id=__self.__self_3;outcome=skipped;conclusion=skipped;duration_ms=0]
2026-09-22T18:36:51.6441368Z ##[start-action display=Install flatc (for FlatBuffers code generation);id=__self.__self_4]
2026-09-22T18:36:51.6470407Z Prepare all required actions
2026-09-22T18:36:51.6510998Z ##[group]Run ./.github/actions/setup-flatc
2026-09-22T18:36:51.6511281Z with:
2026-09-22T18:36:51.6511470Z   flatc_version: 25.12.19
2026-09-22T18:36:51.6511687Z env:
2026-09-22T18:36:51.6511879Z   CARGO_TERM_COLOR: always
2026-09-22T18:36:51.6512110Z   RUST_BACKTRACE: 1
2026-09-22T18:36:51.6512339Z   NIGHTLY_TOOLCHAIN: nightly-2026-09-10
2026-09-22T18:36:51.6512639Z   RUNNER_TOOL_CACHE: /opt/hostedtoolcache
2026-09-22T18:36:51.6512920Z   RUNS_ON_HOME: /runs-on
2026-09-22T18:36:51.6513148Z   RUNS_ON_VERSION: v3.3.0
2026-09-22T18:36:51.6513392Z   RUNS_ON_AGENT_BINARY: /runs-on/agent
2026-09-22T18:36:51.6513665Z   RUNS_ON_AGENT_ARCH: arm64
2026-09-22T18:36:51.6513904Z   RUNS_ON_AGENT_USER: runner
2026-09-22T18:36:51.6514157Z   RUNS_ON_AMI_ID: ami-098c62767651982c5
2026-09-22T18:36:51.6514440Z   RUNS_ON_AWS_REGION: us-east-1
2026-09-22T18:36:51.6514692Z   RUNS_ON_AWS_AZ: us-east-1b
2026-09-22T18:36:51.6514959Z   RUNS_ON_ENV_CUSTOM_FILE: /runs-on/env.custom
2026-09-22T18:36:51.6515275Z   RUNS_ON_INSTANCE_ID: i-020d3df8d8e3c3455
2026-09-22T18:36:51.6515563Z   RUNS_ON_INSTANCE_LIFECYCLE: spot
2026-09-22T18:36:51.6515833Z   RUNS_ON_INSTANCE_TYPE: c7g.metal
2026-09-22T18:36:51.6516185Z   RUNS_ON_STACK_NAME: runs-on-v3
2026-09-22T18:36:51.6516535Z   RUNS_ON_S3_BUCKET_CACHE: runs-on-v3-s3bucketcache-dbnub4tpjhpv
2026-09-22T18:36:51.6516940Z   ACTIONS_RUNNER_HOOK_JOB_STARTED: /runs-on/pre.sh
2026-09-22T18:36:51.6517304Z   ACTIONS_RUNNER_HOOK_JOB_COMPLETED: /runs-on/post.sh
2026-09-22T18:36:51.6517655Z   GITHUB_SERVER_URL: https://github.com/
2026-09-22T18:36:51.6517962Z   GITHUB_API_URL: https://api.github.com/
2026-09-22T18:36:51.6518250Z   GITHUB_HOST: github.com
2026-09-22T18:36:51.6518566Z   RUNS_ON_RUNNER_NAME: runs-on--i-020d3df8d8e3c3455--fb09f200-7
2026-09-22T18:36:51.6519215Z   RUNS_ON_INSTANCE_LAUNCHED_AT: 2026-09-22T18:36:12Z
2026-09-22T18:36:51.6519560Z   ACTIONS_CACHE_URL: http://10.1.21.182:6871/
2026-09-22T18:36:51.6519864Z   ACTIONS_CACHE_SERVICE_V2: true
2026-09-22T18:36:51.6520151Z   ACTIONS_RESULTS_URL: http://10.1.21.182:6871/
2026-09-22T18:36:51.6520523Z   RUNS_ON_S3_CACHE_REPO_PREFIX: cache/repo/vortex-data/vortex
2026-09-22T18:36:51.6520895Z   RUNS_ON_ACTION_COST_TRACKING_CLAIMED: true
2026-09-22T18:36:51.6521339Z   RUSTUP_TOOLCHAIN: 1.98.0
2026-09-22T18:36:51.6521592Z ##[endgroup]
2026-09-22T18:36:51.6524647Z ##[start-action display=Install flatc;id=__self.__self_4.__run]
2026-09-22T18:36:51.6559929Z ##[group]Run set -euo pipefail
2026-09-22T18:36:51.6560279Z [36;1mset -euo pipefail[0m
2026-09-22T18:36:51.6560513Z [36;1m[0m
2026-09-22T18:36:51.6560703Z [36;1mVERSION="25.12.19"[0m
2026-09-22T18:36:51.6561075Z [36;1mif [ "$(flatc --version 2>/dev/null)" = "flatc version ${VERSION}" ]; then[0m
2026-09-22T18:36:51.6561542Z [36;1m  echo "flatc ${VERSION} is already installed"[0m
2026-09-22T18:36:51.6561872Z [36;1m  exit 0[0m
2026-09-22T18:36:51.6562066Z [36;1mfi[0m
2026-09-22T18:36:51.6562248Z [36;1m[0m
2026-09-22T18:36:51.6562438Z [36;1mARCH=$(uname -m)[0m
2026-09-22T18:36:51.6562716Z [36;1mOS=$(uname -s | tr '[:upper:]' '[:lower:]')[0m
2026-09-22T18:36:51.6563015Z [36;1m[0m
2026-09-22T18:36:51.6563344Z [36;1m# Official binaries exist for x86_64 glibc Linux, macOS and Windows only.[0m
2026-09-22T18:36:51.6563766Z [36;1mASSET=""[0m
2026-09-22T18:36:51.6563973Z [36;1mcase "$OS" in[0m
2026-09-22T18:36:51.6564191Z [36;1m  linux)[0m
2026-09-22T18:36:51.6564490Z [36;1m    if [ "$ARCH" = "x86_64" ] && ! ldd /bin/sh 2>&1 | grep -qi musl; then[0m
2026-09-22T18:36:51.6564929Z [36;1m      ASSET="Linux.flatc.binary.clang++-18.zip"[0m
2026-09-22T18:36:51.6565252Z [36;1m    fi[0m
2026-09-22T18:36:51.6565446Z [36;1m    ;;[0m
2026-09-22T18:36:51.6565639Z [36;1m  darwin)[0m
2026-09-22T18:36:51.6565853Z [36;1m    case "$ARCH" in[0m
2026-09-22T18:36:51.6566226Z [36;1m      arm64)  ASSET="Mac.flatc.binary.zip" ;;[0m
2026-09-22T18:36:51.6566603Z [36;1m      x86_64) ASSET="MacIntel.flatc.binary.zip" ;;[0m
2026-09-22T18:36:51.6566926Z [36;1m    esac[0m
2026-09-22T18:36:51.6567123Z [36;1m    ;;[0m
2026-09-22T18:36:51.6567362Z [36;1m  *) ASSET="Windows.flatc.binary.zip" ;;[0m
2026-09-22T18:36:51.6567664Z [36;1mesac[0m
2026-09-22T18:36:51.6567850Z [36;1m[0m
2026-09-22T18:36:51.6568211Z [36;1m# This sometimes runs in a container where the user is root and there is no sudo.[0m
2026-09-22T18:36:51.6568679Z [36;1mif command -v sudo &>/dev/null[0m
2026-09-22T18:36:51.6568952Z [36;1mthen[0m
2026-09-22T18:36:51.6569146Z [36;1m  CMD=sudo[0m
2026-09-22T18:36:51.6569349Z [36;1melse[0m
2026-09-22T18:36:51.6569538Z [36;1m  CMD=[0m
2026-09-22T18:36:51.6569727Z [36;1mfi[0m
2026-09-22T18:36:51.6569909Z [36;1m[0m
2026-09-22T18:36:51.6570285Z [36;1mRELEASE="https://github.com/google/flatbuffers/releases/download/v${VERSION}"[0m
2026-09-22T18:36:51.6570757Z [36;1mif [ -n "$ASSET" ]; then[0m
2026-09-22T18:36:51.6571089Z [36;1m  curl -fsSL -o /tmp/flatc.zip "${RELEASE}/${ASSET}"[0m
2026-09-22T18:36:51.6571472Z [36;1m  unzip -o /tmp/flatc.zip -d /tmp/flatc[0m
2026-09-22T18:36:51.6571785Z [36;1m  rm -f /tmp/flatc.zip[0m
2026-09-22T18:36:51.6572029Z [36;1melse[0m
2026-09-22T18:36:51.6572399Z [36;1m  echo "No official flatc binary for ${OS}/${ARCH}; building ${VERSION} from source"[0m
2026-09-22T18:36:51.6572903Z [36;1m  git clone --depth 1 --branch "v${VERSION}" \[0m
2026-09-22T18:36:51.6573339Z [36;1m    https://github.com/google/flatbuffers.git /tmp/flatbuffers[0m
2026-09-22T18:36:51.6573810Z [36;1m  cmake -S /tmp/flatbuffers -B /tmp/flatbuffers/build \[0m
2026-09-22T18:36:51.6574187Z [36;1m    -DCMAKE_BUILD_TYPE=Release \[0m
2026-09-22T18:36:51.6574509Z [36;1m    -DFLATBUFFERS_BUILD_TESTS=OFF \[0m
2026-09-22T18:36:51.6574833Z [36;1m    -DFLATBUFFERS_BUILD_FLATLIB=OFF \[0m
2026-09-22T18:36:51.6575168Z [36;1m    -DFLATBUFFERS_BUILD_FLATHASH=OFF \[0m
2026-09-22T18:36:51.6575743Z [36;1m    -DFLATBUFFERS_INSTALL=OFF[0m
2026-09-22T18:36:51.6576163Z [36;1m  cmake --build /tmp/flatbuffers/build --target flatc \[0m
2026-09-22T18:36:51.6576577Z [36;1m    --parallel "$(nproc 2>/dev/null || echo 4)"[0m
2026-09-22T18:36:51.6576905Z [36;1m  mkdir -p /tmp/flatc[0m
2026-09-22T18:36:51.6577221Z [36;1m  mv /tmp/flatbuffers/build/flatc /tmp/flatc/flatc[0m
2026-09-22T18:36:51.6577702Z [36;1m  rm -rf /tmp/flatbuffers[0m
2026-09-22T18:36:51.6577975Z [36;1mfi[0m
2026-09-22T18:36:51.6578161Z [36;1m[0m
2026-09-22T18:36:51.6578411Z [36;1mif [ "$OS" = "linux" ] || [ "$OS" = "darwin" ]; then[0m
2026-09-22T18:36:51.6578783Z [36;1m  $CMD mv /tmp/flatc/flatc /usr/local/bin/[0m
2026-09-22T18:36:51.6579081Z [36;1melse[0m
2026-09-22T18:36:51.6579415Z [36;1m  # Windows runners do not have /usr/local/bin on PATH for non-bash steps.[0m
2026-09-22T18:36:51.6579845Z [36;1m  mkdir -p "$HOME/.local/bin"[0m
2026-09-22T18:36:51.6580184Z [36;1m  mv /tmp/flatc/flatc.exe "$HOME/.local/bin/"[0m
2026-09-22T18:36:51.6580559Z [36;1m  cygpath -w "$HOME/.local/bin" >> "$GITHUB_PATH"[0m
2026-09-22T18:36:51.6580922Z [36;1m  export PATH="$HOME/.local/bin:$PATH"[0m
2026-09-22T18:36:51.6581209Z [36;1mfi[0m
2026-09-22T18:36:51.6581389Z [36;1m[0m
2026-09-22T18:36:51.6581578Z [36;1mrm -rf /tmp/flatc[0m
2026-09-22T18:36:51.6581818Z [36;1mflatc --version[0m
2026-09-22T18:36:51.6601389Z shell: /usr/bin/bash --noprofile --norc -e -o pipefail {0}
2026-09-22T18:36:51.6601733Z env:
2026-09-22T18:36:51.6601927Z   CARGO_TERM_COLOR: always
2026-09-22T18:36:51.6602155Z   RUST_BACKTRACE: 1
2026-09-22T18:36:51.6602385Z   NIGHTLY_TOOLCHAIN: nightly-2026-09-10
2026-09-22T18:36:51.6602681Z   RUNNER_TOOL_CACHE: /opt/hostedtoolcache
2026-09-22T18:36:51.6602960Z   RUNS_ON_HOME: /runs-on
2026-09-22T18:36:51.6603187Z   RUNS_ON_VERSION: v3.3.0
2026-09-22T18:36:51.6603434Z   RUNS_ON_AGENT_BINARY: /runs-on/agent
2026-09-22T18:36:51.6603708Z   RUNS_ON_AGENT_ARCH: arm64
2026-09-22T18:36:51.6603956Z   RUNS_ON_AGENT_USER: runner
2026-09-22T18:36:51.6604205Z   RUNS_ON_AMI_ID: ami-098c62767651982c5
2026-09-22T18:36:51.6604480Z   RUNS_ON_AWS_REGION: us-east-1
2026-09-22T18:36:51.6604729Z   RUNS_ON_AWS_AZ: us-east-1b
2026-09-22T18:36:51.6604996Z   RUNS_ON_ENV_CUSTOM_FILE: /runs-on/env.custom
2026-09-22T18:36:51.6605316Z   RUNS_ON_INSTANCE_ID: i-020d3df8d8e3c3455
2026-09-22T18:36:51.6605605Z   RUNS_ON_INSTANCE_LIFECYCLE: spot
2026-09-22T18:36:51.6605879Z   RUNS_ON_INSTANCE_TYPE: c7g.metal
2026-09-22T18:36:51.6606238Z   RUNS_ON_STACK_NAME: runs-on-v3
2026-09-22T18:36:51.6606579Z   RUNS_ON_S3_BUCKET_CACHE: runs-on-v3-s3bucketcache-dbnub4tpjhpv
2026-09-22T18:36:51.6606993Z   ACTIONS_RUNNER_HOOK_JOB_STARTED: /runs-on/pre.sh
2026-09-22T18:36:51.6607357Z   ACTIONS_RUNNER_HOOK_JOB_COMPLETED: /runs-on/post.sh
2026-09-22T18:36:51.6607702Z   GITHUB_SERVER_URL: https://github.com/
2026-09-22T18:36:51.6608011Z   GITHUB_API_URL: https://api.github.com/
2026-09-22T18:36:51.6608297Z   GITHUB_HOST: github.com
2026-09-22T18:36:51.6608617Z   RUNS_ON_RUNNER_NAME: runs-on--i-020d3df8d8e3c3455--fb09f200-7
2026-09-22T18:36:51.6609017Z   RUNS_ON_INSTANCE_LAUNCHED_AT: 2026-09-22T18:36:12Z
2026-09-22T18:36:51.6609360Z   ACTIONS_CACHE_URL: http://10.1.21.182:6871/
2026-09-22T18:36:51.6609663Z   ACTIONS_CACHE_SERVICE_V2: true
2026-09-22T18:36:51.6609950Z   ACTIONS_RESULTS_URL: http://10.1.21.182:6871/
2026-09-22T18:36:51.6610329Z   RUNS_ON_S3_CACHE_REPO_PREFIX: cache/repo/vortex-data/vortex
2026-09-22T18:36:51.6610701Z   RUNS_ON_ACTION_COST_TRACKING_CLAIMED: true
2026-09-22T18:36:51.6610998Z   RUSTUP_TOOLCHAIN: 1.98.0
2026-09-22T18:36:51.6611227Z ##[endgroup]
2026-09-22T18:36:51.6679342Z No official flatc binary for linux/aarch64; building 25.12.19 from source
2026-09-22T18:36:51.6688996Z Cloning into '/tmp/flatbuffers'...
2026-09-22T18:36:52.3558829Z warning: refs/tags/v25.12.19 282dcb1c3266b45600510da4810092f6ec4c85f2 is not a commit!
2026-09-22T18:36:52.3566884Z Note: switching to '7e163021e59cca4f8e1e35a7c828b5c6b7915953'.
2026-09-22T18:36:52.3567493Z 
2026-09-22T18:36:52.3567719Z You are in 'detached HEAD' state. You can look around, make experimental
2026-09-22T18:36:52.3568233Z changes and commit them, and you can discard any commits you make in this
2026-09-22T18:36:52.3568741Z state without impacting any branches by switching back to a branch.
2026-09-22T18:36:52.3569037Z 
2026-09-22T18:36:52.3569401Z If you want to create a new branch to retain commits you create, you may
2026-09-22T18:36:52.3569914Z do so (now or later) by using -c with the switch command. Example:
2026-09-22T18:36:52.3570187Z 
2026-09-22T18:36:52.3570294Z   git switch -c <new-branch-name>
2026-09-22T18:36:52.3570480Z 
2026-09-22T18:36:52.3570655Z Or undo this operation with:
2026-09-22T18:36:52.3570823Z 
2026-09-22T18:36:52.3570902Z   git switch -
2026-09-22T18:36:52.3571025Z 
2026-09-22T18:36:52.3571259Z Turn off this advice by setting config variable advice.detachedHead to false
2026-09-22T18:36:52.3571587Z 
2026-09-22T18:36:52.6173685Z -- Proceeding with version: 25.12.19.0
2026-09-22T18:36:53.1257057Z -- The CXX compiler identification is GNU 13.3.0
2026-09-22T18:36:53.1499933Z -- Detecting CXX compiler ABI info
2026-09-22T18:36:53.2472791Z -- Detecting CXX compiler ABI info - done
2026-09-22T18:36:53.2637496Z -- Check for working CXX compiler: /usr/bin/c++ - skipped
2026-09-22T18:36:53.2647271Z -- Detecting CXX compile features
2026-09-22T18:36:53.2655599Z -- Detecting CXX compile features - done
2026-09-22T18:36:53.2748702Z -- Looking for strtof_l
2026-09-22T18:36:53.3873619Z -- Looking for strtof_l - found
2026-09-22T18:36:53.3875036Z -- Looking for strtoull_l
2026-09-22T18:36:53.4484559Z -- Looking for strtoull_l - found
2026-09-22T18:36:53.4488841Z -- Looking for realpath
2026-09-22T18:36:53.5090808Z -- Looking for realpath - found
2026-09-22T18:36:53.5092310Z -- CMAKE_CXX_FLAGS: 
2026-09-22T18:36:53.5102048Z -- Configuring done (0.9s)
2026-09-22T18:36:53.5184082Z -- Generating done (0.0s)
2026-09-22T18:36:53.5186567Z -- Build files have been written to: /tmp/flatbuffers/build
2026-09-22T18:36:53.5388756Z [  2%] Building CXX object CMakeFiles/flatc.dir/src/file_manager.cpp.o
2026-09-22T18:36:53.5390158Z [  5%] Building CXX object CMakeFiles/flatc.dir/src/file_name_manager.cpp.o
2026-09-22T18:36:53.5391817Z [  7%] Building CXX object CMakeFiles/flatc.dir/src/idl_parser.cpp.o
2026-09-22T18:36:53.5393731Z [ 10%] Building CXX object CMakeFiles/flatc.dir/src/idl_gen_text.cpp.o
2026-09-22T18:36:53.5395384Z [ 13%] Building CXX object CMakeFiles/flatc.dir/src/reflection.cpp.o
2026-09-22T18:36:53.5397651Z [ 15%] Building CXX object CMakeFiles/flatc.dir/src/util.cpp.o
2026-09-22T18:36:53.5399325Z [ 18%] Building CXX object CMakeFiles/flatc.dir/src/idl_gen_binary.cpp.o
2026-09-22T18:36:53.5401529Z [ 21%] Building CXX object CMakeFiles/flatc.dir/src/idl_gen_cpp.cpp.o
2026-09-22T18:36:53.5402456Z [ 23%] Building CXX object CMakeFiles/flatc.dir/src/idl_gen_csharp.cpp.o
2026-09-22T18:36:53.5404096Z [ 26%] Building CXX object CMakeFiles/flatc.dir/src/idl_gen_dart.cpp.o
2026-09-22T18:36:53.5409092Z [ 28%] Building CXX object CMakeFiles/flatc.dir/src/idl_gen_kotlin.cpp.o
2026-09-22T18:36:53.5415055Z [ 31%] Building CXX object CMakeFiles/flatc.dir/src/idl_gen_kotlin_kmp.cpp.o
2026-09-22T18:36:53.5418935Z [ 34%] Building CXX object CMakeFiles/flatc.dir/src/idl_gen_go.cpp.o
2026-09-22T18:36:53.5425125Z [ 36%] Building CXX object CMakeFiles/flatc.dir/src/idl_gen_java.cpp.o
2026-09-22T18:36:53.5427420Z [ 39%] Building CXX object CMakeFiles/flatc.dir/src/idl_gen_ts.cpp.o
2026-09-22T18:36:53.5428628Z [ 42%] Building CXX object CMakeFiles/flatc.dir/src/idl_gen_php.cpp.o
2026-09-22T18:36:53.5430727Z [ 44%] Building CXX object CMakeFiles/flatc.dir/src/idl_gen_python.cpp.o
2026-09-22T18:36:53.5433267Z [ 47%] Building CXX object CMakeFiles/flatc.dir/src/idl_gen_lobster.cpp.o
2026-09-22T18:36:53.5435611Z [ 50%] Building CXX object CMakeFiles/flatc.dir/src/idl_gen_rust.cpp.o
2026-09-22T18:36:53.5439001Z [ 52%] Building CXX object CMakeFiles/flatc.dir/src/idl_gen_fbs.cpp.o
2026-09-22T18:36:53.5440486Z [ 55%] Building CXX object CMakeFiles/flatc.dir/src/idl_gen_grpc.cpp.o
2026-09-22T18:36:53.5443147Z [ 57%] Building CXX object CMakeFiles/flatc.dir/src/idl_gen_json_schema.cpp.o
2026-09-22T18:36:53.5448798Z [ 60%] Building CXX object CMakeFiles/flatc.dir/src/idl_gen_swift.cpp.o
2026-09-22T18:36:53.5452194Z [ 63%] Building CXX object CMakeFiles/flatc.dir/src/flatc.cpp.o
2026-09-22T18:36:53.5455789Z [ 65%] Building CXX object CMakeFiles/flatc.dir/src/flatc_main.cpp.o
2026-09-22T18:36:53.5461002Z [ 68%] Building CXX object CMakeFiles/flatc.dir/include/codegen/python.cc.o
2026-09-22T18:36:53.5463675Z [ 71%] Building CXX object CMakeFiles/flatc.dir/src/binary_annotator.cpp.o
2026-09-22T18:36:53.5464781Z [ 73%] Building CXX object CMakeFiles/flatc.dir/src/annotated_binary_text_gen.cpp.o
2026-09-22T18:36:53.5468271Z [ 76%] Building CXX object CMakeFiles/flatc.dir/src/bfbs_gen_lua.cpp.o
2026-09-22T18:36:53.5471642Z [ 78%] Building CXX object CMakeFiles/flatc.dir/src/bfbs_gen_nim.cpp.o
2026-09-22T18:36:53.5475736Z [ 81%] Building CXX object CMakeFiles/flatc.dir/src/code_generators.cpp.o
2026-09-22T18:36:53.5476850Z [ 84%] Building CXX object CMakeFiles/flatc.dir/grpc/src/compiler/cpp_generator.cc.o
2026-09-22T18:36:53.5479143Z [ 86%] Building CXX object CMakeFiles/flatc.dir/grpc/src/compiler/go_generator.cc.o
2026-09-22T18:36:53.5480502Z [ 89%] Building CXX object CMakeFiles/flatc.dir/grpc/src/compiler/java_generator.cc.o
2026-09-22T18:36:53.5485672Z [ 92%] Building CXX object CMakeFiles/flatc.dir/grpc/src/compiler/python_generator.cc.o
2026-09-22T18:36:53.5488736Z [ 94%] Building CXX object CMakeFiles/flatc.dir/grpc/src/compiler/swift_generator.cc.o
2026-09-22T18:36:53.5491620Z [ 97%] Building CXX object CMakeFiles/flatc.dir/grpc/src/compiler/ts_generator.cc.o
2026-09-22T18:36:55.1187344Z In file included from /usr/include/c++/13/algorithm:60,
2026-09-22T18:36:55.1187834Z                  from /tmp/flatbuffers/include/flatbuffers/flatbuffers.h:20,
2026-09-22T18:36:55.1188351Z                  from /tmp/flatbuffers/include/flatbuffers/reflection_generated.h:7,
2026-09-22T18:36:55.1188888Z                  from /tmp/flatbuffers/include/flatbuffers/reflection.h:25,
2026-09-22T18:36:55.1189315Z                  from /tmp/flatbuffers/src/reflection.cpp:17:
2026-09-22T18:36:55.1194312Z In static member function ‘static _Up* std::__copy_move<_IsMove, true, std::random_access_iterator_tag>::__copy_m(_Tp*, _Tp*, _Up*) [with _Tp = const unsigned char; _Up = unsigned char; bool _IsMove = false]’,
2026-09-22T18:36:55.1195673Z     inlined from ‘_OI std::__copy_move_a2(_II, _II, _OI) [with bool _IsMove = false; _II = const unsigned char*; _OI = unsigned char*]’ at /usr/include/c++/13/bits/stl_algobase.h:506:30,
2026-09-22T18:36:55.1197064Z     inlined from ‘_OI std::__copy_move_a1(_II, _II, _OI) [with bool _IsMove = false; _II = const unsigned char*; _OI = unsigned char*]’ at /usr/include/c++/13/bits/stl_algobase.h:533:42,
2026-09-22T18:36:55.1198249Z     inlined from ‘_OI std::__copy_move_a(_II, _II, _OI) [with bool _IsMove = false; _II = const unsigned char*; _OI = unsigned char*]’ at /usr/include/c++/13/bits/stl_algobase.h:540:31,
2026-09-22T18:36:55.1199338Z     inlined from ‘_OI std::copy(_II, _II, _OI) [with _II = const unsigned char*; _OI = unsigned char*]’ at /usr/include/c++/13/bits/stl_algobase.h:633:7,
2026-09-22T18:36:55.1200828Z     inlined from ‘static _ForwardIterator std::__uninitialized_copy<true>::__uninit_copy(_InputIterator, _InputIterator, _ForwardIterator) [with _InputIterator = const unsigned char*; _ForwardIterator = unsigned char*]’ at /usr/include/c++/13/bits/stl_uninitialized.h:147:27,
2026-09-22T18:36:55.1202728Z     inlined from ‘_ForwardIterator std::uninitialized_copy(_InputIterator, _InputIterator, _ForwardIterator) [with _InputIterator = const unsigned char*; _ForwardIterator = unsigned char*]’ at /usr/include/c++/13/bits/stl_uninitialized.h:185:15,
2026-09-22T18:36:55.1204631Z     inlined from ‘_ForwardIterator std::__uninitialized_copy_a(_InputIterator, _InputIterator, _ForwardIterator, allocator<_Tp>&) [with _InputIterator = const unsigned char*; _ForwardIterator = unsigned char*; _Tp = unsigned char]’ at /usr/include/c++/13/bits/stl_uninitialized.h:373:37,
2026-09-22T18:36:55.1207334Z     inlined from ‘void std::vector<_Tp, _Alloc>::_M_range_insert(iterator, _ForwardIterator, _ForwardIterator, std::forward_iterator_tag) [with _ForwardIterator = const unsigned char*; _Tp = unsigned char; _Alloc = std::allocator<unsigned char>]’ at /usr/include/c++/13/bits/vector.tcc:814:38,
2026-09-22T18:36:55.1209590Z     inlined from ‘std::vector<_Tp, _Alloc>::iterator std::vector<_Tp, _Alloc>::insert(const_iterator, _InputIterator, _InputIterator) [with _InputIterator = const unsigned char*; <template-parameter-2-2> = void; _Tp = unsigned char; _Alloc = std::allocator<unsigned char>]’ at /usr/include/c++/13/bits/stl_vector.h:1486:19,
2026-09-22T18:36:55.1211291Z     inlined from ‘const uint8_t* flatbuffers::AddFlatBuffer(std::vector<unsigned char>&, const uint8_t*, size_t)’ at /tmp/flatbuffers/src/reflection.cpp:650:17:
2026-09-22T18:36:55.1212715Z /usr/include/c++/13/bits/stl_algobase.h:437:30: warning: ‘void* __builtin_memcpy(void*, const void*, long unsigned int)’ writing between 2 and 9223372036854775803 bytes into a region of size 0 overflows the destination [-Wstringop-overflow=]
2026-09-22T18:36:55.1213794Z   437 |             __builtin_memmove(__result, __first, sizeof(_Tp) * _Num);
2026-09-22T18:36:55.1214224Z       |             ~~~~~~~~~~~~~~~~~^~~~~~~~~~~~~~~~~~~~~~~~~~~~~~~~~~~~~~~
2026-09-22T18:36:55.1214705Z In file included from /usr/include/aarch64-linux-gnu/c++/13/bits/c++allocator.h:33,
2026-09-22T18:36:55.1215190Z                  from /usr/include/c++/13/bits/allocator.h:46,
2026-09-22T18:36:55.1215538Z                  from /usr/include/c++/13/memory:65,
2026-09-22T18:36:55.1215937Z                  from /tmp/flatbuffers/include/flatbuffers/array.h:21,
2026-09-22T18:36:55.1216451Z                  from /tmp/flatbuffers/include/flatbuffers/flatbuffers.h:24:
2026-09-22T18:36:55.1217092Z In member function ‘_Tp* std::__new_allocator<_Tp>::allocate(size_type, const void*) [with _Tp = unsigned char]’,
2026-09-22T18:36:55.1218133Z     inlined from ‘static _Tp* std::allocator_traits<std::allocator<_Tp1> >::allocate(allocator_type&, size_type) [with _Tp = unsigned char]’ at /usr/include/c++/13/bits/alloc_traits.h:482:28,
2026-09-22T18:36:55.1219566Z     inlined from ‘std::_Vector_base<_Tp, _Alloc>::pointer std::_Vector_base<_Tp, _Alloc>::_M_allocate(std::size_t) [with _Tp = unsigned char; _Alloc = std::allocator<unsigned char>]’ at /usr/include/c++/13/bits/stl_vector.h:381:33,
2026-09-22T18:36:55.1221355Z     inlined from ‘void std::vector<_Tp, _Alloc>::_M_range_insert(iterator, _ForwardIterator, _ForwardIterator, std::forward_iterator_tag) [with _ForwardIterator = const unsigned char*; _Tp = unsigned char; _Alloc = std::allocator<unsigned char>]’ at /usr/include/c++/13/bits/vector.tcc:805:40,
2026-09-22T18:36:55.1223511Z     inlined from ‘std::vector<_Tp, _Alloc>::iterator std::vector<_Tp, _Alloc>::insert(const_iterator, _InputIterator, _InputIterator) [with _InputIterator = const unsigned char*; <template-parameter-2-2> = void; _Tp = unsigned char; _Alloc = std::allocator<unsigned char>]’ at /usr/include/c++/13/bits/stl_vector.h:1486:19,
2026-09-22T18:36:55.1225219Z     inlined from ‘const uint8_t* flatbuffers::AddFlatBuffer(std::vector<unsigned char>&, const uint8_t*, size_t)’ at /tmp/flatbuffers/src/reflection.cpp:650:17:
2026-09-22T18:36:55.1226461Z /usr/include/c++/13/bits/new_allocator.h:151:55: note: at offset [-9223372036854775808, -4] into destination object of size [4, 9223372036854775807] allocated by ‘operator new’
2026-09-22T18:36:55.1227324Z   151 |         return static_cast<_Tp*>(_GLIBCXX_OPERATOR_NEW(__n * sizeof(_Tp)));
2026-09-22T18:36:55.1227757Z       |                                                       ^
2026-09-22T18:37:06.6468963Z [100%] Linking CXX executable flatc
2026-09-22T18:37:06.7672063Z [100%] Built target flatc
2026-09-22T18:37:06.9005052Z flatc version 25.12.19
2026-09-22T18:37:06.9013430Z ##[end-action id=__self.__self_4.__run;outcome=success;conclusion=success;duration_ms=15248]
2026-09-22T18:37:06.9025483Z ##[end-action id=__self.__self_4;outcome=success;conclusion=success;duration_ms=15258]
2026-09-22T18:37:06.9054185Z Prepare all required actions
2026-09-22T18:37:06.9082373Z ##[group]Run ./.github/actions/system-info
2026-09-22T18:37:06.9082654Z env:
2026-09-22T18:37:06.9082836Z   CARGO_TERM_COLOR: always
2026-09-22T18:37:06.9083062Z   RUST_BACKTRACE: 1
2026-09-22T18:37:06.9083289Z   NIGHTLY_TOOLCHAIN: nightly-2026-09-10
2026-09-22T18:37:06.9083586Z   RUNNER_TOOL_CACHE: /opt/hostedtoolcache
2026-09-22T18:37:06.9083864Z   RUNS_ON_HOME: /runs-on
2026-09-22T18:37:06.9084090Z   RUNS_ON_VERSION: v3.3.0
2026-09-22T18:37:06.9084337Z   RUNS_ON_AGENT_BINARY: /runs-on/agent
2026-09-22T18:37:06.9084607Z   RUNS_ON_AGENT_ARCH: arm64
2026-09-22T18:37:06.9084846Z   RUNS_ON_AGENT_USER: runner
2026-09-22T18:37:06.9085095Z   RUNS_ON_AMI_ID: ami-098c62767651982c5
2026-09-22T18:37:06.9085385Z   RUNS_ON_AWS_REGION: us-east-1
2026-09-22T18:37:06.9085634Z   RUNS_ON_AWS_AZ: us-east-1b
2026-09-22T18:37:06.9085908Z   RUNS_ON_ENV_CUSTOM_FILE: /runs-on/env.custom
2026-09-22T18:37:06.9086364Z   RUNS_ON_INSTANCE_ID: i-020d3df8d8e3c3455
2026-09-22T18:37:06.9086659Z   RUNS_ON_INSTANCE_LIFECYCLE: spot
2026-09-22T18:37:06.9086927Z   RUNS_ON_INSTANCE_TYPE: c7g.metal
2026-09-22T18:37:06.9087191Z   RUNS_ON_STACK_NAME: runs-on-v3
2026-09-22T18:37:06.9087529Z   RUNS_ON_S3_BUCKET_CACHE: runs-on-v3-s3bucketcache-dbnub4tpjhpv
2026-09-22T18:37:06.9087930Z   ACTIONS_RUNNER_HOOK_JOB_STARTED: /runs-on/pre.sh
2026-09-22T18:37:06.9088295Z   ACTIONS_RUNNER_HOOK_JOB_COMPLETED: /runs-on/post.sh
2026-09-22T18:37:06.9088642Z   GITHUB_SERVER_URL: https://github.com/
2026-09-22T18:37:06.9088946Z   GITHUB_API_URL: https://api.github.com/
2026-09-22T18:37:06.9089231Z   GITHUB_HOST: github.com
2026-09-22T18:37:06.9089543Z   RUNS_ON_RUNNER_NAME: runs-on--i-020d3df8d8e3c3455--fb09f200-7
2026-09-22T18:37:06.9089947Z   RUNS_ON_INSTANCE_LAUNCHED_AT: 2026-09-22T18:36:12Z
2026-09-22T18:37:06.9090285Z   ACTIONS_CACHE_URL: http://10.1.21.182:6871/
2026-09-22T18:37:06.9090585Z   ACTIONS_CACHE_SERVICE_V2: true
2026-09-22T18:37:06.9090874Z   ACTIONS_RESULTS_URL: http://10.1.21.182:6871/
2026-09-22T18:37:06.9091249Z   RUNS_ON_S3_CACHE_REPO_PREFIX: cache/repo/vortex-data/vortex
2026-09-22T18:37:06.9091618Z   RUNS_ON_ACTION_COST_TRACKING_CLAIMED: true
2026-09-22T18:37:06.9091911Z   RUSTUP_TOOLCHAIN: 1.98.0
2026-09-22T18:37:06.9092135Z ##[endgroup]
2026-09-22T18:37:06.9095220Z ##[start-action display=CPU, Memory & Disk Info;id=__self_2.__run]
2026-09-22T18:37:06.9110236Z ##[group]Run echo "=== CPU Model ==="
2026-09-22T18:37:06.9110588Z [36;1mecho "=== CPU Model ==="[0m
2026-09-22T18:37:06.9110839Z [36;1mlscpu[0m
2026-09-22T18:37:06.9111073Z [36;1mecho "=== /proc/cpuinfo summary ==="[0m
2026-09-22T18:37:06.9111526Z [36;1m# x86 exposes "model name"; aarch64 has no such line (lscpu above covers it), and[0m
2026-09-22T18:37:06.9112121Z [36;1m# `shell: bash` runs with `set -e`, so a missing match must not fail the step.[0m
2026-09-22T18:37:06.9112594Z [36;1mgrep -m1 "model name" /proc/cpuinfo || true[0m
2026-09-22T18:37:06.9112900Z [36;1mnproc[0m
2026-09-22T18:37:06.9113121Z [36;1mecho "=== CPU Flags ==="[0m
2026-09-22T18:37:06.9113445Z [36;1m# x86 exposes "flags"; aarch64 exposes "Features".[0m
2026-09-22T18:37:06.9113852Z [36;1mgrep -m1 -E "^(flags|Features)" /proc/cpuinfo || true[0m
2026-09-22T18:37:06.9114185Z [36;1m[0m
2026-09-22T18:37:06.9114376Z [36;1mecho "=== Memory ==="[0m
2026-09-22T18:37:06.9114615Z [36;1mfree -h[0m
2026-09-22T18:37:06.9114835Z [36;1mecho "=== /proc/meminfo ==="[0m
2026-09-22T18:37:06.9115107Z [36;1mcat /proc/meminfo[0m
2026-09-22T18:37:06.9115334Z [36;1m[0m
2026-09-22T18:37:06.9115529Z [36;1mecho "=== Block Devices ==="[0m
2026-09-22T18:37:06.9115785Z [36;1mlsblk[0m
2026-09-22T18:37:06.9115992Z [36;1mecho "=== Disk Usage ==="[0m
2026-09-22T18:37:06.9116326Z [36;1mdf -hT[0m
2026-09-22T18:37:06.9116792Z [36;1mecho "=== Mounts ==="[0m
2026-09-22T18:37:06.9117045Z [36;1mmount | grep -E "^/dev"[0m
2026-09-22T18:37:06.9117308Z [36;1mecho "=== NVMe Devices ==="[0m
2026-09-22T18:37:06.9117798Z [36;1mls -la /dev/nvme* 2>/dev/null || echo "No NVMe"[0m
2026-09-22T18:37:06.9118149Z [36;1msudo nvme list 2>/dev/null || true[0m
2026-09-22T18:37:06.9140213Z shell: /usr/bin/bash --noprofile --norc -e -o pipefail {0}
2026-09-22T18:37:06.9140561Z env:
2026-09-22T18:37:06.9140755Z   CARGO_TERM_COLOR: always
2026-09-22T18:37:06.9140986Z   RUST_BACKTRACE: 1
2026-09-22T18:37:06.9141212Z   NIGHTLY_TOOLCHAIN: nightly-2026-09-10
2026-09-22T18:37:06.9141509Z   RUNNER_TOOL_CACHE: /opt/hostedtoolcache
2026-09-22T18:37:06.9141790Z   RUNS_ON_HOME: /runs-on
2026-09-22T18:37:06.9142017Z   RUNS_ON_VERSION: v3.3.0
2026-09-22T18:37:06.9142266Z   RUNS_ON_AGENT_BINARY: /runs-on/agent
2026-09-22T18:37:06.9142536Z   RUNS_ON_AGENT_ARCH: arm64
2026-09-22T18:37:06.9142775Z   RUNS_ON_AGENT_USER: runner
2026-09-22T18:37:06.9143034Z   RUNS_ON_AMI_ID: ami-098c62767651982c5
2026-09-22T18:37:06.9143308Z   RUNS_ON_AWS_REGION: us-east-1
2026-09-22T18:37:06.9143555Z   RUNS_ON_AWS_AZ: us-east-1b
2026-09-22T18:37:06.9143829Z   RUNS_ON_ENV_CUSTOM_FILE: /runs-on/env.custom
2026-09-22T18:37:06.9144147Z   RUNS_ON_INSTANCE_ID: i-020d3df8d8e3c3455
2026-09-22T18:37:06.9144437Z   RUNS_ON_INSTANCE_LIFECYCLE: spot
2026-09-22T18:37:06.9144706Z   RUNS_ON_INSTANCE_TYPE: c7g.metal
2026-09-22T18:37:06.9144971Z   RUNS_ON_STACK_NAME: runs-on-v3
2026-09-22T18:37:06.9145314Z   RUNS_ON_S3_BUCKET_CACHE: runs-on-v3-s3bucketcache-dbnub4tpjhpv
2026-09-22T18:37:06.9145724Z   ACTIONS_RUNNER_HOOK_JOB_STARTED: /runs-on/pre.sh
2026-09-22T18:37:06.9146161Z   ACTIONS_RUNNER_HOOK_JOB_COMPLETED: /runs-on/post.sh
2026-09-22T18:37:06.9146519Z   GITHUB_SERVER_URL: https://github.com/
2026-09-22T18:37:06.9146828Z   GITHUB_API_URL: https://api.github.com/
2026-09-22T18:37:06.9147117Z   GITHUB_HOST: github.com
2026-09-22T18:37:06.9147428Z   RUNS_ON_RUNNER_NAME: runs-on--i-020d3df8d8e3c3455--fb09f200-7
2026-09-22T18:37:06.9147835Z   RUNS_ON_INSTANCE_LAUNCHED_AT: 2026-09-22T18:36:12Z
2026-09-22T18:37:06.9148176Z   ACTIONS_CACHE_URL: http://10.1.21.182:6871/
2026-09-22T18:37:06.9148483Z   ACTIONS_CACHE_SERVICE_V2: true
2026-09-22T18:37:06.9148767Z   ACTIONS_RESULTS_URL: http://10.1.21.182:6871/
2026-09-22T18:37:06.9149139Z   RUNS_ON_S3_CACHE_REPO_PREFIX: cache/repo/vortex-data/vortex
2026-09-22T18:37:06.9149511Z   RUNS_ON_ACTION_COST_TRACKING_CLAIMED: true
2026-09-22T18:37:06.9149807Z   RUSTUP_TOOLCHAIN: 1.98.0
2026-09-22T18:37:06.9150034Z ##[endgroup]
2026-09-22T18:37:06.9187726Z === CPU Model ===
2026-09-22T18:37:06.9368951Z Architecture:                            aarch64
2026-09-22T18:37:06.9369307Z CPU op-mode(s):                          32-bit, 64-bit
2026-09-22T18:37:06.9369661Z Byte Order:                              Little Endian
2026-09-22T18:37:06.9369979Z CPU(s):                                  64
2026-09-22T18:37:06.9370279Z On-line CPU(s) list:                     0-63
2026-09-22T18:37:06.9370600Z Vendor ID:                               ARM
2026-09-22T18:37:06.9370914Z Model name:                              Neoverse-V1
2026-09-22T18:37:06.9371228Z Model:                                   1
2026-09-22T18:37:06.9371549Z Thread(s) per core:                      1
2026-09-22T18:37:06.9371844Z Core(s) per socket:                      64
2026-09-22T18:37:06.9372131Z Socket(s):                               1
2026-09-22T18:37:06.9372420Z Stepping:                                r1p1
2026-09-22T18:37:06.9372728Z BogoMIPS:                                2100.00
2026-09-22T18:37:06.9373734Z Flags:                                   fp asimd evtstrm aes pmull sha1 sha2 crc32 atomics fphp asimdhp cpuid asimdrdm jscvt fcma lrcpc dcpop sha3 sm3 sm4 asimddp sha512 sve asimdfhm dit uscat ilrcpc flagm paca pacg dcpodp svei8mm svebf16 i8mm bf16 dgh rng
2026-09-22T18:37:06.9374765Z L1d cache:                               4 MiB (64 instances)
2026-09-22T18:37:06.9375135Z L1i cache:                               4 MiB (64 instances)
2026-09-22T18:37:06.9375795Z L2 cache:                                64 MiB (64 instances)
2026-09-22T18:37:06.9376239Z L3 cache:                                32 MiB (1 instance)
2026-09-22T18:37:06.9376721Z NUMA node(s):                            1
2026-09-22T18:37:06.9377035Z NUMA node0 CPU(s):                       0-63
2026-09-22T18:37:06.9377379Z Vulnerability Gather data sampling:      Not affected
2026-09-22T18:37:06.9377754Z Vulnerability Ghostwrite:                Not affected
2026-09-22T18:37:06.9378126Z Vulnerability Indirect target selection: Not affected
2026-09-22T18:37:06.9378495Z Vulnerability Itlb multihit:             Not affected
2026-09-22T18:37:06.9378854Z Vulnerability L1tf:                      Not affected
2026-09-22T18:37:06.9379203Z Vulnerability Mds:                       Not affected
2026-09-22T18:37:06.9379554Z Vulnerability Meltdown:                  Not affected
2026-09-22T18:37:06.9379914Z Vulnerability Mmio stale data:           Not affected
2026-09-22T18:37:06.9380284Z Vulnerability Old microcode:             Not affected
2026-09-22T18:37:06.9380651Z Vulnerability Reg file data sampling:    Not affected
2026-09-22T18:37:06.9381026Z Vulnerability Retbleed:                  Not affected
2026-09-22T18:37:06.9381394Z Vulnerability Spec rstack overflow:      Not affected
2026-09-22T18:37:06.9381908Z Vulnerability Spec store bypass:         Mitigation; Speculative Store Bypass disabled via prctl
2026-09-22T18:37:06.9382516Z Vulnerability Spectre v1:                Mitigation; __user pointer sanitization
2026-09-22T18:37:06.9383003Z Vulnerability Spectre v2:                Mitigation; CSV2, BHB
2026-09-22T18:37:06.9383407Z Vulnerability Srbds:                     Not affected
2026-09-22T18:37:06.9383767Z Vulnerability Tsa:                       Not affected
2026-09-22T18:37:06.9384127Z Vulnerability Tsx async abort:           Not affected
2026-09-22T18:37:06.9384490Z Vulnerability Vmscape:                   Not affected
2026-09-22T18:37:06.9384820Z === /proc/cpuinfo summary ===
2026-09-22T18:37:06.9388872Z 64
2026-09-22T18:37:06.9389865Z === CPU Flags ===
2026-09-22T18:37:06.9398937Z Features	: fp asimd evtstrm aes pmull sha1 sha2 crc32 atomics fphp asimdhp cpuid asimdrdm jscvt fcma lrcpc dcpop sha3 sm3 sm4 asimddp sha512 sve asimdfhm dit uscat ilrcpc flagm paca pacg dcpodp svei8mm svebf16 i8mm bf16 dgh rng
2026-09-22T18:37:06.9399967Z === Memory ===
2026-09-22T18:37:06.9424483Z                total        used        free      shared  buff/cache   available
2026-09-22T18:37:06.9424930Z Mem:           125Gi       6.8Gi       118Gi        46Mi       1.1Gi       118Gi
2026-09-22T18:37:06.9425305Z Swap:             0B          0B          0B
2026-09-22T18:37:06.9425777Z === /proc/meminfo ===
2026-09-22T18:37:06.9432739Z MemTotal:       131612296 kB
2026-09-22T18:37:06.9433037Z MemFree:        124448104 kB
2026-09-22T18:37:06.9433312Z MemAvailable:   124507424 kB
2026-09-22T18:37:06.9433557Z Buffers:           38844 kB
2026-09-22T18:37:06.9433798Z Cached:          1021804 kB
2026-09-22T18:37:06.9434029Z SwapCached:            0 kB
2026-09-22T18:37:06.9434258Z Active:           611528 kB
2026-09-22T18:37:06.9434487Z Inactive:         714788 kB
2026-09-22T18:37:06.9434726Z Active(anon):     313172 kB
2026-09-22T18:37:06.9434956Z Inactive(anon):        0 kB
2026-09-22T18:37:06.9435190Z Active(file):     298356 kB
2026-09-22T18:37:06.9435421Z Inactive(file):   714788 kB
2026-09-22T18:37:06.9435656Z Unevictable:           0 kB
2026-09-22T18:37:06.9435886Z Mlocked:               0 kB
2026-09-22T18:37:06.9436165Z SwapTotal:             0 kB
2026-09-22T18:37:06.9436402Z SwapFree:              0 kB
2026-09-22T18:37:06.9436626Z Zswap:                 0 kB
2026-09-22T18:37:06.9436857Z Zswapped:              0 kB
2026-09-22T18:37:06.9437083Z Dirty:            580076 kB
2026-09-22T18:37:06.9437308Z Writeback:             0 kB
2026-09-22T18:37:06.9437540Z AnonPages:        266192 kB
2026-09-22T18:37:06.9437770Z Mapped:           172468 kB
2026-09-22T18:37:06.9438314Z Shmem:             47424 kB
2026-09-22T18:37:06.9438550Z KReclaimable:      77940 kB
2026-09-22T18:37:06.9438779Z Slab:             313176 kB
2026-09-22T18:37:06.9439008Z SReclaimable:      77940 kB
2026-09-22T18:37:06.9439380Z SUnreclaim:       235236 kB
2026-09-22T18:37:06.9439633Z KernelStack:       14512 kB
2026-09-22T18:37:06.9439871Z ShadowCallStack:    4412 kB
2026-09-22T18:37:06.9440114Z PageTables:         5676 kB
2026-09-22T18:37:06.9440356Z SecPageTables:      2700 kB
2026-09-22T18:37:06.9440592Z NFS_Unstable:          0 kB
2026-09-22T18:37:06.9440824Z Bounce:                0 kB
2026-09-22T18:37:06.9441056Z WritebackTmp:          0 kB
2026-09-22T18:37:06.9441292Z CommitLimit:    65806148 kB
2026-09-22T18:37:06.9441526Z Committed_AS:    2296552 kB
2026-09-22T18:37:06.9441766Z VmallocTotal:   135288315904 kB
2026-09-22T18:37:06.9442011Z VmallocUsed:       40964 kB
2026-09-22T18:37:06.9442245Z VmallocChunk:          0 kB
2026-09-22T18:37:06.9442479Z Percpu:            57856 kB
2026-09-22T18:37:06.9442725Z HardwareCorrupted:     0 kB
2026-09-22T18:37:06.9442968Z AnonHugePages:         0 kB
2026-09-22T18:37:06.9443208Z ShmemHugePages:        0 kB
2026-09-22T18:37:06.9443453Z ShmemPmdMapped:        0 kB
2026-09-22T18:37:06.9443699Z FileHugePages:    475136 kB
2026-09-22T18:37:06.9443940Z FilePmdMapped:         0 kB
2026-09-22T18:37:06.9444175Z CmaTotal:              0 kB
2026-09-22T18:37:06.9444401Z CmaFree:               0 kB
2026-09-22T18:37:06.9444627Z Balloon:               0 kB
2026-09-22T18:37:06.9444858Z HugePages_Total:       0
2026-09-22T18:37:06.9445094Z HugePages_Free:        0
2026-09-22T18:37:06.9445324Z HugePages_Rsvd:        0
2026-09-22T18:37:06.9445555Z HugePages_Surp:        0
2026-09-22T18:37:06.9445786Z Hugepagesize:       2048 kB
2026-09-22T18:37:06.9446103Z Hugetlb:               0 kB
2026-09-22T18:37:06.9446359Z === Block Devices ===
2026-09-22T18:37:06.9452898Z NAME         MAJ:MIN RM  SIZE RO TYPE MOUNTPOINTS
2026-09-22T18:37:06.9453210Z nvme0n1      259:0    0  100G  0 disk 
2026-09-22T18:37:06.9453508Z ├─nvme0n1p1  259:1    0   99G  0 part /
2026-09-22T18:37:06.9453814Z ├─nvme0n1p15 259:2    0   99M  0 part /boot/efi
2026-09-22T18:37:06.9454128Z └─nvme0n1p16 259:3    0  923M  0 part /boot
2026-09-22T18:37:06.9454412Z === Disk Usage ===
2026-09-22T18:37:06.9514661Z Filesystem      Type      Size  Used Avail Use% Mounted on
2026-09-22T18:37:06.9515041Z tmpfs           tmpfs      13G  1.4M   13G   1% /run
2026-09-22T18:37:06.9515446Z efivarfs        efivarfs  512K  4.1K  508K   1% /sys/firmware/efi/efivars
2026-09-22T18:37:06.9515851Z /dev/nvme0n1p1  ext4       96G   16G   81G  16% /
2026-09-22T18:37:06.9516232Z tmpfs           tmpfs      63G     0   63G   0% /dev/shm
2026-09-22T18:37:06.9516587Z tmpfs           tmpfs     5.0M     0  5.0M   0% /run/lock
2026-09-22T18:37:06.9516936Z tmpfs           tmpfs      63G     0   63G   0% /run/qemu
2026-09-22T18:37:06.9517288Z /dev/nvme0n1p16 ext4      891M   62M  767M   8% /boot
2026-09-22T18:37:06.9517652Z /dev/nvme0n1p15 vfat       98M  6.4M   92M   7% /boot/efi
2026-09-22T18:37:06.9517987Z === Mounts ===
2026-09-22T18:37:06.9527752Z /dev/nvme0n1p1 on / type ext4 (rw,relatime,discard,errors=remount-ro,commit=30)
2026-09-22T18:37:06.9528229Z /dev/nvme0n1p16 on /boot type ext4 (rw,relatime)
2026-09-22T18:37:06.9528989Z /dev/nvme0n1p15 on /boot/efi type vfat (rw,relatime,fmask=0077,dmask=0077,codepage=437,iocharset=iso8859-1,shortname=mixed,errors=remount-ro)
2026-09-22T18:37:06.9529621Z === NVMe Devices ===
2026-09-22T18:37:06.9539717Z crw------- 1 root root 236, 0 Sep 22 18:36 /dev/nvme0
2026-09-22T18:37:06.9540080Z brw-rw---- 1 root disk 259, 0 Sep 22 18:36 /dev/nvme0n1
2026-09-22T18:37:06.9540450Z brw-rw---- 1 root disk 259, 1 Sep 22 18:36 /dev/nvme0n1p1
2026-09-22T18:37:06.9540835Z brw-rw---- 1 root disk 259, 2 Sep 22 18:36 /dev/nvme0n1p15
2026-09-22T18:37:06.9541212Z brw-rw---- 1 root disk 259, 3 Sep 22 18:36 /dev/nvme0n1p16
2026-09-22T18:37:06.9588457Z ##[end-action id=__self_2.__run;outcome=success;conclusion=success;duration_ms=49]
2026-09-22T18:37:06.9737912Z ##[group]Run taiki-e/cache-cargo-install-action@66c9585ef5ca780ee69399975a5e911f47905995
2026-09-22T18:37:06.9738411Z with:
2026-09-22T18:37:06.9738610Z   tool: cargo-codspeed
2026-09-22T18:37:06.9738828Z   locked: true
2026-09-22T18:37:06.9739039Z   no-default-features: false
2026-09-22T18:37:06.9739284Z   all-features: false
2026-09-22T18:37:06.9739489Z env:
2026-09-22T18:37:06.9739671Z   CARGO_TERM_COLOR: always
2026-09-22T18:37:06.9739900Z   RUST_BACKTRACE: 1
2026-09-22T18:37:06.9740128Z   NIGHTLY_TOOLCHAIN: nightly-2026-09-10
2026-09-22T18:37:06.9740561Z   RUNNER_TOOL_CACHE: /opt/hostedtoolcache
2026-09-22T18:37:06.9741052Z   RUNS_ON_HOME: /runs-on
2026-09-22T18:37:06.9741335Z   RUNS_ON_VERSION: v3.3.0
2026-09-22T18:37:06.9741668Z   RUNS_ON_AGENT_BINARY: /runs-on/agent
2026-09-22T18:37:06.9742039Z   RUNS_ON_AGENT_ARCH: arm64
2026-09-22T18:37:06.9742328Z   RUNS_ON_AGENT_USER: runner
2026-09-22T18:37:06.9742691Z   RUNS_ON_AMI_ID: ami-098c62767651982c5
2026-09-22T18:37:06.9743084Z   RUNS_ON_AWS_REGION: us-east-1
2026-09-22T18:37:06.9743468Z   RUNS_ON_AWS_AZ: us-east-1b
2026-09-22T18:37:06.9743793Z   RUNS_ON_ENV_CUSTOM_FILE: /runs-on/env.custom
2026-09-22T18:37:06.9744193Z   RUNS_ON_INSTANCE_ID: i-020d3df8d8e3c3455
2026-09-22T18:37:06.9744544Z   RUNS_ON_INSTANCE_LIFECYCLE: spot
2026-09-22T18:37:06.9744867Z   RUNS_ON_INSTANCE_TYPE: c7g.metal
2026-09-22T18:37:06.9745270Z   RUNS_ON_STACK_NAME: runs-on-v3
2026-09-22T18:37:06.9745658Z   RUNS_ON_S3_BUCKET_CACHE: runs-on-v3-s3bucketcache-dbnub4tpjhpv
2026-09-22T18:37:06.9746229Z   ACTIONS_RUNNER_HOOK_JOB_STARTED: /runs-on/pre.sh
2026-09-22T18:37:06.9746667Z   ACTIONS_RUNNER_HOOK_JOB_COMPLETED: /runs-on/post.sh
2026-09-22T18:37:06.9747209Z   GITHUB_SERVER_URL: https://github.com/
2026-09-22T18:37:06.9747618Z   GITHUB_API_URL: https://api.github.com/
2026-09-22T18:37:06.9747953Z   GITHUB_HOST: github.com
2026-09-22T18:37:06.9748356Z   RUNS_ON_RUNNER_NAME: runs-on--i-020d3df8d8e3c3455--fb09f200-7
2026-09-22T18:37:06.9748814Z   RUNS_ON_INSTANCE_LAUNCHED_AT: 2026-09-22T18:36:12Z
2026-09-22T18:37:06.9749205Z   ACTIONS_CACHE_URL: http://10.1.21.182:6871/
2026-09-22T18:37:06.9749652Z   ACTIONS_CACHE_SERVICE_V2: true
2026-09-22T18:37:06.9749984Z   ACTIONS_RESULTS_URL: http://10.1.21.182:6871/
2026-09-22T18:37:06.9750446Z   RUNS_ON_S3_CACHE_REPO_PREFIX: cache/repo/vortex-data/vortex
2026-09-22T18:37:06.9750874Z   RUNS_ON_ACTION_COST_TRACKING_CLAIMED: true
2026-09-22T18:37:06.9751208Z   RUSTUP_TOOLCHAIN: 1.98.0
2026-09-22T18:37:06.9751573Z ##[endgroup]
2026-09-22T18:37:06.9762841Z ##[start-action display=Prepare (non-Windows);id=__taiki-e_cache-cargo-install-action.pre-unix]
2026-09-22T18:37:06.9783208Z ##[group]Run set -eu
2026-09-22T18:37:06.9783544Z [36;1mset -eu[0m
2026-09-22T18:37:06.9783872Z [36;1mif ! command -v bash >/dev/null; then[0m
2026-09-22T18:37:06.9784328Z [36;1m  if grep -Eq '^ID=alpine' /etc/os-release; then[0m
2026-09-22T18:37:06.9784919Z [36;1m    printf '::group::Install packages required for cache-cargo-install-action (bash)\n'[0m
2026-09-22T18:37:06.9785568Z [36;1m    # NB: sync with apk_install in pre.sh[0m
2026-09-22T18:37:06.9785954Z [36;1m    if command -v sudo >/dev/null; then[0m
2026-09-22T18:37:06.9786437Z [36;1m      sudo apk --no-cache add bash[0m
2026-09-22T18:37:06.9786854Z [36;1m    elif command -v doas >/dev/null; then[0m
2026-09-22T18:37:06.9787228Z [36;1m      doas apk --no-cache add bash[0m
2026-09-22T18:37:06.9787606Z [36;1m    else[0m
2026-09-22T18:37:06.9787871Z [36;1m      apk --no-cache add bash[0m
2026-09-22T18:37:06.9788204Z [36;1m    fi[0m
2026-09-22T18:37:06.9788498Z [36;1m    printf '::endgroup::\n'[0m
2026-09-22T18:37:06.9788800Z [36;1m  else[0m
2026-09-22T18:37:06.9789197Z [36;1m    printf '::error::cache-cargo-install-action requires bash\n'[0m
2026-09-22T18:37:06.9789649Z [36;1m    exit 1[0m
2026-09-22T18:37:06.9789919Z [36;1m  fi[0m
2026-09-22T18:37:06.9790188Z [36;1mfi[0m
2026-09-22T18:37:06.9790525Z [36;1mbash --noprofile --norc "${GITHUB_ACTION_PATH:?}/pre.sh"[0m
2026-09-22T18:37:06.9809705Z shell: /usr/bin/sh -e {0}
2026-09-22T18:37:06.9810147Z env:
2026-09-22T18:37:06.9810428Z   CARGO_TERM_COLOR: always
2026-09-22T18:37:06.9810734Z   RUST_BACKTRACE: 1
2026-09-22T18:37:06.9811098Z   NIGHTLY_TOOLCHAIN: nightly-2026-09-10
2026-09-22T18:37:06.9811454Z   RUNNER_TOOL_CACHE: /opt/hostedtoolcache
2026-09-22T18:37:06.9811815Z   RUNS_ON_HOME: /runs-on
2026-09-22T18:37:06.9812104Z   RUNS_ON_VERSION: v3.3.0
2026-09-22T18:37:06.9812406Z   RUNS_ON_AGENT_BINARY: /runs-on/agent
2026-09-22T18:37:06.9812818Z   RUNS_ON_AGENT_ARCH: arm64
2026-09-22T18:37:06.9813108Z   RUNS_ON_AGENT_USER: runner
2026-09-22T18:37:06.9813438Z   RUNS_ON_AMI_ID: ami-098c62767651982c5
2026-09-22T18:37:06.9813783Z   RUNS_ON_AWS_REGION: us-east-1
2026-09-22T18:37:06.9814087Z   RUNS_ON_AWS_AZ: us-east-1b
2026-09-22T18:37:06.9814495Z   RUNS_ON_ENV_CUSTOM_FILE: /runs-on/env.custom
2026-09-22T18:37:06.9814865Z   RUNS_ON_INSTANCE_ID: i-020d3df8d8e3c3455
2026-09-22T18:37:06.9815237Z   RUNS_ON_INSTANCE_LIFECYCLE: spot
2026-09-22T18:37:06.9815586Z   RUNS_ON_INSTANCE_TYPE: c7g.metal
2026-09-22T18:37:06.9815909Z   RUNS_ON_STACK_NAME: runs-on-v3
2026-09-22T18:37:06.9816449Z   RUNS_ON_S3_BUCKET_CACHE: runs-on-v3-s3bucketcache-dbnub4tpjhpv
2026-09-22T18:37:06.9816937Z   ACTIONS_RUNNER_HOOK_JOB_STARTED: /runs-on/pre.sh
2026-09-22T18:37:06.9817379Z   ACTIONS_RUNNER_HOOK_JOB_COMPLETED: /runs-on/post.sh
2026-09-22T18:37:06.9817789Z   GITHUB_SERVER_URL: https://github.com/
2026-09-22T18:37:06.9818149Z   GITHUB_API_URL: https://api.github.com/
2026-09-22T18:37:06.9836953Z   GITHUB_HOST: github.com
2026-09-22T18:37:06.9837372Z   RUNS_ON_RUNNER_NAME: runs-on--i-020d3df8d8e3c3455--fb09f200-7
2026-09-22T18:37:06.9837779Z   RUNS_ON_INSTANCE_LAUNCHED_AT: 2026-09-22T18:36:12Z
2026-09-22T18:37:06.9838125Z   ACTIONS_CACHE_URL: http://10.1.21.182:6871/
2026-09-22T18:37:06.9838430Z   ACTIONS_CACHE_SERVICE_V2: true
2026-09-22T18:37:06.9838718Z   ACTIONS_RESULTS_URL: http://10.1.21.182:6871/
2026-09-22T18:37:06.9839100Z   RUNS_ON_S3_CACHE_REPO_PREFIX: cache/repo/vortex-data/vortex
2026-09-22T18:37:06.9839475Z   RUNS_ON_ACTION_COST_TRACKING_CLAIMED: true
2026-09-22T18:37:06.9839766Z   RUSTUP_TOOLCHAIN: 1.98.0
2026-09-22T18:37:06.9840006Z   INPUT_TOOL: cargo-codspeed
2026-09-22T18:37:06.9840244Z   INPUT_LOCKED: true
2026-09-22T18:37:06.9840451Z   INPUT_GIT: 
2026-09-22T18:37:06.9840636Z   INPUT_TAG: 
2026-09-22T18:37:06.9840820Z   INPUT_REV: 
2026-09-22T18:37:06.9841006Z   INPUT_FEATURES: 
2026-09-22T18:37:06.9841226Z   INPUT_NO_DEFAULT_FEATURES: false
2026-09-22T18:37:06.9841489Z   INPUT_ALL_FEATURES: false
2026-09-22T18:37:06.9841947Z   ACTION_USER_AGENT: taiki-e/cache-cargo-install-action (66c9585ef5ca780ee69399975a5e911f47905995)
2026-09-22T18:37:06.9842431Z ##[endgroup]
2026-09-22T18:37:07.1049760Z ##[end-action id=__taiki-e_cache-cargo-install-action.pre-unix;outcome=success;conclusion=success;duration_ms=128]
2026-09-22T18:37:07.1054105Z ##[start-action display=Prepare (Windows);id=__taiki-e_cache-cargo-install-action.pre-windows]
2026-09-22T18:37:07.1057901Z ##[end-action id=__taiki-e_cache-cargo-install-action.pre-windows;outcome=skipped;conclusion=skipped;duration_ms=0]
2026-09-22T18:37:07.1060012Z ##[start-action display=Restore Cache;id=__taiki-e_cache-cargo-install-action.cache]
2026-09-22T18:37:07.1102457Z ##[group]Run actions/cache@668228422ae6a00e4ad889ee87cd7109ec5666a7
2026-09-22T18:37:07.1102815Z with:
2026-09-22T18:37:07.1103052Z   path: /opt/hostedtoolcache/cargo-codspeed/bin
2026-09-22T18:37:07.1103711Z   key: cargo-codspeed-5.0.2-aarch64-linux-gnu-2.39-features-default-no-default-features-false-all-features-false
2026-09-22T18:37:07.1104353Z   enableCrossOsArchive: false
2026-09-22T18:37:07.1104612Z   fail-on-cache-miss: false
2026-09-22T18:37:07.1104856Z   lookup-only: false
2026-09-22T18:37:07.1105070Z   save-always: false
2026-09-22T18:37:07.1105272Z env:
2026-09-22T18:37:07.1105458Z   CARGO_TERM_COLOR: always
2026-09-22T18:37:07.1105686Z   RUST_BACKTRACE: 1
2026-09-22T18:37:07.1105914Z   NIGHTLY_TOOLCHAIN: nightly-2026-09-10
2026-09-22T18:37:07.1106679Z   RUNNER_TOOL_CACHE: /opt/hostedtoolcache
2026-09-22T18:37:07.1106971Z   RUNS_ON_HOME: /runs-on
2026-09-22T18:37:07.1107201Z   RUNS_ON_VERSION: v3.3.0
2026-09-22T18:37:07.1107450Z   RUNS_ON_AGENT_BINARY: /runs-on/agent
2026-09-22T18:37:07.1107724Z   RUNS_ON_AGENT_ARCH: arm64
2026-09-22T18:37:07.1107968Z   RUNS_ON_AGENT_USER: runner
2026-09-22T18:37:07.1108218Z   RUNS_ON_AMI_ID: ami-098c62767651982c5
2026-09-22T18:37:07.1108497Z   RUNS_ON_AWS_REGION: us-east-1
2026-09-22T18:37:07.1108748Z   RUNS_ON_AWS_AZ: us-east-1b
2026-09-22T18:37:07.1109015Z   RUNS_ON_ENV_CUSTOM_FILE: /runs-on/env.custom
2026-09-22T18:37:07.1109344Z   RUNS_ON_INSTANCE_ID: i-020d3df8d8e3c3455
2026-09-22T18:37:07.1109640Z   RUNS_ON_INSTANCE_LIFECYCLE: spot
2026-09-22T18:37:07.1109916Z   RUNS_ON_INSTANCE_TYPE: c7g.metal
2026-09-22T18:37:07.1110184Z   RUNS_ON_STACK_NAME: runs-on-v3
2026-09-22T18:37:07.1110525Z   RUNS_ON_S3_BUCKET_CACHE: runs-on-v3-s3bucketcache-dbnub4tpjhpv
2026-09-22T18:37:07.1110938Z   ACTIONS_RUNNER_HOOK_JOB_STARTED: /runs-on/pre.sh
2026-09-22T18:37:07.1111310Z   ACTIONS_RUNNER_HOOK_JOB_COMPLETED: /runs-on/post.sh
2026-09-22T18:37:07.1111661Z   GITHUB_SERVER_URL: https://github.com/
2026-09-22T18:37:07.1111969Z   GITHUB_API_URL: https://api.github.com/
2026-09-22T18:37:07.1112258Z   GITHUB_HOST: github.com
2026-09-22T18:37:07.1112574Z   RUNS_ON_RUNNER_NAME: runs-on--i-020d3df8d8e3c3455--fb09f200-7
2026-09-22T18:37:07.1112970Z   RUNS_ON_INSTANCE_LAUNCHED_AT: 2026-09-22T18:36:12Z
2026-09-22T18:37:07.1113315Z   ACTIONS_CACHE_URL: http://10.1.21.182:6871/
2026-09-22T18:37:07.1113622Z   ACTIONS_CACHE_SERVICE_V2: true
2026-09-22T18:37:07.1113916Z   ACTIONS_RESULTS_URL: http://10.1.21.182:6871/
2026-09-22T18:37:07.1114292Z   RUNS_ON_S3_CACHE_REPO_PREFIX: cache/repo/vortex-data/vortex
2026-09-22T18:37:07.1114660Z   RUNS_ON_ACTION_COST_TRACKING_CLAIMED: true
2026-09-22T18:37:07.1114952Z   RUSTUP_TOOLCHAIN: 1.98.0
2026-09-22T18:37:07.1115179Z ##[endgroup]
2026-09-22T18:37:07.3462305Z Cache hit for: cargo-codspeed-5.0.2-aarch64-linux-gnu-2.39-features-default-no-default-features-false-all-features-false
2026-09-22T18:37:07.4021555Z Cache Size: ~1 MB (941982 B)
2026-09-22T18:37:07.4040477Z [command]/usr/bin/tar -xf /home/runner/_work/_temp/e1c247b2-f8c9-4588-8551-94d08dcc68ce/cache.tzst -P -C /home/runner/_work/vortex/vortex --use-compress-program unzstd
2026-09-22T18:37:07.4124585Z Cache restored successfully
2026-09-22T18:37:07.4750320Z Cache restored from key: cargo-codspeed-5.0.2-aarch64-linux-gnu-2.39-features-default-no-default-features-false-all-features-false
2026-09-22T18:37:07.4803985Z ##[end-action id=__taiki-e_cache-cargo-install-action.cache;outcome=success;conclusion=success;duration_ms=374]
2026-09-22T18:37:07.4817585Z ##[start-action display=Install cargo-codspeed (non-Windows);id=__taiki-e_cache-cargo-install-action.__run]
2026-09-22T18:37:07.4822194Z ##[end-action id=__taiki-e_cache-cargo-install-action.__run;outcome=skipped;conclusion=skipped;duration_ms=0]
2026-09-22T18:37:07.4827550Z ##[start-action display=Install cargo-codspeed (Windows);id=__taiki-e_cache-cargo-install-action.__run_2]
2026-09-22T18:37:07.4831877Z ##[end-action id=__taiki-e_cache-cargo-install-action.__run_2;outcome=skipped;conclusion=skipped;duration_ms=0]
2026-09-22T18:37:07.4878702Z ##[group]Run actions/download-artifact@3e5f45b2cfb9172054b4087a40e8e0b5a5461e7c
2026-09-22T18:37:07.4879185Z with:
2026-09-22T18:37:07.4879398Z   name: codspeed-cpu-benchmarks-neon
2026-09-22T18:37:07.4879683Z   merge-multiple: false
2026-09-22T18:37:07.4879923Z   repository: vortex-data/vortex
2026-09-22T18:37:07.4880175Z   run-id: 35767877888
2026-09-22T18:37:07.4880396Z   skip-decompress: false
2026-09-22T18:37:07.4880636Z   digest-mismatch: error
2026-09-22T18:37:07.4880855Z env:
2026-09-22T18:37:07.4881037Z   CARGO_TERM_COLOR: always
2026-09-22T18:37:07.4881264Z   RUST_BACKTRACE: 1
2026-09-22T18:37:07.4881491Z   NIGHTLY_TOOLCHAIN: nightly-2026-09-10
2026-09-22T18:37:07.4881789Z   RUNNER_TOOL_CACHE: /opt/hostedtoolcache
2026-09-22T18:37:07.4882307Z   RUNS_ON_HOME: /runs-on
2026-09-22T18:37:07.4882533Z   RUNS_ON_VERSION: v3.3.0
2026-09-22T18:37:07.4882778Z   RUNS_ON_AGENT_BINARY: /runs-on/agent
2026-09-22T18:37:07.4883051Z   RUNS_ON_AGENT_ARCH: arm64
2026-09-22T18:37:07.4883318Z   RUNS_ON_AGENT_USER: runner
2026-09-22T18:37:07.4883572Z   RUNS_ON_AMI_ID: ami-098c62767651982c5
2026-09-22T18:37:07.4883850Z   RUNS_ON_AWS_REGION: us-east-1
2026-09-22T18:37:07.4884100Z   RUNS_ON_AWS_AZ: us-east-1b
2026-09-22T18:37:07.4884368Z   RUNS_ON_ENV_CUSTOM_FILE: /runs-on/env.custom
2026-09-22T18:37:07.4884693Z   RUNS_ON_INSTANCE_ID: i-020d3df8d8e3c3455
2026-09-22T18:37:07.4884985Z   RUNS_ON_INSTANCE_LIFECYCLE: spot
2026-09-22T18:37:07.4885257Z   RUNS_ON_INSTANCE_TYPE: c7g.metal
2026-09-22T18:37:07.4885523Z   RUNS_ON_STACK_NAME: runs-on-v3
2026-09-22T18:37:07.4885860Z   RUNS_ON_S3_BUCKET_CACHE: runs-on-v3-s3bucketcache-dbnub4tpjhpv
2026-09-22T18:37:07.4886351Z   ACTIONS_RUNNER_HOOK_JOB_STARTED: /runs-on/pre.sh
2026-09-22T18:37:07.4886721Z   ACTIONS_RUNNER_HOOK_JOB_COMPLETED: /runs-on/post.sh
2026-09-22T18:37:07.4887081Z   GITHUB_SERVER_URL: https://github.com/
2026-09-22T18:37:07.4887395Z   GITHUB_API_URL: https://api.github.com/
2026-09-22T18:37:07.4887684Z   GITHUB_HOST: github.com
2026-09-22T18:37:07.4888002Z   RUNS_ON_RUNNER_NAME: runs-on--i-020d3df8d8e3c3455--fb09f200-7
2026-09-22T18:37:07.4888403Z   RUNS_ON_INSTANCE_LAUNCHED_AT: 2026-09-22T18:36:12Z
2026-09-22T18:37:07.4888745Z   ACTIONS_CACHE_URL: http://10.1.21.182:6871/
2026-09-22T18:37:07.4889051Z   ACTIONS_CACHE_SERVICE_V2: true
2026-09-22T18:37:07.4889338Z   ACTIONS_RESULTS_URL: http://10.1.21.182:6871/
2026-09-22T18:37:07.4889712Z   RUNS_ON_S3_CACHE_REPO_PREFIX: cache/repo/vortex-data/vortex
2026-09-22T18:37:07.4890078Z   RUNS_ON_ACTION_COST_TRACKING_CLAIMED: true
2026-09-22T18:37:07.4890375Z   RUSTUP_TOOLCHAIN: 1.98.0
2026-09-22T18:37:07.4890604Z ##[endgroup]
2026-09-22T18:37:07.6125621Z Downloading single artifact
2026-09-22T18:37:07.6929183Z Preparing to download the following artifacts:
2026-09-22T18:37:07.6929985Z - codspeed-cpu-benchmarks-neon (ID: 10712324446, Size: 461124571, Expected Digest: sha256:48d09adbb42e8447b2eec90bef430e9fd5daa969e919dc9ead62722a0b09ba98)
2026-09-22T18:37:07.8335654Z Redirecting to blob download url: https://productionresultssa9.blob.core.windows.net/actions-results/f2247f35-f878-406c-96a0-c339f9d6b03d/workflow-job-run-456462eb-98b8-58d1-b7af-80259989375a/artifacts/b084f87fa3d3be6ff57d62c23d6a3dfa10a6bab8d232c864c43734870b35e840.zip
2026-09-22T18:37:07.8337110Z Starting download of artifact to: /home/runner/_work/vortex/vortex
2026-09-22T18:37:07.9409691Z (node:2637) [DEP0005] DeprecationWarning: Buffer() is deprecated due to security and usability issues. Please use the Buffer.alloc(), Buffer.allocUnsafe(), or Buffer.from() methods instead.
2026-09-22T18:37:07.9410666Z (Use `node --trace-deprecation ...` to show where the warning was created)
2026-09-22T18:37:16.3911835Z SHA256 digest of downloaded artifact is 48d09adbb42e8447b2eec90bef430e9fd5daa969e919dc9ead62722a0b09ba98
2026-09-22T18:37:16.3912482Z Artifact download completed successfully.
2026-09-22T18:37:16.3912789Z Total of 1 artifact(s) downloaded
2026-09-22T18:37:16.3918778Z Download artifact has finished successfully
2026-09-22T18:37:16.4100537Z ##[group]Run mkdir -p target
2026-09-22T18:37:16.4100904Z [36;1mmkdir -p target[0m
2026-09-22T18:37:16.4101222Z [36;1mtar -C target -xf codspeed-cpu-benchmarks.tar[0m
2026-09-22T18:37:16.4124801Z shell: /usr/bin/bash -e {0}
2026-09-22T18:37:16.4125051Z env:
2026-09-22T18:37:16.4125246Z   CARGO_TERM_COLOR: always
2026-09-22T18:37:16.4125485Z   RUST_BACKTRACE: 1
2026-09-22T18:37:16.4125717Z   NIGHTLY_TOOLCHAIN: nightly-2026-09-10
2026-09-22T18:37:16.4126093Z   RUNNER_TOOL_CACHE: /opt/hostedtoolcache
2026-09-22T18:37:16.4126389Z   RUNS_ON_HOME: /runs-on
2026-09-22T18:37:16.4126624Z   RUNS_ON_VERSION: v3.3.0
2026-09-22T18:37:16.4126877Z   RUNS_ON_AGENT_BINARY: /runs-on/agent
2026-09-22T18:37:16.4127160Z   RUNS_ON_AGENT_ARCH: arm64
2026-09-22T18:37:16.4127405Z   RUNS_ON_AGENT_USER: runner
2026-09-22T18:37:16.4127903Z   RUNS_ON_AMI_ID: ami-098c62767651982c5
2026-09-22T18:37:16.4128194Z   RUNS_ON_AWS_REGION: us-east-1
2026-09-22T18:37:16.4128451Z   RUNS_ON_AWS_AZ: us-east-1b
2026-09-22T18:37:16.4128763Z   RUNS_ON_ENV_CUSTOM_FILE: /runs-on/env.custom
2026-09-22T18:37:16.4129089Z   RUNS_ON_INSTANCE_ID: i-020d3df8d8e3c3455
2026-09-22T18:37:16.4129387Z   RUNS_ON_INSTANCE_LIFECYCLE: spot
2026-09-22T18:37:16.4129663Z   RUNS_ON_INSTANCE_TYPE: c7g.metal
2026-09-22T18:37:16.4129934Z   RUNS_ON_STACK_NAME: runs-on-v3
2026-09-22T18:37:16.4130279Z   RUNS_ON_S3_BUCKET_CACHE: runs-on-v3-s3bucketcache-dbnub4tpjhpv
2026-09-22T18:37:16.4130698Z   ACTIONS_RUNNER_HOOK_JOB_STARTED: /runs-on/pre.sh
2026-09-22T18:37:16.4131067Z   ACTIONS_RUNNER_HOOK_JOB_COMPLETED: /runs-on/post.sh
2026-09-22T18:37:16.4131424Z   GITHUB_SERVER_URL: https://github.com/
2026-09-22T18:37:16.4131744Z   GITHUB_API_URL: https://api.github.com/
2026-09-22T18:37:16.4132038Z   GITHUB_HOST: github.com
2026-09-22T18:37:16.4132356Z   RUNS_ON_RUNNER_NAME: runs-on--i-020d3df8d8e3c3455--fb09f200-7
2026-09-22T18:37:16.4132769Z   RUNS_ON_INSTANCE_LAUNCHED_AT: 2026-09-22T18:36:12Z
2026-09-22T18:37:16.4133123Z   ACTIONS_CACHE_URL: http://10.1.21.182:6871/
2026-09-22T18:37:16.4133430Z   ACTIONS_CACHE_SERVICE_V2: true
2026-09-22T18:37:16.4133720Z   ACTIONS_RESULTS_URL: http://10.1.21.182:6871/
2026-09-22T18:37:16.4134108Z   RUNS_ON_S3_CACHE_REPO_PREFIX: cache/repo/vortex-data/vortex
2026-09-22T18:37:16.4134488Z   RUNS_ON_ACTION_COST_TRACKING_CLAIMED: true
2026-09-22T18:37:16.4134790Z   RUSTUP_TOOLCHAIN: 1.98.0
2026-09-22T18:37:16.4135024Z ##[endgroup]
2026-09-22T18:37:17.7137216Z ##[group]Run sudo bash scripts/setup-benchmark.sh
2026-09-22T18:37:17.7137647Z [36;1msudo bash scripts/setup-benchmark.sh[0m
2026-09-22T18:37:17.7159924Z shell: /usr/bin/bash -e {0}
2026-09-22T18:37:17.7160179Z env:
2026-09-22T18:37:17.7160373Z   CARGO_TERM_COLOR: always
2026-09-22T18:37:17.7160612Z   RUST_BACKTRACE: 1
2026-09-22T18:37:17.7160844Z   NIGHTLY_TOOLCHAIN: nightly-2026-09-10
2026-09-22T18:37:17.7161169Z   RUNNER_TOOL_CACHE: /opt/hostedtoolcache
2026-09-22T18:37:17.7161460Z   RUNS_ON_HOME: /runs-on
2026-09-22T18:37:17.7161692Z   RUNS_ON_VERSION: v3.3.0
2026-09-22T18:37:17.7161943Z   RUNS_ON_AGENT_BINARY: /runs-on/agent
2026-09-22T18:37:17.7162229Z   RUNS_ON_AGENT_ARCH: arm64
2026-09-22T18:37:17.7162472Z   RUNS_ON_AGENT_USER: runner
2026-09-22T18:37:17.7162728Z   RUNS_ON_AMI_ID: ami-098c62767651982c5
2026-09-22T18:37:17.7163011Z   RUNS_ON_AWS_REGION: us-east-1
2026-09-22T18:37:17.7163271Z   RUNS_ON_AWS_AZ: us-east-1b
2026-09-22T18:37:17.7163675Z   RUNS_ON_ENV_CUSTOM_FILE: /runs-on/env.custom
2026-09-22T18:37:17.7164007Z   RUNS_ON_INSTANCE_ID: i-020d3df8d8e3c3455
2026-09-22T18:37:17.7164306Z   RUNS_ON_INSTANCE_LIFECYCLE: spot
2026-09-22T18:37:17.7164582Z   RUNS_ON_INSTANCE_TYPE: c7g.metal
2026-09-22T18:37:17.7164854Z   RUNS_ON_STACK_NAME: runs-on-v3
2026-09-22T18:37:17.7165200Z   RUNS_ON_S3_BUCKET_CACHE: runs-on-v3-s3bucketcache-dbnub4tpjhpv
2026-09-22T18:37:17.7165623Z   ACTIONS_RUNNER_HOOK_JOB_STARTED: /runs-on/pre.sh
2026-09-22T18:37:17.7165991Z   ACTIONS_RUNNER_HOOK_JOB_COMPLETED: /runs-on/post.sh
2026-09-22T18:37:17.7166438Z   GITHUB_SERVER_URL: https://github.com/
2026-09-22T18:37:17.7166765Z   GITHUB_API_URL: https://api.github.com/
2026-09-22T18:37:17.7167062Z   GITHUB_HOST: github.com
2026-09-22T18:37:17.7167380Z   RUNS_ON_RUNNER_NAME: runs-on--i-020d3df8d8e3c3455--fb09f200-7
2026-09-22T18:37:17.7167786Z   RUNS_ON_INSTANCE_LAUNCHED_AT: 2026-09-22T18:36:12Z
2026-09-22T18:37:17.7168135Z   ACTIONS_CACHE_URL: http://10.1.21.182:6871/
2026-09-22T18:37:17.7168450Z   ACTIONS_CACHE_SERVICE_V2: true
2026-09-22T18:37:17.7168742Z   ACTIONS_RESULTS_URL: http://10.1.21.182:6871/
2026-09-22T18:37:17.7169128Z   RUNS_ON_S3_CACHE_REPO_PREFIX: cache/repo/vortex-data/vortex
2026-09-22T18:37:17.7169500Z   RUNS_ON_ACTION_COST_TRACKING_CLAIMED: true
2026-09-22T18:37:17.7169799Z   RUSTUP_TOOLCHAIN: 1.98.0
2026-09-22T18:37:17.7170036Z ##[endgroup]
2026-09-22T18:37:17.7266829Z + '[' 0 -ne 0 ']'
2026-09-22T18:37:17.7267408Z + sysfs_write /sys/devices/system/cpu/intel_pstate/no_turbo 1
2026-09-22T18:37:17.7267758Z + [[ -n 1 ]]
2026-09-22T18:37:17.7268012Z + [[ -w /sys/devices/system/cpu/intel_pstate/no_turbo ]]
2026-09-22T18:37:17.7268340Z + true
2026-09-22T18:37:17.7268583Z + sysfs_write /sys/devices/system/cpu/cpufreq/boost 0
2026-09-22T18:37:17.7268895Z + [[ -n 0 ]]
2026-09-22T18:37:17.7269130Z + [[ -w /sys/devices/system/cpu/cpufreq/boost ]]
2026-09-22T18:37:17.7269424Z + true
2026-09-22T18:37:17.7269674Z + for policy in /sys/devices/system/cpu/cpufreq/policy*
2026-09-22T18:37:17.7270180Z + sysfs_write '/sys/devices/system/cpu/cpufreq/policy*/scaling_governor' performance
2026-09-22T18:37:17.7270631Z + [[ -n performance ]]
2026-09-22T18:37:17.7270955Z + [[ -w /sys/devices/system/cpu/cpufreq/policy*/scaling_governor ]]
2026-09-22T18:37:17.7271309Z + true
2026-09-22T18:37:17.7271593Z ++ cat '/sys/devices/system/cpu/cpufreq/policy*/scaling_max_freq'
2026-09-22T18:37:17.7280672Z + sysfs_write '/sys/devices/system/cpu/cpufreq/policy*/scaling_min_freq' ''
2026-09-22T18:37:17.7281083Z + [[ -n '' ]]
2026-09-22T18:37:17.7281278Z + true
2026-09-22T18:37:17.7281475Z + sysctl -w vm.swappiness=0
2026-09-22T18:37:17.7288151Z vm.swappiness = 0
2026-09-22T18:37:17.7289113Z + swapoff -a
2026-09-22T18:37:17.7310601Z + sysctl -w kernel.numa_balancing=0
2026-09-22T18:37:17.7317540Z kernel.numa_balancing = 0
2026-09-22T18:37:17.7318455Z + sysctl -w kernel.randomize_va_space=0
2026-09-22T18:37:17.7324927Z kernel.randomize_va_space = 0
2026-09-22T18:37:17.7325803Z + sysctl -w kernel.sched_autogroup_enabled=0
2026-09-22T18:37:17.7332587Z kernel.sched_autogroup_enabled = 0
2026-09-22T18:37:17.7333184Z + sysctl -w kernel.timer_migration=0
2026-09-22T18:37:17.7339835Z kernel.timer_migration = 0
2026-09-22T18:37:17.7340634Z + dmesg -n 1
2026-09-22T18:37:17.7360499Z + for unit in apparmor ModemManager irqbalance apt-daily.service apt-daily-upgrade.service apt-daily.timer apt-daily-upgrade.timer motd-news.service motd-news.timer apport
2026-09-22T18:37:17.7361369Z + systemctl disable --now apparmor
2026-09-22T18:37:18.3518357Z + systemctl mask apparmor
2026-09-22T18:37:18.5311534Z + for unit in apparmor ModemManager irqbalance apt-daily.service apt-daily-upgrade.service apt-daily.timer apt-daily-upgrade.timer motd-news.service motd-news.timer apport
2026-09-22T18:37:18.5312401Z + systemctl disable --now ModemManager
2026-09-22T18:37:18.7150907Z + systemctl mask ModemManager
2026-09-22T18:37:18.8962815Z + for unit in apparmor ModemManager irqbalance apt-daily.service apt-daily-upgrade.service apt-daily.timer apt-daily-upgrade.timer motd-news.service motd-news.timer apport
2026-09-22T18:37:18.8963672Z + systemctl disable --now irqbalance
2026-09-22T18:37:19.4478208Z + systemctl mask irqbalance
2026-09-22T18:37:19.6277393Z + for unit in apparmor ModemManager irqbalance apt-daily.service apt-daily-upgrade.service apt-daily.timer apt-daily-upgrade.timer motd-news.service motd-news.timer apport
2026-09-22T18:37:19.6278252Z + systemctl disable --now apt-daily.service
2026-09-22T18:37:19.8036498Z + systemctl mask apt-daily.service
2026-09-22T18:37:19.9808568Z + for unit in apparmor ModemManager irqbalance apt-daily.service apt-daily-upgrade.service apt-daily.timer apt-daily-upgrade.timer motd-news.service motd-news.timer apport
2026-09-22T18:37:19.9809461Z + systemctl disable --now apt-daily-upgrade.service
2026-09-22T18:37:20.1641120Z + systemctl mask apt-daily-upgrade.service
2026-09-22T18:37:20.3448355Z + for unit in apparmor ModemManager irqbalance apt-daily.service apt-daily-upgrade.service apt-daily.timer apt-daily-upgrade.timer motd-news.service motd-news.timer apport
2026-09-22T18:37:20.3449293Z + systemctl disable --now apt-daily.timer
2026-09-22T18:37:20.5260262Z + systemctl mask apt-daily.timer
2026-09-22T18:37:20.7058757Z + for unit in apparmor ModemManager irqbalance apt-daily.service apt-daily-upgrade.service apt-daily.timer apt-daily-upgrade.timer motd-news.service motd-news.timer apport
2026-09-22T18:37:20.7059772Z + systemctl disable --now apt-daily-upgrade.timer
2026-09-22T18:37:20.8805328Z + systemctl mask apt-daily-upgrade.timer
2026-09-22T18:37:21.0609573Z + for unit in apparmor ModemManager irqbalance apt-daily.service apt-daily-upgrade.service apt-daily.timer apt-daily-upgrade.timer motd-news.service motd-news.timer apport
2026-09-22T18:37:21.0610455Z + systemctl disable --now motd-news.service
2026-09-22T18:37:21.2407292Z + systemctl mask motd-news.service
2026-09-22T18:37:21.4187870Z + for unit in apparmor ModemManager irqbalance apt-daily.service apt-daily-upgrade.service apt-daily.timer apt-daily-upgrade.timer motd-news.service motd-news.timer apport
2026-09-22T18:37:21.4188768Z + systemctl disable --now motd-news.timer
2026-09-22T18:37:21.5984395Z + systemctl mask motd-news.timer
2026-09-22T18:37:21.7709032Z + for unit in apparmor ModemManager irqbalance apt-daily.service apt-daily-upgrade.service apt-daily.timer apt-daily-upgrade.timer motd-news.service motd-news.timer apport
2026-09-22T18:37:21.7709879Z + systemctl disable --now apport
2026-09-22T18:37:22.2887489Z + systemctl mask apport
2026-09-22T18:37:22.4626942Z + aa-teardown
2026-09-22T18:37:22.4655142Z Unloading AppArmor profiles
2026-09-22T18:37:22.4682991Z + node_dirs=(/sys/devices/system/node/node[0-9]*)
2026-09-22T18:37:22.4683749Z + [[ 1 -gt 1 ]]
2026-09-22T18:37:22.4689392Z ++ sort -un
2026-09-22T18:37:22.4690354Z ++ paste -sd, -
2026-09-22T18:37:22.4693477Z +++ cat /sys/devices/system/cpu/cpu0/topology/thread_siblings_list /sys/devices/system/cpu/cpu1/topology/thread_siblings_list
2026-09-22T18:37:22.4694096Z +++ paste -sd, -
2026-09-22T18:37:22.4712343Z ++ expand_cpulist 0,1
2026-09-22T18:37:22.4712610Z ++ [[ -n 0,1 ]]
2026-09-22T18:37:22.4712818Z ++ local parts part
2026-09-22T18:37:22.4713027Z ++ IFS=,
2026-09-22T18:37:22.4713215Z ++ read -ra parts
2026-09-22T18:37:22.4713438Z ++ for part in "${parts[@]}"
2026-09-22T18:37:22.4713673Z ++ seq 0 0
2026-09-22T18:37:22.4731740Z ++ for part in "${parts[@]}"
2026-09-22T18:37:22.4732027Z ++ seq 1 1
2026-09-22T18:37:22.4742974Z + HOUSEKEEPING_CPUS=0,1
2026-09-22T18:37:22.4743212Z + bench=()
2026-09-22T18:37:22.4747631Z +++ cat /sys/devices/system/cpu/online
2026-09-22T18:37:22.4753718Z ++ expand_cpulist 0-63
2026-09-22T18:37:22.4753975Z ++ [[ -n 0-63 ]]
2026-09-22T18:37:22.4754184Z ++ local parts part
2026-09-22T18:37:22.4754391Z ++ IFS=,
2026-09-22T18:37:22.4754578Z ++ read -ra parts
2026-09-22T18:37:22.4754795Z ++ for part in "${parts[@]}"
2026-09-22T18:37:22.4755031Z ++ seq 0 63
2026-09-22T18:37:22.4763414Z + for cpu in $(expand_cpulist "$(cat /sys/devices/system/cpu/online)")
2026-09-22T18:37:22.4763823Z + [[ ,0,1, == *\,\0\,* ]]
2026-09-22T18:37:22.4764152Z + for cpu in $(expand_cpulist "$(cat /sys/devices/system/cpu/online)")
2026-09-22T18:37:22.4764520Z + [[ ,0,1, == *\,\1\,* ]]
2026-09-22T18:37:22.4764853Z + for cpu in $(expand_cpulist "$(cat /sys/devices/system/cpu/online)")
2026-09-22T18:37:22.4765218Z + [[ ,0,1, == *\,\2\,* ]]
2026-09-22T18:37:22.4765441Z + bench+=("$cpu")
2026-09-22T18:37:22.4765761Z + for cpu in $(expand_cpulist "$(cat /sys/devices/system/cpu/online)")
2026-09-22T18:37:22.4766184Z + [[ ,0,1, == *\,\3\,* ]]
2026-09-22T18:37:22.4766411Z + bench+=("$cpu")
2026-09-22T18:37:22.4766728Z + for cpu in $(expand_cpulist "$(cat /sys/devices/system/cpu/online)")
2026-09-22T18:37:22.4767093Z + [[ ,0,1, == *\,\4\,* ]]
2026-09-22T18:37:22.4767316Z + bench+=("$cpu")
2026-09-22T18:37:22.4767618Z + for cpu in $(expand_cpulist "$(cat /sys/devices/system/cpu/online)")
2026-09-22T18:37:22.4767985Z + [[ ,0,1, == *\,\5\,* ]]
2026-09-22T18:37:22.4768211Z + bench+=("$cpu")
2026-09-22T18:37:22.4768522Z + for cpu in $(expand_cpulist "$(cat /sys/devices/system/cpu/online)")
2026-09-22T18:37:22.4768889Z + [[ ,0,1, == *\,\6\,* ]]
2026-09-22T18:37:22.4769107Z + bench+=("$cpu")
2026-09-22T18:37:22.4769413Z + for cpu in $(expand_cpulist "$(cat /sys/devices/system/cpu/online)")
2026-09-22T18:37:22.4769782Z + [[ ,0,1, == *\,\7\,* ]]
2026-09-22T18:37:22.4770005Z + bench+=("$cpu")
2026-09-22T18:37:22.4770395Z + for cpu in $(expand_cpulist "$(cat /sys/devices/system/cpu/online)")
2026-09-22T18:37:22.4771037Z + [[ ,0,1, == *\,\8\,* ]]
2026-09-22T18:37:22.4771258Z + bench+=("$cpu")
2026-09-22T18:37:22.4771567Z + for cpu in $(expand_cpulist "$(cat /sys/devices/system/cpu/online)")
2026-09-22T18:37:22.4771926Z + [[ ,0,1, == *\,\9\,* ]]
2026-09-22T18:37:22.4772142Z + bench+=("$cpu")
2026-09-22T18:37:22.4772447Z + for cpu in $(expand_cpulist "$(cat /sys/devices/system/cpu/online)")
2026-09-22T18:37:22.4772810Z + [[ ,0,1, == *\,\1\0\,* ]]
2026-09-22T18:37:22.4773037Z + bench+=("$cpu")
2026-09-22T18:37:22.4773344Z + for cpu in $(expand_cpulist "$(cat /sys/devices/system/cpu/online)")
2026-09-22T18:37:22.4773707Z + [[ ,0,1, == *\,\1\1\,* ]]
2026-09-22T18:37:22.4773930Z + bench+=("$cpu")
2026-09-22T18:37:22.4774234Z + for cpu in $(expand_cpulist "$(cat /sys/devices/system/cpu/online)")
2026-09-22T18:37:22.4774604Z + [[ ,0,1, == *\,\1\2\,* ]]
2026-09-22T18:37:22.4774828Z + bench+=("$cpu")
2026-09-22T18:37:22.4775135Z + for cpu in $(expand_cpulist "$(cat /sys/devices/system/cpu/online)")
2026-09-22T18:37:22.4775506Z + [[ ,0,1, == *\,\1\3\,* ]]
2026-09-22T18:37:22.4775735Z + bench+=("$cpu")
2026-09-22T18:37:22.4776116Z + for cpu in $(expand_cpulist "$(cat /sys/devices/system/cpu/online)")
2026-09-22T18:37:22.4776484Z + [[ ,0,1, == *\,\1\4\,* ]]
2026-09-22T18:37:22.4776714Z + bench+=("$cpu")
2026-09-22T18:37:22.4777012Z + for cpu in $(expand_cpulist "$(cat /sys/devices/system/cpu/online)")
2026-09-22T18:37:22.4777372Z + [[ ,0,1, == *\,\1\5\,* ]]
2026-09-22T18:37:22.4777597Z + bench+=("$cpu")
2026-09-22T18:37:22.4778288Z + for cpu in $(expand_cpulist "$(cat /sys/devices/system/cpu/online)")
2026-09-22T18:37:22.4778670Z + [[ ,0,1, == *\,\1\6\,* ]]
2026-09-22T18:37:22.4778904Z + bench+=("$cpu")
2026-09-22T18:37:22.4779217Z + for cpu in $(expand_cpulist "$(cat /sys/devices/system/cpu/online)")
2026-09-22T18:37:22.4779579Z + [[ ,0,1, == *\,\1\7\,* ]]
2026-09-22T18:37:22.4779802Z + bench+=("$cpu")
2026-09-22T18:37:22.4780108Z + for cpu in $(expand_cpulist "$(cat /sys/devices/system/cpu/online)")
2026-09-22T18:37:22.4780476Z + [[ ,0,1, == *\,\1\8\,* ]]
2026-09-22T18:37:22.4780698Z + bench+=("$cpu")
2026-09-22T18:37:22.4781002Z + for cpu in $(expand_cpulist "$(cat /sys/devices/system/cpu/online)")
2026-09-22T18:37:22.4781362Z + [[ ,0,1, == *\,\1\9\,* ]]
2026-09-22T18:37:22.4781586Z + bench+=("$cpu")
2026-09-22T18:37:22.4781891Z + for cpu in $(expand_cpulist "$(cat /sys/devices/system/cpu/online)")
2026-09-22T18:37:22.4782250Z + [[ ,0,1, == *\,\2\0\,* ]]
2026-09-22T18:37:22.4782474Z + bench+=("$cpu")
2026-09-22T18:37:22.4782781Z + for cpu in $(expand_cpulist "$(cat /sys/devices/system/cpu/online)")
2026-09-22T18:37:22.4783145Z + [[ ,0,1, == *\,\2\1\,* ]]
2026-09-22T18:37:22.4783369Z + bench+=("$cpu")
2026-09-22T18:37:22.4783672Z + for cpu in $(expand_cpulist "$(cat /sys/devices/system/cpu/online)")
2026-09-22T18:37:22.4784035Z + [[ ,0,1, == *\,\2\2\,* ]]
2026-09-22T18:37:22.4784263Z + bench+=("$cpu")
2026-09-22T18:37:22.4784562Z + for cpu in $(expand_cpulist "$(cat /sys/devices/system/cpu/online)")
2026-09-22T18:37:22.4784935Z + [[ ,0,1, == *\,\2\3\,* ]]
2026-09-22T18:37:22.4785161Z + bench+=("$cpu")
2026-09-22T18:37:22.4785468Z + for cpu in $(expand_cpulist "$(cat /sys/devices/system/cpu/online)")
2026-09-22T18:37:22.4785833Z + [[ ,0,1, == *\,\2\4\,* ]]
2026-09-22T18:37:22.4786152Z + bench+=("$cpu")
2026-09-22T18:37:22.4786464Z + for cpu in $(expand_cpulist "$(cat /sys/devices/system/cpu/online)")
2026-09-22T18:37:22.4786826Z + [[ ,0,1, == *\,\2\5\,* ]]
2026-09-22T18:37:22.4787049Z + bench+=("$cpu")
2026-09-22T18:37:22.4787354Z + for cpu in $(expand_cpulist "$(cat /sys/devices/system/cpu/online)")
2026-09-22T18:37:22.4787715Z + [[ ,0,1, == *\,\2\6\,* ]]
2026-09-22T18:37:22.4787943Z + bench+=("$cpu")
2026-09-22T18:37:22.4788246Z + for cpu in $(expand_cpulist "$(cat /sys/devices/system/cpu/online)")
2026-09-22T18:37:22.4788605Z + [[ ,0,1, == *\,\2\7\,* ]]
2026-09-22T18:37:22.4788829Z + bench+=("$cpu")
2026-09-22T18:37:22.4789132Z + for cpu in $(expand_cpulist "$(cat /sys/devices/system/cpu/online)")
2026-09-22T18:37:22.4789717Z + [[ ,0,1, == *\,\2\8\,* ]]
2026-09-22T18:37:22.4789935Z + bench+=("$cpu")
2026-09-22T18:37:22.4790240Z + for cpu in $(expand_cpulist "$(cat /sys/devices/system/cpu/online)")
2026-09-22T18:37:22.4790601Z + [[ ,0,1, == *\,\2\9\,* ]]
2026-09-22T18:37:22.4790821Z + bench+=("$cpu")
2026-09-22T18:37:22.4791127Z + for cpu in $(expand_cpulist "$(cat /sys/devices/system/cpu/online)")
2026-09-22T18:37:22.4791488Z + [[ ,0,1, == *\,\3\0\,* ]]
2026-09-22T18:37:22.4791716Z + bench+=("$cpu")
2026-09-22T18:37:22.4792026Z + for cpu in $(expand_cpulist "$(cat /sys/devices/system/cpu/online)")
2026-09-22T18:37:22.4792409Z + [[ ,0,1, == *\,\3\1\,* ]]
2026-09-22T18:37:22.4792634Z + bench+=("$cpu")
2026-09-22T18:37:22.4792938Z + for cpu in $(expand_cpulist "$(cat /sys/devices/system/cpu/online)")
2026-09-22T18:37:22.4793303Z + [[ ,0,1, == *\,\3\2\,* ]]
2026-09-22T18:37:22.4793527Z + bench+=("$cpu")
2026-09-22T18:37:22.4793830Z + for cpu in $(expand_cpulist "$(cat /sys/devices/system/cpu/online)")
2026-09-22T18:37:22.4794200Z + [[ ,0,1, == *\,\3\3\,* ]]
2026-09-22T18:37:22.4794423Z + bench+=("$cpu")
2026-09-22T18:37:22.4794723Z + for cpu in $(expand_cpulist "$(cat /sys/devices/system/cpu/online)")
2026-09-22T18:37:22.4795083Z + [[ ,0,1, == *\,\3\4\,* ]]
2026-09-22T18:37:22.4795312Z + bench+=("$cpu")
2026-09-22T18:37:22.4795617Z + for cpu in $(expand_cpulist "$(cat /sys/devices/system/cpu/online)")
2026-09-22T18:37:22.4795980Z + [[ ,0,1, == *\,\3\5\,* ]]
2026-09-22T18:37:22.4796299Z + bench+=("$cpu")
2026-09-22T18:37:22.4796773Z + for cpu in $(expand_cpulist "$(cat /sys/devices/system/cpu/online)")
2026-09-22T18:37:22.4797151Z + [[ ,0,1, == *\,\3\6\,* ]]
2026-09-22T18:37:22.4797377Z + bench+=("$cpu")
2026-09-22T18:37:22.4797679Z + for cpu in $(expand_cpulist "$(cat /sys/devices/system/cpu/online)")
2026-09-22T18:37:22.4798038Z + [[ ,0,1, == *\,\3\7\,* ]]
2026-09-22T18:37:22.4798261Z + bench+=("$cpu")
2026-09-22T18:37:22.4798565Z + for cpu in $(expand_cpulist "$(cat /sys/devices/system/cpu/online)")
2026-09-22T18:37:22.4798936Z + [[ ,0,1, == *\,\3\8\,* ]]
2026-09-22T18:37:22.4799158Z + bench+=("$cpu")
2026-09-22T18:37:22.4799461Z + for cpu in $(expand_cpulist "$(cat /sys/devices/system/cpu/online)")
2026-09-22T18:37:22.4799831Z + [[ ,0,1, == *\,\3\9\,* ]]
2026-09-22T18:37:22.4800056Z + bench+=("$cpu")
2026-09-22T18:37:22.4800364Z + for cpu in $(expand_cpulist "$(cat /sys/devices/system/cpu/online)")
2026-09-22T18:37:22.4800723Z + [[ ,0,1, == *\,\4\0\,* ]]
2026-09-22T18:37:22.4800948Z + bench+=("$cpu")
2026-09-22T18:37:22.4801255Z + for cpu in $(expand_cpulist "$(cat /sys/devices/system/cpu/online)")
2026-09-22T18:37:22.4801619Z + [[ ,0,1, == *\,\4\1\,* ]]
2026-09-22T18:37:22.4801844Z + bench+=("$cpu")
2026-09-22T18:37:22.4802144Z + for cpu in $(expand_cpulist "$(cat /sys/devices/system/cpu/online)")
2026-09-22T18:37:22.4802512Z + [[ ,0,1, == *\,\4\2\,* ]]
2026-09-22T18:37:22.4802739Z + bench+=("$cpu")
2026-09-22T18:37:22.4803043Z + for cpu in $(expand_cpulist "$(cat /sys/devices/system/cpu/online)")
2026-09-22T18:37:22.4803416Z + [[ ,0,1, == *\,\4\3\,* ]]
2026-09-22T18:37:22.4803643Z + bench+=("$cpu")
2026-09-22T18:37:22.4803946Z + for cpu in $(expand_cpulist "$(cat /sys/devices/system/cpu/online)")
2026-09-22T18:37:22.4804305Z + [[ ,0,1, == *\,\4\4\,* ]]
2026-09-22T18:37:22.4804534Z + bench+=("$cpu")
2026-09-22T18:37:22.4804840Z + for cpu in $(expand_cpulist "$(cat /sys/devices/system/cpu/online)")
2026-09-22T18:37:22.4805204Z + [[ ,0,1, == *\,\4\5\,* ]]
2026-09-22T18:37:22.4805433Z + bench+=("$cpu")
2026-09-22T18:37:22.4805748Z + for cpu in $(expand_cpulist "$(cat /sys/devices/system/cpu/online)")
2026-09-22T18:37:22.4806190Z + [[ ,0,1, == *\,\4\6\,* ]]
2026-09-22T18:37:22.4806420Z + bench+=("$cpu")
2026-09-22T18:37:22.4806726Z + for cpu in $(expand_cpulist "$(cat /sys/devices/system/cpu/online)")
2026-09-22T18:37:22.4807098Z + [[ ,0,1, == *\,\4\7\,* ]]
2026-09-22T18:37:22.4807321Z + bench+=("$cpu")
2026-09-22T18:37:22.4807626Z + for cpu in $(expand_cpulist "$(cat /sys/devices/system/cpu/online)")
2026-09-22T18:37:22.4808195Z + [[ ,0,1, == *\,\4\8\,* ]]
2026-09-22T18:37:22.4808420Z + bench+=("$cpu")
2026-09-22T18:37:22.4808725Z + for cpu in $(expand_cpulist "$(cat /sys/devices/system/cpu/online)")
2026-09-22T18:37:22.4809086Z + [[ ,0,1, == *\,\4\9\,* ]]
2026-09-22T18:37:22.4809311Z + bench+=("$cpu")
2026-09-22T18:37:22.4809613Z + for cpu in $(expand_cpulist "$(cat /sys/devices/system/cpu/online)")
2026-09-22T18:37:22.4809971Z + [[ ,0,1, == *\,\5\0\,* ]]
2026-09-22T18:37:22.4810194Z + bench+=("$cpu")
2026-09-22T18:37:22.4810501Z + for cpu in $(expand_cpulist "$(cat /sys/devices/system/cpu/online)")
2026-09-22T18:37:22.4810861Z + [[ ,0,1, == *\,\5\1\,* ]]
2026-09-22T18:37:22.4811082Z + bench+=("$cpu")
2026-09-22T18:37:22.4811381Z + for cpu in $(expand_cpulist "$(cat /sys/devices/system/cpu/online)")
2026-09-22T18:37:22.4811746Z + [[ ,0,1, == *\,\5\2\,* ]]
2026-09-22T18:37:22.4811969Z + bench+=("$cpu")
2026-09-22T18:37:22.4812272Z + for cpu in $(expand_cpulist "$(cat /sys/devices/system/cpu/online)")
2026-09-22T18:37:22.4812642Z + [[ ,0,1, == *\,\5\3\,* ]]
2026-09-22T18:37:22.4812864Z + bench+=("$cpu")
2026-09-22T18:37:22.4813163Z + for cpu in $(expand_cpulist "$(cat /sys/devices/system/cpu/online)")
2026-09-22T18:37:22.4813526Z + [[ ,0,1, == *\,\5\4\,* ]]
2026-09-22T18:37:22.4813758Z + bench+=("$cpu")
2026-09-22T18:37:22.4814062Z + for cpu in $(expand_cpulist "$(cat /sys/devices/system/cpu/online)")
2026-09-22T18:37:22.4814423Z + [[ ,0,1, == *\,\5\5\,* ]]
2026-09-22T18:37:22.4814648Z + bench+=("$cpu")
2026-09-22T18:37:22.4815105Z + for cpu in $(expand_cpulist "$(cat /sys/devices/system/cpu/online)")
2026-09-22T18:37:22.4815524Z + [[ ,0,1, == *\,\5\6\,* ]]
2026-09-22T18:37:22.4815752Z + bench+=("$cpu")
2026-09-22T18:37:22.4816127Z + for cpu in $(expand_cpulist "$(cat /sys/devices/system/cpu/online)")
2026-09-22T18:37:22.4816492Z + [[ ,0,1, == *\,\5\7\,* ]]
2026-09-22T18:37:22.4816716Z + bench+=("$cpu")
2026-09-22T18:37:22.4817022Z + for cpu in $(expand_cpulist "$(cat /sys/devices/system/cpu/online)")
2026-09-22T18:37:22.4817391Z + [[ ,0,1, == *\,\5\8\,* ]]
2026-09-22T18:37:22.4817614Z + bench+=("$cpu")
2026-09-22T18:37:22.4817917Z + for cpu in $(expand_cpulist "$(cat /sys/devices/system/cpu/online)")
2026-09-22T18:37:22.4818279Z + [[ ,0,1, == *\,\5\9\,* ]]
2026-09-22T18:37:22.4818504Z + bench+=("$cpu")
2026-09-22T18:37:22.4818808Z + for cpu in $(expand_cpulist "$(cat /sys/devices/system/cpu/online)")
2026-09-22T18:37:22.4819171Z + [[ ,0,1, == *\,\6\0\,* ]]
2026-09-22T18:37:22.4819394Z + bench+=("$cpu")
2026-09-22T18:37:22.4819704Z + for cpu in $(expand_cpulist "$(cat /sys/devices/system/cpu/online)")
2026-09-22T18:37:22.4820070Z + [[ ,0,1, == *\,\6\1\,* ]]
2026-09-22T18:37:22.4820296Z + bench+=("$cpu")
2026-09-22T18:37:22.4820599Z + for cpu in $(expand_cpulist "$(cat /sys/devices/system/cpu/online)")
2026-09-22T18:37:22.4820971Z + [[ ,0,1, == *\,\6\2\,* ]]
2026-09-22T18:37:22.4821195Z + bench+=("$cpu")
2026-09-22T18:37:22.4821497Z + for cpu in $(expand_cpulist "$(cat /sys/devices/system/cpu/online)")
2026-09-22T18:37:22.4821868Z + [[ ,0,1, == *\,\6\3\,* ]]
2026-09-22T18:37:22.4822093Z + bench+=("$cpu")
2026-09-22T18:37:22.4822339Z ++ IFS=,
2026-09-22T18:37:22.4822828Z ++ echo 2,3,4,5,6,7,8,9,10,11,12,13,14,15,16,17,18,19,20,21,22,23,24,25,26,27,28,29,30,31,32,33,34,35,36,37,38,39,40,41,42,43,44,45,46,47,48,49,50,51,52,53,54,55,56,57,58,59,60,61,62,63
2026-09-22T18:37:22.4823711Z + BENCH_CPUS=2,3,4,5,6,7,8,9,10,11,12,13,14,15,16,17,18,19,20,21,22,23,24,25,26,27,28,29,30,31,32,33,34,35,36,37,38,39,40,41,42,43,44,45,46,47,48,49,50,51,52,53,54,55,56,57,58,59,60,61,62,63
2026-09-22T18:37:22.4824297Z + NET_IRQS=()
2026-09-22T18:37:22.4824507Z + declare -A NET_IRQS
2026-09-22T18:37:22.4824730Z + bench_cpu_arr=()
2026-09-22T18:37:22.4824932Z + IFS=
2026-09-22T18:37:22.4825113Z + read -r cpu
2026-09-22T18:37:22.4825649Z ++ expand_cpulist 2,3,4,5,6,7,8,9,10,11,12,13,14,15,16,17,18,19,20,21,22,23,24,25,26,27,28,29,30,31,32,33,34,35,36,37,38,39,40,41,42,43,44,45,46,47,48,49,50,51,52,53,54,55,56,57,58,59,60,61,62,63
2026-09-22T18:37:22.4826862Z ++ [[ -n 2,3,4,5,6,7,8,9,10,11,12,13,14,15,16,17,18,19,20,21,22,23,24,25,26,27,28,29,30,31,32,33,34,35,36,37,38,39,40,41,42,43,44,45,46,47,48,49,50,51,52,53,54,55,56,57,58,59,60,61,62,63 ]]
2026-09-22T18:37:22.4827437Z ++ local parts part
2026-09-22T18:37:22.4827646Z ++ IFS=,
2026-09-22T18:37:22.4827827Z ++ read -ra parts
2026-09-22T18:37:22.4828049Z ++ for part in "${parts[@]}"
2026-09-22T18:37:22.4828285Z ++ seq 2 2
2026-09-22T18:37:22.4828475Z + bench_cpu_arr+=("$cpu")
2026-09-22T18:37:22.4828696Z + IFS=
2026-09-22T18:37:22.4828877Z + read -r cpu
2026-09-22T18:37:22.4829088Z ++ for part in "${parts[@]}"
2026-09-22T18:37:22.4829321Z ++ seq 3 3
2026-09-22T18:37:22.4829511Z + bench_cpu_arr+=("$cpu")
2026-09-22T18:37:22.4829736Z + IFS=
2026-09-22T18:37:22.4829915Z + read -r cpu
2026-09-22T18:37:22.4830121Z ++ for part in "${parts[@]}"
2026-09-22T18:37:22.4830362Z ++ seq 4 4
2026-09-22T18:37:22.4830555Z + bench_cpu_arr+=("$cpu")
2026-09-22T18:37:22.4830774Z + IFS=
2026-09-22T18:37:22.4830960Z + read -r cpu
2026-09-22T18:37:22.4831170Z ++ for part in "${parts[@]}"
2026-09-22T18:37:22.4831406Z ++ seq 5 5
2026-09-22T18:37:22.4831598Z + bench_cpu_arr+=("$cpu")
2026-09-22T18:37:22.4831822Z + IFS=
2026-09-22T18:37:22.4832001Z + read -r cpu
2026-09-22T18:37:22.4832209Z ++ for part in "${parts[@]}"
2026-09-22T18:37:22.4832445Z ++ seq 6 6
2026-09-22T18:37:22.4832641Z + bench_cpu_arr+=("$cpu")
2026-09-22T18:37:22.4832863Z + IFS=
2026-09-22T18:37:22.4833043Z + read -r cpu
2026-09-22T18:37:22.4833254Z ++ for part in "${parts[@]}"
2026-09-22T18:37:22.4833491Z ++ seq 7 7
2026-09-22T18:37:22.4833866Z + bench_cpu_arr+=("$cpu")
2026-09-22T18:37:22.4834105Z + IFS=
2026-09-22T18:37:22.4834291Z + read -r cpu
2026-09-22T18:37:22.4834499Z ++ for part in "${parts[@]}"
2026-09-22T18:37:22.4834734Z ++ seq 8 8
2026-09-22T18:37:22.4834942Z + bench_cpu_arr+=("$cpu")
2026-09-22T18:37:22.4835159Z + IFS=
2026-09-22T18:37:22.4835336Z + read -r cpu
2026-09-22T18:37:22.4835540Z ++ for part in "${parts[@]}"
2026-09-22T18:37:22.4835779Z ++ seq 9 9
2026-09-22T18:37:22.4835970Z + bench_cpu_arr+=("$cpu")
2026-09-22T18:37:22.4836285Z + IFS=
2026-09-22T18:37:22.4836468Z + read -r cpu
2026-09-22T18:37:22.4836671Z ++ for part in "${parts[@]}"
2026-09-22T18:37:22.4836907Z ++ seq 10 10
2026-09-22T18:37:22.4839877Z + bench_cpu_arr+=("$cpu")
2026-09-22T18:37:22.4840106Z + IFS=
2026-09-22T18:37:22.4840304Z + read -r cpu
2026-09-22T18:37:22.4840516Z ++ for part in "${parts[@]}"
2026-09-22T18:37:22.4840754Z ++ seq 11 11
2026-09-22T18:37:22.4846949Z + bench_cpu_arr+=("$cpu")
2026-09-22T18:37:22.4847179Z + IFS=
2026-09-22T18:37:22.4847373Z + read -r cpu
2026-09-22T18:37:22.4847787Z ++ for part in "${parts[@]}"
2026-09-22T18:37:22.4848063Z ++ seq 12 12
2026-09-22T18:37:22.4853801Z + bench_cpu_arr+=("$cpu")
2026-09-22T18:37:22.4854040Z + IFS=
2026-09-22T18:37:22.4854234Z + read -r cpu
2026-09-22T18:37:22.4854451Z ++ for part in "${parts[@]}"
2026-09-22T18:37:22.4854691Z ++ seq 13 13
2026-09-22T18:37:22.4860767Z + bench_cpu_arr+=("$cpu")
2026-09-22T18:37:22.4861041Z + IFS=
2026-09-22T18:37:22.4861223Z + read -r cpu
2026-09-22T18:37:22.4861435Z ++ for part in "${parts[@]}"
2026-09-22T18:37:22.4861678Z ++ seq 14 14
2026-09-22T18:37:22.4867436Z + bench_cpu_arr+=("$cpu")
2026-09-22T18:37:22.4867691Z + IFS=
2026-09-22T18:37:22.4867879Z + read -r cpu
2026-09-22T18:37:22.4868090Z ++ for part in "${parts[@]}"
2026-09-22T18:37:22.4868328Z ++ seq 15 15
2026-09-22T18:37:22.4874271Z + bench_cpu_arr+=("$cpu")
2026-09-22T18:37:22.4874544Z + IFS=
2026-09-22T18:37:22.4874728Z + read -r cpu
2026-09-22T18:37:22.4874945Z ++ for part in "${parts[@]}"
2026-09-22T18:37:22.4875274Z ++ seq 16 16
2026-09-22T18:37:22.4881054Z + bench_cpu_arr+=("$cpu")
2026-09-22T18:37:22.4881295Z + IFS=
2026-09-22T18:37:22.4881477Z + read -r cpu
2026-09-22T18:37:22.4881686Z ++ for part in "${parts[@]}"
2026-09-22T18:37:22.4881931Z ++ seq 17 17
2026-09-22T18:37:22.4887911Z + bench_cpu_arr+=("$cpu")
2026-09-22T18:37:22.4888164Z + IFS=
2026-09-22T18:37:22.4888347Z + read -r cpu
2026-09-22T18:37:22.4888824Z ++ for part in "${parts[@]}"
2026-09-22T18:37:22.4889060Z ++ seq 18 18
2026-09-22T18:37:22.4894819Z + bench_cpu_arr+=("$cpu")
2026-09-22T18:37:22.4895074Z + IFS=
2026-09-22T18:37:22.4895257Z + read -r cpu
2026-09-22T18:37:22.4895470Z ++ for part in "${parts[@]}"
2026-09-22T18:37:22.4895713Z ++ seq 19 19
2026-09-22T18:37:22.4901675Z + bench_cpu_arr+=("$cpu")
2026-09-22T18:37:22.4901917Z + IFS=
2026-09-22T18:37:22.4902104Z + read -r cpu
2026-09-22T18:37:22.4902315Z ++ for part in "${parts[@]}"
2026-09-22T18:37:22.4902553Z ++ seq 20 20
2026-09-22T18:37:22.4908495Z + bench_cpu_arr+=("$cpu")
2026-09-22T18:37:22.4908754Z + IFS=
2026-09-22T18:37:22.4908943Z + read -r cpu
2026-09-22T18:37:22.4909155Z ++ for part in "${parts[@]}"
2026-09-22T18:37:22.4909393Z ++ seq 21 21
2026-09-22T18:37:22.4915219Z + bench_cpu_arr+=("$cpu")
2026-09-22T18:37:22.4915463Z + IFS=
2026-09-22T18:37:22.4915649Z + read -r cpu
2026-09-22T18:37:22.4915859Z ++ for part in "${parts[@]}"
2026-09-22T18:37:22.4916149Z ++ seq 22 22
2026-09-22T18:37:22.4922163Z + bench_cpu_arr+=("$cpu")
2026-09-22T18:37:22.4922432Z + IFS=
2026-09-22T18:37:22.4922618Z + read -r cpu
2026-09-22T18:37:22.4922833Z ++ for part in "${parts[@]}"
2026-09-22T18:37:22.4923071Z ++ seq 23 23
2026-09-22T18:37:22.4928975Z + bench_cpu_arr+=("$cpu")
2026-09-22T18:37:22.4929210Z + IFS=
2026-09-22T18:37:22.4929393Z + read -r cpu
2026-09-22T18:37:22.4929606Z ++ for part in "${parts[@]}"
2026-09-22T18:37:22.4929843Z ++ seq 24 24
2026-09-22T18:37:22.4935630Z + bench_cpu_arr+=("$cpu")
2026-09-22T18:37:22.4935883Z + IFS=
2026-09-22T18:37:22.4936124Z + read -r cpu
2026-09-22T18:37:22.4936570Z ++ for part in "${parts[@]}"
2026-09-22T18:37:22.4936858Z ++ seq 25 25
2026-09-22T18:37:22.4942271Z + bench_cpu_arr+=("$cpu")
2026-09-22T18:37:22.4942509Z + IFS=
2026-09-22T18:37:22.4942690Z + read -r cpu
2026-09-22T18:37:22.4942900Z ++ for part in "${parts[@]}"
2026-09-22T18:37:22.4943139Z ++ seq 26 26
2026-09-22T18:37:22.4949105Z + bench_cpu_arr+=("$cpu")
2026-09-22T18:37:22.4949356Z + IFS=
2026-09-22T18:37:22.4949537Z + read -r cpu
2026-09-22T18:37:22.4949755Z ++ for part in "${parts[@]}"
2026-09-22T18:37:22.4949997Z ++ seq 27 27
2026-09-22T18:37:22.4955689Z + bench_cpu_arr+=("$cpu")
2026-09-22T18:37:22.4955926Z + IFS=
2026-09-22T18:37:22.4956163Z + read -r cpu
2026-09-22T18:37:22.4956376Z ++ for part in "${parts[@]}"
2026-09-22T18:37:22.4956617Z ++ seq 28 28
2026-09-22T18:37:22.4962488Z + bench_cpu_arr+=("$cpu")
2026-09-22T18:37:22.4962724Z + IFS=
2026-09-22T18:37:22.4962913Z + read -r cpu
2026-09-22T18:37:22.4963125Z ++ for part in "${parts[@]}"
2026-09-22T18:37:22.4963363Z ++ seq 29 29
2026-09-22T18:37:22.4969159Z + bench_cpu_arr+=("$cpu")
2026-09-22T18:37:22.4969415Z + IFS=
2026-09-22T18:37:22.4969605Z + read -r cpu
2026-09-22T18:37:22.4969817Z ++ for part in "${parts[@]}"
2026-09-22T18:37:22.4970057Z ++ seq 30 30
2026-09-22T18:37:22.4975844Z + bench_cpu_arr+=("$cpu")
2026-09-22T18:37:22.4976134Z + IFS=
2026-09-22T18:37:22.4976326Z + read -r cpu
2026-09-22T18:37:22.4976635Z ++ for part in "${parts[@]}"
2026-09-22T18:37:22.4976900Z ++ seq 31 31
2026-09-22T18:37:22.4982783Z + bench_cpu_arr+=("$cpu")
2026-09-22T18:37:22.4983043Z + IFS=
2026-09-22T18:37:22.4983224Z + read -r cpu
2026-09-22T18:37:22.4983433Z ++ for part in "${parts[@]}"
2026-09-22T18:37:22.4983667Z ++ seq 32 32
2026-09-22T18:37:22.4989801Z + bench_cpu_arr+=("$cpu")
2026-09-22T18:37:22.4990034Z + IFS=
2026-09-22T18:37:22.4990222Z + read -r cpu
2026-09-22T18:37:22.4990432Z ++ for part in "${parts[@]}"
2026-09-22T18:37:22.4990669Z ++ seq 33 33
2026-09-22T18:37:22.4996905Z + bench_cpu_arr+=("$cpu")
2026-09-22T18:37:22.4997172Z + IFS=
2026-09-22T18:37:22.4997357Z + read -r cpu
2026-09-22T18:37:22.4997570Z ++ for part in "${parts[@]}"
2026-09-22T18:37:22.4997806Z ++ seq 34 34
2026-09-22T18:37:22.5003403Z + bench_cpu_arr+=("$cpu")
2026-09-22T18:37:22.5003644Z + IFS=
2026-09-22T18:37:22.5003825Z + read -r cpu
2026-09-22T18:37:22.5004039Z ++ for part in "${parts[@]}"
2026-09-22T18:37:22.5004278Z ++ seq 35 35
2026-09-22T18:37:22.5010122Z + bench_cpu_arr+=("$cpu")
2026-09-22T18:37:22.5010373Z + IFS=
2026-09-22T18:37:22.5010556Z + read -r cpu
2026-09-22T18:37:22.5010769Z ++ for part in "${parts[@]}"
2026-09-22T18:37:22.5011006Z ++ seq 36 36
2026-09-22T18:37:22.5016773Z + bench_cpu_arr+=("$cpu")
2026-09-22T18:37:22.5017007Z + IFS=
2026-09-22T18:37:22.5017191Z + read -r cpu
2026-09-22T18:37:22.5017399Z ++ for part in "${parts[@]}"
2026-09-22T18:37:22.5017637Z ++ seq 37 37
2026-09-22T18:37:22.5023428Z + bench_cpu_arr+=("$cpu")
2026-09-22T18:37:22.5023656Z + IFS=
2026-09-22T18:37:22.5023837Z + read -r cpu
2026-09-22T18:37:22.5024087Z ++ for part in "${parts[@]}"
2026-09-22T18:37:22.5024324Z ++ seq 38 38
2026-09-22T18:37:22.5030228Z + bench_cpu_arr+=("$cpu")
2026-09-22T18:37:22.5030483Z + IFS=
2026-09-22T18:37:22.5030663Z + read -r cpu
2026-09-22T18:37:22.5030874Z ++ for part in "${parts[@]}"
2026-09-22T18:37:22.5031112Z ++ seq 39 39
2026-09-22T18:37:22.5036984Z + bench_cpu_arr+=("$cpu")
2026-09-22T18:37:22.5037209Z + IFS=
2026-09-22T18:37:22.5037402Z + read -r cpu
2026-09-22T18:37:22.5037834Z ++ for part in "${parts[@]}"
2026-09-22T18:37:22.5038122Z ++ seq 40 40
2026-09-22T18:37:22.5043743Z + bench_cpu_arr+=("$cpu")
2026-09-22T18:37:22.5044001Z + IFS=
2026-09-22T18:37:22.5044194Z + read -r cpu
2026-09-22T18:37:22.5044416Z ++ for part in "${parts[@]}"
2026-09-22T18:37:22.5050661Z ++ seq 41 41
2026-09-22T18:37:22.5050880Z + bench_cpu_arr+=("$cpu")
2026-09-22T18:37:22.5051297Z + IFS=
2026-09-22T18:37:22.5051568Z + read -r cpu
2026-09-22T18:37:22.5051986Z ++ for part in "${parts[@]}"
2026-09-22T18:37:22.5052340Z ++ seq 42 42
2026-09-22T18:37:22.5057881Z + bench_cpu_arr+=("$cpu")
2026-09-22T18:37:22.5058268Z + IFS=
2026-09-22T18:37:22.5058497Z + read -r cpu
2026-09-22T18:37:22.5058827Z ++ for part in "${parts[@]}"
2026-09-22T18:37:22.5059175Z ++ seq 43 43
2026-09-22T18:37:22.5075256Z + bench_cpu_arr+=("$cpu")
2026-09-22T18:37:22.5075644Z + IFS=
2026-09-22T18:37:22.5075832Z + read -r cpu
2026-09-22T18:37:22.5076124Z ++ for part in "${parts[@]}"
2026-09-22T18:37:22.5076395Z ++ seq 44 44
2026-09-22T18:37:22.5076597Z + bench_cpu_arr+=("$cpu")
2026-09-22T18:37:22.5076818Z + IFS=
2026-09-22T18:37:22.5077002Z + read -r cpu
2026-09-22T18:37:22.5077209Z ++ for part in "${parts[@]}"
2026-09-22T18:37:22.5077442Z ++ seq 45 45
2026-09-22T18:37:22.5077644Z + bench_cpu_arr+=("$cpu")
2026-09-22T18:37:22.5077872Z + IFS=
2026-09-22T18:37:22.5078053Z + read -r cpu
2026-09-22T18:37:22.5078405Z ++ for part in "${parts[@]}"
2026-09-22T18:37:22.5078654Z ++ seq 46 46
2026-09-22T18:37:22.5084349Z + bench_cpu_arr+=("$cpu")
2026-09-22T18:37:22.5084591Z + IFS=
2026-09-22T18:37:22.5084784Z + read -r cpu
2026-09-22T18:37:22.5085001Z ++ for part in "${parts[@]}"
2026-09-22T18:37:22.5085236Z ++ seq 47 47
2026-09-22T18:37:22.5091002Z + bench_cpu_arr+=("$cpu")
2026-09-22T18:37:22.5091237Z + IFS=
2026-09-22T18:37:22.5091421Z + read -r cpu
2026-09-22T18:37:22.5091634Z ++ for part in "${parts[@]}"
2026-09-22T18:37:22.5091876Z ++ seq 48 48
2026-09-22T18:37:22.5097753Z + bench_cpu_arr+=("$cpu")
2026-09-22T18:37:22.5098016Z + IFS=
2026-09-22T18:37:22.5098204Z + read -r cpu
2026-09-22T18:37:22.5098419Z ++ for part in "${parts[@]}"
2026-09-22T18:37:22.5098655Z ++ seq 49 49
2026-09-22T18:37:22.5104348Z + bench_cpu_arr+=("$cpu")
2026-09-22T18:37:22.5104580Z + IFS=
2026-09-22T18:37:22.5104760Z + read -r cpu
2026-09-22T18:37:22.5104970Z ++ for part in "${parts[@]}"
2026-09-22T18:37:22.5105209Z ++ seq 50 50
2026-09-22T18:37:22.5111062Z + bench_cpu_arr+=("$cpu")
2026-09-22T18:37:22.5111313Z + IFS=
2026-09-22T18:37:22.5111499Z + read -r cpu
2026-09-22T18:37:22.5111711Z ++ for part in "${parts[@]}"
2026-09-22T18:37:22.5111958Z ++ seq 51 51
2026-09-22T18:37:22.5117601Z + bench_cpu_arr+=("$cpu")
2026-09-22T18:37:22.5117832Z + IFS=
2026-09-22T18:37:22.5118015Z + read -r cpu
2026-09-22T18:37:22.5118232Z ++ for part in "${parts[@]}"
2026-09-22T18:37:22.5118468Z ++ seq 52 52
2026-09-22T18:37:22.5124109Z + bench_cpu_arr+=("$cpu")
2026-09-22T18:37:22.5124341Z + IFS=
2026-09-22T18:37:22.5124522Z + read -r cpu
2026-09-22T18:37:22.5124956Z ++ for part in "${parts[@]}"
2026-09-22T18:37:22.5125193Z ++ seq 53 53
2026-09-22T18:37:22.5130656Z + bench_cpu_arr+=("$cpu")
2026-09-22T18:37:22.5130887Z + IFS=
2026-09-22T18:37:22.5131069Z + read -r cpu
2026-09-22T18:37:22.5131285Z ++ for part in "${parts[@]}"
2026-09-22T18:37:22.5131518Z ++ seq 54 54
2026-09-22T18:37:22.5137137Z + bench_cpu_arr+=("$cpu")
2026-09-22T18:37:22.5137370Z + IFS=
2026-09-22T18:37:22.5137550Z + read -r cpu
2026-09-22T18:37:22.5137760Z ++ for part in "${parts[@]}"
2026-09-22T18:37:22.5137998Z ++ seq 55 55
2026-09-22T18:37:22.5143763Z + bench_cpu_arr+=("$cpu")
2026-09-22T18:37:22.5143997Z + IFS=
2026-09-22T18:37:22.5144179Z + read -r cpu
2026-09-22T18:37:22.5144396Z ++ for part in "${parts[@]}"
2026-09-22T18:37:22.5144632Z ++ seq 56 56
2026-09-22T18:37:22.5150498Z + bench_cpu_arr+=("$cpu")
2026-09-22T18:37:22.5150733Z + IFS=
2026-09-22T18:37:22.5150915Z + read -r cpu
2026-09-22T18:37:22.5151123Z ++ for part in "${parts[@]}"
2026-09-22T18:37:22.5151361Z ++ seq 57 57
2026-09-22T18:37:22.5156963Z + bench_cpu_arr+=("$cpu")
2026-09-22T18:37:22.5157190Z + IFS=
2026-09-22T18:37:22.5157374Z + read -r cpu
2026-09-22T18:37:22.5157583Z ++ for part in "${parts[@]}"
2026-09-22T18:37:22.5157818Z ++ seq 58 58
2026-09-22T18:37:22.5163636Z + bench_cpu_arr+=("$cpu")
2026-09-22T18:37:22.5163917Z + IFS=
2026-09-22T18:37:22.5164099Z + read -r cpu
2026-09-22T18:37:22.5164311Z ++ for part in "${parts[@]}"
2026-09-22T18:37:22.5164546Z ++ seq 59 59
2026-09-22T18:37:22.5170139Z + bench_cpu_arr+=("$cpu")
2026-09-22T18:37:22.5170394Z + IFS=
2026-09-22T18:37:22.5170575Z + read -r cpu
2026-09-22T18:37:22.5171037Z ++ for part in "${parts[@]}"
2026-09-22T18:37:22.5171294Z ++ seq 60 60
2026-09-22T18:37:22.5176858Z + bench_cpu_arr+=("$cpu")
2026-09-22T18:37:22.5177112Z + IFS=
2026-09-22T18:37:22.5177293Z + read -r cpu
2026-09-22T18:37:22.5177503Z ++ for part in "${parts[@]}"
2026-09-22T18:37:22.5177740Z ++ seq 61 61
2026-09-22T18:37:22.5183441Z + bench_cpu_arr+=("$cpu")
2026-09-22T18:37:22.5183680Z + IFS=
2026-09-22T18:37:22.5183857Z + read -r cpu
2026-09-22T18:37:22.5184070Z ++ for part in "${parts[@]}"
2026-09-22T18:37:22.5184304Z ++ seq 62 62
2026-09-22T18:37:22.5190202Z + bench_cpu_arr+=("$cpu")
2026-09-22T18:37:22.5190435Z + IFS=
2026-09-22T18:37:22.5190621Z + read -r cpu
2026-09-22T18:37:22.5190833Z ++ for part in "${parts[@]}"
2026-09-22T18:37:22.5191071Z ++ seq 63 63
2026-09-22T18:37:22.5197072Z + bench_cpu_arr+=("$cpu")
2026-09-22T18:37:22.5197307Z + IFS=
2026-09-22T18:37:22.5197493Z + read -r cpu
2026-09-22T18:37:22.5200876Z + i=0
2026-09-22T18:37:22.5201827Z + for msi in /sys/class/net/*/device/msi_irqs/*
2026-09-22T18:37:22.5202192Z + [[ -e /sys/class/net/enP1s33/device/msi_irqs/27 ]]
2026-09-22T18:37:22.5202500Z + [[ 62 -gt 0 ]]
2026-09-22T18:37:22.5202690Z + irq=27
2026-09-22T18:37:22.5202870Z + NET_IRQS["$irq"]=1
2026-09-22T18:37:22.5203086Z + echo 2
2026-09-22T18:37:22.5203256Z + i=1
2026-09-22T18:37:22.5203469Z + for msi in /sys/class/net/*/device/msi_irqs/*
2026-09-22T18:37:22.5203825Z + [[ -e /sys/class/net/enP1s33/device/msi_irqs/28 ]]
2026-09-22T18:37:22.5204128Z + [[ 62 -gt 0 ]]
2026-09-22T18:37:22.5204319Z + irq=28
2026-09-22T18:37:22.5204503Z + NET_IRQS["$irq"]=1
2026-09-22T18:37:22.5204718Z + echo 3
2026-09-22T18:37:22.5204887Z + i=2
2026-09-22T18:37:22.5205101Z + for msi in /sys/class/net/*/device/msi_irqs/*
2026-09-22T18:37:22.5205449Z + [[ -e /sys/class/net/enP1s33/device/msi_irqs/29 ]]
2026-09-22T18:37:22.5205749Z + [[ 62 -gt 0 ]]
2026-09-22T18:37:22.5205942Z + irq=29
2026-09-22T18:37:22.5206208Z + NET_IRQS["$irq"]=1
2026-09-22T18:37:22.5206412Z + echo 4
2026-09-22T18:37:22.5206589Z + i=3
2026-09-22T18:37:22.5206808Z + for msi in /sys/class/net/*/device/msi_irqs/*
2026-09-22T18:37:22.5207156Z + [[ -e /sys/class/net/enP1s33/device/msi_irqs/30 ]]
2026-09-22T18:37:22.5207456Z + [[ 62 -gt 0 ]]
2026-09-22T18:37:22.5207648Z + irq=30
2026-09-22T18:37:22.5207830Z + NET_IRQS["$irq"]=1
2026-09-22T18:37:22.5208033Z + echo 5
2026-09-22T18:37:22.5208199Z + i=4
2026-09-22T18:37:22.5208414Z + for msi in /sys/class/net/*/device/msi_irqs/*
2026-09-22T18:37:22.5209002Z + [[ -e /sys/class/net/enP1s33/device/msi_irqs/31 ]]
2026-09-22T18:37:22.5209301Z + [[ 62 -gt 0 ]]
2026-09-22T18:37:22.5209526Z + irq=31
2026-09-22T18:37:22.5209706Z + NET_IRQS["$irq"]=1
2026-09-22T18:37:22.5209911Z + echo 6
2026-09-22T18:37:22.5210092Z + i=5
2026-09-22T18:37:22.5210310Z + for msi in /sys/class/net/*/device/msi_irqs/*
2026-09-22T18:37:22.5210652Z + [[ -e /sys/class/net/enP1s33/device/msi_irqs/32 ]]
2026-09-22T18:37:22.5210953Z + [[ 62 -gt 0 ]]
2026-09-22T18:37:22.5211146Z + irq=32
2026-09-22T18:37:22.5211334Z + NET_IRQS["$irq"]=1
2026-09-22T18:37:22.5211541Z + echo 7
2026-09-22T18:37:22.5211714Z + i=6
2026-09-22T18:37:22.5211933Z + for msi in /sys/class/net/*/device/msi_irqs/*
2026-09-22T18:37:22.5212275Z + [[ -e /sys/class/net/enP1s33/device/msi_irqs/33 ]]
2026-09-22T18:37:22.5212577Z + [[ 62 -gt 0 ]]
2026-09-22T18:37:22.5212772Z + irq=33
2026-09-22T18:37:22.5212956Z + NET_IRQS["$irq"]=1
2026-09-22T18:37:22.5213167Z + echo 8
2026-09-22T18:37:22.5213339Z + i=7
2026-09-22T18:37:22.5213562Z + for msi in /sys/class/net/*/device/msi_irqs/*
2026-09-22T18:37:22.5213904Z + [[ -e /sys/class/net/enP1s33/device/msi_irqs/34 ]]
2026-09-22T18:37:22.5214205Z + [[ 62 -gt 0 ]]
2026-09-22T18:37:22.5214401Z + irq=34
2026-09-22T18:37:22.5214585Z + NET_IRQS["$irq"]=1
2026-09-22T18:37:22.5214794Z + echo 9
2026-09-22T18:37:22.5214966Z + i=8
2026-09-22T18:37:22.5215185Z + for msi in /sys/class/net/*/device/msi_irqs/*
2026-09-22T18:37:22.5215528Z + [[ -e /sys/class/net/enP1s33/device/msi_irqs/35 ]]
2026-09-22T18:37:22.5215830Z + [[ 62 -gt 0 ]]
2026-09-22T18:37:22.5216287Z + irq=35
2026-09-22T18:37:22.5216493Z + NET_IRQS["$irq"]=1
2026-09-22T18:37:22.5216704Z + echo 10
2026-09-22T18:37:22.5216875Z + i=9
2026-09-22T18:37:22.5217092Z + for msi in /sys/class/net/*/device/msi_irqs/*
2026-09-22T18:37:22.5217434Z + [[ -e /sys/class/net/enP1s33/device/msi_irqs/36 ]]
2026-09-22T18:37:22.5217732Z + [[ 62 -gt 0 ]]
2026-09-22T18:37:22.5217927Z + irq=36
2026-09-22T18:37:22.5218113Z + NET_IRQS["$irq"]=1
2026-09-22T18:37:22.5218319Z + echo 11
2026-09-22T18:37:22.5218491Z + i=10
2026-09-22T18:37:22.5218709Z + for msi in /sys/class/net/*/device/msi_irqs/*
2026-09-22T18:37:22.5219051Z + [[ -e /sys/class/net/enP1s33/device/msi_irqs/37 ]]
2026-09-22T18:37:22.5219349Z + [[ 62 -gt 0 ]]
2026-09-22T18:37:22.5219545Z + irq=37
2026-09-22T18:37:22.5219728Z + NET_IRQS["$irq"]=1
2026-09-22T18:37:22.5219934Z + echo 12
2026-09-22T18:37:22.5220106Z + i=11
2026-09-22T18:37:22.5220326Z + for msi in /sys/class/net/*/device/msi_irqs/*
2026-09-22T18:37:22.5220674Z + [[ -e /sys/class/net/enP1s33/device/msi_irqs/38 ]]
2026-09-22T18:37:22.5220978Z + [[ 62 -gt 0 ]]
2026-09-22T18:37:22.5221174Z + irq=38
2026-09-22T18:37:22.5221353Z + NET_IRQS["$irq"]=1
2026-09-22T18:37:22.5221559Z + echo 13
2026-09-22T18:37:22.5221733Z + i=12
2026-09-22T18:37:22.5221955Z + for msi in /sys/class/net/*/device/msi_irqs/*
2026-09-22T18:37:22.5222299Z + [[ -e /sys/class/net/enP1s33/device/msi_irqs/39 ]]
2026-09-22T18:37:22.5222605Z + [[ 62 -gt 0 ]]
2026-09-22T18:37:22.5222807Z + irq=39
2026-09-22T18:37:22.5222986Z + NET_IRQS["$irq"]=1
2026-09-22T18:37:22.5223192Z + echo 14
2026-09-22T18:37:22.5223366Z + i=13
2026-09-22T18:37:22.5223588Z + for msi in /sys/class/net/*/device/msi_irqs/*
2026-09-22T18:37:22.5223934Z + [[ -e /sys/class/net/enP1s33/device/msi_irqs/40 ]]
2026-09-22T18:37:22.5224237Z + [[ 62 -gt 0 ]]
2026-09-22T18:37:22.5224434Z + irq=40
2026-09-22T18:37:22.5224614Z + NET_IRQS["$irq"]=1
2026-09-22T18:37:22.5224854Z + echo 15
2026-09-22T18:37:22.5225031Z + i=14
2026-09-22T18:37:22.5225254Z + for msi in /sys/class/net/*/device/msi_irqs/*
2026-09-22T18:37:22.5225594Z + [[ -e /sys/class/net/enP1s33/device/msi_irqs/41 ]]
2026-09-22T18:37:22.5225894Z + [[ 62 -gt 0 ]]
2026-09-22T18:37:22.5226180Z + irq=41
2026-09-22T18:37:22.5226360Z + NET_IRQS["$irq"]=1
2026-09-22T18:37:22.5226569Z + echo 16
2026-09-22T18:37:22.5226744Z + i=15
2026-09-22T18:37:22.5226959Z + for msi in /sys/class/net/*/device/msi_irqs/*
2026-09-22T18:37:22.5227522Z + [[ -e /sys/class/net/enP1s33/device/msi_irqs/42 ]]
2026-09-22T18:37:22.5227824Z + [[ 62 -gt 0 ]]
2026-09-22T18:37:22.5228019Z + irq=42
2026-09-22T18:37:22.5228199Z + NET_IRQS["$irq"]=1
2026-09-22T18:37:22.5228405Z + echo 17
2026-09-22T18:37:22.5228582Z + i=16
2026-09-22T18:37:22.5228798Z + for msi in /sys/class/net/*/device/msi_irqs/*
2026-09-22T18:37:22.5229141Z + [[ -e /sys/class/net/enP1s33/device/msi_irqs/43 ]]
2026-09-22T18:37:22.5229450Z + [[ 62 -gt 0 ]]
2026-09-22T18:37:22.5229645Z + irq=43
2026-09-22T18:37:22.5229827Z + NET_IRQS["$irq"]=1
2026-09-22T18:37:22.5230031Z + echo 18
2026-09-22T18:37:22.5230212Z + i=17
2026-09-22T18:37:22.5230427Z + for f in /proc/irq/[0-9]*/smp_affinity_list
2026-09-22T18:37:22.5230733Z + irq=1/smp_affinity_list
2026-09-22T18:37:22.5230957Z + irq=1
2026-09-22T18:37:22.5231134Z + [[ -n '' ]]
2026-09-22T18:37:22.5231322Z + echo 0,1
2026-09-22T18:37:22.5231497Z + true
2026-09-22T18:37:22.5231711Z + for f in /proc/irq/[0-9]*/smp_affinity_list
2026-09-22T18:37:22.5232012Z + irq=10/smp_affinity_list
2026-09-22T18:37:22.5232237Z + irq=10
2026-09-22T18:37:22.5232416Z + [[ -n '' ]]
2026-09-22T18:37:22.5232603Z + echo 0,1
2026-09-22T18:37:22.5232779Z + true
2026-09-22T18:37:22.5232987Z + for f in /proc/irq/[0-9]*/smp_affinity_list
2026-09-22T18:37:22.5233287Z + irq=11/smp_affinity_list
2026-09-22T18:37:22.5233510Z + irq=11
2026-09-22T18:37:22.5233684Z + [[ -n '' ]]
2026-09-22T18:37:22.5233873Z + echo 0,1
2026-09-22T18:37:22.5234046Z + true
2026-09-22T18:37:22.5234259Z + for f in /proc/irq/[0-9]*/smp_affinity_list
2026-09-22T18:37:22.5234555Z + irq=12/smp_affinity_list
2026-09-22T18:37:22.5234968Z + irq=12
2026-09-22T18:37:22.5235159Z + [[ -n '' ]]
2026-09-22T18:37:22.5235345Z + echo 0,1
2026-09-22T18:37:22.5235519Z + true
2026-09-22T18:37:22.5235727Z + for f in /proc/irq/[0-9]*/smp_affinity_list
2026-09-22T18:37:22.5236115Z + irq=13/smp_affinity_list
2026-09-22T18:37:22.5236341Z + irq=13
2026-09-22T18:37:22.5236517Z + [[ -n '' ]]
2026-09-22T18:37:22.5236702Z + echo 0,1
2026-09-22T18:37:22.5236919Z + for f in /proc/irq/[0-9]*/smp_affinity_list
2026-09-22T18:37:22.5237217Z + irq=15/smp_affinity_list
2026-09-22T18:37:22.5237439Z + irq=15
2026-09-22T18:37:22.5237613Z + [[ -n '' ]]
2026-09-22T18:37:22.5237797Z + echo 0,1
2026-09-22T18:37:22.5238011Z + for f in /proc/irq/[0-9]*/smp_affinity_list
2026-09-22T18:37:22.5238306Z + irq=2/smp_affinity_list
2026-09-22T18:37:22.5238527Z + irq=2
2026-09-22T18:37:22.5238706Z + [[ -n '' ]]
2026-09-22T18:37:22.5238891Z + echo 0,1
2026-09-22T18:37:22.5239171Z + true
2026-09-22T18:37:22.5239384Z + for f in /proc/irq/[0-9]*/smp_affinity_list
2026-09-22T18:37:22.5239683Z + irq=23/smp_affinity_list
2026-09-22T18:37:22.5239913Z + irq=23
2026-09-22T18:37:22.5240086Z + [[ -n '' ]]
2026-09-22T18:37:22.5240274Z + echo 0,1
2026-09-22T18:37:22.5240448Z + true
2026-09-22T18:37:22.5240663Z + for f in /proc/irq/[0-9]*/smp_affinity_list
2026-09-22T18:37:22.5240958Z + irq=24/smp_affinity_list
2026-09-22T18:37:22.5241185Z + irq=24
2026-09-22T18:37:22.5241372Z + [[ -n '' ]]
2026-09-22T18:37:22.5241556Z + echo 0,1
2026-09-22T18:37:22.5241769Z + for f in /proc/irq/[0-9]*/smp_affinity_list
2026-09-22T18:37:22.5242065Z + irq=25/smp_affinity_list
2026-09-22T18:37:22.5242293Z + irq=25
2026-09-22T18:37:22.5242471Z + [[ -n '' ]]
2026-09-22T18:37:22.5242658Z + echo 0,1
2026-09-22T18:37:22.5242838Z + true
2026-09-22T18:37:22.5243047Z + for f in /proc/irq/[0-9]*/smp_affinity_list
2026-09-22T18:37:22.5243342Z + irq=26/smp_affinity_list
2026-09-22T18:37:22.5243564Z + irq=26
2026-09-22T18:37:22.5243743Z + [[ -n '' ]]
2026-09-22T18:37:22.5243933Z + echo 0,1
2026-09-22T18:37:22.5244114Z + true
2026-09-22T18:37:22.5244331Z + for f in /proc/irq/[0-9]*/smp_affinity_list
2026-09-22T18:37:22.5244628Z + irq=27/smp_affinity_list
2026-09-22T18:37:22.5244852Z + irq=27
2026-09-22T18:37:22.5245029Z + [[ -n 1 ]]
2026-09-22T18:37:22.5245219Z + continue
2026-09-22T18:37:22.5245442Z + for f in /proc/irq/[0-9]*/smp_affinity_list
2026-09-22T18:37:22.5245738Z + irq=28/smp_affinity_list
2026-09-22T18:37:22.5246289Z + irq=28
2026-09-22T18:37:22.5246470Z + [[ -n 1 ]]
2026-09-22T18:37:22.5246658Z + continue
2026-09-22T18:37:22.5246874Z + for f in /proc/irq/[0-9]*/smp_affinity_list
2026-09-22T18:37:22.5247179Z + irq=29/smp_affinity_list
2026-09-22T18:37:22.5247405Z + irq=29
2026-09-22T18:37:22.5247583Z + [[ -n 1 ]]
2026-09-22T18:37:22.5247771Z + continue
2026-09-22T18:37:22.5247985Z + for f in /proc/irq/[0-9]*/smp_affinity_list
2026-09-22T18:37:22.5248279Z + irq=3/smp_affinity_list
2026-09-22T18:37:22.5248502Z + irq=3
2026-09-22T18:37:22.5248680Z + [[ -n '' ]]
2026-09-22T18:37:22.5248867Z + echo 0,1
2026-09-22T18:37:22.5249051Z + true
2026-09-22T18:37:22.5249263Z + for f in /proc/irq/[0-9]*/smp_affinity_list
2026-09-22T18:37:22.5249558Z + irq=30/smp_affinity_list
2026-09-22T18:37:22.5249786Z + irq=30
2026-09-22T18:37:22.5249963Z + [[ -n 1 ]]
2026-09-22T18:37:22.5250150Z + continue
2026-09-22T18:37:22.5250365Z + for f in /proc/irq/[0-9]*/smp_affinity_list
2026-09-22T18:37:22.5250663Z + irq=31/smp_affinity_list
2026-09-22T18:37:22.5250898Z + irq=31
2026-09-22T18:37:22.5251073Z + [[ -n 1 ]]
2026-09-22T18:37:22.5251256Z + continue
2026-09-22T18:37:22.5251469Z + for f in /proc/irq/[0-9]*/smp_affinity_list
2026-09-22T18:37:22.5251767Z + irq=32/smp_affinity_list
2026-09-22T18:37:22.5251994Z + irq=32
2026-09-22T18:37:22.5252170Z + [[ -n 1 ]]
2026-09-22T18:37:22.5252357Z + continue
2026-09-22T18:37:22.5252574Z + for f in /proc/irq/[0-9]*/smp_affinity_list
2026-09-22T18:37:22.5252872Z + irq=33/smp_affinity_list
2026-09-22T18:37:22.5253097Z + irq=33
2026-09-22T18:37:22.5253281Z + [[ -n 1 ]]
2026-09-22T18:37:22.5253682Z + continue
2026-09-22T18:37:22.5253914Z + for f in /proc/irq/[0-9]*/smp_affinity_list
2026-09-22T18:37:22.5254219Z + irq=34/smp_affinity_list
2026-09-22T18:37:22.5254445Z + irq=34
2026-09-22T18:37:22.5254623Z + [[ -n 1 ]]
2026-09-22T18:37:22.5254807Z + continue
2026-09-22T18:37:22.5255026Z + for f in /proc/irq/[0-9]*/smp_affinity_list
2026-09-22T18:37:22.5255320Z + irq=35/smp_affinity_list
2026-09-22T18:37:22.5255554Z + irq=35
2026-09-22T18:37:22.5255735Z + [[ -n 1 ]]
2026-09-22T18:37:22.5255921Z + continue
2026-09-22T18:37:22.5256212Z + for f in /proc/irq/[0-9]*/smp_affinity_list
2026-09-22T18:37:22.5256508Z + irq=36/smp_affinity_list
2026-09-22T18:37:22.5256737Z + irq=36
2026-09-22T18:37:22.5256915Z + [[ -n 1 ]]
2026-09-22T18:37:22.5257099Z + continue
2026-09-22T18:37:22.5257315Z + for f in /proc/irq/[0-9]*/smp_affinity_list
2026-09-22T18:37:22.5257607Z + irq=37/smp_affinity_list
2026-09-22T18:37:22.5257832Z + irq=37
2026-09-22T18:37:22.5258009Z + [[ -n 1 ]]
2026-09-22T18:37:22.5258198Z + continue
2026-09-22T18:37:22.5258418Z + for f in /proc/irq/[0-9]*/smp_affinity_list
2026-09-22T18:37:22.5258714Z + irq=38/smp_affinity_list
2026-09-22T18:37:22.5258939Z + irq=38
2026-09-22T18:37:22.5259113Z + [[ -n 1 ]]
2026-09-22T18:37:22.5259296Z + continue
2026-09-22T18:37:22.5259508Z + for f in /proc/irq/[0-9]*/smp_affinity_list
2026-09-22T18:37:22.5259808Z + irq=39/smp_affinity_list
2026-09-22T18:37:22.5260033Z + irq=39
2026-09-22T18:37:22.5260219Z + [[ -n 1 ]]
2026-09-22T18:37:22.5260406Z + continue
2026-09-22T18:37:22.5260617Z + for f in /proc/irq/[0-9]*/smp_affinity_list
2026-09-22T18:37:22.5260912Z + irq=4/smp_affinity_list
2026-09-22T18:37:22.5261137Z + irq=4
2026-09-22T18:37:22.5261313Z + [[ -n '' ]]
2026-09-22T18:37:22.5261502Z + echo 0,1
2026-09-22T18:37:22.5261680Z + true
2026-09-22T18:37:22.5261895Z + for f in /proc/irq/[0-9]*/smp_affinity_list
2026-09-22T18:37:22.5262191Z + irq=40/smp_affinity_list
2026-09-22T18:37:22.5262420Z + irq=40
2026-09-22T18:37:22.5262598Z + [[ -n 1 ]]
2026-09-22T18:37:22.5262795Z + continue
2026-09-22T18:37:22.5263010Z + for f in /proc/irq/[0-9]*/smp_affinity_list
2026-09-22T18:37:22.5263308Z + irq=41/smp_affinity_list
2026-09-22T18:37:22.5263541Z + irq=41
2026-09-22T18:37:22.5263720Z + [[ -n 1 ]]
2026-09-22T18:37:22.5263910Z + continue
2026-09-22T18:37:22.5264126Z + for f in /proc/irq/[0-9]*/smp_affinity_list
2026-09-22T18:37:22.5264429Z + irq=42/smp_affinity_list
2026-09-22T18:37:22.5264972Z + irq=42
2026-09-22T18:37:22.5265152Z + [[ -n 1 ]]
2026-09-22T18:37:22.5265344Z + continue
2026-09-22T18:37:22.5265561Z + for f in /proc/irq/[0-9]*/smp_affinity_list
2026-09-22T18:37:22.5265861Z + irq=43/smp_affinity_list
2026-09-22T18:37:22.5266155Z + irq=43
2026-09-22T18:37:22.5266337Z + [[ -n 1 ]]
2026-09-22T18:37:22.5266523Z + continue
2026-09-22T18:37:22.5266738Z + for f in /proc/irq/[0-9]*/smp_affinity_list
2026-09-22T18:37:22.5267038Z + irq=44/smp_affinity_list
2026-09-22T18:37:22.5267265Z + irq=44
2026-09-22T18:37:22.5267441Z + [[ -n '' ]]
2026-09-22T18:37:22.5267627Z + echo 0,1
2026-09-22T18:37:22.5267814Z + true
2026-09-22T18:37:22.5268025Z + for f in /proc/irq/[0-9]*/smp_affinity_list
2026-09-22T18:37:22.5268320Z + irq=45/smp_affinity_list
2026-09-22T18:37:22.5268552Z + irq=45
2026-09-22T18:37:22.5268730Z + [[ -n '' ]]
2026-09-22T18:37:22.5268914Z + echo 0,1
2026-09-22T18:37:22.5269126Z + for f in /proc/irq/[0-9]*/smp_affinity_list
2026-09-22T18:37:22.5269424Z + irq=46/smp_affinity_list
2026-09-22T18:37:22.5269659Z + irq=46
2026-09-22T18:37:22.5269838Z + [[ -n '' ]]
2026-09-22T18:37:22.5270030Z + echo 0,1
2026-09-22T18:37:22.5270241Z + for f in /proc/irq/[0-9]*/smp_affinity_list
2026-09-22T18:37:22.5270531Z + irq=47/smp_affinity_list
2026-09-22T18:37:22.5270759Z + irq=47
2026-09-22T18:37:22.5270936Z + [[ -n '' ]]
2026-09-22T18:37:22.5271121Z + echo 0,1
2026-09-22T18:37:22.5271340Z + for f in /proc/irq/[0-9]*/smp_affinity_list
2026-09-22T18:37:22.5271637Z + irq=48/smp_affinity_list
2026-09-22T18:37:22.5271862Z + irq=48
2026-09-22T18:37:22.5272041Z + [[ -n '' ]]
2026-09-22T18:37:22.5272420Z + echo 0,1
2026-09-22T18:37:22.5272655Z + for f in /proc/irq/[0-9]*/smp_affinity_list
2026-09-22T18:37:22.5272950Z + irq=49/smp_affinity_list
2026-09-22T18:37:22.5273175Z + irq=49
2026-09-22T18:37:22.5273356Z + [[ -n '' ]]
2026-09-22T18:37:22.5273543Z + echo 0,1
2026-09-22T18:37:22.5273754Z + for f in /proc/irq/[0-9]*/smp_affinity_list
2026-09-22T18:37:22.5274052Z + irq=5/smp_affinity_list
2026-09-22T18:37:22.5274281Z + irq=5
2026-09-22T18:37:22.5274458Z + [[ -n '' ]]
2026-09-22T18:37:22.5274643Z + echo 0,1
2026-09-22T18:37:22.5274823Z + true
2026-09-22T18:37:22.5275033Z + for f in /proc/irq/[0-9]*/smp_affinity_list
2026-09-22T18:37:22.5275329Z + irq=50/smp_affinity_list
2026-09-22T18:37:22.5275557Z + irq=50
2026-09-22T18:37:22.5275733Z + [[ -n '' ]]
2026-09-22T18:37:22.5275919Z + echo 0,1
2026-09-22T18:37:22.5276208Z + for f in /proc/irq/[0-9]*/smp_affinity_list
2026-09-22T18:37:22.5276506Z + irq=51/smp_affinity_list
2026-09-22T18:37:22.5276732Z + irq=51
2026-09-22T18:37:22.5276905Z + [[ -n '' ]]
2026-09-22T18:37:22.5277098Z + echo 0,1
2026-09-22T18:37:22.5277312Z + for f in /proc/irq/[0-9]*/smp_affinity_list
2026-09-22T18:37:22.5277607Z + irq=52/smp_affinity_list
2026-09-22T18:37:22.5277834Z + irq=52
2026-09-22T18:37:22.5278011Z + [[ -n '' ]]
2026-09-22T18:37:22.5278196Z + echo 0,1
2026-09-22T18:37:22.5278404Z + for f in /proc/irq/[0-9]*/smp_affinity_list
2026-09-22T18:37:22.5278701Z + irq=53/smp_affinity_list
2026-09-22T18:37:22.5278927Z + irq=53
2026-09-22T18:37:22.5279102Z + [[ -n '' ]]
2026-09-22T18:37:22.5279284Z + echo 0,1
2026-09-22T18:37:22.5279498Z + for f in /proc/irq/[0-9]*/smp_affinity_list
2026-09-22T18:37:22.5279796Z + irq=54/smp_affinity_list
2026-09-22T18:37:22.5280020Z + irq=54
2026-09-22T18:37:22.5280199Z + [[ -n '' ]]
2026-09-22T18:37:22.5280383Z + echo 0,1
2026-09-22T18:37:22.5280594Z + for f in /proc/irq/[0-9]*/smp_affinity_list
2026-09-22T18:37:22.5280902Z + irq=55/smp_affinity_list
2026-09-22T18:37:22.5281132Z + irq=55
2026-09-22T18:37:22.5281311Z + [[ -n '' ]]
2026-09-22T18:37:22.5281501Z + echo 0,1
2026-09-22T18:37:22.5281723Z + for f in /proc/irq/[0-9]*/smp_affinity_list
2026-09-22T18:37:22.5282019Z + irq=56/smp_affinity_list
2026-09-22T18:37:22.5282248Z + irq=56
2026-09-22T18:37:22.5282425Z + [[ -n '' ]]
2026-09-22T18:37:22.5282612Z + echo 0,1
2026-09-22T18:37:22.5282824Z + for f in /proc/irq/[0-9]*/smp_affinity_list
2026-09-22T18:37:22.5283118Z + irq=57/smp_affinity_list
2026-09-22T18:37:22.5283581Z + irq=57
2026-09-22T18:37:22.5283757Z + [[ -n '' ]]
2026-09-22T18:37:22.5283941Z + echo 0,1
2026-09-22T18:37:22.5284154Z + for f in /proc/irq/[0-9]*/smp_affinity_list
2026-09-22T18:37:22.5284451Z + irq=58/smp_affinity_list
2026-09-22T18:37:22.5284678Z + irq=58
2026-09-22T18:37:22.5284853Z + [[ -n '' ]]
2026-09-22T18:37:22.5285041Z + echo 0,1
2026-09-22T18:37:22.5285253Z + for f in /proc/irq/[0-9]*/smp_affinity_list
2026-09-22T18:37:22.5285547Z + irq=59/smp_affinity_list
2026-09-22T18:37:22.5285773Z + irq=59
2026-09-22T18:37:22.5285952Z + [[ -n '' ]]
2026-09-22T18:37:22.5286204Z + echo 0,1
2026-09-22T18:37:22.5286424Z + for f in /proc/irq/[0-9]*/smp_affinity_list
2026-09-22T18:37:22.5286724Z + irq=6/smp_affinity_list
2026-09-22T18:37:22.5286947Z + irq=6
2026-09-22T18:37:22.5287120Z + [[ -n '' ]]
2026-09-22T18:37:22.5287304Z + echo 0,1
2026-09-22T18:37:22.5287479Z + true
2026-09-22T18:37:22.5287688Z + for f in /proc/irq/[0-9]*/smp_affinity_list
2026-09-22T18:37:22.5287980Z + irq=60/smp_affinity_list
2026-09-22T18:37:22.5288213Z + irq=60
2026-09-22T18:37:22.5288390Z + [[ -n '' ]]
2026-09-22T18:37:22.5288573Z + echo 0,1
2026-09-22T18:37:22.5288786Z + for f in /proc/irq/[0-9]*/smp_affinity_list
2026-09-22T18:37:22.5289086Z + irq=61/smp_affinity_list
2026-09-22T18:37:22.5289310Z + irq=61
2026-09-22T18:37:22.5289486Z + [[ -n '' ]]
2026-09-22T18:37:22.5289675Z + echo 0,1
2026-09-22T18:37:22.5289888Z + for f in /proc/irq/[0-9]*/smp_affinity_list
2026-09-22T18:37:22.5290182Z + irq=62/smp_affinity_list
2026-09-22T18:37:22.5290407Z + irq=62
2026-09-22T18:37:22.5290589Z + [[ -n '' ]]
2026-09-22T18:37:22.5290965Z + echo 0,1
2026-09-22T18:37:22.5291236Z + for f in /proc/irq/[0-9]*/smp_affinity_list
2026-09-22T18:37:22.5291534Z + irq=63/smp_affinity_list
2026-09-22T18:37:22.5291756Z + irq=63
2026-09-22T18:37:22.5291933Z + [[ -n '' ]]
2026-09-22T18:37:22.5292119Z + echo 0,1
2026-09-22T18:37:22.5292333Z + for f in /proc/irq/[0-9]*/smp_affinity_list
2026-09-22T18:37:22.5292625Z + irq=64/smp_affinity_list
2026-09-22T18:37:22.5292855Z + irq=64
2026-09-22T18:37:22.5293033Z + [[ -n '' ]]
2026-09-22T18:37:22.5293217Z + echo 0,1
2026-09-22T18:37:22.5293428Z + for f in /proc/irq/[0-9]*/smp_affinity_list
2026-09-22T18:37:22.5293723Z + irq=65/smp_affinity_list
2026-09-22T18:37:22.5293947Z + irq=65
2026-09-22T18:37:22.5294122Z + [[ -n '' ]]
2026-09-22T18:37:22.5294306Z + echo 0,1
2026-09-22T18:37:22.5294522Z + for f in /proc/irq/[0-9]*/smp_affinity_list
2026-09-22T18:37:22.5294817Z + irq=66/smp_affinity_list
2026-09-22T18:37:22.5295039Z + irq=66
2026-09-22T18:37:22.5295214Z + [[ -n '' ]]
2026-09-22T18:37:22.5295402Z + echo 0,1
2026-09-22T18:37:22.5295619Z + for f in /proc/irq/[0-9]*/smp_affinity_list
2026-09-22T18:37:22.5295912Z + irq=67/smp_affinity_list
2026-09-22T18:37:22.5296219Z + irq=67
2026-09-22T18:37:22.5296396Z + [[ -n '' ]]
2026-09-22T18:37:22.5296578Z + echo 0,1
2026-09-22T18:37:22.5296864Z + for f in /proc/irq/[0-9]*/smp_affinity_list
2026-09-22T18:37:22.5297158Z + irq=68/smp_affinity_list
2026-09-22T18:37:22.5297394Z + irq=68
2026-09-22T18:37:22.5297568Z + [[ -n '' ]]
2026-09-22T18:37:22.5297752Z + echo 0,1
2026-09-22T18:37:22.5297965Z + for f in /proc/irq/[0-9]*/smp_affinity_list
2026-09-22T18:37:22.5298262Z + irq=69/smp_affinity_list
2026-09-22T18:37:22.5298488Z + irq=69
2026-09-22T18:37:22.5298662Z + [[ -n '' ]]
2026-09-22T18:37:22.5298850Z + echo 0,1
2026-09-22T18:37:22.5299060Z + for f in /proc/irq/[0-9]*/smp_affinity_list
2026-09-22T18:37:22.5299352Z + irq=7/smp_affinity_list
2026-09-22T18:37:22.5299579Z + irq=7
2026-09-22T18:37:22.5299757Z + [[ -n '' ]]
2026-09-22T18:37:22.5299944Z + echo 0,1
2026-09-22T18:37:22.5300125Z + true
2026-09-22T18:37:22.5300340Z + for f in /proc/irq/[0-9]*/smp_affinity_list
2026-09-22T18:37:22.5300638Z + irq=70/smp_affinity_list
2026-09-22T18:37:22.5300865Z + irq=70
2026-09-22T18:37:22.5301044Z + [[ -n '' ]]
2026-09-22T18:37:22.5301233Z + echo 0,1
2026-09-22T18:37:22.5301446Z + for f in /proc/irq/[0-9]*/smp_affinity_list
2026-09-22T18:37:22.5301741Z + irq=71/smp_affinity_list
2026-09-22T18:37:22.5302201Z + irq=71
2026-09-22T18:37:22.5302378Z + [[ -n '' ]]
2026-09-22T18:37:22.5302565Z + echo 0,1
2026-09-22T18:37:22.5302780Z + for f in /proc/irq/[0-9]*/smp_affinity_list
2026-09-22T18:37:22.5303071Z + irq=72/smp_affinity_list
2026-09-22T18:37:22.5303294Z + irq=72
2026-09-22T18:37:22.5303471Z + [[ -n '' ]]
2026-09-22T18:37:22.5303658Z + echo 0,1
2026-09-22T18:37:22.5303870Z + for f in /proc/irq/[0-9]*/smp_affinity_list
2026-09-22T18:37:22.5304164Z + irq=73/smp_affinity_list
2026-09-22T18:37:22.5304387Z + irq=73
2026-09-22T18:37:22.5304562Z + [[ -n '' ]]
2026-09-22T18:37:22.5304745Z + echo 0,1
2026-09-22T18:37:22.5304961Z + for f in /proc/irq/[0-9]*/smp_affinity_list
2026-09-22T18:37:22.5305254Z + irq=74/smp_affinity_list
2026-09-22T18:37:22.5305478Z + irq=74
2026-09-22T18:37:22.5305652Z + [[ -n '' ]]
2026-09-22T18:37:22.5305842Z + echo 0,1
2026-09-22T18:37:22.5306130Z + for f in /proc/irq/[0-9]*/smp_affinity_list
2026-09-22T18:37:22.5306431Z + irq=75/smp_affinity_list
2026-09-22T18:37:22.5306664Z + irq=75
2026-09-22T18:37:22.5306844Z + [[ -n '' ]]
2026-09-22T18:37:22.5307029Z + echo 0,1
2026-09-22T18:37:22.5307244Z + for f in /proc/irq/[0-9]*/smp_affinity_list
2026-09-22T18:37:22.5307541Z + irq=76/smp_affinity_list
2026-09-22T18:37:22.5307761Z + irq=76
2026-09-22T18:37:22.5307937Z + [[ -n '' ]]
2026-09-22T18:37:22.5308124Z + echo 0,1
2026-09-22T18:37:22.5308342Z + for f in /proc/irq/[0-9]*/smp_affinity_list
2026-09-22T18:37:22.5308638Z + irq=77/smp_affinity_list
2026-09-22T18:37:22.5308862Z + irq=77
2026-09-22T18:37:22.5309039Z + [[ -n '' ]]
2026-09-22T18:37:22.5309223Z + echo 0,1
2026-09-22T18:37:22.5309631Z + for f in /proc/irq/[0-9]*/smp_affinity_list
2026-09-22T18:37:22.5309943Z + irq=78/smp_affinity_list
2026-09-22T18:37:22.5310169Z + irq=78
2026-09-22T18:37:22.5310344Z + [[ -n '' ]]
2026-09-22T18:37:22.5310531Z + echo 0,1
2026-09-22T18:37:22.5310748Z + for f in /proc/irq/[0-9]*/smp_affinity_list
2026-09-22T18:37:22.5311041Z + irq=79/smp_affinity_list
2026-09-22T18:37:22.5311266Z + irq=79
2026-09-22T18:37:22.5311450Z + [[ -n '' ]]
2026-09-22T18:37:22.5311639Z + echo 0,1
2026-09-22T18:37:22.5311851Z + for f in /proc/irq/[0-9]*/smp_affinity_list
2026-09-22T18:37:22.5312142Z + irq=8/smp_affinity_list
2026-09-22T18:37:22.5312367Z + irq=8
2026-09-22T18:37:22.5312543Z + [[ -n '' ]]
2026-09-22T18:37:22.5312729Z + echo 0,1
2026-09-22T18:37:22.5312907Z + true
2026-09-22T18:37:22.5313020Z + for f in /proc/irq/[0-9]*/smp_affinity_list
2026-09-22T18:37:22.5313112Z + irq=80/smp_affinity_list
2026-09-22T18:37:22.5313187Z + irq=80
2026-09-22T18:37:22.5313266Z + [[ -n '' ]]
2026-09-22T18:37:22.5313343Z + echo 0,1
2026-09-22T18:37:22.5313459Z + for f in /proc/irq/[0-9]*/smp_affinity_list
2026-09-22T18:37:22.5313550Z + irq=81/smp_affinity_list
2026-09-22T18:37:22.5313625Z + irq=81
2026-09-22T18:37:22.5313697Z + [[ -n '' ]]
2026-09-22T18:37:22.5313773Z + echo 0,1
2026-09-22T18:37:22.5313883Z + for f in /proc/irq/[0-9]*/smp_affinity_list
2026-09-22T18:37:22.5313969Z + irq=82/smp_affinity_list
2026-09-22T18:37:22.5314053Z + irq=82
2026-09-22T18:37:22.5314129Z + [[ -n '' ]]
2026-09-22T18:37:22.5314204Z + echo 0,1
2026-09-22T18:37:22.5314317Z + for f in /proc/irq/[0-9]*/smp_affinity_list
2026-09-22T18:37:22.5314408Z + irq=83/smp_affinity_list
2026-09-22T18:37:22.5314481Z + irq=83
2026-09-22T18:37:22.5314558Z + [[ -n '' ]]
2026-09-22T18:37:22.5314636Z + echo 0,1
2026-09-22T18:37:22.5314744Z + for f in /proc/irq/[0-9]*/smp_affinity_list
2026-09-22T18:37:22.5314833Z + irq=84/smp_affinity_list
2026-09-22T18:37:22.5314910Z + irq=84
2026-09-22T18:37:22.5314984Z + [[ -n '' ]]
2026-09-22T18:37:22.5315061Z + echo 0,1
2026-09-22T18:37:22.5315172Z + for f in /proc/irq/[0-9]*/smp_affinity_list
2026-09-22T18:37:22.5315273Z + irq=85/smp_affinity_list
2026-09-22T18:37:22.5315350Z + irq=85
2026-09-22T18:37:22.5315426Z + [[ -n '' ]]
2026-09-22T18:37:22.5315507Z + echo 0,1
2026-09-22T18:37:22.5315621Z + for f in /proc/irq/[0-9]*/smp_affinity_list
2026-09-22T18:37:22.5315706Z + irq=86/smp_affinity_list
2026-09-22T18:37:22.5315782Z + irq=86
2026-09-22T18:37:22.5316161Z + [[ -n '' ]]
2026-09-22T18:37:22.5316237Z + echo 0,1
2026-09-22T18:37:22.5316348Z + for f in /proc/irq/[0-9]*/smp_affinity_list
2026-09-22T18:37:22.5316437Z + irq=87/smp_affinity_list
2026-09-22T18:37:22.5316508Z + irq=87
2026-09-22T18:37:22.5316586Z + [[ -n '' ]]
2026-09-22T18:37:22.5316661Z + echo 0,1
2026-09-22T18:37:22.5316771Z + for f in /proc/irq/[0-9]*/smp_affinity_list
2026-09-22T18:37:22.5316860Z + irq=88/smp_affinity_list
2026-09-22T18:37:22.5316935Z + irq=88
2026-09-22T18:37:22.5317009Z + [[ -n '' ]]
2026-09-22T18:37:22.5317086Z + echo 0,1
2026-09-22T18:37:22.5317199Z + for f in /proc/irq/[0-9]*/smp_affinity_list
2026-09-22T18:37:22.5317341Z + irq=89/smp_affinity_list
2026-09-22T18:37:22.5317475Z + irq=89
2026-09-22T18:37:22.5317593Z + [[ -n '' ]]
2026-09-22T18:37:22.5317687Z + echo 0,1
2026-09-22T18:37:22.5317975Z + for f in /proc/irq/[0-9]*/smp_affinity_list
2026-09-22T18:37:22.5318139Z + irq=9/smp_affinity_list
2026-09-22T18:37:22.5318249Z + irq=9
2026-09-22T18:37:22.5318369Z + [[ -n '' ]]
2026-09-22T18:37:22.5318461Z + echo 0,1
2026-09-22T18:37:22.5328743Z + true
2026-09-22T18:37:22.5328948Z + for f in /proc/irq/[0-9]*/smp_affinity_list
2026-09-22T18:37:22.5329047Z + irq=90/smp_affinity_list
2026-09-22T18:37:22.5329124Z + irq=90
2026-09-22T18:37:22.5329201Z + [[ -n '' ]]
2026-09-22T18:37:22.5329278Z + echo 0,1
2026-09-22T18:37:22.5329396Z + for f in /proc/irq/[0-9]*/smp_affinity_list
2026-09-22T18:37:22.5329484Z + irq=91/smp_affinity_list
2026-09-22T18:37:22.5329560Z + irq=91
2026-09-22T18:37:22.5329637Z + [[ -n '' ]]
2026-09-22T18:37:22.5329711Z + echo 0,1
2026-09-22T18:37:22.5330062Z + for f in /proc/irq/[0-9]*/smp_affinity_list
2026-09-22T18:37:22.5330158Z + irq=92/smp_affinity_list
2026-09-22T18:37:22.5330231Z + irq=92
2026-09-22T18:37:22.5330309Z + [[ -n '' ]]
2026-09-22T18:37:22.5330386Z + echo 0,1
2026-09-22T18:37:22.5330496Z + for f in /proc/irq/[0-9]*/smp_affinity_list
2026-09-22T18:37:22.5330585Z + irq=93/smp_affinity_list
2026-09-22T18:37:22.5330660Z + irq=93
2026-09-22T18:37:22.5330741Z + [[ -n '' ]]
2026-09-22T18:37:22.5330818Z + echo 0,1
2026-09-22T18:37:22.5330929Z + for f in /proc/irq/[0-9]*/smp_affinity_list
2026-09-22T18:37:22.5331016Z + irq=94/smp_affinity_list
2026-09-22T18:37:22.5331090Z + irq=94
2026-09-22T18:37:22.5331167Z + [[ -n '' ]]
2026-09-22T18:37:22.5331240Z + echo 0,1
2026-09-22T18:37:22.5331328Z + command -v python3
2026-09-22T18:37:22.5331416Z ++ expand_cpulist 0,1
2026-09-22T18:37:22.5331490Z ++ [[ -n 0,1 ]]
2026-09-22T18:37:22.5331573Z ++ local parts part
2026-09-22T18:37:22.5331800Z ++ python3 -c 'import sys; print(f"{sum(1 << int(l) for l in sys.stdin):x}")'
2026-09-22T18:37:22.5331873Z ++ IFS=,
2026-09-22T18:37:22.5331957Z ++ read -ra parts
2026-09-22T18:37:22.5332054Z ++ for part in "${parts[@]}"
2026-09-22T18:37:22.5332127Z ++ seq 0 0
2026-09-22T18:37:22.5332220Z ++ for part in "${parts[@]}"
2026-09-22T18:37:22.5332293Z ++ seq 1 1
2026-09-22T18:37:22.5412752Z + wq_mask=3
2026-09-22T18:37:22.5412927Z + sysfs_write /sys/devices/virtual/workqueue/cpumask 3
2026-09-22T18:37:22.5413022Z + [[ -n 3 ]]
2026-09-22T18:37:22.5413150Z + [[ -w /sys/devices/virtual/workqueue/cpumask ]]
2026-09-22T18:37:22.5413227Z + echo 3
2026-09-22T18:37:22.5419161Z + mkdir -p /etc/systemd/system.conf.d
2026-09-22T18:37:22.5429235Z + cat
2026-09-22T18:37:22.5437641Z + systemctl daemon-reexec
2026-09-22T18:37:23.2868334Z + cat
2026-09-22T18:37:23.2877009Z + chmod 0644 /tmp/vortex-benchmark.env
2026-09-22T18:37:23.3045067Z ##[group]Run CodSpeedHQ/action@4296e51e7041e24dadb86d1d6e8b9320d223dbe8
2026-09-22T18:37:23.3045493Z with:
2026-09-22T18:37:23.3045805Z   run: bash scripts/bench-taskset.sh cargo codspeed run -- '.*::neon::'
2026-09-22T18:37:23.3046582Z   token: ***
2026-09-22T18:37:23.3046791Z   mode: walltime
2026-09-22T18:37:23.3047004Z   cache-instruments: true
2026-09-22T18:37:23.3047291Z   instruments-cache-dir: ~/.cache/codspeed-action
2026-09-22T18:37:23.3047614Z   allow-empty: false
2026-09-22T18:37:23.3047856Z   skip-hash-check-warning: false
2026-09-22T18:37:23.3048363Z env:
2026-09-22T18:37:23.3048554Z   CARGO_TERM_COLOR: always
2026-09-22T18:37:23.3048789Z   RUST_BACKTRACE: 1
2026-09-22T18:37:23.3049019Z   NIGHTLY_TOOLCHAIN: nightly-2026-09-10
2026-09-22T18:37:23.3049326Z   RUNNER_TOOL_CACHE: /opt/hostedtoolcache
2026-09-22T18:37:23.3049610Z   RUNS_ON_HOME: /runs-on
2026-09-22T18:37:23.3049841Z   RUNS_ON_VERSION: v3.3.0
2026-09-22T18:37:23.3050119Z   RUNS_ON_AGENT_BINARY: /runs-on/agent
2026-09-22T18:37:23.3050397Z   RUNS_ON_AGENT_ARCH: arm64
2026-09-22T18:37:23.3050641Z   RUNS_ON_AGENT_USER: runner
2026-09-22T18:37:23.3050905Z   RUNS_ON_AMI_ID: ami-098c62767651982c5
2026-09-22T18:37:23.3051186Z   RUNS_ON_AWS_REGION: us-east-1
2026-09-22T18:37:23.3051442Z   RUNS_ON_AWS_AZ: us-east-1b
2026-09-22T18:37:23.3051720Z   RUNS_ON_ENV_CUSTOM_FILE: /runs-on/env.custom
2026-09-22T18:37:23.3052045Z   RUNS_ON_INSTANCE_ID: i-020d3df8d8e3c3455
2026-09-22T18:37:23.3052341Z   RUNS_ON_INSTANCE_LIFECYCLE: spot
2026-09-22T18:37:23.3052620Z   RUNS_ON_INSTANCE_TYPE: c7g.metal
2026-09-22T18:37:23.3052898Z   RUNS_ON_STACK_NAME: runs-on-v3
2026-09-22T18:37:23.3053245Z   RUNS_ON_S3_BUCKET_CACHE: runs-on-v3-s3bucketcache-dbnub4tpjhpv
2026-09-22T18:37:23.3053662Z   ACTIONS_RUNNER_HOOK_JOB_STARTED: /runs-on/pre.sh
2026-09-22T18:37:23.3054036Z   ACTIONS_RUNNER_HOOK_JOB_COMPLETED: /runs-on/post.sh
2026-09-22T18:37:23.3054391Z   GITHUB_SERVER_URL: https://github.com/
2026-09-22T18:37:23.3054713Z   GITHUB_API_URL: https://api.github.com/
2026-09-22T18:37:23.3055009Z   GITHUB_HOST: github.com
2026-09-22T18:37:23.3055328Z   RUNS_ON_RUNNER_NAME: runs-on--i-020d3df8d8e3c3455--fb09f200-7
2026-09-22T18:37:23.3055731Z   RUNS_ON_INSTANCE_LAUNCHED_AT: 2026-09-22T18:36:12Z
2026-09-22T18:37:23.3056177Z   ACTIONS_CACHE_URL: http://10.1.21.182:6871/
2026-09-22T18:37:23.3056490Z   ACTIONS_CACHE_SERVICE_V2: true
2026-09-22T18:37:23.3056782Z   ACTIONS_RESULTS_URL: http://10.1.21.182:6871/
2026-09-22T18:37:23.3057170Z   RUNS_ON_S3_CACHE_REPO_PREFIX: cache/repo/vortex-data/vortex
2026-09-22T18:37:23.3057543Z   RUNS_ON_ACTION_COST_TRACKING_CLAIMED: true
2026-09-22T18:37:23.3057850Z   RUSTUP_TOOLCHAIN: 1.98.0
2026-09-22T18:37:23.3058098Z   DIVAN_SAMPLE_COUNT: 1000
2026-09-22T18:37:23.3058329Z ##[endgroup]
2026-09-22T18:37:23.3063531Z ##[start-action display=Determine runner and kernel version;id=__CodSpeedHQ_action.versions]
2026-09-22T18:37:23.3080140Z ##[group]Run RUNNER_VERSION=""
2026-09-22T18:37:23.3080449Z [36;1mRUNNER_VERSION=""[0m
2026-09-22T18:37:23.3080739Z [36;1mif [ -z "$RUNNER_VERSION" ]; then[0m
2026-09-22T18:37:23.3081166Z [36;1m  RUNNER_VERSION=$(cat $GITHUB_ACTION_PATH/.codspeed-runner-version)[0m
2026-09-22T18:37:23.3081571Z [36;1mfi[0m
2026-09-22T18:37:23.3081865Z [36;1m# Strip 'v' prefix if present to normalize version format[0m
2026-09-22T18:37:23.3082266Z [36;1mRUNNER_VERSION="${RUNNER_VERSION#v}"[0m
2026-09-22T18:37:23.3082556Z [36;1m[0m
2026-09-22T18:37:23.3082916Z [36;1m# Detect version type (priority: latest > version number > branch/rev prefixes)[0m
2026-09-22T18:37:23.3083411Z [36;1mif [ "$RUNNER_VERSION" = "latest" ]; then[0m
2026-09-22T18:37:23.3083730Z [36;1m  VERSION_TYPE="latest"[0m
2026-09-22T18:37:23.3084122Z [36;1melif echo "$RUNNER_VERSION" | grep -qE '^[0-9]+\.[0-9]+\.[0-9]+-'; then[0m
2026-09-22T18:37:23.3084546Z [36;1m  VERSION_TYPE="prerelease"[0m
2026-09-22T18:37:23.3084948Z [36;1melif echo "$RUNNER_VERSION" | grep -qE '^[0-9]+\.[0-9]+\.[0-9]+'; then[0m
2026-09-22T18:37:23.3085574Z [36;1m  VERSION_TYPE="release"[0m
2026-09-22T18:37:23.3085953Z [36;1melif echo "$RUNNER_VERSION" | grep -q '^branch:'; then[0m
2026-09-22T18:37:23.3086403Z [36;1m  VERSION_TYPE="branch"[0m
2026-09-22T18:37:23.3086800Z [36;1m  RUNNER_VERSION=$(echo "$RUNNER_VERSION" | sed 's/^branch://')[0m
2026-09-22T18:37:23.3087257Z [36;1melif echo "$RUNNER_VERSION" | grep -q '^rev:'; then[0m
2026-09-22T18:37:23.3087601Z [36;1m  VERSION_TYPE="rev"[0m
2026-09-22T18:37:23.3087948Z [36;1m  RUNNER_VERSION=$(echo "$RUNNER_VERSION" | sed 's/^rev://')[0m
2026-09-22T18:37:23.3088317Z [36;1melse[0m
2026-09-22T18:37:23.3088723Z [36;1m  # Default to release version[0m
2026-09-22T18:37:23.3089013Z [36;1m  VERSION_TYPE="release"[0m
2026-09-22T18:37:23.3089274Z [36;1mfi[0m
2026-09-22T18:37:23.3089461Z [36;1m[0m
2026-09-22T18:37:23.3089743Z [36;1mecho "runner-version=$RUNNER_VERSION" >> $GITHUB_OUTPUT[0m
2026-09-22T18:37:23.3090187Z [36;1mecho "version-type=$VERSION_TYPE" >> $GITHUB_OUTPUT[0m
2026-09-22T18:37:23.3090531Z [36;1m[0m
2026-09-22T18:37:23.3090758Z [36;1m# Get kernel version for cache key[0m
2026-09-22T18:37:23.3091073Z [36;1mKERNEL_VERSION=$(uname -r)[0m
2026-09-22T18:37:23.3091431Z [36;1mecho "kernel-version=$KERNEL_VERSION" >> $GITHUB_OUTPUT[0m
2026-09-22T18:37:23.3091783Z [36;1m[0m
2026-09-22T18:37:23.3092107Z [36;1m# Normalize mode for cache key (commas are not allowed in cache keys)[0m
2026-09-22T18:37:23.3092568Z [36;1mMODE_CACHE_KEY=$(echo "walltime" | tr ',' '-')[0m
2026-09-22T18:37:23.3092980Z [36;1mecho "mode-cache-key=$MODE_CACHE_KEY" >> $GITHUB_OUTPUT[0m
2026-09-22T18:37:23.3116147Z shell: /usr/bin/bash --noprofile --norc -e -o pipefail {0}
2026-09-22T18:37:23.3116498Z env:
2026-09-22T18:37:23.3116693Z   CARGO_TERM_COLOR: always
2026-09-22T18:37:23.3116932Z   RUST_BACKTRACE: 1
2026-09-22T18:37:23.3117171Z   NIGHTLY_TOOLCHAIN: nightly-2026-09-10
2026-09-22T18:37:23.3117478Z   RUNNER_TOOL_CACHE: /opt/hostedtoolcache
2026-09-22T18:37:23.3117766Z   RUNS_ON_HOME: /runs-on
2026-09-22T18:37:23.3118012Z   RUNS_ON_VERSION: v3.3.0
2026-09-22T18:37:23.3118263Z   RUNS_ON_AGENT_BINARY: /runs-on/agent
2026-09-22T18:37:23.3118542Z   RUNS_ON_AGENT_ARCH: arm64
2026-09-22T18:37:23.3118791Z   RUNS_ON_AGENT_USER: runner
2026-09-22T18:37:23.3119045Z   RUNS_ON_AMI_ID: ami-098c62767651982c5
2026-09-22T18:37:23.3119325Z   RUNS_ON_AWS_REGION: us-east-1
2026-09-22T18:37:23.3119585Z   RUNS_ON_AWS_AZ: us-east-1b
2026-09-22T18:37:23.3119862Z   RUNS_ON_ENV_CUSTOM_FILE: /runs-on/env.custom
2026-09-22T18:37:23.3120184Z   RUNS_ON_INSTANCE_ID: i-020d3df8d8e3c3455
2026-09-22T18:37:23.3120490Z   RUNS_ON_INSTANCE_LIFECYCLE: spot
2026-09-22T18:37:23.3120772Z   RUNS_ON_INSTANCE_TYPE: c7g.metal
2026-09-22T18:37:23.3121043Z   RUNS_ON_STACK_NAME: runs-on-v3
2026-09-22T18:37:23.3121390Z   RUNS_ON_S3_BUCKET_CACHE: runs-on-v3-s3bucketcache-dbnub4tpjhpv
2026-09-22T18:37:23.3121809Z   ACTIONS_RUNNER_HOOK_JOB_STARTED: /runs-on/pre.sh
2026-09-22T18:37:23.3122180Z   ACTIONS_RUNNER_HOOK_JOB_COMPLETED: /runs-on/post.sh
2026-09-22T18:37:23.3122540Z   GITHUB_SERVER_URL: https://github.com/
2026-09-22T18:37:23.3122862Z   GITHUB_API_URL: https://api.github.com/
2026-09-22T18:37:23.3123154Z   GITHUB_HOST: github.com
2026-09-22T18:37:23.3123472Z   RUNS_ON_RUNNER_NAME: runs-on--i-020d3df8d8e3c3455--fb09f200-7
2026-09-22T18:37:23.3123886Z   RUNS_ON_INSTANCE_LAUNCHED_AT: 2026-09-22T18:36:12Z
2026-09-22T18:37:23.3124236Z   ACTIONS_CACHE_URL: http://10.1.21.182:6871/
2026-09-22T18:37:23.3124548Z   ACTIONS_CACHE_SERVICE_V2: true
2026-09-22T18:37:23.3124845Z   ACTIONS_RESULTS_URL: http://10.1.21.182:6871/
2026-09-22T18:37:23.3125238Z   RUNS_ON_S3_CACHE_REPO_PREFIX: cache/repo/vortex-data/vortex
2026-09-22T18:37:23.3125618Z   RUNS_ON_ACTION_COST_TRACKING_CLAIMED: true
2026-09-22T18:37:23.3125922Z   RUSTUP_TOOLCHAIN: 1.98.0
2026-09-22T18:37:23.3126262Z   DIVAN_SAMPLE_COUNT: 1000
2026-09-22T18:37:23.3126495Z ##[endgroup]
2026-09-22T18:37:23.3251138Z ##[end-action id=__CodSpeedHQ_action.versions;outcome=success;conclusion=success;duration_ms=18]
2026-09-22T18:37:23.3253699Z ##[start-action display=Cache CodSpeed instruments;id=__CodSpeedHQ_action.__actions_cache]
2026-09-22T18:37:23.3291021Z ##[group]Run actions/cache@668228422ae6a00e4ad889ee87cd7109ec5666a7
2026-09-22T18:37:23.3291386Z with:
2026-09-22T18:37:23.3291596Z   path: ~/.cache/codspeed-action
2026-09-22T18:37:23.3291997Z   key: codspeed-instruments-walltime-Linux-ARM64-6.17.0-1019-aws-5.0.2
2026-09-22T18:37:23.3292575Z   restore-keys: codspeed-instruments-walltime-Linux-ARM64-6.17.0-1019-aws-

2026-09-22T18:37:23.3293033Z   enableCrossOsArchive: false
2026-09-22T18:37:23.3293541Z   fail-on-cache-miss: false
2026-09-22T18:37:23.3293785Z   lookup-only: false
2026-09-22T18:37:23.3294005Z   save-always: false
2026-09-22T18:37:23.3294210Z env:
2026-09-22T18:37:23.3294413Z   CARGO_TERM_COLOR: always
2026-09-22T18:37:23.3294647Z   RUST_BACKTRACE: 1
2026-09-22T18:37:23.3294883Z   NIGHTLY_TOOLCHAIN: nightly-2026-09-10
2026-09-22T18:37:23.3295186Z   RUNNER_TOOL_CACHE: /opt/hostedtoolcache
2026-09-22T18:37:23.3295485Z   RUNS_ON_HOME: /runs-on
2026-09-22T18:37:23.3295723Z   RUNS_ON_VERSION: v3.3.0
2026-09-22T18:37:23.3295974Z   RUNS_ON_AGENT_BINARY: /runs-on/agent
2026-09-22T18:37:23.3296349Z   RUNS_ON_AGENT_ARCH: arm64
2026-09-22T18:37:23.3296597Z   RUNS_ON_AGENT_USER: runner
2026-09-22T18:37:23.3296853Z   RUNS_ON_AMI_ID: ami-098c62767651982c5
2026-09-22T18:37:23.3297136Z   RUNS_ON_AWS_REGION: us-east-1
2026-09-22T18:37:23.3297391Z   RUNS_ON_AWS_AZ: us-east-1b
2026-09-22T18:37:23.3297670Z   RUNS_ON_ENV_CUSTOM_FILE: /runs-on/env.custom
2026-09-22T18:37:23.3297996Z   RUNS_ON_INSTANCE_ID: i-020d3df8d8e3c3455
2026-09-22T18:37:23.3298303Z   RUNS_ON_INSTANCE_LIFECYCLE: spot
2026-09-22T18:37:23.3298579Z   RUNS_ON_INSTANCE_TYPE: c7g.metal
2026-09-22T18:37:23.3298853Z   RUNS_ON_STACK_NAME: runs-on-v3
2026-09-22T18:37:23.3299204Z   RUNS_ON_S3_BUCKET_CACHE: runs-on-v3-s3bucketcache-dbnub4tpjhpv
2026-09-22T18:37:23.3299620Z   ACTIONS_RUNNER_HOOK_JOB_STARTED: /runs-on/pre.sh
2026-09-22T18:37:23.3299996Z   ACTIONS_RUNNER_HOOK_JOB_COMPLETED: /runs-on/post.sh
2026-09-22T18:37:23.3300357Z   GITHUB_SERVER_URL: https://github.com/
2026-09-22T18:37:23.3300673Z   GITHUB_API_URL: https://api.github.com/
2026-09-22T18:37:23.3300966Z   GITHUB_HOST: github.com
2026-09-22T18:37:23.3301290Z   RUNS_ON_RUNNER_NAME: runs-on--i-020d3df8d8e3c3455--fb09f200-7
2026-09-22T18:37:23.3301697Z   RUNS_ON_INSTANCE_LAUNCHED_AT: 2026-09-22T18:36:12Z
2026-09-22T18:37:23.3302046Z   ACTIONS_CACHE_URL: http://10.1.21.182:6871/
2026-09-22T18:37:23.3302358Z   ACTIONS_CACHE_SERVICE_V2: true
2026-09-22T18:37:23.3302651Z   ACTIONS_RESULTS_URL: http://10.1.21.182:6871/
2026-09-22T18:37:23.3303040Z   RUNS_ON_S3_CACHE_REPO_PREFIX: cache/repo/vortex-data/vortex
2026-09-22T18:37:23.3303420Z   RUNS_ON_ACTION_COST_TRACKING_CLAIMED: true
2026-09-22T18:37:23.3303721Z   RUSTUP_TOOLCHAIN: 1.98.0
2026-09-22T18:37:23.3303964Z   DIVAN_SAMPLE_COUNT: 1000
2026-09-22T18:37:23.3304193Z ##[endgroup]
2026-09-22T18:37:23.5515311Z Cache not found for input keys: codspeed-instruments-walltime-Linux-ARM64-6.17.0-1019-aws-5.0.2, codspeed-instruments-walltime-Linux-ARM64-6.17.0-1019-aws-
2026-09-22T18:37:23.5621789Z ##[end-action id=__CodSpeedHQ_action.__actions_cache;outcome=success;conclusion=success;duration_ms=236]
2026-09-22T18:37:23.5624855Z ##[start-action display=Lookup installer hash;id=__CodSpeedHQ_action.installer-hash]
2026-09-22T18:37:23.5676634Z ##[group]Run actions/github-script@ed597411d8f924073f98dfc5c65a23a2325f34cd
2026-09-22T18:37:23.5677040Z with:
2026-09-22T18:37:23.5677840Z   script: const hashes = require(`${process.env.GITHUB_ACTION_PATH}/.codspeed-runner-installer-hashes.json`)
const version = process.env.RUNNER_VERSION
core.setOutput('hash', hashes[version] || '')

2026-09-22T18:37:23.5681550Z   github-token: ***
2026-09-22T18:37:23.5681770Z   debug: false
2026-09-22T18:37:23.5681993Z   user-agent: actions/github-script
2026-09-22T18:37:23.5682273Z   result-encoding: json
2026-09-22T18:37:23.5682499Z   retries: 0
2026-09-22T18:37:23.5682967Z   retry-exempt-status-codes: 400,401,403,404,422
2026-09-22T18:37:23.5683291Z env:
2026-09-22T18:37:23.5683540Z   CARGO_TERM_COLOR: always
2026-09-22T18:37:23.5684013Z   RUST_BACKTRACE: 1
2026-09-22T18:37:23.5684307Z   NIGHTLY_TOOLCHAIN: nightly-2026-09-10
2026-09-22T18:37:23.5684738Z   RUNNER_TOOL_CACHE: /opt/hostedtoolcache
2026-09-22T18:37:23.5700513Z   RUNS_ON_HOME: /runs-on
2026-09-22T18:37:23.5700816Z   RUNS_ON_VERSION: v3.3.0
2026-09-22T18:37:23.5701082Z   RUNS_ON_AGENT_BINARY: /runs-on/agent
2026-09-22T18:37:23.5701367Z   RUNS_ON_AGENT_ARCH: arm64
2026-09-22T18:37:23.5701622Z   RUNS_ON_AGENT_USER: runner
2026-09-22T18:37:23.5702159Z   RUNS_ON_AMI_ID: ami-098c62767651982c5
2026-09-22T18:37:23.5702448Z   RUNS_ON_AWS_REGION: us-east-1
2026-09-22T18:37:23.5702709Z   RUNS_ON_AWS_AZ: us-east-1b
2026-09-22T18:37:23.5702988Z   RUNS_ON_ENV_CUSTOM_FILE: /runs-on/env.custom
2026-09-22T18:37:23.5703313Z   RUNS_ON_INSTANCE_ID: i-020d3df8d8e3c3455
2026-09-22T18:37:23.5703614Z   RUNS_ON_INSTANCE_LIFECYCLE: spot
2026-09-22T18:37:23.5703902Z   RUNS_ON_INSTANCE_TYPE: c7g.metal
2026-09-22T18:37:23.5704173Z   RUNS_ON_STACK_NAME: runs-on-v3
2026-09-22T18:37:23.5704519Z   RUNS_ON_S3_BUCKET_CACHE: runs-on-v3-s3bucketcache-dbnub4tpjhpv
2026-09-22T18:37:23.5704940Z   ACTIONS_RUNNER_HOOK_JOB_STARTED: /runs-on/pre.sh
2026-09-22T18:37:23.5705311Z   ACTIONS_RUNNER_HOOK_JOB_COMPLETED: /runs-on/post.sh
2026-09-22T18:37:23.5705664Z   GITHUB_SERVER_URL: https://github.com/
2026-09-22T18:37:23.5705985Z   GITHUB_API_URL: https://api.github.com/
2026-09-22T18:37:23.5706367Z   GITHUB_HOST: github.com
2026-09-22T18:37:23.5706693Z   RUNS_ON_RUNNER_NAME: runs-on--i-020d3df8d8e3c3455--fb09f200-7
2026-09-22T18:37:23.5707111Z   RUNS_ON_INSTANCE_LAUNCHED_AT: 2026-09-22T18:36:12Z
2026-09-22T18:37:23.5707459Z   ACTIONS_CACHE_URL: http://10.1.21.182:6871/
2026-09-22T18:37:23.5707768Z   ACTIONS_CACHE_SERVICE_V2: true
2026-09-22T18:37:23.5708064Z   ACTIONS_RESULTS_URL: http://10.1.21.182:6871/
2026-09-22T18:37:23.5708449Z   RUNS_ON_S3_CACHE_REPO_PREFIX: cache/repo/vortex-data/vortex
2026-09-22T18:37:23.5708824Z   RUNS_ON_ACTION_COST_TRACKING_CLAIMED: true
2026-09-22T18:37:23.5709128Z   RUSTUP_TOOLCHAIN: 1.98.0
2026-09-22T18:37:23.5709373Z   DIVAN_SAMPLE_COUNT: 1000
2026-09-22T18:37:23.5709610Z   RUNNER_VERSION: 5.0.2
2026-09-22T18:37:23.5709833Z ##[endgroup]
2026-09-22T18:37:23.6536427Z ##[end-action id=__CodSpeedHQ_action.installer-hash;outcome=success;conclusion=success;duration_ms=91]
2026-09-22T18:37:23.6538863Z ##[start-action display=Install CodSpeed runner;id=__CodSpeedHQ_action.__run]
2026-09-22T18:37:23.6556579Z ##[group]Run RUNNER_VERSION="5.0.2"
2026-09-22T18:37:23.6556952Z [36;1mRUNNER_VERSION="5.0.2"[0m
2026-09-22T18:37:23.6557220Z [36;1mVERSION_TYPE="release"[0m
2026-09-22T18:37:23.6557470Z [36;1m[0m
2026-09-22T18:37:23.6557687Z [36;1mSKIP_HASH_CHECK_WARNING="false"[0m
2026-09-22T18:37:23.6557961Z [36;1m[0m
2026-09-22T18:37:23.6558184Z [36;1mif [ "$VERSION_TYPE" = "latest" ]; then[0m
2026-09-22T18:37:23.6558560Z [36;1m  if [ "$SKIP_HASH_CHECK_WARNING" != "true" ]; then[0m
2026-09-22T18:37:23.6559314Z [36;1m    echo "::warning::Hash verification is not available when using 'latest' version. Consider pinning a specific version for supply chain security."[0m
2026-09-22T18:37:23.6560002Z [36;1m  fi[0m
2026-09-22T18:37:23.6560342Z [36;1m  curl -fsSL https://codspeed.io/install.sh | bash -s -- --quiet[0m
2026-09-22T18:37:23.6560798Z [36;1melif [ "$VERSION_TYPE" = "prerelease" ]; then[0m
2026-09-22T18:37:23.6561354Z [36;1m  # Prereleases are not pinned, so install from the versioned installer without hash verification.[0m
2026-09-22T18:37:23.6561941Z [36;1m  if [ "$SKIP_HASH_CHECK_WARNING" != "true" ]; then[0m
2026-09-22T18:37:23.6562500Z [36;1m    echo "::warning::Hash verification is not available for prerelease version $RUNNER_VERSION."[0m
2026-09-22T18:37:23.6562988Z [36;1m  fi[0m
2026-09-22T18:37:23.6563378Z [36;1m  curl -fsSL "https://codspeed.io/v$RUNNER_VERSION/install.sh" | bash -s -- --quiet[0m
2026-09-22T18:37:23.6564099Z [36;1melif [ "$VERSION_TYPE" = "branch" ]; then[0m
2026-09-22T18:37:23.6564503Z [36;1m  # Install from specific branch using cargo[0m
2026-09-22T18:37:23.6564887Z [36;1m  if [ "$SKIP_HASH_CHECK_WARNING" != "true" ]; then[0m
2026-09-22T18:37:23.6565400Z [36;1m    echo "::warning::Hash verification is not available when installing from a branch."[0m
2026-09-22T18:37:23.6565863Z [36;1m  fi[0m
2026-09-22T18:37:23.6566203Z [36;1m  source $HOME/.cargo/env[0m
2026-09-22T18:37:23.6566792Z [36;1m  cargo install --locked --git https://github.com/CodSpeedHQ/codspeed --branch "$RUNNER_VERSION" codspeed-runner[0m
2026-09-22T18:37:23.6567598Z [36;1melif [ "$VERSION_TYPE" = "rev" ]; then[0m
2026-09-22T18:37:23.6567962Z [36;1m  # Install from specific commit/rev using cargo[0m
2026-09-22T18:37:23.6568357Z [36;1m  if [ "$SKIP_HASH_CHECK_WARNING" != "true" ]; then[0m
2026-09-22T18:37:23.6568889Z [36;1m    echo "::warning::Hash verification is not available when installing from a revision."[0m
2026-09-22T18:37:23.6569362Z [36;1m  fi[0m
2026-09-22T18:37:23.6569576Z [36;1m  source $HOME/.cargo/env[0m
2026-09-22T18:37:23.6570140Z [36;1m  cargo install --locked --git https://github.com/CodSpeedHQ/codspeed --rev "$RUNNER_VERSION" codspeed-runner[0m
2026-09-22T18:37:23.6570699Z [36;1melse[0m
2026-09-22T18:37:23.6570994Z [36;1m  # Release version - download to temp file and verify hash[0m
2026-09-22T18:37:23.6571494Z [36;1m  INSTALLER_URL="https://codspeed.io/v$RUNNER_VERSION/install.sh"[0m
2026-09-22T18:37:23.6571907Z [36;1m  INSTALLER_TMP=$(mktemp)[0m
2026-09-22T18:37:23.6572203Z [36;1m  trap "rm -f $INSTALLER_TMP" EXIT[0m
2026-09-22T18:37:23.6572501Z [36;1m[0m
2026-09-22T18:37:23.6572700Z [36;1m  CURL_ERR=$(mktemp)[0m
2026-09-22T18:37:23.6573176Z [36;1m  if ! HTTP_CODE=$(curl -sSL -o "$INSTALLER_TMP" -w "%{http_code}" "$INSTALLER_URL" 2>"$CURL_ERR"); then[0m
2026-09-22T18:37:23.6574109Z [36;1m    echo "::error title=Failed to install CodSpeed CLI::Installation of CodSpeed CLI with version $RUNNER_VERSION failed.%0AReason: $(cat "$CURL_ERR")"[0m
2026-09-22T18:37:23.6574802Z [36;1m    exit 1[0m
2026-09-22T18:37:23.6575011Z [36;1m  fi[0m
2026-09-22T18:37:23.6575237Z [36;1m  if [ "$HTTP_CODE" -ge 400 ]; then[0m
2026-09-22T18:37:23.6575562Z [36;1m    error_body=$(cat "$INSTALLER_TMP")[0m
2026-09-22T18:37:23.6577445Z [36;1m    echo "::error title=Failed to install CodSpeed CLI::Installation of CodSpeed CLI with version $RUNNER_VERSION failed.%0AReason: HTTP $HTTP_CODE - ${error_body:-no response body}"[0m
2026-09-22T18:37:23.6578297Z [36;1m    exit 1[0m
2026-09-22T18:37:23.6578523Z [36;1m  fi[0m
2026-09-22T18:37:23.6578714Z [36;1m[0m
2026-09-22T18:37:23.6579103Z [36;1m  EXPECTED_HASH="4ea0e3b0425e01498ff1b70fba78228eedb4dd58efb6093360776fc6e4eae1a9"[0m
2026-09-22T18:37:23.6579604Z [36;1m  if [ -z "$EXPECTED_HASH" ]; then[0m
2026-09-22T18:37:23.6580242Z [36;1m    echo "::error::No pinned hash found for installer version $RUNNER_VERSION. Update .codspeed-runner-installer-hashes.json."[0m
2026-09-22T18:37:23.6580865Z [36;1m    exit 1[0m
2026-09-22T18:37:23.6581071Z [36;1m  fi[0m
2026-09-22T18:37:23.6581260Z [36;1m[0m
2026-09-22T18:37:23.6581552Z [36;1m  ACTUAL_HASH=$(sha256sum "$INSTALLER_TMP" | awk '{print $1}')[0m
2026-09-22T18:37:23.6581997Z [36;1m  if [ "$ACTUAL_HASH" != "$EXPECTED_HASH" ]; then[0m
2026-09-22T18:37:23.6582618Z [36;1m    echo "::error::Installer hash mismatch for version $RUNNER_VERSION. Expected: $EXPECTED_HASH, Got: $ACTUAL_HASH"[0m
2026-09-22T18:37:23.6583184Z [36;1m    exit 1[0m
2026-09-22T18:37:23.6583399Z [36;1m  fi[0m
2026-09-22T18:37:23.6583708Z [36;1m  echo "Installer hash verified for version $RUNNER_VERSION"[0m
2026-09-22T18:37:23.6584074Z [36;1m[0m
2026-09-22T18:37:23.6584296Z [36;1m  bash "$INSTALLER_TMP" --quiet[0m
2026-09-22T18:37:23.6584573Z [36;1mfi[0m
2026-09-22T18:37:23.6607669Z shell: /usr/bin/bash --noprofile --norc -e -o pipefail {0}
2026-09-22T18:37:23.6608022Z env:
2026-09-22T18:37:23.6608215Z   CARGO_TERM_COLOR: always
2026-09-22T18:37:23.6608654Z   RUST_BACKTRACE: 1
2026-09-22T18:37:23.6608912Z   NIGHTLY_TOOLCHAIN: nightly-2026-09-10
2026-09-22T18:37:23.6609219Z   RUNNER_TOOL_CACHE: /opt/hostedtoolcache
2026-09-22T18:37:23.6609508Z   RUNS_ON_HOME: /runs-on
2026-09-22T18:37:23.6609743Z   RUNS_ON_VERSION: v3.3.0
2026-09-22T18:37:23.6609999Z   RUNS_ON_AGENT_BINARY: /runs-on/agent
2026-09-22T18:37:23.6610278Z   RUNS_ON_AGENT_ARCH: arm64
2026-09-22T18:37:23.6610522Z   RUNS_ON_AGENT_USER: runner
2026-09-22T18:37:23.6610784Z   RUNS_ON_AMI_ID: ami-098c62767651982c5
2026-09-22T18:37:23.6611067Z   RUNS_ON_AWS_REGION: us-east-1
2026-09-22T18:37:23.6611486Z   RUNS_ON_AWS_AZ: us-east-1b
2026-09-22T18:37:23.6611773Z   RUNS_ON_ENV_CUSTOM_FILE: /runs-on/env.custom
2026-09-22T18:37:23.6612097Z   RUNS_ON_INSTANCE_ID: i-020d3df8d8e3c3455
2026-09-22T18:37:23.6612392Z   RUNS_ON_INSTANCE_LIFECYCLE: spot
2026-09-22T18:37:23.6612663Z   RUNS_ON_INSTANCE_TYPE: c7g.metal
2026-09-22T18:37:23.6612937Z   RUNS_ON_STACK_NAME: runs-on-v3
2026-09-22T18:37:23.6613290Z   RUNS_ON_S3_BUCKET_CACHE: runs-on-v3-s3bucketcache-dbnub4tpjhpv
2026-09-22T18:37:23.6613707Z   ACTIONS_RUNNER_HOOK_JOB_STARTED: /runs-on/pre.sh
2026-09-22T18:37:23.6614080Z   ACTIONS_RUNNER_HOOK_JOB_COMPLETED: /runs-on/post.sh
2026-09-22T18:37:23.6614434Z   GITHUB_SERVER_URL: https://github.com/
2026-09-22T18:37:23.6614748Z   GITHUB_API_URL: https://api.github.com/
2026-09-22T18:37:23.6615045Z   GITHUB_HOST: github.com
2026-09-22T18:37:23.6615364Z   RUNS_ON_RUNNER_NAME: runs-on--i-020d3df8d8e3c3455--fb09f200-7
2026-09-22T18:37:23.6615769Z   RUNS_ON_INSTANCE_LAUNCHED_AT: 2026-09-22T18:36:12Z
2026-09-22T18:37:23.6616216Z   ACTIONS_CACHE_URL: http://10.1.21.182:6871/
2026-09-22T18:37:23.6616526Z   ACTIONS_CACHE_SERVICE_V2: true
2026-09-22T18:37:23.6616819Z   ACTIONS_RESULTS_URL: http://10.1.21.182:6871/
2026-09-22T18:37:23.6617207Z   RUNS_ON_S3_CACHE_REPO_PREFIX: cache/repo/vortex-data/vortex
2026-09-22T18:37:23.6617585Z   RUNS_ON_ACTION_COST_TRACKING_CLAIMED: true
2026-09-22T18:37:23.6617891Z   RUSTUP_TOOLCHAIN: 1.98.0
2026-09-22T18:37:23.6618141Z   DIVAN_SAMPLE_COUNT: 1000
2026-09-22T18:37:23.6618369Z ##[endgroup]
2026-09-22T18:37:23.8296329Z Installer hash verified for version 5.0.2
2026-09-22T18:37:24.2907376Z ##[end-action id=__CodSpeedHQ_action.__run;outcome=success;conclusion=success;duration_ms=636]
2026-09-22T18:37:24.2936731Z ##[start-action display=Run the benchmarks;id=__CodSpeedHQ_action.__run_2]
2026-09-22T18:37:24.2954140Z ##[group]Run # Validate required inputs
2026-09-22T18:37:24.2954503Z [36;1m# Validate required inputs[0m
2026-09-22T18:37:24.2954833Z [36;1m# (custom message for smoother v4 migration)[0m
2026-09-22T18:37:24.2955198Z [36;1mif [ -z "walltime" ]; then[0m
2026-09-22T18:37:24.2956802Z [36;1m  echo "::error title=Missing required input 'mode'::The 'mode' input is required as of CodSpeed Action v4. Please explicitly set 'mode' to 'simulation' or 'walltime'. Before, this variable was automatically set to instrumentation on every runner except for CodSpeed macro runners where it was set to walltime by default. See https://codspeed.io/docs/instruments for details."[0m
2026-09-22T18:37:24.2958314Z [36;1m  exit 1[0m
2026-09-22T18:37:24.2958513Z [36;1mfi[0m
2026-09-22T18:37:24.2958701Z [36;1m[0m
2026-09-22T18:37:24.2958923Z [36;1m# Build the runner arguments array[0m
2026-09-22T18:37:24.2959223Z [36;1mRUNNER_ARGS=()[0m
2026-09-22T18:37:24.2959620Z [36;1mif [ -n "***" ]; then[0m
2026-09-22T18:37:24.2960028Z [36;1m  RUNNER_ARGS+=(--token "***")[0m
2026-09-22T18:37:24.2960299Z [36;1mfi[0m
2026-09-22T18:37:24.2960503Z [36;1mif [ -n "" ]; then[0m
2026-09-22T18:37:24.2960794Z [36;1m  RUNNER_ARGS+=(--working-directory="")[0m
2026-09-22T18:37:24.2961096Z [36;1mfi[0m
2026-09-22T18:37:24.2961290Z [36;1mif [ -n "" ]; then[0m
2026-09-22T18:37:24.2961556Z [36;1m  RUNNER_ARGS+=(--upload-url="")[0m
2026-09-22T18:37:24.2961834Z [36;1mfi[0m
2026-09-22T18:37:24.2962042Z [36;1mif [ -n "walltime" ]; then[0m
2026-09-22T18:37:24.2962589Z [36;1m  RUNNER_ARGS+=(--mode="walltime")[0m
2026-09-22T18:37:24.2962899Z [36;1mfi[0m
2026-09-22T18:37:24.2963095Z [36;1mif [ -n "" ]; then[0m
2026-09-22T18:37:24.2963366Z [36;1m  RUNNER_ARGS+=(--instruments="")[0m
2026-09-22T18:37:24.2963640Z [36;1mfi[0m
2026-09-22T18:37:24.2963836Z [36;1mif [ -n "" ]; then[0m
2026-09-22T18:37:24.2964118Z [36;1m  RUNNER_ARGS+=(--mongo-uri-env-name="")[0m
2026-09-22T18:37:24.2964429Z [36;1mfi[0m
2026-09-22T18:37:24.2964721Z [36;1mif [ "true" = "true" ] && [ -n "~/.cache/codspeed-action" ]; then[0m
2026-09-22T18:37:24.2965207Z [36;1m  RUNNER_ARGS+=(--setup-cache-dir="~/.cache/codspeed-action")[0m
2026-09-22T18:37:24.2965753Z [36;1mfi[0m
2026-09-22T18:37:24.2965960Z [36;1mif [ "false" = "true" ]; then[0m
2026-09-22T18:37:24.2966425Z [36;1m  RUNNER_ARGS+=(--allow-empty)[0m
2026-09-22T18:37:24.2966701Z [36;1mfi[0m
2026-09-22T18:37:24.2966898Z [36;1mif [ -n "" ]; then[0m
2026-09-22T18:37:24.2967178Z [36;1m  RUNNER_ARGS+=(--go-runner-version="")[0m
2026-09-22T18:37:24.2967481Z [36;1mfi[0m
2026-09-22T18:37:24.2967681Z [36;1mif [ -n "" ]; then[0m
2026-09-22T18:37:24.2967934Z [36;1m  RUNNER_ARGS+=(--config="")[0m
2026-09-22T18:37:24.2968194Z [36;1mfi[0m
2026-09-22T18:37:24.2968392Z [36;1mif [ -n "" ]; then[0m
2026-09-22T18:37:24.2968668Z [36;1m  RUNNER_ARGS+=(--cycle-estimation="")[0m
2026-09-22T18:37:24.2968962Z [36;1mfi[0m
2026-09-22T18:37:24.2969159Z [36;1mif [ -n "" ]; then[0m
2026-09-22T18:37:24.2969448Z [36;1m  RUNNER_ARGS+=(--exclude-allocations="")[0m
2026-09-22T18:37:24.2969755Z [36;1mfi[0m
2026-09-22T18:37:24.2969949Z [36;1m[0m
2026-09-22T18:37:24.2970180Z [36;1mif [ -n "$CODSPEED_INPUT_RUN" ]; then[0m
2026-09-22T18:37:24.2970523Z [36;1m  RUNNER_ARGS+=(-- "$CODSPEED_INPUT_RUN")[0m
2026-09-22T18:37:24.2970827Z [36;1mfi[0m
2026-09-22T18:37:24.2971019Z [36;1m[0m
2026-09-22T18:37:24.2971213Z [36;1m# Run the benchmarks[0m
2026-09-22T18:37:24.2971483Z [36;1mcodspeed run "${RUNNER_ARGS[@]}"[0m
2026-09-22T18:37:24.2994206Z shell: /usr/bin/bash --noprofile --norc -e -o pipefail {0}
2026-09-22T18:37:24.2994559Z env:
2026-09-22T18:37:24.2994753Z   CARGO_TERM_COLOR: always
2026-09-22T18:37:24.2994992Z   RUST_BACKTRACE: 1
2026-09-22T18:37:24.2995227Z   NIGHTLY_TOOLCHAIN: nightly-2026-09-10
2026-09-22T18:37:24.2995535Z   RUNNER_TOOL_CACHE: /opt/hostedtoolcache
2026-09-22T18:37:24.2995821Z   RUNS_ON_HOME: /runs-on
2026-09-22T18:37:24.2996237Z   RUNS_ON_VERSION: v3.3.0
2026-09-22T18:37:24.2996522Z   RUNS_ON_AGENT_BINARY: /runs-on/agent
2026-09-22T18:37:24.2996806Z   RUNS_ON_AGENT_ARCH: arm64
2026-09-22T18:37:24.2997055Z   RUNS_ON_AGENT_USER: runner
2026-09-22T18:37:24.2997322Z   RUNS_ON_AMI_ID: ami-098c62767651982c5
2026-09-22T18:37:24.2997607Z   RUNS_ON_AWS_REGION: us-east-1
2026-09-22T18:37:24.2997866Z   RUNS_ON_AWS_AZ: us-east-1b
2026-09-22T18:37:24.2998143Z   RUNS_ON_ENV_CUSTOM_FILE: /runs-on/env.custom
2026-09-22T18:37:24.2998466Z   RUNS_ON_INSTANCE_ID: i-020d3df8d8e3c3455
2026-09-22T18:37:24.2998767Z   RUNS_ON_INSTANCE_LIFECYCLE: spot
2026-09-22T18:37:24.2999046Z   RUNS_ON_INSTANCE_TYPE: c7g.metal
2026-09-22T18:37:24.2999315Z   RUNS_ON_STACK_NAME: runs-on-v3
2026-09-22T18:37:24.2999662Z   RUNS_ON_S3_BUCKET_CACHE: runs-on-v3-s3bucketcache-dbnub4tpjhpv
2026-09-22T18:37:24.3000084Z   ACTIONS_RUNNER_HOOK_JOB_STARTED: /runs-on/pre.sh
2026-09-22T18:37:24.3000456Z   ACTIONS_RUNNER_HOOK_JOB_COMPLETED: /runs-on/post.sh
2026-09-22T18:37:24.3000813Z   GITHUB_SERVER_URL: https://github.com/
2026-09-22T18:37:24.3001133Z   GITHUB_API_URL: https://api.github.com/
2026-09-22T18:37:24.3001429Z   GITHUB_HOST: github.com
2026-09-22T18:37:24.3001753Z   RUNS_ON_RUNNER_NAME: runs-on--i-020d3df8d8e3c3455--fb09f200-7
2026-09-22T18:37:24.3002166Z   RUNS_ON_INSTANCE_LAUNCHED_AT: 2026-09-22T18:36:12Z
2026-09-22T18:37:24.3002514Z   ACTIONS_CACHE_URL: http://10.1.21.182:6871/
2026-09-22T18:37:24.3002825Z   ACTIONS_CACHE_SERVICE_V2: true
2026-09-22T18:37:24.3003122Z   ACTIONS_RESULTS_URL: http://10.1.21.182:6871/
2026-09-22T18:37:24.3003507Z   RUNS_ON_S3_CACHE_REPO_PREFIX: cache/repo/vortex-data/vortex
2026-09-22T18:37:24.3004126Z   RUNS_ON_ACTION_COST_TRACKING_CLAIMED: true
2026-09-22T18:37:24.3004489Z   RUSTUP_TOOLCHAIN: 1.98.0
2026-09-22T18:37:24.3004732Z   DIVAN_SAMPLE_COUNT: 1000
2026-09-22T18:37:24.3005531Z   GH_MATRIX: {
  "features": "neon",
  "family": "c7g.metal",
  "build-family": "c7g.4xlarge",
  "image": "ubuntu24-full-arm64-pre-v2",
  "rustflags": "-C target-feature=+neon -C force-frame-pointers=yes"
}
2026-09-22T18:37:24.3006609Z   GH_STRATEGY: {
  "fail-fast": false,
  "job-index": 2,
  "job-total": 3,
  "max-parallel": 3
}
2026-09-22T18:37:24.3007235Z   CODSPEED_INPUT_RUN: bash scripts/bench-taskset.sh cargo codspeed run -- '.*::neon::'
2026-09-22T18:37:24.3007842Z ##[endgroup]
2026-09-22T18:37:24.3351071Z 
2026-09-22T18:37:24.3351570Z    ______            __ _____                         __
2026-09-22T18:37:24.3352165Z   / ____/____   ____/ // ___/ ____   ___   ___   ____/ /
2026-09-22T18:37:24.3352794Z  / /    / __ \ / __  / \__ \ / __ \ / _ \ / _ \ / __  /
2026-09-22T18:37:24.3353349Z / /___ / /_/ // /_/ / ___/ // /_/ //  __//  __// /_/ /
2026-09-22T18:37:24.3353855Z \____/ \____/ \__,_/ /____// .___/ \___/ \___/ \__,_/
2026-09-22T18:37:24.3354372Z   https://codspeed.io     /_/          runner v5.0.2
2026-09-22T18:37:24.3354770Z 
2026-09-22T18:37:24.3355286Z ##[group]Running the benchmarks
2026-09-22T18:37:31.5132970Z [cargo-codspeed] Measurement mode: Walltime
2026-09-22T18:37:31.5133246Z 
2026-09-22T18:37:31.5137265Z Collected 10 benchmark suite(s) to run
2026-09-22T18:37:31.5137580Z Running vortex-array row_fn_output
2026-09-22T18:37:31.5168546Z Timer precision: 29 ns
2026-09-22T18:37:31.5169124Z row_fn_output                           fastest       │ slowest       │ median        │ mean          │ samples │ iters
2026-09-22T18:37:31.5171229Z ├─ neon::deferred_bool_constant_neon                  │               │               │               │         │
2026-09-22T18:37:31.5974071Z │  ├─ ConstantPerRow                    4.276 µs      │ 77.25 µs      │ 5.019 µs      │ 5.069 µs      │ 1000    │ 1000
2026-09-22T18:37:31.5975111Z │  │                                    3.831 Gitem/s │ 212 Mitem/s   │ 3.264 Gitem/s │ 3.231 Gitem/s │         │
2026-09-22T18:37:31.6752648Z │  ╰─ PerRowConstant                    6.061 µs      │ 20.78 µs      │ 6.736 µs      │ 6.815 µs      │ 1000    │ 1000
2026-09-22T18:37:31.6753669Z │                                       2.702 Gitem/s │ 788.3 Mitem/s │ 2.432 Gitem/s │ 2.403 Gitem/s │         │
2026-09-22T18:37:31.6757914Z ├─ neon::deferred_i64_neon                            │               │               │               │         │
2026-09-22T18:37:31.7618673Z │  ╰─ PerRowPerRow                      14.89 µs      │ 24.85 µs      │ 15.2 µs       │ 15.38 µs      │ 1000    │ 1000
2026-09-22T18:37:31.7619520Z │                                       1.1 Gitem/s   │ 659.2 Mitem/s │ 1.077 Gitem/s │ 1.064 Gitem/s │         │
2026-09-22T18:37:31.7620423Z ├─ neon::filtered_owned_i64_neon                      │               │               │               │         │
2026-09-22T18:37:31.8381457Z │  ├─ AllValid                          4.777 µs      │ 29.33 µs      │ 5.329 µs      │ 5.369 µs      │ 1000    │ 1000
2026-09-22T18:37:31.8382308Z │  │                                    3.429 Gitem/s │ 558.4 Mitem/s │ 3.074 Gitem/s │ 3.051 Gitem/s │         │
2026-09-22T18:37:31.9288267Z │  ├─ NineNullsInTen                    17.36 µs      │ 107.9 µs      │ 17.88 µs      │ 18.61 µs      │ 1000    │ 1000
2026-09-22T18:37:31.9288926Z │  │                                    943.5 Mitem/s │ 151.7 Mitem/s │ 916.1 Mitem/s │ 880.3 Mitem/s │         │
2026-09-22T18:37:32.0382644Z │  ╰─ OneNullInEight                    36.57 µs      │ 57.63 µs      │ 37.34 µs      │ 38.22 µs      │ 1000    │ 1000
2026-09-22T18:37:32.0383494Z │                                       447.9 Mitem/s │ 284.2 Mitem/s │ 438.6 Mitem/s │ 428.6 Mitem/s │         │
2026-09-22T18:37:32.0384461Z ├─ neon::filtered_sink_i64_neon                       │               │               │               │         │
2026-09-22T18:37:32.1144655Z │  ├─ AllValid                          4.933 µs      │ 12.07 µs      │ 5.537 µs      │ 5.526 µs      │ 1000    │ 1000
2026-09-22T18:37:32.1145455Z │  │                                    3.32 Gitem/s  │ 1.357 Gitem/s │ 2.958 Gitem/s │ 2.964 Gitem/s │         │
2026-09-22T18:37:32.2078843Z │  ├─ NineNullsInTen                    17.6 µs       │ 80.34 µs      │ 18.07 µs      │ 18.58 µs      │ 1000    │ 1000
2026-09-22T18:37:32.2079756Z │  │                                    930.4 Mitem/s │ 203.9 Mitem/s │ 906.4 Mitem/s │ 881.7 Mitem/s │         │
2026-09-22T18:37:32.3190862Z │  ╰─ OneNullInEight                    36.72 µs      │ 65.87 µs      │ 37.52 µs      │ 38.53 µs      │ 1000    │ 1000
2026-09-22T18:37:32.3192213Z │                                       446 Mitem/s   │ 248.6 Mitem/s │ 436.6 Mitem/s │ 425.1 Mitem/s │         │
2026-09-22T18:37:32.3193099Z ├─ neon::infallible_bool_constant_neon                │               │               │               │         │
2026-09-22T18:37:32.3947878Z │  ├─ ConstantPerRow                    4.295 µs      │ 10.74 µs      │ 4.907 µs      │ 4.886 µs      │ 1000    │ 1000
2026-09-22T18:37:32.3948843Z │  │                                    3.814 Gitem/s │ 1.525 Gitem/s │ 3.338 Gitem/s │ 3.352 Gitem/s │         │
2026-09-22T18:37:32.4703526Z │  ╰─ PerRowConstant                    4.371 µs      │ 9.245 µs      │ 4.857 µs      │ 4.868 µs      │ 1000    │ 1000
2026-09-22T18:37:32.4704680Z │                                       3.747 Gitem/s │ 1.772 Gitem/s │ 3.372 Gitem/s │ 3.365 Gitem/s │         │
2026-09-22T18:37:32.4706154Z ├─ neon::deferred_bool_neon                           │               │               │               │         │
2026-09-22T18:37:32.4706937Z │  ├─ i32                                             │               │               │               │         │
2026-09-22T18:37:32.5463461Z │  │  ╰─ PerRowPerRow                   4.17 µs       │ 9.663 µs      │ 4.676 µs      │ 4.691 µs      │ 1000    │ 1000
2026-09-22T18:37:32.5464910Z │  │                                    3.928 Gitem/s │ 1.695 Gitem/s │ 3.503 Gitem/s │ 3.492 Gitem/s │         │
2026-09-22T18:37:32.5468265Z │  ╰─ i64                                             │               │               │               │         │
2026-09-22T18:37:32.6274166Z │     ╰─ PerRowPerRow                   7.191 µs      │ 14.66 µs      │ 8.058 µs      │ 8.09 µs       │ 1000    │ 1000
2026-09-22T18:37:32.6281968Z │                                       2.278 Gitem/s │ 1.117 Gitem/s │ 2.033 Gitem/s │ 2.025 Gitem/s │         │
2026-09-22T18:37:32.6282687Z ╰─ neon::infallible_bool_neon                         │               │               │               │         │
2026-09-22T18:37:32.6283274Z    ├─ i32                                             │               │               │               │         │
2026-09-22T18:37:32.7020412Z    │  ╰─ PerRowPerRow                   3.721 µs      │ 8.21 µs       │ 3.887 µs      │ 3.938 µs      │ 1000    │ 1000
2026-09-22T18:37:32.7026094Z    │                                    4.402 Gitem/s │ 1.995 Gitem/s │ 4.214 Gitem/s │ 4.159 Gitem/s │         │
2026-09-22T18:37:32.7028160Z    ╰─ i64                                             │               │               │               │         │
2026-09-22T18:37:32.7795958Z       ╰─ PerRowPerRow                   5.723 µs      │ 10.91 µs      │ 6.405 µs      │ 6.409 µs      │ 1000    │ 1000
2026-09-22T18:37:32.7796690Z                                         2.862 Gitem/s │ 1.501 Gitem/s │ 2.557 Gitem/s │ 2.556 Gitem/s │         │
2026-09-22T18:37:32.7797041Z 
2026-09-22T18:37:32.7802819Z Done running row_fn_output
2026-09-22T18:37:32.7803147Z Running vortex-array take_primitive
2026-09-22T18:37:32.7833227Z Timer precision: 29 ns
2026-09-22T18:37:32.7833698Z take_primitive                         fastest       │ slowest       │ median        │ mean          │ samples │ iters
2026-09-22T18:37:32.7835209Z ╰─ neon::dict_canonicalize_gt_u8_neon                │               │               │               │         │
2026-09-22T18:37:33.4272688Z    ╰─ 1000000                          547.3 µs      │ 625.4 µs      │ 553.5 µs      │ 553.7 µs      │ 1000    │ 1000
2026-09-22T18:37:33.4273660Z                                        1.826 Gitem/s │ 1.598 Gitem/s │ 1.806 Gitem/s │ 1.805 Gitem/s │         │
2026-09-22T18:37:33.4274035Z 
2026-09-22T18:37:33.4279326Z Done running take_primitive
2026-09-22T18:37:33.4279765Z Running vortex-array compare
2026-09-22T18:37:33.4305853Z Timer precision: 30 ns
2026-09-22T18:37:33.4306350Z compare                             fastest       │ slowest       │ median        │ mean          │ samples │ iters
2026-09-22T18:37:33.5127478Z ├─ neon::compare_f32_neon           5.626 µs      │ 74.79 µs      │ 6.15 µs       │ 6.253 µs      │ 1000    │ 1000
2026-09-22T18:37:33.5128127Z │                                   1.455 Gitem/s │ 109.5 Mitem/s │ 1.332 Gitem/s │ 1.309 Gitem/s │         │
2026-09-22T18:37:33.5931208Z ├─ neon::compare_float_neon         8.429 µs      │ 14.83 µs      │ 9.124 µs      │ 9.223 µs      │ 1000    │ 1000
2026-09-22T18:37:33.5931848Z │                                   971.8 Mitem/s │ 552.1 Mitem/s │ 897.7 Mitem/s │ 888.1 Mitem/s │         │
2026-09-22T18:37:33.6692429Z ├─ neon::compare_int_constant_neon  4.241 µs      │ 18.32 µs      │ 4.418 µs      │ 4.487 µs      │ 1000    │ 1000
2026-09-22T18:37:33.6693073Z │                                   1.931 Gitem/s │ 447 Mitem/s   │ 1.853 Gitem/s │ 1.825 Gitem/s │         │
2026-09-22T18:37:33.7459151Z ├─ neon::compare_int_eq_neon        4.646 µs      │ 16.29 µs      │ 5.113 µs      │ 5.178 µs      │ 1000    │ 1000
2026-09-22T18:37:33.7459824Z │                                   1.763 Gitem/s │ 502.8 Mitem/s │ 1.601 Gitem/s │ 1.581 Gitem/s │         │
2026-09-22T18:37:33.8223865Z ├─ neon::compare_int_neon           4.668 µs      │ 9.395 µs      │ 5.121 µs      │ 5.172 µs      │ 1000    │ 1000
2026-09-22T18:37:33.8224511Z │                                   1.754 Gitem/s │ 871.8 Mitem/s │ 1.599 Gitem/s │ 1.583 Gitem/s │         │
2026-09-22T18:37:33.9006930Z ├─ neon::compare_int_nullable_neon  5.2 µs        │ 17.24 µs      │ 5.66 µs       │ 5.741 µs      │ 1000    │ 1000
2026-09-22T18:37:33.9007577Z │                                   1.575 Gitem/s │ 475.1 Mitem/s │ 1.447 Gitem/s │ 1.426 Gitem/s │         │
2026-09-22T18:37:33.9759753Z ├─ neon::compare_u8_neon            3.9 µs        │ 9.749 µs      │ 4.021 µs      │ 4.096 µs      │ 1000    │ 1000
2026-09-22T18:37:33.9760487Z │                                   2.1 Gitem/s   │ 840.2 Mitem/s │ 2.036 Gitem/s │ 1.999 Gitem/s │         │
2026-09-22T18:37:34.0524993Z ╰─ neon::compare_u64_neon           4.688 µs      │ 10.1 µs       │ 5.141 µs      │ 5.156 µs      │ 1000    │ 1000
2026-09-22T18:37:34.0526060Z                                     1.747 Gitem/s │ 810.7 Mitem/s │ 1.593 Gitem/s │ 1.588 Gitem/s │         │
2026-09-22T18:37:34.0530780Z Done running compare
2026-09-22T18:37:34.0530946Z 
2026-09-22T18:37:34.0560999Z Running vortex-array row_fn_bool_retry
2026-09-22T18:37:34.0561332Z Timer precision: 29 ns
2026-09-22T18:37:34.0561783Z row_fn_bool_retry                          fastest       │ slowest       │ median        │ mean          │ samples │ iters
2026-09-22T18:37:34.0562839Z ├─ neon::multiversioned_neon                             │               │               │               │         │
2026-09-22T18:37:34.0563695Z │  ├─ 64                                                 │               │               │               │         │
2026-09-22T18:37:34.1327074Z │  │  ├─ (Columns, AllValid)               865.6 ns      │ 4.576 µs      │ 1.048 µs      │ 1.064 µs      │ 1000    │ 1000
2026-09-22T18:37:34.1328135Z │  │  │                                    73.93 Mitem/s │ 13.98 Mitem/s │ 61.03 Mitem/s │ 60.11 Mitem/s │         │
2026-09-22T18:37:34.2190624Z │  │  ├─ (Columns, NullOnlyFailure)        13.9 µs       │ 30.4 µs       │ 14.56 µs      │ 14.82 µs      │ 1000    │ 1000
2026-09-22T18:37:34.2191750Z │  │  │                                    4.603 Mitem/s │ 2.104 Mitem/s │ 4.394 Mitem/s │ 4.318 Mitem/s │         │
2026-09-22T18:37:34.3018674Z │  │  ├─ (Columns, ObservableFailure)      11.9 µs       │ 17.72 µs      │ 12.16 µs      │ 12.3 µs       │ 1000    │ 1000
2026-09-22T18:37:34.3019527Z │  │  │                                    5.376 Mitem/s │ 3.61 Mitem/s  │ 5.259 Mitem/s │ 5.201 Mitem/s │         │
2026-09-22T18:37:34.3747017Z │  │  ├─ (Columns, PartialAccepted)        1.829 µs      │ 5.356 µs      │ 1.995 µs      │ 2.04 µs       │ 1000    │ 1000
2026-09-22T18:37:34.3747895Z │  │  │                                    34.98 Mitem/s │ 11.94 Mitem/s │ 32.07 Mitem/s │ 31.36 Mitem/s │         │
2026-09-22T18:37:34.4497210Z │  │  ├─ (ConstantLhs, AllValid)           820.6 ns      │ 4.507 µs      │ 878.9 ns      │ 899.2 ns      │ 1000    │ 4000
2026-09-22T18:37:34.4498060Z │  │  │                                    77.99 Mitem/s │ 14.19 Mitem/s │ 72.81 Mitem/s │ 71.17 Mitem/s │         │
2026-09-22T18:37:34.5377061Z │  │  ├─ (ConstantLhs, NullOnlyFailure)    13.96 µs      │ 21.23 µs      │ 14.34 µs      │ 14.63 µs      │ 1000    │ 1000
2026-09-22T18:37:34.5380025Z │  │  │                                    4.581 Mitem/s │ 3.013 Mitem/s │ 4.461 Mitem/s │ 4.373 Mitem/s │         │
2026-09-22T18:37:34.6210345Z │  │  ├─ (ConstantLhs, ObservableFailure)  11.84 µs      │ 16.43 µs      │ 12.13 µs      │ 12.27 µs      │ 1000    │ 1000
2026-09-22T18:37:34.6211386Z │  │  │                                    5.402 Mitem/s │ 3.893 Mitem/s │ 5.273 Mitem/s │ 5.215 Mitem/s │         │
2026-09-22T18:37:34.6955549Z │  │  ├─ (ConstantLhs, PartialAccepted)    1.74 µs       │ 3.759 µs      │ 1.848 µs      │ 1.875 µs      │ 1000    │ 2000
2026-09-22T18:37:34.6956740Z │  │  │                                    36.77 Mitem/s │ 17.02 Mitem/s │ 34.62 Mitem/s │ 34.13 Mitem/s │         │
2026-09-22T18:37:34.7682930Z │  │  ├─ (ConstantRhs, AllValid)           840.1 ns      │ 3.197 µs      │ 918.1 ns      │ 939.7 ns      │ 1000    │ 2000
2026-09-22T18:37:34.7685836Z │  │  │                                    76.18 Mitem/s │ 20.01 Mitem/s │ 69.7 Mitem/s  │ 68.1 Mitem/s  │         │
2026-09-22T18:37:34.8542592Z │  │  ├─ (ConstantRhs, NullOnlyFailure)    13.91 µs      │ 27.57 µs      │ 14.28 µs      │ 14.66 µs      │ 1000    │ 1000
2026-09-22T18:37:34.8545971Z │  │  │                                    4.597 Mitem/s │ 2.32 Mitem/s  │ 4.479 Mitem/s │ 4.363 Mitem/s │         │
2026-09-22T18:37:34.9438744Z │  │  ├─ (ConstantRhs, ObservableFailure)  11.85 µs      │ 31.68 µs      │ 12.1 µs       │ 12.29 µs      │ 1000    │ 1000
2026-09-22T18:37:34.9442916Z │  │  │                                    5.396 Mitem/s │ 2.02 Mitem/s  │ 5.287 Mitem/s │ 5.205 Mitem/s │         │
2026-09-22T18:37:35.0181202Z │  │  ╰─ (ConstantRhs, PartialAccepted)    1.838 µs      │ 7.568 µs      │ 1.992 µs      │ 2.035 µs      │ 1000    │ 1000
2026-09-22T18:37:35.0186153Z │  │                                       34.8 Mitem/s  │ 8.455 Mitem/s │ 32.11 Mitem/s │ 31.44 Mitem/s │         │
2026-09-22T18:37:35.0189907Z │  ╰─ 16384                                              │               │               │               │         │
2026-09-22T18:37:35.1004295Z │     ├─ (Columns, AllValid)               10.16 µs      │ 17.2 µs       │ 10.99 µs      │ 11.18 µs      │ 1000    │ 1000
2026-09-22T18:37:35.1004952Z │     │                                    1.612 Gitem/s │ 952 Mitem/s   │ 1.489 Gitem/s │ 1.465 Gitem/s │         │
2026-09-22T18:37:35.2227336Z │     ├─ (Columns, NullOnlyFailure)        46.9 µs       │ 104.9 µs      │ 48.54 µs      │ 49.23 µs      │ 1000    │ 1000
2026-09-22T18:37:35.2228013Z │     │                                    349.2 Mitem/s │ 156 Mitem/s   │ 337.5 Mitem/s │ 332.8 Mitem/s │         │
2026-09-22T18:37:35.3167458Z │     ├─ (Columns, ObservableFailure)      21.34 µs      │ 29.45 µs      │ 22.56 µs      │ 22.69 µs      │ 1000    │ 1000
2026-09-22T18:37:35.3168118Z │     │                                    767.5 Mitem/s │ 556.1 Mitem/s │ 726.1 Mitem/s │ 722 Mitem/s   │         │
2026-09-22T18:37:35.3981063Z │     ├─ (Columns, PartialAccepted)        9.162 µs      │ 17.23 µs      │ 9.801 µs      │ 10.05 µs      │ 1000    │ 1000
2026-09-22T18:37:35.3982095Z │     │                                    1.788 Gitem/s │ 950.5 Mitem/s │ 1.671 Gitem/s │ 1.628 Gitem/s │         │
2026-09-22T18:37:35.4766905Z │     ├─ (ConstantLhs, AllValid)           6.824 µs      │ 12.29 µs      │ 7.69 µs       │ 7.688 µs      │ 1000    │ 1000
2026-09-22T18:37:35.4767552Z │     │                                    2.4 Gitem/s   │ 1.333 Gitem/s │ 2.13 Gitem/s  │ 2.13 Gitem/s  │         │
2026-09-22T18:37:35.6102711Z │     ├─ (ConstantLhs, NullOnlyFailure)    60.29 µs      │ 74.11 µs      │ 61.09 µs      │ 62.16 µs      │ 1000    │ 1000
2026-09-22T18:37:35.6103428Z │     │                                    271.7 Mitem/s │ 221 Mitem/s   │ 268.1 Mitem/s │ 263.5 Mitem/s │         │
2026-09-22T18:37:35.7010679Z │     ├─ (ConstantLhs, ObservableFailure)  17.91 µs      │ 30.77 µs      │ 19.11 µs      │ 19.25 µs      │ 1000    │ 1000
2026-09-22T18:37:35.7011390Z │     │                                    914.5 Mitem/s │ 532.4 Mitem/s │ 857.3 Mitem/s │ 851 Mitem/s   │         │
2026-09-22T18:37:35.7943425Z │     ├─ (ConstantLhs, PartialAccepted)    21.63 µs      │ 27.33 µs      │ 21.83 µs      │ 22.03 µs      │ 1000    │ 1000
2026-09-22T18:37:35.7946977Z │     │                                    757.2 Mitem/s │ 599.4 Mitem/s │ 750.2 Mitem/s │ 743.3 Mitem/s │         │
2026-09-22T18:37:35.8728117Z │     ├─ (ConstantRhs, AllValid)           6.918 µs      │ 13.44 µs      │ 7.61 µs       │ 7.611 µs      │ 1000    │ 1000
2026-09-22T18:37:35.8729040Z │     │                                    2.368 Gitem/s │ 1.218 Gitem/s │ 2.152 Gitem/s │ 2.152 Gitem/s │         │
2026-09-22T18:37:36.0077914Z │     ├─ (ConstantRhs, NullOnlyFailure)    60.16 µs      │ 72.46 µs      │ 60.97 µs      │ 61.84 µs      │ 1000    │ 1000
2026-09-22T18:37:36.0078595Z │     │                                    272.3 Mitem/s │ 226 Mitem/s   │ 268.7 Mitem/s │ 264.9 Mitem/s │         │
2026-09-22T18:37:36.0982688Z │     ├─ (ConstantRhs, ObservableFailure)  17.94 µs      │ 24.87 µs      │ 18.94 µs      │ 19.02 µs      │ 1000    │ 1000
2026-09-22T18:37:36.0983448Z │     │                                    913.1 Mitem/s │ 658.7 Mitem/s │ 864.6 Mitem/s │ 861 Mitem/s   │         │
2026-09-22T18:37:36.1923056Z │     ╰─ (ConstantRhs, PartialAccepted)    21.92 µs      │ 37.2 µs       │ 22.29 µs      │ 22.53 µs      │ 1000    │ 1000
2026-09-22T18:37:36.1923942Z │                                          747.2 Mitem/s │ 440.3 Mitem/s │ 734.9 Mitem/s │ 727.1 Mitem/s │         │
2026-09-22T18:37:36.1925217Z ╰─ neon::plain_neon                                      │               │               │               │         │
2026-09-22T18:37:36.1925981Z    ├─ 64                                                 │               │               │               │         │
2026-09-22T18:37:36.2672659Z    │  ├─ (Columns, AllValid)               842.8 ns      │ 2.065 µs      │ 898.9 ns      │ 906.9 ns      │ 1000    │ 4000
2026-09-22T18:37:36.2674006Z    │  │                                    75.93 Mitem/s │ 30.99 Mitem/s │ 71.19 Mitem/s │ 70.56 Mitem/s │         │
2026-09-22T18:37:36.3535555Z    │  ├─ (Columns, NullOnlyFailure)        13.75 µs      │ 26.42 µs      │ 14.23 µs      │ 14.53 µs      │ 1000    │ 1000
2026-09-22T18:37:36.3539075Z    │  │                                    4.652 Mitem/s │ 2.422 Mitem/s │ 4.497 Mitem/s │ 4.404 Mitem/s │         │
2026-09-22T18:37:36.4364712Z    │  ├─ (Columns, ObservableFailure)      11.86 µs      │ 18.17 µs      │ 12.14 µs      │ 12.26 µs      │ 1000    │ 1000
2026-09-22T18:37:36.4365722Z    │  │                                    5.391 Mitem/s │ 3.521 Mitem/s │ 5.269 Mitem/s │ 5.217 Mitem/s │         │
2026-09-22T18:37:36.5094611Z    │  ├─ (Columns, PartialAccepted)        1.818 µs      │ 6.947 µs      │ 1.981 µs      │ 2.017 µs      │ 1000    │ 1000
2026-09-22T18:37:36.5095321Z    │  │                                    35.19 Mitem/s │ 9.211 Mitem/s │ 32.3 Mitem/s  │ 31.72 Mitem/s │         │
2026-09-22T18:37:36.5844753Z    │  ├─ (ConstantLhs, AllValid)           825.3 ns      │ 1.869 µs      │ 875.7 ns      │ 888.5 ns      │ 1000    │ 4000
2026-09-22T18:37:36.5845609Z    │  │                                    77.54 Mitem/s │ 34.23 Mitem/s │ 73.08 Mitem/s │ 72.02 Mitem/s │         │
2026-09-22T18:37:36.6703341Z    │  ├─ (ConstantLhs, NullOnlyFailure)    13.8 µs       │ 20.44 µs      │ 14.2 µs       │ 14.5 µs       │ 1000    │ 1000
2026-09-22T18:37:36.6704230Z    │  │                                    4.634 Mitem/s │ 3.13 Mitem/s  │ 4.505 Mitem/s │ 4.413 Mitem/s │         │
2026-09-22T18:37:36.7535935Z    │  ├─ (ConstantLhs, ObservableFailure)  11.85 µs      │ 48.11 µs      │ 12.08 µs      │ 12.24 µs      │ 1000    │ 1000
2026-09-22T18:37:36.7539449Z    │  │                                    5.398 Mitem/s │ 1.33 Mitem/s  │ 5.297 Mitem/s │ 5.228 Mitem/s │         │
2026-09-22T18:37:36.8262239Z    │  ├─ (ConstantLhs, PartialAccepted)    1.87 µs       │ 5.085 µs      │ 2.008 µs      │ 2.039 µs      │ 1000    │ 1000
2026-09-22T18:37:36.8265607Z    │  │                                    34.21 Mitem/s │ 12.58 Mitem/s │ 31.86 Mitem/s │ 31.38 Mitem/s │         │
2026-09-22T18:37:36.9011008Z    │  ├─ (ConstantRhs, AllValid)           811.1 ns      │ 1.755 µs      │ 864.8 ns      │ 883.2 ns      │ 1000    │ 4000
2026-09-22T18:37:36.9011701Z    │  │                                    78.9 Mitem/s  │ 36.44 Mitem/s │ 74 Mitem/s    │ 72.46 Mitem/s │         │
2026-09-22T18:37:36.9869048Z    │  ├─ (ConstantRhs, NullOnlyFailure)    13.82 µs      │ 34.07 µs      │ 14.21 µs      │ 14.51 µs      │ 1000    │ 1000
2026-09-22T18:37:36.9870398Z    │  │                                    4.63 Mitem/s  │ 1.878 Mitem/s │ 4.5 Mitem/s   │ 4.409 Mitem/s │         │
2026-09-22T18:37:37.0692081Z    │  ├─ (ConstantRhs, ObservableFailure)  11.83 µs      │ 17.44 µs      │ 12.06 µs      │ 12.25 µs      │ 1000    │ 1000
2026-09-22T18:37:37.0695640Z    │  │                                    5.408 Mitem/s │ 3.668 Mitem/s │ 5.304 Mitem/s │ 5.223 Mitem/s │         │
2026-09-22T18:37:37.1414447Z    │  ╰─ (ConstantRhs, PartialAccepted)    1.862 µs      │ 5.759 µs      │ 2.002 µs      │ 2.041 µs      │ 1000    │ 1000
2026-09-22T18:37:37.1415455Z    │                                       34.36 Mitem/s │ 11.11 Mitem/s │ 31.95 Mitem/s │ 31.35 Mitem/s │         │
2026-09-22T18:37:37.1417043Z    ╰─ 16384                                              │               │               │               │         │
2026-09-22T18:37:37.2220863Z       ├─ (Columns, AllValid)               8.697 µs      │ 16.07 µs      │ 9.617 µs      │ 9.754 µs      │ 1000    │ 1000
2026-09-22T18:37:37.2221673Z       │                                    1.883 Gitem/s │ 1.019 Gitem/s │ 1.703 Gitem/s │ 1.679 Gitem/s │         │
2026-09-22T18:37:37.3448929Z       ├─ (Columns, NullOnlyFailure)        47.19 µs      │ 59.36 µs      │ 48.66 µs      │ 49.21 µs      │ 1000    │ 1000
2026-09-22T18:37:37.3449610Z       │                                    347.1 Mitem/s │ 275.9 Mitem/s │ 336.6 Mitem/s │ 332.8 Mitem/s │         │
2026-09-22T18:37:37.4375329Z       ├─ (Columns, ObservableFailure)      19.94 µs      │ 35.71 µs      │ 20.96 µs      │ 21.15 µs      │ 1000    │ 1000
2026-09-22T18:37:37.4375991Z       │                                    821.5 Mitem/s │ 458.7 Mitem/s │ 781.5 Mitem/s │ 774.3 Mitem/s │         │
2026-09-22T18:37:37.5194317Z       ├─ (Columns, PartialAccepted)        9.257 µs      │ 15.46 µs      │ 10.13 µs      │ 10.28 µs      │ 1000    │ 1000
2026-09-22T18:37:37.5197732Z       │                                    1.769 Gitem/s │ 1.059 Gitem/s │ 1.616 Gitem/s │ 1.592 Gitem/s │         │
2026-09-22T18:37:37.5971217Z       ├─ (ConstantLhs, AllValid)           6.887 µs      │ 23.5 µs       │ 7.518 µs      │ 7.668 µs      │ 1000    │ 1000
2026-09-22T18:37:37.5971915Z       │                                    2.378 Gitem/s │ 696.9 Mitem/s │ 2.179 Gitem/s │ 2.136 Gitem/s │         │
2026-09-22T18:37:37.7352608Z       ├─ (ConstantLhs, NullOnlyFailure)    60.37 µs      │ 77.49 µs      │ 61.13 µs      │ 62.29 µs      │ 1000    │ 1000
2026-09-22T18:37:37.7353725Z       │                                    271.3 Mitem/s │ 211.4 Mitem/s │ 267.9 Mitem/s │ 263 Mitem/s   │         │
2026-09-22T18:37:37.8257712Z       ├─ (ConstantLhs, ObservableFailure)  17.86 µs      │ 25.82 µs      │ 19.12 µs      │ 19.19 µs      │ 1000    │ 1000
2026-09-22T18:37:37.8258404Z       │                                    917.2 Mitem/s │ 634.3 Mitem/s │ 856.5 Mitem/s │ 853.5 Mitem/s │         │
2026-09-22T18:37:37.9188512Z       ├─ (ConstantLhs, PartialAccepted)    21.68 µs      │ 28.97 µs      │ 21.87 µs      │ 22.1 µs       │ 1000    │ 1000
2026-09-22T18:37:37.9189666Z       │                                    755.6 Mitem/s │ 565.4 Mitem/s │ 748.9 Mitem/s │ 741.1 Mitem/s │         │
2026-09-22T18:37:37.9976407Z       ├─ (ConstantRhs, AllValid)           6.407 µs      │ 11.78 µs      │ 7.148 µs      │ 7.244 µs      │ 1000    │ 1000
2026-09-22T18:37:37.9978158Z       │                                    2.556 Gitem/s │ 1.39 Gitem/s  │ 2.291 Gitem/s │ 2.261 Gitem/s │         │
2026-09-22T18:37:38.1331493Z       ├─ (ConstantRhs, NullOnlyFailure)    60.16 µs      │ 71.27 µs      │ 61.07 µs      │ 61.83 µs      │ 1000    │ 1000
2026-09-22T18:37:38.1344996Z       │                                    272.3 Mitem/s │ 229.8 Mitem/s │ 268.2 Mitem/s │ 264.9 Mitem/s │         │
2026-09-22T18:37:38.2223445Z       ├─ (ConstantRhs, ObservableFailure)  17.56 µs      │ 38.09 µs      │ 18.53 µs      │ 18.66 µs      │ 1000    │ 1000
2026-09-22T18:37:38.2224135Z       │                                    932.9 Mitem/s │ 430 Mitem/s   │ 883.8 Mitem/s │ 877.9 Mitem/s │         │
2026-09-22T18:37:38.3158105Z       ╰─ (ConstantRhs, PartialAccepted)    21.99 µs      │ 28.3 µs       │ 22.29 µs      │ 22.48 µs      │ 1000    │ 1000
2026-09-22T18:37:38.3158780Z                                            744.8 Mitem/s │ 578.8 Mitem/s │ 734.8 Mitem/s │ 728.6 Mitem/s │         │
2026-09-22T18:37:38.3159129Z 
2026-09-22T18:37:38.3164354Z Done running row_fn_bool_retry
2026-09-22T18:37:38.3164718Z Running vortex-array binary_ops
2026-09-22T18:37:38.3195318Z Timer precision: 29 ns
2026-09-22T18:37:38.3195779Z binary_ops                             fastest       │ slowest       │ median        │ mean          │ samples │ iters
2026-09-22T18:37:38.3196549Z ├─ neon::add_constant_shapes_neon                    │               │               │               │         │
2026-09-22T18:37:38.4135778Z │  ├─ (32768, ConstantPerRow)          16.28 µs      │ 86.13 µs      │ 17.25 µs      │ 17.44 µs      │ 1000    │ 1000
2026-09-22T18:37:38.4136716Z │  │                                   2.012 Gitem/s │ 380.4 Mitem/s │ 1.898 Gitem/s │ 1.878 Gitem/s │         │
2026-09-22T18:37:38.5023906Z │  ├─ (32768, PerRowConstant)          16.19 µs      │ 25.75 µs      │ 17.16 µs      │ 17.29 µs      │ 1000    │ 1000
2026-09-22T18:37:38.5024796Z │  │                                   2.023 Gitem/s │ 1.272 Gitem/s │ 1.909 Gitem/s │ 1.894 Gitem/s │         │
2026-09-22T18:37:38.5928538Z │  ╰─ (32768, PerRowNullableConstant)  16.96 µs      │ 31.28 µs      │ 18.06 µs      │ 18.22 µs      │ 1000    │ 1000
2026-09-22T18:37:38.5929372Z │                                      1.932 Gitem/s │ 1.047 Gitem/s │ 1.813 Gitem/s │ 1.797 Gitem/s │         │
2026-09-22T18:37:38.6850502Z ├─ neon::add_i32_nonnull_neon          17.5 µs       │ 33.68 µs      │ 18.66 µs      │ 19.05 µs      │ 1000    │ 1000
2026-09-22T18:37:38.6851486Z │                                      3.743 Gitem/s │ 1.945 Gitem/s │ 3.511 Gitem/s │ 3.439 Gitem/s │         │
2026-09-22T18:37:38.7769144Z ├─ neon::add_i64_nonnull_neon          17.71 µs      │ 26.85 µs      │ 18.62 µs      │ 18.96 µs      │ 1000    │ 1000
2026-09-22T18:37:38.7769947Z │                                      1.85 Gitem/s  │ 1.219 Gitem/s │ 1.759 Gitem/s │ 1.727 Gitem/s │         │
2026-09-22T18:37:38.8716757Z ├─ neon::add_i64_nullable_neon         19.85 µs      │ 62.97 µs      │ 21.42 µs      │ 21.86 µs      │ 1000    │ 1000
2026-09-22T18:37:38.8717610Z │                                      1.65 Gitem/s  │ 520.3 Mitem/s │ 1.529 Gitem/s │ 1.498 Gitem/s │         │
2026-09-22T18:37:38.8718319Z ├─ neon::add_shapes_neon                             │               │               │               │         │
2026-09-22T18:37:38.9636586Z │  ╰─ (32768, PerRowPerRow)            17.7 µs       │ 25.35 µs      │ 18.59 µs      │ 18.97 µs      │ 1000    │ 1000
2026-09-22T18:37:38.9637407Z │                                      1.85 Gitem/s  │ 1.292 Gitem/s │ 1.761 Gitem/s │ 1.726 Gitem/s │         │
2026-09-22T18:37:39.0512974Z ├─ neon::add_u32_nonnull_neon          13.65 µs      │ 26.2 µs       │ 15.07 µs      │ 15.24 µs      │ 1000    │ 1000
2026-09-22T18:37:39.0513831Z │                                      4.8 Gitem/s   │ 2.5 Gitem/s   │ 4.346 Gitem/s │ 4.297 Gitem/s │         │
2026-09-22T18:37:39.2286153Z ├─ neon::div_i64_nonnull_neon          102.9 µs      │ 122.3 µs      │ 103.4 µs      │ 104.5 µs      │ 1000    │ 1000
2026-09-22T18:37:39.2287176Z │                                      318.1 Mitem/s │ 267.8 Mitem/s │ 316.8 Mitem/s │ 313.3 Mitem/s │         │
2026-09-22T18:37:39.3682664Z ├─ neon::div_i64_nullable_neon         61.77 µs      │ 106.6 µs      │ 63.01 µs      │ 64.01 µs      │ 1000    │ 1000
2026-09-22T18:37:39.3683547Z │                                      530.4 Mitem/s │ 307.2 Mitem/s │ 519.9 Mitem/s │ 511.8 Mitem/s │         │
2026-09-22T18:37:39.4431986Z ├─ neon::lt_i64_nullable_neon          3.582 µs      │ 29.97 µs      │ 3.801 µs      │ 3.885 µs      │ 1000    │ 1000
2026-09-22T18:37:39.4432642Z │                                      1.143 Gitem/s │ 136.6 Mitem/s │ 1.077 Gitem/s │ 1.054 Gitem/s │         │
2026-09-22T18:37:39.5433632Z ├─ neon::mul_i8_nonnull_neon           25.74 µs      │ 44.44 µs      │ 26.95 µs      │ 27.28 µs      │ 1000    │ 1000
2026-09-22T18:37:39.5434425Z │                                      10.18 Gitem/s │ 5.897 Gitem/s │ 9.725 Gitem/s │ 9.606 Gitem/s │         │
2026-09-22T18:37:39.6423705Z ├─ neon::mul_i16_nonnull_neon          24.12 µs      │ 36.15 µs      │ 25.33 µs      │ 25.65 µs      │ 1000    │ 1000
2026-09-22T18:37:39.6427037Z │                                      5.431 Gitem/s │ 3.625 Gitem/s │ 5.174 Gitem/s │ 5.108 Gitem/s │         │
2026-09-22T18:37:39.7403415Z ├─ neon::mul_i32_nonnull_neon          23.57 µs      │ 34.73 µs      │ 24.8 µs       │ 25.15 µs      │ 1000    │ 1000
2026-09-22T18:37:39.7404063Z │                                      2.779 Gitem/s │ 1.886 Gitem/s │ 2.641 Gitem/s │ 2.605 Gitem/s │         │
2026-09-22T18:37:39.8422357Z ├─ neon::mul_i32_nullable_neon         25.97 µs      │ 38.54 µs      │ 27.15 µs      │ 27.67 µs      │ 1000    │ 1000
2026-09-22T18:37:39.8423059Z │                                      2.523 Gitem/s │ 1.7 Gitem/s   │ 2.413 Gitem/s │ 2.368 Gitem/s │         │
2026-09-22T18:37:39.9552275Z ├─ neon::mul_i64_nonnull_neon          38.91 µs      │ 48.39 µs      │ 39.33 µs      │ 39.87 µs      │ 1000    │ 1000
2026-09-22T18:37:39.9552940Z │                                      842 Mitem/s   │ 677.1 Mitem/s │ 832.9 Mitem/s │ 821.7 Mitem/s │         │
2026-09-22T18:37:40.0509578Z ├─ neon::mul_u8_nonnull_neon           19.14 µs      │ 41.81 µs      │ 20.68 µs      │ 20.92 µs      │ 1000    │ 1000
2026-09-22T18:37:40.0510259Z │                                      13.69 Gitem/s │ 6.268 Gitem/s │ 12.67 Gitem/s │ 12.52 Gitem/s │         │
2026-09-22T18:37:40.1489347Z ├─ neon::mul_u16_nonnull_neon          18.09 µs      │ 28.58 µs      │ 18.97 µs      │ 19.32 µs      │ 1000    │ 1000
2026-09-22T18:37:40.1490200Z │                                      7.243 Gitem/s │ 4.585 Gitem/s │ 6.906 Gitem/s │ 6.783 Gitem/s │         │
2026-09-22T18:37:40.2551796Z ├─ neon::mul_u32_nonnull_neon          18.25 µs      │ 32.05 µs      │ 19.27 µs      │ 19.64 µs      │ 1000    │ 1000
2026-09-22T18:37:40.2552551Z │                                      3.59 Gitem/s  │ 2.044 Gitem/s │ 3.4 Gitem/s   │ 3.336 Gitem/s │         │
2026-09-22T18:37:40.3929784Z ├─ neon::mul_u64_nonnull_neon          39.91 µs      │ 58.35 µs      │ 41.23 µs      │ 41.84 µs      │ 1000    │ 1000
2026-09-22T18:37:40.3933181Z │                                      820.9 Mitem/s │ 561.5 Mitem/s │ 794.6 Mitem/s │ 783 Mitem/s   │         │
2026-09-22T18:37:40.3934118Z ├─ neon::multiply_shapes_neon                        │               │               │               │         │
2026-09-22T18:37:40.5258308Z │  ╰─ (32768, PerRowPerRow)            38.81 µs      │ 52.86 µs      │ 39.31 µs      │ 39.83 µs      │ 1000    │ 1000
2026-09-22T18:37:40.5260419Z │                                      844.1 Mitem/s │ 619.8 Mitem/s │ 833.5 Mitem/s │ 822.6 Mitem/s │         │
2026-09-22T18:37:40.5262822Z ╰─ neon::subtract_shapes_neon                        │               │               │               │         │
2026-09-22T18:37:40.6314959Z    ╰─ (32768, PerRowPerRow)            17.74 µs      │ 30.21 µs      │ 18.93 µs      │ 19.21 µs      │ 1000    │ 1000
2026-09-22T18:37:40.6315916Z                                        1.846 Gitem/s │ 1.084 Gitem/s │ 1.73 Gitem/s  │ 1.705 Gitem/s │         │
2026-09-22T18:37:40.6316400Z 
2026-09-22T18:37:40.6321534Z Done running binary_ops
2026-09-22T18:37:40.6322110Z Running vortex-array scalar_subtract
2026-09-22T18:37:40.6352221Z Timer precision: 29 ns
2026-09-22T18:37:40.6352705Z scalar_subtract                fastest       │ slowest       │ median        │ mean          │ samples │ iters
2026-09-22T18:37:40.7327327Z ╰─ neon::scalar_subtract_neon  12.1 µs       │ 113 µs        │ 13 µs         │ 13.47 µs      │ 1000    │ 1000
2026-09-22T18:37:40.7328253Z 
2026-09-22T18:37:40.7329448Z Done running scalar_subtract
2026-09-22T18:37:40.7330255Z Running vortex-buffer collect_bool
2026-09-22T18:37:40.7355336Z Timer precision: 29 ns
2026-09-22T18:37:40.7356117Z collect_bool                         fastest       │ slowest       │ median        │ mean          │ samples │ iters
2026-09-22T18:37:40.7356859Z ╰─ neon::words_gather_dispatch_neon                │               │               │               │         │
2026-09-22T18:37:40.8228343Z    ├─ 65536                          2.243 µs      │ 7.06 µs       │ 2.295 µs      │ 2.316 µs      │ 1000    │ 1000
2026-09-22T18:37:40.9352591Z    ╰─ 1048576                        29.81 µs      │ 41.38 µs      │ 30.48 µs      │ 30.71 µs      │ 1000    │ 1000
2026-09-22T18:37:40.9352974Z 
2026-09-22T18:37:40.9357221Z Done running collect_bool
2026-09-22T18:37:40.9357562Z Running vortex-compute lane_kernels
2026-09-22T18:37:40.9384322Z Timer precision: 29 ns
2026-09-22T18:37:40.9384849Z lane_kernels                           fastest       │ slowest       │ median        │ mean          │ samples │ iters
2026-09-22T18:37:40.9385985Z ╰─ neon::lanezip_checked_add_u32_neon                │               │               │               │         │
2026-09-22T18:37:41.0427955Z    ╰─ 65536                            21.5 µs       │ 31.14 µs      │ 22.68 µs      │ 22.82 µs      │ 1000    │ 1000
2026-09-22T18:37:41.0428598Z 
2026-09-22T18:37:41.0430062Z Done running lane_kernels
2026-09-22T18:37:41.0430542Z Running vortex-decimal-byte-parts dbp_assemble
2026-09-22T18:37:41.0457433Z Timer precision: 29 ns
2026-09-22T18:37:41.0457960Z dbp_assemble                                  fastest       │ slowest       │ median        │ mean          │ samples │ iters
2026-09-22T18:37:41.0459156Z ├─ neon::dbp_assemble_kernel_narrow_msp_neon                │               │               │               │         │
2026-09-22T18:37:41.1270456Z │  ├─ (I128, 1024)                            481.4 ns      │ 1.078 µs      │ 493.7 ns      │ 497.5 ns      │ 1000    │ 8000
2026-09-22T18:37:41.2022683Z │  ├─ (I128, 8192)                            3.773 µs      │ 10.34 µs      │ 4.12 µs       │ 4.137 µs      │ 1000    │ 1000
2026-09-22T18:37:41.2758705Z │  ├─ (I256, 1024)                            945.6 ns      │ 4.574 µs      │ 968.6 ns      │ 998.3 ns      │ 1000    │ 1000
2026-09-22T18:37:41.3554290Z │  ╰─ (I256, 8192)                            6.65 µs       │ 12.24 µs      │ 6.796 µs      │ 6.966 µs      │ 1000    │ 1000
2026-09-22T18:37:41.3555143Z ╰─ neon::dbp_assemble_kernel_neon                           │               │               │               │         │
2026-09-22T18:37:41.4312428Z    ├─ (I128, 1024)                            408.7 ns      │ 811.9 ns      │ 457.6 ns      │ 456.6 ns      │ 1000    │ 8000
2026-09-22T18:37:41.5071016Z    ├─ (I128, 8192)                            3.399 µs      │ 7.601 µs      │ 4.067 µs      │ 3.988 µs      │ 1000    │ 1000
2026-09-22T18:37:41.5821100Z    ├─ (I256, 1024)                            908.1 ns      │ 1.771 µs      │ 922.3 ns      │ 931.7 ns      │ 1000    │ 4000
2026-09-22T18:37:41.6605333Z    ╰─ (I256, 8192)                            6.822 µs      │ 12.06 µs      │ 6.98 µs       │ 7.071 µs      │ 1000    │ 1000
2026-09-22T18:37:41.6605854Z 
2026-09-22T18:37:41.6611698Z Done running dbp_assemble
2026-09-22T18:37:41.6612089Z Running vortex-decimal-byte-parts dbp_split
2026-09-22T18:37:41.6638671Z Timer precision: 29 ns
2026-09-22T18:37:41.6639431Z dbp_split                                  fastest       │ slowest       │ median        │ mean          │ samples │ iters
2026-09-22T18:37:41.6640169Z ├─ neon::dbp_split_kernel_all_valid_neon                 │               │               │               │         │
2026-09-22T18:37:41.7442755Z │  ├─ (I128, 1024)                         548.8 ns      │ 1.83 µs       │ 575.6 ns      │ 584.2 ns      │ 1000    │ 4000
2026-09-22T18:37:41.8196854Z │  ├─ (I128, 8192)                         3.201 µs      │ 7.592 µs      │ 3.56 µs       │ 3.551 µs      │ 1000    │ 1000
2026-09-22T18:37:41.8927489Z │  ├─ (I256, 1024)                         1.419 µs      │ 7.551 µs      │ 1.491 µs      │ 1.535 µs      │ 1000    │ 1000
2026-09-22T18:37:41.9741188Z │  ╰─ (I256, 8192)                         8.093 µs      │ 13.93 µs      │ 9.231 µs      │ 9.236 µs      │ 1000    │ 1000
2026-09-22T18:37:41.9742095Z ╰─ neon::dbp_split_kernel_mixed_null_neon                │               │               │               │         │
2026-09-22T18:37:42.0512433Z    ├─ (I128, 1024)                         1.216 µs      │ 2.338 µs      │ 1.243 µs      │ 1.255 µs      │ 1000    │ 4000
2026-09-22T18:37:42.1315284Z    ├─ (I128, 8192)                         7.898 µs      │ 13.74 µs      │ 8.507 µs      │ 8.577 µs      │ 1000    │ 1000
2026-09-22T18:37:42.2043605Z    ├─ (I256, 1024)                         2.171 µs      │ 7.562 µs      │ 2.279 µs      │ 2.312 µs      │ 1000    │ 1000
2026-09-22T18:37:42.2886156Z    ╰─ (I256, 8192)                         11.92 µs      │ 19.54 µs      │ 12.94 µs      │ 12.97 µs      │ 1000    │ 1000
2026-09-22T18:37:42.2886596Z 
2026-09-22T18:37:42.2891266Z Done running dbp_split
2026-09-22T18:37:42.2891694Z Finished running 10 benchmark suite(s)
2026-09-22T18:37:42.4961626Z Symbolicating...
2026-09-22T18:37:45.3554209Z ##[endgroup]
2026-09-22T18:37:45.3555724Z ##[group]Uploading results
2026-09-22T18:37:48.5348069Z Performance data uploaded
2026-09-22T18:37:48.5348727Z Linked repository: vortex-data/vortex
2026-09-22T18:37:48.5354473Z ##[endgroup]
2026-09-22T18:37:48.5383707Z ##[end-action id=__CodSpeedHQ_action.__run_2;outcome=success;conclusion=success;duration_ms=24244]
2026-09-22T18:37:48.5553867Z Post job cleanup.
2026-09-22T18:37:48.5557642Z ##[start-action display=Cache CodSpeed instruments;id=__d4b6512e-9b64-4154-84ef-2b3077d3a294.__actions_cache]
2026-09-22T18:37:48.5592096Z Post job cleanup.
2026-09-22T18:37:48.6833956Z [warning]Path Validation Error: Path(s) specified in the action for caching do(es) not exist, hence no cache is being saved.
2026-09-22T18:37:48.6887479Z ##[end-action id=__d4b6512e-9b64-4154-84ef-2b3077d3a294.__actions_cache;outcome=success;conclusion=success;duration_ms=132]
2026-09-22T18:37:48.7037098Z Post job cleanup.
2026-09-22T18:37:48.7040103Z ##[start-action display=Restore Cache;id=__111418ee-53a1-4c15-bfd7-8b29eccb1b85.cache]
2026-09-22T18:37:48.7074105Z Post job cleanup.
2026-09-22T18:37:48.8272866Z Cache hit occurred on the primary key cargo-codspeed-5.0.2-aarch64-linux-gnu-2.39-features-default-no-default-features-false-all-features-false, not saving cache.
2026-09-22T18:37:48.8322571Z ##[end-action id=__111418ee-53a1-4c15-bfd7-8b29eccb1b85.cache;outcome=success;conclusion=success;duration_ms=128]
2026-09-22T18:37:48.8489190Z Post job cleanup.
2026-09-22T18:37:48.8556664Z Post job cleanup.
2026-09-22T18:37:48.9417426Z [command]/usr/bin/git version
2026-09-22T18:37:48.9462776Z git version 2.55.0
2026-09-22T18:37:48.9512494Z Temporarily overriding HOME='/home/runner/_work/_temp/049f2af8-7023-4322-b19b-f237597fb54b' before making global git config changes
2026-09-22T18:37:48.9513934Z Adding repository directory to the temporary git global config as a safe directory
2026-09-22T18:37:48.9514807Z [command]/usr/bin/git config --global --add safe.directory /home/runner/_work/vortex/vortex
2026-09-22T18:37:48.9551116Z Removing SSH command configuration
2026-09-22T18:37:48.9555309Z [command]/usr/bin/git config --local --name-only --get-regexp core\.sshCommand
2026-09-22T18:37:48.9601741Z [command]/usr/bin/git submodule foreach --recursive sh -c "git config --local --name-only --get-regexp 'core\.sshCommand' && git config --local --unset-all 'core.sshCommand' || :"
2026-09-22T18:37:48.9777728Z Removing HTTP extra header
2026-09-22T18:37:48.9782321Z [command]/usr/bin/git config --local --name-only --get-regexp http\.https\:\/\/github\.com\/\.extraheader
2026-09-22T18:37:48.9822742Z [command]/usr/bin/git submodule foreach --recursive sh -c "git config --local --name-only --get-regexp 'http\.https\:\/\/github\.com\/\.extraheader' && git config --local --unset-all 'http.https://github.com/.extraheader' || :"
2026-09-22T18:37:49.0004811Z Removing includeIf entries pointing to credentials config files
2026-09-22T18:37:49.0005562Z [command]/usr/bin/git config --local --name-only --get-regexp ^includeIf\.gitdir:
2026-09-22T18:37:49.0017876Z includeif.gitdir:/home/runner/_work/vortex/vortex/.git.path
2026-09-22T18:37:49.0018707Z includeif.gitdir:/home/runner/_work/vortex/vortex/.git/worktrees/*.path
2026-09-22T18:37:49.0019190Z includeif.gitdir:/github/workspace/.git.path
2026-09-22T18:37:49.0019590Z includeif.gitdir:/github/workspace/.git/worktrees/*.path
2026-09-22T18:37:49.0035195Z [command]/usr/bin/git config --local --get-all includeif.gitdir:/home/runner/_work/vortex/vortex/.git.path
2026-09-22T18:37:49.0049962Z /home/runner/_work/_temp/git-credentials-866605a2-6490-432d-9d21-e876cfd9fd13.config
2026-09-22T18:37:49.0062006Z [command]/usr/bin/git config --local --unset includeif.gitdir:/home/runner/_work/vortex/vortex/.git.path \/home\/runner\/_work\/_temp\/git\-credentials\-866605a2\-6490\-432d\-9d21\-e876cfd9fd13\.config
2026-09-22T18:37:49.0103558Z [command]/usr/bin/git config --local --get-all includeif.gitdir:/home/runner/_work/vortex/vortex/.git/worktrees/*.path
2026-09-22T18:37:49.0115286Z /home/runner/_work/_temp/git-credentials-866605a2-6490-432d-9d21-e876cfd9fd13.config
2026-09-22T18:37:49.0134578Z [command]/usr/bin/git config --local --unset includeif.gitdir:/home/runner/_work/vortex/vortex/.git/worktrees/*.path \/home\/runner\/_work\/_temp\/git\-credentials\-866605a2\-6490\-432d\-9d21\-e876cfd9fd13\.config
2026-09-22T18:37:49.0175063Z [command]/usr/bin/git config --local --get-all includeif.gitdir:/github/workspace/.git.path
2026-09-22T18:37:49.0200447Z /github/runner_temp/git-credentials-866605a2-6490-432d-9d21-e876cfd9fd13.config
2026-09-22T18:37:49.0216224Z [command]/usr/bin/git config --local --unset includeif.gitdir:/github/workspace/.git.path \/github\/runner_temp\/git\-credentials\-866605a2\-6490\-432d\-9d21\-e876cfd9fd13\.config
2026-09-22T18:37:49.0251390Z [command]/usr/bin/git config --local --get-all includeif.gitdir:/github/workspace/.git/worktrees/*.path
2026-09-22T18:37:49.0263029Z /github/runner_temp/git-credentials-866605a2-6490-432d-9d21-e876cfd9fd13.config
2026-09-22T18:37:49.0273467Z [command]/usr/bin/git config --local --unset includeif.gitdir:/github/workspace/.git/worktrees/*.path \/github\/runner_temp\/git\-credentials\-866605a2\-6490\-432d\-9d21\-e876cfd9fd13\.config
2026-09-22T18:37:49.0312828Z [command]/usr/bin/git submodule foreach --recursive git config --local --show-origin --name-only --get-regexp remote.origin.url
2026-09-22T18:37:49.0498397Z Removing credentials config '/home/runner/_work/_temp/git-credentials-866605a2-6490-432d-9d21-e876cfd9fd13.config'
2026-09-22T18:37:49.0638745Z Post job cleanup.
2026-09-22T18:37:49.1304617Z Running post-execution phase...
2026-09-22T18:37:49.1305358Z Input 'show_env': false
2026-09-22T18:37:49.1306253Z Input 'show_costs': inline
2026-09-22T18:37:49.1307019Z Input 'metrics': []
2026-09-22T18:37:49.1308187Z Input 'network_interface': enp39s0
2026-09-22T18:37:49.1308758Z Input 'disk_device': nvme0n1p1
2026-09-22T18:37:49.1309184Z Input 'sccache': 
2026-09-22T18:37:49.1309567Z Input 'sticky_cache': []
2026-09-22T18:37:49.1309988Z Input 'sticky_wait_timeout': 15m0s
2026-09-22T18:37:49.1310627Z ZCTIONS_RESULTS_URL is set: https://results-receiver.actions.githubusercontent.com/
2026-09-22T18:37:49.1311640Z ZCTIONS_CACHE_URL is set: https://acghubeus1.actions.githubusercontent.com/XtqVEj2MXQCbzj6x6n8CMomnIjyhqqRNuSgameoSnKmgcNZw2F/
2026-09-22T18:37:49.1312503Z ACTIONS_RUNTIME_TOKEN is set.
2026-09-22T18:37:49.1894387Z Mapped zone name us-east-1b to zone ID use1-az1
2026-09-22T18:37:49.4204374Z ## Execution Cost Summary
2026-09-22T18:37:49.4211935Z 
2026-09-22T18:37:49.4212305Z | metric                 | value           |
2026-09-22T18:37:49.4212835Z | ---------------------- | --------------- |
2026-09-22T18:37:49.4213364Z | Instance Type          | c7g.metal       |
2026-09-22T18:37:49.4213844Z | Instance Lifecycle     | spot            |
2026-09-22T18:37:49.4214434Z | Region                 | us-east-1       |
2026-09-22T18:37:49.4214884Z | Platform               | Linux/UNIX      |
2026-09-22T18:37:49.4215326Z | Arch                   | arm64           |
2026-09-22T18:37:49.4215757Z | Az                     | us-east-1b      |
2026-09-22T18:37:49.4216264Z | Zone ID                | use1-az1        |
2026-09-22T18:37:49.4216700Z | Duration               | 1.62 minutes    |
2026-09-22T18:37:49.4217195Z | Cost                   | $0.0180         |
2026-09-22T18:37:49.4217624Z | GitHub equivalent cost | $0.1960         |
2026-09-22T18:37:49.4218055Z | Savings                | $0.1780 (90.8%) |
2026-09-22T18:37:49.4218382Z 
2026-09-22T18:37:49.4218673Z Post-execution phase finished.
2026-09-22T18:37:49.4245973Z A job completed hook has been configured by the self-hosted runner administrator
2026-09-22T18:37:49.4278970Z ##[group]Run '/runs-on/post.sh'
2026-09-22T18:37:49.4301977Z shell: /usr/bin/bash --noprofile --norc -e -o pipefail {0}
2026-09-22T18:37:49.4302359Z ##[endgroup]
2026-09-22T18:37:49.4366298Z Thanks for using RunsOn!
2026-09-22T18:37:49.4392021Z 
2026-09-22T18:37:49.4406643Z 📊 Job Metrics
2026-09-22T18:37:49.7629562Z Error visualizing metrics: failed to parse metrics file: error reading file: bufio.Scanner: token too long
2026-09-22T18:37:49.7649938Z Metrics visualization unavailable
2026-09-22T18:37:50.1849425Z 📤 metrics.jsonl uploaded (492930 bytes) to s3://runs-on-v3-s3bucketcache-dbnub4tpjhpv/cache/metrics/v1/vortex-data/vortex/35767877888/bench-codspeed-cpu-features/i-020d3df8d8e3c3455/metrics.jsonl
2026-09-22T18:37:50.1934310Z Cleaning up orphan processes
