2026-09-22T18:40:47.2909880Z Current runner version: '2.336.0'
2026-09-22T18:40:47.2914569Z Runner name: 'runs-on--i-05b881343c6c288b6--e9667715-c'
2026-09-22T18:40:47.2915339Z Runner group name: 'Default'
2026-09-22T18:40:47.2916073Z Machine name: 'ip-10-1-23-154'
2026-09-22T18:40:47.2952634Z ##[group]🏃 Runner details (c7i.metal-24xl, spot, v3.3.0)
2026-09-22T18:40:47.2953925Z ┌───────────────────┬────────────────────────────────────────────────────────────────────────────────────────────────────────────────────────────────────────────────────────┐
2026-09-22T18:40:47.2955020Z │       INFO        │                                                                         VALUE                                                                          │
2026-09-22T18:40:47.2956155Z ├───────────────────┼────────────────────────────────────────────────────────────────────────────────────────────────────────────────────────────────────────────────────────┤
2026-09-22T18:40:47.2957893Z │ Labels            │ [runs-on=35768383383/runner=bench-dedicated/family=c7i.metal-24xl/image=ubuntu24-full-x64-pre-v2/extras=s3-cache/tag=bench-codspeed-cpu-features-avx2] │
2026-09-22T18:40:47.2959349Z │ Extras            │ [s3-cache]                                                                                                                                             │
2026-09-22T18:40:47.2960414Z │ PrivateIp         │ 10.1.23.154                                                                                                                                            │
2026-09-22T18:40:47.2961440Z │ IsPrivate         │ false                                                                                                                                                  │
2026-09-22T18:40:47.2962494Z │ Environment       │ production                                                                                                                                             │
2026-09-22T18:40:47.2963599Z │ StackName         │ runs-on-v3                                                                                                                                             │
2026-09-22T18:40:47.2964660Z │ Region            │ us-east-1                                                                                                                                              │
2026-09-22T18:40:47.2965773Z │ AvailabilityZone  │ us-east-1b                                                                                                                                             │
2026-09-22T18:40:47.2966880Z │ Version           │ v3.3.0                                                                                                                                                 │
2026-09-22T18:40:47.2968106Z │ RunnerName        │ runs-on--i-05b881343c6c288b6--e9667715-c                                                                                                               │
2026-09-22T18:40:47.2969422Z │ AssignmentId      │ e9667715-c845-4591-89d2-37c2085f0647                                                                                                                   │
2026-09-22T18:40:47.2970790Z │ BucketCacheName   │ runs-on-v3-s3bucketcache-dbnub4tpjhpv                                                                                                                  │
2026-09-22T18:40:47.2972108Z │ InstanceId        │ i-05b881343c6c288b6                                                                                                                                    │
2026-09-22T18:40:47.2973263Z │ InstanceType      │ c7i.metal-24xl                                                                                                                                         │
2026-09-22T18:40:47.2974366Z │ InstanceLifecycle │ spot                                                                                                                                                   │
2026-09-22T18:40:47.2975679Z │ InstanceRAM       │ 193002.64 MiB                                                                                                                                          │
2026-09-22T18:40:47.2976906Z │ InstanceCPU       │ 96 cores                                                                                                                                               │
2026-09-22T18:40:47.2978055Z │ InstanceDisk1     │ /=/dev/nvme0n1p1                                                                                                                                       │
2026-09-22T18:40:47.2979183Z │                   │ Free=76.97GiB Used=18.84GiB                                                                                                                            │
2026-09-22T18:40:47.2980314Z │ ImageId           │ ami-0d8875560af9e1401                                                                                                                                  │
2026-09-22T18:40:47.2981550Z │ ImageName         │ vortex-ci-v2-x64-20260831011844                                                                                                                        │
2026-09-22T18:40:47.2982715Z │ Platform          │ linux                                                                                                                                                  │
2026-09-22T18:40:47.2983781Z │ Architecture      │ x64                                                                                                                                                    │
2026-09-22T18:40:47.2984880Z │ HasPreinstall     │ false                                                                                                                                                  │
2026-09-22T18:40:47.2985968Z │ HasPrerun         │ false                                                                                                                                                  │
2026-09-22T18:40:47.2987135Z │ IsDebug           │ false                                                                                                                                                  │
2026-09-22T18:40:47.2988289Z │ Integrations      │ []                                                                                                                                                     │
2026-09-22T18:40:47.2989377Z └───────────────────┴────────────────────────────────────────────────────────────────────────────────────────────────────────────────────────────────────────────────────────┘
2026-09-22T18:40:47.2990257Z ##[endgroup]
2026-09-22T18:40:47.2990786Z ##[group]⏱️ Timings - 45.42s
2026-09-22T18:40:47.2991531Z ┌──────────────────────┬─────────────────────────────────┬─────────┬────────┐
2026-09-22T18:40:47.2992286Z │         TIME         │              STEP               │  DIFF   │ TOTAL  │
2026-09-22T18:40:47.2993025Z ├──────────────────────┼─────────────────────────────────┼─────────┼────────┤
2026-09-22T18:40:47.2993924Z │ 2026-09-22T18:39:58Z │ job-created                     │ 0ms     │ 0.0s   │
2026-09-22T18:40:47.2994842Z │ 2026-09-22T18:39:59Z │ job-received                    │ 1388ms  │ 1.39s  │
2026-09-22T18:40:47.2995716Z │ 2026-09-22T18:39:59Z │ job-scheduled                   │ 21ms    │ 1.41s  │
2026-09-22T18:40:47.2996573Z │ 2026-09-22T18:40:01Z │ instance-pending                │ 1589ms  │ 3.00s  │
2026-09-22T18:40:47.2997424Z │ 2026-09-22T18:40:01Z │ runner-registered               │ 978ms   │ 3.98s  │
2026-09-22T18:40:47.2998419Z │ 2026-09-22T18:40:41Z │ agent-booting                   │ 39751ms │ 43.73s │
2026-09-22T18:40:47.2999272Z │ 2026-09-22T18:40:41Z │ runner-setup-global-env         │ 15ms    │ 43.75s │
2026-09-22T18:40:47.3000149Z │ 2026-09-22T18:40:41Z │ runner-setup-user               │ 55ms    │ 43.80s │
2026-09-22T18:40:47.3000962Z │ 2026-09-22T18:40:41Z │ agent-metadata                  │ 85ms    │ 43.89s │
2026-09-22T18:40:47.3001776Z │ 2026-09-22T18:40:41Z │ instance-config                 │ 94ms    │ 43.98s │
2026-09-22T18:40:47.3002656Z │ 2026-09-22T18:40:41Z │ runner-otel-setup-tracer        │ 0ms     │ 43.98s │
2026-09-22T18:40:47.3003530Z │ 2026-09-22T18:40:41Z │ runner-otel-setup-collector     │ 0ms     │ 43.98s │
2026-09-22T18:40:47.3004416Z │ 2026-09-22T18:40:43Z │ runner-resize-disk              │ 1241ms  │ 45.22s │
2026-09-22T18:40:47.3005245Z │ 2026-09-22T18:40:43Z │ runner-prepare-mount-points     │ 0ms     │ 45.22s │
2026-09-22T18:40:47.3006088Z │ 2026-09-22T18:40:43Z │ runner-setup-mount-points       │ 66ms    │ 45.29s │
2026-09-22T18:40:47.3006919Z │ 2026-09-22T18:40:43Z │ runner-setup-agent              │ 3ms     │ 45.29s │
2026-09-22T18:40:47.3007794Z │ 2026-09-22T18:40:43Z │ runner-setup-aws-profile        │ 0ms     │ 45.29s │
2026-09-22T18:40:47.3008678Z │ 2026-09-22T18:40:43Z │ runner-setup-host               │ 0ms     │ 45.29s │
2026-09-22T18:40:47.3009491Z │ 2026-09-22T18:40:43Z │ runner-config                   │ 33ms    │ 45.33s │
2026-09-22T18:40:47.3010334Z │ 2026-09-22T18:40:43Z │ runner-otel-restart             │ 0ms     │ 45.33s │
2026-09-22T18:40:47.3011179Z │ 2026-09-22T18:40:43Z │ runner-env                      │ 3ms     │ 45.33s │
2026-09-22T18:40:47.3011987Z │ 2026-09-22T18:40:43Z │ runner-setup-integrations       │ 60ms    │ 45.39s │
2026-09-22T18:40:47.3012860Z │ 2026-09-22T18:40:43Z │ runner-chown-runner-directories │ 0ms     │ 45.39s │
2026-09-22T18:40:47.3013724Z │ 2026-09-22T18:40:43Z │ runner-start-local-server       │ 0ms     │ 45.39s │
2026-09-22T18:40:47.3014559Z │ 2026-09-22T18:40:43Z │ runner-setup-s3-cache           │ 23ms    │ 45.41s │
2026-09-22T18:40:47.3015397Z │ 2026-09-22T18:40:43Z │ runner-setup-hooks              │ 4ms     │ 45.42s │
2026-09-22T18:40:47.3016415Z └──────────────────────┴─────────────────────────────────┴─────────┴────────┘
2026-09-22T18:40:47.3017083Z ##[endgroup]
2026-09-22T18:40:47.3018026Z ##[group]GITHUB_TOKEN Permissions
2026-09-22T18:40:47.3020198Z Contents: read
2026-09-22T18:40:47.3020706Z Metadata: read
2026-09-22T18:40:47.3021155Z ##[endgroup]
2026-09-22T18:40:47.3023117Z Secret source: Actions
2026-09-22T18:40:47.3023901Z Cache mode: write
2026-09-22T18:40:47.3024588Z Prepare workflow directory
2026-09-22T18:40:47.3313794Z Prepare all required actions
2026-09-22T18:40:47.3353317Z Getting action download info
2026-09-22T18:40:47.5216347Z Download action repository 'runs-on/action@v2' (SHA:efac073ea2507ec18797de3a81704201ade11d9d)
2026-09-22T18:40:47.9421205Z Download action repository 'actions/checkout@3d3c42e5aac5ba805825da76410c181273ba90b1' (SHA:3d3c42e5aac5ba805825da76410c181273ba90b1)
2026-09-22T18:40:47.9799631Z Download action repository 'taiki-e/cache-cargo-install-action@66c9585ef5ca780ee69399975a5e911f47905995' (SHA:66c9585ef5ca780ee69399975a5e911f47905995)
2026-09-22T18:40:48.0834077Z Download action repository 'actions/download-artifact@3e5f45b2cfb9172054b4087a40e8e0b5a5461e7c' (SHA:3e5f45b2cfb9172054b4087a40e8e0b5a5461e7c)
2026-09-22T18:40:48.2372676Z Download action repository 'CodSpeedHQ/action@4296e51e7041e24dadb86d1d6e8b9320d223dbe8' (SHA:4296e51e7041e24dadb86d1d6e8b9320d223dbe8)
2026-09-22T18:40:48.4025114Z Getting action download info
2026-09-22T18:40:48.5002988Z Download action repository 'actions/cache@668228422ae6a00e4ad889ee87cd7109ec5666a7' (SHA:668228422ae6a00e4ad889ee87cd7109ec5666a7)
2026-09-22T18:40:48.6841334Z Getting action download info
2026-09-22T18:40:48.8003745Z Download action repository 'actions/github-script@ed597411d8f924073f98dfc5c65a23a2325f34cd' (SHA:ed597411d8f924073f98dfc5c65a23a2325f34cd)
2026-09-22T18:40:48.9524374Z Complete job name: Benchmark with Codspeed (avx2)
2026-09-22T18:40:49.0353166Z A job started hook has been configured by the self-hosted runner administrator
2026-09-22T18:40:49.0917524Z ##[group]Run '/runs-on/pre.sh'
2026-09-22T18:40:49.0941703Z shell: /usr/bin/bash --noprofile --norc -e -o pipefail {0}
2026-09-22T18:40:49.0943115Z ##[endgroup]
2026-09-22T18:40:49.1119671Z 
2026-09-22T18:40:49.1120964Z 👋 This self-hosted runner was launched with RunsOn (https://runs-on.com). Join the party!
2026-09-22T18:40:49.1122179Z 
2026-09-22T18:40:49.1133023Z ##[group]Job identity
2026-09-22T18:40:49.1134026Z Organization: vortex-data
2026-09-22T18:40:49.1134988Z Repository: vortex-data/vortex
2026-09-22T18:40:49.1135988Z Workflow: Codspeed Benchmarking
2026-09-22T18:40:49.1137034Z Job: bench-codspeed-cpu-features
2026-09-22T18:40:49.1138767Z ##[endgroup]
2026-09-22T18:40:49.1139218Z 
2026-09-22T18:40:49.1140401Z ##[group]💡 Additional environment variables available in your steps
2026-09-22T18:40:49.1141764Z ACTIONS_CACHE_SERVICE_V2=true
2026-09-22T18:40:49.1142975Z ACTIONS_CACHE_URL=http://10.1.23.154:6871/
2026-09-22T18:40:49.1144308Z ACTIONS_RESULTS_URL=http://10.1.23.154:6871/
2026-09-22T18:40:49.1145505Z ACTIONS_RUNNER_HOOK_JOB_COMPLETED=/runs-on/post.sh
2026-09-22T18:40:49.1146724Z ACTIONS_RUNNER_HOOK_JOB_STARTED=/runs-on/pre.sh
2026-09-22T18:40:49.1147928Z GITHUB_API_URL=https://api.github.com/
2026-09-22T18:40:49.1148950Z GITHUB_HOST=github.com
2026-09-22T18:40:49.1149913Z GITHUB_SERVER_URL=https://github.com/
2026-09-22T18:40:49.1151002Z RUNNER_TOOL_CACHE=/opt/hostedtoolcache
2026-09-22T18:40:49.1152038Z RUNS_ON_AGENT_ARCH=x64
2026-09-22T18:40:49.1152925Z RUNS_ON_AGENT_BINARY=/runs-on/agent
2026-09-22T18:40:49.1153925Z RUNS_ON_AGENT_USER=runner
2026-09-22T18:40:49.1154839Z RUNS_ON_AMI_ID=ami-0d8875560af9e1401
2026-09-22T18:40:49.1155868Z RUNS_ON_AWS_AZ=us-east-1b
2026-09-22T18:40:49.1156773Z RUNS_ON_AWS_REGION=us-east-1
2026-09-22T18:40:49.1157779Z RUNS_ON_ENV_CUSTOM_FILE=/runs-on/env.custom
2026-09-22T18:40:49.1158845Z RUNS_ON_HOME=/runs-on
2026-09-22T18:40:49.1159731Z RUNS_ON_INSTANCE_ID=i-05b881343c6c288b6
2026-09-22T18:40:49.1160819Z RUNS_ON_INSTANCE_LAUNCHED_AT=2026-09-22T18:39:59Z
2026-09-22T18:40:49.1161932Z RUNS_ON_INSTANCE_LIFECYCLE=spot
2026-09-22T18:40:49.1162902Z RUNS_ON_INSTANCE_TYPE=c7i.metal-24xl
2026-09-22T18:40:49.1164106Z RUNS_ON_RUNNER_NAME=runs-on--i-05b881343c6c288b6--e9667715-c
2026-09-22T18:40:49.1166485Z RUNS_ON_S3_BUCKET_CACHE=runs-on-v3-s3bucketcache-dbnub4tpjhpv
2026-09-22T18:40:49.1167993Z RUNS_ON_S3_CACHE_REPO_PREFIX=cache/repo/vortex-data/vortex
2026-09-22T18:40:49.1169257Z RUNS_ON_STACK_NAME=runs-on-v3
2026-09-22T18:40:49.1170166Z RUNS_ON_VERSION=v3.3.0
2026-09-22T18:40:49.1171520Z ##[endgroup]
2026-09-22T18:40:49.1171973Z 
2026-09-22T18:40:49.1408252Z ##[group]Run runs-on/action@v2
2026-09-22T18:40:49.1409352Z with:
2026-09-22T18:40:49.1410102Z   show_env: false
2026-09-22T18:40:49.1410954Z   show_costs: inline
2026-09-22T18:40:49.1411809Z   network_interface: enp39s0
2026-09-22T18:40:49.1412712Z   disk_device: nvme0n1p1
2026-09-22T18:40:49.1419807Z   token: ***
2026-09-22T18:40:49.1420626Z   sticky_wait_timeout: 15m
2026-09-22T18:40:49.1421485Z env:
2026-09-22T18:40:49.1422245Z   CARGO_TERM_COLOR: always
2026-09-22T18:40:49.1423111Z   RUST_BACKTRACE: 1
2026-09-22T18:40:49.1424038Z   NIGHTLY_TOOLCHAIN: nightly-2026-09-10
2026-09-22T18:40:49.1425109Z   RUNNER_TOOL_CACHE: /opt/hostedtoolcache
2026-09-22T18:40:49.1426148Z   RUNS_ON_HOME: /runs-on
2026-09-22T18:40:49.1427020Z   RUNS_ON_VERSION: v3.3.0
2026-09-22T18:40:49.1428102Z   RUNS_ON_AGENT_BINARY: /runs-on/agent
2026-09-22T18:40:49.1429116Z   RUNS_ON_AGENT_ARCH: x64
2026-09-22T18:40:49.1430055Z   RUNS_ON_AGENT_USER: runner
2026-09-22T18:40:49.1431270Z   RUNS_ON_AMI_ID: ami-0d8875560af9e1401
2026-09-22T18:40:49.1432265Z   RUNS_ON_AWS_REGION: us-east-1
2026-09-22T18:40:49.1433204Z   RUNS_ON_AWS_AZ: us-east-1b
2026-09-22T18:40:49.1434201Z   RUNS_ON_ENV_CUSTOM_FILE: /runs-on/env.custom
2026-09-22T18:40:49.1435275Z   RUNS_ON_INSTANCE_ID: i-05b881343c6c288b6
2026-09-22T18:40:49.1436335Z   RUNS_ON_INSTANCE_LIFECYCLE: spot
2026-09-22T18:40:49.1437366Z   RUNS_ON_INSTANCE_TYPE: c7i.metal-24xl
2026-09-22T18:40:49.1438411Z   RUNS_ON_STACK_NAME: runs-on-v3
2026-09-22T18:40:49.1439568Z   RUNS_ON_S3_BUCKET_CACHE: runs-on-v3-s3bucketcache-dbnub4tpjhpv
2026-09-22T18:40:49.1440973Z   ACTIONS_RUNNER_HOOK_JOB_STARTED: /runs-on/pre.sh
2026-09-22T18:40:49.1442175Z   ACTIONS_RUNNER_HOOK_JOB_COMPLETED: /runs-on/post.sh
2026-09-22T18:40:49.1443331Z   GITHUB_SERVER_URL: https://github.com/
2026-09-22T18:40:49.1444415Z   GITHUB_API_URL: https://api.github.com/
2026-09-22T18:40:49.1445457Z   GITHUB_HOST: github.com
2026-09-22T18:40:49.1446517Z   RUNS_ON_RUNNER_NAME: runs-on--i-05b881343c6c288b6--e9667715-c
2026-09-22T18:40:49.1447874Z   RUNS_ON_INSTANCE_LAUNCHED_AT: 2026-09-22T18:39:59Z
2026-09-22T18:40:49.1448999Z   ACTIONS_CACHE_URL: http://10.1.23.154:6871/
2026-09-22T18:40:49.1450070Z   ACTIONS_CACHE_SERVICE_V2: true
2026-09-22T18:40:49.1451097Z   ACTIONS_RESULTS_URL: http://10.1.23.154:6871/
2026-09-22T18:40:49.1452309Z   RUNS_ON_S3_CACHE_REPO_PREFIX: cache/repo/vortex-data/vortex
2026-09-22T18:40:49.1453526Z ##[endgroup]
2026-09-22T18:40:50.2188281Z Input 'show_env': false
2026-09-22T18:40:50.2189859Z Input 'show_costs': inline
2026-09-22T18:40:50.2190746Z Input 'metrics': []
2026-09-22T18:40:50.2191660Z Input 'network_interface': enp39s0
2026-09-22T18:40:50.2192655Z Input 'disk_device': nvme0n1p1
2026-09-22T18:40:50.2193539Z Input 'sccache': 
2026-09-22T18:40:50.2194396Z Input 'sticky_cache': []
2026-09-22T18:40:50.2195357Z Input 'sticky_wait_timeout': 15m0s
2026-09-22T18:40:50.2196763Z ZCTIONS_RESULTS_URL is set: https://results-receiver.actions.githubusercontent.com/
2026-09-22T18:40:50.2199098Z ZCTIONS_CACHE_URL is set: https://acghubeus1.actions.githubusercontent.com/XtqVEj2MXQCbzj6x6n8CMomnIjyhqqRNuSgameoSnKmgcNZw2F/
2026-09-22T18:40:50.2200959Z ACTIONS_RUNTIME_TOKEN is set.
2026-09-22T18:40:50.2201984Z Config update response status: 200 OK
2026-09-22T18:40:50.2203355Z show_costs is enabled. You will find cost details in the post-execution step of this action.
2026-09-22T18:40:50.2204784Z Action finished.
2026-09-22T18:40:50.2554370Z ##[group]Run actions/checkout@3d3c42e5aac5ba805825da76410c181273ba90b1
2026-09-22T18:40:50.2555514Z with:
2026-09-22T18:40:50.2556220Z   repository: vortex-data/vortex
2026-09-22T18:40:50.2563017Z   token: ***
2026-09-22T18:40:50.2563708Z   ssh-strict: true
2026-09-22T18:40:50.2564409Z   ssh-user: git
2026-09-22T18:40:50.2565138Z   persist-credentials: true
2026-09-22T18:40:50.2565950Z   clean: true
2026-09-22T18:40:50.2566693Z   sparse-checkout-cone-mode: true
2026-09-22T18:40:50.2567544Z   fetch-depth: 1
2026-09-22T18:40:50.2568273Z   fetch-tags: false
2026-09-22T18:40:50.2569016Z   show-progress: true
2026-09-22T18:40:50.2569765Z   lfs: false
2026-09-22T18:40:50.2570440Z   submodules: false
2026-09-22T18:40:50.2571182Z   set-safe-directory: true
2026-09-22T18:40:50.2572018Z   allow-unsafe-pr-checkout: false
2026-09-22T18:40:50.2572851Z env:
2026-09-22T18:40:50.2573516Z   CARGO_TERM_COLOR: always
2026-09-22T18:40:50.2574289Z   RUST_BACKTRACE: 1
2026-09-22T18:40:50.2575099Z   NIGHTLY_TOOLCHAIN: nightly-2026-09-10
2026-09-22T18:40:50.2576030Z   RUNNER_TOOL_CACHE: /opt/hostedtoolcache
2026-09-22T18:40:50.2576930Z   RUNS_ON_HOME: /runs-on
2026-09-22T18:40:50.2577724Z   RUNS_ON_VERSION: v3.3.0
2026-09-22T18:40:50.2578528Z   RUNS_ON_AGENT_BINARY: /runs-on/agent
2026-09-22T18:40:50.2579411Z   RUNS_ON_AGENT_ARCH: x64
2026-09-22T18:40:50.2580193Z   RUNS_ON_AGENT_USER: runner
2026-09-22T18:40:50.2581121Z   RUNS_ON_AMI_ID: ami-0d8875560af9e1401
2026-09-22T18:40:50.2582000Z   RUNS_ON_AWS_REGION: us-east-1
2026-09-22T18:40:50.2582817Z   RUNS_ON_AWS_AZ: us-east-1b
2026-09-22T18:40:50.2583679Z   RUNS_ON_ENV_CUSTOM_FILE: /runs-on/env.custom
2026-09-22T18:40:50.2584662Z   RUNS_ON_INSTANCE_ID: i-05b881343c6c288b6
2026-09-22T18:40:50.2585584Z   RUNS_ON_INSTANCE_LIFECYCLE: spot
2026-09-22T18:40:50.2586462Z   RUNS_ON_INSTANCE_TYPE: c7i.metal-24xl
2026-09-22T18:40:50.2587352Z   RUNS_ON_STACK_NAME: runs-on-v3
2026-09-22T18:40:50.2588400Z   RUNS_ON_S3_BUCKET_CACHE: runs-on-v3-s3bucketcache-dbnub4tpjhpv
2026-09-22T18:40:50.2589598Z   ACTIONS_RUNNER_HOOK_JOB_STARTED: /runs-on/pre.sh
2026-09-22T18:40:50.2590694Z   ACTIONS_RUNNER_HOOK_JOB_COMPLETED: /runs-on/post.sh
2026-09-22T18:40:50.2591744Z   GITHUB_SERVER_URL: https://github.com/
2026-09-22T18:40:50.2592717Z   GITHUB_API_URL: https://api.github.com/
2026-09-22T18:40:50.2593633Z   GITHUB_HOST: github.com
2026-09-22T18:40:50.2594622Z   RUNS_ON_RUNNER_NAME: runs-on--i-05b881343c6c288b6--e9667715-c
2026-09-22T18:40:50.2595835Z   RUNS_ON_INSTANCE_LAUNCHED_AT: 2026-09-22T18:39:59Z
2026-09-22T18:40:50.2596911Z   ACTIONS_CACHE_URL: http://10.1.23.154:6871/
2026-09-22T18:40:50.2597912Z   ACTIONS_CACHE_SERVICE_V2: true
2026-09-22T18:40:50.2598816Z   ACTIONS_RESULTS_URL: http://10.1.23.154:6871/
2026-09-22T18:40:50.2599923Z   RUNS_ON_S3_CACHE_REPO_PREFIX: cache/repo/vortex-data/vortex
2026-09-22T18:40:50.2601020Z   RUNS_ON_ACTION_COST_TRACKING_CLAIMED: true
2026-09-22T18:40:50.2601924Z ##[endgroup]
2026-09-22T18:40:50.3929395Z Syncing repository: vortex-data/vortex
2026-09-22T18:40:50.3931079Z ##[group]Getting Git version info
2026-09-22T18:40:50.3932129Z Working directory is '/home/runner/_work/vortex/vortex'
2026-09-22T18:40:50.3933670Z [command]/usr/bin/git version
2026-09-22T18:40:50.3934904Z git version 2.55.0
2026-09-22T18:40:50.3948696Z ##[endgroup]
2026-09-22T18:40:50.3954326Z Temporarily overriding HOME='/home/runner/_work/_temp/a1a7e405-bda7-44cf-9908-fcdf0ea8098f' before making global git config changes
2026-09-22T18:40:50.3956512Z Adding repository directory to the temporary git global config as a safe directory
2026-09-22T18:40:50.3958289Z [command]/usr/bin/git config --global --add safe.directory /home/runner/_work/vortex/vortex
2026-09-22T18:40:50.3977692Z Deleting the contents of '/home/runner/_work/vortex/vortex'
2026-09-22T18:40:50.3979568Z ##[group]Determining repository object format
2026-09-22T18:40:50.3980976Z ##[endgroup]
2026-09-22T18:40:50.3982189Z ##[group]Initializing the repository
2026-09-22T18:40:50.3984645Z [command]/usr/bin/git init /home/runner/_work/vortex/vortex
2026-09-22T18:40:50.4173958Z hint: Using 'master' as the name for the initial branch. This default branch name
2026-09-22T18:40:50.4175555Z hint: will change to "main" in Git 3.0. To configure the initial branch name
2026-09-22T18:40:50.4177063Z hint: to use in all of your new repositories, which will suppress this warning,
2026-09-22T18:40:50.4178366Z hint: call:
2026-09-22T18:40:50.4179105Z hint:
2026-09-22T18:40:50.4179952Z hint: 	git config --global init.defaultBranch <name>
2026-09-22T18:40:50.4180957Z hint:
2026-09-22T18:40:50.4181909Z hint: Names commonly chosen instead of 'master' are 'main', 'trunk' and
2026-09-22T18:40:50.4183393Z hint: 'development'. The just-created branch can be renamed via this command:
2026-09-22T18:40:50.4184570Z hint:
2026-09-22T18:40:50.4185282Z hint: 	git branch -m <name>
2026-09-22T18:40:50.4186075Z hint:
2026-09-22T18:40:50.4187103Z hint: Disable this message with "git config set advice.defaultBranchName false"
2026-09-22T18:40:50.4188774Z Initialized empty Git repository in /home/runner/_work/vortex/vortex/.git/
2026-09-22T18:40:50.4191467Z [command]/usr/bin/git remote add origin https://github.com/vortex-data/vortex
2026-09-22T18:40:50.4238091Z ##[endgroup]
2026-09-22T18:40:50.4239328Z ##[group]Disabling automatic garbage collection
2026-09-22T18:40:50.4241336Z [command]/usr/bin/git config --local gc.auto 0
2026-09-22T18:40:50.4262042Z ##[endgroup]
2026-09-22T18:40:50.4263441Z ##[group]Setting up auth
2026-09-22T18:40:50.4264305Z Removing SSH command configuration
2026-09-22T18:40:50.4265805Z [command]/usr/bin/git config --local --name-only --get-regexp core\.sshCommand
2026-09-22T18:40:50.4289898Z [command]/usr/bin/git submodule foreach --recursive sh -c "git config --local --name-only --get-regexp 'core\.sshCommand' && git config --local --unset-all 'core.sshCommand' || :"
2026-09-22T18:40:50.5565821Z Removing HTTP extra header
2026-09-22T18:40:50.5568432Z [command]/usr/bin/git config --local --name-only --get-regexp http\.https\:\/\/github\.com\/\.extraheader
2026-09-22T18:40:50.5592210Z [command]/usr/bin/git submodule foreach --recursive sh -c "git config --local --name-only --get-regexp 'http\.https\:\/\/github\.com\/\.extraheader' && git config --local --unset-all 'http.https://github.com/.extraheader' || :"
2026-09-22T18:40:50.5764172Z Removing includeIf entries pointing to credentials config files
2026-09-22T18:40:50.5765803Z [command]/usr/bin/git config --local --name-only --get-regexp ^includeIf\.gitdir:
2026-09-22T18:40:50.5789059Z [command]/usr/bin/git submodule foreach --recursive git config --local --show-origin --name-only --get-regexp remote.origin.url
2026-09-22T18:40:50.5956198Z [command]/usr/bin/git config --file /home/runner/_work/_temp/git-credentials-3d5fc377-dce8-45a5-8463-882318f278a8.config http.https://github.com/.extraheader AUTHORIZATION: basic ***
2026-09-22T18:40:50.5986141Z [command]/usr/bin/git config --local includeIf.gitdir:/home/runner/_work/vortex/vortex/.git.path /home/runner/_work/_temp/git-credentials-3d5fc377-dce8-45a5-8463-882318f278a8.config
2026-09-22T18:40:50.6006381Z [command]/usr/bin/git config --local includeIf.gitdir:/home/runner/_work/vortex/vortex/.git/worktrees/*.path /home/runner/_work/_temp/git-credentials-3d5fc377-dce8-45a5-8463-882318f278a8.config
2026-09-22T18:40:50.6031397Z [command]/usr/bin/git config --local includeIf.gitdir:/github/workspace/.git.path /github/runner_temp/git-credentials-3d5fc377-dce8-45a5-8463-882318f278a8.config
2026-09-22T18:40:50.6052850Z [command]/usr/bin/git config --local includeIf.gitdir:/github/workspace/.git/worktrees/*.path /github/runner_temp/git-credentials-3d5fc377-dce8-45a5-8463-882318f278a8.config
2026-09-22T18:40:50.6070467Z ##[endgroup]
2026-09-22T18:40:50.6071771Z ##[group]Fetching the repository
2026-09-22T18:40:50.6075547Z [command]/usr/bin/git -c protocol.version=2 fetch --no-tags --prune --no-recurse-submodules --depth=1 origin +b8cad0d37e50c239c5e21704248e45e987e60885:refs/remotes/pull/9985/merge
2026-09-22T18:40:52.4362600Z From https://github.com/vortex-data/vortex
2026-09-22T18:40:52.4363105Z  * [new ref]         b8cad0d37e50c239c5e21704248e45e987e60885 -> pull/9985/merge
2026-09-22T18:40:52.4365459Z ##[endgroup]
2026-09-22T18:40:52.4365891Z ##[group]Determining the checkout info
2026-09-22T18:40:52.4366294Z ##[endgroup]
2026-09-22T18:40:52.4371649Z [command]/usr/bin/git sparse-checkout disable
2026-09-22T18:40:52.4432323Z [command]/usr/bin/git config --local --unset-all extensions.worktreeConfig
2026-09-22T18:40:52.4451875Z ##[group]Checking out the ref
2026-09-22T18:40:52.4455231Z [command]/usr/bin/git checkout --progress --force refs/remotes/pull/9985/merge
2026-09-22T18:40:52.6151295Z Note: switching to 'refs/remotes/pull/9985/merge'.
2026-09-22T18:40:52.6151594Z 
2026-09-22T18:40:52.6151790Z You are in 'detached HEAD' state. You can look around, make experimental
2026-09-22T18:40:52.6152212Z changes and commit them, and you can discard any commits you make in this
2026-09-22T18:40:52.6152664Z state without impacting any branches by switching back to a branch.
2026-09-22T18:40:52.6152912Z 
2026-09-22T18:40:52.6153122Z If you want to create a new branch to retain commits you create, you may
2026-09-22T18:40:52.6153513Z do so (now or later) by using -c with the switch command. Example:
2026-09-22T18:40:52.6153737Z 
2026-09-22T18:40:52.6153849Z   git switch -c <new-branch-name>
2026-09-22T18:40:52.6154012Z 
2026-09-22T18:40:52.6154116Z Or undo this operation with:
2026-09-22T18:40:52.6154513Z 
2026-09-22T18:40:52.6154612Z   git switch -
2026-09-22T18:40:52.6154745Z 
2026-09-22T18:40:52.6154943Z Turn off this advice by setting config variable advice.detachedHead to false
2026-09-22T18:40:52.6155189Z 
2026-09-22T18:40:52.6155477Z HEAD is now at b8cad0d Merge 97f8c2638090009006a8c1b6e3c14ffcdd4c53ad into 154870b58a0192d7b99453241908fe4652ac66f0
2026-09-22T18:40:52.6161505Z ##[endgroup]
2026-09-22T18:40:52.6198535Z [command]/usr/bin/git log -1 --format=%H
2026-09-22T18:40:52.6217194Z b8cad0d37e50c239c5e21704248e45e987e60885
2026-09-22T18:40:52.6422969Z Prepare all required actions
2026-09-22T18:40:52.6423492Z Getting action download info
2026-09-22T18:40:52.7660208Z Download action repository 'dtolnay/rust-toolchain@6bed0761d98439e5a578e2877258200ad565ba87' (SHA:6bed0761d98439e5a578e2877258200ad565ba87)
2026-09-22T18:40:52.8859229Z ##[group]Run ./.github/actions/setup-prebuild
2026-09-22T18:40:52.8859516Z with:
2026-09-22T18:40:52.8861444Z   repo-token: ***
2026-09-22T18:40:52.8861682Z   components: clippy, rustfmt
2026-09-22T18:40:52.8861945Z   protoc-version: 29.3
2026-09-22T18:40:52.8862163Z   enable-sccache: false
2026-09-22T18:40:52.8862371Z env:
2026-09-22T18:40:52.8862562Z   CARGO_TERM_COLOR: always
2026-09-22T18:40:52.8862787Z   RUST_BACKTRACE: 1
2026-09-22T18:40:52.8863000Z   NIGHTLY_TOOLCHAIN: nightly-2026-09-10
2026-09-22T18:40:52.8863266Z   RUNNER_TOOL_CACHE: /opt/hostedtoolcache
2026-09-22T18:40:52.8863516Z   RUNS_ON_HOME: /runs-on
2026-09-22T18:40:52.8863726Z   RUNS_ON_VERSION: v3.3.0
2026-09-22T18:40:52.8863988Z   RUNS_ON_AGENT_BINARY: /runs-on/agent
2026-09-22T18:40:52.8864230Z   RUNS_ON_AGENT_ARCH: x64
2026-09-22T18:40:52.8864450Z   RUNS_ON_AGENT_USER: runner
2026-09-22T18:40:52.8864678Z   RUNS_ON_AMI_ID: ami-0d8875560af9e1401
2026-09-22T18:40:52.8864922Z   RUNS_ON_AWS_REGION: us-east-1
2026-09-22T18:40:52.8865163Z   RUNS_ON_AWS_AZ: us-east-1b
2026-09-22T18:40:52.8865404Z   RUNS_ON_ENV_CUSTOM_FILE: /runs-on/env.custom
2026-09-22T18:40:52.8865682Z   RUNS_ON_INSTANCE_ID: i-05b881343c6c288b6
2026-09-22T18:40:52.8865934Z   RUNS_ON_INSTANCE_LIFECYCLE: spot
2026-09-22T18:40:52.8866179Z   RUNS_ON_INSTANCE_TYPE: c7i.metal-24xl
2026-09-22T18:40:52.8866419Z   RUNS_ON_STACK_NAME: runs-on-v3
2026-09-22T18:40:52.8866721Z   RUNS_ON_S3_BUCKET_CACHE: runs-on-v3-s3bucketcache-dbnub4tpjhpv
2026-09-22T18:40:52.8867055Z   ACTIONS_RUNNER_HOOK_JOB_STARTED: /runs-on/pre.sh
2026-09-22T18:40:52.8867360Z   ACTIONS_RUNNER_HOOK_JOB_COMPLETED: /runs-on/post.sh
2026-09-22T18:40:52.8867695Z   GITHUB_SERVER_URL: https://github.com/
2026-09-22T18:40:52.8867977Z   GITHUB_API_URL: https://api.github.com/
2026-09-22T18:40:52.8868233Z   GITHUB_HOST: github.com
2026-09-22T18:40:52.8868517Z   RUNS_ON_RUNNER_NAME: runs-on--i-05b881343c6c288b6--e9667715-c
2026-09-22T18:40:52.8868845Z   RUNS_ON_INSTANCE_LAUNCHED_AT: 2026-09-22T18:39:59Z
2026-09-22T18:40:52.8869136Z   ACTIONS_CACHE_URL: http://10.1.23.154:6871/
2026-09-22T18:40:52.8869400Z   ACTIONS_CACHE_SERVICE_V2: true
2026-09-22T18:40:52.8869656Z   ACTIONS_RESULTS_URL: http://10.1.23.154:6871/
2026-09-22T18:40:52.8869977Z   RUNS_ON_S3_CACHE_REPO_PREFIX: cache/repo/vortex-data/vortex
2026-09-22T18:40:52.8870280Z   RUNS_ON_ACTION_COST_TRACKING_CLAIMED: true
2026-09-22T18:40:52.8870530Z ##[endgroup]
2026-09-22T18:40:52.8925518Z ##[start-action display=Resolve toolchain config;id=__self.toolchain-config]
2026-09-22T18:40:52.8959704Z ##[group]Run DEFAULT_VERSION=$(grep channel rust-toolchain.toml | awk -F'"' '{print $2}')
2026-09-22T18:40:52.8960260Z [36;1mDEFAULT_VERSION=$(grep channel rust-toolchain.toml | awk -F'"' '{print $2}')[0m
2026-09-22T18:40:52.8960669Z [36;1mTOOLCHAIN="${TOOLCHAIN_OVERRIDE:-$DEFAULT_VERSION}"[0m
2026-09-22T18:40:52.8961001Z [36;1mecho "toolchain=$TOOLCHAIN" >> "$GITHUB_OUTPUT"[0m
2026-09-22T18:40:52.8961347Z [36;1mecho "RUSTUP_TOOLCHAIN=$DEFAULT_VERSION" >> "$GITHUB_ENV"[0m
2026-09-22T18:40:52.8987367Z shell: /usr/bin/bash --noprofile --norc -e -o pipefail {0}
2026-09-22T18:40:52.8987702Z env:
2026-09-22T18:40:52.8988009Z   CARGO_TERM_COLOR: always
2026-09-22T18:40:52.8988253Z   RUST_BACKTRACE: 1
2026-09-22T18:40:52.8988518Z   NIGHTLY_TOOLCHAIN: nightly-2026-09-10
2026-09-22T18:40:52.8988790Z   RUNNER_TOOL_CACHE: /opt/hostedtoolcache
2026-09-22T18:40:52.8989039Z   RUNS_ON_HOME: /runs-on
2026-09-22T18:40:52.8989260Z   RUNS_ON_VERSION: v3.3.0
2026-09-22T18:40:52.8989495Z   RUNS_ON_AGENT_BINARY: /runs-on/agent
2026-09-22T18:40:52.8989784Z   RUNS_ON_AGENT_ARCH: x64
2026-09-22T18:40:52.8990022Z   RUNS_ON_AGENT_USER: runner
2026-09-22T18:40:52.8990357Z   RUNS_ON_AMI_ID: ami-0d8875560af9e1401
2026-09-22T18:40:52.8990603Z   RUNS_ON_AWS_REGION: us-east-1
2026-09-22T18:40:52.8990834Z   RUNS_ON_AWS_AZ: us-east-1b
2026-09-22T18:40:52.8991074Z   RUNS_ON_ENV_CUSTOM_FILE: /runs-on/env.custom
2026-09-22T18:40:52.8991358Z   RUNS_ON_INSTANCE_ID: i-05b881343c6c288b6
2026-09-22T18:40:52.8991611Z   RUNS_ON_INSTANCE_LIFECYCLE: spot
2026-09-22T18:40:52.8991862Z   RUNS_ON_INSTANCE_TYPE: c7i.metal-24xl
2026-09-22T18:40:52.8992112Z   RUNS_ON_STACK_NAME: runs-on-v3
2026-09-22T18:40:52.8992414Z   RUNS_ON_S3_BUCKET_CACHE: runs-on-v3-s3bucketcache-dbnub4tpjhpv
2026-09-22T18:40:52.8992753Z   ACTIONS_RUNNER_HOOK_JOB_STARTED: /runs-on/pre.sh
2026-09-22T18:40:52.8993066Z   ACTIONS_RUNNER_HOOK_JOB_COMPLETED: /runs-on/post.sh
2026-09-22T18:40:52.8993370Z   GITHUB_SERVER_URL: https://github.com/
2026-09-22T18:40:52.8993640Z   GITHUB_API_URL: https://api.github.com/
2026-09-22T18:40:52.8993890Z   GITHUB_HOST: github.com
2026-09-22T18:40:52.8994164Z   RUNS_ON_RUNNER_NAME: runs-on--i-05b881343c6c288b6--e9667715-c
2026-09-22T18:40:52.8994492Z   RUNS_ON_INSTANCE_LAUNCHED_AT: 2026-09-22T18:39:59Z
2026-09-22T18:40:52.8994792Z   ACTIONS_CACHE_URL: http://10.1.23.154:6871/
2026-09-22T18:40:52.8995060Z   ACTIONS_CACHE_SERVICE_V2: true
2026-09-22T18:40:52.8995312Z   ACTIONS_RESULTS_URL: http://10.1.23.154:6871/
2026-09-22T18:40:52.8995627Z   RUNS_ON_S3_CACHE_REPO_PREFIX: cache/repo/vortex-data/vortex
2026-09-22T18:40:52.8995929Z   RUNS_ON_ACTION_COST_TRACKING_CLAIMED: true
2026-09-22T18:40:52.8996191Z   TOOLCHAIN_OVERRIDE: 
2026-09-22T18:40:52.8996401Z ##[endgroup]
2026-09-22T18:40:52.9083370Z ##[end-action id=__self.toolchain-config;outcome=success;conclusion=success;duration_ms=15]
2026-09-22T18:40:52.9085529Z ##[start-action display=Check for rustup;id=__self.check-rustup]
2026-09-22T18:40:52.9103444Z ##[group]Run echo "exists=$(command -v rustup &> /dev/null && echo 'true' || echo 'false')" >> "$GITHUB_OUTPUT"
2026-09-22T18:40:52.9104029Z [36;1mecho "exists=$(command -v rustup &> /dev/null && echo 'true' || echo 'false')" >> "$GITHUB_OUTPUT"[0m
2026-09-22T18:40:52.9127704Z shell: /usr/bin/bash --noprofile --norc -e -o pipefail {0}
2026-09-22T18:40:52.9128024Z env:
2026-09-22T18:40:52.9128225Z   CARGO_TERM_COLOR: always
2026-09-22T18:40:52.9128464Z   RUST_BACKTRACE: 1
2026-09-22T18:40:52.9128688Z   NIGHTLY_TOOLCHAIN: nightly-2026-09-10
2026-09-22T18:40:52.9128957Z   RUNNER_TOOL_CACHE: /opt/hostedtoolcache
2026-09-22T18:40:52.9129207Z   RUNS_ON_HOME: /runs-on
2026-09-22T18:40:52.9129439Z   RUNS_ON_VERSION: v3.3.0
2026-09-22T18:40:52.9129666Z   RUNS_ON_AGENT_BINARY: /runs-on/agent
2026-09-22T18:40:52.9129908Z   RUNS_ON_AGENT_ARCH: x64
2026-09-22T18:40:52.9130129Z   RUNS_ON_AGENT_USER: runner
2026-09-22T18:40:52.9130367Z   RUNS_ON_AMI_ID: ami-0d8875560af9e1401
2026-09-22T18:40:52.9130613Z   RUNS_ON_AWS_REGION: us-east-1
2026-09-22T18:40:52.9130855Z   RUNS_ON_AWS_AZ: us-east-1b
2026-09-22T18:40:52.9131095Z   RUNS_ON_ENV_CUSTOM_FILE: /runs-on/env.custom
2026-09-22T18:40:52.9131371Z   RUNS_ON_INSTANCE_ID: i-05b881343c6c288b6
2026-09-22T18:40:52.9131637Z   RUNS_ON_INSTANCE_LIFECYCLE: spot
2026-09-22T18:40:52.9131884Z   RUNS_ON_INSTANCE_TYPE: c7i.metal-24xl
2026-09-22T18:40:52.9132130Z   RUNS_ON_STACK_NAME: runs-on-v3
2026-09-22T18:40:52.9132432Z   RUNS_ON_S3_BUCKET_CACHE: runs-on-v3-s3bucketcache-dbnub4tpjhpv
2026-09-22T18:40:52.9132771Z   ACTIONS_RUNNER_HOOK_JOB_STARTED: /runs-on/pre.sh
2026-09-22T18:40:52.9133076Z   ACTIONS_RUNNER_HOOK_JOB_COMPLETED: /runs-on/post.sh
2026-09-22T18:40:52.9133482Z   GITHUB_SERVER_URL: https://github.com/
2026-09-22T18:40:52.9133753Z   GITHUB_API_URL: https://api.github.com/
2026-09-22T18:40:52.9134011Z   GITHUB_HOST: github.com
2026-09-22T18:40:52.9134294Z   RUNS_ON_RUNNER_NAME: runs-on--i-05b881343c6c288b6--e9667715-c
2026-09-22T18:40:52.9134624Z   RUNS_ON_INSTANCE_LAUNCHED_AT: 2026-09-22T18:39:59Z
2026-09-22T18:40:52.9134917Z   ACTIONS_CACHE_URL: http://10.1.23.154:6871/
2026-09-22T18:40:52.9135181Z   ACTIONS_CACHE_SERVICE_V2: true
2026-09-22T18:40:52.9135432Z   ACTIONS_RESULTS_URL: http://10.1.23.154:6871/
2026-09-22T18:40:52.9135831Z   RUNS_ON_S3_CACHE_REPO_PREFIX: cache/repo/vortex-data/vortex
2026-09-22T18:40:52.9136148Z   RUNS_ON_ACTION_COST_TRACKING_CLAIMED: true
2026-09-22T18:40:52.9136405Z   RUSTUP_TOOLCHAIN: 1.98.0
2026-09-22T18:40:52.9136623Z ##[endgroup]
2026-09-22T18:40:52.9188390Z ##[end-action id=__self.check-rustup;outcome=success;conclusion=success;duration_ms=10]
2026-09-22T18:40:52.9190354Z ##[start-action display=Install Rust;id=__self.__dtolnay_rust-toolchain]
2026-09-22T18:40:52.9199336Z ##[end-action id=__self.__dtolnay_rust-toolchain;outcome=skipped;conclusion=skipped;duration_ms=0]
2026-09-22T18:40:52.9202302Z ##[start-action display=Reconcile prebuilt Rust installation;id=__self.__run]
2026-09-22T18:40:52.9221330Z ##[group]Run TOOLCHAIN_FOUND=false
2026-09-22T18:40:52.9221664Z [36;1mTOOLCHAIN_FOUND=false[0m
2026-09-22T18:40:52.9221980Z [36;1mfor INSTALLED in $(rustup toolchain list | awk '{print $1}'); do[0m
2026-09-22T18:40:52.9222314Z [36;1m  case "$INSTALLED" in[0m
2026-09-22T18:40:52.9222611Z [36;1m    "$TOOLCHAIN"|"$TOOLCHAIN"-*) TOOLCHAIN_FOUND=true ;;[0m
2026-09-22T18:40:52.9222896Z [36;1m  esac[0m
2026-09-22T18:40:52.9223091Z [36;1mdone[0m
2026-09-22T18:40:52.9223308Z [36;1mif [ "$TOOLCHAIN_FOUND" != true ]; then[0m
2026-09-22T18:40:52.9223744Z [36;1m  rustup toolchain install "$TOOLCHAIN" --profile minimal[0m
2026-09-22T18:40:52.9224056Z [36;1mfi[0m
2026-09-22T18:40:52.9224242Z [36;1m[0m
2026-09-22T18:40:52.9224507Z [36;1mTOOLCHAIN_HOST=$(rustc +"$TOOLCHAIN" --print host-tuple)[0m
2026-09-22T18:40:52.9224950Z [36;1mINSTALLED_COMPONENTS=$(rustup component list --toolchain "$TOOLCHAIN" --installed)[0m
2026-09-22T18:40:52.9225333Z [36;1mMISSING_COMPONENTS=()[0m
2026-09-22T18:40:52.9225620Z [36;1mIFS=',' read -ra REQUESTED_COMPONENTS <<< "$COMPONENTS"[0m
2026-09-22T18:40:52.9225953Z [36;1mfor COMPONENT in "${REQUESTED_COMPONENTS[@]}"; do[0m
2026-09-22T18:40:52.9226240Z [36;1m  COMPONENT=${COMPONENT// /}[0m
2026-09-22T18:40:52.9226504Z [36;1m  [ -z "$COMPONENT" ] && continue[0m
2026-09-22T18:40:52.9226777Z [36;1m  if [ "$COMPONENT" = llvm-tools ]; then[0m
2026-09-22T18:40:52.9227060Z [36;1m    COMPONENT=llvm-tools-preview[0m
2026-09-22T18:40:52.9227306Z [36;1m  fi[0m
2026-09-22T18:40:52.9227564Z [36;1m  if ! grep -Fqx "$COMPONENT" <<< "$INSTALLED_COMPONENTS" && \[0m
2026-09-22T18:40:52.9228030Z [36;1m     ! grep -Fqx "$COMPONENT-$TOOLCHAIN_HOST" <<< "$INSTALLED_COMPONENTS"; then[0m
2026-09-22T18:40:52.9228408Z [36;1m    MISSING_COMPONENTS+=("$COMPONENT")[0m
2026-09-22T18:40:52.9228680Z [36;1m  fi[0m
2026-09-22T18:40:52.9228883Z [36;1mdone[0m
2026-09-22T18:40:52.9229106Z [36;1mif [ ${#MISSING_COMPONENTS[@]} -gt 0 ]; then[0m
2026-09-22T18:40:52.9229465Z [36;1m  rustup component add --toolchain "$TOOLCHAIN" "${MISSING_COMPONENTS[@]}"[0m
2026-09-22T18:40:52.9229800Z [36;1mfi[0m
2026-09-22T18:40:52.9229987Z [36;1m[0m
2026-09-22T18:40:52.9230275Z [36;1mINSTALLED_TARGETS=$(rustup target list --toolchain "$TOOLCHAIN" --installed)[0m
2026-09-22T18:40:52.9230641Z [36;1mMISSING_TARGETS=()[0m
2026-09-22T18:40:52.9230909Z [36;1mIFS=',' read -ra REQUESTED_TARGETS <<< "$TARGETS"[0m
2026-09-22T18:40:52.9231217Z [36;1mfor TARGET in "${REQUESTED_TARGETS[@]}"; do[0m
2026-09-22T18:40:52.9231486Z [36;1m  TARGET=${TARGET// /}[0m
2026-09-22T18:40:52.9231725Z [36;1m  [ -z "$TARGET" ] && continue[0m
2026-09-22T18:40:52.9232017Z [36;1m  if ! grep -Fqx "$TARGET" <<< "$INSTALLED_TARGETS"; then[0m
2026-09-22T18:40:52.9232396Z [36;1m    MISSING_TARGETS+=("$TARGET")[0m
2026-09-22T18:40:52.9232636Z [36;1m  fi[0m
2026-09-22T18:40:52.9232822Z [36;1mdone[0m
2026-09-22T18:40:52.9233041Z [36;1mif [ ${#MISSING_TARGETS[@]} -gt 0 ]; then[0m
2026-09-22T18:40:52.9233386Z [36;1m  rustup target add --toolchain "$TOOLCHAIN" "${MISSING_TARGETS[@]}"[0m
2026-09-22T18:40:52.9233702Z [36;1mfi[0m
2026-09-22T18:40:52.9256949Z shell: /usr/bin/bash --noprofile --norc -e -o pipefail {0}
2026-09-22T18:40:52.9257253Z env:
2026-09-22T18:40:52.9257555Z   CARGO_TERM_COLOR: always
2026-09-22T18:40:52.9257817Z   RUST_BACKTRACE: 1
2026-09-22T18:40:52.9258038Z   NIGHTLY_TOOLCHAIN: nightly-2026-09-10
2026-09-22T18:40:52.9258306Z   RUNNER_TOOL_CACHE: /opt/hostedtoolcache
2026-09-22T18:40:52.9258562Z   RUNS_ON_HOME: /runs-on
2026-09-22T18:40:52.9258793Z   RUNS_ON_VERSION: v3.3.0
2026-09-22T18:40:52.9259023Z   RUNS_ON_AGENT_BINARY: /runs-on/agent
2026-09-22T18:40:52.9259261Z   RUNS_ON_AGENT_ARCH: x64
2026-09-22T18:40:52.9259486Z   RUNS_ON_AGENT_USER: runner
2026-09-22T18:40:52.9259718Z   RUNS_ON_AMI_ID: ami-0d8875560af9e1401
2026-09-22T18:40:52.9259967Z   RUNS_ON_AWS_REGION: us-east-1
2026-09-22T18:40:52.9260207Z   RUNS_ON_AWS_AZ: us-east-1b
2026-09-22T18:40:52.9260450Z   RUNS_ON_ENV_CUSTOM_FILE: /runs-on/env.custom
2026-09-22T18:40:52.9260722Z   RUNS_ON_INSTANCE_ID: i-05b881343c6c288b6
2026-09-22T18:40:52.9260978Z   RUNS_ON_INSTANCE_LIFECYCLE: spot
2026-09-22T18:40:52.9261222Z   RUNS_ON_INSTANCE_TYPE: c7i.metal-24xl
2026-09-22T18:40:52.9261469Z   RUNS_ON_STACK_NAME: runs-on-v3
2026-09-22T18:40:52.9261770Z   RUNS_ON_S3_BUCKET_CACHE: runs-on-v3-s3bucketcache-dbnub4tpjhpv
2026-09-22T18:40:52.9262111Z   ACTIONS_RUNNER_HOOK_JOB_STARTED: /runs-on/pre.sh
2026-09-22T18:40:52.9262420Z   ACTIONS_RUNNER_HOOK_JOB_COMPLETED: /runs-on/post.sh
2026-09-22T18:40:52.9262721Z   GITHUB_SERVER_URL: https://github.com/
2026-09-22T18:40:52.9262993Z   GITHUB_API_URL: https://api.github.com/
2026-09-22T18:40:52.9263245Z   GITHUB_HOST: github.com
2026-09-22T18:40:52.9263528Z   RUNS_ON_RUNNER_NAME: runs-on--i-05b881343c6c288b6--e9667715-c
2026-09-22T18:40:52.9263854Z   RUNS_ON_INSTANCE_LAUNCHED_AT: 2026-09-22T18:39:59Z
2026-09-22T18:40:52.9264199Z   ACTIONS_CACHE_URL: http://10.1.23.154:6871/
2026-09-22T18:40:52.9264469Z   ACTIONS_CACHE_SERVICE_V2: true
2026-09-22T18:40:52.9264726Z   ACTIONS_RESULTS_URL: http://10.1.23.154:6871/
2026-09-22T18:40:52.9265054Z   RUNS_ON_S3_CACHE_REPO_PREFIX: cache/repo/vortex-data/vortex
2026-09-22T18:40:52.9265363Z   RUNS_ON_ACTION_COST_TRACKING_CLAIMED: true
2026-09-22T18:40:52.9265630Z   RUSTUP_TOOLCHAIN: 1.98.0
2026-09-22T18:40:52.9265850Z   TOOLCHAIN: 1.98.0
2026-09-22T18:40:52.9266063Z   COMPONENTS: clippy, rustfmt
2026-09-22T18:40:52.9266285Z   TARGETS: 
2026-09-22T18:40:52.9266485Z ##[endgroup]
2026-09-22T18:40:53.2451718Z info: syncing channel updates for 1.98.0-x86_64-unknown-linux-gnu
2026-09-22T18:40:53.3628902Z info: latest update on 2026-08-20 for version 1.98.0 (88d9e12ae 2026-08-18)
2026-09-22T18:40:53.3656432Z info: downloading 3 components
2026-09-22T18:41:00.6066333Z info: syncing channel updates for 1.98.0-x86_64-unknown-linux-gnu
2026-09-22T18:41:00.6410252Z 
2026-09-22T18:41:00.6462351Z   1.98.0-x86_64-unknown-linux-gnu unchanged - rustc 1.98.0 (88d9e12ae 2026-08-18)
2026-09-22T18:41:00.6462628Z 
2026-09-22T18:41:00.7247510Z info: downloading component clippy
2026-09-22T18:41:01.2447777Z info: downloading component rustfmt
2026-09-22T18:41:01.5304262Z ##[end-action id=__self.__run;outcome=success;conclusion=success;duration_ms=8610]
2026-09-22T18:41:01.5307345Z ##[start-action display=Reconcile mold installation;id=__self.__run_2]
2026-09-22T18:41:01.5324602Z ##[group]Run if ! command -v mold >/dev/null; then
2026-09-22T18:41:01.5324970Z [36;1mif ! command -v mold >/dev/null; then[0m
2026-09-22T18:41:01.5325270Z [36;1m  sudo apt-get update[0m
2026-09-22T18:41:01.5325532Z [36;1m  sudo apt-get install -y mold[0m
2026-09-22T18:41:01.5325788Z [36;1mfi[0m
2026-09-22T18:41:01.5350573Z shell: /usr/bin/bash --noprofile --norc -e -o pipefail {0}
2026-09-22T18:41:01.5351158Z env:
2026-09-22T18:41:01.5351377Z   CARGO_TERM_COLOR: always
2026-09-22T18:41:01.5351613Z   RUST_BACKTRACE: 1
2026-09-22T18:41:01.5351848Z   NIGHTLY_TOOLCHAIN: nightly-2026-09-10
2026-09-22T18:41:01.5352134Z   RUNNER_TOOL_CACHE: /opt/hostedtoolcache
2026-09-22T18:41:01.5352401Z   RUNS_ON_HOME: /runs-on
2026-09-22T18:41:01.5352640Z   RUNS_ON_VERSION: v3.3.0
2026-09-22T18:41:01.5352883Z   RUNS_ON_AGENT_BINARY: /runs-on/agent
2026-09-22T18:41:01.5353139Z   RUNS_ON_AGENT_ARCH: x64
2026-09-22T18:41:01.5353452Z   RUNS_ON_AGENT_USER: runner
2026-09-22T18:41:01.5353701Z   RUNS_ON_AMI_ID: ami-0d8875560af9e1401
2026-09-22T18:41:01.5353962Z   RUNS_ON_AWS_REGION: us-east-1
2026-09-22T18:41:01.5354213Z   RUNS_ON_AWS_AZ: us-east-1b
2026-09-22T18:41:01.5354469Z   RUNS_ON_ENV_CUSTOM_FILE: /runs-on/env.custom
2026-09-22T18:41:01.5354755Z   RUNS_ON_INSTANCE_ID: i-05b881343c6c288b6
2026-09-22T18:41:01.5355026Z   RUNS_ON_INSTANCE_LIFECYCLE: spot
2026-09-22T18:41:01.5355285Z   RUNS_ON_INSTANCE_TYPE: c7i.metal-24xl
2026-09-22T18:41:01.5355540Z   RUNS_ON_STACK_NAME: runs-on-v3
2026-09-22T18:41:01.5355860Z   RUNS_ON_S3_BUCKET_CACHE: runs-on-v3-s3bucketcache-dbnub4tpjhpv
2026-09-22T18:41:01.5356222Z   ACTIONS_RUNNER_HOOK_JOB_STARTED: /runs-on/pre.sh
2026-09-22T18:41:01.5356544Z   ACTIONS_RUNNER_HOOK_JOB_COMPLETED: /runs-on/post.sh
2026-09-22T18:41:01.5356918Z   GITHUB_SERVER_URL: https://github.com/
2026-09-22T18:41:01.5357207Z   GITHUB_API_URL: https://api.github.com/
2026-09-22T18:41:01.5357472Z   GITHUB_HOST: github.com
2026-09-22T18:41:01.5357778Z   RUNS_ON_RUNNER_NAME: runs-on--i-05b881343c6c288b6--e9667715-c
2026-09-22T18:41:01.5358124Z   RUNS_ON_INSTANCE_LAUNCHED_AT: 2026-09-22T18:39:59Z
2026-09-22T18:41:01.5358435Z   ACTIONS_CACHE_URL: http://10.1.23.154:6871/
2026-09-22T18:41:01.5358736Z   ACTIONS_CACHE_SERVICE_V2: true
2026-09-22T18:41:01.5359002Z   ACTIONS_RESULTS_URL: http://10.1.23.154:6871/
2026-09-22T18:41:01.5359348Z   RUNS_ON_S3_CACHE_REPO_PREFIX: cache/repo/vortex-data/vortex
2026-09-22T18:41:01.5359678Z   RUNS_ON_ACTION_COST_TRACKING_CLAIMED: true
2026-09-22T18:41:01.5359955Z   RUSTUP_TOOLCHAIN: 1.98.0
2026-09-22T18:41:01.5360191Z ##[endgroup]
2026-09-22T18:41:01.5427303Z ##[end-action id=__self.__run_2;outcome=success;conclusion=success;duration_ms=11]
2026-09-22T18:41:01.5430251Z ##[start-action display=Check protoc installation;id=__self.check-protoc]
2026-09-22T18:41:01.5445845Z ##[group]Run EXPECTED="libprotoc $PROTOC_VERSION"
2026-09-22T18:41:01.5446201Z [36;1mEXPECTED="libprotoc $PROTOC_VERSION"[0m
2026-09-22T18:41:01.5446558Z [36;1mACTUAL=$(protoc --version 2>/dev/null || true)[0m
2026-09-22T18:41:01.5447190Z [36;1mecho "install=$([ "$ACTUAL" = "$EXPECTED" ] && echo false || echo true)" >> "$GITHUB_OUTPUT"[0m
2026-09-22T18:41:01.5467611Z shell: /usr/bin/bash --noprofile --norc -e -o pipefail {0}
2026-09-22T18:41:01.5467938Z env:
2026-09-22T18:41:01.5468156Z   CARGO_TERM_COLOR: always
2026-09-22T18:41:01.5468398Z   RUST_BACKTRACE: 1
2026-09-22T18:41:01.5468647Z   NIGHTLY_TOOLCHAIN: nightly-2026-09-10
2026-09-22T18:41:01.5468939Z   RUNNER_TOOL_CACHE: /opt/hostedtoolcache
2026-09-22T18:41:01.5469209Z   RUNS_ON_HOME: /runs-on
2026-09-22T18:41:01.5469446Z   RUNS_ON_VERSION: v3.3.0
2026-09-22T18:41:01.5469688Z   RUNS_ON_AGENT_BINARY: /runs-on/agent
2026-09-22T18:41:01.5469947Z   RUNS_ON_AGENT_ARCH: x64
2026-09-22T18:41:01.5470178Z   RUNS_ON_AGENT_USER: runner
2026-09-22T18:41:01.5470427Z   RUNS_ON_AMI_ID: ami-0d8875560af9e1401
2026-09-22T18:41:01.5470691Z   RUNS_ON_AWS_REGION: us-east-1
2026-09-22T18:41:01.5470941Z   RUNS_ON_AWS_AZ: us-east-1b
2026-09-22T18:41:01.5471200Z   RUNS_ON_ENV_CUSTOM_FILE: /runs-on/env.custom
2026-09-22T18:41:01.5471493Z   RUNS_ON_INSTANCE_ID: i-05b881343c6c288b6
2026-09-22T18:41:01.5471771Z   RUNS_ON_INSTANCE_LIFECYCLE: spot
2026-09-22T18:41:01.5472045Z   RUNS_ON_INSTANCE_TYPE: c7i.metal-24xl
2026-09-22T18:41:01.5472309Z   RUNS_ON_STACK_NAME: runs-on-v3
2026-09-22T18:41:01.5472621Z   RUNS_ON_S3_BUCKET_CACHE: runs-on-v3-s3bucketcache-dbnub4tpjhpv
2026-09-22T18:41:01.5473099Z   ACTIONS_RUNNER_HOOK_JOB_STARTED: /runs-on/pre.sh
2026-09-22T18:41:01.5473430Z   ACTIONS_RUNNER_HOOK_JOB_COMPLETED: /runs-on/post.sh
2026-09-22T18:41:01.5473750Z   GITHUB_SERVER_URL: https://github.com/
2026-09-22T18:41:01.5474042Z   GITHUB_API_URL: https://api.github.com/
2026-09-22T18:41:01.5474302Z   GITHUB_HOST: github.com
2026-09-22T18:41:01.5474589Z   RUNS_ON_RUNNER_NAME: runs-on--i-05b881343c6c288b6--e9667715-c
2026-09-22T18:41:01.5474927Z   RUNS_ON_INSTANCE_LAUNCHED_AT: 2026-09-22T18:39:59Z
2026-09-22T18:41:01.5475286Z   ACTIONS_CACHE_URL: http://10.1.23.154:6871/
2026-09-22T18:41:01.5475574Z   ACTIONS_CACHE_SERVICE_V2: true
2026-09-22T18:41:01.5475834Z   ACTIONS_RESULTS_URL: http://10.1.23.154:6871/
2026-09-22T18:41:01.5476157Z   RUNS_ON_S3_CACHE_REPO_PREFIX: cache/repo/vortex-data/vortex
2026-09-22T18:41:01.5476478Z   RUNS_ON_ACTION_COST_TRACKING_CLAIMED: true
2026-09-22T18:41:01.5476746Z   RUSTUP_TOOLCHAIN: 1.98.0
2026-09-22T18:41:01.5477016Z   PROTOC_VERSION: 29.3
2026-09-22T18:41:01.5477242Z ##[endgroup]
2026-09-22T18:41:01.6803768Z ##[end-action id=__self.check-protoc;outcome=success;conclusion=success;duration_ms=137]
2026-09-22T18:41:01.6805530Z ##[start-action display=Install protoc;id=__self.__self]
2026-09-22T18:41:01.6809752Z ##[end-action id=__self.__self;outcome=skipped;conclusion=skipped;duration_ms=0]
2026-09-22T18:41:01.6811119Z ##[start-action display=Install sccache;id=__self.__self_2]
2026-09-22T18:41:01.6814609Z ##[end-action id=__self.__self_2;outcome=skipped;conclusion=skipped;duration_ms=0]
2026-09-22T18:41:01.6815917Z ##[start-action display=Configure sccache timeout;id=__self.__run_3]
2026-09-22T18:41:01.6819484Z ##[end-action id=__self.__run_3;outcome=skipped;conclusion=skipped;duration_ms=0]
2026-09-22T18:41:01.6820808Z ##[start-action display=Enable compiler caching;id=__self.__run_4]
2026-09-22T18:41:01.6824152Z ##[end-action id=__self.__run_4;outcome=skipped;conclusion=skipped;duration_ms=0]
2026-09-22T18:41:01.6825393Z ##[start-action display=Full Rust setup;id=__self.__self_3]
2026-09-22T18:41:01.6827909Z ##[end-action id=__self.__self_3;outcome=skipped;conclusion=skipped;duration_ms=0]
2026-09-22T18:41:01.6829258Z ##[start-action display=Install flatc (for FlatBuffers code generation);id=__self.__self_4]
2026-09-22T18:41:01.6848608Z Prepare all required actions
2026-09-22T18:41:01.6877560Z ##[group]Run ./.github/actions/setup-flatc
2026-09-22T18:41:01.6877848Z with:
2026-09-22T18:41:01.6878127Z   flatc_version: 25.12.19
2026-09-22T18:41:01.6878382Z env:
2026-09-22T18:41:01.6878660Z   CARGO_TERM_COLOR: always
2026-09-22T18:41:01.6878912Z   RUST_BACKTRACE: 1
2026-09-22T18:41:01.6879184Z   NIGHTLY_TOOLCHAIN: nightly-2026-09-10
2026-09-22T18:41:01.6879515Z   RUNNER_TOOL_CACHE: /opt/hostedtoolcache
2026-09-22T18:41:01.6879794Z   RUNS_ON_HOME: /runs-on
2026-09-22T18:41:01.6880038Z   RUNS_ON_VERSION: v3.3.0
2026-09-22T18:41:01.6880325Z   RUNS_ON_AGENT_BINARY: /runs-on/agent
2026-09-22T18:41:01.6880587Z   RUNS_ON_AGENT_ARCH: x64
2026-09-22T18:41:01.6880877Z   RUNS_ON_AGENT_USER: runner
2026-09-22T18:41:01.6881142Z   RUNS_ON_AMI_ID: ami-0d8875560af9e1401
2026-09-22T18:41:01.6881422Z   RUNS_ON_AWS_REGION: us-east-1
2026-09-22T18:41:01.6881694Z   RUNS_ON_AWS_AZ: us-east-1b
2026-09-22T18:41:01.6881983Z   RUNS_ON_ENV_CUSTOM_FILE: /runs-on/env.custom
2026-09-22T18:41:01.6882314Z   RUNS_ON_INSTANCE_ID: i-05b881343c6c288b6
2026-09-22T18:41:01.6882596Z   RUNS_ON_INSTANCE_LIFECYCLE: spot
2026-09-22T18:41:01.6882874Z   RUNS_ON_INSTANCE_TYPE: c7i.metal-24xl
2026-09-22T18:41:01.6883166Z   RUNS_ON_STACK_NAME: runs-on-v3
2026-09-22T18:41:01.6883498Z   RUNS_ON_S3_BUCKET_CACHE: runs-on-v3-s3bucketcache-dbnub4tpjhpv
2026-09-22T18:41:01.6883893Z   ACTIONS_RUNNER_HOOK_JOB_STARTED: /runs-on/pre.sh
2026-09-22T18:41:01.6884230Z   ACTIONS_RUNNER_HOOK_JOB_COMPLETED: /runs-on/post.sh
2026-09-22T18:41:01.6884548Z   GITHUB_SERVER_URL: https://github.com/
2026-09-22T18:41:01.6884847Z   GITHUB_API_URL: https://api.github.com/
2026-09-22T18:41:01.6885189Z   GITHUB_HOST: github.com
2026-09-22T18:41:01.6885616Z   RUNS_ON_RUNNER_NAME: runs-on--i-05b881343c6c288b6--e9667715-c
2026-09-22T18:41:01.6885963Z   RUNS_ON_INSTANCE_LAUNCHED_AT: 2026-09-22T18:39:59Z
2026-09-22T18:41:01.6886280Z   ACTIONS_CACHE_URL: http://10.1.23.154:6871/
2026-09-22T18:41:01.6886576Z   ACTIONS_CACHE_SERVICE_V2: true
2026-09-22T18:41:01.6886906Z   ACTIONS_RESULTS_URL: http://10.1.23.154:6871/
2026-09-22T18:41:01.6887279Z   RUNS_ON_S3_CACHE_REPO_PREFIX: cache/repo/vortex-data/vortex
2026-09-22T18:41:01.6887606Z   RUNS_ON_ACTION_COST_TRACKING_CLAIMED: true
2026-09-22T18:41:01.6887954Z   RUSTUP_TOOLCHAIN: 1.98.0
2026-09-22T18:41:01.6888212Z ##[endgroup]
2026-09-22T18:41:01.6891358Z ##[start-action display=Install flatc;id=__self.__self_4.__run]
2026-09-22T18:41:01.6919726Z ##[group]Run set -euo pipefail
2026-09-22T18:41:01.6920101Z [36;1mset -euo pipefail[0m
2026-09-22T18:41:01.6920403Z [36;1m[0m
2026-09-22T18:41:01.6920633Z [36;1mVERSION="25.12.19"[0m
2026-09-22T18:41:01.6920961Z [36;1mif [ "$(flatc --version 2>/dev/null)" = "flatc version ${VERSION}" ]; then[0m
2026-09-22T18:41:01.6921381Z [36;1m  echo "flatc ${VERSION} is already installed"[0m
2026-09-22T18:41:01.6921682Z [36;1m  exit 0[0m
2026-09-22T18:41:01.6921961Z [36;1mfi[0m
2026-09-22T18:41:01.6922177Z [36;1m[0m
2026-09-22T18:41:01.6922448Z [36;1mARCH=$(uname -m)[0m
2026-09-22T18:41:01.6922744Z [36;1mOS=$(uname -s | tr '[:upper:]' '[:lower:]')[0m
2026-09-22T18:41:01.6923032Z [36;1m[0m
2026-09-22T18:41:01.6923356Z [36;1m# Official binaries exist for x86_64 glibc Linux, macOS and Windows only.[0m
2026-09-22T18:41:01.6923740Z [36;1mASSET=""[0m
2026-09-22T18:41:01.6923965Z [36;1mcase "$OS" in[0m
2026-09-22T18:41:01.6924221Z [36;1m  linux)[0m
2026-09-22T18:41:01.6924508Z [36;1m    if [ "$ARCH" = "x86_64" ] && ! ldd /bin/sh 2>&1 | grep -qi musl; then[0m
2026-09-22T18:41:01.6924905Z [36;1m      ASSET="Linux.flatc.binary.clang++-18.zip"[0m
2026-09-22T18:41:01.6925212Z [36;1m    fi[0m
2026-09-22T18:41:01.6925446Z [36;1m    ;;[0m
2026-09-22T18:41:01.6925693Z [36;1m  darwin)[0m
2026-09-22T18:41:01.6925947Z [36;1m    case "$ARCH" in[0m
2026-09-22T18:41:01.6926230Z [36;1m      arm64)  ASSET="Mac.flatc.binary.zip" ;;[0m
2026-09-22T18:41:01.6926573Z [36;1m      x86_64) ASSET="MacIntel.flatc.binary.zip" ;;[0m
2026-09-22T18:41:01.6926924Z [36;1m    esac[0m
2026-09-22T18:41:01.6927167Z [36;1m    ;;[0m
2026-09-22T18:41:01.6927431Z [36;1m  *) ASSET="Windows.flatc.binary.zip" ;;[0m
2026-09-22T18:41:01.6927722Z [36;1mesac[0m
2026-09-22T18:41:01.6927952Z [36;1m[0m
2026-09-22T18:41:01.6928278Z [36;1m# This sometimes runs in a container where the user is root and there is no sudo.[0m
2026-09-22T18:41:01.6928697Z [36;1mif command -v sudo &>/dev/null[0m
2026-09-22T18:41:01.6928985Z [36;1mthen[0m
2026-09-22T18:41:01.6929211Z [36;1m  CMD=sudo[0m
2026-09-22T18:41:01.6929448Z [36;1melse[0m
2026-09-22T18:41:01.6929668Z [36;1m  CMD=[0m
2026-09-22T18:41:01.6929908Z [36;1mfi[0m
2026-09-22T18:41:01.6930159Z [36;1m[0m
2026-09-22T18:41:01.6930502Z [36;1mRELEASE="https://github.com/google/flatbuffers/releases/download/v${VERSION}"[0m
2026-09-22T18:41:01.6930894Z [36;1mif [ -n "$ASSET" ]; then[0m
2026-09-22T18:41:01.6931207Z [36;1m  curl -fsSL -o /tmp/flatc.zip "${RELEASE}/${ASSET}"[0m
2026-09-22T18:41:01.6931553Z [36;1m  unzip -o /tmp/flatc.zip -d /tmp/flatc[0m
2026-09-22T18:41:01.6931892Z [36;1m  rm -f /tmp/flatc.zip[0m
2026-09-22T18:41:01.6932148Z [36;1melse[0m
2026-09-22T18:41:01.6932479Z [36;1m  echo "No official flatc binary for ${OS}/${ARCH}; building ${VERSION} from source"[0m
2026-09-22T18:41:01.6932887Z [36;1m  git clone --depth 1 --branch "v${VERSION}" \[0m
2026-09-22T18:41:01.6933270Z [36;1m    https://github.com/google/flatbuffers.git /tmp/flatbuffers[0m
2026-09-22T18:41:01.6933704Z [36;1m  cmake -S /tmp/flatbuffers -B /tmp/flatbuffers/build \[0m
2026-09-22T18:41:01.6934037Z [36;1m    -DCMAKE_BUILD_TYPE=Release \[0m
2026-09-22T18:41:01.6934468Z [36;1m    -DFLATBUFFERS_BUILD_TESTS=OFF \[0m
2026-09-22T18:41:01.6934881Z [36;1m    -DFLATBUFFERS_BUILD_FLATLIB=OFF \[0m
2026-09-22T18:41:01.6935218Z [36;1m    -DFLATBUFFERS_BUILD_FLATHASH=OFF \[0m
2026-09-22T18:41:01.6935542Z [36;1m    -DFLATBUFFERS_INSTALL=OFF[0m
2026-09-22T18:41:01.6935946Z [36;1m  cmake --build /tmp/flatbuffers/build --target flatc \[0m
2026-09-22T18:41:01.6936308Z [36;1m    --parallel "$(nproc 2>/dev/null || echo 4)"[0m
2026-09-22T18:41:01.6936618Z [36;1m  mkdir -p /tmp/flatc[0m
2026-09-22T18:41:01.6936956Z [36;1m  mv /tmp/flatbuffers/build/flatc /tmp/flatc/flatc[0m
2026-09-22T18:41:01.6937320Z [36;1m  rm -rf /tmp/flatbuffers[0m
2026-09-22T18:41:01.6937610Z [36;1mfi[0m
2026-09-22T18:41:01.6937837Z [36;1m[0m
2026-09-22T18:41:01.6938094Z [36;1mif [ "$OS" = "linux" ] || [ "$OS" = "darwin" ]; then[0m
2026-09-22T18:41:01.6938449Z [36;1m  $CMD mv /tmp/flatc/flatc /usr/local/bin/[0m
2026-09-22T18:41:01.6938734Z [36;1melse[0m
2026-09-22T18:41:01.6939070Z [36;1m  # Windows runners do not have /usr/local/bin on PATH for non-bash steps.[0m
2026-09-22T18:41:01.6939441Z [36;1m  mkdir -p "$HOME/.local/bin"[0m
2026-09-22T18:41:01.6939740Z [36;1m  mv /tmp/flatc/flatc.exe "$HOME/.local/bin/"[0m
2026-09-22T18:41:01.6940091Z [36;1m  cygpath -w "$HOME/.local/bin" >> "$GITHUB_PATH"[0m
2026-09-22T18:41:01.6940410Z [36;1m  export PATH="$HOME/.local/bin:$PATH"[0m
2026-09-22T18:41:01.6940712Z [36;1mfi[0m
2026-09-22T18:41:01.6940934Z [36;1m[0m
2026-09-22T18:41:01.6941172Z [36;1mrm -rf /tmp/flatc[0m
2026-09-22T18:41:01.6941453Z [36;1mflatc --version[0m
2026-09-22T18:41:01.6958518Z shell: /usr/bin/bash --noprofile --norc -e -o pipefail {0}
2026-09-22T18:41:01.6958859Z env:
2026-09-22T18:41:01.6959112Z   CARGO_TERM_COLOR: always
2026-09-22T18:41:01.6959408Z   RUST_BACKTRACE: 1
2026-09-22T18:41:01.6959667Z   NIGHTLY_TOOLCHAIN: nightly-2026-09-10
2026-09-22T18:41:01.6959969Z   RUNNER_TOOL_CACHE: /opt/hostedtoolcache
2026-09-22T18:41:01.6960264Z   RUNS_ON_HOME: /runs-on
2026-09-22T18:41:01.6960532Z   RUNS_ON_VERSION: v3.3.0
2026-09-22T18:41:01.6960807Z   RUNS_ON_AGENT_BINARY: /runs-on/agent
2026-09-22T18:41:01.6961106Z   RUNS_ON_AGENT_ARCH: x64
2026-09-22T18:41:01.6961355Z   RUNS_ON_AGENT_USER: runner
2026-09-22T18:41:01.6961631Z   RUNS_ON_AMI_ID: ami-0d8875560af9e1401
2026-09-22T18:41:01.6961929Z   RUNS_ON_AWS_REGION: us-east-1
2026-09-22T18:41:01.6962195Z   RUNS_ON_AWS_AZ: us-east-1b
2026-09-22T18:41:01.6962469Z   RUNS_ON_ENV_CUSTOM_FILE: /runs-on/env.custom
2026-09-22T18:41:01.6962801Z   RUNS_ON_INSTANCE_ID: i-05b881343c6c288b6
2026-09-22T18:41:01.6963096Z   RUNS_ON_INSTANCE_LIFECYCLE: spot
2026-09-22T18:41:01.6963392Z   RUNS_ON_INSTANCE_TYPE: c7i.metal-24xl
2026-09-22T18:41:01.6963681Z   RUNS_ON_STACK_NAME: runs-on-v3
2026-09-22T18:41:01.6964003Z   RUNS_ON_S3_BUCKET_CACHE: runs-on-v3-s3bucketcache-dbnub4tpjhpv
2026-09-22T18:41:01.6964394Z   ACTIONS_RUNNER_HOOK_JOB_STARTED: /runs-on/pre.sh
2026-09-22T18:41:01.6964750Z   ACTIONS_RUNNER_HOOK_JOB_COMPLETED: /runs-on/post.sh
2026-09-22T18:41:01.6965079Z   GITHUB_SERVER_URL: https://github.com/
2026-09-22T18:41:01.6965401Z   GITHUB_API_URL: https://api.github.com/
2026-09-22T18:41:01.6965686Z   GITHUB_HOST: github.com
2026-09-22T18:41:01.6966013Z   RUNS_ON_RUNNER_NAME: runs-on--i-05b881343c6c288b6--e9667715-c
2026-09-22T18:41:01.6966390Z   RUNS_ON_INSTANCE_LAUNCHED_AT: 2026-09-22T18:39:59Z
2026-09-22T18:41:01.6966713Z   ACTIONS_CACHE_URL: http://10.1.23.154:6871/
2026-09-22T18:41:01.6967038Z   ACTIONS_CACHE_SERVICE_V2: true
2026-09-22T18:41:01.6967318Z   ACTIONS_RESULTS_URL: http://10.1.23.154:6871/
2026-09-22T18:41:01.6967646Z   RUNS_ON_S3_CACHE_REPO_PREFIX: cache/repo/vortex-data/vortex
2026-09-22T18:41:01.6968043Z   RUNS_ON_ACTION_COST_TRACKING_CLAIMED: true
2026-09-22T18:41:01.6968328Z   RUSTUP_TOOLCHAIN: 1.98.0
2026-09-22T18:41:01.6968593Z ##[endgroup]
2026-09-22T18:41:01.7764147Z flatc 25.12.19 is already installed
2026-09-22T18:41:01.7770488Z ##[end-action id=__self.__self_4.__run;outcome=success;conclusion=success;duration_ms=87]
2026-09-22T18:41:01.7779772Z ##[end-action id=__self.__self_4;outcome=success;conclusion=success;duration_ms=95]
2026-09-22T18:41:01.7799839Z Prepare all required actions
2026-09-22T18:41:01.7820386Z ##[group]Run ./.github/actions/system-info
2026-09-22T18:41:01.7820674Z env:
2026-09-22T18:41:01.7820911Z   CARGO_TERM_COLOR: always
2026-09-22T18:41:01.7821226Z   RUST_BACKTRACE: 1
2026-09-22T18:41:01.7821459Z   NIGHTLY_TOOLCHAIN: nightly-2026-09-10
2026-09-22T18:41:01.7821903Z   RUNNER_TOOL_CACHE: /opt/hostedtoolcache
2026-09-22T18:41:01.7822195Z   RUNS_ON_HOME: /runs-on
2026-09-22T18:41:01.7822454Z   RUNS_ON_VERSION: v3.3.0
2026-09-22T18:41:01.7822733Z   RUNS_ON_AGENT_BINARY: /runs-on/agent
2026-09-22T18:41:01.7823047Z   RUNS_ON_AGENT_ARCH: x64
2026-09-22T18:41:01.7823331Z   RUNS_ON_AGENT_USER: runner
2026-09-22T18:41:01.7823608Z   RUNS_ON_AMI_ID: ami-0d8875560af9e1401
2026-09-22T18:41:01.7823895Z   RUNS_ON_AWS_REGION: us-east-1
2026-09-22T18:41:01.7824193Z   RUNS_ON_AWS_AZ: us-east-1b
2026-09-22T18:41:01.7824476Z   RUNS_ON_ENV_CUSTOM_FILE: /runs-on/env.custom
2026-09-22T18:41:01.7824868Z   RUNS_ON_INSTANCE_ID: i-05b881343c6c288b6
2026-09-22T18:41:01.7825174Z   RUNS_ON_INSTANCE_LIFECYCLE: spot
2026-09-22T18:41:01.7825485Z   RUNS_ON_INSTANCE_TYPE: c7i.metal-24xl
2026-09-22T18:41:01.7825788Z   RUNS_ON_STACK_NAME: runs-on-v3
2026-09-22T18:41:01.7826117Z   RUNS_ON_S3_BUCKET_CACHE: runs-on-v3-s3bucketcache-dbnub4tpjhpv
2026-09-22T18:41:01.7826497Z   ACTIONS_RUNNER_HOOK_JOB_STARTED: /runs-on/pre.sh
2026-09-22T18:41:01.7826882Z   ACTIONS_RUNNER_HOOK_JOB_COMPLETED: /runs-on/post.sh
2026-09-22T18:41:01.7827262Z   GITHUB_SERVER_URL: https://github.com/
2026-09-22T18:41:01.7827573Z   GITHUB_API_URL: https://api.github.com/
2026-09-22T18:41:01.7827866Z   GITHUB_HOST: github.com
2026-09-22T18:41:01.7828186Z   RUNS_ON_RUNNER_NAME: runs-on--i-05b881343c6c288b6--e9667715-c
2026-09-22T18:41:01.7828567Z   RUNS_ON_INSTANCE_LAUNCHED_AT: 2026-09-22T18:39:59Z
2026-09-22T18:41:01.7828925Z   ACTIONS_CACHE_URL: http://10.1.23.154:6871/
2026-09-22T18:41:01.7829231Z   ACTIONS_CACHE_SERVICE_V2: true
2026-09-22T18:41:01.7829529Z   ACTIONS_RESULTS_URL: http://10.1.23.154:6871/
2026-09-22T18:41:01.7829884Z   RUNS_ON_S3_CACHE_REPO_PREFIX: cache/repo/vortex-data/vortex
2026-09-22T18:41:01.7830230Z   RUNS_ON_ACTION_COST_TRACKING_CLAIMED: true
2026-09-22T18:41:01.7830585Z   RUSTUP_TOOLCHAIN: 1.98.0
2026-09-22T18:41:01.7830845Z ##[endgroup]
2026-09-22T18:41:01.7834006Z ##[start-action display=CPU, Memory & Disk Info;id=__self_2.__run]
2026-09-22T18:41:01.7846699Z ##[group]Run echo "=== CPU Model ==="
2026-09-22T18:41:01.7847064Z [36;1mecho "=== CPU Model ==="[0m
2026-09-22T18:41:01.7847350Z [36;1mlscpu[0m
2026-09-22T18:41:01.7847652Z [36;1mecho "=== /proc/cpuinfo summary ==="[0m
2026-09-22T18:41:01.7848065Z [36;1m# x86 exposes "model name"; aarch64 has no such line (lscpu above covers it), and[0m
2026-09-22T18:41:01.7848549Z [36;1m# `shell: bash` runs with `set -e`, so a missing match must not fail the step.[0m
2026-09-22T18:41:01.7848958Z [36;1mgrep -m1 "model name" /proc/cpuinfo || true[0m
2026-09-22T18:41:01.7849289Z [36;1mnproc[0m
2026-09-22T18:41:01.7849594Z [36;1mecho "=== CPU Flags ==="[0m
2026-09-22T18:41:01.7849910Z [36;1m# x86 exposes "flags"; aarch64 exposes "Features".[0m
2026-09-22T18:41:01.7850281Z [36;1mgrep -m1 -E "^(flags|Features)" /proc/cpuinfo || true[0m
2026-09-22T18:41:01.7850606Z [36;1m[0m
2026-09-22T18:41:01.7850854Z [36;1mecho "=== Memory ==="[0m
2026-09-22T18:41:01.7851133Z [36;1mfree -h[0m
2026-09-22T18:41:01.7851414Z [36;1mecho "=== /proc/meminfo ==="[0m
2026-09-22T18:41:01.7851713Z [36;1mcat /proc/meminfo[0m
2026-09-22T18:41:01.7851968Z [36;1m[0m
2026-09-22T18:41:01.7852214Z [36;1mecho "=== Block Devices ==="[0m
2026-09-22T18:41:01.7852496Z [36;1mlsblk[0m
2026-09-22T18:41:01.7852727Z [36;1mecho "=== Disk Usage ==="[0m
2026-09-22T18:41:01.7853050Z [36;1mdf -hT[0m
2026-09-22T18:41:01.7853288Z [36;1mecho "=== Mounts ==="[0m
2026-09-22T18:41:01.7853572Z [36;1mmount | grep -E "^/dev"[0m
2026-09-22T18:41:01.7853866Z [36;1mecho "=== NVMe Devices ==="[0m
2026-09-22T18:41:01.7854309Z [36;1mls -la /dev/nvme* 2>/dev/null || echo "No NVMe"[0m
2026-09-22T18:41:01.7854699Z [36;1msudo nvme list 2>/dev/null || true[0m
2026-09-22T18:41:01.7871489Z shell: /usr/bin/bash --noprofile --norc -e -o pipefail {0}
2026-09-22T18:41:01.7871826Z env:
2026-09-22T18:41:01.7872085Z   CARGO_TERM_COLOR: always
2026-09-22T18:41:01.7872362Z   RUST_BACKTRACE: 1
2026-09-22T18:41:01.7872651Z   NIGHTLY_TOOLCHAIN: nightly-2026-09-10
2026-09-22T18:41:01.7872969Z   RUNNER_TOOL_CACHE: /opt/hostedtoolcache
2026-09-22T18:41:01.7873287Z   RUNS_ON_HOME: /runs-on
2026-09-22T18:41:01.7873553Z   RUNS_ON_VERSION: v3.3.0
2026-09-22T18:41:01.7873857Z   RUNS_ON_AGENT_BINARY: /runs-on/agent
2026-09-22T18:41:01.7874194Z   RUNS_ON_AGENT_ARCH: x64
2026-09-22T18:41:01.7874462Z   RUNS_ON_AGENT_USER: runner
2026-09-22T18:41:01.7874734Z   RUNS_ON_AMI_ID: ami-0d8875560af9e1401
2026-09-22T18:41:01.7875051Z   RUNS_ON_AWS_REGION: us-east-1
2026-09-22T18:41:01.7875355Z   RUNS_ON_AWS_AZ: us-east-1b
2026-09-22T18:41:01.7875655Z   RUNS_ON_ENV_CUSTOM_FILE: /runs-on/env.custom
2026-09-22T18:41:01.7875971Z   RUNS_ON_INSTANCE_ID: i-05b881343c6c288b6
2026-09-22T18:41:01.7876259Z   RUNS_ON_INSTANCE_LIFECYCLE: spot
2026-09-22T18:41:01.7876567Z   RUNS_ON_INSTANCE_TYPE: c7i.metal-24xl
2026-09-22T18:41:01.7876930Z   RUNS_ON_STACK_NAME: runs-on-v3
2026-09-22T18:41:01.7877286Z   RUNS_ON_S3_BUCKET_CACHE: runs-on-v3-s3bucketcache-dbnub4tpjhpv
2026-09-22T18:41:01.7877669Z   ACTIONS_RUNNER_HOOK_JOB_STARTED: /runs-on/pre.sh
2026-09-22T18:41:01.7878010Z   ACTIONS_RUNNER_HOOK_JOB_COMPLETED: /runs-on/post.sh
2026-09-22T18:41:01.7878373Z   GITHUB_SERVER_URL: https://github.com/
2026-09-22T18:41:01.7878709Z   GITHUB_API_URL: https://api.github.com/
2026-09-22T18:41:01.7879003Z   GITHUB_HOST: github.com
2026-09-22T18:41:01.7879331Z   RUNS_ON_RUNNER_NAME: runs-on--i-05b881343c6c288b6--e9667715-c
2026-09-22T18:41:01.7879695Z   RUNS_ON_INSTANCE_LAUNCHED_AT: 2026-09-22T18:39:59Z
2026-09-22T18:41:01.7880014Z   ACTIONS_CACHE_URL: http://10.1.23.154:6871/
2026-09-22T18:41:01.7880385Z   ACTIONS_CACHE_SERVICE_V2: true
2026-09-22T18:41:01.7880674Z   ACTIONS_RESULTS_URL: http://10.1.23.154:6871/
2026-09-22T18:41:01.7881021Z   RUNS_ON_S3_CACHE_REPO_PREFIX: cache/repo/vortex-data/vortex
2026-09-22T18:41:01.7881356Z   RUNS_ON_ACTION_COST_TRACKING_CLAIMED: true
2026-09-22T18:41:01.7881636Z   RUSTUP_TOOLCHAIN: 1.98.0
2026-09-22T18:41:01.7881942Z ##[endgroup]
2026-09-22T18:41:01.7913355Z === CPU Model ===
2026-09-22T18:41:01.8108586Z Architecture:                            x86_64
2026-09-22T18:41:01.8109032Z CPU op-mode(s):                          32-bit, 64-bit
2026-09-22T18:41:01.8109446Z Address sizes:                           46 bits physical, 57 bits virtual
2026-09-22T18:41:01.8109919Z Byte Order:                              Little Endian
2026-09-22T18:41:01.8110238Z CPU(s):                                  96
2026-09-22T18:41:01.8110574Z On-line CPU(s) list:                     0-95
2026-09-22T18:41:01.8110912Z Vendor ID:                               GenuineIntel
2026-09-22T18:41:01.8111298Z Model name:                              Intel(R) Xeon(R) Platinum 8488C
2026-09-22T18:41:01.8111737Z CPU family:                              6
2026-09-22T18:41:01.8112030Z Model:                                   143
2026-09-22T18:41:01.8112339Z Thread(s) per core:                      2
2026-09-22T18:41:01.8112641Z Core(s) per socket:                      48
2026-09-22T18:41:01.8112929Z Socket(s):                               1
2026-09-22T18:41:01.8113238Z Stepping:                                8
2026-09-22T18:41:01.8113525Z CPU(s) scaling MHz:                      28%
2026-09-22T18:41:01.8113845Z CPU max MHz:                             3800.0000
2026-09-22T18:41:01.8114165Z CPU min MHz:                             800.0000
2026-09-22T18:41:01.8114477Z BogoMIPS:                                4800.00
2026-09-22T18:41:01.8117807Z Flags:                                   fpu vme de pse tsc msr pae mce cx8 apic sep mtrr pge mca cmov pat pse36 clflush dts acpi mmx fxsr sse sse2 ss ht tm pbe syscall nx pdpe1gb rdtscp lm constant_tsc art arch_perfmon pebs bts rep_good nopl xtopology nonstop_tsc cpuid aperfmperf tsc_known_freq pni pclmulqdq dtes64 monitor ds_cpl vmx smx est tm2 ssse3 sdbg fma cx16 xtpr pdcm pcid dca sse4_1 sse4_2 x2apic movbe popcnt tsc_deadline_timer aes xsave avx f16c rdrand lahf_lm abm 3dnowprefetch cpuid_fault epb cat_l3 cat_l2 cdp_l3 intel_ppin cdp_l2 ssbd mba ibrs ibpb stibp ibrs_enhanced tpr_shadow flexpriority ept vpid ept_ad fsgsbase tsc_adjust bmi1 avx2 smep bmi2 erms invpcid cqm rdt_a avx512f avx512dq rdseed adx smap avx512ifma clflushopt clwb intel_pt avx512cd sha_ni avx512bw avx512vl xsaveopt xsavec xgetbv1 xsaves cqm_llc cqm_occup_llc cqm_mbm_total cqm_mbm_local split_lock_detect user_shstk avx_vnni avx512_bf16 wbnoinvd dtherm ida arat pln pts hwp hwp_act_window hwp_epp hwp_pkg_req hfi vnmi avx512vbmi umip pku ospke waitpkg avx512_vbmi2 gfni vaes vpclmulqdq avx512_vnni avx512_bitalg tme avx512_vpopcntdq la57 rdpid bus_lock_detect cldemote movdiri movdir64b enqcmd fsrm md_clear serialize tsxldtrk pconfig arch_lbr ibt amx_bf16 avx512_fp16 amx_tile amx_int8 flush_l1d arch_capabilities
2026-09-22T18:41:01.8120988Z Virtualization:                          VT-x
2026-09-22T18:41:01.8121332Z L1d cache:                               2.3 MiB (48 instances)
2026-09-22T18:41:01.8121697Z L1i cache:                               1.5 MiB (48 instances)
2026-09-22T18:41:01.8122060Z L2 cache:                                96 MiB (48 instances)
2026-09-22T18:41:01.8122410Z L3 cache:                                105 MiB (1 instance)
2026-09-22T18:41:01.8122719Z NUMA node(s):                            1
2026-09-22T18:41:01.8123180Z NUMA node0 CPU(s):                       0-95
2026-09-22T18:41:01.8123509Z Vulnerability Gather data sampling:      Not affected
2026-09-22T18:41:01.8123888Z Vulnerability Ghostwrite:                Not affected
2026-09-22T18:41:01.8124237Z Vulnerability Indirect target selection: Not affected
2026-09-22T18:41:01.8124570Z Vulnerability Itlb multihit:             Not affected
2026-09-22T18:41:01.8124903Z Vulnerability L1tf:                      Not affected
2026-09-22T18:41:01.8125222Z Vulnerability Mds:                       Not affected
2026-09-22T18:41:01.8125571Z Vulnerability Meltdown:                  Not affected
2026-09-22T18:41:01.8125905Z Vulnerability Mmio stale data:           Not affected
2026-09-22T18:41:01.8126228Z Vulnerability Old microcode:             Vulnerable
2026-09-22T18:41:01.8126560Z Vulnerability Reg file data sampling:    Not affected
2026-09-22T18:41:01.8126916Z Vulnerability Retbleed:                  Not affected
2026-09-22T18:41:01.8127247Z Vulnerability Spec rstack overflow:      Not affected
2026-09-22T18:41:01.8127712Z Vulnerability Spec store bypass:         Mitigation; Speculative Store Bypass disabled via prctl
2026-09-22T18:41:01.8128252Z Vulnerability Spectre v1:                Mitigation; usercopy/swapgs barriers and __user pointer sanitization
2026-09-22T18:41:01.8128862Z Vulnerability Spectre v2:                Mitigation; Enhanced / Automatic IBRS; IBPB conditional; PBRSB-eIBRS SW sequence; BHI BHI_DIS_S
2026-09-22T18:41:01.8129347Z Vulnerability Srbds:                     Not affected
2026-09-22T18:41:01.8129728Z Vulnerability Tsa:                       Not affected
2026-09-22T18:41:01.8130052Z Vulnerability Tsx async abort:           Not affected
2026-09-22T18:41:01.8130429Z Vulnerability Vmscape:                   Mitigation; IBPB before exit to userspace
2026-09-22T18:41:01.8130793Z === /proc/cpuinfo summary ===
2026-09-22T18:41:01.8131083Z model name	: Intel(R) Xeon(R) Platinum 8488C
2026-09-22T18:41:01.8139240Z 96
2026-09-22T18:41:01.8139780Z === CPU Flags ===
2026-09-22T18:41:01.8149999Z flags		: fpu vme de pse tsc msr pae mce cx8 apic sep mtrr pge mca cmov pat pse36 clflush dts acpi mmx fxsr sse sse2 ss ht tm pbe syscall nx pdpe1gb rdtscp lm constant_tsc art arch_perfmon pebs bts rep_good nopl xtopology nonstop_tsc cpuid aperfmperf tsc_known_freq pni pclmulqdq dtes64 monitor ds_cpl vmx smx est tm2 ssse3 sdbg fma cx16 xtpr pdcm pcid dca sse4_1 sse4_2 x2apic movbe popcnt tsc_deadline_timer aes xsave avx f16c rdrand lahf_lm abm 3dnowprefetch cpuid_fault epb cat_l3 cat_l2 cdp_l3 intel_ppin cdp_l2 ssbd mba ibrs ibpb stibp ibrs_enhanced tpr_shadow flexpriority ept vpid ept_ad fsgsbase tsc_adjust bmi1 avx2 smep bmi2 erms invpcid cqm rdt_a avx512f avx512dq rdseed adx smap avx512ifma clflushopt clwb intel_pt avx512cd sha_ni avx512bw avx512vl xsaveopt xsavec xgetbv1 xsaves cqm_llc cqm_occup_llc cqm_mbm_total cqm_mbm_local split_lock_detect user_shstk avx_vnni avx512_bf16 wbnoinvd dtherm ida arat pln pts hwp hwp_act_window hwp_epp hwp_pkg_req hfi vnmi avx512vbmi umip pku ospke waitpkg avx512_vbmi2 gfni vaes vpclmulqdq avx512_vnni avx512_bitalg tme avx512_vpopcntdq la57 rdpid bus_lock_detect cldemote movdiri movdir64b enqcmd fsrm md_clear serialize tsxldtrk pconfig arch_lbr ibt amx_bf16 avx512_fp16 amx_tile amx_int8 flush_l1d arch_capabilities
2026-09-22T18:41:01.8153038Z === Memory ===
2026-09-22T18:41:01.8170907Z                total        used        free      shared  buff/cache   available
2026-09-22T18:41:01.8171288Z Mem:           188Gi       3.8Gi       185Gi        45Mi       1.1Gi       184Gi
2026-09-22T18:41:01.8171660Z Swap:             0B          0B          0B
2026-09-22T18:41:01.8171944Z === /proc/meminfo ===
2026-09-22T18:41:01.8177484Z MemTotal:       197634700 kB
2026-09-22T18:41:01.8177783Z MemFree:        194026380 kB
2026-09-22T18:41:01.8178056Z MemAvailable:   193620964 kB
2026-09-22T18:41:01.8178324Z Buffers:           36892 kB
2026-09-22T18:41:01.8178573Z Cached:          1064540 kB
2026-09-22T18:41:01.8178840Z SwapCached:            0 kB
2026-09-22T18:41:01.8179110Z Active:           629196 kB
2026-09-22T18:41:01.8179359Z Inactive:         799080 kB
2026-09-22T18:41:01.8179642Z Active(anon):     374340 kB
2026-09-22T18:41:01.8179884Z Inactive(anon):        0 kB
2026-09-22T18:41:01.8180133Z Active(file):     254856 kB
2026-09-22T18:41:01.8180394Z Inactive(file):   799080 kB
2026-09-22T18:41:01.8180639Z Unevictable:           0 kB
2026-09-22T18:41:01.8180883Z Mlocked:               0 kB
2026-09-22T18:41:01.8181131Z SwapTotal:             0 kB
2026-09-22T18:41:01.8181405Z SwapFree:              0 kB
2026-09-22T18:41:01.8181661Z Zswap:                 0 kB
2026-09-22T18:41:01.8181903Z Zswapped:              0 kB
2026-09-22T18:41:01.8182146Z Dirty:            675580 kB
2026-09-22T18:41:01.8182393Z Writeback:             0 kB
2026-09-22T18:41:01.8182671Z AnonPages:        328364 kB
2026-09-22T18:41:01.8182945Z Mapped:           167256 kB
2026-09-22T18:41:01.8183184Z Shmem:             47060 kB
2026-09-22T18:41:01.8183429Z KReclaimable:      97596 kB
2026-09-22T18:41:01.8183673Z Slab:             765788 kB
2026-09-22T18:41:01.8183930Z SReclaimable:      97596 kB
2026-09-22T18:41:01.8184190Z SUnreclaim:       668192 kB
2026-09-22T18:41:01.8184459Z KernelStack:       19760 kB
2026-09-22T18:41:01.8184706Z PageTables:         6404 kB
2026-09-22T18:41:01.8184957Z SecPageTables:     17944 kB
2026-09-22T18:41:01.8185228Z NFS_Unstable:          0 kB
2026-09-22T18:41:01.8185491Z Bounce:                0 kB
2026-09-22T18:41:01.8185732Z WritebackTmp:          0 kB
2026-09-22T18:41:01.8186006Z CommitLimit:    98817348 kB
2026-09-22T18:41:01.8186268Z Committed_AS:    2791916 kB
2026-09-22T18:41:01.8186520Z VmallocTotal:   13743895347199 kB
2026-09-22T18:41:01.8186793Z VmallocUsed:       47568 kB
2026-09-22T18:41:01.8187062Z VmallocChunk:          0 kB
2026-09-22T18:41:01.8187298Z Percpu:           318336 kB
2026-09-22T18:41:01.8187605Z HardwareCorrupted:     0 kB
2026-09-22T18:41:01.8187858Z AnonHugePages:         0 kB
2026-09-22T18:41:01.8188113Z ShmemHugePages:        0 kB
2026-09-22T18:41:01.8188359Z ShmemPmdMapped:        0 kB
2026-09-22T18:41:01.8188593Z FileHugePages:    569344 kB
2026-09-22T18:41:01.8188875Z FilePmdMapped:         0 kB
2026-09-22T18:41:01.8189145Z CmaTotal:              0 kB
2026-09-22T18:41:01.8189390Z CmaFree:               0 kB
2026-09-22T18:41:01.8189928Z Unaccepted:            0 kB
2026-09-22T18:41:01.8190253Z Balloon:               0 kB
2026-09-22T18:41:01.8190530Z HugePages_Total:       0
2026-09-22T18:41:01.8190778Z HugePages_Free:        0
2026-09-22T18:41:01.8191077Z HugePages_Rsvd:        0
2026-09-22T18:41:01.8191318Z HugePages_Surp:        0
2026-09-22T18:41:01.8191552Z Hugepagesize:       2048 kB
2026-09-22T18:41:01.8191832Z Hugetlb:               0 kB
2026-09-22T18:41:01.8192073Z DirectMap4k:      127124 kB
2026-09-22T18:41:01.8192321Z DirectMap2M:     4917248 kB
2026-09-22T18:41:01.8192595Z DirectMap1G:    198180864 kB
2026-09-22T18:41:01.8192851Z === Block Devices ===
2026-09-22T18:41:01.8193393Z NAME         MAJ:MIN RM  SIZE RO TYPE MOUNTPOINTS
2026-09-22T18:41:01.8193816Z nvme0n1      259:0    0  100G  0 disk 
2026-09-22T18:41:01.8194296Z ├─nvme0n1p1  259:1    0   99G  0 part /
2026-09-22T18:41:01.8194921Z ├─nvme0n1p14 259:2    0    4M  0 part 
2026-09-22T18:41:01.8195210Z ├─nvme0n1p15 259:3    0  106M  0 part /boot/efi
2026-09-22T18:41:01.8195563Z └─nvme0n1p16 259:4    0  913M  0 part /boot
2026-09-22T18:41:01.8195943Z === Disk Usage ===
2026-09-22T18:41:01.8264234Z Filesystem      Type   Size  Used Avail Use% Mounted on
2026-09-22T18:41:01.8264569Z tmpfs           tmpfs   19G  2.5M   19G   1% /run
2026-09-22T18:41:01.8264903Z /dev/nvme0n1p1  ext4    96G   20G   77G  21% /
2026-09-22T18:41:01.8265272Z tmpfs           tmpfs   95G     0   95G   0% /dev/shm
2026-09-22T18:41:01.8265607Z tmpfs           tmpfs  5.0M     0  5.0M   0% /run/lock
2026-09-22T18:41:01.8265972Z tmpfs           tmpfs   95G     0   95G   0% /run/qemu
2026-09-22T18:41:01.8266282Z /dev/nvme0n1p16 ext4   881M   94M  726M  12% /boot
2026-09-22T18:41:01.8266584Z /dev/nvme0n1p15 vfat   105M  6.2M   99M   6% /boot/efi
2026-09-22T18:41:01.8266956Z === Mounts ===
2026-09-22T18:41:01.8275686Z /dev/nvme0n1p1 on / type ext4 (rw,relatime,discard,errors=remount-ro,commit=30)
2026-09-22T18:41:01.8276112Z /dev/nvme0n1p16 on /boot type ext4 (rw,relatime)
2026-09-22T18:41:01.8276708Z /dev/nvme0n1p15 on /boot/efi type vfat (rw,relatime,fmask=0077,dmask=0077,codepage=437,iocharset=iso8859-1,shortname=mixed,errors=remount-ro)
2026-09-22T18:41:01.8277238Z === NVMe Devices ===
2026-09-22T18:41:01.8285634Z crw------- 1 root root 241, 0 Sep 22 18:40 /dev/nvme0
2026-09-22T18:41:01.8285977Z brw-rw---- 1 root disk 259, 0 Sep 22 18:40 /dev/nvme0n1
2026-09-22T18:41:01.8286366Z brw-rw---- 1 root disk 259, 1 Sep 22 18:40 /dev/nvme0n1p1
2026-09-22T18:41:01.8286724Z brw-rw---- 1 root disk 259, 2 Sep 22 18:40 /dev/nvme0n1p14
2026-09-22T18:41:01.8287080Z brw-rw---- 1 root disk 259, 3 Sep 22 18:40 /dev/nvme0n1p15
2026-09-22T18:41:01.8287459Z brw-rw---- 1 root disk 259, 4 Sep 22 18:40 /dev/nvme0n1p16
2026-09-22T18:41:01.8586602Z ##[end-action id=__self_2.__run;outcome=success;conclusion=success;duration_ms=75]
2026-09-22T18:41:01.8769039Z ##[group]Run taiki-e/cache-cargo-install-action@66c9585ef5ca780ee69399975a5e911f47905995
2026-09-22T18:41:01.8769366Z with:
2026-09-22T18:41:01.8769534Z   tool: cargo-codspeed
2026-09-22T18:41:01.8769727Z   locked: true
2026-09-22T18:41:01.8769903Z   no-default-features: false
2026-09-22T18:41:01.8770098Z   all-features: false
2026-09-22T18:41:01.8770269Z env:
2026-09-22T18:41:01.8770432Z   CARGO_TERM_COLOR: always
2026-09-22T18:41:01.8770615Z   RUST_BACKTRACE: 1
2026-09-22T18:41:01.8770802Z   NIGHTLY_TOOLCHAIN: nightly-2026-09-10
2026-09-22T18:41:01.8771031Z   RUNNER_TOOL_CACHE: /opt/hostedtoolcache
2026-09-22T18:41:01.8771246Z   RUNS_ON_HOME: /runs-on
2026-09-22T18:41:01.8771433Z   RUNS_ON_VERSION: v3.3.0
2026-09-22T18:41:01.8771627Z   RUNS_ON_AGENT_BINARY: /runs-on/agent
2026-09-22T18:41:01.8771832Z   RUNS_ON_AGENT_ARCH: x64
2026-09-22T18:41:01.8772015Z   RUNS_ON_AGENT_USER: runner
2026-09-22T18:41:01.8772277Z   RUNS_ON_AMI_ID: ami-0d8875560af9e1401
2026-09-22T18:41:01.8772509Z   RUNS_ON_AWS_REGION: us-east-1
2026-09-22T18:41:01.8772707Z   RUNS_ON_AWS_AZ: us-east-1b
2026-09-22T18:41:01.8772914Z   RUNS_ON_ENV_CUSTOM_FILE: /runs-on/env.custom
2026-09-22T18:41:01.8773148Z   RUNS_ON_INSTANCE_ID: i-05b881343c6c288b6
2026-09-22T18:41:01.8773432Z   RUNS_ON_INSTANCE_LIFECYCLE: spot
2026-09-22T18:41:01.8773643Z   RUNS_ON_INSTANCE_TYPE: c7i.metal-24xl
2026-09-22T18:41:01.8773855Z   RUNS_ON_STACK_NAME: runs-on-v3
2026-09-22T18:41:01.8774105Z   RUNS_ON_S3_BUCKET_CACHE: runs-on-v3-s3bucketcache-dbnub4tpjhpv
2026-09-22T18:41:01.8774398Z   ACTIONS_RUNNER_HOOK_JOB_STARTED: /runs-on/pre.sh
2026-09-22T18:41:01.8774660Z   ACTIONS_RUNNER_HOOK_JOB_COMPLETED: /runs-on/post.sh
2026-09-22T18:41:01.8774916Z   GITHUB_SERVER_URL: https://github.com/
2026-09-22T18:41:01.8775155Z   GITHUB_API_URL: https://api.github.com/
2026-09-22T18:41:01.8775372Z   GITHUB_HOST: github.com
2026-09-22T18:41:01.8775609Z   RUNS_ON_RUNNER_NAME: runs-on--i-05b881343c6c288b6--e9667715-c
2026-09-22T18:41:01.8775894Z   RUNS_ON_INSTANCE_LAUNCHED_AT: 2026-09-22T18:39:59Z
2026-09-22T18:41:01.8776142Z   ACTIONS_CACHE_URL: http://10.1.23.154:6871/
2026-09-22T18:41:01.8776371Z   ACTIONS_CACHE_SERVICE_V2: true
2026-09-22T18:41:01.8776584Z   ACTIONS_RESULTS_URL: http://10.1.23.154:6871/
2026-09-22T18:41:01.8776888Z   RUNS_ON_S3_CACHE_REPO_PREFIX: cache/repo/vortex-data/vortex
2026-09-22T18:41:01.8777155Z   RUNS_ON_ACTION_COST_TRACKING_CLAIMED: true
2026-09-22T18:41:01.8777375Z   RUSTUP_TOOLCHAIN: 1.98.0
2026-09-22T18:41:01.8777564Z ##[endgroup]
2026-09-22T18:41:01.8783427Z ##[start-action display=Prepare (non-Windows);id=__taiki-e_cache-cargo-install-action.pre-unix]
2026-09-22T18:41:01.8794597Z ##[group]Run set -eu
2026-09-22T18:41:01.8794823Z [36;1mset -eu[0m
2026-09-22T18:41:01.8795025Z [36;1mif ! command -v bash >/dev/null; then[0m
2026-09-22T18:41:01.8795307Z [36;1m  if grep -Eq '^ID=alpine' /etc/os-release; then[0m
2026-09-22T18:41:01.8795691Z [36;1m    printf '::group::Install packages required for cache-cargo-install-action (bash)\n'[0m
2026-09-22T18:41:01.8796049Z [36;1m    # NB: sync with apk_install in pre.sh[0m
2026-09-22T18:41:01.8796308Z [36;1m    if command -v sudo >/dev/null; then[0m
2026-09-22T18:41:01.8796562Z [36;1m      sudo apk --no-cache add bash[0m
2026-09-22T18:41:01.8796821Z [36;1m    elif command -v doas >/dev/null; then[0m
2026-09-22T18:41:01.8797162Z [36;1m      doas apk --no-cache add bash[0m
2026-09-22T18:41:01.8797391Z [36;1m    else[0m
2026-09-22T18:41:01.8797579Z [36;1m      apk --no-cache add bash[0m
2026-09-22T18:41:01.8797793Z [36;1m    fi[0m
2026-09-22T18:41:01.8797982Z [36;1m    printf '::endgroup::\n'[0m
2026-09-22T18:41:01.8798191Z [36;1m  else[0m
2026-09-22T18:41:01.8798438Z [36;1m    printf '::error::cache-cargo-install-action requires bash\n'[0m
2026-09-22T18:41:01.8798733Z [36;1m    exit 1[0m
2026-09-22T18:41:01.8798913Z [36;1m  fi[0m
2026-09-22T18:41:01.8799081Z [36;1mfi[0m
2026-09-22T18:41:01.8799383Z [36;1mbash --noprofile --norc "${GITHUB_ACTION_PATH:?}/pre.sh"[0m
2026-09-22T18:41:01.8815083Z shell: /usr/bin/sh -e {0}
2026-09-22T18:41:01.8815296Z env:
2026-09-22T18:41:01.8815482Z   CARGO_TERM_COLOR: always
2026-09-22T18:41:01.8815684Z   RUST_BACKTRACE: 1
2026-09-22T18:41:01.8815899Z   NIGHTLY_TOOLCHAIN: nightly-2026-09-10
2026-09-22T18:41:01.8816140Z   RUNNER_TOOL_CACHE: /opt/hostedtoolcache
2026-09-22T18:41:01.8816371Z   RUNS_ON_HOME: /runs-on
2026-09-22T18:41:01.8816570Z   RUNS_ON_VERSION: v3.3.0
2026-09-22T18:41:01.8816779Z   RUNS_ON_AGENT_BINARY: /runs-on/agent
2026-09-22T18:41:01.8817024Z   RUNS_ON_AGENT_ARCH: x64
2026-09-22T18:41:01.8817227Z   RUNS_ON_AGENT_USER: runner
2026-09-22T18:41:01.8817433Z   RUNS_ON_AMI_ID: ami-0d8875560af9e1401
2026-09-22T18:41:01.8817657Z   RUNS_ON_AWS_REGION: us-east-1
2026-09-22T18:41:01.8817865Z   RUNS_ON_AWS_AZ: us-east-1b
2026-09-22T18:41:01.8818084Z   RUNS_ON_ENV_CUSTOM_FILE: /runs-on/env.custom
2026-09-22T18:41:01.8818330Z   RUNS_ON_INSTANCE_ID: i-05b881343c6c288b6
2026-09-22T18:41:01.8818566Z   RUNS_ON_INSTANCE_LIFECYCLE: spot
2026-09-22T18:41:01.8818791Z   RUNS_ON_INSTANCE_TYPE: c7i.metal-24xl
2026-09-22T18:41:01.8819015Z   RUNS_ON_STACK_NAME: runs-on-v3
2026-09-22T18:41:01.8819278Z   RUNS_ON_S3_BUCKET_CACHE: runs-on-v3-s3bucketcache-dbnub4tpjhpv
2026-09-22T18:41:01.8819658Z   ACTIONS_RUNNER_HOOK_JOB_STARTED: /runs-on/pre.sh
2026-09-22T18:41:01.8819950Z   ACTIONS_RUNNER_HOOK_JOB_COMPLETED: /runs-on/post.sh
2026-09-22T18:41:01.8820226Z   GITHUB_SERVER_URL: https://github.com/
2026-09-22T18:41:01.8820478Z   GITHUB_API_URL: https://api.github.com/
2026-09-22T18:41:01.8820710Z   GITHUB_HOST: github.com
2026-09-22T18:41:01.8820958Z   RUNS_ON_RUNNER_NAME: runs-on--i-05b881343c6c288b6--e9667715-c
2026-09-22T18:41:01.8821256Z   RUNS_ON_INSTANCE_LAUNCHED_AT: 2026-09-22T18:39:59Z
2026-09-22T18:41:01.8821525Z   ACTIONS_CACHE_URL: http://10.1.23.154:6871/
2026-09-22T18:41:01.8821770Z   ACTIONS_CACHE_SERVICE_V2: true
2026-09-22T18:41:01.8821997Z   ACTIONS_RESULTS_URL: http://10.1.23.154:6871/
2026-09-22T18:41:01.8822287Z   RUNS_ON_S3_CACHE_REPO_PREFIX: cache/repo/vortex-data/vortex
2026-09-22T18:41:01.8822560Z   RUNS_ON_ACTION_COST_TRACKING_CLAIMED: true
2026-09-22T18:41:01.8822792Z   RUSTUP_TOOLCHAIN: 1.98.0
2026-09-22T18:41:01.8823004Z   INPUT_TOOL: cargo-codspeed
2026-09-22T18:41:01.8823230Z   INPUT_LOCKED: true
2026-09-22T18:41:01.8823439Z   INPUT_GIT: 
2026-09-22T18:41:01.8823673Z   INPUT_TAG: 
2026-09-22T18:41:01.8823848Z   INPUT_REV: 
2026-09-22T18:41:01.8824019Z   INPUT_FEATURES: 
2026-09-22T18:41:01.8824213Z   INPUT_NO_DEFAULT_FEATURES: false
2026-09-22T18:41:01.8824433Z   INPUT_ALL_FEATURES: false
2026-09-22T18:41:01.8824786Z   ACTION_USER_AGENT: taiki-e/cache-cargo-install-action (66c9585ef5ca780ee69399975a5e911f47905995)
2026-09-22T18:41:01.8825139Z ##[endgroup]
2026-09-22T18:41:01.9762418Z ##[end-action id=__taiki-e_cache-cargo-install-action.pre-unix;outcome=success;conclusion=success;duration_ms=97]
2026-09-22T18:41:01.9765554Z ##[start-action display=Prepare (Windows);id=__taiki-e_cache-cargo-install-action.pre-windows]
2026-09-22T18:41:01.9768443Z ##[end-action id=__taiki-e_cache-cargo-install-action.pre-windows;outcome=skipped;conclusion=skipped;duration_ms=0]
2026-09-22T18:41:01.9769850Z ##[start-action display=Restore Cache;id=__taiki-e_cache-cargo-install-action.cache]
2026-09-22T18:41:01.9799642Z ##[group]Run actions/cache@668228422ae6a00e4ad889ee87cd7109ec5666a7
2026-09-22T18:41:01.9799924Z with:
2026-09-22T18:41:01.9800126Z   path: /opt/hostedtoolcache/cargo-codspeed/bin
2026-09-22T18:41:01.9800574Z   key: cargo-codspeed-5.0.2-x86_64-linux-gnu-2.39-features-default-no-default-features-false-all-features-false
2026-09-22T18:41:01.9800990Z   enableCrossOsArchive: false
2026-09-22T18:41:01.9801201Z   fail-on-cache-miss: false
2026-09-22T18:41:01.9801399Z   lookup-only: false
2026-09-22T18:41:01.9801586Z   save-always: false
2026-09-22T18:41:01.9801752Z env:
2026-09-22T18:41:01.9801915Z   CARGO_TERM_COLOR: always
2026-09-22T18:41:01.9802100Z   RUST_BACKTRACE: 1
2026-09-22T18:41:01.9802287Z   NIGHTLY_TOOLCHAIN: nightly-2026-09-10
2026-09-22T18:41:01.9802644Z   RUNNER_TOOL_CACHE: /opt/hostedtoolcache
2026-09-22T18:41:01.9802885Z   RUNS_ON_HOME: /runs-on
2026-09-22T18:41:01.9803080Z   RUNS_ON_VERSION: v3.3.0
2026-09-22T18:41:01.9803285Z   RUNS_ON_AGENT_BINARY: /runs-on/agent
2026-09-22T18:41:01.9803510Z   RUNS_ON_AGENT_ARCH: x64
2026-09-22T18:41:01.9803702Z   RUNS_ON_AGENT_USER: runner
2026-09-22T18:41:01.9803909Z   RUNS_ON_AMI_ID: ami-0d8875560af9e1401
2026-09-22T18:41:01.9804138Z   RUNS_ON_AWS_REGION: us-east-1
2026-09-22T18:41:01.9804339Z   RUNS_ON_AWS_AZ: us-east-1b
2026-09-22T18:41:01.9804547Z   RUNS_ON_ENV_CUSTOM_FILE: /runs-on/env.custom
2026-09-22T18:41:01.9804792Z   RUNS_ON_INSTANCE_ID: i-05b881343c6c288b6
2026-09-22T18:41:01.9805019Z   RUNS_ON_INSTANCE_LIFECYCLE: spot
2026-09-22T18:41:01.9805240Z   RUNS_ON_INSTANCE_TYPE: c7i.metal-24xl
2026-09-22T18:41:01.9805466Z   RUNS_ON_STACK_NAME: runs-on-v3
2026-09-22T18:41:01.9805730Z   RUNS_ON_S3_BUCKET_CACHE: runs-on-v3-s3bucketcache-dbnub4tpjhpv
2026-09-22T18:41:01.9806076Z   ACTIONS_RUNNER_HOOK_JOB_STARTED: /runs-on/pre.sh
2026-09-22T18:41:01.9806354Z   ACTIONS_RUNNER_HOOK_JOB_COMPLETED: /runs-on/post.sh
2026-09-22T18:41:01.9806626Z   GITHUB_SERVER_URL: https://github.com/
2026-09-22T18:41:01.9806954Z   GITHUB_API_URL: https://api.github.com/
2026-09-22T18:41:01.9807187Z   GITHUB_HOST: github.com
2026-09-22T18:41:01.9807437Z   RUNS_ON_RUNNER_NAME: runs-on--i-05b881343c6c288b6--e9667715-c
2026-09-22T18:41:01.9807740Z   RUNS_ON_INSTANCE_LAUNCHED_AT: 2026-09-22T18:39:59Z
2026-09-22T18:41:01.9807997Z   ACTIONS_CACHE_URL: http://10.1.23.154:6871/
2026-09-22T18:41:01.9808242Z   ACTIONS_CACHE_SERVICE_V2: true
2026-09-22T18:41:01.9808465Z   ACTIONS_RESULTS_URL: http://10.1.23.154:6871/
2026-09-22T18:41:01.9808752Z   RUNS_ON_S3_CACHE_REPO_PREFIX: cache/repo/vortex-data/vortex
2026-09-22T18:41:01.9809034Z   RUNS_ON_ACTION_COST_TRACKING_CLAIMED: true
2026-09-22T18:41:01.9809264Z   RUSTUP_TOOLCHAIN: 1.98.0
2026-09-22T18:41:01.9809462Z ##[endgroup]
2026-09-22T18:41:02.1851388Z Cache hit for: cargo-codspeed-5.0.2-x86_64-linux-gnu-2.39-features-default-no-default-features-false-all-features-false
2026-09-22T18:41:02.2517218Z Cache Size: ~1 MB (965444 B)
2026-09-22T18:41:02.2528694Z [command]/usr/bin/tar -xf /home/runner/_work/_temp/dc1f9d76-7852-4b52-ba0f-804fb1d492a6/cache.tzst -P -C /home/runner/_work/vortex/vortex --use-compress-program unzstd
2026-09-22T18:41:02.2638163Z Cache restored successfully
2026-09-22T18:41:02.3299392Z Cache restored from key: cargo-codspeed-5.0.2-x86_64-linux-gnu-2.39-features-default-no-default-features-false-all-features-false
2026-09-22T18:41:02.3343430Z ##[end-action id=__taiki-e_cache-cargo-install-action.cache;outcome=success;conclusion=success;duration_ms=357]
2026-09-22T18:41:02.3353127Z ##[start-action display=Install cargo-codspeed (non-Windows);id=__taiki-e_cache-cargo-install-action.__run]
2026-09-22T18:41:02.3357013Z ##[end-action id=__taiki-e_cache-cargo-install-action.__run;outcome=skipped;conclusion=skipped;duration_ms=0]
2026-09-22T18:41:02.3360587Z ##[start-action display=Install cargo-codspeed (Windows);id=__taiki-e_cache-cargo-install-action.__run_2]
2026-09-22T18:41:02.3363990Z ##[end-action id=__taiki-e_cache-cargo-install-action.__run_2;outcome=skipped;conclusion=skipped;duration_ms=0]
2026-09-22T18:41:02.3394936Z ##[group]Run actions/download-artifact@3e5f45b2cfb9172054b4087a40e8e0b5a5461e7c
2026-09-22T18:41:02.3395261Z with:
2026-09-22T18:41:02.3395463Z   name: codspeed-cpu-benchmarks-avx2
2026-09-22T18:41:02.3395710Z   merge-multiple: false
2026-09-22T18:41:02.3395921Z   repository: vortex-data/vortex
2026-09-22T18:41:02.3396135Z   run-id: 35768383383
2026-09-22T18:41:02.3396337Z   skip-decompress: false
2026-09-22T18:41:02.3396538Z   digest-mismatch: error
2026-09-22T18:41:02.3396724Z env:
2026-09-22T18:41:02.3396955Z   CARGO_TERM_COLOR: always
2026-09-22T18:41:02.3397150Z   RUST_BACKTRACE: 1
2026-09-22T18:41:02.3397339Z   NIGHTLY_TOOLCHAIN: nightly-2026-09-10
2026-09-22T18:41:02.3397582Z   RUNNER_TOOL_CACHE: /opt/hostedtoolcache
2026-09-22T18:41:02.3397806Z   RUNS_ON_HOME: /runs-on
2026-09-22T18:41:02.3397993Z   RUNS_ON_VERSION: v3.3.0
2026-09-22T18:41:02.3398206Z   RUNS_ON_AGENT_BINARY: /runs-on/agent
2026-09-22T18:41:02.3398425Z   RUNS_ON_AGENT_ARCH: x64
2026-09-22T18:41:02.3398650Z   RUNS_ON_AGENT_USER: runner
2026-09-22T18:41:02.3398859Z   RUNS_ON_AMI_ID: ami-0d8875560af9e1401
2026-09-22T18:41:02.3399077Z   RUNS_ON_AWS_REGION: us-east-1
2026-09-22T18:41:02.3399280Z   RUNS_ON_AWS_AZ: us-east-1b
2026-09-22T18:41:02.3399494Z   RUNS_ON_ENV_CUSTOM_FILE: /runs-on/env.custom
2026-09-22T18:41:02.3399739Z   RUNS_ON_INSTANCE_ID: i-05b881343c6c288b6
2026-09-22T18:41:02.3399979Z   RUNS_ON_INSTANCE_LIFECYCLE: spot
2026-09-22T18:41:02.3400202Z   RUNS_ON_INSTANCE_TYPE: c7i.metal-24xl
2026-09-22T18:41:02.3400419Z   RUNS_ON_STACK_NAME: runs-on-v3
2026-09-22T18:41:02.3400684Z   RUNS_ON_S3_BUCKET_CACHE: runs-on-v3-s3bucketcache-dbnub4tpjhpv
2026-09-22T18:41:02.3400983Z   ACTIONS_RUNNER_HOOK_JOB_STARTED: /runs-on/pre.sh
2026-09-22T18:41:02.3401251Z   ACTIONS_RUNNER_HOOK_JOB_COMPLETED: /runs-on/post.sh
2026-09-22T18:41:02.3401525Z   GITHUB_SERVER_URL: https://github.com/
2026-09-22T18:41:02.3401764Z   GITHUB_API_URL: https://api.github.com/
2026-09-22T18:41:02.3401986Z   GITHUB_HOST: github.com
2026-09-22T18:41:02.3402311Z   RUNS_ON_RUNNER_NAME: runs-on--i-05b881343c6c288b6--e9667715-c
2026-09-22T18:41:02.3402605Z   RUNS_ON_INSTANCE_LAUNCHED_AT: 2026-09-22T18:39:59Z
2026-09-22T18:41:02.3402870Z   ACTIONS_CACHE_URL: http://10.1.23.154:6871/
2026-09-22T18:41:02.3403108Z   ACTIONS_CACHE_SERVICE_V2: true
2026-09-22T18:41:02.3403328Z   ACTIONS_RESULTS_URL: http://10.1.23.154:6871/
2026-09-22T18:41:02.3403609Z   RUNS_ON_S3_CACHE_REPO_PREFIX: cache/repo/vortex-data/vortex
2026-09-22T18:41:02.3403893Z   RUNS_ON_ACTION_COST_TRACKING_CLAIMED: true
2026-09-22T18:41:02.3404123Z   RUSTUP_TOOLCHAIN: 1.98.0
2026-09-22T18:41:02.3404320Z ##[endgroup]
2026-09-22T18:41:02.4413734Z Downloading single artifact
2026-09-22T18:41:02.5143423Z Preparing to download the following artifacts:
2026-09-22T18:41:02.5144017Z - codspeed-cpu-benchmarks-avx2 (ID: 10713246730, Size: 515045277, Expected Digest: sha256:1c3934fd4ad3f7ac9613621d7047a734529d64b63e4b30aac817b30f73e06bf0)
2026-09-22T18:41:02.6311446Z Redirecting to blob download url: https://productionresultssa2.blob.core.windows.net/actions-results/8a08154d-960c-45d6-9be0-c172626f35bc/workflow-job-run-1331f994-c35a-5e7e-9cbf-545c8844814e/artifacts/6ea30261599b3005782fd3e941f59f4860b3d5b4da8aee04f15d92f964bf86dd.zip
2026-09-22T18:41:02.6312334Z Starting download of artifact to: /home/runner/_work/vortex/vortex
2026-09-22T18:41:02.7207250Z (node:2702) [DEP0005] DeprecationWarning: Buffer() is deprecated due to security and usability issues. Please use the Buffer.alloc(), Buffer.allocUnsafe(), or Buffer.from() methods instead.
2026-09-22T18:41:02.7208006Z (Use `node --trace-deprecation ...` to show where the warning was created)
2026-09-22T18:41:12.2806133Z SHA256 digest of downloaded artifact is 1c3934fd4ad3f7ac9613621d7047a734529d64b63e4b30aac817b30f73e06bf0
2026-09-22T18:41:12.2807151Z Artifact download completed successfully.
2026-09-22T18:41:12.2807465Z Total of 1 artifact(s) downloaded
2026-09-22T18:41:12.2808737Z Download artifact has finished successfully
2026-09-22T18:41:12.2898235Z ##[group]Run mkdir -p target
2026-09-22T18:41:12.2898489Z [36;1mmkdir -p target[0m
2026-09-22T18:41:12.2898754Z [36;1mtar -C target -xf codspeed-cpu-benchmarks.tar[0m
2026-09-22T18:41:12.2921959Z shell: /usr/bin/bash -e {0}
2026-09-22T18:41:12.2922193Z env:
2026-09-22T18:41:12.2922396Z   CARGO_TERM_COLOR: always
2026-09-22T18:41:12.2922609Z   RUST_BACKTRACE: 1
2026-09-22T18:41:12.2922820Z   NIGHTLY_TOOLCHAIN: nightly-2026-09-10
2026-09-22T18:41:12.2923081Z   RUNNER_TOOL_CACHE: /opt/hostedtoolcache
2026-09-22T18:41:12.2923320Z   RUNS_ON_HOME: /runs-on
2026-09-22T18:41:12.2923529Z   RUNS_ON_VERSION: v3.3.0
2026-09-22T18:41:12.2923745Z   RUNS_ON_AGENT_BINARY: /runs-on/agent
2026-09-22T18:41:12.2923979Z   RUNS_ON_AGENT_ARCH: x64
2026-09-22T18:41:12.2924186Z   RUNS_ON_AGENT_USER: runner
2026-09-22T18:41:12.2924401Z   RUNS_ON_AMI_ID: ami-0d8875560af9e1401
2026-09-22T18:41:12.2924643Z   RUNS_ON_AWS_REGION: us-east-1
2026-09-22T18:41:12.2924859Z   RUNS_ON_AWS_AZ: us-east-1b
2026-09-22T18:41:12.2925137Z   RUNS_ON_ENV_CUSTOM_FILE: /runs-on/env.custom
2026-09-22T18:41:12.2925397Z   RUNS_ON_INSTANCE_ID: i-05b881343c6c288b6
2026-09-22T18:41:12.2925642Z   RUNS_ON_INSTANCE_LIFECYCLE: spot
2026-09-22T18:41:12.2925885Z   RUNS_ON_INSTANCE_TYPE: c7i.metal-24xl
2026-09-22T18:41:12.2926123Z   RUNS_ON_STACK_NAME: runs-on-v3
2026-09-22T18:41:12.2926404Z   RUNS_ON_S3_BUCKET_CACHE: runs-on-v3-s3bucketcache-dbnub4tpjhpv
2026-09-22T18:41:12.2926732Z   ACTIONS_RUNNER_HOOK_JOB_STARTED: /runs-on/pre.sh
2026-09-22T18:41:12.2927048Z   ACTIONS_RUNNER_HOOK_JOB_COMPLETED: /runs-on/post.sh
2026-09-22T18:41:12.2927334Z   GITHUB_SERVER_URL: https://github.com/
2026-09-22T18:41:12.2927600Z   GITHUB_API_URL: https://api.github.com/
2026-09-22T18:41:12.2927835Z   GITHUB_HOST: github.com
2026-09-22T18:41:12.2928092Z   RUNS_ON_RUNNER_NAME: runs-on--i-05b881343c6c288b6--e9667715-c
2026-09-22T18:41:12.2928433Z   RUNS_ON_INSTANCE_LAUNCHED_AT: 2026-09-22T18:39:59Z
2026-09-22T18:41:12.2928706Z   ACTIONS_CACHE_URL: http://10.1.23.154:6871/
2026-09-22T18:41:12.2929074Z   ACTIONS_CACHE_SERVICE_V2: true
2026-09-22T18:41:12.2929327Z   ACTIONS_RESULTS_URL: http://10.1.23.154:6871/
2026-09-22T18:41:12.2929622Z   RUNS_ON_S3_CACHE_REPO_PREFIX: cache/repo/vortex-data/vortex
2026-09-22T18:41:12.2929911Z   RUNS_ON_ACTION_COST_TRACKING_CLAIMED: true
2026-09-22T18:41:12.2930161Z   RUSTUP_TOOLCHAIN: 1.98.0
2026-09-22T18:41:12.2930366Z ##[endgroup]
2026-09-22T18:41:13.4587605Z ##[group]Run sudo bash scripts/setup-benchmark.sh
2026-09-22T18:41:13.4587926Z [36;1msudo bash scripts/setup-benchmark.sh[0m
2026-09-22T18:41:13.4609241Z shell: /usr/bin/bash -e {0}
2026-09-22T18:41:13.4609486Z env:
2026-09-22T18:41:13.4609676Z   CARGO_TERM_COLOR: always
2026-09-22T18:41:13.4609906Z   RUST_BACKTRACE: 1
2026-09-22T18:41:13.4610122Z   NIGHTLY_TOOLCHAIN: nightly-2026-09-10
2026-09-22T18:41:13.4610417Z   RUNNER_TOOL_CACHE: /opt/hostedtoolcache
2026-09-22T18:41:13.4610655Z   RUNS_ON_HOME: /runs-on
2026-09-22T18:41:13.4610868Z   RUNS_ON_VERSION: v3.3.0
2026-09-22T18:41:13.4611091Z   RUNS_ON_AGENT_BINARY: /runs-on/agent
2026-09-22T18:41:13.4611321Z   RUNS_ON_AGENT_ARCH: x64
2026-09-22T18:41:13.4611535Z   RUNS_ON_AGENT_USER: runner
2026-09-22T18:41:13.4611750Z   RUNS_ON_AMI_ID: ami-0d8875560af9e1401
2026-09-22T18:41:13.4611980Z   RUNS_ON_AWS_REGION: us-east-1
2026-09-22T18:41:13.4612206Z   RUNS_ON_AWS_AZ: us-east-1b
2026-09-22T18:41:13.4612459Z   RUNS_ON_ENV_CUSTOM_FILE: /runs-on/env.custom
2026-09-22T18:41:13.4612715Z   RUNS_ON_INSTANCE_ID: i-05b881343c6c288b6
2026-09-22T18:41:13.4612955Z   RUNS_ON_INSTANCE_LIFECYCLE: spot
2026-09-22T18:41:13.4613190Z   RUNS_ON_INSTANCE_TYPE: c7i.metal-24xl
2026-09-22T18:41:13.4613422Z   RUNS_ON_STACK_NAME: runs-on-v3
2026-09-22T18:41:13.4613697Z   RUNS_ON_S3_BUCKET_CACHE: runs-on-v3-s3bucketcache-dbnub4tpjhpv
2026-09-22T18:41:13.4614020Z   ACTIONS_RUNNER_HOOK_JOB_STARTED: /runs-on/pre.sh
2026-09-22T18:41:13.4614307Z   ACTIONS_RUNNER_HOOK_JOB_COMPLETED: /runs-on/post.sh
2026-09-22T18:41:13.4614588Z   GITHUB_SERVER_URL: https://github.com/
2026-09-22T18:41:13.4614851Z   GITHUB_API_URL: https://api.github.com/
2026-09-22T18:41:13.4615086Z   GITHUB_HOST: github.com
2026-09-22T18:41:13.4615346Z   RUNS_ON_RUNNER_NAME: runs-on--i-05b881343c6c288b6--e9667715-c
2026-09-22T18:41:13.4615647Z   RUNS_ON_INSTANCE_LAUNCHED_AT: 2026-09-22T18:39:59Z
2026-09-22T18:41:13.4615926Z   ACTIONS_CACHE_URL: http://10.1.23.154:6871/
2026-09-22T18:41:13.4616176Z   ACTIONS_CACHE_SERVICE_V2: true
2026-09-22T18:41:13.4616415Z   ACTIONS_RESULTS_URL: http://10.1.23.154:6871/
2026-09-22T18:41:13.4616716Z   RUNS_ON_S3_CACHE_REPO_PREFIX: cache/repo/vortex-data/vortex
2026-09-22T18:41:13.4617034Z   RUNS_ON_ACTION_COST_TRACKING_CLAIMED: true
2026-09-22T18:41:13.4617273Z   RUSTUP_TOOLCHAIN: 1.98.0
2026-09-22T18:41:13.4617487Z ##[endgroup]
2026-09-22T18:41:13.4735328Z + '[' 0 -ne 0 ']'
2026-09-22T18:41:13.4735748Z + sysfs_write /sys/devices/system/cpu/intel_pstate/no_turbo 1
2026-09-22T18:41:13.4736072Z + [[ -n 1 ]]
2026-09-22T18:41:13.4736304Z + [[ -w /sys/devices/system/cpu/intel_pstate/no_turbo ]]
2026-09-22T18:41:13.4736588Z + echo 1
2026-09-22T18:41:13.4799093Z + sysfs_write /sys/devices/system/cpu/cpufreq/boost 0
2026-09-22T18:41:13.4799465Z + [[ -n 0 ]]
2026-09-22T18:41:13.4799724Z + [[ -w /sys/devices/system/cpu/cpufreq/boost ]]
2026-09-22T18:41:13.4800005Z + true
2026-09-22T18:41:13.4800279Z + for policy in /sys/devices/system/cpu/cpufreq/policy*
2026-09-22T18:41:13.4800725Z + sysfs_write /sys/devices/system/cpu/cpufreq/policy0/scaling_governor performance
2026-09-22T18:41:13.4801115Z + [[ -n performance ]]
2026-09-22T18:41:13.4801445Z + [[ -w /sys/devices/system/cpu/cpufreq/policy0/scaling_governor ]]
2026-09-22T18:41:13.4801789Z + echo performance
2026-09-22T18:41:13.4804212Z ++ cat /sys/devices/system/cpu/cpufreq/policy0/scaling_max_freq
2026-09-22T18:41:13.4816052Z + sysfs_write /sys/devices/system/cpu/cpufreq/policy0/scaling_min_freq 2400000
2026-09-22T18:41:13.4816549Z + [[ -n 2400000 ]]
2026-09-22T18:41:13.4816963Z + [[ -w /sys/devices/system/cpu/cpufreq/policy0/scaling_min_freq ]]
2026-09-22T18:41:13.4817644Z + echo 2400000
2026-09-22T18:41:13.4817990Z + for policy in /sys/devices/system/cpu/cpufreq/policy*
2026-09-22T18:41:13.4818540Z + sysfs_write /sys/devices/system/cpu/cpufreq/policy1/scaling_governor performance
2026-09-22T18:41:13.4819037Z + [[ -n performance ]]
2026-09-22T18:41:13.4819426Z + [[ -w /sys/devices/system/cpu/cpufreq/policy1/scaling_governor ]]
2026-09-22T18:41:13.4819997Z + echo performance
2026-09-22T18:41:13.4820361Z ++ cat /sys/devices/system/cpu/cpufreq/policy1/scaling_max_freq
2026-09-22T18:41:13.4831674Z + sysfs_write /sys/devices/system/cpu/cpufreq/policy1/scaling_min_freq 2400000
2026-09-22T18:41:13.4832161Z + [[ -n 2400000 ]]
2026-09-22T18:41:13.4832518Z + [[ -w /sys/devices/system/cpu/cpufreq/policy1/scaling_min_freq ]]
2026-09-22T18:41:13.4832938Z + echo 2400000
2026-09-22T18:41:13.4833268Z + for policy in /sys/devices/system/cpu/cpufreq/policy*
2026-09-22T18:41:13.4833809Z + sysfs_write /sys/devices/system/cpu/cpufreq/policy10/scaling_governor performance
2026-09-22T18:41:13.4834311Z + [[ -n performance ]]
2026-09-22T18:41:13.4834704Z + [[ -w /sys/devices/system/cpu/cpufreq/policy10/scaling_governor ]]
2026-09-22T18:41:13.4835119Z + echo performance
2026-09-22T18:41:13.4835859Z ++ cat /sys/devices/system/cpu/cpufreq/policy10/scaling_max_freq
2026-09-22T18:41:13.4847537Z + sysfs_write /sys/devices/system/cpu/cpufreq/policy10/scaling_min_freq 2400000
2026-09-22T18:41:13.4848012Z + [[ -n 2400000 ]]
2026-09-22T18:41:13.4848385Z + [[ -w /sys/devices/system/cpu/cpufreq/policy10/scaling_min_freq ]]
2026-09-22T18:41:13.4848799Z + echo 2400000
2026-09-22T18:41:13.4849132Z + for policy in /sys/devices/system/cpu/cpufreq/policy*
2026-09-22T18:41:13.4849663Z + sysfs_write /sys/devices/system/cpu/cpufreq/policy11/scaling_governor performance
2026-09-22T18:41:13.4850163Z + [[ -n performance ]]
2026-09-22T18:41:13.4850546Z + [[ -w /sys/devices/system/cpu/cpufreq/policy11/scaling_governor ]]
2026-09-22T18:41:13.4850958Z + echo performance
2026-09-22T18:41:13.4851337Z ++ cat /sys/devices/system/cpu/cpufreq/policy11/scaling_max_freq
2026-09-22T18:41:13.4861786Z + sysfs_write /sys/devices/system/cpu/cpufreq/policy11/scaling_min_freq 2400000
2026-09-22T18:41:13.4862254Z + [[ -n 2400000 ]]
2026-09-22T18:41:13.4862629Z + [[ -w /sys/devices/system/cpu/cpufreq/policy11/scaling_min_freq ]]
2026-09-22T18:41:13.4863042Z + echo 2400000
2026-09-22T18:41:13.4863383Z + for policy in /sys/devices/system/cpu/cpufreq/policy*
2026-09-22T18:41:13.4863932Z + sysfs_write /sys/devices/system/cpu/cpufreq/policy12/scaling_governor performance
2026-09-22T18:41:13.4864425Z + [[ -n performance ]]
2026-09-22T18:41:13.4864806Z + [[ -w /sys/devices/system/cpu/cpufreq/policy12/scaling_governor ]]
2026-09-22T18:41:13.4865229Z + echo performance
2026-09-22T18:41:13.4865904Z ++ cat /sys/devices/system/cpu/cpufreq/policy12/scaling_max_freq
2026-09-22T18:41:13.4877231Z + sysfs_write /sys/devices/system/cpu/cpufreq/policy12/scaling_min_freq 2400000
2026-09-22T18:41:13.4877743Z + [[ -n 2400000 ]]
2026-09-22T18:41:13.4878181Z + [[ -w /sys/devices/system/cpu/cpufreq/policy12/scaling_min_freq ]]
2026-09-22T18:41:13.4878620Z + echo 2400000
2026-09-22T18:41:13.4878975Z + for policy in /sys/devices/system/cpu/cpufreq/policy*
2026-09-22T18:41:13.4879545Z + sysfs_write /sys/devices/system/cpu/cpufreq/policy13/scaling_governor performance
2026-09-22T18:41:13.4880058Z + [[ -n performance ]]
2026-09-22T18:41:13.4880473Z + [[ -w /sys/devices/system/cpu/cpufreq/policy13/scaling_governor ]]
2026-09-22T18:41:13.4880912Z + echo performance
2026-09-22T18:41:13.4881286Z ++ cat /sys/devices/system/cpu/cpufreq/policy13/scaling_max_freq
2026-09-22T18:41:13.4892935Z + sysfs_write /sys/devices/system/cpu/cpufreq/policy13/scaling_min_freq 2400000
2026-09-22T18:41:13.4893437Z + [[ -n 2400000 ]]
2026-09-22T18:41:13.4893804Z + [[ -w /sys/devices/system/cpu/cpufreq/policy13/scaling_min_freq ]]
2026-09-22T18:41:13.4894220Z + echo 2400000
2026-09-22T18:41:13.4894566Z + for policy in /sys/devices/system/cpu/cpufreq/policy*
2026-09-22T18:41:13.4895341Z + sysfs_write /sys/devices/system/cpu/cpufreq/policy14/scaling_governor performance
2026-09-22T18:41:13.4895839Z + [[ -n performance ]]
2026-09-22T18:41:13.4896223Z + [[ -w /sys/devices/system/cpu/cpufreq/policy14/scaling_governor ]]
2026-09-22T18:41:13.4896654Z + echo performance
2026-09-22T18:41:13.4898467Z ++ cat /sys/devices/system/cpu/cpufreq/policy14/scaling_max_freq
2026-09-22T18:41:13.4908709Z + sysfs_write /sys/devices/system/cpu/cpufreq/policy14/scaling_min_freq 2400000
2026-09-22T18:41:13.4909195Z + [[ -n 2400000 ]]
2026-09-22T18:41:13.4909560Z + [[ -w /sys/devices/system/cpu/cpufreq/policy14/scaling_min_freq ]]
2026-09-22T18:41:13.4909970Z + echo 2400000
2026-09-22T18:41:13.4910318Z + for policy in /sys/devices/system/cpu/cpufreq/policy*
2026-09-22T18:41:13.4910858Z + sysfs_write /sys/devices/system/cpu/cpufreq/policy15/scaling_governor performance
2026-09-22T18:41:13.4911346Z + [[ -n performance ]]
2026-09-22T18:41:13.4911733Z + [[ -w /sys/devices/system/cpu/cpufreq/policy15/scaling_governor ]]
2026-09-22T18:41:13.4912155Z + echo performance
2026-09-22T18:41:13.4913262Z ++ cat /sys/devices/system/cpu/cpufreq/policy15/scaling_max_freq
2026-09-22T18:41:13.4923463Z + sysfs_write /sys/devices/system/cpu/cpufreq/policy15/scaling_min_freq 2400000
2026-09-22T18:41:13.4923934Z + [[ -n 2400000 ]]
2026-09-22T18:41:13.4924298Z + [[ -w /sys/devices/system/cpu/cpufreq/policy15/scaling_min_freq ]]
2026-09-22T18:41:13.4924717Z + echo 2400000
2026-09-22T18:41:13.4925048Z + for policy in /sys/devices/system/cpu/cpufreq/policy*
2026-09-22T18:41:13.4925596Z + sysfs_write /sys/devices/system/cpu/cpufreq/policy16/scaling_governor performance
2026-09-22T18:41:13.4926090Z + [[ -n performance ]]
2026-09-22T18:41:13.4926471Z + [[ -w /sys/devices/system/cpu/cpufreq/policy16/scaling_governor ]]
2026-09-22T18:41:13.4926920Z + echo performance
2026-09-22T18:41:13.4928264Z ++ cat /sys/devices/system/cpu/cpufreq/policy16/scaling_max_freq
2026-09-22T18:41:13.4939918Z + sysfs_write /sys/devices/system/cpu/cpufreq/policy16/scaling_min_freq 2400000
2026-09-22T18:41:13.4940407Z + [[ -n 2400000 ]]
2026-09-22T18:41:13.4940779Z + [[ -w /sys/devices/system/cpu/cpufreq/policy16/scaling_min_freq ]]
2026-09-22T18:41:13.4941197Z + echo 2400000
2026-09-22T18:41:13.4941524Z + for policy in /sys/devices/system/cpu/cpufreq/policy*
2026-09-22T18:41:13.4942066Z + sysfs_write /sys/devices/system/cpu/cpufreq/policy17/scaling_governor performance
2026-09-22T18:41:13.4942572Z + [[ -n performance ]]
2026-09-22T18:41:13.4942956Z + [[ -w /sys/devices/system/cpu/cpufreq/policy17/scaling_governor ]]
2026-09-22T18:41:13.4943378Z + echo performance
2026-09-22T18:41:13.4944715Z ++ cat /sys/devices/system/cpu/cpufreq/policy17/scaling_max_freq
2026-09-22T18:41:13.4954710Z + sysfs_write /sys/devices/system/cpu/cpufreq/policy17/scaling_min_freq 2400000
2026-09-22T18:41:13.4955184Z + [[ -n 2400000 ]]
2026-09-22T18:41:13.4955547Z + [[ -w /sys/devices/system/cpu/cpufreq/policy17/scaling_min_freq ]]
2026-09-22T18:41:13.4955955Z + echo 2400000
2026-09-22T18:41:13.4956280Z + for policy in /sys/devices/system/cpu/cpufreq/policy*
2026-09-22T18:41:13.4956814Z + sysfs_write /sys/devices/system/cpu/cpufreq/policy18/scaling_governor performance
2026-09-22T18:41:13.4957329Z + [[ -n performance ]]
2026-09-22T18:41:13.4957706Z + [[ -w /sys/devices/system/cpu/cpufreq/policy18/scaling_governor ]]
2026-09-22T18:41:13.4958133Z + echo performance
2026-09-22T18:41:13.4959900Z ++ cat /sys/devices/system/cpu/cpufreq/policy18/scaling_max_freq
2026-09-22T18:41:13.4970802Z + sysfs_write /sys/devices/system/cpu/cpufreq/policy18/scaling_min_freq 2400000
2026-09-22T18:41:13.4971274Z + [[ -n 2400000 ]]
2026-09-22T18:41:13.4971631Z + [[ -w /sys/devices/system/cpu/cpufreq/policy18/scaling_min_freq ]]
2026-09-22T18:41:13.4972035Z + echo 2400000
2026-09-22T18:41:13.4972371Z + for policy in /sys/devices/system/cpu/cpufreq/policy*
2026-09-22T18:41:13.4972889Z + sysfs_write /sys/devices/system/cpu/cpufreq/policy19/scaling_governor performance
2026-09-22T18:41:13.4973371Z + [[ -n performance ]]
2026-09-22T18:41:13.4973845Z + [[ -w /sys/devices/system/cpu/cpufreq/policy19/scaling_governor ]]
2026-09-22T18:41:13.4974255Z + echo performance
2026-09-22T18:41:13.4975485Z ++ cat /sys/devices/system/cpu/cpufreq/policy19/scaling_max_freq
2026-09-22T18:41:13.4985331Z + sysfs_write /sys/devices/system/cpu/cpufreq/policy19/scaling_min_freq 2400000
2026-09-22T18:41:13.4985791Z + [[ -n 2400000 ]]
2026-09-22T18:41:13.4986220Z + [[ -w /sys/devices/system/cpu/cpufreq/policy19/scaling_min_freq ]]
2026-09-22T18:41:13.4986642Z + echo 2400000
2026-09-22T18:41:13.4987010Z + for policy in /sys/devices/system/cpu/cpufreq/policy*
2026-09-22T18:41:13.4987541Z + sysfs_write /sys/devices/system/cpu/cpufreq/policy2/scaling_governor performance
2026-09-22T18:41:13.4988026Z + [[ -n performance ]]
2026-09-22T18:41:13.4988422Z + [[ -w /sys/devices/system/cpu/cpufreq/policy2/scaling_governor ]]
2026-09-22T18:41:13.4988838Z + echo performance
2026-09-22T18:41:13.4989497Z ++ cat /sys/devices/system/cpu/cpufreq/policy2/scaling_max_freq
2026-09-22T18:41:13.5002698Z + sysfs_write /sys/devices/system/cpu/cpufreq/policy2/scaling_min_freq 2400000
2026-09-22T18:41:13.5003176Z + [[ -n 2400000 ]]
2026-09-22T18:41:13.5003539Z + [[ -w /sys/devices/system/cpu/cpufreq/policy2/scaling_min_freq ]]
2026-09-22T18:41:13.5003956Z + echo 2400000
2026-09-22T18:41:13.5004291Z + for policy in /sys/devices/system/cpu/cpufreq/policy*
2026-09-22T18:41:13.5004832Z + sysfs_write /sys/devices/system/cpu/cpufreq/policy20/scaling_governor performance
2026-09-22T18:41:13.5005326Z + [[ -n performance ]]
2026-09-22T18:41:13.5005709Z + [[ -w /sys/devices/system/cpu/cpufreq/policy20/scaling_governor ]]
2026-09-22T18:41:13.5006122Z + echo performance
2026-09-22T18:41:13.5008933Z ++ cat /sys/devices/system/cpu/cpufreq/policy20/scaling_max_freq
2026-09-22T18:41:13.5019490Z + sysfs_write /sys/devices/system/cpu/cpufreq/policy20/scaling_min_freq 2400000
2026-09-22T18:41:13.5019952Z + [[ -n 2400000 ]]
2026-09-22T18:41:13.5020319Z + [[ -w /sys/devices/system/cpu/cpufreq/policy20/scaling_min_freq ]]
2026-09-22T18:41:13.5020733Z + echo 2400000
2026-09-22T18:41:13.5021060Z + for policy in /sys/devices/system/cpu/cpufreq/policy*
2026-09-22T18:41:13.5021592Z + sysfs_write /sys/devices/system/cpu/cpufreq/policy21/scaling_governor performance
2026-09-22T18:41:13.5022071Z + [[ -n performance ]]
2026-09-22T18:41:13.5022454Z + [[ -w /sys/devices/system/cpu/cpufreq/policy21/scaling_governor ]]
2026-09-22T18:41:13.5022877Z + echo performance
2026-09-22T18:41:13.5024386Z ++ cat /sys/devices/system/cpu/cpufreq/policy21/scaling_max_freq
2026-09-22T18:41:13.5034644Z + sysfs_write /sys/devices/system/cpu/cpufreq/policy21/scaling_min_freq 2400000
2026-09-22T18:41:13.5035120Z + [[ -n 2400000 ]]
2026-09-22T18:41:13.5035480Z + [[ -w /sys/devices/system/cpu/cpufreq/policy21/scaling_min_freq ]]
2026-09-22T18:41:13.5035887Z + echo 2400000
2026-09-22T18:41:13.5036224Z + for policy in /sys/devices/system/cpu/cpufreq/policy*
2026-09-22T18:41:13.5036751Z + sysfs_write /sys/devices/system/cpu/cpufreq/policy22/scaling_governor performance
2026-09-22T18:41:13.5037293Z + [[ -n performance ]]
2026-09-22T18:41:13.5037681Z + [[ -w /sys/devices/system/cpu/cpufreq/policy22/scaling_governor ]]
2026-09-22T18:41:13.5038098Z + echo performance
2026-09-22T18:41:13.5039268Z ++ cat /sys/devices/system/cpu/cpufreq/policy22/scaling_max_freq
2026-09-22T18:41:13.5049878Z + sysfs_write /sys/devices/system/cpu/cpufreq/policy22/scaling_min_freq 2400000
2026-09-22T18:41:13.5050341Z + [[ -n 2400000 ]]
2026-09-22T18:41:13.5050694Z + [[ -w /sys/devices/system/cpu/cpufreq/policy22/scaling_min_freq ]]
2026-09-22T18:41:13.5051105Z + echo 2400000
2026-09-22T18:41:13.5051433Z + for policy in /sys/devices/system/cpu/cpufreq/policy*
2026-09-22T18:41:13.5051962Z + sysfs_write /sys/devices/system/cpu/cpufreq/policy23/scaling_governor performance
2026-09-22T18:41:13.5052441Z + [[ -n performance ]]
2026-09-22T18:41:13.5052827Z + [[ -w /sys/devices/system/cpu/cpufreq/policy23/scaling_governor ]]
2026-09-22T18:41:13.5053240Z + echo performance
2026-09-22T18:41:13.5054692Z ++ cat /sys/devices/system/cpu/cpufreq/policy23/scaling_max_freq
2026-09-22T18:41:13.5065319Z + sysfs_write /sys/devices/system/cpu/cpufreq/policy23/scaling_min_freq 2400000
2026-09-22T18:41:13.5065788Z + [[ -n 2400000 ]]
2026-09-22T18:41:13.5066146Z + [[ -w /sys/devices/system/cpu/cpufreq/policy23/scaling_min_freq ]]
2026-09-22T18:41:13.5066564Z + echo 2400000
2026-09-22T18:41:13.5066994Z + for policy in /sys/devices/system/cpu/cpufreq/policy*
2026-09-22T18:41:13.5067526Z + sysfs_write /sys/devices/system/cpu/cpufreq/policy24/scaling_governor performance
2026-09-22T18:41:13.5068024Z + [[ -n performance ]]
2026-09-22T18:41:13.5068399Z + [[ -w /sys/devices/system/cpu/cpufreq/policy24/scaling_governor ]]
2026-09-22T18:41:13.5068810Z + echo performance
2026-09-22T18:41:13.5069808Z ++ cat /sys/devices/system/cpu/cpufreq/policy24/scaling_max_freq
2026-09-22T18:41:13.5079799Z + sysfs_write /sys/devices/system/cpu/cpufreq/policy24/scaling_min_freq 2400000
2026-09-22T18:41:13.5080311Z + [[ -n 2400000 ]]
2026-09-22T18:41:13.5080692Z + [[ -w /sys/devices/system/cpu/cpufreq/policy24/scaling_min_freq ]]
2026-09-22T18:41:13.5081111Z + echo 2400000
2026-09-22T18:41:13.5081444Z + for policy in /sys/devices/system/cpu/cpufreq/policy*
2026-09-22T18:41:13.5081987Z + sysfs_write /sys/devices/system/cpu/cpufreq/policy25/scaling_governor performance
2026-09-22T18:41:13.5082486Z + [[ -n performance ]]
2026-09-22T18:41:13.5082875Z + [[ -w /sys/devices/system/cpu/cpufreq/policy25/scaling_governor ]]
2026-09-22T18:41:13.5083288Z + echo performance
2026-09-22T18:41:13.5084497Z ++ cat /sys/devices/system/cpu/cpufreq/policy25/scaling_max_freq
2026-09-22T18:41:13.5094742Z + sysfs_write /sys/devices/system/cpu/cpufreq/policy25/scaling_min_freq 2400000
2026-09-22T18:41:13.5095213Z + [[ -n 2400000 ]]
2026-09-22T18:41:13.5095583Z + [[ -w /sys/devices/system/cpu/cpufreq/policy25/scaling_min_freq ]]
2026-09-22T18:41:13.5096001Z + echo 2400000
2026-09-22T18:41:13.5096333Z + for policy in /sys/devices/system/cpu/cpufreq/policy*
2026-09-22T18:41:13.5096907Z + sysfs_write /sys/devices/system/cpu/cpufreq/policy26/scaling_governor performance
2026-09-22T18:41:13.5097393Z + [[ -n performance ]]
2026-09-22T18:41:13.5097768Z + [[ -w /sys/devices/system/cpu/cpufreq/policy26/scaling_governor ]]
2026-09-22T18:41:13.5098186Z + echo performance
2026-09-22T18:41:13.5099696Z ++ cat /sys/devices/system/cpu/cpufreq/policy26/scaling_max_freq
2026-09-22T18:41:13.5110532Z + sysfs_write /sys/devices/system/cpu/cpufreq/policy26/scaling_min_freq 2400000
2026-09-22T18:41:13.5111000Z + [[ -n 2400000 ]]
2026-09-22T18:41:13.5111355Z + [[ -w /sys/devices/system/cpu/cpufreq/policy26/scaling_min_freq ]]
2026-09-22T18:41:13.5111759Z + echo 2400000
2026-09-22T18:41:13.5112097Z + for policy in /sys/devices/system/cpu/cpufreq/policy*
2026-09-22T18:41:13.5112621Z + sysfs_write /sys/devices/system/cpu/cpufreq/policy27/scaling_governor performance
2026-09-22T18:41:13.5113101Z + [[ -n performance ]]
2026-09-22T18:41:13.5113485Z + [[ -w /sys/devices/system/cpu/cpufreq/policy27/scaling_governor ]]
2026-09-22T18:41:13.5113906Z + echo performance
2026-09-22T18:41:13.5115143Z ++ cat /sys/devices/system/cpu/cpufreq/policy27/scaling_max_freq
2026-09-22T18:41:13.5125148Z + sysfs_write /sys/devices/system/cpu/cpufreq/policy27/scaling_min_freq 2400000
2026-09-22T18:41:13.5125609Z + [[ -n 2400000 ]]
2026-09-22T18:41:13.5125970Z + [[ -w /sys/devices/system/cpu/cpufreq/policy27/scaling_min_freq ]]
2026-09-22T18:41:13.5126382Z + echo 2400000
2026-09-22T18:41:13.5126709Z + for policy in /sys/devices/system/cpu/cpufreq/policy*
2026-09-22T18:41:13.5127273Z + sysfs_write /sys/devices/system/cpu/cpufreq/policy28/scaling_governor performance
2026-09-22T18:41:13.5127750Z + [[ -n performance ]]
2026-09-22T18:41:13.5128137Z + [[ -w /sys/devices/system/cpu/cpufreq/policy28/scaling_governor ]]
2026-09-22T18:41:13.5128551Z + echo performance
2026-09-22T18:41:13.5130019Z ++ cat /sys/devices/system/cpu/cpufreq/policy28/scaling_max_freq
2026-09-22T18:41:13.5142915Z + sysfs_write /sys/devices/system/cpu/cpufreq/policy28/scaling_min_freq 2400000
2026-09-22T18:41:13.5143481Z + [[ -n 2400000 ]]
2026-09-22T18:41:13.5143842Z + [[ -w /sys/devices/system/cpu/cpufreq/policy28/scaling_min_freq ]]
2026-09-22T18:41:13.5144259Z + echo 2400000
2026-09-22T18:41:13.5144590Z + for policy in /sys/devices/system/cpu/cpufreq/policy*
2026-09-22T18:41:13.5145191Z + sysfs_write /sys/devices/system/cpu/cpufreq/policy29/scaling_governor performance
2026-09-22T18:41:13.5145707Z + [[ -n performance ]]
2026-09-22T18:41:13.5146088Z + [[ -w /sys/devices/system/cpu/cpufreq/policy29/scaling_governor ]]
2026-09-22T18:41:13.5146499Z + echo performance
2026-09-22T18:41:13.5149084Z ++ cat /sys/devices/system/cpu/cpufreq/policy29/scaling_max_freq
2026-09-22T18:41:13.5161821Z + sysfs_write /sys/devices/system/cpu/cpufreq/policy29/scaling_min_freq 2400000
2026-09-22T18:41:13.5162290Z + [[ -n 2400000 ]]
2026-09-22T18:41:13.5162663Z + [[ -w /sys/devices/system/cpu/cpufreq/policy29/scaling_min_freq ]]
2026-09-22T18:41:13.5163072Z + echo 2400000
2026-09-22T18:41:13.5163408Z + for policy in /sys/devices/system/cpu/cpufreq/policy*
2026-09-22T18:41:13.5163945Z + sysfs_write /sys/devices/system/cpu/cpufreq/policy3/scaling_governor performance
2026-09-22T18:41:13.5164428Z + [[ -n performance ]]
2026-09-22T18:41:13.5164807Z + [[ -w /sys/devices/system/cpu/cpufreq/policy3/scaling_governor ]]
2026-09-22T18:41:13.5165217Z + echo performance
2026-09-22T18:41:13.5165671Z ++ cat /sys/devices/system/cpu/cpufreq/policy3/scaling_max_freq
2026-09-22T18:41:13.5175475Z + sysfs_write /sys/devices/system/cpu/cpufreq/policy3/scaling_min_freq 2400000
2026-09-22T18:41:13.5175948Z + [[ -n 2400000 ]]
2026-09-22T18:41:13.5176308Z + [[ -w /sys/devices/system/cpu/cpufreq/policy3/scaling_min_freq ]]
2026-09-22T18:41:13.5176713Z + echo 2400000
2026-09-22T18:41:13.5177075Z + for policy in /sys/devices/system/cpu/cpufreq/policy*
2026-09-22T18:41:13.5177606Z + sysfs_write /sys/devices/system/cpu/cpufreq/policy30/scaling_governor performance
2026-09-22T18:41:13.5178090Z + [[ -n performance ]]
2026-09-22T18:41:13.5178475Z + [[ -w /sys/devices/system/cpu/cpufreq/policy30/scaling_governor ]]
2026-09-22T18:41:13.5178898Z + echo performance
2026-09-22T18:41:13.5181054Z ++ cat /sys/devices/system/cpu/cpufreq/policy30/scaling_max_freq
2026-09-22T18:41:13.5191127Z + sysfs_write /sys/devices/system/cpu/cpufreq/policy30/scaling_min_freq 2400000
2026-09-22T18:41:13.5191608Z + [[ -n 2400000 ]]
2026-09-22T18:41:13.5191973Z + [[ -w /sys/devices/system/cpu/cpufreq/policy30/scaling_min_freq ]]
2026-09-22T18:41:13.5192376Z + echo 2400000
2026-09-22T18:41:13.5192711Z + for policy in /sys/devices/system/cpu/cpufreq/policy*
2026-09-22T18:41:13.5193255Z + sysfs_write /sys/devices/system/cpu/cpufreq/policy31/scaling_governor performance
2026-09-22T18:41:13.5193736Z + [[ -n performance ]]
2026-09-22T18:41:13.5194121Z + [[ -w /sys/devices/system/cpu/cpufreq/policy31/scaling_governor ]]
2026-09-22T18:41:13.5194534Z + echo performance
2026-09-22T18:41:13.5195277Z ++ cat /sys/devices/system/cpu/cpufreq/policy31/scaling_max_freq
2026-09-22T18:41:13.5205364Z + sysfs_write /sys/devices/system/cpu/cpufreq/policy31/scaling_min_freq 2400000
2026-09-22T18:41:13.5205833Z + [[ -n 2400000 ]]
2026-09-22T18:41:13.5206191Z + [[ -w /sys/devices/system/cpu/cpufreq/policy31/scaling_min_freq ]]
2026-09-22T18:41:13.5206610Z + echo 2400000
2026-09-22T18:41:13.5206968Z + for policy in /sys/devices/system/cpu/cpufreq/policy*
2026-09-22T18:41:13.5207501Z + sysfs_write /sys/devices/system/cpu/cpufreq/policy32/scaling_governor performance
2026-09-22T18:41:13.5207996Z + [[ -n performance ]]
2026-09-22T18:41:13.5208372Z + [[ -w /sys/devices/system/cpu/cpufreq/policy32/scaling_governor ]]
2026-09-22T18:41:13.5208784Z + echo performance
2026-09-22T18:41:13.5209148Z ++ cat /sys/devices/system/cpu/cpufreq/policy32/scaling_max_freq
2026-09-22T18:41:13.5219807Z + sysfs_write /sys/devices/system/cpu/cpufreq/policy32/scaling_min_freq 2400000
2026-09-22T18:41:13.5220279Z + [[ -n 2400000 ]]
2026-09-22T18:41:13.5220643Z + [[ -w /sys/devices/system/cpu/cpufreq/policy32/scaling_min_freq ]]
2026-09-22T18:41:13.5221127Z + echo 2400000
2026-09-22T18:41:13.5221454Z + for policy in /sys/devices/system/cpu/cpufreq/policy*
2026-09-22T18:41:13.5221987Z + sysfs_write /sys/devices/system/cpu/cpufreq/policy33/scaling_governor performance
2026-09-22T18:41:13.5222487Z + [[ -n performance ]]
2026-09-22T18:41:13.5222938Z + [[ -w /sys/devices/system/cpu/cpufreq/policy33/scaling_governor ]]
2026-09-22T18:41:13.5223354Z + echo performance
2026-09-22T18:41:13.5224365Z ++ cat /sys/devices/system/cpu/cpufreq/policy33/scaling_max_freq
2026-09-22T18:41:13.5236731Z + sysfs_write /sys/devices/system/cpu/cpufreq/policy33/scaling_min_freq 2400000
2026-09-22T18:41:13.5237228Z + [[ -n 2400000 ]]
2026-09-22T18:41:13.5237594Z + [[ -w /sys/devices/system/cpu/cpufreq/policy33/scaling_min_freq ]]
2026-09-22T18:41:13.5238002Z + echo 2400000
2026-09-22T18:41:13.5238331Z + for policy in /sys/devices/system/cpu/cpufreq/policy*
2026-09-22T18:41:13.5238874Z + sysfs_write /sys/devices/system/cpu/cpufreq/policy34/scaling_governor performance
2026-09-22T18:41:13.5239363Z + [[ -n performance ]]
2026-09-22T18:41:13.5239742Z + [[ -w /sys/devices/system/cpu/cpufreq/policy34/scaling_governor ]]
2026-09-22T18:41:13.5240179Z + echo performance
2026-09-22T18:41:13.5241505Z ++ cat /sys/devices/system/cpu/cpufreq/policy34/scaling_max_freq
2026-09-22T18:41:13.5252098Z + sysfs_write /sys/devices/system/cpu/cpufreq/policy34/scaling_min_freq 2400000
2026-09-22T18:41:13.5252575Z + [[ -n 2400000 ]]
2026-09-22T18:41:13.5252931Z + [[ -w /sys/devices/system/cpu/cpufreq/policy34/scaling_min_freq ]]
2026-09-22T18:41:13.5253331Z + echo 2400000
2026-09-22T18:41:13.5253665Z + for policy in /sys/devices/system/cpu/cpufreq/policy*
2026-09-22T18:41:13.5254192Z + sysfs_write /sys/devices/system/cpu/cpufreq/policy35/scaling_governor performance
2026-09-22T18:41:13.5254678Z + [[ -n performance ]]
2026-09-22T18:41:13.5255064Z + [[ -w /sys/devices/system/cpu/cpufreq/policy35/scaling_governor ]]
2026-09-22T18:41:13.5255479Z + echo performance
2026-09-22T18:41:13.5255848Z ++ cat /sys/devices/system/cpu/cpufreq/policy35/scaling_max_freq
2026-09-22T18:41:13.5265712Z + sysfs_write /sys/devices/system/cpu/cpufreq/policy35/scaling_min_freq 2400000
2026-09-22T18:41:13.5266177Z + [[ -n 2400000 ]]
2026-09-22T18:41:13.5266536Z + [[ -w /sys/devices/system/cpu/cpufreq/policy35/scaling_min_freq ]]
2026-09-22T18:41:13.5266995Z + echo 2400000
2026-09-22T18:41:13.5267327Z + for policy in /sys/devices/system/cpu/cpufreq/policy*
2026-09-22T18:41:13.5267866Z + sysfs_write /sys/devices/system/cpu/cpufreq/policy36/scaling_governor performance
2026-09-22T18:41:13.5268351Z + [[ -n performance ]]
2026-09-22T18:41:13.5268744Z + [[ -w /sys/devices/system/cpu/cpufreq/policy36/scaling_governor ]]
2026-09-22T18:41:13.5269179Z + echo performance
2026-09-22T18:41:13.5270451Z ++ cat /sys/devices/system/cpu/cpufreq/policy36/scaling_max_freq
2026-09-22T18:41:13.5283339Z + sysfs_write /sys/devices/system/cpu/cpufreq/policy36/scaling_min_freq 2400000
2026-09-22T18:41:13.5283811Z + [[ -n 2400000 ]]
2026-09-22T18:41:13.5284170Z + [[ -w /sys/devices/system/cpu/cpufreq/policy36/scaling_min_freq ]]
2026-09-22T18:41:13.5284578Z + echo 2400000
2026-09-22T18:41:13.5284903Z + for policy in /sys/devices/system/cpu/cpufreq/policy*
2026-09-22T18:41:13.5285441Z + sysfs_write /sys/devices/system/cpu/cpufreq/policy37/scaling_governor performance
2026-09-22T18:41:13.5285923Z + [[ -n performance ]]
2026-09-22T18:41:13.5286301Z + [[ -w /sys/devices/system/cpu/cpufreq/policy37/scaling_governor ]]
2026-09-22T18:41:13.5286722Z + echo performance
2026-09-22T18:41:13.5288104Z ++ cat /sys/devices/system/cpu/cpufreq/policy37/scaling_max_freq
2026-09-22T18:41:13.5298280Z + sysfs_write /sys/devices/system/cpu/cpufreq/policy37/scaling_min_freq 2400000
2026-09-22T18:41:13.5298755Z + [[ -n 2400000 ]]
2026-09-22T18:41:13.5299116Z + [[ -w /sys/devices/system/cpu/cpufreq/policy37/scaling_min_freq ]]
2026-09-22T18:41:13.5299521Z + echo 2400000
2026-09-22T18:41:13.5299850Z + for policy in /sys/devices/system/cpu/cpufreq/policy*
2026-09-22T18:41:13.5300453Z + sysfs_write /sys/devices/system/cpu/cpufreq/policy38/scaling_governor performance
2026-09-22T18:41:13.5300932Z + [[ -n performance ]]
2026-09-22T18:41:13.5301319Z + [[ -w /sys/devices/system/cpu/cpufreq/policy38/scaling_governor ]]
2026-09-22T18:41:13.5301740Z + echo performance
2026-09-22T18:41:13.5302798Z ++ cat /sys/devices/system/cpu/cpufreq/policy38/scaling_max_freq
2026-09-22T18:41:13.5313029Z + sysfs_write /sys/devices/system/cpu/cpufreq/policy38/scaling_min_freq 2400000
2026-09-22T18:41:13.5313512Z + [[ -n 2400000 ]]
2026-09-22T18:41:13.5313873Z + [[ -w /sys/devices/system/cpu/cpufreq/policy38/scaling_min_freq ]]
2026-09-22T18:41:13.5314286Z + echo 2400000
2026-09-22T18:41:13.5314612Z + for policy in /sys/devices/system/cpu/cpufreq/policy*
2026-09-22T18:41:13.5315147Z + sysfs_write /sys/devices/system/cpu/cpufreq/policy39/scaling_governor performance
2026-09-22T18:41:13.5315643Z + [[ -n performance ]]
2026-09-22T18:41:13.5316022Z + [[ -w /sys/devices/system/cpu/cpufreq/policy39/scaling_governor ]]
2026-09-22T18:41:13.5316444Z + echo performance
2026-09-22T18:41:13.5318735Z ++ cat /sys/devices/system/cpu/cpufreq/policy39/scaling_max_freq
2026-09-22T18:41:13.5328853Z + sysfs_write /sys/devices/system/cpu/cpufreq/policy39/scaling_min_freq 2400000
2026-09-22T18:41:13.5329315Z + [[ -n 2400000 ]]
2026-09-22T18:41:13.5329688Z + [[ -w /sys/devices/system/cpu/cpufreq/policy39/scaling_min_freq ]]
2026-09-22T18:41:13.5330097Z + echo 2400000
2026-09-22T18:41:13.5330422Z + for policy in /sys/devices/system/cpu/cpufreq/policy*
2026-09-22T18:41:13.5330952Z + sysfs_write /sys/devices/system/cpu/cpufreq/policy4/scaling_governor performance
2026-09-22T18:41:13.5331441Z + [[ -n performance ]]
2026-09-22T18:41:13.5331819Z + [[ -w /sys/devices/system/cpu/cpufreq/policy4/scaling_governor ]]
2026-09-22T18:41:13.5332231Z + echo performance
2026-09-22T18:41:13.5332941Z ++ cat /sys/devices/system/cpu/cpufreq/policy4/scaling_max_freq
2026-09-22T18:41:13.5345399Z + sysfs_write /sys/devices/system/cpu/cpufreq/policy4/scaling_min_freq 2400000
2026-09-22T18:41:13.5345931Z + [[ -n 2400000 ]]
2026-09-22T18:41:13.5346326Z + [[ -w /sys/devices/system/cpu/cpufreq/policy4/scaling_min_freq ]]
2026-09-22T18:41:13.5346763Z + echo 2400000
2026-09-22T18:41:13.5347187Z + for policy in /sys/devices/system/cpu/cpufreq/policy*
2026-09-22T18:41:13.5347764Z + sysfs_write /sys/devices/system/cpu/cpufreq/policy40/scaling_governor performance
2026-09-22T18:41:13.5348271Z + [[ -n performance ]]
2026-09-22T18:41:13.5348680Z + [[ -w /sys/devices/system/cpu/cpufreq/policy40/scaling_governor ]]
2026-09-22T18:41:13.5349114Z + echo performance
2026-09-22T18:41:13.5349497Z ++ cat /sys/devices/system/cpu/cpufreq/policy40/scaling_max_freq
2026-09-22T18:41:13.5359567Z + sysfs_write /sys/devices/system/cpu/cpufreq/policy40/scaling_min_freq 2400000
2026-09-22T18:41:13.5360048Z + [[ -n 2400000 ]]
2026-09-22T18:41:13.5360416Z + [[ -w /sys/devices/system/cpu/cpufreq/policy40/scaling_min_freq ]]
2026-09-22T18:41:13.5360847Z + echo 2400000
2026-09-22T18:41:13.5361195Z + for policy in /sys/devices/system/cpu/cpufreq/policy*
2026-09-22T18:41:13.5361730Z + sysfs_write /sys/devices/system/cpu/cpufreq/policy41/scaling_governor performance
2026-09-22T18:41:13.5362225Z + [[ -n performance ]]
2026-09-22T18:41:13.5362610Z + [[ -w /sys/devices/system/cpu/cpufreq/policy41/scaling_governor ]]
2026-09-22T18:41:13.5363023Z + echo performance
2026-09-22T18:41:13.5363399Z ++ cat /sys/devices/system/cpu/cpufreq/policy41/scaling_max_freq
2026-09-22T18:41:13.5376657Z + sysfs_write /sys/devices/system/cpu/cpufreq/policy41/scaling_min_freq 2400000
2026-09-22T18:41:13.5377158Z + [[ -n 2400000 ]]
2026-09-22T18:41:13.5377535Z + [[ -w /sys/devices/system/cpu/cpufreq/policy41/scaling_min_freq ]]
2026-09-22T18:41:13.5377943Z + echo 2400000
2026-09-22T18:41:13.5378273Z + for policy in /sys/devices/system/cpu/cpufreq/policy*
2026-09-22T18:41:13.5378822Z + sysfs_write /sys/devices/system/cpu/cpufreq/policy42/scaling_governor performance
2026-09-22T18:41:13.5379315Z + [[ -n performance ]]
2026-09-22T18:41:13.5379939Z + [[ -w /sys/devices/system/cpu/cpufreq/policy42/scaling_governor ]]
2026-09-22T18:41:13.5380351Z + echo performance
2026-09-22T18:41:13.5381076Z ++ cat /sys/devices/system/cpu/cpufreq/policy42/scaling_max_freq
2026-09-22T18:41:13.5391444Z + sysfs_write /sys/devices/system/cpu/cpufreq/policy42/scaling_min_freq 2400000
2026-09-22T18:41:13.5392006Z + [[ -n 2400000 ]]
2026-09-22T18:41:13.5392374Z + [[ -w /sys/devices/system/cpu/cpufreq/policy42/scaling_min_freq ]]
2026-09-22T18:41:13.5392783Z + echo 2400000
2026-09-22T18:41:13.5393114Z + for policy in /sys/devices/system/cpu/cpufreq/policy*
2026-09-22T18:41:13.5393658Z + sysfs_write /sys/devices/system/cpu/cpufreq/policy43/scaling_governor performance
2026-09-22T18:41:13.5394144Z + [[ -n performance ]]
2026-09-22T18:41:13.5394518Z + [[ -w /sys/devices/system/cpu/cpufreq/policy43/scaling_governor ]]
2026-09-22T18:41:13.5394943Z + echo performance
2026-09-22T18:41:13.5396166Z ++ cat /sys/devices/system/cpu/cpufreq/policy43/scaling_max_freq
2026-09-22T18:41:13.5406549Z + sysfs_write /sys/devices/system/cpu/cpufreq/policy43/scaling_min_freq 2400000
2026-09-22T18:41:13.5407068Z + [[ -n 2400000 ]]
2026-09-22T18:41:13.5407431Z + [[ -w /sys/devices/system/cpu/cpufreq/policy43/scaling_min_freq ]]
2026-09-22T18:41:13.5407839Z + echo 2400000
2026-09-22T18:41:13.5408178Z + for policy in /sys/devices/system/cpu/cpufreq/policy*
2026-09-22T18:41:13.5408716Z + sysfs_write /sys/devices/system/cpu/cpufreq/policy44/scaling_governor performance
2026-09-22T18:41:13.5409203Z + [[ -n performance ]]
2026-09-22T18:41:13.5409590Z + [[ -w /sys/devices/system/cpu/cpufreq/policy44/scaling_governor ]]
2026-09-22T18:41:13.5410007Z + echo performance
2026-09-22T18:41:13.5410374Z ++ cat /sys/devices/system/cpu/cpufreq/policy44/scaling_max_freq
2026-09-22T18:41:13.5420678Z + sysfs_write /sys/devices/system/cpu/cpufreq/policy44/scaling_min_freq 2400000
2026-09-22T18:41:13.5421146Z + [[ -n 2400000 ]]
2026-09-22T18:41:13.5421501Z + [[ -w /sys/devices/system/cpu/cpufreq/policy44/scaling_min_freq ]]
2026-09-22T18:41:13.5421921Z + echo 2400000
2026-09-22T18:41:13.5422250Z + for policy in /sys/devices/system/cpu/cpufreq/policy*
2026-09-22T18:41:13.5422780Z + sysfs_write /sys/devices/system/cpu/cpufreq/policy45/scaling_governor performance
2026-09-22T18:41:13.5423266Z + [[ -n performance ]]
2026-09-22T18:41:13.5423642Z + [[ -w /sys/devices/system/cpu/cpufreq/policy45/scaling_governor ]]
2026-09-22T18:41:13.5424057Z + echo performance
2026-09-22T18:41:13.5425417Z ++ cat /sys/devices/system/cpu/cpufreq/policy45/scaling_max_freq
2026-09-22T18:41:13.5435656Z + sysfs_write /sys/devices/system/cpu/cpufreq/policy45/scaling_min_freq 2400000
2026-09-22T18:41:13.5436153Z + [[ -n 2400000 ]]
2026-09-22T18:41:13.5436557Z + [[ -w /sys/devices/system/cpu/cpufreq/policy45/scaling_min_freq ]]
2026-09-22T18:41:13.5437178Z + echo 2400000
2026-09-22T18:41:13.5437509Z + for policy in /sys/devices/system/cpu/cpufreq/policy*
2026-09-22T18:41:13.5438038Z + sysfs_write /sys/devices/system/cpu/cpufreq/policy46/scaling_governor performance
2026-09-22T18:41:13.5438539Z + [[ -n performance ]]
2026-09-22T18:41:13.5438920Z + [[ -w /sys/devices/system/cpu/cpufreq/policy46/scaling_governor ]]
2026-09-22T18:41:13.5439342Z + echo performance
2026-09-22T18:41:13.5439712Z ++ cat /sys/devices/system/cpu/cpufreq/policy46/scaling_max_freq
2026-09-22T18:41:13.5449229Z + sysfs_write /sys/devices/system/cpu/cpufreq/policy46/scaling_min_freq 2400000
2026-09-22T18:41:13.5449721Z + [[ -n 2400000 ]]
2026-09-22T18:41:13.5450093Z + [[ -w /sys/devices/system/cpu/cpufreq/policy46/scaling_min_freq ]]
2026-09-22T18:41:13.5450506Z + echo 2400000
2026-09-22T18:41:13.5450835Z + for policy in /sys/devices/system/cpu/cpufreq/policy*
2026-09-22T18:41:13.5451375Z + sysfs_write /sys/devices/system/cpu/cpufreq/policy47/scaling_governor performance
2026-09-22T18:41:13.5451864Z + [[ -n performance ]]
2026-09-22T18:41:13.5452244Z + [[ -w /sys/devices/system/cpu/cpufreq/policy47/scaling_governor ]]
2026-09-22T18:41:13.5452665Z + echo performance
2026-09-22T18:41:13.5453854Z ++ cat /sys/devices/system/cpu/cpufreq/policy47/scaling_max_freq
2026-09-22T18:41:13.5466253Z + sysfs_write /sys/devices/system/cpu/cpufreq/policy47/scaling_min_freq 2400000
2026-09-22T18:41:13.5466731Z + [[ -n 2400000 ]]
2026-09-22T18:41:13.5467132Z + [[ -w /sys/devices/system/cpu/cpufreq/policy47/scaling_min_freq ]]
2026-09-22T18:41:13.5467544Z + echo 2400000
2026-09-22T18:41:13.5467943Z + for policy in /sys/devices/system/cpu/cpufreq/policy*
2026-09-22T18:41:13.5468485Z + sysfs_write /sys/devices/system/cpu/cpufreq/policy48/scaling_governor performance
2026-09-22T18:41:13.5468977Z + [[ -n performance ]]
2026-09-22T18:41:13.5469360Z + [[ -w /sys/devices/system/cpu/cpufreq/policy48/scaling_governor ]]
2026-09-22T18:41:13.5469785Z + echo performance
2026-09-22T18:41:13.5470151Z ++ cat /sys/devices/system/cpu/cpufreq/policy48/scaling_max_freq
2026-09-22T18:41:13.5479960Z + sysfs_write /sys/devices/system/cpu/cpufreq/policy48/scaling_min_freq 2400000
2026-09-22T18:41:13.5480455Z + [[ -n 2400000 ]]
2026-09-22T18:41:13.5480813Z + [[ -w /sys/devices/system/cpu/cpufreq/policy48/scaling_min_freq ]]
2026-09-22T18:41:13.5481225Z + echo 2400000
2026-09-22T18:41:13.5481565Z + for policy in /sys/devices/system/cpu/cpufreq/policy*
2026-09-22T18:41:13.5482103Z + sysfs_write /sys/devices/system/cpu/cpufreq/policy49/scaling_governor performance
2026-09-22T18:41:13.5482597Z + [[ -n performance ]]
2026-09-22T18:41:13.5482989Z + [[ -w /sys/devices/system/cpu/cpufreq/policy49/scaling_governor ]]
2026-09-22T18:41:13.5483409Z + echo performance
2026-09-22T18:41:13.5484460Z ++ cat /sys/devices/system/cpu/cpufreq/policy49/scaling_max_freq
2026-09-22T18:41:13.5494548Z + sysfs_write /sys/devices/system/cpu/cpufreq/policy49/scaling_min_freq 2400000
2026-09-22T18:41:13.5495016Z + [[ -n 2400000 ]]
2026-09-22T18:41:13.5495381Z + [[ -w /sys/devices/system/cpu/cpufreq/policy49/scaling_min_freq ]]
2026-09-22T18:41:13.5495798Z + echo 2400000
2026-09-22T18:41:13.5496131Z + for policy in /sys/devices/system/cpu/cpufreq/policy*
2026-09-22T18:41:13.5496676Z + sysfs_write /sys/devices/system/cpu/cpufreq/policy5/scaling_governor performance
2026-09-22T18:41:13.5497206Z + [[ -n performance ]]
2026-09-22T18:41:13.5497588Z + [[ -w /sys/devices/system/cpu/cpufreq/policy5/scaling_governor ]]
2026-09-22T18:41:13.5497998Z + echo performance
2026-09-22T18:41:13.5498478Z ++ cat /sys/devices/system/cpu/cpufreq/policy5/scaling_max_freq
2026-09-22T18:41:13.5508608Z + sysfs_write /sys/devices/system/cpu/cpufreq/policy5/scaling_min_freq 2400000
2026-09-22T18:41:13.5509076Z + [[ -n 2400000 ]]
2026-09-22T18:41:13.5509447Z + [[ -w /sys/devices/system/cpu/cpufreq/policy5/scaling_min_freq ]]
2026-09-22T18:41:13.5509856Z + echo 2400000
2026-09-22T18:41:13.5510190Z + for policy in /sys/devices/system/cpu/cpufreq/policy*
2026-09-22T18:41:13.5510726Z + sysfs_write /sys/devices/system/cpu/cpufreq/policy50/scaling_governor performance
2026-09-22T18:41:13.5511208Z + [[ -n performance ]]
2026-09-22T18:41:13.5511589Z + [[ -w /sys/devices/system/cpu/cpufreq/policy50/scaling_governor ]]
2026-09-22T18:41:13.5512004Z + echo performance
2026-09-22T18:41:13.5512385Z ++ cat /sys/devices/system/cpu/cpufreq/policy50/scaling_max_freq
2026-09-22T18:41:13.5522494Z + sysfs_write /sys/devices/system/cpu/cpufreq/policy50/scaling_min_freq 2400000
2026-09-22T18:41:13.5522970Z + [[ -n 2400000 ]]
2026-09-22T18:41:13.5523337Z + [[ -w /sys/devices/system/cpu/cpufreq/policy50/scaling_min_freq ]]
2026-09-22T18:41:13.5523744Z + echo 2400000
2026-09-22T18:41:13.5524071Z + for policy in /sys/devices/system/cpu/cpufreq/policy*
2026-09-22T18:41:13.5524612Z + sysfs_write /sys/devices/system/cpu/cpufreq/policy51/scaling_governor performance
2026-09-22T18:41:13.5525100Z + [[ -n performance ]]
2026-09-22T18:41:13.5525479Z + [[ -w /sys/devices/system/cpu/cpufreq/policy51/scaling_governor ]]
2026-09-22T18:41:13.5525911Z + echo performance
2026-09-22T18:41:13.5526273Z ++ cat /sys/devices/system/cpu/cpufreq/policy51/scaling_max_freq
2026-09-22T18:41:13.5539222Z + sysfs_write /sys/devices/system/cpu/cpufreq/policy51/scaling_min_freq 2400000
2026-09-22T18:41:13.5539771Z + [[ -n 2400000 ]]
2026-09-22T18:41:13.5540128Z + [[ -w /sys/devices/system/cpu/cpufreq/policy51/scaling_min_freq ]]
2026-09-22T18:41:13.5540530Z + echo 2400000
2026-09-22T18:41:13.5540874Z + for policy in /sys/devices/system/cpu/cpufreq/policy*
2026-09-22T18:41:13.5541460Z + sysfs_write /sys/devices/system/cpu/cpufreq/policy52/scaling_governor performance
2026-09-22T18:41:13.5541947Z + [[ -n performance ]]
2026-09-22T18:41:13.5542335Z + [[ -w /sys/devices/system/cpu/cpufreq/policy52/scaling_governor ]]
2026-09-22T18:41:13.5542745Z + echo performance
2026-09-22T18:41:13.5543420Z ++ cat /sys/devices/system/cpu/cpufreq/policy52/scaling_max_freq
2026-09-22T18:41:13.5553812Z + sysfs_write /sys/devices/system/cpu/cpufreq/policy52/scaling_min_freq 2400000
2026-09-22T18:41:13.5554277Z + [[ -n 2400000 ]]
2026-09-22T18:41:13.5554636Z + [[ -w /sys/devices/system/cpu/cpufreq/policy52/scaling_min_freq ]]
2026-09-22T18:41:13.5555052Z + echo 2400000
2026-09-22T18:41:13.5555382Z + for policy in /sys/devices/system/cpu/cpufreq/policy*
2026-09-22T18:41:13.5555915Z + sysfs_write /sys/devices/system/cpu/cpufreq/policy53/scaling_governor performance
2026-09-22T18:41:13.5556409Z + [[ -n performance ]]
2026-09-22T18:41:13.5556789Z + [[ -w /sys/devices/system/cpu/cpufreq/policy53/scaling_governor ]]
2026-09-22T18:41:13.5557235Z + echo performance
2026-09-22T18:41:13.5557597Z ++ cat /sys/devices/system/cpu/cpufreq/policy53/scaling_max_freq
2026-09-22T18:41:13.5567794Z + sysfs_write /sys/devices/system/cpu/cpufreq/policy53/scaling_min_freq 2400000
2026-09-22T18:41:13.5568267Z + [[ -n 2400000 ]]
2026-09-22T18:41:13.5568624Z + [[ -w /sys/devices/system/cpu/cpufreq/policy53/scaling_min_freq ]]
2026-09-22T18:41:13.5569037Z + echo 2400000
2026-09-22T18:41:13.5569362Z + for policy in /sys/devices/system/cpu/cpufreq/policy*
2026-09-22T18:41:13.5569891Z + sysfs_write /sys/devices/system/cpu/cpufreq/policy54/scaling_governor performance
2026-09-22T18:41:13.5570390Z + [[ -n performance ]]
2026-09-22T18:41:13.5570775Z + [[ -w /sys/devices/system/cpu/cpufreq/policy54/scaling_governor ]]
2026-09-22T18:41:13.5571193Z + echo performance
2026-09-22T18:41:13.5571567Z ++ cat /sys/devices/system/cpu/cpufreq/policy54/scaling_max_freq
2026-09-22T18:41:13.5581253Z + sysfs_write /sys/devices/system/cpu/cpufreq/policy54/scaling_min_freq 2400000
2026-09-22T18:41:13.5581722Z + [[ -n 2400000 ]]
2026-09-22T18:41:13.5582092Z + [[ -w /sys/devices/system/cpu/cpufreq/policy54/scaling_min_freq ]]
2026-09-22T18:41:13.5582498Z + echo 2400000
2026-09-22T18:41:13.5582821Z + for policy in /sys/devices/system/cpu/cpufreq/policy*
2026-09-22T18:41:13.5583359Z + sysfs_write /sys/devices/system/cpu/cpufreq/policy55/scaling_governor performance
2026-09-22T18:41:13.5583838Z + [[ -n performance ]]
2026-09-22T18:41:13.5584221Z + [[ -w /sys/devices/system/cpu/cpufreq/policy55/scaling_governor ]]
2026-09-22T18:41:13.5584642Z + echo performance
2026-09-22T18:41:13.5585002Z ++ cat /sys/devices/system/cpu/cpufreq/policy55/scaling_max_freq
2026-09-22T18:41:13.5595125Z + sysfs_write /sys/devices/system/cpu/cpufreq/policy55/scaling_min_freq 2400000
2026-09-22T18:41:13.5595600Z + [[ -n 2400000 ]]
2026-09-22T18:41:13.5595959Z + [[ -w /sys/devices/system/cpu/cpufreq/policy55/scaling_min_freq ]]
2026-09-22T18:41:13.5596365Z + echo 2400000
2026-09-22T18:41:13.5596708Z + for policy in /sys/devices/system/cpu/cpufreq/policy*
2026-09-22T18:41:13.5597330Z + sysfs_write /sys/devices/system/cpu/cpufreq/policy56/scaling_governor performance
2026-09-22T18:41:13.5597827Z + [[ -n performance ]]
2026-09-22T18:41:13.5598203Z + [[ -w /sys/devices/system/cpu/cpufreq/policy56/scaling_governor ]]
2026-09-22T18:41:13.5598631Z + echo performance
2026-09-22T18:41:13.5599004Z ++ cat /sys/devices/system/cpu/cpufreq/policy56/scaling_max_freq
2026-09-22T18:41:13.5612277Z + sysfs_write /sys/devices/system/cpu/cpufreq/policy56/scaling_min_freq 2400000
2026-09-22T18:41:13.5612757Z + [[ -n 2400000 ]]
2026-09-22T18:41:13.5613117Z + [[ -w /sys/devices/system/cpu/cpufreq/policy56/scaling_min_freq ]]
2026-09-22T18:41:13.5613603Z + echo 2400000
2026-09-22T18:41:13.5613938Z + for policy in /sys/devices/system/cpu/cpufreq/policy*
2026-09-22T18:41:13.5614471Z + sysfs_write /sys/devices/system/cpu/cpufreq/policy57/scaling_governor performance
2026-09-22T18:41:13.5614964Z + [[ -n performance ]]
2026-09-22T18:41:13.5615421Z + [[ -w /sys/devices/system/cpu/cpufreq/policy57/scaling_governor ]]
2026-09-22T18:41:13.5615839Z + echo performance
2026-09-22T18:41:13.5617471Z ++ cat /sys/devices/system/cpu/cpufreq/policy57/scaling_max_freq
2026-09-22T18:41:13.5627920Z + sysfs_write /sys/devices/system/cpu/cpufreq/policy57/scaling_min_freq 2400000
2026-09-22T18:41:13.5628389Z + [[ -n 2400000 ]]
2026-09-22T18:41:13.5628747Z + [[ -w /sys/devices/system/cpu/cpufreq/policy57/scaling_min_freq ]]
2026-09-22T18:41:13.5629168Z + echo 2400000
2026-09-22T18:41:13.5629503Z + for policy in /sys/devices/system/cpu/cpufreq/policy*
2026-09-22T18:41:13.5630029Z + sysfs_write /sys/devices/system/cpu/cpufreq/policy58/scaling_governor performance
2026-09-22T18:41:13.5630529Z + [[ -n performance ]]
2026-09-22T18:41:13.5630908Z + [[ -w /sys/devices/system/cpu/cpufreq/policy58/scaling_governor ]]
2026-09-22T18:41:13.5631322Z + echo performance
2026-09-22T18:41:13.5631686Z ++ cat /sys/devices/system/cpu/cpufreq/policy58/scaling_max_freq
2026-09-22T18:41:13.5641646Z + sysfs_write /sys/devices/system/cpu/cpufreq/policy58/scaling_min_freq 2400000
2026-09-22T18:41:13.5642119Z + [[ -n 2400000 ]]
2026-09-22T18:41:13.5642490Z + [[ -w /sys/devices/system/cpu/cpufreq/policy58/scaling_min_freq ]]
2026-09-22T18:41:13.5642900Z + echo 2400000
2026-09-22T18:41:13.5643241Z + for policy in /sys/devices/system/cpu/cpufreq/policy*
2026-09-22T18:41:13.5643786Z + sysfs_write /sys/devices/system/cpu/cpufreq/policy59/scaling_governor performance
2026-09-22T18:41:13.5644276Z + [[ -n performance ]]
2026-09-22T18:41:13.5644664Z + [[ -w /sys/devices/system/cpu/cpufreq/policy59/scaling_governor ]]
2026-09-22T18:41:13.5645079Z + echo performance
2026-09-22T18:41:13.5645700Z ++ cat /sys/devices/system/cpu/cpufreq/policy59/scaling_max_freq
2026-09-22T18:41:13.5658876Z + sysfs_write /sys/devices/system/cpu/cpufreq/policy59/scaling_min_freq 2400000
2026-09-22T18:41:13.5659354Z + [[ -n 2400000 ]]
2026-09-22T18:41:13.5659708Z + [[ -w /sys/devices/system/cpu/cpufreq/policy59/scaling_min_freq ]]
2026-09-22T18:41:13.5660115Z + echo 2400000
2026-09-22T18:41:13.5660441Z + for policy in /sys/devices/system/cpu/cpufreq/policy*
2026-09-22T18:41:13.5660983Z + sysfs_write /sys/devices/system/cpu/cpufreq/policy6/scaling_governor performance
2026-09-22T18:41:13.5661470Z + [[ -n performance ]]
2026-09-22T18:41:13.5661843Z + [[ -w /sys/devices/system/cpu/cpufreq/policy6/scaling_governor ]]
2026-09-22T18:41:13.5662270Z + echo performance
2026-09-22T18:41:13.5662633Z ++ cat /sys/devices/system/cpu/cpufreq/policy6/scaling_max_freq
2026-09-22T18:41:13.5672696Z + sysfs_write /sys/devices/system/cpu/cpufreq/policy6/scaling_min_freq 2400000
2026-09-22T18:41:13.5673181Z + [[ -n 2400000 ]]
2026-09-22T18:41:13.5673538Z + [[ -w /sys/devices/system/cpu/cpufreq/policy6/scaling_min_freq ]]
2026-09-22T18:41:13.5673948Z + echo 2400000
2026-09-22T18:41:13.5674284Z + for policy in /sys/devices/system/cpu/cpufreq/policy*
2026-09-22T18:41:13.5674817Z + sysfs_write /sys/devices/system/cpu/cpufreq/policy60/scaling_governor performance
2026-09-22T18:41:13.5675307Z + [[ -n performance ]]
2026-09-22T18:41:13.5675712Z + [[ -w /sys/devices/system/cpu/cpufreq/policy60/scaling_governor ]]
2026-09-22T18:41:13.5676130Z + echo performance
2026-09-22T18:41:13.5676498Z ++ cat /sys/devices/system/cpu/cpufreq/policy60/scaling_max_freq
2026-09-22T18:41:13.5687145Z + sysfs_write /sys/devices/system/cpu/cpufreq/policy60/scaling_min_freq 2400000
2026-09-22T18:41:13.5687617Z + [[ -n 2400000 ]]
2026-09-22T18:41:13.5687984Z + [[ -w /sys/devices/system/cpu/cpufreq/policy60/scaling_min_freq ]]
2026-09-22T18:41:13.5688403Z + echo 2400000
2026-09-22T18:41:13.5688729Z + for policy in /sys/devices/system/cpu/cpufreq/policy*
2026-09-22T18:41:13.5689331Z + sysfs_write /sys/devices/system/cpu/cpufreq/policy61/scaling_governor performance
2026-09-22T18:41:13.5689826Z + [[ -n performance ]]
2026-09-22T18:41:13.5690206Z + [[ -w /sys/devices/system/cpu/cpufreq/policy61/scaling_governor ]]
2026-09-22T18:41:13.5690619Z + echo performance
2026-09-22T18:41:13.5691333Z ++ cat /sys/devices/system/cpu/cpufreq/policy61/scaling_max_freq
2026-09-22T18:41:13.5701714Z + sysfs_write /sys/devices/system/cpu/cpufreq/policy61/scaling_min_freq 2400000
2026-09-22T18:41:13.5702174Z + [[ -n 2400000 ]]
2026-09-22T18:41:13.5702539Z + [[ -w /sys/devices/system/cpu/cpufreq/policy61/scaling_min_freq ]]
2026-09-22T18:41:13.5702938Z + echo 2400000
2026-09-22T18:41:13.5703266Z + for policy in /sys/devices/system/cpu/cpufreq/policy*
2026-09-22T18:41:13.5703791Z + sysfs_write /sys/devices/system/cpu/cpufreq/policy62/scaling_governor performance
2026-09-22T18:41:13.5704282Z + [[ -n performance ]]
2026-09-22T18:41:13.5704660Z + [[ -w /sys/devices/system/cpu/cpufreq/policy62/scaling_governor ]]
2026-09-22T18:41:13.5705086Z + echo performance
2026-09-22T18:41:13.5706231Z ++ cat /sys/devices/system/cpu/cpufreq/policy62/scaling_max_freq
2026-09-22T18:41:13.5716348Z + sysfs_write /sys/devices/system/cpu/cpufreq/policy62/scaling_min_freq 2400000
2026-09-22T18:41:13.5716827Z + [[ -n 2400000 ]]
2026-09-22T18:41:13.5717230Z + [[ -w /sys/devices/system/cpu/cpufreq/policy62/scaling_min_freq ]]
2026-09-22T18:41:13.5717639Z + echo 2400000
2026-09-22T18:41:13.5717966Z + for policy in /sys/devices/system/cpu/cpufreq/policy*
2026-09-22T18:41:13.5718505Z + sysfs_write /sys/devices/system/cpu/cpufreq/policy63/scaling_governor performance
2026-09-22T18:41:13.5718994Z + [[ -n performance ]]
2026-09-22T18:41:13.5719374Z + [[ -w /sys/devices/system/cpu/cpufreq/policy63/scaling_governor ]]
2026-09-22T18:41:13.5719804Z + echo performance
2026-09-22T18:41:13.5720163Z ++ cat /sys/devices/system/cpu/cpufreq/policy63/scaling_max_freq
2026-09-22T18:41:13.5729690Z + sysfs_write /sys/devices/system/cpu/cpufreq/policy63/scaling_min_freq 2400000
2026-09-22T18:41:13.5730175Z + [[ -n 2400000 ]]
2026-09-22T18:41:13.5730544Z + [[ -w /sys/devices/system/cpu/cpufreq/policy63/scaling_min_freq ]]
2026-09-22T18:41:13.5730951Z + echo 2400000
2026-09-22T18:41:13.5731292Z + for policy in /sys/devices/system/cpu/cpufreq/policy*
2026-09-22T18:41:13.5731837Z + sysfs_write /sys/devices/system/cpu/cpufreq/policy64/scaling_governor performance
2026-09-22T18:41:13.5732326Z + [[ -n performance ]]
2026-09-22T18:41:13.5732702Z + [[ -w /sys/devices/system/cpu/cpufreq/policy64/scaling_governor ]]
2026-09-22T18:41:13.5733134Z + echo performance
2026-09-22T18:41:13.5734383Z ++ cat /sys/devices/system/cpu/cpufreq/policy64/scaling_max_freq
2026-09-22T18:41:13.5744640Z + sysfs_write /sys/devices/system/cpu/cpufreq/policy64/scaling_min_freq 2400000
2026-09-22T18:41:13.5745106Z + [[ -n 2400000 ]]
2026-09-22T18:41:13.5745466Z + [[ -w /sys/devices/system/cpu/cpufreq/policy64/scaling_min_freq ]]
2026-09-22T18:41:13.5745878Z + echo 2400000
2026-09-22T18:41:13.5746221Z + for policy in /sys/devices/system/cpu/cpufreq/policy*
2026-09-22T18:41:13.5746758Z + sysfs_write /sys/devices/system/cpu/cpufreq/policy65/scaling_governor performance
2026-09-22T18:41:13.5747281Z + [[ -n performance ]]
2026-09-22T18:41:13.5747676Z + [[ -w /sys/devices/system/cpu/cpufreq/policy65/scaling_governor ]]
2026-09-22T18:41:13.5748098Z + echo performance
2026-09-22T18:41:13.5749115Z ++ cat /sys/devices/system/cpu/cpufreq/policy65/scaling_max_freq
2026-09-22T18:41:13.5759224Z + sysfs_write /sys/devices/system/cpu/cpufreq/policy65/scaling_min_freq 2400000
2026-09-22T18:41:13.5759689Z + [[ -n 2400000 ]]
2026-09-22T18:41:13.5760047Z + [[ -w /sys/devices/system/cpu/cpufreq/policy65/scaling_min_freq ]]
2026-09-22T18:41:13.5760471Z + echo 2400000
2026-09-22T18:41:13.5760803Z + for policy in /sys/devices/system/cpu/cpufreq/policy*
2026-09-22T18:41:13.5761329Z + sysfs_write /sys/devices/system/cpu/cpufreq/policy66/scaling_governor performance
2026-09-22T18:41:13.5761905Z + [[ -n performance ]]
2026-09-22T18:41:13.5762291Z + [[ -w /sys/devices/system/cpu/cpufreq/policy66/scaling_governor ]]
2026-09-22T18:41:13.5762724Z + echo performance
2026-09-22T18:41:13.5763114Z ++ cat /sys/devices/system/cpu/cpufreq/policy66/scaling_max_freq
2026-09-22T18:41:13.5773548Z + sysfs_write /sys/devices/system/cpu/cpufreq/policy66/scaling_min_freq 2400000
2026-09-22T18:41:13.5774165Z + [[ -n 2400000 ]]
2026-09-22T18:41:13.5774532Z + [[ -w /sys/devices/system/cpu/cpufreq/policy66/scaling_min_freq ]]
2026-09-22T18:41:13.5774941Z + echo 2400000
2026-09-22T18:41:13.5775263Z + for policy in /sys/devices/system/cpu/cpufreq/policy*
2026-09-22T18:41:13.5775801Z + sysfs_write /sys/devices/system/cpu/cpufreq/policy67/scaling_governor performance
2026-09-22T18:41:13.5776294Z + [[ -n performance ]]
2026-09-22T18:41:13.5776675Z + [[ -w /sys/devices/system/cpu/cpufreq/policy67/scaling_governor ]]
2026-09-22T18:41:13.5777131Z + echo performance
2026-09-22T18:41:13.5777502Z ++ cat /sys/devices/system/cpu/cpufreq/policy67/scaling_max_freq
2026-09-22T18:41:13.5787469Z + sysfs_write /sys/devices/system/cpu/cpufreq/policy67/scaling_min_freq 2400000
2026-09-22T18:41:13.5787953Z + [[ -n 2400000 ]]
2026-09-22T18:41:13.5788312Z + [[ -w /sys/devices/system/cpu/cpufreq/policy67/scaling_min_freq ]]
2026-09-22T18:41:13.5788716Z + echo 2400000
2026-09-22T18:41:13.5789042Z + for policy in /sys/devices/system/cpu/cpufreq/policy*
2026-09-22T18:41:13.5789576Z + sysfs_write /sys/devices/system/cpu/cpufreq/policy68/scaling_governor performance
2026-09-22T18:41:13.5790064Z + [[ -n performance ]]
2026-09-22T18:41:13.5790448Z + [[ -w /sys/devices/system/cpu/cpufreq/policy68/scaling_governor ]]
2026-09-22T18:41:13.5790878Z + echo performance
2026-09-22T18:41:13.5791423Z ++ cat /sys/devices/system/cpu/cpufreq/policy68/scaling_max_freq
2026-09-22T18:41:13.5801775Z + sysfs_write /sys/devices/system/cpu/cpufreq/policy68/scaling_min_freq 2400000
2026-09-22T18:41:13.5802251Z + [[ -n 2400000 ]]
2026-09-22T18:41:13.5802613Z + [[ -w /sys/devices/system/cpu/cpufreq/policy68/scaling_min_freq ]]
2026-09-22T18:41:13.5803023Z + echo 2400000
2026-09-22T18:41:13.5803360Z + for policy in /sys/devices/system/cpu/cpufreq/policy*
2026-09-22T18:41:13.5803892Z + sysfs_write /sys/devices/system/cpu/cpufreq/policy69/scaling_governor performance
2026-09-22T18:41:13.5804375Z + [[ -n performance ]]
2026-09-22T18:41:13.5804774Z + [[ -w /sys/devices/system/cpu/cpufreq/policy69/scaling_governor ]]
2026-09-22T18:41:13.5805188Z + echo performance
2026-09-22T18:41:13.5805552Z ++ cat /sys/devices/system/cpu/cpufreq/policy69/scaling_max_freq
2026-09-22T18:41:13.5815570Z + sysfs_write /sys/devices/system/cpu/cpufreq/policy69/scaling_min_freq 2400000
2026-09-22T18:41:13.5816042Z + [[ -n 2400000 ]]
2026-09-22T18:41:13.5816401Z + [[ -w /sys/devices/system/cpu/cpufreq/policy69/scaling_min_freq ]]
2026-09-22T18:41:13.5816806Z + echo 2400000
2026-09-22T18:41:13.5817168Z + for policy in /sys/devices/system/cpu/cpufreq/policy*
2026-09-22T18:41:13.5817702Z + sysfs_write /sys/devices/system/cpu/cpufreq/policy7/scaling_governor performance
2026-09-22T18:41:13.5818203Z + [[ -n performance ]]
2026-09-22T18:41:13.5818581Z + [[ -w /sys/devices/system/cpu/cpufreq/policy7/scaling_governor ]]
2026-09-22T18:41:13.5819052Z + echo performance
2026-09-22T18:41:13.5821615Z ++ cat /sys/devices/system/cpu/cpufreq/policy7/scaling_max_freq
2026-09-22T18:41:13.5832193Z + sysfs_write /sys/devices/system/cpu/cpufreq/policy7/scaling_min_freq 2400000
2026-09-22T18:41:13.5832704Z + [[ -n 2400000 ]]
2026-09-22T18:41:13.5833092Z + [[ -w /sys/devices/system/cpu/cpufreq/policy7/scaling_min_freq ]]
2026-09-22T18:41:13.5833526Z + echo 2400000
2026-09-22T18:41:13.5833880Z + for policy in /sys/devices/system/cpu/cpufreq/policy*
2026-09-22T18:41:13.5834440Z + sysfs_write /sys/devices/system/cpu/cpufreq/policy70/scaling_governor performance
2026-09-22T18:41:13.5834948Z + [[ -n performance ]]
2026-09-22T18:41:13.5835349Z + [[ -w /sys/devices/system/cpu/cpufreq/policy70/scaling_governor ]]
2026-09-22T18:41:13.5835927Z + echo performance
2026-09-22T18:41:13.5836316Z ++ cat /sys/devices/system/cpu/cpufreq/policy70/scaling_max_freq
2026-09-22T18:41:13.5846608Z + sysfs_write /sys/devices/system/cpu/cpufreq/policy70/scaling_min_freq 2400000
2026-09-22T18:41:13.5847129Z + [[ -n 2400000 ]]
2026-09-22T18:41:13.5847497Z + [[ -w /sys/devices/system/cpu/cpufreq/policy70/scaling_min_freq ]]
2026-09-22T18:41:13.5848054Z + echo 2400000
2026-09-22T18:41:13.5848386Z + for policy in /sys/devices/system/cpu/cpufreq/policy*
2026-09-22T18:41:13.5848914Z + sysfs_write /sys/devices/system/cpu/cpufreq/policy71/scaling_governor performance
2026-09-22T18:41:13.5849418Z + [[ -n performance ]]
2026-09-22T18:41:13.5849802Z + [[ -w /sys/devices/system/cpu/cpufreq/policy71/scaling_governor ]]
2026-09-22T18:41:13.5850212Z + echo performance
2026-09-22T18:41:13.5850590Z ++ cat /sys/devices/system/cpu/cpufreq/policy71/scaling_max_freq
2026-09-22T18:41:13.5860326Z + sysfs_write /sys/devices/system/cpu/cpufreq/policy71/scaling_min_freq 2400000
2026-09-22T18:41:13.5860798Z + [[ -n 2400000 ]]
2026-09-22T18:41:13.5861167Z + [[ -w /sys/devices/system/cpu/cpufreq/policy71/scaling_min_freq ]]
2026-09-22T18:41:13.5861577Z + echo 2400000
2026-09-22T18:41:13.5861911Z + for policy in /sys/devices/system/cpu/cpufreq/policy*
2026-09-22T18:41:13.5862441Z + sysfs_write /sys/devices/system/cpu/cpufreq/policy72/scaling_governor performance
2026-09-22T18:41:13.5862935Z + [[ -n performance ]]
2026-09-22T18:41:13.5863320Z + [[ -w /sys/devices/system/cpu/cpufreq/policy72/scaling_governor ]]
2026-09-22T18:41:13.5863735Z + echo performance
2026-09-22T18:41:13.5864118Z ++ cat /sys/devices/system/cpu/cpufreq/policy72/scaling_max_freq
2026-09-22T18:41:13.5874483Z + sysfs_write /sys/devices/system/cpu/cpufreq/policy72/scaling_min_freq 2400000
2026-09-22T18:41:13.5874965Z + [[ -n 2400000 ]]
2026-09-22T18:41:13.5875321Z + [[ -w /sys/devices/system/cpu/cpufreq/policy72/scaling_min_freq ]]
2026-09-22T18:41:13.5875733Z + echo 2400000
2026-09-22T18:41:13.5876065Z + for policy in /sys/devices/system/cpu/cpufreq/policy*
2026-09-22T18:41:13.5876611Z + sysfs_write /sys/devices/system/cpu/cpufreq/policy73/scaling_governor performance
2026-09-22T18:41:13.5877136Z + [[ -n performance ]]
2026-09-22T18:41:13.5877511Z + [[ -w /sys/devices/system/cpu/cpufreq/policy73/scaling_governor ]]
2026-09-22T18:41:13.5877928Z + echo performance
2026-09-22T18:41:13.5878294Z ++ cat /sys/devices/system/cpu/cpufreq/policy73/scaling_max_freq
2026-09-22T18:41:13.5888145Z + sysfs_write /sys/devices/system/cpu/cpufreq/policy73/scaling_min_freq 2400000
2026-09-22T18:41:13.5888621Z + [[ -n 2400000 ]]
2026-09-22T18:41:13.5888980Z + [[ -w /sys/devices/system/cpu/cpufreq/policy73/scaling_min_freq ]]
2026-09-22T18:41:13.5889385Z + echo 2400000
2026-09-22T18:41:13.5889722Z + for policy in /sys/devices/system/cpu/cpufreq/policy*
2026-09-22T18:41:13.5890251Z + sysfs_write /sys/devices/system/cpu/cpufreq/policy74/scaling_governor performance
2026-09-22T18:41:13.5890739Z + [[ -n performance ]]
2026-09-22T18:41:13.5891133Z + [[ -w /sys/devices/system/cpu/cpufreq/policy74/scaling_governor ]]
2026-09-22T18:41:13.5891559Z + echo performance
2026-09-22T18:41:13.5892919Z ++ cat /sys/devices/system/cpu/cpufreq/policy74/scaling_max_freq
2026-09-22T18:41:13.5903327Z + sysfs_write /sys/devices/system/cpu/cpufreq/policy74/scaling_min_freq 2400000
2026-09-22T18:41:13.5903790Z + [[ -n 2400000 ]]
2026-09-22T18:41:13.5904151Z + [[ -w /sys/devices/system/cpu/cpufreq/policy74/scaling_min_freq ]]
2026-09-22T18:41:13.5904570Z + echo 2400000
2026-09-22T18:41:13.5904896Z + for policy in /sys/devices/system/cpu/cpufreq/policy*
2026-09-22T18:41:13.5905417Z + sysfs_write /sys/devices/system/cpu/cpufreq/policy75/scaling_governor performance
2026-09-22T18:41:13.5905898Z + [[ -n performance ]]
2026-09-22T18:41:13.5906284Z + [[ -w /sys/devices/system/cpu/cpufreq/policy75/scaling_governor ]]
2026-09-22T18:41:13.5906706Z + echo performance
2026-09-22T18:41:13.5909436Z ++ cat /sys/devices/system/cpu/cpufreq/policy75/scaling_max_freq
2026-09-22T18:41:13.5919904Z + sysfs_write /sys/devices/system/cpu/cpufreq/policy75/scaling_min_freq 2400000
2026-09-22T18:41:13.5920441Z + [[ -n 2400000 ]]
2026-09-22T18:41:13.5920793Z + [[ -w /sys/devices/system/cpu/cpufreq/policy75/scaling_min_freq ]]
2026-09-22T18:41:13.5921209Z + echo 2400000
2026-09-22T18:41:13.5921529Z + for policy in /sys/devices/system/cpu/cpufreq/policy*
2026-09-22T18:41:13.5922151Z + sysfs_write /sys/devices/system/cpu/cpufreq/policy76/scaling_governor performance
2026-09-22T18:41:13.5922639Z + [[ -n performance ]]
2026-09-22T18:41:13.5923014Z + [[ -w /sys/devices/system/cpu/cpufreq/policy76/scaling_governor ]]
2026-09-22T18:41:13.5923424Z + echo performance
2026-09-22T18:41:13.5923791Z ++ cat /sys/devices/system/cpu/cpufreq/policy76/scaling_max_freq
2026-09-22T18:41:13.5933901Z + sysfs_write /sys/devices/system/cpu/cpufreq/policy76/scaling_min_freq 2400000
2026-09-22T18:41:13.5934366Z + [[ -n 2400000 ]]
2026-09-22T18:41:13.5934728Z + [[ -w /sys/devices/system/cpu/cpufreq/policy76/scaling_min_freq ]]
2026-09-22T18:41:13.5935143Z + echo 2400000
2026-09-22T18:41:13.5935466Z + for policy in /sys/devices/system/cpu/cpufreq/policy*
2026-09-22T18:41:13.5936005Z + sysfs_write /sys/devices/system/cpu/cpufreq/policy77/scaling_governor performance
2026-09-22T18:41:13.5936496Z + [[ -n performance ]]
2026-09-22T18:41:13.5936910Z + [[ -w /sys/devices/system/cpu/cpufreq/policy77/scaling_governor ]]
2026-09-22T18:41:13.5937337Z + echo performance
2026-09-22T18:41:13.5939552Z ++ cat /sys/devices/system/cpu/cpufreq/policy77/scaling_max_freq
2026-09-22T18:41:13.5949543Z + sysfs_write /sys/devices/system/cpu/cpufreq/policy77/scaling_min_freq 2400000
2026-09-22T18:41:13.5950031Z + [[ -n 2400000 ]]
2026-09-22T18:41:13.5950392Z + [[ -w /sys/devices/system/cpu/cpufreq/policy77/scaling_min_freq ]]
2026-09-22T18:41:13.5950812Z + echo 2400000
2026-09-22T18:41:13.5951142Z + for policy in /sys/devices/system/cpu/cpufreq/policy*
2026-09-22T18:41:13.5951672Z + sysfs_write /sys/devices/system/cpu/cpufreq/policy78/scaling_governor performance
2026-09-22T18:41:13.5952170Z + [[ -n performance ]]
2026-09-22T18:41:13.5952546Z + [[ -w /sys/devices/system/cpu/cpufreq/policy78/scaling_governor ]]
2026-09-22T18:41:13.5952958Z + echo performance
2026-09-22T18:41:13.5954407Z ++ cat /sys/devices/system/cpu/cpufreq/policy78/scaling_max_freq
2026-09-22T18:41:13.5966204Z + sysfs_write /sys/devices/system/cpu/cpufreq/policy78/scaling_min_freq 2400000
2026-09-22T18:41:13.5966676Z + [[ -n 2400000 ]]
2026-09-22T18:41:13.5967074Z + [[ -w /sys/devices/system/cpu/cpufreq/policy78/scaling_min_freq ]]
2026-09-22T18:41:13.5967476Z + echo 2400000
2026-09-22T18:41:13.5967799Z + for policy in /sys/devices/system/cpu/cpufreq/policy*
2026-09-22T18:41:13.5968323Z + sysfs_write /sys/devices/system/cpu/cpufreq/policy79/scaling_governor performance
2026-09-22T18:41:13.5968797Z + [[ -n performance ]]
2026-09-22T18:41:13.5969172Z + [[ -w /sys/devices/system/cpu/cpufreq/policy79/scaling_governor ]]
2026-09-22T18:41:13.5969583Z + echo performance
2026-09-22T18:41:13.5969944Z ++ cat /sys/devices/system/cpu/cpufreq/policy79/scaling_max_freq
2026-09-22T18:41:13.5981722Z + sysfs_write /sys/devices/system/cpu/cpufreq/policy79/scaling_min_freq 2400000
2026-09-22T18:41:13.5982195Z + [[ -n 2400000 ]]
2026-09-22T18:41:13.5982553Z + [[ -w /sys/devices/system/cpu/cpufreq/policy79/scaling_min_freq ]]
2026-09-22T18:41:13.5982964Z + echo 2400000
2026-09-22T18:41:13.5983298Z + for policy in /sys/devices/system/cpu/cpufreq/policy*
2026-09-22T18:41:13.5983839Z + sysfs_write /sys/devices/system/cpu/cpufreq/policy8/scaling_governor performance
2026-09-22T18:41:13.5984326Z + [[ -n performance ]]
2026-09-22T18:41:13.5984709Z + [[ -w /sys/devices/system/cpu/cpufreq/policy8/scaling_governor ]]
2026-09-22T18:41:13.5985135Z + echo performance
2026-09-22T18:41:13.5986290Z ++ cat /sys/devices/system/cpu/cpufreq/policy8/scaling_max_freq
2026-09-22T18:41:13.5998427Z + sysfs_write /sys/devices/system/cpu/cpufreq/policy8/scaling_min_freq 2400000
2026-09-22T18:41:13.5998908Z + [[ -n 2400000 ]]
2026-09-22T18:41:13.5999271Z + [[ -w /sys/devices/system/cpu/cpufreq/policy8/scaling_min_freq ]]
2026-09-22T18:41:13.5999749Z + echo 2400000
2026-09-22T18:41:13.6000080Z + for policy in /sys/devices/system/cpu/cpufreq/policy*
2026-09-22T18:41:13.6000604Z + sysfs_write /sys/devices/system/cpu/cpufreq/policy80/scaling_governor performance
2026-09-22T18:41:13.6001079Z + [[ -n performance ]]
2026-09-22T18:41:13.6001555Z + [[ -w /sys/devices/system/cpu/cpufreq/policy80/scaling_governor ]]
2026-09-22T18:41:13.6001972Z + echo performance
2026-09-22T18:41:13.6003162Z ++ cat /sys/devices/system/cpu/cpufreq/policy80/scaling_max_freq
2026-09-22T18:41:13.6013125Z + sysfs_write /sys/devices/system/cpu/cpufreq/policy80/scaling_min_freq 2400000
2026-09-22T18:41:13.6013591Z + [[ -n 2400000 ]]
2026-09-22T18:41:13.6013949Z + [[ -w /sys/devices/system/cpu/cpufreq/policy80/scaling_min_freq ]]
2026-09-22T18:41:13.6014366Z + echo 2400000
2026-09-22T18:41:13.6014697Z + for policy in /sys/devices/system/cpu/cpufreq/policy*
2026-09-22T18:41:13.6015231Z + sysfs_write /sys/devices/system/cpu/cpufreq/policy81/scaling_governor performance
2026-09-22T18:41:13.6015729Z + [[ -n performance ]]
2026-09-22T18:41:13.6016110Z + [[ -w /sys/devices/system/cpu/cpufreq/policy81/scaling_governor ]]
2026-09-22T18:41:13.6016525Z + echo performance
2026-09-22T18:41:13.6017893Z ++ cat /sys/devices/system/cpu/cpufreq/policy81/scaling_max_freq
2026-09-22T18:41:13.6028011Z + sysfs_write /sys/devices/system/cpu/cpufreq/policy81/scaling_min_freq 2400000
2026-09-22T18:41:13.6028490Z + [[ -n 2400000 ]]
2026-09-22T18:41:13.6028875Z + [[ -w /sys/devices/system/cpu/cpufreq/policy81/scaling_min_freq ]]
2026-09-22T18:41:13.6029285Z + echo 2400000
2026-09-22T18:41:13.6029619Z + for policy in /sys/devices/system/cpu/cpufreq/policy*
2026-09-22T18:41:13.6030164Z + sysfs_write /sys/devices/system/cpu/cpufreq/policy82/scaling_governor performance
2026-09-22T18:41:13.6030649Z + [[ -n performance ]]
2026-09-22T18:41:13.6031026Z + [[ -w /sys/devices/system/cpu/cpufreq/policy82/scaling_governor ]]
2026-09-22T18:41:13.6031441Z + echo performance
2026-09-22T18:41:13.6033227Z ++ cat /sys/devices/system/cpu/cpufreq/policy82/scaling_max_freq
2026-09-22T18:41:13.6043528Z + sysfs_write /sys/devices/system/cpu/cpufreq/policy82/scaling_min_freq 2400000
2026-09-22T18:41:13.6043998Z + [[ -n 2400000 ]]
2026-09-22T18:41:13.6044370Z + [[ -w /sys/devices/system/cpu/cpufreq/policy82/scaling_min_freq ]]
2026-09-22T18:41:13.6044788Z + echo 2400000
2026-09-22T18:41:13.6045114Z + for policy in /sys/devices/system/cpu/cpufreq/policy*
2026-09-22T18:41:13.6045658Z + sysfs_write /sys/devices/system/cpu/cpufreq/policy83/scaling_governor performance
2026-09-22T18:41:13.6046147Z + [[ -n performance ]]
2026-09-22T18:41:13.6046529Z + [[ -w /sys/devices/system/cpu/cpufreq/policy83/scaling_governor ]]
2026-09-22T18:41:13.6046992Z + echo performance
2026-09-22T18:41:13.6047537Z ++ cat /sys/devices/system/cpu/cpufreq/policy83/scaling_max_freq
2026-09-22T18:41:13.6058092Z + sysfs_write /sys/devices/system/cpu/cpufreq/policy83/scaling_min_freq 2400000
2026-09-22T18:41:13.6058569Z + [[ -n 2400000 ]]
2026-09-22T18:41:13.6058924Z + [[ -w /sys/devices/system/cpu/cpufreq/policy83/scaling_min_freq ]]
2026-09-22T18:41:13.6059329Z + echo 2400000
2026-09-22T18:41:13.6059663Z + for policy in /sys/devices/system/cpu/cpufreq/policy*
2026-09-22T18:41:13.6060191Z + sysfs_write /sys/devices/system/cpu/cpufreq/policy84/scaling_governor performance
2026-09-22T18:41:13.6060683Z + [[ -n performance ]]
2026-09-22T18:41:13.6061073Z + [[ -w /sys/devices/system/cpu/cpufreq/policy84/scaling_governor ]]
2026-09-22T18:41:13.6061486Z + echo performance
2026-09-22T18:41:13.6061846Z ++ cat /sys/devices/system/cpu/cpufreq/policy84/scaling_max_freq
2026-09-22T18:41:13.6071694Z + sysfs_write /sys/devices/system/cpu/cpufreq/policy84/scaling_min_freq 2400000
2026-09-22T18:41:13.6072158Z + [[ -n 2400000 ]]
2026-09-22T18:41:13.6072518Z + [[ -w /sys/devices/system/cpu/cpufreq/policy84/scaling_min_freq ]]
2026-09-22T18:41:13.6072922Z + echo 2400000
2026-09-22T18:41:13.6073257Z + for policy in /sys/devices/system/cpu/cpufreq/policy*
2026-09-22T18:41:13.6073900Z + sysfs_write /sys/devices/system/cpu/cpufreq/policy85/scaling_governor performance
2026-09-22T18:41:13.6074388Z + [[ -n performance ]]
2026-09-22T18:41:13.6074775Z + [[ -w /sys/devices/system/cpu/cpufreq/policy85/scaling_governor ]]
2026-09-22T18:41:13.6075197Z + echo performance
2026-09-22T18:41:13.6076440Z ++ cat /sys/devices/system/cpu/cpufreq/policy85/scaling_max_freq
2026-09-22T18:41:13.6086569Z + sysfs_write /sys/devices/system/cpu/cpufreq/policy85/scaling_min_freq 2400000
2026-09-22T18:41:13.6087088Z + [[ -n 2400000 ]]
2026-09-22T18:41:13.6087445Z + [[ -w /sys/devices/system/cpu/cpufreq/policy85/scaling_min_freq ]]
2026-09-22T18:41:13.6087861Z + echo 2400000
2026-09-22T18:41:13.6088189Z + for policy in /sys/devices/system/cpu/cpufreq/policy*
2026-09-22T18:41:13.6088714Z + sysfs_write /sys/devices/system/cpu/cpufreq/policy86/scaling_governor performance
2026-09-22T18:41:13.6089208Z + [[ -n performance ]]
2026-09-22T18:41:13.6089589Z + [[ -w /sys/devices/system/cpu/cpufreq/policy86/scaling_governor ]]
2026-09-22T18:41:13.6090001Z + echo performance
2026-09-22T18:41:13.6091307Z ++ cat /sys/devices/system/cpu/cpufreq/policy86/scaling_max_freq
2026-09-22T18:41:13.6101305Z + sysfs_write /sys/devices/system/cpu/cpufreq/policy86/scaling_min_freq 2400000
2026-09-22T18:41:13.6101791Z + [[ -n 2400000 ]]
2026-09-22T18:41:13.6102165Z + [[ -w /sys/devices/system/cpu/cpufreq/policy86/scaling_min_freq ]]
2026-09-22T18:41:13.6102568Z + echo 2400000
2026-09-22T18:41:13.6102897Z + for policy in /sys/devices/system/cpu/cpufreq/policy*
2026-09-22T18:41:13.6103433Z + sysfs_write /sys/devices/system/cpu/cpufreq/policy87/scaling_governor performance
2026-09-22T18:41:13.6103912Z + [[ -n performance ]]
2026-09-22T18:41:13.6104290Z + [[ -w /sys/devices/system/cpu/cpufreq/policy87/scaling_governor ]]
2026-09-22T18:41:13.6104698Z + echo performance
2026-09-22T18:41:13.6106292Z ++ cat /sys/devices/system/cpu/cpufreq/policy87/scaling_max_freq
2026-09-22T18:41:13.6116400Z + sysfs_write /sys/devices/system/cpu/cpufreq/policy87/scaling_min_freq 2400000
2026-09-22T18:41:13.6116908Z + [[ -n 2400000 ]]
2026-09-22T18:41:13.6117268Z + [[ -w /sys/devices/system/cpu/cpufreq/policy87/scaling_min_freq ]]
2026-09-22T18:41:13.6117675Z + echo 2400000
2026-09-22T18:41:13.6118001Z + for policy in /sys/devices/system/cpu/cpufreq/policy*
2026-09-22T18:41:13.6118536Z + sysfs_write /sys/devices/system/cpu/cpufreq/policy88/scaling_governor performance
2026-09-22T18:41:13.6119014Z + [[ -n performance ]]
2026-09-22T18:41:13.6119389Z + [[ -w /sys/devices/system/cpu/cpufreq/policy88/scaling_governor ]]
2026-09-22T18:41:13.6119812Z + echo performance
2026-09-22T18:41:13.6121550Z ++ cat /sys/devices/system/cpu/cpufreq/policy88/scaling_max_freq
2026-09-22T18:41:13.6131856Z + sysfs_write /sys/devices/system/cpu/cpufreq/policy88/scaling_min_freq 2400000
2026-09-22T18:41:13.6132335Z + [[ -n 2400000 ]]
2026-09-22T18:41:13.6132693Z + [[ -w /sys/devices/system/cpu/cpufreq/policy88/scaling_min_freq ]]
2026-09-22T18:41:13.6133106Z + echo 2400000
2026-09-22T18:41:13.6133443Z + for policy in /sys/devices/system/cpu/cpufreq/policy*
2026-09-22T18:41:13.6133969Z + sysfs_write /sys/devices/system/cpu/cpufreq/policy89/scaling_governor performance
2026-09-22T18:41:13.6134451Z + [[ -n performance ]]
2026-09-22T18:41:13.6134836Z + [[ -w /sys/devices/system/cpu/cpufreq/policy89/scaling_governor ]]
2026-09-22T18:41:13.6135251Z + echo performance
2026-09-22T18:41:13.6135621Z ++ cat /sys/devices/system/cpu/cpufreq/policy89/scaling_max_freq
2026-09-22T18:41:13.6145968Z + sysfs_write /sys/devices/system/cpu/cpufreq/policy89/scaling_min_freq 2400000
2026-09-22T18:41:13.6146437Z + [[ -n 2400000 ]]
2026-09-22T18:41:13.6146796Z + [[ -w /sys/devices/system/cpu/cpufreq/policy89/scaling_min_freq ]]
2026-09-22T18:41:13.6147249Z + echo 2400000
2026-09-22T18:41:13.6147583Z + for policy in /sys/devices/system/cpu/cpufreq/policy*
2026-09-22T18:41:13.6148108Z + sysfs_write /sys/devices/system/cpu/cpufreq/policy9/scaling_governor performance
2026-09-22T18:41:13.6148664Z + [[ -n performance ]]
2026-09-22T18:41:13.6149043Z + [[ -w /sys/devices/system/cpu/cpufreq/policy9/scaling_governor ]]
2026-09-22T18:41:13.6149455Z + echo performance
2026-09-22T18:41:13.6149936Z ++ cat /sys/devices/system/cpu/cpufreq/policy9/scaling_max_freq
2026-09-22T18:41:13.6160749Z + sysfs_write /sys/devices/system/cpu/cpufreq/policy9/scaling_min_freq 2400000
2026-09-22T18:41:13.6161226Z + [[ -n 2400000 ]]
2026-09-22T18:41:13.6161581Z + [[ -w /sys/devices/system/cpu/cpufreq/policy9/scaling_min_freq ]]
2026-09-22T18:41:13.6162011Z + echo 2400000
2026-09-22T18:41:13.6162343Z + for policy in /sys/devices/system/cpu/cpufreq/policy*
2026-09-22T18:41:13.6162868Z + sysfs_write /sys/devices/system/cpu/cpufreq/policy90/scaling_governor performance
2026-09-22T18:41:13.6163360Z + [[ -n performance ]]
2026-09-22T18:41:13.6163739Z + [[ -w /sys/devices/system/cpu/cpufreq/policy90/scaling_governor ]]
2026-09-22T18:41:13.6164156Z + echo performance
2026-09-22T18:41:13.6165483Z ++ cat /sys/devices/system/cpu/cpufreq/policy90/scaling_max_freq
2026-09-22T18:41:13.6176061Z + sysfs_write /sys/devices/system/cpu/cpufreq/policy90/scaling_min_freq 2400000
2026-09-22T18:41:13.6176531Z + [[ -n 2400000 ]]
2026-09-22T18:41:13.6176933Z + [[ -w /sys/devices/system/cpu/cpufreq/policy90/scaling_min_freq ]]
2026-09-22T18:41:13.6177353Z + echo 2400000
2026-09-22T18:41:13.6177678Z + for policy in /sys/devices/system/cpu/cpufreq/policy*
2026-09-22T18:41:13.6178215Z + sysfs_write /sys/devices/system/cpu/cpufreq/policy91/scaling_governor performance
2026-09-22T18:41:13.6178697Z + [[ -n performance ]]
2026-09-22T18:41:13.6179071Z + [[ -w /sys/devices/system/cpu/cpufreq/policy91/scaling_governor ]]
2026-09-22T18:41:13.6179493Z + echo performance
2026-09-22T18:41:13.6180641Z ++ cat /sys/devices/system/cpu/cpufreq/policy91/scaling_max_freq
2026-09-22T18:41:13.6190467Z + sysfs_write /sys/devices/system/cpu/cpufreq/policy91/scaling_min_freq 2400000
2026-09-22T18:41:13.6190943Z + [[ -n 2400000 ]]
2026-09-22T18:41:13.6191305Z + [[ -w /sys/devices/system/cpu/cpufreq/policy91/scaling_min_freq ]]
2026-09-22T18:41:13.6191713Z + echo 2400000
2026-09-22T18:41:13.6192045Z + for policy in /sys/devices/system/cpu/cpufreq/policy*
2026-09-22T18:41:13.6192580Z + sysfs_write /sys/devices/system/cpu/cpufreq/policy92/scaling_governor performance
2026-09-22T18:41:13.6193062Z + [[ -n performance ]]
2026-09-22T18:41:13.6193441Z + [[ -w /sys/devices/system/cpu/cpufreq/policy92/scaling_governor ]]
2026-09-22T18:41:13.6193860Z + echo performance
2026-09-22T18:41:13.6194220Z ++ cat /sys/devices/system/cpu/cpufreq/policy92/scaling_max_freq
2026-09-22T18:41:13.6204877Z + sysfs_write /sys/devices/system/cpu/cpufreq/policy92/scaling_min_freq 2400000
2026-09-22T18:41:13.6205354Z + [[ -n 2400000 ]]
2026-09-22T18:41:13.6205712Z + [[ -w /sys/devices/system/cpu/cpufreq/policy92/scaling_min_freq ]]
2026-09-22T18:41:13.6206121Z + echo 2400000
2026-09-22T18:41:13.6206453Z + for policy in /sys/devices/system/cpu/cpufreq/policy*
2026-09-22T18:41:13.6207021Z + sysfs_write /sys/devices/system/cpu/cpufreq/policy93/scaling_governor performance
2026-09-22T18:41:13.6207504Z + [[ -n performance ]]
2026-09-22T18:41:13.6207889Z + [[ -w /sys/devices/system/cpu/cpufreq/policy93/scaling_governor ]]
2026-09-22T18:41:13.6208302Z + echo performance
2026-09-22T18:41:13.6209645Z ++ cat /sys/devices/system/cpu/cpufreq/policy93/scaling_max_freq
2026-09-22T18:41:13.6219790Z + sysfs_write /sys/devices/system/cpu/cpufreq/policy93/scaling_min_freq 2400000
2026-09-22T18:41:13.6220260Z + [[ -n 2400000 ]]
2026-09-22T18:41:13.6220623Z + [[ -w /sys/devices/system/cpu/cpufreq/policy93/scaling_min_freq ]]
2026-09-22T18:41:13.6221041Z + echo 2400000
2026-09-22T18:41:13.6221366Z + for policy in /sys/devices/system/cpu/cpufreq/policy*
2026-09-22T18:41:13.6221891Z + sysfs_write /sys/devices/system/cpu/cpufreq/policy94/scaling_governor performance
2026-09-22T18:41:13.6222379Z + [[ -n performance ]]
2026-09-22T18:41:13.6222757Z + [[ -w /sys/devices/system/cpu/cpufreq/policy94/scaling_governor ]]
2026-09-22T18:41:13.6223245Z + echo performance
2026-09-22T18:41:13.6223612Z ++ cat /sys/devices/system/cpu/cpufreq/policy94/scaling_max_freq
2026-09-22T18:41:13.6235322Z + sysfs_write /sys/devices/system/cpu/cpufreq/policy94/scaling_min_freq 2400000
2026-09-22T18:41:13.6235802Z + [[ -n 2400000 ]]
2026-09-22T18:41:13.6236173Z + [[ -w /sys/devices/system/cpu/cpufreq/policy94/scaling_min_freq ]]
2026-09-22T18:41:13.6236648Z + echo 2400000
2026-09-22T18:41:13.6237003Z + for policy in /sys/devices/system/cpu/cpufreq/policy*
2026-09-22T18:41:13.6237539Z + sysfs_write /sys/devices/system/cpu/cpufreq/policy95/scaling_governor performance
2026-09-22T18:41:13.6238023Z + [[ -n performance ]]
2026-09-22T18:41:13.6238399Z + [[ -w /sys/devices/system/cpu/cpufreq/policy95/scaling_governor ]]
2026-09-22T18:41:13.6238815Z + echo performance
2026-09-22T18:41:13.6240136Z ++ cat /sys/devices/system/cpu/cpufreq/policy95/scaling_max_freq
2026-09-22T18:41:13.6250253Z + sysfs_write /sys/devices/system/cpu/cpufreq/policy95/scaling_min_freq 2400000
2026-09-22T18:41:13.6250732Z + [[ -n 2400000 ]]
2026-09-22T18:41:13.6251091Z + [[ -w /sys/devices/system/cpu/cpufreq/policy95/scaling_min_freq ]]
2026-09-22T18:41:13.6251500Z + echo 2400000
2026-09-22T18:41:13.6251792Z + sysctl -w vm.swappiness=0
2026-09-22T18:41:13.6258879Z vm.swappiness = 0
2026-09-22T18:41:13.6259607Z + swapoff -a
2026-09-22T18:41:13.6365753Z + sysctl -w kernel.numa_balancing=0
2026-09-22T18:41:13.6373307Z + sysctl -w kernel.randomize_va_space=0
2026-09-22T18:41:13.6373748Z kernel.numa_balancing = 0
2026-09-22T18:41:13.6380520Z kernel.randomize_va_space = 0
2026-09-22T18:41:13.6381087Z + sysctl -w kernel.sched_autogroup_enabled=0
2026-09-22T18:41:13.6388538Z kernel.sched_autogroup_enabled = 0
2026-09-22T18:41:13.6389411Z + sysctl -w kernel.timer_migration=0
2026-09-22T18:41:13.6398130Z kernel.timer_migration = 0
2026-09-22T18:41:13.6398969Z + dmesg -n 1
2026-09-22T18:41:13.6421216Z + for unit in apparmor ModemManager irqbalance apt-daily.service apt-daily-upgrade.service apt-daily.timer apt-daily-upgrade.timer motd-news.service motd-news.timer apport
2026-09-22T18:41:13.6422089Z + systemctl disable --now apparmor
2026-09-22T18:41:14.2095687Z + systemctl mask apparmor
2026-09-22T18:41:14.3727450Z + for unit in apparmor ModemManager irqbalance apt-daily.service apt-daily-upgrade.service apt-daily.timer apt-daily-upgrade.timer motd-news.service motd-news.timer apport
2026-09-22T18:41:14.3728400Z + systemctl disable --now ModemManager
2026-09-22T18:41:14.5433976Z + systemctl mask ModemManager
2026-09-22T18:41:14.7078631Z + for unit in apparmor ModemManager irqbalance apt-daily.service apt-daily-upgrade.service apt-daily.timer apt-daily-upgrade.timer motd-news.service motd-news.timer apport
2026-09-22T18:41:14.7079545Z + systemctl disable --now irqbalance
2026-09-22T18:41:15.2173081Z + systemctl mask irqbalance
2026-09-22T18:41:15.3795069Z + for unit in apparmor ModemManager irqbalance apt-daily.service apt-daily-upgrade.service apt-daily.timer apt-daily-upgrade.timer motd-news.service motd-news.timer apport
2026-09-22T18:41:15.3796032Z + systemctl disable --now apt-daily.service
2026-09-22T18:41:15.5461944Z + systemctl mask apt-daily.service
2026-09-22T18:41:15.7134471Z + for unit in apparmor ModemManager irqbalance apt-daily.service apt-daily-upgrade.service apt-daily.timer apt-daily-upgrade.timer motd-news.service motd-news.timer apport
2026-09-22T18:41:15.7135548Z + systemctl disable --now apt-daily-upgrade.service
2026-09-22T18:41:15.8843473Z + systemctl mask apt-daily-upgrade.service
2026-09-22T18:41:16.0466215Z + for unit in apparmor ModemManager irqbalance apt-daily.service apt-daily-upgrade.service apt-daily.timer apt-daily-upgrade.timer motd-news.service motd-news.timer apport
2026-09-22T18:41:16.0467280Z + systemctl disable --now apt-daily.timer
2026-09-22T18:41:16.2116612Z + systemctl mask apt-daily.timer
2026-09-22T18:41:16.3765032Z + for unit in apparmor ModemManager irqbalance apt-daily.service apt-daily-upgrade.service apt-daily.timer apt-daily-upgrade.timer motd-news.service motd-news.timer apport
2026-09-22T18:41:16.3766295Z + systemctl disable --now apt-daily-upgrade.timer
2026-09-22T18:41:16.5442034Z + systemctl mask apt-daily-upgrade.timer
2026-09-22T18:41:16.7096196Z + for unit in apparmor ModemManager irqbalance apt-daily.service apt-daily-upgrade.service apt-daily.timer apt-daily-upgrade.timer motd-news.service motd-news.timer apport
2026-09-22T18:41:16.7097490Z + systemctl disable --now motd-news.service
2026-09-22T18:41:16.8774198Z + systemctl mask motd-news.service
2026-09-22T18:41:17.0375392Z + for unit in apparmor ModemManager irqbalance apt-daily.service apt-daily-upgrade.service apt-daily.timer apt-daily-upgrade.timer motd-news.service motd-news.timer apport
2026-09-22T18:41:17.0376351Z + systemctl disable --now motd-news.timer
2026-09-22T18:41:17.2055476Z + systemctl mask motd-news.timer
2026-09-22T18:41:17.3654879Z + for unit in apparmor ModemManager irqbalance apt-daily.service apt-daily-upgrade.service apt-daily.timer apt-daily-upgrade.timer motd-news.service motd-news.timer apport
2026-09-22T18:41:17.3655815Z + systemctl disable --now apport
2026-09-22T18:41:17.8565147Z + systemctl mask apport
2026-09-22T18:41:18.0242318Z + aa-teardown
2026-09-22T18:41:18.0370501Z Unloading AppArmor profiles
2026-09-22T18:41:18.0407444Z + node_dirs=(/sys/devices/system/node/node[0-9]*)
2026-09-22T18:41:18.0407860Z + [[ 1 -gt 1 ]]
2026-09-22T18:41:18.0414046Z ++ sort -un
2026-09-22T18:41:18.0414795Z ++ paste -sd, -
2026-09-22T18:41:18.0421613Z +++ cat /sys/devices/system/cpu/cpu0/topology/thread_siblings_list /sys/devices/system/cpu/cpu1/topology/thread_siblings_list
2026-09-22T18:41:18.0422283Z +++ paste -sd, -
2026-09-22T18:41:18.0436286Z ++ expand_cpulist 0,48,1,49
2026-09-22T18:41:18.0436611Z ++ [[ -n 0,48,1,49 ]]
2026-09-22T18:41:18.0437113Z ++ local parts part
2026-09-22T18:41:18.0437404Z ++ IFS=,
2026-09-22T18:41:18.0437665Z ++ read -ra parts
2026-09-22T18:41:18.0437969Z ++ for part in "${parts[@]}"
2026-09-22T18:41:18.0438286Z ++ seq 0 0
2026-09-22T18:41:18.0461073Z ++ for part in "${parts[@]}"
2026-09-22T18:41:18.0461402Z ++ seq 48 48
2026-09-22T18:41:18.0468973Z ++ for part in "${parts[@]}"
2026-09-22T18:41:18.0469272Z ++ seq 1 1
2026-09-22T18:41:18.0476519Z ++ for part in "${parts[@]}"
2026-09-22T18:41:18.0476821Z ++ seq 49 49
2026-09-22T18:41:18.0488294Z + HOUSEKEEPING_CPUS=0,1,48,49
2026-09-22T18:41:18.0488603Z + bench=()
2026-09-22T18:41:18.0494337Z +++ cat /sys/devices/system/cpu/online
2026-09-22T18:41:18.0501577Z ++ expand_cpulist 0-95
2026-09-22T18:41:18.0501913Z ++ [[ -n 0-95 ]]
2026-09-22T18:41:18.0502193Z ++ local parts part
2026-09-22T18:41:18.0502480Z ++ IFS=,
2026-09-22T18:41:18.0502750Z ++ read -ra parts
2026-09-22T18:41:18.0503033Z ++ for part in "${parts[@]}"
2026-09-22T18:41:18.0503335Z ++ seq 0 95
2026-09-22T18:41:18.0512866Z + for cpu in $(expand_cpulist "$(cat /sys/devices/system/cpu/online)")
2026-09-22T18:41:18.0513313Z + [[ ,0,1,48,49, == *\,\0\,* ]]
2026-09-22T18:41:18.0513725Z + for cpu in $(expand_cpulist "$(cat /sys/devices/system/cpu/online)")
2026-09-22T18:41:18.0514167Z + [[ ,0,1,48,49, == *\,\1\,* ]]
2026-09-22T18:41:18.0514569Z + for cpu in $(expand_cpulist "$(cat /sys/devices/system/cpu/online)")
2026-09-22T18:41:18.0514984Z + [[ ,0,1,48,49, == *\,\2\,* ]]
2026-09-22T18:41:18.0515280Z + bench+=("$cpu")
2026-09-22T18:41:18.0515650Z + for cpu in $(expand_cpulist "$(cat /sys/devices/system/cpu/online)")
2026-09-22T18:41:18.0516069Z + [[ ,0,1,48,49, == *\,\3\,* ]]
2026-09-22T18:41:18.0516360Z + bench+=("$cpu")
2026-09-22T18:41:18.0516720Z + for cpu in $(expand_cpulist "$(cat /sys/devices/system/cpu/online)")
2026-09-22T18:41:18.0517164Z + [[ ,0,1,48,49, == *\,\4\,* ]]
2026-09-22T18:41:18.0533826Z + bench+=("$cpu")
2026-09-22T18:41:18.0534313Z + for cpu in $(expand_cpulist "$(cat /sys/devices/system/cpu/online)")
2026-09-22T18:41:18.0534781Z + [[ ,0,1,48,49, == *\,\5\,* ]]
2026-09-22T18:41:18.0535178Z + bench+=("$cpu")
2026-09-22T18:41:18.0535568Z + for cpu in $(expand_cpulist "$(cat /sys/devices/system/cpu/online)")
2026-09-22T18:41:18.0536254Z + [[ ,0,1,48,49, == *\,\6\,* ]]
2026-09-22T18:41:18.0536577Z + bench+=("$cpu")
2026-09-22T18:41:18.0536998Z + for cpu in $(expand_cpulist "$(cat /sys/devices/system/cpu/online)")
2026-09-22T18:41:18.0537425Z + [[ ,0,1,48,49, == *\,\7\,* ]]
2026-09-22T18:41:18.0537728Z + bench+=("$cpu")
2026-09-22T18:41:18.0538101Z + for cpu in $(expand_cpulist "$(cat /sys/devices/system/cpu/online)")
2026-09-22T18:41:18.0538592Z + [[ ,0,1,48,49, == *\,\8\,* ]]
2026-09-22T18:41:18.0538895Z + bench+=("$cpu")
2026-09-22T18:41:18.0539268Z + for cpu in $(expand_cpulist "$(cat /sys/devices/system/cpu/online)")
2026-09-22T18:41:18.0539687Z + [[ ,0,1,48,49, == *\,\9\,* ]]
2026-09-22T18:41:18.0539989Z + bench+=("$cpu")
2026-09-22T18:41:18.0540365Z + for cpu in $(expand_cpulist "$(cat /sys/devices/system/cpu/online)")
2026-09-22T18:41:18.0540785Z + [[ ,0,1,48,49, == *\,\1\0\,* ]]
2026-09-22T18:41:18.0541102Z + bench+=("$cpu")
2026-09-22T18:41:18.0541458Z + for cpu in $(expand_cpulist "$(cat /sys/devices/system/cpu/online)")
2026-09-22T18:41:18.0541887Z + [[ ,0,1,48,49, == *\,\1\1\,* ]]
2026-09-22T18:41:18.0542194Z + bench+=("$cpu")
2026-09-22T18:41:18.0542550Z + for cpu in $(expand_cpulist "$(cat /sys/devices/system/cpu/online)")
2026-09-22T18:41:18.0542966Z + [[ ,0,1,48,49, == *\,\1\2\,* ]]
2026-09-22T18:41:18.0543275Z + bench+=("$cpu")
2026-09-22T18:41:18.0543631Z + for cpu in $(expand_cpulist "$(cat /sys/devices/system/cpu/online)")
2026-09-22T18:41:18.0544049Z + [[ ,0,1,48,49, == *\,\1\3\,* ]]
2026-09-22T18:41:18.0544352Z + bench+=("$cpu")
2026-09-22T18:41:18.0544702Z + for cpu in $(expand_cpulist "$(cat /sys/devices/system/cpu/online)")
2026-09-22T18:41:18.0545121Z + [[ ,0,1,48,49, == *\,\1\4\,* ]]
2026-09-22T18:41:18.0545422Z + bench+=("$cpu")
2026-09-22T18:41:18.0545773Z + for cpu in $(expand_cpulist "$(cat /sys/devices/system/cpu/online)")
2026-09-22T18:41:18.0546179Z + [[ ,0,1,48,49, == *\,\1\5\,* ]]
2026-09-22T18:41:18.0546488Z + bench+=("$cpu")
2026-09-22T18:41:18.0546839Z + for cpu in $(expand_cpulist "$(cat /sys/devices/system/cpu/online)")
2026-09-22T18:41:18.0547294Z + [[ ,0,1,48,49, == *\,\1\6\,* ]]
2026-09-22T18:41:18.0547607Z + bench+=("$cpu")
2026-09-22T18:41:18.0547963Z + for cpu in $(expand_cpulist "$(cat /sys/devices/system/cpu/online)")
2026-09-22T18:41:18.0548377Z + [[ ,0,1,48,49, == *\,\1\7\,* ]]
2026-09-22T18:41:18.0548689Z + bench+=("$cpu")
2026-09-22T18:41:18.0549050Z + for cpu in $(expand_cpulist "$(cat /sys/devices/system/cpu/online)")
2026-09-22T18:41:18.0549462Z + [[ ,0,1,48,49, == *\,\1\8\,* ]]
2026-09-22T18:41:18.0549768Z + bench+=("$cpu")
2026-09-22T18:41:18.0550135Z + for cpu in $(expand_cpulist "$(cat /sys/devices/system/cpu/online)")
2026-09-22T18:41:18.0550552Z + [[ ,0,1,48,49, == *\,\1\9\,* ]]
2026-09-22T18:41:18.0550852Z + bench+=("$cpu")
2026-09-22T18:41:18.0551215Z + for cpu in $(expand_cpulist "$(cat /sys/devices/system/cpu/online)")
2026-09-22T18:41:18.0551629Z + [[ ,0,1,48,49, == *\,\2\0\,* ]]
2026-09-22T18:41:18.0551936Z + bench+=("$cpu")
2026-09-22T18:41:18.0552298Z + for cpu in $(expand_cpulist "$(cat /sys/devices/system/cpu/online)")
2026-09-22T18:41:18.0552713Z + [[ ,0,1,48,49, == *\,\2\1\,* ]]
2026-09-22T18:41:18.0553015Z + bench+=("$cpu")
2026-09-22T18:41:18.0553367Z + for cpu in $(expand_cpulist "$(cat /sys/devices/system/cpu/online)")
2026-09-22T18:41:18.0553787Z + [[ ,0,1,48,49, == *\,\2\2\,* ]]
2026-09-22T18:41:18.0554087Z + bench+=("$cpu")
2026-09-22T18:41:18.0554451Z + for cpu in $(expand_cpulist "$(cat /sys/devices/system/cpu/online)")
2026-09-22T18:41:18.0554868Z + [[ ,0,1,48,49, == *\,\2\3\,* ]]
2026-09-22T18:41:18.0555166Z + bench+=("$cpu")
2026-09-22T18:41:18.0555516Z + for cpu in $(expand_cpulist "$(cat /sys/devices/system/cpu/online)")
2026-09-22T18:41:18.0555931Z + [[ ,0,1,48,49, == *\,\2\4\,* ]]
2026-09-22T18:41:18.0556232Z + bench+=("$cpu")
2026-09-22T18:41:18.0556583Z + for cpu in $(expand_cpulist "$(cat /sys/devices/system/cpu/online)")
2026-09-22T18:41:18.0557029Z + [[ ,0,1,48,49, == *\,\2\5\,* ]]
2026-09-22T18:41:18.0557344Z + bench+=("$cpu")
2026-09-22T18:41:18.0557699Z + for cpu in $(expand_cpulist "$(cat /sys/devices/system/cpu/online)")
2026-09-22T18:41:18.0558196Z + [[ ,0,1,48,49, == *\,\2\6\,* ]]
2026-09-22T18:41:18.0558508Z + bench+=("$cpu")
2026-09-22T18:41:18.0558863Z + for cpu in $(expand_cpulist "$(cat /sys/devices/system/cpu/online)")
2026-09-22T18:41:18.0559276Z + [[ ,0,1,48,49, == *\,\2\7\,* ]]
2026-09-22T18:41:18.0559586Z + bench+=("$cpu")
2026-09-22T18:41:18.0560001Z + for cpu in $(expand_cpulist "$(cat /sys/devices/system/cpu/online)")
2026-09-22T18:41:18.0560409Z + [[ ,0,1,48,49, == *\,\2\8\,* ]]
2026-09-22T18:41:18.0560710Z + bench+=("$cpu")
2026-09-22T18:41:18.0561072Z + for cpu in $(expand_cpulist "$(cat /sys/devices/system/cpu/online)")
2026-09-22T18:41:18.0561479Z + [[ ,0,1,48,49, == *\,\2\9\,* ]]
2026-09-22T18:41:18.0561780Z + bench+=("$cpu")
2026-09-22T18:41:18.0562138Z + for cpu in $(expand_cpulist "$(cat /sys/devices/system/cpu/online)")
2026-09-22T18:41:18.0562542Z + [[ ,0,1,48,49, == *\,\3\0\,* ]]
2026-09-22T18:41:18.0562838Z + bench+=("$cpu")
2026-09-22T18:41:18.0563209Z + for cpu in $(expand_cpulist "$(cat /sys/devices/system/cpu/online)")
2026-09-22T18:41:18.0563618Z + [[ ,0,1,48,49, == *\,\3\1\,* ]]
2026-09-22T18:41:18.0563918Z + bench+=("$cpu")
2026-09-22T18:41:18.0564282Z + for cpu in $(expand_cpulist "$(cat /sys/devices/system/cpu/online)")
2026-09-22T18:41:18.0564691Z + [[ ,0,1,48,49, == *\,\3\2\,* ]]
2026-09-22T18:41:18.0564998Z + bench+=("$cpu")
2026-09-22T18:41:18.0565352Z + for cpu in $(expand_cpulist "$(cat /sys/devices/system/cpu/online)")
2026-09-22T18:41:18.0565770Z + [[ ,0,1,48,49, == *\,\3\3\,* ]]
2026-09-22T18:41:18.0566075Z + bench+=("$cpu")
2026-09-22T18:41:18.0566430Z + for cpu in $(expand_cpulist "$(cat /sys/devices/system/cpu/online)")
2026-09-22T18:41:18.0566876Z + [[ ,0,1,48,49, == *\,\3\4\,* ]]
2026-09-22T18:41:18.0567181Z + bench+=("$cpu")
2026-09-22T18:41:18.0567541Z + for cpu in $(expand_cpulist "$(cat /sys/devices/system/cpu/online)")
2026-09-22T18:41:18.0567960Z + [[ ,0,1,48,49, == *\,\3\5\,* ]]
2026-09-22T18:41:18.0568264Z + bench+=("$cpu")
2026-09-22T18:41:18.0568622Z + for cpu in $(expand_cpulist "$(cat /sys/devices/system/cpu/online)")
2026-09-22T18:41:18.0569027Z + [[ ,0,1,48,49, == *\,\3\6\,* ]]
2026-09-22T18:41:18.0569340Z + bench+=("$cpu")
2026-09-22T18:41:18.0569698Z + for cpu in $(expand_cpulist "$(cat /sys/devices/system/cpu/online)")
2026-09-22T18:41:18.0570108Z + [[ ,0,1,48,49, == *\,\3\7\,* ]]
2026-09-22T18:41:18.0570420Z + bench+=("$cpu")
2026-09-22T18:41:18.0570775Z + for cpu in $(expand_cpulist "$(cat /sys/devices/system/cpu/online)")
2026-09-22T18:41:18.0571188Z + [[ ,0,1,48,49, == *\,\3\8\,* ]]
2026-09-22T18:41:18.0571491Z + bench+=("$cpu")
2026-09-22T18:41:18.0571842Z + for cpu in $(expand_cpulist "$(cat /sys/devices/system/cpu/online)")
2026-09-22T18:41:18.0572255Z + [[ ,0,1,48,49, == *\,\3\9\,* ]]
2026-09-22T18:41:18.0572551Z + bench+=("$cpu")
2026-09-22T18:41:18.0572915Z + for cpu in $(expand_cpulist "$(cat /sys/devices/system/cpu/online)")
2026-09-22T18:41:18.0573332Z + [[ ,0,1,48,49, == *\,\4\0\,* ]]
2026-09-22T18:41:18.0573637Z + bench+=("$cpu")
2026-09-22T18:41:18.0573999Z + for cpu in $(expand_cpulist "$(cat /sys/devices/system/cpu/online)")
2026-09-22T18:41:18.0574411Z + [[ ,0,1,48,49, == *\,\4\1\,* ]]
2026-09-22T18:41:18.0574712Z + bench+=("$cpu")
2026-09-22T18:41:18.0575074Z + for cpu in $(expand_cpulist "$(cat /sys/devices/system/cpu/online)")
2026-09-22T18:41:18.0575491Z + [[ ,0,1,48,49, == *\,\4\2\,* ]]
2026-09-22T18:41:18.0575798Z + bench+=("$cpu")
2026-09-22T18:41:18.0576155Z + for cpu in $(expand_cpulist "$(cat /sys/devices/system/cpu/online)")
2026-09-22T18:41:18.0576580Z + [[ ,0,1,48,49, == *\,\4\3\,* ]]
2026-09-22T18:41:18.0576903Z + bench+=("$cpu")
2026-09-22T18:41:18.0577261Z + for cpu in $(expand_cpulist "$(cat /sys/devices/system/cpu/online)")
2026-09-22T18:41:18.0577681Z + [[ ,0,1,48,49, == *\,\4\4\,* ]]
2026-09-22T18:41:18.0577982Z + bench+=("$cpu")
2026-09-22T18:41:18.0578340Z + for cpu in $(expand_cpulist "$(cat /sys/devices/system/cpu/online)")
2026-09-22T18:41:18.0578757Z + [[ ,0,1,48,49, == *\,\4\5\,* ]]
2026-09-22T18:41:18.0579128Z + bench+=("$cpu")
2026-09-22T18:41:18.0579482Z + for cpu in $(expand_cpulist "$(cat /sys/devices/system/cpu/online)")
2026-09-22T18:41:18.0579899Z + [[ ,0,1,48,49, == *\,\4\6\,* ]]
2026-09-22T18:41:18.0580204Z + bench+=("$cpu")
2026-09-22T18:41:18.0580558Z + for cpu in $(expand_cpulist "$(cat /sys/devices/system/cpu/online)")
2026-09-22T18:41:18.0581032Z + [[ ,0,1,48,49, == *\,\4\7\,* ]]
2026-09-22T18:41:18.0581343Z + bench+=("$cpu")
2026-09-22T18:41:18.0581697Z + for cpu in $(expand_cpulist "$(cat /sys/devices/system/cpu/online)")
2026-09-22T18:41:18.0582107Z + [[ ,0,1,48,49, == *\,\4\8\,* ]]
2026-09-22T18:41:18.0582501Z + for cpu in $(expand_cpulist "$(cat /sys/devices/system/cpu/online)")
2026-09-22T18:41:18.0582908Z + [[ ,0,1,48,49, == *\,\4\9\,* ]]
2026-09-22T18:41:18.0583294Z + for cpu in $(expand_cpulist "$(cat /sys/devices/system/cpu/online)")
2026-09-22T18:41:18.0583705Z + [[ ,0,1,48,49, == *\,\5\0\,* ]]
2026-09-22T18:41:18.0584002Z + bench+=("$cpu")
2026-09-22T18:41:18.0584357Z + for cpu in $(expand_cpulist "$(cat /sys/devices/system/cpu/online)")
2026-09-22T18:41:18.0584775Z + [[ ,0,1,48,49, == *\,\5\1\,* ]]
2026-09-22T18:41:18.0585073Z + bench+=("$cpu")
2026-09-22T18:41:18.0585427Z + for cpu in $(expand_cpulist "$(cat /sys/devices/system/cpu/online)")
2026-09-22T18:41:18.0585839Z + [[ ,0,1,48,49, == *\,\5\2\,* ]]
2026-09-22T18:41:18.0586154Z + bench+=("$cpu")
2026-09-22T18:41:18.0586510Z + for cpu in $(expand_cpulist "$(cat /sys/devices/system/cpu/online)")
2026-09-22T18:41:18.0586944Z + [[ ,0,1,48,49, == *\,\5\3\,* ]]
2026-09-22T18:41:18.0587257Z + bench+=("$cpu")
2026-09-22T18:41:18.0587614Z + for cpu in $(expand_cpulist "$(cat /sys/devices/system/cpu/online)")
2026-09-22T18:41:18.0588022Z + [[ ,0,1,48,49, == *\,\5\4\,* ]]
2026-09-22T18:41:18.0588329Z + bench+=("$cpu")
2026-09-22T18:41:18.0588685Z + for cpu in $(expand_cpulist "$(cat /sys/devices/system/cpu/online)")
2026-09-22T18:41:18.0589087Z + [[ ,0,1,48,49, == *\,\5\5\,* ]]
2026-09-22T18:41:18.0589397Z + bench+=("$cpu")
2026-09-22T18:41:18.0589762Z + for cpu in $(expand_cpulist "$(cat /sys/devices/system/cpu/online)")
2026-09-22T18:41:18.0590167Z + [[ ,0,1,48,49, == *\,\5\6\,* ]]
2026-09-22T18:41:18.0590463Z + bench+=("$cpu")
2026-09-22T18:41:18.0590823Z + for cpu in $(expand_cpulist "$(cat /sys/devices/system/cpu/online)")
2026-09-22T18:41:18.0591236Z + [[ ,0,1,48,49, == *\,\5\7\,* ]]
2026-09-22T18:41:18.0591537Z + bench+=("$cpu")
2026-09-22T18:41:18.0591885Z + for cpu in $(expand_cpulist "$(cat /sys/devices/system/cpu/online)")
2026-09-22T18:41:18.0592320Z + [[ ,0,1,48,49, == *\,\5\8\,* ]]
2026-09-22T18:41:18.0592621Z + bench+=("$cpu")
2026-09-22T18:41:18.0592969Z + for cpu in $(expand_cpulist "$(cat /sys/devices/system/cpu/online)")
2026-09-22T18:41:18.0593402Z + [[ ,0,1,48,49, == *\,\5\9\,* ]]
2026-09-22T18:41:18.0593703Z + bench+=("$cpu")
2026-09-22T18:41:18.0594057Z + for cpu in $(expand_cpulist "$(cat /sys/devices/system/cpu/online)")
2026-09-22T18:41:18.0594491Z + [[ ,0,1,48,49, == *\,\6\0\,* ]]
2026-09-22T18:41:18.0594791Z + bench+=("$cpu")
2026-09-22T18:41:18.0595144Z + for cpu in $(expand_cpulist "$(cat /sys/devices/system/cpu/online)")
2026-09-22T18:41:18.0595589Z + [[ ,0,1,48,49, == *\,\6\1\,* ]]
2026-09-22T18:41:18.0595883Z + bench+=("$cpu")
2026-09-22T18:41:18.0596231Z + for cpu in $(expand_cpulist "$(cat /sys/devices/system/cpu/online)")
2026-09-22T18:41:18.0596653Z + [[ ,0,1,48,49, == *\,\6\2\,* ]]
2026-09-22T18:41:18.0597037Z + bench+=("$cpu")
2026-09-22T18:41:18.0597402Z + for cpu in $(expand_cpulist "$(cat /sys/devices/system/cpu/online)")
2026-09-22T18:41:18.0597830Z + [[ ,0,1,48,49, == *\,\6\3\,* ]]
2026-09-22T18:41:18.0598136Z + bench+=("$cpu")
2026-09-22T18:41:18.0598495Z + for cpu in $(expand_cpulist "$(cat /sys/devices/system/cpu/online)")
2026-09-22T18:41:18.0598932Z + [[ ,0,1,48,49, == *\,\6\4\,* ]]
2026-09-22T18:41:18.0599236Z + bench+=("$cpu")
2026-09-22T18:41:18.0599595Z + for cpu in $(expand_cpulist "$(cat /sys/devices/system/cpu/online)")
2026-09-22T18:41:18.0600102Z + [[ ,0,1,48,49, == *\,\6\5\,* ]]
2026-09-22T18:41:18.0600406Z + bench+=("$cpu")
2026-09-22T18:41:18.0600765Z + for cpu in $(expand_cpulist "$(cat /sys/devices/system/cpu/online)")
2026-09-22T18:41:18.0601192Z + [[ ,0,1,48,49, == *\,\6\6\,* ]]
2026-09-22T18:41:18.0601497Z + bench+=("$cpu")
2026-09-22T18:41:18.0601856Z + for cpu in $(expand_cpulist "$(cat /sys/devices/system/cpu/online)")
2026-09-22T18:41:18.0602321Z + [[ ,0,1,48,49, == *\,\6\7\,* ]]
2026-09-22T18:41:18.0602628Z + bench+=("$cpu")
2026-09-22T18:41:18.0602988Z + for cpu in $(expand_cpulist "$(cat /sys/devices/system/cpu/online)")
2026-09-22T18:41:18.0603397Z + [[ ,0,1,48,49, == *\,\6\8\,* ]]
2026-09-22T18:41:18.0603703Z + bench+=("$cpu")
2026-09-22T18:41:18.0604057Z + for cpu in $(expand_cpulist "$(cat /sys/devices/system/cpu/online)")
2026-09-22T18:41:18.0604462Z + [[ ,0,1,48,49, == *\,\6\9\,* ]]
2026-09-22T18:41:18.0604768Z + bench+=("$cpu")
2026-09-22T18:41:18.0605118Z + for cpu in $(expand_cpulist "$(cat /sys/devices/system/cpu/online)")
2026-09-22T18:41:18.0605529Z + [[ ,0,1,48,49, == *\,\7\0\,* ]]
2026-09-22T18:41:18.0605834Z + bench+=("$cpu")
2026-09-22T18:41:18.0606186Z + for cpu in $(expand_cpulist "$(cat /sys/devices/system/cpu/online)")
2026-09-22T18:41:18.0606594Z + [[ ,0,1,48,49, == *\,\7\1\,* ]]
2026-09-22T18:41:18.0606921Z + bench+=("$cpu")
2026-09-22T18:41:18.0607293Z + for cpu in $(expand_cpulist "$(cat /sys/devices/system/cpu/online)")
2026-09-22T18:41:18.0607701Z + [[ ,0,1,48,49, == *\,\7\2\,* ]]
2026-09-22T18:41:18.0608003Z + bench+=("$cpu")
2026-09-22T18:41:18.0608367Z + for cpu in $(expand_cpulist "$(cat /sys/devices/system/cpu/online)")
2026-09-22T18:41:18.0608776Z + [[ ,0,1,48,49, == *\,\7\3\,* ]]
2026-09-22T18:41:18.0609078Z + bench+=("$cpu")
2026-09-22T18:41:18.0609441Z + for cpu in $(expand_cpulist "$(cat /sys/devices/system/cpu/online)")
2026-09-22T18:41:18.0609847Z + [[ ,0,1,48,49, == *\,\7\4\,* ]]
2026-09-22T18:41:18.0610148Z + bench+=("$cpu")
2026-09-22T18:41:18.0610497Z + for cpu in $(expand_cpulist "$(cat /sys/devices/system/cpu/online)")
2026-09-22T18:41:18.0610921Z + [[ ,0,1,48,49, == *\,\7\5\,* ]]
2026-09-22T18:41:18.0611223Z + bench+=("$cpu")
2026-09-22T18:41:18.0611574Z + for cpu in $(expand_cpulist "$(cat /sys/devices/system/cpu/online)")
2026-09-22T18:41:18.0611987Z + [[ ,0,1,48,49, == *\,\7\6\,* ]]
2026-09-22T18:41:18.0612292Z + bench+=("$cpu")
2026-09-22T18:41:18.0612649Z + for cpu in $(expand_cpulist "$(cat /sys/devices/system/cpu/online)")
2026-09-22T18:41:18.0613065Z + [[ ,0,1,48,49, == *\,\7\7\,* ]]
2026-09-22T18:41:18.0613362Z + bench+=("$cpu")
2026-09-22T18:41:18.0613715Z + for cpu in $(expand_cpulist "$(cat /sys/devices/system/cpu/online)")
2026-09-22T18:41:18.0614128Z + [[ ,0,1,48,49, == *\,\7\8\,* ]]
2026-09-22T18:41:18.0614440Z + bench+=("$cpu")
2026-09-22T18:41:18.0614794Z + for cpu in $(expand_cpulist "$(cat /sys/devices/system/cpu/online)")
2026-09-22T18:41:18.0615210Z + [[ ,0,1,48,49, == *\,\7\9\,* ]]
2026-09-22T18:41:18.0615515Z + bench+=("$cpu")
2026-09-22T18:41:18.0615870Z + for cpu in $(expand_cpulist "$(cat /sys/devices/system/cpu/online)")
2026-09-22T18:41:18.0616282Z + [[ ,0,1,48,49, == *\,\8\0\,* ]]
2026-09-22T18:41:18.0616591Z + bench+=("$cpu")
2026-09-22T18:41:18.0616979Z + for cpu in $(expand_cpulist "$(cat /sys/devices/system/cpu/online)")
2026-09-22T18:41:18.0617395Z + [[ ,0,1,48,49, == *\,\8\1\,* ]]
2026-09-22T18:41:18.0617695Z + bench+=("$cpu")
2026-09-22T18:41:18.0618060Z + for cpu in $(expand_cpulist "$(cat /sys/devices/system/cpu/online)")
2026-09-22T18:41:18.0618473Z + [[ ,0,1,48,49, == *\,\8\2\,* ]]
2026-09-22T18:41:18.0618775Z + bench+=("$cpu")
2026-09-22T18:41:18.0619140Z + for cpu in $(expand_cpulist "$(cat /sys/devices/system/cpu/online)")
2026-09-22T18:41:18.0619553Z + [[ ,0,1,48,49, == *\,\8\3\,* ]]
2026-09-22T18:41:18.0619853Z + bench+=("$cpu")
2026-09-22T18:41:18.0620213Z + for cpu in $(expand_cpulist "$(cat /sys/devices/system/cpu/online)")
2026-09-22T18:41:18.0620622Z + [[ ,0,1,48,49, == *\,\8\4\,* ]]
2026-09-22T18:41:18.0620920Z + bench+=("$cpu")
2026-09-22T18:41:18.0621338Z + for cpu in $(expand_cpulist "$(cat /sys/devices/system/cpu/online)")
2026-09-22T18:41:18.0621753Z + [[ ,0,1,48,49, == *\,\8\5\,* ]]
2026-09-22T18:41:18.0622053Z + bench+=("$cpu")
2026-09-22T18:41:18.0622403Z + for cpu in $(expand_cpulist "$(cat /sys/devices/system/cpu/online)")
2026-09-22T18:41:18.0622816Z + [[ ,0,1,48,49, == *\,\8\6\,* ]]
2026-09-22T18:41:18.0623114Z + bench+=("$cpu")
2026-09-22T18:41:18.0623526Z + for cpu in $(expand_cpulist "$(cat /sys/devices/system/cpu/online)")
2026-09-22T18:41:18.0623943Z + [[ ,0,1,48,49, == *\,\8\7\,* ]]
2026-09-22T18:41:18.0624244Z + bench+=("$cpu")
2026-09-22T18:41:18.0624596Z + for cpu in $(expand_cpulist "$(cat /sys/devices/system/cpu/online)")
2026-09-22T18:41:18.0625014Z + [[ ,0,1,48,49, == *\,\8\8\,* ]]
2026-09-22T18:41:18.0625313Z + bench+=("$cpu")
2026-09-22T18:41:18.0625668Z + for cpu in $(expand_cpulist "$(cat /sys/devices/system/cpu/online)")
2026-09-22T18:41:18.0626076Z + [[ ,0,1,48,49, == *\,\8\9\,* ]]
2026-09-22T18:41:18.0626387Z + bench+=("$cpu")
2026-09-22T18:41:18.0626752Z + for cpu in $(expand_cpulist "$(cat /sys/devices/system/cpu/online)")
2026-09-22T18:41:18.0627189Z + [[ ,0,1,48,49, == *\,\9\0\,* ]]
2026-09-22T18:41:18.0627506Z + bench+=("$cpu")
2026-09-22T18:41:18.0627866Z + for cpu in $(expand_cpulist "$(cat /sys/devices/system/cpu/online)")
2026-09-22T18:41:18.0628278Z + [[ ,0,1,48,49, == *\,\9\1\,* ]]
2026-09-22T18:41:18.0628596Z + bench+=("$cpu")
2026-09-22T18:41:18.0628949Z + for cpu in $(expand_cpulist "$(cat /sys/devices/system/cpu/online)")
2026-09-22T18:41:18.0629360Z + [[ ,0,1,48,49, == *\,\9\2\,* ]]
2026-09-22T18:41:18.0629661Z + bench+=("$cpu")
2026-09-22T18:41:18.0630028Z + for cpu in $(expand_cpulist "$(cat /sys/devices/system/cpu/online)")
2026-09-22T18:41:18.0630438Z + [[ ,0,1,48,49, == *\,\9\3\,* ]]
2026-09-22T18:41:18.0630736Z + bench+=("$cpu")
2026-09-22T18:41:18.0631095Z + for cpu in $(expand_cpulist "$(cat /sys/devices/system/cpu/online)")
2026-09-22T18:41:18.0631503Z + [[ ,0,1,48,49, == *\,\9\4\,* ]]
2026-09-22T18:41:18.0631804Z + bench+=("$cpu")
2026-09-22T18:41:18.0632159Z + for cpu in $(expand_cpulist "$(cat /sys/devices/system/cpu/online)")
2026-09-22T18:41:18.0632570Z + [[ ,0,1,48,49, == *\,\9\5\,* ]]
2026-09-22T18:41:18.0632867Z + bench+=("$cpu")
2026-09-22T18:41:18.0633133Z ++ IFS=,
2026-09-22T18:41:18.0633814Z ++ echo 2,3,4,5,6,7,8,9,10,11,12,13,14,15,16,17,18,19,20,21,22,23,24,25,26,27,28,29,30,31,32,33,34,35,36,37,38,39,40,41,42,43,44,45,46,47,50,51,52,53,54,55,56,57,58,59,60,61,62,63,64,65,66,67,68,69,70,71,72,73,74,75,76,77,78,79,80,81,82,83,84,85,86,87,88,89,90,91,92,93,94,95
2026-09-22T18:41:18.0634961Z + BENCH_CPUS=2,3,4,5,6,7,8,9,10,11,12,13,14,15,16,17,18,19,20,21,22,23,24,25,26,27,28,29,30,31,32,33,34,35,36,37,38,39,40,41,42,43,44,45,46,47,50,51,52,53,54,55,56,57,58,59,60,61,62,63,64,65,66,67,68,69,70,71,72,73,74,75,76,77,78,79,80,81,82,83,84,85,86,87,88,89,90,91,92,93,94,95
2026-09-22T18:41:18.0635706Z + NET_IRQS=()
2026-09-22T18:41:18.0635991Z + declare -A NET_IRQS
2026-09-22T18:41:18.0636284Z + bench_cpu_arr=()
2026-09-22T18:41:18.0636560Z + IFS=
2026-09-22T18:41:18.0636803Z + read -r cpu
2026-09-22T18:41:18.0637553Z ++ expand_cpulist 2,3,4,5,6,7,8,9,10,11,12,13,14,15,16,17,18,19,20,21,22,23,24,25,26,27,28,29,30,31,32,33,34,35,36,37,38,39,40,41,42,43,44,45,46,47,50,51,52,53,54,55,56,57,58,59,60,61,62,63,64,65,66,67,68,69,70,71,72,73,74,75,76,77,78,79,80,81,82,83,84,85,86,87,88,89,90,91,92,93,94,95
2026-09-22T18:41:18.0638789Z ++ [[ -n 2,3,4,5,6,7,8,9,10,11,12,13,14,15,16,17,18,19,20,21,22,23,24,25,26,27,28,29,30,31,32,33,34,35,36,37,38,39,40,41,42,43,44,45,46,47,50,51,52,53,54,55,56,57,58,59,60,61,62,63,64,65,66,67,68,69,70,71,72,73,74,75,76,77,78,79,80,81,82,83,84,85,86,87,88,89,90,91,92,93,94,95 ]]
2026-09-22T18:41:18.0639536Z ++ local parts part
2026-09-22T18:41:18.0639811Z ++ IFS=,
2026-09-22T18:41:18.0640071Z ++ read -ra parts
2026-09-22T18:41:18.0640350Z ++ for part in "${parts[@]}"
2026-09-22T18:41:18.0640651Z ++ seq 2 2
2026-09-22T18:41:18.0640913Z + bench_cpu_arr+=("$cpu")
2026-09-22T18:41:18.0641376Z + IFS=
2026-09-22T18:41:18.0641627Z + read -r cpu
2026-09-22T18:41:18.0641900Z ++ for part in "${parts[@]}"
2026-09-22T18:41:18.0642210Z ++ seq 3 3
2026-09-22T18:41:18.0642466Z + bench_cpu_arr+=("$cpu")
2026-09-22T18:41:18.0642755Z + IFS=
2026-09-22T18:41:18.0643001Z + read -r cpu
2026-09-22T18:41:18.0643283Z ++ for part in "${parts[@]}"
2026-09-22T18:41:18.0643580Z ++ seq 4 4
2026-09-22T18:41:18.0643889Z + bench_cpu_arr+=("$cpu")
2026-09-22T18:41:18.0644180Z + IFS=
2026-09-22T18:41:18.0644427Z + read -r cpu
2026-09-22T18:41:18.0644697Z ++ for part in "${parts[@]}"
2026-09-22T18:41:18.0644994Z ++ seq 5 5
2026-09-22T18:41:18.0645262Z + bench_cpu_arr+=("$cpu")
2026-09-22T18:41:18.0645551Z + IFS=
2026-09-22T18:41:18.0645797Z + read -r cpu
2026-09-22T18:41:18.0646083Z ++ for part in "${parts[@]}"
2026-09-22T18:41:18.0646376Z ++ seq 6 6
2026-09-22T18:41:18.0646636Z + bench_cpu_arr+=("$cpu")
2026-09-22T18:41:18.0646943Z + IFS=
2026-09-22T18:41:18.0647201Z + read -r cpu
2026-09-22T18:41:18.0647472Z ++ for part in "${parts[@]}"
2026-09-22T18:41:18.0647776Z ++ seq 7 7
2026-09-22T18:41:18.0648043Z + bench_cpu_arr+=("$cpu")
2026-09-22T18:41:18.0648331Z + IFS=
2026-09-22T18:41:18.0648582Z + read -r cpu
2026-09-22T18:41:18.0648854Z ++ for part in "${parts[@]}"
2026-09-22T18:41:18.0649160Z ++ seq 8 8
2026-09-22T18:41:18.0649420Z + bench_cpu_arr+=("$cpu")
2026-09-22T18:41:18.0649704Z + IFS=
2026-09-22T18:41:18.0649961Z + read -r cpu
2026-09-22T18:41:18.0650230Z ++ for part in "${parts[@]}"
2026-09-22T18:41:18.0650528Z ++ seq 9 9
2026-09-22T18:41:18.0650791Z + bench_cpu_arr+=("$cpu")
2026-09-22T18:41:18.0651086Z + IFS=
2026-09-22T18:41:18.0651331Z + read -r cpu
2026-09-22T18:41:18.0651600Z ++ for part in "${parts[@]}"
2026-09-22T18:41:18.0651910Z ++ seq 10 10
2026-09-22T18:41:18.0652196Z + bench_cpu_arr+=("$cpu")
2026-09-22T18:41:18.0652483Z + IFS=
2026-09-22T18:41:18.0652738Z + read -r cpu
2026-09-22T18:41:18.0653006Z ++ for part in "${parts[@]}"
2026-09-22T18:41:18.0653310Z ++ seq 11 11
2026-09-22T18:41:18.0653578Z + bench_cpu_arr+=("$cpu")
2026-09-22T18:41:18.0653878Z + IFS=
2026-09-22T18:41:18.0654128Z + read -r cpu
2026-09-22T18:41:18.0654402Z ++ for part in "${parts[@]}"
2026-09-22T18:41:18.0654713Z ++ seq 12 12
2026-09-22T18:41:18.0654980Z + bench_cpu_arr+=("$cpu")
2026-09-22T18:41:18.0655266Z + IFS=
2026-09-22T18:41:18.0655516Z + read -r cpu
2026-09-22T18:41:18.0655794Z ++ for part in "${parts[@]}"
2026-09-22T18:41:18.0656097Z ++ seq 13 13
2026-09-22T18:41:18.0656364Z + bench_cpu_arr+=("$cpu")
2026-09-22T18:41:18.0656656Z + IFS=
2026-09-22T18:41:18.0656929Z + read -r cpu
2026-09-22T18:41:18.0657199Z ++ for part in "${parts[@]}"
2026-09-22T18:41:18.0657496Z ++ seq 14 14
2026-09-22T18:41:18.0657770Z + bench_cpu_arr+=("$cpu")
2026-09-22T18:41:18.0658055Z + IFS=
2026-09-22T18:41:18.0658300Z + read -r cpu
2026-09-22T18:41:18.0658581Z ++ for part in "${parts[@]}"
2026-09-22T18:41:18.0658877Z ++ seq 15 15
2026-09-22T18:41:18.0659143Z + bench_cpu_arr+=("$cpu")
2026-09-22T18:41:18.0659423Z + IFS=
2026-09-22T18:41:18.0659680Z + read -r cpu
2026-09-22T18:41:18.0659952Z ++ for part in "${parts[@]}"
2026-09-22T18:41:18.0660249Z ++ seq 16 16
2026-09-22T18:41:18.0660521Z + bench_cpu_arr+=("$cpu")
2026-09-22T18:41:18.0660804Z + IFS=
2026-09-22T18:41:18.0661051Z + read -r cpu
2026-09-22T18:41:18.0661323Z ++ for part in "${parts[@]}"
2026-09-22T18:41:18.0661627Z ++ seq 17 17
2026-09-22T18:41:18.0661902Z + bench_cpu_arr+=("$cpu")
2026-09-22T18:41:18.0662189Z + IFS=
2026-09-22T18:41:18.0662440Z + read -r cpu
2026-09-22T18:41:18.0662709Z ++ for part in "${parts[@]}"
2026-09-22T18:41:18.0663007Z ++ seq 18 18
2026-09-22T18:41:18.0666529Z + bench_cpu_arr+=("$cpu")
2026-09-22T18:41:18.0667007Z + IFS=
2026-09-22T18:41:18.0667297Z + read -r cpu
2026-09-22T18:41:18.0667597Z ++ for part in "${parts[@]}"
2026-09-22T18:41:18.0667929Z ++ seq 19 19
2026-09-22T18:41:18.0674676Z + bench_cpu_arr+=("$cpu")
2026-09-22T18:41:18.0674985Z + IFS=
2026-09-22T18:41:18.0675254Z + read -r cpu
2026-09-22T18:41:18.0675536Z ++ for part in "${parts[@]}"
2026-09-22T18:41:18.0676085Z ++ seq 20 20
2026-09-22T18:41:18.0681661Z + bench_cpu_arr+=("$cpu")
2026-09-22T18:41:18.0681964Z + IFS=
2026-09-22T18:41:18.0682218Z + read -r cpu
2026-09-22T18:41:18.0682500Z ++ for part in "${parts[@]}"
2026-09-22T18:41:18.0682816Z ++ seq 21 21
2026-09-22T18:41:18.0688899Z + bench_cpu_arr+=("$cpu")
2026-09-22T18:41:18.0689191Z + IFS=
2026-09-22T18:41:18.0689457Z + read -r cpu
2026-09-22T18:41:18.0689803Z ++ for part in "${parts[@]}"
2026-09-22T18:41:18.0690107Z ++ seq 22 22
2026-09-22T18:41:18.0696062Z + bench_cpu_arr+=("$cpu")
2026-09-22T18:41:18.0696348Z + IFS=
2026-09-22T18:41:18.0696593Z + read -r cpu
2026-09-22T18:41:18.0696907Z ++ for part in "${parts[@]}"
2026-09-22T18:41:18.0697220Z ++ seq 23 23
2026-09-22T18:41:18.0702968Z + bench_cpu_arr+=("$cpu")
2026-09-22T18:41:18.0703262Z + IFS=
2026-09-22T18:41:18.0703520Z + read -r cpu
2026-09-22T18:41:18.0703793Z ++ for part in "${parts[@]}"
2026-09-22T18:41:18.0704089Z ++ seq 24 24
2026-09-22T18:41:18.0710066Z + bench_cpu_arr+=("$cpu")
2026-09-22T18:41:18.0710360Z + IFS=
2026-09-22T18:41:18.0710607Z + read -r cpu
2026-09-22T18:41:18.0710888Z ++ for part in "${parts[@]}"
2026-09-22T18:41:18.0711186Z ++ seq 25 25
2026-09-22T18:41:18.0717198Z + bench_cpu_arr+=("$cpu")
2026-09-22T18:41:18.0717481Z + IFS=
2026-09-22T18:41:18.0717738Z + read -r cpu
2026-09-22T18:41:18.0718012Z ++ for part in "${parts[@]}"
2026-09-22T18:41:18.0718317Z ++ seq 26 26
2026-09-22T18:41:18.0724242Z + bench_cpu_arr+=("$cpu")
2026-09-22T18:41:18.0724533Z + IFS=
2026-09-22T18:41:18.0724777Z + read -r cpu
2026-09-22T18:41:18.0725061Z ++ for part in "${parts[@]}"
2026-09-22T18:41:18.0725361Z ++ seq 27 27
2026-09-22T18:41:18.0731703Z + bench_cpu_arr+=("$cpu")
2026-09-22T18:41:18.0731988Z + IFS=
2026-09-22T18:41:18.0732243Z + read -r cpu
2026-09-22T18:41:18.0732517Z ++ for part in "${parts[@]}"
2026-09-22T18:41:18.0732818Z ++ seq 28 28
2026-09-22T18:41:18.0739190Z + bench_cpu_arr+=("$cpu")
2026-09-22T18:41:18.0739479Z + IFS=
2026-09-22T18:41:18.0739724Z + read -r cpu
2026-09-22T18:41:18.0740015Z ++ for part in "${parts[@]}"
2026-09-22T18:41:18.0740316Z ++ seq 29 29
2026-09-22T18:41:18.0746296Z + bench_cpu_arr+=("$cpu")
2026-09-22T18:41:18.0746593Z + IFS=
2026-09-22T18:41:18.0746839Z + read -r cpu
2026-09-22T18:41:18.0747141Z ++ for part in "${parts[@]}"
2026-09-22T18:41:18.0747440Z ++ seq 30 30
2026-09-22T18:41:18.0753223Z + bench_cpu_arr+=("$cpu")
2026-09-22T18:41:18.0753518Z + IFS=
2026-09-22T18:41:18.0753763Z + read -r cpu
2026-09-22T18:41:18.0754042Z ++ for part in "${parts[@]}"
2026-09-22T18:41:18.0754339Z ++ seq 31 31
2026-09-22T18:41:18.0760357Z + bench_cpu_arr+=("$cpu")
2026-09-22T18:41:18.0760655Z + IFS=
2026-09-22T18:41:18.0760903Z + read -r cpu
2026-09-22T18:41:18.0761177Z ++ for part in "${parts[@]}"
2026-09-22T18:41:18.0761473Z ++ seq 32 32
2026-09-22T18:41:18.0767618Z + bench_cpu_arr+=("$cpu")
2026-09-22T18:41:18.0767905Z + IFS=
2026-09-22T18:41:18.0768151Z + read -r cpu
2026-09-22T18:41:18.0768433Z ++ for part in "${parts[@]}"
2026-09-22T18:41:18.0768732Z ++ seq 33 33
2026-09-22T18:41:18.0774730Z + bench_cpu_arr+=("$cpu")
2026-09-22T18:41:18.0775027Z + IFS=
2026-09-22T18:41:18.0775272Z + read -r cpu
2026-09-22T18:41:18.0775546Z ++ for part in "${parts[@]}"
2026-09-22T18:41:18.0775847Z ++ seq 34 34
2026-09-22T18:41:18.0781767Z + bench_cpu_arr+=("$cpu")
2026-09-22T18:41:18.0782055Z + IFS=
2026-09-22T18:41:18.0782301Z + read -r cpu
2026-09-22T18:41:18.0782587Z ++ for part in "${parts[@]}"
2026-09-22T18:41:18.0782884Z ++ seq 35 35
2026-09-22T18:41:18.0788580Z + bench_cpu_arr+=("$cpu")
2026-09-22T18:41:18.0788879Z + IFS=
2026-09-22T18:41:18.0789126Z + read -r cpu
2026-09-22T18:41:18.0789404Z ++ for part in "${parts[@]}"
2026-09-22T18:41:18.0789712Z ++ seq 36 36
2026-09-22T18:41:18.0795827Z + bench_cpu_arr+=("$cpu")
2026-09-22T18:41:18.0796117Z + IFS=
2026-09-22T18:41:18.0796386Z + read -r cpu
2026-09-22T18:41:18.0796664Z ++ for part in "${parts[@]}"
2026-09-22T18:41:18.0796998Z ++ seq 37 37
2026-09-22T18:41:18.0802587Z + bench_cpu_arr+=("$cpu")
2026-09-22T18:41:18.0802882Z + IFS=
2026-09-22T18:41:18.0803227Z + read -r cpu
2026-09-22T18:41:18.0803502Z ++ for part in "${parts[@]}"
2026-09-22T18:41:18.0803817Z ++ seq 38 38
2026-09-22T18:41:18.0809554Z + bench_cpu_arr+=("$cpu")
2026-09-22T18:41:18.0809845Z + IFS=
2026-09-22T18:41:18.0810100Z + read -r cpu
2026-09-22T18:41:18.0810374Z ++ for part in "${parts[@]}"
2026-09-22T18:41:18.0810673Z ++ seq 39 39
2026-09-22T18:41:18.0816481Z + bench_cpu_arr+=("$cpu")
2026-09-22T18:41:18.0816774Z + IFS=
2026-09-22T18:41:18.0817051Z + read -r cpu
2026-09-22T18:41:18.0817325Z ++ for part in "${parts[@]}"
2026-09-22T18:41:18.0817632Z ++ seq 40 40
2026-09-22T18:41:18.0823442Z + bench_cpu_arr+=("$cpu")
2026-09-22T18:41:18.0823734Z + IFS=
2026-09-22T18:41:18.0823987Z + read -r cpu
2026-09-22T18:41:18.0824257Z ++ for part in "${parts[@]}"
2026-09-22T18:41:18.0824553Z ++ seq 41 41
2026-09-22T18:41:18.0833219Z + bench_cpu_arr+=("$cpu")
2026-09-22T18:41:18.0833510Z + IFS=
2026-09-22T18:41:18.0833756Z + read -r cpu
2026-09-22T18:41:18.0834045Z ++ for part in "${parts[@]}"
2026-09-22T18:41:18.0834369Z ++ seq 42 42
2026-09-22T18:41:18.0840010Z + bench_cpu_arr+=("$cpu")
2026-09-22T18:41:18.0840637Z + IFS=
2026-09-22T18:41:18.0840901Z + read -r cpu
2026-09-22T18:41:18.0841177Z ++ for part in "${parts[@]}"
2026-09-22T18:41:18.0841486Z ++ seq 43 43
2026-09-22T18:41:18.0846824Z + bench_cpu_arr+=("$cpu")
2026-09-22T18:41:18.0847149Z + IFS=
2026-09-22T18:41:18.0847404Z + read -r cpu
2026-09-22T18:41:18.0847701Z ++ for part in "${parts[@]}"
2026-09-22T18:41:18.0848008Z ++ seq 44 44
2026-09-22T18:41:18.0854273Z + bench_cpu_arr+=("$cpu")
2026-09-22T18:41:18.0854576Z + IFS=
2026-09-22T18:41:18.0854830Z + read -r cpu
2026-09-22T18:41:18.0855104Z ++ for part in "${parts[@]}"
2026-09-22T18:41:18.0855405Z ++ seq 45 45
2026-09-22T18:41:18.0861079Z + bench_cpu_arr+=("$cpu")
2026-09-22T18:41:18.0861372Z + IFS=
2026-09-22T18:41:18.0861625Z + read -r cpu
2026-09-22T18:41:18.0861962Z ++ for part in "${parts[@]}"
2026-09-22T18:41:18.0862306Z ++ seq 46 46
2026-09-22T18:41:18.0867950Z + bench_cpu_arr+=("$cpu")
2026-09-22T18:41:18.0868256Z + IFS=
2026-09-22T18:41:18.0868511Z + read -r cpu
2026-09-22T18:41:18.0868798Z ++ for part in "${parts[@]}"
2026-09-22T18:41:18.0869109Z ++ seq 47 47
2026-09-22T18:41:18.0874997Z + bench_cpu_arr+=("$cpu")
2026-09-22T18:41:18.0875289Z + IFS=
2026-09-22T18:41:18.0875538Z + read -r cpu
2026-09-22T18:41:18.0875822Z ++ for part in "${parts[@]}"
2026-09-22T18:41:18.0876130Z ++ seq 50 50
2026-09-22T18:41:18.0882081Z + bench_cpu_arr+=("$cpu")
2026-09-22T18:41:18.0882380Z + IFS=
2026-09-22T18:41:18.0882634Z + read -r cpu
2026-09-22T18:41:18.0882910Z ++ for part in "${parts[@]}"
2026-09-22T18:41:18.0883222Z ++ seq 51 51
2026-09-22T18:41:18.0889506Z + bench_cpu_arr+=("$cpu")
2026-09-22T18:41:18.0889799Z + IFS=
2026-09-22T18:41:18.0890054Z + read -r cpu
2026-09-22T18:41:18.0890331Z ++ for part in "${parts[@]}"
2026-09-22T18:41:18.0890635Z ++ seq 52 52
2026-09-22T18:41:18.0899576Z + bench_cpu_arr+=("$cpu")
2026-09-22T18:41:18.0899881Z + IFS=
2026-09-22T18:41:18.0900132Z + read -r cpu
2026-09-22T18:41:18.0900717Z ++ for part in "${parts[@]}"
2026-09-22T18:41:18.0901120Z ++ seq 53 53
2026-09-22T18:41:18.0906368Z + bench_cpu_arr+=("$cpu")
2026-09-22T18:41:18.0906688Z + IFS=
2026-09-22T18:41:18.0907028Z + read -r cpu
2026-09-22T18:41:18.0907340Z ++ for part in "${parts[@]}"
2026-09-22T18:41:18.0907657Z ++ seq 54 54
2026-09-22T18:41:18.0913392Z + bench_cpu_arr+=("$cpu")
2026-09-22T18:41:18.0913731Z + IFS=
2026-09-22T18:41:18.0913991Z + read -r cpu
2026-09-22T18:41:18.0914272Z ++ for part in "${parts[@]}"
2026-09-22T18:41:18.0914584Z ++ seq 55 55
2026-09-22T18:41:18.0920987Z + bench_cpu_arr+=("$cpu")
2026-09-22T18:41:18.0921276Z + IFS=
2026-09-22T18:41:18.0921535Z + read -r cpu
2026-09-22T18:41:18.0921812Z ++ for part in "${parts[@]}"
2026-09-22T18:41:18.0922113Z ++ seq 56 56
2026-09-22T18:41:18.0930705Z + bench_cpu_arr+=("$cpu")
2026-09-22T18:41:18.0931004Z + IFS=
2026-09-22T18:41:18.0931254Z + read -r cpu
2026-09-22T18:41:18.0931534Z ++ for part in "${parts[@]}"
2026-09-22T18:41:18.0932076Z ++ seq 57 57
2026-09-22T18:41:18.0940377Z + bench_cpu_arr+=("$cpu")
2026-09-22T18:41:18.0940666Z + IFS=
2026-09-22T18:41:18.0940922Z + read -r cpu
2026-09-22T18:41:18.0941267Z ++ for part in "${parts[@]}"
2026-09-22T18:41:18.0941594Z ++ seq 58 58
2026-09-22T18:41:18.0947390Z + bench_cpu_arr+=("$cpu")
2026-09-22T18:41:18.0947689Z + IFS=
2026-09-22T18:41:18.0947949Z + read -r cpu
2026-09-22T18:41:18.0948315Z ++ for part in "${parts[@]}"
2026-09-22T18:41:18.0948630Z ++ seq 59 59
2026-09-22T18:41:18.0954001Z + bench_cpu_arr+=("$cpu")
2026-09-22T18:41:18.0954294Z + IFS=
2026-09-22T18:41:18.0954548Z + read -r cpu
2026-09-22T18:41:18.0954825Z ++ for part in "${parts[@]}"
2026-09-22T18:41:18.0955144Z ++ seq 60 60
2026-09-22T18:41:18.0960897Z + bench_cpu_arr+=("$cpu")
2026-09-22T18:41:18.0961188Z + IFS=
2026-09-22T18:41:18.0961449Z + read -r cpu
2026-09-22T18:41:18.0961724Z ++ for part in "${parts[@]}"
2026-09-22T18:41:18.0962028Z ++ seq 61 61
2026-09-22T18:41:18.0968068Z + bench_cpu_arr+=("$cpu")
2026-09-22T18:41:18.0968370Z + IFS=
2026-09-22T18:41:18.0968621Z + read -r cpu
2026-09-22T18:41:18.0968910Z ++ for part in "${parts[@]}"
2026-09-22T18:41:18.0969218Z ++ seq 62 62
2026-09-22T18:41:18.0975605Z + bench_cpu_arr+=("$cpu")
2026-09-22T18:41:18.0975895Z + IFS=
2026-09-22T18:41:18.0976149Z + read -r cpu
2026-09-22T18:41:18.0976427Z ++ for part in "${parts[@]}"
2026-09-22T18:41:18.0976724Z ++ seq 63 63
2026-09-22T18:41:18.0983131Z + bench_cpu_arr+=("$cpu")
2026-09-22T18:41:18.0983427Z + IFS=
2026-09-22T18:41:18.0983679Z + read -r cpu
2026-09-22T18:41:18.0983968Z ++ for part in "${parts[@]}"
2026-09-22T18:41:18.0984269Z ++ seq 64 64
2026-09-22T18:41:18.0990352Z + bench_cpu_arr+=("$cpu")
2026-09-22T18:41:18.0990647Z + IFS=
2026-09-22T18:41:18.0990898Z + read -r cpu
2026-09-22T18:41:18.0991175Z ++ for part in "${parts[@]}"
2026-09-22T18:41:18.0991478Z ++ seq 65 65
2026-09-22T18:41:18.0997616Z + bench_cpu_arr+=("$cpu")
2026-09-22T18:41:18.0997907Z + IFS=
2026-09-22T18:41:18.0998159Z + read -r cpu
2026-09-22T18:41:18.0998444Z ++ for part in "${parts[@]}"
2026-09-22T18:41:18.0998747Z ++ seq 66 66
2026-09-22T18:41:18.1004832Z + bench_cpu_arr+=("$cpu")
2026-09-22T18:41:18.1005132Z + IFS=
2026-09-22T18:41:18.1005378Z + read -r cpu
2026-09-22T18:41:18.1005654Z ++ for part in "${parts[@]}"
2026-09-22T18:41:18.1005956Z ++ seq 67 67
2026-09-22T18:41:18.1014509Z + bench_cpu_arr+=("$cpu")
2026-09-22T18:41:18.1014809Z + IFS=
2026-09-22T18:41:18.1015061Z + read -r cpu
2026-09-22T18:41:18.1015353Z ++ for part in "${parts[@]}"
2026-09-22T18:41:18.1015657Z ++ seq 68 68
2026-09-22T18:41:18.1024136Z + bench_cpu_arr+=("$cpu")
2026-09-22T18:41:18.1024433Z + IFS=
2026-09-22T18:41:18.1024686Z + read -r cpu
2026-09-22T18:41:18.1025037Z ++ for part in "${parts[@]}"
2026-09-22T18:41:18.1025354Z ++ seq 69 69
2026-09-22T18:41:18.1033902Z + bench_cpu_arr+=("$cpu")
2026-09-22T18:41:18.1034195Z + IFS=
2026-09-22T18:41:18.1034448Z + read -r cpu
2026-09-22T18:41:18.1034810Z ++ for part in "${parts[@]}"
2026-09-22T18:41:18.1035132Z ++ seq 70 70
2026-09-22T18:41:18.1041032Z + bench_cpu_arr+=("$cpu")
2026-09-22T18:41:18.1041326Z + IFS=
2026-09-22T18:41:18.1041587Z + read -r cpu
2026-09-22T18:41:18.1041863Z ++ for part in "${parts[@]}"
2026-09-22T18:41:18.1042168Z ++ seq 71 71
2026-09-22T18:41:18.1048117Z + bench_cpu_arr+=("$cpu")
2026-09-22T18:41:18.1048421Z + IFS=
2026-09-22T18:41:18.1048670Z + read -r cpu
2026-09-22T18:41:18.1048952Z ++ for part in "${parts[@]}"
2026-09-22T18:41:18.1049271Z ++ seq 72 72
2026-09-22T18:41:18.1055169Z + bench_cpu_arr+=("$cpu")
2026-09-22T18:41:18.1055464Z + IFS=
2026-09-22T18:41:18.1055720Z + read -r cpu
2026-09-22T18:41:18.1056002Z ++ for part in "${parts[@]}"
2026-09-22T18:41:18.1056304Z ++ seq 73 73
2026-09-22T18:41:18.1062208Z + bench_cpu_arr+=("$cpu")
2026-09-22T18:41:18.1062508Z + IFS=
2026-09-22T18:41:18.1062755Z + read -r cpu
2026-09-22T18:41:18.1063030Z ++ for part in "${parts[@]}"
2026-09-22T18:41:18.1063344Z ++ seq 74 74
2026-09-22T18:41:18.1069285Z + bench_cpu_arr+=("$cpu")
2026-09-22T18:41:18.1069578Z + IFS=
2026-09-22T18:41:18.1069933Z + read -r cpu
2026-09-22T18:41:18.1070212Z ++ for part in "${parts[@]}"
2026-09-22T18:41:18.1070515Z ++ seq 75 75
2026-09-22T18:41:18.1076312Z + bench_cpu_arr+=("$cpu")
2026-09-22T18:41:18.1076606Z + IFS=
2026-09-22T18:41:18.1076882Z + read -r cpu
2026-09-22T18:41:18.1077168Z ++ for part in "${parts[@]}"
2026-09-22T18:41:18.1077487Z ++ seq 76 76
2026-09-22T18:41:18.1083550Z + bench_cpu_arr+=("$cpu")
2026-09-22T18:41:18.1083847Z + IFS=
2026-09-22T18:41:18.1084110Z + read -r cpu
2026-09-22T18:41:18.1084391Z ++ for part in "${parts[@]}"
2026-09-22T18:41:18.1084692Z ++ seq 77 77
2026-09-22T18:41:18.1091051Z + bench_cpu_arr+=("$cpu")
2026-09-22T18:41:18.1091340Z + IFS=
2026-09-22T18:41:18.1091589Z + read -r cpu
2026-09-22T18:41:18.1091873Z ++ for part in "${parts[@]}"
2026-09-22T18:41:18.1092179Z ++ seq 78 78
2026-09-22T18:41:18.1098699Z + bench_cpu_arr+=("$cpu")
2026-09-22T18:41:18.1098991Z + IFS=
2026-09-22T18:41:18.1099249Z + read -r cpu
2026-09-22T18:41:18.1099530Z ++ for part in "${parts[@]}"
2026-09-22T18:41:18.1099841Z ++ seq 79 79
2026-09-22T18:41:18.1108378Z + bench_cpu_arr+=("$cpu")
2026-09-22T18:41:18.1108673Z + IFS=
2026-09-22T18:41:18.1108921Z + read -r cpu
2026-09-22T18:41:18.1109284Z ++ for part in "${parts[@]}"
2026-09-22T18:41:18.1109599Z ++ seq 80 80
2026-09-22T18:41:18.1115673Z + bench_cpu_arr+=("$cpu")
2026-09-22T18:41:18.1115973Z + IFS=
2026-09-22T18:41:18.1116227Z + read -r cpu
2026-09-22T18:41:18.1116505Z ++ for part in "${parts[@]}"
2026-09-22T18:41:18.1116807Z ++ seq 81 81
2026-09-22T18:41:18.1123166Z + bench_cpu_arr+=("$cpu")
2026-09-22T18:41:18.1123459Z + IFS=
2026-09-22T18:41:18.1123707Z + read -r cpu
2026-09-22T18:41:18.1123992Z ++ for part in "${parts[@]}"
2026-09-22T18:41:18.1124295Z ++ seq 82 82
2026-09-22T18:41:18.1130201Z + bench_cpu_arr+=("$cpu")
2026-09-22T18:41:18.1130496Z + IFS=
2026-09-22T18:41:18.1130741Z + read -r cpu
2026-09-22T18:41:18.1131013Z ++ for part in "${parts[@]}"
2026-09-22T18:41:18.1131330Z ++ seq 83 83
2026-09-22T18:41:18.1137384Z + bench_cpu_arr+=("$cpu")
2026-09-22T18:41:18.1137690Z + IFS=
2026-09-22T18:41:18.1137936Z + read -r cpu
2026-09-22T18:41:18.1138218Z ++ for part in "${parts[@]}"
2026-09-22T18:41:18.1138517Z ++ seq 84 84
2026-09-22T18:41:18.1144212Z + bench_cpu_arr+=("$cpu")
2026-09-22T18:41:18.1144508Z + IFS=
2026-09-22T18:41:18.1144754Z + read -r cpu
2026-09-22T18:41:18.1145027Z ++ for part in "${parts[@]}"
2026-09-22T18:41:18.1145340Z ++ seq 85 85
2026-09-22T18:41:18.1151185Z + bench_cpu_arr+=("$cpu")
2026-09-22T18:41:18.1151474Z + IFS=
2026-09-22T18:41:18.1151721Z + read -r cpu
2026-09-22T18:41:18.1151998Z ++ for part in "${parts[@]}"
2026-09-22T18:41:18.1152296Z ++ seq 86 86
2026-09-22T18:41:18.1158229Z + bench_cpu_arr+=("$cpu")
2026-09-22T18:41:18.1158528Z + IFS=
2026-09-22T18:41:18.1158774Z + read -r cpu
2026-09-22T18:41:18.1159044Z ++ for part in "${parts[@]}"
2026-09-22T18:41:18.1159350Z ++ seq 87 87
2026-09-22T18:41:18.1165376Z + bench_cpu_arr+=("$cpu")
2026-09-22T18:41:18.1165664Z + IFS=
2026-09-22T18:41:18.1165915Z + read -r cpu
2026-09-22T18:41:18.1166191Z ++ for part in "${parts[@]}"
2026-09-22T18:41:18.1166484Z ++ seq 88 88
2026-09-22T18:41:18.1172170Z + bench_cpu_arr+=("$cpu")
2026-09-22T18:41:18.1172463Z + IFS=
2026-09-22T18:41:18.1172705Z + read -r cpu
2026-09-22T18:41:18.1172974Z ++ for part in "${parts[@]}"
2026-09-22T18:41:18.1173284Z ++ seq 89 89
2026-09-22T18:41:18.1179063Z + bench_cpu_arr+=("$cpu")
2026-09-22T18:41:18.1179359Z + IFS=
2026-09-22T18:41:18.1179614Z + read -r cpu
2026-09-22T18:41:18.1179888Z ++ for part in "${parts[@]}"
2026-09-22T18:41:18.1180189Z ++ seq 90 90
2026-09-22T18:41:18.1186566Z + bench_cpu_arr+=("$cpu")
2026-09-22T18:41:18.1186886Z + IFS=
2026-09-22T18:41:18.1187136Z + read -r cpu
2026-09-22T18:41:18.1187414Z ++ for part in "${parts[@]}"
2026-09-22T18:41:18.1187722Z ++ seq 91 91
2026-09-22T18:41:18.1193866Z + bench_cpu_arr+=("$cpu")
2026-09-22T18:41:18.1194155Z + IFS=
2026-09-22T18:41:18.1194411Z + read -r cpu
2026-09-22T18:41:18.1194682Z ++ for part in "${parts[@]}"
2026-09-22T18:41:18.1195274Z ++ seq 92 92
2026-09-22T18:41:18.1203737Z + bench_cpu_arr+=("$cpu")
2026-09-22T18:41:18.1204022Z + IFS=
2026-09-22T18:41:18.1204267Z + read -r cpu
2026-09-22T18:41:18.1204564Z ++ for part in "${parts[@]}"
2026-09-22T18:41:18.1204867Z ++ seq 93 93
2026-09-22T18:41:18.1213421Z + bench_cpu_arr+=("$cpu")
2026-09-22T18:41:18.1213709Z + IFS=
2026-09-22T18:41:18.1213963Z + read -r cpu
2026-09-22T18:41:18.1214347Z ++ for part in "${parts[@]}"
2026-09-22T18:41:18.1214654Z ++ seq 94 94
2026-09-22T18:41:18.1220634Z + bench_cpu_arr+=("$cpu")
2026-09-22T18:41:18.1220925Z + IFS=
2026-09-22T18:41:18.1221172Z + read -r cpu
2026-09-22T18:41:18.1221459Z ++ for part in "${parts[@]}"
2026-09-22T18:41:18.1221761Z ++ seq 95 95
2026-09-22T18:41:18.1227668Z + bench_cpu_arr+=("$cpu")
2026-09-22T18:41:18.1227963Z + IFS=
2026-09-22T18:41:18.1228211Z + read -r cpu
2026-09-22T18:41:18.1232168Z + i=0
2026-09-22T18:41:18.1233157Z + for msi in /sys/class/net/*/device/msi_irqs/*
2026-09-22T18:41:18.1233595Z + [[ -e /sys/class/net/ens41/device/msi_irqs/108 ]]
2026-09-22T18:41:18.1233978Z + [[ 92 -gt 0 ]]
2026-09-22T18:41:18.1234251Z + irq=108
2026-09-22T18:41:18.1234524Z + NET_IRQS["$irq"]=1
2026-09-22T18:41:18.1234825Z + echo 2
2026-09-22T18:41:18.1235073Z + i=1
2026-09-22T18:41:18.1235381Z + for msi in /sys/class/net/*/device/msi_irqs/*
2026-09-22T18:41:18.1235789Z + [[ -e /sys/class/net/ens41/device/msi_irqs/109 ]]
2026-09-22T18:41:18.1236161Z + [[ 92 -gt 0 ]]
2026-09-22T18:41:18.1236429Z + irq=109
2026-09-22T18:41:18.1236695Z + NET_IRQS["$irq"]=1
2026-09-22T18:41:18.1237025Z + echo 3
2026-09-22T18:41:18.1237283Z + i=2
2026-09-22T18:41:18.1237576Z + for msi in /sys/class/net/*/device/msi_irqs/*
2026-09-22T18:41:18.1237981Z + [[ -e /sys/class/net/ens41/device/msi_irqs/110 ]]
2026-09-22T18:41:18.1238347Z + [[ 92 -gt 0 ]]
2026-09-22T18:41:18.1238621Z + irq=110
2026-09-22T18:41:18.1238876Z + NET_IRQS["$irq"]=1
2026-09-22T18:41:18.1239151Z + echo 4
2026-09-22T18:41:18.1239408Z + i=3
2026-09-22T18:41:18.1239701Z + for msi in /sys/class/net/*/device/msi_irqs/*
2026-09-22T18:41:18.1240102Z + [[ -e /sys/class/net/ens41/device/msi_irqs/111 ]]
2026-09-22T18:41:18.1240456Z + [[ 92 -gt 0 ]]
2026-09-22T18:41:18.1240724Z + irq=111
2026-09-22T18:41:18.1240971Z + NET_IRQS["$irq"]=1
2026-09-22T18:41:18.1241240Z + echo 5
2026-09-22T18:41:18.1241495Z + i=4
2026-09-22T18:41:18.1241774Z + for msi in /sys/class/net/*/device/msi_irqs/*
2026-09-22T18:41:18.1242173Z + [[ -e /sys/class/net/ens41/device/msi_irqs/112 ]]
2026-09-22T18:41:18.1242524Z + [[ 92 -gt 0 ]]
2026-09-22T18:41:18.1242792Z + irq=112
2026-09-22T18:41:18.1243039Z + NET_IRQS["$irq"]=1
2026-09-22T18:41:18.1243309Z + echo 6
2026-09-22T18:41:18.1243562Z + i=5
2026-09-22T18:41:18.1243842Z + for msi in /sys/class/net/*/device/msi_irqs/*
2026-09-22T18:41:18.1244232Z + [[ -e /sys/class/net/ens41/device/msi_irqs/113 ]]
2026-09-22T18:41:18.1244582Z + [[ 92 -gt 0 ]]
2026-09-22T18:41:18.1244845Z + irq=113
2026-09-22T18:41:18.1245091Z + NET_IRQS["$irq"]=1
2026-09-22T18:41:18.1245358Z + echo 7
2026-09-22T18:41:18.1245613Z + i=6
2026-09-22T18:41:18.1245891Z + for msi in /sys/class/net/*/device/msi_irqs/*
2026-09-22T18:41:18.1246283Z + [[ -e /sys/class/net/ens41/device/msi_irqs/114 ]]
2026-09-22T18:41:18.1246641Z + [[ 92 -gt 0 ]]
2026-09-22T18:41:18.1246945Z + irq=114
2026-09-22T18:41:18.1247196Z + NET_IRQS["$irq"]=1
2026-09-22T18:41:18.1247463Z + echo 8
2026-09-22T18:41:18.1247723Z + i=7
2026-09-22T18:41:18.1248011Z + for msi in /sys/class/net/*/device/msi_irqs/*
2026-09-22T18:41:18.1248402Z + [[ -e /sys/class/net/ens41/device/msi_irqs/115 ]]
2026-09-22T18:41:18.1248762Z + [[ 92 -gt 0 ]]
2026-09-22T18:41:18.1249021Z + irq=115
2026-09-22T18:41:18.1249274Z + NET_IRQS["$irq"]=1
2026-09-22T18:41:18.1249547Z + echo 9
2026-09-22T18:41:18.1249801Z + i=8
2026-09-22T18:41:18.1250093Z + for msi in /sys/class/net/*/device/msi_irqs/*
2026-09-22T18:41:18.1250482Z + [[ -e /sys/class/net/ens41/device/msi_irqs/116 ]]
2026-09-22T18:41:18.1250841Z + [[ 92 -gt 0 ]]
2026-09-22T18:41:18.1251098Z + irq=116
2026-09-22T18:41:18.1251343Z + NET_IRQS["$irq"]=1
2026-09-22T18:41:18.1251745Z + echo 10
2026-09-22T18:41:18.1251993Z + i=9
2026-09-22T18:41:18.1252279Z + for msi in /sys/class/net/*/device/msi_irqs/*
2026-09-22T18:41:18.1252673Z + [[ -e /sys/class/net/ens41/device/msi_irqs/117 ]]
2026-09-22T18:41:18.1253040Z + [[ 92 -gt 0 ]]
2026-09-22T18:41:18.1253295Z + irq=117
2026-09-22T18:41:18.1253551Z + NET_IRQS["$irq"]=1
2026-09-22T18:41:18.1253892Z + echo 11
2026-09-22T18:41:18.1254147Z + i=10
2026-09-22T18:41:18.1254433Z + for msi in /sys/class/net/*/device/msi_irqs/*
2026-09-22T18:41:18.1254834Z + [[ -e /sys/class/net/ens41/device/msi_irqs/118 ]]
2026-09-22T18:41:18.1255190Z + [[ 92 -gt 0 ]]
2026-09-22T18:41:18.1255449Z + irq=118
2026-09-22T18:41:18.1255698Z + NET_IRQS["$irq"]=1
2026-09-22T18:41:18.1255977Z + echo 12
2026-09-22T18:41:18.1256215Z + i=11
2026-09-22T18:41:18.1256497Z + for msi in /sys/class/net/*/device/msi_irqs/*
2026-09-22T18:41:18.1256937Z + [[ -e /sys/class/net/ens41/device/msi_irqs/119 ]]
2026-09-22T18:41:18.1257293Z + [[ 92 -gt 0 ]]
2026-09-22T18:41:18.1257555Z + irq=119
2026-09-22T18:41:18.1257802Z + NET_IRQS["$irq"]=1
2026-09-22T18:41:18.1258080Z + echo 13
2026-09-22T18:41:18.1258325Z + i=12
2026-09-22T18:41:18.1258609Z + for msi in /sys/class/net/*/device/msi_irqs/*
2026-09-22T18:41:18.1259010Z + [[ -e /sys/class/net/ens41/device/msi_irqs/120 ]]
2026-09-22T18:41:18.1259368Z + [[ 92 -gt 0 ]]
2026-09-22T18:41:18.1259631Z + irq=120
2026-09-22T18:41:18.1259882Z + NET_IRQS["$irq"]=1
2026-09-22T18:41:18.1260160Z + echo 14
2026-09-22T18:41:18.1260417Z + i=13
2026-09-22T18:41:18.1260700Z + for msi in /sys/class/net/*/device/msi_irqs/*
2026-09-22T18:41:18.1261101Z + [[ -e /sys/class/net/ens41/device/msi_irqs/121 ]]
2026-09-22T18:41:18.1261460Z + [[ 92 -gt 0 ]]
2026-09-22T18:41:18.1261719Z + irq=121
2026-09-22T18:41:18.1261975Z + NET_IRQS["$irq"]=1
2026-09-22T18:41:18.1262245Z + echo 15
2026-09-22T18:41:18.1262488Z + i=14
2026-09-22T18:41:18.1262770Z + for msi in /sys/class/net/*/device/msi_irqs/*
2026-09-22T18:41:18.1263170Z + [[ -e /sys/class/net/ens41/device/msi_irqs/122 ]]
2026-09-22T18:41:18.1263531Z + [[ 92 -gt 0 ]]
2026-09-22T18:41:18.1263785Z + irq=122
2026-09-22T18:41:18.1264040Z + NET_IRQS["$irq"]=1
2026-09-22T18:41:18.1264306Z + echo 16
2026-09-22T18:41:18.1264548Z + i=15
2026-09-22T18:41:18.1264832Z + for msi in /sys/class/net/*/device/msi_irqs/*
2026-09-22T18:41:18.1265234Z + [[ -e /sys/class/net/ens41/device/msi_irqs/123 ]]
2026-09-22T18:41:18.1265595Z + [[ 92 -gt 0 ]]
2026-09-22T18:41:18.1265849Z + irq=123
2026-09-22T18:41:18.1266105Z + NET_IRQS["$irq"]=1
2026-09-22T18:41:18.1266375Z + echo 17
2026-09-22T18:41:18.1266625Z + i=16
2026-09-22T18:41:18.1266944Z + for msi in /sys/class/net/*/device/msi_irqs/*
2026-09-22T18:41:18.1267344Z + [[ -e /sys/class/net/ens41/device/msi_irqs/124 ]]
2026-09-22T18:41:18.1267696Z + [[ 92 -gt 0 ]]
2026-09-22T18:41:18.1267955Z + irq=124
2026-09-22T18:41:18.1268215Z + NET_IRQS["$irq"]=1
2026-09-22T18:41:18.1268488Z + echo 18
2026-09-22T18:41:18.1268730Z + i=17
2026-09-22T18:41:18.1269037Z + for f in /proc/irq/[0-9]*/smp_affinity_list
2026-09-22T18:41:18.1269418Z + irq=0/smp_affinity_list
2026-09-22T18:41:18.1269718Z + irq=0
2026-09-22T18:41:18.1269975Z + [[ -n '' ]]
2026-09-22T18:41:18.1270252Z + echo 0,1,48,49
2026-09-22T18:41:18.1270517Z + true
2026-09-22T18:41:18.1270801Z + for f in /proc/irq/[0-9]*/smp_affinity_list
2026-09-22T18:41:18.1271173Z + irq=1/smp_affinity_list
2026-09-22T18:41:18.1271491Z + irq=1
2026-09-22T18:41:18.1271741Z + [[ -n '' ]]
2026-09-22T18:41:18.1272010Z + echo 0,1,48,49
2026-09-22T18:41:18.1272308Z + for f in /proc/irq/[0-9]*/smp_affinity_list
2026-09-22T18:41:18.1272676Z + irq=10/smp_affinity_list
2026-09-22T18:41:18.1272973Z + irq=10
2026-09-22T18:41:18.1273235Z + [[ -n '' ]]
2026-09-22T18:41:18.1273500Z + echo 0,1,48,49
2026-09-22T18:41:18.1273799Z + for f in /proc/irq/[0-9]*/smp_affinity_list
2026-09-22T18:41:18.1274167Z + irq=100/smp_affinity_list
2026-09-22T18:41:18.1274471Z + irq=100
2026-09-22T18:41:18.1274719Z + [[ -n '' ]]
2026-09-22T18:41:18.1274980Z + echo 0,1,48,49
2026-09-22T18:41:18.1275374Z + for f in /proc/irq/[0-9]*/smp_affinity_list
2026-09-22T18:41:18.1275736Z + irq=101/smp_affinity_list
2026-09-22T18:41:18.1276038Z + irq=101
2026-09-22T18:41:18.1276299Z + [[ -n '' ]]
2026-09-22T18:41:18.1276556Z + echo 0,1,48,49
2026-09-22T18:41:18.1276886Z + for f in /proc/irq/[0-9]*/smp_affinity_list
2026-09-22T18:41:18.1277244Z + irq=102/smp_affinity_list
2026-09-22T18:41:18.1277610Z + irq=102
2026-09-22T18:41:18.1277860Z + [[ -n '' ]]
2026-09-22T18:41:18.1278112Z + echo 0,1,48,49
2026-09-22T18:41:18.1278417Z + for f in /proc/irq/[0-9]*/smp_affinity_list
2026-09-22T18:41:18.1278770Z + irq=103/smp_affinity_list
2026-09-22T18:41:18.1279065Z + irq=103
2026-09-22T18:41:18.1279311Z + [[ -n '' ]]
2026-09-22T18:41:18.1279578Z + echo 0,1,48,49
2026-09-22T18:41:18.1279871Z + for f in /proc/irq/[0-9]*/smp_affinity_list
2026-09-22T18:41:18.1280216Z + irq=104/smp_affinity_list
2026-09-22T18:41:18.1280514Z + irq=104
2026-09-22T18:41:18.1280756Z + [[ -n '' ]]
2026-09-22T18:41:18.1281015Z + echo 0,1,48,49
2026-09-22T18:41:18.1281309Z + for f in /proc/irq/[0-9]*/smp_affinity_list
2026-09-22T18:41:18.1281664Z + irq=105/smp_affinity_list
2026-09-22T18:41:18.1281959Z + irq=105
2026-09-22T18:41:18.1282206Z + [[ -n '' ]]
2026-09-22T18:41:18.1282471Z + echo 0,1,48,49
2026-09-22T18:41:18.1282825Z + for f in /proc/irq/[0-9]*/smp_affinity_list
2026-09-22T18:41:18.1283187Z + irq=106/smp_affinity_list
2026-09-22T18:41:18.1283480Z + irq=106
2026-09-22T18:41:18.1283725Z + [[ -n '' ]]
2026-09-22T18:41:18.1283991Z + echo 0,1,48,49
2026-09-22T18:41:18.1284247Z + true
2026-09-22T18:41:18.1284526Z + for f in /proc/irq/[0-9]*/smp_affinity_list
2026-09-22T18:41:18.1284895Z + irq=107/smp_affinity_list
2026-09-22T18:41:18.1285189Z + irq=107
2026-09-22T18:41:18.1285435Z + [[ -n '' ]]
2026-09-22T18:41:18.1285692Z + echo 0,1,48,49
2026-09-22T18:41:18.1285965Z + true
2026-09-22T18:41:18.1286244Z + for f in /proc/irq/[0-9]*/smp_affinity_list
2026-09-22T18:41:18.1286592Z + irq=108/smp_affinity_list
2026-09-22T18:41:18.1286939Z + irq=108
2026-09-22T18:41:18.1287190Z + [[ -n 1 ]]
2026-09-22T18:41:18.1287450Z + continue
2026-09-22T18:41:18.1287739Z + for f in /proc/irq/[0-9]*/smp_affinity_list
2026-09-22T18:41:18.1288101Z + irq=109/smp_affinity_list
2026-09-22T18:41:18.1288391Z + irq=109
2026-09-22T18:41:18.1288640Z + [[ -n 1 ]]
2026-09-22T18:41:18.1288903Z + continue
2026-09-22T18:41:18.1289189Z + for f in /proc/irq/[0-9]*/smp_affinity_list
2026-09-22T18:41:18.1289549Z + irq=11/smp_affinity_list
2026-09-22T18:41:18.1289849Z + irq=11
2026-09-22T18:41:18.1290109Z + [[ -n '' ]]
2026-09-22T18:41:18.1290367Z + echo 0,1,48,49
2026-09-22T18:41:18.1290663Z + for f in /proc/irq/[0-9]*/smp_affinity_list
2026-09-22T18:41:18.1291019Z + irq=110/smp_affinity_list
2026-09-22T18:41:18.1291309Z + irq=110
2026-09-22T18:41:18.1291552Z + [[ -n 1 ]]
2026-09-22T18:41:18.1291808Z + continue
2026-09-22T18:41:18.1292097Z + for f in /proc/irq/[0-9]*/smp_affinity_list
2026-09-22T18:41:18.1292453Z + irq=111/smp_affinity_list
2026-09-22T18:41:18.1292747Z + irq=111
2026-09-22T18:41:18.1293008Z + [[ -n 1 ]]
2026-09-22T18:41:18.1293265Z + continue
2026-09-22T18:41:18.1293546Z + for f in /proc/irq/[0-9]*/smp_affinity_list
2026-09-22T18:41:18.1293899Z + irq=112/smp_affinity_list
2026-09-22T18:41:18.1294203Z + irq=112
2026-09-22T18:41:18.1294450Z + [[ -n 1 ]]
2026-09-22T18:41:18.1294703Z + continue
2026-09-22T18:41:18.1294993Z + for f in /proc/irq/[0-9]*/smp_affinity_list
2026-09-22T18:41:18.1295339Z + irq=113/smp_affinity_list
2026-09-22T18:41:18.1295632Z + irq=113
2026-09-22T18:41:18.1295874Z + [[ -n 1 ]]
2026-09-22T18:41:18.1296141Z + continue
2026-09-22T18:41:18.1296420Z + for f in /proc/irq/[0-9]*/smp_affinity_list
2026-09-22T18:41:18.1296767Z + irq=114/smp_affinity_list
2026-09-22T18:41:18.1297120Z + irq=114
2026-09-22T18:41:18.1297367Z + [[ -n 1 ]]
2026-09-22T18:41:18.1297625Z + continue
2026-09-22T18:41:18.1297904Z + for f in /proc/irq/[0-9]*/smp_affinity_list
2026-09-22T18:41:18.1298268Z + irq=115/smp_affinity_list
2026-09-22T18:41:18.1298563Z + irq=115
2026-09-22T18:41:18.1298897Z + [[ -n 1 ]]
2026-09-22T18:41:18.1299251Z + continue
2026-09-22T18:41:18.1299538Z + for f in /proc/irq/[0-9]*/smp_affinity_list
2026-09-22T18:41:18.1299893Z + irq=116/smp_affinity_list
2026-09-22T18:41:18.1300189Z + irq=116
2026-09-22T18:41:18.1300446Z + [[ -n 1 ]]
2026-09-22T18:41:18.1300703Z + continue
2026-09-22T18:41:18.1301050Z + for f in /proc/irq/[0-9]*/smp_affinity_list
2026-09-22T18:41:18.1301416Z + irq=117/smp_affinity_list
2026-09-22T18:41:18.1301704Z + irq=117
2026-09-22T18:41:18.1301946Z + [[ -n 1 ]]
2026-09-22T18:41:18.1302199Z + continue
2026-09-22T18:41:18.1302490Z + for f in /proc/irq/[0-9]*/smp_affinity_list
2026-09-22T18:41:18.1302845Z + irq=118/smp_affinity_list
2026-09-22T18:41:18.1303142Z + irq=118
2026-09-22T18:41:18.1303396Z + [[ -n 1 ]]
2026-09-22T18:41:18.1303504Z + continue
2026-09-22T18:41:18.1303655Z + for f in /proc/irq/[0-9]*/smp_affinity_list
2026-09-22T18:41:18.1303783Z + irq=119/smp_affinity_list
2026-09-22T18:41:18.1303890Z + irq=119
2026-09-22T18:41:18.1304011Z + [[ -n 1 ]]
2026-09-22T18:41:18.1304127Z + continue
2026-09-22T18:41:18.1304266Z + for f in /proc/irq/[0-9]*/smp_affinity_list
2026-09-22T18:41:18.1304396Z + irq=12/smp_affinity_list
2026-09-22T18:41:18.1304511Z + irq=12
2026-09-22T18:41:18.1304620Z + [[ -n '' ]]
2026-09-22T18:41:18.1304737Z + echo 0,1,48,49
2026-09-22T18:41:18.1304883Z + for f in /proc/irq/[0-9]*/smp_affinity_list
2026-09-22T18:41:18.1305000Z + irq=120/smp_affinity_list
2026-09-22T18:41:18.1305115Z + irq=120
2026-09-22T18:41:18.1305221Z + [[ -n 1 ]]
2026-09-22T18:41:18.1305335Z + continue
2026-09-22T18:41:18.1305478Z + for f in /proc/irq/[0-9]*/smp_affinity_list
2026-09-22T18:41:18.1305594Z + irq=121/smp_affinity_list
2026-09-22T18:41:18.1305709Z + irq=121
2026-09-22T18:41:18.1305825Z + [[ -n 1 ]]
2026-09-22T18:41:18.1305933Z + continue
2026-09-22T18:41:18.1306081Z + for f in /proc/irq/[0-9]*/smp_affinity_list
2026-09-22T18:41:18.1306204Z + irq=122/smp_affinity_list
2026-09-22T18:41:18.1306312Z + irq=122
2026-09-22T18:41:18.1306435Z + [[ -n 1 ]]
2026-09-22T18:41:18.1306549Z + continue
2026-09-22T18:41:18.1306687Z + for f in /proc/irq/[0-9]*/smp_affinity_list
2026-09-22T18:41:18.1306815Z + irq=123/smp_affinity_list
2026-09-22T18:41:18.1306967Z + irq=123
2026-09-22T18:41:18.1307073Z + [[ -n 1 ]]
2026-09-22T18:41:18.1307191Z + continue
2026-09-22T18:41:18.1307337Z + for f in /proc/irq/[0-9]*/smp_affinity_list
2026-09-22T18:41:18.1307458Z + irq=124/smp_affinity_list
2026-09-22T18:41:18.1307573Z + irq=124
2026-09-22T18:41:18.1307687Z + [[ -n 1 ]]
2026-09-22T18:41:18.1307793Z + continue
2026-09-22T18:41:18.1307937Z + for f in /proc/irq/[0-9]*/smp_affinity_list
2026-09-22T18:41:18.1308065Z + irq=125/smp_affinity_list
2026-09-22T18:41:18.1308170Z + irq=125
2026-09-22T18:41:18.1308285Z + [[ -n '' ]]
2026-09-22T18:41:18.1308401Z + echo 0,1,48,49
2026-09-22T18:41:18.1308541Z + for f in /proc/irq/[0-9]*/smp_affinity_list
2026-09-22T18:41:18.1308668Z + irq=13/smp_affinity_list
2026-09-22T18:41:18.1308782Z + irq=13
2026-09-22T18:41:18.1308897Z + [[ -n '' ]]
2026-09-22T18:41:18.1309015Z + echo 0,1,48,49
2026-09-22T18:41:18.1309152Z + for f in /proc/irq/[0-9]*/smp_affinity_list
2026-09-22T18:41:18.1309280Z + irq=133/smp_affinity_list
2026-09-22T18:41:18.1309395Z + irq=133
2026-09-22T18:41:18.1309502Z + [[ -n '' ]]
2026-09-22T18:41:18.1309619Z + echo 0,1,48,49
2026-09-22T18:41:18.1309764Z + for f in /proc/irq/[0-9]*/smp_affinity_list
2026-09-22T18:41:18.1309888Z + irq=14/smp_affinity_list
2026-09-22T18:41:18.1310003Z + irq=14
2026-09-22T18:41:18.1310116Z + [[ -n '' ]]
2026-09-22T18:41:18.1310224Z + echo 0,1,48,49
2026-09-22T18:41:18.1310371Z + for f in /proc/irq/[0-9]*/smp_affinity_list
2026-09-22T18:41:18.1310496Z + irq=15/smp_affinity_list
2026-09-22T18:41:18.1310602Z + irq=15
2026-09-22T18:41:18.1310717Z + [[ -n '' ]]
2026-09-22T18:41:18.1310832Z + echo 0,1,48,49
2026-09-22T18:41:18.1310970Z + for f in /proc/irq/[0-9]*/smp_affinity_list
2026-09-22T18:41:18.1311097Z + irq=16/smp_affinity_list
2026-09-22T18:41:18.1311210Z + irq=16
2026-09-22T18:41:18.1311382Z + [[ -n '' ]]
2026-09-22T18:41:18.1311498Z + echo 0,1,48,49
2026-09-22T18:41:18.1311643Z + for f in /proc/irq/[0-9]*/smp_affinity_list
2026-09-22T18:41:18.1311760Z + irq=2/smp_affinity_list
2026-09-22T18:41:18.1311881Z + irq=2
2026-09-22T18:41:18.1311999Z + [[ -n '' ]]
2026-09-22T18:41:18.1312105Z + echo 0,1,48,49
2026-09-22T18:41:18.1312221Z + true
2026-09-22T18:41:18.1312419Z + for f in /proc/irq/[0-9]*/smp_affinity_list
2026-09-22T18:41:18.1312540Z + irq=24/smp_affinity_list
2026-09-22T18:41:18.1312651Z + irq=24
2026-09-22T18:41:18.1312768Z + [[ -n '' ]]
2026-09-22T18:41:18.1312878Z + echo 0,1,48,49
2026-09-22T18:41:18.1313025Z + for f in /proc/irq/[0-9]*/smp_affinity_list
2026-09-22T18:41:18.1313151Z + irq=25/smp_affinity_list
2026-09-22T18:41:18.1313258Z + irq=25
2026-09-22T18:41:18.1313371Z + [[ -n '' ]]
2026-09-22T18:41:18.1313479Z + echo 0,1,48,49
2026-09-22T18:41:18.1313626Z + for f in /proc/irq/[0-9]*/smp_affinity_list
2026-09-22T18:41:18.1313754Z + irq=26/smp_affinity_list
2026-09-22T18:41:18.1313864Z + irq=26
2026-09-22T18:41:18.1313983Z + [[ -n '' ]]
2026-09-22T18:41:18.1314097Z + echo 0,1,48,49
2026-09-22T18:41:18.1314235Z + for f in /proc/irq/[0-9]*/smp_affinity_list
2026-09-22T18:41:18.1314364Z + irq=27/smp_affinity_list
2026-09-22T18:41:18.1314478Z + irq=27
2026-09-22T18:41:18.1314585Z + [[ -n '' ]]
2026-09-22T18:41:18.1314699Z + echo 0,1,48,49
2026-09-22T18:41:18.1314847Z + for f in /proc/irq/[0-9]*/smp_affinity_list
2026-09-22T18:41:18.1314966Z + irq=28/smp_affinity_list
2026-09-22T18:41:18.1315080Z + irq=28
2026-09-22T18:41:18.1315193Z + [[ -n '' ]]
2026-09-22T18:41:18.1315300Z + echo 0,1,48,49
2026-09-22T18:41:18.1315447Z + for f in /proc/irq/[0-9]*/smp_affinity_list
2026-09-22T18:41:18.1315573Z + irq=29/smp_affinity_list
2026-09-22T18:41:18.1315678Z + irq=29
2026-09-22T18:41:18.1315793Z + [[ -n '' ]]
2026-09-22T18:41:18.1315906Z + echo 0,1,48,49
2026-09-22T18:41:18.1316043Z + for f in /proc/irq/[0-9]*/smp_affinity_list
2026-09-22T18:41:18.1316170Z + irq=3/smp_affinity_list
2026-09-22T18:41:18.1316289Z + irq=3
2026-09-22T18:41:18.1316396Z + [[ -n '' ]]
2026-09-22T18:41:18.1316512Z + echo 0,1,48,49
2026-09-22T18:41:18.1316654Z + for f in /proc/irq/[0-9]*/smp_affinity_list
2026-09-22T18:41:18.1316770Z + irq=30/smp_affinity_list
2026-09-22T18:41:18.1316941Z + irq=30
2026-09-22T18:41:18.1317090Z + [[ -n '' ]]
2026-09-22T18:41:18.1317219Z + echo 0,1,48,49
2026-09-22T18:41:18.1317371Z + for f in /proc/irq/[0-9]*/smp_affinity_list
2026-09-22T18:41:18.1317497Z + irq=31/smp_affinity_list
2026-09-22T18:41:18.1317604Z + irq=31
2026-09-22T18:41:18.1317720Z + [[ -n '' ]]
2026-09-22T18:41:18.1317828Z + echo 0,1,48,49
2026-09-22T18:41:18.1317976Z + for f in /proc/irq/[0-9]*/smp_affinity_list
2026-09-22T18:41:18.1318109Z + irq=32/smp_affinity_list
2026-09-22T18:41:18.1318217Z + irq=32
2026-09-22T18:41:18.1318336Z + [[ -n '' ]]
2026-09-22T18:41:18.1318456Z + echo 0,1,48,49
2026-09-22T18:41:18.1318592Z + for f in /proc/irq/[0-9]*/smp_affinity_list
2026-09-22T18:41:18.1318717Z + irq=33/smp_affinity_list
2026-09-22T18:41:18.1318833Z + irq=33
2026-09-22T18:41:18.1318941Z + [[ -n '' ]]
2026-09-22T18:41:18.1319058Z + echo 0,1,48,49
2026-09-22T18:41:18.1319200Z + for f in /proc/irq/[0-9]*/smp_affinity_list
2026-09-22T18:41:18.1319315Z + irq=34/smp_affinity_list
2026-09-22T18:41:18.1319429Z + irq=34
2026-09-22T18:41:18.1319543Z + [[ -n '' ]]
2026-09-22T18:41:18.1319649Z + echo 0,1,48,49
2026-09-22T18:41:18.1319797Z + for f in /proc/irq/[0-9]*/smp_affinity_list
2026-09-22T18:41:18.1319922Z + irq=35/smp_affinity_list
2026-09-22T18:41:18.1320024Z + irq=35
2026-09-22T18:41:18.1320139Z + [[ -n '' ]]
2026-09-22T18:41:18.1320251Z + echo 0,1,48,49
2026-09-22T18:41:18.1320385Z + for f in /proc/irq/[0-9]*/smp_affinity_list
2026-09-22T18:41:18.1320512Z + irq=36/smp_affinity_list
2026-09-22T18:41:18.1320622Z + irq=36
2026-09-22T18:41:18.1320727Z + [[ -n '' ]]
2026-09-22T18:41:18.1320843Z + echo 0,1,48,49
2026-09-22T18:41:18.1320985Z + for f in /proc/irq/[0-9]*/smp_affinity_list
2026-09-22T18:41:18.1321102Z + irq=37/smp_affinity_list
2026-09-22T18:41:18.1321277Z + irq=37
2026-09-22T18:41:18.1321391Z + [[ -n '' ]]
2026-09-22T18:41:18.1321500Z + echo 0,1,48,49
2026-09-22T18:41:18.1321646Z + for f in /proc/irq/[0-9]*/smp_affinity_list
2026-09-22T18:41:18.1321772Z + irq=38/smp_affinity_list
2026-09-22T18:41:18.1321879Z + irq=38
2026-09-22T18:41:18.1321993Z + [[ -n '' ]]
2026-09-22T18:41:18.1322102Z + echo 0,1,48,49
2026-09-22T18:41:18.1322405Z + for f in /proc/irq/[0-9]*/smp_affinity_list
2026-09-22T18:41:18.1322535Z + irq=39/smp_affinity_list
2026-09-22T18:41:18.1322649Z + irq=39
2026-09-22T18:41:18.1322757Z + [[ -n '' ]]
2026-09-22T18:41:18.1322874Z + echo 0,1,48,49
2026-09-22T18:41:18.1323012Z + for f in /proc/irq/[0-9]*/smp_affinity_list
2026-09-22T18:41:18.1323140Z + irq=4/smp_affinity_list
2026-09-22T18:41:18.1323257Z + irq=4
2026-09-22T18:41:18.1323365Z + [[ -n '' ]]
2026-09-22T18:41:18.1323484Z + echo 0,1,48,49
2026-09-22T18:41:18.1323631Z + for f in /proc/irq/[0-9]*/smp_affinity_list
2026-09-22T18:41:18.1323751Z + irq=40/smp_affinity_list
2026-09-22T18:41:18.1323875Z + irq=40
2026-09-22T18:41:18.1323994Z + [[ -n '' ]]
2026-09-22T18:41:18.1324103Z + echo 0,1,48,49
2026-09-22T18:41:18.1324251Z + for f in /proc/irq/[0-9]*/smp_affinity_list
2026-09-22T18:41:18.1324381Z + irq=41/smp_affinity_list
2026-09-22T18:41:18.1324485Z + irq=41
2026-09-22T18:41:18.1324601Z + [[ -n '' ]]
2026-09-22T18:41:18.1324717Z + echo 0,1,48,49
2026-09-22T18:41:18.1324859Z + for f in /proc/irq/[0-9]*/smp_affinity_list
2026-09-22T18:41:18.1324986Z + irq=42/smp_affinity_list
2026-09-22T18:41:18.1325100Z + irq=42
2026-09-22T18:41:18.1325207Z + [[ -n '' ]]
2026-09-22T18:41:18.1325324Z + echo 0,1,48,49
2026-09-22T18:41:18.1325478Z + for f in /proc/irq/[0-9]*/smp_affinity_list
2026-09-22T18:41:18.1325597Z + irq=43/smp_affinity_list
2026-09-22T18:41:18.1325709Z + irq=43
2026-09-22T18:41:18.1325824Z + [[ -n '' ]]
2026-09-22T18:41:18.1325933Z + echo 0,1,48,49
2026-09-22T18:41:18.1326078Z + for f in /proc/irq/[0-9]*/smp_affinity_list
2026-09-22T18:41:18.1326202Z + irq=44/smp_affinity_list
2026-09-22T18:41:18.1326312Z + irq=44
2026-09-22T18:41:18.1326428Z + [[ -n '' ]]
2026-09-22T18:41:18.1326543Z + echo 0,1,48,49
2026-09-22T18:41:18.1326677Z + for f in /proc/irq/[0-9]*/smp_affinity_list
2026-09-22T18:41:18.1326801Z + irq=45/smp_affinity_list
2026-09-22T18:41:18.1326952Z + irq=45
2026-09-22T18:41:18.1327060Z + [[ -n '' ]]
2026-09-22T18:41:18.1327181Z + echo 0,1,48,49
2026-09-22T18:41:18.1327319Z + for f in /proc/irq/[0-9]*/smp_affinity_list
2026-09-22T18:41:18.1327445Z + irq=46/smp_affinity_list
2026-09-22T18:41:18.1327558Z + irq=46
2026-09-22T18:41:18.1327666Z + [[ -n '' ]]
2026-09-22T18:41:18.1327784Z + echo 0,1,48,49
2026-09-22T18:41:18.1327927Z + for f in /proc/irq/[0-9]*/smp_affinity_list
2026-09-22T18:41:18.1328045Z + irq=47/smp_affinity_list
2026-09-22T18:41:18.1328158Z + irq=47
2026-09-22T18:41:18.1328269Z + [[ -n '' ]]
2026-09-22T18:41:18.1328378Z + echo 0,1,48,49
2026-09-22T18:41:18.1328524Z + for f in /proc/irq/[0-9]*/smp_affinity_list
2026-09-22T18:41:18.1328657Z + irq=48/smp_affinity_list
2026-09-22T18:41:18.1328764Z + irq=48
2026-09-22T18:41:18.1328879Z + [[ -n '' ]]
2026-09-22T18:41:18.1328997Z + echo 0,1,48,49
2026-09-22T18:41:18.1329134Z + for f in /proc/irq/[0-9]*/smp_affinity_list
2026-09-22T18:41:18.1329263Z + irq=49/smp_affinity_list
2026-09-22T18:41:18.1329377Z + irq=49
2026-09-22T18:41:18.1329483Z + [[ -n '' ]]
2026-09-22T18:41:18.1329603Z + echo 0,1,48,49
2026-09-22T18:41:18.1329748Z + for f in /proc/irq/[0-9]*/smp_affinity_list
2026-09-22T18:41:18.1329866Z + irq=5/smp_affinity_list
2026-09-22T18:41:18.1329981Z + irq=5
2026-09-22T18:41:18.1330095Z + [[ -n '' ]]
2026-09-22T18:41:18.1330203Z + echo 0,1,48,49
2026-09-22T18:41:18.1330345Z + for f in /proc/irq/[0-9]*/smp_affinity_list
2026-09-22T18:41:18.1330471Z + irq=50/smp_affinity_list
2026-09-22T18:41:18.1330576Z + irq=50
2026-09-22T18:41:18.1330686Z + [[ -n '' ]]
2026-09-22T18:41:18.1330804Z + echo 0,1,48,49
2026-09-22T18:41:18.1330942Z + for f in /proc/irq/[0-9]*/smp_affinity_list
2026-09-22T18:41:18.1331127Z + irq=51/smp_affinity_list
2026-09-22T18:41:18.1331238Z + irq=51
2026-09-22T18:41:18.1331345Z + [[ -n '' ]]
2026-09-22T18:41:18.1331462Z + echo 0,1,48,49
2026-09-22T18:41:18.1331595Z + for f in /proc/irq/[0-9]*/smp_affinity_list
2026-09-22T18:41:18.1331719Z + irq=52/smp_affinity_list
2026-09-22T18:41:18.1331834Z + irq=52
2026-09-22T18:41:18.1331940Z + [[ -n '' ]]
2026-09-22T18:41:18.1332108Z + echo 0,1,48,49
2026-09-22T18:41:18.1332257Z + for f in /proc/irq/[0-9]*/smp_affinity_list
2026-09-22T18:41:18.1332375Z + irq=53/smp_affinity_list
2026-09-22T18:41:18.1332491Z + irq=53
2026-09-22T18:41:18.1332606Z + [[ -n '' ]]
2026-09-22T18:41:18.1332714Z + echo 0,1,48,49
2026-09-22T18:41:18.1332862Z + for f in /proc/irq/[0-9]*/smp_affinity_list
2026-09-22T18:41:18.1332988Z + irq=54/smp_affinity_list
2026-09-22T18:41:18.1333094Z + irq=54
2026-09-22T18:41:18.1333219Z + [[ -n '' ]]
2026-09-22T18:41:18.1333353Z + echo 0,1,48,49
2026-09-22T18:41:18.1333494Z + for f in /proc/irq/[0-9]*/smp_affinity_list
2026-09-22T18:41:18.1333626Z + irq=55/smp_affinity_list
2026-09-22T18:41:18.1333738Z + irq=55
2026-09-22T18:41:18.1333844Z + [[ -n '' ]]
2026-09-22T18:41:18.1333962Z + echo 0,1,48,49
2026-09-22T18:41:18.1334104Z + for f in /proc/irq/[0-9]*/smp_affinity_list
2026-09-22T18:41:18.1334221Z + irq=56/smp_affinity_list
2026-09-22T18:41:18.1334334Z + irq=56
2026-09-22T18:41:18.1334450Z + [[ -n '' ]]
2026-09-22T18:41:18.1334563Z + echo 0,1,48,49
2026-09-22T18:41:18.1334705Z + for f in /proc/irq/[0-9]*/smp_affinity_list
2026-09-22T18:41:18.1334828Z + irq=57/smp_affinity_list
2026-09-22T18:41:18.1334931Z + irq=57
2026-09-22T18:41:18.1335047Z + [[ -n '' ]]
2026-09-22T18:41:18.1335162Z + echo 0,1,48,49
2026-09-22T18:41:18.1335295Z + for f in /proc/irq/[0-9]*/smp_affinity_list
2026-09-22T18:41:18.1335421Z + irq=58/smp_affinity_list
2026-09-22T18:41:18.1335532Z + irq=58
2026-09-22T18:41:18.1335637Z + [[ -n '' ]]
2026-09-22T18:41:18.1335753Z + echo 0,1,48,49
2026-09-22T18:41:18.1335887Z + for f in /proc/irq/[0-9]*/smp_affinity_list
2026-09-22T18:41:18.1336018Z + irq=59/smp_affinity_list
2026-09-22T18:41:18.1336130Z + irq=59
2026-09-22T18:41:18.1336236Z + [[ -n '' ]]
2026-09-22T18:41:18.1336354Z + echo 0,1,48,49
2026-09-22T18:41:18.1336494Z + for f in /proc/irq/[0-9]*/smp_affinity_list
2026-09-22T18:41:18.1336611Z + irq=6/smp_affinity_list
2026-09-22T18:41:18.1336729Z + irq=6
2026-09-22T18:41:18.1336844Z + [[ -n '' ]]
2026-09-22T18:41:18.1336992Z + echo 0,1,48,49
2026-09-22T18:41:18.1337140Z + for f in /proc/irq/[0-9]*/smp_affinity_list
2026-09-22T18:41:18.1337264Z + irq=60/smp_affinity_list
2026-09-22T18:41:18.1337368Z + irq=60
2026-09-22T18:41:18.1337485Z + [[ -n '' ]]
2026-09-22T18:41:18.1337600Z + echo 0,1,48,49
2026-09-22T18:41:18.1337738Z + for f in /proc/irq/[0-9]*/smp_affinity_list
2026-09-22T18:41:18.1337861Z + irq=61/smp_affinity_list
2026-09-22T18:41:18.1337970Z + irq=61
2026-09-22T18:41:18.1338075Z + [[ -n '' ]]
2026-09-22T18:41:18.1338191Z + echo 0,1,48,49
2026-09-22T18:41:18.1338333Z + for f in /proc/irq/[0-9]*/smp_affinity_list
2026-09-22T18:41:18.1338456Z + irq=62/smp_affinity_list
2026-09-22T18:41:18.1338572Z + irq=62
2026-09-22T18:41:18.1338690Z + [[ -n '' ]]
2026-09-22T18:41:18.1338800Z + echo 0,1,48,49
2026-09-22T18:41:18.1338942Z + for f in /proc/irq/[0-9]*/smp_affinity_list
2026-09-22T18:41:18.1339066Z + irq=63/smp_affinity_list
2026-09-22T18:41:18.1339170Z + irq=63
2026-09-22T18:41:18.1339284Z + [[ -n '' ]]
2026-09-22T18:41:18.1339404Z + echo 0,1,48,49
2026-09-22T18:41:18.1339540Z + for f in /proc/irq/[0-9]*/smp_affinity_list
2026-09-22T18:41:18.1339663Z + irq=64/smp_affinity_list
2026-09-22T18:41:18.1339773Z + irq=64
2026-09-22T18:41:18.1339878Z + [[ -n '' ]]
2026-09-22T18:41:18.1339993Z + echo 0,1,48,49
2026-09-22T18:41:18.1340128Z + for f in /proc/irq/[0-9]*/smp_affinity_list
2026-09-22T18:41:18.1340252Z + irq=65/smp_affinity_list
2026-09-22T18:41:18.1340364Z + irq=65
2026-09-22T18:41:18.1340470Z + [[ -n '' ]]
2026-09-22T18:41:18.1340588Z + echo 0,1,48,49
2026-09-22T18:41:18.1340733Z + for f in /proc/irq/[0-9]*/smp_affinity_list
2026-09-22T18:41:18.1340905Z + irq=66/smp_affinity_list
2026-09-22T18:41:18.1341018Z + irq=66
2026-09-22T18:41:18.1341131Z + [[ -n '' ]]
2026-09-22T18:41:18.1341238Z + echo 0,1,48,49
2026-09-22T18:41:18.1341383Z + for f in /proc/irq/[0-9]*/smp_affinity_list
2026-09-22T18:41:18.1341507Z + irq=67/smp_affinity_list
2026-09-22T18:41:18.1341611Z + irq=67
2026-09-22T18:41:18.1341831Z + [[ -n '' ]]
2026-09-22T18:41:18.1341948Z + echo 0,1,48,49
2026-09-22T18:41:18.1342087Z + for f in /proc/irq/[0-9]*/smp_affinity_list
2026-09-22T18:41:18.1342212Z + irq=68/smp_affinity_list
2026-09-22T18:41:18.1342326Z + irq=68
2026-09-22T18:41:18.1342433Z + [[ -n '' ]]
2026-09-22T18:41:18.1342550Z + echo 0,1,48,49
2026-09-22T18:41:18.1342697Z + for f in /proc/irq/[0-9]*/smp_affinity_list
2026-09-22T18:41:18.1342813Z + irq=69/smp_affinity_list
2026-09-22T18:41:18.1342928Z + irq=69
2026-09-22T18:41:18.1343044Z + [[ -n '' ]]
2026-09-22T18:41:18.1343157Z + echo 0,1,48,49
2026-09-22T18:41:18.1343303Z + for f in /proc/irq/[0-9]*/smp_affinity_list
2026-09-22T18:41:18.1343436Z + irq=7/smp_affinity_list
2026-09-22T18:41:18.1343544Z + irq=7
2026-09-22T18:41:18.1343659Z + [[ -n '' ]]
2026-09-22T18:41:18.1343776Z + echo 0,1,48,49
2026-09-22T18:41:18.1343916Z + for f in /proc/irq/[0-9]*/smp_affinity_list
2026-09-22T18:41:18.1344044Z + irq=70/smp_affinity_list
2026-09-22T18:41:18.1344157Z + irq=70
2026-09-22T18:41:18.1344267Z + [[ -n '' ]]
2026-09-22T18:41:18.1344386Z + echo 0,1,48,49
2026-09-22T18:41:18.1344523Z + for f in /proc/irq/[0-9]*/smp_affinity_list
2026-09-22T18:41:18.1344648Z + irq=71/smp_affinity_list
2026-09-22T18:41:18.1344759Z + irq=71
2026-09-22T18:41:18.1344865Z + [[ -n '' ]]
2026-09-22T18:41:18.1344980Z + echo 0,1,48,49
2026-09-22T18:41:18.1345124Z + for f in /proc/irq/[0-9]*/smp_affinity_list
2026-09-22T18:41:18.1345241Z + irq=72/smp_affinity_list
2026-09-22T18:41:18.1345357Z + irq=72
2026-09-22T18:41:18.1345472Z + [[ -n '' ]]
2026-09-22T18:41:18.1345581Z + echo 0,1,48,49
2026-09-22T18:41:18.1345727Z + for f in /proc/irq/[0-9]*/smp_affinity_list
2026-09-22T18:41:18.1345856Z + irq=73/smp_affinity_list
2026-09-22T18:41:18.1345961Z + irq=73
2026-09-22T18:41:18.1346077Z + [[ -n '' ]]
2026-09-22T18:41:18.1346192Z + echo 0,1,48,49
2026-09-22T18:41:18.1346333Z + for f in /proc/irq/[0-9]*/smp_affinity_list
2026-09-22T18:41:18.1346458Z + irq=74/smp_affinity_list
2026-09-22T18:41:18.1346571Z + irq=74
2026-09-22T18:41:18.1346680Z + [[ -n '' ]]
2026-09-22T18:41:18.1346796Z + echo 0,1,48,49
2026-09-22T18:41:18.1346975Z + for f in /proc/irq/[0-9]*/smp_affinity_list
2026-09-22T18:41:18.1347093Z + irq=75/smp_affinity_list
2026-09-22T18:41:18.1347208Z + irq=75
2026-09-22T18:41:18.1347322Z + [[ -n '' ]]
2026-09-22T18:41:18.1347432Z + echo 0,1,48,49
2026-09-22T18:41:18.1347578Z + for f in /proc/irq/[0-9]*/smp_affinity_list
2026-09-22T18:41:18.1347704Z + irq=76/smp_affinity_list
2026-09-22T18:41:18.1347806Z + irq=76
2026-09-22T18:41:18.1347921Z + [[ -n '' ]]
2026-09-22T18:41:18.1348036Z + echo 0,1,48,49
2026-09-22T18:41:18.1348175Z + for f in /proc/irq/[0-9]*/smp_affinity_list
2026-09-22T18:41:18.1348303Z + irq=77/smp_affinity_list
2026-09-22T18:41:18.1348415Z + irq=77
2026-09-22T18:41:18.1348522Z + [[ -n '' ]]
2026-09-22T18:41:18.1348640Z + echo 0,1,48,49
2026-09-22T18:41:18.1348777Z + for f in /proc/irq/[0-9]*/smp_affinity_list
2026-09-22T18:41:18.1348903Z + irq=78/smp_affinity_list
2026-09-22T18:41:18.1349019Z + irq=78
2026-09-22T18:41:18.1349128Z + [[ -n '' ]]
2026-09-22T18:41:18.1349243Z + echo 0,1,48,49
2026-09-22T18:41:18.1349385Z + for f in /proc/irq/[0-9]*/smp_affinity_list
2026-09-22T18:41:18.1349501Z + irq=79/smp_affinity_list
2026-09-22T18:41:18.1349614Z + irq=79
2026-09-22T18:41:18.1349724Z + [[ -n '' ]]
2026-09-22T18:41:18.1349834Z + echo 0,1,48,49
2026-09-22T18:41:18.1349981Z + for f in /proc/irq/[0-9]*/smp_affinity_list
2026-09-22T18:41:18.1350103Z + irq=8/smp_affinity_list
2026-09-22T18:41:18.1350210Z + irq=8
2026-09-22T18:41:18.1350324Z + [[ -n '' ]]
2026-09-22T18:41:18.1350442Z + echo 0,1,48,49
2026-09-22T18:41:18.1350579Z + for f in /proc/irq/[0-9]*/smp_affinity_list
2026-09-22T18:41:18.1350765Z + irq=80/smp_affinity_list
2026-09-22T18:41:18.1350876Z + irq=80
2026-09-22T18:41:18.1350983Z + [[ -n '' ]]
2026-09-22T18:41:18.1351099Z + echo 0,1,48,49
2026-09-22T18:41:18.1351245Z + for f in /proc/irq/[0-9]*/smp_affinity_list
2026-09-22T18:41:18.1351362Z + irq=81/smp_affinity_list
2026-09-22T18:41:18.1351476Z + irq=81
2026-09-22T18:41:18.1351645Z + [[ -n '' ]]
2026-09-22T18:41:18.1351756Z + echo 0,1,48,49
2026-09-22T18:41:18.1351901Z + for f in /proc/irq/[0-9]*/smp_affinity_list
2026-09-22T18:41:18.1352026Z + irq=82/smp_affinity_list
2026-09-22T18:41:18.1352131Z + irq=82
2026-09-22T18:41:18.1352243Z + [[ -n '' ]]
2026-09-22T18:41:18.1352362Z + echo 0,1,48,49
2026-09-22T18:41:18.1352499Z + for f in /proc/irq/[0-9]*/smp_affinity_list
2026-09-22T18:41:18.1352624Z + irq=83/smp_affinity_list
2026-09-22T18:41:18.1352736Z + irq=83
2026-09-22T18:41:18.1352842Z + [[ -n '' ]]
2026-09-22T18:41:18.1352959Z + echo 0,1,48,49
2026-09-22T18:41:18.1353097Z + for f in /proc/irq/[0-9]*/smp_affinity_list
2026-09-22T18:41:18.1353227Z + irq=84/smp_affinity_list
2026-09-22T18:41:18.1353340Z + irq=84
2026-09-22T18:41:18.1353445Z + [[ -n '' ]]
2026-09-22T18:41:18.1353560Z + echo 0,1,48,49
2026-09-22T18:41:18.1353705Z + for f in /proc/irq/[0-9]*/smp_affinity_list
2026-09-22T18:41:18.1353822Z + irq=85/smp_affinity_list
2026-09-22T18:41:18.1353935Z + irq=85
2026-09-22T18:41:18.1354053Z + [[ -n '' ]]
2026-09-22T18:41:18.1354161Z + echo 0,1,48,49
2026-09-22T18:41:18.1354306Z + for f in /proc/irq/[0-9]*/smp_affinity_list
2026-09-22T18:41:18.1354429Z + irq=86/smp_affinity_list
2026-09-22T18:41:18.1354532Z + irq=86
2026-09-22T18:41:18.1354644Z + [[ -n '' ]]
2026-09-22T18:41:18.1354759Z + echo 0,1,48,49
2026-09-22T18:41:18.1354893Z + for f in /proc/irq/[0-9]*/smp_affinity_list
2026-09-22T18:41:18.1355020Z + irq=87/smp_affinity_list
2026-09-22T18:41:18.1355131Z + irq=87
2026-09-22T18:41:18.1355238Z + [[ -n '' ]]
2026-09-22T18:41:18.1355354Z + echo 0,1,48,49
2026-09-22T18:41:18.1355504Z + for f in /proc/irq/[0-9]*/smp_affinity_list
2026-09-22T18:41:18.1355621Z + irq=88/smp_affinity_list
2026-09-22T18:41:18.1355732Z + irq=88
2026-09-22T18:41:18.1355847Z + [[ -n '' ]]
2026-09-22T18:41:18.1355955Z + echo 0,1,48,49
2026-09-22T18:41:18.1356099Z + for f in /proc/irq/[0-9]*/smp_affinity_list
2026-09-22T18:41:18.1356220Z + irq=89/smp_affinity_list
2026-09-22T18:41:18.1356328Z + irq=89
2026-09-22T18:41:18.1356441Z + [[ -n '' ]]
2026-09-22T18:41:18.1356557Z + echo 0,1,48,49
2026-09-22T18:41:18.1356693Z + for f in /proc/irq/[0-9]*/smp_affinity_list
2026-09-22T18:41:18.1356817Z + irq=9/smp_affinity_list
2026-09-22T18:41:18.1356965Z + irq=9
2026-09-22T18:41:18.1357070Z + [[ -n '' ]]
2026-09-22T18:41:18.1357186Z + echo 0,1,48,49
2026-09-22T18:41:18.1357324Z + for f in /proc/irq/[0-9]*/smp_affinity_list
2026-09-22T18:41:18.1357452Z + irq=90/smp_affinity_list
2026-09-22T18:41:18.1357564Z + irq=90
2026-09-22T18:41:18.1357669Z + [[ -n '' ]]
2026-09-22T18:41:18.1357787Z + echo 0,1,48,49
2026-09-22T18:41:18.1357934Z + for f in /proc/irq/[0-9]*/smp_affinity_list
2026-09-22T18:41:18.1358050Z + irq=91/smp_affinity_list
2026-09-22T18:41:18.1358165Z + irq=91
2026-09-22T18:41:18.1358278Z + [[ -n '' ]]
2026-09-22T18:41:18.1358387Z + echo 0,1,48,49
2026-09-22T18:41:18.1358530Z + for f in /proc/irq/[0-9]*/smp_affinity_list
2026-09-22T18:41:18.1358654Z + irq=92/smp_affinity_list
2026-09-22T18:41:18.1358761Z + irq=92
2026-09-22T18:41:18.1358877Z + [[ -n '' ]]
2026-09-22T18:41:18.1358997Z + echo 0,1,48,49
2026-09-22T18:41:18.1359131Z + for f in /proc/irq/[0-9]*/smp_affinity_list
2026-09-22T18:41:18.1359258Z + irq=93/smp_affinity_list
2026-09-22T18:41:18.1359370Z + irq=93
2026-09-22T18:41:18.1359475Z + [[ -n '' ]]
2026-09-22T18:41:18.1359590Z + echo 0,1,48,49
2026-09-22T18:41:18.1359735Z + for f in /proc/irq/[0-9]*/smp_affinity_list
2026-09-22T18:41:18.1359851Z + irq=94/smp_affinity_list
2026-09-22T18:41:18.1359964Z + irq=94
2026-09-22T18:41:18.1360075Z + [[ -n '' ]]
2026-09-22T18:41:18.1360182Z + echo 0,1,48,49
2026-09-22T18:41:18.1360383Z + for f in /proc/irq/[0-9]*/smp_affinity_list
2026-09-22T18:41:18.1360509Z + irq=95/smp_affinity_list
2026-09-22T18:41:18.1360614Z + irq=95
2026-09-22T18:41:18.1360728Z + [[ -n '' ]]
2026-09-22T18:41:18.1360842Z + echo 0,1,48,49
2026-09-22T18:41:18.1360980Z + for f in /proc/irq/[0-9]*/smp_affinity_list
2026-09-22T18:41:18.1361107Z + irq=96/smp_affinity_list
2026-09-22T18:41:18.1361275Z + irq=96
2026-09-22T18:41:18.1361385Z + [[ -n '' ]]
2026-09-22T18:41:18.1361505Z + echo 0,1,48,49
2026-09-22T18:41:18.1361645Z + for f in /proc/irq/[0-9]*/smp_affinity_list
2026-09-22T18:41:18.1361771Z + irq=97/smp_affinity_list
2026-09-22T18:41:18.1361882Z + irq=97
2026-09-22T18:41:18.1361987Z + [[ -n '' ]]
2026-09-22T18:41:18.1362106Z + echo 0,1,48,49
2026-09-22T18:41:18.1362250Z + for f in /proc/irq/[0-9]*/smp_affinity_list
2026-09-22T18:41:18.1362367Z + irq=98/smp_affinity_list
2026-09-22T18:41:18.1362482Z + irq=98
2026-09-22T18:41:18.1362597Z + [[ -n '' ]]
2026-09-22T18:41:18.1362703Z + echo 0,1,48,49
2026-09-22T18:41:18.1362856Z + for f in /proc/irq/[0-9]*/smp_affinity_list
2026-09-22T18:41:18.1362983Z + irq=99/smp_affinity_list
2026-09-22T18:41:18.1363087Z + irq=99
2026-09-22T18:41:18.1363208Z + [[ -n '' ]]
2026-09-22T18:41:18.1363322Z + echo 0,1,48,49
2026-09-22T18:41:18.1363443Z + command -v python3
2026-09-22T18:41:18.1363576Z ++ expand_cpulist 0,1,48,49
2026-09-22T18:41:18.1363701Z ++ [[ -n 0,1,48,49 ]]
2026-09-22T18:41:18.1363819Z ++ local parts part
2026-09-22T18:41:18.1363934Z ++ IFS=,
2026-09-22T18:41:18.1364060Z ++ read -ra parts
2026-09-22T18:41:18.1364319Z ++ python3 -c 'import sys; print(f"{sum(1 << int(l) for l in sys.stdin):x}")'
2026-09-22T18:41:18.1364455Z ++ for part in "${parts[@]}"
2026-09-22T18:41:18.1364568Z ++ seq 0 0
2026-09-22T18:41:18.1364692Z ++ for part in "${parts[@]}"
2026-09-22T18:41:18.1364809Z ++ seq 1 1
2026-09-22T18:41:18.1364945Z ++ for part in "${parts[@]}"
2026-09-22T18:41:18.1365053Z ++ seq 48 48
2026-09-22T18:41:18.1365179Z ++ for part in "${parts[@]}"
2026-09-22T18:41:18.1365300Z ++ seq 49 49
2026-09-22T18:41:18.1500562Z + wq_mask=3000000000003
2026-09-22T18:41:18.1500855Z + sysfs_write /sys/devices/virtual/workqueue/cpumask 3000000000003
2026-09-22T18:41:18.1500992Z + [[ -n 3000000000003 ]]
2026-09-22T18:41:18.1501170Z + [[ -w /sys/devices/virtual/workqueue/cpumask ]]
2026-09-22T18:41:18.1501296Z + echo 3000000000003
2026-09-22T18:41:18.1501664Z scripts/setup-benchmark.sh: line 16: echo: write error: Value too large for defined data type
2026-09-22T18:41:18.1501776Z + true
2026-09-22T18:41:18.1501938Z + mkdir -p /etc/systemd/system.conf.d
2026-09-22T18:41:18.1511034Z + cat
2026-09-22T18:41:18.1521396Z + systemctl daemon-reexec
2026-09-22T18:41:19.1908394Z + cat
2026-09-22T18:41:19.1918519Z + chmod 0644 /tmp/vortex-benchmark.env
2026-09-22T18:41:19.2087940Z ##[group]Run CodSpeedHQ/action@4296e51e7041e24dadb86d1d6e8b9320d223dbe8
2026-09-22T18:41:19.2088407Z with:
2026-09-22T18:41:19.2088799Z   run: bash scripts/bench-taskset.sh cargo codspeed run -- '.*::avx2::'
2026-09-22T18:41:19.2089393Z   token: ***
2026-09-22T18:41:19.2089665Z   mode: walltime
2026-09-22T18:41:19.2089957Z   cache-instruments: true
2026-09-22T18:41:19.2090328Z   instruments-cache-dir: ~/.cache/codspeed-action
2026-09-22T18:41:19.2090719Z   allow-empty: false
2026-09-22T18:41:19.2091037Z   skip-hash-check-warning: false
2026-09-22T18:41:19.2091373Z env:
2026-09-22T18:41:19.2091645Z   CARGO_TERM_COLOR: always
2026-09-22T18:41:19.2091961Z   RUST_BACKTRACE: 1
2026-09-22T18:41:19.2092278Z   NIGHTLY_TOOLCHAIN: nightly-2026-09-10
2026-09-22T18:41:19.2092668Z   RUNNER_TOOL_CACHE: /opt/hostedtoolcache
2026-09-22T18:41:19.2093026Z   RUNS_ON_HOME: /runs-on
2026-09-22T18:41:19.2093331Z   RUNS_ON_VERSION: v3.3.0
2026-09-22T18:41:19.2093693Z   RUNS_ON_AGENT_BINARY: /runs-on/agent
2026-09-22T18:41:19.2094039Z   RUNS_ON_AGENT_ARCH: x64
2026-09-22T18:41:19.2094342Z   RUNS_ON_AGENT_USER: runner
2026-09-22T18:41:19.2094671Z   RUNS_ON_AMI_ID: ami-0d8875560af9e1401
2026-09-22T18:41:19.2095026Z   RUNS_ON_AWS_REGION: us-east-1
2026-09-22T18:41:19.2095479Z   RUNS_ON_AWS_AZ: us-east-1b
2026-09-22T18:41:19.2095834Z   RUNS_ON_ENV_CUSTOM_FILE: /runs-on/env.custom
2026-09-22T18:41:19.2096227Z   RUNS_ON_INSTANCE_ID: i-05b881343c6c288b6
2026-09-22T18:41:19.2096599Z   RUNS_ON_INSTANCE_LIFECYCLE: spot
2026-09-22T18:41:19.2097007Z   RUNS_ON_INSTANCE_TYPE: c7i.metal-24xl
2026-09-22T18:41:19.2097365Z   RUNS_ON_STACK_NAME: runs-on-v3
2026-09-22T18:41:19.2097787Z   RUNS_ON_S3_BUCKET_CACHE: runs-on-v3-s3bucketcache-dbnub4tpjhpv
2026-09-22T18:41:19.2098278Z   ACTIONS_RUNNER_HOOK_JOB_STARTED: /runs-on/pre.sh
2026-09-22T18:41:19.2098717Z   ACTIONS_RUNNER_HOOK_JOB_COMPLETED: /runs-on/post.sh
2026-09-22T18:41:19.2099145Z   GITHUB_SERVER_URL: https://github.com/
2026-09-22T18:41:19.2099546Z   GITHUB_API_URL: https://api.github.com/
2026-09-22T18:41:19.2099909Z   GITHUB_HOST: github.com
2026-09-22T18:41:19.2100306Z   RUNS_ON_RUNNER_NAME: runs-on--i-05b881343c6c288b6--e9667715-c
2026-09-22T18:41:19.2100779Z   RUNS_ON_INSTANCE_LAUNCHED_AT: 2026-09-22T18:39:59Z
2026-09-22T18:41:19.2101204Z   ACTIONS_CACHE_URL: http://10.1.23.154:6871/
2026-09-22T18:41:19.2101583Z   ACTIONS_CACHE_SERVICE_V2: true
2026-09-22T18:41:19.2101942Z   ACTIONS_RESULTS_URL: http://10.1.23.154:6871/
2026-09-22T18:41:19.2102398Z   RUNS_ON_S3_CACHE_REPO_PREFIX: cache/repo/vortex-data/vortex
2026-09-22T18:41:19.2102836Z   RUNS_ON_ACTION_COST_TRACKING_CLAIMED: true
2026-09-22T18:41:19.2103198Z   RUSTUP_TOOLCHAIN: 1.98.0
2026-09-22T18:41:19.2103520Z   DIVAN_SAMPLE_COUNT: 1000
2026-09-22T18:41:19.2103830Z ##[endgroup]
2026-09-22T18:41:19.2110598Z ##[start-action display=Determine runner and kernel version;id=__CodSpeedHQ_action.versions]
2026-09-22T18:41:19.2127590Z ##[group]Run RUNNER_VERSION=""
2026-09-22T18:41:19.2127981Z [36;1mRUNNER_VERSION=""[0m
2026-09-22T18:41:19.2128359Z [36;1mif [ -z "$RUNNER_VERSION" ]; then[0m
2026-09-22T18:41:19.2128861Z [36;1m  RUNNER_VERSION=$(cat $GITHUB_ACTION_PATH/.codspeed-runner-version)[0m
2026-09-22T18:41:19.2129331Z [36;1mfi[0m
2026-09-22T18:41:19.2129714Z [36;1m# Strip 'v' prefix if present to normalize version format[0m
2026-09-22T18:41:19.2130170Z [36;1mRUNNER_VERSION="${RUNNER_VERSION#v}"[0m
2026-09-22T18:41:19.2130528Z [36;1m[0m
2026-09-22T18:41:19.2130964Z [36;1m# Detect version type (priority: latest > version number > branch/rev prefixes)[0m
2026-09-22T18:41:19.2131506Z [36;1mif [ "$RUNNER_VERSION" = "latest" ]; then[0m
2026-09-22T18:41:19.2131893Z [36;1m  VERSION_TYPE="latest"[0m
2026-09-22T18:41:19.2132352Z [36;1melif echo "$RUNNER_VERSION" | grep -qE '^[0-9]+\.[0-9]+\.[0-9]+-'; then[0m
2026-09-22T18:41:19.2132844Z [36;1m  VERSION_TYPE="prerelease"[0m
2026-09-22T18:41:19.2133295Z [36;1melif echo "$RUNNER_VERSION" | grep -qE '^[0-9]+\.[0-9]+\.[0-9]+'; then[0m
2026-09-22T18:41:19.2133894Z [36;1m  VERSION_TYPE="release"[0m
2026-09-22T18:41:19.2134309Z [36;1melif echo "$RUNNER_VERSION" | grep -q '^branch:'; then[0m
2026-09-22T18:41:19.2134730Z [36;1m  VERSION_TYPE="branch"[0m
2026-09-22T18:41:19.2135195Z [36;1m  RUNNER_VERSION=$(echo "$RUNNER_VERSION" | sed 's/^branch://')[0m
2026-09-22T18:41:19.2135717Z [36;1melif echo "$RUNNER_VERSION" | grep -q '^rev:'; then[0m
2026-09-22T18:41:19.2136129Z [36;1m  VERSION_TYPE="rev"[0m
2026-09-22T18:41:19.2136550Z [36;1m  RUNNER_VERSION=$(echo "$RUNNER_VERSION" | sed 's/^rev://')[0m
2026-09-22T18:41:19.2137011Z [36;1melse[0m
2026-09-22T18:41:19.2137308Z [36;1m  # Default to release version[0m
2026-09-22T18:41:19.2137668Z [36;1m  VERSION_TYPE="release"[0m
2026-09-22T18:41:19.2137996Z [36;1mfi[0m
2026-09-22T18:41:19.2138259Z [36;1m[0m
2026-09-22T18:41:19.2138603Z [36;1mecho "runner-version=$RUNNER_VERSION" >> $GITHUB_OUTPUT[0m
2026-09-22T18:41:19.2139105Z [36;1mecho "version-type=$VERSION_TYPE" >> $GITHUB_OUTPUT[0m
2026-09-22T18:41:19.2139510Z [36;1m[0m
2026-09-22T18:41:19.2139797Z [36;1m# Get kernel version for cache key[0m
2026-09-22T18:41:19.2140182Z [36;1mKERNEL_VERSION=$(uname -r)[0m
2026-09-22T18:41:19.2140601Z [36;1mecho "kernel-version=$KERNEL_VERSION" >> $GITHUB_OUTPUT[0m
2026-09-22T18:41:19.2141089Z [36;1m[0m
2026-09-22T18:41:19.2141479Z [36;1m# Normalize mode for cache key (commas are not allowed in cache keys)[0m
2026-09-22T18:41:19.2142002Z [36;1mMODE_CACHE_KEY=$(echo "walltime" | tr ',' '-')[0m
2026-09-22T18:41:19.2142467Z [36;1mecho "mode-cache-key=$MODE_CACHE_KEY" >> $GITHUB_OUTPUT[0m
2026-09-22T18:41:19.2173377Z shell: /usr/bin/bash --noprofile --norc -e -o pipefail {0}
2026-09-22T18:41:19.2173810Z env:
2026-09-22T18:41:19.2174098Z   CARGO_TERM_COLOR: always
2026-09-22T18:41:19.2174423Z   RUST_BACKTRACE: 1
2026-09-22T18:41:19.2174746Z   NIGHTLY_TOOLCHAIN: nightly-2026-09-10
2026-09-22T18:41:19.2175133Z   RUNNER_TOOL_CACHE: /opt/hostedtoolcache
2026-09-22T18:41:19.2175496Z   RUNS_ON_HOME: /runs-on
2026-09-22T18:41:19.2175829Z   RUNS_ON_VERSION: v3.3.0
2026-09-22T18:41:19.2176163Z   RUNS_ON_AGENT_BINARY: /runs-on/agent
2026-09-22T18:41:19.2176508Z   RUNS_ON_AGENT_ARCH: x64
2026-09-22T18:41:19.2176820Z   RUNS_ON_AGENT_USER: runner
2026-09-22T18:41:19.2177212Z   RUNS_ON_AMI_ID: ami-0d8875560af9e1401
2026-09-22T18:41:19.2177560Z   RUNS_ON_AWS_REGION: us-east-1
2026-09-22T18:41:19.2177890Z   RUNS_ON_AWS_AZ: us-east-1b
2026-09-22T18:41:19.2178236Z   RUNS_ON_ENV_CUSTOM_FILE: /runs-on/env.custom
2026-09-22T18:41:19.2178624Z   RUNS_ON_INSTANCE_ID: i-05b881343c6c288b6
2026-09-22T18:41:19.2179005Z   RUNS_ON_INSTANCE_LIFECYCLE: spot
2026-09-22T18:41:19.2179366Z   RUNS_ON_INSTANCE_TYPE: c7i.metal-24xl
2026-09-22T18:41:19.2179716Z   RUNS_ON_STACK_NAME: runs-on-v3
2026-09-22T18:41:19.2180142Z   RUNS_ON_S3_BUCKET_CACHE: runs-on-v3-s3bucketcache-dbnub4tpjhpv
2026-09-22T18:41:19.2180636Z   ACTIONS_RUNNER_HOOK_JOB_STARTED: /runs-on/pre.sh
2026-09-22T18:41:19.2181073Z   ACTIONS_RUNNER_HOOK_JOB_COMPLETED: /runs-on/post.sh
2026-09-22T18:41:19.2181497Z   GITHUB_SERVER_URL: https://github.com/
2026-09-22T18:41:19.2181892Z   GITHUB_API_URL: https://api.github.com/
2026-09-22T18:41:19.2182256Z   GITHUB_HOST: github.com
2026-09-22T18:41:19.2182648Z   RUNS_ON_RUNNER_NAME: runs-on--i-05b881343c6c288b6--e9667715-c
2026-09-22T18:41:19.2183129Z   RUNS_ON_INSTANCE_LAUNCHED_AT: 2026-09-22T18:39:59Z
2026-09-22T18:41:19.2183538Z   ACTIONS_CACHE_URL: http://10.1.23.154:6871/
2026-09-22T18:41:19.2183916Z   ACTIONS_CACHE_SERVICE_V2: true
2026-09-22T18:41:19.2184271Z   ACTIONS_RESULTS_URL: http://10.1.23.154:6871/
2026-09-22T18:41:19.2184734Z   RUNS_ON_S3_CACHE_REPO_PREFIX: cache/repo/vortex-data/vortex
2026-09-22T18:41:19.2185174Z   RUNS_ON_ACTION_COST_TRACKING_CLAIMED: true
2026-09-22T18:41:19.2185536Z   RUSTUP_TOOLCHAIN: 1.98.0
2026-09-22T18:41:19.2185861Z   DIVAN_SAMPLE_COUNT: 1000
2026-09-22T18:41:19.2186160Z ##[endgroup]
2026-09-22T18:41:19.2311088Z ##[end-action id=__CodSpeedHQ_action.versions;outcome=success;conclusion=success;duration_ms=19]
2026-09-22T18:41:19.2313791Z ##[start-action display=Cache CodSpeed instruments;id=__CodSpeedHQ_action.__actions_cache]
2026-09-22T18:41:19.2352203Z ##[group]Run actions/cache@668228422ae6a00e4ad889ee87cd7109ec5666a7
2026-09-22T18:41:19.2352687Z with:
2026-09-22T18:41:19.2353012Z   path: ~/.cache/codspeed-action
2026-09-22T18:41:19.2353485Z   key: codspeed-instruments-walltime-Linux-X64-6.17.0-1019-aws-5.0.2
2026-09-22T18:41:19.2354108Z   restore-keys: codspeed-instruments-walltime-Linux-X64-6.17.0-1019-aws-

2026-09-22T18:41:19.2354626Z   enableCrossOsArchive: false
2026-09-22T18:41:19.2354970Z   fail-on-cache-miss: false
2026-09-22T18:41:19.2355287Z   lookup-only: false
2026-09-22T18:41:19.2355587Z   save-always: false
2026-09-22T18:41:19.2355865Z env:
2026-09-22T18:41:19.2356134Z   CARGO_TERM_COLOR: always
2026-09-22T18:41:19.2356442Z   RUST_BACKTRACE: 1
2026-09-22T18:41:19.2356754Z   NIGHTLY_TOOLCHAIN: nightly-2026-09-10
2026-09-22T18:41:19.2357184Z   RUNNER_TOOL_CACHE: /opt/hostedtoolcache
2026-09-22T18:41:19.2357548Z   RUNS_ON_HOME: /runs-on
2026-09-22T18:41:19.2357861Z   RUNS_ON_VERSION: v3.3.0
2026-09-22T18:41:19.2358187Z   RUNS_ON_AGENT_BINARY: /runs-on/agent
2026-09-22T18:41:19.2358528Z   RUNS_ON_AGENT_ARCH: x64
2026-09-22T18:41:19.2358934Z   RUNS_ON_AGENT_USER: runner
2026-09-22T18:41:19.2359262Z   RUNS_ON_AMI_ID: ami-0d8875560af9e1401
2026-09-22T18:41:19.2359614Z   RUNS_ON_AWS_REGION: us-east-1
2026-09-22T18:41:19.2359939Z   RUNS_ON_AWS_AZ: us-east-1b
2026-09-22T18:41:19.2360292Z   RUNS_ON_ENV_CUSTOM_FILE: /runs-on/env.custom
2026-09-22T18:41:19.2360678Z   RUNS_ON_INSTANCE_ID: i-05b881343c6c288b6
2026-09-22T18:41:19.2361044Z   RUNS_ON_INSTANCE_LIFECYCLE: spot
2026-09-22T18:41:19.2361403Z   RUNS_ON_INSTANCE_TYPE: c7i.metal-24xl
2026-09-22T18:41:19.2361756Z   RUNS_ON_STACK_NAME: runs-on-v3
2026-09-22T18:41:19.2362169Z   RUNS_ON_S3_BUCKET_CACHE: runs-on-v3-s3bucketcache-dbnub4tpjhpv
2026-09-22T18:41:19.2362651Z   ACTIONS_RUNNER_HOOK_JOB_STARTED: /runs-on/pre.sh
2026-09-22T18:41:19.2363088Z   ACTIONS_RUNNER_HOOK_JOB_COMPLETED: /runs-on/post.sh
2026-09-22T18:41:19.2363510Z   GITHUB_SERVER_URL: https://github.com/
2026-09-22T18:41:19.2363900Z   GITHUB_API_URL: https://api.github.com/
2026-09-22T18:41:19.2364262Z   GITHUB_HOST: github.com
2026-09-22T18:41:19.2364657Z   RUNS_ON_RUNNER_NAME: runs-on--i-05b881343c6c288b6--e9667715-c
2026-09-22T18:41:19.2365144Z   RUNS_ON_INSTANCE_LAUNCHED_AT: 2026-09-22T18:39:59Z
2026-09-22T18:41:19.2365555Z   ACTIONS_CACHE_URL: http://10.1.23.154:6871/
2026-09-22T18:41:19.2365940Z   ACTIONS_CACHE_SERVICE_V2: true
2026-09-22T18:41:19.2366296Z   ACTIONS_RESULTS_URL: http://10.1.23.154:6871/
2026-09-22T18:41:19.2366743Z   RUNS_ON_S3_CACHE_REPO_PREFIX: cache/repo/vortex-data/vortex
2026-09-22T18:41:19.2367237Z   RUNS_ON_ACTION_COST_TRACKING_CLAIMED: true
2026-09-22T18:41:19.2367600Z   RUSTUP_TOOLCHAIN: 1.98.0
2026-09-22T18:41:19.2367915Z   DIVAN_SAMPLE_COUNT: 1000
2026-09-22T18:41:19.2368217Z ##[endgroup]
2026-09-22T18:41:19.4844346Z Cache not found for input keys: codspeed-instruments-walltime-Linux-X64-6.17.0-1019-aws-5.0.2, codspeed-instruments-walltime-Linux-X64-6.17.0-1019-aws-
2026-09-22T18:41:19.4909380Z ##[end-action id=__CodSpeedHQ_action.__actions_cache;outcome=success;conclusion=success;duration_ms=259]
2026-09-22T18:41:19.4912690Z ##[start-action display=Lookup installer hash;id=__CodSpeedHQ_action.installer-hash]
2026-09-22T18:41:19.4958609Z ##[group]Run actions/github-script@ed597411d8f924073f98dfc5c65a23a2325f34cd
2026-09-22T18:41:19.4959090Z with:
2026-09-22T18:41:19.4959949Z   script: const hashes = require(`${process.env.GITHUB_ACTION_PATH}/.codspeed-runner-installer-hashes.json`)
const version = process.env.RUNNER_VERSION
core.setOutput('hash', hashes[version] || '')

2026-09-22T18:41:19.4963387Z   github-token: ***
2026-09-22T18:41:19.4963679Z   debug: false
2026-09-22T18:41:19.4963979Z   user-agent: actions/github-script
2026-09-22T18:41:19.4964344Z   result-encoding: json
2026-09-22T18:41:19.4964638Z   retries: 0
2026-09-22T18:41:19.4965065Z   retry-exempt-status-codes: 400,401,403,404,422
2026-09-22T18:41:19.4965443Z env:
2026-09-22T18:41:19.4965719Z   CARGO_TERM_COLOR: always
2026-09-22T18:41:19.4966033Z   RUST_BACKTRACE: 1
2026-09-22T18:41:19.4966337Z   NIGHTLY_TOOLCHAIN: nightly-2026-09-10
2026-09-22T18:41:19.4966736Z   RUNNER_TOOL_CACHE: /opt/hostedtoolcache
2026-09-22T18:41:19.4967184Z   RUNS_ON_HOME: /runs-on
2026-09-22T18:41:19.4967497Z   RUNS_ON_VERSION: v3.3.0
2026-09-22T18:41:19.4967832Z   RUNS_ON_AGENT_BINARY: /runs-on/agent
2026-09-22T18:41:19.4968182Z   RUNS_ON_AGENT_ARCH: x64
2026-09-22T18:41:19.4968512Z   RUNS_ON_AGENT_USER: runner
2026-09-22T18:41:19.4968847Z   RUNS_ON_AMI_ID: ami-0d8875560af9e1401
2026-09-22T18:41:19.4969200Z   RUNS_ON_AWS_REGION: us-east-1
2026-09-22T18:41:19.4969535Z   RUNS_ON_AWS_AZ: us-east-1b
2026-09-22T18:41:19.4969875Z   RUNS_ON_ENV_CUSTOM_FILE: /runs-on/env.custom
2026-09-22T18:41:19.4970266Z   RUNS_ON_INSTANCE_ID: i-05b881343c6c288b6
2026-09-22T18:41:19.4970629Z   RUNS_ON_INSTANCE_LIFECYCLE: spot
2026-09-22T18:41:19.4970996Z   RUNS_ON_INSTANCE_TYPE: c7i.metal-24xl
2026-09-22T18:41:19.4971351Z   RUNS_ON_STACK_NAME: runs-on-v3
2026-09-22T18:41:19.4971772Z   RUNS_ON_S3_BUCKET_CACHE: runs-on-v3-s3bucketcache-dbnub4tpjhpv
2026-09-22T18:41:19.4972262Z   ACTIONS_RUNNER_HOOK_JOB_STARTED: /runs-on/pre.sh
2026-09-22T18:41:19.4972788Z   ACTIONS_RUNNER_HOOK_JOB_COMPLETED: /runs-on/post.sh
2026-09-22T18:41:19.4973209Z   GITHUB_SERVER_URL: https://github.com/
2026-09-22T18:41:19.4973598Z   GITHUB_API_URL: https://api.github.com/
2026-09-22T18:41:19.4973956Z   GITHUB_HOST: github.com
2026-09-22T18:41:19.4974342Z   RUNS_ON_RUNNER_NAME: runs-on--i-05b881343c6c288b6--e9667715-c
2026-09-22T18:41:19.4974818Z   RUNS_ON_INSTANCE_LAUNCHED_AT: 2026-09-22T18:39:59Z
2026-09-22T18:41:19.4975225Z   ACTIONS_CACHE_URL: http://10.1.23.154:6871/
2026-09-22T18:41:19.4975597Z   ACTIONS_CACHE_SERVICE_V2: true
2026-09-22T18:41:19.4975963Z   ACTIONS_RESULTS_URL: http://10.1.23.154:6871/
2026-09-22T18:41:19.4976408Z   RUNS_ON_S3_CACHE_REPO_PREFIX: cache/repo/vortex-data/vortex
2026-09-22T18:41:19.4976841Z   RUNS_ON_ACTION_COST_TRACKING_CLAIMED: true
2026-09-22T18:41:19.4977258Z   RUSTUP_TOOLCHAIN: 1.98.0
2026-09-22T18:41:19.4977589Z   DIVAN_SAMPLE_COUNT: 1000
2026-09-22T18:41:19.4977898Z   RUNNER_VERSION: 5.0.2
2026-09-22T18:41:19.4978199Z ##[endgroup]
2026-09-22T18:41:19.5857203Z ##[end-action id=__CodSpeedHQ_action.installer-hash;outcome=success;conclusion=success;duration_ms=94]
2026-09-22T18:41:19.5859817Z ##[start-action display=Install CodSpeed runner;id=__CodSpeedHQ_action.__run]
2026-09-22T18:41:19.5876708Z ##[group]Run RUNNER_VERSION="5.0.2"
2026-09-22T18:41:19.5877211Z [36;1mRUNNER_VERSION="5.0.2"[0m
2026-09-22T18:41:19.5877556Z [36;1mVERSION_TYPE="release"[0m
2026-09-22T18:41:19.5877875Z [36;1m[0m
2026-09-22T18:41:19.5878175Z [36;1mSKIP_HASH_CHECK_WARNING="false"[0m
2026-09-22T18:41:19.5878523Z [36;1m[0m
2026-09-22T18:41:19.5878822Z [36;1mif [ "$VERSION_TYPE" = "latest" ]; then[0m
2026-09-22T18:41:19.5879279Z [36;1m  if [ "$SKIP_HASH_CHECK_WARNING" != "true" ]; then[0m
2026-09-22T18:41:19.5880071Z [36;1m    echo "::warning::Hash verification is not available when using 'latest' version. Consider pinning a specific version for supply chain security."[0m
2026-09-22T18:41:19.5880792Z [36;1m  fi[0m
2026-09-22T18:41:19.5881226Z [36;1m  curl -fsSL https://codspeed.io/install.sh | bash -s -- --quiet[0m
2026-09-22T18:41:19.5881741Z [36;1melif [ "$VERSION_TYPE" = "prerelease" ]; then[0m
2026-09-22T18:41:19.5882345Z [36;1m  # Prereleases are not pinned, so install from the versioned installer without hash verification.[0m
2026-09-22T18:41:19.5882967Z [36;1m  if [ "$SKIP_HASH_CHECK_WARNING" != "true" ]; then[0m
2026-09-22T18:41:19.5883559Z [36;1m    echo "::warning::Hash verification is not available for prerelease version $RUNNER_VERSION."[0m
2026-09-22T18:41:19.5884091Z [36;1m  fi[0m
2026-09-22T18:41:19.5884550Z [36;1m  curl -fsSL "https://codspeed.io/v$RUNNER_VERSION/install.sh" | bash -s -- --quiet[0m
2026-09-22T18:41:19.5885194Z [36;1melif [ "$VERSION_TYPE" = "branch" ]; then[0m
2026-09-22T18:41:19.5885617Z [36;1m  # Install from specific branch using cargo[0m
2026-09-22T18:41:19.5886057Z [36;1m  if [ "$SKIP_HASH_CHECK_WARNING" != "true" ]; then[0m
2026-09-22T18:41:19.5886619Z [36;1m    echo "::warning::Hash verification is not available when installing from a branch."[0m
2026-09-22T18:41:19.5887188Z [36;1m  fi[0m
2026-09-22T18:41:19.5887484Z [36;1m  source $HOME/.cargo/env[0m
2026-09-22T18:41:19.5888122Z [36;1m  cargo install --locked --git https://github.com/CodSpeedHQ/codspeed --branch "$RUNNER_VERSION" codspeed-runner[0m
2026-09-22T18:41:19.5888789Z [36;1melif [ "$VERSION_TYPE" = "rev" ]; then[0m
2026-09-22T18:41:19.5889227Z [36;1m  # Install from specific commit/rev using cargo[0m
2026-09-22T18:41:19.5889667Z [36;1m  if [ "$SKIP_HASH_CHECK_WARNING" != "true" ]; then[0m
2026-09-22T18:41:19.5890232Z [36;1m    echo "::warning::Hash verification is not available when installing from a revision."[0m
2026-09-22T18:41:19.5890762Z [36;1m  fi[0m
2026-09-22T18:41:19.5891053Z [36;1m  source $HOME/.cargo/env[0m
2026-09-22T18:41:19.5891657Z [36;1m  cargo install --locked --git https://github.com/CodSpeedHQ/codspeed --rev "$RUNNER_VERSION" codspeed-runner[0m
2026-09-22T18:41:19.5892350Z [36;1melse[0m
2026-09-22T18:41:19.5892710Z [36;1m  # Release version - download to temp file and verify hash[0m
2026-09-22T18:41:19.5893259Z [36;1m  INSTALLER_URL="https://codspeed.io/v$RUNNER_VERSION/install.sh"[0m
2026-09-22T18:41:19.5893738Z [36;1m  INSTALLER_TMP=$(mktemp)[0m
2026-09-22T18:41:19.5894106Z [36;1m  trap "rm -f $INSTALLER_TMP" EXIT[0m
2026-09-22T18:41:19.5894458Z [36;1m[0m
2026-09-22T18:41:19.5894745Z [36;1m  CURL_ERR=$(mktemp)[0m
2026-09-22T18:41:19.5895286Z [36;1m  if ! HTTP_CODE=$(curl -sSL -o "$INSTALLER_TMP" -w "%{http_code}" "$INSTALLER_URL" 2>"$CURL_ERR"); then[0m
2026-09-22T18:41:19.5896217Z [36;1m    echo "::error title=Failed to install CodSpeed CLI::Installation of CodSpeed CLI with version $RUNNER_VERSION failed.%0AReason: $(cat "$CURL_ERR")"[0m
2026-09-22T18:41:19.5897001Z [36;1m    exit 1[0m
2026-09-22T18:41:19.5897321Z [36;1m  fi[0m
2026-09-22T18:41:19.5897618Z [36;1m  if [ "$HTTP_CODE" -ge 400 ]; then[0m
2026-09-22T18:41:19.5898023Z [36;1m    error_body=$(cat "$INSTALLER_TMP")[0m
2026-09-22T18:41:19.5898891Z [36;1m    echo "::error title=Failed to install CodSpeed CLI::Installation of CodSpeed CLI with version $RUNNER_VERSION failed.%0AReason: HTTP $HTTP_CODE - ${error_body:-no response body}"[0m
2026-09-22T18:41:19.5899728Z [36;1m    exit 1[0m
2026-09-22T18:41:19.5900015Z [36;1m  fi[0m
2026-09-22T18:41:19.5900279Z [36;1m[0m
2026-09-22T18:41:19.5900757Z [36;1m  EXPECTED_HASH="4ea0e3b0425e01498ff1b70fba78228eedb4dd58efb6093360776fc6e4eae1a9"[0m
2026-09-22T18:41:19.5901319Z [36;1m  if [ -z "$EXPECTED_HASH" ]; then[0m
2026-09-22T18:41:19.5902009Z [36;1m    echo "::error::No pinned hash found for installer version $RUNNER_VERSION. Update .codspeed-runner-installer-hashes.json."[0m
2026-09-22T18:41:19.5902668Z [36;1m    exit 1[0m
2026-09-22T18:41:19.5902946Z [36;1m  fi[0m
2026-09-22T18:41:19.5903211Z [36;1m[0m
2026-09-22T18:41:19.5903566Z [36;1m  ACTUAL_HASH=$(sha256sum "$INSTALLER_TMP" | awk '{print $1}')[0m
2026-09-22T18:41:19.5904067Z [36;1m  if [ "$ACTUAL_HASH" != "$EXPECTED_HASH" ]; then[0m
2026-09-22T18:41:19.5904734Z [36;1m    echo "::error::Installer hash mismatch for version $RUNNER_VERSION. Expected: $EXPECTED_HASH, Got: $ACTUAL_HASH"[0m
2026-09-22T18:41:19.5905340Z [36;1m    exit 1[0m
2026-09-22T18:41:19.5905616Z [36;1m  fi[0m
2026-09-22T18:41:19.5905990Z [36;1m  echo "Installer hash verified for version $RUNNER_VERSION"[0m
2026-09-22T18:41:19.5906411Z [36;1m[0m
2026-09-22T18:41:19.5906694Z [36;1m  bash "$INSTALLER_TMP" --quiet[0m
2026-09-22T18:41:19.5907083Z [36;1mfi[0m
2026-09-22T18:41:19.5935319Z shell: /usr/bin/bash --noprofile --norc -e -o pipefail {0}
2026-09-22T18:41:19.5935754Z env:
2026-09-22T18:41:19.5936051Z   CARGO_TERM_COLOR: always
2026-09-22T18:41:19.5936523Z   RUST_BACKTRACE: 1
2026-09-22T18:41:19.5953495Z   NIGHTLY_TOOLCHAIN: nightly-2026-09-10
2026-09-22T18:41:19.5953934Z   RUNNER_TOOL_CACHE: /opt/hostedtoolcache
2026-09-22T18:41:19.5954310Z   RUNS_ON_HOME: /runs-on
2026-09-22T18:41:19.5954639Z   RUNS_ON_VERSION: v3.3.0
2026-09-22T18:41:19.5954976Z   RUNS_ON_AGENT_BINARY: /runs-on/agent
2026-09-22T18:41:19.5955331Z   RUNS_ON_AGENT_ARCH: x64
2026-09-22T18:41:19.5955639Z   RUNS_ON_AGENT_USER: runner
2026-09-22T18:41:19.5955970Z   RUNS_ON_AMI_ID: ami-0d8875560af9e1401
2026-09-22T18:41:19.5956330Z   RUNS_ON_AWS_REGION: us-east-1
2026-09-22T18:41:19.5956657Z   RUNS_ON_AWS_AZ: us-east-1b
2026-09-22T18:41:19.5957083Z   RUNS_ON_ENV_CUSTOM_FILE: /runs-on/env.custom
2026-09-22T18:41:19.5957484Z   RUNS_ON_INSTANCE_ID: i-05b881343c6c288b6
2026-09-22T18:41:19.5957847Z   RUNS_ON_INSTANCE_LIFECYCLE: spot
2026-09-22T18:41:19.5958199Z   RUNS_ON_INSTANCE_TYPE: c7i.metal-24xl
2026-09-22T18:41:19.5958562Z   RUNS_ON_STACK_NAME: runs-on-v3
2026-09-22T18:41:19.5958990Z   RUNS_ON_S3_BUCKET_CACHE: runs-on-v3-s3bucketcache-dbnub4tpjhpv
2026-09-22T18:41:19.5959473Z   ACTIONS_RUNNER_HOOK_JOB_STARTED: /runs-on/pre.sh
2026-09-22T18:41:19.5959909Z   ACTIONS_RUNNER_HOOK_JOB_COMPLETED: /runs-on/post.sh
2026-09-22T18:41:19.5960508Z   GITHUB_SERVER_URL: https://github.com/
2026-09-22T18:41:19.5960900Z   GITHUB_API_URL: https://api.github.com/
2026-09-22T18:41:19.5961258Z   GITHUB_HOST: github.com
2026-09-22T18:41:19.5961660Z   RUNS_ON_RUNNER_NAME: runs-on--i-05b881343c6c288b6--e9667715-c
2026-09-22T18:41:19.5962129Z   RUNS_ON_INSTANCE_LAUNCHED_AT: 2026-09-22T18:39:59Z
2026-09-22T18:41:19.5962544Z   ACTIONS_CACHE_URL: http://10.1.23.154:6871/
2026-09-22T18:41:19.5962931Z   ACTIONS_CACHE_SERVICE_V2: true
2026-09-22T18:41:19.5963290Z   ACTIONS_RESULTS_URL: http://10.1.23.154:6871/
2026-09-22T18:41:19.5963734Z   RUNS_ON_S3_CACHE_REPO_PREFIX: cache/repo/vortex-data/vortex
2026-09-22T18:41:19.5964180Z   RUNS_ON_ACTION_COST_TRACKING_CLAIMED: true
2026-09-22T18:41:19.5964550Z   RUSTUP_TOOLCHAIN: 1.98.0
2026-09-22T18:41:19.5964865Z   DIVAN_SAMPLE_COUNT: 1000
2026-09-22T18:41:19.5965181Z ##[endgroup]
2026-09-22T18:41:19.7640842Z Installer hash verified for version 5.0.2
2026-09-22T18:41:20.2414959Z ##[end-action id=__CodSpeedHQ_action.__run;outcome=success;conclusion=success;duration_ms=655]
2026-09-22T18:41:20.2443868Z ##[start-action display=Run the benchmarks;id=__CodSpeedHQ_action.__run_2]
2026-09-22T18:41:20.2461531Z ##[group]Run # Validate required inputs
2026-09-22T18:41:20.2461978Z [36;1m# Validate required inputs[0m
2026-09-22T18:41:20.2462379Z [36;1m# (custom message for smoother v4 migration)[0m
2026-09-22T18:41:20.2462788Z [36;1mif [ -z "walltime" ]; then[0m
2026-09-22T18:41:20.2464324Z [36;1m  echo "::error title=Missing required input 'mode'::The 'mode' input is required as of CodSpeed Action v4. Please explicitly set 'mode' to 'simulation' or 'walltime'. Before, this variable was automatically set to instrumentation on every runner except for CodSpeed macro runners where it was set to walltime by default. See https://codspeed.io/docs/instruments for details."[0m
2026-09-22T18:41:20.2465783Z [36;1m  exit 1[0m
2026-09-22T18:41:20.2466064Z [36;1mfi[0m
2026-09-22T18:41:20.2466326Z [36;1m[0m
2026-09-22T18:41:20.2466619Z [36;1m# Build the runner arguments array[0m
2026-09-22T18:41:20.2467103Z [36;1mRUNNER_ARGS=()[0m
2026-09-22T18:41:20.2467574Z [36;1mif [ -n "***" ]; then[0m
2026-09-22T18:41:20.2468015Z [36;1m  RUNNER_ARGS+=(--token "***")[0m
2026-09-22T18:41:20.2468358Z [36;1mfi[0m
2026-09-22T18:41:20.2468632Z [36;1mif [ -n "" ]; then[0m
2026-09-22T18:41:20.2468988Z [36;1m  RUNNER_ARGS+=(--working-directory="")[0m
2026-09-22T18:41:20.2469361Z [36;1mfi[0m
2026-09-22T18:41:20.2469631Z [36;1mif [ -n "" ]; then[0m
2026-09-22T18:41:20.2469961Z [36;1m  RUNNER_ARGS+=(--upload-url="")[0m
2026-09-22T18:41:20.2470314Z [36;1mfi[0m
2026-09-22T18:41:20.2470592Z [36;1mif [ -n "walltime" ]; then[0m
2026-09-22T18:41:20.2471060Z [36;1m  RUNNER_ARGS+=(--mode="walltime")[0m
2026-09-22T18:41:20.2471412Z [36;1mfi[0m
2026-09-22T18:41:20.2471690Z [36;1mif [ -n "" ]; then[0m
2026-09-22T18:41:20.2472024Z [36;1m  RUNNER_ARGS+=(--instruments="")[0m
2026-09-22T18:41:20.2472368Z [36;1mfi[0m
2026-09-22T18:41:20.2472654Z [36;1mif [ -n "" ]; then[0m
2026-09-22T18:41:20.2473004Z [36;1m  RUNNER_ARGS+=(--mongo-uri-env-name="")[0m
2026-09-22T18:41:20.2473375Z [36;1mfi[0m
2026-09-22T18:41:20.2473742Z [36;1mif [ "true" = "true" ] && [ -n "~/.cache/codspeed-action" ]; then[0m
2026-09-22T18:41:20.2474281Z [36;1m  RUNNER_ARGS+=(--setup-cache-dir="~/.cache/codspeed-action")[0m
2026-09-22T18:41:20.2474716Z [36;1mfi[0m
2026-09-22T18:41:20.2474989Z [36;1mif [ "false" = "true" ]; then[0m
2026-09-22T18:41:20.2475348Z [36;1m  RUNNER_ARGS+=(--allow-empty)[0m
2026-09-22T18:41:20.2475681Z [36;1mfi[0m
2026-09-22T18:41:20.2475943Z [36;1mif [ -n "" ]; then[0m
2026-09-22T18:41:20.2476296Z [36;1m  RUNNER_ARGS+=(--go-runner-version="")[0m
2026-09-22T18:41:20.2476657Z [36;1mfi[0m
2026-09-22T18:41:20.2476968Z [36;1mif [ -n "" ]; then[0m
2026-09-22T18:41:20.2477298Z [36;1m  RUNNER_ARGS+=(--config="")[0m
2026-09-22T18:41:20.2477636Z [36;1mfi[0m
2026-09-22T18:41:20.2477897Z [36;1mif [ -n "" ]; then[0m
2026-09-22T18:41:20.2478339Z [36;1m  RUNNER_ARGS+=(--cycle-estimation="")[0m
2026-09-22T18:41:20.2478699Z [36;1mfi[0m
2026-09-22T18:41:20.2478958Z [36;1mif [ -n "" ]; then[0m
2026-09-22T18:41:20.2479321Z [36;1m  RUNNER_ARGS+=(--exclude-allocations="")[0m
2026-09-22T18:41:20.2479690Z [36;1mfi[0m
2026-09-22T18:41:20.2479944Z [36;1m[0m
2026-09-22T18:41:20.2480238Z [36;1mif [ -n "$CODSPEED_INPUT_RUN" ]; then[0m
2026-09-22T18:41:20.2480661Z [36;1m  RUNNER_ARGS+=(-- "$CODSPEED_INPUT_RUN")[0m
2026-09-22T18:41:20.2481031Z [36;1mfi[0m
2026-09-22T18:41:20.2481282Z [36;1m[0m
2026-09-22T18:41:20.2481559Z [36;1m# Run the benchmarks[0m
2026-09-22T18:41:20.2481903Z [36;1mcodspeed run "${RUNNER_ARGS[@]}"[0m
2026-09-22T18:41:20.2509804Z shell: /usr/bin/bash --noprofile --norc -e -o pipefail {0}
2026-09-22T18:41:20.2510248Z env:
2026-09-22T18:41:20.2510526Z   CARGO_TERM_COLOR: always
2026-09-22T18:41:20.2510841Z   RUST_BACKTRACE: 1
2026-09-22T18:41:20.2511168Z   NIGHTLY_TOOLCHAIN: nightly-2026-09-10
2026-09-22T18:41:20.2511561Z   RUNNER_TOOL_CACHE: /opt/hostedtoolcache
2026-09-22T18:41:20.2511920Z   RUNS_ON_HOME: /runs-on
2026-09-22T18:41:20.2512236Z   RUNS_ON_VERSION: v3.3.0
2026-09-22T18:41:20.2512562Z   RUNS_ON_AGENT_BINARY: /runs-on/agent
2026-09-22T18:41:20.2512906Z   RUNS_ON_AGENT_ARCH: x64
2026-09-22T18:41:20.2513213Z   RUNS_ON_AGENT_USER: runner
2026-09-22T18:41:20.2513552Z   RUNS_ON_AMI_ID: ami-0d8875560af9e1401
2026-09-22T18:41:20.2513903Z   RUNS_ON_AWS_REGION: us-east-1
2026-09-22T18:41:20.2514231Z   RUNS_ON_AWS_AZ: us-east-1b
2026-09-22T18:41:20.2514587Z   RUNS_ON_ENV_CUSTOM_FILE: /runs-on/env.custom
2026-09-22T18:41:20.2514972Z   RUNS_ON_INSTANCE_ID: i-05b881343c6c288b6
2026-09-22T18:41:20.2515335Z   RUNS_ON_INSTANCE_LIFECYCLE: spot
2026-09-22T18:41:20.2515693Z   RUNS_ON_INSTANCE_TYPE: c7i.metal-24xl
2026-09-22T18:41:20.2516046Z   RUNS_ON_STACK_NAME: runs-on-v3
2026-09-22T18:41:20.2516460Z   RUNS_ON_S3_BUCKET_CACHE: runs-on-v3-s3bucketcache-dbnub4tpjhpv
2026-09-22T18:41:20.2516994Z   ACTIONS_RUNNER_HOOK_JOB_STARTED: /runs-on/pre.sh
2026-09-22T18:41:20.2517435Z   ACTIONS_RUNNER_HOOK_JOB_COMPLETED: /runs-on/post.sh
2026-09-22T18:41:20.2517856Z   GITHUB_SERVER_URL: https://github.com/
2026-09-22T18:41:20.2518243Z   GITHUB_API_URL: https://api.github.com/
2026-09-22T18:41:20.2518614Z   GITHUB_HOST: github.com
2026-09-22T18:41:20.2519002Z   RUNS_ON_RUNNER_NAME: runs-on--i-05b881343c6c288b6--e9667715-c
2026-09-22T18:41:20.2519464Z   RUNS_ON_INSTANCE_LAUNCHED_AT: 2026-09-22T18:39:59Z
2026-09-22T18:41:20.2519890Z   ACTIONS_CACHE_URL: http://10.1.23.154:6871/
2026-09-22T18:41:20.2520268Z   ACTIONS_CACHE_SERVICE_V2: true
2026-09-22T18:41:20.2520622Z   ACTIONS_RESULTS_URL: http://10.1.23.154:6871/
2026-09-22T18:41:20.2521177Z   RUNS_ON_S3_CACHE_REPO_PREFIX: cache/repo/vortex-data/vortex
2026-09-22T18:41:20.2521623Z   RUNS_ON_ACTION_COST_TRACKING_CLAIMED: true
2026-09-22T18:41:20.2521998Z   RUSTUP_TOOLCHAIN: 1.98.0
2026-09-22T18:41:20.2522336Z   DIVAN_SAMPLE_COUNT: 1000
2026-09-22T18:41:20.2523221Z   GH_MATRIX: {
  "features": "avx2",
  "family": "c7i.metal-24xl",
  "build-family": "c7i.4xlarge",
  "image": "ubuntu24-full-x64-pre-v2",
  "rustflags": "-C target-feature=+avx2 -C force-frame-pointers=yes"
}
2026-09-22T18:41:20.2524298Z   GH_STRATEGY: {
  "fail-fast": false,
  "job-index": 0,
  "job-total": 3,
  "max-parallel": 3
}
2026-09-22T18:41:20.2525002Z   CODSPEED_INPUT_RUN: bash scripts/bench-taskset.sh cargo codspeed run -- '.*::avx2::'
2026-09-22T18:41:20.2525522Z ##[endgroup]
2026-09-22T18:41:20.2933325Z 
2026-09-22T18:41:20.2933769Z    ______            __ _____                         __
2026-09-22T18:41:20.2934438Z   / ____/____   ____/ // ___/ ____   ___   ___   ____/ /
2026-09-22T18:41:20.2935011Z  / /    / __ \ / __  / \__ \ / __ \ / _ \ / _ \ / __  /
2026-09-22T18:41:20.2935600Z / /___ / /_/ // /_/ / ___/ // /_/ //  __//  __// /_/ /
2026-09-22T18:41:20.2936161Z \____/ \____/ \__,_/ /____// .___/ \___/ \___/ \__,_/
2026-09-22T18:41:20.2936728Z   https://codspeed.io     /_/          runner v5.0.2
2026-09-22T18:41:20.2937358Z 
2026-09-22T18:41:20.2937820Z ##[group]Running the benchmarks
2026-09-22T18:41:28.2839265Z [cargo-codspeed] Measurement mode: Walltime
2026-09-22T18:41:28.2839625Z 
2026-09-22T18:41:28.2842958Z Collected 10 benchmark suite(s) to run
2026-09-22T18:41:28.2843360Z Running vortex-array row_fn_output
2026-09-22T18:41:28.2888209Z Timer precision: 21 ns
2026-09-22T18:41:28.2889059Z row_fn_output                           fastest       │ slowest       │ median        │ mean          │ samples │ iters
2026-09-22T18:41:28.2898165Z ├─ avx2::deferred_bool_constant_avx2                  │               │               │               │         │
2026-09-22T18:41:28.3811230Z │  ├─ ConstantPerRow                    10.62 µs      │ 309.4 µs      │ 10.74 µs      │ 11.35 µs      │ 1000    │ 1000
2026-09-22T18:41:28.3811969Z │  │                                    1.542 Gitem/s │ 52.93 Mitem/s │ 1.524 Gitem/s │ 1.442 Gitem/s │         │
2026-09-22T18:41:28.4690106Z │  ╰─ PerRowConstant                    10.63 µs      │ 19.46 µs      │ 10.73 µs      │ 11.09 µs      │ 1000    │ 1000
2026-09-22T18:41:28.4690826Z │                                       1.54 Gitem/s  │ 841.5 Mitem/s │ 1.526 Gitem/s │ 1.477 Gitem/s │         │
2026-09-22T18:41:28.4691496Z ├─ avx2::deferred_i64_avx2                            │               │               │               │         │
2026-09-22T18:41:28.5562436Z │  ╰─ PerRowPerRow                      9.878 µs      │ 18.4 µs       │ 10 µs         │ 10.61 µs      │ 1000    │ 1000
2026-09-22T18:41:28.5563373Z │                                       1.658 Gitem/s │ 890 Mitem/s   │ 1.636 Gitem/s │ 1.544 Gitem/s │         │
2026-09-22T18:41:28.5564422Z ├─ avx2::filtered_owned_i64_avx2                      │               │               │               │         │
2026-09-22T18:41:28.6386491Z │  ├─ AllValid                          5.438 µs      │ 41.27 µs      │ 5.674 µs      │ 5.848 µs      │ 1000    │ 1000
2026-09-22T18:41:28.6387349Z │  │                                    3.012 Gitem/s │ 396.9 Mitem/s │ 2.887 Gitem/s │ 2.801 Gitem/s │         │
2026-09-22T18:41:28.7317107Z │  ├─ NineNullsInTen                    14.9 µs       │ 105.5 µs      │ 15.41 µs      │ 15.93 µs      │ 1000    │ 1000
2026-09-22T18:41:28.7317853Z │  │                                    1.099 Gitem/s │ 155.2 Mitem/s │ 1.062 Gitem/s │ 1.028 Gitem/s │         │
2026-09-22T18:41:28.8372899Z │  ╰─ OneNullInEight                    23.07 µs      │ 207.3 µs      │ 26.66 µs      │ 27.5 µs       │ 1000    │ 1000
2026-09-22T18:41:28.8373977Z │                                       710 Mitem/s   │ 79.03 Mitem/s │ 614.3 Mitem/s │ 595.7 Mitem/s │         │
2026-09-22T18:41:28.8375338Z ├─ avx2::filtered_sink_i64_avx2                       │               │               │               │         │
2026-09-22T18:41:28.9194451Z │  ├─ AllValid                          5.329 µs      │ 13.68 µs      │ 5.567 µs      │ 5.708 µs      │ 1000    │ 1000
2026-09-22T18:41:28.9195460Z │  │                                    3.074 Gitem/s │ 1.197 Gitem/s │ 2.942 Gitem/s │ 2.87 Gitem/s  │         │
2026-09-22T18:41:29.0128488Z │  ├─ NineNullsInTen                    15.09 µs      │ 29.97 µs      │ 15.71 µs      │ 16.15 µs      │ 1000    │ 1000
2026-09-22T18:41:29.0129400Z │  │                                    1.085 Gitem/s │ 546.6 Mitem/s │ 1.042 Gitem/s │ 1.013 Gitem/s │         │
2026-09-22T18:41:29.1181308Z │  ╰─ OneNullInEight                    26.38 µs      │ 36.93 µs      │ 27.06 µs      │ 27.59 µs      │ 1000    │ 1000
2026-09-22T18:41:29.1182255Z │                                       620.9 Mitem/s │ 443.6 Mitem/s │ 605.3 Mitem/s │ 593.6 Mitem/s │         │
2026-09-22T18:41:29.1182976Z ├─ avx2::infallible_bool_constant_avx2                │               │               │               │         │
2026-09-22T18:41:29.2070361Z │  ├─ ConstantPerRow                    10.21 µs      │ 46.58 µs      │ 10.3 µs       │ 10.66 µs      │ 1000    │ 1000
2026-09-22T18:41:29.2071123Z │  │                                    1.603 Gitem/s │ 351.7 Mitem/s │ 1.589 Gitem/s │ 1.535 Gitem/s │         │
2026-09-22T18:41:29.2946106Z │  ╰─ PerRowConstant                    10.19 µs      │ 19.06 µs      │ 10.26 µs      │ 10.51 µs      │ 1000    │ 1000
2026-09-22T18:41:29.2947016Z │                                       1.606 Gitem/s │ 859.3 Mitem/s │ 1.595 Gitem/s │ 1.557 Gitem/s │         │
2026-09-22T18:41:29.2947685Z ├─ avx2::deferred_bool_avx2                           │               │               │               │         │
2026-09-22T18:41:29.2948898Z │  ├─ i32                                             │               │               │               │         │
2026-09-22T18:41:29.3752611Z │  │  ╰─ PerRowPerRow                   2.984 µs      │ 11.67 µs      │ 3.129 µs      │ 3.224 µs      │ 1000    │ 1000
2026-09-22T18:41:29.3753676Z │  │                                    5.489 Gitem/s │ 1.403 Gitem/s │ 5.235 Gitem/s │ 5.08 Gitem/s  │         │
2026-09-22T18:41:29.3754532Z │  ╰─ i64                                             │               │               │               │         │
2026-09-22T18:41:29.4639975Z │     ╰─ PerRowPerRow                   10.67 µs      │ 74.3 µs       │ 10.8 µs       │ 11.17 µs      │ 1000    │ 1000
2026-09-22T18:41:29.4640926Z │                                       1.535 Gitem/s │ 220.5 Mitem/s │ 1.516 Gitem/s │ 1.465 Gitem/s │         │
2026-09-22T18:41:29.4641931Z ╰─ avx2::infallible_bool_avx2                         │               │               │               │         │
2026-09-22T18:41:29.4642802Z    ├─ i32                                             │               │               │               │         │
2026-09-22T18:41:29.5441098Z    │  ╰─ PerRowPerRow                   2.712 µs      │ 10.39 µs      │ 2.894 µs      │ 2.985 µs      │ 1000    │ 1000
2026-09-22T18:41:29.5441902Z    │                                    6.04 Gitem/s  │ 1.576 Gitem/s │ 5.661 Gitem/s │ 5.487 Gitem/s │         │
2026-09-22T18:41:29.5442509Z    ╰─ i64                                             │               │               │               │         │
2026-09-22T18:41:29.6312846Z       ╰─ PerRowPerRow                   10.22 µs      │ 17.85 µs      │ 10.31 µs      │ 10.61 µs      │ 1000    │ 1000
2026-09-22T18:41:29.6313670Z                                         1.602 Gitem/s │ 917.7 Mitem/s │ 1.588 Gitem/s │ 1.543 Gitem/s │         │
2026-09-22T18:41:29.6314065Z 
2026-09-22T18:41:29.6321404Z Done running row_fn_output
2026-09-22T18:41:29.6362509Z Running vortex-array row_fn_utf8
2026-09-22T18:41:29.6362876Z Timer precision: 21 ns
2026-09-22T18:41:29.6363385Z row_fn_utf8                          fastest       │ slowest       │ median        │ mean          │ samples │ iters
2026-09-22T18:41:29.6364228Z ╰─ avx2::decode_avx2                               │               │               │               │         │
2026-09-22T18:41:29.6364795Z    ├─ 1                                            │               │               │               │         │
2026-09-22T18:41:29.7170392Z    │  ├─ (External, AllValid)        189.5 ns      │ 6.782 µs      │ 208.5 ns      │ 241.9 ns      │ 1000    │ 1000
2026-09-22T18:41:29.7171648Z    │  │                              5.274 Mitem/s │ 147.4 Kitem/s │ 4.794 Mitem/s │ 4.132 Mitem/s │         │
2026-09-22T18:41:29.7942035Z    │  ├─ (External, OneNullInEight)  164.5 ns      │ 5.604 µs      │ 174.5 ns      │ 194.4 ns      │ 1000    │ 1000
2026-09-22T18:41:29.7942841Z    │  │                              6.076 Mitem/s │ 178.4 Kitem/s │ 5.728 Mitem/s │ 5.141 Mitem/s │         │
2026-09-22T18:41:29.8777655Z    │  ├─ (Inline, AllValid)          105.1 ns      │ 319.5 ns      │ 107.4 ns      │ 110.6 ns      │ 1000    │ 32000
2026-09-22T18:41:29.8778730Z    │  │                              9.508 Mitem/s │ 3.129 Mitem/s │ 9.31 Mitem/s  │ 9.037 Mitem/s │         │
2026-09-22T18:41:29.9587514Z    │  ╰─ (Inline, OneNullInEight)    126.9 ns      │ 602.7 ns      │ 131.2 ns      │ 136 ns        │ 1000    │ 16000
2026-09-22T18:41:29.9588355Z    │                                 7.876 Mitem/s │ 1.659 Mitem/s │ 7.621 Mitem/s │ 7.349 Mitem/s │         │
2026-09-22T18:41:29.9588952Z    ├─ 64                                           │               │               │               │         │
2026-09-22T18:41:30.0364277Z    │  ├─ (External, AllValid)        1.592 µs      │ 23.86 µs      │ 1.649 µs      │ 1.748 µs      │ 1000    │ 1000
2026-09-22T18:41:30.0365074Z    │  │                              40.18 Mitem/s │ 2.681 Mitem/s │ 38.79 Mitem/s │ 36.59 Mitem/s │         │
2026-09-22T18:41:30.1138948Z    │  ├─ (External, OneNullInEight)  1.726 µs      │ 29.66 µs      │ 1.784 µs      │ 1.898 µs      │ 1000    │ 1000
2026-09-22T18:41:30.1139725Z    │  │                              37.06 Mitem/s │ 2.157 Mitem/s │ 35.86 Mitem/s │ 33.71 Mitem/s │         │
2026-09-22T18:41:30.1939915Z    │  ├─ (Inline, AllValid)          889.5 ns      │ 2.669 µs      │ 914.5 ns      │ 952.9 ns      │ 1000    │ 4000
2026-09-22T18:41:30.1940632Z    │  │                              71.94 Mitem/s │ 23.97 Mitem/s │ 69.97 Mitem/s │ 67.15 Mitem/s │         │
2026-09-22T18:41:30.2735097Z    │  ╰─ (Inline, OneNullInEight)    1.109 µs      │ 4.969 µs      │ 1.128 µs      │ 1.182 µs      │ 1000    │ 2000
2026-09-22T18:41:30.2735896Z    │                                 57.67 Mitem/s │ 12.87 Mitem/s │ 56.73 Mitem/s │ 54.1 Mitem/s  │         │
2026-09-22T18:41:30.2736483Z    ╰─ 16384                                        │               │               │               │         │
2026-09-22T18:41:30.7117470Z       ├─ (External, AllValid)        317.3 µs      │ 389.4 µs      │ 364.5 µs      │ 361.9 µs      │ 1000    │ 1000
2026-09-22T18:41:30.7118268Z       │                              51.62 Mitem/s │ 42.06 Mitem/s │ 44.94 Mitem/s │ 45.26 Mitem/s │         │
2026-09-22T18:41:31.1057060Z       ├─ (External, OneNullInEight)  270.3 µs      │ 353.3 µs      │ 319.2 µs      │ 319.3 µs      │ 1000    │ 1000
2026-09-22T18:41:31.1057829Z       │                              60.6 Mitem/s  │ 46.37 Mitem/s │ 51.32 Mitem/s │ 51.3 Mitem/s  │         │
2026-09-22T18:41:31.3874132Z       ├─ (Inline, AllValid)          199.7 µs      │ 245.9 µs      │ 205 µs        │ 207 µs        │ 1000    │ 1000
2026-09-22T18:41:31.3874896Z       │                              82 Mitem/s    │ 66.61 Mitem/s │ 79.91 Mitem/s │ 79.12 Mitem/s │         │
2026-09-22T18:41:31.6541794Z       ╰─ (Inline, OneNullInEight)    178.1 µs      │ 256.7 µs      │ 190 µs        │ 191.7 µs      │ 1000    │ 1000
2026-09-22T18:41:31.6542550Z                                      91.96 Mitem/s │ 63.81 Mitem/s │ 86.21 Mitem/s │ 85.45 Mitem/s │         │
2026-09-22T18:41:31.6542913Z 
2026-09-22T18:41:31.6548461Z Done running row_fn_utf8
2026-09-22T18:41:31.6548907Z Running vortex-array take_primitive
2026-09-22T18:41:31.6595729Z Timer precision: 21 ns
2026-09-22T18:41:31.6596644Z take_primitive                         fastest       │ slowest       │ median        │ mean          │ samples │ iters
2026-09-22T18:41:31.6597548Z ╰─ avx2::dict_canonicalize_gt_u8_avx2                │               │               │               │         │
2026-09-22T18:41:32.1892476Z    ╰─ 1000000                          422.4 µs      │ 858.8 µs      │ 431.8 µs      │ 437.6 µs      │ 1000    │ 1000
2026-09-22T18:41:32.1893159Z                                        2.367 Gitem/s │ 1.164 Gitem/s │ 2.315 Gitem/s │ 2.284 Gitem/s │         │
2026-09-22T18:41:32.1893530Z 
2026-09-22T18:41:32.1899671Z Done running take_primitive
2026-09-22T18:41:32.1900137Z Running vortex-array scalar_subtract
2026-09-22T18:41:32.1942104Z Timer precision: 21 ns
2026-09-22T18:41:32.1942718Z scalar_subtract                fastest       │ slowest       │ median        │ mean          │ samples │ iters
2026-09-22T18:41:32.2869912Z ╰─ avx2::scalar_subtract_avx2  11.16 µs      │ 131.4 µs      │ 11.58 µs      │ 11.93 µs      │ 1000    │ 1000
2026-09-22T18:41:32.2870595Z 
2026-09-22T18:41:32.2876287Z Done running scalar_subtract
2026-09-22T18:41:32.2876670Z Running vortex-array compare
2026-09-22T18:41:32.2912968Z Timer precision: 22 ns
2026-09-22T18:41:32.2913548Z compare                             fastest       │ slowest       │ median        │ mean          │ samples │ iters
2026-09-22T18:41:32.3782675Z ├─ avx2::compare_f32_avx2           4.672 µs      │ 74.95 µs      │ 4.78 µs       │ 4.961 µs      │ 1000    │ 1000
2026-09-22T18:41:32.3783358Z │                                   1.753 Gitem/s │ 109.2 Mitem/s │ 1.713 Gitem/s │ 1.651 Gitem/s │         │
2026-09-22T18:41:32.4612805Z ├─ avx2::compare_float_avx2         5.153 µs      │ 12.17 µs      │ 5.265 µs      │ 5.385 µs      │ 1000    │ 1000
2026-09-22T18:41:32.4613487Z │                                   1.589 Gitem/s │ 672.8 Mitem/s │ 1.555 Gitem/s │ 1.521 Gitem/s │         │
2026-09-22T18:41:32.5427990Z ├─ avx2::compare_int_avx2           3.539 µs      │ 12.17 µs      │ 3.679 µs      │ 3.731 µs      │ 1000    │ 1000
2026-09-22T18:41:32.5428752Z │                                   2.314 Gitem/s │ 673 Mitem/s   │ 2.226 Gitem/s │ 2.195 Gitem/s │         │
2026-09-22T18:41:32.6234791Z ├─ avx2::compare_int_constant_avx2  3.03 µs       │ 14.01 µs      │ 3.183 µs      │ 3.318 µs      │ 1000    │ 1000
2026-09-22T18:41:32.6235607Z │                                   2.703 Gitem/s │ 584.5 Mitem/s │ 2.573 Gitem/s │ 2.468 Gitem/s │         │
2026-09-22T18:41:32.7056014Z ├─ avx2::compare_int_eq_avx2        3.565 µs      │ 70.15 µs      │ 3.719 µs      │ 3.955 µs      │ 1000    │ 1000
2026-09-22T18:41:32.7056771Z │                                   2.297 Gitem/s │ 116.7 Mitem/s │ 2.202 Gitem/s │ 2.071 Gitem/s │         │
2026-09-22T18:41:32.7874046Z ├─ avx2::compare_int_nullable_avx2  4.032 µs      │ 14.43 µs      │ 4.184 µs      │ 4.295 µs      │ 1000    │ 1000
2026-09-22T18:41:32.7874801Z │                                   2.031 Gitem/s │ 567.3 Mitem/s │ 1.957 Gitem/s │ 1.906 Gitem/s │         │
2026-09-22T18:41:32.8686237Z ├─ avx2::compare_u8_avx2            3.533 µs      │ 10.45 µs      │ 3.656 µs      │ 3.785 µs      │ 1000    │ 1000
2026-09-22T18:41:32.8687050Z │                                   2.318 Gitem/s │ 783.2 Mitem/s │ 2.24 Gitem/s  │ 2.163 Gitem/s │         │
2026-09-22T18:41:32.9501972Z ╰─ avx2::compare_u64_avx2           4.006 µs      │ 11.92 µs      │ 4.187 µs      │ 4.329 µs      │ 1000    │ 1000
2026-09-22T18:41:32.9502761Z                                     2.044 Gitem/s │ 687.1 Mitem/s │ 1.956 Gitem/s │ 1.892 Gitem/s │         │
2026-09-22T18:41:32.9503128Z 
2026-09-22T18:41:32.9510222Z Done running compare
2026-09-22T18:41:32.9510617Z Running vortex-array binary_ops
2026-09-22T18:41:32.9554008Z Timer precision: 21 ns
2026-09-22T18:41:32.9554716Z binary_ops                             fastest       │ slowest       │ median        │ mean          │ samples │ iters
2026-09-22T18:41:32.9555562Z ├─ avx2::add_constant_shapes_avx2                    │               │               │               │         │
2026-09-22T18:41:33.0492734Z │  ├─ (32768, ConstantPerRow)          12.28 µs      │ 112.5 µs      │ 12.4 µs       │ 12.71 µs      │ 1000    │ 1000
2026-09-22T18:41:33.0493837Z │  │                                   2.666 Gitem/s │ 291 Mitem/s   │ 2.64 Gitem/s  │ 2.577 Gitem/s │         │
2026-09-22T18:41:33.1381372Z │  ├─ (32768, PerRowConstant)          12.26 µs      │ 20.41 µs      │ 12.38 µs      │ 12.6 µs       │ 1000    │ 1000
2026-09-22T18:41:33.1382181Z │  │                                   2.671 Gitem/s │ 1.605 Gitem/s │ 2.645 Gitem/s │ 2.6 Gitem/s   │         │
2026-09-22T18:41:33.2277526Z │  ╰─ (32768, PerRowNullableConstant)  12.83 µs      │ 24.56 µs      │ 13 µs         │ 13.24 µs      │ 1000    │ 1000
2026-09-22T18:41:33.2278625Z │                                      2.553 Gitem/s │ 1.334 Gitem/s │ 2.52 Gitem/s  │ 2.474 Gitem/s │         │
2026-09-22T18:41:33.3190040Z ├─ avx2::add_i32_nonnull_avx2          13.27 µs      │ 29.53 µs      │ 13.65 µs      │ 13.95 µs      │ 1000    │ 1000
2026-09-22T18:41:33.3190830Z │                                      4.936 Gitem/s │ 2.219 Gitem/s │ 4.799 Gitem/s │ 4.697 Gitem/s │         │
2026-09-22T18:41:33.4102687Z ├─ avx2::add_i64_nonnull_avx2          13.46 µs      │ 22.51 µs      │ 13.77 µs      │ 14.05 µs      │ 1000    │ 1000
2026-09-22T18:41:33.4103463Z │                                      2.433 Gitem/s │ 1.455 Gitem/s │ 2.378 Gitem/s │ 2.331 Gitem/s │         │
2026-09-22T18:41:33.5036252Z ├─ avx2::add_i64_nullable_avx2         15.11 µs      │ 37.07 µs      │ 15.46 µs      │ 15.83 µs      │ 1000    │ 1000
2026-09-22T18:41:33.5037124Z │                                      2.168 Gitem/s │ 883.9 Mitem/s │ 2.119 Gitem/s │ 2.068 Gitem/s │         │
2026-09-22T18:41:33.5037762Z ├─ avx2::add_shapes_avx2                             │               │               │               │         │
2026-09-22T18:41:33.5951318Z │  ╰─ (32768, PerRowPerRow)            13.43 µs      │ 24.06 µs      │ 13.74 µs      │ 14.16 µs      │ 1000    │ 1000
2026-09-22T18:41:33.5952141Z │                                      2.438 Gitem/s │ 1.361 Gitem/s │ 2.383 Gitem/s │ 2.313 Gitem/s │         │
2026-09-22T18:41:33.6865932Z ├─ avx2::add_u32_nonnull_avx2          13.35 µs      │ 24.31 µs      │ 13.69 µs      │ 14.08 µs      │ 1000    │ 1000
2026-09-22T18:41:33.6866707Z │                                      4.905 Gitem/s │ 2.695 Gitem/s │ 4.784 Gitem/s │ 4.652 Gitem/s │         │
2026-09-22T18:41:33.8491112Z ├─ avx2::div_i64_nonnull_avx2          84.08 µs      │ 270.2 µs      │ 84.24 µs      │ 85.63 µs      │ 1000    │ 1000
2026-09-22T18:41:33.8491892Z │                                      389.6 Mitem/s │ 121.2 Mitem/s │ 388.9 Mitem/s │ 382.6 Mitem/s │         │
2026-09-22T18:41:33.9955980Z ├─ avx2::div_i64_nullable_avx2         67.91 µs      │ 132.1 µs      │ 68.38 µs      │ 69.57 µs      │ 1000    │ 1000
2026-09-22T18:41:33.9956752Z │                                      482.4 Mitem/s │ 247.8 Mitem/s │ 479.1 Mitem/s │ 470.9 Mitem/s │         │
2026-09-22T18:41:34.0750891Z ├─ avx2::lt_i64_nullable_avx2          2.789 µs      │ 31.19 µs      │ 3.033 µs      │ 3.129 µs      │ 1000    │ 1000
2026-09-22T18:41:34.0751618Z │                                      1.468 Gitem/s │ 131.2 Mitem/s │ 1.35 Gitem/s  │ 1.308 Gitem/s │         │
2026-09-22T18:41:34.1854841Z ├─ avx2::mul_i8_nonnull_avx2           30.23 µs      │ 262.2 µs      │ 31.71 µs      │ 32.29 µs      │ 1000    │ 1000
2026-09-22T18:41:34.1855619Z │                                      8.668 Gitem/s │ 999.4 Mitem/s │ 8.264 Gitem/s │ 8.116 Gitem/s │         │
2026-09-22T18:41:34.2950905Z ├─ avx2::mul_i16_nonnull_avx2          29.52 µs      │ 44.41 µs      │ 30.09 µs      │ 30.59 µs      │ 1000    │ 1000
2026-09-22T18:41:34.2951979Z │                                      4.438 Gitem/s │ 2.95 Gitem/s  │ 4.355 Gitem/s │ 4.283 Gitem/s │         │
2026-09-22T18:41:34.4080113Z ├─ avx2::mul_i32_nonnull_avx2          33.02 µs      │ 48.62 µs      │ 33.26 µs      │ 33.98 µs      │ 1000    │ 1000
2026-09-22T18:41:34.4080988Z │                                      1.984 Gitem/s │ 1.347 Gitem/s │ 1.969 Gitem/s │ 1.928 Gitem/s │         │
2026-09-22T18:41:34.5229860Z ├─ avx2::mul_i32_nullable_avx2         34.59 µs      │ 45.06 µs      │ 34.94 µs      │ 35.53 µs      │ 1000    │ 1000
2026-09-22T18:41:34.5230644Z │                                      1.894 Gitem/s │ 1.454 Gitem/s │ 1.875 Gitem/s │ 1.844 Gitem/s │         │
2026-09-22T18:41:34.6621186Z ├─ avx2::mul_i64_nonnull_avx2          59.74 µs      │ 74.15 µs      │ 59.99 µs      │ 60.87 µs      │ 1000    │ 1000
2026-09-22T18:41:34.6621919Z │                                      548.4 Mitem/s │ 441.8 Mitem/s │ 546.1 Mitem/s │ 538.2 Mitem/s │         │
2026-09-22T18:41:34.7642837Z ├─ avx2::mul_u8_nonnull_avx2           20.98 µs      │ 32.64 µs      │ 22.49 µs      │ 22.7 µs       │ 1000    │ 1000
2026-09-22T18:41:34.7643555Z │                                      12.48 Gitem/s │ 8.029 Gitem/s │ 11.65 Gitem/s │ 11.54 Gitem/s │         │
2026-09-22T18:41:34.8560446Z ├─ avx2::mul_u16_nonnull_avx2          11.85 µs      │ 29.76 µs      │ 12.17 µs      │ 12.51 µs      │ 1000    │ 1000
2026-09-22T18:41:34.8561443Z │                                      11.05 Gitem/s │ 4.403 Gitem/s │ 10.76 Gitem/s │ 10.47 Gitem/s │         │
2026-09-22T18:41:34.9495027Z ├─ avx2::mul_u32_nonnull_avx2          13.48 µs      │ 26.67 µs      │ 13.9 µs       │ 14.84 µs      │ 1000    │ 1000
2026-09-22T18:41:34.9495821Z │                                      4.858 Gitem/s │ 2.456 Gitem/s │ 4.714 Gitem/s │ 4.413 Gitem/s │         │
2026-09-22T18:41:35.0683559Z ├─ avx2::mul_u64_nonnull_avx2          39.33 µs      │ 51.41 µs      │ 39.54 µs      │ 40.27 µs      │ 1000    │ 1000
2026-09-22T18:41:35.0684373Z │                                      832.9 Mitem/s │ 637.2 Mitem/s │ 828.5 Mitem/s │ 813.5 Mitem/s │         │
2026-09-22T18:41:35.0685024Z ├─ avx2::multiply_shapes_avx2                        │               │               │               │         │
2026-09-22T18:41:35.2072541Z │  ╰─ (32768, PerRowPerRow)            59.66 µs      │ 73.25 µs      │ 59.93 µs      │ 60.93 µs      │ 1000    │ 1000
2026-09-22T18:41:35.2073540Z │                                      549.1 Mitem/s │ 447.3 Mitem/s │ 546.7 Mitem/s │ 537.7 Mitem/s │         │
2026-09-22T18:41:35.2074558Z ╰─ avx2::subtract_shapes_avx2                        │               │               │               │         │
2026-09-22T18:41:35.2996436Z    ╰─ (32768, PerRowPerRow)            13.54 µs      │ 22.57 µs      │ 13.83 µs      │ 14.14 µs      │ 1000    │ 1000
2026-09-22T18:41:35.2997326Z                                        2.419 Gitem/s │ 1.451 Gitem/s │ 2.367 Gitem/s │ 2.316 Gitem/s │         │
2026-09-22T18:41:35.2997687Z 
2026-09-22T18:41:35.3003271Z Done running binary_ops
2026-09-22T18:41:35.3003727Z Running vortex-buffer collect_bool
2026-09-22T18:41:35.3035719Z Timer precision: 21 ns
2026-09-22T18:41:35.3036250Z collect_bool                         fastest       │ slowest       │ median        │ mean          │ samples │ iters
2026-09-22T18:41:35.3037043Z ╰─ avx2::words_gather_dispatch_avx2                │               │               │               │         │
2026-09-22T18:41:35.3866756Z    ├─ 65536                          1.268 µs      │ 7.325 µs      │ 1.418 µs      │ 1.462 µs      │ 1000    │ 1000
2026-09-22T18:41:35.4896392Z    ╰─ 1048576                        17.13 µs      │ 247.4 µs      │ 17.46 µs      │ 18.36 µs      │ 1000    │ 1000
2026-09-22T18:41:35.4896985Z 
2026-09-22T18:41:35.4901486Z Done running collect_bool
2026-09-22T18:41:35.4901943Z Running vortex-compute lane_kernels
2026-09-22T18:41:35.4935590Z Timer precision: 22 ns
2026-09-22T18:41:35.4936273Z lane_kernels                           fastest       │ slowest       │ median        │ mean          │ samples │ iters
2026-09-22T18:41:35.4937026Z ╰─ avx2::lanezip_checked_add_u32_avx2                │               │               │               │         │
2026-09-22T18:41:35.5995948Z    ╰─ 65536                            20.13 µs      │ 45.21 µs      │ 21.61 µs      │ 21.96 µs      │ 1000    │ 1000
2026-09-22T18:41:35.5996499Z 
2026-09-22T18:41:35.6000369Z Done running lane_kernels
2026-09-22T18:41:35.6000786Z Running vortex-decimal-byte-parts dbp_split
2026-09-22T18:41:35.6035479Z Timer precision: 21 ns
2026-09-22T18:41:35.6036221Z dbp_split                                  fastest       │ slowest       │ median        │ mean          │ samples │ iters
2026-09-22T18:41:35.6037027Z ├─ avx2::dbp_split_kernel_all_valid_avx2                 │               │               │               │         │
2026-09-22T18:41:35.6854459Z │  ├─ (I128, 1024)                         915.5 ns      │ 6.758 µs      │ 971.5 ns      │ 999.8 ns      │ 1000    │ 1000
2026-09-22T18:41:35.7702084Z │  ├─ (I128, 8192)                         7.722 µs      │ 15.19 µs      │ 7.867 µs      │ 8.048 µs      │ 1000    │ 1000
2026-09-22T18:41:35.8489166Z │  ├─ (I256, 1024)                         2.065 µs      │ 7.629 µs      │ 2.138 µs      │ 2.202 µs      │ 1000    │ 1000
2026-09-22T18:41:35.9415988Z │  ╰─ (I256, 8192)                         15.52 µs      │ 23.95 µs      │ 15.78 µs      │ 16.1 µs       │ 1000    │ 1000
2026-09-22T18:41:35.9416841Z ╰─ avx2::dbp_split_kernel_mixed_null_avx2                │               │               │               │         │
2026-09-22T18:41:36.0190739Z    ├─ (I128, 1024)                         1.236 µs      │ 6.944 µs      │ 1.3 µs        │ 1.345 µs      │ 1000    │ 1000
2026-09-22T18:41:36.1064281Z    ├─ (I128, 8192)                         9.771 µs      │ 19.19 µs      │ 9.98 µs       │ 10.25 µs      │ 1000    │ 1000
2026-09-22T18:41:36.1848757Z    ├─ (I256, 1024)                         2.218 µs      │ 8.9 µs        │ 2.3 µs        │ 2.398 µs      │ 1000    │ 1000
2026-09-22T18:41:36.2793997Z    ╰─ (I256, 8192)                         16.64 µs      │ 124.9 µs      │ 16.96 µs      │ 17.59 µs      │ 1000    │ 1000
2026-09-22T18:41:36.2794509Z 
2026-09-22T18:41:36.2798711Z Done running dbp_split
2026-09-22T18:41:36.2799124Z Running vortex-decimal-byte-parts dbp_assemble
2026-09-22T18:41:36.2835325Z Timer precision: 22 ns
2026-09-22T18:41:36.2836030Z dbp_assemble                                  fastest       │ slowest       │ median        │ mean          │ samples │ iters
2026-09-22T18:41:36.2836798Z ├─ avx2::dbp_assemble_kernel_avx2                           │               │               │               │         │
2026-09-22T18:41:36.3645065Z │  ├─ (I128, 1024)                            533.5 ns      │ 9.428 µs      │ 570.5 ns      │ 593.8 ns      │ 1000    │ 1000
2026-09-22T18:41:36.4460651Z │  ├─ (I128, 8192)                            4.302 µs      │ 11.59 µs      │ 4.426 µs      │ 4.58 µs       │ 1000    │ 1000
2026-09-22T18:41:36.5250597Z │  ├─ (I256, 1024)                            1.046 µs      │ 4.143 µs      │ 1.094 µs      │ 1.143 µs      │ 1000    │ 2000
2026-09-22T18:41:36.6116563Z │  ╰─ (I256, 8192)                            8.299 µs      │ 126.4 µs      │ 8.398 µs      │ 8.774 µs      │ 1000    │ 1000
2026-09-22T18:41:36.6117598Z ╰─ avx2::dbp_assemble_kernel_narrow_msp_avx2                │               │               │               │         │
2026-09-22T18:41:36.6897754Z    ├─ (I128, 1024)                            702.5 ns      │ 8.306 µs      │ 768.5 ns      │ 810.5 ns      │ 1000    │ 1000
2026-09-22T18:41:36.7721734Z    ├─ (I128, 8192)                            5.005 µs      │ 11.74 µs      │ 5.057 µs      │ 5.208 µs      │ 1000    │ 1000
2026-09-22T18:41:36.8502098Z    ├─ (I256, 1024)                            1.149 µs      │ 6.714 µs      │ 1.172 µs      │ 1.234 µs      │ 1000    │ 1000
2026-09-22T18:41:36.9363980Z    ╰─ (I256, 8192)                            8.926 µs      │ 16.55 µs      │ 9.058 µs      │ 9.309 µs      │ 1000    │ 1000
2026-09-22T18:41:36.9364493Z 
2026-09-22T18:41:36.9370724Z Done running dbp_assemble
2026-09-22T18:41:36.9371104Z Finished running 10 benchmark suite(s)
2026-09-22T18:41:37.1236406Z Symbolicating...
2026-09-22T18:41:40.0061431Z ##[endgroup]
2026-09-22T18:41:40.0062150Z ##[group]Uploading results
2026-09-22T18:41:43.5360113Z Performance data uploaded
2026-09-22T18:41:43.5360662Z Linked repository: vortex-data/vortex
2026-09-22T18:41:43.5361389Z ##[endgroup]
2026-09-22T18:41:43.5411058Z ##[end-action id=__CodSpeedHQ_action.__run_2;outcome=success;conclusion=success;duration_ms=23296]
2026-09-22T18:41:43.5583197Z Post job cleanup.
2026-09-22T18:41:43.5587419Z ##[start-action display=Cache CodSpeed instruments;id=__aa29187f-4970-484a-946f-5b8df26b94ff.__actions_cache]
2026-09-22T18:41:43.5622267Z Post job cleanup.
2026-09-22T18:41:43.7038834Z [warning]Path Validation Error: Path(s) specified in the action for caching do(es) not exist, hence no cache is being saved.
2026-09-22T18:41:43.7083636Z ##[end-action id=__aa29187f-4970-484a-946f-5b8df26b94ff.__actions_cache;outcome=success;conclusion=success;duration_ms=149]
2026-09-22T18:41:43.7222656Z Post job cleanup.
2026-09-22T18:41:43.7226093Z ##[start-action display=Restore Cache;id=__b67e4230-8dc5-4a07-9c64-c39e7ade0b9f.cache]
2026-09-22T18:41:43.7260561Z Post job cleanup.
2026-09-22T18:41:43.8578599Z Cache hit occurred on the primary key cargo-codspeed-5.0.2-x86_64-linux-gnu-2.39-features-default-no-default-features-false-all-features-false, not saving cache.
2026-09-22T18:41:43.8617868Z ##[end-action id=__b67e4230-8dc5-4a07-9c64-c39e7ade0b9f.cache;outcome=success;conclusion=success;duration_ms=139]
2026-09-22T18:41:43.8745278Z Post job cleanup.
2026-09-22T18:41:43.8809607Z Post job cleanup.
2026-09-22T18:41:43.9693114Z [command]/usr/bin/git version
2026-09-22T18:41:43.9740987Z git version 2.55.0
2026-09-22T18:41:43.9775905Z Temporarily overriding HOME='/home/runner/_work/_temp/fb76eb40-f41c-490b-86b8-3f6555458491' before making global git config changes
2026-09-22T18:41:43.9777416Z Adding repository directory to the temporary git global config as a safe directory
2026-09-22T18:41:43.9782030Z [command]/usr/bin/git config --global --add safe.directory /home/runner/_work/vortex/vortex
2026-09-22T18:41:43.9810974Z Removing SSH command configuration
2026-09-22T18:41:43.9817778Z [command]/usr/bin/git config --local --name-only --get-regexp core\.sshCommand
2026-09-22T18:41:43.9851438Z [command]/usr/bin/git submodule foreach --recursive sh -c "git config --local --name-only --get-regexp 'core\.sshCommand' && git config --local --unset-all 'core.sshCommand' || :"
2026-09-22T18:41:44.0052326Z Removing HTTP extra header
2026-09-22T18:41:44.0056836Z [command]/usr/bin/git config --local --name-only --get-regexp http\.https\:\/\/github\.com\/\.extraheader
2026-09-22T18:41:44.0087954Z [command]/usr/bin/git submodule foreach --recursive sh -c "git config --local --name-only --get-regexp 'http\.https\:\/\/github\.com\/\.extraheader' && git config --local --unset-all 'http.https://github.com/.extraheader' || :"
2026-09-22T18:41:44.0282295Z Removing includeIf entries pointing to credentials config files
2026-09-22T18:41:44.0289020Z [command]/usr/bin/git config --local --name-only --get-regexp ^includeIf\.gitdir:
2026-09-22T18:41:44.0318113Z includeif.gitdir:/home/runner/_work/vortex/vortex/.git.path
2026-09-22T18:41:44.0319193Z includeif.gitdir:/home/runner/_work/vortex/vortex/.git/worktrees/*.path
2026-09-22T18:41:44.0320123Z includeif.gitdir:/github/workspace/.git.path
2026-09-22T18:41:44.0320891Z includeif.gitdir:/github/workspace/.git/worktrees/*.path
2026-09-22T18:41:44.0327860Z [command]/usr/bin/git config --local --get-all includeif.gitdir:/home/runner/_work/vortex/vortex/.git.path
2026-09-22T18:41:44.0350307Z /home/runner/_work/_temp/git-credentials-3d5fc377-dce8-45a5-8463-882318f278a8.config
2026-09-22T18:41:44.0360876Z [command]/usr/bin/git config --local --unset includeif.gitdir:/home/runner/_work/vortex/vortex/.git.path \/home\/runner\/_work\/_temp\/git\-credentials\-3d5fc377\-dce8\-45a5\-8463\-882318f278a8\.config
2026-09-22T18:41:44.0394290Z [command]/usr/bin/git config --local --get-all includeif.gitdir:/home/runner/_work/vortex/vortex/.git/worktrees/*.path
2026-09-22T18:41:44.0415323Z /home/runner/_work/_temp/git-credentials-3d5fc377-dce8-45a5-8463-882318f278a8.config
2026-09-22T18:41:44.0430309Z [command]/usr/bin/git config --local --unset includeif.gitdir:/home/runner/_work/vortex/vortex/.git/worktrees/*.path \/home\/runner\/_work\/_temp\/git\-credentials\-3d5fc377\-dce8\-45a5\-8463\-882318f278a8\.config
2026-09-22T18:41:44.0461479Z [command]/usr/bin/git config --local --get-all includeif.gitdir:/github/workspace/.git.path
2026-09-22T18:41:44.0481805Z /github/runner_temp/git-credentials-3d5fc377-dce8-45a5-8463-882318f278a8.config
2026-09-22T18:41:44.0488739Z [command]/usr/bin/git config --local --unset includeif.gitdir:/github/workspace/.git.path \/github\/runner_temp\/git\-credentials\-3d5fc377\-dce8\-45a5\-8463\-882318f278a8\.config
2026-09-22T18:41:44.0519249Z [command]/usr/bin/git config --local --get-all includeif.gitdir:/github/workspace/.git/worktrees/*.path
2026-09-22T18:41:44.0539217Z /github/runner_temp/git-credentials-3d5fc377-dce8-45a5-8463-882318f278a8.config
2026-09-22T18:41:44.0546067Z [command]/usr/bin/git config --local --unset includeif.gitdir:/github/workspace/.git/worktrees/*.path \/github\/runner_temp\/git\-credentials\-3d5fc377\-dce8\-45a5\-8463\-882318f278a8\.config
2026-09-22T18:41:44.0576458Z [command]/usr/bin/git submodule foreach --recursive git config --local --show-origin --name-only --get-regexp remote.origin.url
2026-09-22T18:41:44.0770669Z Removing credentials config '/home/runner/_work/_temp/git-credentials-3d5fc377-dce8-45a5-8463-882318f278a8.config'
2026-09-22T18:41:44.0907596Z Post job cleanup.
2026-09-22T18:41:44.1977509Z Running post-execution phase...
2026-09-22T18:41:44.1978100Z Input 'show_env': false
2026-09-22T18:41:44.1978554Z Input 'show_costs': inline
2026-09-22T18:41:44.1979004Z Input 'metrics': []
2026-09-22T18:41:44.1979445Z Input 'network_interface': enp39s0
2026-09-22T18:41:44.1979950Z Input 'disk_device': nvme0n1p1
2026-09-22T18:41:44.1980326Z Input 'sccache': 
2026-09-22T18:41:44.1980635Z Input 'sticky_cache': []
2026-09-22T18:41:44.1980967Z Input 'sticky_wait_timeout': 15m0s
2026-09-22T18:41:44.1981537Z ZCTIONS_RESULTS_URL is set: https://results-receiver.actions.githubusercontent.com/
2026-09-22T18:41:44.1982485Z ZCTIONS_CACHE_URL is set: https://acghubeus1.actions.githubusercontent.com/XtqVEj2MXQCbzj6x6n8CMomnIjyhqqRNuSgameoSnKmgcNZw2F/
2026-09-22T18:41:44.1983206Z ACTIONS_RUNTIME_TOKEN is set.
2026-09-22T18:41:44.2556790Z Mapped zone name us-east-1b to zone ID use1-az1
2026-09-22T18:41:44.4614395Z ## Execution Cost Summary
2026-09-22T18:41:44.4614708Z 
2026-09-22T18:41:44.4614921Z | metric                 | value           |
2026-09-22T18:41:44.4615488Z | ---------------------- | --------------- |
2026-09-22T18:41:44.4616026Z | Instance Type          | c7i.metal-24xl  |
2026-09-22T18:41:44.4616595Z | Instance Lifecycle     | spot            |
2026-09-22T18:41:44.4617223Z | Region                 | us-east-1       |
2026-09-22T18:41:44.4617759Z | Platform               | Linux/UNIX      |
2026-09-22T18:41:44.4618289Z | Arch                   | x64             |
2026-09-22T18:41:44.4618754Z | Az                     | us-east-1b      |
2026-09-22T18:41:44.4619266Z | Zone ID                | use1-az1        |
2026-09-22T18:41:44.4619783Z | Duration               | 1.76 minutes    |
2026-09-22T18:41:44.4620274Z | Cost                   | $0.0331         |
2026-09-22T18:41:44.4620809Z | GitHub equivalent cost | $0.5040         |
2026-09-22T18:41:44.4621319Z | Savings                | $0.4709 (93.4%) |
2026-09-22T18:41:44.4621652Z 
2026-09-22T18:41:44.4621849Z Post-execution phase finished.
2026-09-22T18:41:44.4683264Z A job completed hook has been configured by the self-hosted runner administrator
2026-09-22T18:41:44.4745458Z ##[group]Run '/runs-on/post.sh'
2026-09-22T18:41:44.4790167Z shell: /usr/bin/bash --noprofile --norc -e -o pipefail {0}
2026-09-22T18:41:44.4790855Z ##[endgroup]
2026-09-22T18:41:44.4861264Z Thanks for using RunsOn!
2026-09-22T18:41:44.4862179Z 
2026-09-22T18:41:44.4862395Z 📊 Job Metrics
2026-09-22T18:41:45.1382604Z Error visualizing metrics: failed to parse metrics file: error reading file: bufio.Scanner: token too long
2026-09-22T18:41:45.1402553Z Metrics visualization unavailable
2026-09-22T18:41:45.8677227Z 📤 metrics.jsonl uploaded (701776 bytes) to s3://runs-on-v3-s3bucketcache-dbnub4tpjhpv/cache/metrics/v1/vortex-data/vortex/35768383383/bench-codspeed-cpu-features/i-05b881343c6c288b6/metrics.jsonl
2026-09-22T18:41:45.8780999Z Cleaning up orphan processes
