2026-09-22T18:40:26.7845522Z Current runner version: '2.336.0'
2026-09-22T18:40:26.7852153Z Runner name: 'runs-on--i-01c7aaf3797eac8ce--eb67d528-4'
2026-09-22T18:40:26.7853307Z Runner group name: 'Default'
2026-09-22T18:40:26.7854567Z Machine name: 'ip-10-1-22-117'
2026-09-22T18:40:26.7897394Z ##[group]🏃 Runner details (c7g.metal, spot, v3.3.0)
2026-09-22T18:40:26.7899037Z ┌───────────────────┬─────────────────────────────────────────────────────────────────────────────────────────────────────────────────────────────────────────────────────┐
2026-09-22T18:40:26.7900549Z │       INFO        │                                                                        VALUE                                                                        │
2026-09-22T18:40:26.7902065Z ├───────────────────┼─────────────────────────────────────────────────────────────────────────────────────────────────────────────────────────────────────────────────────┤
2026-09-22T18:40:26.7904394Z │ Labels            │ [runs-on=35768383383/runner=bench-dedicated/family=c7g.metal/image=ubuntu24-full-arm64-pre-v2/extras=s3-cache/tag=bench-codspeed-cpu-features-neon] │
2026-09-22T18:40:26.7906625Z │ Extras            │ [s3-cache]                                                                                                                                          │
2026-09-22T18:40:26.7908253Z │ PrivateIp         │ 10.1.22.117                                                                                                                                         │
2026-09-22T18:40:26.7909783Z │ IsPrivate         │ false                                                                                                                                               │
2026-09-22T18:40:26.7911337Z │ Environment       │ production                                                                                                                                          │
2026-09-22T18:40:26.7913065Z │ StackName         │ runs-on-v3                                                                                                                                          │
2026-09-22T18:40:26.7914698Z │ Region            │ us-east-1                                                                                                                                           │
2026-09-22T18:40:26.7916244Z │ AvailabilityZone  │ us-east-1b                                                                                                                                          │
2026-09-22T18:40:26.7917882Z │ Version           │ v3.3.0                                                                                                                                              │
2026-09-22T18:40:26.7919611Z │ RunnerName        │ runs-on--i-01c7aaf3797eac8ce--eb67d528-4                                                                                                            │
2026-09-22T18:40:26.7921581Z │ AssignmentId      │ eb67d528-4c62-4a7f-9632-fff7901c53a1                                                                                                                │
2026-09-22T18:40:26.7923510Z │ BucketCacheName   │ runs-on-v3-s3bucketcache-dbnub4tpjhpv                                                                                                               │
2026-09-22T18:40:26.7925325Z │ InstanceId        │ i-01c7aaf3797eac8ce                                                                                                                                 │
2026-09-22T18:40:26.7926950Z │ InstanceType      │ c7g.metal                                                                                                                                           │
2026-09-22T18:40:26.7928608Z │ InstanceLifecycle │ spot                                                                                                                                                │
2026-09-22T18:40:26.7930510Z │ InstanceRAM       │ 128527.63 MiB                                                                                                                                       │
2026-09-22T18:40:26.7932310Z │ InstanceCPU       │ 64 cores                                                                                                                                            │
2026-09-22T18:40:26.7933972Z │ InstanceDisk1     │ /=/dev/nvme0n1p1                                                                                                                                    │
2026-09-22T18:40:26.7935573Z │                   │ Free=81.24GiB Used=14.57GiB                                                                                                                         │
2026-09-22T18:40:26.7937295Z │ ImageId           │ ami-098c62767651982c5                                                                                                                               │
2026-09-22T18:40:26.7939107Z │ ImageName         │ vortex-ci-v2-arm64-20260831011845                                                                                                                   │
2026-09-22T18:40:26.7940795Z │ Platform          │ linux                                                                                                                                               │
2026-09-22T18:40:26.7942298Z │ Architecture      │ arm64                                                                                                                                               │
2026-09-22T18:40:26.7944041Z │ HasPreinstall     │ false                                                                                                                                               │
2026-09-22T18:40:26.7945609Z │ HasPrerun         │ false                                                                                                                                               │
2026-09-22T18:40:26.7947245Z │ IsDebug           │ false                                                                                                                                               │
2026-09-22T18:40:26.7948805Z │ Integrations      │ []                                                                                                                                                  │
2026-09-22T18:40:26.7950307Z └───────────────────┴─────────────────────────────────────────────────────────────────────────────────────────────────────────────────────────────────────────────────────┘
2026-09-22T18:40:26.7951619Z ##[endgroup]
2026-09-22T18:40:26.7952415Z ##[group]⏱️ Timings - 24.97s
2026-09-22T18:40:26.7953675Z ┌──────────────────────┬─────────────────────────────────┬─────────┬────────┐
2026-09-22T18:40:26.7954782Z │         TIME         │              STEP               │  DIFF   │ TOTAL  │
2026-09-22T18:40:26.7955976Z ├──────────────────────┼─────────────────────────────────┼─────────┼────────┤
2026-09-22T18:40:26.7957180Z │ 2026-09-22T18:39:58Z │ job-created                     │ 0ms     │ 0.0s   │
2026-09-22T18:40:26.7958648Z │ 2026-09-22T18:39:59Z │ job-received                    │ 1342ms  │ 1.34s  │
2026-09-22T18:40:26.7960210Z │ 2026-09-22T18:39:59Z │ job-scheduled                   │ 19ms    │ 1.36s  │
2026-09-22T18:40:26.7961463Z │ 2026-09-22T18:40:01Z │ instance-pending                │ 1637ms  │ 3.00s  │
2026-09-22T18:40:26.7962831Z │ 2026-09-22T18:40:02Z │ runner-registered               │ 1587ms  │ 4.59s  │
2026-09-22T18:40:26.7964111Z │ 2026-09-22T18:40:21Z │ agent-booting                   │ 18778ms │ 23.37s │
2026-09-22T18:40:26.7965660Z │ 2026-09-22T18:40:21Z │ runner-setup-global-env         │ 15ms    │ 23.38s │
2026-09-22T18:40:26.7966956Z │ 2026-09-22T18:40:21Z │ runner-setup-user               │ 67ms    │ 23.45s │
2026-09-22T18:40:26.7968250Z │ 2026-09-22T18:40:21Z │ agent-metadata                  │ 88ms    │ 23.54s │
2026-09-22T18:40:26.7969509Z │ 2026-09-22T18:40:21Z │ instance-config                 │ 51ms    │ 23.59s │
2026-09-22T18:40:26.7970764Z │ 2026-09-22T18:40:21Z │ runner-otel-setup-tracer        │ 0ms     │ 23.59s │
2026-09-22T18:40:26.7972085Z │ 2026-09-22T18:40:21Z │ runner-otel-setup-collector     │ 0ms     │ 23.59s │
2026-09-22T18:40:26.7973329Z │ 2026-09-22T18:40:22Z │ runner-resize-disk              │ 1192ms  │ 24.78s │
2026-09-22T18:40:26.7974705Z │ 2026-09-22T18:40:22Z │ runner-prepare-mount-points     │ 0ms     │ 24.78s │
2026-09-22T18:40:26.7976023Z │ 2026-09-22T18:40:22Z │ runner-setup-mount-points       │ 67ms    │ 24.85s │
2026-09-22T18:40:26.7977266Z │ 2026-09-22T18:40:22Z │ runner-setup-agent              │ 4ms     │ 24.85s │
2026-09-22T18:40:26.7978594Z │ 2026-09-22T18:40:22Z │ runner-setup-aws-profile        │ 1ms     │ 24.86s │
2026-09-22T18:40:26.7979785Z │ 2026-09-22T18:40:22Z │ runner-setup-host               │ 0ms     │ 24.86s │
2026-09-22T18:40:26.7981126Z │ 2026-09-22T18:40:22Z │ runner-config                   │ 24ms    │ 24.88s │
2026-09-22T18:40:26.7982393Z │ 2026-09-22T18:40:22Z │ runner-otel-restart             │ 0ms     │ 24.88s │
2026-09-22T18:40:26.7983795Z │ 2026-09-22T18:40:22Z │ runner-env                      │ 5ms     │ 24.89s │
2026-09-22T18:40:26.7985145Z │ 2026-09-22T18:40:22Z │ runner-setup-integrations       │ 61ms    │ 24.95s │
2026-09-22T18:40:26.7986357Z │ 2026-09-22T18:40:22Z │ runner-chown-runner-directories │ 0ms     │ 24.95s │
2026-09-22T18:40:26.7987712Z │ 2026-09-22T18:40:22Z │ runner-start-local-server       │ 0ms     │ 24.95s │
2026-09-22T18:40:26.7989022Z │ 2026-09-22T18:40:22Z │ runner-setup-s3-cache           │ 14ms    │ 24.96s │
2026-09-22T18:40:26.7990236Z │ 2026-09-22T18:40:22Z │ runner-setup-hooks              │ 9ms     │ 24.97s │
2026-09-22T18:40:26.7991354Z └──────────────────────┴─────────────────────────────────┴─────────┴────────┘
2026-09-22T18:40:26.7992239Z ##[endgroup]
2026-09-22T18:40:26.7993801Z ##[group]GITHUB_TOKEN Permissions
2026-09-22T18:40:26.7996198Z Contents: read
2026-09-22T18:40:26.7996948Z Metadata: read
2026-09-22T18:40:26.7997625Z ##[endgroup]
2026-09-22T18:40:26.8000349Z Secret source: Actions
2026-09-22T18:40:26.8001472Z Cache mode: write
2026-09-22T18:40:26.8002650Z Prepare workflow directory
2026-09-22T18:40:26.8410309Z Prepare all required actions
2026-09-22T18:40:26.8462037Z Getting action download info
2026-09-22T18:40:27.0628367Z Download action repository 'runs-on/action@v2' (SHA:efac073ea2507ec18797de3a81704201ade11d9d)
2026-09-22T18:40:27.6399015Z Download action repository 'actions/checkout@3d3c42e5aac5ba805825da76410c181273ba90b1' (SHA:3d3c42e5aac5ba805825da76410c181273ba90b1)
2026-09-22T18:40:27.6848295Z Download action repository 'taiki-e/cache-cargo-install-action@66c9585ef5ca780ee69399975a5e911f47905995' (SHA:66c9585ef5ca780ee69399975a5e911f47905995)
2026-09-22T18:40:27.7683727Z Download action repository 'actions/download-artifact@3e5f45b2cfb9172054b4087a40e8e0b5a5461e7c' (SHA:3e5f45b2cfb9172054b4087a40e8e0b5a5461e7c)
2026-09-22T18:40:27.9071071Z Download action repository 'CodSpeedHQ/action@4296e51e7041e24dadb86d1d6e8b9320d223dbe8' (SHA:4296e51e7041e24dadb86d1d6e8b9320d223dbe8)
2026-09-22T18:40:28.0923871Z Getting action download info
2026-09-22T18:40:28.1929634Z Download action repository 'actions/cache@668228422ae6a00e4ad889ee87cd7109ec5666a7' (SHA:668228422ae6a00e4ad889ee87cd7109ec5666a7)
2026-09-22T18:40:28.4193894Z Getting action download info
2026-09-22T18:40:28.5218839Z Download action repository 'actions/github-script@ed597411d8f924073f98dfc5c65a23a2325f34cd' (SHA:ed597411d8f924073f98dfc5c65a23a2325f34cd)
2026-09-22T18:40:28.6873669Z Complete job name: Benchmark with Codspeed (neon)
2026-09-22T18:40:28.8070269Z A job started hook has been configured by the self-hosted runner administrator
2026-09-22T18:40:28.8237340Z ##[group]Run '/runs-on/pre.sh'
2026-09-22T18:40:28.8272031Z shell: /usr/bin/bash --noprofile --norc -e -o pipefail {0}
2026-09-22T18:40:28.8273242Z ##[endgroup]
2026-09-22T18:40:28.8483951Z 
2026-09-22T18:40:28.8484996Z 👋 This self-hosted runner was launched with RunsOn (https://runs-on.com). Join the party!
2026-09-22T18:40:28.8485974Z 
2026-09-22T18:40:28.8500111Z ##[group]Job identity
2026-09-22T18:40:28.8500879Z Organization: vortex-data
2026-09-22T18:40:28.8501660Z Repository: vortex-data/vortex
2026-09-22T18:40:28.8502407Z Workflow: Codspeed Benchmarking
2026-09-22T18:40:28.8503160Z Job: bench-codspeed-cpu-features
2026-09-22T18:40:28.8504540Z ##[endgroup]
2026-09-22T18:40:28.8504892Z 
2026-09-22T18:40:28.8505837Z ##[group]💡 Additional environment variables available in your steps
2026-09-22T18:40:28.8506941Z ACTIONS_CACHE_SERVICE_V2=true
2026-09-22T18:40:28.8507809Z ACTIONS_CACHE_URL=http://10.1.22.117:6871/
2026-09-22T18:40:28.8508669Z ACTIONS_RESULTS_URL=http://10.1.22.117:6871/
2026-09-22T18:40:28.8509576Z ACTIONS_RUNNER_HOOK_JOB_COMPLETED=/runs-on/post.sh
2026-09-22T18:40:28.8510503Z ACTIONS_RUNNER_HOOK_JOB_STARTED=/runs-on/pre.sh
2026-09-22T18:40:28.8511380Z GITHUB_API_URL=https://api.github.com/
2026-09-22T18:40:28.8512139Z GITHUB_HOST=github.com
2026-09-22T18:40:28.8512823Z GITHUB_SERVER_URL=https://github.com/
2026-09-22T18:40:28.8513706Z RUNNER_TOOL_CACHE=/opt/hostedtoolcache
2026-09-22T18:40:28.8514478Z RUNS_ON_AGENT_ARCH=arm64
2026-09-22T18:40:28.8515193Z RUNS_ON_AGENT_BINARY=/runs-on/agent
2026-09-22T18:40:28.8515930Z RUNS_ON_AGENT_USER=runner
2026-09-22T18:40:28.8516625Z RUNS_ON_AMI_ID=ami-098c62767651982c5
2026-09-22T18:40:28.8517349Z RUNS_ON_AWS_AZ=us-east-1b
2026-09-22T18:40:28.8518017Z RUNS_ON_AWS_REGION=us-east-1
2026-09-22T18:40:28.8518764Z RUNS_ON_ENV_CUSTOM_FILE=/runs-on/env.custom
2026-09-22T18:40:28.8519530Z RUNS_ON_HOME=/runs-on
2026-09-22T18:40:28.8520194Z RUNS_ON_INSTANCE_ID=i-01c7aaf3797eac8ce
2026-09-22T18:40:28.8521021Z RUNS_ON_INSTANCE_LAUNCHED_AT=2026-09-22T18:39:59Z
2026-09-22T18:40:28.8521855Z RUNS_ON_INSTANCE_LIFECYCLE=spot
2026-09-22T18:40:28.8522563Z RUNS_ON_INSTANCE_TYPE=c7g.metal
2026-09-22T18:40:28.8523493Z RUNS_ON_RUNNER_NAME=runs-on--i-01c7aaf3797eac8ce--eb67d528-4
2026-09-22T18:40:28.8524602Z RUNS_ON_S3_BUCKET_CACHE=runs-on-v3-s3bucketcache-dbnub4tpjhpv
2026-09-22T18:40:28.8525853Z RUNS_ON_S3_CACHE_REPO_PREFIX=cache/repo/vortex-data/vortex
2026-09-22T18:40:28.8526894Z RUNS_ON_STACK_NAME=runs-on-v3
2026-09-22T18:40:28.8527592Z RUNS_ON_VERSION=v3.3.0
2026-09-22T18:40:28.8528633Z ##[endgroup]
2026-09-22T18:40:28.8528969Z 
2026-09-22T18:40:28.8801081Z ##[group]Run runs-on/action@v2
2026-09-22T18:40:28.8801857Z with:
2026-09-22T18:40:28.8802387Z   show_env: false
2026-09-22T18:40:28.8802955Z   show_costs: inline
2026-09-22T18:40:28.8803662Z   network_interface: enp39s0
2026-09-22T18:40:28.8804336Z   disk_device: nvme0n1p1
2026-09-22T18:40:28.8809683Z   token: ***
2026-09-22T18:40:28.8810252Z   sticky_wait_timeout: 15m
2026-09-22T18:40:28.8810867Z env:
2026-09-22T18:40:28.8811389Z   CARGO_TERM_COLOR: always
2026-09-22T18:40:28.8812015Z   RUST_BACKTRACE: 1
2026-09-22T18:40:28.8812633Z   NIGHTLY_TOOLCHAIN: nightly-2026-09-10
2026-09-22T18:40:28.8813407Z   RUNNER_TOOL_CACHE: /opt/hostedtoolcache
2026-09-22T18:40:28.8814202Z   RUNS_ON_HOME: /runs-on
2026-09-22T18:40:28.8814832Z   RUNS_ON_VERSION: v3.3.0
2026-09-22T18:40:28.8815500Z   RUNS_ON_AGENT_BINARY: /runs-on/agent
2026-09-22T18:40:28.8816220Z   RUNS_ON_AGENT_ARCH: arm64
2026-09-22T18:40:28.8817205Z   RUNS_ON_AGENT_USER: runner
2026-09-22T18:40:28.8817915Z   RUNS_ON_AMI_ID: ami-098c62767651982c5
2026-09-22T18:40:28.8818639Z   RUNS_ON_AWS_REGION: us-east-1
2026-09-22T18:40:28.8819317Z   RUNS_ON_AWS_AZ: us-east-1b
2026-09-22T18:40:28.8820047Z   RUNS_ON_ENV_CUSTOM_FILE: /runs-on/env.custom
2026-09-22T18:40:28.8820868Z   RUNS_ON_INSTANCE_ID: i-01c7aaf3797eac8ce
2026-09-22T18:40:28.8821636Z   RUNS_ON_INSTANCE_LIFECYCLE: spot
2026-09-22T18:40:28.8822354Z   RUNS_ON_INSTANCE_TYPE: c7g.metal
2026-09-22T18:40:28.8823069Z   RUNS_ON_STACK_NAME: runs-on-v3
2026-09-22T18:40:28.8824025Z   RUNS_ON_S3_BUCKET_CACHE: runs-on-v3-s3bucketcache-dbnub4tpjhpv
2026-09-22T18:40:28.8825038Z   ACTIONS_RUNNER_HOOK_JOB_STARTED: /runs-on/pre.sh
2026-09-22T18:40:28.8825956Z   ACTIONS_RUNNER_HOOK_JOB_COMPLETED: /runs-on/post.sh
2026-09-22T18:40:28.8826825Z   GITHUB_SERVER_URL: https://github.com/
2026-09-22T18:40:28.8827629Z   GITHUB_API_URL: https://api.github.com/
2026-09-22T18:40:28.8828385Z   GITHUB_HOST: github.com
2026-09-22T18:40:28.8859606Z   RUNS_ON_RUNNER_NAME: runs-on--i-01c7aaf3797eac8ce--eb67d528-4
2026-09-22T18:40:28.8860676Z   RUNS_ON_INSTANCE_LAUNCHED_AT: 2026-09-22T18:39:59Z
2026-09-22T18:40:28.8861580Z   ACTIONS_CACHE_URL: http://10.1.22.117:6871/
2026-09-22T18:40:28.8862382Z   ACTIONS_CACHE_SERVICE_V2: true
2026-09-22T18:40:28.8863150Z   ACTIONS_RESULTS_URL: http://10.1.22.117:6871/
2026-09-22T18:40:28.8864200Z   RUNS_ON_S3_CACHE_REPO_PREFIX: cache/repo/vortex-data/vortex
2026-09-22T18:40:28.8865057Z ##[endgroup]
2026-09-22T18:40:29.5418341Z Input 'show_env': false
2026-09-22T18:40:29.5418706Z Input 'show_costs': inline
2026-09-22T18:40:29.5419010Z Input 'metrics': []
2026-09-22T18:40:29.5419354Z Input 'network_interface': enp39s0
2026-09-22T18:40:29.5419693Z Input 'disk_device': nvme0n1p1
2026-09-22T18:40:29.5419996Z Input 'sccache': 
2026-09-22T18:40:29.5420259Z Input 'sticky_cache': []
2026-09-22T18:40:29.5420572Z Input 'sticky_wait_timeout': 15m0s
2026-09-22T18:40:29.5421136Z ZCTIONS_RESULTS_URL is set: https://results-receiver.actions.githubusercontent.com/
2026-09-22T18:40:29.5422116Z ZCTIONS_CACHE_URL is set: https://acghubeus1.actions.githubusercontent.com/XtqVEj2MXQCbzj6x6n8CMomnIjyhqqRNuSgameoSnKmgcNZw2F/
2026-09-22T18:40:29.5422872Z ACTIONS_RUNTIME_TOKEN is set.
2026-09-22T18:40:29.5423226Z Config update response status: 200 OK
2026-09-22T18:40:29.5424014Z show_costs is enabled. You will find cost details in the post-execution step of this action.
2026-09-22T18:40:29.5424558Z Action finished.
2026-09-22T18:40:29.5590326Z ##[group]Run actions/checkout@3d3c42e5aac5ba805825da76410c181273ba90b1
2026-09-22T18:40:29.5590879Z with:
2026-09-22T18:40:29.5591134Z   repository: vortex-data/vortex
2026-09-22T18:40:29.5593961Z   token: ***
2026-09-22T18:40:29.5594219Z   ssh-strict: true
2026-09-22T18:40:29.5594470Z   ssh-user: git
2026-09-22T18:40:29.5594727Z   persist-credentials: true
2026-09-22T18:40:29.5595009Z   clean: true
2026-09-22T18:40:29.5595273Z   sparse-checkout-cone-mode: true
2026-09-22T18:40:29.5595610Z   fetch-depth: 1
2026-09-22T18:40:29.5595863Z   fetch-tags: false
2026-09-22T18:40:29.5596128Z   show-progress: true
2026-09-22T18:40:29.5596389Z   lfs: false
2026-09-22T18:40:29.5596629Z   submodules: false
2026-09-22T18:40:29.5596896Z   set-safe-directory: true
2026-09-22T18:40:29.5597203Z   allow-unsafe-pr-checkout: false
2026-09-22T18:40:29.5597508Z env:
2026-09-22T18:40:29.5597746Z   CARGO_TERM_COLOR: always
2026-09-22T18:40:29.5598027Z   RUST_BACKTRACE: 1
2026-09-22T18:40:29.5598344Z   NIGHTLY_TOOLCHAIN: nightly-2026-09-10
2026-09-22T18:40:29.5598708Z   RUNNER_TOOL_CACHE: /opt/hostedtoolcache
2026-09-22T18:40:29.5599045Z   RUNS_ON_HOME: /runs-on
2026-09-22T18:40:29.5599326Z   RUNS_ON_VERSION: v3.3.0
2026-09-22T18:40:29.5599628Z   RUNS_ON_AGENT_BINARY: /runs-on/agent
2026-09-22T18:40:29.5599959Z   RUNS_ON_AGENT_ARCH: arm64
2026-09-22T18:40:29.5600257Z   RUNS_ON_AGENT_USER: runner
2026-09-22T18:40:29.5600564Z   RUNS_ON_AMI_ID: ami-098c62767651982c5
2026-09-22T18:40:29.5600906Z   RUNS_ON_AWS_REGION: us-east-1
2026-09-22T18:40:29.5601516Z   RUNS_ON_AWS_AZ: us-east-1b
2026-09-22T18:40:29.5601856Z   RUNS_ON_ENV_CUSTOM_FILE: /runs-on/env.custom
2026-09-22T18:40:29.5602233Z   RUNS_ON_INSTANCE_ID: i-01c7aaf3797eac8ce
2026-09-22T18:40:29.5602587Z   RUNS_ON_INSTANCE_LIFECYCLE: spot
2026-09-22T18:40:29.5602914Z   RUNS_ON_INSTANCE_TYPE: c7g.metal
2026-09-22T18:40:29.5603235Z   RUNS_ON_STACK_NAME: runs-on-v3
2026-09-22T18:40:29.5603748Z   RUNS_ON_S3_BUCKET_CACHE: runs-on-v3-s3bucketcache-dbnub4tpjhpv
2026-09-22T18:40:29.5604238Z   ACTIONS_RUNNER_HOOK_JOB_STARTED: /runs-on/pre.sh
2026-09-22T18:40:29.5604672Z   ACTIONS_RUNNER_HOOK_JOB_COMPLETED: /runs-on/post.sh
2026-09-22T18:40:29.5605092Z   GITHUB_SERVER_URL: https://github.com/
2026-09-22T18:40:29.5605468Z   GITHUB_API_URL: https://api.github.com/
2026-09-22T18:40:29.5605816Z   GITHUB_HOST: github.com
2026-09-22T18:40:29.5606187Z   RUNS_ON_RUNNER_NAME: runs-on--i-01c7aaf3797eac8ce--eb67d528-4
2026-09-22T18:40:29.5606647Z   RUNS_ON_INSTANCE_LAUNCHED_AT: 2026-09-22T18:39:59Z
2026-09-22T18:40:29.5607061Z   ACTIONS_CACHE_URL: http://10.1.22.117:6871/
2026-09-22T18:40:29.5607426Z   ACTIONS_CACHE_SERVICE_V2: true
2026-09-22T18:40:29.5607774Z   ACTIONS_RESULTS_URL: http://10.1.22.117:6871/
2026-09-22T18:40:29.5608211Z   RUNS_ON_S3_CACHE_REPO_PREFIX: cache/repo/vortex-data/vortex
2026-09-22T18:40:29.5608640Z   RUNS_ON_ACTION_COST_TRACKING_CLAIMED: true
2026-09-22T18:40:29.5608976Z ##[endgroup]
2026-09-22T18:40:29.6658764Z Syncing repository: vortex-data/vortex
2026-09-22T18:40:29.6659514Z ##[group]Getting Git version info
2026-09-22T18:40:29.6659936Z Working directory is '/home/runner/_work/vortex/vortex'
2026-09-22T18:40:29.6660546Z [command]/usr/bin/git version
2026-09-22T18:40:29.6662067Z git version 2.55.0
2026-09-22T18:40:29.6679728Z ##[endgroup]
2026-09-22T18:40:29.6687504Z Temporarily overriding HOME='/home/runner/_work/_temp/08827af5-7614-48a3-aeb1-f8122ac48581' before making global git config changes
2026-09-22T18:40:29.6688415Z Adding repository directory to the temporary git global config as a safe directory
2026-09-22T18:40:29.6692222Z [command]/usr/bin/git config --global --add safe.directory /home/runner/_work/vortex/vortex
2026-09-22T18:40:29.6718069Z Deleting the contents of '/home/runner/_work/vortex/vortex'
2026-09-22T18:40:29.6720740Z ##[group]Determining repository object format
2026-09-22T18:40:29.6722085Z ##[endgroup]
2026-09-22T18:40:29.6722558Z ##[group]Initializing the repository
2026-09-22T18:40:29.6726563Z [command]/usr/bin/git init /home/runner/_work/vortex/vortex
2026-09-22T18:40:29.6962894Z hint: Using 'master' as the name for the initial branch. This default branch name
2026-09-22T18:40:29.6963603Z hint: will change to "main" in Git 3.0. To configure the initial branch name
2026-09-22T18:40:29.6964229Z hint: to use in all of your new repositories, which will suppress this warning,
2026-09-22T18:40:29.6964701Z hint: call:
2026-09-22T18:40:29.6964932Z hint:
2026-09-22T18:40:29.6965274Z hint: 	git config --global init.defaultBranch <name>
2026-09-22T18:40:29.6965699Z hint:
2026-09-22T18:40:29.6966074Z hint: Names commonly chosen instead of 'master' are 'main', 'trunk' and
2026-09-22T18:40:29.6966713Z hint: 'development'. The just-created branch can be renamed via this command:
2026-09-22T18:40:29.6967179Z hint:
2026-09-22T18:40:29.6967425Z hint: 	git branch -m <name>
2026-09-22T18:40:29.6967707Z hint:
2026-09-22T18:40:29.6968105Z hint: Disable this message with "git config set advice.defaultBranchName false"
2026-09-22T18:40:29.6968743Z Initialized empty Git repository in /home/runner/_work/vortex/vortex/.git/
2026-09-22T18:40:29.6971559Z [command]/usr/bin/git remote add origin https://github.com/vortex-data/vortex
2026-09-22T18:40:29.7012359Z ##[endgroup]
2026-09-22T18:40:29.7012839Z ##[group]Disabling automatic garbage collection
2026-09-22T18:40:29.7016290Z [command]/usr/bin/git config --local gc.auto 0
2026-09-22T18:40:29.7039234Z ##[endgroup]
2026-09-22T18:40:29.7039677Z ##[group]Setting up auth
2026-09-22T18:40:29.7040021Z Removing SSH command configuration
2026-09-22T18:40:29.7045215Z [command]/usr/bin/git config --local --name-only --get-regexp core\.sshCommand
2026-09-22T18:40:29.7071271Z [command]/usr/bin/git submodule foreach --recursive sh -c "git config --local --name-only --get-regexp 'core\.sshCommand' && git config --local --unset-all 'core.sshCommand' || :"
2026-09-22T18:40:29.7835982Z Removing HTTP extra header
2026-09-22T18:40:29.7840312Z [command]/usr/bin/git config --local --name-only --get-regexp http\.https\:\/\/github\.com\/\.extraheader
2026-09-22T18:40:29.7865230Z [command]/usr/bin/git submodule foreach --recursive sh -c "git config --local --name-only --get-regexp 'http\.https\:\/\/github\.com\/\.extraheader' && git config --local --unset-all 'http.https://github.com/.extraheader' || :"
2026-09-22T18:40:29.8028710Z Removing includeIf entries pointing to credentials config files
2026-09-22T18:40:29.8033992Z [command]/usr/bin/git config --local --name-only --get-regexp ^includeIf\.gitdir:
2026-09-22T18:40:29.8065664Z [command]/usr/bin/git submodule foreach --recursive git config --local --show-origin --name-only --get-regexp remote.origin.url
2026-09-22T18:40:29.8237952Z [command]/usr/bin/git config --file /home/runner/_work/_temp/git-credentials-621d4418-4c90-47df-b3ff-7a55c3abfce7.config http.https://github.com/.extraheader AUTHORIZATION: basic ***
2026-09-22T18:40:29.8266146Z [command]/usr/bin/git config --local includeIf.gitdir:/home/runner/_work/vortex/vortex/.git.path /home/runner/_work/_temp/git-credentials-621d4418-4c90-47df-b3ff-7a55c3abfce7.config
2026-09-22T18:40:29.8289736Z [command]/usr/bin/git config --local includeIf.gitdir:/home/runner/_work/vortex/vortex/.git/worktrees/*.path /home/runner/_work/_temp/git-credentials-621d4418-4c90-47df-b3ff-7a55c3abfce7.config
2026-09-22T18:40:29.8314695Z [command]/usr/bin/git config --local includeIf.gitdir:/github/workspace/.git.path /github/runner_temp/git-credentials-621d4418-4c90-47df-b3ff-7a55c3abfce7.config
2026-09-22T18:40:29.8339641Z [command]/usr/bin/git config --local includeIf.gitdir:/github/workspace/.git/worktrees/*.path /github/runner_temp/git-credentials-621d4418-4c90-47df-b3ff-7a55c3abfce7.config
2026-09-22T18:40:29.8361020Z ##[endgroup]
2026-09-22T18:40:29.8361485Z ##[group]Fetching the repository
2026-09-22T18:40:29.8367703Z [command]/usr/bin/git -c protocol.version=2 fetch --no-tags --prune --no-recurse-submodules --depth=1 origin +b8cad0d37e50c239c5e21704248e45e987e60885:refs/remotes/pull/9985/merge
2026-09-22T18:40:31.5823865Z From https://github.com/vortex-data/vortex
2026-09-22T18:40:31.5824492Z  * [new ref]         b8cad0d37e50c239c5e21704248e45e987e60885 -> pull/9985/merge
2026-09-22T18:40:31.5828128Z ##[endgroup]
2026-09-22T18:40:31.5828646Z ##[group]Determining the checkout info
2026-09-22T18:40:31.5829109Z ##[endgroup]
2026-09-22T18:40:31.5833661Z [command]/usr/bin/git sparse-checkout disable
2026-09-22T18:40:31.5888278Z [command]/usr/bin/git config --local --unset-all extensions.worktreeConfig
2026-09-22T18:40:31.5911036Z ##[group]Checking out the ref
2026-09-22T18:40:31.5915333Z [command]/usr/bin/git checkout --progress --force refs/remotes/pull/9985/merge
2026-09-22T18:40:31.7797510Z Note: switching to 'refs/remotes/pull/9985/merge'.
2026-09-22T18:40:31.7797791Z 
2026-09-22T18:40:31.7798019Z You are in 'detached HEAD' state. You can look around, make experimental
2026-09-22T18:40:31.7798548Z changes and commit them, and you can discard any commits you make in this
2026-09-22T18:40:31.7799083Z state without impacting any branches by switching back to a branch.
2026-09-22T18:40:31.7799403Z 
2026-09-22T18:40:31.7799653Z If you want to create a new branch to retain commits you create, you may
2026-09-22T18:40:31.7800144Z do so (now or later) by using -c with the switch command. Example:
2026-09-22T18:40:31.7800431Z 
2026-09-22T18:40:31.7800544Z   git switch -c <new-branch-name>
2026-09-22T18:40:31.7800738Z 
2026-09-22T18:40:31.7800850Z Or undo this operation with:
2026-09-22T18:40:31.7801020Z 
2026-09-22T18:40:31.7801122Z   git switch -
2026-09-22T18:40:31.7801564Z 
2026-09-22T18:40:31.7801839Z Turn off this advice by setting config variable advice.detachedHead to false
2026-09-22T18:40:31.7802180Z 
2026-09-22T18:40:31.7802564Z HEAD is now at b8cad0d Merge 97f8c2638090009006a8c1b6e3c14ffcdd4c53ad into 154870b58a0192d7b99453241908fe4652ac66f0
2026-09-22T18:40:31.7808914Z ##[endgroup]
2026-09-22T18:40:31.7850640Z [command]/usr/bin/git log -1 --format=%H
2026-09-22T18:40:31.7871019Z b8cad0d37e50c239c5e21704248e45e987e60885
2026-09-22T18:40:31.8102965Z Prepare all required actions
2026-09-22T18:40:31.8103732Z Getting action download info
2026-09-22T18:40:31.8959151Z Download action repository 'dtolnay/rust-toolchain@6bed0761d98439e5a578e2877258200ad565ba87' (SHA:6bed0761d98439e5a578e2877258200ad565ba87)
2026-09-22T18:40:32.0118833Z ##[group]Run ./.github/actions/setup-prebuild
2026-09-22T18:40:32.0119151Z with:
2026-09-22T18:40:32.0121728Z   repo-token: ***
2026-09-22T18:40:32.0121961Z   components: clippy, rustfmt
2026-09-22T18:40:32.0122245Z   protoc-version: 29.3
2026-09-22T18:40:32.0122492Z   enable-sccache: false
2026-09-22T18:40:32.0122710Z env:
2026-09-22T18:40:32.0122892Z   CARGO_TERM_COLOR: always
2026-09-22T18:40:32.0123123Z   RUST_BACKTRACE: 1
2026-09-22T18:40:32.0123353Z   NIGHTLY_TOOLCHAIN: nightly-2026-09-10
2026-09-22T18:40:32.0123774Z   RUNNER_TOOL_CACHE: /opt/hostedtoolcache
2026-09-22T18:40:32.0124071Z   RUNS_ON_HOME: /runs-on
2026-09-22T18:40:32.0124302Z   RUNS_ON_VERSION: v3.3.0
2026-09-22T18:40:32.0124586Z   RUNS_ON_AGENT_BINARY: /runs-on/agent
2026-09-22T18:40:32.0124866Z   RUNS_ON_AGENT_ARCH: arm64
2026-09-22T18:40:32.0125107Z   RUNS_ON_AGENT_USER: runner
2026-09-22T18:40:32.0125370Z   RUNS_ON_AMI_ID: ami-098c62767651982c5
2026-09-22T18:40:32.0125650Z   RUNS_ON_AWS_REGION: us-east-1
2026-09-22T18:40:32.0125901Z   RUNS_ON_AWS_AZ: us-east-1b
2026-09-22T18:40:32.0126172Z   RUNS_ON_ENV_CUSTOM_FILE: /runs-on/env.custom
2026-09-22T18:40:32.0126494Z   RUNS_ON_INSTANCE_ID: i-01c7aaf3797eac8ce
2026-09-22T18:40:32.0126786Z   RUNS_ON_INSTANCE_LIFECYCLE: spot
2026-09-22T18:40:32.0127064Z   RUNS_ON_INSTANCE_TYPE: c7g.metal
2026-09-22T18:40:32.0127335Z   RUNS_ON_STACK_NAME: runs-on-v3
2026-09-22T18:40:32.0127679Z   RUNS_ON_S3_BUCKET_CACHE: runs-on-v3-s3bucketcache-dbnub4tpjhpv
2026-09-22T18:40:32.0128092Z   ACTIONS_RUNNER_HOOK_JOB_STARTED: /runs-on/pre.sh
2026-09-22T18:40:32.0128465Z   ACTIONS_RUNNER_HOOK_JOB_COMPLETED: /runs-on/post.sh
2026-09-22T18:40:32.0128833Z   GITHUB_SERVER_URL: https://github.com/
2026-09-22T18:40:32.0129156Z   GITHUB_API_URL: https://api.github.com/
2026-09-22T18:40:32.0129449Z   GITHUB_HOST: github.com
2026-09-22T18:40:32.0129772Z   RUNS_ON_RUNNER_NAME: runs-on--i-01c7aaf3797eac8ce--eb67d528-4
2026-09-22T18:40:32.0130177Z   RUNS_ON_INSTANCE_LAUNCHED_AT: 2026-09-22T18:39:59Z
2026-09-22T18:40:32.0130533Z   ACTIONS_CACHE_URL: http://10.1.22.117:6871/
2026-09-22T18:40:32.0130847Z   ACTIONS_CACHE_SERVICE_V2: true
2026-09-22T18:40:32.0131142Z   ACTIONS_RESULTS_URL: http://10.1.22.117:6871/
2026-09-22T18:40:32.0131526Z   RUNS_ON_S3_CACHE_REPO_PREFIX: cache/repo/vortex-data/vortex
2026-09-22T18:40:32.0131911Z   RUNS_ON_ACTION_COST_TRACKING_CLAIMED: true
2026-09-22T18:40:32.0132194Z ##[endgroup]
2026-09-22T18:40:32.0202624Z ##[start-action display=Resolve toolchain config;id=__self.toolchain-config]
2026-09-22T18:40:32.0253112Z ##[group]Run DEFAULT_VERSION=$(grep channel rust-toolchain.toml | awk -F'"' '{print $2}')
2026-09-22T18:40:32.0253903Z [36;1mDEFAULT_VERSION=$(grep channel rust-toolchain.toml | awk -F'"' '{print $2}')[0m
2026-09-22T18:40:32.0254443Z [36;1mTOOLCHAIN="${TOOLCHAIN_OVERRIDE:-$DEFAULT_VERSION}"[0m
2026-09-22T18:40:32.0254861Z [36;1mecho "toolchain=$TOOLCHAIN" >> "$GITHUB_OUTPUT"[0m
2026-09-22T18:40:32.0255288Z [36;1mecho "RUSTUP_TOOLCHAIN=$DEFAULT_VERSION" >> "$GITHUB_ENV"[0m
2026-09-22T18:40:32.0279047Z shell: /usr/bin/bash --noprofile --norc -e -o pipefail {0}
2026-09-22T18:40:32.0279407Z env:
2026-09-22T18:40:32.0279599Z   CARGO_TERM_COLOR: always
2026-09-22T18:40:32.0279839Z   RUST_BACKTRACE: 1
2026-09-22T18:40:32.0280305Z   NIGHTLY_TOOLCHAIN: nightly-2026-09-10
2026-09-22T18:40:32.0280613Z   RUNNER_TOOL_CACHE: /opt/hostedtoolcache
2026-09-22T18:40:32.0280899Z   RUNS_ON_HOME: /runs-on
2026-09-22T18:40:32.0281133Z   RUNS_ON_VERSION: v3.3.0
2026-09-22T18:40:32.0281386Z   RUNS_ON_AGENT_BINARY: /runs-on/agent
2026-09-22T18:40:32.0281667Z   RUNS_ON_AGENT_ARCH: arm64
2026-09-22T18:40:32.0281907Z   RUNS_ON_AGENT_USER: runner
2026-09-22T18:40:32.0282364Z   RUNS_ON_AMI_ID: ami-098c62767651982c5
2026-09-22T18:40:32.0282683Z   RUNS_ON_AWS_REGION: us-east-1
2026-09-22T18:40:32.0282936Z   RUNS_ON_AWS_AZ: us-east-1b
2026-09-22T18:40:32.0283214Z   RUNS_ON_ENV_CUSTOM_FILE: /runs-on/env.custom
2026-09-22T18:40:32.0283632Z   RUNS_ON_INSTANCE_ID: i-01c7aaf3797eac8ce
2026-09-22T18:40:32.0283935Z   RUNS_ON_INSTANCE_LIFECYCLE: spot
2026-09-22T18:40:32.0284206Z   RUNS_ON_INSTANCE_TYPE: c7g.metal
2026-09-22T18:40:32.0284473Z   RUNS_ON_STACK_NAME: runs-on-v3
2026-09-22T18:40:32.0284820Z   RUNS_ON_S3_BUCKET_CACHE: runs-on-v3-s3bucketcache-dbnub4tpjhpv
2026-09-22T18:40:32.0285240Z   ACTIONS_RUNNER_HOOK_JOB_STARTED: /runs-on/pre.sh
2026-09-22T18:40:32.0285616Z   ACTIONS_RUNNER_HOOK_JOB_COMPLETED: /runs-on/post.sh
2026-09-22T18:40:32.0285980Z   GITHUB_SERVER_URL: https://github.com/
2026-09-22T18:40:32.0286299Z   GITHUB_API_URL: https://api.github.com/
2026-09-22T18:40:32.0286591Z   GITHUB_HOST: github.com
2026-09-22T18:40:32.0286908Z   RUNS_ON_RUNNER_NAME: runs-on--i-01c7aaf3797eac8ce--eb67d528-4
2026-09-22T18:40:32.0287315Z   RUNS_ON_INSTANCE_LAUNCHED_AT: 2026-09-22T18:39:59Z
2026-09-22T18:40:32.0287672Z   ACTIONS_CACHE_URL: http://10.1.22.117:6871/
2026-09-22T18:40:32.0287984Z   ACTIONS_CACHE_SERVICE_V2: true
2026-09-22T18:40:32.0288282Z   ACTIONS_RESULTS_URL: http://10.1.22.117:6871/
2026-09-22T18:40:32.0288669Z   RUNS_ON_S3_CACHE_REPO_PREFIX: cache/repo/vortex-data/vortex
2026-09-22T18:40:32.0289050Z   RUNS_ON_ACTION_COST_TRACKING_CLAIMED: true
2026-09-22T18:40:32.0289348Z   TOOLCHAIN_OVERRIDE: 
2026-09-22T18:40:32.0289567Z ##[endgroup]
2026-09-22T18:40:32.0389513Z ##[end-action id=__self.toolchain-config;outcome=success;conclusion=success;duration_ms=18]
2026-09-22T18:40:32.0392076Z ##[start-action display=Check for rustup;id=__self.check-rustup]
2026-09-22T18:40:32.0420086Z ##[group]Run echo "exists=$(command -v rustup &> /dev/null && echo 'true' || echo 'false')" >> "$GITHUB_OUTPUT"
2026-09-22T18:40:32.0420869Z [36;1mecho "exists=$(command -v rustup &> /dev/null && echo 'true' || echo 'false')" >> "$GITHUB_OUTPUT"[0m
2026-09-22T18:40:32.0442602Z shell: /usr/bin/bash --noprofile --norc -e -o pipefail {0}
2026-09-22T18:40:32.0442965Z env:
2026-09-22T18:40:32.0443159Z   CARGO_TERM_COLOR: always
2026-09-22T18:40:32.0443396Z   RUST_BACKTRACE: 1
2026-09-22T18:40:32.0443750Z   NIGHTLY_TOOLCHAIN: nightly-2026-09-10
2026-09-22T18:40:32.0444060Z   RUNNER_TOOL_CACHE: /opt/hostedtoolcache
2026-09-22T18:40:32.0444348Z   RUNS_ON_HOME: /runs-on
2026-09-22T18:40:32.0444580Z   RUNS_ON_VERSION: v3.3.0
2026-09-22T18:40:32.0444835Z   RUNS_ON_AGENT_BINARY: /runs-on/agent
2026-09-22T18:40:32.0445124Z   RUNS_ON_AGENT_ARCH: arm64
2026-09-22T18:40:32.0445366Z   RUNS_ON_AGENT_USER: runner
2026-09-22T18:40:32.0445626Z   RUNS_ON_AMI_ID: ami-098c62767651982c5
2026-09-22T18:40:32.0445906Z   RUNS_ON_AWS_REGION: us-east-1
2026-09-22T18:40:32.0446169Z   RUNS_ON_AWS_AZ: us-east-1b
2026-09-22T18:40:32.0446445Z   RUNS_ON_ENV_CUSTOM_FILE: /runs-on/env.custom
2026-09-22T18:40:32.0446768Z   RUNS_ON_INSTANCE_ID: i-01c7aaf3797eac8ce
2026-09-22T18:40:32.0447074Z   RUNS_ON_INSTANCE_LIFECYCLE: spot
2026-09-22T18:40:32.0447352Z   RUNS_ON_INSTANCE_TYPE: c7g.metal
2026-09-22T18:40:32.0447619Z   RUNS_ON_STACK_NAME: runs-on-v3
2026-09-22T18:40:32.0447966Z   RUNS_ON_S3_BUCKET_CACHE: runs-on-v3-s3bucketcache-dbnub4tpjhpv
2026-09-22T18:40:32.0448385Z   ACTIONS_RUNNER_HOOK_JOB_STARTED: /runs-on/pre.sh
2026-09-22T18:40:32.0448753Z   ACTIONS_RUNNER_HOOK_JOB_COMPLETED: /runs-on/post.sh
2026-09-22T18:40:32.0449118Z   GITHUB_SERVER_URL: https://github.com/
2026-09-22T18:40:32.0449440Z   GITHUB_API_URL: https://api.github.com/
2026-09-22T18:40:32.0450013Z   GITHUB_HOST: github.com
2026-09-22T18:40:32.0450345Z   RUNS_ON_RUNNER_NAME: runs-on--i-01c7aaf3797eac8ce--eb67d528-4
2026-09-22T18:40:32.0450752Z   RUNS_ON_INSTANCE_LAUNCHED_AT: 2026-09-22T18:39:59Z
2026-09-22T18:40:32.0451102Z   ACTIONS_CACHE_URL: http://10.1.22.117:6871/
2026-09-22T18:40:32.0451414Z   ACTIONS_CACHE_SERVICE_V2: true
2026-09-22T18:40:32.0451711Z   ACTIONS_RESULTS_URL: http://10.1.22.117:6871/
2026-09-22T18:40:32.0452269Z   RUNS_ON_S3_CACHE_REPO_PREFIX: cache/repo/vortex-data/vortex
2026-09-22T18:40:32.0452740Z   RUNS_ON_ACTION_COST_TRACKING_CLAIMED: true
2026-09-22T18:40:32.0453044Z   RUSTUP_TOOLCHAIN: 1.98.0
2026-09-22T18:40:32.0453283Z ##[endgroup]
2026-09-22T18:40:32.0501961Z ##[end-action id=__self.check-rustup;outcome=success;conclusion=success;duration_ms=10]
2026-09-22T18:40:32.0504471Z ##[start-action display=Install Rust;id=__self.__dtolnay_rust-toolchain]
2026-09-22T18:40:32.0516113Z ##[end-action id=__self.__dtolnay_rust-toolchain;outcome=skipped;conclusion=skipped;duration_ms=0]
2026-09-22T18:40:32.0520035Z ##[start-action display=Reconcile prebuilt Rust installation;id=__self.__run]
2026-09-22T18:40:32.0549003Z ##[group]Run TOOLCHAIN_FOUND=false
2026-09-22T18:40:32.0549389Z [36;1mTOOLCHAIN_FOUND=false[0m
2026-09-22T18:40:32.0549773Z [36;1mfor INSTALLED in $(rustup toolchain list | awk '{print $1}'); do[0m
2026-09-22T18:40:32.0550183Z [36;1m  case "$INSTALLED" in[0m
2026-09-22T18:40:32.0550534Z [36;1m    "$TOOLCHAIN"|"$TOOLCHAIN"-*) TOOLCHAIN_FOUND=true ;;[0m
2026-09-22T18:40:32.0550882Z [36;1m  esac[0m
2026-09-22T18:40:32.0551083Z [36;1mdone[0m
2026-09-22T18:40:32.0551323Z [36;1mif [ "$TOOLCHAIN_FOUND" != true ]; then[0m
2026-09-22T18:40:32.0551732Z [36;1m  rustup toolchain install "$TOOLCHAIN" --profile minimal[0m
2026-09-22T18:40:32.0552193Z [36;1mfi[0m
2026-09-22T18:40:32.0552405Z [36;1m[0m
2026-09-22T18:40:32.0552701Z [36;1mTOOLCHAIN_HOST=$(rustc +"$TOOLCHAIN" --print host-tuple)[0m
2026-09-22T18:40:32.0553285Z [36;1mINSTALLED_COMPONENTS=$(rustup component list --toolchain "$TOOLCHAIN" --installed)[0m
2026-09-22T18:40:32.0553868Z [36;1mMISSING_COMPONENTS=()[0m
2026-09-22T18:40:32.0554217Z [36;1mIFS=',' read -ra REQUESTED_COMPONENTS <<< "$COMPONENTS"[0m
2026-09-22T18:40:32.0554648Z [36;1mfor COMPONENT in "${REQUESTED_COMPONENTS[@]}"; do[0m
2026-09-22T18:40:32.0555005Z [36;1m  COMPONENT=${COMPONENT// /}[0m
2026-09-22T18:40:32.0555316Z [36;1m  [ -z "$COMPONENT" ] && continue[0m
2026-09-22T18:40:32.0555646Z [36;1m  if [ "$COMPONENT" = llvm-tools ]; then[0m
2026-09-22T18:40:32.0555988Z [36;1m    COMPONENT=llvm-tools-preview[0m
2026-09-22T18:40:32.0556273Z [36;1m  fi[0m
2026-09-22T18:40:32.0556574Z [36;1m  if ! grep -Fqx "$COMPONENT" <<< "$INSTALLED_COMPONENTS" && \[0m
2026-09-22T18:40:32.0557106Z [36;1m     ! grep -Fqx "$COMPONENT-$TOOLCHAIN_HOST" <<< "$INSTALLED_COMPONENTS"; then[0m
2026-09-22T18:40:32.0557583Z [36;1m    MISSING_COMPONENTS+=("$COMPONENT")[0m
2026-09-22T18:40:32.0557898Z [36;1m  fi[0m
2026-09-22T18:40:32.0558098Z [36;1mdone[0m
2026-09-22T18:40:32.0558349Z [36;1mif [ ${#MISSING_COMPONENTS[@]} -gt 0 ]; then[0m
2026-09-22T18:40:32.0558815Z [36;1m  rustup component add --toolchain "$TOOLCHAIN" "${MISSING_COMPONENTS[@]}"[0m
2026-09-22T18:40:32.0559236Z [36;1mfi[0m
2026-09-22T18:40:32.0559428Z [36;1m[0m
2026-09-22T18:40:32.0559789Z [36;1mINSTALLED_TARGETS=$(rustup target list --toolchain "$TOOLCHAIN" --installed)[0m
2026-09-22T18:40:32.0560254Z [36;1mMISSING_TARGETS=()[0m
2026-09-22T18:40:32.0560573Z [36;1mIFS=',' read -ra REQUESTED_TARGETS <<< "$TARGETS"[0m
2026-09-22T18:40:32.0560959Z [36;1mfor TARGET in "${REQUESTED_TARGETS[@]}"; do[0m
2026-09-22T18:40:32.0561285Z [36;1m  TARGET=${TARGET// /}[0m
2026-09-22T18:40:32.0561558Z [36;1m  [ -z "$TARGET" ] && continue[0m
2026-09-22T18:40:32.0561916Z [36;1m  if ! grep -Fqx "$TARGET" <<< "$INSTALLED_TARGETS"; then[0m
2026-09-22T18:40:32.0562299Z [36;1m    MISSING_TARGETS+=("$TARGET")[0m
2026-09-22T18:40:32.0562581Z [36;1m  fi[0m
2026-09-22T18:40:32.0563081Z [36;1mdone[0m
2026-09-22T18:40:32.0563330Z [36;1mif [ ${#MISSING_TARGETS[@]} -gt 0 ]; then[0m
2026-09-22T18:40:32.0563836Z [36;1m  rustup target add --toolchain "$TOOLCHAIN" "${MISSING_TARGETS[@]}"[0m
2026-09-22T18:40:32.0564239Z [36;1mfi[0m
2026-09-22T18:40:32.0585404Z shell: /usr/bin/bash --noprofile --norc -e -o pipefail {0}
2026-09-22T18:40:32.0585766Z env:
2026-09-22T18:40:32.0585965Z   CARGO_TERM_COLOR: always
2026-09-22T18:40:32.0586381Z   RUST_BACKTRACE: 1
2026-09-22T18:40:32.0586662Z   NIGHTLY_TOOLCHAIN: nightly-2026-09-10
2026-09-22T18:40:32.0586977Z   RUNNER_TOOL_CACHE: /opt/hostedtoolcache
2026-09-22T18:40:32.0587265Z   RUNS_ON_HOME: /runs-on
2026-09-22T18:40:32.0587500Z   RUNS_ON_VERSION: v3.3.0
2026-09-22T18:40:32.0587754Z   RUNS_ON_AGENT_BINARY: /runs-on/agent
2026-09-22T18:40:32.0588047Z   RUNS_ON_AGENT_ARCH: arm64
2026-09-22T18:40:32.0588293Z   RUNS_ON_AGENT_USER: runner
2026-09-22T18:40:32.0588548Z   RUNS_ON_AMI_ID: ami-098c62767651982c5
2026-09-22T18:40:32.0588844Z   RUNS_ON_AWS_REGION: us-east-1
2026-09-22T18:40:32.0589103Z   RUNS_ON_AWS_AZ: us-east-1b
2026-09-22T18:40:32.0589379Z   RUNS_ON_ENV_CUSTOM_FILE: /runs-on/env.custom
2026-09-22T18:40:32.0589705Z   RUNS_ON_INSTANCE_ID: i-01c7aaf3797eac8ce
2026-09-22T18:40:32.0590003Z   RUNS_ON_INSTANCE_LIFECYCLE: spot
2026-09-22T18:40:32.0590277Z   RUNS_ON_INSTANCE_TYPE: c7g.metal
2026-09-22T18:40:32.0590548Z   RUNS_ON_STACK_NAME: runs-on-v3
2026-09-22T18:40:32.0590899Z   RUNS_ON_S3_BUCKET_CACHE: runs-on-v3-s3bucketcache-dbnub4tpjhpv
2026-09-22T18:40:32.0591317Z   ACTIONS_RUNNER_HOOK_JOB_STARTED: /runs-on/pre.sh
2026-09-22T18:40:32.0591688Z   ACTIONS_RUNNER_HOOK_JOB_COMPLETED: /runs-on/post.sh
2026-09-22T18:40:32.0592053Z   GITHUB_SERVER_URL: https://github.com/
2026-09-22T18:40:32.0592373Z   GITHUB_API_URL: https://api.github.com/
2026-09-22T18:40:32.0592676Z   GITHUB_HOST: github.com
2026-09-22T18:40:32.0593003Z   RUNS_ON_RUNNER_NAME: runs-on--i-01c7aaf3797eac8ce--eb67d528-4
2026-09-22T18:40:32.0593500Z   RUNS_ON_INSTANCE_LAUNCHED_AT: 2026-09-22T18:39:59Z
2026-09-22T18:40:32.0593870Z   ACTIONS_CACHE_URL: http://10.1.22.117:6871/
2026-09-22T18:40:32.0594185Z   ACTIONS_CACHE_SERVICE_V2: true
2026-09-22T18:40:32.0594480Z   ACTIONS_RESULTS_URL: http://10.1.22.117:6871/
2026-09-22T18:40:32.0594867Z   RUNS_ON_S3_CACHE_REPO_PREFIX: cache/repo/vortex-data/vortex
2026-09-22T18:40:32.0595246Z   RUNS_ON_ACTION_COST_TRACKING_CLAIMED: true
2026-09-22T18:40:32.0595556Z   RUSTUP_TOOLCHAIN: 1.98.0
2026-09-22T18:40:32.0595794Z   TOOLCHAIN: 1.98.0
2026-09-22T18:40:32.0596018Z   COMPONENTS: clippy, rustfmt
2026-09-22T18:40:32.0596258Z   TARGETS: 
2026-09-22T18:40:32.0596447Z ##[endgroup]
2026-09-22T18:40:32.3365819Z info: syncing channel updates for 1.98.0-aarch64-unknown-linux-gnu
2026-09-22T18:40:32.4414896Z info: latest update on 2026-08-20 for version 1.98.0 (88d9e12ae 2026-08-18)
2026-09-22T18:40:32.4418959Z info: downloading 3 components
2026-09-22T18:40:38.5261631Z info: syncing channel updates for 1.98.0-aarch64-unknown-linux-gnu
2026-09-22T18:40:38.5733801Z 
2026-09-22T18:40:38.5791439Z   1.98.0-aarch64-unknown-linux-gnu unchanged - rustc 1.98.0 (88d9e12ae 2026-08-18)
2026-09-22T18:40:38.5791824Z 
2026-09-22T18:40:38.6785346Z info: downloading component clippy
2026-09-22T18:40:39.1413864Z info: downloading component rustfmt
2026-09-22T18:40:39.4197059Z ##[end-action id=__self.__run;outcome=success;conclusion=success;duration_ms=7367]
2026-09-22T18:40:39.4200401Z ##[start-action display=Reconcile mold installation;id=__self.__run_2]
2026-09-22T18:40:39.4221678Z ##[group]Run if ! command -v mold >/dev/null; then
2026-09-22T18:40:39.4222069Z [36;1mif ! command -v mold >/dev/null; then[0m
2026-09-22T18:40:39.4222382Z [36;1m  sudo apt-get update[0m
2026-09-22T18:40:39.4222653Z [36;1m  sudo apt-get install -y mold[0m
2026-09-22T18:40:39.4222922Z [36;1mfi[0m
2026-09-22T18:40:39.4245490Z shell: /usr/bin/bash --noprofile --norc -e -o pipefail {0}
2026-09-22T18:40:39.4245836Z env:
2026-09-22T18:40:39.4246026Z   CARGO_TERM_COLOR: always
2026-09-22T18:40:39.4246593Z   RUST_BACKTRACE: 1
2026-09-22T18:40:39.4246827Z   NIGHTLY_TOOLCHAIN: nightly-2026-09-10
2026-09-22T18:40:39.4247132Z   RUNNER_TOOL_CACHE: /opt/hostedtoolcache
2026-09-22T18:40:39.4247415Z   RUNS_ON_HOME: /runs-on
2026-09-22T18:40:39.4247644Z   RUNS_ON_VERSION: v3.3.0
2026-09-22T18:40:39.4247889Z   RUNS_ON_AGENT_BINARY: /runs-on/agent
2026-09-22T18:40:39.4248165Z   RUNS_ON_AGENT_ARCH: arm64
2026-09-22T18:40:39.4248586Z   RUNS_ON_AGENT_USER: runner
2026-09-22T18:40:39.4248894Z   RUNS_ON_AMI_ID: ami-098c62767651982c5
2026-09-22T18:40:39.4249174Z   RUNS_ON_AWS_REGION: us-east-1
2026-09-22T18:40:39.4249425Z   RUNS_ON_AWS_AZ: us-east-1b
2026-09-22T18:40:39.4249696Z   RUNS_ON_ENV_CUSTOM_FILE: /runs-on/env.custom
2026-09-22T18:40:39.4250017Z   RUNS_ON_INSTANCE_ID: i-01c7aaf3797eac8ce
2026-09-22T18:40:39.4250310Z   RUNS_ON_INSTANCE_LIFECYCLE: spot
2026-09-22T18:40:39.4250581Z   RUNS_ON_INSTANCE_TYPE: c7g.metal
2026-09-22T18:40:39.4250846Z   RUNS_ON_STACK_NAME: runs-on-v3
2026-09-22T18:40:39.4251196Z   RUNS_ON_S3_BUCKET_CACHE: runs-on-v3-s3bucketcache-dbnub4tpjhpv
2026-09-22T18:40:39.4251609Z   ACTIONS_RUNNER_HOOK_JOB_STARTED: /runs-on/pre.sh
2026-09-22T18:40:39.4251979Z   ACTIONS_RUNNER_HOOK_JOB_COMPLETED: /runs-on/post.sh
2026-09-22T18:40:39.4270899Z   GITHUB_SERVER_URL: https://github.com/
2026-09-22T18:40:39.4271247Z   GITHUB_API_URL: https://api.github.com/
2026-09-22T18:40:39.4271540Z   GITHUB_HOST: github.com
2026-09-22T18:40:39.4271870Z   RUNS_ON_RUNNER_NAME: runs-on--i-01c7aaf3797eac8ce--eb67d528-4
2026-09-22T18:40:39.4272277Z   RUNS_ON_INSTANCE_LAUNCHED_AT: 2026-09-22T18:39:59Z
2026-09-22T18:40:39.4272618Z   ACTIONS_CACHE_URL: http://10.1.22.117:6871/
2026-09-22T18:40:39.4272945Z   ACTIONS_CACHE_SERVICE_V2: true
2026-09-22T18:40:39.4273234Z   ACTIONS_RESULTS_URL: http://10.1.22.117:6871/
2026-09-22T18:40:39.4273916Z   RUNS_ON_S3_CACHE_REPO_PREFIX: cache/repo/vortex-data/vortex
2026-09-22T18:40:39.4274297Z   RUNS_ON_ACTION_COST_TRACKING_CLAIMED: true
2026-09-22T18:40:39.4274602Z   RUSTUP_TOOLCHAIN: 1.98.0
2026-09-22T18:40:39.4274825Z ##[endgroup]
2026-09-22T18:40:39.4326239Z ##[end-action id=__self.__run_2;outcome=success;conclusion=success;duration_ms=12]
2026-09-22T18:40:39.4329317Z ##[start-action display=Check protoc installation;id=__self.check-protoc]
2026-09-22T18:40:39.4348208Z ##[group]Run EXPECTED="libprotoc $PROTOC_VERSION"
2026-09-22T18:40:39.4348594Z [36;1mEXPECTED="libprotoc $PROTOC_VERSION"[0m
2026-09-22T18:40:39.4348965Z [36;1mACTUAL=$(protoc --version 2>/dev/null || true)[0m
2026-09-22T18:40:39.4349473Z [36;1mecho "install=$([ "$ACTUAL" = "$EXPECTED" ] && echo false || echo true)" >> "$GITHUB_OUTPUT"[0m
2026-09-22T18:40:39.4369560Z shell: /usr/bin/bash --noprofile --norc -e -o pipefail {0}
2026-09-22T18:40:39.4369904Z env:
2026-09-22T18:40:39.4370085Z   CARGO_TERM_COLOR: always
2026-09-22T18:40:39.4370315Z   RUST_BACKTRACE: 1
2026-09-22T18:40:39.4370547Z   NIGHTLY_TOOLCHAIN: nightly-2026-09-10
2026-09-22T18:40:39.4370847Z   RUNNER_TOOL_CACHE: /opt/hostedtoolcache
2026-09-22T18:40:39.4371139Z   RUNS_ON_HOME: /runs-on
2026-09-22T18:40:39.4371366Z   RUNS_ON_VERSION: v3.3.0
2026-09-22T18:40:39.4371608Z   RUNS_ON_AGENT_BINARY: /runs-on/agent
2026-09-22T18:40:39.4371877Z   RUNS_ON_AGENT_ARCH: arm64
2026-09-22T18:40:39.4372119Z   RUNS_ON_AGENT_USER: runner
2026-09-22T18:40:39.4372367Z   RUNS_ON_AMI_ID: ami-098c62767651982c5
2026-09-22T18:40:39.4372642Z   RUNS_ON_AWS_REGION: us-east-1
2026-09-22T18:40:39.4372898Z   RUNS_ON_AWS_AZ: us-east-1b
2026-09-22T18:40:39.4373170Z   RUNS_ON_ENV_CUSTOM_FILE: /runs-on/env.custom
2026-09-22T18:40:39.4373656Z   RUNS_ON_INSTANCE_ID: i-01c7aaf3797eac8ce
2026-09-22T18:40:39.4373964Z   RUNS_ON_INSTANCE_LIFECYCLE: spot
2026-09-22T18:40:39.4374233Z   RUNS_ON_INSTANCE_TYPE: c7g.metal
2026-09-22T18:40:39.4374496Z   RUNS_ON_STACK_NAME: runs-on-v3
2026-09-22T18:40:39.4374832Z   RUNS_ON_S3_BUCKET_CACHE: runs-on-v3-s3bucketcache-dbnub4tpjhpv
2026-09-22T18:40:39.4375240Z   ACTIONS_RUNNER_HOOK_JOB_STARTED: /runs-on/pre.sh
2026-09-22T18:40:39.4375857Z   ACTIONS_RUNNER_HOOK_JOB_COMPLETED: /runs-on/post.sh
2026-09-22T18:40:39.4376218Z   GITHUB_SERVER_URL: https://github.com/
2026-09-22T18:40:39.4376527Z   GITHUB_API_URL: https://api.github.com/
2026-09-22T18:40:39.4376813Z   GITHUB_HOST: github.com
2026-09-22T18:40:39.4377128Z   RUNS_ON_RUNNER_NAME: runs-on--i-01c7aaf3797eac8ce--eb67d528-4
2026-09-22T18:40:39.4377521Z   RUNS_ON_INSTANCE_LAUNCHED_AT: 2026-09-22T18:39:59Z
2026-09-22T18:40:39.4378006Z   ACTIONS_CACHE_URL: http://10.1.22.117:6871/
2026-09-22T18:40:39.4378342Z   ACTIONS_CACHE_SERVICE_V2: true
2026-09-22T18:40:39.4378626Z   ACTIONS_RESULTS_URL: http://10.1.22.117:6871/
2026-09-22T18:40:39.4379005Z   RUNS_ON_S3_CACHE_REPO_PREFIX: cache/repo/vortex-data/vortex
2026-09-22T18:40:39.4379372Z   RUNS_ON_ACTION_COST_TRACKING_CLAIMED: true
2026-09-22T18:40:39.4379662Z   RUSTUP_TOOLCHAIN: 1.98.0
2026-09-22T18:40:39.4379894Z   PROTOC_VERSION: 29.3
2026-09-22T18:40:39.4380105Z ##[endgroup]
2026-09-22T18:40:39.5065457Z ##[end-action id=__self.check-protoc;outcome=success;conclusion=success;duration_ms=73]
2026-09-22T18:40:39.5067518Z ##[start-action display=Install protoc;id=__self.__self]
2026-09-22T18:40:39.5072085Z ##[end-action id=__self.__self;outcome=skipped;conclusion=skipped;duration_ms=0]
2026-09-22T18:40:39.5074269Z ##[start-action display=Install sccache;id=__self.__self_2]
2026-09-22T18:40:39.5078990Z ##[end-action id=__self.__self_2;outcome=skipped;conclusion=skipped;duration_ms=0]
2026-09-22T18:40:39.5080944Z ##[start-action display=Configure sccache timeout;id=__self.__run_3]
2026-09-22T18:40:39.5085716Z ##[end-action id=__self.__run_3;outcome=skipped;conclusion=skipped;duration_ms=0]
2026-09-22T18:40:39.5087601Z ##[start-action display=Enable compiler caching;id=__self.__run_4]
2026-09-22T18:40:39.5092067Z ##[end-action id=__self.__run_4;outcome=skipped;conclusion=skipped;duration_ms=0]
2026-09-22T18:40:39.5094015Z ##[start-action display=Full Rust setup;id=__self.__self_3]
2026-09-22T18:40:39.5097472Z ##[end-action id=__self.__self_3;outcome=skipped;conclusion=skipped;duration_ms=0]
2026-09-22T18:40:39.5099469Z ##[start-action display=Install flatc (for FlatBuffers code generation);id=__self.__self_4]
2026-09-22T18:40:39.5129334Z Prepare all required actions
2026-09-22T18:40:39.5170980Z ##[group]Run ./.github/actions/setup-flatc
2026-09-22T18:40:39.5171303Z with:
2026-09-22T18:40:39.5171490Z   flatc_version: 25.12.19
2026-09-22T18:40:39.5171702Z env:
2026-09-22T18:40:39.5171888Z   CARGO_TERM_COLOR: always
2026-09-22T18:40:39.5172114Z   RUST_BACKTRACE: 1
2026-09-22T18:40:39.5172336Z   NIGHTLY_TOOLCHAIN: nightly-2026-09-10
2026-09-22T18:40:39.5172633Z   RUNNER_TOOL_CACHE: /opt/hostedtoolcache
2026-09-22T18:40:39.5172913Z   RUNS_ON_HOME: /runs-on
2026-09-22T18:40:39.5173136Z   RUNS_ON_VERSION: v3.3.0
2026-09-22T18:40:39.5173376Z   RUNS_ON_AGENT_BINARY: /runs-on/agent
2026-09-22T18:40:39.5173729Z   RUNS_ON_AGENT_ARCH: arm64
2026-09-22T18:40:39.5173967Z   RUNS_ON_AGENT_USER: runner
2026-09-22T18:40:39.5174213Z   RUNS_ON_AMI_ID: ami-098c62767651982c5
2026-09-22T18:40:39.5174494Z   RUNS_ON_AWS_REGION: us-east-1
2026-09-22T18:40:39.5174739Z   RUNS_ON_AWS_AZ: us-east-1b
2026-09-22T18:40:39.5175001Z   RUNS_ON_ENV_CUSTOM_FILE: /runs-on/env.custom
2026-09-22T18:40:39.5175320Z   RUNS_ON_INSTANCE_ID: i-01c7aaf3797eac8ce
2026-09-22T18:40:39.5175612Z   RUNS_ON_INSTANCE_LIFECYCLE: spot
2026-09-22T18:40:39.5175880Z   RUNS_ON_INSTANCE_TYPE: c7g.metal
2026-09-22T18:40:39.5176145Z   RUNS_ON_STACK_NAME: runs-on-v3
2026-09-22T18:40:39.5176488Z   RUNS_ON_S3_BUCKET_CACHE: runs-on-v3-s3bucketcache-dbnub4tpjhpv
2026-09-22T18:40:39.5176897Z   ACTIONS_RUNNER_HOOK_JOB_STARTED: /runs-on/pre.sh
2026-09-22T18:40:39.5177266Z   ACTIONS_RUNNER_HOOK_JOB_COMPLETED: /runs-on/post.sh
2026-09-22T18:40:39.5177615Z   GITHUB_SERVER_URL: https://github.com/
2026-09-22T18:40:39.5177928Z   GITHUB_API_URL: https://api.github.com/
2026-09-22T18:40:39.5178217Z   GITHUB_HOST: github.com
2026-09-22T18:40:39.5178529Z   RUNS_ON_RUNNER_NAME: runs-on--i-01c7aaf3797eac8ce--eb67d528-4
2026-09-22T18:40:39.5179234Z   RUNS_ON_INSTANCE_LAUNCHED_AT: 2026-09-22T18:39:59Z
2026-09-22T18:40:39.5179587Z   ACTIONS_CACHE_URL: http://10.1.22.117:6871/
2026-09-22T18:40:39.5179890Z   ACTIONS_CACHE_SERVICE_V2: true
2026-09-22T18:40:39.5180174Z   ACTIONS_RESULTS_URL: http://10.1.22.117:6871/
2026-09-22T18:40:39.5180551Z   RUNS_ON_S3_CACHE_REPO_PREFIX: cache/repo/vortex-data/vortex
2026-09-22T18:40:39.5180919Z   RUNS_ON_ACTION_COST_TRACKING_CLAIMED: true
2026-09-22T18:40:39.5181378Z   RUSTUP_TOOLCHAIN: 1.98.0
2026-09-22T18:40:39.5181626Z ##[endgroup]
2026-09-22T18:40:39.5184961Z ##[start-action display=Install flatc;id=__self.__self_4.__run]
2026-09-22T18:40:39.5220429Z ##[group]Run set -euo pipefail
2026-09-22T18:40:39.5220783Z [36;1mset -euo pipefail[0m
2026-09-22T18:40:39.5221016Z [36;1m[0m
2026-09-22T18:40:39.5221203Z [36;1mVERSION="25.12.19"[0m
2026-09-22T18:40:39.5221577Z [36;1mif [ "$(flatc --version 2>/dev/null)" = "flatc version ${VERSION}" ]; then[0m
2026-09-22T18:40:39.5222049Z [36;1m  echo "flatc ${VERSION} is already installed"[0m
2026-09-22T18:40:39.5222380Z [36;1m  exit 0[0m
2026-09-22T18:40:39.5222576Z [36;1mfi[0m
2026-09-22T18:40:39.5222753Z [36;1m[0m
2026-09-22T18:40:39.5222940Z [36;1mARCH=$(uname -m)[0m
2026-09-22T18:40:39.5223218Z [36;1mOS=$(uname -s | tr '[:upper:]' '[:lower:]')[0m
2026-09-22T18:40:39.5223603Z [36;1m[0m
2026-09-22T18:40:39.5223942Z [36;1m# Official binaries exist for x86_64 glibc Linux, macOS and Windows only.[0m
2026-09-22T18:40:39.5224371Z [36;1mASSET=""[0m
2026-09-22T18:40:39.5224579Z [36;1mcase "$OS" in[0m
2026-09-22T18:40:39.5224795Z [36;1m  linux)[0m
2026-09-22T18:40:39.5225100Z [36;1m    if [ "$ARCH" = "x86_64" ] && ! ldd /bin/sh 2>&1 | grep -qi musl; then[0m
2026-09-22T18:40:39.5225543Z [36;1m      ASSET="Linux.flatc.binary.clang++-18.zip"[0m
2026-09-22T18:40:39.5225867Z [36;1m    fi[0m
2026-09-22T18:40:39.5226060Z [36;1m    ;;[0m
2026-09-22T18:40:39.5226251Z [36;1m  darwin)[0m
2026-09-22T18:40:39.5226462Z [36;1m    case "$ARCH" in[0m
2026-09-22T18:40:39.5226758Z [36;1m      arm64)  ASSET="Mac.flatc.binary.zip" ;;[0m
2026-09-22T18:40:39.5227134Z [36;1m      x86_64) ASSET="MacIntel.flatc.binary.zip" ;;[0m
2026-09-22T18:40:39.5227462Z [36;1m    esac[0m
2026-09-22T18:40:39.5227658Z [36;1m    ;;[0m
2026-09-22T18:40:39.5227897Z [36;1m  *) ASSET="Windows.flatc.binary.zip" ;;[0m
2026-09-22T18:40:39.5228199Z [36;1mesac[0m
2026-09-22T18:40:39.5228387Z [36;1m[0m
2026-09-22T18:40:39.5228749Z [36;1m# This sometimes runs in a container where the user is root and there is no sudo.[0m
2026-09-22T18:40:39.5229220Z [36;1mif command -v sudo &>/dev/null[0m
2026-09-22T18:40:39.5229490Z [36;1mthen[0m
2026-09-22T18:40:39.5229678Z [36;1m  CMD=sudo[0m
2026-09-22T18:40:39.5229879Z [36;1melse[0m
2026-09-22T18:40:39.5230065Z [36;1m  CMD=[0m
2026-09-22T18:40:39.5230250Z [36;1mfi[0m
2026-09-22T18:40:39.5230426Z [36;1m[0m
2026-09-22T18:40:39.5230809Z [36;1mRELEASE="https://github.com/google/flatbuffers/releases/download/v${VERSION}"[0m
2026-09-22T18:40:39.5231282Z [36;1mif [ -n "$ASSET" ]; then[0m
2026-09-22T18:40:39.5231613Z [36;1m  curl -fsSL -o /tmp/flatc.zip "${RELEASE}/${ASSET}"[0m
2026-09-22T18:40:39.5231997Z [36;1m  unzip -o /tmp/flatc.zip -d /tmp/flatc[0m
2026-09-22T18:40:39.5232310Z [36;1m  rm -f /tmp/flatc.zip[0m
2026-09-22T18:40:39.5232552Z [36;1melse[0m
2026-09-22T18:40:39.5232926Z [36;1m  echo "No official flatc binary for ${OS}/${ARCH}; building ${VERSION} from source"[0m
2026-09-22T18:40:39.5233493Z [36;1m  git clone --depth 1 --branch "v${VERSION}" \[0m
2026-09-22T18:40:39.5233943Z [36;1m    https://github.com/google/flatbuffers.git /tmp/flatbuffers[0m
2026-09-22T18:40:39.5234415Z [36;1m  cmake -S /tmp/flatbuffers -B /tmp/flatbuffers/build \[0m
2026-09-22T18:40:39.5234791Z [36;1m    -DCMAKE_BUILD_TYPE=Release \[0m
2026-09-22T18:40:39.5235113Z [36;1m    -DFLATBUFFERS_BUILD_TESTS=OFF \[0m
2026-09-22T18:40:39.5235440Z [36;1m    -DFLATBUFFERS_BUILD_FLATLIB=OFF \[0m
2026-09-22T18:40:39.5235771Z [36;1m    -DFLATBUFFERS_BUILD_FLATHASH=OFF \[0m
2026-09-22T18:40:39.5236388Z [36;1m    -DFLATBUFFERS_INSTALL=OFF[0m
2026-09-22T18:40:39.5236747Z [36;1m  cmake --build /tmp/flatbuffers/build --target flatc \[0m
2026-09-22T18:40:39.5237163Z [36;1m    --parallel "$(nproc 2>/dev/null || echo 4)"[0m
2026-09-22T18:40:39.5237494Z [36;1m  mkdir -p /tmp/flatc[0m
2026-09-22T18:40:39.5237810Z [36;1m  mv /tmp/flatbuffers/build/flatc /tmp/flatc/flatc[0m
2026-09-22T18:40:39.5238288Z [36;1m  rm -rf /tmp/flatbuffers[0m
2026-09-22T18:40:39.5238567Z [36;1mfi[0m
2026-09-22T18:40:39.5238747Z [36;1m[0m
2026-09-22T18:40:39.5239004Z [36;1mif [ "$OS" = "linux" ] || [ "$OS" = "darwin" ]; then[0m
2026-09-22T18:40:39.5239375Z [36;1m  $CMD mv /tmp/flatc/flatc /usr/local/bin/[0m
2026-09-22T18:40:39.5239671Z [36;1melse[0m
2026-09-22T18:40:39.5240005Z [36;1m  # Windows runners do not have /usr/local/bin on PATH for non-bash steps.[0m
2026-09-22T18:40:39.5240434Z [36;1m  mkdir -p "$HOME/.local/bin"[0m
2026-09-22T18:40:39.5240767Z [36;1m  mv /tmp/flatc/flatc.exe "$HOME/.local/bin/"[0m
2026-09-22T18:40:39.5241143Z [36;1m  cygpath -w "$HOME/.local/bin" >> "$GITHUB_PATH"[0m
2026-09-22T18:40:39.5241505Z [36;1m  export PATH="$HOME/.local/bin:$PATH"[0m
2026-09-22T18:40:39.5241794Z [36;1mfi[0m
2026-09-22T18:40:39.5241974Z [36;1m[0m
2026-09-22T18:40:39.5242163Z [36;1mrm -rf /tmp/flatc[0m
2026-09-22T18:40:39.5242409Z [36;1mflatc --version[0m
2026-09-22T18:40:39.5262112Z shell: /usr/bin/bash --noprofile --norc -e -o pipefail {0}
2026-09-22T18:40:39.5262461Z env:
2026-09-22T18:40:39.5262649Z   CARGO_TERM_COLOR: always
2026-09-22T18:40:39.5262879Z   RUST_BACKTRACE: 1
2026-09-22T18:40:39.5263109Z   NIGHTLY_TOOLCHAIN: nightly-2026-09-10
2026-09-22T18:40:39.5263479Z   RUNNER_TOOL_CACHE: /opt/hostedtoolcache
2026-09-22T18:40:39.5263772Z   RUNS_ON_HOME: /runs-on
2026-09-22T18:40:39.5263999Z   RUNS_ON_VERSION: v3.3.0
2026-09-22T18:40:39.5264243Z   RUNS_ON_AGENT_BINARY: /runs-on/agent
2026-09-22T18:40:39.5264515Z   RUNS_ON_AGENT_ARCH: arm64
2026-09-22T18:40:39.5264762Z   RUNS_ON_AGENT_USER: runner
2026-09-22T18:40:39.5265011Z   RUNS_ON_AMI_ID: ami-098c62767651982c5
2026-09-22T18:40:39.5265287Z   RUNS_ON_AWS_REGION: us-east-1
2026-09-22T18:40:39.5265538Z   RUNS_ON_AWS_AZ: us-east-1b
2026-09-22T18:40:39.5265805Z   RUNS_ON_ENV_CUSTOM_FILE: /runs-on/env.custom
2026-09-22T18:40:39.5266119Z   RUNS_ON_INSTANCE_ID: i-01c7aaf3797eac8ce
2026-09-22T18:40:39.5266406Z   RUNS_ON_INSTANCE_LIFECYCLE: spot
2026-09-22T18:40:39.5266674Z   RUNS_ON_INSTANCE_TYPE: c7g.metal
2026-09-22T18:40:39.5266936Z   RUNS_ON_STACK_NAME: runs-on-v3
2026-09-22T18:40:39.5267278Z   RUNS_ON_S3_BUCKET_CACHE: runs-on-v3-s3bucketcache-dbnub4tpjhpv
2026-09-22T18:40:39.5267685Z   ACTIONS_RUNNER_HOOK_JOB_STARTED: /runs-on/pre.sh
2026-09-22T18:40:39.5268052Z   ACTIONS_RUNNER_HOOK_JOB_COMPLETED: /runs-on/post.sh
2026-09-22T18:40:39.5268402Z   GITHUB_SERVER_URL: https://github.com/
2026-09-22T18:40:39.5268711Z   GITHUB_API_URL: https://api.github.com/
2026-09-22T18:40:39.5269004Z   GITHUB_HOST: github.com
2026-09-22T18:40:39.5269325Z   RUNS_ON_RUNNER_NAME: runs-on--i-01c7aaf3797eac8ce--eb67d528-4
2026-09-22T18:40:39.5269722Z   RUNS_ON_INSTANCE_LAUNCHED_AT: 2026-09-22T18:39:59Z
2026-09-22T18:40:39.5270061Z   ACTIONS_CACHE_URL: http://10.1.22.117:6871/
2026-09-22T18:40:39.5270366Z   ACTIONS_CACHE_SERVICE_V2: true
2026-09-22T18:40:39.5270648Z   ACTIONS_RESULTS_URL: http://10.1.22.117:6871/
2026-09-22T18:40:39.5271035Z   RUNS_ON_S3_CACHE_REPO_PREFIX: cache/repo/vortex-data/vortex
2026-09-22T18:40:39.5271408Z   RUNS_ON_ACTION_COST_TRACKING_CLAIMED: true
2026-09-22T18:40:39.5271705Z   RUSTUP_TOOLCHAIN: 1.98.0
2026-09-22T18:40:39.5271935Z ##[endgroup]
2026-09-22T18:40:39.5338558Z No official flatc binary for linux/aarch64; building 25.12.19 from source
2026-09-22T18:40:39.5347982Z Cloning into '/tmp/flatbuffers'...
2026-09-22T18:40:40.2914359Z warning: refs/tags/v25.12.19 282dcb1c3266b45600510da4810092f6ec4c85f2 is not a commit!
2026-09-22T18:40:40.2922322Z Note: switching to '7e163021e59cca4f8e1e35a7c828b5c6b7915953'.
2026-09-22T18:40:40.2922954Z 
2026-09-22T18:40:40.2923207Z You are in 'detached HEAD' state. You can look around, make experimental
2026-09-22T18:40:40.2923808Z changes and commit them, and you can discard any commits you make in this
2026-09-22T18:40:40.2924329Z state without impacting any branches by switching back to a branch.
2026-09-22T18:40:40.2924633Z 
2026-09-22T18:40:40.2925032Z If you want to create a new branch to retain commits you create, you may
2026-09-22T18:40:40.2925604Z do so (now or later) by using -c with the switch command. Example:
2026-09-22T18:40:40.2925885Z 
2026-09-22T18:40:40.2925993Z   git switch -c <new-branch-name>
2026-09-22T18:40:40.2926177Z 
2026-09-22T18:40:40.2926276Z Or undo this operation with:
2026-09-22T18:40:40.2926447Z 
2026-09-22T18:40:40.2926526Z   git switch -
2026-09-22T18:40:40.2926650Z 
2026-09-22T18:40:40.2926884Z Turn off this advice by setting config variable advice.detachedHead to false
2026-09-22T18:40:40.2927219Z 
2026-09-22T18:40:40.5753893Z -- Proceeding with version: 25.12.19.0
2026-09-22T18:40:40.9920277Z -- The CXX compiler identification is GNU 13.3.0
2026-09-22T18:40:41.0263657Z -- Detecting CXX compiler ABI info
2026-09-22T18:40:41.1028624Z -- Detecting CXX compiler ABI info - done
2026-09-22T18:40:41.1192310Z -- Check for working CXX compiler: /usr/bin/c++ - skipped
2026-09-22T18:40:41.1200349Z -- Detecting CXX compile features
2026-09-22T18:40:41.1208904Z -- Detecting CXX compile features - done
2026-09-22T18:40:41.1299253Z -- Looking for strtof_l
2026-09-22T18:40:41.2380513Z -- Looking for strtof_l - found
2026-09-22T18:40:41.2381947Z -- Looking for strtoull_l
2026-09-22T18:40:41.2986552Z -- Looking for strtoull_l - found
2026-09-22T18:40:41.2990823Z -- Looking for realpath
2026-09-22T18:40:41.3596787Z -- Looking for realpath - found
2026-09-22T18:40:41.3598285Z -- CMAKE_CXX_FLAGS: 
2026-09-22T18:40:41.3608011Z -- Configuring done (0.8s)
2026-09-22T18:40:41.3690222Z -- Generating done (0.0s)
2026-09-22T18:40:41.3692484Z -- Build files have been written to: /tmp/flatbuffers/build
2026-09-22T18:40:41.3889058Z [  2%] Building CXX object CMakeFiles/flatc.dir/src/file_manager.cpp.o
2026-09-22T18:40:41.3890879Z [  5%] Building CXX object CMakeFiles/flatc.dir/src/file_name_manager.cpp.o
2026-09-22T18:40:41.3892661Z [  7%] Building CXX object CMakeFiles/flatc.dir/src/idl_parser.cpp.o
2026-09-22T18:40:41.3894268Z [ 10%] Building CXX object CMakeFiles/flatc.dir/src/idl_gen_text.cpp.o
2026-09-22T18:40:41.3896250Z [ 13%] Building CXX object CMakeFiles/flatc.dir/src/reflection.cpp.o
2026-09-22T18:40:41.3897840Z [ 15%] Building CXX object CMakeFiles/flatc.dir/src/util.cpp.o
2026-09-22T18:40:41.3899400Z [ 18%] Building CXX object CMakeFiles/flatc.dir/src/idl_gen_binary.cpp.o
2026-09-22T18:40:41.3900736Z [ 21%] Building CXX object CMakeFiles/flatc.dir/src/idl_gen_cpp.cpp.o
2026-09-22T18:40:41.3902725Z [ 23%] Building CXX object CMakeFiles/flatc.dir/src/idl_gen_csharp.cpp.o
2026-09-22T18:40:41.3904122Z [ 26%] Building CXX object CMakeFiles/flatc.dir/src/idl_gen_dart.cpp.o
2026-09-22T18:40:41.3907136Z [ 28%] Building CXX object CMakeFiles/flatc.dir/src/idl_gen_kotlin.cpp.o
2026-09-22T18:40:41.3913396Z [ 31%] Building CXX object CMakeFiles/flatc.dir/src/idl_gen_kotlin_kmp.cpp.o
2026-09-22T18:40:41.3919973Z [ 34%] Building CXX object CMakeFiles/flatc.dir/src/idl_gen_go.cpp.o
2026-09-22T18:40:41.3924017Z [ 36%] Building CXX object CMakeFiles/flatc.dir/src/idl_gen_java.cpp.o
2026-09-22T18:40:41.3926433Z [ 39%] Building CXX object CMakeFiles/flatc.dir/src/idl_gen_ts.cpp.o
2026-09-22T18:40:41.3927565Z [ 42%] Building CXX object CMakeFiles/flatc.dir/src/idl_gen_php.cpp.o
2026-09-22T18:40:41.3928954Z [ 44%] Building CXX object CMakeFiles/flatc.dir/src/idl_gen_python.cpp.o
2026-09-22T18:40:41.3931864Z [ 47%] Building CXX object CMakeFiles/flatc.dir/src/idl_gen_lobster.cpp.o
2026-09-22T18:40:41.3933712Z [ 50%] Building CXX object CMakeFiles/flatc.dir/src/idl_gen_rust.cpp.o
2026-09-22T18:40:41.3935361Z [ 52%] Building CXX object CMakeFiles/flatc.dir/src/idl_gen_fbs.cpp.o
2026-09-22T18:40:41.3938572Z [ 55%] Building CXX object CMakeFiles/flatc.dir/src/idl_gen_grpc.cpp.o
2026-09-22T18:40:41.3939713Z [ 57%] Building CXX object CMakeFiles/flatc.dir/src/idl_gen_json_schema.cpp.o
2026-09-22T18:40:41.3942350Z [ 60%] Building CXX object CMakeFiles/flatc.dir/src/idl_gen_swift.cpp.o
2026-09-22T18:40:41.3948847Z [ 63%] Building CXX object CMakeFiles/flatc.dir/src/flatc.cpp.o
2026-09-22T18:40:41.3954627Z [ 65%] Building CXX object CMakeFiles/flatc.dir/src/flatc_main.cpp.o
2026-09-22T18:40:41.3960081Z [ 68%] Building CXX object CMakeFiles/flatc.dir/include/codegen/python.cc.o
2026-09-22T18:40:41.3962463Z [ 71%] Building CXX object CMakeFiles/flatc.dir/src/binary_annotator.cpp.o
2026-09-22T18:40:41.3963678Z [ 73%] Building CXX object CMakeFiles/flatc.dir/src/annotated_binary_text_gen.cpp.o
2026-09-22T18:40:41.3965703Z [ 76%] Building CXX object CMakeFiles/flatc.dir/src/bfbs_gen_lua.cpp.o
2026-09-22T18:40:41.3969186Z [ 78%] Building CXX object CMakeFiles/flatc.dir/src/bfbs_gen_nim.cpp.o
2026-09-22T18:40:41.3969924Z [ 81%] Building CXX object CMakeFiles/flatc.dir/src/code_generators.cpp.o
2026-09-22T18:40:41.3973655Z [ 84%] Building CXX object CMakeFiles/flatc.dir/grpc/src/compiler/cpp_generator.cc.o
2026-09-22T18:40:41.3974893Z [ 86%] Building CXX object CMakeFiles/flatc.dir/grpc/src/compiler/go_generator.cc.o
2026-09-22T18:40:41.3976389Z [ 89%] Building CXX object CMakeFiles/flatc.dir/grpc/src/compiler/java_generator.cc.o
2026-09-22T18:40:41.3980164Z [ 92%] Building CXX object CMakeFiles/flatc.dir/grpc/src/compiler/python_generator.cc.o
2026-09-22T18:40:41.3986223Z [ 94%] Building CXX object CMakeFiles/flatc.dir/grpc/src/compiler/swift_generator.cc.o
2026-09-22T18:40:41.3990457Z [ 97%] Building CXX object CMakeFiles/flatc.dir/grpc/src/compiler/ts_generator.cc.o
2026-09-22T18:40:43.0164704Z In file included from /usr/include/c++/13/algorithm:60,
2026-09-22T18:40:43.0165181Z                  from /tmp/flatbuffers/include/flatbuffers/flatbuffers.h:20,
2026-09-22T18:40:43.0165704Z                  from /tmp/flatbuffers/include/flatbuffers/reflection_generated.h:7,
2026-09-22T18:40:43.0166248Z                  from /tmp/flatbuffers/include/flatbuffers/reflection.h:25,
2026-09-22T18:40:43.0166677Z                  from /tmp/flatbuffers/src/reflection.cpp:17:
2026-09-22T18:40:43.0171582Z In static member function ‘static _Up* std::__copy_move<_IsMove, true, std::random_access_iterator_tag>::__copy_m(_Tp*, _Tp*, _Up*) [with _Tp = const unsigned char; _Up = unsigned char; bool _IsMove = false]’,
2026-09-22T18:40:43.0172958Z     inlined from ‘_OI std::__copy_move_a2(_II, _II, _OI) [with bool _IsMove = false; _II = const unsigned char*; _OI = unsigned char*]’ at /usr/include/c++/13/bits/stl_algobase.h:506:30,
2026-09-22T18:40:43.0174589Z     inlined from ‘_OI std::__copy_move_a1(_II, _II, _OI) [with bool _IsMove = false; _II = const unsigned char*; _OI = unsigned char*]’ at /usr/include/c++/13/bits/stl_algobase.h:533:42,
2026-09-22T18:40:43.0175808Z     inlined from ‘_OI std::__copy_move_a(_II, _II, _OI) [with bool _IsMove = false; _II = const unsigned char*; _OI = unsigned char*]’ at /usr/include/c++/13/bits/stl_algobase.h:540:31,
2026-09-22T18:40:43.0176925Z     inlined from ‘_OI std::copy(_II, _II, _OI) [with _II = const unsigned char*; _OI = unsigned char*]’ at /usr/include/c++/13/bits/stl_algobase.h:633:7,
2026-09-22T18:40:43.0178443Z     inlined from ‘static _ForwardIterator std::__uninitialized_copy<true>::__uninit_copy(_InputIterator, _InputIterator, _ForwardIterator) [with _InputIterator = const unsigned char*; _ForwardIterator = unsigned char*]’ at /usr/include/c++/13/bits/stl_uninitialized.h:147:27,
2026-09-22T18:40:43.0180371Z     inlined from ‘_ForwardIterator std::uninitialized_copy(_InputIterator, _InputIterator, _ForwardIterator) [with _InputIterator = const unsigned char*; _ForwardIterator = unsigned char*]’ at /usr/include/c++/13/bits/stl_uninitialized.h:185:15,
2026-09-22T18:40:43.0182346Z     inlined from ‘_ForwardIterator std::__uninitialized_copy_a(_InputIterator, _InputIterator, _ForwardIterator, allocator<_Tp>&) [with _InputIterator = const unsigned char*; _ForwardIterator = unsigned char*; _Tp = unsigned char]’ at /usr/include/c++/13/bits/stl_uninitialized.h:373:37,
2026-09-22T18:40:43.0185187Z     inlined from ‘void std::vector<_Tp, _Alloc>::_M_range_insert(iterator, _ForwardIterator, _ForwardIterator, std::forward_iterator_tag) [with _ForwardIterator = const unsigned char*; _Tp = unsigned char; _Alloc = std::allocator<unsigned char>]’ at /usr/include/c++/13/bits/vector.tcc:814:38,
2026-09-22T18:40:43.0187421Z     inlined from ‘std::vector<_Tp, _Alloc>::iterator std::vector<_Tp, _Alloc>::insert(const_iterator, _InputIterator, _InputIterator) [with _InputIterator = const unsigned char*; <template-parameter-2-2> = void; _Tp = unsigned char; _Alloc = std::allocator<unsigned char>]’ at /usr/include/c++/13/bits/stl_vector.h:1486:19,
2026-09-22T18:40:43.0189172Z     inlined from ‘const uint8_t* flatbuffers::AddFlatBuffer(std::vector<unsigned char>&, const uint8_t*, size_t)’ at /tmp/flatbuffers/src/reflection.cpp:650:17:
2026-09-22T18:40:43.0190618Z /usr/include/c++/13/bits/stl_algobase.h:437:30: warning: ‘void* __builtin_memcpy(void*, const void*, long unsigned int)’ writing between 2 and 9223372036854775803 bytes into a region of size 0 overflows the destination [-Wstringop-overflow=]
2026-09-22T18:40:43.0191727Z   437 |             __builtin_memmove(__result, __first, sizeof(_Tp) * _Num);
2026-09-22T18:40:43.0192160Z       |             ~~~~~~~~~~~~~~~~~^~~~~~~~~~~~~~~~~~~~~~~~~~~~~~~~~~~~~~~
2026-09-22T18:40:43.0192645Z In file included from /usr/include/aarch64-linux-gnu/c++/13/bits/c++allocator.h:33,
2026-09-22T18:40:43.0193134Z                  from /usr/include/c++/13/bits/allocator.h:46,
2026-09-22T18:40:43.0193546Z                  from /usr/include/c++/13/memory:65,
2026-09-22T18:40:43.0193942Z                  from /tmp/flatbuffers/include/flatbuffers/array.h:21,
2026-09-22T18:40:43.0194400Z                  from /tmp/flatbuffers/include/flatbuffers/flatbuffers.h:24:
2026-09-22T18:40:43.0195053Z In member function ‘_Tp* std::__new_allocator<_Tp>::allocate(size_type, const void*) [with _Tp = unsigned char]’,
2026-09-22T18:40:43.0196119Z     inlined from ‘static _Tp* std::allocator_traits<std::allocator<_Tp1> >::allocate(allocator_type&, size_type) [with _Tp = unsigned char]’ at /usr/include/c++/13/bits/alloc_traits.h:482:28,
2026-09-22T18:40:43.0197572Z     inlined from ‘std::_Vector_base<_Tp, _Alloc>::pointer std::_Vector_base<_Tp, _Alloc>::_M_allocate(std::size_t) [with _Tp = unsigned char; _Alloc = std::allocator<unsigned char>]’ at /usr/include/c++/13/bits/stl_vector.h:381:33,
2026-09-22T18:40:43.0292636Z     inlined from ‘void std::vector<_Tp, _Alloc>::_M_range_insert(iterator, _ForwardIterator, _ForwardIterator, std::forward_iterator_tag) [with _ForwardIterator = const unsigned char*; _Tp = unsigned char; _Alloc = std::allocator<unsigned char>]’ at /usr/include/c++/13/bits/vector.tcc:805:40,
2026-09-22T18:40:43.0295005Z     inlined from ‘std::vector<_Tp, _Alloc>::iterator std::vector<_Tp, _Alloc>::insert(const_iterator, _InputIterator, _InputIterator) [with _InputIterator = const unsigned char*; <template-parameter-2-2> = void; _Tp = unsigned char; _Alloc = std::allocator<unsigned char>]’ at /usr/include/c++/13/bits/stl_vector.h:1486:19,
2026-09-22T18:40:43.0296776Z     inlined from ‘const uint8_t* flatbuffers::AddFlatBuffer(std::vector<unsigned char>&, const uint8_t*, size_t)’ at /tmp/flatbuffers/src/reflection.cpp:650:17:
2026-09-22T18:40:43.0298013Z /usr/include/c++/13/bits/new_allocator.h:151:55: note: at offset [-9223372036854775808, -4] into destination object of size [4, 9223372036854775807] allocated by ‘operator new’
2026-09-22T18:40:43.0298889Z   151 |         return static_cast<_Tp*>(_GLIBCXX_OPERATOR_NEW(__n * sizeof(_Tp)));
2026-09-22T18:40:43.0299319Z       |                                                       ^
2026-09-22T18:40:54.4083629Z [100%] Linking CXX executable flatc
2026-09-22T18:40:54.5333097Z [100%] Built target flatc
2026-09-22T18:40:54.6322481Z flatc version 25.12.19
2026-09-22T18:40:54.6331255Z ##[end-action id=__self.__self_4.__run;outcome=success;conclusion=success;duration_ms=15114]
2026-09-22T18:40:54.6344229Z ##[end-action id=__self.__self_4;outcome=success;conclusion=success;duration_ms=15124]
2026-09-22T18:40:54.6373198Z Prepare all required actions
2026-09-22T18:40:54.6401963Z ##[group]Run ./.github/actions/system-info
2026-09-22T18:40:54.6402246Z env:
2026-09-22T18:40:54.6402431Z   CARGO_TERM_COLOR: always
2026-09-22T18:40:54.6402658Z   RUST_BACKTRACE: 1
2026-09-22T18:40:54.6402883Z   NIGHTLY_TOOLCHAIN: nightly-2026-09-10
2026-09-22T18:40:54.6403180Z   RUNNER_TOOL_CACHE: /opt/hostedtoolcache
2026-09-22T18:40:54.6403537Z   RUNS_ON_HOME: /runs-on
2026-09-22T18:40:54.6403777Z   RUNS_ON_VERSION: v3.3.0
2026-09-22T18:40:54.6404019Z   RUNS_ON_AGENT_BINARY: /runs-on/agent
2026-09-22T18:40:54.6404287Z   RUNS_ON_AGENT_ARCH: arm64
2026-09-22T18:40:54.6404521Z   RUNS_ON_AGENT_USER: runner
2026-09-22T18:40:54.6404764Z   RUNS_ON_AMI_ID: ami-098c62767651982c5
2026-09-22T18:40:54.6405049Z   RUNS_ON_AWS_REGION: us-east-1
2026-09-22T18:40:54.6405297Z   RUNS_ON_AWS_AZ: us-east-1b
2026-09-22T18:40:54.6405566Z   RUNS_ON_ENV_CUSTOM_FILE: /runs-on/env.custom
2026-09-22T18:40:54.6405920Z   RUNS_ON_INSTANCE_ID: i-01c7aaf3797eac8ce
2026-09-22T18:40:54.6406211Z   RUNS_ON_INSTANCE_LIFECYCLE: spot
2026-09-22T18:40:54.6406476Z   RUNS_ON_INSTANCE_TYPE: c7g.metal
2026-09-22T18:40:54.6406738Z   RUNS_ON_STACK_NAME: runs-on-v3
2026-09-22T18:40:54.6407073Z   RUNS_ON_S3_BUCKET_CACHE: runs-on-v3-s3bucketcache-dbnub4tpjhpv
2026-09-22T18:40:54.6407484Z   ACTIONS_RUNNER_HOOK_JOB_STARTED: /runs-on/pre.sh
2026-09-22T18:40:54.6407848Z   ACTIONS_RUNNER_HOOK_JOB_COMPLETED: /runs-on/post.sh
2026-09-22T18:40:54.6408201Z   GITHUB_SERVER_URL: https://github.com/
2026-09-22T18:40:54.6408512Z   GITHUB_API_URL: https://api.github.com/
2026-09-22T18:40:54.6408797Z   GITHUB_HOST: github.com
2026-09-22T18:40:54.6409109Z   RUNS_ON_RUNNER_NAME: runs-on--i-01c7aaf3797eac8ce--eb67d528-4
2026-09-22T18:40:54.6409520Z   RUNS_ON_INSTANCE_LAUNCHED_AT: 2026-09-22T18:39:59Z
2026-09-22T18:40:54.6409860Z   ACTIONS_CACHE_URL: http://10.1.22.117:6871/
2026-09-22T18:40:54.6410164Z   ACTIONS_CACHE_SERVICE_V2: true
2026-09-22T18:40:54.6410451Z   ACTIONS_RESULTS_URL: http://10.1.22.117:6871/
2026-09-22T18:40:54.6410826Z   RUNS_ON_S3_CACHE_REPO_PREFIX: cache/repo/vortex-data/vortex
2026-09-22T18:40:54.6411195Z   RUNS_ON_ACTION_COST_TRACKING_CLAIMED: true
2026-09-22T18:40:54.6411489Z   RUSTUP_TOOLCHAIN: 1.98.0
2026-09-22T18:40:54.6411712Z ##[endgroup]
2026-09-22T18:40:54.6414961Z ##[start-action display=CPU, Memory & Disk Info;id=__self_2.__run]
2026-09-22T18:40:54.6430201Z ##[group]Run echo "=== CPU Model ==="
2026-09-22T18:40:54.6430560Z [36;1mecho "=== CPU Model ==="[0m
2026-09-22T18:40:54.6430810Z [36;1mlscpu[0m
2026-09-22T18:40:54.6431038Z [36;1mecho "=== /proc/cpuinfo summary ==="[0m
2026-09-22T18:40:54.6431497Z [36;1m# x86 exposes "model name"; aarch64 has no such line (lscpu above covers it), and[0m
2026-09-22T18:40:54.6432096Z [36;1m# `shell: bash` runs with `set -e`, so a missing match must not fail the step.[0m
2026-09-22T18:40:54.6432577Z [36;1mgrep -m1 "model name" /proc/cpuinfo || true[0m
2026-09-22T18:40:54.6432886Z [36;1mnproc[0m
2026-09-22T18:40:54.6433099Z [36;1mecho "=== CPU Flags ==="[0m
2026-09-22T18:40:54.6433533Z [36;1m# x86 exposes "flags"; aarch64 exposes "Features".[0m
2026-09-22T18:40:54.6433953Z [36;1mgrep -m1 -E "^(flags|Features)" /proc/cpuinfo || true[0m
2026-09-22T18:40:54.6434289Z [36;1m[0m
2026-09-22T18:40:54.6434476Z [36;1mecho "=== Memory ==="[0m
2026-09-22T18:40:54.6434713Z [36;1mfree -h[0m
2026-09-22T18:40:54.6434927Z [36;1mecho "=== /proc/meminfo ==="[0m
2026-09-22T18:40:54.6435198Z [36;1mcat /proc/meminfo[0m
2026-09-22T18:40:54.6435421Z [36;1m[0m
2026-09-22T18:40:54.6435617Z [36;1mecho "=== Block Devices ==="[0m
2026-09-22T18:40:54.6435874Z [36;1mlsblk[0m
2026-09-22T18:40:54.6436079Z [36;1mecho "=== Disk Usage ==="[0m
2026-09-22T18:40:54.6436329Z [36;1mdf -hT[0m
2026-09-22T18:40:54.6436778Z [36;1mecho "=== Mounts ==="[0m
2026-09-22T18:40:54.6437040Z [36;1mmount | grep -E "^/dev"[0m
2026-09-22T18:40:54.6437301Z [36;1mecho "=== NVMe Devices ==="[0m
2026-09-22T18:40:54.6437788Z [36;1mls -la /dev/nvme* 2>/dev/null || echo "No NVMe"[0m
2026-09-22T18:40:54.6438156Z [36;1msudo nvme list 2>/dev/null || true[0m
2026-09-22T18:40:54.6460379Z shell: /usr/bin/bash --noprofile --norc -e -o pipefail {0}
2026-09-22T18:40:54.6460717Z env:
2026-09-22T18:40:54.6460900Z   CARGO_TERM_COLOR: always
2026-09-22T18:40:54.6461129Z   RUST_BACKTRACE: 1
2026-09-22T18:40:54.6461356Z   NIGHTLY_TOOLCHAIN: nightly-2026-09-10
2026-09-22T18:40:54.6461658Z   RUNNER_TOOL_CACHE: /opt/hostedtoolcache
2026-09-22T18:40:54.6461937Z   RUNS_ON_HOME: /runs-on
2026-09-22T18:40:54.6462163Z   RUNS_ON_VERSION: v3.3.0
2026-09-22T18:40:54.6462405Z   RUNS_ON_AGENT_BINARY: /runs-on/agent
2026-09-22T18:40:54.6462676Z   RUNS_ON_AGENT_ARCH: arm64
2026-09-22T18:40:54.6462913Z   RUNS_ON_AGENT_USER: runner
2026-09-22T18:40:54.6463169Z   RUNS_ON_AMI_ID: ami-098c62767651982c5
2026-09-22T18:40:54.6463510Z   RUNS_ON_AWS_REGION: us-east-1
2026-09-22T18:40:54.6463767Z   RUNS_ON_AWS_AZ: us-east-1b
2026-09-22T18:40:54.6464046Z   RUNS_ON_ENV_CUSTOM_FILE: /runs-on/env.custom
2026-09-22T18:40:54.6464363Z   RUNS_ON_INSTANCE_ID: i-01c7aaf3797eac8ce
2026-09-22T18:40:54.6464654Z   RUNS_ON_INSTANCE_LIFECYCLE: spot
2026-09-22T18:40:54.6464923Z   RUNS_ON_INSTANCE_TYPE: c7g.metal
2026-09-22T18:40:54.6465190Z   RUNS_ON_STACK_NAME: runs-on-v3
2026-09-22T18:40:54.6465529Z   RUNS_ON_S3_BUCKET_CACHE: runs-on-v3-s3bucketcache-dbnub4tpjhpv
2026-09-22T18:40:54.6465936Z   ACTIONS_RUNNER_HOOK_JOB_STARTED: /runs-on/pre.sh
2026-09-22T18:40:54.6466297Z   ACTIONS_RUNNER_HOOK_JOB_COMPLETED: /runs-on/post.sh
2026-09-22T18:40:54.6466644Z   GITHUB_SERVER_URL: https://github.com/
2026-09-22T18:40:54.6466959Z   GITHUB_API_URL: https://api.github.com/
2026-09-22T18:40:54.6467248Z   GITHUB_HOST: github.com
2026-09-22T18:40:54.6467564Z   RUNS_ON_RUNNER_NAME: runs-on--i-01c7aaf3797eac8ce--eb67d528-4
2026-09-22T18:40:54.6467968Z   RUNS_ON_INSTANCE_LAUNCHED_AT: 2026-09-22T18:39:59Z
2026-09-22T18:40:54.6468301Z   ACTIONS_CACHE_URL: http://10.1.22.117:6871/
2026-09-22T18:40:54.6468605Z   ACTIONS_CACHE_SERVICE_V2: true
2026-09-22T18:40:54.6468888Z   ACTIONS_RESULTS_URL: http://10.1.22.117:6871/
2026-09-22T18:40:54.6469258Z   RUNS_ON_S3_CACHE_REPO_PREFIX: cache/repo/vortex-data/vortex
2026-09-22T18:40:54.6469626Z   RUNS_ON_ACTION_COST_TRACKING_CLAIMED: true
2026-09-22T18:40:54.6469915Z   RUSTUP_TOOLCHAIN: 1.98.0
2026-09-22T18:40:54.6470139Z ##[endgroup]
2026-09-22T18:40:54.6507848Z === CPU Model ===
2026-09-22T18:40:54.6684699Z Architecture:                            aarch64
2026-09-22T18:40:54.6685067Z CPU op-mode(s):                          32-bit, 64-bit
2026-09-22T18:40:54.6685420Z Byte Order:                              Little Endian
2026-09-22T18:40:54.6685737Z CPU(s):                                  64
2026-09-22T18:40:54.6686029Z On-line CPU(s) list:                     0-63
2026-09-22T18:40:54.6686345Z Vendor ID:                               ARM
2026-09-22T18:40:54.6686661Z Model name:                              Neoverse-V1
2026-09-22T18:40:54.6686974Z Model:                                   1
2026-09-22T18:40:54.6687284Z Thread(s) per core:                      1
2026-09-22T18:40:54.6687575Z Core(s) per socket:                      64
2026-09-22T18:40:54.6687860Z Socket(s):                               1
2026-09-22T18:40:54.6688154Z Stepping:                                r1p1
2026-09-22T18:40:54.6688463Z BogoMIPS:                                2100.00
2026-09-22T18:40:54.6689484Z Flags:                                   fp asimd evtstrm aes pmull sha1 sha2 crc32 atomics fphp asimdhp cpuid asimdrdm jscvt fcma lrcpc dcpop sha3 sm3 sm4 asimddp sha512 sve asimdfhm dit uscat ilrcpc flagm paca pacg dcpodp svei8mm svebf16 i8mm bf16 dgh rng
2026-09-22T18:40:54.6690540Z L1d cache:                               4 MiB (64 instances)
2026-09-22T18:40:54.6691190Z L1i cache:                               4 MiB (64 instances)
2026-09-22T18:40:54.6691563Z L2 cache:                                64 MiB (64 instances)
2026-09-22T18:40:54.6691922Z L3 cache:                                32 MiB (1 instance)
2026-09-22T18:40:54.6692392Z NUMA node(s):                            1
2026-09-22T18:40:54.6692699Z NUMA node0 CPU(s):                       0-63
2026-09-22T18:40:54.6693044Z Vulnerability Gather data sampling:      Not affected
2026-09-22T18:40:54.6693519Z Vulnerability Ghostwrite:                Not affected
2026-09-22T18:40:54.6693907Z Vulnerability Indirect target selection: Not affected
2026-09-22T18:40:54.6694282Z Vulnerability Itlb multihit:             Not affected
2026-09-22T18:40:54.6694642Z Vulnerability L1tf:                      Not affected
2026-09-22T18:40:54.6694998Z Vulnerability Mds:                       Not affected
2026-09-22T18:40:54.6695352Z Vulnerability Meltdown:                  Not affected
2026-09-22T18:40:54.6695718Z Vulnerability Mmio stale data:           Not affected
2026-09-22T18:40:54.6696092Z Vulnerability Old microcode:             Not affected
2026-09-22T18:40:54.6696464Z Vulnerability Reg file data sampling:    Not affected
2026-09-22T18:40:54.6696840Z Vulnerability Retbleed:                  Not affected
2026-09-22T18:40:54.6697207Z Vulnerability Spec rstack overflow:      Not affected
2026-09-22T18:40:54.6697730Z Vulnerability Spec store bypass:         Mitigation; Speculative Store Bypass disabled via prctl
2026-09-22T18:40:54.6698348Z Vulnerability Spectre v1:                Mitigation; __user pointer sanitization
2026-09-22T18:40:54.6698837Z Vulnerability Spectre v2:                Mitigation; CSV2, BHB
2026-09-22T18:40:54.6699236Z Vulnerability Srbds:                     Not affected
2026-09-22T18:40:54.6699593Z Vulnerability Tsa:                       Not affected
2026-09-22T18:40:54.6699954Z Vulnerability Tsx async abort:           Not affected
2026-09-22T18:40:54.6700316Z Vulnerability Vmscape:                   Not affected
2026-09-22T18:40:54.6700646Z === /proc/cpuinfo summary ===
2026-09-22T18:40:54.6703676Z 64
2026-09-22T18:40:54.6704410Z === CPU Flags ===
2026-09-22T18:40:54.6713812Z Features	: fp asimd evtstrm aes pmull sha1 sha2 crc32 atomics fphp asimdhp cpuid asimdrdm jscvt fcma lrcpc dcpop sha3 sm3 sm4 asimddp sha512 sve asimdfhm dit uscat ilrcpc flagm paca pacg dcpodp svei8mm svebf16 i8mm bf16 dgh rng
2026-09-22T18:40:54.6714783Z === Memory ===
2026-09-22T18:40:54.6736548Z                total        used        free      shared  buff/cache   available
2026-09-22T18:40:54.6736992Z Mem:           125Gi       6.3Gi       119Gi        45Mi       1.1Gi       119Gi
2026-09-22T18:40:54.6737367Z Swap:             0B          0B          0B
2026-09-22T18:40:54.6738005Z === /proc/meminfo ===
2026-09-22T18:40:54.6744859Z MemTotal:       131612296 kB
2026-09-22T18:40:54.6745175Z MemFree:        124939612 kB
2026-09-22T18:40:54.6745436Z MemAvailable:   124998344 kB
2026-09-22T18:40:54.6745684Z Buffers:           38844 kB
2026-09-22T18:40:54.6745973Z Cached:          1020980 kB
2026-09-22T18:40:54.6746210Z SwapCached:            0 kB
2026-09-22T18:40:54.6746447Z Active:           613728 kB
2026-09-22T18:40:54.6746687Z Inactive:         714500 kB
2026-09-22T18:40:54.6746940Z Active(anon):     315580 kB
2026-09-22T18:40:54.6747181Z Inactive(anon):        0 kB
2026-09-22T18:40:54.6747420Z Active(file):     298148 kB
2026-09-22T18:40:54.6747659Z Inactive(file):   714500 kB
2026-09-22T18:40:54.6747899Z Unevictable:           0 kB
2026-09-22T18:40:54.6748141Z Mlocked:               0 kB
2026-09-22T18:40:54.6748383Z SwapTotal:             0 kB
2026-09-22T18:40:54.6748629Z SwapFree:              0 kB
2026-09-22T18:40:54.6748863Z Zswap:                 0 kB
2026-09-22T18:40:54.6749100Z Zswapped:              0 kB
2026-09-22T18:40:54.6749338Z Dirty:            580188 kB
2026-09-22T18:40:54.6749580Z Writeback:             0 kB
2026-09-22T18:40:54.6749822Z AnonPages:        269036 kB
2026-09-22T18:40:54.6750066Z Mapped:           172304 kB
2026-09-22T18:40:54.6750616Z Shmem:             47100 kB
2026-09-22T18:40:54.6750859Z KReclaimable:      77760 kB
2026-09-22T18:40:54.6751100Z Slab:             317900 kB
2026-09-22T18:40:54.6751340Z SReclaimable:      77760 kB
2026-09-22T18:40:54.6751729Z SUnreclaim:       240140 kB
2026-09-22T18:40:54.6752000Z KernelStack:       14576 kB
2026-09-22T18:40:54.6752253Z ShadowCallStack:    4420 kB
2026-09-22T18:40:54.6752504Z PageTables:         5600 kB
2026-09-22T18:40:54.6752751Z SecPageTables:      2888 kB
2026-09-22T18:40:54.6752996Z NFS_Unstable:          0 kB
2026-09-22T18:40:54.6753230Z Bounce:                0 kB
2026-09-22T18:40:54.6753554Z WritebackTmp:          0 kB
2026-09-22T18:40:54.6753810Z CommitLimit:    65806148 kB
2026-09-22T18:40:54.6754050Z Committed_AS:    2345728 kB
2026-09-22T18:40:54.6754296Z VmallocTotal:   135288315904 kB
2026-09-22T18:40:54.6754549Z VmallocUsed:       41020 kB
2026-09-22T18:40:54.6754790Z VmallocChunk:          0 kB
2026-09-22T18:40:54.6755028Z Percpu:            57856 kB
2026-09-22T18:40:54.6755286Z HardwareCorrupted:     0 kB
2026-09-22T18:40:54.6755540Z AnonHugePages:         0 kB
2026-09-22T18:40:54.6755786Z ShmemHugePages:        0 kB
2026-09-22T18:40:54.6756038Z ShmemPmdMapped:        0 kB
2026-09-22T18:40:54.6756289Z FileHugePages:    475136 kB
2026-09-22T18:40:54.6756538Z FilePmdMapped:         0 kB
2026-09-22T18:40:54.6756778Z CmaTotal:              0 kB
2026-09-22T18:40:54.6757016Z CmaFree:               0 kB
2026-09-22T18:40:54.6757247Z Balloon:               0 kB
2026-09-22T18:40:54.6757481Z HugePages_Total:       0
2026-09-22T18:40:54.6757717Z HugePages_Free:        0
2026-09-22T18:40:54.6757950Z HugePages_Rsvd:        0
2026-09-22T18:40:54.6758185Z HugePages_Surp:        0
2026-09-22T18:40:54.6758419Z Hugepagesize:       2048 kB
2026-09-22T18:40:54.6758661Z Hugetlb:               0 kB
2026-09-22T18:40:54.6758894Z === Block Devices ===
2026-09-22T18:40:54.6764800Z NAME         MAJ:MIN RM  SIZE RO TYPE MOUNTPOINTS
2026-09-22T18:40:54.6765134Z nvme0n1      259:0    0  100G  0 disk 
2026-09-22T18:40:54.6765447Z ├─nvme0n1p1  259:1    0   99G  0 part /
2026-09-22T18:40:54.6765754Z ├─nvme0n1p15 259:2    0   99M  0 part /boot/efi
2026-09-22T18:40:54.6766082Z └─nvme0n1p16 259:3    0  923M  0 part /boot
2026-09-22T18:40:54.6766373Z === Disk Usage ===
2026-09-22T18:40:54.6825421Z Filesystem      Type      Size  Used Avail Use% Mounted on
2026-09-22T18:40:54.6825807Z tmpfs           tmpfs      13G  1.4M   13G   1% /run
2026-09-22T18:40:54.6826227Z efivarfs        efivarfs  512K  4.1K  508K   1% /sys/firmware/efi/efivars
2026-09-22T18:40:54.6826648Z /dev/nvme0n1p1  ext4       96G   16G   81G  16% /
2026-09-22T18:40:54.6826997Z tmpfs           tmpfs      63G     0   63G   0% /dev/shm
2026-09-22T18:40:54.6827351Z tmpfs           tmpfs     5.0M     0  5.0M   0% /run/lock
2026-09-22T18:40:54.6827708Z tmpfs           tmpfs      63G     0   63G   0% /run/qemu
2026-09-22T18:40:54.6828066Z /dev/nvme0n1p16 ext4      891M   62M  767M   8% /boot
2026-09-22T18:40:54.6828434Z /dev/nvme0n1p15 vfat       98M  6.4M   92M   7% /boot/efi
2026-09-22T18:40:54.6828768Z === Mounts ===
2026-09-22T18:40:54.6838649Z /dev/nvme0n1p1 on / type ext4 (rw,relatime,discard,errors=remount-ro,commit=30)
2026-09-22T18:40:54.6839139Z /dev/nvme0n1p16 on /boot type ext4 (rw,relatime)
2026-09-22T18:40:54.6839826Z /dev/nvme0n1p15 on /boot/efi type vfat (rw,relatime,fmask=0077,dmask=0077,codepage=437,iocharset=iso8859-1,shortname=mixed,errors=remount-ro)
2026-09-22T18:40:54.6840476Z === NVMe Devices ===
2026-09-22T18:40:54.6850398Z crw------- 1 root root 236, 0 Sep 22 18:40 /dev/nvme0
2026-09-22T18:40:54.6850775Z brw-rw---- 1 root disk 259, 0 Sep 22 18:40 /dev/nvme0n1
2026-09-22T18:40:54.6851153Z brw-rw---- 1 root disk 259, 1 Sep 22 18:40 /dev/nvme0n1p1
2026-09-22T18:40:54.6851539Z brw-rw---- 1 root disk 259, 2 Sep 22 18:40 /dev/nvme0n1p15
2026-09-22T18:40:54.6851923Z brw-rw---- 1 root disk 259, 3 Sep 22 18:40 /dev/nvme0n1p16
2026-09-22T18:40:54.6899534Z ##[end-action id=__self_2.__run;outcome=success;conclusion=success;duration_ms=48]
2026-09-22T18:40:54.7052978Z ##[group]Run taiki-e/cache-cargo-install-action@66c9585ef5ca780ee69399975a5e911f47905995
2026-09-22T18:40:54.7053590Z with:
2026-09-22T18:40:54.7053913Z   tool: cargo-codspeed
2026-09-22T18:40:54.7054226Z   locked: true
2026-09-22T18:40:54.7054738Z   no-default-features: false
2026-09-22T18:40:54.7055067Z   all-features: false
2026-09-22T18:40:54.7055421Z env:
2026-09-22T18:40:54.7055686Z   CARGO_TERM_COLOR: always
2026-09-22T18:40:54.7055973Z   RUST_BACKTRACE: 1
2026-09-22T18:40:54.7056330Z   NIGHTLY_TOOLCHAIN: nightly-2026-09-10
2026-09-22T18:40:54.7056696Z   RUNNER_TOOL_CACHE: /opt/hostedtoolcache
2026-09-22T18:40:54.7057099Z   RUNS_ON_HOME: /runs-on
2026-09-22T18:40:54.7057408Z   RUNS_ON_VERSION: v3.3.0
2026-09-22T18:40:54.7057711Z   RUNS_ON_AGENT_BINARY: /runs-on/agent
2026-09-22T18:40:54.7058093Z   RUNS_ON_AGENT_ARCH: arm64
2026-09-22T18:40:54.7058446Z   RUNS_ON_AGENT_USER: runner
2026-09-22T18:40:54.7058794Z   RUNS_ON_AMI_ID: ami-098c62767651982c5
2026-09-22T18:40:54.7059225Z   RUNS_ON_AWS_REGION: us-east-1
2026-09-22T18:40:54.7059594Z   RUNS_ON_AWS_AZ: us-east-1b
2026-09-22T18:40:54.7059959Z   RUNS_ON_ENV_CUSTOM_FILE: /runs-on/env.custom
2026-09-22T18:40:54.7060363Z   RUNS_ON_INSTANCE_ID: i-01c7aaf3797eac8ce
2026-09-22T18:40:54.7060818Z   RUNS_ON_INSTANCE_LIFECYCLE: spot
2026-09-22T18:40:54.7061183Z   RUNS_ON_INSTANCE_TYPE: c7g.metal
2026-09-22T18:40:54.7061538Z   RUNS_ON_STACK_NAME: runs-on-v3
2026-09-22T18:40:54.7061954Z   RUNS_ON_S3_BUCKET_CACHE: runs-on-v3-s3bucketcache-dbnub4tpjhpv
2026-09-22T18:40:54.7062451Z   ACTIONS_RUNNER_HOOK_JOB_STARTED: /runs-on/pre.sh
2026-09-22T18:40:54.7063054Z   ACTIONS_RUNNER_HOOK_JOB_COMPLETED: /runs-on/post.sh
2026-09-22T18:40:54.7063569Z   GITHUB_SERVER_URL: https://github.com/
2026-09-22T18:40:54.7064024Z   GITHUB_API_URL: https://api.github.com/
2026-09-22T18:40:54.7064425Z   GITHUB_HOST: github.com
2026-09-22T18:40:54.7064793Z   RUNS_ON_RUNNER_NAME: runs-on--i-01c7aaf3797eac8ce--eb67d528-4
2026-09-22T18:40:54.7065421Z   RUNS_ON_INSTANCE_LAUNCHED_AT: 2026-09-22T18:39:59Z
2026-09-22T18:40:54.7065859Z   ACTIONS_CACHE_URL: http://10.1.22.117:6871/
2026-09-22T18:40:54.7066269Z   ACTIONS_CACHE_SERVICE_V2: true
2026-09-22T18:40:54.7066657Z   ACTIONS_RESULTS_URL: http://10.1.22.117:6871/
2026-09-22T18:40:54.7067084Z   RUNS_ON_S3_CACHE_REPO_PREFIX: cache/repo/vortex-data/vortex
2026-09-22T18:40:54.7067572Z   RUNS_ON_ACTION_COST_TRACKING_CLAIMED: true
2026-09-22T18:40:54.7067949Z   RUSTUP_TOOLCHAIN: 1.98.0
2026-09-22T18:40:54.7068279Z ##[endgroup]
2026-09-22T18:40:54.7080420Z ##[start-action display=Prepare (non-Windows);id=__taiki-e_cache-cargo-install-action.pre-unix]
2026-09-22T18:40:54.7103327Z ##[group]Run set -eu
2026-09-22T18:40:54.7103872Z [36;1mset -eu[0m
2026-09-22T18:40:54.7104192Z [36;1mif ! command -v bash >/dev/null; then[0m
2026-09-22T18:40:54.7104771Z [36;1m  if grep -Eq '^ID=alpine' /etc/os-release; then[0m
2026-09-22T18:40:54.7105387Z [36;1m    printf '::group::Install packages required for cache-cargo-install-action (bash)\n'[0m
2026-09-22T18:40:54.7106055Z [36;1m    # NB: sync with apk_install in pre.sh[0m
2026-09-22T18:40:54.7106498Z [36;1m    if command -v sudo >/dev/null; then[0m
2026-09-22T18:40:54.7106879Z [36;1m      sudo apk --no-cache add bash[0m
2026-09-22T18:40:54.7107366Z [36;1m    elif command -v doas >/dev/null; then[0m
2026-09-22T18:40:54.7107763Z [36;1m      doas apk --no-cache add bash[0m
2026-09-22T18:40:54.7108150Z [36;1m    else[0m
2026-09-22T18:40:54.7108460Z [36;1m      apk --no-cache add bash[0m
2026-09-22T18:40:54.7108779Z [36;1m    fi[0m
2026-09-22T18:40:54.7109142Z [36;1m    printf '::endgroup::\n'[0m
2026-09-22T18:40:54.7109463Z [36;1m  else[0m
2026-09-22T18:40:54.7109882Z [36;1m    printf '::error::cache-cargo-install-action requires bash\n'[0m
2026-09-22T18:40:54.7110665Z [36;1m    exit 1[0m
2026-09-22T18:40:54.7110932Z [36;1m  fi[0m
2026-09-22T18:40:54.7111275Z [36;1mfi[0m
2026-09-22T18:40:54.7111630Z [36;1mbash --noprofile --norc "${GITHUB_ACTION_PATH:?}/pre.sh"[0m
2026-09-22T18:40:54.7132021Z shell: /usr/bin/sh -e {0}
2026-09-22T18:40:54.7132381Z env:
2026-09-22T18:40:54.7132760Z   CARGO_TERM_COLOR: always
2026-09-22T18:40:54.7133082Z   RUST_BACKTRACE: 1
2026-09-22T18:40:54.7133594Z   NIGHTLY_TOOLCHAIN: nightly-2026-09-10
2026-09-22T18:40:54.7134002Z   RUNNER_TOOL_CACHE: /opt/hostedtoolcache
2026-09-22T18:40:54.7134341Z   RUNS_ON_HOME: /runs-on
2026-09-22T18:40:54.7134706Z   RUNS_ON_VERSION: v3.3.0
2026-09-22T18:40:54.7135014Z   RUNS_ON_AGENT_BINARY: /runs-on/agent
2026-09-22T18:40:54.7135463Z   RUNS_ON_AGENT_ARCH: arm64
2026-09-22T18:40:54.7135780Z   RUNS_ON_AGENT_USER: runner
2026-09-22T18:40:54.7136093Z   RUNS_ON_AMI_ID: ami-098c62767651982c5
2026-09-22T18:40:54.7136506Z   RUNS_ON_AWS_REGION: us-east-1
2026-09-22T18:40:54.7136832Z   RUNS_ON_AWS_AZ: us-east-1b
2026-09-22T18:40:54.7137251Z   RUNS_ON_ENV_CUSTOM_FILE: /runs-on/env.custom
2026-09-22T18:40:54.7137684Z   RUNS_ON_INSTANCE_ID: i-01c7aaf3797eac8ce
2026-09-22T18:40:54.7138024Z   RUNS_ON_INSTANCE_LIFECYCLE: spot
2026-09-22T18:40:54.7155325Z   RUNS_ON_INSTANCE_TYPE: c7g.metal
2026-09-22T18:40:54.7155629Z   RUNS_ON_STACK_NAME: runs-on-v3
2026-09-22T18:40:54.7155980Z   RUNS_ON_S3_BUCKET_CACHE: runs-on-v3-s3bucketcache-dbnub4tpjhpv
2026-09-22T18:40:54.7156393Z   ACTIONS_RUNNER_HOOK_JOB_STARTED: /runs-on/pre.sh
2026-09-22T18:40:54.7156760Z   ACTIONS_RUNNER_HOOK_JOB_COMPLETED: /runs-on/post.sh
2026-09-22T18:40:54.7157109Z   GITHUB_SERVER_URL: https://github.com/
2026-09-22T18:40:54.7157417Z   GITHUB_API_URL: https://api.github.com/
2026-09-22T18:40:54.7157703Z   GITHUB_HOST: github.com
2026-09-22T18:40:54.7158021Z   RUNS_ON_RUNNER_NAME: runs-on--i-01c7aaf3797eac8ce--eb67d528-4
2026-09-22T18:40:54.7158421Z   RUNS_ON_INSTANCE_LAUNCHED_AT: 2026-09-22T18:39:59Z
2026-09-22T18:40:54.7158759Z   ACTIONS_CACHE_URL: http://10.1.22.117:6871/
2026-09-22T18:40:54.7159060Z   ACTIONS_CACHE_SERVICE_V2: true
2026-09-22T18:40:54.7159345Z   ACTIONS_RESULTS_URL: http://10.1.22.117:6871/
2026-09-22T18:40:54.7159728Z   RUNS_ON_S3_CACHE_REPO_PREFIX: cache/repo/vortex-data/vortex
2026-09-22T18:40:54.7160109Z   RUNS_ON_ACTION_COST_TRACKING_CLAIMED: true
2026-09-22T18:40:54.7160399Z   RUSTUP_TOOLCHAIN: 1.98.0
2026-09-22T18:40:54.7160638Z   INPUT_TOOL: cargo-codspeed
2026-09-22T18:40:54.7160875Z   INPUT_LOCKED: true
2026-09-22T18:40:54.7161077Z   INPUT_GIT: 
2026-09-22T18:40:54.7161261Z   INPUT_TAG: 
2026-09-22T18:40:54.7161446Z   INPUT_REV: 
2026-09-22T18:40:54.7161631Z   INPUT_FEATURES: 
2026-09-22T18:40:54.7161848Z   INPUT_NO_DEFAULT_FEATURES: false
2026-09-22T18:40:54.7162111Z   INPUT_ALL_FEATURES: false
2026-09-22T18:40:54.7162569Z   ACTION_USER_AGENT: taiki-e/cache-cargo-install-action (66c9585ef5ca780ee69399975a5e911f47905995)
2026-09-22T18:40:54.7163066Z ##[endgroup]
2026-09-22T18:40:54.8225242Z ##[end-action id=__taiki-e_cache-cargo-install-action.pre-unix;outcome=success;conclusion=success;duration_ms=114]
2026-09-22T18:40:54.8229612Z ##[start-action display=Prepare (Windows);id=__taiki-e_cache-cargo-install-action.pre-windows]
2026-09-22T18:40:54.8233090Z ##[end-action id=__taiki-e_cache-cargo-install-action.pre-windows;outcome=skipped;conclusion=skipped;duration_ms=0]
2026-09-22T18:40:54.8235337Z ##[start-action display=Restore Cache;id=__taiki-e_cache-cargo-install-action.cache]
2026-09-22T18:40:54.8279611Z ##[group]Run actions/cache@668228422ae6a00e4ad889ee87cd7109ec5666a7
2026-09-22T18:40:54.8279973Z with:
2026-09-22T18:40:54.8280201Z   path: /opt/hostedtoolcache/cargo-codspeed/bin
2026-09-22T18:40:54.8280863Z   key: cargo-codspeed-5.0.2-aarch64-linux-gnu-2.39-features-default-no-default-features-false-all-features-false
2026-09-22T18:40:54.8281503Z   enableCrossOsArchive: false
2026-09-22T18:40:54.8281761Z   fail-on-cache-miss: false
2026-09-22T18:40:54.8282000Z   lookup-only: false
2026-09-22T18:40:54.8282210Z   save-always: false
2026-09-22T18:40:54.8282406Z env:
2026-09-22T18:40:54.8282584Z   CARGO_TERM_COLOR: always
2026-09-22T18:40:54.8282811Z   RUST_BACKTRACE: 1
2026-09-22T18:40:54.8283044Z   NIGHTLY_TOOLCHAIN: nightly-2026-09-10
2026-09-22T18:40:54.8283855Z   RUNNER_TOOL_CACHE: /opt/hostedtoolcache
2026-09-22T18:40:54.8284176Z   RUNS_ON_HOME: /runs-on
2026-09-22T18:40:54.8284405Z   RUNS_ON_VERSION: v3.3.0
2026-09-22T18:40:54.8284650Z   RUNS_ON_AGENT_BINARY: /runs-on/agent
2026-09-22T18:40:54.8284923Z   RUNS_ON_AGENT_ARCH: arm64
2026-09-22T18:40:54.8285163Z   RUNS_ON_AGENT_USER: runner
2026-09-22T18:40:54.8285407Z   RUNS_ON_AMI_ID: ami-098c62767651982c5
2026-09-22T18:40:54.8285685Z   RUNS_ON_AWS_REGION: us-east-1
2026-09-22T18:40:54.8285930Z   RUNS_ON_AWS_AZ: us-east-1b
2026-09-22T18:40:54.8286198Z   RUNS_ON_ENV_CUSTOM_FILE: /runs-on/env.custom
2026-09-22T18:40:54.8286513Z   RUNS_ON_INSTANCE_ID: i-01c7aaf3797eac8ce
2026-09-22T18:40:54.8286802Z   RUNS_ON_INSTANCE_LIFECYCLE: spot
2026-09-22T18:40:54.8287067Z   RUNS_ON_INSTANCE_TYPE: c7g.metal
2026-09-22T18:40:54.8287333Z   RUNS_ON_STACK_NAME: runs-on-v3
2026-09-22T18:40:54.8287671Z   RUNS_ON_S3_BUCKET_CACHE: runs-on-v3-s3bucketcache-dbnub4tpjhpv
2026-09-22T18:40:54.8288086Z   ACTIONS_RUNNER_HOOK_JOB_STARTED: /runs-on/pre.sh
2026-09-22T18:40:54.8288459Z   ACTIONS_RUNNER_HOOK_JOB_COMPLETED: /runs-on/post.sh
2026-09-22T18:40:54.8288811Z   GITHUB_SERVER_URL: https://github.com/
2026-09-22T18:40:54.8289115Z   GITHUB_API_URL: https://api.github.com/
2026-09-22T18:40:54.8289403Z   GITHUB_HOST: github.com
2026-09-22T18:40:54.8289717Z   RUNS_ON_RUNNER_NAME: runs-on--i-01c7aaf3797eac8ce--eb67d528-4
2026-09-22T18:40:54.8290118Z   RUNS_ON_INSTANCE_LAUNCHED_AT: 2026-09-22T18:39:59Z
2026-09-22T18:40:54.8290460Z   ACTIONS_CACHE_URL: http://10.1.22.117:6871/
2026-09-22T18:40:54.8290761Z   ACTIONS_CACHE_SERVICE_V2: true
2026-09-22T18:40:54.8291049Z   ACTIONS_RESULTS_URL: http://10.1.22.117:6871/
2026-09-22T18:40:54.8291426Z   RUNS_ON_S3_CACHE_REPO_PREFIX: cache/repo/vortex-data/vortex
2026-09-22T18:40:54.8291798Z   RUNS_ON_ACTION_COST_TRACKING_CLAIMED: true
2026-09-22T18:40:54.8292087Z   RUSTUP_TOOLCHAIN: 1.98.0
2026-09-22T18:40:54.8292310Z ##[endgroup]
2026-09-22T18:40:55.0511912Z Cache hit for: cargo-codspeed-5.0.2-aarch64-linux-gnu-2.39-features-default-no-default-features-false-all-features-false
2026-09-22T18:40:55.1773593Z Cache Size: ~1 MB (941982 B)
2026-09-22T18:40:55.1792890Z [command]/usr/bin/tar -xf /home/runner/_work/_temp/0456da9b-bc2e-4287-ab4a-c72c12668dc4/cache.tzst -P -C /home/runner/_work/vortex/vortex --use-compress-program unzstd
2026-09-22T18:40:55.1880886Z Cache restored successfully
2026-09-22T18:40:55.2173047Z Cache restored from key: cargo-codspeed-5.0.2-aarch64-linux-gnu-2.39-features-default-no-default-features-false-all-features-false
2026-09-22T18:40:55.2229543Z ##[end-action id=__taiki-e_cache-cargo-install-action.cache;outcome=success;conclusion=success;duration_ms=399]
2026-09-22T18:40:55.2242995Z ##[start-action display=Install cargo-codspeed (non-Windows);id=__taiki-e_cache-cargo-install-action.__run]
2026-09-22T18:40:55.2247970Z ##[end-action id=__taiki-e_cache-cargo-install-action.__run;outcome=skipped;conclusion=skipped;duration_ms=0]
2026-09-22T18:40:55.2253301Z ##[start-action display=Install cargo-codspeed (Windows);id=__taiki-e_cache-cargo-install-action.__run_2]
2026-09-22T18:40:55.2257872Z ##[end-action id=__taiki-e_cache-cargo-install-action.__run_2;outcome=skipped;conclusion=skipped;duration_ms=0]
2026-09-22T18:40:55.2306193Z ##[group]Run actions/download-artifact@3e5f45b2cfb9172054b4087a40e8e0b5a5461e7c
2026-09-22T18:40:55.2306691Z with:
2026-09-22T18:40:55.2306912Z   name: codspeed-cpu-benchmarks-neon
2026-09-22T18:40:55.2307209Z   merge-multiple: false
2026-09-22T18:40:55.2307460Z   repository: vortex-data/vortex
2026-09-22T18:40:55.2307715Z   run-id: 35768383383
2026-09-22T18:40:55.2307942Z   skip-decompress: false
2026-09-22T18:40:55.2308182Z   digest-mismatch: error
2026-09-22T18:40:55.2308403Z env:
2026-09-22T18:40:55.2308595Z   CARGO_TERM_COLOR: always
2026-09-22T18:40:55.2308831Z   RUST_BACKTRACE: 1
2026-09-22T18:40:55.2309060Z   NIGHTLY_TOOLCHAIN: nightly-2026-09-10
2026-09-22T18:40:55.2309367Z   RUNNER_TOOL_CACHE: /opt/hostedtoolcache
2026-09-22T18:40:55.2309897Z   RUNS_ON_HOME: /runs-on
2026-09-22T18:40:55.2310132Z   RUNS_ON_VERSION: v3.3.0
2026-09-22T18:40:55.2310389Z   RUNS_ON_AGENT_BINARY: /runs-on/agent
2026-09-22T18:40:55.2310674Z   RUNS_ON_AGENT_ARCH: arm64
2026-09-22T18:40:55.2310944Z   RUNS_ON_AGENT_USER: runner
2026-09-22T18:40:55.2311202Z   RUNS_ON_AMI_ID: ami-098c62767651982c5
2026-09-22T18:40:55.2311483Z   RUNS_ON_AWS_REGION: us-east-1
2026-09-22T18:40:55.2311738Z   RUNS_ON_AWS_AZ: us-east-1b
2026-09-22T18:40:55.2312018Z   RUNS_ON_ENV_CUSTOM_FILE: /runs-on/env.custom
2026-09-22T18:40:55.2312342Z   RUNS_ON_INSTANCE_ID: i-01c7aaf3797eac8ce
2026-09-22T18:40:55.2312646Z   RUNS_ON_INSTANCE_LIFECYCLE: spot
2026-09-22T18:40:55.2312923Z   RUNS_ON_INSTANCE_TYPE: c7g.metal
2026-09-22T18:40:55.2313197Z   RUNS_ON_STACK_NAME: runs-on-v3
2026-09-22T18:40:55.2313623Z   RUNS_ON_S3_BUCKET_CACHE: runs-on-v3-s3bucketcache-dbnub4tpjhpv
2026-09-22T18:40:55.2314039Z   ACTIONS_RUNNER_HOOK_JOB_STARTED: /runs-on/pre.sh
2026-09-22T18:40:55.2314412Z   ACTIONS_RUNNER_HOOK_JOB_COMPLETED: /runs-on/post.sh
2026-09-22T18:40:55.2314780Z   GITHUB_SERVER_URL: https://github.com/
2026-09-22T18:40:55.2315103Z   GITHUB_API_URL: https://api.github.com/
2026-09-22T18:40:55.2315400Z   GITHUB_HOST: github.com
2026-09-22T18:40:55.2315727Z   RUNS_ON_RUNNER_NAME: runs-on--i-01c7aaf3797eac8ce--eb67d528-4
2026-09-22T18:40:55.2316137Z   RUNS_ON_INSTANCE_LAUNCHED_AT: 2026-09-22T18:39:59Z
2026-09-22T18:40:55.2316494Z   ACTIONS_CACHE_URL: http://10.1.22.117:6871/
2026-09-22T18:40:55.2316807Z   ACTIONS_CACHE_SERVICE_V2: true
2026-09-22T18:40:55.2317100Z   ACTIONS_RESULTS_URL: http://10.1.22.117:6871/
2026-09-22T18:40:55.2317484Z   RUNS_ON_S3_CACHE_REPO_PREFIX: cache/repo/vortex-data/vortex
2026-09-22T18:40:55.2317862Z   RUNS_ON_ACTION_COST_TRACKING_CLAIMED: true
2026-09-22T18:40:55.2318168Z   RUSTUP_TOOLCHAIN: 1.98.0
2026-09-22T18:40:55.2318405Z ##[endgroup]
2026-09-22T18:40:55.3520052Z Downloading single artifact
2026-09-22T18:40:55.4286005Z Preparing to download the following artifacts:
2026-09-22T18:40:55.4286788Z - codspeed-cpu-benchmarks-neon (ID: 10713101919, Size: 459197629, Expected Digest: sha256:6010573d781e658257c35b9df7c7a0d487be56a32405ec3c2d36131b7adc58db)
2026-09-22T18:40:55.5457550Z Redirecting to blob download url: https://productionresultssa2.blob.core.windows.net/actions-results/8a08154d-960c-45d6-9be0-c172626f35bc/workflow-job-run-e21b57b3-df47-57c0-8fe3-aad6fb6f04fa/artifacts/b084f87fa3d3be6ff57d62c23d6a3dfa10a6bab8d232c864c43734870b35e840.zip
2026-09-22T18:40:55.5458941Z Starting download of artifact to: /home/runner/_work/vortex/vortex
2026-09-22T18:40:55.6514950Z (node:2654) [DEP0005] DeprecationWarning: Buffer() is deprecated due to security and usability issues. Please use the Buffer.alloc(), Buffer.allocUnsafe(), or Buffer.from() methods instead.
2026-09-22T18:40:55.6515939Z (Use `node --trace-deprecation ...` to show where the warning was created)
2026-09-22T18:41:03.5139602Z SHA256 digest of downloaded artifact is 6010573d781e658257c35b9df7c7a0d487be56a32405ec3c2d36131b7adc58db
2026-09-22T18:41:03.5140233Z Artifact download completed successfully.
2026-09-22T18:41:03.5140547Z Total of 1 artifact(s) downloaded
2026-09-22T18:41:03.5146147Z Download artifact has finished successfully
2026-09-22T18:41:03.5307051Z ##[group]Run mkdir -p target
2026-09-22T18:41:03.5307397Z [36;1mmkdir -p target[0m
2026-09-22T18:41:03.5307714Z [36;1mtar -C target -xf codspeed-cpu-benchmarks.tar[0m
2026-09-22T18:41:03.5331757Z shell: /usr/bin/bash -e {0}
2026-09-22T18:41:03.5332024Z env:
2026-09-22T18:41:03.5332222Z   CARGO_TERM_COLOR: always
2026-09-22T18:41:03.5332464Z   RUST_BACKTRACE: 1
2026-09-22T18:41:03.5332697Z   NIGHTLY_TOOLCHAIN: nightly-2026-09-10
2026-09-22T18:41:03.5333006Z   RUNNER_TOOL_CACHE: /opt/hostedtoolcache
2026-09-22T18:41:03.5333293Z   RUNS_ON_HOME: /runs-on
2026-09-22T18:41:03.5333613Z   RUNS_ON_VERSION: v3.3.0
2026-09-22T18:41:03.5333870Z   RUNS_ON_AGENT_BINARY: /runs-on/agent
2026-09-22T18:41:03.5334153Z   RUNS_ON_AGENT_ARCH: arm64
2026-09-22T18:41:03.5334398Z   RUNS_ON_AGENT_USER: runner
2026-09-22T18:41:03.5334919Z   RUNS_ON_AMI_ID: ami-098c62767651982c5
2026-09-22T18:41:03.5335203Z   RUNS_ON_AWS_REGION: us-east-1
2026-09-22T18:41:03.5335460Z   RUNS_ON_AWS_AZ: us-east-1b
2026-09-22T18:41:03.5335766Z   RUNS_ON_ENV_CUSTOM_FILE: /runs-on/env.custom
2026-09-22T18:41:03.5336093Z   RUNS_ON_INSTANCE_ID: i-01c7aaf3797eac8ce
2026-09-22T18:41:03.5336392Z   RUNS_ON_INSTANCE_LIFECYCLE: spot
2026-09-22T18:41:03.5336669Z   RUNS_ON_INSTANCE_TYPE: c7g.metal
2026-09-22T18:41:03.5336944Z   RUNS_ON_STACK_NAME: runs-on-v3
2026-09-22T18:41:03.5337296Z   RUNS_ON_S3_BUCKET_CACHE: runs-on-v3-s3bucketcache-dbnub4tpjhpv
2026-09-22T18:41:03.5337721Z   ACTIONS_RUNNER_HOOK_JOB_STARTED: /runs-on/pre.sh
2026-09-22T18:41:03.5338099Z   ACTIONS_RUNNER_HOOK_JOB_COMPLETED: /runs-on/post.sh
2026-09-22T18:41:03.5338461Z   GITHUB_SERVER_URL: https://github.com/
2026-09-22T18:41:03.5338778Z   GITHUB_API_URL: https://api.github.com/
2026-09-22T18:41:03.5339073Z   GITHUB_HOST: github.com
2026-09-22T18:41:03.5339397Z   RUNS_ON_RUNNER_NAME: runs-on--i-01c7aaf3797eac8ce--eb67d528-4
2026-09-22T18:41:03.5339813Z   RUNS_ON_INSTANCE_LAUNCHED_AT: 2026-09-22T18:39:59Z
2026-09-22T18:41:03.5340167Z   ACTIONS_CACHE_URL: http://10.1.22.117:6871/
2026-09-22T18:41:03.5340479Z   ACTIONS_CACHE_SERVICE_V2: true
2026-09-22T18:41:03.5340771Z   ACTIONS_RESULTS_URL: http://10.1.22.117:6871/
2026-09-22T18:41:03.5341163Z   RUNS_ON_S3_CACHE_REPO_PREFIX: cache/repo/vortex-data/vortex
2026-09-22T18:41:03.5341545Z   RUNS_ON_ACTION_COST_TRACKING_CLAIMED: true
2026-09-22T18:41:03.5341843Z   RUSTUP_TOOLCHAIN: 1.98.0
2026-09-22T18:41:03.5342080Z ##[endgroup]
2026-09-22T18:41:04.8514214Z ##[group]Run sudo bash scripts/setup-benchmark.sh
2026-09-22T18:41:04.8514686Z [36;1msudo bash scripts/setup-benchmark.sh[0m
2026-09-22T18:41:04.8537271Z shell: /usr/bin/bash -e {0}
2026-09-22T18:41:04.8537536Z env:
2026-09-22T18:41:04.8537727Z   CARGO_TERM_COLOR: always
2026-09-22T18:41:04.8537968Z   RUST_BACKTRACE: 1
2026-09-22T18:41:04.8538201Z   NIGHTLY_TOOLCHAIN: nightly-2026-09-10
2026-09-22T18:41:04.8538528Z   RUNNER_TOOL_CACHE: /opt/hostedtoolcache
2026-09-22T18:41:04.8538817Z   RUNS_ON_HOME: /runs-on
2026-09-22T18:41:04.8539049Z   RUNS_ON_VERSION: v3.3.0
2026-09-22T18:41:04.8539297Z   RUNS_ON_AGENT_BINARY: /runs-on/agent
2026-09-22T18:41:04.8539576Z   RUNS_ON_AGENT_ARCH: arm64
2026-09-22T18:41:04.8539822Z   RUNS_ON_AGENT_USER: runner
2026-09-22T18:41:04.8540075Z   RUNS_ON_AMI_ID: ami-098c62767651982c5
2026-09-22T18:41:04.8540353Z   RUNS_ON_AWS_REGION: us-east-1
2026-09-22T18:41:04.8540611Z   RUNS_ON_AWS_AZ: us-east-1b
2026-09-22T18:41:04.8540913Z   RUNS_ON_ENV_CUSTOM_FILE: /runs-on/env.custom
2026-09-22T18:41:04.8541237Z   RUNS_ON_INSTANCE_ID: i-01c7aaf3797eac8ce
2026-09-22T18:41:04.8541533Z   RUNS_ON_INSTANCE_LIFECYCLE: spot
2026-09-22T18:41:04.8541808Z   RUNS_ON_INSTANCE_TYPE: c7g.metal
2026-09-22T18:41:04.8542079Z   RUNS_ON_STACK_NAME: runs-on-v3
2026-09-22T18:41:04.8542427Z   RUNS_ON_S3_BUCKET_CACHE: runs-on-v3-s3bucketcache-dbnub4tpjhpv
2026-09-22T18:41:04.8542855Z   ACTIONS_RUNNER_HOOK_JOB_STARTED: /runs-on/pre.sh
2026-09-22T18:41:04.8543227Z   ACTIONS_RUNNER_HOOK_JOB_COMPLETED: /runs-on/post.sh
2026-09-22T18:41:04.8543665Z   GITHUB_SERVER_URL: https://github.com/
2026-09-22T18:41:04.8543990Z   GITHUB_API_URL: https://api.github.com/
2026-09-22T18:41:04.8544284Z   GITHUB_HOST: github.com
2026-09-22T18:41:04.8544605Z   RUNS_ON_RUNNER_NAME: runs-on--i-01c7aaf3797eac8ce--eb67d528-4
2026-09-22T18:41:04.8545013Z   RUNS_ON_INSTANCE_LAUNCHED_AT: 2026-09-22T18:39:59Z
2026-09-22T18:41:04.8545363Z   ACTIONS_CACHE_URL: http://10.1.22.117:6871/
2026-09-22T18:41:04.8545676Z   ACTIONS_CACHE_SERVICE_V2: true
2026-09-22T18:41:04.8545967Z   ACTIONS_RESULTS_URL: http://10.1.22.117:6871/
2026-09-22T18:41:04.8546357Z   RUNS_ON_S3_CACHE_REPO_PREFIX: cache/repo/vortex-data/vortex
2026-09-22T18:41:04.8546736Z   RUNS_ON_ACTION_COST_TRACKING_CLAIMED: true
2026-09-22T18:41:04.8547035Z   RUSTUP_TOOLCHAIN: 1.98.0
2026-09-22T18:41:04.8547272Z ##[endgroup]
2026-09-22T18:41:04.8642764Z + '[' 0 -ne 0 ']'
2026-09-22T18:41:04.8643372Z + sysfs_write /sys/devices/system/cpu/intel_pstate/no_turbo 1
2026-09-22T18:41:04.8643783Z + [[ -n 1 ]]
2026-09-22T18:41:04.8644044Z + [[ -w /sys/devices/system/cpu/intel_pstate/no_turbo ]]
2026-09-22T18:41:04.8644360Z + true
2026-09-22T18:41:04.8644618Z + sysfs_write /sys/devices/system/cpu/cpufreq/boost 0
2026-09-22T18:41:04.8644931Z + [[ -n 0 ]]
2026-09-22T18:41:04.8645167Z + [[ -w /sys/devices/system/cpu/cpufreq/boost ]]
2026-09-22T18:41:04.8645460Z + true
2026-09-22T18:41:04.8645709Z + for policy in /sys/devices/system/cpu/cpufreq/policy*
2026-09-22T18:41:04.8646219Z + sysfs_write '/sys/devices/system/cpu/cpufreq/policy*/scaling_governor' performance
2026-09-22T18:41:04.8646679Z + [[ -n performance ]]
2026-09-22T18:41:04.8647006Z + [[ -w /sys/devices/system/cpu/cpufreq/policy*/scaling_governor ]]
2026-09-22T18:41:04.8647368Z + true
2026-09-22T18:41:04.8647661Z ++ cat '/sys/devices/system/cpu/cpufreq/policy*/scaling_max_freq'
2026-09-22T18:41:04.8656564Z + sysfs_write '/sys/devices/system/cpu/cpufreq/policy*/scaling_min_freq' ''
2026-09-22T18:41:04.8656984Z + [[ -n '' ]]
2026-09-22T18:41:04.8657172Z + true
2026-09-22T18:41:04.8657367Z + sysctl -w vm.swappiness=0
2026-09-22T18:41:04.8663468Z vm.swappiness = 0
2026-09-22T18:41:04.8664274Z + swapoff -a
2026-09-22T18:41:04.8688665Z + sysctl -w kernel.numa_balancing=0
2026-09-22T18:41:04.8695311Z kernel.numa_balancing = 0
2026-09-22T18:41:04.8696129Z + sysctl -w kernel.randomize_va_space=0
2026-09-22T18:41:04.8702725Z kernel.randomize_va_space = 0
2026-09-22T18:41:04.8703590Z + sysctl -w kernel.sched_autogroup_enabled=0
2026-09-22T18:41:04.8710269Z kernel.sched_autogroup_enabled = 0
2026-09-22T18:41:04.8710775Z + sysctl -w kernel.timer_migration=0
2026-09-22T18:41:04.8717586Z kernel.timer_migration = 0
2026-09-22T18:41:04.8718407Z + dmesg -n 1
2026-09-22T18:41:04.8739080Z + for unit in apparmor ModemManager irqbalance apt-daily.service apt-daily-upgrade.service apt-daily.timer apt-daily-upgrade.timer motd-news.service motd-news.timer apport
2026-09-22T18:41:04.8739950Z + systemctl disable --now apparmor
2026-09-22T18:41:05.4736521Z + systemctl mask apparmor
2026-09-22T18:41:05.6557937Z + for unit in apparmor ModemManager irqbalance apt-daily.service apt-daily-upgrade.service apt-daily.timer apt-daily-upgrade.timer motd-news.service motd-news.timer apport
2026-09-22T18:41:05.6558804Z + systemctl disable --now ModemManager
2026-09-22T18:41:05.8446906Z + systemctl mask ModemManager
2026-09-22T18:41:06.0297945Z + for unit in apparmor ModemManager irqbalance apt-daily.service apt-daily-upgrade.service apt-daily.timer apt-daily-upgrade.timer motd-news.service motd-news.timer apport
2026-09-22T18:41:06.5816637Z + systemctl disable --now irqbalance
2026-09-22T18:41:06.5816959Z + systemctl mask irqbalance
2026-09-22T18:41:06.7626196Z + for unit in apparmor ModemManager irqbalance apt-daily.service apt-daily-upgrade.service apt-daily.timer apt-daily-upgrade.timer motd-news.service motd-news.timer apport
2026-09-22T18:41:06.7627059Z + systemctl disable --now apt-daily.service
2026-09-22T18:41:06.9487597Z + systemctl mask apt-daily.service
2026-09-22T18:41:07.1315629Z + for unit in apparmor ModemManager irqbalance apt-daily.service apt-daily-upgrade.service apt-daily.timer apt-daily-upgrade.timer motd-news.service motd-news.timer apport
2026-09-22T18:41:07.1316553Z + systemctl disable --now apt-daily-upgrade.service
2026-09-22T18:41:07.3147750Z + systemctl mask apt-daily-upgrade.service
2026-09-22T18:41:07.4935183Z + for unit in apparmor ModemManager irqbalance apt-daily.service apt-daily-upgrade.service apt-daily.timer apt-daily-upgrade.timer motd-news.service motd-news.timer apport
2026-09-22T18:41:07.4936045Z + systemctl disable --now apt-daily.timer
2026-09-22T18:41:07.6729809Z + systemctl mask apt-daily.timer
2026-09-22T18:41:07.8536172Z + for unit in apparmor ModemManager irqbalance apt-daily.service apt-daily-upgrade.service apt-daily.timer apt-daily-upgrade.timer motd-news.service motd-news.timer apport
2026-09-22T18:41:07.8537072Z + systemctl disable --now apt-daily-upgrade.timer
2026-09-22T18:41:08.0400646Z + systemctl mask apt-daily-upgrade.timer
2026-09-22T18:41:08.2187391Z + for unit in apparmor ModemManager irqbalance apt-daily.service apt-daily-upgrade.service apt-daily.timer apt-daily-upgrade.timer motd-news.service motd-news.timer apport
2026-09-22T18:41:08.2188259Z + systemctl disable --now motd-news.service
2026-09-22T18:41:08.4014568Z + systemctl mask motd-news.service
2026-09-22T18:41:08.5856788Z + for unit in apparmor ModemManager irqbalance apt-daily.service apt-daily-upgrade.service apt-daily.timer apt-daily-upgrade.timer motd-news.service motd-news.timer apport
2026-09-22T18:41:08.5857657Z + systemctl disable --now motd-news.timer
2026-09-22T18:41:08.7767612Z + systemctl mask motd-news.timer
2026-09-22T18:41:08.9536539Z + for unit in apparmor ModemManager irqbalance apt-daily.service apt-daily-upgrade.service apt-daily.timer apt-daily-upgrade.timer motd-news.service motd-news.timer apport
2026-09-22T18:41:08.9537390Z + systemctl disable --now apport
2026-09-22T18:41:09.5105983Z + systemctl mask apport
2026-09-22T18:41:09.6856237Z + aa-teardown
2026-09-22T18:41:09.6884210Z Unloading AppArmor profiles
2026-09-22T18:41:09.6910931Z + node_dirs=(/sys/devices/system/node/node[0-9]*)
2026-09-22T18:41:09.6911836Z + [[ 1 -gt 1 ]]
2026-09-22T18:41:09.6917379Z ++ sort -un
2026-09-22T18:41:09.6918259Z ++ paste -sd, -
2026-09-22T18:41:09.6921342Z +++ cat /sys/devices/system/cpu/cpu0/topology/thread_siblings_list /sys/devices/system/cpu/cpu1/topology/thread_siblings_list
2026-09-22T18:41:09.6921974Z +++ paste -sd, -
2026-09-22T18:41:09.6939866Z ++ expand_cpulist 0,1
2026-09-22T18:41:09.6940145Z ++ [[ -n 0,1 ]]
2026-09-22T18:41:09.6940358Z ++ local parts part
2026-09-22T18:41:09.6940567Z ++ IFS=,
2026-09-22T18:41:09.6940750Z ++ read -ra parts
2026-09-22T18:41:09.6940976Z ++ for part in "${parts[@]}"
2026-09-22T18:41:09.6941213Z ++ seq 0 0
2026-09-22T18:41:09.6963890Z ++ for part in "${parts[@]}"
2026-09-22T18:41:09.6964162Z ++ seq 1 1
2026-09-22T18:41:09.6975211Z + HOUSEKEEPING_CPUS=0,1
2026-09-22T18:41:09.6975467Z + bench=()
2026-09-22T18:41:09.6979995Z +++ cat /sys/devices/system/cpu/online
2026-09-22T18:41:09.6986314Z ++ expand_cpulist 0-63
2026-09-22T18:41:09.6986567Z ++ [[ -n 0-63 ]]
2026-09-22T18:41:09.6986773Z ++ local parts part
2026-09-22T18:41:09.6986979Z ++ IFS=,
2026-09-22T18:41:09.6987157Z ++ read -ra parts
2026-09-22T18:41:09.6987376Z ++ for part in "${parts[@]}"
2026-09-22T18:41:09.6987610Z ++ seq 0 63
2026-09-22T18:41:09.6995854Z + for cpu in $(expand_cpulist "$(cat /sys/devices/system/cpu/online)")
2026-09-22T18:41:09.6996268Z + [[ ,0,1, == *\,\0\,* ]]
2026-09-22T18:41:09.6996601Z + for cpu in $(expand_cpulist "$(cat /sys/devices/system/cpu/online)")
2026-09-22T18:41:09.6996972Z + [[ ,0,1, == *\,\1\,* ]]
2026-09-22T18:41:09.6997300Z + for cpu in $(expand_cpulist "$(cat /sys/devices/system/cpu/online)")
2026-09-22T18:41:09.6997665Z + [[ ,0,1, == *\,\2\,* ]]
2026-09-22T18:41:09.6997882Z + bench+=("$cpu")
2026-09-22T18:41:09.6998203Z + for cpu in $(expand_cpulist "$(cat /sys/devices/system/cpu/online)")
2026-09-22T18:41:09.6998570Z + [[ ,0,1, == *\,\3\,* ]]
2026-09-22T18:41:09.6998796Z + bench+=("$cpu")
2026-09-22T18:41:09.6999108Z + for cpu in $(expand_cpulist "$(cat /sys/devices/system/cpu/online)")
2026-09-22T18:41:09.6999478Z + [[ ,0,1, == *\,\4\,* ]]
2026-09-22T18:41:09.6999708Z + bench+=("$cpu")
2026-09-22T18:41:09.7000017Z + for cpu in $(expand_cpulist "$(cat /sys/devices/system/cpu/online)")
2026-09-22T18:41:09.7000386Z + [[ ,0,1, == *\,\5\,* ]]
2026-09-22T18:41:09.7000612Z + bench+=("$cpu")
2026-09-22T18:41:09.7000934Z + for cpu in $(expand_cpulist "$(cat /sys/devices/system/cpu/online)")
2026-09-22T18:41:09.7001303Z + [[ ,0,1, == *\,\6\,* ]]
2026-09-22T18:41:09.7001525Z + bench+=("$cpu")
2026-09-22T18:41:09.7001839Z + for cpu in $(expand_cpulist "$(cat /sys/devices/system/cpu/online)")
2026-09-22T18:41:09.7002210Z + [[ ,0,1, == *\,\7\,* ]]
2026-09-22T18:41:09.7002431Z + bench+=("$cpu")
2026-09-22T18:41:09.7002810Z + for cpu in $(expand_cpulist "$(cat /sys/devices/system/cpu/online)")
2026-09-22T18:41:09.7003511Z + [[ ,0,1, == *\,\8\,* ]]
2026-09-22T18:41:09.7003736Z + bench+=("$cpu")
2026-09-22T18:41:09.7004042Z + for cpu in $(expand_cpulist "$(cat /sys/devices/system/cpu/online)")
2026-09-22T18:41:09.7004404Z + [[ ,0,1, == *\,\9\,* ]]
2026-09-22T18:41:09.7004631Z + bench+=("$cpu")
2026-09-22T18:41:09.7004940Z + for cpu in $(expand_cpulist "$(cat /sys/devices/system/cpu/online)")
2026-09-22T18:41:09.7005307Z + [[ ,0,1, == *\,\1\0\,* ]]
2026-09-22T18:41:09.7005531Z + bench+=("$cpu")
2026-09-22T18:41:09.7005844Z + for cpu in $(expand_cpulist "$(cat /sys/devices/system/cpu/online)")
2026-09-22T18:41:09.7006211Z + [[ ,0,1, == *\,\1\1\,* ]]
2026-09-22T18:41:09.7006439Z + bench+=("$cpu")
2026-09-22T18:41:09.7006748Z + for cpu in $(expand_cpulist "$(cat /sys/devices/system/cpu/online)")
2026-09-22T18:41:09.7007122Z + [[ ,0,1, == *\,\1\2\,* ]]
2026-09-22T18:41:09.7007344Z + bench+=("$cpu")
2026-09-22T18:41:09.7007652Z + for cpu in $(expand_cpulist "$(cat /sys/devices/system/cpu/online)")
2026-09-22T18:41:09.7008023Z + [[ ,0,1, == *\,\1\3\,* ]]
2026-09-22T18:41:09.7008248Z + bench+=("$cpu")
2026-09-22T18:41:09.7008549Z + for cpu in $(expand_cpulist "$(cat /sys/devices/system/cpu/online)")
2026-09-22T18:41:09.7008916Z + [[ ,0,1, == *\,\1\4\,* ]]
2026-09-22T18:41:09.7009140Z + bench+=("$cpu")
2026-09-22T18:41:09.7009442Z + for cpu in $(expand_cpulist "$(cat /sys/devices/system/cpu/online)")
2026-09-22T18:41:09.7009808Z + [[ ,0,1, == *\,\1\5\,* ]]
2026-09-22T18:41:09.7010029Z + bench+=("$cpu")
2026-09-22T18:41:09.7010542Z + for cpu in $(expand_cpulist "$(cat /sys/devices/system/cpu/online)")
2026-09-22T18:41:09.7010978Z + [[ ,0,1, == *\,\1\6\,* ]]
2026-09-22T18:41:09.7011209Z + bench+=("$cpu")
2026-09-22T18:41:09.7011513Z + for cpu in $(expand_cpulist "$(cat /sys/devices/system/cpu/online)")
2026-09-22T18:41:09.7011875Z + [[ ,0,1, == *\,\1\7\,* ]]
2026-09-22T18:41:09.7012101Z + bench+=("$cpu")
2026-09-22T18:41:09.7012408Z + for cpu in $(expand_cpulist "$(cat /sys/devices/system/cpu/online)")
2026-09-22T18:41:09.7012774Z + [[ ,0,1, == *\,\1\8\,* ]]
2026-09-22T18:41:09.7013003Z + bench+=("$cpu")
2026-09-22T18:41:09.7013309Z + for cpu in $(expand_cpulist "$(cat /sys/devices/system/cpu/online)")
2026-09-22T18:41:09.7013758Z + [[ ,0,1, == *\,\1\9\,* ]]
2026-09-22T18:41:09.7013991Z + bench+=("$cpu")
2026-09-22T18:41:09.7014294Z + for cpu in $(expand_cpulist "$(cat /sys/devices/system/cpu/online)")
2026-09-22T18:41:09.7014655Z + [[ ,0,1, == *\,\2\0\,* ]]
2026-09-22T18:41:09.7014877Z + bench+=("$cpu")
2026-09-22T18:41:09.7015189Z + for cpu in $(expand_cpulist "$(cat /sys/devices/system/cpu/online)")
2026-09-22T18:41:09.7015554Z + [[ ,0,1, == *\,\2\1\,* ]]
2026-09-22T18:41:09.7015777Z + bench+=("$cpu")
2026-09-22T18:41:09.7016084Z + for cpu in $(expand_cpulist "$(cat /sys/devices/system/cpu/online)")
2026-09-22T18:41:09.7016447Z + [[ ,0,1, == *\,\2\2\,* ]]
2026-09-22T18:41:09.7016675Z + bench+=("$cpu")
2026-09-22T18:41:09.7016982Z + for cpu in $(expand_cpulist "$(cat /sys/devices/system/cpu/online)")
2026-09-22T18:41:09.7017352Z + [[ ,0,1, == *\,\2\3\,* ]]
2026-09-22T18:41:09.7017580Z + bench+=("$cpu")
2026-09-22T18:41:09.7017891Z + for cpu in $(expand_cpulist "$(cat /sys/devices/system/cpu/online)")
2026-09-22T18:41:09.7018261Z + [[ ,0,1, == *\,\2\4\,* ]]
2026-09-22T18:41:09.7018485Z + bench+=("$cpu")
2026-09-22T18:41:09.7018791Z + for cpu in $(expand_cpulist "$(cat /sys/devices/system/cpu/online)")
2026-09-22T18:41:09.7019165Z + [[ ,0,1, == *\,\2\5\,* ]]
2026-09-22T18:41:09.7019397Z + bench+=("$cpu")
2026-09-22T18:41:09.7019707Z + for cpu in $(expand_cpulist "$(cat /sys/devices/system/cpu/online)")
2026-09-22T18:41:09.7020076Z + [[ ,0,1, == *\,\2\6\,* ]]
2026-09-22T18:41:09.7020296Z + bench+=("$cpu")
2026-09-22T18:41:09.7020597Z + for cpu in $(expand_cpulist "$(cat /sys/devices/system/cpu/online)")
2026-09-22T18:41:09.7020967Z + [[ ,0,1, == *\,\2\7\,* ]]
2026-09-22T18:41:09.7021185Z + bench+=("$cpu")
2026-09-22T18:41:09.7021487Z + for cpu in $(expand_cpulist "$(cat /sys/devices/system/cpu/online)")
2026-09-22T18:41:09.7022083Z + [[ ,0,1, == *\,\2\8\,* ]]
2026-09-22T18:41:09.7022308Z + bench+=("$cpu")
2026-09-22T18:41:09.7022614Z + for cpu in $(expand_cpulist "$(cat /sys/devices/system/cpu/online)")
2026-09-22T18:41:09.7022976Z + [[ ,0,1, == *\,\2\9\,* ]]
2026-09-22T18:41:09.7023206Z + bench+=("$cpu")
2026-09-22T18:41:09.7023584Z + for cpu in $(expand_cpulist "$(cat /sys/devices/system/cpu/online)")
2026-09-22T18:41:09.7023959Z + [[ ,0,1, == *\,\3\0\,* ]]
2026-09-22T18:41:09.7024201Z + bench+=("$cpu")
2026-09-22T18:41:09.7024513Z + for cpu in $(expand_cpulist "$(cat /sys/devices/system/cpu/online)")
2026-09-22T18:41:09.7024888Z + [[ ,0,1, == *\,\3\1\,* ]]
2026-09-22T18:41:09.7025113Z + bench+=("$cpu")
2026-09-22T18:41:09.7025421Z + for cpu in $(expand_cpulist "$(cat /sys/devices/system/cpu/online)")
2026-09-22T18:41:09.7025783Z + [[ ,0,1, == *\,\3\2\,* ]]
2026-09-22T18:41:09.7026007Z + bench+=("$cpu")
2026-09-22T18:41:09.7026316Z + for cpu in $(expand_cpulist "$(cat /sys/devices/system/cpu/online)")
2026-09-22T18:41:09.7026685Z + [[ ,0,1, == *\,\3\3\,* ]]
2026-09-22T18:41:09.7026909Z + bench+=("$cpu")
2026-09-22T18:41:09.7027219Z + for cpu in $(expand_cpulist "$(cat /sys/devices/system/cpu/online)")
2026-09-22T18:41:09.7027588Z + [[ ,0,1, == *\,\3\4\,* ]]
2026-09-22T18:41:09.7027808Z + bench+=("$cpu")
2026-09-22T18:41:09.7028111Z + for cpu in $(expand_cpulist "$(cat /sys/devices/system/cpu/online)")
2026-09-22T18:41:09.7028480Z + [[ ,0,1, == *\,\3\5\,* ]]
2026-09-22T18:41:09.7028704Z + bench+=("$cpu")
2026-09-22T18:41:09.7029205Z + for cpu in $(expand_cpulist "$(cat /sys/devices/system/cpu/online)")
2026-09-22T18:41:09.7029629Z + [[ ,0,1, == *\,\3\6\,* ]]
2026-09-22T18:41:09.7029858Z + bench+=("$cpu")
2026-09-22T18:41:09.7030167Z + for cpu in $(expand_cpulist "$(cat /sys/devices/system/cpu/online)")
2026-09-22T18:41:09.7030534Z + [[ ,0,1, == *\,\3\7\,* ]]
2026-09-22T18:41:09.7030761Z + bench+=("$cpu")
2026-09-22T18:41:09.7031068Z + for cpu in $(expand_cpulist "$(cat /sys/devices/system/cpu/online)")
2026-09-22T18:41:09.7031439Z + [[ ,0,1, == *\,\3\8\,* ]]
2026-09-22T18:41:09.7031668Z + bench+=("$cpu")
2026-09-22T18:41:09.7031973Z + for cpu in $(expand_cpulist "$(cat /sys/devices/system/cpu/online)")
2026-09-22T18:41:09.7032338Z + [[ ,0,1, == *\,\3\9\,* ]]
2026-09-22T18:41:09.7032561Z + bench+=("$cpu")
2026-09-22T18:41:09.7032862Z + for cpu in $(expand_cpulist "$(cat /sys/devices/system/cpu/online)")
2026-09-22T18:41:09.7033223Z + [[ ,0,1, == *\,\4\0\,* ]]
2026-09-22T18:41:09.7033521Z + bench+=("$cpu")
2026-09-22T18:41:09.7033848Z + for cpu in $(expand_cpulist "$(cat /sys/devices/system/cpu/online)")
2026-09-22T18:41:09.7034212Z + [[ ,0,1, == *\,\4\1\,* ]]
2026-09-22T18:41:09.7034436Z + bench+=("$cpu")
2026-09-22T18:41:09.7034745Z + for cpu in $(expand_cpulist "$(cat /sys/devices/system/cpu/online)")
2026-09-22T18:41:09.7035110Z + [[ ,0,1, == *\,\4\2\,* ]]
2026-09-22T18:41:09.7035330Z + bench+=("$cpu")
2026-09-22T18:41:09.7035636Z + for cpu in $(expand_cpulist "$(cat /sys/devices/system/cpu/online)")
2026-09-22T18:41:09.7036004Z + [[ ,0,1, == *\,\4\3\,* ]]
2026-09-22T18:41:09.7036228Z + bench+=("$cpu")
2026-09-22T18:41:09.7036538Z + for cpu in $(expand_cpulist "$(cat /sys/devices/system/cpu/online)")
2026-09-22T18:41:09.7036902Z + [[ ,0,1, == *\,\4\4\,* ]]
2026-09-22T18:41:09.7037125Z + bench+=("$cpu")
2026-09-22T18:41:09.7037431Z + for cpu in $(expand_cpulist "$(cat /sys/devices/system/cpu/online)")
2026-09-22T18:41:09.7037804Z + [[ ,0,1, == *\,\4\5\,* ]]
2026-09-22T18:41:09.7038029Z + bench+=("$cpu")
2026-09-22T18:41:09.7038340Z + for cpu in $(expand_cpulist "$(cat /sys/devices/system/cpu/online)")
2026-09-22T18:41:09.7038715Z + [[ ,0,1, == *\,\4\6\,* ]]
2026-09-22T18:41:09.7038941Z + bench+=("$cpu")
2026-09-22T18:41:09.7039248Z + for cpu in $(expand_cpulist "$(cat /sys/devices/system/cpu/online)")
2026-09-22T18:41:09.7039613Z + [[ ,0,1, == *\,\4\7\,* ]]
2026-09-22T18:41:09.7039838Z + bench+=("$cpu")
2026-09-22T18:41:09.7040147Z + for cpu in $(expand_cpulist "$(cat /sys/devices/system/cpu/online)")
2026-09-22T18:41:09.7040760Z + [[ ,0,1, == *\,\4\8\,* ]]
2026-09-22T18:41:09.7040989Z + bench+=("$cpu")
2026-09-22T18:41:09.7041295Z + for cpu in $(expand_cpulist "$(cat /sys/devices/system/cpu/online)")
2026-09-22T18:41:09.7041659Z + [[ ,0,1, == *\,\4\9\,* ]]
2026-09-22T18:41:09.7041883Z + bench+=("$cpu")
2026-09-22T18:41:09.7042188Z + for cpu in $(expand_cpulist "$(cat /sys/devices/system/cpu/online)")
2026-09-22T18:41:09.7042548Z + [[ ,0,1, == *\,\5\0\,* ]]
2026-09-22T18:41:09.7042773Z + bench+=("$cpu")
2026-09-22T18:41:09.7043084Z + for cpu in $(expand_cpulist "$(cat /sys/devices/system/cpu/online)")
2026-09-22T18:41:09.7043526Z + [[ ,0,1, == *\,\5\1\,* ]]
2026-09-22T18:41:09.7043755Z + bench+=("$cpu")
2026-09-22T18:41:09.7044063Z + for cpu in $(expand_cpulist "$(cat /sys/devices/system/cpu/online)")
2026-09-22T18:41:09.7044430Z + [[ ,0,1, == *\,\5\2\,* ]]
2026-09-22T18:41:09.7044654Z + bench+=("$cpu")
2026-09-22T18:41:09.7044959Z + for cpu in $(expand_cpulist "$(cat /sys/devices/system/cpu/online)")
2026-09-22T18:41:09.7045328Z + [[ ,0,1, == *\,\5\3\,* ]]
2026-09-22T18:41:09.7045551Z + bench+=("$cpu")
2026-09-22T18:41:09.7045855Z + for cpu in $(expand_cpulist "$(cat /sys/devices/system/cpu/online)")
2026-09-22T18:41:09.7046216Z + [[ ,0,1, == *\,\5\4\,* ]]
2026-09-22T18:41:09.7046437Z + bench+=("$cpu")
2026-09-22T18:41:09.7046741Z + for cpu in $(expand_cpulist "$(cat /sys/devices/system/cpu/online)")
2026-09-22T18:41:09.7047108Z + [[ ,0,1, == *\,\5\5\,* ]]
2026-09-22T18:41:09.7047331Z + bench+=("$cpu")
2026-09-22T18:41:09.7047824Z + for cpu in $(expand_cpulist "$(cat /sys/devices/system/cpu/online)")
2026-09-22T18:41:09.7048218Z + [[ ,0,1, == *\,\5\6\,* ]]
2026-09-22T18:41:09.7048443Z + bench+=("$cpu")
2026-09-22T18:41:09.7048749Z + for cpu in $(expand_cpulist "$(cat /sys/devices/system/cpu/online)")
2026-09-22T18:41:09.7049115Z + [[ ,0,1, == *\,\5\7\,* ]]
2026-09-22T18:41:09.7049338Z + bench+=("$cpu")
2026-09-22T18:41:09.7049641Z + for cpu in $(expand_cpulist "$(cat /sys/devices/system/cpu/online)")
2026-09-22T18:41:09.7050008Z + [[ ,0,1, == *\,\5\8\,* ]]
2026-09-22T18:41:09.7050233Z + bench+=("$cpu")
2026-09-22T18:41:09.7050535Z + for cpu in $(expand_cpulist "$(cat /sys/devices/system/cpu/online)")
2026-09-22T18:41:09.7050898Z + [[ ,0,1, == *\,\5\9\,* ]]
2026-09-22T18:41:09.7051122Z + bench+=("$cpu")
2026-09-22T18:41:09.7051427Z + for cpu in $(expand_cpulist "$(cat /sys/devices/system/cpu/online)")
2026-09-22T18:41:09.7051792Z + [[ ,0,1, == *\,\6\0\,* ]]
2026-09-22T18:41:09.7052016Z + bench+=("$cpu")
2026-09-22T18:41:09.7052325Z + for cpu in $(expand_cpulist "$(cat /sys/devices/system/cpu/online)")
2026-09-22T18:41:09.7052693Z + [[ ,0,1, == *\,\6\1\,* ]]
2026-09-22T18:41:09.7052917Z + bench+=("$cpu")
2026-09-22T18:41:09.7053228Z + for cpu in $(expand_cpulist "$(cat /sys/devices/system/cpu/online)")
2026-09-22T18:41:09.7053676Z + [[ ,0,1, == *\,\6\2\,* ]]
2026-09-22T18:41:09.7053904Z + bench+=("$cpu")
2026-09-22T18:41:09.7054210Z + for cpu in $(expand_cpulist "$(cat /sys/devices/system/cpu/online)")
2026-09-22T18:41:09.7054581Z + [[ ,0,1, == *\,\6\3\,* ]]
2026-09-22T18:41:09.7054805Z + bench+=("$cpu")
2026-09-22T18:41:09.7055038Z ++ IFS=,
2026-09-22T18:41:09.7055531Z ++ echo 2,3,4,5,6,7,8,9,10,11,12,13,14,15,16,17,18,19,20,21,22,23,24,25,26,27,28,29,30,31,32,33,34,35,36,37,38,39,40,41,42,43,44,45,46,47,48,49,50,51,52,53,54,55,56,57,58,59,60,61,62,63
2026-09-22T18:41:09.7056427Z + BENCH_CPUS=2,3,4,5,6,7,8,9,10,11,12,13,14,15,16,17,18,19,20,21,22,23,24,25,26,27,28,29,30,31,32,33,34,35,36,37,38,39,40,41,42,43,44,45,46,47,48,49,50,51,52,53,54,55,56,57,58,59,60,61,62,63
2026-09-22T18:41:09.7057024Z + NET_IRQS=()
2026-09-22T18:41:09.7057228Z + declare -A NET_IRQS
2026-09-22T18:41:09.7057447Z + bench_cpu_arr=()
2026-09-22T18:41:09.7057646Z + IFS=
2026-09-22T18:41:09.7057821Z + read -r cpu
2026-09-22T18:41:09.7058362Z ++ expand_cpulist 2,3,4,5,6,7,8,9,10,11,12,13,14,15,16,17,18,19,20,21,22,23,24,25,26,27,28,29,30,31,32,33,34,35,36,37,38,39,40,41,42,43,44,45,46,47,48,49,50,51,52,53,54,55,56,57,58,59,60,61,62,63
2026-09-22T18:41:09.7059498Z ++ [[ -n 2,3,4,5,6,7,8,9,10,11,12,13,14,15,16,17,18,19,20,21,22,23,24,25,26,27,28,29,30,31,32,33,34,35,36,37,38,39,40,41,42,43,44,45,46,47,48,49,50,51,52,53,54,55,56,57,58,59,60,61,62,63 ]]
2026-09-22T18:41:09.7060078Z ++ local parts part
2026-09-22T18:41:09.7060284Z ++ IFS=,
2026-09-22T18:41:09.7060468Z ++ read -ra parts
2026-09-22T18:41:09.7060684Z ++ for part in "${parts[@]}"
2026-09-22T18:41:09.7060919Z ++ seq 2 2
2026-09-22T18:41:09.7061108Z + bench_cpu_arr+=("$cpu")
2026-09-22T18:41:09.7061333Z + IFS=
2026-09-22T18:41:09.7061509Z + read -r cpu
2026-09-22T18:41:09.7061718Z ++ for part in "${parts[@]}"
2026-09-22T18:41:09.7061953Z ++ seq 3 3
2026-09-22T18:41:09.7062141Z + bench_cpu_arr+=("$cpu")
2026-09-22T18:41:09.7062367Z + IFS=
2026-09-22T18:41:09.7062542Z + read -r cpu
2026-09-22T18:41:09.7062750Z ++ for part in "${parts[@]}"
2026-09-22T18:41:09.7062983Z ++ seq 4 4
2026-09-22T18:41:09.7063171Z + bench_cpu_arr+=("$cpu")
2026-09-22T18:41:09.7063392Z + IFS=
2026-09-22T18:41:09.7063680Z + read -r cpu
2026-09-22T18:41:09.7063894Z ++ for part in "${parts[@]}"
2026-09-22T18:41:09.7064126Z ++ seq 5 5
2026-09-22T18:41:09.7064321Z + bench_cpu_arr+=("$cpu")
2026-09-22T18:41:09.7064538Z + IFS=
2026-09-22T18:41:09.7064712Z + read -r cpu
2026-09-22T18:41:09.7064918Z ++ for part in "${parts[@]}"
2026-09-22T18:41:09.7065149Z ++ seq 6 6
2026-09-22T18:41:09.7065334Z + bench_cpu_arr+=("$cpu")
2026-09-22T18:41:09.7065552Z + IFS=
2026-09-22T18:41:09.7065731Z + read -r cpu
2026-09-22T18:41:09.7065934Z ++ for part in "${parts[@]}"
2026-09-22T18:41:09.7066166Z ++ seq 7 7
2026-09-22T18:41:09.7066558Z + bench_cpu_arr+=("$cpu")
2026-09-22T18:41:09.7066815Z + IFS=
2026-09-22T18:41:09.7066997Z + read -r cpu
2026-09-22T18:41:09.7067200Z ++ for part in "${parts[@]}"
2026-09-22T18:41:09.7067431Z ++ seq 8 8
2026-09-22T18:41:09.7067630Z + bench_cpu_arr+=("$cpu")
2026-09-22T18:41:09.7067847Z + IFS=
2026-09-22T18:41:09.7068022Z + read -r cpu
2026-09-22T18:41:09.7068226Z ++ for part in "${parts[@]}"
2026-09-22T18:41:09.7068465Z ++ seq 9 9
2026-09-22T18:41:09.7068652Z + bench_cpu_arr+=("$cpu")
2026-09-22T18:41:09.7068873Z + IFS=
2026-09-22T18:41:09.7069049Z + read -r cpu
2026-09-22T18:41:09.7069253Z ++ for part in "${parts[@]}"
2026-09-22T18:41:09.7069499Z ++ seq 10 10
2026-09-22T18:41:09.7072288Z + bench_cpu_arr+=("$cpu")
2026-09-22T18:41:09.7072547Z + IFS=
2026-09-22T18:41:09.7072731Z + read -r cpu
2026-09-22T18:41:09.7072941Z ++ for part in "${parts[@]}"
2026-09-22T18:41:09.7073175Z ++ seq 11 11
2026-09-22T18:41:09.7079329Z + bench_cpu_arr+=("$cpu")
2026-09-22T18:41:09.7079566Z + IFS=
2026-09-22T18:41:09.7079758Z + read -r cpu
2026-09-22T18:41:09.7079967Z ++ for part in "${parts[@]}"
2026-09-22T18:41:09.7080204Z ++ seq 12 12
2026-09-22T18:41:09.7086634Z + bench_cpu_arr+=("$cpu")
2026-09-22T18:41:09.7086908Z + IFS=
2026-09-22T18:41:09.7087092Z + read -r cpu
2026-09-22T18:41:09.7087303Z ++ for part in "${parts[@]}"
2026-09-22T18:41:09.7087542Z ++ seq 13 13
2026-09-22T18:41:09.7093630Z + bench_cpu_arr+=("$cpu")
2026-09-22T18:41:09.7093885Z + IFS=
2026-09-22T18:41:09.7094066Z + read -r cpu
2026-09-22T18:41:09.7094274Z ++ for part in "${parts[@]}"
2026-09-22T18:41:09.7094511Z ++ seq 14 14
2026-09-22T18:41:09.7100577Z + bench_cpu_arr+=("$cpu")
2026-09-22T18:41:09.7100852Z + IFS=
2026-09-22T18:41:09.7101034Z + read -r cpu
2026-09-22T18:41:09.7101244Z ++ for part in "${parts[@]}"
2026-09-22T18:41:09.7101479Z ++ seq 15 15
2026-09-22T18:41:09.7107581Z + bench_cpu_arr+=("$cpu")
2026-09-22T18:41:09.7107851Z + IFS=
2026-09-22T18:41:09.7108029Z + read -r cpu
2026-09-22T18:41:09.7108240Z ++ for part in "${parts[@]}"
2026-09-22T18:41:09.7108481Z ++ seq 16 16
2026-09-22T18:41:09.7114179Z + bench_cpu_arr+=("$cpu")
2026-09-22T18:41:09.7114415Z + IFS=
2026-09-22T18:41:09.7114595Z + read -r cpu
2026-09-22T18:41:09.7114807Z ++ for part in "${parts[@]}"
2026-09-22T18:41:09.7115042Z ++ seq 17 17
2026-09-22T18:41:09.7120845Z + bench_cpu_arr+=("$cpu")
2026-09-22T18:41:09.7121095Z + IFS=
2026-09-22T18:41:09.7121271Z + read -r cpu
2026-09-22T18:41:09.7121822Z ++ for part in "${parts[@]}"
2026-09-22T18:41:09.7122062Z ++ seq 18 18
2026-09-22T18:41:09.7127548Z + bench_cpu_arr+=("$cpu")
2026-09-22T18:41:09.7127815Z + IFS=
2026-09-22T18:41:09.7127993Z + read -r cpu
2026-09-22T18:41:09.7128201Z ++ for part in "${parts[@]}"
2026-09-22T18:41:09.7128437Z ++ seq 19 19
2026-09-22T18:41:09.7134410Z + bench_cpu_arr+=("$cpu")
2026-09-22T18:41:09.7134675Z + IFS=
2026-09-22T18:41:09.7134857Z + read -r cpu
2026-09-22T18:41:09.7135070Z ++ for part in "${parts[@]}"
2026-09-22T18:41:09.7135305Z ++ seq 20 20
2026-09-22T18:41:09.7141115Z + bench_cpu_arr+=("$cpu")
2026-09-22T18:41:09.7141378Z + IFS=
2026-09-22T18:41:09.7141564Z + read -r cpu
2026-09-22T18:41:09.7141774Z ++ for part in "${parts[@]}"
2026-09-22T18:41:09.7142013Z ++ seq 21 21
2026-09-22T18:41:09.7147840Z + bench_cpu_arr+=("$cpu")
2026-09-22T18:41:09.7148094Z + IFS=
2026-09-22T18:41:09.7148275Z + read -r cpu
2026-09-22T18:41:09.7148487Z ++ for part in "${parts[@]}"
2026-09-22T18:41:09.7148723Z ++ seq 22 22
2026-09-22T18:41:09.7154553Z + bench_cpu_arr+=("$cpu")
2026-09-22T18:41:09.7154788Z + IFS=
2026-09-22T18:41:09.7154970Z + read -r cpu
2026-09-22T18:41:09.7155179Z ++ for part in "${parts[@]}"
2026-09-22T18:41:09.7155417Z ++ seq 23 23
2026-09-22T18:41:09.7161748Z + bench_cpu_arr+=("$cpu")
2026-09-22T18:41:09.7161988Z + IFS=
2026-09-22T18:41:09.7162167Z + read -r cpu
2026-09-22T18:41:09.7162577Z ++ for part in "${parts[@]}"
2026-09-22T18:41:09.7162864Z ++ seq 24 24
2026-09-22T18:41:09.7168753Z + bench_cpu_arr+=("$cpu")
2026-09-22T18:41:09.7169010Z + IFS=
2026-09-22T18:41:09.7169204Z + read -r cpu
2026-09-22T18:41:09.7169683Z ++ for part in "${parts[@]}"
2026-09-22T18:41:09.7169950Z ++ seq 25 25
2026-09-22T18:41:09.7175494Z + bench_cpu_arr+=("$cpu")
2026-09-22T18:41:09.7175749Z + IFS=
2026-09-22T18:41:09.7175932Z + read -r cpu
2026-09-22T18:41:09.7176147Z ++ for part in "${parts[@]}"
2026-09-22T18:41:09.7176387Z ++ seq 26 26
2026-09-22T18:41:09.7182157Z + bench_cpu_arr+=("$cpu")
2026-09-22T18:41:09.7182460Z + IFS=
2026-09-22T18:41:09.7182658Z + read -r cpu
2026-09-22T18:41:09.7182872Z ++ for part in "${parts[@]}"
2026-09-22T18:41:09.7183108Z ++ seq 27 27
2026-09-22T18:41:09.7188723Z + bench_cpu_arr+=("$cpu")
2026-09-22T18:41:09.7188971Z + IFS=
2026-09-22T18:41:09.7189153Z + read -r cpu
2026-09-22T18:41:09.7189362Z ++ for part in "${parts[@]}"
2026-09-22T18:41:09.7189601Z ++ seq 28 28
2026-09-22T18:41:09.7195541Z + bench_cpu_arr+=("$cpu")
2026-09-22T18:41:09.7195776Z + IFS=
2026-09-22T18:41:09.7195960Z + read -r cpu
2026-09-22T18:41:09.7196171Z ++ for part in "${parts[@]}"
2026-09-22T18:41:09.7196409Z ++ seq 29 29
2026-09-22T18:41:09.7202123Z + bench_cpu_arr+=("$cpu")
2026-09-22T18:41:09.7202393Z + IFS=
2026-09-22T18:41:09.7202578Z + read -r cpu
2026-09-22T18:41:09.7202792Z ++ for part in "${parts[@]}"
2026-09-22T18:41:09.7203030Z ++ seq 30 30
2026-09-22T18:41:09.7208920Z + bench_cpu_arr+=("$cpu")
2026-09-22T18:41:09.7209200Z + IFS=
2026-09-22T18:41:09.7209384Z + read -r cpu
2026-09-22T18:41:09.7209594Z ++ for part in "${parts[@]}"
2026-09-22T18:41:09.7209842Z ++ seq 31 31
2026-09-22T18:41:09.7215842Z + bench_cpu_arr+=("$cpu")
2026-09-22T18:41:09.7216090Z + IFS=
2026-09-22T18:41:09.7216268Z + read -r cpu
2026-09-22T18:41:09.7216480Z ++ for part in "${parts[@]}"
2026-09-22T18:41:09.7216716Z ++ seq 32 32
2026-09-22T18:41:09.7222501Z + bench_cpu_arr+=("$cpu")
2026-09-22T18:41:09.7222756Z + IFS=
2026-09-22T18:41:09.7222939Z + read -r cpu
2026-09-22T18:41:09.7223150Z ++ for part in "${parts[@]}"
2026-09-22T18:41:09.7223389Z ++ seq 33 33
2026-09-22T18:41:09.7229405Z + bench_cpu_arr+=("$cpu")
2026-09-22T18:41:09.7229677Z + IFS=
2026-09-22T18:41:09.7229866Z + read -r cpu
2026-09-22T18:41:09.7230077Z ++ for part in "${parts[@]}"
2026-09-22T18:41:09.7230315Z ++ seq 34 34
2026-09-22T18:41:09.7236479Z + bench_cpu_arr+=("$cpu")
2026-09-22T18:41:09.7236761Z + IFS=
2026-09-22T18:41:09.7236940Z + read -r cpu
2026-09-22T18:41:09.7237146Z ++ for part in "${parts[@]}"
2026-09-22T18:41:09.7237386Z ++ seq 35 35
2026-09-22T18:41:09.7243363Z + bench_cpu_arr+=("$cpu")
2026-09-22T18:41:09.7243681Z + IFS=
2026-09-22T18:41:09.7243878Z + read -r cpu
2026-09-22T18:41:09.7244088Z ++ for part in "${parts[@]}"
2026-09-22T18:41:09.7244324Z ++ seq 36 36
2026-09-22T18:41:09.7250096Z + bench_cpu_arr+=("$cpu")
2026-09-22T18:41:09.7250372Z + IFS=
2026-09-22T18:41:09.7250556Z + read -r cpu
2026-09-22T18:41:09.7250765Z ++ for part in "${parts[@]}"
2026-09-22T18:41:09.7251004Z ++ seq 37 37
2026-09-22T18:41:09.7257160Z + bench_cpu_arr+=("$cpu")
2026-09-22T18:41:09.7257435Z + IFS=
2026-09-22T18:41:09.7257619Z + read -r cpu
2026-09-22T18:41:09.7257842Z ++ for part in "${parts[@]}"
2026-09-22T18:41:09.7258079Z ++ seq 38 38
2026-09-22T18:41:09.7263921Z + bench_cpu_arr+=("$cpu")
2026-09-22T18:41:09.7264172Z + IFS=
2026-09-22T18:41:09.7264358Z + read -r cpu
2026-09-22T18:41:09.7264577Z ++ for part in "${parts[@]}"
2026-09-22T18:41:09.7264812Z ++ seq 39 39
2026-09-22T18:41:09.7270496Z + bench_cpu_arr+=("$cpu")
2026-09-22T18:41:09.7270770Z + IFS=
2026-09-22T18:41:09.7270965Z + read -r cpu
2026-09-22T18:41:09.7271174Z ++ for part in "${parts[@]}"
2026-09-22T18:41:09.7271408Z ++ seq 40 40
2026-09-22T18:41:09.7277344Z + bench_cpu_arr+=("$cpu")
2026-09-22T18:41:09.7277574Z + IFS=
2026-09-22T18:41:09.7277754Z + read -r cpu
2026-09-22T18:41:09.7278093Z ++ for part in "${parts[@]}"
2026-09-22T18:41:09.7278427Z ++ seq 41 41
2026-09-22T18:41:09.7284694Z + bench_cpu_arr+=("$cpu")
2026-09-22T18:41:09.7285130Z + IFS=
2026-09-22T18:41:09.7285382Z + read -r cpu
2026-09-22T18:41:09.7285743Z ++ for part in "${parts[@]}"
2026-09-22T18:41:09.7286061Z ++ seq 42 42
2026-09-22T18:41:09.7296979Z + bench_cpu_arr+=("$cpu")
2026-09-22T18:41:09.7297251Z + IFS=
2026-09-22T18:41:09.7297432Z + read -r cpu
2026-09-22T18:41:09.7297648Z ++ for part in "${parts[@]}"
2026-09-22T18:41:09.7297884Z ++ seq 43 43
2026-09-22T18:41:09.7298325Z + bench_cpu_arr+=("$cpu")
2026-09-22T18:41:09.7298577Z + IFS=
2026-09-22T18:41:09.7298764Z + read -r cpu
2026-09-22T18:41:09.7299130Z ++ for part in "${parts[@]}"
2026-09-22T18:41:09.7299418Z ++ seq 44 44
2026-09-22T18:41:09.7305014Z + bench_cpu_arr+=("$cpu")
2026-09-22T18:41:09.7305262Z + IFS=
2026-09-22T18:41:09.7305444Z + read -r cpu
2026-09-22T18:41:09.7305662Z ++ for part in "${parts[@]}"
2026-09-22T18:41:09.7305899Z ++ seq 45 45
2026-09-22T18:41:09.7311543Z + bench_cpu_arr+=("$cpu")
2026-09-22T18:41:09.7311823Z + IFS=
2026-09-22T18:41:09.7312020Z + read -r cpu
2026-09-22T18:41:09.7312230Z ++ for part in "${parts[@]}"
2026-09-22T18:41:09.7312465Z ++ seq 46 46
2026-09-22T18:41:09.7318282Z + bench_cpu_arr+=("$cpu")
2026-09-22T18:41:09.7318537Z + IFS=
2026-09-22T18:41:09.7318737Z + read -r cpu
2026-09-22T18:41:09.7318950Z ++ for part in "${parts[@]}"
2026-09-22T18:41:09.7319184Z ++ seq 47 47
2026-09-22T18:41:09.7325059Z + bench_cpu_arr+=("$cpu")
2026-09-22T18:41:09.7325308Z + IFS=
2026-09-22T18:41:09.7325489Z + read -r cpu
2026-09-22T18:41:09.7325699Z ++ for part in "${parts[@]}"
2026-09-22T18:41:09.7325939Z ++ seq 48 48
2026-09-22T18:41:09.7331736Z + bench_cpu_arr+=("$cpu")
2026-09-22T18:41:09.7331990Z + IFS=
2026-09-22T18:41:09.7332178Z + read -r cpu
2026-09-22T18:41:09.7332386Z ++ for part in "${parts[@]}"
2026-09-22T18:41:09.7332617Z ++ seq 49 49
2026-09-22T18:41:09.7338232Z + bench_cpu_arr+=("$cpu")
2026-09-22T18:41:09.7338485Z + IFS=
2026-09-22T18:41:09.7338664Z + read -r cpu
2026-09-22T18:41:09.7338875Z ++ for part in "${parts[@]}"
2026-09-22T18:41:09.7339106Z ++ seq 50 50
2026-09-22T18:41:09.7345020Z + bench_cpu_arr+=("$cpu")
2026-09-22T18:41:09.7345252Z + IFS=
2026-09-22T18:41:09.7345437Z + read -r cpu
2026-09-22T18:41:09.7345652Z ++ for part in "${parts[@]}"
2026-09-22T18:41:09.7345896Z ++ seq 51 51
2026-09-22T18:41:09.7351617Z + bench_cpu_arr+=("$cpu")
2026-09-22T18:41:09.7351878Z + IFS=
2026-09-22T18:41:09.7352059Z + read -r cpu
2026-09-22T18:41:09.7352269Z ++ for part in "${parts[@]}"
2026-09-22T18:41:09.7352500Z ++ seq 52 52
2026-09-22T18:41:09.7358294Z + bench_cpu_arr+=("$cpu")
2026-09-22T18:41:09.7358547Z + IFS=
2026-09-22T18:41:09.7358725Z + read -r cpu
2026-09-22T18:41:09.7359219Z ++ for part in "${parts[@]}"
2026-09-22T18:41:09.7359453Z ++ seq 53 53
2026-09-22T18:41:09.7365069Z + bench_cpu_arr+=("$cpu")
2026-09-22T18:41:09.7365304Z + IFS=
2026-09-22T18:41:09.7365481Z + read -r cpu
2026-09-22T18:41:09.7365694Z ++ for part in "${parts[@]}"
2026-09-22T18:41:09.7365925Z ++ seq 54 54
2026-09-22T18:41:09.7371597Z + bench_cpu_arr+=("$cpu")
2026-09-22T18:41:09.7371853Z + IFS=
2026-09-22T18:41:09.7372032Z + read -r cpu
2026-09-22T18:41:09.7372246Z ++ for part in "${parts[@]}"
2026-09-22T18:41:09.7372483Z ++ seq 55 55
2026-09-22T18:41:09.7378340Z + bench_cpu_arr+=("$cpu")
2026-09-22T18:41:09.7378617Z + IFS=
2026-09-22T18:41:09.7378796Z + read -r cpu
2026-09-22T18:41:09.7379008Z ++ for part in "${parts[@]}"
2026-09-22T18:41:09.7379239Z ++ seq 56 56
2026-09-22T18:41:09.7385242Z + bench_cpu_arr+=("$cpu")
2026-09-22T18:41:09.7385498Z + IFS=
2026-09-22T18:41:09.7385677Z + read -r cpu
2026-09-22T18:41:09.7385888Z ++ for part in "${parts[@]}"
2026-09-22T18:41:09.7386126Z ++ seq 57 57
2026-09-22T18:41:09.7392023Z + bench_cpu_arr+=("$cpu")
2026-09-22T18:41:09.7392269Z + IFS=
2026-09-22T18:41:09.7392448Z + read -r cpu
2026-09-22T18:41:09.7392657Z ++ for part in "${parts[@]}"
2026-09-22T18:41:09.7392890Z ++ seq 58 58
2026-09-22T18:41:09.7398695Z + bench_cpu_arr+=("$cpu")
2026-09-22T18:41:09.7398971Z + IFS=
2026-09-22T18:41:09.7399149Z + read -r cpu
2026-09-22T18:41:09.7399360Z ++ for part in "${parts[@]}"
2026-09-22T18:41:09.7399594Z ++ seq 59 59
2026-09-22T18:41:09.7405567Z + bench_cpu_arr+=("$cpu")
2026-09-22T18:41:09.7405831Z + IFS=
2026-09-22T18:41:09.7406010Z + read -r cpu
2026-09-22T18:41:09.7406448Z ++ for part in "${parts[@]}"
2026-09-22T18:41:09.7406754Z ++ seq 60 60
2026-09-22T18:41:09.7412115Z + bench_cpu_arr+=("$cpu")
2026-09-22T18:41:09.7412365Z + IFS=
2026-09-22T18:41:09.7412542Z + read -r cpu
2026-09-22T18:41:09.7412751Z ++ for part in "${parts[@]}"
2026-09-22T18:41:09.7412982Z ++ seq 61 61
2026-09-22T18:41:09.7418683Z + bench_cpu_arr+=("$cpu")
2026-09-22T18:41:09.7418939Z + IFS=
2026-09-22T18:41:09.7419117Z + read -r cpu
2026-09-22T18:41:09.7419326Z ++ for part in "${parts[@]}"
2026-09-22T18:41:09.7419562Z ++ seq 62 62
2026-09-22T18:41:09.7425348Z + bench_cpu_arr+=("$cpu")
2026-09-22T18:41:09.7425604Z + IFS=
2026-09-22T18:41:09.7425787Z + read -r cpu
2026-09-22T18:41:09.7425999Z ++ for part in "${parts[@]}"
2026-09-22T18:41:09.7426232Z ++ seq 63 63
2026-09-22T18:41:09.7431879Z + bench_cpu_arr+=("$cpu")
2026-09-22T18:41:09.7432141Z + IFS=
2026-09-22T18:41:09.7432319Z + read -r cpu
2026-09-22T18:41:09.7435800Z + i=0
2026-09-22T18:41:09.7436834Z + for msi in /sys/class/net/*/device/msi_irqs/*
2026-09-22T18:41:09.7437213Z + [[ -e /sys/class/net/enP1s33/device/msi_irqs/27 ]]
2026-09-22T18:41:09.7437522Z + [[ 62 -gt 0 ]]
2026-09-22T18:41:09.7437712Z + irq=27
2026-09-22T18:41:09.7437889Z + NET_IRQS["$irq"]=1
2026-09-22T18:41:09.7438095Z + echo 2
2026-09-22T18:41:09.7438275Z + i=1
2026-09-22T18:41:09.7438494Z + for msi in /sys/class/net/*/device/msi_irqs/*
2026-09-22T18:41:09.7438858Z + [[ -e /sys/class/net/enP1s33/device/msi_irqs/28 ]]
2026-09-22T18:41:09.7439163Z + [[ 62 -gt 0 ]]
2026-09-22T18:41:09.7439356Z + irq=28
2026-09-22T18:41:09.7439534Z + NET_IRQS["$irq"]=1
2026-09-22T18:41:09.7439740Z + echo 3
2026-09-22T18:41:09.7439909Z + i=2
2026-09-22T18:41:09.7440124Z + for msi in /sys/class/net/*/device/msi_irqs/*
2026-09-22T18:41:09.7440492Z + [[ -e /sys/class/net/enP1s33/device/msi_irqs/29 ]]
2026-09-22T18:41:09.7440794Z + [[ 62 -gt 0 ]]
2026-09-22T18:41:09.7440988Z + irq=29
2026-09-22T18:41:09.7441172Z + NET_IRQS["$irq"]=1
2026-09-22T18:41:09.7441374Z + echo 4
2026-09-22T18:41:09.7441546Z + i=3
2026-09-22T18:41:09.7441761Z + for msi in /sys/class/net/*/device/msi_irqs/*
2026-09-22T18:41:09.7442113Z + [[ -e /sys/class/net/enP1s33/device/msi_irqs/30 ]]
2026-09-22T18:41:09.7442417Z + [[ 62 -gt 0 ]]
2026-09-22T18:41:09.7442609Z + irq=30
2026-09-22T18:41:09.7442793Z + NET_IRQS["$irq"]=1
2026-09-22T18:41:09.7442996Z + echo 5
2026-09-22T18:41:09.7443169Z + i=4
2026-09-22T18:41:09.7443727Z + for msi in /sys/class/net/*/device/msi_irqs/*
2026-09-22T18:41:09.7444089Z + [[ -e /sys/class/net/enP1s33/device/msi_irqs/31 ]]
2026-09-22T18:41:09.7444390Z + [[ 62 -gt 0 ]]
2026-09-22T18:41:09.7444579Z + irq=31
2026-09-22T18:41:09.7444769Z + NET_IRQS["$irq"]=1
2026-09-22T18:41:09.7444970Z + echo 6
2026-09-22T18:41:09.7445136Z + i=5
2026-09-22T18:41:09.7445352Z + for msi in /sys/class/net/*/device/msi_irqs/*
2026-09-22T18:41:09.7445697Z + [[ -e /sys/class/net/enP1s33/device/msi_irqs/32 ]]
2026-09-22T18:41:09.7445999Z + [[ 62 -gt 0 ]]
2026-09-22T18:41:09.7446191Z + irq=32
2026-09-22T18:41:09.7446377Z + NET_IRQS["$irq"]=1
2026-09-22T18:41:09.7446581Z + echo 7
2026-09-22T18:41:09.7446748Z + i=6
2026-09-22T18:41:09.7446967Z + for msi in /sys/class/net/*/device/msi_irqs/*
2026-09-22T18:41:09.7447315Z + [[ -e /sys/class/net/enP1s33/device/msi_irqs/33 ]]
2026-09-22T18:41:09.7447650Z + [[ 62 -gt 0 ]]
2026-09-22T18:41:09.7447841Z + irq=33
2026-09-22T18:41:09.7448018Z + NET_IRQS["$irq"]=1
2026-09-22T18:41:09.7448227Z + echo 8
2026-09-22T18:41:09.7448399Z + i=7
2026-09-22T18:41:09.7448617Z + for msi in /sys/class/net/*/device/msi_irqs/*
2026-09-22T18:41:09.7448958Z + [[ -e /sys/class/net/enP1s33/device/msi_irqs/34 ]]
2026-09-22T18:41:09.7449261Z + [[ 62 -gt 0 ]]
2026-09-22T18:41:09.7449452Z + irq=34
2026-09-22T18:41:09.7449631Z + NET_IRQS["$irq"]=1
2026-09-22T18:41:09.7449833Z + echo 9
2026-09-22T18:41:09.7450009Z + i=8
2026-09-22T18:41:09.7450224Z + for msi in /sys/class/net/*/device/msi_irqs/*
2026-09-22T18:41:09.7450569Z + [[ -e /sys/class/net/enP1s33/device/msi_irqs/35 ]]
2026-09-22T18:41:09.7450875Z + [[ 62 -gt 0 ]]
2026-09-22T18:41:09.7451266Z + irq=35
2026-09-22T18:41:09.7451490Z + NET_IRQS["$irq"]=1
2026-09-22T18:41:09.7451695Z + echo 10
2026-09-22T18:41:09.7451867Z + i=9
2026-09-22T18:41:09.7452082Z + for msi in /sys/class/net/*/device/msi_irqs/*
2026-09-22T18:41:09.7452428Z + [[ -e /sys/class/net/enP1s33/device/msi_irqs/36 ]]
2026-09-22T18:41:09.7452734Z + [[ 62 -gt 0 ]]
2026-09-22T18:41:09.7452922Z + irq=36
2026-09-22T18:41:09.7453106Z + NET_IRQS["$irq"]=1
2026-09-22T18:41:09.7453308Z + echo 11
2026-09-22T18:41:09.7453566Z + i=10
2026-09-22T18:41:09.7453789Z + for msi in /sys/class/net/*/device/msi_irqs/*
2026-09-22T18:41:09.7454134Z + [[ -e /sys/class/net/enP1s33/device/msi_irqs/37 ]]
2026-09-22T18:41:09.7454437Z + [[ 62 -gt 0 ]]
2026-09-22T18:41:09.7454628Z + irq=37
2026-09-22T18:41:09.7454806Z + NET_IRQS["$irq"]=1
2026-09-22T18:41:09.7455010Z + echo 12
2026-09-22T18:41:09.7455182Z + i=11
2026-09-22T18:41:09.7455395Z + for msi in /sys/class/net/*/device/msi_irqs/*
2026-09-22T18:41:09.7455746Z + [[ -e /sys/class/net/enP1s33/device/msi_irqs/38 ]]
2026-09-22T18:41:09.7456051Z + [[ 62 -gt 0 ]]
2026-09-22T18:41:09.7456240Z + irq=38
2026-09-22T18:41:09.7456416Z + NET_IRQS["$irq"]=1
2026-09-22T18:41:09.7456622Z + echo 13
2026-09-22T18:41:09.7456791Z + i=12
2026-09-22T18:41:09.7457010Z + for msi in /sys/class/net/*/device/msi_irqs/*
2026-09-22T18:41:09.7457353Z + [[ -e /sys/class/net/enP1s33/device/msi_irqs/39 ]]
2026-09-22T18:41:09.7457661Z + [[ 62 -gt 0 ]]
2026-09-22T18:41:09.7457849Z + irq=39
2026-09-22T18:41:09.7458026Z + NET_IRQS["$irq"]=1
2026-09-22T18:41:09.7458232Z + echo 14
2026-09-22T18:41:09.7458399Z + i=13
2026-09-22T18:41:09.7458614Z + for msi in /sys/class/net/*/device/msi_irqs/*
2026-09-22T18:41:09.7458962Z + [[ -e /sys/class/net/enP1s33/device/msi_irqs/40 ]]
2026-09-22T18:41:09.7459263Z + [[ 62 -gt 0 ]]
2026-09-22T18:41:09.7459454Z + irq=40
2026-09-22T18:41:09.7459629Z + NET_IRQS["$irq"]=1
2026-09-22T18:41:09.7459835Z + echo 15
2026-09-22T18:41:09.7460003Z + i=14
2026-09-22T18:41:09.7460228Z + for msi in /sys/class/net/*/device/msi_irqs/*
2026-09-22T18:41:09.7460577Z + [[ -e /sys/class/net/enP1s33/device/msi_irqs/41 ]]
2026-09-22T18:41:09.7460879Z + [[ 62 -gt 0 ]]
2026-09-22T18:41:09.7461068Z + irq=41
2026-09-22T18:41:09.7461249Z + NET_IRQS["$irq"]=1
2026-09-22T18:41:09.7461458Z + echo 16
2026-09-22T18:41:09.7461628Z + i=15
2026-09-22T18:41:09.7461845Z + for msi in /sys/class/net/*/device/msi_irqs/*
2026-09-22T18:41:09.7462415Z + [[ -e /sys/class/net/enP1s33/device/msi_irqs/42 ]]
2026-09-22T18:41:09.7462716Z + [[ 62 -gt 0 ]]
2026-09-22T18:41:09.7462904Z + irq=42
2026-09-22T18:41:09.7463079Z + NET_IRQS["$irq"]=1
2026-09-22T18:41:09.7463287Z + echo 17
2026-09-22T18:41:09.7463575Z + i=16
2026-09-22T18:41:09.7463845Z + for msi in /sys/class/net/*/device/msi_irqs/*
2026-09-22T18:41:09.7464194Z + [[ -e /sys/class/net/enP1s33/device/msi_irqs/43 ]]
2026-09-22T18:41:09.7464501Z + [[ 62 -gt 0 ]]
2026-09-22T18:41:09.7464693Z + irq=43
2026-09-22T18:41:09.7464872Z + NET_IRQS["$irq"]=1
2026-09-22T18:41:09.7465077Z + echo 18
2026-09-22T18:41:09.7465252Z + i=17
2026-09-22T18:41:09.7465536Z + for f in /proc/irq/[0-9]*/smp_affinity_list
2026-09-22T18:41:09.7465837Z + irq=1/smp_affinity_list
2026-09-22T18:41:09.7466060Z + irq=1
2026-09-22T18:41:09.7466239Z + [[ -n '' ]]
2026-09-22T18:41:09.7466420Z + echo 0,1
2026-09-22T18:41:09.7466592Z + true
2026-09-22T18:41:09.7466799Z + for f in /proc/irq/[0-9]*/smp_affinity_list
2026-09-22T18:41:09.7467105Z + irq=10/smp_affinity_list
2026-09-22T18:41:09.7467330Z + irq=10
2026-09-22T18:41:09.7467503Z + [[ -n '' ]]
2026-09-22T18:41:09.7467688Z + echo 0,1
2026-09-22T18:41:09.7467858Z + true
2026-09-22T18:41:09.7468065Z + for f in /proc/irq/[0-9]*/smp_affinity_list
2026-09-22T18:41:09.7468370Z + irq=11/smp_affinity_list
2026-09-22T18:41:09.7468599Z + irq=11
2026-09-22T18:41:09.7468770Z + [[ -n '' ]]
2026-09-22T18:41:09.7468950Z + echo 0,1
2026-09-22T18:41:09.7469122Z + true
2026-09-22T18:41:09.7469328Z + for f in /proc/irq/[0-9]*/smp_affinity_list
2026-09-22T18:41:09.7469628Z + irq=12/smp_affinity_list
2026-09-22T18:41:09.7470045Z + irq=12
2026-09-22T18:41:09.7470276Z + [[ -n '' ]]
2026-09-22T18:41:09.7470462Z + echo 0,1
2026-09-22T18:41:09.7470630Z + true
2026-09-22T18:41:09.7470841Z + for f in /proc/irq/[0-9]*/smp_affinity_list
2026-09-22T18:41:09.7471139Z + irq=13/smp_affinity_list
2026-09-22T18:41:09.7471360Z + irq=13
2026-09-22T18:41:09.7471533Z + [[ -n '' ]]
2026-09-22T18:41:09.7471719Z + echo 0,1
2026-09-22T18:41:09.7471936Z + for f in /proc/irq/[0-9]*/smp_affinity_list
2026-09-22T18:41:09.7472238Z + irq=15/smp_affinity_list
2026-09-22T18:41:09.7472465Z + irq=15
2026-09-22T18:41:09.7472638Z + [[ -n '' ]]
2026-09-22T18:41:09.7472821Z + echo 0,1
2026-09-22T18:41:09.7473033Z + for f in /proc/irq/[0-9]*/smp_affinity_list
2026-09-22T18:41:09.7473332Z + irq=2/smp_affinity_list
2026-09-22T18:41:09.7473644Z + irq=2
2026-09-22T18:41:09.7473822Z + [[ -n '' ]]
2026-09-22T18:41:09.7474012Z + echo 0,1
2026-09-22T18:41:09.7474184Z + true
2026-09-22T18:41:09.7474393Z + for f in /proc/irq/[0-9]*/smp_affinity_list
2026-09-22T18:41:09.7474695Z + irq=23/smp_affinity_list
2026-09-22T18:41:09.7474921Z + irq=23
2026-09-22T18:41:09.7475094Z + [[ -n '' ]]
2026-09-22T18:41:09.7475276Z + echo 0,1
2026-09-22T18:41:09.7475451Z + true
2026-09-22T18:41:09.7475657Z + for f in /proc/irq/[0-9]*/smp_affinity_list
2026-09-22T18:41:09.7475954Z + irq=24/smp_affinity_list
2026-09-22T18:41:09.7476180Z + irq=24
2026-09-22T18:41:09.7476366Z + [[ -n '' ]]
2026-09-22T18:41:09.7476547Z + echo 0,1
2026-09-22T18:41:09.7476758Z + for f in /proc/irq/[0-9]*/smp_affinity_list
2026-09-22T18:41:09.7477061Z + irq=25/smp_affinity_list
2026-09-22T18:41:09.7477282Z + irq=25
2026-09-22T18:41:09.7477453Z + [[ -n '' ]]
2026-09-22T18:41:09.7477632Z + echo 0,1
2026-09-22T18:41:09.7477804Z + true
2026-09-22T18:41:09.7478011Z + for f in /proc/irq/[0-9]*/smp_affinity_list
2026-09-22T18:41:09.7478308Z + irq=26/smp_affinity_list
2026-09-22T18:41:09.7478532Z + irq=26
2026-09-22T18:41:09.7478704Z + [[ -n '' ]]
2026-09-22T18:41:09.7478886Z + echo 0,1
2026-09-22T18:41:09.7479062Z + true
2026-09-22T18:41:09.7479278Z + for f in /proc/irq/[0-9]*/smp_affinity_list
2026-09-22T18:41:09.7479571Z + irq=27/smp_affinity_list
2026-09-22T18:41:09.7479794Z + irq=27
2026-09-22T18:41:09.7479979Z + [[ -n 1 ]]
2026-09-22T18:41:09.7480163Z + continue
2026-09-22T18:41:09.7480382Z + for f in /proc/irq/[0-9]*/smp_affinity_list
2026-09-22T18:41:09.7480681Z + irq=28/smp_affinity_list
2026-09-22T18:41:09.7481199Z + irq=28
2026-09-22T18:41:09.7481381Z + [[ -n 1 ]]
2026-09-22T18:41:09.7481562Z + continue
2026-09-22T18:41:09.7481779Z + for f in /proc/irq/[0-9]*/smp_affinity_list
2026-09-22T18:41:09.7482075Z + irq=29/smp_affinity_list
2026-09-22T18:41:09.7482297Z + irq=29
2026-09-22T18:41:09.7482469Z + [[ -n 1 ]]
2026-09-22T18:41:09.7482658Z + continue
2026-09-22T18:41:09.7482873Z + for f in /proc/irq/[0-9]*/smp_affinity_list
2026-09-22T18:41:09.7483169Z + irq=3/smp_affinity_list
2026-09-22T18:41:09.7483398Z + irq=3
2026-09-22T18:41:09.7483655Z + [[ -n '' ]]
2026-09-22T18:41:09.7483849Z + echo 0,1
2026-09-22T18:41:09.7484028Z + true
2026-09-22T18:41:09.7484244Z + for f in /proc/irq/[0-9]*/smp_affinity_list
2026-09-22T18:41:09.7484545Z + irq=30/smp_affinity_list
2026-09-22T18:41:09.7484770Z + irq=30
2026-09-22T18:41:09.7484949Z + [[ -n 1 ]]
2026-09-22T18:41:09.7485132Z + continue
2026-09-22T18:41:09.7485347Z + for f in /proc/irq/[0-9]*/smp_affinity_list
2026-09-22T18:41:09.7485645Z + irq=31/smp_affinity_list
2026-09-22T18:41:09.7485882Z + irq=31
2026-09-22T18:41:09.7486055Z + [[ -n 1 ]]
2026-09-22T18:41:09.7486237Z + continue
2026-09-22T18:41:09.7486451Z + for f in /proc/irq/[0-9]*/smp_affinity_list
2026-09-22T18:41:09.7486747Z + irq=32/smp_affinity_list
2026-09-22T18:41:09.7486969Z + irq=32
2026-09-22T18:41:09.7487145Z + [[ -n 1 ]]
2026-09-22T18:41:09.7487333Z + continue
2026-09-22T18:41:09.7487549Z + for f in /proc/irq/[0-9]*/smp_affinity_list
2026-09-22T18:41:09.7487845Z + irq=33/smp_affinity_list
2026-09-22T18:41:09.7488076Z + irq=33
2026-09-22T18:41:09.7488252Z + [[ -n 1 ]]
2026-09-22T18:41:09.7488639Z + continue
2026-09-22T18:41:09.7488916Z + for f in /proc/irq/[0-9]*/smp_affinity_list
2026-09-22T18:41:09.7489221Z + irq=34/smp_affinity_list
2026-09-22T18:41:09.7489450Z + irq=34
2026-09-22T18:41:09.7489625Z + [[ -n 1 ]]
2026-09-22T18:41:09.7489813Z + continue
2026-09-22T18:41:09.7490025Z + for f in /proc/irq/[0-9]*/smp_affinity_list
2026-09-22T18:41:09.7490321Z + irq=35/smp_affinity_list
2026-09-22T18:41:09.7490555Z + irq=35
2026-09-22T18:41:09.7490730Z + [[ -n 1 ]]
2026-09-22T18:41:09.7490915Z + continue
2026-09-22T18:41:09.7491126Z + for f in /proc/irq/[0-9]*/smp_affinity_list
2026-09-22T18:41:09.7491425Z + irq=36/smp_affinity_list
2026-09-22T18:41:09.7491652Z + irq=36
2026-09-22T18:41:09.7491830Z + [[ -n 1 ]]
2026-09-22T18:41:09.7492018Z + continue
2026-09-22T18:41:09.7492237Z + for f in /proc/irq/[0-9]*/smp_affinity_list
2026-09-22T18:41:09.7492533Z + irq=37/smp_affinity_list
2026-09-22T18:41:09.7492758Z + irq=37
2026-09-22T18:41:09.7492936Z + [[ -n 1 ]]
2026-09-22T18:41:09.7493117Z + continue
2026-09-22T18:41:09.7493335Z + for f in /proc/irq/[0-9]*/smp_affinity_list
2026-09-22T18:41:09.7493724Z + irq=38/smp_affinity_list
2026-09-22T18:41:09.7493951Z + irq=38
2026-09-22T18:41:09.7494126Z + [[ -n 1 ]]
2026-09-22T18:41:09.7494309Z + continue
2026-09-22T18:41:09.7494527Z + for f in /proc/irq/[0-9]*/smp_affinity_list
2026-09-22T18:41:09.7494822Z + irq=39/smp_affinity_list
2026-09-22T18:41:09.7495047Z + irq=39
2026-09-22T18:41:09.7495230Z + [[ -n 1 ]]
2026-09-22T18:41:09.7495411Z + continue
2026-09-22T18:41:09.7495624Z + for f in /proc/irq/[0-9]*/smp_affinity_list
2026-09-22T18:41:09.7495917Z + irq=4/smp_affinity_list
2026-09-22T18:41:09.7496140Z + irq=4
2026-09-22T18:41:09.7496313Z + [[ -n '' ]]
2026-09-22T18:41:09.7496496Z + echo 0,1
2026-09-22T18:41:09.7496672Z + true
2026-09-22T18:41:09.7496883Z + for f in /proc/irq/[0-9]*/smp_affinity_list
2026-09-22T18:41:09.7497179Z + irq=40/smp_affinity_list
2026-09-22T18:41:09.7497406Z + irq=40
2026-09-22T18:41:09.7497585Z + [[ -n 1 ]]
2026-09-22T18:41:09.7497772Z + continue
2026-09-22T18:41:09.7497990Z + for f in /proc/irq/[0-9]*/smp_affinity_list
2026-09-22T18:41:09.7498295Z + irq=41/smp_affinity_list
2026-09-22T18:41:09.7498519Z + irq=41
2026-09-22T18:41:09.7498696Z + [[ -n 1 ]]
2026-09-22T18:41:09.7498882Z + continue
2026-09-22T18:41:09.7499102Z + for f in /proc/irq/[0-9]*/smp_affinity_list
2026-09-22T18:41:09.7499403Z + irq=42/smp_affinity_list
2026-09-22T18:41:09.7499875Z + irq=42
2026-09-22T18:41:09.7500053Z + [[ -n 1 ]]
2026-09-22T18:41:09.7500238Z + continue
2026-09-22T18:41:09.7500452Z + for f in /proc/irq/[0-9]*/smp_affinity_list
2026-09-22T18:41:09.7500749Z + irq=43/smp_affinity_list
2026-09-22T18:41:09.7500976Z + irq=43
2026-09-22T18:41:09.7501149Z + [[ -n 1 ]]
2026-09-22T18:41:09.7501333Z + continue
2026-09-22T18:41:09.7501551Z + for f in /proc/irq/[0-9]*/smp_affinity_list
2026-09-22T18:41:09.7501846Z + irq=44/smp_affinity_list
2026-09-22T18:41:09.7502069Z + irq=44
2026-09-22T18:41:09.7502240Z + [[ -n '' ]]
2026-09-22T18:41:09.7502428Z + echo 0,1
2026-09-22T18:41:09.7502606Z + true
2026-09-22T18:41:09.7502816Z + for f in /proc/irq/[0-9]*/smp_affinity_list
2026-09-22T18:41:09.7503114Z + irq=45/smp_affinity_list
2026-09-22T18:41:09.7503338Z + irq=45
2026-09-22T18:41:09.7503600Z + [[ -n '' ]]
2026-09-22T18:41:09.7503787Z + echo 0,1
2026-09-22T18:41:09.7504006Z + for f in /proc/irq/[0-9]*/smp_affinity_list
2026-09-22T18:41:09.7504304Z + irq=46/smp_affinity_list
2026-09-22T18:41:09.7504534Z + irq=46
2026-09-22T18:41:09.7504712Z + [[ -n '' ]]
2026-09-22T18:41:09.7504894Z + echo 0,1
2026-09-22T18:41:09.7505212Z + for f in /proc/irq/[0-9]*/smp_affinity_list
2026-09-22T18:41:09.7505512Z + irq=47/smp_affinity_list
2026-09-22T18:41:09.7505741Z + irq=47
2026-09-22T18:41:09.7505915Z + [[ -n '' ]]
2026-09-22T18:41:09.7506097Z + echo 0,1
2026-09-22T18:41:09.7506314Z + for f in /proc/irq/[0-9]*/smp_affinity_list
2026-09-22T18:41:09.7506611Z + irq=48/smp_affinity_list
2026-09-22T18:41:09.7506836Z + irq=48
2026-09-22T18:41:09.7507010Z + [[ -n '' ]]
2026-09-22T18:41:09.7507400Z + echo 0,1
2026-09-22T18:41:09.7507637Z + for f in /proc/irq/[0-9]*/smp_affinity_list
2026-09-22T18:41:09.7507933Z + irq=49/smp_affinity_list
2026-09-22T18:41:09.7508161Z + irq=49
2026-09-22T18:41:09.7508335Z + [[ -n '' ]]
2026-09-22T18:41:09.7508517Z + echo 0,1
2026-09-22T18:41:09.7508727Z + for f in /proc/irq/[0-9]*/smp_affinity_list
2026-09-22T18:41:09.7509026Z + irq=5/smp_affinity_list
2026-09-22T18:41:09.7509258Z + irq=5
2026-09-22T18:41:09.7509430Z + [[ -n '' ]]
2026-09-22T18:41:09.7509618Z + echo 0,1
2026-09-22T18:41:09.7509789Z + true
2026-09-22T18:41:09.7509996Z + for f in /proc/irq/[0-9]*/smp_affinity_list
2026-09-22T18:41:09.7510291Z + irq=50/smp_affinity_list
2026-09-22T18:41:09.7510516Z + irq=50
2026-09-22T18:41:09.7510690Z + [[ -n '' ]]
2026-09-22T18:41:09.7510872Z + echo 0,1
2026-09-22T18:41:09.7511085Z + for f in /proc/irq/[0-9]*/smp_affinity_list
2026-09-22T18:41:09.7511380Z + irq=51/smp_affinity_list
2026-09-22T18:41:09.7511607Z + irq=51
2026-09-22T18:41:09.7511782Z + [[ -n '' ]]
2026-09-22T18:41:09.7511971Z + echo 0,1
2026-09-22T18:41:09.7512185Z + for f in /proc/irq/[0-9]*/smp_affinity_list
2026-09-22T18:41:09.7512482Z + irq=52/smp_affinity_list
2026-09-22T18:41:09.7512709Z + irq=52
2026-09-22T18:41:09.7512886Z + [[ -n '' ]]
2026-09-22T18:41:09.7513067Z + echo 0,1
2026-09-22T18:41:09.7513276Z + for f in /proc/irq/[0-9]*/smp_affinity_list
2026-09-22T18:41:09.7513678Z + irq=53/smp_affinity_list
2026-09-22T18:41:09.7513912Z + irq=53
2026-09-22T18:41:09.7514088Z + [[ -n '' ]]
2026-09-22T18:41:09.7514277Z + echo 0,1
2026-09-22T18:41:09.7514489Z + for f in /proc/irq/[0-9]*/smp_affinity_list
2026-09-22T18:41:09.7514785Z + irq=54/smp_affinity_list
2026-09-22T18:41:09.7515017Z + irq=54
2026-09-22T18:41:09.7515192Z + [[ -n '' ]]
2026-09-22T18:41:09.7515374Z + echo 0,1
2026-09-22T18:41:09.7515584Z + for f in /proc/irq/[0-9]*/smp_affinity_list
2026-09-22T18:41:09.7515883Z + irq=55/smp_affinity_list
2026-09-22T18:41:09.7516106Z + irq=55
2026-09-22T18:41:09.7516282Z + [[ -n '' ]]
2026-09-22T18:41:09.7516472Z + echo 0,1
2026-09-22T18:41:09.7516684Z + for f in /proc/irq/[0-9]*/smp_affinity_list
2026-09-22T18:41:09.7516979Z + irq=56/smp_affinity_list
2026-09-22T18:41:09.7517201Z + irq=56
2026-09-22T18:41:09.7517378Z + [[ -n '' ]]
2026-09-22T18:41:09.7517559Z + echo 0,1
2026-09-22T18:41:09.7517771Z + for f in /proc/irq/[0-9]*/smp_affinity_list
2026-09-22T18:41:09.7518069Z + irq=57/smp_affinity_list
2026-09-22T18:41:09.7518511Z + irq=57
2026-09-22T18:41:09.7518684Z + [[ -n '' ]]
2026-09-22T18:41:09.7518863Z + echo 0,1
2026-09-22T18:41:09.7519078Z + for f in /proc/irq/[0-9]*/smp_affinity_list
2026-09-22T18:41:09.7519374Z + irq=58/smp_affinity_list
2026-09-22T18:41:09.7519594Z + irq=58
2026-09-22T18:41:09.7519767Z + [[ -n '' ]]
2026-09-22T18:41:09.7519947Z + echo 0,1
2026-09-22T18:41:09.7520156Z + for f in /proc/irq/[0-9]*/smp_affinity_list
2026-09-22T18:41:09.7520450Z + irq=59/smp_affinity_list
2026-09-22T18:41:09.7520675Z + irq=59
2026-09-22T18:41:09.7520848Z + [[ -n '' ]]
2026-09-22T18:41:09.7521030Z + echo 0,1
2026-09-22T18:41:09.7521249Z + for f in /proc/irq/[0-9]*/smp_affinity_list
2026-09-22T18:41:09.7521544Z + irq=6/smp_affinity_list
2026-09-22T18:41:09.7521763Z + irq=6
2026-09-22T18:41:09.7521932Z + [[ -n '' ]]
2026-09-22T18:41:09.7522114Z + echo 0,1
2026-09-22T18:41:09.7522288Z + true
2026-09-22T18:41:09.7522499Z + for f in /proc/irq/[0-9]*/smp_affinity_list
2026-09-22T18:41:09.7522801Z + irq=60/smp_affinity_list
2026-09-22T18:41:09.7523029Z + irq=60
2026-09-22T18:41:09.7523202Z + [[ -n '' ]]
2026-09-22T18:41:09.7523384Z + echo 0,1
2026-09-22T18:41:09.7523696Z + for f in /proc/irq/[0-9]*/smp_affinity_list
2026-09-22T18:41:09.7523997Z + irq=61/smp_affinity_list
2026-09-22T18:41:09.7524219Z + irq=61
2026-09-22T18:41:09.7524397Z + [[ -n '' ]]
2026-09-22T18:41:09.7524582Z + echo 0,1
2026-09-22T18:41:09.7524795Z + for f in /proc/irq/[0-9]*/smp_affinity_list
2026-09-22T18:41:09.7525091Z + irq=62/smp_affinity_list
2026-09-22T18:41:09.7525317Z + irq=62
2026-09-22T18:41:09.7525488Z + [[ -n '' ]]
2026-09-22T18:41:09.7525870Z + echo 0,1
2026-09-22T18:41:09.7526141Z + for f in /proc/irq/[0-9]*/smp_affinity_list
2026-09-22T18:41:09.7526434Z + irq=63/smp_affinity_list
2026-09-22T18:41:09.7526655Z + irq=63
2026-09-22T18:41:09.7526831Z + [[ -n '' ]]
2026-09-22T18:41:09.7527018Z + echo 0,1
2026-09-22T18:41:09.7527231Z + for f in /proc/irq/[0-9]*/smp_affinity_list
2026-09-22T18:41:09.7527528Z + irq=64/smp_affinity_list
2026-09-22T18:41:09.7527760Z + irq=64
2026-09-22T18:41:09.7527933Z + [[ -n '' ]]
2026-09-22T18:41:09.7528115Z + echo 0,1
2026-09-22T18:41:09.7528325Z + for f in /proc/irq/[0-9]*/smp_affinity_list
2026-09-22T18:41:09.7528625Z + irq=65/smp_affinity_list
2026-09-22T18:41:09.7528846Z + irq=65
2026-09-22T18:41:09.7529017Z + [[ -n '' ]]
2026-09-22T18:41:09.7529201Z + echo 0,1
2026-09-22T18:41:09.7529412Z + for f in /proc/irq/[0-9]*/smp_affinity_list
2026-09-22T18:41:09.7529704Z + irq=66/smp_affinity_list
2026-09-22T18:41:09.7529924Z + irq=66
2026-09-22T18:41:09.7530103Z + [[ -n '' ]]
2026-09-22T18:41:09.7530286Z + echo 0,1
2026-09-22T18:41:09.7530499Z + for f in /proc/irq/[0-9]*/smp_affinity_list
2026-09-22T18:41:09.7530793Z + irq=67/smp_affinity_list
2026-09-22T18:41:09.7531013Z + irq=67
2026-09-22T18:41:09.7531186Z + [[ -n '' ]]
2026-09-22T18:41:09.7531369Z + echo 0,1
2026-09-22T18:41:09.7531581Z + for f in /proc/irq/[0-9]*/smp_affinity_list
2026-09-22T18:41:09.7531875Z + irq=68/smp_affinity_list
2026-09-22T18:41:09.7532109Z + irq=68
2026-09-22T18:41:09.7532285Z + [[ -n '' ]]
2026-09-22T18:41:09.7532466Z + echo 0,1
2026-09-22T18:41:09.7532678Z + for f in /proc/irq/[0-9]*/smp_affinity_list
2026-09-22T18:41:09.7532973Z + irq=69/smp_affinity_list
2026-09-22T18:41:09.7533201Z + irq=69
2026-09-22T18:41:09.7533374Z + [[ -n '' ]]
2026-09-22T18:41:09.7533653Z + echo 0,1
2026-09-22T18:41:09.7533872Z + for f in /proc/irq/[0-9]*/smp_affinity_list
2026-09-22T18:41:09.7534167Z + irq=7/smp_affinity_list
2026-09-22T18:41:09.7534389Z + irq=7
2026-09-22T18:41:09.7534560Z + [[ -n '' ]]
2026-09-22T18:41:09.7534745Z + echo 0,1
2026-09-22T18:41:09.7534923Z + true
2026-09-22T18:41:09.7535131Z + for f in /proc/irq/[0-9]*/smp_affinity_list
2026-09-22T18:41:09.7535429Z + irq=70/smp_affinity_list
2026-09-22T18:41:09.7535653Z + irq=70
2026-09-22T18:41:09.7535826Z + [[ -n '' ]]
2026-09-22T18:41:09.7536008Z + echo 0,1
2026-09-22T18:41:09.7536224Z + for f in /proc/irq/[0-9]*/smp_affinity_list
2026-09-22T18:41:09.7536518Z + irq=71/smp_affinity_list
2026-09-22T18:41:09.7536978Z + irq=71
2026-09-22T18:41:09.7537155Z + [[ -n '' ]]
2026-09-22T18:41:09.7537338Z + echo 0,1
2026-09-22T18:41:09.7537550Z + for f in /proc/irq/[0-9]*/smp_affinity_list
2026-09-22T18:41:09.7537849Z + irq=72/smp_affinity_list
2026-09-22T18:41:09.7538071Z + irq=72
2026-09-22T18:41:09.7538242Z + [[ -n '' ]]
2026-09-22T18:41:09.7538423Z + echo 0,1
2026-09-22T18:41:09.7538639Z + for f in /proc/irq/[0-9]*/smp_affinity_list
2026-09-22T18:41:09.7538932Z + irq=73/smp_affinity_list
2026-09-22T18:41:09.7539154Z + irq=73
2026-09-22T18:41:09.7539325Z + [[ -n '' ]]
2026-09-22T18:41:09.7539507Z + echo 0,1
2026-09-22T18:41:09.7539721Z + for f in /proc/irq/[0-9]*/smp_affinity_list
2026-09-22T18:41:09.7540015Z + irq=74/smp_affinity_list
2026-09-22T18:41:09.7540242Z + irq=74
2026-09-22T18:41:09.7540416Z + [[ -n '' ]]
2026-09-22T18:41:09.7540600Z + echo 0,1
2026-09-22T18:41:09.7540812Z + for f in /proc/irq/[0-9]*/smp_affinity_list
2026-09-22T18:41:09.7541104Z + irq=75/smp_affinity_list
2026-09-22T18:41:09.7541333Z + irq=75
2026-09-22T18:41:09.7541508Z + [[ -n '' ]]
2026-09-22T18:41:09.7541697Z + echo 0,1
2026-09-22T18:41:09.7541910Z + for f in /proc/irq/[0-9]*/smp_affinity_list
2026-09-22T18:41:09.7542205Z + irq=76/smp_affinity_list
2026-09-22T18:41:09.7542435Z + irq=76
2026-09-22T18:41:09.7542608Z + [[ -n '' ]]
2026-09-22T18:41:09.7542791Z + echo 0,1
2026-09-22T18:41:09.7543003Z + for f in /proc/irq/[0-9]*/smp_affinity_list
2026-09-22T18:41:09.7543302Z + irq=77/smp_affinity_list
2026-09-22T18:41:09.7543605Z + irq=77
2026-09-22T18:41:09.7543780Z + [[ -n '' ]]
2026-09-22T18:41:09.7543969Z + echo 0,1
2026-09-22T18:41:09.7544376Z + for f in /proc/irq/[0-9]*/smp_affinity_list
2026-09-22T18:41:09.7544680Z + irq=78/smp_affinity_list
2026-09-22T18:41:09.7544902Z + irq=78
2026-09-22T18:41:09.7545075Z + [[ -n '' ]]
2026-09-22T18:41:09.7545258Z + echo 0,1
2026-09-22T18:41:09.7545468Z + for f in /proc/irq/[0-9]*/smp_affinity_list
2026-09-22T18:41:09.7545763Z + irq=79/smp_affinity_list
2026-09-22T18:41:09.7545985Z + irq=79
2026-09-22T18:41:09.7546164Z + [[ -n '' ]]
2026-09-22T18:41:09.7546344Z + echo 0,1
2026-09-22T18:41:09.7546558Z + for f in /proc/irq/[0-9]*/smp_affinity_list
2026-09-22T18:41:09.7546853Z + irq=8/smp_affinity_list
2026-09-22T18:41:09.7547073Z + irq=8
2026-09-22T18:41:09.7547244Z + [[ -n '' ]]
2026-09-22T18:41:09.7547424Z + echo 0,1
2026-09-22T18:41:09.7547593Z + true
2026-09-22T18:41:09.7547704Z + for f in /proc/irq/[0-9]*/smp_affinity_list
2026-09-22T18:41:09.7547790Z + irq=80/smp_affinity_list
2026-09-22T18:41:09.7547864Z + irq=80
2026-09-22T18:41:09.7547937Z + [[ -n '' ]]
2026-09-22T18:41:09.7548009Z + echo 0,1
2026-09-22T18:41:09.7548124Z + for f in /proc/irq/[0-9]*/smp_affinity_list
2026-09-22T18:41:09.7548212Z + irq=81/smp_affinity_list
2026-09-22T18:41:09.7548284Z + irq=81
2026-09-22T18:41:09.7548358Z + [[ -n '' ]]
2026-09-22T18:41:09.7548432Z + echo 0,1
2026-09-22T18:41:09.7548539Z + for f in /proc/irq/[0-9]*/smp_affinity_list
2026-09-22T18:41:09.7548629Z + irq=82/smp_affinity_list
2026-09-22T18:41:09.7548709Z + irq=82
2026-09-22T18:41:09.7548782Z + [[ -n '' ]]
2026-09-22T18:41:09.7548856Z + echo 0,1
2026-09-22T18:41:09.7548965Z + for f in /proc/irq/[0-9]*/smp_affinity_list
2026-09-22T18:41:09.7549050Z + irq=83/smp_affinity_list
2026-09-22T18:41:09.7549125Z + irq=83
2026-09-22T18:41:09.7549201Z + [[ -n '' ]]
2026-09-22T18:41:09.7549273Z + echo 0,1
2026-09-22T18:41:09.7549392Z + for f in /proc/irq/[0-9]*/smp_affinity_list
2026-09-22T18:41:09.7549481Z + irq=84/smp_affinity_list
2026-09-22T18:41:09.7549552Z + irq=84
2026-09-22T18:41:09.7549628Z + [[ -n '' ]]
2026-09-22T18:41:09.7549704Z + echo 0,1
2026-09-22T18:41:09.7549817Z + for f in /proc/irq/[0-9]*/smp_affinity_list
2026-09-22T18:41:09.7549904Z + irq=85/smp_affinity_list
2026-09-22T18:41:09.7549978Z + irq=85
2026-09-22T18:41:09.7550050Z + [[ -n '' ]]
2026-09-22T18:41:09.7550124Z + echo 0,1
2026-09-22T18:41:09.7550231Z + for f in /proc/irq/[0-9]*/smp_affinity_list
2026-09-22T18:41:09.7550320Z + irq=86/smp_affinity_list
2026-09-22T18:41:09.7550394Z + irq=86
2026-09-22T18:41:09.7550712Z + [[ -n '' ]]
2026-09-22T18:41:09.7551025Z + echo 0,1
2026-09-22T18:41:09.7551259Z + for f in /proc/irq/[0-9]*/smp_affinity_list
2026-09-22T18:41:09.7551398Z + irq=87/smp_affinity_list
2026-09-22T18:41:09.7551515Z + irq=87
2026-09-22T18:41:09.7551608Z + [[ -n '' ]]
2026-09-22T18:41:09.7551767Z + echo 0,1
2026-09-22T18:41:09.7551936Z + for f in /proc/irq/[0-9]*/smp_affinity_list
2026-09-22T18:41:09.7552044Z + irq=88/smp_affinity_list
2026-09-22T18:41:09.7561782Z + irq=88
2026-09-22T18:41:09.7561928Z + [[ -n '' ]]
2026-09-22T18:41:09.7562004Z + echo 0,1
2026-09-22T18:41:09.7562146Z + for f in /proc/irq/[0-9]*/smp_affinity_list
2026-09-22T18:41:09.7562240Z + irq=89/smp_affinity_list
2026-09-22T18:41:09.7562311Z + irq=89
2026-09-22T18:41:09.7562386Z + [[ -n '' ]]
2026-09-22T18:41:09.7562460Z + echo 0,1
2026-09-22T18:41:09.7562573Z + for f in /proc/irq/[0-9]*/smp_affinity_list
2026-09-22T18:41:09.7562662Z + irq=9/smp_affinity_list
2026-09-22T18:41:09.7562736Z + irq=9
2026-09-22T18:41:09.7562816Z + [[ -n '' ]]
2026-09-22T18:41:09.7562891Z + echo 0,1
2026-09-22T18:41:09.7562966Z + true
2026-09-22T18:41:09.7563076Z + for f in /proc/irq/[0-9]*/smp_affinity_list
2026-09-22T18:41:09.7563165Z + irq=90/smp_affinity_list
2026-09-22T18:41:09.7563237Z + irq=90
2026-09-22T18:41:09.7563310Z + [[ -n '' ]]
2026-09-22T18:41:09.7563384Z + echo 0,1
2026-09-22T18:41:09.7563585Z + for f in /proc/irq/[0-9]*/smp_affinity_list
2026-09-22T18:41:09.7563673Z + irq=91/smp_affinity_list
2026-09-22T18:41:09.7563747Z + irq=91
2026-09-22T18:41:09.7563822Z + [[ -n '' ]]
2026-09-22T18:41:09.7563892Z + echo 0,1
2026-09-22T18:41:09.7564226Z + for f in /proc/irq/[0-9]*/smp_affinity_list
2026-09-22T18:41:09.7564378Z + irq=92/smp_affinity_list
2026-09-22T18:41:09.7564448Z + irq=92
2026-09-22T18:41:09.7564523Z + [[ -n '' ]]
2026-09-22T18:41:09.7564593Z + echo 0,1
2026-09-22T18:41:09.7564707Z + for f in /proc/irq/[0-9]*/smp_affinity_list
2026-09-22T18:41:09.7564794Z + irq=93/smp_affinity_list
2026-09-22T18:41:09.7564863Z + irq=93
2026-09-22T18:41:09.7564944Z + [[ -n '' ]]
2026-09-22T18:41:09.7565017Z + echo 0,1
2026-09-22T18:41:09.7565125Z + for f in /proc/irq/[0-9]*/smp_affinity_list
2026-09-22T18:41:09.7565213Z + irq=94/smp_affinity_list
2026-09-22T18:41:09.7565285Z + irq=94
2026-09-22T18:41:09.7565356Z + [[ -n '' ]]
2026-09-22T18:41:09.7565430Z + echo 0,1
2026-09-22T18:41:09.7565514Z + command -v python3
2026-09-22T18:41:09.7565597Z ++ expand_cpulist 0,1
2026-09-22T18:41:09.7565673Z ++ [[ -n 0,1 ]]
2026-09-22T18:41:09.7565757Z ++ local parts part
2026-09-22T18:41:09.7565827Z ++ IFS=,
2026-09-22T18:41:09.7565907Z ++ read -ra parts
2026-09-22T18:41:09.7566134Z ++ python3 -c 'import sys; print(f"{sum(1 << int(l) for l in sys.stdin):x}")'
2026-09-22T18:41:09.7566228Z ++ for part in "${parts[@]}"
2026-09-22T18:41:09.7566301Z ++ seq 0 0
2026-09-22T18:41:09.7566391Z ++ for part in "${parts[@]}"
2026-09-22T18:41:09.7566461Z ++ seq 1 1
2026-09-22T18:41:09.7642643Z + wq_mask=3
2026-09-22T18:41:09.7642841Z + sysfs_write /sys/devices/virtual/workqueue/cpumask 3
2026-09-22T18:41:09.7642931Z + [[ -n 3 ]]
2026-09-22T18:41:09.7643062Z + [[ -w /sys/devices/virtual/workqueue/cpumask ]]
2026-09-22T18:41:09.7643137Z + echo 3
2026-09-22T18:41:09.7648971Z + mkdir -p /etc/systemd/system.conf.d
2026-09-22T18:41:09.7658641Z + cat
2026-09-22T18:41:09.7666949Z + systemctl daemon-reexec
2026-09-22T18:41:10.5102625Z + cat
2026-09-22T18:41:10.5111422Z + chmod 0644 /tmp/vortex-benchmark.env
2026-09-22T18:41:10.5282644Z ##[group]Run CodSpeedHQ/action@4296e51e7041e24dadb86d1d6e8b9320d223dbe8
2026-09-22T18:41:10.5283091Z with:
2026-09-22T18:41:10.5283402Z   run: bash scripts/bench-taskset.sh cargo codspeed run -- '.*::neon::'
2026-09-22T18:41:10.5284195Z   token: ***
2026-09-22T18:41:10.5284397Z   mode: walltime
2026-09-22T18:41:10.5284612Z   cache-instruments: true
2026-09-22T18:41:10.5284902Z   instruments-cache-dir: ~/.cache/codspeed-action
2026-09-22T18:41:10.5285221Z   allow-empty: false
2026-09-22T18:41:10.5285463Z   skip-hash-check-warning: false
2026-09-22T18:41:10.5285990Z env:
2026-09-22T18:41:10.5286179Z   CARGO_TERM_COLOR: always
2026-09-22T18:41:10.5286415Z   RUST_BACKTRACE: 1
2026-09-22T18:41:10.5286645Z   NIGHTLY_TOOLCHAIN: nightly-2026-09-10
2026-09-22T18:41:10.5286947Z   RUNNER_TOOL_CACHE: /opt/hostedtoolcache
2026-09-22T18:41:10.5287233Z   RUNS_ON_HOME: /runs-on
2026-09-22T18:41:10.5287470Z   RUNS_ON_VERSION: v3.3.0
2026-09-22T18:41:10.5287747Z   RUNS_ON_AGENT_BINARY: /runs-on/agent
2026-09-22T18:41:10.5288031Z   RUNS_ON_AGENT_ARCH: arm64
2026-09-22T18:41:10.5288275Z   RUNS_ON_AGENT_USER: runner
2026-09-22T18:41:10.5288534Z   RUNS_ON_AMI_ID: ami-098c62767651982c5
2026-09-22T18:41:10.5288815Z   RUNS_ON_AWS_REGION: us-east-1
2026-09-22T18:41:10.5289069Z   RUNS_ON_AWS_AZ: us-east-1b
2026-09-22T18:41:10.5289351Z   RUNS_ON_ENV_CUSTOM_FILE: /runs-on/env.custom
2026-09-22T18:41:10.5289676Z   RUNS_ON_INSTANCE_ID: i-01c7aaf3797eac8ce
2026-09-22T18:41:10.5289976Z   RUNS_ON_INSTANCE_LIFECYCLE: spot
2026-09-22T18:41:10.5290255Z   RUNS_ON_INSTANCE_TYPE: c7g.metal
2026-09-22T18:41:10.5290534Z   RUNS_ON_STACK_NAME: runs-on-v3
2026-09-22T18:41:10.5290882Z   RUNS_ON_S3_BUCKET_CACHE: runs-on-v3-s3bucketcache-dbnub4tpjhpv
2026-09-22T18:41:10.5291300Z   ACTIONS_RUNNER_HOOK_JOB_STARTED: /runs-on/pre.sh
2026-09-22T18:41:10.5291679Z   ACTIONS_RUNNER_HOOK_JOB_COMPLETED: /runs-on/post.sh
2026-09-22T18:41:10.5292036Z   GITHUB_SERVER_URL: https://github.com/
2026-09-22T18:41:10.5292357Z   GITHUB_API_URL: https://api.github.com/
2026-09-22T18:41:10.5292650Z   GITHUB_HOST: github.com
2026-09-22T18:41:10.5292973Z   RUNS_ON_RUNNER_NAME: runs-on--i-01c7aaf3797eac8ce--eb67d528-4
2026-09-22T18:41:10.5293380Z   RUNS_ON_INSTANCE_LAUNCHED_AT: 2026-09-22T18:39:59Z
2026-09-22T18:41:10.5293862Z   ACTIONS_CACHE_URL: http://10.1.22.117:6871/
2026-09-22T18:41:10.5294188Z   ACTIONS_CACHE_SERVICE_V2: true
2026-09-22T18:41:10.5294484Z   ACTIONS_RESULTS_URL: http://10.1.22.117:6871/
2026-09-22T18:41:10.5294872Z   RUNS_ON_S3_CACHE_REPO_PREFIX: cache/repo/vortex-data/vortex
2026-09-22T18:41:10.5295252Z   RUNS_ON_ACTION_COST_TRACKING_CLAIMED: true
2026-09-22T18:41:10.5295559Z   RUSTUP_TOOLCHAIN: 1.98.0
2026-09-22T18:41:10.5295806Z   DIVAN_SAMPLE_COUNT: 1000
2026-09-22T18:41:10.5296038Z ##[endgroup]
2026-09-22T18:41:10.5301228Z ##[start-action display=Determine runner and kernel version;id=__CodSpeedHQ_action.versions]
2026-09-22T18:41:10.5317989Z ##[group]Run RUNNER_VERSION=""
2026-09-22T18:41:10.5318301Z [36;1mRUNNER_VERSION=""[0m
2026-09-22T18:41:10.5318585Z [36;1mif [ -z "$RUNNER_VERSION" ]; then[0m
2026-09-22T18:41:10.5319023Z [36;1m  RUNNER_VERSION=$(cat $GITHUB_ACTION_PATH/.codspeed-runner-version)[0m
2026-09-22T18:41:10.5319428Z [36;1mfi[0m
2026-09-22T18:41:10.5319722Z [36;1m# Strip 'v' prefix if present to normalize version format[0m
2026-09-22T18:41:10.5320122Z [36;1mRUNNER_VERSION="${RUNNER_VERSION#v}"[0m
2026-09-22T18:41:10.5320416Z [36;1m[0m
2026-09-22T18:41:10.5320776Z [36;1m# Detect version type (priority: latest > version number > branch/rev prefixes)[0m
2026-09-22T18:41:10.5321278Z [36;1mif [ "$RUNNER_VERSION" = "latest" ]; then[0m
2026-09-22T18:41:10.5321600Z [36;1m  VERSION_TYPE="latest"[0m
2026-09-22T18:41:10.5321993Z [36;1melif echo "$RUNNER_VERSION" | grep -qE '^[0-9]+\.[0-9]+\.[0-9]+-'; then[0m
2026-09-22T18:41:10.5322420Z [36;1m  VERSION_TYPE="prerelease"[0m
2026-09-22T18:41:10.5322821Z [36;1melif echo "$RUNNER_VERSION" | grep -qE '^[0-9]+\.[0-9]+\.[0-9]+'; then[0m
2026-09-22T18:41:10.5323561Z [36;1m  VERSION_TYPE="release"[0m
2026-09-22T18:41:10.5323987Z [36;1melif echo "$RUNNER_VERSION" | grep -q '^branch:'; then[0m
2026-09-22T18:41:10.5324357Z [36;1m  VERSION_TYPE="branch"[0m
2026-09-22T18:41:10.5324747Z [36;1m  RUNNER_VERSION=$(echo "$RUNNER_VERSION" | sed 's/^branch://')[0m
2026-09-22T18:41:10.5325210Z [36;1melif echo "$RUNNER_VERSION" | grep -q '^rev:'; then[0m
2026-09-22T18:41:10.5325559Z [36;1m  VERSION_TYPE="rev"[0m
2026-09-22T18:41:10.5325906Z [36;1m  RUNNER_VERSION=$(echo "$RUNNER_VERSION" | sed 's/^rev://')[0m
2026-09-22T18:41:10.5326275Z [36;1melse[0m
2026-09-22T18:41:10.5326682Z [36;1m  # Default to release version[0m
2026-09-22T18:41:10.5326973Z [36;1m  VERSION_TYPE="release"[0m
2026-09-22T18:41:10.5327230Z [36;1mfi[0m
2026-09-22T18:41:10.5327418Z [36;1m[0m
2026-09-22T18:41:10.5327713Z [36;1mecho "runner-version=$RUNNER_VERSION" >> $GITHUB_OUTPUT[0m
2026-09-22T18:41:10.5328155Z [36;1mecho "version-type=$VERSION_TYPE" >> $GITHUB_OUTPUT[0m
2026-09-22T18:41:10.5328496Z [36;1m[0m
2026-09-22T18:41:10.5328716Z [36;1m# Get kernel version for cache key[0m
2026-09-22T18:41:10.5329029Z [36;1mKERNEL_VERSION=$(uname -r)[0m
2026-09-22T18:41:10.5329388Z [36;1mecho "kernel-version=$KERNEL_VERSION" >> $GITHUB_OUTPUT[0m
2026-09-22T18:41:10.5329744Z [36;1m[0m
2026-09-22T18:41:10.5330063Z [36;1m# Normalize mode for cache key (commas are not allowed in cache keys)[0m
2026-09-22T18:41:10.5330526Z [36;1mMODE_CACHE_KEY=$(echo "walltime" | tr ',' '-')[0m
2026-09-22T18:41:10.5330943Z [36;1mecho "mode-cache-key=$MODE_CACHE_KEY" >> $GITHUB_OUTPUT[0m
2026-09-22T18:41:10.5353846Z shell: /usr/bin/bash --noprofile --norc -e -o pipefail {0}
2026-09-22T18:41:10.5354202Z env:
2026-09-22T18:41:10.5354392Z   CARGO_TERM_COLOR: always
2026-09-22T18:41:10.5354630Z   RUST_BACKTRACE: 1
2026-09-22T18:41:10.5354866Z   NIGHTLY_TOOLCHAIN: nightly-2026-09-10
2026-09-22T18:41:10.5355173Z   RUNNER_TOOL_CACHE: /opt/hostedtoolcache
2026-09-22T18:41:10.5355466Z   RUNS_ON_HOME: /runs-on
2026-09-22T18:41:10.5355708Z   RUNS_ON_VERSION: v3.3.0
2026-09-22T18:41:10.5355964Z   RUNS_ON_AGENT_BINARY: /runs-on/agent
2026-09-22T18:41:10.5356250Z   RUNS_ON_AGENT_ARCH: arm64
2026-09-22T18:41:10.5356496Z   RUNS_ON_AGENT_USER: runner
2026-09-22T18:41:10.5356754Z   RUNS_ON_AMI_ID: ami-098c62767651982c5
2026-09-22T18:41:10.5357042Z   RUNS_ON_AWS_REGION: us-east-1
2026-09-22T18:41:10.5357299Z   RUNS_ON_AWS_AZ: us-east-1b
2026-09-22T18:41:10.5357578Z   RUNS_ON_ENV_CUSTOM_FILE: /runs-on/env.custom
2026-09-22T18:41:10.5357906Z   RUNS_ON_INSTANCE_ID: i-01c7aaf3797eac8ce
2026-09-22T18:41:10.5358219Z   RUNS_ON_INSTANCE_LIFECYCLE: spot
2026-09-22T18:41:10.5358495Z   RUNS_ON_INSTANCE_TYPE: c7g.metal
2026-09-22T18:41:10.5358769Z   RUNS_ON_STACK_NAME: runs-on-v3
2026-09-22T18:41:10.5359122Z   RUNS_ON_S3_BUCKET_CACHE: runs-on-v3-s3bucketcache-dbnub4tpjhpv
2026-09-22T18:41:10.5359541Z   ACTIONS_RUNNER_HOOK_JOB_STARTED: /runs-on/pre.sh
2026-09-22T18:41:10.5359913Z   ACTIONS_RUNNER_HOOK_JOB_COMPLETED: /runs-on/post.sh
2026-09-22T18:41:10.5360278Z   GITHUB_SERVER_URL: https://github.com/
2026-09-22T18:41:10.5360598Z   GITHUB_API_URL: https://api.github.com/
2026-09-22T18:41:10.5360894Z   GITHUB_HOST: github.com
2026-09-22T18:41:10.5361218Z   RUNS_ON_RUNNER_NAME: runs-on--i-01c7aaf3797eac8ce--eb67d528-4
2026-09-22T18:41:10.5361625Z   RUNS_ON_INSTANCE_LAUNCHED_AT: 2026-09-22T18:39:59Z
2026-09-22T18:41:10.5361969Z   ACTIONS_CACHE_URL: http://10.1.22.117:6871/
2026-09-22T18:41:10.5362282Z   ACTIONS_CACHE_SERVICE_V2: true
2026-09-22T18:41:10.5362575Z   ACTIONS_RESULTS_URL: http://10.1.22.117:6871/
2026-09-22T18:41:10.5362964Z   RUNS_ON_S3_CACHE_REPO_PREFIX: cache/repo/vortex-data/vortex
2026-09-22T18:41:10.5363343Z   RUNS_ON_ACTION_COST_TRACKING_CLAIMED: true
2026-09-22T18:41:10.5363781Z   RUSTUP_TOOLCHAIN: 1.98.0
2026-09-22T18:41:10.5364030Z   DIVAN_SAMPLE_COUNT: 1000
2026-09-22T18:41:10.5364259Z ##[endgroup]
2026-09-22T18:41:10.5470955Z ##[end-action id=__CodSpeedHQ_action.versions;outcome=success;conclusion=success;duration_ms=16]
2026-09-22T18:41:10.5474197Z ##[start-action display=Cache CodSpeed instruments;id=__CodSpeedHQ_action.__actions_cache]
2026-09-22T18:41:10.5512169Z ##[group]Run actions/cache@668228422ae6a00e4ad889ee87cd7109ec5666a7
2026-09-22T18:41:10.5512539Z with:
2026-09-22T18:41:10.5512748Z   path: ~/.cache/codspeed-action
2026-09-22T18:41:10.5513157Z   key: codspeed-instruments-walltime-Linux-ARM64-6.17.0-1019-aws-5.0.2
2026-09-22T18:41:10.5513852Z   restore-keys: codspeed-instruments-walltime-Linux-ARM64-6.17.0-1019-aws-

2026-09-22T18:41:10.5514312Z   enableCrossOsArchive: false
2026-09-22T18:41:10.5514807Z   fail-on-cache-miss: false
2026-09-22T18:41:10.5515050Z   lookup-only: false
2026-09-22T18:41:10.5515270Z   save-always: false
2026-09-22T18:41:10.5515471Z env:
2026-09-22T18:41:10.5515655Z   CARGO_TERM_COLOR: always
2026-09-22T18:41:10.5515890Z   RUST_BACKTRACE: 1
2026-09-22T18:41:10.5516119Z   NIGHTLY_TOOLCHAIN: nightly-2026-09-10
2026-09-22T18:41:10.5516422Z   RUNNER_TOOL_CACHE: /opt/hostedtoolcache
2026-09-22T18:41:10.5516713Z   RUNS_ON_HOME: /runs-on
2026-09-22T18:41:10.5516947Z   RUNS_ON_VERSION: v3.3.0
2026-09-22T18:41:10.5517195Z   RUNS_ON_AGENT_BINARY: /runs-on/agent
2026-09-22T18:41:10.5517471Z   RUNS_ON_AGENT_ARCH: arm64
2026-09-22T18:41:10.5517720Z   RUNS_ON_AGENT_USER: runner
2026-09-22T18:41:10.5517977Z   RUNS_ON_AMI_ID: ami-098c62767651982c5
2026-09-22T18:41:10.5518258Z   RUNS_ON_AWS_REGION: us-east-1
2026-09-22T18:41:10.5518518Z   RUNS_ON_AWS_AZ: us-east-1b
2026-09-22T18:41:10.5518790Z   RUNS_ON_ENV_CUSTOM_FILE: /runs-on/env.custom
2026-09-22T18:41:10.5519113Z   RUNS_ON_INSTANCE_ID: i-01c7aaf3797eac8ce
2026-09-22T18:41:10.5519424Z   RUNS_ON_INSTANCE_LIFECYCLE: spot
2026-09-22T18:41:10.5519700Z   RUNS_ON_INSTANCE_TYPE: c7g.metal
2026-09-22T18:41:10.5519970Z   RUNS_ON_STACK_NAME: runs-on-v3
2026-09-22T18:41:10.5520320Z   RUNS_ON_S3_BUCKET_CACHE: runs-on-v3-s3bucketcache-dbnub4tpjhpv
2026-09-22T18:41:10.5520739Z   ACTIONS_RUNNER_HOOK_JOB_STARTED: /runs-on/pre.sh
2026-09-22T18:41:10.5521114Z   ACTIONS_RUNNER_HOOK_JOB_COMPLETED: /runs-on/post.sh
2026-09-22T18:41:10.5521471Z   GITHUB_SERVER_URL: https://github.com/
2026-09-22T18:41:10.5521786Z   GITHUB_API_URL: https://api.github.com/
2026-09-22T18:41:10.5522077Z   GITHUB_HOST: github.com
2026-09-22T18:41:10.5522397Z   RUNS_ON_RUNNER_NAME: runs-on--i-01c7aaf3797eac8ce--eb67d528-4
2026-09-22T18:41:10.5522806Z   RUNS_ON_INSTANCE_LAUNCHED_AT: 2026-09-22T18:39:59Z
2026-09-22T18:41:10.5523155Z   ACTIONS_CACHE_URL: http://10.1.22.117:6871/
2026-09-22T18:41:10.5523732Z   ACTIONS_CACHE_SERVICE_V2: true
2026-09-22T18:41:10.5524093Z   ACTIONS_RESULTS_URL: http://10.1.22.117:6871/
2026-09-22T18:41:10.5524489Z   RUNS_ON_S3_CACHE_REPO_PREFIX: cache/repo/vortex-data/vortex
2026-09-22T18:41:10.5524867Z   RUNS_ON_ACTION_COST_TRACKING_CLAIMED: true
2026-09-22T18:41:10.5525168Z   RUSTUP_TOOLCHAIN: 1.98.0
2026-09-22T18:41:10.5525410Z   DIVAN_SAMPLE_COUNT: 1000
2026-09-22T18:41:10.5525638Z ##[endgroup]
2026-09-22T18:41:10.7901144Z Cache not found for input keys: codspeed-instruments-walltime-Linux-ARM64-6.17.0-1019-aws-5.0.2, codspeed-instruments-walltime-Linux-ARM64-6.17.0-1019-aws-
2026-09-22T18:41:10.7950379Z ##[end-action id=__CodSpeedHQ_action.__actions_cache;outcome=success;conclusion=success;duration_ms=247]
2026-09-22T18:41:10.7953399Z ##[start-action display=Lookup installer hash;id=__CodSpeedHQ_action.installer-hash]
2026-09-22T18:41:10.8004537Z ##[group]Run actions/github-script@ed597411d8f924073f98dfc5c65a23a2325f34cd
2026-09-22T18:41:10.8005121Z with:
2026-09-22T18:41:10.8020189Z   script: const hashes = require(`${process.env.GITHUB_ACTION_PATH}/.codspeed-runner-installer-hashes.json`)
const version = process.env.RUNNER_VERSION
core.setOutput('hash', hashes[version] || '')

2026-09-22T18:41:10.8023592Z   github-token: ***
2026-09-22T18:41:10.8023820Z   debug: false
2026-09-22T18:41:10.8024040Z   user-agent: actions/github-script
2026-09-22T18:41:10.8024319Z   result-encoding: json
2026-09-22T18:41:10.8024541Z   retries: 0
2026-09-22T18:41:10.8025044Z   retry-exempt-status-codes: 400,401,403,404,422
2026-09-22T18:41:10.8025389Z env:
2026-09-22T18:41:10.8025576Z   CARGO_TERM_COLOR: always
2026-09-22T18:41:10.8025817Z   RUST_BACKTRACE: 1
2026-09-22T18:41:10.8026050Z   NIGHTLY_TOOLCHAIN: nightly-2026-09-10
2026-09-22T18:41:10.8026358Z   RUNNER_TOOL_CACHE: /opt/hostedtoolcache
2026-09-22T18:41:10.8026646Z   RUNS_ON_HOME: /runs-on
2026-09-22T18:41:10.8026879Z   RUNS_ON_VERSION: v3.3.0
2026-09-22T18:41:10.8027130Z   RUNS_ON_AGENT_BINARY: /runs-on/agent
2026-09-22T18:41:10.8027408Z   RUNS_ON_AGENT_ARCH: arm64
2026-09-22T18:41:10.8027658Z   RUNS_ON_AGENT_USER: runner
2026-09-22T18:41:10.8028133Z   RUNS_ON_AMI_ID: ami-098c62767651982c5
2026-09-22T18:41:10.8028417Z   RUNS_ON_AWS_REGION: us-east-1
2026-09-22T18:41:10.8028680Z   RUNS_ON_AWS_AZ: us-east-1b
2026-09-22T18:41:10.8028952Z   RUNS_ON_ENV_CUSTOM_FILE: /runs-on/env.custom
2026-09-22T18:41:10.8029274Z   RUNS_ON_INSTANCE_ID: i-01c7aaf3797eac8ce
2026-09-22T18:41:10.8029573Z   RUNS_ON_INSTANCE_LIFECYCLE: spot
2026-09-22T18:41:10.8029853Z   RUNS_ON_INSTANCE_TYPE: c7g.metal
2026-09-22T18:41:10.8030126Z   RUNS_ON_STACK_NAME: runs-on-v3
2026-09-22T18:41:10.8030472Z   RUNS_ON_S3_BUCKET_CACHE: runs-on-v3-s3bucketcache-dbnub4tpjhpv
2026-09-22T18:41:10.8030891Z   ACTIONS_RUNNER_HOOK_JOB_STARTED: /runs-on/pre.sh
2026-09-22T18:41:10.8031263Z   ACTIONS_RUNNER_HOOK_JOB_COMPLETED: /runs-on/post.sh
2026-09-22T18:41:10.8031615Z   GITHUB_SERVER_URL: https://github.com/
2026-09-22T18:41:10.8031931Z   GITHUB_API_URL: https://api.github.com/
2026-09-22T18:41:10.8032224Z   GITHUB_HOST: github.com
2026-09-22T18:41:10.8032544Z   RUNS_ON_RUNNER_NAME: runs-on--i-01c7aaf3797eac8ce--eb67d528-4
2026-09-22T18:41:10.8032961Z   RUNS_ON_INSTANCE_LAUNCHED_AT: 2026-09-22T18:39:59Z
2026-09-22T18:41:10.8033311Z   ACTIONS_CACHE_URL: http://10.1.22.117:6871/
2026-09-22T18:41:10.8033697Z   ACTIONS_CACHE_SERVICE_V2: true
2026-09-22T18:41:10.8034000Z   ACTIONS_RESULTS_URL: http://10.1.22.117:6871/
2026-09-22T18:41:10.8034394Z   RUNS_ON_S3_CACHE_REPO_PREFIX: cache/repo/vortex-data/vortex
2026-09-22T18:41:10.8034774Z   RUNS_ON_ACTION_COST_TRACKING_CLAIMED: true
2026-09-22T18:41:10.8035076Z   RUSTUP_TOOLCHAIN: 1.98.0
2026-09-22T18:41:10.8035318Z   DIVAN_SAMPLE_COUNT: 1000
2026-09-22T18:41:10.8035555Z   RUNNER_VERSION: 5.0.2
2026-09-22T18:41:10.8035774Z ##[endgroup]
2026-09-22T18:41:10.8832341Z ##[end-action id=__CodSpeedHQ_action.installer-hash;outcome=success;conclusion=success;duration_ms=87]
2026-09-22T18:41:10.8834976Z ##[start-action display=Install CodSpeed runner;id=__CodSpeedHQ_action.__run]
2026-09-22T18:41:10.8852529Z ##[group]Run RUNNER_VERSION="5.0.2"
2026-09-22T18:41:10.8852905Z [36;1mRUNNER_VERSION="5.0.2"[0m
2026-09-22T18:41:10.8853180Z [36;1mVERSION_TYPE="release"[0m
2026-09-22T18:41:10.8853580Z [36;1m[0m
2026-09-22T18:41:10.8853847Z [36;1mSKIP_HASH_CHECK_WARNING="false"[0m
2026-09-22T18:41:10.8854137Z [36;1m[0m
2026-09-22T18:41:10.8854367Z [36;1mif [ "$VERSION_TYPE" = "latest" ]; then[0m
2026-09-22T18:41:10.8854756Z [36;1m  if [ "$SKIP_HASH_CHECK_WARNING" != "true" ]; then[0m
2026-09-22T18:41:10.8855532Z [36;1m    echo "::warning::Hash verification is not available when using 'latest' version. Consider pinning a specific version for supply chain security."[0m
2026-09-22T18:41:10.8856244Z [36;1m  fi[0m
2026-09-22T18:41:10.8856594Z [36;1m  curl -fsSL https://codspeed.io/install.sh | bash -s -- --quiet[0m
2026-09-22T18:41:10.8857062Z [36;1melif [ "$VERSION_TYPE" = "prerelease" ]; then[0m
2026-09-22T18:41:10.8857633Z [36;1m  # Prereleases are not pinned, so install from the versioned installer without hash verification.[0m
2026-09-22T18:41:10.8858233Z [36;1m  if [ "$SKIP_HASH_CHECK_WARNING" != "true" ]; then[0m
2026-09-22T18:41:10.8858797Z [36;1m    echo "::warning::Hash verification is not available for prerelease version $RUNNER_VERSION."[0m
2026-09-22T18:41:10.8859296Z [36;1m  fi[0m
2026-09-22T18:41:10.8859692Z [36;1m  curl -fsSL "https://codspeed.io/v$RUNNER_VERSION/install.sh" | bash -s -- --quiet[0m
2026-09-22T18:41:10.8860440Z [36;1melif [ "$VERSION_TYPE" = "branch" ]; then[0m
2026-09-22T18:41:10.8860845Z [36;1m  # Install from specific branch using cargo[0m
2026-09-22T18:41:10.8861251Z [36;1m  if [ "$SKIP_HASH_CHECK_WARNING" != "true" ]; then[0m
2026-09-22T18:41:10.8861784Z [36;1m    echo "::warning::Hash verification is not available when installing from a branch."[0m
2026-09-22T18:41:10.8862256Z [36;1m  fi[0m
2026-09-22T18:41:10.8862475Z [36;1m  source $HOME/.cargo/env[0m
2026-09-22T18:41:10.8863066Z [36;1m  cargo install --locked --git https://github.com/CodSpeedHQ/codspeed --branch "$RUNNER_VERSION" codspeed-runner[0m
2026-09-22T18:41:10.8864419Z [36;1melif [ "$VERSION_TYPE" = "rev" ]; then[0m
2026-09-22T18:41:10.8864808Z [36;1m  # Install from specific commit/rev using cargo[0m
2026-09-22T18:41:10.8865213Z [36;1m  if [ "$SKIP_HASH_CHECK_WARNING" != "true" ]; then[0m
2026-09-22T18:41:10.8865754Z [36;1m    echo "::warning::Hash verification is not available when installing from a revision."[0m
2026-09-22T18:41:10.8866243Z [36;1m  fi[0m
2026-09-22T18:41:10.8866466Z [36;1m  source $HOME/.cargo/env[0m
2026-09-22T18:41:10.8867041Z [36;1m  cargo install --locked --git https://github.com/CodSpeedHQ/codspeed --rev "$RUNNER_VERSION" codspeed-runner[0m
2026-09-22T18:41:10.8867619Z [36;1melse[0m
2026-09-22T18:41:10.8867927Z [36;1m  # Release version - download to temp file and verify hash[0m
2026-09-22T18:41:10.8868437Z [36;1m  INSTALLER_URL="https://codspeed.io/v$RUNNER_VERSION/install.sh"[0m
2026-09-22T18:41:10.8868866Z [36;1m  INSTALLER_TMP=$(mktemp)[0m
2026-09-22T18:41:10.8869172Z [36;1m  trap "rm -f $INSTALLER_TMP" EXIT[0m
2026-09-22T18:41:10.8869474Z [36;1m[0m
2026-09-22T18:41:10.8869677Z [36;1m  CURL_ERR=$(mktemp)[0m
2026-09-22T18:41:10.8870170Z [36;1m  if ! HTTP_CODE=$(curl -sSL -o "$INSTALLER_TMP" -w "%{http_code}" "$INSTALLER_URL" 2>"$CURL_ERR"); then[0m
2026-09-22T18:41:10.8871123Z [36;1m    echo "::error title=Failed to install CodSpeed CLI::Installation of CodSpeed CLI with version $RUNNER_VERSION failed.%0AReason: $(cat "$CURL_ERR")"[0m
2026-09-22T18:41:10.8871836Z [36;1m    exit 1[0m
2026-09-22T18:41:10.8872054Z [36;1m  fi[0m
2026-09-22T18:41:10.8872283Z [36;1m  if [ "$HTTP_CODE" -ge 400 ]; then[0m
2026-09-22T18:41:10.8872620Z [36;1m    error_body=$(cat "$INSTALLER_TMP")[0m
2026-09-22T18:41:10.8873562Z [36;1m    echo "::error title=Failed to install CodSpeed CLI::Installation of CodSpeed CLI with version $RUNNER_VERSION failed.%0AReason: HTTP $HTTP_CODE - ${error_body:-no response body}"[0m
2026-09-22T18:41:10.8874403Z [36;1m    exit 1[0m
2026-09-22T18:41:10.8874620Z [36;1m  fi[0m
2026-09-22T18:41:10.8874817Z [36;1m[0m
2026-09-22T18:41:10.8875210Z [36;1m  EXPECTED_HASH="4ea0e3b0425e01498ff1b70fba78228eedb4dd58efb6093360776fc6e4eae1a9"[0m
2026-09-22T18:41:10.8875719Z [36;1m  if [ -z "$EXPECTED_HASH" ]; then[0m
2026-09-22T18:41:10.8876371Z [36;1m    echo "::error::No pinned hash found for installer version $RUNNER_VERSION. Update .codspeed-runner-installer-hashes.json."[0m
2026-09-22T18:41:10.8877009Z [36;1m    exit 1[0m
2026-09-22T18:41:10.8877225Z [36;1m  fi[0m
2026-09-22T18:41:10.8877423Z [36;1m[0m
2026-09-22T18:41:10.8877724Z [36;1m  ACTUAL_HASH=$(sha256sum "$INSTALLER_TMP" | awk '{print $1}')[0m
2026-09-22T18:41:10.8878169Z [36;1m  if [ "$ACTUAL_HASH" != "$EXPECTED_HASH" ]; then[0m
2026-09-22T18:41:10.8878807Z [36;1m    echo "::error::Installer hash mismatch for version $RUNNER_VERSION. Expected: $EXPECTED_HASH, Got: $ACTUAL_HASH"[0m
2026-09-22T18:41:10.8879391Z [36;1m    exit 1[0m
2026-09-22T18:41:10.8879604Z [36;1m  fi[0m
2026-09-22T18:41:10.8879922Z [36;1m  echo "Installer hash verified for version $RUNNER_VERSION"[0m
2026-09-22T18:41:10.8880298Z [36;1m[0m
2026-09-22T18:41:10.8880517Z [36;1m  bash "$INSTALLER_TMP" --quiet[0m
2026-09-22T18:41:10.8880802Z [36;1mfi[0m
2026-09-22T18:41:10.8904055Z shell: /usr/bin/bash --noprofile --norc -e -o pipefail {0}
2026-09-22T18:41:10.8904412Z env:
2026-09-22T18:41:10.8904615Z   CARGO_TERM_COLOR: always
2026-09-22T18:41:10.8905033Z   RUST_BACKTRACE: 1
2026-09-22T18:41:10.8905334Z   NIGHTLY_TOOLCHAIN: nightly-2026-09-10
2026-09-22T18:41:10.8905652Z   RUNNER_TOOL_CACHE: /opt/hostedtoolcache
2026-09-22T18:41:10.8905952Z   RUNS_ON_HOME: /runs-on
2026-09-22T18:41:10.8906197Z   RUNS_ON_VERSION: v3.3.0
2026-09-22T18:41:10.8906457Z   RUNS_ON_AGENT_BINARY: /runs-on/agent
2026-09-22T18:41:10.8906753Z   RUNS_ON_AGENT_ARCH: arm64
2026-09-22T18:41:10.8907008Z   RUNS_ON_AGENT_USER: runner
2026-09-22T18:41:10.8907273Z   RUNS_ON_AMI_ID: ami-098c62767651982c5
2026-09-22T18:41:10.8907563Z   RUNS_ON_AWS_REGION: us-east-1
2026-09-22T18:41:10.8908031Z   RUNS_ON_AWS_AZ: us-east-1b
2026-09-22T18:41:10.8908321Z   RUNS_ON_ENV_CUSTOM_FILE: /runs-on/env.custom
2026-09-22T18:41:10.8908653Z   RUNS_ON_INSTANCE_ID: i-01c7aaf3797eac8ce
2026-09-22T18:41:10.8908964Z   RUNS_ON_INSTANCE_LIFECYCLE: spot
2026-09-22T18:41:10.8909245Z   RUNS_ON_INSTANCE_TYPE: c7g.metal
2026-09-22T18:41:10.8909524Z   RUNS_ON_STACK_NAME: runs-on-v3
2026-09-22T18:41:10.8909887Z   RUNS_ON_S3_BUCKET_CACHE: runs-on-v3-s3bucketcache-dbnub4tpjhpv
2026-09-22T18:41:10.8910311Z   ACTIONS_RUNNER_HOOK_JOB_STARTED: /runs-on/pre.sh
2026-09-22T18:41:10.8910688Z   ACTIONS_RUNNER_HOOK_JOB_COMPLETED: /runs-on/post.sh
2026-09-22T18:41:10.8911058Z   GITHUB_SERVER_URL: https://github.com/
2026-09-22T18:41:10.8911385Z   GITHUB_API_URL: https://api.github.com/
2026-09-22T18:41:10.8911686Z   GITHUB_HOST: github.com
2026-09-22T18:41:10.8912015Z   RUNS_ON_RUNNER_NAME: runs-on--i-01c7aaf3797eac8ce--eb67d528-4
2026-09-22T18:41:10.8912432Z   RUNS_ON_INSTANCE_LAUNCHED_AT: 2026-09-22T18:39:59Z
2026-09-22T18:41:10.8912796Z   ACTIONS_CACHE_URL: http://10.1.22.117:6871/
2026-09-22T18:41:10.8913111Z   ACTIONS_CACHE_SERVICE_V2: true
2026-09-22T18:41:10.8913667Z   ACTIONS_RESULTS_URL: http://10.1.22.117:6871/
2026-09-22T18:41:10.8914141Z   RUNS_ON_S3_CACHE_REPO_PREFIX: cache/repo/vortex-data/vortex
2026-09-22T18:41:10.8914531Z   RUNS_ON_ACTION_COST_TRACKING_CLAIMED: true
2026-09-22T18:41:10.8914852Z   RUSTUP_TOOLCHAIN: 1.98.0
2026-09-22T18:41:10.8915105Z   DIVAN_SAMPLE_COUNT: 1000
2026-09-22T18:41:10.8915344Z ##[endgroup]
2026-09-22T18:41:11.1471776Z Installer hash verified for version 5.0.2
2026-09-22T18:41:11.5532210Z ##[end-action id=__CodSpeedHQ_action.__run;outcome=success;conclusion=success;duration_ms=669]
2026-09-22T18:41:11.5562228Z ##[start-action display=Run the benchmarks;id=__CodSpeedHQ_action.__run_2]
2026-09-22T18:41:11.5580326Z ##[group]Run # Validate required inputs
2026-09-22T18:41:11.5580708Z [36;1m# Validate required inputs[0m
2026-09-22T18:41:11.5581043Z [36;1m# (custom message for smoother v4 migration)[0m
2026-09-22T18:41:11.5581410Z [36;1mif [ -z "walltime" ]; then[0m
2026-09-22T18:41:11.5582971Z [36;1m  echo "::error title=Missing required input 'mode'::The 'mode' input is required as of CodSpeed Action v4. Please explicitly set 'mode' to 'simulation' or 'walltime'. Before, this variable was automatically set to instrumentation on every runner except for CodSpeed macro runners where it was set to walltime by default. See https://codspeed.io/docs/instruments for details."[0m
2026-09-22T18:41:11.5585251Z [36;1m  exit 1[0m
2026-09-22T18:41:11.5585474Z [36;1mfi[0m
2026-09-22T18:41:11.5585673Z [36;1m[0m
2026-09-22T18:41:11.5585898Z [36;1m# Build the runner arguments array[0m
2026-09-22T18:41:11.5586213Z [36;1mRUNNER_ARGS=()[0m
2026-09-22T18:41:11.5586633Z [36;1mif [ -n "***" ]; then[0m
2026-09-22T18:41:11.5587021Z [36;1m  RUNNER_ARGS+=(--token "***")[0m
2026-09-22T18:41:11.5587300Z [36;1mfi[0m
2026-09-22T18:41:11.5587505Z [36;1mif [ -n "" ]; then[0m
2026-09-22T18:41:11.5587813Z [36;1m  RUNNER_ARGS+=(--working-directory="")[0m
2026-09-22T18:41:11.5588127Z [36;1mfi[0m
2026-09-22T18:41:11.5588330Z [36;1mif [ -n "" ]; then[0m
2026-09-22T18:41:11.5588604Z [36;1m  RUNNER_ARGS+=(--upload-url="")[0m
2026-09-22T18:41:11.5588895Z [36;1mfi[0m
2026-09-22T18:41:11.5589109Z [36;1mif [ -n "walltime" ]; then[0m
2026-09-22T18:41:11.5589672Z [36;1m  RUNNER_ARGS+=(--mode="walltime")[0m
2026-09-22T18:41:11.5590046Z [36;1mfi[0m
2026-09-22T18:41:11.5590250Z [36;1mif [ -n "" ]; then[0m
2026-09-22T18:41:11.5590526Z [36;1m  RUNNER_ARGS+=(--instruments="")[0m
2026-09-22T18:41:11.5590813Z [36;1mfi[0m
2026-09-22T18:41:11.5591015Z [36;1mif [ -n "" ]; then[0m
2026-09-22T18:41:11.5591308Z [36;1m  RUNNER_ARGS+=(--mongo-uri-env-name="")[0m
2026-09-22T18:41:11.5591618Z [36;1mfi[0m
2026-09-22T18:41:11.5591923Z [36;1mif [ "true" = "true" ] && [ -n "~/.cache/codspeed-action" ]; then[0m
2026-09-22T18:41:11.5592420Z [36;1m  RUNNER_ARGS+=(--setup-cache-dir="~/.cache/codspeed-action")[0m
2026-09-22T18:41:11.5592998Z [36;1mfi[0m
2026-09-22T18:41:11.5593216Z [36;1mif [ "false" = "true" ]; then[0m
2026-09-22T18:41:11.5593583Z [36;1m  RUNNER_ARGS+=(--allow-empty)[0m
2026-09-22T18:41:11.5593867Z [36;1mfi[0m
2026-09-22T18:41:11.5594075Z [36;1mif [ -n "" ]; then[0m
2026-09-22T18:41:11.5594370Z [36;1m  RUNNER_ARGS+=(--go-runner-version="")[0m
2026-09-22T18:41:11.5594681Z [36;1mfi[0m
2026-09-22T18:41:11.5594889Z [36;1mif [ -n "" ]; then[0m
2026-09-22T18:41:11.5595157Z [36;1m  RUNNER_ARGS+=(--config="")[0m
2026-09-22T18:41:11.5595428Z [36;1mfi[0m
2026-09-22T18:41:11.5595628Z [36;1mif [ -n "" ]; then[0m
2026-09-22T18:41:11.5595915Z [36;1m  RUNNER_ARGS+=(--cycle-estimation="")[0m
2026-09-22T18:41:11.5596219Z [36;1mfi[0m
2026-09-22T18:41:11.5596419Z [36;1mif [ -n "" ]; then[0m
2026-09-22T18:41:11.5596719Z [36;1m  RUNNER_ARGS+=(--exclude-allocations="")[0m
2026-09-22T18:41:11.5597036Z [36;1mfi[0m
2026-09-22T18:41:11.5597229Z [36;1m[0m
2026-09-22T18:41:11.5597468Z [36;1mif [ -n "$CODSPEED_INPUT_RUN" ]; then[0m
2026-09-22T18:41:11.5597826Z [36;1m  RUNNER_ARGS+=(-- "$CODSPEED_INPUT_RUN")[0m
2026-09-22T18:41:11.5598135Z [36;1mfi[0m
2026-09-22T18:41:11.5598330Z [36;1m[0m
2026-09-22T18:41:11.5598537Z [36;1m# Run the benchmarks[0m
2026-09-22T18:41:11.5598815Z [36;1mcodspeed run "${RUNNER_ARGS[@]}"[0m
2026-09-22T18:41:11.5621748Z shell: /usr/bin/bash --noprofile --norc -e -o pipefail {0}
2026-09-22T18:41:11.5622121Z env:
2026-09-22T18:41:11.5622327Z   CARGO_TERM_COLOR: always
2026-09-22T18:41:11.5622578Z   RUST_BACKTRACE: 1
2026-09-22T18:41:11.5622825Z   NIGHTLY_TOOLCHAIN: nightly-2026-09-10
2026-09-22T18:41:11.5623142Z   RUNNER_TOOL_CACHE: /opt/hostedtoolcache
2026-09-22T18:41:11.5624015Z   RUNS_ON_HOME: /runs-on
2026-09-22T18:41:11.5624286Z   RUNS_ON_VERSION: v3.3.0
2026-09-22T18:41:11.5624553Z   RUNS_ON_AGENT_BINARY: /runs-on/agent
2026-09-22T18:41:11.5624843Z   RUNS_ON_AGENT_ARCH: arm64
2026-09-22T18:41:11.5625094Z   RUNS_ON_AGENT_USER: runner
2026-09-22T18:41:11.5625374Z   RUNS_ON_AMI_ID: ami-098c62767651982c5
2026-09-22T18:41:11.5625666Z   RUNS_ON_AWS_REGION: us-east-1
2026-09-22T18:41:11.5625930Z   RUNS_ON_AWS_AZ: us-east-1b
2026-09-22T18:41:11.5626221Z   RUNS_ON_ENV_CUSTOM_FILE: /runs-on/env.custom
2026-09-22T18:41:11.5626556Z   RUNS_ON_INSTANCE_ID: i-01c7aaf3797eac8ce
2026-09-22T18:41:11.5626860Z   RUNS_ON_INSTANCE_LIFECYCLE: spot
2026-09-22T18:41:11.5627147Z   RUNS_ON_INSTANCE_TYPE: c7g.metal
2026-09-22T18:41:11.5627430Z   RUNS_ON_STACK_NAME: runs-on-v3
2026-09-22T18:41:11.5627785Z   RUNS_ON_S3_BUCKET_CACHE: runs-on-v3-s3bucketcache-dbnub4tpjhpv
2026-09-22T18:41:11.5628213Z   ACTIONS_RUNNER_HOOK_JOB_STARTED: /runs-on/pre.sh
2026-09-22T18:41:11.5628596Z   ACTIONS_RUNNER_HOOK_JOB_COMPLETED: /runs-on/post.sh
2026-09-22T18:41:11.5628962Z   GITHUB_SERVER_URL: https://github.com/
2026-09-22T18:41:11.5629289Z   GITHUB_API_URL: https://api.github.com/
2026-09-22T18:41:11.5629597Z   GITHUB_HOST: github.com
2026-09-22T18:41:11.5629929Z   RUNS_ON_RUNNER_NAME: runs-on--i-01c7aaf3797eac8ce--eb67d528-4
2026-09-22T18:41:11.5630349Z   RUNS_ON_INSTANCE_LAUNCHED_AT: 2026-09-22T18:39:59Z
2026-09-22T18:41:11.5630710Z   ACTIONS_CACHE_URL: http://10.1.22.117:6871/
2026-09-22T18:41:11.5631027Z   ACTIONS_CACHE_SERVICE_V2: true
2026-09-22T18:41:11.5631330Z   ACTIONS_RESULTS_URL: http://10.1.22.117:6871/
2026-09-22T18:41:11.5631726Z   RUNS_ON_S3_CACHE_REPO_PREFIX: cache/repo/vortex-data/vortex
2026-09-22T18:41:11.5632354Z   RUNS_ON_ACTION_COST_TRACKING_CLAIMED: true
2026-09-22T18:41:11.5632732Z   RUSTUP_TOOLCHAIN: 1.98.0
2026-09-22T18:41:11.5632991Z   DIVAN_SAMPLE_COUNT: 1000
2026-09-22T18:41:11.5633882Z   GH_MATRIX: {
  "features": "neon",
  "family": "c7g.metal",
  "build-family": "c7g.4xlarge",
  "image": "ubuntu24-full-arm64-pre-v2",
  "rustflags": "-C target-feature=+neon -C force-frame-pointers=yes"
}
2026-09-22T18:41:11.5634911Z   GH_STRATEGY: {
  "fail-fast": false,
  "job-index": 2,
  "job-total": 3,
  "max-parallel": 3
}
2026-09-22T18:41:11.5635548Z   CODSPEED_INPUT_RUN: bash scripts/bench-taskset.sh cargo codspeed run -- '.*::neon::'
2026-09-22T18:41:11.5636170Z ##[endgroup]
2026-09-22T18:41:11.5977328Z 
2026-09-22T18:41:11.5977817Z    ______            __ _____                         __
2026-09-22T18:41:11.5978426Z   / ____/____   ____/ // ___/ ____   ___   ___   ____/ /
2026-09-22T18:41:11.5979061Z  / /    / __ \ / __  / \__ \ / __ \ / _ \ / _ \ / __  /
2026-09-22T18:41:11.5979625Z / /___ / /_/ // /_/ / ___/ // /_/ //  __//  __// /_/ /
2026-09-22T18:41:11.5980139Z \____/ \____/ \__,_/ /____// .___/ \___/ \___/ \__,_/
2026-09-22T18:41:11.5980664Z   https://codspeed.io     /_/          runner v5.0.2
2026-09-22T18:41:11.5981060Z 
2026-09-22T18:41:11.5981571Z ##[group]Running the benchmarks
2026-09-22T18:41:18.7947022Z [cargo-codspeed] Measurement mode: Walltime
2026-09-22T18:41:18.7947299Z 
2026-09-22T18:41:18.7950849Z Collected 10 benchmark suite(s) to run
2026-09-22T18:41:18.7951179Z Running vortex-array row_fn_utf8
2026-09-22T18:41:18.7982316Z Timer precision: 29 ns
2026-09-22T18:41:18.7982832Z row_fn_utf8                          fastest       │ slowest       │ median        │ mean          │ samples │ iters
2026-09-22T18:41:18.7984569Z ╰─ neon::decode_neon                               │               │               │               │         │
2026-09-22T18:41:18.7985126Z    ├─ 1                                            │               │               │               │         │
2026-09-22T18:41:18.8751372Z    │  ├─ (External, AllValid)        212.6 ns      │ 14.9 µs       │ 254.6 ns      │ 269.2 ns      │ 1000    │ 1000
2026-09-22T18:41:18.8752687Z    │  │                              4.703 Mitem/s │ 67.07 Kitem/s │ 3.927 Mitem/s │ 3.714 Mitem/s │         │
2026-09-22T18:41:18.9440033Z    │  ├─ (External, OneNullInEight)  201.6 ns      │ 4.766 µs      │ 221.6 ns      │ 232.2 ns      │ 1000    │ 1000
2026-09-22T18:41:18.9441157Z    │  │                              4.959 Mitem/s │ 209.7 Kitem/s │ 4.512 Mitem/s │ 4.304 Mitem/s │         │
2026-09-22T18:41:19.0227112Z    │  ├─ (Inline, AllValid)          111.6 ns      │ 243.2 ns      │ 119.8 ns      │ 120.6 ns      │ 1000    │ 32000
2026-09-22T18:41:19.0228103Z    │  │                              8.957 Mitem/s │ 4.11 Mitem/s  │ 8.343 Mitem/s │ 8.286 Mitem/s │         │
2026-09-22T18:41:19.1018315Z    │  ╰─ (Inline, OneNullInEight)    120.3 ns      │ 258.1 ns      │ 129.6 ns      │ 130.9 ns      │ 1000    │ 32000
2026-09-22T18:41:19.1019876Z    │                                 8.312 Mitem/s │ 3.873 Mitem/s │ 7.714 Mitem/s │ 7.638 Mitem/s │         │
2026-09-22T18:41:19.1020816Z    ├─ 64                                           │               │               │               │         │
2026-09-22T18:41:19.1774444Z    │  ├─ (External, AllValid)        1.031 µs      │ 2.089 µs      │ 1.054 µs      │ 1.067 µs      │ 1000    │ 4000
2026-09-22T18:41:19.1775535Z    │  │                              62.03 Mitem/s │ 30.62 Mitem/s │ 60.68 Mitem/s │ 59.97 Mitem/s │         │
2026-09-22T18:41:19.2497653Z    │  ├─ (External, OneNullInEight)  1.384 µs      │ 20.25 µs      │ 1.434 µs      │ 1.491 µs      │ 1000    │ 1000
2026-09-22T18:41:19.2499052Z    │  │                              46.22 Mitem/s │ 3.159 Mitem/s │ 44.61 Mitem/s │ 42.9 Mitem/s  │         │
2026-09-22T18:41:19.3265364Z    │  ├─ (Inline, AllValid)          543.4 ns      │ 1.172 µs      │ 561.8 ns      │ 571.6 ns      │ 1000    │ 8000
2026-09-22T18:41:19.3266655Z    │  │                              117.7 Mitem/s │ 54.56 Mitem/s │ 113.9 Mitem/s │ 111.9 Mitem/s │         │
2026-09-22T18:41:19.4010094Z    │  ╰─ (Inline, OneNullInEight)    833.6 ns      │ 1.824 µs      │ 859.3 ns      │ 869.8 ns      │ 1000    │ 4000
2026-09-22T18:41:19.4011089Z    │                                 76.77 Mitem/s │ 35.08 Mitem/s │ 74.47 Mitem/s │ 73.57 Mitem/s │         │
2026-09-22T18:41:19.4011675Z    ╰─ 16384                                        │               │               │               │         │
2026-09-22T18:41:19.6968296Z       ├─ (External, AllValid)        218.2 µs      │ 232.1 µs      │ 221.8 µs      │ 223 µs        │ 1000    │ 1000
2026-09-22T18:41:19.6969215Z       │                              75.06 Mitem/s │ 70.56 Mitem/s │ 73.84 Mitem/s │ 73.45 Mitem/s │         │
2026-09-22T18:41:19.9989484Z       ├─ (External, OneNullInEight)  224.4 µs      │ 245.4 µs      │ 228.8 µs      │ 229.5 µs      │ 1000    │ 1000
2026-09-22T18:41:19.9990167Z       │                              73 Mitem/s    │ 66.74 Mitem/s │ 71.6 Mitem/s  │ 71.38 Mitem/s │         │
2026-09-22T18:41:20.1791697Z       ├─ (Inline, AllValid)          107.3 µs      │ 133.5 µs      │ 107.3 µs      │ 108.1 µs      │ 1000    │ 1000
2026-09-22T18:41:20.1792327Z       │                              152.6 Mitem/s │ 122.7 Mitem/s │ 152.5 Mitem/s │ 151.5 Mitem/s │         │
2026-09-22T18:41:20.3728200Z       ╰─ (Inline, OneNullInEight)    119.9 µs      │ 145.2 µs      │ 121 µs        │ 121.8 µs      │ 1000    │ 1000
2026-09-22T18:41:20.3729208Z                                      136.5 Mitem/s │ 112.8 Mitem/s │ 135.3 Mitem/s │ 134.5 Mitem/s │         │
2026-09-22T18:41:20.3729611Z 
2026-09-22T18:41:20.3735980Z Done running row_fn_utf8
2026-09-22T18:41:20.3736317Z Running vortex-array row_fn_output
2026-09-22T18:41:20.3766389Z Timer precision: 29 ns
2026-09-22T18:41:20.3766857Z row_fn_output                           fastest       │ slowest       │ median        │ mean          │ samples │ iters
2026-09-22T18:41:20.3768058Z ├─ neon::deferred_bool_constant_neon                  │               │               │               │         │
2026-09-22T18:41:20.4575254Z │  ├─ ConstantPerRow                    4.311 µs      │ 74.75 µs      │ 4.987 µs      │ 5 µs          │ 1000    │ 1000
2026-09-22T18:41:20.4576093Z │  │                                    3.799 Gitem/s │ 219.1 Mitem/s │ 3.285 Gitem/s │ 3.276 Gitem/s │         │
2026-09-22T18:41:20.5356468Z │  ╰─ PerRowConstant                    6.15 µs       │ 16.9 µs       │ 6.849 µs      │ 6.906 µs      │ 1000    │ 1000
2026-09-22T18:41:20.5358178Z │                                       2.663 Gitem/s │ 969.1 Mitem/s │ 2.392 Gitem/s │ 2.372 Gitem/s │         │
2026-09-22T18:41:20.5358867Z ├─ neon::deferred_i64_neon                            │               │               │               │         │
2026-09-22T18:41:20.6228666Z │  ╰─ PerRowPerRow                      14.82 µs      │ 29.38 µs      │ 15.21 µs      │ 15.43 µs      │ 1000    │ 1000
2026-09-22T18:41:20.6229593Z │                                       1.105 Gitem/s │ 557.5 Mitem/s │ 1.077 Gitem/s │ 1.061 Gitem/s │         │
2026-09-22T18:41:20.6230553Z ├─ neon::filtered_owned_i64_neon                      │               │               │               │         │
2026-09-22T18:41:20.6990490Z │  ├─ AllValid                          4.716 µs      │ 24.61 µs      │ 5.255 µs      │ 5.339 µs      │ 1000    │ 1000
2026-09-22T18:41:20.6991314Z │  │                                    3.473 Gitem/s │ 665.5 Mitem/s │ 3.117 Gitem/s │ 3.068 Gitem/s │         │
2026-09-22T18:41:20.7914079Z │  ├─ NineNullsInTen                    18.03 µs      │ 93.35 µs      │ 18.84 µs      │ 19.54 µs      │ 1000    │ 1000
2026-09-22T18:41:20.7915097Z │  │                                    908.2 Mitem/s │ 175.5 Mitem/s │ 869.6 Mitem/s │ 838 Mitem/s   │         │
2026-09-22T18:41:20.9039001Z │  ╰─ OneNullInEight                    37.57 µs      │ 63.48 µs      │ 38.46 µs      │ 39.18 µs      │ 1000    │ 1000
2026-09-22T18:41:20.9040059Z │                                       436 Mitem/s   │ 258 Mitem/s   │ 425.9 Mitem/s │ 418 Mitem/s   │         │
2026-09-22T18:41:20.9040856Z ├─ neon::filtered_sink_i64_neon                       │               │               │               │         │
2026-09-22T18:41:20.9806876Z │  ├─ AllValid                          4.761 µs      │ 12.03 µs      │ 5.433 µs      │ 5.46 µs       │ 1000    │ 1000
2026-09-22T18:41:20.9807672Z │  │                                    3.44 Gitem/s  │ 1.361 Gitem/s │ 3.015 Gitem/s │ 3 Gitem/s     │         │
2026-09-22T18:41:21.0736793Z │  ├─ NineNullsInTen                    18.19 µs      │ 82.88 µs      │ 19.12 µs      │ 19.7 µs       │ 1000    │ 1000
2026-09-22T18:41:21.0737735Z │  │                                    900.3 Mitem/s │ 197.6 Mitem/s │ 856.8 Mitem/s │ 831.4 Mitem/s │         │
2026-09-22T18:41:21.1866802Z │  ╰─ OneNullInEight                    37.61 µs      │ 50.43 µs      │ 38.59 µs      │ 39.27 µs      │ 1000    │ 1000
2026-09-22T18:41:21.1867684Z │                                       435.6 Mitem/s │ 324.8 Mitem/s │ 424.4 Mitem/s │ 417.1 Mitem/s │         │
2026-09-22T18:41:21.1868460Z ├─ neon::infallible_bool_constant_neon                │               │               │               │         │
2026-09-22T18:41:21.2628426Z │  ├─ ConstantPerRow                    4.328 µs      │ 10.64 µs      │ 4.934 µs      │ 4.927 µs      │ 1000    │ 1000
2026-09-22T18:41:21.2629293Z │  │                                    3.785 Gitem/s │ 1.538 Gitem/s │ 3.32 Gitem/s  │ 3.325 Gitem/s │         │
2026-09-22T18:41:21.3391038Z │  ╰─ PerRowConstant                    4.374 µs      │ 9.869 µs      │ 4.869 µs      │ 4.901 µs      │ 1000    │ 1000
2026-09-22T18:41:21.3391896Z │                                       3.745 Gitem/s │ 1.66 Gitem/s  │ 3.364 Gitem/s │ 3.342 Gitem/s │         │
2026-09-22T18:41:21.3399309Z ├─ neon::deferred_bool_neon                           │               │               │               │         │
2026-09-22T18:41:21.3399964Z │  ├─ i32                                             │               │               │               │         │
2026-09-22T18:41:21.4157513Z │  │  ╰─ PerRowPerRow                   4.272 µs      │ 17.71 µs      │ 4.714 µs      │ 4.762 µs      │ 1000    │ 1000
2026-09-22T18:41:21.4158367Z │  │                                    3.834 Gitem/s │ 924.7 Mitem/s │ 3.475 Gitem/s │ 3.44 Gitem/s  │         │
2026-09-22T18:41:21.4159182Z │  ╰─ i64                                             │               │               │               │         │
2026-09-22T18:41:21.4958026Z │     ╰─ PerRowPerRow                   7.349 µs      │ 13.32 µs      │ 8.205 µs      │ 8.23 µs       │ 1000    │ 1000
2026-09-22T18:41:21.4959010Z │                                       2.229 Gitem/s │ 1.229 Gitem/s │ 1.996 Gitem/s │ 1.99 Gitem/s  │         │
2026-09-22T18:41:21.4960755Z ╰─ neon::infallible_bool_neon                         │               │               │               │         │
2026-09-22T18:41:21.4961396Z    ├─ i32                                             │               │               │               │         │
2026-09-22T18:41:21.5711349Z    │  ╰─ PerRowPerRow                   3.851 µs      │ 9.003 µs      │ 4.02 µs       │ 4.083 µs      │ 1000    │ 1000
2026-09-22T18:41:21.5712153Z    │                                    4.253 Gitem/s │ 1.819 Gitem/s │ 4.075 Gitem/s │ 4.012 Gitem/s │         │
2026-09-22T18:41:21.5712819Z    ╰─ i64                                             │               │               │               │         │
2026-09-22T18:41:21.6492190Z       ╰─ PerRowPerRow                   5.863 µs      │ 12.33 µs      │ 6.532 µs      │ 6.555 µs      │ 1000    │ 1000
2026-09-22T18:41:21.6493084Z                                         2.794 Gitem/s │ 1.327 Gitem/s │ 2.508 Gitem/s │ 2.499 Gitem/s │         │
2026-09-22T18:41:21.6493563Z 
2026-09-22T18:41:21.6497578Z Done running row_fn_output
2026-09-22T18:41:21.6497908Z Running vortex-array take_primitive
2026-09-22T18:41:21.6527594Z Timer precision: 29 ns
2026-09-22T18:41:21.6528454Z take_primitive                         fastest       │ slowest       │ median        │ mean          │ samples │ iters
2026-09-22T18:41:21.6529256Z ╰─ neon::dict_canonicalize_gt_u8_neon                │               │               │               │         │
2026-09-22T18:41:22.2990626Z    ╰─ 1000000                          547.1 µs      │ 621.9 µs      │ 554.1 µs      │ 554.3 µs      │ 1000    │ 1000
2026-09-22T18:41:22.2991627Z                                        1.827 Gitem/s │ 1.607 Gitem/s │ 1.804 Gitem/s │ 1.803 Gitem/s │         │
2026-09-22T18:41:22.2992016Z 
2026-09-22T18:41:22.2997117Z Done running take_primitive
2026-09-22T18:41:22.2997477Z Running vortex-array compare
2026-09-22T18:41:22.3023727Z Timer precision: 29 ns
2026-09-22T18:41:22.3024179Z compare                             fastest       │ slowest       │ median        │ mean          │ samples │ iters
2026-09-22T18:41:22.3852437Z ├─ neon::compare_f32_neon           5.536 µs      │ 65.42 µs      │ 6.112 µs      │ 6.209 µs      │ 1000    │ 1000
2026-09-22T18:41:22.3853144Z │                                   1.479 Gitem/s │ 125.2 Mitem/s │ 1.34 Gitem/s  │ 1.319 Gitem/s │         │
2026-09-22T18:41:22.4687323Z ├─ neon::compare_float_neon         8.324 µs      │ 17.09 µs      │ 9.108 µs      │ 9.197 µs      │ 1000    │ 1000
2026-09-22T18:41:22.4688286Z │                                   984 Mitem/s   │ 479.3 Mitem/s │ 899.4 Mitem/s │ 890.7 Mitem/s │         │
2026-09-22T18:41:22.5477000Z ├─ neon::compare_int_constant_neon  4.13 µs       │ 22.26 µs      │ 4.401 µs      │ 4.529 µs      │ 1000    │ 1000
2026-09-22T18:41:22.5477663Z │                                   1.983 Gitem/s │ 367.9 Mitem/s │ 1.861 Gitem/s │ 1.808 Gitem/s │         │
2026-09-22T18:41:22.6238714Z ├─ neon::compare_int_eq_neon        4.684 µs      │ 15.95 µs      │ 5.121 µs      │ 5.243 µs      │ 1000    │ 1000
2026-09-22T18:41:22.6239498Z │                                   1.748 Gitem/s │ 513.3 Mitem/s │ 1.599 Gitem/s │ 1.562 Gitem/s │         │
2026-09-22T18:41:22.7019840Z ├─ neon::compare_int_neon           4.616 µs      │ 29.77 µs      │ 5.129 µs      │ 5.219 µs      │ 1000    │ 1000
2026-09-22T18:41:22.7020481Z │                                   1.774 Gitem/s │ 275.1 Mitem/s │ 1.597 Gitem/s │ 1.569 Gitem/s │         │
2026-09-22T18:41:22.7792069Z ├─ neon::compare_int_nullable_neon  5.115 µs      │ 18.11 µs      │ 5.577 µs      │ 5.682 µs      │ 1000    │ 1000
2026-09-22T18:41:22.7792735Z │                                   1.601 Gitem/s │ 452.1 Mitem/s │ 1.468 Gitem/s │ 1.441 Gitem/s │         │
2026-09-22T18:41:22.8544338Z ├─ neon::compare_u8_neon            3.854 µs      │ 10.24 µs      │ 4.001 µs      │ 4.108 µs      │ 1000    │ 1000
2026-09-22T18:41:22.8545248Z │                                   2.125 Gitem/s │ 799.6 Mitem/s │ 2.047 Gitem/s │ 1.993 Gitem/s │         │
2026-09-22T18:41:22.9309238Z ╰─ neon::compare_u64_neon           4.644 µs      │ 17.92 µs      │ 5.118 µs      │ 5.202 µs      │ 1000    │ 1000
2026-09-22T18:41:22.9310469Z                                     1.763 Gitem/s │ 457 Mitem/s   │ 1.6 Gitem/s   │ 1.574 Gitem/s │         │
2026-09-22T18:41:22.9310851Z 
2026-09-22T18:41:22.9315673Z Done running compare
2026-09-22T18:41:22.9315977Z Running vortex-array binary_ops
2026-09-22T18:41:22.9348525Z Timer precision: 29 ns
2026-09-22T18:41:22.9348997Z binary_ops                             fastest       │ slowest       │ median        │ mean          │ samples │ iters
2026-09-22T18:41:22.9350203Z ├─ neon::add_constant_shapes_neon                    │               │               │               │         │
2026-09-22T18:41:23.0289847Z │  ├─ (32768, ConstantPerRow)          16.18 µs      │ 88.73 µs      │ 17.25 µs      │ 17.54 µs      │ 1000    │ 1000
2026-09-22T18:41:23.0290752Z │  │                                   2.024 Gitem/s │ 369.2 Mitem/s │ 1.899 Gitem/s │ 1.867 Gitem/s │         │
2026-09-22T18:41:23.1189525Z │  ├─ (32768, PerRowConstant)          16.22 µs      │ 24.53 µs      │ 17.29 µs      │ 17.54 µs      │ 1000    │ 1000
2026-09-22T18:41:23.1190416Z │  │                                   2.02 Gitem/s  │ 1.335 Gitem/s │ 1.895 Gitem/s │ 1.867 Gitem/s │         │
2026-09-22T18:41:23.2093151Z │  ╰─ (32768, PerRowNullableConstant)  17.01 µs      │ 33.58 µs      │ 18.22 µs      │ 18.51 µs      │ 1000    │ 1000
2026-09-22T18:41:23.2093894Z │                                      1.926 Gitem/s │ 975.5 Mitem/s │ 1.797 Gitem/s │ 1.769 Gitem/s │         │
2026-09-22T18:41:23.3018015Z ├─ neon::add_i32_nonnull_neon          17.94 µs      │ 35.47 µs      │ 18.74 µs      │ 19.05 µs      │ 1000    │ 1000
2026-09-22T18:41:23.3019085Z │                                      3.652 Gitem/s │ 1.847 Gitem/s │ 3.496 Gitem/s │ 3.438 Gitem/s │         │
2026-09-22T18:41:23.3945262Z ├─ neon::add_i64_nonnull_neon          17.42 µs      │ 27.74 µs      │ 18.58 µs      │ 18.98 µs      │ 1000    │ 1000
2026-09-22T18:41:23.3946432Z │                                      1.88 Gitem/s  │ 1.181 Gitem/s │ 1.763 Gitem/s │ 1.726 Gitem/s │         │
2026-09-22T18:41:23.4895212Z ├─ neon::add_i64_nullable_neon         19.53 µs      │ 50.15 µs      │ 21.51 µs      │ 21.84 µs      │ 1000    │ 1000
2026-09-22T18:41:23.4896250Z │                                      1.677 Gitem/s │ 653.3 Mitem/s │ 1.523 Gitem/s │ 1.499 Gitem/s │         │
2026-09-22T18:41:23.4896987Z ├─ neon::add_shapes_neon                             │               │               │               │         │
2026-09-22T18:41:23.5811338Z │  ╰─ (32768, PerRowPerRow)            17.56 µs      │ 26.66 µs      │ 18.56 µs      │ 18.94 µs      │ 1000    │ 1000
2026-09-22T18:41:23.5812344Z │                                      1.865 Gitem/s │ 1.228 Gitem/s │ 1.764 Gitem/s │ 1.729 Gitem/s │         │
2026-09-22T18:41:23.6698117Z ├─ neon::add_u32_nonnull_neon          13.68 µs      │ 25.83 µs      │ 14.97 µs      │ 15.44 µs      │ 1000    │ 1000
2026-09-22T18:41:23.6698943Z │                                      4.787 Gitem/s │ 2.536 Gitem/s │ 4.375 Gitem/s │ 4.244 Gitem/s │         │
2026-09-22T18:41:23.8480129Z ├─ neon::div_i64_nonnull_neon          102.8 µs      │ 122.8 µs      │ 103.5 µs      │ 104.7 µs      │ 1000    │ 1000
2026-09-22T18:41:23.8480918Z │                                      318.5 Mitem/s │ 266.6 Mitem/s │ 316.4 Mitem/s │ 312.8 Mitem/s │         │
2026-09-22T18:41:23.9883061Z ├─ neon::div_i64_nullable_neon         61.82 µs      │ 107.9 µs      │ 63.99 µs      │ 65.44 µs      │ 1000    │ 1000
2026-09-22T18:41:23.9884076Z │                                      529.9 Mitem/s │ 303.6 Mitem/s │ 512 Mitem/s   │ 500.7 Mitem/s │         │
2026-09-22T18:41:24.0645878Z ├─ neon::lt_i64_nullable_neon          3.712 µs      │ 38.62 µs      │ 3.945 µs      │ 4.047 µs      │ 1000    │ 1000
2026-09-22T18:41:24.0646804Z │                                      1.103 Gitem/s │ 106 Mitem/s   │ 1.038 Gitem/s │ 1.011 Gitem/s │         │
2026-09-22T18:41:24.1656684Z ├─ neon::mul_i8_nonnull_neon           25.45 µs      │ 56.11 µs      │ 26.99 µs      │ 27.37 µs      │ 1000    │ 1000
2026-09-22T18:41:24.1657577Z │                                      10.29 Gitem/s │ 4.671 Gitem/s │ 9.71 Gitem/s  │ 9.574 Gitem/s │         │
2026-09-22T18:41:24.2646927Z ├─ neon::mul_i16_nonnull_neon          24.19 µs      │ 35.88 µs      │ 25.49 µs      │ 25.81 µs      │ 1000    │ 1000
2026-09-22T18:41:24.2647605Z │                                      5.416 Gitem/s │ 3.652 Gitem/s │ 5.141 Gitem/s │ 5.077 Gitem/s │         │
2026-09-22T18:41:24.3629698Z ├─ neon::mul_i32_nonnull_neon          23.48 µs      │ 32.9 µs       │ 24.8 µs       │ 25.16 µs      │ 1000    │ 1000
2026-09-22T18:41:24.3630725Z │                                      2.79 Gitem/s  │ 1.991 Gitem/s │ 2.642 Gitem/s │ 2.604 Gitem/s │         │
2026-09-22T18:41:24.4648341Z ├─ neon::mul_i32_nullable_neon         25.66 µs      │ 40.99 µs      │ 27.27 µs      │ 27.71 µs      │ 1000    │ 1000
2026-09-22T18:41:24.4649094Z │                                      2.553 Gitem/s │ 1.598 Gitem/s │ 2.403 Gitem/s │ 2.364 Gitem/s │         │
2026-09-22T18:41:24.5773765Z ├─ neon::mul_i64_nonnull_neon          38.49 µs      │ 47.88 µs      │ 39.22 µs      │ 39.76 µs      │ 1000    │ 1000
2026-09-22T18:41:24.5774447Z │                                      851.2 Mitem/s │ 684.2 Mitem/s │ 835.3 Mitem/s │ 824 Mitem/s   │         │
2026-09-22T18:41:24.6779146Z ├─ neon::mul_u8_nonnull_neon           19.32 µs      │ 32.91 µs      │ 20.95 µs      │ 21.19 µs      │ 1000    │ 1000
2026-09-22T18:41:24.6779815Z │                                      13.56 Gitem/s │ 7.964 Gitem/s │ 12.51 Gitem/s │ 12.36 Gitem/s │         │
2026-09-22T18:41:24.7698863Z ├─ neon::mul_u16_nonnull_neon          17.56 µs      │ 30.16 µs      │ 19.04 µs      │ 19.43 µs      │ 1000    │ 1000
2026-09-22T18:41:24.7699790Z │                                      7.46 Gitem/s  │ 4.345 Gitem/s │ 6.883 Gitem/s │ 6.745 Gitem/s │         │
2026-09-22T18:41:24.8619929Z ├─ neon::mul_u32_nonnull_neon          17.89 µs      │ 30.4 µs       │ 18.99 µs      │ 19.62 µs      │ 1000    │ 1000
2026-09-22T18:41:24.8620816Z │                                      3.662 Gitem/s │ 2.155 Gitem/s │ 3.449 Gitem/s │ 3.338 Gitem/s │         │
2026-09-22T18:41:24.9760365Z ├─ neon::mul_u64_nonnull_neon          39.94 µs      │ 49.52 µs      │ 41.32 µs      │ 41.85 µs      │ 1000    │ 1000
2026-09-22T18:41:24.9761208Z │                                      820.3 Mitem/s │ 661.6 Mitem/s │ 792.9 Mitem/s │ 782.8 Mitem/s │         │
2026-09-22T18:41:24.9761945Z ├─ neon::multiply_shapes_neon                        │               │               │               │         │
2026-09-22T18:41:25.0885787Z │  ╰─ (32768, PerRowPerRow)            38.6 µs       │ 54.02 µs      │ 39.16 µs      │ 39.76 µs      │ 1000    │ 1000
2026-09-22T18:41:25.0886642Z │                                      848.8 Mitem/s │ 606.4 Mitem/s │ 836.5 Mitem/s │ 824 Mitem/s   │         │
2026-09-22T18:41:25.0887385Z ╰─ neon::subtract_shapes_neon                        │               │               │               │         │
2026-09-22T18:41:25.1806135Z    ╰─ (32768, PerRowPerRow)            17.36 µs      │ 28.89 µs      │ 18.7 µs       │ 19.07 µs      │ 1000    │ 1000
2026-09-22T18:41:25.1807293Z                                        1.886 Gitem/s │ 1.133 Gitem/s │ 1.751 Gitem/s │ 1.718 Gitem/s │         │
2026-09-22T18:41:25.1807666Z 
2026-09-22T18:41:25.1813865Z Done running binary_ops
2026-09-22T18:41:25.1814320Z Running vortex-array scalar_subtract
2026-09-22T18:41:25.1843720Z Timer precision: 29 ns
2026-09-22T18:41:25.1844184Z scalar_subtract                fastest       │ slowest       │ median        │ mean          │ samples │ iters
2026-09-22T18:41:25.2761220Z ╰─ neon::scalar_subtract_neon  12.5 µs       │ 123.9 µs      │ 13.74 µs      │ 14.5 µs       │ 1000    │ 1000
2026-09-22T18:41:25.2761968Z 
2026-09-22T18:41:25.2765914Z Done running scalar_subtract
2026-09-22T18:41:25.2766239Z Running vortex-buffer collect_bool
2026-09-22T18:41:25.2789439Z Timer precision: 29 ns
2026-09-22T18:41:25.2790118Z collect_bool                         fastest       │ slowest       │ median        │ mean          │ samples │ iters
2026-09-22T18:41:25.2791501Z ╰─ neon::words_gather_dispatch_neon                │               │               │               │         │
2026-09-22T18:41:25.3587992Z    ├─ 65536                          2.052 µs      │ 10.1 µs       │ 2.077 µs      │ 2.112 µs      │ 1000    │ 2000
2026-09-22T18:41:25.4658948Z    ╰─ 1048576                        29.84 µs      │ 40.59 µs      │ 30.54 µs      │ 30.84 µs      │ 1000    │ 1000
2026-09-22T18:41:25.4659606Z Done running collect_bool
2026-09-22T18:41:25.4659776Z 
2026-09-22T18:41:25.4664057Z Running vortex-compute lane_kernels
2026-09-22T18:41:25.4676543Z Timer precision: 29 ns
2026-09-22T18:41:25.4677541Z lane_kernels                           fastest       │ slowest       │ median        │ mean          │ samples │ iters
2026-09-22T18:41:25.4678330Z ╰─ neon::lanezip_checked_add_u32_neon                │               │               │               │         │
2026-09-22T18:41:25.5726490Z    ╰─ 65536                            21.56 µs      │ 32.18 µs      │ 22.83 µs      │ 22.99 µs      │ 1000    │ 1000
2026-09-22T18:41:25.5727091Z 
2026-09-22T18:41:25.5731536Z Done running lane_kernels
2026-09-22T18:41:25.5731960Z Running vortex-decimal-byte-parts dbp_assemble
2026-09-22T18:41:25.5757684Z Timer precision: 29 ns
2026-09-22T18:41:25.5758195Z dbp_assemble                                  fastest       │ slowest       │ median        │ mean          │ samples │ iters
2026-09-22T18:41:25.5759175Z ├─ neon::dbp_assemble_kernel_narrow_msp_neon                │               │               │               │         │
2026-09-22T18:41:25.6554622Z │  ├─ (I128, 1024)                            485.2 ns      │ 971.7 ns      │ 495.6 ns      │ 500.4 ns      │ 1000    │ 8000
2026-09-22T18:41:25.7305073Z │  ├─ (I128, 8192)                            3.781 µs      │ 8.444 µs      │ 4.141 µs      │ 4.149 µs      │ 1000    │ 1000
2026-09-22T18:41:25.8028223Z │  ├─ (I256, 1024)                            950.6 ns      │ 4.467 µs      │ 977.6 ns      │ 1.005 µs      │ 1000    │ 1000
2026-09-22T18:41:25.8806491Z │  ╰─ (I256, 8192)                            6.668 µs      │ 11.45 µs      │ 6.825 µs      │ 6.925 µs      │ 1000    │ 1000
2026-09-22T18:41:25.8807617Z ╰─ neon::dbp_assemble_kernel_neon                           │               │               │               │         │
2026-09-22T18:41:25.9546947Z    ├─ (I128, 1024)                            412.7 ns      │ 985.9 ns      │ 458.3 ns      │ 458.1 ns      │ 1000    │ 8000
2026-09-22T18:41:26.0295086Z    ├─ (I128, 8192)                            3.443 µs      │ 9.353 µs      │ 4.076 µs      │ 4.018 µs      │ 1000    │ 1000
2026-09-22T18:41:26.1041328Z    ├─ (I256, 1024)                            913.3 ns      │ 1.624 µs      │ 926.3 ns      │ 933.6 ns      │ 1000    │ 4000
2026-09-22T18:41:26.1819097Z    ╰─ (I256, 8192)                            6.826 µs      │ 10.61 µs      │ 7.139 µs      │ 7.143 µs      │ 1000    │ 1000
2026-09-22T18:41:26.1819625Z 
2026-09-22T18:41:26.1823539Z Done running dbp_assemble
2026-09-22T18:41:26.1824166Z Running vortex-decimal-byte-parts dbp_split
2026-09-22T18:41:26.1851010Z Timer precision: 29 ns
2026-09-22T18:41:26.1851477Z dbp_split                                  fastest       │ slowest       │ median        │ mean          │ samples │ iters
2026-09-22T18:41:26.1852509Z ├─ neon::dbp_split_kernel_all_valid_neon                 │               │               │               │         │
2026-09-22T18:41:26.2637165Z │  ├─ (I128, 1024)                         548.3 ns      │ 1.395 µs      │ 575.8 ns      │ 584.5 ns      │ 1000    │ 4000
2026-09-22T18:41:26.3383893Z │  ├─ (I128, 8192)                         3.165 µs      │ 7.375 µs      │ 3.565 µs      │ 3.576 µs      │ 1000    │ 1000
2026-09-22T18:41:26.4127109Z │  ├─ (I256, 1024)                         1.45 µs       │ 3.876 µs      │ 1.641 µs      │ 1.65 µs       │ 1000    │ 2000
2026-09-22T18:41:26.4927018Z │  ╰─ (I256, 8192)                         8.107 µs      │ 13.97 µs      │ 9.333 µs      │ 9.31 µs       │ 1000    │ 1000
2026-09-22T18:41:26.4927817Z ╰─ neon::dbp_split_kernel_mixed_null_neon                │               │               │               │         │
2026-09-22T18:41:26.5686391Z    ├─ (I128, 1024)                         1.218 µs      │ 2.356 µs      │ 1.244 µs      │ 1.262 µs      │ 1000    │ 4000
2026-09-22T18:41:26.6481446Z    ├─ (I128, 8192)                         7.883 µs      │ 13.83 µs      │ 8.506 µs      │ 8.553 µs      │ 1000    │ 1000
2026-09-22T18:41:26.7213540Z    ├─ (I256, 1024)                         2.154 µs      │ 6.106 µs      │ 2.276 µs      │ 2.31 µs       │ 1000    │ 1000
2026-09-22T18:41:26.8054588Z    ╰─ (I256, 8192)                         11.92 µs      │ 19.33 µs      │ 13 µs         │ 13.04 µs      │ 1000    │ 1000
2026-09-22T18:41:26.8055008Z 
2026-09-22T18:41:26.8059296Z Done running dbp_split
2026-09-22T18:41:26.8059663Z Finished running 10 benchmark suite(s)
2026-09-22T18:41:26.9932795Z Symbolicating...
2026-09-22T18:41:29.8528320Z ##[endgroup]
2026-09-22T18:41:29.8529100Z ##[group]Uploading results
2026-09-22T18:41:33.1462152Z Performance data uploaded
2026-09-22T18:41:33.1462573Z Linked repository: vortex-data/vortex
2026-09-22T18:41:33.1465331Z ##[endgroup]
2026-09-22T18:41:33.1502206Z ##[end-action id=__CodSpeedHQ_action.__run_2;outcome=success;conclusion=success;duration_ms=21593]
2026-09-22T18:41:33.1672184Z Post job cleanup.
2026-09-22T18:41:33.1675945Z ##[start-action display=Cache CodSpeed instruments;id=__308e97ed-8d44-435d-ad00-69b2963abc19.__actions_cache]
2026-09-22T18:41:33.1712254Z Post job cleanup.
2026-09-22T18:41:33.2986107Z [warning]Path Validation Error: Path(s) specified in the action for caching do(es) not exist, hence no cache is being saved.
2026-09-22T18:41:33.3044685Z ##[end-action id=__308e97ed-8d44-435d-ad00-69b2963abc19.__actions_cache;outcome=success;conclusion=success;duration_ms=136]
2026-09-22T18:41:33.3197560Z Post job cleanup.
2026-09-22T18:41:33.3200671Z ##[start-action display=Restore Cache;id=__44e4236e-e7e2-4f2b-8507-a72ccf9e42e4.cache]
2026-09-22T18:41:33.3235759Z Post job cleanup.
2026-09-22T18:41:33.4464653Z Cache hit occurred on the primary key cargo-codspeed-5.0.2-aarch64-linux-gnu-2.39-features-default-no-default-features-false-all-features-false, not saving cache.
2026-09-22T18:41:33.4512961Z ##[end-action id=__44e4236e-e7e2-4f2b-8507-a72ccf9e42e4.cache;outcome=success;conclusion=success;duration_ms=131]
2026-09-22T18:41:33.4651812Z Post job cleanup.
2026-09-22T18:41:33.4733633Z Post job cleanup.
2026-09-22T18:41:33.5544093Z [command]/usr/bin/git version
2026-09-22T18:41:33.5578303Z git version 2.55.0
2026-09-22T18:41:33.5619221Z Temporarily overriding HOME='/home/runner/_work/_temp/ab7a5c65-9bb2-4109-95a7-95c6feab3561' before making global git config changes
2026-09-22T18:41:33.5641757Z Adding repository directory to the temporary git global config as a safe directory
2026-09-22T18:41:33.5642458Z [command]/usr/bin/git config --global --add safe.directory /home/runner/_work/vortex/vortex
2026-09-22T18:41:33.5658235Z Removing SSH command configuration
2026-09-22T18:41:33.5665068Z [command]/usr/bin/git config --local --name-only --get-regexp core\.sshCommand
2026-09-22T18:41:33.5700129Z [command]/usr/bin/git submodule foreach --recursive sh -c "git config --local --name-only --get-regexp 'core\.sshCommand' && git config --local --unset-all 'core.sshCommand' || :"
2026-09-22T18:41:33.5880189Z Removing HTTP extra header
2026-09-22T18:41:33.5885549Z [command]/usr/bin/git config --local --name-only --get-regexp http\.https\:\/\/github\.com\/\.extraheader
2026-09-22T18:41:33.5915229Z [command]/usr/bin/git submodule foreach --recursive sh -c "git config --local --name-only --get-regexp 'http\.https\:\/\/github\.com\/\.extraheader' && git config --local --unset-all 'http.https://github.com/.extraheader' || :"
2026-09-22T18:41:33.6094600Z Removing includeIf entries pointing to credentials config files
2026-09-22T18:41:33.6099279Z [command]/usr/bin/git config --local --name-only --get-regexp ^includeIf\.gitdir:
2026-09-22T18:41:33.6124585Z includeif.gitdir:/home/runner/_work/vortex/vortex/.git.path
2026-09-22T18:41:33.6131623Z includeif.gitdir:/home/runner/_work/vortex/vortex/.git/worktrees/*.path
2026-09-22T18:41:33.6139182Z includeif.gitdir:/github/workspace/.git.path
2026-09-22T18:41:33.6139759Z includeif.gitdir:/github/workspace/.git/worktrees/*.path
2026-09-22T18:41:33.6141435Z [command]/usr/bin/git config --local --get-all includeif.gitdir:/home/runner/_work/vortex/vortex/.git.path
2026-09-22T18:41:33.6157373Z /home/runner/_work/_temp/git-credentials-621d4418-4c90-47df-b3ff-7a55c3abfce7.config
2026-09-22T18:41:33.6177630Z [command]/usr/bin/git config --local --unset includeif.gitdir:/home/runner/_work/vortex/vortex/.git.path \/home\/runner\/_work\/_temp\/git\-credentials\-621d4418\-4c90\-47df\-b3ff\-7a55c3abfce7\.config
2026-09-22T18:41:33.6222781Z [command]/usr/bin/git config --local --get-all includeif.gitdir:/home/runner/_work/vortex/vortex/.git/worktrees/*.path
2026-09-22T18:41:33.6235770Z /home/runner/_work/_temp/git-credentials-621d4418-4c90-47df-b3ff-7a55c3abfce7.config
2026-09-22T18:41:33.6249679Z [command]/usr/bin/git config --local --unset includeif.gitdir:/home/runner/_work/vortex/vortex/.git/worktrees/*.path \/home\/runner\/_work\/_temp\/git\-credentials\-621d4418\-4c90\-47df\-b3ff\-7a55c3abfce7\.config
2026-09-22T18:41:33.6287425Z [command]/usr/bin/git config --local --get-all includeif.gitdir:/github/workspace/.git.path
2026-09-22T18:41:33.6305435Z /github/runner_temp/git-credentials-621d4418-4c90-47df-b3ff-7a55c3abfce7.config
2026-09-22T18:41:33.6321260Z [command]/usr/bin/git config --local --unset includeif.gitdir:/github/workspace/.git.path \/github\/runner_temp\/git\-credentials\-621d4418\-4c90\-47df\-b3ff\-7a55c3abfce7\.config
2026-09-22T18:41:33.6343074Z [command]/usr/bin/git config --local --get-all includeif.gitdir:/github/workspace/.git/worktrees/*.path
2026-09-22T18:41:33.6367568Z /github/runner_temp/git-credentials-621d4418-4c90-47df-b3ff-7a55c3abfce7.config
2026-09-22T18:41:33.6377815Z [command]/usr/bin/git config --local --unset includeif.gitdir:/github/workspace/.git/worktrees/*.path \/github\/runner_temp\/git\-credentials\-621d4418\-4c90\-47df\-b3ff\-7a55c3abfce7\.config
2026-09-22T18:41:33.6422881Z [command]/usr/bin/git submodule foreach --recursive git config --local --show-origin --name-only --get-regexp remote.origin.url
2026-09-22T18:41:33.6611656Z Removing credentials config '/home/runner/_work/_temp/git-credentials-621d4418-4c90-47df-b3ff-7a55c3abfce7.config'
2026-09-22T18:41:33.6756711Z Post job cleanup.
2026-09-22T18:41:33.7421766Z Running post-execution phase...
2026-09-22T18:41:33.7422546Z Input 'show_env': false
2026-09-22T18:41:33.7423135Z Input 'show_costs': inline
2026-09-22T18:41:33.7424200Z Input 'metrics': []
2026-09-22T18:41:33.7424894Z Input 'network_interface': enp39s0
2026-09-22T18:41:33.7425587Z Input 'disk_device': nvme0n1p1
2026-09-22T18:41:33.7426061Z Input 'sccache': 
2026-09-22T18:41:33.7426443Z Input 'sticky_cache': []
2026-09-22T18:41:33.7426861Z Input 'sticky_wait_timeout': 15m0s
2026-09-22T18:41:33.7427521Z ZCTIONS_RESULTS_URL is set: https://results-receiver.actions.githubusercontent.com/
2026-09-22T18:41:33.7428554Z ZCTIONS_CACHE_URL is set: https://acghubeus1.actions.githubusercontent.com/XtqVEj2MXQCbzj6x6n8CMomnIjyhqqRNuSgameoSnKmgcNZw2F/
2026-09-22T18:41:33.7429595Z ACTIONS_RUNTIME_TOKEN is set.
2026-09-22T18:41:33.7974944Z Mapped zone name us-east-1b to zone ID use1-az1
2026-09-22T18:41:34.2968704Z ## Execution Cost Summary
2026-09-22T18:41:34.2984108Z 
2026-09-22T18:41:34.2989738Z | metric                 | value           |
2026-09-22T18:41:34.2990311Z | ---------------------- | --------------- |
2026-09-22T18:41:34.2990912Z | Instance Type          | c7g.metal       |
2026-09-22T18:41:34.2991451Z | Instance Lifecycle     | spot            |
2026-09-22T18:41:34.2991905Z | Region                 | us-east-1       |
2026-09-22T18:41:34.2992372Z | Platform               | Linux/UNIX      |
2026-09-22T18:41:34.3013182Z | Arch                   | arm64           |
2026-09-22T18:41:34.3014625Z | Az                     | us-east-1b      |
2026-09-22T18:41:34.3038857Z | Zone ID                | use1-az1        |
2026-09-22T18:41:34.3039388Z | Duration               | 1.59 minutes    |
2026-09-22T18:41:34.3039875Z | Cost                   | $0.0176         |
2026-09-22T18:41:34.3040334Z | GitHub equivalent cost | $0.1960         |
2026-09-22T18:41:34.3040990Z | Savings                | $0.1784 (91.0%) |
2026-09-22T18:41:34.3041268Z 
2026-09-22T18:41:34.3041415Z Post-execution phase finished.
2026-09-22T18:41:34.3055046Z A job completed hook has been configured by the self-hosted runner administrator
2026-09-22T18:41:34.3088409Z ##[group]Run '/runs-on/post.sh'
2026-09-22T18:41:34.3110094Z shell: /usr/bin/bash --noprofile --norc -e -o pipefail {0}
2026-09-22T18:41:34.3110466Z ##[endgroup]
2026-09-22T18:41:34.3180072Z Thanks for using RunsOn!
2026-09-22T18:41:34.3213842Z 
2026-09-22T18:41:34.3243830Z 📊 Job Metrics
2026-09-22T18:41:34.6425004Z Error visualizing metrics: failed to parse metrics file: error reading file: bufio.Scanner: token too long
2026-09-22T18:41:34.6440165Z Metrics visualization unavailable
2026-09-22T18:41:35.0934615Z 📤 metrics.jsonl uploaded (493126 bytes) to s3://runs-on-v3-s3bucketcache-dbnub4tpjhpv/cache/metrics/v1/vortex-data/vortex/35768383383/bench-codspeed-cpu-features/i-01c7aaf3797eac8ce/metrics.jsonl
2026-09-22T18:41:35.1047887Z Cleaning up orphan processes
