2026-09-22T18:36:29.1877300Z Current runner version: '2.336.0'
2026-09-22T18:36:29.1883485Z Runner name: 'runs-on--i-0fc031b4ed11e29c7--71856e34-e'
2026-09-22T18:36:29.1884727Z Runner group name: 'Default'
2026-09-22T18:36:29.1885749Z Machine name: 'ip-10-1-30-119'
2026-09-22T18:36:29.1904617Z ##[group]🏃 Runner details (c7g.metal, spot, v3.3.0)
2026-09-22T18:36:29.1906081Z ┌───────────────────┬─────────────────────────────────────────────────────────────────────────────────────────────────────────────────────────────────────────────────────┐
2026-09-22T18:36:29.1907540Z │       INFO        │                                                                        VALUE                                                                        │
2026-09-22T18:36:29.1908927Z ├───────────────────┼─────────────────────────────────────────────────────────────────────────────────────────────────────────────────────────────────────────────────────┤
2026-09-22T18:36:29.1910909Z │ Labels            │ [runs-on=35767825603/runner=bench-dedicated/family=c7g.metal/image=ubuntu24-full-arm64-pre-v2/extras=s3-cache/tag=bench-codspeed-cpu-features-neon] │
2026-09-22T18:36:29.1912814Z │ Extras            │ [s3-cache]                                                                                                                                          │
2026-09-22T18:36:29.1914310Z │ PrivateIp         │ 10.1.30.119                                                                                                                                         │
2026-09-22T18:36:29.1915789Z │ IsPrivate         │ false                                                                                                                                               │
2026-09-22T18:36:29.1917215Z │ Environment       │ production                                                                                                                                          │
2026-09-22T18:36:29.1918636Z │ StackName         │ runs-on-v3                                                                                                                                          │
2026-09-22T18:36:29.1920141Z │ Region            │ us-east-1                                                                                                                                           │
2026-09-22T18:36:29.1921676Z │ AvailabilityZone  │ us-east-1b                                                                                                                                          │
2026-09-22T18:36:29.1923175Z │ Version           │ v3.3.0                                                                                                                                              │
2026-09-22T18:36:29.1924765Z │ RunnerName        │ runs-on--i-0fc031b4ed11e29c7--71856e34-e                                                                                                            │
2026-09-22T18:36:29.1926574Z │ AssignmentId      │ 71856e34-ec55-4063-ba9a-38b5c0de1244                                                                                                                │
2026-09-22T18:36:29.1928329Z │ BucketCacheName   │ runs-on-v3-s3bucketcache-dbnub4tpjhpv                                                                                                               │
2026-09-22T18:36:29.1929995Z │ InstanceId        │ i-0fc031b4ed11e29c7                                                                                                                                 │
2026-09-22T18:36:29.1931577Z │ InstanceType      │ c7g.metal                                                                                                                                           │
2026-09-22T18:36:29.1933006Z │ InstanceLifecycle │ spot                                                                                                                                                │
2026-09-22T18:36:29.1934937Z │ InstanceRAM       │ 128527.63 MiB                                                                                                                                       │
2026-09-22T18:36:29.1936541Z │ InstanceCPU       │ 64 cores                                                                                                                                            │
2026-09-22T18:36:29.1938048Z │ InstanceDisk1     │ /=/dev/nvme0n1p1                                                                                                                                    │
2026-09-22T18:36:29.1939574Z │                   │ Free=81.24GiB Used=14.56GiB                                                                                                                         │
2026-09-22T18:36:29.1941116Z │ ImageId           │ ami-098c62767651982c5                                                                                                                               │
2026-09-22T18:36:29.1942730Z │ ImageName         │ vortex-ci-v2-arm64-20260831011845                                                                                                                   │
2026-09-22T18:36:29.1944296Z │ Platform          │ linux                                                                                                                                               │
2026-09-22T18:36:29.1945804Z │ Architecture      │ arm64                                                                                                                                               │
2026-09-22T18:36:29.1947197Z │ HasPreinstall     │ false                                                                                                                                               │
2026-09-22T18:36:29.1948760Z │ HasPrerun         │ false                                                                                                                                               │
2026-09-22T18:36:29.1950305Z │ IsDebug           │ false                                                                                                                                               │
2026-09-22T18:36:29.1951713Z │ Integrations      │ []                                                                                                                                                  │
2026-09-22T18:36:29.1953079Z └───────────────────┴─────────────────────────────────────────────────────────────────────────────────────────────────────────────────────────────────────────────────────┘
2026-09-22T18:36:29.1954226Z ##[endgroup]
2026-09-22T18:36:29.1954942Z ##[group]⏱️ Timings - 58.65s
2026-09-22T18:36:29.1955960Z ┌──────────────────────┬─────────────────────────────────┬─────────┬────────┐
2026-09-22T18:36:29.1956971Z │         TIME         │              STEP               │  DIFF   │ TOTAL  │
2026-09-22T18:36:29.1957980Z ├──────────────────────┼─────────────────────────────────┼─────────┼────────┤
2026-09-22T18:36:29.1959196Z │ 2026-09-22T18:35:27Z │ job-created                     │ 0ms     │ 0.0s   │
2026-09-22T18:36:29.1960506Z │ 2026-09-22T18:35:28Z │ job-received                    │ 1174ms  │ 1.17s  │
2026-09-22T18:36:29.1961926Z │ 2026-09-22T18:36:01Z │ job-scheduled                   │ 33767ms │ 34.94s │
2026-09-22T18:36:29.1963071Z │ 2026-09-22T18:36:03Z │ instance-pending                │ 1057ms  │ 36.00s │
2026-09-22T18:36:29.1964364Z │ 2026-09-22T18:36:04Z │ runner-registered               │ 1846ms  │ 37.85s │
2026-09-22T18:36:29.1965548Z │ 2026-09-22T18:36:23Z │ agent-booting                   │ 19114ms │ 56.96s │
2026-09-22T18:36:29.1966689Z │ 2026-09-22T18:36:23Z │ runner-setup-global-env         │ 15ms    │ 56.98s │
2026-09-22T18:36:29.1967848Z │ 2026-09-22T18:36:24Z │ runner-setup-user               │ 66ms    │ 57.04s │
2026-09-22T18:36:29.1968921Z │ 2026-09-22T18:36:24Z │ agent-metadata                  │ 140ms   │ 57.18s │
2026-09-22T18:36:29.1970164Z │ 2026-09-22T18:36:24Z │ instance-config                 │ 66ms    │ 57.25s │
2026-09-22T18:36:29.1971297Z │ 2026-09-22T18:36:24Z │ runner-otel-setup-tracer        │ 0ms     │ 57.25s │
2026-09-22T18:36:29.1972483Z │ 2026-09-22T18:36:24Z │ runner-otel-setup-collector     │ 0ms     │ 57.25s │
2026-09-22T18:36:29.1973750Z │ 2026-09-22T18:36:25Z │ runner-resize-disk              │ 1201ms  │ 58.45s │
2026-09-22T18:36:29.1974937Z │ 2026-09-22T18:36:25Z │ runner-prepare-mount-points     │ 0ms     │ 58.45s │
2026-09-22T18:36:29.1976196Z │ 2026-09-22T18:36:25Z │ runner-setup-mount-points       │ 68ms    │ 58.52s │
2026-09-22T18:36:29.1977346Z │ 2026-09-22T18:36:25Z │ runner-setup-agent              │ 4ms     │ 58.52s │
2026-09-22T18:36:29.1978575Z │ 2026-09-22T18:36:25Z │ runner-setup-aws-profile        │ 1ms     │ 58.53s │
2026-09-22T18:36:29.1979738Z │ 2026-09-22T18:36:25Z │ runner-setup-host               │ 0ms     │ 58.53s │
2026-09-22T18:36:29.1980848Z │ 2026-09-22T18:36:25Z │ runner-config                   │ 29ms    │ 58.55s │
2026-09-22T18:36:29.1982101Z │ 2026-09-22T18:36:25Z │ runner-otel-restart             │ 0ms     │ 58.55s │
2026-09-22T18:36:29.1983187Z │ 2026-09-22T18:36:25Z │ runner-env                      │ 5ms     │ 58.56s │
2026-09-22T18:36:29.1984912Z │ 2026-09-22T18:36:25Z │ runner-setup-integrations       │ 61ms    │ 58.62s │
2026-09-22T18:36:29.1986044Z │ 2026-09-22T18:36:25Z │ runner-chown-runner-directories │ 0ms     │ 58.62s │
2026-09-22T18:36:29.1987205Z │ 2026-09-22T18:36:25Z │ runner-start-local-server       │ 0ms     │ 58.62s │
2026-09-22T18:36:29.1988418Z │ 2026-09-22T18:36:25Z │ runner-setup-s3-cache           │ 14ms    │ 58.64s │
2026-09-22T18:36:29.1989576Z │ 2026-09-22T18:36:25Z │ runner-setup-hooks              │ 9ms     │ 58.65s │
2026-09-22T18:36:29.1990720Z └──────────────────────┴─────────────────────────────────┴─────────┴────────┘
2026-09-22T18:36:29.1991522Z ##[endgroup]
2026-09-22T18:36:29.1993225Z ##[group]GITHUB_TOKEN Permissions
2026-09-22T18:36:29.1995587Z Contents: read
2026-09-22T18:36:29.1996347Z Metadata: read
2026-09-22T18:36:29.1996979Z ##[endgroup]
2026-09-22T18:36:29.1999480Z Secret source: Actions
2026-09-22T18:36:29.2000531Z Cache mode: write
2026-09-22T18:36:29.2001565Z Prepare workflow directory
2026-09-22T18:36:29.2381632Z Prepare all required actions
2026-09-22T18:36:29.2432867Z Getting action download info
2026-09-22T18:36:29.4686681Z Download action repository 'runs-on/action@v2' (SHA:efac073ea2507ec18797de3a81704201ade11d9d)
2026-09-22T18:36:29.8998452Z Download action repository 'actions/checkout@3d3c42e5aac5ba805825da76410c181273ba90b1' (SHA:3d3c42e5aac5ba805825da76410c181273ba90b1)
2026-09-22T18:36:29.9413302Z Download action repository 'taiki-e/cache-cargo-install-action@66c9585ef5ca780ee69399975a5e911f47905995' (SHA:66c9585ef5ca780ee69399975a5e911f47905995)
2026-09-22T18:36:30.0071316Z Download action repository 'actions/download-artifact@3e5f45b2cfb9172054b4087a40e8e0b5a5461e7c' (SHA:3e5f45b2cfb9172054b4087a40e8e0b5a5461e7c)
2026-09-22T18:36:30.1389247Z Download action repository 'CodSpeedHQ/action@4296e51e7041e24dadb86d1d6e8b9320d223dbe8' (SHA:4296e51e7041e24dadb86d1d6e8b9320d223dbe8)
2026-09-22T18:36:30.3245508Z Getting action download info
2026-09-22T18:36:30.4380005Z Download action repository 'actions/cache@668228422ae6a00e4ad889ee87cd7109ec5666a7' (SHA:668228422ae6a00e4ad889ee87cd7109ec5666a7)
2026-09-22T18:36:30.6583763Z Getting action download info
2026-09-22T18:36:30.7490830Z Download action repository 'actions/github-script@ed597411d8f924073f98dfc5c65a23a2325f34cd' (SHA:ed597411d8f924073f98dfc5c65a23a2325f34cd)
2026-09-22T18:36:30.9088366Z Complete job name: Benchmark with Codspeed (neon)
2026-09-22T18:36:31.0215834Z A job started hook has been configured by the self-hosted runner administrator
2026-09-22T18:36:31.0382055Z ##[group]Run '/runs-on/pre.sh'
2026-09-22T18:36:31.0415575Z shell: /usr/bin/bash --noprofile --norc -e -o pipefail {0}
2026-09-22T18:36:31.0417029Z ##[endgroup]
2026-09-22T18:36:31.0629707Z 
2026-09-22T18:36:31.0630839Z 👋 This self-hosted runner was launched with RunsOn (https://runs-on.com). Join the party!
2026-09-22T18:36:31.0631990Z 
2026-09-22T18:36:31.0646522Z ##[group]Job identity
2026-09-22T18:36:31.0647472Z Organization: vortex-data
2026-09-22T18:36:31.0648417Z Repository: vortex-data/vortex
2026-09-22T18:36:31.0649345Z Workflow: Codspeed Benchmarking
2026-09-22T18:36:31.0650280Z Job: bench-codspeed-cpu-features
2026-09-22T18:36:31.0651802Z ##[endgroup]
2026-09-22T18:36:31.0652225Z 
2026-09-22T18:36:31.0653344Z ##[group]💡 Additional environment variables available in your steps
2026-09-22T18:36:31.0654752Z ACTIONS_CACHE_SERVICE_V2=true
2026-09-22T18:36:31.0655791Z ACTIONS_CACHE_URL=http://10.1.30.119:6871/
2026-09-22T18:36:31.0656874Z ACTIONS_RESULTS_URL=http://10.1.30.119:6871/
2026-09-22T18:36:31.0658009Z ACTIONS_RUNNER_HOOK_JOB_COMPLETED=/runs-on/post.sh
2026-09-22T18:36:31.0659164Z ACTIONS_RUNNER_HOOK_JOB_STARTED=/runs-on/pre.sh
2026-09-22T18:36:31.0660257Z GITHUB_API_URL=https://api.github.com/
2026-09-22T18:36:31.0661211Z GITHUB_HOST=github.com
2026-09-22T18:36:31.0662071Z GITHUB_SERVER_URL=https://github.com/
2026-09-22T18:36:31.0663075Z RUNNER_TOOL_CACHE=/opt/hostedtoolcache
2026-09-22T18:36:31.0664028Z RUNS_ON_AGENT_ARCH=arm64
2026-09-22T18:36:31.0664983Z RUNS_ON_AGENT_BINARY=/runs-on/agent
2026-09-22T18:36:31.0665909Z RUNS_ON_AGENT_USER=runner
2026-09-22T18:36:31.0666802Z RUNS_ON_AMI_ID=ami-098c62767651982c5
2026-09-22T18:36:31.0667728Z RUNS_ON_AWS_AZ=us-east-1b
2026-09-22T18:36:31.0668584Z RUNS_ON_AWS_REGION=us-east-1
2026-09-22T18:36:31.0669809Z RUNS_ON_ENV_CUSTOM_FILE=/runs-on/env.custom
2026-09-22T18:36:31.0670899Z RUNS_ON_HOME=/runs-on
2026-09-22T18:36:31.0671773Z RUNS_ON_INSTANCE_ID=i-0fc031b4ed11e29c7
2026-09-22T18:36:31.0672806Z RUNS_ON_INSTANCE_LAUNCHED_AT=2026-09-22T18:36:01Z
2026-09-22T18:36:31.0673858Z RUNS_ON_INSTANCE_LIFECYCLE=spot
2026-09-22T18:36:31.0674847Z RUNS_ON_INSTANCE_TYPE=c7g.metal
2026-09-22T18:36:31.0675914Z RUNS_ON_RUNNER_NAME=runs-on--i-0fc031b4ed11e29c7--71856e34-e
2026-09-22T18:36:31.0677232Z RUNS_ON_S3_BUCKET_CACHE=runs-on-v3-s3bucketcache-dbnub4tpjhpv
2026-09-22T18:36:31.0678543Z RUNS_ON_S3_CACHE_REPO_PREFIX=cache/repo/vortex-data/vortex
2026-09-22T18:36:31.0679674Z RUNS_ON_STACK_NAME=runs-on-v3
2026-09-22T18:36:31.0680566Z RUNS_ON_VERSION=v3.3.0
2026-09-22T18:36:31.0681874Z ##[endgroup]
2026-09-22T18:36:31.0682289Z 
2026-09-22T18:36:31.0963507Z ##[group]Run runs-on/action@v2
2026-09-22T18:36:31.0964575Z with:
2026-09-22T18:36:31.0965278Z   show_env: false
2026-09-22T18:36:31.0966026Z   show_costs: inline
2026-09-22T18:36:31.0966830Z   network_interface: enp39s0
2026-09-22T18:36:31.0967682Z   disk_device: nvme0n1p1
2026-09-22T18:36:31.0974536Z   token: ***
2026-09-22T18:36:31.0975294Z   sticky_wait_timeout: 15m
2026-09-22T18:36:31.0976094Z env:
2026-09-22T18:36:31.0976785Z   CARGO_TERM_COLOR: always
2026-09-22T18:36:31.0977597Z   RUST_BACKTRACE: 1
2026-09-22T18:36:31.0978402Z   NIGHTLY_TOOLCHAIN: nightly-2026-09-10
2026-09-22T18:36:31.0979390Z   RUNNER_TOOL_CACHE: /opt/hostedtoolcache
2026-09-22T18:36:31.0980330Z   RUNS_ON_HOME: /runs-on
2026-09-22T18:36:31.0981143Z   RUNS_ON_VERSION: v3.3.0
2026-09-22T18:36:31.0982025Z   RUNS_ON_AGENT_BINARY: /runs-on/agent
2026-09-22T18:36:31.0982953Z   RUNS_ON_AGENT_ARCH: arm64
2026-09-22T18:36:31.0984194Z   RUNS_ON_AGENT_USER: runner
2026-09-22T18:36:31.0985113Z   RUNS_ON_AMI_ID: ami-098c62767651982c5
2026-09-22T18:36:31.0986051Z   RUNS_ON_AWS_REGION: us-east-1
2026-09-22T18:36:31.0986918Z   RUNS_ON_AWS_AZ: us-east-1b
2026-09-22T18:36:31.0987826Z   RUNS_ON_ENV_CUSTOM_FILE: /runs-on/env.custom
2026-09-22T18:36:31.0988877Z   RUNS_ON_INSTANCE_ID: i-0fc031b4ed11e29c7
2026-09-22T18:36:31.0989850Z   RUNS_ON_INSTANCE_LIFECYCLE: spot
2026-09-22T18:36:31.0990771Z   RUNS_ON_INSTANCE_TYPE: c7g.metal
2026-09-22T18:36:31.0991691Z   RUNS_ON_STACK_NAME: runs-on-v3
2026-09-22T18:36:31.0992779Z   RUNS_ON_S3_BUCKET_CACHE: runs-on-v3-s3bucketcache-dbnub4tpjhpv
2026-09-22T18:36:31.0994013Z   ACTIONS_RUNNER_HOOK_JOB_STARTED: /runs-on/pre.sh
2026-09-22T18:36:31.0995218Z   ACTIONS_RUNNER_HOOK_JOB_COMPLETED: /runs-on/post.sh
2026-09-22T18:36:31.0996317Z   GITHUB_SERVER_URL: https://github.com/
2026-09-22T18:36:31.0997326Z   GITHUB_API_URL: https://api.github.com/
2026-09-22T18:36:31.0998279Z   GITHUB_HOST: github.com
2026-09-22T18:36:31.0999299Z   RUNS_ON_RUNNER_NAME: runs-on--i-0fc031b4ed11e29c7--71856e34-e
2026-09-22T18:36:31.1031112Z   RUNS_ON_INSTANCE_LAUNCHED_AT: 2026-09-22T18:36:01Z
2026-09-22T18:36:31.1032317Z   ACTIONS_CACHE_URL: http://10.1.30.119:6871/
2026-09-22T18:36:31.1033333Z   ACTIONS_CACHE_SERVICE_V2: true
2026-09-22T18:36:31.1034405Z   ACTIONS_RESULTS_URL: http://10.1.30.119:6871/
2026-09-22T18:36:31.1035598Z   RUNS_ON_S3_CACHE_REPO_PREFIX: cache/repo/vortex-data/vortex
2026-09-22T18:36:31.1036679Z ##[endgroup]
2026-09-22T18:36:31.7105524Z Input 'show_env': false
2026-09-22T18:36:31.7106556Z Input 'show_costs': inline
2026-09-22T18:36:31.7107419Z Input 'metrics': []
2026-09-22T18:36:31.7108227Z Input 'network_interface': enp39s0
2026-09-22T18:36:31.7109137Z Input 'disk_device': nvme0n1p1
2026-09-22T18:36:31.7109971Z Input 'sccache': 
2026-09-22T18:36:31.7110714Z Input 'sticky_cache': []
2026-09-22T18:36:31.7112351Z Input 'sticky_wait_timeout': 15m0s
2026-09-22T18:36:31.7113698Z ZCTIONS_RESULTS_URL is set: https://results-receiver.actions.githubusercontent.com/
2026-09-22T18:36:31.7116059Z ZCTIONS_CACHE_URL is set: https://acghubeus1.actions.githubusercontent.com/XtqVEj2MXQCbzj6x6n8CMomnIjyhqqRNuSgameoSnKmgcNZw2F/
2026-09-22T18:36:31.7117881Z ACTIONS_RUNTIME_TOKEN is set.
2026-09-22T18:36:31.7118785Z Config update response status: 200 OK
2026-09-22T18:36:31.7120131Z show_costs is enabled. You will find cost details in the post-execution step of this action.
2026-09-22T18:36:31.7121474Z Action finished.
2026-09-22T18:36:31.7338662Z ##[group]Run actions/checkout@3d3c42e5aac5ba805825da76410c181273ba90b1
2026-09-22T18:36:31.7339823Z with:
2026-09-22T18:36:31.7340502Z   repository: vortex-data/vortex
2026-09-22T18:36:31.7347222Z   token: ***
2026-09-22T18:36:31.7347917Z   ssh-strict: true
2026-09-22T18:36:31.7348597Z   ssh-user: git
2026-09-22T18:36:31.7349297Z   persist-credentials: true
2026-09-22T18:36:31.7350060Z   clean: true
2026-09-22T18:36:31.7350773Z   sparse-checkout-cone-mode: true
2026-09-22T18:36:31.7351620Z   fetch-depth: 1
2026-09-22T18:36:31.7352304Z   fetch-tags: false
2026-09-22T18:36:31.7353001Z   show-progress: true
2026-09-22T18:36:31.7353708Z   lfs: false
2026-09-22T18:36:31.7354407Z   submodules: false
2026-09-22T18:36:31.7355144Z   set-safe-directory: true
2026-09-22T18:36:31.7355963Z   allow-unsafe-pr-checkout: false
2026-09-22T18:36:31.7356763Z env:
2026-09-22T18:36:31.7357402Z   CARGO_TERM_COLOR: always
2026-09-22T18:36:31.7358157Z   RUST_BACKTRACE: 1
2026-09-22T18:36:31.7358937Z   NIGHTLY_TOOLCHAIN: nightly-2026-09-10
2026-09-22T18:36:31.7359845Z   RUNNER_TOOL_CACHE: /opt/hostedtoolcache
2026-09-22T18:36:31.7360719Z   RUNS_ON_HOME: /runs-on
2026-09-22T18:36:31.7361472Z   RUNS_ON_VERSION: v3.3.0
2026-09-22T18:36:31.7362266Z   RUNS_ON_AGENT_BINARY: /runs-on/agent
2026-09-22T18:36:31.7363118Z   RUNS_ON_AGENT_ARCH: arm64
2026-09-22T18:36:31.7363895Z   RUNS_ON_AGENT_USER: runner
2026-09-22T18:36:31.7364771Z   RUNS_ON_AMI_ID: ami-098c62767651982c5
2026-09-22T18:36:31.7365650Z   RUNS_ON_AWS_REGION: us-east-1
2026-09-22T18:36:31.7366725Z   RUNS_ON_AWS_AZ: us-east-1b
2026-09-22T18:36:31.7367570Z   RUNS_ON_ENV_CUSTOM_FILE: /runs-on/env.custom
2026-09-22T18:36:31.7368532Z   RUNS_ON_INSTANCE_ID: i-0fc031b4ed11e29c7
2026-09-22T18:36:31.7369443Z   RUNS_ON_INSTANCE_LIFECYCLE: spot
2026-09-22T18:36:31.7370291Z   RUNS_ON_INSTANCE_TYPE: c7g.metal
2026-09-22T18:36:31.7371130Z   RUNS_ON_STACK_NAME: runs-on-v3
2026-09-22T18:36:31.7372142Z   RUNS_ON_S3_BUCKET_CACHE: runs-on-v3-s3bucketcache-dbnub4tpjhpv
2026-09-22T18:36:31.7373318Z   ACTIONS_RUNNER_HOOK_JOB_STARTED: /runs-on/pre.sh
2026-09-22T18:36:31.7374446Z   ACTIONS_RUNNER_HOOK_JOB_COMPLETED: /runs-on/post.sh
2026-09-22T18:36:31.7375475Z   GITHUB_SERVER_URL: https://github.com/
2026-09-22T18:36:31.7376426Z   GITHUB_API_URL: https://api.github.com/
2026-09-22T18:36:31.7377320Z   GITHUB_HOST: github.com
2026-09-22T18:36:31.7378267Z   RUNS_ON_RUNNER_NAME: runs-on--i-0fc031b4ed11e29c7--71856e34-e
2026-09-22T18:36:31.7379405Z   RUNS_ON_INSTANCE_LAUNCHED_AT: 2026-09-22T18:36:01Z
2026-09-22T18:36:31.7380436Z   ACTIONS_CACHE_URL: http://10.1.30.119:6871/
2026-09-22T18:36:31.7381371Z   ACTIONS_CACHE_SERVICE_V2: true
2026-09-22T18:36:31.7382261Z   ACTIONS_RESULTS_URL: http://10.1.30.119:6871/
2026-09-22T18:36:31.7383357Z   RUNS_ON_S3_CACHE_REPO_PREFIX: cache/repo/vortex-data/vortex
2026-09-22T18:36:31.7384495Z   RUNS_ON_ACTION_COST_TRACKING_CLAIMED: true
2026-09-22T18:36:31.7385382Z ##[endgroup]
2026-09-22T18:36:31.8415323Z Syncing repository: vortex-data/vortex
2026-09-22T18:36:31.8416933Z ##[group]Getting Git version info
2026-09-22T18:36:31.8417955Z Working directory is '/home/runner/_work/vortex/vortex'
2026-09-22T18:36:31.8419451Z [command]/usr/bin/git version
2026-09-22T18:36:31.8420290Z git version 2.55.0
2026-09-22T18:36:31.8434463Z ##[endgroup]
2026-09-22T18:36:31.8442621Z Temporarily overriding HOME='/home/runner/_work/_temp/66ff9769-6f4b-41d9-8dbd-76e7e64d0b90' before making global git config changes
2026-09-22T18:36:31.8444804Z Adding repository directory to the temporary git global config as a safe directory
2026-09-22T18:36:31.8447135Z [command]/usr/bin/git config --global --add safe.directory /home/runner/_work/vortex/vortex
2026-09-22T18:36:31.8472598Z Deleting the contents of '/home/runner/_work/vortex/vortex'
2026-09-22T18:36:31.8475735Z ##[group]Determining repository object format
2026-09-22T18:36:31.8477111Z ##[endgroup]
2026-09-22T18:36:31.8478273Z ##[group]Initializing the repository
2026-09-22T18:36:31.8481247Z [command]/usr/bin/git init /home/runner/_work/vortex/vortex
2026-09-22T18:36:31.8697387Z hint: Using 'master' as the name for the initial branch. This default branch name
2026-09-22T18:36:31.8698915Z hint: will change to "main" in Git 3.0. To configure the initial branch name
2026-09-22T18:36:31.8700408Z hint: to use in all of your new repositories, which will suppress this warning,
2026-09-22T18:36:31.8701609Z hint: call:
2026-09-22T18:36:31.8702246Z hint:
2026-09-22T18:36:31.8703092Z hint: 	git config --global init.defaultBranch <name>
2026-09-22T18:36:31.8704089Z hint:
2026-09-22T18:36:31.8705112Z hint: Names commonly chosen instead of 'master' are 'main', 'trunk' and
2026-09-22T18:36:31.8706590Z hint: 'development'. The just-created branch can be renamed via this command:
2026-09-22T18:36:31.8707753Z hint:
2026-09-22T18:36:31.8708416Z hint: 	git branch -m <name>
2026-09-22T18:36:31.8709174Z hint:
2026-09-22T18:36:31.8710176Z hint: Disable this message with "git config set advice.defaultBranchName false"
2026-09-22T18:36:31.8711744Z Initialized empty Git repository in /home/runner/_work/vortex/vortex/.git/
2026-09-22T18:36:31.8714313Z [command]/usr/bin/git remote add origin https://github.com/vortex-data/vortex
2026-09-22T18:36:31.8749360Z ##[endgroup]
2026-09-22T18:36:31.8750570Z ##[group]Disabling automatic garbage collection
2026-09-22T18:36:31.8752380Z [command]/usr/bin/git config --local gc.auto 0
2026-09-22T18:36:31.8775838Z ##[endgroup]
2026-09-22T18:36:31.8776966Z ##[group]Setting up auth
2026-09-22T18:36:31.8777818Z Removing SSH command configuration
2026-09-22T18:36:31.8781143Z [command]/usr/bin/git config --local --name-only --get-regexp core\.sshCommand
2026-09-22T18:36:31.8807353Z [command]/usr/bin/git submodule foreach --recursive sh -c "git config --local --name-only --get-regexp 'core\.sshCommand' && git config --local --unset-all 'core.sshCommand' || :"
2026-09-22T18:36:31.9533501Z Removing HTTP extra header
2026-09-22T18:36:31.9538258Z [command]/usr/bin/git config --local --name-only --get-regexp http\.https\:\/\/github\.com\/\.extraheader
2026-09-22T18:36:31.9562663Z [command]/usr/bin/git submodule foreach --recursive sh -c "git config --local --name-only --get-regexp 'http\.https\:\/\/github\.com\/\.extraheader' && git config --local --unset-all 'http.https://github.com/.extraheader' || :"
2026-09-22T18:36:31.9726516Z Removing includeIf entries pointing to credentials config files
2026-09-22T18:36:31.9731219Z [command]/usr/bin/git config --local --name-only --get-regexp ^includeIf\.gitdir:
2026-09-22T18:36:31.9758568Z [command]/usr/bin/git submodule foreach --recursive git config --local --show-origin --name-only --get-regexp remote.origin.url
2026-09-22T18:36:31.9929309Z [command]/usr/bin/git config --file /home/runner/_work/_temp/git-credentials-af746689-8ed0-4738-9a65-a83f3d47fa9b.config http.https://github.com/.extraheader AUTHORIZATION: basic ***
2026-09-22T18:36:31.9957465Z [command]/usr/bin/git config --local includeIf.gitdir:/home/runner/_work/vortex/vortex/.git.path /home/runner/_work/_temp/git-credentials-af746689-8ed0-4738-9a65-a83f3d47fa9b.config
2026-09-22T18:36:31.9982005Z [command]/usr/bin/git config --local includeIf.gitdir:/home/runner/_work/vortex/vortex/.git/worktrees/*.path /home/runner/_work/_temp/git-credentials-af746689-8ed0-4738-9a65-a83f3d47fa9b.config
2026-09-22T18:36:32.0006162Z [command]/usr/bin/git config --local includeIf.gitdir:/github/workspace/.git.path /github/runner_temp/git-credentials-af746689-8ed0-4738-9a65-a83f3d47fa9b.config
2026-09-22T18:36:32.0031046Z [command]/usr/bin/git config --local includeIf.gitdir:/github/workspace/.git/worktrees/*.path /github/runner_temp/git-credentials-af746689-8ed0-4738-9a65-a83f3d47fa9b.config
2026-09-22T18:36:32.0051877Z ##[endgroup]
2026-09-22T18:36:32.0053041Z ##[group]Fetching the repository
2026-09-22T18:36:32.0058610Z [command]/usr/bin/git -c protocol.version=2 fetch --no-tags --prune --no-recurse-submodules --depth=1 origin +154870b58a0192d7b99453241908fe4652ac66f0:refs/remotes/pull/9987/merge
2026-09-22T18:36:33.5661032Z From https://github.com/vortex-data/vortex
2026-09-22T18:36:33.5661762Z  * [new ref]         154870b58a0192d7b99453241908fe4652ac66f0 -> pull/9987/merge
2026-09-22T18:36:33.5665352Z ##[endgroup]
2026-09-22T18:36:33.5665872Z ##[group]Determining the checkout info
2026-09-22T18:36:33.5666401Z ##[endgroup]
2026-09-22T18:36:33.5670567Z [command]/usr/bin/git sparse-checkout disable
2026-09-22T18:36:33.5716524Z [command]/usr/bin/git config --local --unset-all extensions.worktreeConfig
2026-09-22T18:36:33.5745102Z ##[group]Checking out the ref
2026-09-22T18:36:33.5749182Z [command]/usr/bin/git checkout --progress --force refs/remotes/pull/9987/merge
2026-09-22T18:36:33.7657379Z Note: switching to 'refs/remotes/pull/9987/merge'.
2026-09-22T18:36:33.7657993Z 
2026-09-22T18:36:33.7658231Z You are in 'detached HEAD' state. You can look around, make experimental
2026-09-22T18:36:33.7658787Z changes and commit them, and you can discard any commits you make in this
2026-09-22T18:36:33.7659354Z state without impacting any branches by switching back to a branch.
2026-09-22T18:36:33.7659669Z 
2026-09-22T18:36:33.7659936Z If you want to create a new branch to retain commits you create, you may
2026-09-22T18:36:33.7660477Z do so (now or later) by using -c with the switch command. Example:
2026-09-22T18:36:33.7660799Z 
2026-09-22T18:36:33.7661381Z   git switch -c <new-branch-name>
2026-09-22T18:36:33.7661629Z 
2026-09-22T18:36:33.7661743Z Or undo this operation with:
2026-09-22T18:36:33.7661918Z 
2026-09-22T18:36:33.7662008Z   git switch -
2026-09-22T18:36:33.7662466Z 
2026-09-22T18:36:33.7662729Z Turn off this advice by setting config variable advice.detachedHead to false
2026-09-22T18:36:33.7663076Z 
2026-09-22T18:36:33.7663460Z HEAD is now at 154870b Merge 6c33a302726e85e78528719efd26627a352600ec into 133aacdb7ef30f781552ec1f1d6ada9193bc9b4e
2026-09-22T18:36:33.7668546Z ##[endgroup]
2026-09-22T18:36:33.7706867Z [command]/usr/bin/git log -1 --format=%H
2026-09-22T18:36:33.7726938Z 154870b58a0192d7b99453241908fe4652ac66f0
2026-09-22T18:36:33.7985137Z Prepare all required actions
2026-09-22T18:36:33.7985878Z Getting action download info
2026-09-22T18:36:33.8817859Z Download action repository 'dtolnay/rust-toolchain@6bed0761d98439e5a578e2877258200ad565ba87' (SHA:6bed0761d98439e5a578e2877258200ad565ba87)
2026-09-22T18:36:33.9890457Z ##[group]Run ./.github/actions/setup-prebuild
2026-09-22T18:36:33.9890781Z with:
2026-09-22T18:36:33.9893711Z   repo-token: ***
2026-09-22T18:36:33.9893950Z   components: clippy, rustfmt
2026-09-22T18:36:33.9894322Z   protoc-version: 29.3
2026-09-22T18:36:33.9894577Z   enable-sccache: false
2026-09-22T18:36:33.9894802Z env:
2026-09-22T18:36:33.9894994Z   CARGO_TERM_COLOR: always
2026-09-22T18:36:33.9895231Z   RUST_BACKTRACE: 1
2026-09-22T18:36:33.9895467Z   NIGHTLY_TOOLCHAIN: nightly-2026-09-10
2026-09-22T18:36:33.9895777Z   RUNNER_TOOL_CACHE: /opt/hostedtoolcache
2026-09-22T18:36:33.9896069Z   RUNS_ON_HOME: /runs-on
2026-09-22T18:36:33.9896305Z   RUNS_ON_VERSION: v3.3.0
2026-09-22T18:36:33.9896586Z   RUNS_ON_AGENT_BINARY: /runs-on/agent
2026-09-22T18:36:33.9896877Z   RUNS_ON_AGENT_ARCH: arm64
2026-09-22T18:36:33.9897124Z   RUNS_ON_AGENT_USER: runner
2026-09-22T18:36:33.9897392Z   RUNS_ON_AMI_ID: ami-098c62767651982c5
2026-09-22T18:36:33.9897679Z   RUNS_ON_AWS_REGION: us-east-1
2026-09-22T18:36:33.9897941Z   RUNS_ON_AWS_AZ: us-east-1b
2026-09-22T18:36:33.9898217Z   RUNS_ON_ENV_CUSTOM_FILE: /runs-on/env.custom
2026-09-22T18:36:33.9898547Z   RUNS_ON_INSTANCE_ID: i-0fc031b4ed11e29c7
2026-09-22T18:36:33.9898851Z   RUNS_ON_INSTANCE_LIFECYCLE: spot
2026-09-22T18:36:33.9899139Z   RUNS_ON_INSTANCE_TYPE: c7g.metal
2026-09-22T18:36:33.9899415Z   RUNS_ON_STACK_NAME: runs-on-v3
2026-09-22T18:36:33.9899764Z   RUNS_ON_S3_BUCKET_CACHE: runs-on-v3-s3bucketcache-dbnub4tpjhpv
2026-09-22T18:36:33.9900181Z   ACTIONS_RUNNER_HOOK_JOB_STARTED: /runs-on/pre.sh
2026-09-22T18:36:33.9900562Z   ACTIONS_RUNNER_HOOK_JOB_COMPLETED: /runs-on/post.sh
2026-09-22T18:36:33.9900933Z   GITHUB_SERVER_URL: https://github.com/
2026-09-22T18:36:33.9901265Z   GITHUB_API_URL: https://api.github.com/
2026-09-22T18:36:33.9901569Z   GITHUB_HOST: github.com
2026-09-22T18:36:33.9901893Z   RUNS_ON_RUNNER_NAME: runs-on--i-0fc031b4ed11e29c7--71856e34-e
2026-09-22T18:36:33.9902301Z   RUNS_ON_INSTANCE_LAUNCHED_AT: 2026-09-22T18:36:01Z
2026-09-22T18:36:33.9902662Z   ACTIONS_CACHE_URL: http://10.1.30.119:6871/
2026-09-22T18:36:33.9902981Z   ACTIONS_CACHE_SERVICE_V2: true
2026-09-22T18:36:33.9903278Z   ACTIONS_RESULTS_URL: http://10.1.30.119:6871/
2026-09-22T18:36:33.9903669Z   RUNS_ON_S3_CACHE_REPO_PREFIX: cache/repo/vortex-data/vortex
2026-09-22T18:36:33.9904064Z   RUNS_ON_ACTION_COST_TRACKING_CLAIMED: true
2026-09-22T18:36:33.9904435Z ##[endgroup]
2026-09-22T18:36:33.9976184Z ##[start-action display=Resolve toolchain config;id=__self.toolchain-config]
2026-09-22T18:36:34.0023896Z ##[group]Run DEFAULT_VERSION=$(grep channel rust-toolchain.toml | awk -F'"' '{print $2}')
2026-09-22T18:36:34.0024692Z [36;1mDEFAULT_VERSION=$(grep channel rust-toolchain.toml | awk -F'"' '{print $2}')[0m
2026-09-22T18:36:34.0025240Z [36;1mTOOLCHAIN="${TOOLCHAIN_OVERRIDE:-$DEFAULT_VERSION}"[0m
2026-09-22T18:36:34.0025661Z [36;1mecho "toolchain=$TOOLCHAIN" >> "$GITHUB_OUTPUT"[0m
2026-09-22T18:36:34.0026094Z [36;1mecho "RUSTUP_TOOLCHAIN=$DEFAULT_VERSION" >> "$GITHUB_ENV"[0m
2026-09-22T18:36:34.0059466Z shell: /usr/bin/bash --noprofile --norc -e -o pipefail {0}
2026-09-22T18:36:34.0059841Z env:
2026-09-22T18:36:34.0060039Z   CARGO_TERM_COLOR: always
2026-09-22T18:36:34.0060281Z   RUST_BACKTRACE: 1
2026-09-22T18:36:34.0060765Z   NIGHTLY_TOOLCHAIN: nightly-2026-09-10
2026-09-22T18:36:34.0061080Z   RUNNER_TOOL_CACHE: /opt/hostedtoolcache
2026-09-22T18:36:34.0061373Z   RUNS_ON_HOME: /runs-on
2026-09-22T18:36:34.0061612Z   RUNS_ON_VERSION: v3.3.0
2026-09-22T18:36:34.0061868Z   RUNS_ON_AGENT_BINARY: /runs-on/agent
2026-09-22T18:36:34.0062157Z   RUNS_ON_AGENT_ARCH: arm64
2026-09-22T18:36:34.0062403Z   RUNS_ON_AGENT_USER: runner
2026-09-22T18:36:34.0062889Z   RUNS_ON_AMI_ID: ami-098c62767651982c5
2026-09-22T18:36:34.0063221Z   RUNS_ON_AWS_REGION: us-east-1
2026-09-22T18:36:34.0063482Z   RUNS_ON_AWS_AZ: us-east-1b
2026-09-22T18:36:34.0063759Z   RUNS_ON_ENV_CUSTOM_FILE: /runs-on/env.custom
2026-09-22T18:36:34.0064084Z   RUNS_ON_INSTANCE_ID: i-0fc031b4ed11e29c7
2026-09-22T18:36:34.0064534Z   RUNS_ON_INSTANCE_LIFECYCLE: spot
2026-09-22T18:36:34.0064818Z   RUNS_ON_INSTANCE_TYPE: c7g.metal
2026-09-22T18:36:34.0065092Z   RUNS_ON_STACK_NAME: runs-on-v3
2026-09-22T18:36:34.0065440Z   RUNS_ON_S3_BUCKET_CACHE: runs-on-v3-s3bucketcache-dbnub4tpjhpv
2026-09-22T18:36:34.0065867Z   ACTIONS_RUNNER_HOOK_JOB_STARTED: /runs-on/pre.sh
2026-09-22T18:36:34.0066247Z   ACTIONS_RUNNER_HOOK_JOB_COMPLETED: /runs-on/post.sh
2026-09-22T18:36:34.0066611Z   GITHUB_SERVER_URL: https://github.com/
2026-09-22T18:36:34.0066938Z   GITHUB_API_URL: https://api.github.com/
2026-09-22T18:36:34.0067239Z   GITHUB_HOST: github.com
2026-09-22T18:36:34.0067562Z   RUNS_ON_RUNNER_NAME: runs-on--i-0fc031b4ed11e29c7--71856e34-e
2026-09-22T18:36:34.0067972Z   RUNS_ON_INSTANCE_LAUNCHED_AT: 2026-09-22T18:36:01Z
2026-09-22T18:36:34.0068332Z   ACTIONS_CACHE_URL: http://10.1.30.119:6871/
2026-09-22T18:36:34.0068648Z   ACTIONS_CACHE_SERVICE_V2: true
2026-09-22T18:36:34.0068944Z   ACTIONS_RESULTS_URL: http://10.1.30.119:6871/
2026-09-22T18:36:34.0069336Z   RUNS_ON_S3_CACHE_REPO_PREFIX: cache/repo/vortex-data/vortex
2026-09-22T18:36:34.0069720Z   RUNS_ON_ACTION_COST_TRACKING_CLAIMED: true
2026-09-22T18:36:34.0070021Z   TOOLCHAIN_OVERRIDE: 
2026-09-22T18:36:34.0070246Z ##[endgroup]
2026-09-22T18:36:34.0168277Z ##[end-action id=__self.toolchain-config;outcome=success;conclusion=success;duration_ms=19]
2026-09-22T18:36:34.0170902Z ##[start-action display=Check for rustup;id=__self.check-rustup]
2026-09-22T18:36:34.0195878Z ##[group]Run echo "exists=$(command -v rustup &> /dev/null && echo 'true' || echo 'false')" >> "$GITHUB_OUTPUT"
2026-09-22T18:36:34.0196660Z [36;1mecho "exists=$(command -v rustup &> /dev/null && echo 'true' || echo 'false')" >> "$GITHUB_OUTPUT"[0m
2026-09-22T18:36:34.0228020Z shell: /usr/bin/bash --noprofile --norc -e -o pipefail {0}
2026-09-22T18:36:34.0228399Z env:
2026-09-22T18:36:34.0228592Z   CARGO_TERM_COLOR: always
2026-09-22T18:36:34.0228831Z   RUST_BACKTRACE: 1
2026-09-22T18:36:34.0229065Z   NIGHTLY_TOOLCHAIN: nightly-2026-09-10
2026-09-22T18:36:34.0229373Z   RUNNER_TOOL_CACHE: /opt/hostedtoolcache
2026-09-22T18:36:34.0229662Z   RUNS_ON_HOME: /runs-on
2026-09-22T18:36:34.0229902Z   RUNS_ON_VERSION: v3.3.0
2026-09-22T18:36:34.0230162Z   RUNS_ON_AGENT_BINARY: /runs-on/agent
2026-09-22T18:36:34.0230453Z   RUNS_ON_AGENT_ARCH: arm64
2026-09-22T18:36:34.0230702Z   RUNS_ON_AGENT_USER: runner
2026-09-22T18:36:34.0230958Z   RUNS_ON_AMI_ID: ami-098c62767651982c5
2026-09-22T18:36:34.0231244Z   RUNS_ON_AWS_REGION: us-east-1
2026-09-22T18:36:34.0231500Z   RUNS_ON_AWS_AZ: us-east-1b
2026-09-22T18:36:34.0231782Z   RUNS_ON_ENV_CUSTOM_FILE: /runs-on/env.custom
2026-09-22T18:36:34.0232112Z   RUNS_ON_INSTANCE_ID: i-0fc031b4ed11e29c7
2026-09-22T18:36:34.0232420Z   RUNS_ON_INSTANCE_LIFECYCLE: spot
2026-09-22T18:36:34.0232699Z   RUNS_ON_INSTANCE_TYPE: c7g.metal
2026-09-22T18:36:34.0232971Z   RUNS_ON_STACK_NAME: runs-on-v3
2026-09-22T18:36:34.0233319Z   RUNS_ON_S3_BUCKET_CACHE: runs-on-v3-s3bucketcache-dbnub4tpjhpv
2026-09-22T18:36:34.0233741Z   ACTIONS_RUNNER_HOOK_JOB_STARTED: /runs-on/pre.sh
2026-09-22T18:36:34.0234115Z   ACTIONS_RUNNER_HOOK_JOB_COMPLETED: /runs-on/post.sh
2026-09-22T18:36:34.0234597Z   GITHUB_SERVER_URL: https://github.com/
2026-09-22T18:36:34.0234926Z   GITHUB_API_URL: https://api.github.com/
2026-09-22T18:36:34.0235476Z   GITHUB_HOST: github.com
2026-09-22T18:36:34.0235804Z   RUNS_ON_RUNNER_NAME: runs-on--i-0fc031b4ed11e29c7--71856e34-e
2026-09-22T18:36:34.0236213Z   RUNS_ON_INSTANCE_LAUNCHED_AT: 2026-09-22T18:36:01Z
2026-09-22T18:36:34.0236564Z   ACTIONS_CACHE_URL: http://10.1.30.119:6871/
2026-09-22T18:36:34.0236878Z   ACTIONS_CACHE_SERVICE_V2: true
2026-09-22T18:36:34.0237174Z   ACTIONS_RESULTS_URL: http://10.1.30.119:6871/
2026-09-22T18:36:34.0237736Z   RUNS_ON_S3_CACHE_REPO_PREFIX: cache/repo/vortex-data/vortex
2026-09-22T18:36:34.0238146Z   RUNS_ON_ACTION_COST_TRACKING_CLAIMED: true
2026-09-22T18:36:34.0238446Z   RUSTUP_TOOLCHAIN: 1.98.0
2026-09-22T18:36:34.0238678Z ##[endgroup]
2026-09-22T18:36:34.0298605Z ##[end-action id=__self.check-rustup;outcome=success;conclusion=success;duration_ms=12]
2026-09-22T18:36:34.0301107Z ##[start-action display=Install Rust;id=__self.__dtolnay_rust-toolchain]
2026-09-22T18:36:34.0312361Z ##[end-action id=__self.__dtolnay_rust-toolchain;outcome=skipped;conclusion=skipped;duration_ms=0]
2026-09-22T18:36:34.0316548Z ##[start-action display=Reconcile prebuilt Rust installation;id=__self.__run]
2026-09-22T18:36:34.0342691Z ##[group]Run TOOLCHAIN_FOUND=false
2026-09-22T18:36:34.0343068Z [36;1mTOOLCHAIN_FOUND=false[0m
2026-09-22T18:36:34.0343446Z [36;1mfor INSTALLED in $(rustup toolchain list | awk '{print $1}'); do[0m
2026-09-22T18:36:34.0343857Z [36;1m  case "$INSTALLED" in[0m
2026-09-22T18:36:34.0344279Z [36;1m    "$TOOLCHAIN"|"$TOOLCHAIN"-*) TOOLCHAIN_FOUND=true ;;[0m
2026-09-22T18:36:34.0344637Z [36;1m  esac[0m
2026-09-22T18:36:34.0344838Z [36;1mdone[0m
2026-09-22T18:36:34.0345074Z [36;1mif [ "$TOOLCHAIN_FOUND" != true ]; then[0m
2026-09-22T18:36:34.0345486Z [36;1m  rustup toolchain install "$TOOLCHAIN" --profile minimal[0m
2026-09-22T18:36:34.0345945Z [36;1mfi[0m
2026-09-22T18:36:34.0346163Z [36;1m[0m
2026-09-22T18:36:34.0346458Z [36;1mTOOLCHAIN_HOST=$(rustc +"$TOOLCHAIN" --print host-tuple)[0m
2026-09-22T18:36:34.0347046Z [36;1mINSTALLED_COMPONENTS=$(rustup component list --toolchain "$TOOLCHAIN" --installed)[0m
2026-09-22T18:36:34.0347543Z [36;1mMISSING_COMPONENTS=()[0m
2026-09-22T18:36:34.0347893Z [36;1mIFS=',' read -ra REQUESTED_COMPONENTS <<< "$COMPONENTS"[0m
2026-09-22T18:36:34.0348328Z [36;1mfor COMPONENT in "${REQUESTED_COMPONENTS[@]}"; do[0m
2026-09-22T18:36:34.0348689Z [36;1m  COMPONENT=${COMPONENT// /}[0m
2026-09-22T18:36:34.0349002Z [36;1m  [ -z "$COMPONENT" ] && continue[0m
2026-09-22T18:36:34.0349333Z [36;1m  if [ "$COMPONENT" = llvm-tools ]; then[0m
2026-09-22T18:36:34.0349675Z [36;1m    COMPONENT=llvm-tools-preview[0m
2026-09-22T18:36:34.0349961Z [36;1m  fi[0m
2026-09-22T18:36:34.0350272Z [36;1m  if ! grep -Fqx "$COMPONENT" <<< "$INSTALLED_COMPONENTS" && \[0m
2026-09-22T18:36:34.0350821Z [36;1m     ! grep -Fqx "$COMPONENT-$TOOLCHAIN_HOST" <<< "$INSTALLED_COMPONENTS"; then[0m
2026-09-22T18:36:34.0351301Z [36;1m    MISSING_COMPONENTS+=("$COMPONENT")[0m
2026-09-22T18:36:34.0351621Z [36;1m  fi[0m
2026-09-22T18:36:34.0351825Z [36;1mdone[0m
2026-09-22T18:36:34.0352076Z [36;1mif [ ${#MISSING_COMPONENTS[@]} -gt 0 ]; then[0m
2026-09-22T18:36:34.0352547Z [36;1m  rustup component add --toolchain "$TOOLCHAIN" "${MISSING_COMPONENTS[@]}"[0m
2026-09-22T18:36:34.0352979Z [36;1mfi[0m
2026-09-22T18:36:34.0353168Z [36;1m[0m
2026-09-22T18:36:34.0353530Z [36;1mINSTALLED_TARGETS=$(rustup target list --toolchain "$TOOLCHAIN" --installed)[0m
2026-09-22T18:36:34.0354000Z [36;1mMISSING_TARGETS=()[0m
2026-09-22T18:36:34.0354391Z [36;1mIFS=',' read -ra REQUESTED_TARGETS <<< "$TARGETS"[0m
2026-09-22T18:36:34.0354785Z [36;1mfor TARGET in "${REQUESTED_TARGETS[@]}"; do[0m
2026-09-22T18:36:34.0355115Z [36;1m  TARGET=${TARGET// /}[0m
2026-09-22T18:36:34.0355391Z [36;1m  [ -z "$TARGET" ] && continue[0m
2026-09-22T18:36:34.0355752Z [36;1m  if ! grep -Fqx "$TARGET" <<< "$INSTALLED_TARGETS"; then[0m
2026-09-22T18:36:34.0356133Z [36;1m    MISSING_TARGETS+=("$TARGET")[0m
2026-09-22T18:36:34.0356413Z [36;1m  fi[0m
2026-09-22T18:36:34.0356889Z [36;1mdone[0m
2026-09-22T18:36:34.0357135Z [36;1mif [ ${#MISSING_TARGETS[@]} -gt 0 ]; then[0m
2026-09-22T18:36:34.0357583Z [36;1m  rustup target add --toolchain "$TOOLCHAIN" "${MISSING_TARGETS[@]}"[0m
2026-09-22T18:36:34.0357981Z [36;1mfi[0m
2026-09-22T18:36:34.0390610Z shell: /usr/bin/bash --noprofile --norc -e -o pipefail {0}
2026-09-22T18:36:34.0390975Z env:
2026-09-22T18:36:34.0391170Z   CARGO_TERM_COLOR: always
2026-09-22T18:36:34.0391579Z   RUST_BACKTRACE: 1
2026-09-22T18:36:34.0391847Z   NIGHTLY_TOOLCHAIN: nightly-2026-09-10
2026-09-22T18:36:34.0392162Z   RUNNER_TOOL_CACHE: /opt/hostedtoolcache
2026-09-22T18:36:34.0392455Z   RUNS_ON_HOME: /runs-on
2026-09-22T18:36:34.0392694Z   RUNS_ON_VERSION: v3.3.0
2026-09-22T18:36:34.0392950Z   RUNS_ON_AGENT_BINARY: /runs-on/agent
2026-09-22T18:36:34.0393232Z   RUNS_ON_AGENT_ARCH: arm64
2026-09-22T18:36:34.0393488Z   RUNS_ON_AGENT_USER: runner
2026-09-22T18:36:34.0393751Z   RUNS_ON_AMI_ID: ami-098c62767651982c5
2026-09-22T18:36:34.0394047Z   RUNS_ON_AWS_REGION: us-east-1
2026-09-22T18:36:34.0394391Z   RUNS_ON_AWS_AZ: us-east-1b
2026-09-22T18:36:34.0394674Z   RUNS_ON_ENV_CUSTOM_FILE: /runs-on/env.custom
2026-09-22T18:36:34.0395002Z   RUNS_ON_INSTANCE_ID: i-0fc031b4ed11e29c7
2026-09-22T18:36:34.0395312Z   RUNS_ON_INSTANCE_LIFECYCLE: spot
2026-09-22T18:36:34.0395594Z   RUNS_ON_INSTANCE_TYPE: c7g.metal
2026-09-22T18:36:34.0395876Z   RUNS_ON_STACK_NAME: runs-on-v3
2026-09-22T18:36:34.0396235Z   RUNS_ON_S3_BUCKET_CACHE: runs-on-v3-s3bucketcache-dbnub4tpjhpv
2026-09-22T18:36:34.0396657Z   ACTIONS_RUNNER_HOOK_JOB_STARTED: /runs-on/pre.sh
2026-09-22T18:36:34.0397035Z   ACTIONS_RUNNER_HOOK_JOB_COMPLETED: /runs-on/post.sh
2026-09-22T18:36:34.0397408Z   GITHUB_SERVER_URL: https://github.com/
2026-09-22T18:36:34.0397732Z   GITHUB_API_URL: https://api.github.com/
2026-09-22T18:36:34.0398034Z   GITHUB_HOST: github.com
2026-09-22T18:36:34.0398359Z   RUNS_ON_RUNNER_NAME: runs-on--i-0fc031b4ed11e29c7--71856e34-e
2026-09-22T18:36:34.0398774Z   RUNS_ON_INSTANCE_LAUNCHED_AT: 2026-09-22T18:36:01Z
2026-09-22T18:36:34.0399129Z   ACTIONS_CACHE_URL: http://10.1.30.119:6871/
2026-09-22T18:36:34.0399452Z   ACTIONS_CACHE_SERVICE_V2: true
2026-09-22T18:36:34.0399750Z   ACTIONS_RESULTS_URL: http://10.1.30.119:6871/
2026-09-22T18:36:34.0400142Z   RUNS_ON_S3_CACHE_REPO_PREFIX: cache/repo/vortex-data/vortex
2026-09-22T18:36:34.0400529Z   RUNS_ON_ACTION_COST_TRACKING_CLAIMED: true
2026-09-22T18:36:34.0400841Z   RUSTUP_TOOLCHAIN: 1.98.0
2026-09-22T18:36:34.0401087Z   TOOLCHAIN: 1.98.0
2026-09-22T18:36:34.0401315Z   COMPONENTS: clippy, rustfmt
2026-09-22T18:36:34.0401561Z   TARGETS: 
2026-09-22T18:36:34.0401753Z ##[endgroup]
2026-09-22T18:36:34.2216034Z info: syncing channel updates for 1.98.0-aarch64-unknown-linux-gnu
2026-09-22T18:36:34.3260337Z info: latest update on 2026-08-20 for version 1.98.0 (88d9e12ae 2026-08-18)
2026-09-22T18:36:34.3262658Z info: downloading 3 components
2026-09-22T18:36:40.3916590Z info: syncing channel updates for 1.98.0-aarch64-unknown-linux-gnu
2026-09-22T18:36:40.4421474Z 
2026-09-22T18:36:40.4479560Z   1.98.0-aarch64-unknown-linux-gnu unchanged - rustc 1.98.0 (88d9e12ae 2026-08-18)
2026-09-22T18:36:40.4479936Z 
2026-09-22T18:36:40.5466414Z info: downloading component clippy
2026-09-22T18:36:41.0174339Z info: downloading component rustfmt
2026-09-22T18:36:41.2967331Z ##[end-action id=__self.__run;outcome=success;conclusion=success;duration_ms=7265]
2026-09-22T18:36:41.2970548Z ##[start-action display=Reconcile mold installation;id=__self.__run_2]
2026-09-22T18:36:41.2992235Z ##[group]Run if ! command -v mold >/dev/null; then
2026-09-22T18:36:41.2992622Z [36;1mif ! command -v mold >/dev/null; then[0m
2026-09-22T18:36:41.2992929Z [36;1m  sudo apt-get update[0m
2026-09-22T18:36:41.2993196Z [36;1m  sudo apt-get install -y mold[0m
2026-09-22T18:36:41.2993461Z [36;1mfi[0m
2026-09-22T18:36:41.3016320Z shell: /usr/bin/bash --noprofile --norc -e -o pipefail {0}
2026-09-22T18:36:41.3016665Z env:
2026-09-22T18:36:41.3016858Z   CARGO_TERM_COLOR: always
2026-09-22T18:36:41.3017400Z   RUST_BACKTRACE: 1
2026-09-22T18:36:41.3017631Z   NIGHTLY_TOOLCHAIN: nightly-2026-09-10
2026-09-22T18:36:41.3017935Z   RUNNER_TOOL_CACHE: /opt/hostedtoolcache
2026-09-22T18:36:41.3018216Z   RUNS_ON_HOME: /runs-on
2026-09-22T18:36:41.3018490Z   RUNS_ON_VERSION: v3.3.0
2026-09-22T18:36:41.3018837Z   RUNS_ON_AGENT_BINARY: /runs-on/agent
2026-09-22T18:36:41.3019292Z   RUNS_ON_AGENT_ARCH: arm64
2026-09-22T18:36:41.3019804Z   RUNS_ON_AGENT_USER: runner
2026-09-22T18:36:41.3020125Z   RUNS_ON_AMI_ID: ami-098c62767651982c5
2026-09-22T18:36:41.3020550Z   RUNS_ON_AWS_REGION: us-east-1
2026-09-22T18:36:41.3020860Z   RUNS_ON_AWS_AZ: us-east-1b
2026-09-22T18:36:41.3021179Z   RUNS_ON_ENV_CUSTOM_FILE: /runs-on/env.custom
2026-09-22T18:36:41.3021659Z   RUNS_ON_INSTANCE_ID: i-0fc031b4ed11e29c7
2026-09-22T18:36:41.3022005Z   RUNS_ON_INSTANCE_LIFECYCLE: spot
2026-09-22T18:36:41.3022378Z   RUNS_ON_INSTANCE_TYPE: c7g.metal
2026-09-22T18:36:41.3022697Z   RUNS_ON_STACK_NAME: runs-on-v3
2026-09-22T18:36:41.3023091Z   RUNS_ON_S3_BUCKET_CACHE: runs-on-v3-s3bucketcache-dbnub4tpjhpv
2026-09-22T18:36:41.3023660Z   ACTIONS_RUNNER_HOOK_JOB_STARTED: /runs-on/pre.sh
2026-09-22T18:36:41.3024081Z   ACTIONS_RUNNER_HOOK_JOB_COMPLETED: /runs-on/post.sh
2026-09-22T18:36:41.3024675Z   GITHUB_SERVER_URL: https://github.com/
2026-09-22T18:36:41.3051780Z   GITHUB_API_URL: https://api.github.com/
2026-09-22T18:36:41.3052108Z   GITHUB_HOST: github.com
2026-09-22T18:36:41.3052447Z   RUNS_ON_RUNNER_NAME: runs-on--i-0fc031b4ed11e29c7--71856e34-e
2026-09-22T18:36:41.3052852Z   RUNS_ON_INSTANCE_LAUNCHED_AT: 2026-09-22T18:36:01Z
2026-09-22T18:36:41.3053196Z   ACTIONS_CACHE_URL: http://10.1.30.119:6871/
2026-09-22T18:36:41.3053496Z   ACTIONS_CACHE_SERVICE_V2: true
2026-09-22T18:36:41.3053779Z   ACTIONS_RESULTS_URL: http://10.1.30.119:6871/
2026-09-22T18:36:41.3054243Z   RUNS_ON_S3_CACHE_REPO_PREFIX: cache/repo/vortex-data/vortex
2026-09-22T18:36:41.3054622Z   RUNS_ON_ACTION_COST_TRACKING_CLAIMED: true
2026-09-22T18:36:41.3054922Z   RUSTUP_TOOLCHAIN: 1.98.0
2026-09-22T18:36:41.3055144Z ##[endgroup]
2026-09-22T18:36:41.3118200Z ##[end-action id=__self.__run_2;outcome=success;conclusion=success;duration_ms=14]
2026-09-22T18:36:41.3121330Z ##[start-action display=Check protoc installation;id=__self.check-protoc]
2026-09-22T18:36:41.3140437Z ##[group]Run EXPECTED="libprotoc $PROTOC_VERSION"
2026-09-22T18:36:41.3140816Z [36;1mEXPECTED="libprotoc $PROTOC_VERSION"[0m
2026-09-22T18:36:41.3141188Z [36;1mACTUAL=$(protoc --version 2>/dev/null || true)[0m
2026-09-22T18:36:41.3141697Z [36;1mecho "install=$([ "$ACTUAL" = "$EXPECTED" ] && echo false || echo true)" >> "$GITHUB_OUTPUT"[0m
2026-09-22T18:36:41.3161977Z shell: /usr/bin/bash --noprofile --norc -e -o pipefail {0}
2026-09-22T18:36:41.3162322Z env:
2026-09-22T18:36:41.3162513Z   CARGO_TERM_COLOR: always
2026-09-22T18:36:41.3162744Z   RUST_BACKTRACE: 1
2026-09-22T18:36:41.3162971Z   NIGHTLY_TOOLCHAIN: nightly-2026-09-10
2026-09-22T18:36:41.3163276Z   RUNNER_TOOL_CACHE: /opt/hostedtoolcache
2026-09-22T18:36:41.3163566Z   RUNS_ON_HOME: /runs-on
2026-09-22T18:36:41.3163794Z   RUNS_ON_VERSION: v3.3.0
2026-09-22T18:36:41.3164040Z   RUNS_ON_AGENT_BINARY: /runs-on/agent
2026-09-22T18:36:41.3164389Z   RUNS_ON_AGENT_ARCH: arm64
2026-09-22T18:36:41.3164630Z   RUNS_ON_AGENT_USER: runner
2026-09-22T18:36:41.3164882Z   RUNS_ON_AMI_ID: ami-098c62767651982c5
2026-09-22T18:36:41.3165159Z   RUNS_ON_AWS_REGION: us-east-1
2026-09-22T18:36:41.3165415Z   RUNS_ON_AWS_AZ: us-east-1b
2026-09-22T18:36:41.3165688Z   RUNS_ON_ENV_CUSTOM_FILE: /runs-on/env.custom
2026-09-22T18:36:41.3166005Z   RUNS_ON_INSTANCE_ID: i-0fc031b4ed11e29c7
2026-09-22T18:36:41.3166297Z   RUNS_ON_INSTANCE_LIFECYCLE: spot
2026-09-22T18:36:41.3166568Z   RUNS_ON_INSTANCE_TYPE: c7g.metal
2026-09-22T18:36:41.3166833Z   RUNS_ON_STACK_NAME: runs-on-v3
2026-09-22T18:36:41.3167171Z   RUNS_ON_S3_BUCKET_CACHE: runs-on-v3-s3bucketcache-dbnub4tpjhpv
2026-09-22T18:36:41.3167584Z   ACTIONS_RUNNER_HOOK_JOB_STARTED: /runs-on/pre.sh
2026-09-22T18:36:41.3168182Z   ACTIONS_RUNNER_HOOK_JOB_COMPLETED: /runs-on/post.sh
2026-09-22T18:36:41.3168538Z   GITHUB_SERVER_URL: https://github.com/
2026-09-22T18:36:41.3168852Z   GITHUB_API_URL: https://api.github.com/
2026-09-22T18:36:41.3169141Z   GITHUB_HOST: github.com
2026-09-22T18:36:41.3169452Z   RUNS_ON_RUNNER_NAME: runs-on--i-0fc031b4ed11e29c7--71856e34-e
2026-09-22T18:36:41.3169852Z   RUNS_ON_INSTANCE_LAUNCHED_AT: 2026-09-22T18:36:01Z
2026-09-22T18:36:41.3170362Z   ACTIONS_CACHE_URL: http://10.1.30.119:6871/
2026-09-22T18:36:41.3170703Z   ACTIONS_CACHE_SERVICE_V2: true
2026-09-22T18:36:41.3170988Z   ACTIONS_RESULTS_URL: http://10.1.30.119:6871/
2026-09-22T18:36:41.3171367Z   RUNS_ON_S3_CACHE_REPO_PREFIX: cache/repo/vortex-data/vortex
2026-09-22T18:36:41.3171744Z   RUNS_ON_ACTION_COST_TRACKING_CLAIMED: true
2026-09-22T18:36:41.3172038Z   RUSTUP_TOOLCHAIN: 1.98.0
2026-09-22T18:36:41.3172272Z   PROTOC_VERSION: 29.3
2026-09-22T18:36:41.3172481Z ##[endgroup]
2026-09-22T18:36:41.3693212Z ##[end-action id=__self.check-protoc;outcome=success;conclusion=success;duration_ms=57]
2026-09-22T18:36:41.3695386Z ##[start-action display=Install protoc;id=__self.__self]
2026-09-22T18:36:41.3700022Z ##[end-action id=__self.__self;outcome=skipped;conclusion=skipped;duration_ms=0]
2026-09-22T18:36:41.3701982Z ##[start-action display=Install sccache;id=__self.__self_2]
2026-09-22T18:36:41.3706725Z ##[end-action id=__self.__self_2;outcome=skipped;conclusion=skipped;duration_ms=0]
2026-09-22T18:36:41.3708639Z ##[start-action display=Configure sccache timeout;id=__self.__run_3]
2026-09-22T18:36:41.3713322Z ##[end-action id=__self.__run_3;outcome=skipped;conclusion=skipped;duration_ms=0]
2026-09-22T18:36:41.3715276Z ##[start-action display=Enable compiler caching;id=__self.__run_4]
2026-09-22T18:36:41.3719766Z ##[end-action id=__self.__run_4;outcome=skipped;conclusion=skipped;duration_ms=0]
2026-09-22T18:36:41.3721605Z ##[start-action display=Full Rust setup;id=__self.__self_3]
2026-09-22T18:36:41.3725058Z ##[end-action id=__self.__self_3;outcome=skipped;conclusion=skipped;duration_ms=0]
2026-09-22T18:36:41.3727029Z ##[start-action display=Install flatc (for FlatBuffers code generation);id=__self.__self_4]
2026-09-22T18:36:41.3756670Z Prepare all required actions
2026-09-22T18:36:41.3797706Z ##[group]Run ./.github/actions/setup-flatc
2026-09-22T18:36:41.3797989Z with:
2026-09-22T18:36:41.3798177Z   flatc_version: 25.12.19
2026-09-22T18:36:41.3798391Z env:
2026-09-22T18:36:41.3798583Z   CARGO_TERM_COLOR: always
2026-09-22T18:36:41.3798818Z   RUST_BACKTRACE: 1
2026-09-22T18:36:41.3799043Z   NIGHTLY_TOOLCHAIN: nightly-2026-09-10
2026-09-22T18:36:41.3799342Z   RUNNER_TOOL_CACHE: /opt/hostedtoolcache
2026-09-22T18:36:41.3799622Z   RUNS_ON_HOME: /runs-on
2026-09-22T18:36:41.3799850Z   RUNS_ON_VERSION: v3.3.0
2026-09-22T18:36:41.3800095Z   RUNS_ON_AGENT_BINARY: /runs-on/agent
2026-09-22T18:36:41.3800376Z   RUNS_ON_AGENT_ARCH: arm64
2026-09-22T18:36:41.3800617Z   RUNS_ON_AGENT_USER: runner
2026-09-22T18:36:41.3800869Z   RUNS_ON_AMI_ID: ami-098c62767651982c5
2026-09-22T18:36:41.3801155Z   RUNS_ON_AWS_REGION: us-east-1
2026-09-22T18:36:41.3801405Z   RUNS_ON_AWS_AZ: us-east-1b
2026-09-22T18:36:41.3801678Z   RUNS_ON_ENV_CUSTOM_FILE: /runs-on/env.custom
2026-09-22T18:36:41.3802000Z   RUNS_ON_INSTANCE_ID: i-0fc031b4ed11e29c7
2026-09-22T18:36:41.3802292Z   RUNS_ON_INSTANCE_LIFECYCLE: spot
2026-09-22T18:36:41.3802561Z   RUNS_ON_INSTANCE_TYPE: c7g.metal
2026-09-22T18:36:41.3802827Z   RUNS_ON_STACK_NAME: runs-on-v3
2026-09-22T18:36:41.3803179Z   RUNS_ON_S3_BUCKET_CACHE: runs-on-v3-s3bucketcache-dbnub4tpjhpv
2026-09-22T18:36:41.3803590Z   ACTIONS_RUNNER_HOOK_JOB_STARTED: /runs-on/pre.sh
2026-09-22T18:36:41.3803963Z   ACTIONS_RUNNER_HOOK_JOB_COMPLETED: /runs-on/post.sh
2026-09-22T18:36:41.3804399Z   GITHUB_SERVER_URL: https://github.com/
2026-09-22T18:36:41.3804712Z   GITHUB_API_URL: https://api.github.com/
2026-09-22T18:36:41.3804999Z   GITHUB_HOST: github.com
2026-09-22T18:36:41.3805308Z   RUNS_ON_RUNNER_NAME: runs-on--i-0fc031b4ed11e29c7--71856e34-e
2026-09-22T18:36:41.3805941Z   RUNS_ON_INSTANCE_LAUNCHED_AT: 2026-09-22T18:36:01Z
2026-09-22T18:36:41.3806289Z   ACTIONS_CACHE_URL: http://10.1.30.119:6871/
2026-09-22T18:36:41.3806593Z   ACTIONS_CACHE_SERVICE_V2: true
2026-09-22T18:36:41.3806881Z   ACTIONS_RESULTS_URL: http://10.1.30.119:6871/
2026-09-22T18:36:41.3807259Z   RUNS_ON_S3_CACHE_REPO_PREFIX: cache/repo/vortex-data/vortex
2026-09-22T18:36:41.3807633Z   RUNS_ON_ACTION_COST_TRACKING_CLAIMED: true
2026-09-22T18:36:41.3808085Z   RUSTUP_TOOLCHAIN: 1.98.0
2026-09-22T18:36:41.3808346Z ##[endgroup]
2026-09-22T18:36:41.3811340Z ##[start-action display=Install flatc;id=__self.__self_4.__run]
2026-09-22T18:36:41.3846570Z ##[group]Run set -euo pipefail
2026-09-22T18:36:41.3846942Z [36;1mset -euo pipefail[0m
2026-09-22T18:36:41.3847177Z [36;1m[0m
2026-09-22T18:36:41.3847368Z [36;1mVERSION="25.12.19"[0m
2026-09-22T18:36:41.3847747Z [36;1mif [ "$(flatc --version 2>/dev/null)" = "flatc version ${VERSION}" ]; then[0m
2026-09-22T18:36:41.3848218Z [36;1m  echo "flatc ${VERSION} is already installed"[0m
2026-09-22T18:36:41.3848552Z [36;1m  exit 0[0m
2026-09-22T18:36:41.3848749Z [36;1mfi[0m
2026-09-22T18:36:41.3848929Z [36;1m[0m
2026-09-22T18:36:41.3849119Z [36;1mARCH=$(uname -m)[0m
2026-09-22T18:36:41.3849400Z [36;1mOS=$(uname -s | tr '[:upper:]' '[:lower:]')[0m
2026-09-22T18:36:41.3849699Z [36;1m[0m
2026-09-22T18:36:41.3850032Z [36;1m# Official binaries exist for x86_64 glibc Linux, macOS and Windows only.[0m
2026-09-22T18:36:41.3850462Z [36;1mASSET=""[0m
2026-09-22T18:36:41.3850673Z [36;1mcase "$OS" in[0m
2026-09-22T18:36:41.3850892Z [36;1m  linux)[0m
2026-09-22T18:36:41.3851195Z [36;1m    if [ "$ARCH" = "x86_64" ] && ! ldd /bin/sh 2>&1 | grep -qi musl; then[0m
2026-09-22T18:36:41.3851635Z [36;1m      ASSET="Linux.flatc.binary.clang++-18.zip"[0m
2026-09-22T18:36:41.3851960Z [36;1m    fi[0m
2026-09-22T18:36:41.3852152Z [36;1m    ;;[0m
2026-09-22T18:36:41.3852348Z [36;1m  darwin)[0m
2026-09-22T18:36:41.3852563Z [36;1m    case "$ARCH" in[0m
2026-09-22T18:36:41.3852860Z [36;1m      arm64)  ASSET="Mac.flatc.binary.zip" ;;[0m
2026-09-22T18:36:41.3853243Z [36;1m      x86_64) ASSET="MacIntel.flatc.binary.zip" ;;[0m
2026-09-22T18:36:41.3853569Z [36;1m    esac[0m
2026-09-22T18:36:41.3853767Z [36;1m    ;;[0m
2026-09-22T18:36:41.3854009Z [36;1m  *) ASSET="Windows.flatc.binary.zip" ;;[0m
2026-09-22T18:36:41.3854404Z [36;1mesac[0m
2026-09-22T18:36:41.3854591Z [36;1m[0m
2026-09-22T18:36:41.3854953Z [36;1m# This sometimes runs in a container where the user is root and there is no sudo.[0m
2026-09-22T18:36:41.3855421Z [36;1mif command -v sudo &>/dev/null[0m
2026-09-22T18:36:41.3855692Z [36;1mthen[0m
2026-09-22T18:36:41.3855885Z [36;1m  CMD=sudo[0m
2026-09-22T18:36:41.3856093Z [36;1melse[0m
2026-09-22T18:36:41.3856277Z [36;1m  CMD=[0m
2026-09-22T18:36:41.3856469Z [36;1mfi[0m
2026-09-22T18:36:41.3856649Z [36;1m[0m
2026-09-22T18:36:41.3857028Z [36;1mRELEASE="https://github.com/google/flatbuffers/releases/download/v${VERSION}"[0m
2026-09-22T18:36:41.3857504Z [36;1mif [ -n "$ASSET" ]; then[0m
2026-09-22T18:36:41.3857835Z [36;1m  curl -fsSL -o /tmp/flatc.zip "${RELEASE}/${ASSET}"[0m
2026-09-22T18:36:41.3858223Z [36;1m  unzip -o /tmp/flatc.zip -d /tmp/flatc[0m
2026-09-22T18:36:41.3858537Z [36;1m  rm -f /tmp/flatc.zip[0m
2026-09-22T18:36:41.3858778Z [36;1melse[0m
2026-09-22T18:36:41.3859151Z [36;1m  echo "No official flatc binary for ${OS}/${ARCH}; building ${VERSION} from source"[0m
2026-09-22T18:36:41.3859660Z [36;1m  git clone --depth 1 --branch "v${VERSION}" \[0m
2026-09-22T18:36:41.3860099Z [36;1m    https://github.com/google/flatbuffers.git /tmp/flatbuffers[0m
2026-09-22T18:36:41.3860571Z [36;1m  cmake -S /tmp/flatbuffers -B /tmp/flatbuffers/build \[0m
2026-09-22T18:36:41.3860951Z [36;1m    -DCMAKE_BUILD_TYPE=Release \[0m
2026-09-22T18:36:41.3861275Z [36;1m    -DFLATBUFFERS_BUILD_TESTS=OFF \[0m
2026-09-22T18:36:41.3861606Z [36;1m    -DFLATBUFFERS_BUILD_FLATLIB=OFF \[0m
2026-09-22T18:36:41.3861942Z [36;1m    -DFLATBUFFERS_BUILD_FLATHASH=OFF \[0m
2026-09-22T18:36:41.3862512Z [36;1m    -DFLATBUFFERS_INSTALL=OFF[0m
2026-09-22T18:36:41.3862873Z [36;1m  cmake --build /tmp/flatbuffers/build --target flatc \[0m
2026-09-22T18:36:41.3863294Z [36;1m    --parallel "$(nproc 2>/dev/null || echo 4)"[0m
2026-09-22T18:36:41.3863627Z [36;1m  mkdir -p /tmp/flatc[0m
2026-09-22T18:36:41.3863944Z [36;1m  mv /tmp/flatbuffers/build/flatc /tmp/flatc/flatc[0m
2026-09-22T18:36:41.3864500Z [36;1m  rm -rf /tmp/flatbuffers[0m
2026-09-22T18:36:41.3864769Z [36;1mfi[0m
2026-09-22T18:36:41.3864953Z [36;1m[0m
2026-09-22T18:36:41.3865202Z [36;1mif [ "$OS" = "linux" ] || [ "$OS" = "darwin" ]; then[0m
2026-09-22T18:36:41.3865576Z [36;1m  $CMD mv /tmp/flatc/flatc /usr/local/bin/[0m
2026-09-22T18:36:41.3865875Z [36;1melse[0m
2026-09-22T18:36:41.3866213Z [36;1m  # Windows runners do not have /usr/local/bin on PATH for non-bash steps.[0m
2026-09-22T18:36:41.3866651Z [36;1m  mkdir -p "$HOME/.local/bin"[0m
2026-09-22T18:36:41.3866984Z [36;1m  mv /tmp/flatc/flatc.exe "$HOME/.local/bin/"[0m
2026-09-22T18:36:41.3867365Z [36;1m  cygpath -w "$HOME/.local/bin" >> "$GITHUB_PATH"[0m
2026-09-22T18:36:41.3867725Z [36;1m  export PATH="$HOME/.local/bin:$PATH"[0m
2026-09-22T18:36:41.3868016Z [36;1mfi[0m
2026-09-22T18:36:41.3868194Z [36;1m[0m
2026-09-22T18:36:41.3868383Z [36;1mrm -rf /tmp/flatc[0m
2026-09-22T18:36:41.3868625Z [36;1mflatc --version[0m
2026-09-22T18:36:41.3888440Z shell: /usr/bin/bash --noprofile --norc -e -o pipefail {0}
2026-09-22T18:36:41.3888783Z env:
2026-09-22T18:36:41.3888968Z   CARGO_TERM_COLOR: always
2026-09-22T18:36:41.3889199Z   RUST_BACKTRACE: 1
2026-09-22T18:36:41.3889429Z   NIGHTLY_TOOLCHAIN: nightly-2026-09-10
2026-09-22T18:36:41.3889737Z   RUNNER_TOOL_CACHE: /opt/hostedtoolcache
2026-09-22T18:36:41.3890019Z   RUNS_ON_HOME: /runs-on
2026-09-22T18:36:41.3890249Z   RUNS_ON_VERSION: v3.3.0
2026-09-22T18:36:41.3890496Z   RUNS_ON_AGENT_BINARY: /runs-on/agent
2026-09-22T18:36:41.3890770Z   RUNS_ON_AGENT_ARCH: arm64
2026-09-22T18:36:41.3891019Z   RUNS_ON_AGENT_USER: runner
2026-09-22T18:36:41.3891273Z   RUNS_ON_AMI_ID: ami-098c62767651982c5
2026-09-22T18:36:41.3891549Z   RUNS_ON_AWS_REGION: us-east-1
2026-09-22T18:36:41.3891801Z   RUNS_ON_AWS_AZ: us-east-1b
2026-09-22T18:36:41.3892073Z   RUNS_ON_ENV_CUSTOM_FILE: /runs-on/env.custom
2026-09-22T18:36:41.3892392Z   RUNS_ON_INSTANCE_ID: i-0fc031b4ed11e29c7
2026-09-22T18:36:41.3892686Z   RUNS_ON_INSTANCE_LIFECYCLE: spot
2026-09-22T18:36:41.3892968Z   RUNS_ON_INSTANCE_TYPE: c7g.metal
2026-09-22T18:36:41.3893240Z   RUNS_ON_STACK_NAME: runs-on-v3
2026-09-22T18:36:41.3893582Z   RUNS_ON_S3_BUCKET_CACHE: runs-on-v3-s3bucketcache-dbnub4tpjhpv
2026-09-22T18:36:41.3893994Z   ACTIONS_RUNNER_HOOK_JOB_STARTED: /runs-on/pre.sh
2026-09-22T18:36:41.3894434Z   ACTIONS_RUNNER_HOOK_JOB_COMPLETED: /runs-on/post.sh
2026-09-22T18:36:41.3894790Z   GITHUB_SERVER_URL: https://github.com/
2026-09-22T18:36:41.3895105Z   GITHUB_API_URL: https://api.github.com/
2026-09-22T18:36:41.3895400Z   GITHUB_HOST: github.com
2026-09-22T18:36:41.3895721Z   RUNS_ON_RUNNER_NAME: runs-on--i-0fc031b4ed11e29c7--71856e34-e
2026-09-22T18:36:41.3896119Z   RUNS_ON_INSTANCE_LAUNCHED_AT: 2026-09-22T18:36:01Z
2026-09-22T18:36:41.3896458Z   ACTIONS_CACHE_URL: http://10.1.30.119:6871/
2026-09-22T18:36:41.3896763Z   ACTIONS_CACHE_SERVICE_V2: true
2026-09-22T18:36:41.3897052Z   ACTIONS_RESULTS_URL: http://10.1.30.119:6871/
2026-09-22T18:36:41.3897433Z   RUNS_ON_S3_CACHE_REPO_PREFIX: cache/repo/vortex-data/vortex
2026-09-22T18:36:41.3897807Z   RUNS_ON_ACTION_COST_TRACKING_CLAIMED: true
2026-09-22T18:36:41.3898101Z   RUSTUP_TOOLCHAIN: 1.98.0
2026-09-22T18:36:41.3898325Z ##[endgroup]
2026-09-22T18:36:41.3969429Z No official flatc binary for linux/aarch64; building 25.12.19 from source
2026-09-22T18:36:41.3978881Z Cloning into '/tmp/flatbuffers'...
2026-09-22T18:36:42.0987294Z warning: refs/tags/v25.12.19 282dcb1c3266b45600510da4810092f6ec4c85f2 is not a commit!
2026-09-22T18:36:42.0994771Z Note: switching to '7e163021e59cca4f8e1e35a7c828b5c6b7915953'.
2026-09-22T18:36:42.0995371Z 
2026-09-22T18:36:42.0995611Z You are in 'detached HEAD' state. You can look around, make experimental
2026-09-22T18:36:42.0996134Z changes and commit them, and you can discard any commits you make in this
2026-09-22T18:36:42.0996652Z state without impacting any branches by switching back to a branch.
2026-09-22T18:36:42.0996958Z 
2026-09-22T18:36:42.0997348Z If you want to create a new branch to retain commits you create, you may
2026-09-22T18:36:42.0997854Z do so (now or later) by using -c with the switch command. Example:
2026-09-22T18:36:42.0998133Z 
2026-09-22T18:36:42.0998241Z   git switch -c <new-branch-name>
2026-09-22T18:36:42.0998422Z 
2026-09-22T18:36:42.0998521Z Or undo this operation with:
2026-09-22T18:36:42.0998688Z 
2026-09-22T18:36:42.0998771Z   git switch -
2026-09-22T18:36:42.0998896Z 
2026-09-22T18:36:42.0999128Z Turn off this advice by setting config variable advice.detachedHead to false
2026-09-22T18:36:42.0999468Z 
2026-09-22T18:36:42.3020365Z -- Proceeding with version: 25.12.19.0
2026-09-22T18:36:42.6572204Z -- The CXX compiler identification is GNU 13.3.0
2026-09-22T18:36:42.6755657Z -- Detecting CXX compiler ABI info
2026-09-22T18:36:42.7554362Z -- Detecting CXX compiler ABI info - done
2026-09-22T18:36:42.7718158Z -- Check for working CXX compiler: /usr/bin/c++ - skipped
2026-09-22T18:36:42.7725498Z -- Detecting CXX compile features
2026-09-22T18:36:42.7734892Z -- Detecting CXX compile features - done
2026-09-22T18:36:42.7824468Z -- Looking for strtof_l
2026-09-22T18:36:42.8974435Z -- Looking for strtof_l - found
2026-09-22T18:36:42.8976109Z -- Looking for strtoull_l
2026-09-22T18:36:42.9583688Z -- Looking for strtoull_l - found
2026-09-22T18:36:42.9587951Z -- Looking for realpath
2026-09-22T18:36:43.0189827Z -- Looking for realpath - found
2026-09-22T18:36:43.0191369Z -- CMAKE_CXX_FLAGS: 
2026-09-22T18:36:43.0200976Z -- Configuring done (0.7s)
2026-09-22T18:36:43.0279242Z -- Generating done (0.0s)
2026-09-22T18:36:43.0281535Z -- Build files have been written to: /tmp/flatbuffers/build
2026-09-22T18:36:43.0480310Z [  2%] Building CXX object CMakeFiles/flatc.dir/src/file_manager.cpp.o
2026-09-22T18:36:43.0481535Z [  5%] Building CXX object CMakeFiles/flatc.dir/src/file_name_manager.cpp.o
2026-09-22T18:36:43.0483044Z [  7%] Building CXX object CMakeFiles/flatc.dir/src/idl_parser.cpp.o
2026-09-22T18:36:43.0484580Z [ 10%] Building CXX object CMakeFiles/flatc.dir/src/idl_gen_text.cpp.o
2026-09-22T18:36:43.0486576Z [ 13%] Building CXX object CMakeFiles/flatc.dir/src/reflection.cpp.o
2026-09-22T18:36:43.0487985Z [ 15%] Building CXX object CMakeFiles/flatc.dir/src/util.cpp.o
2026-09-22T18:36:43.0489756Z [ 18%] Building CXX object CMakeFiles/flatc.dir/src/idl_gen_binary.cpp.o
2026-09-22T18:36:43.0491176Z [ 21%] Building CXX object CMakeFiles/flatc.dir/src/idl_gen_cpp.cpp.o
2026-09-22T18:36:43.0492841Z [ 23%] Building CXX object CMakeFiles/flatc.dir/src/idl_gen_csharp.cpp.o
2026-09-22T18:36:43.0494670Z [ 26%] Building CXX object CMakeFiles/flatc.dir/src/idl_gen_dart.cpp.o
2026-09-22T18:36:43.0497158Z [ 28%] Building CXX object CMakeFiles/flatc.dir/src/idl_gen_kotlin.cpp.o
2026-09-22T18:36:43.0503125Z [ 31%] Building CXX object CMakeFiles/flatc.dir/src/idl_gen_kotlin_kmp.cpp.o
2026-09-22T18:36:43.0509772Z [ 34%] Building CXX object CMakeFiles/flatc.dir/src/idl_gen_go.cpp.o
2026-09-22T18:36:43.0516778Z [ 36%] Building CXX object CMakeFiles/flatc.dir/src/idl_gen_java.cpp.o
2026-09-22T18:36:43.0517359Z [ 39%] Building CXX object CMakeFiles/flatc.dir/src/idl_gen_ts.cpp.o
2026-09-22T18:36:43.0518817Z [ 42%] Building CXX object CMakeFiles/flatc.dir/src/idl_gen_php.cpp.o
2026-09-22T18:36:43.0520130Z [ 44%] Building CXX object CMakeFiles/flatc.dir/src/idl_gen_python.cpp.o
2026-09-22T18:36:43.0523954Z [ 47%] Building CXX object CMakeFiles/flatc.dir/src/idl_gen_lobster.cpp.o
2026-09-22T18:36:43.0525787Z [ 50%] Building CXX object CMakeFiles/flatc.dir/src/idl_gen_rust.cpp.o
2026-09-22T18:36:43.0528252Z [ 52%] Building CXX object CMakeFiles/flatc.dir/src/idl_gen_fbs.cpp.o
2026-09-22T18:36:43.0530293Z [ 55%] Building CXX object CMakeFiles/flatc.dir/src/idl_gen_grpc.cpp.o
2026-09-22T18:36:43.0531721Z [ 57%] Building CXX object CMakeFiles/flatc.dir/src/idl_gen_json_schema.cpp.o
2026-09-22T18:36:43.0538750Z [ 60%] Building CXX object CMakeFiles/flatc.dir/src/idl_gen_swift.cpp.o
2026-09-22T18:36:43.0541137Z [ 63%] Building CXX object CMakeFiles/flatc.dir/src/flatc.cpp.o
2026-09-22T18:36:43.0546049Z [ 65%] Building CXX object CMakeFiles/flatc.dir/src/flatc_main.cpp.o
2026-09-22T18:36:43.0551916Z [ 68%] Building CXX object CMakeFiles/flatc.dir/include/codegen/python.cc.o
2026-09-22T18:36:43.0552673Z [ 71%] Building CXX object CMakeFiles/flatc.dir/src/binary_annotator.cpp.o
2026-09-22T18:36:43.0554866Z [ 73%] Building CXX object CMakeFiles/flatc.dir/src/annotated_binary_text_gen.cpp.o
2026-09-22T18:36:43.0557498Z [ 76%] Building CXX object CMakeFiles/flatc.dir/src/bfbs_gen_lua.cpp.o
2026-09-22T18:36:43.0561066Z [ 78%] Building CXX object CMakeFiles/flatc.dir/src/bfbs_gen_nim.cpp.o
2026-09-22T18:36:43.0562935Z [ 81%] Building CXX object CMakeFiles/flatc.dir/src/code_generators.cpp.o
2026-09-22T18:36:43.0565280Z [ 84%] Building CXX object CMakeFiles/flatc.dir/grpc/src/compiler/cpp_generator.cc.o
2026-09-22T18:36:43.0566892Z [ 86%] Building CXX object CMakeFiles/flatc.dir/grpc/src/compiler/go_generator.cc.o
2026-09-22T18:36:43.0568576Z [ 89%] Building CXX object CMakeFiles/flatc.dir/grpc/src/compiler/java_generator.cc.o
2026-09-22T18:36:43.0574967Z [ 92%] Building CXX object CMakeFiles/flatc.dir/grpc/src/compiler/python_generator.cc.o
2026-09-22T18:36:43.0577086Z [ 94%] Building CXX object CMakeFiles/flatc.dir/grpc/src/compiler/swift_generator.cc.o
2026-09-22T18:36:43.0582181Z [ 97%] Building CXX object CMakeFiles/flatc.dir/grpc/src/compiler/ts_generator.cc.o
2026-09-22T18:36:44.6203786Z In file included from /usr/include/c++/13/algorithm:60,
2026-09-22T18:36:44.6204403Z                  from /tmp/flatbuffers/include/flatbuffers/flatbuffers.h:20,
2026-09-22T18:36:44.6204940Z                  from /tmp/flatbuffers/include/flatbuffers/reflection_generated.h:7,
2026-09-22T18:36:44.6205492Z                  from /tmp/flatbuffers/include/flatbuffers/reflection.h:25,
2026-09-22T18:36:44.6205925Z                  from /tmp/flatbuffers/src/reflection.cpp:17:
2026-09-22T18:36:44.6212116Z In static member function ‘static _Up* std::__copy_move<_IsMove, true, std::random_access_iterator_tag>::__copy_m(_Tp*, _Tp*, _Up*) [with _Tp = const unsigned char; _Up = unsigned char; bool _IsMove = false]’,
2026-09-22T18:36:44.6213522Z     inlined from ‘_OI std::__copy_move_a2(_II, _II, _OI) [with bool _IsMove = false; _II = const unsigned char*; _OI = unsigned char*]’ at /usr/include/c++/13/bits/stl_algobase.h:506:30,
2026-09-22T18:36:44.6214867Z     inlined from ‘_OI std::__copy_move_a1(_II, _II, _OI) [with bool _IsMove = false; _II = const unsigned char*; _OI = unsigned char*]’ at /usr/include/c++/13/bits/stl_algobase.h:533:42,
2026-09-22T18:36:44.6216074Z     inlined from ‘_OI std::__copy_move_a(_II, _II, _OI) [with bool _IsMove = false; _II = const unsigned char*; _OI = unsigned char*]’ at /usr/include/c++/13/bits/stl_algobase.h:540:31,
2026-09-22T18:36:44.6217184Z     inlined from ‘_OI std::copy(_II, _II, _OI) [with _II = const unsigned char*; _OI = unsigned char*]’ at /usr/include/c++/13/bits/stl_algobase.h:633:7,
2026-09-22T18:36:44.6218703Z     inlined from ‘static _ForwardIterator std::__uninitialized_copy<true>::__uninit_copy(_InputIterator, _InputIterator, _ForwardIterator) [with _InputIterator = const unsigned char*; _ForwardIterator = unsigned char*]’ at /usr/include/c++/13/bits/stl_uninitialized.h:147:27,
2026-09-22T18:36:44.6220639Z     inlined from ‘_ForwardIterator std::uninitialized_copy(_InputIterator, _InputIterator, _ForwardIterator) [with _InputIterator = const unsigned char*; _ForwardIterator = unsigned char*]’ at /usr/include/c++/13/bits/stl_uninitialized.h:185:15,
2026-09-22T18:36:44.6222577Z     inlined from ‘_ForwardIterator std::__uninitialized_copy_a(_InputIterator, _InputIterator, _ForwardIterator, allocator<_Tp>&) [with _InputIterator = const unsigned char*; _ForwardIterator = unsigned char*; _Tp = unsigned char]’ at /usr/include/c++/13/bits/stl_uninitialized.h:373:37,
2026-09-22T18:36:44.6225263Z     inlined from ‘void std::vector<_Tp, _Alloc>::_M_range_insert(iterator, _ForwardIterator, _ForwardIterator, std::forward_iterator_tag) [with _ForwardIterator = const unsigned char*; _Tp = unsigned char; _Alloc = std::allocator<unsigned char>]’ at /usr/include/c++/13/bits/vector.tcc:814:38,
2026-09-22T18:36:44.6227516Z     inlined from ‘std::vector<_Tp, _Alloc>::iterator std::vector<_Tp, _Alloc>::insert(const_iterator, _InputIterator, _InputIterator) [with _InputIterator = const unsigned char*; <template-parameter-2-2> = void; _Tp = unsigned char; _Alloc = std::allocator<unsigned char>]’ at /usr/include/c++/13/bits/stl_vector.h:1486:19,
2026-09-22T18:36:44.6229264Z     inlined from ‘const uint8_t* flatbuffers::AddFlatBuffer(std::vector<unsigned char>&, const uint8_t*, size_t)’ at /tmp/flatbuffers/src/reflection.cpp:650:17:
2026-09-22T18:36:44.6230712Z /usr/include/c++/13/bits/stl_algobase.h:437:30: warning: ‘void* __builtin_memcpy(void*, const void*, long unsigned int)’ writing between 2 and 9223372036854775803 bytes into a region of size 0 overflows the destination [-Wstringop-overflow=]
2026-09-22T18:36:44.6231808Z   437 |             __builtin_memmove(__result, __first, sizeof(_Tp) * _Num);
2026-09-22T18:36:44.6232245Z       |             ~~~~~~~~~~~~~~~~~^~~~~~~~~~~~~~~~~~~~~~~~~~~~~~~~~~~~~~~
2026-09-22T18:36:44.6232737Z In file included from /usr/include/aarch64-linux-gnu/c++/13/bits/c++allocator.h:33,
2026-09-22T18:36:44.6233229Z                  from /usr/include/c++/13/bits/allocator.h:46,
2026-09-22T18:36:44.6233581Z                  from /usr/include/c++/13/memory:65,
2026-09-22T18:36:44.6233962Z                  from /tmp/flatbuffers/include/flatbuffers/array.h:21,
2026-09-22T18:36:44.6234481Z                  from /tmp/flatbuffers/include/flatbuffers/flatbuffers.h:24:
2026-09-22T18:36:44.6235128Z In member function ‘_Tp* std::__new_allocator<_Tp>::allocate(size_type, const void*) [with _Tp = unsigned char]’,
2026-09-22T18:36:44.6236197Z     inlined from ‘static _Tp* std::allocator_traits<std::allocator<_Tp1> >::allocate(allocator_type&, size_type) [with _Tp = unsigned char]’ at /usr/include/c++/13/bits/alloc_traits.h:482:28,
2026-09-22T18:36:44.6237650Z     inlined from ‘std::_Vector_base<_Tp, _Alloc>::pointer std::_Vector_base<_Tp, _Alloc>::_M_allocate(std::size_t) [with _Tp = unsigned char; _Alloc = std::allocator<unsigned char>]’ at /usr/include/c++/13/bits/stl_vector.h:381:33,
2026-09-22T18:36:44.6239480Z     inlined from ‘void std::vector<_Tp, _Alloc>::_M_range_insert(iterator, _ForwardIterator, _ForwardIterator, std::forward_iterator_tag) [with _ForwardIterator = const unsigned char*; _Tp = unsigned char; _Alloc = std::allocator<unsigned char>]’ at /usr/include/c++/13/bits/vector.tcc:805:40,
2026-09-22T18:36:44.6241678Z     inlined from ‘std::vector<_Tp, _Alloc>::iterator std::vector<_Tp, _Alloc>::insert(const_iterator, _InputIterator, _InputIterator) [with _InputIterator = const unsigned char*; <template-parameter-2-2> = void; _Tp = unsigned char; _Alloc = std::allocator<unsigned char>]’ at /usr/include/c++/13/bits/stl_vector.h:1486:19,
2026-09-22T18:36:44.6243406Z     inlined from ‘const uint8_t* flatbuffers::AddFlatBuffer(std::vector<unsigned char>&, const uint8_t*, size_t)’ at /tmp/flatbuffers/src/reflection.cpp:650:17:
2026-09-22T18:36:44.6244647Z /usr/include/c++/13/bits/new_allocator.h:151:55: note: at offset [-9223372036854775808, -4] into destination object of size [4, 9223372036854775807] allocated by ‘operator new’
2026-09-22T18:36:44.6262761Z   151 |         return static_cast<_Tp*>(_GLIBCXX_OPERATOR_NEW(__n * sizeof(_Tp)));
2026-09-22T18:36:44.6263366Z       |                                                       ^
2026-09-22T18:36:56.3143892Z [100%] Linking CXX executable flatc
2026-09-22T18:36:56.4357157Z [100%] Built target flatc
2026-09-22T18:36:56.5077294Z flatc version 25.12.19
2026-09-22T18:36:56.5086188Z ##[end-action id=__self.__self_4.__run;outcome=success;conclusion=success;duration_ms=15127]
2026-09-22T18:36:56.5098585Z ##[end-action id=__self.__self_4;outcome=success;conclusion=success;duration_ms=15137]
2026-09-22T18:36:56.5127413Z Prepare all required actions
2026-09-22T18:36:56.5155652Z ##[group]Run ./.github/actions/system-info
2026-09-22T18:36:56.5155940Z env:
2026-09-22T18:36:56.5156127Z   CARGO_TERM_COLOR: always
2026-09-22T18:36:56.5156357Z   RUST_BACKTRACE: 1
2026-09-22T18:36:56.5156584Z   NIGHTLY_TOOLCHAIN: nightly-2026-09-10
2026-09-22T18:36:56.5156883Z   RUNNER_TOOL_CACHE: /opt/hostedtoolcache
2026-09-22T18:36:56.5157165Z   RUNS_ON_HOME: /runs-on
2026-09-22T18:36:56.5157394Z   RUNS_ON_VERSION: v3.3.0
2026-09-22T18:36:56.5157645Z   RUNS_ON_AGENT_BINARY: /runs-on/agent
2026-09-22T18:36:56.5157920Z   RUNS_ON_AGENT_ARCH: arm64
2026-09-22T18:36:56.5158160Z   RUNS_ON_AGENT_USER: runner
2026-09-22T18:36:56.5158408Z   RUNS_ON_AMI_ID: ami-098c62767651982c5
2026-09-22T18:36:56.5158698Z   RUNS_ON_AWS_REGION: us-east-1
2026-09-22T18:36:56.5158951Z   RUNS_ON_AWS_AZ: us-east-1b
2026-09-22T18:36:56.5159223Z   RUNS_ON_ENV_CUSTOM_FILE: /runs-on/env.custom
2026-09-22T18:36:56.5159573Z   RUNS_ON_INSTANCE_ID: i-0fc031b4ed11e29c7
2026-09-22T18:36:56.5159870Z   RUNS_ON_INSTANCE_LIFECYCLE: spot
2026-09-22T18:36:56.5160141Z   RUNS_ON_INSTANCE_TYPE: c7g.metal
2026-09-22T18:36:56.5160405Z   RUNS_ON_STACK_NAME: runs-on-v3
2026-09-22T18:36:56.5160746Z   RUNS_ON_S3_BUCKET_CACHE: runs-on-v3-s3bucketcache-dbnub4tpjhpv
2026-09-22T18:36:56.5161155Z   ACTIONS_RUNNER_HOOK_JOB_STARTED: /runs-on/pre.sh
2026-09-22T18:36:56.5161528Z   ACTIONS_RUNNER_HOOK_JOB_COMPLETED: /runs-on/post.sh
2026-09-22T18:36:56.5161881Z   GITHUB_SERVER_URL: https://github.com/
2026-09-22T18:36:56.5162190Z   GITHUB_API_URL: https://api.github.com/
2026-09-22T18:36:56.5162482Z   GITHUB_HOST: github.com
2026-09-22T18:36:56.5162796Z   RUNS_ON_RUNNER_NAME: runs-on--i-0fc031b4ed11e29c7--71856e34-e
2026-09-22T18:36:56.5163200Z   RUNS_ON_INSTANCE_LAUNCHED_AT: 2026-09-22T18:36:01Z
2026-09-22T18:36:56.5163547Z   ACTIONS_CACHE_URL: http://10.1.30.119:6871/
2026-09-22T18:36:56.5163852Z   ACTIONS_CACHE_SERVICE_V2: true
2026-09-22T18:36:56.5164218Z   ACTIONS_RESULTS_URL: http://10.1.30.119:6871/
2026-09-22T18:36:56.5164615Z   RUNS_ON_S3_CACHE_REPO_PREFIX: cache/repo/vortex-data/vortex
2026-09-22T18:36:56.5164989Z   RUNS_ON_ACTION_COST_TRACKING_CLAIMED: true
2026-09-22T18:36:56.5165290Z   RUSTUP_TOOLCHAIN: 1.98.0
2026-09-22T18:36:56.5165516Z ##[endgroup]
2026-09-22T18:36:56.5168602Z ##[start-action display=CPU, Memory & Disk Info;id=__self_2.__run]
2026-09-22T18:36:56.5183058Z ##[group]Run echo "=== CPU Model ==="
2026-09-22T18:36:56.5183427Z [36;1mecho "=== CPU Model ==="[0m
2026-09-22T18:36:56.5183679Z [36;1mlscpu[0m
2026-09-22T18:36:56.5183911Z [36;1mecho "=== /proc/cpuinfo summary ==="[0m
2026-09-22T18:36:56.5184442Z [36;1m# x86 exposes "model name"; aarch64 has no such line (lscpu above covers it), and[0m
2026-09-22T18:36:56.5185049Z [36;1m# `shell: bash` runs with `set -e`, so a missing match must not fail the step.[0m
2026-09-22T18:36:56.5185532Z [36;1mgrep -m1 "model name" /proc/cpuinfo || true[0m
2026-09-22T18:36:56.5185844Z [36;1mnproc[0m
2026-09-22T18:36:56.5186062Z [36;1mecho "=== CPU Flags ==="[0m
2026-09-22T18:36:56.5186383Z [36;1m# x86 exposes "flags"; aarch64 exposes "Features".[0m
2026-09-22T18:36:56.5186797Z [36;1mgrep -m1 -E "^(flags|Features)" /proc/cpuinfo || true[0m
2026-09-22T18:36:56.5187138Z [36;1m[0m
2026-09-22T18:36:56.5187326Z [36;1mecho "=== Memory ==="[0m
2026-09-22T18:36:56.5187568Z [36;1mfree -h[0m
2026-09-22T18:36:56.5187788Z [36;1mecho "=== /proc/meminfo ==="[0m
2026-09-22T18:36:56.5188062Z [36;1mcat /proc/meminfo[0m
2026-09-22T18:36:56.5188288Z [36;1m[0m
2026-09-22T18:36:56.5188484Z [36;1mecho "=== Block Devices ==="[0m
2026-09-22T18:36:56.5188746Z [36;1mlsblk[0m
2026-09-22T18:36:56.5188950Z [36;1mecho "=== Disk Usage ==="[0m
2026-09-22T18:36:56.5189202Z [36;1mdf -hT[0m
2026-09-22T18:36:56.5189625Z [36;1mecho "=== Mounts ==="[0m
2026-09-22T18:36:56.5189877Z [36;1mmount | grep -E "^/dev"[0m
2026-09-22T18:36:56.5190139Z [36;1mecho "=== NVMe Devices ==="[0m
2026-09-22T18:36:56.5190629Z [36;1mls -la /dev/nvme* 2>/dev/null || echo "No NVMe"[0m
2026-09-22T18:36:56.5191009Z [36;1msudo nvme list 2>/dev/null || true[0m
2026-09-22T18:36:56.5212976Z shell: /usr/bin/bash --noprofile --norc -e -o pipefail {0}
2026-09-22T18:36:56.5213320Z env:
2026-09-22T18:36:56.5213507Z   CARGO_TERM_COLOR: always
2026-09-22T18:36:56.5213739Z   RUST_BACKTRACE: 1
2026-09-22T18:36:56.5213969Z   NIGHTLY_TOOLCHAIN: nightly-2026-09-10
2026-09-22T18:36:56.5214350Z   RUNNER_TOOL_CACHE: /opt/hostedtoolcache
2026-09-22T18:36:56.5214645Z   RUNS_ON_HOME: /runs-on
2026-09-22T18:36:56.5214875Z   RUNS_ON_VERSION: v3.3.0
2026-09-22T18:36:56.5215124Z   RUNS_ON_AGENT_BINARY: /runs-on/agent
2026-09-22T18:36:56.5215403Z   RUNS_ON_AGENT_ARCH: arm64
2026-09-22T18:36:56.5215643Z   RUNS_ON_AGENT_USER: runner
2026-09-22T18:36:56.5215903Z   RUNS_ON_AMI_ID: ami-098c62767651982c5
2026-09-22T18:36:56.5216183Z   RUNS_ON_AWS_REGION: us-east-1
2026-09-22T18:36:56.5216434Z   RUNS_ON_AWS_AZ: us-east-1b
2026-09-22T18:36:56.5216711Z   RUNS_ON_ENV_CUSTOM_FILE: /runs-on/env.custom
2026-09-22T18:36:56.5217037Z   RUNS_ON_INSTANCE_ID: i-0fc031b4ed11e29c7
2026-09-22T18:36:56.5217330Z   RUNS_ON_INSTANCE_LIFECYCLE: spot
2026-09-22T18:36:56.5217604Z   RUNS_ON_INSTANCE_TYPE: c7g.metal
2026-09-22T18:36:56.5217869Z   RUNS_ON_STACK_NAME: runs-on-v3
2026-09-22T18:36:56.5218210Z   RUNS_ON_S3_BUCKET_CACHE: runs-on-v3-s3bucketcache-dbnub4tpjhpv
2026-09-22T18:36:56.5218622Z   ACTIONS_RUNNER_HOOK_JOB_STARTED: /runs-on/pre.sh
2026-09-22T18:36:56.5218993Z   ACTIONS_RUNNER_HOOK_JOB_COMPLETED: /runs-on/post.sh
2026-09-22T18:36:56.5219351Z   GITHUB_SERVER_URL: https://github.com/
2026-09-22T18:36:56.5219666Z   GITHUB_API_URL: https://api.github.com/
2026-09-22T18:36:56.5219955Z   GITHUB_HOST: github.com
2026-09-22T18:36:56.5220270Z   RUNS_ON_RUNNER_NAME: runs-on--i-0fc031b4ed11e29c7--71856e34-e
2026-09-22T18:36:56.5220678Z   RUNS_ON_INSTANCE_LAUNCHED_AT: 2026-09-22T18:36:01Z
2026-09-22T18:36:56.5221021Z   ACTIONS_CACHE_URL: http://10.1.30.119:6871/
2026-09-22T18:36:56.5221327Z   ACTIONS_CACHE_SERVICE_V2: true
2026-09-22T18:36:56.5221616Z   ACTIONS_RESULTS_URL: http://10.1.30.119:6871/
2026-09-22T18:36:56.5221995Z   RUNS_ON_S3_CACHE_REPO_PREFIX: cache/repo/vortex-data/vortex
2026-09-22T18:36:56.5222369Z   RUNS_ON_ACTION_COST_TRACKING_CLAIMED: true
2026-09-22T18:36:56.5222666Z   RUSTUP_TOOLCHAIN: 1.98.0
2026-09-22T18:36:56.5222894Z ##[endgroup]
2026-09-22T18:36:56.5259258Z === CPU Model ===
2026-09-22T18:36:56.5432055Z Architecture:                            aarch64
2026-09-22T18:36:56.5432428Z CPU op-mode(s):                          32-bit, 64-bit
2026-09-22T18:36:56.5432782Z Byte Order:                              Little Endian
2026-09-22T18:36:56.5433100Z CPU(s):                                  64
2026-09-22T18:36:56.5433396Z On-line CPU(s) list:                     0-63
2026-09-22T18:36:56.5433715Z Vendor ID:                               ARM
2026-09-22T18:36:56.5434039Z Model name:                              Neoverse-V1
2026-09-22T18:36:56.5434417Z Model:                                   1
2026-09-22T18:36:56.5434732Z Thread(s) per core:                      1
2026-09-22T18:36:56.5435023Z Core(s) per socket:                      64
2026-09-22T18:36:56.5435308Z Socket(s):                               1
2026-09-22T18:36:56.5435602Z Stepping:                                r1p1
2026-09-22T18:36:56.5435909Z BogoMIPS:                                2100.00
2026-09-22T18:36:56.5436923Z Flags:                                   fp asimd evtstrm aes pmull sha1 sha2 crc32 atomics fphp asimdhp cpuid asimdrdm jscvt fcma lrcpc dcpop sha3 sm3 sm4 asimddp sha512 sve asimdfhm dit uscat ilrcpc flagm paca pacg dcpodp svei8mm svebf16 i8mm bf16 dgh rng
2026-09-22T18:36:56.5437964Z L1d cache:                               4 MiB (64 instances)
2026-09-22T18:36:56.5438605Z L1i cache:                               4 MiB (64 instances)
2026-09-22T18:36:56.5438979Z L2 cache:                                64 MiB (64 instances)
2026-09-22T18:36:56.5439344Z L3 cache:                                32 MiB (1 instance)
2026-09-22T18:36:56.5439799Z NUMA node(s):                            1
2026-09-22T18:36:56.5440115Z NUMA node0 CPU(s):                       0-63
2026-09-22T18:36:56.5440461Z Vulnerability Gather data sampling:      Not affected
2026-09-22T18:36:56.5440837Z Vulnerability Ghostwrite:                Not affected
2026-09-22T18:36:56.5441219Z Vulnerability Indirect target selection: Not affected
2026-09-22T18:36:56.5441597Z Vulnerability Itlb multihit:             Not affected
2026-09-22T18:36:56.5441960Z Vulnerability L1tf:                      Not affected
2026-09-22T18:36:56.5442314Z Vulnerability Mds:                       Not affected
2026-09-22T18:36:56.5442675Z Vulnerability Meltdown:                  Not affected
2026-09-22T18:36:56.5443044Z Vulnerability Mmio stale data:           Not affected
2026-09-22T18:36:56.5443420Z Vulnerability Old microcode:             Not affected
2026-09-22T18:36:56.5443789Z Vulnerability Reg file data sampling:    Not affected
2026-09-22T18:36:56.5444249Z Vulnerability Retbleed:                  Not affected
2026-09-22T18:36:56.5444629Z Vulnerability Spec rstack overflow:      Not affected
2026-09-22T18:36:56.5445153Z Vulnerability Spec store bypass:         Mitigation; Speculative Store Bypass disabled via prctl
2026-09-22T18:36:56.5445770Z Vulnerability Spectre v1:                Mitigation; __user pointer sanitization
2026-09-22T18:36:56.5446262Z Vulnerability Spectre v2:                Mitigation; CSV2, BHB
2026-09-22T18:36:56.5446667Z Vulnerability Srbds:                     Not affected
2026-09-22T18:36:56.5447026Z Vulnerability Tsa:                       Not affected
2026-09-22T18:36:56.5447387Z Vulnerability Tsx async abort:           Not affected
2026-09-22T18:36:56.5447752Z Vulnerability Vmscape:                   Not affected
2026-09-22T18:36:56.5448084Z === /proc/cpuinfo summary ===
2026-09-22T18:36:56.5452440Z 64
2026-09-22T18:36:56.5453199Z === CPU Flags ===
2026-09-22T18:36:56.5462594Z Features	: fp asimd evtstrm aes pmull sha1 sha2 crc32 atomics fphp asimdhp cpuid asimdrdm jscvt fcma lrcpc dcpop sha3 sm3 sm4 asimddp sha512 sve asimdfhm dit uscat ilrcpc flagm paca pacg dcpodp svei8mm svebf16 i8mm bf16 dgh rng
2026-09-22T18:36:56.5463577Z === Memory ===
2026-09-22T18:36:56.5483480Z                total        used        free      shared  buff/cache   available
2026-09-22T18:36:56.5483929Z Mem:           125Gi       6.9Gi       118Gi        46Mi       1.1Gi       118Gi
2026-09-22T18:36:56.5484341Z Swap:             0B          0B          0B
2026-09-22T18:36:56.5484995Z === /proc/meminfo ===
2026-09-22T18:36:56.5491751Z MemTotal:       131612296 kB
2026-09-22T18:36:56.5492025Z MemFree:        124369444 kB
2026-09-22T18:36:56.5492271Z MemAvailable:   124428644 kB
2026-09-22T18:36:56.5492512Z Buffers:           39284 kB
2026-09-22T18:36:56.5492763Z Cached:          1021152 kB
2026-09-22T18:36:56.5492992Z SwapCached:            0 kB
2026-09-22T18:36:56.5493227Z Active:           620848 kB
2026-09-22T18:36:56.5493457Z Inactive:         714976 kB
2026-09-22T18:36:56.5493705Z Active(anon):     322768 kB
2026-09-22T18:36:56.5493939Z Inactive(anon):        0 kB
2026-09-22T18:36:56.5494233Z Active(file):     298080 kB
2026-09-22T18:36:56.5494471Z Inactive(file):   714976 kB
2026-09-22T18:36:56.5494709Z Unevictable:           0 kB
2026-09-22T18:36:56.5494941Z Mlocked:               0 kB
2026-09-22T18:36:56.5495173Z SwapTotal:             0 kB
2026-09-22T18:36:56.5495409Z SwapFree:              0 kB
2026-09-22T18:36:56.5495681Z Zswap:                 0 kB
2026-09-22T18:36:56.5495913Z Zswapped:              0 kB
2026-09-22T18:36:56.5496141Z Dirty:            580116 kB
2026-09-22T18:36:56.5496372Z Writeback:             0 kB
2026-09-22T18:36:56.5496604Z AnonPages:        275812 kB
2026-09-22T18:36:56.5496837Z Mapped:           172616 kB
2026-09-22T18:36:56.5497382Z Shmem:             47252 kB
2026-09-22T18:36:56.5497615Z KReclaimable:      77880 kB
2026-09-22T18:36:56.5497848Z Slab:             316248 kB
2026-09-22T18:36:56.5498078Z SReclaimable:      77880 kB
2026-09-22T18:36:56.5498460Z SUnreclaim:       238368 kB
2026-09-22T18:36:56.5498709Z KernelStack:       14384 kB
2026-09-22T18:36:56.5498948Z ShadowCallStack:    4384 kB
2026-09-22T18:36:56.5499190Z PageTables:         5408 kB
2026-09-22T18:36:56.5499431Z SecPageTables:      2848 kB
2026-09-22T18:36:56.5499669Z NFS_Unstable:          0 kB
2026-09-22T18:36:56.5499899Z Bounce:                0 kB
2026-09-22T18:36:56.5500137Z WritebackTmp:          0 kB
2026-09-22T18:36:56.5500374Z CommitLimit:    65806148 kB
2026-09-22T18:36:56.5500608Z Committed_AS:    2302564 kB
2026-09-22T18:36:56.5500845Z VmallocTotal:   135288315904 kB
2026-09-22T18:36:56.5501091Z VmallocUsed:       40864 kB
2026-09-22T18:36:56.5501327Z VmallocChunk:          0 kB
2026-09-22T18:36:56.5501559Z Percpu:            57856 kB
2026-09-22T18:36:56.5501811Z HardwareCorrupted:     0 kB
2026-09-22T18:36:56.5502056Z AnonHugePages:         0 kB
2026-09-22T18:36:56.5502301Z ShmemHugePages:        0 kB
2026-09-22T18:36:56.5502545Z ShmemPmdMapped:        0 kB
2026-09-22T18:36:56.5502794Z FileHugePages:    475136 kB
2026-09-22T18:36:56.5503036Z FilePmdMapped:         0 kB
2026-09-22T18:36:56.5503276Z CmaTotal:              0 kB
2026-09-22T18:36:56.5503506Z CmaFree:               0 kB
2026-09-22T18:36:56.5503733Z Balloon:               0 kB
2026-09-22T18:36:56.5503967Z HugePages_Total:       0
2026-09-22T18:36:56.5504290Z HugePages_Free:        0
2026-09-22T18:36:56.5504525Z HugePages_Rsvd:        0
2026-09-22T18:36:56.5504754Z HugePages_Surp:        0
2026-09-22T18:36:56.5504990Z Hugepagesize:       2048 kB
2026-09-22T18:36:56.5505223Z Hugetlb:               0 kB
2026-09-22T18:36:56.5505451Z === Block Devices ===
2026-09-22T18:36:56.5511782Z NAME         MAJ:MIN RM  SIZE RO TYPE MOUNTPOINTS
2026-09-22T18:36:56.5512103Z nvme0n1      259:0    0  100G  0 disk 
2026-09-22T18:36:56.5512413Z ├─nvme0n1p1  259:1    0   99G  0 part /
2026-09-22T18:36:56.5512723Z ├─nvme0n1p15 259:2    0   99M  0 part /boot/efi
2026-09-22T18:36:56.5513042Z └─nvme0n1p16 259:3    0  923M  0 part /boot
2026-09-22T18:36:56.5513333Z === Disk Usage ===
2026-09-22T18:36:56.5570429Z Filesystem      Type      Size  Used Avail Use% Mounted on
2026-09-22T18:36:56.5570813Z tmpfs           tmpfs      13G  1.4M   13G   1% /run
2026-09-22T18:36:56.5571225Z efivarfs        efivarfs  512K  4.1K  508K   1% /sys/firmware/efi/efivars
2026-09-22T18:36:56.5571644Z /dev/nvme0n1p1  ext4       96G   16G   81G  16% /
2026-09-22T18:36:56.5571997Z tmpfs           tmpfs      63G     0   63G   0% /dev/shm
2026-09-22T18:36:56.5572351Z tmpfs           tmpfs     5.0M     0  5.0M   0% /run/lock
2026-09-22T18:36:56.5572703Z tmpfs           tmpfs      63G     0   63G   0% /run/qemu
2026-09-22T18:36:56.5573059Z /dev/nvme0n1p16 ext4      891M   62M  767M   8% /boot
2026-09-22T18:36:56.5573433Z /dev/nvme0n1p15 vfat       98M  6.4M   92M   7% /boot/efi
2026-09-22T18:36:56.5573770Z === Mounts ===
2026-09-22T18:36:56.5583351Z /dev/nvme0n1p1 on / type ext4 (rw,relatime,discard,errors=remount-ro,commit=30)
2026-09-22T18:36:56.5583837Z /dev/nvme0n1p16 on /boot type ext4 (rw,relatime)
2026-09-22T18:36:56.5584565Z /dev/nvme0n1p15 on /boot/efi type vfat (rw,relatime,fmask=0077,dmask=0077,codepage=437,iocharset=iso8859-1,shortname=mixed,errors=remount-ro)
2026-09-22T18:36:56.5585216Z === NVMe Devices ===
2026-09-22T18:36:56.5594806Z crw------- 1 root root 236, 0 Sep 22 18:36 /dev/nvme0
2026-09-22T18:36:56.5595177Z brw-rw---- 1 root disk 259, 0 Sep 22 18:36 /dev/nvme0n1
2026-09-22T18:36:56.5595548Z brw-rw---- 1 root disk 259, 1 Sep 22 18:36 /dev/nvme0n1p1
2026-09-22T18:36:56.5595928Z brw-rw---- 1 root disk 259, 2 Sep 22 18:36 /dev/nvme0n1p15
2026-09-22T18:36:56.5596310Z brw-rw---- 1 root disk 259, 3 Sep 22 18:36 /dev/nvme0n1p16
2026-09-22T18:36:56.5643509Z ##[end-action id=__self_2.__run;outcome=success;conclusion=success;duration_ms=47]
2026-09-22T18:36:56.5795841Z ##[group]Run taiki-e/cache-cargo-install-action@66c9585ef5ca780ee69399975a5e911f47905995
2026-09-22T18:36:56.5796328Z with:
2026-09-22T18:36:56.5796520Z   tool: cargo-codspeed
2026-09-22T18:36:56.5796737Z   locked: true
2026-09-22T18:36:56.5796953Z   no-default-features: false
2026-09-22T18:36:56.5797201Z   all-features: false
2026-09-22T18:36:56.5797413Z env:
2026-09-22T18:36:56.5797600Z   CARGO_TERM_COLOR: always
2026-09-22T18:36:56.5797833Z   RUST_BACKTRACE: 1
2026-09-22T18:36:56.5798063Z   NIGHTLY_TOOLCHAIN: nightly-2026-09-10
2026-09-22T18:36:56.5798366Z   RUNNER_TOOL_CACHE: /opt/hostedtoolcache
2026-09-22T18:36:56.5798650Z   RUNS_ON_HOME: /runs-on
2026-09-22T18:36:56.5798880Z   RUNS_ON_VERSION: v3.3.0
2026-09-22T18:36:56.5799135Z   RUNS_ON_AGENT_BINARY: /runs-on/agent
2026-09-22T18:36:56.5799414Z   RUNS_ON_AGENT_ARCH: arm64
2026-09-22T18:36:56.5799656Z   RUNS_ON_AGENT_USER: runner
2026-09-22T18:36:56.5799911Z   RUNS_ON_AMI_ID: ami-098c62767651982c5
2026-09-22T18:36:56.5800231Z   RUNS_ON_AWS_REGION: us-east-1
2026-09-22T18:36:56.5800492Z   RUNS_ON_AWS_AZ: us-east-1b
2026-09-22T18:36:56.5800766Z   RUNS_ON_ENV_CUSTOM_FILE: /runs-on/env.custom
2026-09-22T18:36:56.5801088Z   RUNS_ON_INSTANCE_ID: i-0fc031b4ed11e29c7
2026-09-22T18:36:56.5801384Z   RUNS_ON_INSTANCE_LIFECYCLE: spot
2026-09-22T18:36:56.5801661Z   RUNS_ON_INSTANCE_TYPE: c7g.metal
2026-09-22T18:36:56.5801931Z   RUNS_ON_STACK_NAME: runs-on-v3
2026-09-22T18:36:56.5802276Z   RUNS_ON_S3_BUCKET_CACHE: runs-on-v3-s3bucketcache-dbnub4tpjhpv
2026-09-22T18:36:56.5802689Z   ACTIONS_RUNNER_HOOK_JOB_STARTED: /runs-on/pre.sh
2026-09-22T18:36:56.5803135Z   ACTIONS_RUNNER_HOOK_JOB_COMPLETED: /runs-on/post.sh
2026-09-22T18:36:56.5803497Z   GITHUB_SERVER_URL: https://github.com/
2026-09-22T18:36:56.5803814Z   GITHUB_API_URL: https://api.github.com/
2026-09-22T18:36:56.5804112Z   GITHUB_HOST: github.com
2026-09-22T18:36:56.5804513Z   RUNS_ON_RUNNER_NAME: runs-on--i-0fc031b4ed11e29c7--71856e34-e
2026-09-22T18:36:56.5804921Z   RUNS_ON_INSTANCE_LAUNCHED_AT: 2026-09-22T18:36:01Z
2026-09-22T18:36:56.5805276Z   ACTIONS_CACHE_URL: http://10.1.30.119:6871/
2026-09-22T18:36:56.5805590Z   ACTIONS_CACHE_SERVICE_V2: true
2026-09-22T18:36:56.5805881Z   ACTIONS_RESULTS_URL: http://10.1.30.119:6871/
2026-09-22T18:36:56.5806262Z   RUNS_ON_S3_CACHE_REPO_PREFIX: cache/repo/vortex-data/vortex
2026-09-22T18:36:56.5806640Z   RUNS_ON_ACTION_COST_TRACKING_CLAIMED: true
2026-09-22T18:36:56.5806938Z   RUSTUP_TOOLCHAIN: 1.98.0
2026-09-22T18:36:56.5807169Z ##[endgroup]
2026-09-22T18:36:56.5814760Z ##[start-action display=Prepare (non-Windows);id=__taiki-e_cache-cargo-install-action.pre-unix]
2026-09-22T18:36:56.5831078Z ##[group]Run set -eu
2026-09-22T18:36:56.5831348Z [36;1mset -eu[0m
2026-09-22T18:36:56.5831590Z [36;1mif ! command -v bash >/dev/null; then[0m
2026-09-22T18:36:56.5831954Z [36;1m  if grep -Eq '^ID=alpine' /etc/os-release; then[0m
2026-09-22T18:36:56.5832502Z [36;1m    printf '::group::Install packages required for cache-cargo-install-action (bash)\n'[0m
2026-09-22T18:36:56.5833040Z [36;1m    # NB: sync with apk_install in pre.sh[0m
2026-09-22T18:36:56.5833383Z [36;1m    if command -v sudo >/dev/null; then[0m
2026-09-22T18:36:56.5833711Z [36;1m      sudo apk --no-cache add bash[0m
2026-09-22T18:36:56.5834040Z [36;1m    elif command -v doas >/dev/null; then[0m
2026-09-22T18:36:56.5834482Z [36;1m      doas apk --no-cache add bash[0m
2026-09-22T18:36:56.5834769Z [36;1m    else[0m
2026-09-22T18:36:56.5834991Z [36;1m      apk --no-cache add bash[0m
2026-09-22T18:36:56.5835256Z [36;1m    fi[0m
2026-09-22T18:36:56.5835473Z [36;1m    printf '::endgroup::\n'[0m
2026-09-22T18:36:56.5835733Z [36;1m  else[0m
2026-09-22T18:36:56.5836055Z [36;1m    printf '::error::cache-cargo-install-action requires bash\n'[0m
2026-09-22T18:36:56.5836450Z [36;1m    exit 1[0m
2026-09-22T18:36:56.5836657Z [36;1m  fi[0m
2026-09-22T18:36:56.5836845Z [36;1mfi[0m
2026-09-22T18:36:56.5837138Z [36;1mbash --noprofile --norc "${GITHUB_ACTION_PATH:?}/pre.sh"[0m
2026-09-22T18:36:56.5856270Z shell: /usr/bin/sh -e {0}
2026-09-22T18:36:56.5856532Z env:
2026-09-22T18:36:56.5856724Z   CARGO_TERM_COLOR: always
2026-09-22T18:36:56.5856962Z   RUST_BACKTRACE: 1
2026-09-22T18:36:56.5857200Z   NIGHTLY_TOOLCHAIN: nightly-2026-09-10
2026-09-22T18:36:56.5857506Z   RUNNER_TOOL_CACHE: /opt/hostedtoolcache
2026-09-22T18:36:56.5857793Z   RUNS_ON_HOME: /runs-on
2026-09-22T18:36:56.5858026Z   RUNS_ON_VERSION: v3.3.0
2026-09-22T18:36:56.5858276Z   RUNS_ON_AGENT_BINARY: /runs-on/agent
2026-09-22T18:36:56.5858554Z   RUNS_ON_AGENT_ARCH: arm64
2026-09-22T18:36:56.5858802Z   RUNS_ON_AGENT_USER: runner
2026-09-22T18:36:56.5859059Z   RUNS_ON_AMI_ID: ami-098c62767651982c5
2026-09-22T18:36:56.5859340Z   RUNS_ON_AWS_REGION: us-east-1
2026-09-22T18:36:56.5859596Z   RUNS_ON_AWS_AZ: us-east-1b
2026-09-22T18:36:56.5859869Z   RUNS_ON_ENV_CUSTOM_FILE: /runs-on/env.custom
2026-09-22T18:36:56.5860207Z   RUNS_ON_INSTANCE_ID: i-0fc031b4ed11e29c7
2026-09-22T18:36:56.5860504Z   RUNS_ON_INSTANCE_LIFECYCLE: spot
2026-09-22T18:36:56.5860791Z   RUNS_ON_INSTANCE_TYPE: c7g.metal
2026-09-22T18:36:56.5861062Z   RUNS_ON_STACK_NAME: runs-on-v3
2026-09-22T18:36:56.5861407Z   RUNS_ON_S3_BUCKET_CACHE: runs-on-v3-s3bucketcache-dbnub4tpjhpv
2026-09-22T18:36:56.5861827Z   ACTIONS_RUNNER_HOOK_JOB_STARTED: /runs-on/pre.sh
2026-09-22T18:36:56.5862199Z   ACTIONS_RUNNER_HOOK_JOB_COMPLETED: /runs-on/post.sh
2026-09-22T18:36:56.5942698Z   GITHUB_SERVER_URL: https://github.com/
2026-09-22T18:36:56.5943164Z   GITHUB_API_URL: https://api.github.com/
2026-09-22T18:36:56.5943469Z   GITHUB_HOST: github.com
2026-09-22T18:36:56.5943791Z   RUNS_ON_RUNNER_NAME: runs-on--i-0fc031b4ed11e29c7--71856e34-e
2026-09-22T18:36:56.5944288Z   RUNS_ON_INSTANCE_LAUNCHED_AT: 2026-09-22T18:36:01Z
2026-09-22T18:36:56.5944644Z   ACTIONS_CACHE_URL: http://10.1.30.119:6871/
2026-09-22T18:36:56.5944949Z   ACTIONS_CACHE_SERVICE_V2: true
2026-09-22T18:36:56.5945242Z   ACTIONS_RESULTS_URL: http://10.1.30.119:6871/
2026-09-22T18:36:56.5945640Z   RUNS_ON_S3_CACHE_REPO_PREFIX: cache/repo/vortex-data/vortex
2026-09-22T18:36:56.5946029Z   RUNS_ON_ACTION_COST_TRACKING_CLAIMED: true
2026-09-22T18:36:56.5946327Z   RUSTUP_TOOLCHAIN: 1.98.0
2026-09-22T18:36:56.5946573Z   INPUT_TOOL: cargo-codspeed
2026-09-22T18:36:56.5946815Z   INPUT_LOCKED: true
2026-09-22T18:36:56.5947026Z   INPUT_GIT: 
2026-09-22T18:36:56.5947216Z   INPUT_TAG: 
2026-09-22T18:36:56.5947403Z   INPUT_REV: 
2026-09-22T18:36:56.5947593Z   INPUT_FEATURES: 
2026-09-22T18:36:56.5947814Z   INPUT_NO_DEFAULT_FEATURES: false
2026-09-22T18:36:56.5948083Z   INPUT_ALL_FEATURES: false
2026-09-22T18:36:56.5948551Z   ACTION_USER_AGENT: taiki-e/cache-cargo-install-action (66c9585ef5ca780ee69399975a5e911f47905995)
2026-09-22T18:36:56.5949050Z ##[endgroup]
2026-09-22T18:36:56.6838984Z ##[end-action id=__taiki-e_cache-cargo-install-action.pre-unix;outcome=success;conclusion=success;duration_ms=102]
2026-09-22T18:36:56.6843338Z ##[start-action display=Prepare (Windows);id=__taiki-e_cache-cargo-install-action.pre-windows]
2026-09-22T18:36:56.6847029Z ##[end-action id=__taiki-e_cache-cargo-install-action.pre-windows;outcome=skipped;conclusion=skipped;duration_ms=0]
2026-09-22T18:36:56.6849114Z ##[start-action display=Restore Cache;id=__taiki-e_cache-cargo-install-action.cache]
2026-09-22T18:36:56.6892814Z ##[group]Run actions/cache@668228422ae6a00e4ad889ee87cd7109ec5666a7
2026-09-22T18:36:56.6893175Z with:
2026-09-22T18:36:56.6893412Z   path: /opt/hostedtoolcache/cargo-codspeed/bin
2026-09-22T18:36:56.6894077Z   key: cargo-codspeed-5.0.2-aarch64-linux-gnu-2.39-features-default-no-default-features-false-all-features-false
2026-09-22T18:36:56.6894799Z   enableCrossOsArchive: false
2026-09-22T18:36:56.6895063Z   fail-on-cache-miss: false
2026-09-22T18:36:56.6895305Z   lookup-only: false
2026-09-22T18:36:56.6895516Z   save-always: false
2026-09-22T18:36:56.6895718Z env:
2026-09-22T18:36:56.6895902Z   CARGO_TERM_COLOR: always
2026-09-22T18:36:56.6896130Z   RUST_BACKTRACE: 1
2026-09-22T18:36:56.6896357Z   NIGHTLY_TOOLCHAIN: nightly-2026-09-10
2026-09-22T18:36:56.6896971Z   RUNNER_TOOL_CACHE: /opt/hostedtoolcache
2026-09-22T18:36:56.6897263Z   RUNS_ON_HOME: /runs-on
2026-09-22T18:36:56.6897495Z   RUNS_ON_VERSION: v3.3.0
2026-09-22T18:36:56.6897739Z   RUNS_ON_AGENT_BINARY: /runs-on/agent
2026-09-22T18:36:56.6898027Z   RUNS_ON_AGENT_ARCH: arm64
2026-09-22T18:36:56.6898267Z   RUNS_ON_AGENT_USER: runner
2026-09-22T18:36:56.6898518Z   RUNS_ON_AMI_ID: ami-098c62767651982c5
2026-09-22T18:36:56.6898801Z   RUNS_ON_AWS_REGION: us-east-1
2026-09-22T18:36:56.6899052Z   RUNS_ON_AWS_AZ: us-east-1b
2026-09-22T18:36:56.6899322Z   RUNS_ON_ENV_CUSTOM_FILE: /runs-on/env.custom
2026-09-22T18:36:56.6899637Z   RUNS_ON_INSTANCE_ID: i-0fc031b4ed11e29c7
2026-09-22T18:36:56.6899929Z   RUNS_ON_INSTANCE_LIFECYCLE: spot
2026-09-22T18:36:56.6900198Z   RUNS_ON_INSTANCE_TYPE: c7g.metal
2026-09-22T18:36:56.6900470Z   RUNS_ON_STACK_NAME: runs-on-v3
2026-09-22T18:36:56.6900813Z   RUNS_ON_S3_BUCKET_CACHE: runs-on-v3-s3bucketcache-dbnub4tpjhpv
2026-09-22T18:36:56.6901229Z   ACTIONS_RUNNER_HOOK_JOB_STARTED: /runs-on/pre.sh
2026-09-22T18:36:56.6901602Z   ACTIONS_RUNNER_HOOK_JOB_COMPLETED: /runs-on/post.sh
2026-09-22T18:36:56.6901959Z   GITHUB_SERVER_URL: https://github.com/
2026-09-22T18:36:56.6902273Z   GITHUB_API_URL: https://api.github.com/
2026-09-22T18:36:56.6902568Z   GITHUB_HOST: github.com
2026-09-22T18:36:56.6902883Z   RUNS_ON_RUNNER_NAME: runs-on--i-0fc031b4ed11e29c7--71856e34-e
2026-09-22T18:36:56.6903283Z   RUNS_ON_INSTANCE_LAUNCHED_AT: 2026-09-22T18:36:01Z
2026-09-22T18:36:56.6903630Z   ACTIONS_CACHE_URL: http://10.1.30.119:6871/
2026-09-22T18:36:56.6903936Z   ACTIONS_CACHE_SERVICE_V2: true
2026-09-22T18:36:56.6904283Z   ACTIONS_RESULTS_URL: http://10.1.30.119:6871/
2026-09-22T18:36:56.6904670Z   RUNS_ON_S3_CACHE_REPO_PREFIX: cache/repo/vortex-data/vortex
2026-09-22T18:36:56.6905043Z   RUNS_ON_ACTION_COST_TRACKING_CLAIMED: true
2026-09-22T18:36:56.6905336Z   RUSTUP_TOOLCHAIN: 1.98.0
2026-09-22T18:36:56.6905563Z ##[endgroup]
2026-09-22T18:36:56.9020431Z Cache hit for: cargo-codspeed-5.0.2-aarch64-linux-gnu-2.39-features-default-no-default-features-false-all-features-false
2026-09-22T18:36:57.0583669Z Cache Size: ~1 MB (941982 B)
2026-09-22T18:36:57.0602674Z [command]/usr/bin/tar -xf /home/runner/_work/_temp/ad5056e3-98e1-4435-9bd5-339aaf0b7481/cache.tzst -P -C /home/runner/_work/vortex/vortex --use-compress-program unzstd
2026-09-22T18:36:57.0688497Z Cache restored successfully
2026-09-22T18:36:57.0920172Z Cache restored from key: cargo-codspeed-5.0.2-aarch64-linux-gnu-2.39-features-default-no-default-features-false-all-features-false
2026-09-22T18:36:57.0965692Z ##[end-action id=__taiki-e_cache-cargo-install-action.cache;outcome=success;conclusion=success;duration_ms=411]
2026-09-22T18:36:57.0978397Z ##[start-action display=Install cargo-codspeed (non-Windows);id=__taiki-e_cache-cargo-install-action.__run]
2026-09-22T18:36:57.0983076Z ##[end-action id=__taiki-e_cache-cargo-install-action.__run;outcome=skipped;conclusion=skipped;duration_ms=0]
2026-09-22T18:36:57.0988142Z ##[start-action display=Install cargo-codspeed (Windows);id=__taiki-e_cache-cargo-install-action.__run_2]
2026-09-22T18:36:57.0992523Z ##[end-action id=__taiki-e_cache-cargo-install-action.__run_2;outcome=skipped;conclusion=skipped;duration_ms=0]
2026-09-22T18:36:57.1040127Z ##[group]Run actions/download-artifact@3e5f45b2cfb9172054b4087a40e8e0b5a5461e7c
2026-09-22T18:36:57.1040586Z with:
2026-09-22T18:36:57.1040800Z   name: codspeed-cpu-benchmarks-neon
2026-09-22T18:36:57.1041093Z   merge-multiple: false
2026-09-22T18:36:57.1041337Z   repository: vortex-data/vortex
2026-09-22T18:36:57.1041592Z   run-id: 35767825603
2026-09-22T18:36:57.1041817Z   skip-decompress: false
2026-09-22T18:36:57.1042059Z   digest-mismatch: error
2026-09-22T18:36:57.1042279Z env:
2026-09-22T18:36:57.1042469Z   CARGO_TERM_COLOR: always
2026-09-22T18:36:57.1042704Z   RUST_BACKTRACE: 1
2026-09-22T18:36:57.1042935Z   NIGHTLY_TOOLCHAIN: nightly-2026-09-10
2026-09-22T18:36:57.1043240Z   RUNNER_TOOL_CACHE: /opt/hostedtoolcache
2026-09-22T18:36:57.1043784Z   RUNS_ON_HOME: /runs-on
2026-09-22T18:36:57.1044019Z   RUNS_ON_VERSION: v3.3.0
2026-09-22T18:36:57.1044346Z   RUNS_ON_AGENT_BINARY: /runs-on/agent
2026-09-22T18:36:57.1044625Z   RUNS_ON_AGENT_ARCH: arm64
2026-09-22T18:36:57.1044895Z   RUNS_ON_AGENT_USER: runner
2026-09-22T18:36:57.1045148Z   RUNS_ON_AMI_ID: ami-098c62767651982c5
2026-09-22T18:36:57.1045427Z   RUNS_ON_AWS_REGION: us-east-1
2026-09-22T18:36:57.1045682Z   RUNS_ON_AWS_AZ: us-east-1b
2026-09-22T18:36:57.1045957Z   RUNS_ON_ENV_CUSTOM_FILE: /runs-on/env.custom
2026-09-22T18:36:57.1046280Z   RUNS_ON_INSTANCE_ID: i-0fc031b4ed11e29c7
2026-09-22T18:36:57.1046583Z   RUNS_ON_INSTANCE_LIFECYCLE: spot
2026-09-22T18:36:57.1046858Z   RUNS_ON_INSTANCE_TYPE: c7g.metal
2026-09-22T18:36:57.1047130Z   RUNS_ON_STACK_NAME: runs-on-v3
2026-09-22T18:36:57.1047477Z   RUNS_ON_S3_BUCKET_CACHE: runs-on-v3-s3bucketcache-dbnub4tpjhpv
2026-09-22T18:36:57.1047891Z   ACTIONS_RUNNER_HOOK_JOB_STARTED: /runs-on/pre.sh
2026-09-22T18:36:57.1048265Z   ACTIONS_RUNNER_HOOK_JOB_COMPLETED: /runs-on/post.sh
2026-09-22T18:36:57.1048634Z   GITHUB_SERVER_URL: https://github.com/
2026-09-22T18:36:57.1048953Z   GITHUB_API_URL: https://api.github.com/
2026-09-22T18:36:57.1049246Z   GITHUB_HOST: github.com
2026-09-22T18:36:57.1049570Z   RUNS_ON_RUNNER_NAME: runs-on--i-0fc031b4ed11e29c7--71856e34-e
2026-09-22T18:36:57.1049973Z   RUNS_ON_INSTANCE_LAUNCHED_AT: 2026-09-22T18:36:01Z
2026-09-22T18:36:57.1050327Z   ACTIONS_CACHE_URL: http://10.1.30.119:6871/
2026-09-22T18:36:57.1050636Z   ACTIONS_CACHE_SERVICE_V2: true
2026-09-22T18:36:57.1050925Z   ACTIONS_RESULTS_URL: http://10.1.30.119:6871/
2026-09-22T18:36:57.1051305Z   RUNS_ON_S3_CACHE_REPO_PREFIX: cache/repo/vortex-data/vortex
2026-09-22T18:36:57.1051681Z   RUNS_ON_ACTION_COST_TRACKING_CLAIMED: true
2026-09-22T18:36:57.1051979Z   RUSTUP_TOOLCHAIN: 1.98.0
2026-09-22T18:36:57.1052214Z ##[endgroup]
2026-09-22T18:36:57.2273467Z Downloading single artifact
2026-09-22T18:36:57.2971811Z Preparing to download the following artifacts:
2026-09-22T18:36:57.2972658Z - codspeed-cpu-benchmarks-neon (ID: 10712339348, Size: 460487443, Expected Digest: sha256:4cdaf281d01febf555fa7b50a6cf425bebf58932283f42f850b40e579ba509b2)
2026-09-22T18:36:57.4333060Z Redirecting to blob download url: https://productionresultssa3.blob.core.windows.net/actions-results/520f783e-a123-4070-a173-4a1d2e5d92a8/workflow-job-run-cf0e5de7-1edb-5148-9b99-fd142f8856cd/artifacts/b084f87fa3d3be6ff57d62c23d6a3dfa10a6bab8d232c864c43734870b35e840.zip
2026-09-22T18:36:57.4334536Z Starting download of artifact to: /home/runner/_work/vortex/vortex
2026-09-22T18:36:57.5124870Z (node:2644) [DEP0005] DeprecationWarning: Buffer() is deprecated due to security and usability issues. Please use the Buffer.alloc(), Buffer.allocUnsafe(), or Buffer.from() methods instead.
2026-09-22T18:36:57.5125849Z (Use `node --trace-deprecation ...` to show where the warning was created)
2026-09-22T18:37:05.4994878Z SHA256 digest of downloaded artifact is 4cdaf281d01febf555fa7b50a6cf425bebf58932283f42f850b40e579ba509b2
2026-09-22T18:37:05.4995531Z Artifact download completed successfully.
2026-09-22T18:37:05.4995847Z Total of 1 artifact(s) downloaded
2026-09-22T18:37:05.5001950Z Download artifact has finished successfully
2026-09-22T18:37:05.5174436Z ##[group]Run mkdir -p target
2026-09-22T18:37:05.5174772Z [36;1mmkdir -p target[0m
2026-09-22T18:37:05.5175090Z [36;1mtar -C target -xf codspeed-cpu-benchmarks.tar[0m
2026-09-22T18:37:05.5199135Z shell: /usr/bin/bash -e {0}
2026-09-22T18:37:05.5199402Z env:
2026-09-22T18:37:05.5199602Z   CARGO_TERM_COLOR: always
2026-09-22T18:37:05.5199844Z   RUST_BACKTRACE: 1
2026-09-22T18:37:05.5200085Z   NIGHTLY_TOOLCHAIN: nightly-2026-09-10
2026-09-22T18:37:05.5200401Z   RUNNER_TOOL_CACHE: /opt/hostedtoolcache
2026-09-22T18:37:05.5200695Z   RUNS_ON_HOME: /runs-on
2026-09-22T18:37:05.5200930Z   RUNS_ON_VERSION: v3.3.0
2026-09-22T18:37:05.5201186Z   RUNS_ON_AGENT_BINARY: /runs-on/agent
2026-09-22T18:37:05.5201474Z   RUNS_ON_AGENT_ARCH: arm64
2026-09-22T18:37:05.5201721Z   RUNS_ON_AGENT_USER: runner
2026-09-22T18:37:05.5202235Z   RUNS_ON_AMI_ID: ami-098c62767651982c5
2026-09-22T18:37:05.5202525Z   RUNS_ON_AWS_REGION: us-east-1
2026-09-22T18:37:05.5202782Z   RUNS_ON_AWS_AZ: us-east-1b
2026-09-22T18:37:05.5203088Z   RUNS_ON_ENV_CUSTOM_FILE: /runs-on/env.custom
2026-09-22T18:37:05.5203416Z   RUNS_ON_INSTANCE_ID: i-0fc031b4ed11e29c7
2026-09-22T18:37:05.5203717Z   RUNS_ON_INSTANCE_LIFECYCLE: spot
2026-09-22T18:37:05.5203998Z   RUNS_ON_INSTANCE_TYPE: c7g.metal
2026-09-22T18:37:05.5204355Z   RUNS_ON_STACK_NAME: runs-on-v3
2026-09-22T18:37:05.5204712Z   RUNS_ON_S3_BUCKET_CACHE: runs-on-v3-s3bucketcache-dbnub4tpjhpv
2026-09-22T18:37:05.5205137Z   ACTIONS_RUNNER_HOOK_JOB_STARTED: /runs-on/pre.sh
2026-09-22T18:37:05.5205513Z   ACTIONS_RUNNER_HOOK_JOB_COMPLETED: /runs-on/post.sh
2026-09-22T18:37:05.5205875Z   GITHUB_SERVER_URL: https://github.com/
2026-09-22T18:37:05.5206198Z   GITHUB_API_URL: https://api.github.com/
2026-09-22T18:37:05.5206496Z   GITHUB_HOST: github.com
2026-09-22T18:37:05.5206819Z   RUNS_ON_RUNNER_NAME: runs-on--i-0fc031b4ed11e29c7--71856e34-e
2026-09-22T18:37:05.5207231Z   RUNS_ON_INSTANCE_LAUNCHED_AT: 2026-09-22T18:36:01Z
2026-09-22T18:37:05.5207589Z   ACTIONS_CACHE_URL: http://10.1.30.119:6871/
2026-09-22T18:37:05.5207903Z   ACTIONS_CACHE_SERVICE_V2: true
2026-09-22T18:37:05.5208200Z   ACTIONS_RESULTS_URL: http://10.1.30.119:6871/
2026-09-22T18:37:05.5208599Z   RUNS_ON_S3_CACHE_REPO_PREFIX: cache/repo/vortex-data/vortex
2026-09-22T18:37:05.5208984Z   RUNS_ON_ACTION_COST_TRACKING_CLAIMED: true
2026-09-22T18:37:05.5209289Z   RUSTUP_TOOLCHAIN: 1.98.0
2026-09-22T18:37:05.5209532Z ##[endgroup]
2026-09-22T18:37:06.8272930Z ##[group]Run sudo bash scripts/setup-benchmark.sh
2026-09-22T18:37:06.8273377Z [36;1msudo bash scripts/setup-benchmark.sh[0m
2026-09-22T18:37:06.8295619Z shell: /usr/bin/bash -e {0}
2026-09-22T18:37:06.8295877Z env:
2026-09-22T18:37:06.8296077Z   CARGO_TERM_COLOR: always
2026-09-22T18:37:06.8296321Z   RUST_BACKTRACE: 1
2026-09-22T18:37:06.8296555Z   NIGHTLY_TOOLCHAIN: nightly-2026-09-10
2026-09-22T18:37:06.8296888Z   RUNNER_TOOL_CACHE: /opt/hostedtoolcache
2026-09-22T18:37:06.8297177Z   RUNS_ON_HOME: /runs-on
2026-09-22T18:37:06.8297413Z   RUNS_ON_VERSION: v3.3.0
2026-09-22T18:37:06.8297666Z   RUNS_ON_AGENT_BINARY: /runs-on/agent
2026-09-22T18:37:06.8297953Z   RUNS_ON_AGENT_ARCH: arm64
2026-09-22T18:37:06.8298201Z   RUNS_ON_AGENT_USER: runner
2026-09-22T18:37:06.8298460Z   RUNS_ON_AMI_ID: ami-098c62767651982c5
2026-09-22T18:37:06.8298745Z   RUNS_ON_AWS_REGION: us-east-1
2026-09-22T18:37:06.8299005Z   RUNS_ON_AWS_AZ: us-east-1b
2026-09-22T18:37:06.8299307Z   RUNS_ON_ENV_CUSTOM_FILE: /runs-on/env.custom
2026-09-22T18:37:06.8299636Z   RUNS_ON_INSTANCE_ID: i-0fc031b4ed11e29c7
2026-09-22T18:37:06.8299944Z   RUNS_ON_INSTANCE_LIFECYCLE: spot
2026-09-22T18:37:06.8300224Z   RUNS_ON_INSTANCE_TYPE: c7g.metal
2026-09-22T18:37:06.8300499Z   RUNS_ON_STACK_NAME: runs-on-v3
2026-09-22T18:37:06.8300848Z   RUNS_ON_S3_BUCKET_CACHE: runs-on-v3-s3bucketcache-dbnub4tpjhpv
2026-09-22T18:37:06.8301283Z   ACTIONS_RUNNER_HOOK_JOB_STARTED: /runs-on/pre.sh
2026-09-22T18:37:06.8301661Z   ACTIONS_RUNNER_HOOK_JOB_COMPLETED: /runs-on/post.sh
2026-09-22T18:37:06.8302022Z   GITHUB_SERVER_URL: https://github.com/
2026-09-22T18:37:06.8302347Z   GITHUB_API_URL: https://api.github.com/
2026-09-22T18:37:06.8302646Z   GITHUB_HOST: github.com
2026-09-22T18:37:06.8302967Z   RUNS_ON_RUNNER_NAME: runs-on--i-0fc031b4ed11e29c7--71856e34-e
2026-09-22T18:37:06.8303382Z   RUNS_ON_INSTANCE_LAUNCHED_AT: 2026-09-22T18:36:01Z
2026-09-22T18:37:06.8303732Z   ACTIONS_CACHE_URL: http://10.1.30.119:6871/
2026-09-22T18:37:06.8304049Z   ACTIONS_CACHE_SERVICE_V2: true
2026-09-22T18:37:06.8304432Z   ACTIONS_RESULTS_URL: http://10.1.30.119:6871/
2026-09-22T18:37:06.8304823Z   RUNS_ON_S3_CACHE_REPO_PREFIX: cache/repo/vortex-data/vortex
2026-09-22T18:37:06.8305204Z   RUNS_ON_ACTION_COST_TRACKING_CLAIMED: true
2026-09-22T18:37:06.8305507Z   RUSTUP_TOOLCHAIN: 1.98.0
2026-09-22T18:37:06.8305744Z ##[endgroup]
2026-09-22T18:37:06.8400415Z + '[' 0 -ne 0 ']'
2026-09-22T18:37:06.8400963Z + sysfs_write /sys/devices/system/cpu/intel_pstate/no_turbo 1
2026-09-22T18:37:06.8401316Z + [[ -n 1 ]]
2026-09-22T18:37:06.8401574Z + [[ -w /sys/devices/system/cpu/intel_pstate/no_turbo ]]
2026-09-22T18:37:06.8401907Z + true
2026-09-22T18:37:06.8402152Z + sysfs_write /sys/devices/system/cpu/cpufreq/boost 0
2026-09-22T18:37:06.8402466Z + [[ -n 0 ]]
2026-09-22T18:37:06.8402704Z + [[ -w /sys/devices/system/cpu/cpufreq/boost ]]
2026-09-22T18:37:06.8403005Z + true
2026-09-22T18:37:06.8403257Z + for policy in /sys/devices/system/cpu/cpufreq/policy*
2026-09-22T18:37:06.8403771Z + sysfs_write '/sys/devices/system/cpu/cpufreq/policy*/scaling_governor' performance
2026-09-22T18:37:06.8404310Z + [[ -n performance ]]
2026-09-22T18:37:06.8404637Z + [[ -w /sys/devices/system/cpu/cpufreq/policy*/scaling_governor ]]
2026-09-22T18:37:06.8404999Z + true
2026-09-22T18:37:06.8405293Z ++ cat '/sys/devices/system/cpu/cpufreq/policy*/scaling_max_freq'
2026-09-22T18:37:06.8413716Z + sysfs_write '/sys/devices/system/cpu/cpufreq/policy*/scaling_min_freq' ''
2026-09-22T18:37:06.8414190Z + [[ -n '' ]]
2026-09-22T18:37:06.8414379Z + true
2026-09-22T18:37:06.8414583Z + sysctl -w vm.swappiness=0
2026-09-22T18:37:06.8420755Z vm.swappiness = 0
2026-09-22T18:37:06.8421734Z + swapoff -a
2026-09-22T18:37:06.8440027Z + sysctl -w kernel.numa_balancing=0
2026-09-22T18:37:06.8446801Z kernel.numa_balancing = 0
2026-09-22T18:37:06.8447629Z + sysctl -w kernel.randomize_va_space=0
2026-09-22T18:37:06.8453876Z kernel.randomize_va_space = 0
2026-09-22T18:37:06.8454803Z + sysctl -w kernel.sched_autogroup_enabled=0
2026-09-22T18:37:06.8461075Z kernel.sched_autogroup_enabled = 0
2026-09-22T18:37:06.8461652Z + sysctl -w kernel.timer_migration=0
2026-09-22T18:37:06.8467877Z kernel.timer_migration = 0
2026-09-22T18:37:06.8468674Z + dmesg -n 1
2026-09-22T18:37:06.8488280Z + for unit in apparmor ModemManager irqbalance apt-daily.service apt-daily-upgrade.service apt-daily.timer apt-daily-upgrade.timer motd-news.service motd-news.timer apport
2026-09-22T18:37:06.8489137Z + systemctl disable --now apparmor
2026-09-22T18:37:07.4206921Z + systemctl mask apparmor
2026-09-22T18:37:07.6049152Z + for unit in apparmor ModemManager irqbalance apt-daily.service apt-daily-upgrade.service apt-daily.timer apt-daily-upgrade.timer motd-news.service motd-news.timer apport
2026-09-22T18:37:07.6050027Z + systemctl disable --now ModemManager
2026-09-22T18:37:07.7851345Z + systemctl mask ModemManager
2026-09-22T18:37:07.9661749Z + for unit in apparmor ModemManager irqbalance apt-daily.service apt-daily-upgrade.service apt-daily.timer apt-daily-upgrade.timer motd-news.service motd-news.timer apport
2026-09-22T18:37:07.9662626Z + systemctl disable --now irqbalance
2026-09-22T18:37:08.5190233Z + systemctl mask irqbalance
2026-09-22T18:37:08.6988513Z + for unit in apparmor ModemManager irqbalance apt-daily.service apt-daily-upgrade.service apt-daily.timer apt-daily-upgrade.timer motd-news.service motd-news.timer apport
2026-09-22T18:37:08.6989413Z + systemctl disable --now apt-daily.service
2026-09-22T18:37:08.8775301Z + systemctl mask apt-daily.service
2026-09-22T18:37:09.0487483Z + for unit in apparmor ModemManager irqbalance apt-daily.service apt-daily-upgrade.service apt-daily.timer apt-daily-upgrade.timer motd-news.service motd-news.timer apport
2026-09-22T18:37:09.0488391Z + systemctl disable --now apt-daily-upgrade.service
2026-09-22T18:37:09.2400885Z + systemctl mask apt-daily-upgrade.service
2026-09-22T18:37:09.4209613Z + for unit in apparmor ModemManager irqbalance apt-daily.service apt-daily-upgrade.service apt-daily.timer apt-daily-upgrade.timer motd-news.service motd-news.timer apport
2026-09-22T18:37:09.4210474Z + systemctl disable --now apt-daily.timer
2026-09-22T18:37:09.5999542Z + systemctl mask apt-daily.timer
2026-09-22T18:37:09.7798108Z + for unit in apparmor ModemManager irqbalance apt-daily.service apt-daily-upgrade.service apt-daily.timer apt-daily-upgrade.timer motd-news.service motd-news.timer apport
2026-09-22T18:37:09.7798992Z + systemctl disable --now apt-daily-upgrade.timer
2026-09-22T18:37:09.9644349Z + systemctl mask apt-daily-upgrade.timer
2026-09-22T18:37:10.1420123Z + for unit in apparmor ModemManager irqbalance apt-daily.service apt-daily-upgrade.service apt-daily.timer apt-daily-upgrade.timer motd-news.service motd-news.timer apport
2026-09-22T18:37:10.1420991Z + systemctl disable --now motd-news.service
2026-09-22T18:37:10.3217350Z + systemctl mask motd-news.service
2026-09-22T18:37:10.4998158Z + for unit in apparmor ModemManager irqbalance apt-daily.service apt-daily-upgrade.service apt-daily.timer apt-daily-upgrade.timer motd-news.service motd-news.timer apport
2026-09-22T18:37:10.4999031Z + systemctl disable --now motd-news.timer
2026-09-22T18:37:10.6819067Z + systemctl mask motd-news.timer
2026-09-22T18:37:10.8607611Z + for unit in apparmor ModemManager irqbalance apt-daily.service apt-daily-upgrade.service apt-daily.timer apt-daily-upgrade.timer motd-news.service motd-news.timer apport
2026-09-22T18:37:10.8608459Z + systemctl disable --now apport
2026-09-22T18:37:11.3986765Z + systemctl mask apport
2026-09-22T18:37:11.5686560Z + aa-teardown
2026-09-22T18:37:11.5716402Z Unloading AppArmor profiles
2026-09-22T18:37:11.5743358Z + node_dirs=(/sys/devices/system/node/node[0-9]*)
2026-09-22T18:37:11.5744084Z + [[ 1 -gt 1 ]]
2026-09-22T18:37:11.5749522Z ++ sort -un
2026-09-22T18:37:11.5750516Z ++ paste -sd, -
2026-09-22T18:37:11.5753079Z +++ cat /sys/devices/system/cpu/cpu0/topology/thread_siblings_list /sys/devices/system/cpu/cpu1/topology/thread_siblings_list
2026-09-22T18:37:11.5753703Z +++ paste -sd, -
2026-09-22T18:37:11.5767858Z ++ expand_cpulist 0,1
2026-09-22T18:37:11.5768123Z ++ [[ -n 0,1 ]]
2026-09-22T18:37:11.5768333Z ++ local parts part
2026-09-22T18:37:11.5768542Z ++ IFS=,
2026-09-22T18:37:11.5768727Z ++ read -ra parts
2026-09-22T18:37:11.5768956Z ++ for part in "${parts[@]}"
2026-09-22T18:37:11.5769197Z ++ seq 0 0
2026-09-22T18:37:11.5784903Z ++ for part in "${parts[@]}"
2026-09-22T18:37:11.5785150Z ++ seq 1 1
2026-09-22T18:37:11.5795763Z + HOUSEKEEPING_CPUS=0,1
2026-09-22T18:37:11.5795990Z + bench=()
2026-09-22T18:37:11.5800285Z +++ cat /sys/devices/system/cpu/online
2026-09-22T18:37:11.5806510Z ++ expand_cpulist 0-63
2026-09-22T18:37:11.5806757Z ++ [[ -n 0-63 ]]
2026-09-22T18:37:11.5806962Z ++ local parts part
2026-09-22T18:37:11.5807172Z ++ IFS=,
2026-09-22T18:37:11.5807354Z ++ read -ra parts
2026-09-22T18:37:11.5807573Z ++ for part in "${parts[@]}"
2026-09-22T18:37:11.5807815Z ++ seq 0 63
2026-09-22T18:37:11.5816069Z + for cpu in $(expand_cpulist "$(cat /sys/devices/system/cpu/online)")
2026-09-22T18:37:11.5816474Z + [[ ,0,1, == *\,\0\,* ]]
2026-09-22T18:37:11.5816807Z + for cpu in $(expand_cpulist "$(cat /sys/devices/system/cpu/online)")
2026-09-22T18:37:11.5817174Z + [[ ,0,1, == *\,\1\,* ]]
2026-09-22T18:37:11.5817505Z + for cpu in $(expand_cpulist "$(cat /sys/devices/system/cpu/online)")
2026-09-22T18:37:11.5817878Z + [[ ,0,1, == *\,\2\,* ]]
2026-09-22T18:37:11.5818099Z + bench+=("$cpu")
2026-09-22T18:37:11.5818424Z + for cpu in $(expand_cpulist "$(cat /sys/devices/system/cpu/online)")
2026-09-22T18:37:11.5818804Z + [[ ,0,1, == *\,\3\,* ]]
2026-09-22T18:37:11.5819024Z + bench+=("$cpu")
2026-09-22T18:37:11.5819335Z + for cpu in $(expand_cpulist "$(cat /sys/devices/system/cpu/online)")
2026-09-22T18:37:11.5819706Z + [[ ,0,1, == *\,\4\,* ]]
2026-09-22T18:37:11.5819933Z + bench+=("$cpu")
2026-09-22T18:37:11.5820245Z + for cpu in $(expand_cpulist "$(cat /sys/devices/system/cpu/online)")
2026-09-22T18:37:11.5820610Z + [[ ,0,1, == *\,\5\,* ]]
2026-09-22T18:37:11.5820840Z + bench+=("$cpu")
2026-09-22T18:37:11.5821159Z + for cpu in $(expand_cpulist "$(cat /sys/devices/system/cpu/online)")
2026-09-22T18:37:11.5821528Z + [[ ,0,1, == *\,\6\,* ]]
2026-09-22T18:37:11.5821755Z + bench+=("$cpu")
2026-09-22T18:37:11.5822138Z + for cpu in $(expand_cpulist "$(cat /sys/devices/system/cpu/online)")
2026-09-22T18:37:11.5822512Z + [[ ,0,1, == *\,\7\,* ]]
2026-09-22T18:37:11.5822733Z + bench+=("$cpu")
2026-09-22T18:37:11.5823047Z + for cpu in $(expand_cpulist "$(cat /sys/devices/system/cpu/online)")
2026-09-22T18:37:11.5823723Z + [[ ,0,1, == *\,\8\,* ]]
2026-09-22T18:37:11.5823943Z + bench+=("$cpu")
2026-09-22T18:37:11.5824349Z + for cpu in $(expand_cpulist "$(cat /sys/devices/system/cpu/online)")
2026-09-22T18:37:11.5824714Z + [[ ,0,1, == *\,\9\,* ]]
2026-09-22T18:37:11.5824938Z + bench+=("$cpu")
2026-09-22T18:37:11.5825246Z + for cpu in $(expand_cpulist "$(cat /sys/devices/system/cpu/online)")
2026-09-22T18:37:11.5825618Z + [[ ,0,1, == *\,\1\0\,* ]]
2026-09-22T18:37:11.5825847Z + bench+=("$cpu")
2026-09-22T18:37:11.5826157Z + for cpu in $(expand_cpulist "$(cat /sys/devices/system/cpu/online)")
2026-09-22T18:37:11.5826525Z + [[ ,0,1, == *\,\1\1\,* ]]
2026-09-22T18:37:11.5826757Z + bench+=("$cpu")
2026-09-22T18:37:11.5827066Z + for cpu in $(expand_cpulist "$(cat /sys/devices/system/cpu/online)")
2026-09-22T18:37:11.5827438Z + [[ ,0,1, == *\,\1\2\,* ]]
2026-09-22T18:37:11.5827666Z + bench+=("$cpu")
2026-09-22T18:37:11.5827979Z + for cpu in $(expand_cpulist "$(cat /sys/devices/system/cpu/online)")
2026-09-22T18:37:11.5828355Z + [[ ,0,1, == *\,\1\3\,* ]]
2026-09-22T18:37:11.5828582Z + bench+=("$cpu")
2026-09-22T18:37:11.5828891Z + for cpu in $(expand_cpulist "$(cat /sys/devices/system/cpu/online)")
2026-09-22T18:37:11.5829258Z + [[ ,0,1, == *\,\1\4\,* ]]
2026-09-22T18:37:11.5829485Z + bench+=("$cpu")
2026-09-22T18:37:11.5829794Z + for cpu in $(expand_cpulist "$(cat /sys/devices/system/cpu/online)")
2026-09-22T18:37:11.5830156Z + [[ ,0,1, == *\,\1\5\,* ]]
2026-09-22T18:37:11.5830382Z + bench+=("$cpu")
2026-09-22T18:37:11.5830877Z + for cpu in $(expand_cpulist "$(cat /sys/devices/system/cpu/online)")
2026-09-22T18:37:11.5831258Z + [[ ,0,1, == *\,\1\6\,* ]]
2026-09-22T18:37:11.5831482Z + bench+=("$cpu")
2026-09-22T18:37:11.5831789Z + for cpu in $(expand_cpulist "$(cat /sys/devices/system/cpu/online)")
2026-09-22T18:37:11.5832156Z + [[ ,0,1, == *\,\1\7\,* ]]
2026-09-22T18:37:11.5832381Z + bench+=("$cpu")
2026-09-22T18:37:11.5832688Z + for cpu in $(expand_cpulist "$(cat /sys/devices/system/cpu/online)")
2026-09-22T18:37:11.5833063Z + [[ ,0,1, == *\,\1\8\,* ]]
2026-09-22T18:37:11.5833288Z + bench+=("$cpu")
2026-09-22T18:37:11.5833596Z + for cpu in $(expand_cpulist "$(cat /sys/devices/system/cpu/online)")
2026-09-22T18:37:11.5833960Z + [[ ,0,1, == *\,\1\9\,* ]]
2026-09-22T18:37:11.5834277Z + bench+=("$cpu")
2026-09-22T18:37:11.5834588Z + for cpu in $(expand_cpulist "$(cat /sys/devices/system/cpu/online)")
2026-09-22T18:37:11.5834955Z + [[ ,0,1, == *\,\2\0\,* ]]
2026-09-22T18:37:11.5835185Z + bench+=("$cpu")
2026-09-22T18:37:11.5835499Z + for cpu in $(expand_cpulist "$(cat /sys/devices/system/cpu/online)")
2026-09-22T18:37:11.5835866Z + [[ ,0,1, == *\,\2\1\,* ]]
2026-09-22T18:37:11.5836096Z + bench+=("$cpu")
2026-09-22T18:37:11.5836400Z + for cpu in $(expand_cpulist "$(cat /sys/devices/system/cpu/online)")
2026-09-22T18:37:11.5836763Z + [[ ,0,1, == *\,\2\2\,* ]]
2026-09-22T18:37:11.5836986Z + bench+=("$cpu")
2026-09-22T18:37:11.5837297Z + for cpu in $(expand_cpulist "$(cat /sys/devices/system/cpu/online)")
2026-09-22T18:37:11.5837671Z + [[ ,0,1, == *\,\2\3\,* ]]
2026-09-22T18:37:11.5837894Z + bench+=("$cpu")
2026-09-22T18:37:11.5838205Z + for cpu in $(expand_cpulist "$(cat /sys/devices/system/cpu/online)")
2026-09-22T18:37:11.5838574Z + [[ ,0,1, == *\,\2\4\,* ]]
2026-09-22T18:37:11.5838800Z + bench+=("$cpu")
2026-09-22T18:37:11.5839110Z + for cpu in $(expand_cpulist "$(cat /sys/devices/system/cpu/online)")
2026-09-22T18:37:11.5839477Z + [[ ,0,1, == *\,\2\5\,* ]]
2026-09-22T18:37:11.5839702Z + bench+=("$cpu")
2026-09-22T18:37:11.5840015Z + for cpu in $(expand_cpulist "$(cat /sys/devices/system/cpu/online)")
2026-09-22T18:37:11.5840383Z + [[ ,0,1, == *\,\2\6\,* ]]
2026-09-22T18:37:11.5840607Z + bench+=("$cpu")
2026-09-22T18:37:11.5840914Z + for cpu in $(expand_cpulist "$(cat /sys/devices/system/cpu/online)")
2026-09-22T18:37:11.5841283Z + [[ ,0,1, == *\,\2\7\,* ]]
2026-09-22T18:37:11.5841508Z + bench+=("$cpu")
2026-09-22T18:37:11.5841815Z + for cpu in $(expand_cpulist "$(cat /sys/devices/system/cpu/online)")
2026-09-22T18:37:11.5842416Z + [[ ,0,1, == *\,\2\8\,* ]]
2026-09-22T18:37:11.5842638Z + bench+=("$cpu")
2026-09-22T18:37:11.5842940Z + for cpu in $(expand_cpulist "$(cat /sys/devices/system/cpu/online)")
2026-09-22T18:37:11.5843300Z + [[ ,0,1, == *\,\2\9\,* ]]
2026-09-22T18:37:11.5843525Z + bench+=("$cpu")
2026-09-22T18:37:11.5843833Z + for cpu in $(expand_cpulist "$(cat /sys/devices/system/cpu/online)")
2026-09-22T18:37:11.5844269Z + [[ ,0,1, == *\,\3\0\,* ]]
2026-09-22T18:37:11.5844502Z + bench+=("$cpu")
2026-09-22T18:37:11.5844817Z + for cpu in $(expand_cpulist "$(cat /sys/devices/system/cpu/online)")
2026-09-22T18:37:11.5845179Z + [[ ,0,1, == *\,\3\1\,* ]]
2026-09-22T18:37:11.5845406Z + bench+=("$cpu")
2026-09-22T18:37:11.5845715Z + for cpu in $(expand_cpulist "$(cat /sys/devices/system/cpu/online)")
2026-09-22T18:37:11.5846093Z + [[ ,0,1, == *\,\3\2\,* ]]
2026-09-22T18:37:11.5846316Z + bench+=("$cpu")
2026-09-22T18:37:11.5846625Z + for cpu in $(expand_cpulist "$(cat /sys/devices/system/cpu/online)")
2026-09-22T18:37:11.5846996Z + [[ ,0,1, == *\,\3\3\,* ]]
2026-09-22T18:37:11.5847221Z + bench+=("$cpu")
2026-09-22T18:37:11.5847528Z + for cpu in $(expand_cpulist "$(cat /sys/devices/system/cpu/online)")
2026-09-22T18:37:11.5847895Z + [[ ,0,1, == *\,\3\4\,* ]]
2026-09-22T18:37:11.5848120Z + bench+=("$cpu")
2026-09-22T18:37:11.5848428Z + for cpu in $(expand_cpulist "$(cat /sys/devices/system/cpu/online)")
2026-09-22T18:37:11.5848793Z + [[ ,0,1, == *\,\3\5\,* ]]
2026-09-22T18:37:11.5849019Z + bench+=("$cpu")
2026-09-22T18:37:11.5849507Z + for cpu in $(expand_cpulist "$(cat /sys/devices/system/cpu/online)")
2026-09-22T18:37:11.5849892Z + [[ ,0,1, == *\,\3\6\,* ]]
2026-09-22T18:37:11.5850116Z + bench+=("$cpu")
2026-09-22T18:37:11.5850422Z + for cpu in $(expand_cpulist "$(cat /sys/devices/system/cpu/online)")
2026-09-22T18:37:11.5850790Z + [[ ,0,1, == *\,\3\7\,* ]]
2026-09-22T18:37:11.5851014Z + bench+=("$cpu")
2026-09-22T18:37:11.5851318Z + for cpu in $(expand_cpulist "$(cat /sys/devices/system/cpu/online)")
2026-09-22T18:37:11.5851696Z + [[ ,0,1, == *\,\3\8\,* ]]
2026-09-22T18:37:11.5851920Z + bench+=("$cpu")
2026-09-22T18:37:11.5852225Z + for cpu in $(expand_cpulist "$(cat /sys/devices/system/cpu/online)")
2026-09-22T18:37:11.5852598Z + [[ ,0,1, == *\,\3\9\,* ]]
2026-09-22T18:37:11.5852823Z + bench+=("$cpu")
2026-09-22T18:37:11.5853128Z + for cpu in $(expand_cpulist "$(cat /sys/devices/system/cpu/online)")
2026-09-22T18:37:11.5853490Z + [[ ,0,1, == *\,\4\0\,* ]]
2026-09-22T18:37:11.5853717Z + bench+=("$cpu")
2026-09-22T18:37:11.5854027Z + for cpu in $(expand_cpulist "$(cat /sys/devices/system/cpu/online)")
2026-09-22T18:37:11.5854468Z + [[ ,0,1, == *\,\4\1\,* ]]
2026-09-22T18:37:11.5854701Z + bench+=("$cpu")
2026-09-22T18:37:11.5855003Z + for cpu in $(expand_cpulist "$(cat /sys/devices/system/cpu/online)")
2026-09-22T18:37:11.5855364Z + [[ ,0,1, == *\,\4\2\,* ]]
2026-09-22T18:37:11.5855592Z + bench+=("$cpu")
2026-09-22T18:37:11.5855895Z + for cpu in $(expand_cpulist "$(cat /sys/devices/system/cpu/online)")
2026-09-22T18:37:11.5856267Z + [[ ,0,1, == *\,\4\3\,* ]]
2026-09-22T18:37:11.5856493Z + bench+=("$cpu")
2026-09-22T18:37:11.5856802Z + for cpu in $(expand_cpulist "$(cat /sys/devices/system/cpu/online)")
2026-09-22T18:37:11.5857166Z + [[ ,0,1, == *\,\4\4\,* ]]
2026-09-22T18:37:11.5857390Z + bench+=("$cpu")
2026-09-22T18:37:11.5857696Z + for cpu in $(expand_cpulist "$(cat /sys/devices/system/cpu/online)")
2026-09-22T18:37:11.5858061Z + [[ ,0,1, == *\,\4\5\,* ]]
2026-09-22T18:37:11.5858290Z + bench+=("$cpu")
2026-09-22T18:37:11.5858611Z + for cpu in $(expand_cpulist "$(cat /sys/devices/system/cpu/online)")
2026-09-22T18:37:11.5858985Z + [[ ,0,1, == *\,\4\6\,* ]]
2026-09-22T18:37:11.5859211Z + bench+=("$cpu")
2026-09-22T18:37:11.5859521Z + for cpu in $(expand_cpulist "$(cat /sys/devices/system/cpu/online)")
2026-09-22T18:37:11.5859892Z + [[ ,0,1, == *\,\4\7\,* ]]
2026-09-22T18:37:11.5860119Z + bench+=("$cpu")
2026-09-22T18:37:11.5860427Z + for cpu in $(expand_cpulist "$(cat /sys/devices/system/cpu/online)")
2026-09-22T18:37:11.5861021Z + [[ ,0,1, == *\,\4\8\,* ]]
2026-09-22T18:37:11.5861246Z + bench+=("$cpu")
2026-09-22T18:37:11.5861552Z + for cpu in $(expand_cpulist "$(cat /sys/devices/system/cpu/online)")
2026-09-22T18:37:11.5861922Z + [[ ,0,1, == *\,\4\9\,* ]]
2026-09-22T18:37:11.5862144Z + bench+=("$cpu")
2026-09-22T18:37:11.5862446Z + for cpu in $(expand_cpulist "$(cat /sys/devices/system/cpu/online)")
2026-09-22T18:37:11.5862811Z + [[ ,0,1, == *\,\5\0\,* ]]
2026-09-22T18:37:11.5863038Z + bench+=("$cpu")
2026-09-22T18:37:11.5863349Z + for cpu in $(expand_cpulist "$(cat /sys/devices/system/cpu/online)")
2026-09-22T18:37:11.5863713Z + [[ ,0,1, == *\,\5\1\,* ]]
2026-09-22T18:37:11.5863942Z + bench+=("$cpu")
2026-09-22T18:37:11.5864316Z + for cpu in $(expand_cpulist "$(cat /sys/devices/system/cpu/online)")
2026-09-22T18:37:11.5864679Z + [[ ,0,1, == *\,\5\2\,* ]]
2026-09-22T18:37:11.5864909Z + bench+=("$cpu")
2026-09-22T18:37:11.5865212Z + for cpu in $(expand_cpulist "$(cat /sys/devices/system/cpu/online)")
2026-09-22T18:37:11.5865584Z + [[ ,0,1, == *\,\5\3\,* ]]
2026-09-22T18:37:11.5865812Z + bench+=("$cpu")
2026-09-22T18:37:11.5866121Z + for cpu in $(expand_cpulist "$(cat /sys/devices/system/cpu/online)")
2026-09-22T18:37:11.5866487Z + [[ ,0,1, == *\,\5\4\,* ]]
2026-09-22T18:37:11.5866714Z + bench+=("$cpu")
2026-09-22T18:37:11.5867022Z + for cpu in $(expand_cpulist "$(cat /sys/devices/system/cpu/online)")
2026-09-22T18:37:11.5867385Z + [[ ,0,1, == *\,\5\5\,* ]]
2026-09-22T18:37:11.5867606Z + bench+=("$cpu")
2026-09-22T18:37:11.5868088Z + for cpu in $(expand_cpulist "$(cat /sys/devices/system/cpu/online)")
2026-09-22T18:37:11.5868467Z + [[ ,0,1, == *\,\5\6\,* ]]
2026-09-22T18:37:11.5868693Z + bench+=("$cpu")
2026-09-22T18:37:11.5869000Z + for cpu in $(expand_cpulist "$(cat /sys/devices/system/cpu/online)")
2026-09-22T18:37:11.5869368Z + [[ ,0,1, == *\,\5\7\,* ]]
2026-09-22T18:37:11.5869594Z + bench+=("$cpu")
2026-09-22T18:37:11.5869898Z + for cpu in $(expand_cpulist "$(cat /sys/devices/system/cpu/online)")
2026-09-22T18:37:11.5870273Z + [[ ,0,1, == *\,\5\8\,* ]]
2026-09-22T18:37:11.5870497Z + bench+=("$cpu")
2026-09-22T18:37:11.5870798Z + for cpu in $(expand_cpulist "$(cat /sys/devices/system/cpu/online)")
2026-09-22T18:37:11.5871164Z + [[ ,0,1, == *\,\5\9\,* ]]
2026-09-22T18:37:11.5871391Z + bench+=("$cpu")
2026-09-22T18:37:11.5871696Z + for cpu in $(expand_cpulist "$(cat /sys/devices/system/cpu/online)")
2026-09-22T18:37:11.5872059Z + [[ ,0,1, == *\,\6\0\,* ]]
2026-09-22T18:37:11.5872287Z + bench+=("$cpu")
2026-09-22T18:37:11.5872601Z + for cpu in $(expand_cpulist "$(cat /sys/devices/system/cpu/online)")
2026-09-22T18:37:11.5872970Z + [[ ,0,1, == *\,\6\1\,* ]]
2026-09-22T18:37:11.5873197Z + bench+=("$cpu")
2026-09-22T18:37:11.5873509Z + for cpu in $(expand_cpulist "$(cat /sys/devices/system/cpu/online)")
2026-09-22T18:37:11.5873879Z + [[ ,0,1, == *\,\6\2\,* ]]
2026-09-22T18:37:11.5874108Z + bench+=("$cpu")
2026-09-22T18:37:11.5874481Z + for cpu in $(expand_cpulist "$(cat /sys/devices/system/cpu/online)")
2026-09-22T18:37:11.5874853Z + [[ ,0,1, == *\,\6\3\,* ]]
2026-09-22T18:37:11.5875078Z + bench+=("$cpu")
2026-09-22T18:37:11.5875312Z ++ IFS=,
2026-09-22T18:37:11.5875803Z ++ echo 2,3,4,5,6,7,8,9,10,11,12,13,14,15,16,17,18,19,20,21,22,23,24,25,26,27,28,29,30,31,32,33,34,35,36,37,38,39,40,41,42,43,44,45,46,47,48,49,50,51,52,53,54,55,56,57,58,59,60,61,62,63
2026-09-22T18:37:11.5876702Z + BENCH_CPUS=2,3,4,5,6,7,8,9,10,11,12,13,14,15,16,17,18,19,20,21,22,23,24,25,26,27,28,29,30,31,32,33,34,35,36,37,38,39,40,41,42,43,44,45,46,47,48,49,50,51,52,53,54,55,56,57,58,59,60,61,62,63
2026-09-22T18:37:11.5877299Z + NET_IRQS=()
2026-09-22T18:37:11.5877508Z + declare -A NET_IRQS
2026-09-22T18:37:11.5877735Z + bench_cpu_arr=()
2026-09-22T18:37:11.5877934Z + IFS=
2026-09-22T18:37:11.5878115Z + read -r cpu
2026-09-22T18:37:11.5878655Z ++ expand_cpulist 2,3,4,5,6,7,8,9,10,11,12,13,14,15,16,17,18,19,20,21,22,23,24,25,26,27,28,29,30,31,32,33,34,35,36,37,38,39,40,41,42,43,44,45,46,47,48,49,50,51,52,53,54,55,56,57,58,59,60,61,62,63
2026-09-22T18:37:11.5879783Z ++ [[ -n 2,3,4,5,6,7,8,9,10,11,12,13,14,15,16,17,18,19,20,21,22,23,24,25,26,27,28,29,30,31,32,33,34,35,36,37,38,39,40,41,42,43,44,45,46,47,48,49,50,51,52,53,54,55,56,57,58,59,60,61,62,63 ]]
2026-09-22T18:37:11.5880358Z ++ local parts part
2026-09-22T18:37:11.5880570Z ++ IFS=,
2026-09-22T18:37:11.5880753Z ++ read -ra parts
2026-09-22T18:37:11.5880968Z ++ for part in "${parts[@]}"
2026-09-22T18:37:11.5881204Z ++ seq 2 2
2026-09-22T18:37:11.5881397Z + bench_cpu_arr+=("$cpu")
2026-09-22T18:37:11.5881620Z + IFS=
2026-09-22T18:37:11.5881800Z + read -r cpu
2026-09-22T18:37:11.5882011Z ++ for part in "${parts[@]}"
2026-09-22T18:37:11.5882253Z ++ seq 3 3
2026-09-22T18:37:11.5882443Z + bench_cpu_arr+=("$cpu")
2026-09-22T18:37:11.5882664Z + IFS=
2026-09-22T18:37:11.5882845Z + read -r cpu
2026-09-22T18:37:11.5883050Z ++ for part in "${parts[@]}"
2026-09-22T18:37:11.5883285Z ++ seq 4 4
2026-09-22T18:37:11.5883479Z + bench_cpu_arr+=("$cpu")
2026-09-22T18:37:11.5883708Z + IFS=
2026-09-22T18:37:11.5883892Z + read -r cpu
2026-09-22T18:37:11.5884102Z ++ for part in "${parts[@]}"
2026-09-22T18:37:11.5884430Z ++ seq 5 5
2026-09-22T18:37:11.5884622Z + bench_cpu_arr+=("$cpu")
2026-09-22T18:37:11.5884842Z + IFS=
2026-09-22T18:37:11.5885019Z + read -r cpu
2026-09-22T18:37:11.5885229Z ++ for part in "${parts[@]}"
2026-09-22T18:37:11.5885464Z ++ seq 6 6
2026-09-22T18:37:11.5885655Z + bench_cpu_arr+=("$cpu")
2026-09-22T18:37:11.5885879Z + IFS=
2026-09-22T18:37:11.5886057Z + read -r cpu
2026-09-22T18:37:11.5886265Z ++ for part in "${parts[@]}"
2026-09-22T18:37:11.5886499Z ++ seq 7 7
2026-09-22T18:37:11.5886892Z + bench_cpu_arr+=("$cpu")
2026-09-22T18:37:11.5887123Z + IFS=
2026-09-22T18:37:11.5887302Z + read -r cpu
2026-09-22T18:37:11.5887516Z ++ for part in "${parts[@]}"
2026-09-22T18:37:11.5887751Z ++ seq 8 8
2026-09-22T18:37:11.5887955Z + bench_cpu_arr+=("$cpu")
2026-09-22T18:37:11.5888179Z + IFS=
2026-09-22T18:37:11.5888354Z + read -r cpu
2026-09-22T18:37:11.5888558Z ++ for part in "${parts[@]}"
2026-09-22T18:37:11.5888794Z ++ seq 9 9
2026-09-22T18:37:11.5888984Z + bench_cpu_arr+=("$cpu")
2026-09-22T18:37:11.5889199Z + IFS=
2026-09-22T18:37:11.5889371Z + read -r cpu
2026-09-22T18:37:11.5889577Z ++ for part in "${parts[@]}"
2026-09-22T18:37:11.5889815Z ++ seq 10 10
2026-09-22T18:37:11.5892776Z + bench_cpu_arr+=("$cpu")
2026-09-22T18:37:11.5893022Z + IFS=
2026-09-22T18:37:11.5893209Z + read -r cpu
2026-09-22T18:37:11.5893416Z ++ for part in "${parts[@]}"
2026-09-22T18:37:11.5893650Z ++ seq 11 11
2026-09-22T18:37:11.5899708Z + bench_cpu_arr+=("$cpu")
2026-09-22T18:37:11.5899935Z + IFS=
2026-09-22T18:37:11.5900127Z + read -r cpu
2026-09-22T18:37:11.5900345Z ++ for part in "${parts[@]}"
2026-09-22T18:37:11.5900584Z ++ seq 12 12
2026-09-22T18:37:11.5906509Z + bench_cpu_arr+=("$cpu")
2026-09-22T18:37:11.5906741Z + IFS=
2026-09-22T18:37:11.5906922Z + read -r cpu
2026-09-22T18:37:11.5907134Z ++ for part in "${parts[@]}"
2026-09-22T18:37:11.5907369Z ++ seq 13 13
2026-09-22T18:37:11.5913169Z + bench_cpu_arr+=("$cpu")
2026-09-22T18:37:11.5913425Z + IFS=
2026-09-22T18:37:11.5913608Z + read -r cpu
2026-09-22T18:37:11.5913824Z ++ for part in "${parts[@]}"
2026-09-22T18:37:11.5914062Z ++ seq 14 14
2026-09-22T18:37:11.5920136Z + bench_cpu_arr+=("$cpu")
2026-09-22T18:37:11.5920382Z + IFS=
2026-09-22T18:37:11.5920566Z + read -r cpu
2026-09-22T18:37:11.5920779Z ++ for part in "${parts[@]}"
2026-09-22T18:37:11.5921021Z ++ seq 15 15
2026-09-22T18:37:11.5927145Z + bench_cpu_arr+=("$cpu")
2026-09-22T18:37:11.5927389Z + IFS=
2026-09-22T18:37:11.5927569Z + read -r cpu
2026-09-22T18:37:11.5927787Z ++ for part in "${parts[@]}"
2026-09-22T18:37:11.5928037Z ++ seq 16 16
2026-09-22T18:37:11.5933737Z + bench_cpu_arr+=("$cpu")
2026-09-22T18:37:11.5933980Z + IFS=
2026-09-22T18:37:11.5934223Z + read -r cpu
2026-09-22T18:37:11.5934436Z ++ for part in "${parts[@]}"
2026-09-22T18:37:11.5934674Z ++ seq 17 17
2026-09-22T18:37:11.5940526Z + bench_cpu_arr+=("$cpu")
2026-09-22T18:37:11.5940753Z + IFS=
2026-09-22T18:37:11.5940938Z + read -r cpu
2026-09-22T18:37:11.5941398Z ++ for part in "${parts[@]}"
2026-09-22T18:37:11.5941638Z ++ seq 18 18
2026-09-22T18:37:11.5947240Z + bench_cpu_arr+=("$cpu")
2026-09-22T18:37:11.5947468Z + IFS=
2026-09-22T18:37:11.5947647Z + read -r cpu
2026-09-22T18:37:11.5947861Z ++ for part in "${parts[@]}"
2026-09-22T18:37:11.5948102Z ++ seq 19 19
2026-09-22T18:37:11.5954009Z + bench_cpu_arr+=("$cpu")
2026-09-22T18:37:11.5954293Z + IFS=
2026-09-22T18:37:11.5954480Z + read -r cpu
2026-09-22T18:37:11.5954696Z ++ for part in "${parts[@]}"
2026-09-22T18:37:11.5954932Z ++ seq 20 20
2026-09-22T18:37:11.5961060Z + bench_cpu_arr+=("$cpu")
2026-09-22T18:37:11.5961312Z + IFS=
2026-09-22T18:37:11.5961495Z + read -r cpu
2026-09-22T18:37:11.5961710Z ++ for part in "${parts[@]}"
2026-09-22T18:37:11.5961948Z ++ seq 21 21
2026-09-22T18:37:11.5967907Z + bench_cpu_arr+=("$cpu")
2026-09-22T18:37:11.5968159Z + IFS=
2026-09-22T18:37:11.5968349Z + read -r cpu
2026-09-22T18:37:11.5968563Z ++ for part in "${parts[@]}"
2026-09-22T18:37:11.5968802Z ++ seq 22 22
2026-09-22T18:37:11.5974680Z + bench_cpu_arr+=("$cpu")
2026-09-22T18:37:11.5974914Z + IFS=
2026-09-22T18:37:11.5975100Z + read -r cpu
2026-09-22T18:37:11.5975313Z ++ for part in "${parts[@]}"
2026-09-22T18:37:11.5975551Z ++ seq 23 23
2026-09-22T18:37:11.5981462Z + bench_cpu_arr+=("$cpu")
2026-09-22T18:37:11.5981697Z + IFS=
2026-09-22T18:37:11.5981880Z + read -r cpu
2026-09-22T18:37:11.5982088Z ++ for part in "${parts[@]}"
2026-09-22T18:37:11.5982325Z ++ seq 24 24
2026-09-22T18:37:11.5988327Z + bench_cpu_arr+=("$cpu")
2026-09-22T18:37:11.5988563Z + IFS=
2026-09-22T18:37:11.5988745Z + read -r cpu
2026-09-22T18:37:11.5989170Z ++ for part in "${parts[@]}"
2026-09-22T18:37:11.5989428Z ++ seq 25 25
2026-09-22T18:37:11.5995213Z + bench_cpu_arr+=("$cpu")
2026-09-22T18:37:11.5995456Z + IFS=
2026-09-22T18:37:11.5995639Z + read -r cpu
2026-09-22T18:37:11.5995850Z ++ for part in "${parts[@]}"
2026-09-22T18:37:11.5996088Z ++ seq 26 26
2026-09-22T18:37:11.6002025Z + bench_cpu_arr+=("$cpu")
2026-09-22T18:37:11.6002275Z + IFS=
2026-09-22T18:37:11.6002460Z + read -r cpu
2026-09-22T18:37:11.6002671Z ++ for part in "${parts[@]}"
2026-09-22T18:37:11.6002909Z ++ seq 27 27
2026-09-22T18:37:11.6009012Z + bench_cpu_arr+=("$cpu")
2026-09-22T18:37:11.6009250Z + IFS=
2026-09-22T18:37:11.6009435Z + read -r cpu
2026-09-22T18:37:11.6009645Z ++ for part in "${parts[@]}"
2026-09-22T18:37:11.6009887Z ++ seq 28 28
2026-09-22T18:37:11.6015831Z + bench_cpu_arr+=("$cpu")
2026-09-22T18:37:11.6016077Z + IFS=
2026-09-22T18:37:11.6016265Z + read -r cpu
2026-09-22T18:37:11.6016476Z ++ for part in "${parts[@]}"
2026-09-22T18:37:11.6016713Z ++ seq 29 29
2026-09-22T18:37:11.6022394Z + bench_cpu_arr+=("$cpu")
2026-09-22T18:37:11.6022644Z + IFS=
2026-09-22T18:37:11.6022826Z + read -r cpu
2026-09-22T18:37:11.6023044Z ++ for part in "${parts[@]}"
2026-09-22T18:37:11.6023277Z ++ seq 30 30
2026-09-22T18:37:11.6029558Z + bench_cpu_arr+=("$cpu")
2026-09-22T18:37:11.6029800Z + IFS=
2026-09-22T18:37:11.6029987Z + read -r cpu
2026-09-22T18:37:11.6030199Z ++ for part in "${parts[@]}"
2026-09-22T18:37:11.6030447Z ++ seq 31 31
2026-09-22T18:37:11.6036608Z + bench_cpu_arr+=("$cpu")
2026-09-22T18:37:11.6036850Z + IFS=
2026-09-22T18:37:11.6037028Z + read -r cpu
2026-09-22T18:37:11.6037243Z ++ for part in "${parts[@]}"
2026-09-22T18:37:11.6037477Z ++ seq 32 32
2026-09-22T18:37:11.6043713Z + bench_cpu_arr+=("$cpu")
2026-09-22T18:37:11.6043956Z + IFS=
2026-09-22T18:37:11.6044174Z + read -r cpu
2026-09-22T18:37:11.6044389Z ++ for part in "${parts[@]}"
2026-09-22T18:37:11.6044629Z ++ seq 33 33
2026-09-22T18:37:11.6050831Z + bench_cpu_arr+=("$cpu")
2026-09-22T18:37:11.6051079Z + IFS=
2026-09-22T18:37:11.6051264Z + read -r cpu
2026-09-22T18:37:11.6051480Z ++ for part in "${parts[@]}"
2026-09-22T18:37:11.6051714Z ++ seq 34 34
2026-09-22T18:37:11.6058157Z + bench_cpu_arr+=("$cpu")
2026-09-22T18:37:11.6058401Z + IFS=
2026-09-22T18:37:11.6058587Z + read -r cpu
2026-09-22T18:37:11.6058800Z ++ for part in "${parts[@]}"
2026-09-22T18:37:11.6059042Z ++ seq 35 35
2026-09-22T18:37:11.6064898Z + bench_cpu_arr+=("$cpu")
2026-09-22T18:37:11.6065137Z + IFS=
2026-09-22T18:37:11.6065325Z + read -r cpu
2026-09-22T18:37:11.6065538Z ++ for part in "${parts[@]}"
2026-09-22T18:37:11.6065772Z ++ seq 36 36
2026-09-22T18:37:11.6071355Z + bench_cpu_arr+=("$cpu")
2026-09-22T18:37:11.6071587Z + IFS=
2026-09-22T18:37:11.6071772Z + read -r cpu
2026-09-22T18:37:11.6071982Z ++ for part in "${parts[@]}"
2026-09-22T18:37:11.6072224Z ++ seq 37 37
2026-09-22T18:37:11.6077949Z + bench_cpu_arr+=("$cpu")
2026-09-22T18:37:11.6078178Z + IFS=
2026-09-22T18:37:11.6078364Z + read -r cpu
2026-09-22T18:37:11.6078586Z ++ for part in "${parts[@]}"
2026-09-22T18:37:11.6078825Z ++ seq 38 38
2026-09-22T18:37:11.6084751Z + bench_cpu_arr+=("$cpu")
2026-09-22T18:37:11.6084985Z + IFS=
2026-09-22T18:37:11.6085165Z + read -r cpu
2026-09-22T18:37:11.6085377Z ++ for part in "${parts[@]}"
2026-09-22T18:37:11.6085618Z ++ seq 39 39
2026-09-22T18:37:11.6091429Z + bench_cpu_arr+=("$cpu")
2026-09-22T18:37:11.6091675Z + IFS=
2026-09-22T18:37:11.6091871Z + read -r cpu
2026-09-22T18:37:11.6092080Z ++ for part in "${parts[@]}"
2026-09-22T18:37:11.6092315Z ++ seq 40 40
2026-09-22T18:37:11.6097942Z + bench_cpu_arr+=("$cpu")
2026-09-22T18:37:11.6098172Z + IFS=
2026-09-22T18:37:11.6098353Z + read -r cpu
2026-09-22T18:37:11.6098570Z ++ for part in "${parts[@]}"
2026-09-22T18:37:11.6098807Z ++ seq 41 41
2026-09-22T18:37:11.6104783Z + bench_cpu_arr+=("$cpu")
2026-09-22T18:37:11.6105020Z + IFS=
2026-09-22T18:37:11.6105199Z + read -r cpu
2026-09-22T18:37:11.6114621Z ++ for part in "${parts[@]}"
2026-09-22T18:37:11.6114897Z ++ seq 42 42
2026-09-22T18:37:11.6115364Z + bench_cpu_arr+=("$cpu")
2026-09-22T18:37:11.6115611Z + IFS=
2026-09-22T18:37:11.6115796Z + read -r cpu
2026-09-22T18:37:11.6116004Z ++ for part in "${parts[@]}"
2026-09-22T18:37:11.6116245Z ++ seq 43 43
2026-09-22T18:37:11.6117813Z + bench_cpu_arr+=("$cpu")
2026-09-22T18:37:11.6118043Z + IFS=
2026-09-22T18:37:11.6118229Z + read -r cpu
2026-09-22T18:37:11.6118442Z ++ for part in "${parts[@]}"
2026-09-22T18:37:11.6118691Z ++ seq 44 44
2026-09-22T18:37:11.6124492Z + bench_cpu_arr+=("$cpu")
2026-09-22T18:37:11.6124723Z + IFS=
2026-09-22T18:37:11.6124903Z + read -r cpu
2026-09-22T18:37:11.6125118Z ++ for part in "${parts[@]}"
2026-09-22T18:37:11.6125356Z ++ seq 45 45
2026-09-22T18:37:11.6130975Z + bench_cpu_arr+=("$cpu")
2026-09-22T18:37:11.6131214Z + IFS=
2026-09-22T18:37:11.6131394Z + read -r cpu
2026-09-22T18:37:11.6131601Z ++ for part in "${parts[@]}"
2026-09-22T18:37:11.6131835Z ++ seq 46 46
2026-09-22T18:37:11.6137590Z + bench_cpu_arr+=("$cpu")
2026-09-22T18:37:11.6137829Z + IFS=
2026-09-22T18:37:11.6138020Z + read -r cpu
2026-09-22T18:37:11.6138233Z ++ for part in "${parts[@]}"
2026-09-22T18:37:11.6138472Z ++ seq 47 47
2026-09-22T18:37:11.6144511Z + bench_cpu_arr+=("$cpu")
2026-09-22T18:37:11.6144752Z + IFS=
2026-09-22T18:37:11.6144933Z + read -r cpu
2026-09-22T18:37:11.6145143Z ++ for part in "${parts[@]}"
2026-09-22T18:37:11.6145383Z ++ seq 48 48
2026-09-22T18:37:11.6151302Z + bench_cpu_arr+=("$cpu")
2026-09-22T18:37:11.6151553Z + IFS=
2026-09-22T18:37:11.6151733Z + read -r cpu
2026-09-22T18:37:11.6151948Z ++ for part in "${parts[@]}"
2026-09-22T18:37:11.6152183Z ++ seq 49 49
2026-09-22T18:37:11.6157945Z + bench_cpu_arr+=("$cpu")
2026-09-22T18:37:11.6158178Z + IFS=
2026-09-22T18:37:11.6158357Z + read -r cpu
2026-09-22T18:37:11.6158566Z ++ for part in "${parts[@]}"
2026-09-22T18:37:11.6158804Z ++ seq 50 50
2026-09-22T18:37:11.6164742Z + bench_cpu_arr+=("$cpu")
2026-09-22T18:37:11.6164982Z + IFS=
2026-09-22T18:37:11.6165169Z + read -r cpu
2026-09-22T18:37:11.6165379Z ++ for part in "${parts[@]}"
2026-09-22T18:37:11.6165628Z ++ seq 51 51
2026-09-22T18:37:11.6171393Z + bench_cpu_arr+=("$cpu")
2026-09-22T18:37:11.6171617Z + IFS=
2026-09-22T18:37:11.6171801Z + read -r cpu
2026-09-22T18:37:11.6172010Z ++ for part in "${parts[@]}"
2026-09-22T18:37:11.6172252Z ++ seq 52 52
2026-09-22T18:37:11.6178000Z + bench_cpu_arr+=("$cpu")
2026-09-22T18:37:11.6178230Z + IFS=
2026-09-22T18:37:11.6178413Z + read -r cpu
2026-09-22T18:37:11.6178858Z ++ for part in "${parts[@]}"
2026-09-22T18:37:11.6179098Z ++ seq 53 53
2026-09-22T18:37:11.6184532Z + bench_cpu_arr+=("$cpu")
2026-09-22T18:37:11.6184777Z + IFS=
2026-09-22T18:37:11.6184958Z + read -r cpu
2026-09-22T18:37:11.6185172Z ++ for part in "${parts[@]}"
2026-09-22T18:37:11.6185408Z ++ seq 54 54
2026-09-22T18:37:11.6191130Z + bench_cpu_arr+=("$cpu")
2026-09-22T18:37:11.6191375Z + IFS=
2026-09-22T18:37:11.6191556Z + read -r cpu
2026-09-22T18:37:11.6191767Z ++ for part in "${parts[@]}"
2026-09-22T18:37:11.6192004Z ++ seq 55 55
2026-09-22T18:37:11.6197877Z + bench_cpu_arr+=("$cpu")
2026-09-22T18:37:11.6198122Z + IFS=
2026-09-22T18:37:11.6198310Z + read -r cpu
2026-09-22T18:37:11.6198524Z ++ for part in "${parts[@]}"
2026-09-22T18:37:11.6198763Z ++ seq 56 56
2026-09-22T18:37:11.6204417Z + bench_cpu_arr+=("$cpu")
2026-09-22T18:37:11.6204659Z + IFS=
2026-09-22T18:37:11.6204843Z + read -r cpu
2026-09-22T18:37:11.6205053Z ++ for part in "${parts[@]}"
2026-09-22T18:37:11.6205290Z ++ seq 57 57
2026-09-22T18:37:11.6211130Z + bench_cpu_arr+=("$cpu")
2026-09-22T18:37:11.6211366Z + IFS=
2026-09-22T18:37:11.6211546Z + read -r cpu
2026-09-22T18:37:11.6211900Z ++ for part in "${parts[@]}"
2026-09-22T18:37:11.6212177Z ++ seq 58 58
2026-09-22T18:37:11.6217952Z + bench_cpu_arr+=("$cpu")
2026-09-22T18:37:11.6218250Z + IFS=
2026-09-22T18:37:11.6218447Z + read -r cpu
2026-09-22T18:37:11.6218668Z ++ for part in "${parts[@]}"
2026-09-22T18:37:11.6218905Z ++ seq 59 59
2026-09-22T18:37:11.6224495Z + bench_cpu_arr+=("$cpu")
2026-09-22T18:37:11.6224738Z + IFS=
2026-09-22T18:37:11.6224921Z + read -r cpu
2026-09-22T18:37:11.6225396Z ++ for part in "${parts[@]}"
2026-09-22T18:37:11.6225661Z ++ seq 60 60
2026-09-22T18:37:11.6231168Z + bench_cpu_arr+=("$cpu")
2026-09-22T18:37:11.6231398Z + IFS=
2026-09-22T18:37:11.6231580Z + read -r cpu
2026-09-22T18:37:11.6231792Z ++ for part in "${parts[@]}"
2026-09-22T18:37:11.6232031Z ++ seq 61 61
2026-09-22T18:37:11.6238043Z + bench_cpu_arr+=("$cpu")
2026-09-22T18:37:11.6238288Z + IFS=
2026-09-22T18:37:11.6238469Z + read -r cpu
2026-09-22T18:37:11.6238681Z ++ for part in "${parts[@]}"
2026-09-22T18:37:11.6238925Z ++ seq 62 62
2026-09-22T18:37:11.6244497Z + bench_cpu_arr+=("$cpu")
2026-09-22T18:37:11.6244730Z + IFS=
2026-09-22T18:37:11.6244916Z + read -r cpu
2026-09-22T18:37:11.6245155Z ++ for part in "${parts[@]}"
2026-09-22T18:37:11.6245395Z ++ seq 63 63
2026-09-22T18:37:11.6251081Z + bench_cpu_arr+=("$cpu")
2026-09-22T18:37:11.6251311Z + IFS=
2026-09-22T18:37:11.6251492Z + read -r cpu
2026-09-22T18:37:11.6255097Z + i=0
2026-09-22T18:37:11.6256029Z + for msi in /sys/class/net/*/device/msi_irqs/*
2026-09-22T18:37:11.6256398Z + [[ -e /sys/class/net/enP1s33/device/msi_irqs/27 ]]
2026-09-22T18:37:11.6256707Z + [[ 62 -gt 0 ]]
2026-09-22T18:37:11.6256910Z + irq=27
2026-09-22T18:37:11.6257090Z + NET_IRQS["$irq"]=1
2026-09-22T18:37:11.6257306Z + echo 2
2026-09-22T18:37:11.6257484Z + i=1
2026-09-22T18:37:11.6257704Z + for msi in /sys/class/net/*/device/msi_irqs/*
2026-09-22T18:37:11.6258064Z + [[ -e /sys/class/net/enP1s33/device/msi_irqs/28 ]]
2026-09-22T18:37:11.6258373Z + [[ 62 -gt 0 ]]
2026-09-22T18:37:11.6258576Z + irq=28
2026-09-22T18:37:11.6258758Z + NET_IRQS["$irq"]=1
2026-09-22T18:37:11.6258973Z + echo 3
2026-09-22T18:37:11.6259153Z + i=2
2026-09-22T18:37:11.6259372Z + for msi in /sys/class/net/*/device/msi_irqs/*
2026-09-22T18:37:11.6259718Z + [[ -e /sys/class/net/enP1s33/device/msi_irqs/29 ]]
2026-09-22T18:37:11.6260030Z + [[ 62 -gt 0 ]]
2026-09-22T18:37:11.6260228Z + irq=29
2026-09-22T18:37:11.6260410Z + NET_IRQS["$irq"]=1
2026-09-22T18:37:11.6260619Z + echo 4
2026-09-22T18:37:11.6260817Z + i=3
2026-09-22T18:37:11.6261039Z + for msi in /sys/class/net/*/device/msi_irqs/*
2026-09-22T18:37:11.6261387Z + [[ -e /sys/class/net/enP1s33/device/msi_irqs/30 ]]
2026-09-22T18:37:11.6261697Z + [[ 62 -gt 0 ]]
2026-09-22T18:37:11.6261891Z + irq=30
2026-09-22T18:37:11.6262071Z + NET_IRQS["$irq"]=1
2026-09-22T18:37:11.6262277Z + echo 5
2026-09-22T18:37:11.6262457Z + i=4
2026-09-22T18:37:11.6262923Z + for msi in /sys/class/net/*/device/msi_irqs/*
2026-09-22T18:37:11.6263270Z + [[ -e /sys/class/net/enP1s33/device/msi_irqs/31 ]]
2026-09-22T18:37:11.6263579Z + [[ 62 -gt 0 ]]
2026-09-22T18:37:11.6263771Z + irq=31
2026-09-22T18:37:11.6263951Z + NET_IRQS["$irq"]=1
2026-09-22T18:37:11.6264245Z + echo 6
2026-09-22T18:37:11.6264435Z + i=5
2026-09-22T18:37:11.6264649Z + for msi in /sys/class/net/*/device/msi_irqs/*
2026-09-22T18:37:11.6264998Z + [[ -e /sys/class/net/enP1s33/device/msi_irqs/32 ]]
2026-09-22T18:37:11.6265308Z + [[ 62 -gt 0 ]]
2026-09-22T18:37:11.6265501Z + irq=32
2026-09-22T18:37:11.6265688Z + NET_IRQS["$irq"]=1
2026-09-22T18:37:11.6265897Z + echo 7
2026-09-22T18:37:11.6266079Z + i=6
2026-09-22T18:37:11.6266299Z + for msi in /sys/class/net/*/device/msi_irqs/*
2026-09-22T18:37:11.6266653Z + [[ -e /sys/class/net/enP1s33/device/msi_irqs/33 ]]
2026-09-22T18:37:11.6266957Z + [[ 62 -gt 0 ]]
2026-09-22T18:37:11.6267152Z + irq=33
2026-09-22T18:37:11.6267332Z + NET_IRQS["$irq"]=1
2026-09-22T18:37:11.6267551Z + echo 8
2026-09-22T18:37:11.6267722Z + i=7
2026-09-22T18:37:11.6267941Z + for msi in /sys/class/net/*/device/msi_irqs/*
2026-09-22T18:37:11.6268291Z + [[ -e /sys/class/net/enP1s33/device/msi_irqs/34 ]]
2026-09-22T18:37:11.6268594Z + [[ 62 -gt 0 ]]
2026-09-22T18:37:11.6268789Z + irq=34
2026-09-22T18:37:11.6268971Z + NET_IRQS["$irq"]=1
2026-09-22T18:37:11.6269185Z + echo 9
2026-09-22T18:37:11.6269358Z + i=8
2026-09-22T18:37:11.6269575Z + for msi in /sys/class/net/*/device/msi_irqs/*
2026-09-22T18:37:11.6269942Z + [[ -e /sys/class/net/enP1s33/device/msi_irqs/35 ]]
2026-09-22T18:37:11.6270249Z + [[ 62 -gt 0 ]]
2026-09-22T18:37:11.6270629Z + irq=35
2026-09-22T18:37:11.6270867Z + NET_IRQS["$irq"]=1
2026-09-22T18:37:11.6271074Z + echo 10
2026-09-22T18:37:11.6271246Z + i=9
2026-09-22T18:37:11.6271461Z + for msi in /sys/class/net/*/device/msi_irqs/*
2026-09-22T18:37:11.6271813Z + [[ -e /sys/class/net/enP1s33/device/msi_irqs/36 ]]
2026-09-22T18:37:11.6272118Z + [[ 62 -gt 0 ]]
2026-09-22T18:37:11.6272311Z + irq=36
2026-09-22T18:37:11.6272502Z + NET_IRQS["$irq"]=1
2026-09-22T18:37:11.6272706Z + echo 11
2026-09-22T18:37:11.6272878Z + i=10
2026-09-22T18:37:11.6273096Z + for msi in /sys/class/net/*/device/msi_irqs/*
2026-09-22T18:37:11.6273439Z + [[ -e /sys/class/net/enP1s33/device/msi_irqs/37 ]]
2026-09-22T18:37:11.6273742Z + [[ 62 -gt 0 ]]
2026-09-22T18:37:11.6273935Z + irq=37
2026-09-22T18:37:11.6274119Z + NET_IRQS["$irq"]=1
2026-09-22T18:37:11.6274447Z + echo 12
2026-09-22T18:37:11.6274621Z + i=11
2026-09-22T18:37:11.6274844Z + for msi in /sys/class/net/*/device/msi_irqs/*
2026-09-22T18:37:11.6275198Z + [[ -e /sys/class/net/enP1s33/device/msi_irqs/38 ]]
2026-09-22T18:37:11.6275502Z + [[ 62 -gt 0 ]]
2026-09-22T18:37:11.6275694Z + irq=38
2026-09-22T18:37:11.6275880Z + NET_IRQS["$irq"]=1
2026-09-22T18:37:11.6276088Z + echo 13
2026-09-22T18:37:11.6276261Z + i=12
2026-09-22T18:37:11.6276481Z + for msi in /sys/class/net/*/device/msi_irqs/*
2026-09-22T18:37:11.6276826Z + [[ -e /sys/class/net/enP1s33/device/msi_irqs/39 ]]
2026-09-22T18:37:11.6277136Z + [[ 62 -gt 0 ]]
2026-09-22T18:37:11.6277329Z + irq=39
2026-09-22T18:37:11.6277513Z + NET_IRQS["$irq"]=1
2026-09-22T18:37:11.6277719Z + echo 14
2026-09-22T18:37:11.6277895Z + i=13
2026-09-22T18:37:11.6278118Z + for msi in /sys/class/net/*/device/msi_irqs/*
2026-09-22T18:37:11.6278464Z + [[ -e /sys/class/net/enP1s33/device/msi_irqs/40 ]]
2026-09-22T18:37:11.6278767Z + [[ 62 -gt 0 ]]
2026-09-22T18:37:11.6278965Z + irq=40
2026-09-22T18:37:11.6279147Z + NET_IRQS["$irq"]=1
2026-09-22T18:37:11.6279353Z + echo 15
2026-09-22T18:37:11.6279565Z + i=14
2026-09-22T18:37:11.6279793Z + for msi in /sys/class/net/*/device/msi_irqs/*
2026-09-22T18:37:11.6280143Z + [[ -e /sys/class/net/enP1s33/device/msi_irqs/41 ]]
2026-09-22T18:37:11.6280447Z + [[ 62 -gt 0 ]]
2026-09-22T18:37:11.6280647Z + irq=41
2026-09-22T18:37:11.6280831Z + NET_IRQS["$irq"]=1
2026-09-22T18:37:11.6281040Z + echo 16
2026-09-22T18:37:11.6281212Z + i=15
2026-09-22T18:37:11.6281439Z + for msi in /sys/class/net/*/device/msi_irqs/*
2026-09-22T18:37:11.6282029Z + [[ -e /sys/class/net/enP1s33/device/msi_irqs/42 ]]
2026-09-22T18:37:11.6282331Z + [[ 62 -gt 0 ]]
2026-09-22T18:37:11.6282526Z + irq=42
2026-09-22T18:37:11.6282704Z + NET_IRQS["$irq"]=1
2026-09-22T18:37:11.6282907Z + echo 17
2026-09-22T18:37:11.6283081Z + i=16
2026-09-22T18:37:11.6283301Z + for msi in /sys/class/net/*/device/msi_irqs/*
2026-09-22T18:37:11.6283655Z + [[ -e /sys/class/net/enP1s33/device/msi_irqs/43 ]]
2026-09-22T18:37:11.6283956Z + [[ 62 -gt 0 ]]
2026-09-22T18:37:11.6284230Z + irq=43
2026-09-22T18:37:11.6284415Z + NET_IRQS["$irq"]=1
2026-09-22T18:37:11.6284623Z + echo 18
2026-09-22T18:37:11.6284804Z + i=17
2026-09-22T18:37:11.6285021Z + for f in /proc/irq/[0-9]*/smp_affinity_list
2026-09-22T18:37:11.6285329Z + irq=1/smp_affinity_list
2026-09-22T18:37:11.6285557Z + irq=1
2026-09-22T18:37:11.6285921Z + [[ -n '' ]]
2026-09-22T18:37:11.6286110Z + echo 0,1
2026-09-22T18:37:11.6286284Z + true
2026-09-22T18:37:11.6286501Z + for f in /proc/irq/[0-9]*/smp_affinity_list
2026-09-22T18:37:11.6286808Z + irq=10/smp_affinity_list
2026-09-22T18:37:11.6287035Z + irq=10
2026-09-22T18:37:11.6287214Z + [[ -n '' ]]
2026-09-22T18:37:11.6287403Z + echo 0,1
2026-09-22T18:37:11.6287581Z + true
2026-09-22T18:37:11.6287792Z + for f in /proc/irq/[0-9]*/smp_affinity_list
2026-09-22T18:37:11.6288093Z + irq=11/smp_affinity_list
2026-09-22T18:37:11.6288318Z + irq=11
2026-09-22T18:37:11.6288493Z + [[ -n '' ]]
2026-09-22T18:37:11.6288680Z + echo 0,1
2026-09-22T18:37:11.6288858Z + true
2026-09-22T18:37:11.6289067Z + for f in /proc/irq/[0-9]*/smp_affinity_list
2026-09-22T18:37:11.6289368Z + irq=12/smp_affinity_list
2026-09-22T18:37:11.6289796Z + irq=12
2026-09-22T18:37:11.6290005Z + [[ -n '' ]]
2026-09-22T18:37:11.6290193Z + echo 0,1
2026-09-22T18:37:11.6290367Z + true
2026-09-22T18:37:11.6290579Z + for f in /proc/irq/[0-9]*/smp_affinity_list
2026-09-22T18:37:11.6290877Z + irq=13/smp_affinity_list
2026-09-22T18:37:11.6291104Z + irq=13
2026-09-22T18:37:11.6291279Z + [[ -n '' ]]
2026-09-22T18:37:11.6291462Z + echo 0,1
2026-09-22T18:37:11.6291681Z + for f in /proc/irq/[0-9]*/smp_affinity_list
2026-09-22T18:37:11.6291980Z + irq=15/smp_affinity_list
2026-09-22T18:37:11.6292209Z + irq=15
2026-09-22T18:37:11.6292383Z + [[ -n '' ]]
2026-09-22T18:37:11.6292569Z + echo 0,1
2026-09-22T18:37:11.6292786Z + for f in /proc/irq/[0-9]*/smp_affinity_list
2026-09-22T18:37:11.6293084Z + irq=2/smp_affinity_list
2026-09-22T18:37:11.6293307Z + irq=2
2026-09-22T18:37:11.6293478Z + [[ -n '' ]]
2026-09-22T18:37:11.6293667Z + echo 0,1
2026-09-22T18:37:11.6293945Z + true
2026-09-22T18:37:11.6294242Z + for f in /proc/irq/[0-9]*/smp_affinity_list
2026-09-22T18:37:11.6294561Z + irq=23/smp_affinity_list
2026-09-22T18:37:11.6294785Z + irq=23
2026-09-22T18:37:11.6294960Z + [[ -n '' ]]
2026-09-22T18:37:11.6295149Z + echo 0,1
2026-09-22T18:37:11.6295327Z + true
2026-09-22T18:37:11.6295538Z + for f in /proc/irq/[0-9]*/smp_affinity_list
2026-09-22T18:37:11.6295837Z + irq=24/smp_affinity_list
2026-09-22T18:37:11.6296066Z + irq=24
2026-09-22T18:37:11.6296246Z + [[ -n '' ]]
2026-09-22T18:37:11.6296433Z + echo 0,1
2026-09-22T18:37:11.6296645Z + for f in /proc/irq/[0-9]*/smp_affinity_list
2026-09-22T18:37:11.6296945Z + irq=25/smp_affinity_list
2026-09-22T18:37:11.6297170Z + irq=25
2026-09-22T18:37:11.6297347Z + [[ -n '' ]]
2026-09-22T18:37:11.6297537Z + echo 0,1
2026-09-22T18:37:11.6297711Z + true
2026-09-22T18:37:11.6297920Z + for f in /proc/irq/[0-9]*/smp_affinity_list
2026-09-22T18:37:11.6298218Z + irq=26/smp_affinity_list
2026-09-22T18:37:11.6298450Z + irq=26
2026-09-22T18:37:11.6298623Z + [[ -n '' ]]
2026-09-22T18:37:11.6298811Z + echo 0,1
2026-09-22T18:37:11.6298992Z + true
2026-09-22T18:37:11.6299206Z + for f in /proc/irq/[0-9]*/smp_affinity_list
2026-09-22T18:37:11.6299505Z + irq=27/smp_affinity_list
2026-09-22T18:37:11.6299731Z + irq=27
2026-09-22T18:37:11.6299908Z + [[ -n 1 ]]
2026-09-22T18:37:11.6300098Z + continue
2026-09-22T18:37:11.6300314Z + for f in /proc/irq/[0-9]*/smp_affinity_list
2026-09-22T18:37:11.6300617Z + irq=28/smp_affinity_list
2026-09-22T18:37:11.6301077Z + irq=28
2026-09-22T18:37:11.6301253Z + [[ -n 1 ]]
2026-09-22T18:37:11.6301436Z + continue
2026-09-22T18:37:11.6301654Z + for f in /proc/irq/[0-9]*/smp_affinity_list
2026-09-22T18:37:11.6301959Z + irq=29/smp_affinity_list
2026-09-22T18:37:11.6302184Z + irq=29
2026-09-22T18:37:11.6302363Z + [[ -n 1 ]]
2026-09-22T18:37:11.6302549Z + continue
2026-09-22T18:37:11.6302764Z + for f in /proc/irq/[0-9]*/smp_affinity_list
2026-09-22T18:37:11.6303062Z + irq=3/smp_affinity_list
2026-09-22T18:37:11.6303296Z + irq=3
2026-09-22T18:37:11.6303473Z + [[ -n '' ]]
2026-09-22T18:37:11.6303658Z + echo 0,1
2026-09-22T18:37:11.6303842Z + true
2026-09-22T18:37:11.6304056Z + for f in /proc/irq/[0-9]*/smp_affinity_list
2026-09-22T18:37:11.6304438Z + irq=30/smp_affinity_list
2026-09-22T18:37:11.6304666Z + irq=30
2026-09-22T18:37:11.6304848Z + [[ -n 1 ]]
2026-09-22T18:37:11.6305033Z + continue
2026-09-22T18:37:11.6305248Z + for f in /proc/irq/[0-9]*/smp_affinity_list
2026-09-22T18:37:11.6305552Z + irq=31/smp_affinity_list
2026-09-22T18:37:11.6305785Z + irq=31
2026-09-22T18:37:11.6305961Z + [[ -n 1 ]]
2026-09-22T18:37:11.6306151Z + continue
2026-09-22T18:37:11.6306367Z + for f in /proc/irq/[0-9]*/smp_affinity_list
2026-09-22T18:37:11.6306666Z + irq=32/smp_affinity_list
2026-09-22T18:37:11.6306896Z + irq=32
2026-09-22T18:37:11.6307077Z + [[ -n 1 ]]
2026-09-22T18:37:11.6307264Z + continue
2026-09-22T18:37:11.6307479Z + for f in /proc/irq/[0-9]*/smp_affinity_list
2026-09-22T18:37:11.6307779Z + irq=33/smp_affinity_list
2026-09-22T18:37:11.6308009Z + irq=33
2026-09-22T18:37:11.6308185Z + [[ -n 1 ]]
2026-09-22T18:37:11.6308582Z + continue
2026-09-22T18:37:11.6308810Z + for f in /proc/irq/[0-9]*/smp_affinity_list
2026-09-22T18:37:11.6309110Z + irq=34/smp_affinity_list
2026-09-22T18:37:11.6309336Z + irq=34
2026-09-22T18:37:11.6309512Z + [[ -n 1 ]]
2026-09-22T18:37:11.6309701Z + continue
2026-09-22T18:37:11.6309917Z + for f in /proc/irq/[0-9]*/smp_affinity_list
2026-09-22T18:37:11.6310217Z + irq=35/smp_affinity_list
2026-09-22T18:37:11.6310452Z + irq=35
2026-09-22T18:37:11.6310625Z + [[ -n 1 ]]
2026-09-22T18:37:11.6310810Z + continue
2026-09-22T18:37:11.6311026Z + for f in /proc/irq/[0-9]*/smp_affinity_list
2026-09-22T18:37:11.6311329Z + irq=36/smp_affinity_list
2026-09-22T18:37:11.6311557Z + irq=36
2026-09-22T18:37:11.6311732Z + [[ -n 1 ]]
2026-09-22T18:37:11.6311920Z + continue
2026-09-22T18:37:11.6312136Z + for f in /proc/irq/[0-9]*/smp_affinity_list
2026-09-22T18:37:11.6312441Z + irq=37/smp_affinity_list
2026-09-22T18:37:11.6312677Z + irq=37
2026-09-22T18:37:11.6312855Z + [[ -n 1 ]]
2026-09-22T18:37:11.6313041Z + continue
2026-09-22T18:37:11.6313261Z + for f in /proc/irq/[0-9]*/smp_affinity_list
2026-09-22T18:37:11.6313564Z + irq=38/smp_affinity_list
2026-09-22T18:37:11.6313793Z + irq=38
2026-09-22T18:37:11.6313974Z + [[ -n 1 ]]
2026-09-22T18:37:11.6314267Z + continue
2026-09-22T18:37:11.6314495Z + for f in /proc/irq/[0-9]*/smp_affinity_list
2026-09-22T18:37:11.6314795Z + irq=39/smp_affinity_list
2026-09-22T18:37:11.6315022Z + irq=39
2026-09-22T18:37:11.6315208Z + [[ -n 1 ]]
2026-09-22T18:37:11.6315396Z + continue
2026-09-22T18:37:11.6315611Z + for f in /proc/irq/[0-9]*/smp_affinity_list
2026-09-22T18:37:11.6315911Z + irq=4/smp_affinity_list
2026-09-22T18:37:11.6316135Z + irq=4
2026-09-22T18:37:11.6316312Z + [[ -n '' ]]
2026-09-22T18:37:11.6316500Z + echo 0,1
2026-09-22T18:37:11.6316679Z + true
2026-09-22T18:37:11.6316890Z + for f in /proc/irq/[0-9]*/smp_affinity_list
2026-09-22T18:37:11.6317189Z + irq=40/smp_affinity_list
2026-09-22T18:37:11.6317417Z + irq=40
2026-09-22T18:37:11.6317596Z + [[ -n 1 ]]
2026-09-22T18:37:11.6317784Z + continue
2026-09-22T18:37:11.6317999Z + for f in /proc/irq/[0-9]*/smp_affinity_list
2026-09-22T18:37:11.6318305Z + irq=41/smp_affinity_list
2026-09-22T18:37:11.6318533Z + irq=41
2026-09-22T18:37:11.6318712Z + [[ -n 1 ]]
2026-09-22T18:37:11.6318903Z + continue
2026-09-22T18:37:11.6319124Z + for f in /proc/irq/[0-9]*/smp_affinity_list
2026-09-22T18:37:11.6319423Z + irq=42/smp_affinity_list
2026-09-22T18:37:11.6319886Z + irq=42
2026-09-22T18:37:11.6320067Z + [[ -n 1 ]]
2026-09-22T18:37:11.6320253Z + continue
2026-09-22T18:37:11.6320468Z + for f in /proc/irq/[0-9]*/smp_affinity_list
2026-09-22T18:37:11.6320770Z + irq=43/smp_affinity_list
2026-09-22T18:37:11.6320996Z + irq=43
2026-09-22T18:37:11.6321174Z + [[ -n 1 ]]
2026-09-22T18:37:11.6321359Z + continue
2026-09-22T18:37:11.6321579Z + for f in /proc/irq/[0-9]*/smp_affinity_list
2026-09-22T18:37:11.6321878Z + irq=44/smp_affinity_list
2026-09-22T18:37:11.6322108Z + irq=44
2026-09-22T18:37:11.6322288Z + [[ -n '' ]]
2026-09-22T18:37:11.6322474Z + echo 0,1
2026-09-22T18:37:11.6322657Z + true
2026-09-22T18:37:11.6322870Z + for f in /proc/irq/[0-9]*/smp_affinity_list
2026-09-22T18:37:11.6323174Z + irq=45/smp_affinity_list
2026-09-22T18:37:11.6323402Z + irq=45
2026-09-22T18:37:11.6323579Z + [[ -n '' ]]
2026-09-22T18:37:11.6323775Z + echo 0,1
2026-09-22T18:37:11.6323993Z + for f in /proc/irq/[0-9]*/smp_affinity_list
2026-09-22T18:37:11.6324383Z + irq=46/smp_affinity_list
2026-09-22T18:37:11.6324621Z + irq=46
2026-09-22T18:37:11.6324800Z + [[ -n '' ]]
2026-09-22T18:37:11.6324989Z + echo 0,1
2026-09-22T18:37:11.6325205Z + for f in /proc/irq/[0-9]*/smp_affinity_list
2026-09-22T18:37:11.6325509Z + irq=47/smp_affinity_list
2026-09-22T18:37:11.6325740Z + irq=47
2026-09-22T18:37:11.6325914Z + [[ -n '' ]]
2026-09-22T18:37:11.6326102Z + echo 0,1
2026-09-22T18:37:11.6326319Z + for f in /proc/irq/[0-9]*/smp_affinity_list
2026-09-22T18:37:11.6326617Z + irq=48/smp_affinity_list
2026-09-22T18:37:11.6326841Z + irq=48
2026-09-22T18:37:11.6327023Z + [[ -n '' ]]
2026-09-22T18:37:11.6327414Z + echo 0,1
2026-09-22T18:37:11.6327646Z + for f in /proc/irq/[0-9]*/smp_affinity_list
2026-09-22T18:37:11.6327945Z + irq=49/smp_affinity_list
2026-09-22T18:37:11.6328175Z + irq=49
2026-09-22T18:37:11.6328349Z + [[ -n '' ]]
2026-09-22T18:37:11.6328535Z + echo 0,1
2026-09-22T18:37:11.6328755Z + for f in /proc/irq/[0-9]*/smp_affinity_list
2026-09-22T18:37:11.6329054Z + irq=5/smp_affinity_list
2026-09-22T18:37:11.6329283Z + irq=5
2026-09-22T18:37:11.6329456Z + [[ -n '' ]]
2026-09-22T18:37:11.6329645Z + echo 0,1
2026-09-22T18:37:11.6329821Z + true
2026-09-22T18:37:11.6330033Z + for f in /proc/irq/[0-9]*/smp_affinity_list
2026-09-22T18:37:11.6330336Z + irq=50/smp_affinity_list
2026-09-22T18:37:11.6330565Z + irq=50
2026-09-22T18:37:11.6330741Z + [[ -n '' ]]
2026-09-22T18:37:11.6330927Z + echo 0,1
2026-09-22T18:37:11.6331146Z + for f in /proc/irq/[0-9]*/smp_affinity_list
2026-09-22T18:37:11.6331447Z + irq=51/smp_affinity_list
2026-09-22T18:37:11.6331676Z + irq=51
2026-09-22T18:37:11.6331858Z + [[ -n '' ]]
2026-09-22T18:37:11.6332051Z + echo 0,1
2026-09-22T18:37:11.6332270Z + for f in /proc/irq/[0-9]*/smp_affinity_list
2026-09-22T18:37:11.6332569Z + irq=52/smp_affinity_list
2026-09-22T18:37:11.6332799Z + irq=52
2026-09-22T18:37:11.6332977Z + [[ -n '' ]]
2026-09-22T18:37:11.6333162Z + echo 0,1
2026-09-22T18:37:11.6333380Z + for f in /proc/irq/[0-9]*/smp_affinity_list
2026-09-22T18:37:11.6333679Z + irq=53/smp_affinity_list
2026-09-22T18:37:11.6333913Z + irq=53
2026-09-22T18:37:11.6334088Z + [[ -n '' ]]
2026-09-22T18:37:11.6334371Z + echo 0,1
2026-09-22T18:37:11.6334588Z + for f in /proc/irq/[0-9]*/smp_affinity_list
2026-09-22T18:37:11.6334885Z + irq=54/smp_affinity_list
2026-09-22T18:37:11.6335115Z + irq=54
2026-09-22T18:37:11.6335288Z + [[ -n '' ]]
2026-09-22T18:37:11.6335472Z + echo 0,1
2026-09-22T18:37:11.6335687Z + for f in /proc/irq/[0-9]*/smp_affinity_list
2026-09-22T18:37:11.6335989Z + irq=55/smp_affinity_list
2026-09-22T18:37:11.6336217Z + irq=55
2026-09-22T18:37:11.6336392Z + [[ -n '' ]]
2026-09-22T18:37:11.6336587Z + echo 0,1
2026-09-22T18:37:11.6336802Z + for f in /proc/irq/[0-9]*/smp_affinity_list
2026-09-22T18:37:11.6337096Z + irq=56/smp_affinity_list
2026-09-22T18:37:11.6337326Z + irq=56
2026-09-22T18:37:11.6337506Z + [[ -n '' ]]
2026-09-22T18:37:11.6337695Z + echo 0,1
2026-09-22T18:37:11.6337910Z + for f in /proc/irq/[0-9]*/smp_affinity_list
2026-09-22T18:37:11.6338213Z + irq=57/smp_affinity_list
2026-09-22T18:37:11.6338672Z + irq=57
2026-09-22T18:37:11.6338849Z + [[ -n '' ]]
2026-09-22T18:37:11.6339035Z + echo 0,1
2026-09-22T18:37:11.6339251Z + for f in /proc/irq/[0-9]*/smp_affinity_list
2026-09-22T18:37:11.6339552Z + irq=58/smp_affinity_list
2026-09-22T18:37:11.6339776Z + irq=58
2026-09-22T18:37:11.6339957Z + [[ -n '' ]]
2026-09-22T18:37:11.6340142Z + echo 0,1
2026-09-22T18:37:11.6340357Z + for f in /proc/irq/[0-9]*/smp_affinity_list
2026-09-22T18:37:11.6340661Z + irq=59/smp_affinity_list
2026-09-22T18:37:11.6340886Z + irq=59
2026-09-22T18:37:11.6341063Z + [[ -n '' ]]
2026-09-22T18:37:11.6341247Z + echo 0,1
2026-09-22T18:37:11.6341470Z + for f in /proc/irq/[0-9]*/smp_affinity_list
2026-09-22T18:37:11.6341767Z + irq=6/smp_affinity_list
2026-09-22T18:37:11.6341989Z + irq=6
2026-09-22T18:37:11.6342167Z + [[ -n '' ]]
2026-09-22T18:37:11.6342356Z + echo 0,1
2026-09-22T18:37:11.6342531Z + true
2026-09-22T18:37:11.6342741Z + for f in /proc/irq/[0-9]*/smp_affinity_list
2026-09-22T18:37:11.6343043Z + irq=60/smp_affinity_list
2026-09-22T18:37:11.6343275Z + irq=60
2026-09-22T18:37:11.6343449Z + [[ -n '' ]]
2026-09-22T18:37:11.6343639Z + echo 0,1
2026-09-22T18:37:11.6343851Z + for f in /proc/irq/[0-9]*/smp_affinity_list
2026-09-22T18:37:11.6344224Z + irq=61/smp_affinity_list
2026-09-22T18:37:11.6344459Z + irq=61
2026-09-22T18:37:11.6344639Z + [[ -n '' ]]
2026-09-22T18:37:11.6344826Z + echo 0,1
2026-09-22T18:37:11.6345041Z + for f in /proc/irq/[0-9]*/smp_affinity_list
2026-09-22T18:37:11.6345344Z + irq=62/smp_affinity_list
2026-09-22T18:37:11.6345572Z + irq=62
2026-09-22T18:37:11.6345746Z + [[ -n '' ]]
2026-09-22T18:37:11.6346129Z + echo 0,1
2026-09-22T18:37:11.6346355Z + for f in /proc/irq/[0-9]*/smp_affinity_list
2026-09-22T18:37:11.6346654Z + irq=63/smp_affinity_list
2026-09-22T18:37:11.6346882Z + irq=63
2026-09-22T18:37:11.6347061Z + [[ -n '' ]]
2026-09-22T18:37:11.6347248Z + echo 0,1
2026-09-22T18:37:11.6347461Z + for f in /proc/irq/[0-9]*/smp_affinity_list
2026-09-22T18:37:11.6347758Z + irq=64/smp_affinity_list
2026-09-22T18:37:11.6347992Z + irq=64
2026-09-22T18:37:11.6348167Z + [[ -n '' ]]
2026-09-22T18:37:11.6348351Z + echo 0,1
2026-09-22T18:37:11.6348566Z + for f in /proc/irq/[0-9]*/smp_affinity_list
2026-09-22T18:37:11.6348861Z + irq=65/smp_affinity_list
2026-09-22T18:37:11.6349086Z + irq=65
2026-09-22T18:37:11.6349261Z + [[ -n '' ]]
2026-09-22T18:37:11.6349451Z + echo 0,1
2026-09-22T18:37:11.6349667Z + for f in /proc/irq/[0-9]*/smp_affinity_list
2026-09-22T18:37:11.6349964Z + irq=66/smp_affinity_list
2026-09-22T18:37:11.6350193Z + irq=66
2026-09-22T18:37:11.6350368Z + [[ -n '' ]]
2026-09-22T18:37:11.6350555Z + echo 0,1
2026-09-22T18:37:11.6350774Z + for f in /proc/irq/[0-9]*/smp_affinity_list
2026-09-22T18:37:11.6351077Z + irq=67/smp_affinity_list
2026-09-22T18:37:11.6351305Z + irq=67
2026-09-22T18:37:11.6351484Z + [[ -n '' ]]
2026-09-22T18:37:11.6351674Z + echo 0,1
2026-09-22T18:37:11.6351892Z + for f in /proc/irq/[0-9]*/smp_affinity_list
2026-09-22T18:37:11.6352191Z + irq=68/smp_affinity_list
2026-09-22T18:37:11.6352424Z + irq=68
2026-09-22T18:37:11.6352602Z + [[ -n '' ]]
2026-09-22T18:37:11.6352789Z + echo 0,1
2026-09-22T18:37:11.6353072Z + for f in /proc/irq/[0-9]*/smp_affinity_list
2026-09-22T18:37:11.6353372Z + irq=69/smp_affinity_list
2026-09-22T18:37:11.6353598Z + irq=69
2026-09-22T18:37:11.6353780Z + [[ -n '' ]]
2026-09-22T18:37:11.6353966Z + echo 0,1
2026-09-22T18:37:11.6354266Z + for f in /proc/irq/[0-9]*/smp_affinity_list
2026-09-22T18:37:11.6354571Z + irq=7/smp_affinity_list
2026-09-22T18:37:11.6354793Z + irq=7
2026-09-22T18:37:11.6354968Z + [[ -n '' ]]
2026-09-22T18:37:11.6355152Z + echo 0,1
2026-09-22T18:37:11.6355337Z + true
2026-09-22T18:37:11.6355549Z + for f in /proc/irq/[0-9]*/smp_affinity_list
2026-09-22T18:37:11.6355846Z + irq=70/smp_affinity_list
2026-09-22T18:37:11.6356076Z + irq=70
2026-09-22T18:37:11.6356251Z + [[ -n '' ]]
2026-09-22T18:37:11.6356436Z + echo 0,1
2026-09-22T18:37:11.6356651Z + for f in /proc/irq/[0-9]*/smp_affinity_list
2026-09-22T18:37:11.6356953Z + irq=71/smp_affinity_list
2026-09-22T18:37:11.6357417Z + irq=71
2026-09-22T18:37:11.6357596Z + [[ -n '' ]]
2026-09-22T18:37:11.6357784Z + echo 0,1
2026-09-22T18:37:11.6357995Z + for f in /proc/irq/[0-9]*/smp_affinity_list
2026-09-22T18:37:11.6358292Z + irq=72/smp_affinity_list
2026-09-22T18:37:11.6358517Z + irq=72
2026-09-22T18:37:11.6358696Z + [[ -n '' ]]
2026-09-22T18:37:11.6358879Z + echo 0,1
2026-09-22T18:37:11.6359092Z + for f in /proc/irq/[0-9]*/smp_affinity_list
2026-09-22T18:37:11.6359392Z + irq=73/smp_affinity_list
2026-09-22T18:37:11.6359620Z + irq=73
2026-09-22T18:37:11.6359794Z + [[ -n '' ]]
2026-09-22T18:37:11.6359977Z + echo 0,1
2026-09-22T18:37:11.6360200Z + for f in /proc/irq/[0-9]*/smp_affinity_list
2026-09-22T18:37:11.6360499Z + irq=74/smp_affinity_list
2026-09-22T18:37:11.6360727Z + irq=74
2026-09-22T18:37:11.6360905Z + [[ -n '' ]]
2026-09-22T18:37:11.6361089Z + echo 0,1
2026-09-22T18:37:11.6361302Z + for f in /proc/irq/[0-9]*/smp_affinity_list
2026-09-22T18:37:11.6361600Z + irq=75/smp_affinity_list
2026-09-22T18:37:11.6361835Z + irq=75
2026-09-22T18:37:11.6362008Z + [[ -n '' ]]
2026-09-22T18:37:11.6362193Z + echo 0,1
2026-09-22T18:37:11.6362411Z + for f in /proc/irq/[0-9]*/smp_affinity_list
2026-09-22T18:37:11.6362712Z + irq=76/smp_affinity_list
2026-09-22T18:37:11.6362941Z + irq=76
2026-09-22T18:37:11.6363118Z + [[ -n '' ]]
2026-09-22T18:37:11.6363312Z + echo 0,1
2026-09-22T18:37:11.6363530Z + for f in /proc/irq/[0-9]*/smp_affinity_list
2026-09-22T18:37:11.6363826Z + irq=77/smp_affinity_list
2026-09-22T18:37:11.6364057Z + irq=77
2026-09-22T18:37:11.6364314Z + [[ -n '' ]]
2026-09-22T18:37:11.6364502Z + echo 0,1
2026-09-22T18:37:11.6364893Z + for f in /proc/irq/[0-9]*/smp_affinity_list
2026-09-22T18:37:11.6365232Z + irq=78/smp_affinity_list
2026-09-22T18:37:11.6365459Z + irq=78
2026-09-22T18:37:11.6365633Z + [[ -n '' ]]
2026-09-22T18:37:11.6365821Z + echo 0,1
2026-09-22T18:37:11.6366035Z + for f in /proc/irq/[0-9]*/smp_affinity_list
2026-09-22T18:37:11.6366332Z + irq=79/smp_affinity_list
2026-09-22T18:37:11.6366557Z + irq=79
2026-09-22T18:37:11.6366746Z + [[ -n '' ]]
2026-09-22T18:37:11.6366932Z + echo 0,1
2026-09-22T18:37:11.6367146Z + for f in /proc/irq/[0-9]*/smp_affinity_list
2026-09-22T18:37:11.6367450Z + irq=8/smp_affinity_list
2026-09-22T18:37:11.6367675Z + irq=8
2026-09-22T18:37:11.6367849Z + [[ -n '' ]]
2026-09-22T18:37:11.6368035Z + echo 0,1
2026-09-22T18:37:11.6368214Z + true
2026-09-22T18:37:11.6368324Z + for f in /proc/irq/[0-9]*/smp_affinity_list
2026-09-22T18:37:11.6368416Z + irq=80/smp_affinity_list
2026-09-22T18:37:11.6368490Z + irq=80
2026-09-22T18:37:11.6368561Z + [[ -n '' ]]
2026-09-22T18:37:11.6368638Z + echo 0,1
2026-09-22T18:37:11.6368755Z + for f in /proc/irq/[0-9]*/smp_affinity_list
2026-09-22T18:37:11.6368842Z + irq=81/smp_affinity_list
2026-09-22T18:37:11.6368919Z + irq=81
2026-09-22T18:37:11.6368996Z + [[ -n '' ]]
2026-09-22T18:37:11.6369068Z + echo 0,1
2026-09-22T18:37:11.6369181Z + for f in /proc/irq/[0-9]*/smp_affinity_list
2026-09-22T18:37:11.6369271Z + irq=82/smp_affinity_list
2026-09-22T18:37:11.6369349Z + irq=82
2026-09-22T18:37:11.6369426Z + [[ -n '' ]]
2026-09-22T18:37:11.6369503Z + echo 0,1
2026-09-22T18:37:11.6369613Z + for f in /proc/irq/[0-9]*/smp_affinity_list
2026-09-22T18:37:11.6369702Z + irq=83/smp_affinity_list
2026-09-22T18:37:11.6369777Z + irq=83
2026-09-22T18:37:11.6369850Z + [[ -n '' ]]
2026-09-22T18:37:11.6369926Z + echo 0,1
2026-09-22T18:37:11.6370037Z + for f in /proc/irq/[0-9]*/smp_affinity_list
2026-09-22T18:37:11.6370125Z + irq=84/smp_affinity_list
2026-09-22T18:37:11.6370200Z + irq=84
2026-09-22T18:37:11.6370276Z + [[ -n '' ]]
2026-09-22T18:37:11.6370348Z + echo 0,1
2026-09-22T18:37:11.6370465Z + for f in /proc/irq/[0-9]*/smp_affinity_list
2026-09-22T18:37:11.6370555Z + irq=85/smp_affinity_list
2026-09-22T18:37:11.6370627Z + irq=85
2026-09-22T18:37:11.6370706Z + [[ -n '' ]]
2026-09-22T18:37:11.6370779Z + echo 0,1
2026-09-22T18:37:11.6370892Z + for f in /proc/irq/[0-9]*/smp_affinity_list
2026-09-22T18:37:11.6370981Z + irq=86/smp_affinity_list
2026-09-22T18:37:11.6371052Z + irq=86
2026-09-22T18:37:11.6371342Z + [[ -n '' ]]
2026-09-22T18:37:11.6371418Z + echo 0,1
2026-09-22T18:37:11.6371526Z + for f in /proc/irq/[0-9]*/smp_affinity_list
2026-09-22T18:37:11.6371617Z + irq=87/smp_affinity_list
2026-09-22T18:37:11.6371691Z + irq=87
2026-09-22T18:37:11.6371769Z + [[ -n '' ]]
2026-09-22T18:37:11.6379235Z + echo 0,1
2026-09-22T18:37:11.6379436Z + for f in /proc/irq/[0-9]*/smp_affinity_list
2026-09-22T18:37:11.6379526Z + irq=88/smp_affinity_list
2026-09-22T18:37:11.6379603Z + irq=88
2026-09-22T18:37:11.6379683Z + [[ -n '' ]]
2026-09-22T18:37:11.6379754Z + echo 0,1
2026-09-22T18:37:11.6379889Z + for f in /proc/irq/[0-9]*/smp_affinity_list
2026-09-22T18:37:11.6379981Z + irq=89/smp_affinity_list
2026-09-22T18:37:11.6380051Z + irq=89
2026-09-22T18:37:11.6380129Z + [[ -n '' ]]
2026-09-22T18:37:11.6380203Z + echo 0,1
2026-09-22T18:37:11.6380312Z + for f in /proc/irq/[0-9]*/smp_affinity_list
2026-09-22T18:37:11.6380403Z + irq=9/smp_affinity_list
2026-09-22T18:37:11.6380477Z + irq=9
2026-09-22T18:37:11.6380557Z + [[ -n '' ]]
2026-09-22T18:37:11.6380632Z + echo 0,1
2026-09-22T18:37:11.6380701Z + true
2026-09-22T18:37:11.6380815Z + for f in /proc/irq/[0-9]*/smp_affinity_list
2026-09-22T18:37:11.6380904Z + irq=90/smp_affinity_list
2026-09-22T18:37:11.6380975Z + irq=90
2026-09-22T18:37:11.6381051Z + [[ -n '' ]]
2026-09-22T18:37:11.6381127Z + echo 0,1
2026-09-22T18:37:11.6381235Z + for f in /proc/irq/[0-9]*/smp_affinity_list
2026-09-22T18:37:11.6381323Z + irq=91/smp_affinity_list
2026-09-22T18:37:11.6381398Z + irq=91
2026-09-22T18:37:11.6381469Z + [[ -n '' ]]
2026-09-22T18:37:11.6381544Z + echo 0,1
2026-09-22T18:37:11.6381945Z + for f in /proc/irq/[0-9]*/smp_affinity_list
2026-09-22T18:37:11.6382039Z + irq=92/smp_affinity_list
2026-09-22T18:37:11.6382114Z + irq=92
2026-09-22T18:37:11.6382191Z + [[ -n '' ]]
2026-09-22T18:37:11.6382263Z + echo 0,1
2026-09-22T18:37:11.6382377Z + for f in /proc/irq/[0-9]*/smp_affinity_list
2026-09-22T18:37:11.6382466Z + irq=93/smp_affinity_list
2026-09-22T18:37:11.6382536Z + irq=93
2026-09-22T18:37:11.6382616Z + [[ -n '' ]]
2026-09-22T18:37:11.6382691Z + echo 0,1
2026-09-22T18:37:11.6382798Z + for f in /proc/irq/[0-9]*/smp_affinity_list
2026-09-22T18:37:11.6382887Z + irq=94/smp_affinity_list
2026-09-22T18:37:11.6382962Z + irq=94
2026-09-22T18:37:11.6383032Z + [[ -n '' ]]
2026-09-22T18:37:11.6383107Z + echo 0,1
2026-09-22T18:37:11.6383192Z + command -v python3
2026-09-22T18:37:11.6383277Z ++ expand_cpulist 0,1
2026-09-22T18:37:11.6383353Z ++ [[ -n 0,1 ]]
2026-09-22T18:37:11.6383440Z ++ local parts part
2026-09-22T18:37:11.6383513Z ++ IFS=,
2026-09-22T18:37:11.6383594Z ++ read -ra parts
2026-09-22T18:37:11.6383824Z ++ python3 -c 'import sys; print(f"{sum(1 << int(l) for l in sys.stdin):x}")'
2026-09-22T18:37:11.6383917Z ++ for part in "${parts[@]}"
2026-09-22T18:37:11.6383992Z ++ seq 0 0
2026-09-22T18:37:11.6384079Z ++ for part in "${parts[@]}"
2026-09-22T18:37:11.6384237Z ++ seq 1 1
2026-09-22T18:37:11.6463784Z + wq_mask=3
2026-09-22T18:37:11.6463954Z + sysfs_write /sys/devices/virtual/workqueue/cpumask 3
2026-09-22T18:37:11.6464043Z + [[ -n 3 ]]
2026-09-22T18:37:11.6464232Z + [[ -w /sys/devices/virtual/workqueue/cpumask ]]
2026-09-22T18:37:11.6464311Z + echo 3
2026-09-22T18:37:11.6470198Z + mkdir -p /etc/systemd/system.conf.d
2026-09-22T18:37:11.6480065Z + cat
2026-09-22T18:37:11.6488582Z + systemctl daemon-reexec
2026-09-22T18:37:12.3755594Z + cat
2026-09-22T18:37:12.3764500Z + chmod 0644 /tmp/vortex-benchmark.env
2026-09-22T18:37:12.3937771Z ##[group]Run CodSpeedHQ/action@4296e51e7041e24dadb86d1d6e8b9320d223dbe8
2026-09-22T18:37:12.3938220Z with:
2026-09-22T18:37:12.3938548Z   run: bash scripts/bench-taskset.sh cargo codspeed run -- '.*::neon::'
2026-09-22T18:37:12.3939267Z   token: ***
2026-09-22T18:37:12.3939492Z   mode: walltime
2026-09-22T18:37:12.3939712Z   cache-instruments: true
2026-09-22T18:37:12.3940005Z   instruments-cache-dir: ~/.cache/codspeed-action
2026-09-22T18:37:12.3940329Z   allow-empty: false
2026-09-22T18:37:12.3940577Z   skip-hash-check-warning: false
2026-09-22T18:37:12.3941154Z env:
2026-09-22T18:37:12.3941344Z   CARGO_TERM_COLOR: always
2026-09-22T18:37:12.3941582Z   RUST_BACKTRACE: 1
2026-09-22T18:37:12.3941819Z   NIGHTLY_TOOLCHAIN: nightly-2026-09-10
2026-09-22T18:37:12.3942130Z   RUNNER_TOOL_CACHE: /opt/hostedtoolcache
2026-09-22T18:37:12.3942427Z   RUNS_ON_HOME: /runs-on
2026-09-22T18:37:12.3942667Z   RUNS_ON_VERSION: v3.3.0
2026-09-22T18:37:12.3942950Z   RUNS_ON_AGENT_BINARY: /runs-on/agent
2026-09-22T18:37:12.3943237Z   RUNS_ON_AGENT_ARCH: arm64
2026-09-22T18:37:12.3943488Z   RUNS_ON_AGENT_USER: runner
2026-09-22T18:37:12.3943758Z   RUNS_ON_AMI_ID: ami-098c62767651982c5
2026-09-22T18:37:12.3944047Z   RUNS_ON_AWS_REGION: us-east-1
2026-09-22T18:37:12.3944407Z   RUNS_ON_AWS_AZ: us-east-1b
2026-09-22T18:37:12.3944695Z   RUNS_ON_ENV_CUSTOM_FILE: /runs-on/env.custom
2026-09-22T18:37:12.3945029Z   RUNS_ON_INSTANCE_ID: i-0fc031b4ed11e29c7
2026-09-22T18:37:12.3945333Z   RUNS_ON_INSTANCE_LIFECYCLE: spot
2026-09-22T18:37:12.3945618Z   RUNS_ON_INSTANCE_TYPE: c7g.metal
2026-09-22T18:37:12.3945904Z   RUNS_ON_STACK_NAME: runs-on-v3
2026-09-22T18:37:12.3946263Z   RUNS_ON_S3_BUCKET_CACHE: runs-on-v3-s3bucketcache-dbnub4tpjhpv
2026-09-22T18:37:12.3946688Z   ACTIONS_RUNNER_HOOK_JOB_STARTED: /runs-on/pre.sh
2026-09-22T18:37:12.3947070Z   ACTIONS_RUNNER_HOOK_JOB_COMPLETED: /runs-on/post.sh
2026-09-22T18:37:12.3947436Z   GITHUB_SERVER_URL: https://github.com/
2026-09-22T18:37:12.3947766Z   GITHUB_API_URL: https://api.github.com/
2026-09-22T18:37:12.3948072Z   GITHUB_HOST: github.com
2026-09-22T18:37:12.3948399Z   RUNS_ON_RUNNER_NAME: runs-on--i-0fc031b4ed11e29c7--71856e34-e
2026-09-22T18:37:12.3948807Z   RUNS_ON_INSTANCE_LAUNCHED_AT: 2026-09-22T18:36:01Z
2026-09-22T18:37:12.3949163Z   ACTIONS_CACHE_URL: http://10.1.30.119:6871/
2026-09-22T18:37:12.3949479Z   ACTIONS_CACHE_SERVICE_V2: true
2026-09-22T18:37:12.3949773Z   ACTIONS_RESULTS_URL: http://10.1.30.119:6871/
2026-09-22T18:37:12.3950168Z   RUNS_ON_S3_CACHE_REPO_PREFIX: cache/repo/vortex-data/vortex
2026-09-22T18:37:12.3950554Z   RUNS_ON_ACTION_COST_TRACKING_CLAIMED: true
2026-09-22T18:37:12.3950869Z   RUSTUP_TOOLCHAIN: 1.98.0
2026-09-22T18:37:12.3951124Z   DIVAN_SAMPLE_COUNT: 1000
2026-09-22T18:37:12.3951360Z ##[endgroup]
2026-09-22T18:37:12.3956713Z ##[start-action display=Determine runner and kernel version;id=__CodSpeedHQ_action.versions]
2026-09-22T18:37:12.3972943Z ##[group]Run RUNNER_VERSION=""
2026-09-22T18:37:12.3973257Z [36;1mRUNNER_VERSION=""[0m
2026-09-22T18:37:12.3973553Z [36;1mif [ -z "$RUNNER_VERSION" ]; then[0m
2026-09-22T18:37:12.3973991Z [36;1m  RUNNER_VERSION=$(cat $GITHUB_ACTION_PATH/.codspeed-runner-version)[0m
2026-09-22T18:37:12.3974514Z [36;1mfi[0m
2026-09-22T18:37:12.3974813Z [36;1m# Strip 'v' prefix if present to normalize version format[0m
2026-09-22T18:37:12.3975216Z [36;1mRUNNER_VERSION="${RUNNER_VERSION#v}"[0m
2026-09-22T18:37:12.3975511Z [36;1m[0m
2026-09-22T18:37:12.3975877Z [36;1m# Detect version type (priority: latest > version number > branch/rev prefixes)[0m
2026-09-22T18:37:12.3976379Z [36;1mif [ "$RUNNER_VERSION" = "latest" ]; then[0m
2026-09-22T18:37:12.3976702Z [36;1m  VERSION_TYPE="latest"[0m
2026-09-22T18:37:12.3977100Z [36;1melif echo "$RUNNER_VERSION" | grep -qE '^[0-9]+\.[0-9]+\.[0-9]+-'; then[0m
2026-09-22T18:37:12.3977526Z [36;1m  VERSION_TYPE="prerelease"[0m
2026-09-22T18:37:12.3977928Z [36;1melif echo "$RUNNER_VERSION" | grep -qE '^[0-9]+\.[0-9]+\.[0-9]+'; then[0m
2026-09-22T18:37:12.3978585Z [36;1m  VERSION_TYPE="release"[0m
2026-09-22T18:37:12.3978955Z [36;1melif echo "$RUNNER_VERSION" | grep -q '^branch:'; then[0m
2026-09-22T18:37:12.3979323Z [36;1m  VERSION_TYPE="branch"[0m
2026-09-22T18:37:12.3979715Z [36;1m  RUNNER_VERSION=$(echo "$RUNNER_VERSION" | sed 's/^branch://')[0m
2026-09-22T18:37:12.3980180Z [36;1melif echo "$RUNNER_VERSION" | grep -q '^rev:'; then[0m
2026-09-22T18:37:12.3980534Z [36;1m  VERSION_TYPE="rev"[0m
2026-09-22T18:37:12.3980886Z [36;1m  RUNNER_VERSION=$(echo "$RUNNER_VERSION" | sed 's/^rev://')[0m
2026-09-22T18:37:12.3981265Z [36;1melse[0m
2026-09-22T18:37:12.3981640Z [36;1m  # Default to release version[0m
2026-09-22T18:37:12.3981934Z [36;1m  VERSION_TYPE="release"[0m
2026-09-22T18:37:12.3982196Z [36;1mfi[0m
2026-09-22T18:37:12.3982386Z [36;1m[0m
2026-09-22T18:37:12.3982674Z [36;1mecho "runner-version=$RUNNER_VERSION" >> $GITHUB_OUTPUT[0m
2026-09-22T18:37:12.3983129Z [36;1mecho "version-type=$VERSION_TYPE" >> $GITHUB_OUTPUT[0m
2026-09-22T18:37:12.3983483Z [36;1m[0m
2026-09-22T18:37:12.3983704Z [36;1m# Get kernel version for cache key[0m
2026-09-22T18:37:12.3984025Z [36;1mKERNEL_VERSION=$(uname -r)[0m
2026-09-22T18:37:12.3984469Z [36;1mecho "kernel-version=$KERNEL_VERSION" >> $GITHUB_OUTPUT[0m
2026-09-22T18:37:12.3984828Z [36;1m[0m
2026-09-22T18:37:12.3985157Z [36;1m# Normalize mode for cache key (commas are not allowed in cache keys)[0m
2026-09-22T18:37:12.3985641Z [36;1mMODE_CACHE_KEY=$(echo "walltime" | tr ',' '-')[0m
2026-09-22T18:37:12.3986063Z [36;1mecho "mode-cache-key=$MODE_CACHE_KEY" >> $GITHUB_OUTPUT[0m
2026-09-22T18:37:12.4009031Z shell: /usr/bin/bash --noprofile --norc -e -o pipefail {0}
2026-09-22T18:37:12.4009384Z env:
2026-09-22T18:37:12.4009579Z   CARGO_TERM_COLOR: always
2026-09-22T18:37:12.4009819Z   RUST_BACKTRACE: 1
2026-09-22T18:37:12.4010057Z   NIGHTLY_TOOLCHAIN: nightly-2026-09-10
2026-09-22T18:37:12.4010369Z   RUNNER_TOOL_CACHE: /opt/hostedtoolcache
2026-09-22T18:37:12.4010662Z   RUNS_ON_HOME: /runs-on
2026-09-22T18:37:12.4010911Z   RUNS_ON_VERSION: v3.3.0
2026-09-22T18:37:12.4011171Z   RUNS_ON_AGENT_BINARY: /runs-on/agent
2026-09-22T18:37:12.4011456Z   RUNS_ON_AGENT_ARCH: arm64
2026-09-22T18:37:12.4011705Z   RUNS_ON_AGENT_USER: runner
2026-09-22T18:37:12.4011970Z   RUNS_ON_AMI_ID: ami-098c62767651982c5
2026-09-22T18:37:12.4012258Z   RUNS_ON_AWS_REGION: us-east-1
2026-09-22T18:37:12.4012519Z   RUNS_ON_AWS_AZ: us-east-1b
2026-09-22T18:37:12.4012797Z   RUNS_ON_ENV_CUSTOM_FILE: /runs-on/env.custom
2026-09-22T18:37:12.4013129Z   RUNS_ON_INSTANCE_ID: i-0fc031b4ed11e29c7
2026-09-22T18:37:12.4013442Z   RUNS_ON_INSTANCE_LIFECYCLE: spot
2026-09-22T18:37:12.4013721Z   RUNS_ON_INSTANCE_TYPE: c7g.metal
2026-09-22T18:37:12.4014000Z   RUNS_ON_STACK_NAME: runs-on-v3
2026-09-22T18:37:12.4014568Z   RUNS_ON_S3_BUCKET_CACHE: runs-on-v3-s3bucketcache-dbnub4tpjhpv
2026-09-22T18:37:12.4014994Z   ACTIONS_RUNNER_HOOK_JOB_STARTED: /runs-on/pre.sh
2026-09-22T18:37:12.4015373Z   ACTIONS_RUNNER_HOOK_JOB_COMPLETED: /runs-on/post.sh
2026-09-22T18:37:12.4015736Z   GITHUB_SERVER_URL: https://github.com/
2026-09-22T18:37:12.4016059Z   GITHUB_API_URL: https://api.github.com/
2026-09-22T18:37:12.4016360Z   GITHUB_HOST: github.com
2026-09-22T18:37:12.4016684Z   RUNS_ON_RUNNER_NAME: runs-on--i-0fc031b4ed11e29c7--71856e34-e
2026-09-22T18:37:12.4017091Z   RUNS_ON_INSTANCE_LAUNCHED_AT: 2026-09-22T18:36:01Z
2026-09-22T18:37:12.4017443Z   ACTIONS_CACHE_URL: http://10.1.30.119:6871/
2026-09-22T18:37:12.4017755Z   ACTIONS_CACHE_SERVICE_V2: true
2026-09-22T18:37:12.4018052Z   ACTIONS_RESULTS_URL: http://10.1.30.119:6871/
2026-09-22T18:37:12.4018450Z   RUNS_ON_S3_CACHE_REPO_PREFIX: cache/repo/vortex-data/vortex
2026-09-22T18:37:12.4018843Z   RUNS_ON_ACTION_COST_TRACKING_CLAIMED: true
2026-09-22T18:37:12.4019147Z   RUSTUP_TOOLCHAIN: 1.98.0
2026-09-22T18:37:12.4019394Z   DIVAN_SAMPLE_COUNT: 1000
2026-09-22T18:37:12.4019633Z ##[endgroup]
2026-09-22T18:37:12.4181557Z ##[end-action id=__CodSpeedHQ_action.versions;outcome=success;conclusion=success;duration_ms=22]
2026-09-22T18:37:12.4184075Z ##[start-action display=Cache CodSpeed instruments;id=__CodSpeedHQ_action.__actions_cache]
2026-09-22T18:37:12.4221285Z ##[group]Run actions/cache@668228422ae6a00e4ad889ee87cd7109ec5666a7
2026-09-22T18:37:12.4221658Z with:
2026-09-22T18:37:12.4221869Z   path: ~/.cache/codspeed-action
2026-09-22T18:37:12.4222275Z   key: codspeed-instruments-walltime-Linux-ARM64-6.17.0-1019-aws-5.0.2
2026-09-22T18:37:12.4222858Z   restore-keys: codspeed-instruments-walltime-Linux-ARM64-6.17.0-1019-aws-

2026-09-22T18:37:12.4223318Z   enableCrossOsArchive: false
2026-09-22T18:37:12.4223818Z   fail-on-cache-miss: false
2026-09-22T18:37:12.4224069Z   lookup-only: false
2026-09-22T18:37:12.4224537Z   save-always: false
2026-09-22T18:37:12.4224748Z env:
2026-09-22T18:37:12.4224938Z   CARGO_TERM_COLOR: always
2026-09-22T18:37:12.4225173Z   RUST_BACKTRACE: 1
2026-09-22T18:37:12.4225426Z   NIGHTLY_TOOLCHAIN: nightly-2026-09-10
2026-09-22T18:37:12.4225736Z   RUNNER_TOOL_CACHE: /opt/hostedtoolcache
2026-09-22T18:37:12.4226034Z   RUNS_ON_HOME: /runs-on
2026-09-22T18:37:12.4226271Z   RUNS_ON_VERSION: v3.3.0
2026-09-22T18:37:12.4226525Z   RUNS_ON_AGENT_BINARY: /runs-on/agent
2026-09-22T18:37:12.4226809Z   RUNS_ON_AGENT_ARCH: arm64
2026-09-22T18:37:12.4227054Z   RUNS_ON_AGENT_USER: runner
2026-09-22T18:37:12.4227313Z   RUNS_ON_AMI_ID: ami-098c62767651982c5
2026-09-22T18:37:12.4227595Z   RUNS_ON_AWS_REGION: us-east-1
2026-09-22T18:37:12.4227855Z   RUNS_ON_AWS_AZ: us-east-1b
2026-09-22T18:37:12.4228129Z   RUNS_ON_ENV_CUSTOM_FILE: /runs-on/env.custom
2026-09-22T18:37:12.4228457Z   RUNS_ON_INSTANCE_ID: i-0fc031b4ed11e29c7
2026-09-22T18:37:12.4228772Z   RUNS_ON_INSTANCE_LIFECYCLE: spot
2026-09-22T18:37:12.4229052Z   RUNS_ON_INSTANCE_TYPE: c7g.metal
2026-09-22T18:37:12.4229327Z   RUNS_ON_STACK_NAME: runs-on-v3
2026-09-22T18:37:12.4229682Z   RUNS_ON_S3_BUCKET_CACHE: runs-on-v3-s3bucketcache-dbnub4tpjhpv
2026-09-22T18:37:12.4230102Z   ACTIONS_RUNNER_HOOK_JOB_STARTED: /runs-on/pre.sh
2026-09-22T18:37:12.4230487Z   ACTIONS_RUNNER_HOOK_JOB_COMPLETED: /runs-on/post.sh
2026-09-22T18:37:12.4230857Z   GITHUB_SERVER_URL: https://github.com/
2026-09-22T18:37:12.4231175Z   GITHUB_API_URL: https://api.github.com/
2026-09-22T18:37:12.4231472Z   GITHUB_HOST: github.com
2026-09-22T18:37:12.4231798Z   RUNS_ON_RUNNER_NAME: runs-on--i-0fc031b4ed11e29c7--71856e34-e
2026-09-22T18:37:12.4232206Z   RUNS_ON_INSTANCE_LAUNCHED_AT: 2026-09-22T18:36:01Z
2026-09-22T18:37:12.4232554Z   ACTIONS_CACHE_URL: http://10.1.30.119:6871/
2026-09-22T18:37:12.4232868Z   ACTIONS_CACHE_SERVICE_V2: true
2026-09-22T18:37:12.4233161Z   ACTIONS_RESULTS_URL: http://10.1.30.119:6871/
2026-09-22T18:37:12.4233555Z   RUNS_ON_S3_CACHE_REPO_PREFIX: cache/repo/vortex-data/vortex
2026-09-22T18:37:12.4233937Z   RUNS_ON_ACTION_COST_TRACKING_CLAIMED: true
2026-09-22T18:37:12.4234904Z   RUSTUP_TOOLCHAIN: 1.98.0
2026-09-22T18:37:12.4235160Z   DIVAN_SAMPLE_COUNT: 1000
2026-09-22T18:37:12.4235391Z ##[endgroup]
2026-09-22T18:37:12.6356408Z Cache not found for input keys: codspeed-instruments-walltime-Linux-ARM64-6.17.0-1019-aws-5.0.2, codspeed-instruments-walltime-Linux-ARM64-6.17.0-1019-aws-
2026-09-22T18:37:12.6405145Z ##[end-action id=__CodSpeedHQ_action.__actions_cache;outcome=success;conclusion=success;duration_ms=222]
2026-09-22T18:37:12.6408287Z ##[start-action display=Lookup installer hash;id=__CodSpeedHQ_action.installer-hash]
2026-09-22T18:37:12.6454037Z ##[group]Run actions/github-script@ed597411d8f924073f98dfc5c65a23a2325f34cd
2026-09-22T18:37:12.6454617Z with:
2026-09-22T18:37:12.6455431Z   script: const hashes = require(`${process.env.GITHUB_ACTION_PATH}/.codspeed-runner-installer-hashes.json`)
const version = process.env.RUNNER_VERSION
core.setOutput('hash', hashes[version] || '')

2026-09-22T18:37:12.6459028Z   github-token: ***
2026-09-22T18:37:12.6459249Z   debug: false
2026-09-22T18:37:12.6459471Z   user-agent: actions/github-script
2026-09-22T18:37:12.6459757Z   result-encoding: json
2026-09-22T18:37:12.6459979Z   retries: 0
2026-09-22T18:37:12.6460461Z   retry-exempt-status-codes: 400,401,403,404,422
2026-09-22T18:37:12.6460820Z env:
2026-09-22T18:37:12.6461016Z   CARGO_TERM_COLOR: always
2026-09-22T18:37:12.6461252Z   RUST_BACKTRACE: 1
2026-09-22T18:37:12.6461485Z   NIGHTLY_TOOLCHAIN: nightly-2026-09-10
2026-09-22T18:37:12.6473712Z   RUNNER_TOOL_CACHE: /opt/hostedtoolcache
2026-09-22T18:37:12.6474031Z   RUNS_ON_HOME: /runs-on
2026-09-22T18:37:12.6474381Z   RUNS_ON_VERSION: v3.3.0
2026-09-22T18:37:12.6474635Z   RUNS_ON_AGENT_BINARY: /runs-on/agent
2026-09-22T18:37:12.6474922Z   RUNS_ON_AGENT_ARCH: arm64
2026-09-22T18:37:12.6475167Z   RUNS_ON_AGENT_USER: runner
2026-09-22T18:37:12.6475695Z   RUNS_ON_AMI_ID: ami-098c62767651982c5
2026-09-22T18:37:12.6475982Z   RUNS_ON_AWS_REGION: us-east-1
2026-09-22T18:37:12.6476237Z   RUNS_ON_AWS_AZ: us-east-1b
2026-09-22T18:37:12.6476512Z   RUNS_ON_ENV_CUSTOM_FILE: /runs-on/env.custom
2026-09-22T18:37:12.6476839Z   RUNS_ON_INSTANCE_ID: i-0fc031b4ed11e29c7
2026-09-22T18:37:12.6477140Z   RUNS_ON_INSTANCE_LIFECYCLE: spot
2026-09-22T18:37:12.6477424Z   RUNS_ON_INSTANCE_TYPE: c7g.metal
2026-09-22T18:37:12.6477704Z   RUNS_ON_STACK_NAME: runs-on-v3
2026-09-22T18:37:12.6478056Z   RUNS_ON_S3_BUCKET_CACHE: runs-on-v3-s3bucketcache-dbnub4tpjhpv
2026-09-22T18:37:12.6478476Z   ACTIONS_RUNNER_HOOK_JOB_STARTED: /runs-on/pre.sh
2026-09-22T18:37:12.6478853Z   ACTIONS_RUNNER_HOOK_JOB_COMPLETED: /runs-on/post.sh
2026-09-22T18:37:12.6479217Z   GITHUB_SERVER_URL: https://github.com/
2026-09-22T18:37:12.6479537Z   GITHUB_API_URL: https://api.github.com/
2026-09-22T18:37:12.6479833Z   GITHUB_HOST: github.com
2026-09-22T18:37:12.6480161Z   RUNS_ON_RUNNER_NAME: runs-on--i-0fc031b4ed11e29c7--71856e34-e
2026-09-22T18:37:12.6480578Z   RUNS_ON_INSTANCE_LAUNCHED_AT: 2026-09-22T18:36:01Z
2026-09-22T18:37:12.6480931Z   ACTIONS_CACHE_URL: http://10.1.30.119:6871/
2026-09-22T18:37:12.6481246Z   ACTIONS_CACHE_SERVICE_V2: true
2026-09-22T18:37:12.6481542Z   ACTIONS_RESULTS_URL: http://10.1.30.119:6871/
2026-09-22T18:37:12.6481936Z   RUNS_ON_S3_CACHE_REPO_PREFIX: cache/repo/vortex-data/vortex
2026-09-22T18:37:12.6482326Z   RUNS_ON_ACTION_COST_TRACKING_CLAIMED: true
2026-09-22T18:37:12.6482631Z   RUSTUP_TOOLCHAIN: 1.98.0
2026-09-22T18:37:12.6482876Z   DIVAN_SAMPLE_COUNT: 1000
2026-09-22T18:37:12.6483120Z   RUNNER_VERSION: 5.0.2
2026-09-22T18:37:12.6483343Z ##[endgroup]
2026-09-22T18:37:12.7277915Z ##[end-action id=__CodSpeedHQ_action.installer-hash;outcome=success;conclusion=success;duration_ms=86]
2026-09-22T18:37:12.7280330Z ##[start-action display=Install CodSpeed runner;id=__CodSpeedHQ_action.__run]
2026-09-22T18:37:12.7297312Z ##[group]Run RUNNER_VERSION="5.0.2"
2026-09-22T18:37:12.7297686Z [36;1mRUNNER_VERSION="5.0.2"[0m
2026-09-22T18:37:12.7297952Z [36;1mVERSION_TYPE="release"[0m
2026-09-22T18:37:12.7298200Z [36;1m[0m
2026-09-22T18:37:12.7298412Z [36;1mSKIP_HASH_CHECK_WARNING="false"[0m
2026-09-22T18:37:12.7298688Z [36;1m[0m
2026-09-22T18:37:12.7298910Z [36;1mif [ "$VERSION_TYPE" = "latest" ]; then[0m
2026-09-22T18:37:12.7299294Z [36;1m  if [ "$SKIP_HASH_CHECK_WARNING" != "true" ]; then[0m
2026-09-22T18:37:12.7300061Z [36;1m    echo "::warning::Hash verification is not available when using 'latest' version. Consider pinning a specific version for supply chain security."[0m
2026-09-22T18:37:12.7300763Z [36;1m  fi[0m
2026-09-22T18:37:12.7301112Z [36;1m  curl -fsSL https://codspeed.io/install.sh | bash -s -- --quiet[0m
2026-09-22T18:37:12.7301571Z [36;1melif [ "$VERSION_TYPE" = "prerelease" ]; then[0m
2026-09-22T18:37:12.7302137Z [36;1m  # Prereleases are not pinned, so install from the versioned installer without hash verification.[0m
2026-09-22T18:37:12.7302726Z [36;1m  if [ "$SKIP_HASH_CHECK_WARNING" != "true" ]; then[0m
2026-09-22T18:37:12.7303288Z [36;1m    echo "::warning::Hash verification is not available for prerelease version $RUNNER_VERSION."[0m
2026-09-22T18:37:12.7303789Z [36;1m  fi[0m
2026-09-22T18:37:12.7304329Z [36;1m  curl -fsSL "https://codspeed.io/v$RUNNER_VERSION/install.sh" | bash -s -- --quiet[0m
2026-09-22T18:37:12.7305128Z [36;1melif [ "$VERSION_TYPE" = "branch" ]; then[0m
2026-09-22T18:37:12.7305512Z [36;1m  # Install from specific branch using cargo[0m
2026-09-22T18:37:12.7305899Z [36;1m  if [ "$SKIP_HASH_CHECK_WARNING" != "true" ]; then[0m
2026-09-22T18:37:12.7306427Z [36;1m    echo "::warning::Hash verification is not available when installing from a branch."[0m
2026-09-22T18:37:12.7306897Z [36;1m  fi[0m
2026-09-22T18:37:12.7307106Z [36;1m  source $HOME/.cargo/env[0m
2026-09-22T18:37:12.7307687Z [36;1m  cargo install --locked --git https://github.com/CodSpeedHQ/codspeed --branch "$RUNNER_VERSION" codspeed-runner[0m
2026-09-22T18:37:12.7308504Z [36;1melif [ "$VERSION_TYPE" = "rev" ]; then[0m
2026-09-22T18:37:12.7308870Z [36;1m  # Install from specific commit/rev using cargo[0m
2026-09-22T18:37:12.7309263Z [36;1m  if [ "$SKIP_HASH_CHECK_WARNING" != "true" ]; then[0m
2026-09-22T18:37:12.7309802Z [36;1m    echo "::warning::Hash verification is not available when installing from a revision."[0m
2026-09-22T18:37:12.7310281Z [36;1m  fi[0m
2026-09-22T18:37:12.7310490Z [36;1m  source $HOME/.cargo/env[0m
2026-09-22T18:37:12.7311059Z [36;1m  cargo install --locked --git https://github.com/CodSpeedHQ/codspeed --rev "$RUNNER_VERSION" codspeed-runner[0m
2026-09-22T18:37:12.7311631Z [36;1melse[0m
2026-09-22T18:37:12.7311933Z [36;1m  # Release version - download to temp file and verify hash[0m
2026-09-22T18:37:12.7312435Z [36;1m  INSTALLER_URL="https://codspeed.io/v$RUNNER_VERSION/install.sh"[0m
2026-09-22T18:37:12.7312874Z [36;1m  INSTALLER_TMP=$(mktemp)[0m
2026-09-22T18:37:12.7313172Z [36;1m  trap "rm -f $INSTALLER_TMP" EXIT[0m
2026-09-22T18:37:12.7313466Z [36;1m[0m
2026-09-22T18:37:12.7313666Z [36;1m  CURL_ERR=$(mktemp)[0m
2026-09-22T18:37:12.7314254Z [36;1m  if ! HTTP_CODE=$(curl -sSL -o "$INSTALLER_TMP" -w "%{http_code}" "$INSTALLER_URL" 2>"$CURL_ERR"); then[0m
2026-09-22T18:37:12.7315205Z [36;1m    echo "::error title=Failed to install CodSpeed CLI::Installation of CodSpeed CLI with version $RUNNER_VERSION failed.%0AReason: $(cat "$CURL_ERR")"[0m
2026-09-22T18:37:12.7315909Z [36;1m    exit 1[0m
2026-09-22T18:37:12.7316116Z [36;1m  fi[0m
2026-09-22T18:37:12.7316343Z [36;1m  if [ "$HTTP_CODE" -ge 400 ]; then[0m
2026-09-22T18:37:12.7316675Z [36;1m    error_body=$(cat "$INSTALLER_TMP")[0m
2026-09-22T18:37:12.7317519Z [36;1m    echo "::error title=Failed to install CodSpeed CLI::Installation of CodSpeed CLI with version $RUNNER_VERSION failed.%0AReason: HTTP $HTTP_CODE - ${error_body:-no response body}"[0m
2026-09-22T18:37:12.7318334Z [36;1m    exit 1[0m
2026-09-22T18:37:12.7318552Z [36;1m  fi[0m
2026-09-22T18:37:12.7318744Z [36;1m[0m
2026-09-22T18:37:12.7319135Z [36;1m  EXPECTED_HASH="4ea0e3b0425e01498ff1b70fba78228eedb4dd58efb6093360776fc6e4eae1a9"[0m
2026-09-22T18:37:12.7319644Z [36;1m  if [ -z "$EXPECTED_HASH" ]; then[0m
2026-09-22T18:37:12.7320291Z [36;1m    echo "::error::No pinned hash found for installer version $RUNNER_VERSION. Update .codspeed-runner-installer-hashes.json."[0m
2026-09-22T18:37:12.7320922Z [36;1m    exit 1[0m
2026-09-22T18:37:12.7321136Z [36;1m  fi[0m
2026-09-22T18:37:12.7321329Z [36;1m[0m
2026-09-22T18:37:12.7321624Z [36;1m  ACTUAL_HASH=$(sha256sum "$INSTALLER_TMP" | awk '{print $1}')[0m
2026-09-22T18:37:12.7322063Z [36;1m  if [ "$ACTUAL_HASH" != "$EXPECTED_HASH" ]; then[0m
2026-09-22T18:37:12.7322700Z [36;1m    echo "::error::Installer hash mismatch for version $RUNNER_VERSION. Expected: $EXPECTED_HASH, Got: $ACTUAL_HASH"[0m
2026-09-22T18:37:12.7323274Z [36;1m    exit 1[0m
2026-09-22T18:37:12.7323484Z [36;1m  fi[0m
2026-09-22T18:37:12.7323799Z [36;1m  echo "Installer hash verified for version $RUNNER_VERSION"[0m
2026-09-22T18:37:12.7324223Z [36;1m[0m
2026-09-22T18:37:12.7324438Z [36;1m  bash "$INSTALLER_TMP" --quiet[0m
2026-09-22T18:37:12.7324715Z [36;1mfi[0m
2026-09-22T18:37:12.7347400Z shell: /usr/bin/bash --noprofile --norc -e -o pipefail {0}
2026-09-22T18:37:12.7347750Z env:
2026-09-22T18:37:12.7347943Z   CARGO_TERM_COLOR: always
2026-09-22T18:37:12.7348331Z   RUST_BACKTRACE: 1
2026-09-22T18:37:12.7348578Z   NIGHTLY_TOOLCHAIN: nightly-2026-09-10
2026-09-22T18:37:12.7348892Z   RUNNER_TOOL_CACHE: /opt/hostedtoolcache
2026-09-22T18:37:12.7349180Z   RUNS_ON_HOME: /runs-on
2026-09-22T18:37:12.7349415Z   RUNS_ON_VERSION: v3.3.0
2026-09-22T18:37:12.7349667Z   RUNS_ON_AGENT_BINARY: /runs-on/agent
2026-09-22T18:37:12.7349950Z   RUNS_ON_AGENT_ARCH: arm64
2026-09-22T18:37:12.7350199Z   RUNS_ON_AGENT_USER: runner
2026-09-22T18:37:12.7350460Z   RUNS_ON_AMI_ID: ami-098c62767651982c5
2026-09-22T18:37:12.7350747Z   RUNS_ON_AWS_REGION: us-east-1
2026-09-22T18:37:12.7351150Z   RUNS_ON_AWS_AZ: us-east-1b
2026-09-22T18:37:12.7351429Z   RUNS_ON_ENV_CUSTOM_FILE: /runs-on/env.custom
2026-09-22T18:37:12.7351756Z   RUNS_ON_INSTANCE_ID: i-0fc031b4ed11e29c7
2026-09-22T18:37:12.7352056Z   RUNS_ON_INSTANCE_LIFECYCLE: spot
2026-09-22T18:37:12.7352334Z   RUNS_ON_INSTANCE_TYPE: c7g.metal
2026-09-22T18:37:12.7352608Z   RUNS_ON_STACK_NAME: runs-on-v3
2026-09-22T18:37:12.7352968Z   RUNS_ON_S3_BUCKET_CACHE: runs-on-v3-s3bucketcache-dbnub4tpjhpv
2026-09-22T18:37:12.7353390Z   ACTIONS_RUNNER_HOOK_JOB_STARTED: /runs-on/pre.sh
2026-09-22T18:37:12.7353762Z   ACTIONS_RUNNER_HOOK_JOB_COMPLETED: /runs-on/post.sh
2026-09-22T18:37:12.7354123Z   GITHUB_SERVER_URL: https://github.com/
2026-09-22T18:37:12.7355535Z   GITHUB_API_URL: https://api.github.com/
2026-09-22T18:37:12.7355836Z   GITHUB_HOST: github.com
2026-09-22T18:37:12.7356162Z   RUNS_ON_RUNNER_NAME: runs-on--i-0fc031b4ed11e29c7--71856e34-e
2026-09-22T18:37:12.7356571Z   RUNS_ON_INSTANCE_LAUNCHED_AT: 2026-09-22T18:36:01Z
2026-09-22T18:37:12.7356932Z   ACTIONS_CACHE_URL: http://10.1.30.119:6871/
2026-09-22T18:37:12.7357249Z   ACTIONS_CACHE_SERVICE_V2: true
2026-09-22T18:37:12.7357544Z   ACTIONS_RESULTS_URL: http://10.1.30.119:6871/
2026-09-22T18:37:12.7357929Z   RUNS_ON_S3_CACHE_REPO_PREFIX: cache/repo/vortex-data/vortex
2026-09-22T18:37:12.7358316Z   RUNS_ON_ACTION_COST_TRACKING_CLAIMED: true
2026-09-22T18:37:12.7358626Z   RUSTUP_TOOLCHAIN: 1.98.0
2026-09-22T18:37:12.7358873Z   DIVAN_SAMPLE_COUNT: 1000
2026-09-22T18:37:12.7359106Z ##[endgroup]
2026-09-22T18:37:12.9064610Z Installer hash verified for version 5.0.2
2026-09-22T18:37:13.3930056Z ##[end-action id=__CodSpeedHQ_action.__run;outcome=success;conclusion=success;duration_ms=664]
2026-09-22T18:37:13.3958533Z ##[start-action display=Run the benchmarks;id=__CodSpeedHQ_action.__run_2]
2026-09-22T18:37:13.3976142Z ##[group]Run # Validate required inputs
2026-09-22T18:37:13.3976505Z [36;1m# Validate required inputs[0m
2026-09-22T18:37:13.3976838Z [36;1m# (custom message for smoother v4 migration)[0m
2026-09-22T18:37:13.3977219Z [36;1mif [ -z "walltime" ]; then[0m
2026-09-22T18:37:13.3978776Z [36;1m  echo "::error title=Missing required input 'mode'::The 'mode' input is required as of CodSpeed Action v4. Please explicitly set 'mode' to 'simulation' or 'walltime'. Before, this variable was automatically set to instrumentation on every runner except for CodSpeed macro runners where it was set to walltime by default. See https://codspeed.io/docs/instruments for details."[0m
2026-09-22T18:37:13.3980310Z [36;1m  exit 1[0m
2026-09-22T18:37:13.3980516Z [36;1mfi[0m
2026-09-22T18:37:13.3980705Z [36;1m[0m
2026-09-22T18:37:13.3980924Z [36;1m# Build the runner arguments array[0m
2026-09-22T18:37:13.3981232Z [36;1mRUNNER_ARGS=()[0m
2026-09-22T18:37:13.3981686Z [36;1mif [ -n "***" ]; then[0m
2026-09-22T18:37:13.3982074Z [36;1m  RUNNER_ARGS+=(--token "***")[0m
2026-09-22T18:37:13.3982345Z [36;1mfi[0m
2026-09-22T18:37:13.3982544Z [36;1mif [ -n "" ]; then[0m
2026-09-22T18:37:13.3982843Z [36;1m  RUNNER_ARGS+=(--working-directory="")[0m
2026-09-22T18:37:13.3983156Z [36;1mfi[0m
2026-09-22T18:37:13.3983353Z [36;1mif [ -n "" ]; then[0m
2026-09-22T18:37:13.3983620Z [36;1m  RUNNER_ARGS+=(--upload-url="")[0m
2026-09-22T18:37:13.3983906Z [36;1mfi[0m
2026-09-22T18:37:13.3984113Z [36;1mif [ -n "walltime" ]; then[0m
2026-09-22T18:37:13.3984726Z [36;1m  RUNNER_ARGS+=(--mode="walltime")[0m
2026-09-22T18:37:13.3985050Z [36;1mfi[0m
2026-09-22T18:37:13.3985248Z [36;1mif [ -n "" ]; then[0m
2026-09-22T18:37:13.3985519Z [36;1m  RUNNER_ARGS+=(--instruments="")[0m
2026-09-22T18:37:13.3985801Z [36;1mfi[0m
2026-09-22T18:37:13.3986003Z [36;1mif [ -n "" ]; then[0m
2026-09-22T18:37:13.3986291Z [36;1m  RUNNER_ARGS+=(--mongo-uri-env-name="")[0m
2026-09-22T18:37:13.3986596Z [36;1mfi[0m
2026-09-22T18:37:13.3986893Z [36;1mif [ "true" = "true" ] && [ -n "~/.cache/codspeed-action" ]; then[0m
2026-09-22T18:37:13.3987386Z [36;1m  RUNNER_ARGS+=(--setup-cache-dir="~/.cache/codspeed-action")[0m
2026-09-22T18:37:13.3987921Z [36;1mfi[0m
2026-09-22T18:37:13.3988129Z [36;1mif [ "false" = "true" ]; then[0m
2026-09-22T18:37:13.3988420Z [36;1m  RUNNER_ARGS+=(--allow-empty)[0m
2026-09-22T18:37:13.3988697Z [36;1mfi[0m
2026-09-22T18:37:13.3988899Z [36;1mif [ -n "" ]; then[0m
2026-09-22T18:37:13.3989184Z [36;1m  RUNNER_ARGS+=(--go-runner-version="")[0m
2026-09-22T18:37:13.3989488Z [36;1mfi[0m
2026-09-22T18:37:13.3989690Z [36;1mif [ -n "" ]; then[0m
2026-09-22T18:37:13.3989949Z [36;1m  RUNNER_ARGS+=(--config="")[0m
2026-09-22T18:37:13.3990211Z [36;1mfi[0m
2026-09-22T18:37:13.3990406Z [36;1mif [ -n "" ]; then[0m
2026-09-22T18:37:13.3990696Z [36;1m  RUNNER_ARGS+=(--cycle-estimation="")[0m
2026-09-22T18:37:13.3990997Z [36;1mfi[0m
2026-09-22T18:37:13.3991194Z [36;1mif [ -n "" ]; then[0m
2026-09-22T18:37:13.3991491Z [36;1m  RUNNER_ARGS+=(--exclude-allocations="")[0m
2026-09-22T18:37:13.3991803Z [36;1mfi[0m
2026-09-22T18:37:13.3991992Z [36;1m[0m
2026-09-22T18:37:13.3992226Z [36;1mif [ -n "$CODSPEED_INPUT_RUN" ]; then[0m
2026-09-22T18:37:13.3992578Z [36;1m  RUNNER_ARGS+=(-- "$CODSPEED_INPUT_RUN")[0m
2026-09-22T18:37:13.3992884Z [36;1mfi[0m
2026-09-22T18:37:13.3993072Z [36;1m[0m
2026-09-22T18:37:13.3993273Z [36;1m# Run the benchmarks[0m
2026-09-22T18:37:13.3993550Z [36;1mcodspeed run "${RUNNER_ARGS[@]}"[0m
2026-09-22T18:37:13.4016331Z shell: /usr/bin/bash --noprofile --norc -e -o pipefail {0}
2026-09-22T18:37:13.4016691Z env:
2026-09-22T18:37:13.4016886Z   CARGO_TERM_COLOR: always
2026-09-22T18:37:13.4017126Z   RUST_BACKTRACE: 1
2026-09-22T18:37:13.4017361Z   NIGHTLY_TOOLCHAIN: nightly-2026-09-10
2026-09-22T18:37:13.4017678Z   RUNNER_TOOL_CACHE: /opt/hostedtoolcache
2026-09-22T18:37:13.4017968Z   RUNS_ON_HOME: /runs-on
2026-09-22T18:37:13.4018206Z   RUNS_ON_VERSION: v3.3.0
2026-09-22T18:37:13.4018464Z   RUNS_ON_AGENT_BINARY: /runs-on/agent
2026-09-22T18:37:13.4018748Z   RUNS_ON_AGENT_ARCH: arm64
2026-09-22T18:37:13.4018996Z   RUNS_ON_AGENT_USER: runner
2026-09-22T18:37:13.4019264Z   RUNS_ON_AMI_ID: ami-098c62767651982c5
2026-09-22T18:37:13.4019552Z   RUNS_ON_AWS_REGION: us-east-1
2026-09-22T18:37:13.4019812Z   RUNS_ON_AWS_AZ: us-east-1b
2026-09-22T18:37:13.4020095Z   RUNS_ON_ENV_CUSTOM_FILE: /runs-on/env.custom
2026-09-22T18:37:13.4020420Z   RUNS_ON_INSTANCE_ID: i-0fc031b4ed11e29c7
2026-09-22T18:37:13.4020720Z   RUNS_ON_INSTANCE_LIFECYCLE: spot
2026-09-22T18:37:13.4021008Z   RUNS_ON_INSTANCE_TYPE: c7g.metal
2026-09-22T18:37:13.4021291Z   RUNS_ON_STACK_NAME: runs-on-v3
2026-09-22T18:37:13.4021644Z   RUNS_ON_S3_BUCKET_CACHE: runs-on-v3-s3bucketcache-dbnub4tpjhpv
2026-09-22T18:37:13.4022063Z   ACTIONS_RUNNER_HOOK_JOB_STARTED: /runs-on/pre.sh
2026-09-22T18:37:13.4022444Z   ACTIONS_RUNNER_HOOK_JOB_COMPLETED: /runs-on/post.sh
2026-09-22T18:37:13.4022803Z   GITHUB_SERVER_URL: https://github.com/
2026-09-22T18:37:13.4023123Z   GITHUB_API_URL: https://api.github.com/
2026-09-22T18:37:13.4023429Z   GITHUB_HOST: github.com
2026-09-22T18:37:13.4023757Z   RUNS_ON_RUNNER_NAME: runs-on--i-0fc031b4ed11e29c7--71856e34-e
2026-09-22T18:37:13.4024265Z   RUNS_ON_INSTANCE_LAUNCHED_AT: 2026-09-22T18:36:01Z
2026-09-22T18:37:13.4024633Z   ACTIONS_CACHE_URL: http://10.1.30.119:6871/
2026-09-22T18:37:13.4024953Z   ACTIONS_CACHE_SERVICE_V2: true
2026-09-22T18:37:13.4025251Z   ACTIONS_RESULTS_URL: http://10.1.30.119:6871/
2026-09-22T18:37:13.4025646Z   RUNS_ON_S3_CACHE_REPO_PREFIX: cache/repo/vortex-data/vortex
2026-09-22T18:37:13.4026249Z   RUNS_ON_ACTION_COST_TRACKING_CLAIMED: true
2026-09-22T18:37:13.4026571Z   RUSTUP_TOOLCHAIN: 1.98.0
2026-09-22T18:37:13.4026819Z   DIVAN_SAMPLE_COUNT: 1000
2026-09-22T18:37:13.4027629Z   GH_MATRIX: {
  "features": "neon",
  "family": "c7g.metal",
  "build-family": "c7g.4xlarge",
  "image": "ubuntu24-full-arm64-pre-v2",
  "rustflags": "-C target-feature=+neon -C force-frame-pointers=yes"
}
2026-09-22T18:37:13.4028643Z   GH_STRATEGY: {
  "fail-fast": false,
  "job-index": 2,
  "job-total": 3,
  "max-parallel": 3
}
2026-09-22T18:37:13.4029279Z   CODSPEED_INPUT_RUN: bash scripts/bench-taskset.sh cargo codspeed run -- '.*::neon::'
2026-09-22T18:37:13.4029877Z ##[endgroup]
2026-09-22T18:37:13.4367972Z 
2026-09-22T18:37:13.4368309Z    ______            __ _____                         __
2026-09-22T18:37:13.4368886Z   / ____/____   ____/ // ___/ ____   ___   ___   ____/ /
2026-09-22T18:37:13.4369388Z  / /    / __ \ / __  / \__ \ / __ \ / _ \ / _ \ / __  /
2026-09-22T18:37:13.4369864Z / /___ / /_/ // /_/ / ___/ // /_/ //  __//  __// /_/ /
2026-09-22T18:37:13.4370325Z \____/ \____/ \__,_/ /____// .___/ \___/ \___/ \__,_/
2026-09-22T18:37:13.4370820Z   https://codspeed.io     /_/          runner v5.0.2
2026-09-22T18:37:13.4371216Z 
2026-09-22T18:37:13.4371815Z ##[group]Running the benchmarks
2026-09-22T18:37:20.7747024Z [cargo-codspeed] Measurement mode: Walltime
2026-09-22T18:37:20.7748229Z 
2026-09-22T18:37:20.7751057Z Collected 10 benchmark suite(s) to run
2026-09-22T18:37:20.7751622Z Running vortex-array row_fn_utf8
2026-09-22T18:37:20.7781276Z Timer precision: 29 ns
2026-09-22T18:37:20.7781814Z row_fn_utf8                          fastest       │ slowest       │ median        │ mean          │ samples │ iters
2026-09-22T18:37:20.7782755Z ╰─ neon::decode_neon                               │               │               │               │         │
2026-09-22T18:37:20.7783365Z    ├─ 1                                            │               │               │               │         │
2026-09-22T18:37:20.8547650Z    │  ├─ (External, AllValid)        500.6 ns      │ 20.12 µs      │ 535.6 ns      │ 566 ns        │ 1000    │ 1000
2026-09-22T18:37:20.8548534Z    │  │                              1.997 Mitem/s │ 49.68 Kitem/s │ 1.867 Mitem/s │ 1.766 Mitem/s │         │
2026-09-22T18:37:20.9239113Z    │  ├─ (External, OneNullInEight)  599.6 ns      │ 6.824 µs      │ 645.6 ns      │ 673.8 ns      │ 1000    │ 1000
2026-09-22T18:37:20.9240112Z    │  │                              1.667 Mitem/s │ 146.5 Kitem/s │ 1.548 Mitem/s │ 1.484 Mitem/s │         │
2026-09-22T18:37:20.9989299Z    │  ├─ (Inline, AllValid)          394.6 ns      │ 1.088 µs      │ 412.8 ns      │ 419.4 ns      │ 1000    │ 8000
2026-09-22T18:37:20.9990403Z    │  │                              2.534 Mitem/s │ 918.2 Kitem/s │ 2.422 Mitem/s │ 2.384 Mitem/s │         │
2026-09-22T18:37:21.0748891Z    │  ╰─ (Inline, OneNullInEight)    566.9 ns      │ 1.023 µs      │ 602.4 ns      │ 609.7 ns      │ 1000    │ 8000
2026-09-22T18:37:21.0750037Z    │                                 1.763 Mitem/s │ 977.2 Kitem/s │ 1.659 Mitem/s │ 1.64 Mitem/s  │         │
2026-09-22T18:37:21.0750818Z    ├─ 64                                           │               │               │               │         │
2026-09-22T18:37:21.1478969Z    │  ├─ (External, AllValid)        1.345 µs      │ 3.512 µs      │ 1.402 µs      │ 1.424 µs      │ 1000    │ 2000
2026-09-22T18:37:21.1484743Z    │  │                              47.57 Mitem/s │ 18.22 Mitem/s │ 45.62 Mitem/s │ 44.92 Mitem/s │         │
2026-09-22T18:37:21.2197788Z    │  ├─ (External, OneNullInEight)  1.743 µs      │ 18.2 µs       │ 1.824 µs      │ 1.89 µs       │ 1000    │ 1000
2026-09-22T18:37:21.2199181Z    │  │                              36.7 Mitem/s  │ 3.515 Mitem/s │ 35.07 Mitem/s │ 33.85 Mitem/s │         │
2026-09-22T18:37:21.2929900Z    │  ├─ (Inline, AllValid)          808.8 ns      │ 2.261 µs      │ 842.1 ns      │ 863.3 ns      │ 1000    │ 4000
2026-09-22T18:37:21.2931177Z    │  │                              79.12 Mitem/s │ 28.3 Mitem/s  │ 75.99 Mitem/s │ 74.12 Mitem/s │         │
2026-09-22T18:37:21.3632446Z    │  ╰─ (Inline, OneNullInEight)    1.205 µs      │ 4.48 µs       │ 1.284 µs      │ 1.311 µs      │ 1000    │ 1000
2026-09-22T18:37:21.3633422Z    │                                 53.08 Mitem/s │ 14.28 Mitem/s │ 49.82 Mitem/s │ 48.78 Mitem/s │         │
2026-09-22T18:37:21.3633993Z    ╰─ 16384                                        │               │               │               │         │
2026-09-22T18:37:21.6576110Z       ├─ (External, AllValid)        219.7 µs      │ 253.7 µs      │ 221.6 µs      │ 223 µs        │ 1000    │ 1000
2026-09-22T18:37:21.6576930Z       │                              74.55 Mitem/s │ 64.55 Mitem/s │ 73.9 Mitem/s  │ 73.46 Mitem/s │         │
2026-09-22T18:37:21.9602829Z       ├─ (External, OneNullInEight)  228.3 µs      │ 254.8 µs      │ 230.1 µs      │ 231.5 µs      │ 1000    │ 1000
2026-09-22T18:37:21.9603528Z       │                              71.75 Mitem/s │ 64.29 Mitem/s │ 71.18 Mitem/s │ 70.75 Mitem/s │         │
2026-09-22T18:37:22.1379290Z       ├─ (Inline, AllValid)          107.6 µs      │ 128.1 µs      │ 107.6 µs      │ 108.4 µs      │ 1000    │ 1000
2026-09-22T18:37:22.1380100Z       │                              152.2 Mitem/s │ 127.8 Mitem/s │ 152.1 Mitem/s │ 151.1 Mitem/s │         │
2026-09-22T18:37:22.3331011Z       ╰─ (Inline, OneNullInEight)    122.4 µs      │ 139.8 µs      │ 123.6 µs      │ 124.1 µs      │ 1000    │ 1000
2026-09-22T18:37:22.3331689Z                                      133.7 Mitem/s │ 117.1 Mitem/s │ 132.4 Mitem/s │ 131.9 Mitem/s │         │
2026-09-22T18:37:22.3332071Z 
2026-09-22T18:37:22.3338027Z Done running row_fn_utf8
2026-09-22T18:37:22.3338405Z Running vortex-array row_fn_output
2026-09-22T18:37:22.3368777Z Timer precision: 29 ns
2026-09-22T18:37:22.3369456Z row_fn_output                           fastest       │ slowest       │ median        │ mean          │ samples │ iters
2026-09-22T18:37:22.3370367Z ├─ neon::deferred_bool_constant_neon                  │               │               │               │         │
2026-09-22T18:37:22.4149717Z │  ├─ ConstantPerRow                    4.277 µs      │ 78.11 µs      │ 4.996 µs      │ 5.024 µs      │ 1000    │ 1000
2026-09-22T18:37:22.4150619Z │  │                                    3.83 Gitem/s  │ 209.7 Mitem/s │ 3.279 Gitem/s │ 3.26 Gitem/s  │         │
2026-09-22T18:37:22.4924889Z │  ╰─ PerRowConstant                    6.013 µs      │ 13.15 µs      │ 6.865 µs      │ 6.893 µs      │ 1000    │ 1000
2026-09-22T18:37:22.4926106Z │                                       2.724 Gitem/s │ 1.245 Gitem/s │ 2.386 Gitem/s │ 2.376 Gitem/s │         │
2026-09-22T18:37:22.4926816Z ├─ neon::deferred_i64_neon                            │               │               │               │         │
2026-09-22T18:37:22.5786481Z │  ╰─ PerRowPerRow                      14.85 µs      │ 21.3 µs       │ 15.2 µs       │ 15.38 µs      │ 1000    │ 1000
2026-09-22T18:37:22.5787342Z │                                       1.103 Gitem/s │ 769 Mitem/s   │ 1.077 Gitem/s │ 1.064 Gitem/s │         │
2026-09-22T18:37:22.5788341Z ├─ neon::filtered_owned_i64_neon                      │               │               │               │         │
2026-09-22T18:37:22.6529216Z │  ├─ AllValid                          4.699 µs      │ 29.6 µs       │ 5.262 µs      │ 5.311 µs      │ 1000    │ 1000
2026-09-22T18:37:22.6530208Z │  │                                    3.486 Gitem/s │ 553.3 Mitem/s │ 3.113 Gitem/s │ 3.084 Gitem/s │         │
2026-09-22T18:37:22.7439064Z │  ├─ NineNullsInTen                    17.4 µs       │ 100.5 µs      │ 18.15 µs      │ 19.15 µs      │ 1000    │ 1000
2026-09-22T18:37:22.7440260Z │  │                                    941.1 Mitem/s │ 162.8 Mitem/s │ 902.4 Mitem/s │ 855.4 Mitem/s │         │
2026-09-22T18:37:22.8555870Z │  ╰─ OneNullInEight                    36.83 µs      │ 61 µs         │ 37.86 µs      │ 39.1 µs       │ 1000    │ 1000
2026-09-22T18:37:22.8556923Z │                                       444.7 Mitem/s │ 268.5 Mitem/s │ 432.7 Mitem/s │ 418.9 Mitem/s │         │
2026-09-22T18:37:22.8560462Z ├─ neon::filtered_sink_i64_neon                       │               │               │               │         │
2026-09-22T18:37:22.9314538Z │  ├─ AllValid                          4.826 µs      │ 12.11 µs      │ 5.456 µs      │ 5.48 µs       │ 1000    │ 1000
2026-09-22T18:37:22.9315400Z │  │                                    3.394 Gitem/s │ 1.352 Gitem/s │ 3.002 Gitem/s │ 2.989 Gitem/s │         │
2026-09-22T18:37:23.0214515Z │  ├─ NineNullsInTen                    17.55 µs      │ 87.01 µs      │ 18.09 µs      │ 18.61 µs      │ 1000    │ 1000
2026-09-22T18:37:23.0215433Z │  │                                    933.1 Mitem/s │ 188.2 Mitem/s │ 905.6 Mitem/s │ 880.2 Mitem/s │         │
2026-09-22T18:37:23.1327301Z │  ╰─ OneNullInEight                    37.04 µs      │ 55.63 µs      │ 37.88 µs      │ 38.85 µs      │ 1000    │ 1000
2026-09-22T18:37:23.1328414Z │                                       442.2 Mitem/s │ 294.4 Mitem/s │ 432.4 Mitem/s │ 421.6 Mitem/s │         │
2026-09-22T18:37:23.1330124Z ├─ neon::infallible_bool_constant_neon                │               │               │               │         │
2026-09-22T18:37:23.2083335Z │  ├─ ConstantPerRow                    4.267 µs      │ 19.48 µs      │ 4.98 µs       │ 4.968 µs      │ 1000    │ 1000
2026-09-22T18:37:23.2084472Z │  │                                    3.839 Gitem/s │ 840.9 Mitem/s │ 3.289 Gitem/s │ 3.297 Gitem/s │         │
2026-09-22T18:37:23.2834071Z │  ╰─ PerRowConstant                    4.341 µs      │ 14.04 µs      │ 4.874 µs      │ 4.9 µs        │ 1000    │ 1000
2026-09-22T18:37:23.2835637Z │                                       3.773 Gitem/s │ 1.166 Gitem/s │ 3.361 Gitem/s │ 3.343 Gitem/s │         │
2026-09-22T18:37:23.2836528Z ├─ neon::deferred_bool_neon                           │               │               │               │         │
2026-09-22T18:37:23.2837269Z │  ├─ i32                                             │               │               │               │         │
2026-09-22T18:37:23.3583323Z │  │  ╰─ PerRowPerRow                   4.188 µs      │ 9.714 µs      │ 4.686 µs      │ 4.724 µs      │ 1000    │ 1000
2026-09-22T18:37:23.3584215Z │  │                                    3.911 Gitem/s │ 1.686 Gitem/s │ 3.495 Gitem/s │ 3.468 Gitem/s │         │
2026-09-22T18:37:23.3585022Z │  ╰─ i64                                             │               │               │               │         │
2026-09-22T18:37:23.4362334Z │     ╰─ PerRowPerRow                   7.224 µs      │ 14.95 µs      │ 7.986 µs      │ 8.03 µs       │ 1000    │ 1000
2026-09-22T18:37:23.4363797Z │                                       2.267 Gitem/s │ 1.095 Gitem/s │ 2.051 Gitem/s │ 2.04 Gitem/s  │         │
2026-09-22T18:37:23.4364781Z ╰─ neon::infallible_bool_neon                         │               │               │               │         │
2026-09-22T18:37:23.4365539Z    ├─ i32                                             │               │               │               │         │
2026-09-22T18:37:23.5105477Z    │  ╰─ PerRowPerRow                   3.705 µs      │ 8.438 µs      │ 3.886 µs      │ 3.935 µs      │ 1000    │ 1000
2026-09-22T18:37:23.5106894Z    │                                    4.421 Gitem/s │ 1.941 Gitem/s │ 4.215 Gitem/s │ 4.163 Gitem/s │         │
2026-09-22T18:37:23.5107688Z    ╰─ i64                                             │               │               │               │         │
2026-09-22T18:37:23.5873724Z       ╰─ PerRowPerRow                   5.576 µs      │ 11.47 µs      │ 6.426 µs      │ 6.398 µs      │ 1000    │ 1000
2026-09-22T18:37:23.5874810Z                                         2.937 Gitem/s │ 1.427 Gitem/s │ 2.549 Gitem/s │ 2.56 Gitem/s  │         │
2026-09-22T18:37:23.5875176Z 
2026-09-22T18:37:23.5879068Z Done running row_fn_output
2026-09-22T18:37:23.5879348Z Running vortex-array take_primitive
2026-09-22T18:37:23.5909491Z Timer precision: 30 ns
2026-09-22T18:37:23.5910328Z take_primitive                         fastest       │ slowest       │ median        │ mean          │ samples │ iters
2026-09-22T18:37:23.5911057Z ╰─ neon::dict_canonicalize_gt_u8_neon                │               │               │               │         │
2026-09-22T18:37:24.2384508Z    ╰─ 1000000                          547.3 µs      │ 631.9 µs      │ 553.8 µs      │ 554 µs        │ 1000    │ 1000
2026-09-22T18:37:24.2385152Z                                        1.827 Gitem/s │ 1.582 Gitem/s │ 1.805 Gitem/s │ 1.804 Gitem/s │         │
2026-09-22T18:37:24.2385502Z 
2026-09-22T18:37:24.2390406Z Done running take_primitive
2026-09-22T18:37:24.2390888Z Running vortex-array compare
2026-09-22T18:37:24.2417405Z Timer precision: 29 ns
2026-09-22T18:37:24.2418012Z compare                             fastest       │ slowest       │ median        │ mean          │ samples │ iters
2026-09-22T18:37:24.3235739Z ├─ neon::compare_f32_neon           5.701 µs      │ 78.82 µs      │ 6.231 µs      │ 6.306 µs      │ 1000    │ 1000
2026-09-22T18:37:24.3236422Z │                                   1.436 Gitem/s │ 103.9 Mitem/s │ 1.314 Gitem/s │ 1.299 Gitem/s │         │
2026-09-22T18:37:24.4029072Z ├─ neon::compare_float_neon         8.356 µs      │ 22.53 µs      │ 9.034 µs      │ 9.109 µs      │ 1000    │ 1000
2026-09-22T18:37:24.4029719Z │                                   980.3 Mitem/s │ 363.5 Mitem/s │ 906.7 Mitem/s │ 899.3 Mitem/s │         │
2026-09-22T18:37:24.4768873Z ├─ neon::compare_int_constant_neon  4.154 µs      │ 18.83 µs      │ 4.37 µs       │ 4.46 µs       │ 1000    │ 1000
2026-09-22T18:37:24.4769527Z │                                   1.971 Gitem/s │ 434.8 Mitem/s │ 1.874 Gitem/s │ 1.836 Gitem/s │         │
2026-09-22T18:37:24.5527144Z ├─ neon::compare_int_eq_neon        4.612 µs      │ 16.09 µs      │ 5.105 µs      │ 5.178 µs      │ 1000    │ 1000
2026-09-22T18:37:24.5527808Z │                                   1.775 Gitem/s │ 508.8 Mitem/s │ 1.604 Gitem/s │ 1.581 Gitem/s │         │
2026-09-22T18:37:24.6272509Z ├─ neon::compare_int_neon           4.679 µs      │ 14.92 µs      │ 5.105 µs      │ 5.15 µs       │ 1000    │ 1000
2026-09-22T18:37:24.6273147Z │                                   1.75 Gitem/s  │ 548.9 Mitem/s │ 1.604 Gitem/s │ 1.59 Gitem/s  │         │
2026-09-22T18:37:24.7026731Z ├─ neon::compare_int_nullable_neon  5.088 µs      │ 17.9 µs       │ 5.54 µs       │ 5.62 µs       │ 1000    │ 1000
2026-09-22T18:37:24.7027513Z │                                   1.609 Gitem/s │ 457.5 Mitem/s │ 1.478 Gitem/s │ 1.457 Gitem/s │         │
2026-09-22T18:37:24.7770360Z ├─ neon::compare_u8_neon            3.886 µs      │ 9.239 µs      │ 3.986 µs      │ 4.06 µs       │ 1000    │ 1000
2026-09-22T18:37:24.7771334Z │                                   2.107 Gitem/s │ 886.6 Mitem/s │ 2.054 Gitem/s │ 2.017 Gitem/s │         │
2026-09-22T18:37:24.8510659Z ╰─ neon::compare_u64_neon           4.63 µs       │ 9.823 µs      │ 5.104 µs      │ 5.136 µs      │ 1000    │ 1000
2026-09-22T18:37:24.8511596Z                                     1.769 Gitem/s │ 833.9 Mitem/s │ 1.604 Gitem/s │ 1.595 Gitem/s │         │
2026-09-22T18:37:24.8516028Z Done running compare
2026-09-22T18:37:24.8516296Z Running vortex-array binary_ops
2026-09-22T18:37:24.8516508Z 
2026-09-22T18:37:24.8545519Z Timer precision: 29 ns
2026-09-22T18:37:24.8546025Z binary_ops                             fastest       │ slowest       │ median        │ mean          │ samples │ iters
2026-09-22T18:37:24.8546713Z ├─ neon::add_constant_shapes_neon                    │               │               │               │         │
2026-09-22T18:37:24.9466333Z │  ├─ (32768, ConstantPerRow)          16.16 µs      │ 93.83 µs      │ 16.93 µs      │ 17.25 µs      │ 1000    │ 1000
2026-09-22T18:37:24.9467344Z │  │                                   2.027 Gitem/s │ 349.2 Mitem/s │ 1.935 Gitem/s │ 1.899 Gitem/s │         │
2026-09-22T18:37:25.0336894Z │  ├─ (32768, PerRowConstant)          16.11 µs      │ 24.68 µs      │ 16.92 µs      │ 17.24 µs      │ 1000    │ 1000
2026-09-22T18:37:25.0337941Z │  │                                   2.032 Gitem/s │ 1.327 Gitem/s │ 1.936 Gitem/s │ 1.9 Gitem/s   │         │
2026-09-22T18:37:25.1217193Z │  ╰─ (32768, PerRowNullableConstant)  16.92 µs      │ 32.01 µs      │ 17.77 µs      │ 18.05 µs      │ 1000    │ 1000
2026-09-22T18:37:25.1217951Z │                                      1.935 Gitem/s │ 1.023 Gitem/s │ 1.843 Gitem/s │ 1.814 Gitem/s │         │
2026-09-22T18:37:25.2108667Z ├─ neon::add_i32_nonnull_neon          17.04 µs      │ 25.68 µs      │ 18.47 µs      │ 18.68 µs      │ 1000    │ 1000
2026-09-22T18:37:25.2109556Z │                                      3.845 Gitem/s │ 2.551 Gitem/s │ 3.548 Gitem/s │ 3.507 Gitem/s │         │
2026-09-22T18:37:25.3006934Z ├─ neon::add_i64_nonnull_neon          17.12 µs      │ 28.78 µs      │ 18.51 µs      │ 18.74 µs      │ 1000    │ 1000
2026-09-22T18:37:25.3007773Z │                                      1.913 Gitem/s │ 1.138 Gitem/s │ 1.769 Gitem/s │ 1.747 Gitem/s │         │
2026-09-22T18:37:25.3919005Z ├─ neon::add_i64_nullable_neon         19.08 µs      │ 61.06 µs      │ 20.85 µs      │ 21.28 µs      │ 1000    │ 1000
2026-09-22T18:37:25.3919686Z │                                      1.716 Gitem/s │ 536.5 Mitem/s │ 1.571 Gitem/s │ 1.539 Gitem/s │         │
2026-09-22T18:37:25.3920290Z ├─ neon::add_shapes_neon                             │               │               │               │         │
2026-09-22T18:37:25.4811006Z │  ╰─ (32768, PerRowPerRow)            17.11 µs      │ 36.06 µs      │ 18.49 µs      │ 18.75 µs      │ 1000    │ 1000
2026-09-22T18:37:25.4811943Z │                                      1.914 Gitem/s │ 908.4 Mitem/s │ 1.772 Gitem/s │ 1.747 Gitem/s │         │
2026-09-22T18:37:25.5654584Z ├─ neon::add_u32_nonnull_neon          13.31 µs      │ 21.69 µs      │ 14.88 µs      │ 14.86 µs      │ 1000    │ 1000
2026-09-22T18:37:25.5655359Z │                                      4.92 Gitem/s  │ 3.02 Gitem/s  │ 4.402 Gitem/s │ 4.407 Gitem/s │         │
2026-09-22T18:37:25.7401129Z ├─ neon::div_i64_nonnull_neon          102.5 µs      │ 119.7 µs      │ 103 µs        │ 104.1 µs      │ 1000    │ 1000
2026-09-22T18:37:25.7401896Z │                                      319.4 Mitem/s │ 273.6 Mitem/s │ 317.9 Mitem/s │ 314.6 Mitem/s │         │
2026-09-22T18:37:25.8745839Z ├─ neon::div_i64_nullable_neon         60.98 µs      │ 105.7 µs      │ 62.07 µs      │ 63.26 µs      │ 1000    │ 1000
2026-09-22T18:37:25.8746654Z │                                      537.3 Mitem/s │ 309.9 Mitem/s │ 527.8 Mitem/s │ 517.9 Mitem/s │         │
2026-09-22T18:37:25.9480070Z ├─ neon::lt_i64_nullable_neon          3.666 µs      │ 30.09 µs      │ 3.829 µs      │ 3.902 µs      │ 1000    │ 1000
2026-09-22T18:37:25.9480973Z │                                      1.117 Gitem/s │ 136 Mitem/s   │ 1.069 Gitem/s │ 1.049 Gitem/s │         │
2026-09-22T18:37:26.0444804Z ├─ neon::mul_i8_nonnull_neon           25.29 µs      │ 45.95 µs      │ 26.63 µs      │ 26.92 µs      │ 1000    │ 1000
2026-09-22T18:37:26.0445714Z │                                      10.36 Gitem/s │ 5.704 Gitem/s │ 9.842 Gitem/s │ 9.734 Gitem/s │         │
2026-09-22T18:37:26.1402938Z ├─ neon::mul_i16_nonnull_neon          23.92 µs      │ 31.76 µs      │ 24.91 µs      │ 25.21 µs      │ 1000    │ 1000
2026-09-22T18:37:26.1403590Z │                                      5.479 Gitem/s │ 4.125 Gitem/s │ 5.261 Gitem/s │ 5.198 Gitem/s │         │
2026-09-22T18:37:26.2362519Z ├─ neon::mul_i32_nonnull_neon          23.47 µs      │ 40.93 µs      │ 24.6 µs       │ 24.85 µs      │ 1000    │ 1000
2026-09-22T18:37:26.2363174Z │                                      2.791 Gitem/s │ 1.6 Gitem/s   │ 2.663 Gitem/s │ 2.637 Gitem/s │         │
2026-09-22T18:37:26.3350454Z ├─ neon::mul_i32_nullable_neon         25.49 µs      │ 113.8 µs      │ 26.6 µs       │ 27.25 µs      │ 1000    │ 1000
2026-09-22T18:37:26.3351309Z │                                      2.57 Gitem/s  │ 575.4 Mitem/s │ 2.463 Gitem/s │ 2.404 Gitem/s │         │
2026-09-22T18:37:26.4450323Z ├─ neon::mul_i64_nonnull_neon          38.61 µs      │ 48.05 µs      │ 38.99 µs      │ 39.56 µs      │ 1000    │ 1000
2026-09-22T18:37:26.4450991Z │                                      848.6 Mitem/s │ 681.9 Mitem/s │ 840.3 Mitem/s │ 828.1 Mitem/s │         │
2026-09-22T18:37:26.5383292Z ├─ neon::mul_u8_nonnull_neon           18.86 µs      │ 107.5 µs      │ 20.52 µs      │ 20.76 µs      │ 1000    │ 1000
2026-09-22T18:37:26.5384036Z │                                      13.89 Gitem/s │ 2.437 Gitem/s │ 12.77 Gitem/s │ 12.62 Gitem/s │         │
2026-09-22T18:37:26.6282440Z ├─ neon::mul_u16_nonnull_neon          17.57 µs      │ 26.92 µs      │ 19 µs         │ 19.23 µs      │ 1000    │ 1000
2026-09-22T18:37:26.6283389Z │                                      7.456 Gitem/s │ 4.868 Gitem/s │ 6.895 Gitem/s │ 6.815 Gitem/s │         │
2026-09-22T18:37:26.7180934Z ├─ neon::mul_u32_nonnull_neon          17.98 µs      │ 34.92 µs      │ 19.33 µs      │ 19.51 µs      │ 1000    │ 1000
2026-09-22T18:37:26.7181959Z │                                      3.643 Gitem/s │ 1.876 Gitem/s │ 3.389 Gitem/s │ 3.357 Gitem/s │         │
2026-09-22T18:37:26.8301640Z ├─ neon::mul_u64_nonnull_neon          40.06 µs      │ 52.52 µs      │ 40.84 µs      │ 41.28 µs      │ 1000    │ 1000
2026-09-22T18:37:26.8302466Z │                                      817.9 Mitem/s │ 623.8 Mitem/s │ 802.1 Mitem/s │ 793.7 Mitem/s │         │
2026-09-22T18:37:26.8303404Z ├─ neon::multiply_shapes_neon                        │               │               │               │         │
2026-09-22T18:37:26.9406206Z │  ╰─ (32768, PerRowPerRow)            38.35 µs      │ 47.58 µs      │ 38.82 µs      │ 39.34 µs      │ 1000    │ 1000
2026-09-22T18:37:26.9407560Z │                                      854.3 Mitem/s │ 688.6 Mitem/s │ 844 Mitem/s   │ 832.9 Mitem/s │         │
2026-09-22T18:37:26.9408211Z ╰─ neon::subtract_shapes_neon                        │               │               │               │         │
2026-09-22T18:37:27.0303774Z    ╰─ (32768, PerRowPerRow)            17.36 µs      │ 40.62 µs      │ 18.73 µs      │ 18.93 µs      │ 1000    │ 1000
2026-09-22T18:37:27.0304540Z                                        1.887 Gitem/s │ 806.5 Mitem/s │ 1.749 Gitem/s │ 1.73 Gitem/s  │         │
2026-09-22T18:37:27.0304895Z 
2026-09-22T18:37:27.0310565Z Done running binary_ops
2026-09-22T18:37:27.0310909Z Running vortex-array scalar_subtract
2026-09-22T18:37:27.0340239Z Timer precision: 29 ns
2026-09-22T18:37:27.0340711Z scalar_subtract                fastest       │ slowest       │ median        │ mean          │ samples │ iters
2026-09-22T18:37:27.1234731Z ╰─ neon::scalar_subtract_neon  12.24 µs      │ 113.1 µs      │ 12.96 µs      │ 13.2 µs       │ 1000    │ 1000
2026-09-22T18:37:27.1235325Z 
2026-09-22T18:37:27.1237943Z Done running scalar_subtract
2026-09-22T18:37:27.1238521Z Running vortex-buffer collect_bool
2026-09-22T18:37:27.1261699Z Timer precision: 29 ns
2026-09-22T18:37:27.1262168Z collect_bool                         fastest       │ slowest       │ median        │ mean          │ samples │ iters
2026-09-22T18:37:27.1263344Z ╰─ neon::words_gather_dispatch_neon                │               │               │               │         │
2026-09-22T18:37:27.2034535Z    ├─ 65536                          2.254 µs      │ 5.291 µs      │ 2.309 µs      │ 2.337 µs      │ 1000    │ 1000
2026-09-22T18:37:27.3078499Z    ╰─ 1048576                        29.85 µs      │ 37.14 µs      │ 30.52 µs      │ 30.79 µs      │ 1000    │ 1000
2026-09-22T18:37:27.3078878Z 
2026-09-22T18:37:27.3082541Z Done running collect_bool
2026-09-22T18:37:27.3082832Z Running vortex-compute lane_kernels
2026-09-22T18:37:27.3108020Z Timer precision: 29 ns
2026-09-22T18:37:27.3108622Z lane_kernels                           fastest       │ slowest       │ median        │ mean          │ samples │ iters
2026-09-22T18:37:27.3109344Z ╰─ neon::lanezip_checked_add_u32_neon                │               │               │               │         │
2026-09-22T18:37:27.4106974Z    ╰─ 65536                            21.45 µs      │ 31.67 µs      │ 22.38 µs      │ 22.62 µs      │ 1000    │ 1000
2026-09-22T18:37:27.4107487Z 
2026-09-22T18:37:27.4110939Z Done running lane_kernels
2026-09-22T18:37:27.4111388Z Running vortex-decimal-byte-parts dbp_assemble
2026-09-22T18:37:27.4137316Z Timer precision: 29 ns
2026-09-22T18:37:27.4137786Z dbp_assemble                                  fastest       │ slowest       │ median        │ mean          │ samples │ iters
2026-09-22T18:37:27.4139017Z ├─ neon::dbp_assemble_kernel_narrow_msp_neon                │               │               │               │         │
2026-09-22T18:37:27.4951874Z │  ├─ (I128, 1024)                            484.4 ns      │ 932.8 ns      │ 496.6 ns      │ 501.1 ns      │ 1000    │ 8000
2026-09-22T18:37:27.5737577Z │  ├─ (I128, 8192)                            3.783 µs      │ 8.394 µs      │ 4.138 µs      │ 4.164 µs      │ 1000    │ 1000
2026-09-22T18:37:27.6444698Z │  ├─ (I256, 1024)                            947.6 ns      │ 7.29 µs       │ 978.6 ns      │ 1.017 µs      │ 1000    │ 1000
2026-09-22T18:37:27.7210224Z │  ╰─ (I256, 8192)                            6.668 µs      │ 14.36 µs      │ 6.786 µs      │ 6.913 µs      │ 1000    │ 1000
2026-09-22T18:37:27.7211014Z ╰─ neon::dbp_assemble_kernel_neon                           │               │               │               │         │
2026-09-22T18:37:27.7942562Z    ├─ (I128, 1024)                            413.1 ns      │ 1.302 µs      │ 461.3 ns      │ 463.7 ns      │ 1000    │ 8000
2026-09-22T18:37:27.8679193Z    ├─ (I128, 8192)                            3.473 µs      │ 7.128 µs      │ 4.145 µs      │ 4.071 µs      │ 1000    │ 1000
2026-09-22T18:37:27.9416191Z    ├─ (I256, 1024)                            908.3 ns      │ 2.34 µs       │ 931.6 ns      │ 944 ns        │ 1000    │ 4000
2026-09-22T18:37:28.0183836Z    ╰─ (I256, 8192)                            6.837 µs      │ 11.42 µs      │ 7.007 µs      │ 7.08 µs       │ 1000    │ 1000
2026-09-22T18:37:28.0184313Z 
2026-09-22T18:37:28.0189599Z Done running dbp_assemble
2026-09-22T18:37:28.0190248Z Running vortex-decimal-byte-parts dbp_split
2026-09-22T18:37:28.0216703Z Timer precision: 29 ns
2026-09-22T18:37:28.0217310Z dbp_split                                  fastest       │ slowest       │ median        │ mean          │ samples │ iters
2026-09-22T18:37:28.0218086Z ├─ neon::dbp_split_kernel_all_valid_neon                 │               │               │               │         │
2026-09-22T18:37:28.0980260Z │  ├─ (I128, 1024)                         550.3 ns      │ 1.354 µs      │ 574.6 ns      │ 580.9 ns      │ 1000    │ 4000
2026-09-22T18:37:28.1707496Z │  ├─ (I128, 8192)                         3.19 µs       │ 7.124 µs      │ 3.556 µs      │ 3.56 µs       │ 1000    │ 1000
2026-09-22T18:37:28.2444269Z │  ├─ (I256, 1024)                         1.451 µs      │ 3.082 µs      │ 1.646 µs      │ 1.64 µs       │ 1000    │ 2000
2026-09-22T18:37:28.3235230Z │  ╰─ (I256, 8192)                         8.185 µs      │ 13.81 µs      │ 9.323 µs      │ 9.339 µs      │ 1000    │ 1000
2026-09-22T18:37:28.3236059Z ╰─ neon::dbp_split_kernel_mixed_null_neon                │               │               │               │         │
2026-09-22T18:37:28.3981727Z    ├─ (I128, 1024)                         1.21 µs       │ 2.507 µs      │ 1.245 µs      │ 1.26 µs       │ 1000    │ 4000
2026-09-22T18:37:28.4770421Z    ├─ (I128, 8192)                         7.884 µs      │ 12.31 µs      │ 8.462 µs      │ 8.522 µs      │ 1000    │ 1000
2026-09-22T18:37:28.5490649Z    ├─ (I256, 1024)                         2.175 µs      │ 5.626 µs      │ 2.282 µs      │ 2.316 µs      │ 1000    │ 1000
2026-09-22T18:37:28.6327768Z    ╰─ (I256, 8192)                         12.09 µs      │ 17.68 µs      │ 13.01 µs      │ 13.11 µs      │ 1000    │ 1000
2026-09-22T18:37:28.6328183Z 
2026-09-22T18:37:28.6332448Z Done running dbp_split
2026-09-22T18:37:28.6332854Z Finished running 10 benchmark suite(s)
2026-09-22T18:37:28.8208814Z Symbolicating...
2026-09-22T18:37:31.6842085Z ##[endgroup]
2026-09-22T18:37:31.6842702Z ##[group]Uploading results
2026-09-22T18:37:34.2085770Z Performance data uploaded
2026-09-22T18:37:34.2086350Z Linked repository: vortex-data/vortex
2026-09-22T18:37:34.2087259Z ##[endgroup]
2026-09-22T18:37:34.2136984Z ##[end-action id=__CodSpeedHQ_action.__run_2;outcome=success;conclusion=success;duration_ms=20817]
2026-09-22T18:37:34.2302010Z Post job cleanup.
2026-09-22T18:37:34.2305603Z ##[start-action display=Cache CodSpeed instruments;id=__01ecbebf-81c0-4564-8b5b-126ddccb4173.__actions_cache]
2026-09-22T18:37:34.2339408Z Post job cleanup.
2026-09-22T18:37:34.3608555Z [warning]Path Validation Error: Path(s) specified in the action for caching do(es) not exist, hence no cache is being saved.
2026-09-22T18:37:34.3659082Z ##[end-action id=__01ecbebf-81c0-4564-8b5b-126ddccb4173.__actions_cache;outcome=success;conclusion=success;duration_ms=135]
2026-09-22T18:37:34.3810255Z Post job cleanup.
2026-09-22T18:37:34.3813242Z ##[start-action display=Restore Cache;id=__4790cd8f-61ea-4590-b743-a5520e3f64f8.cache]
2026-09-22T18:37:34.3847599Z Post job cleanup.
2026-09-22T18:37:34.5074488Z Cache hit occurred on the primary key cargo-codspeed-5.0.2-aarch64-linux-gnu-2.39-features-default-no-default-features-false-all-features-false, not saving cache.
2026-09-22T18:37:34.5123161Z ##[end-action id=__4790cd8f-61ea-4590-b743-a5520e3f64f8.cache;outcome=success;conclusion=success;duration_ms=130]
2026-09-22T18:37:34.5322012Z Post job cleanup.
2026-09-22T18:37:34.5407808Z Post job cleanup.
2026-09-22T18:37:34.6245555Z [command]/usr/bin/git version
2026-09-22T18:37:34.6285235Z git version 2.55.0
2026-09-22T18:37:34.6343952Z Temporarily overriding HOME='/home/runner/_work/_temp/edfbf918-4e3c-4a78-83c3-a9066432313b' before making global git config changes
2026-09-22T18:37:34.6345475Z Adding repository directory to the temporary git global config as a safe directory
2026-09-22T18:37:34.6355488Z [command]/usr/bin/git config --global --add safe.directory /home/runner/_work/vortex/vortex
2026-09-22T18:37:34.6403278Z Removing SSH command configuration
2026-09-22T18:37:34.6403726Z [command]/usr/bin/git config --local --name-only --get-regexp core\.sshCommand
2026-09-22T18:37:34.6447179Z [command]/usr/bin/git submodule foreach --recursive sh -c "git config --local --name-only --get-regexp 'core\.sshCommand' && git config --local --unset-all 'core.sshCommand' || :"
2026-09-22T18:37:34.6640278Z Removing HTTP extra header
2026-09-22T18:37:34.6641178Z [command]/usr/bin/git config --local --name-only --get-regexp http\.https\:\/\/github\.com\/\.extraheader
2026-09-22T18:37:34.6768532Z [command]/usr/bin/git submodule foreach --recursive sh -c "git config --local --name-only --get-regexp 'http\.https\:\/\/github\.com\/\.extraheader' && git config --local --unset-all 'http.https://github.com/.extraheader' || :"
2026-09-22T18:37:34.6964648Z Removing includeIf entries pointing to credentials config files
2026-09-22T18:37:34.6965405Z [command]/usr/bin/git config --local --name-only --get-regexp ^includeIf\.gitdir:
2026-09-22T18:37:34.6978109Z includeif.gitdir:/home/runner/_work/vortex/vortex/.git.path
2026-09-22T18:37:34.6978841Z includeif.gitdir:/home/runner/_work/vortex/vortex/.git/worktrees/*.path
2026-09-22T18:37:34.6979446Z includeif.gitdir:/github/workspace/.git.path
2026-09-22T18:37:34.6979981Z includeif.gitdir:/github/workspace/.git/worktrees/*.path
2026-09-22T18:37:34.6989761Z [command]/usr/bin/git config --local --get-all includeif.gitdir:/home/runner/_work/vortex/vortex/.git.path
2026-09-22T18:37:34.7010408Z /home/runner/_work/_temp/git-credentials-af746689-8ed0-4738-9a65-a83f3d47fa9b.config
2026-09-22T18:37:34.7051358Z [command]/usr/bin/git config --local --unset includeif.gitdir:/home/runner/_work/vortex/vortex/.git.path \/home\/runner\/_work\/_temp\/git\-credentials\-af746689\-8ed0\-4738\-9a65\-a83f3d47fa9b\.config
2026-09-22T18:37:34.7061767Z [command]/usr/bin/git config --local --get-all includeif.gitdir:/home/runner/_work/vortex/vortex/.git/worktrees/*.path
2026-09-22T18:37:34.7082760Z /home/runner/_work/_temp/git-credentials-af746689-8ed0-4738-9a65-a83f3d47fa9b.config
2026-09-22T18:37:34.7101075Z [command]/usr/bin/git config --local --unset includeif.gitdir:/home/runner/_work/vortex/vortex/.git/worktrees/*.path \/home\/runner\/_work\/_temp\/git\-credentials\-af746689\-8ed0\-4738\-9a65\-a83f3d47fa9b\.config
2026-09-22T18:37:34.7137709Z [command]/usr/bin/git config --local --get-all includeif.gitdir:/github/workspace/.git.path
2026-09-22T18:37:34.7159163Z /github/runner_temp/git-credentials-af746689-8ed0-4738-9a65-a83f3d47fa9b.config
2026-09-22T18:37:34.7165910Z [command]/usr/bin/git config --local --unset includeif.gitdir:/github/workspace/.git.path \/github\/runner_temp\/git\-credentials\-af746689\-8ed0\-4738\-9a65\-a83f3d47fa9b\.config
2026-09-22T18:37:34.7196119Z [command]/usr/bin/git config --local --get-all includeif.gitdir:/github/workspace/.git/worktrees/*.path
2026-09-22T18:37:34.7216257Z /github/runner_temp/git-credentials-af746689-8ed0-4738-9a65-a83f3d47fa9b.config
2026-09-22T18:37:34.7227593Z [command]/usr/bin/git config --local --unset includeif.gitdir:/github/workspace/.git/worktrees/*.path \/github\/runner_temp\/git\-credentials\-af746689\-8ed0\-4738\-9a65\-a83f3d47fa9b\.config
2026-09-22T18:37:34.7265980Z [command]/usr/bin/git submodule foreach --recursive git config --local --show-origin --name-only --get-regexp remote.origin.url
2026-09-22T18:37:34.7442120Z Removing credentials config '/home/runner/_work/_temp/git-credentials-af746689-8ed0-4738-9a65-a83f3d47fa9b.config'
2026-09-22T18:37:34.7592039Z Post job cleanup.
2026-09-22T18:37:34.8251348Z Running post-execution phase...
2026-09-22T18:37:34.8252056Z Input 'show_env': false
2026-09-22T18:37:34.8252585Z Input 'show_costs': inline
2026-09-22T18:37:34.8253485Z Input 'metrics': []
2026-09-22T18:37:34.8253908Z Input 'network_interface': enp39s0
2026-09-22T18:37:34.8254586Z Input 'disk_device': nvme0n1p1
2026-09-22T18:37:34.8255019Z Input 'sccache': 
2026-09-22T18:37:34.8255664Z Input 'sticky_cache': []
2026-09-22T18:37:34.8255977Z Input 'sticky_wait_timeout': 15m0s
2026-09-22T18:37:34.8256471Z ZCTIONS_RESULTS_URL is set: https://results-receiver.actions.githubusercontent.com/
2026-09-22T18:37:34.8259727Z ZCTIONS_CACHE_URL is set: https://acghubeus1.actions.githubusercontent.com/XtqVEj2MXQCbzj6x6n8CMomnIjyhqqRNuSgameoSnKmgcNZw2F/
2026-09-22T18:37:34.8260438Z ACTIONS_RUNTIME_TOKEN is set.
2026-09-22T18:37:34.8879729Z Mapped zone name us-east-1b to zone ID use1-az1
2026-09-22T18:37:35.0774919Z ## Execution Cost Summary
2026-09-22T18:37:35.0775524Z 
2026-09-22T18:37:35.0775798Z | metric                 | value           |
2026-09-22T18:37:35.0776364Z | ---------------------- | --------------- |
2026-09-22T18:37:35.0776833Z | Instance Type          | c7g.metal       |
2026-09-22T18:37:35.0777294Z | Instance Lifecycle     | spot            |
2026-09-22T18:37:35.0777738Z | Region                 | us-east-1       |
2026-09-22T18:37:35.0778177Z | Platform               | Linux/UNIX      |
2026-09-22T18:37:35.0778618Z | Arch                   | arm64           |
2026-09-22T18:37:35.0779049Z | Az                     | us-east-1b      |
2026-09-22T18:37:35.0779494Z | Zone ID                | use1-az1        |
2026-09-22T18:37:35.0779923Z | Duration               | 1.57 minutes    |
2026-09-22T18:37:35.0780355Z | Cost                   | $0.0174         |
2026-09-22T18:37:35.0781045Z | GitHub equivalent cost | $0.1960         |
2026-09-22T18:37:35.0781397Z | Savings                | $0.1786 (91.1%) |
2026-09-22T18:37:35.0781607Z 
2026-09-22T18:37:35.0781734Z Post-execution phase finished.
2026-09-22T18:37:35.0820189Z A job completed hook has been configured by the self-hosted runner administrator
2026-09-22T18:37:35.0855403Z ##[group]Run '/runs-on/post.sh'
2026-09-22T18:37:35.0875962Z shell: /usr/bin/bash --noprofile --norc -e -o pipefail {0}
2026-09-22T18:37:35.0876334Z ##[endgroup]
2026-09-22T18:37:35.0980637Z Thanks for using RunsOn!
2026-09-22T18:37:35.0994646Z 
2026-09-22T18:37:35.1024721Z 📊 Job Metrics
2026-09-22T18:37:35.4145254Z Error visualizing metrics: failed to parse metrics file: error reading file: bufio.Scanner: token too long
2026-09-22T18:37:35.4163321Z Metrics visualization unavailable
2026-09-22T18:37:35.8621706Z 📤 metrics.jsonl uploaded (483269 bytes) to s3://runs-on-v3-s3bucketcache-dbnub4tpjhpv/cache/metrics/v1/vortex-data/vortex/35767825603/bench-codspeed-cpu-features/i-0fc031b4ed11e29c7/metrics.jsonl
2026-09-22T18:37:35.8707610Z Cleaning up orphan processes
