2026-09-22T18:36:49.3568866Z Current runner version: '2.336.0'
2026-09-22T18:36:49.3572601Z Runner name: 'runs-on--i-0b270abe4cb8f1302--9ece2925-5'
2026-09-22T18:36:49.3573221Z Runner group name: 'Default'
2026-09-22T18:36:49.3573839Z Machine name: 'ip-10-1-11-123'
2026-09-22T18:36:49.3587182Z ##[group]🏃 Runner details (c7i.metal-24xl, spot, v3.3.0)
2026-09-22T18:36:49.3588141Z ┌───────────────────┬────────────────────────────────────────────────────────────────────────────────────────────────────────────────────────────────────────────────────────┐
2026-09-22T18:36:49.3589077Z │       INFO        │                                                                         VALUE                                                                          │
2026-09-22T18:36:49.3590015Z ├───────────────────┼────────────────────────────────────────────────────────────────────────────────────────────────────────────────────────────────────────────────────────┤
2026-09-22T18:36:49.3591471Z │ Labels            │ [runs-on=35767825603/runner=bench-dedicated/family=c7i.metal-24xl/image=ubuntu24-full-x64-pre-v2/extras=s3-cache/tag=bench-codspeed-cpu-features-avx2] │
2026-09-22T18:36:49.3592731Z │ Extras            │ [s3-cache]                                                                                                                                             │
2026-09-22T18:36:49.3593597Z │ PrivateIp         │ 10.1.11.123                                                                                                                                            │
2026-09-22T18:36:49.3594468Z │ IsPrivate         │ false                                                                                                                                                  │
2026-09-22T18:36:49.3595360Z │ Environment       │ production                                                                                                                                             │
2026-09-22T18:36:49.3596245Z │ StackName         │ runs-on-v3                                                                                                                                             │
2026-09-22T18:36:49.3597117Z │ Region            │ us-east-1                                                                                                                                              │
2026-09-22T18:36:49.3598049Z │ AvailabilityZone  │ us-east-1a                                                                                                                                             │
2026-09-22T18:36:49.3598975Z │ Version           │ v3.3.0                                                                                                                                                 │
2026-09-22T18:36:49.3599943Z │ RunnerName        │ runs-on--i-0b270abe4cb8f1302--9ece2925-5                                                                                                               │
2026-09-22T18:36:49.3601143Z │ AssignmentId      │ 9ece2925-5826-4aac-820f-d373214f7b85                                                                                                                   │
2026-09-22T18:36:49.3602254Z │ BucketCacheName   │ runs-on-v3-s3bucketcache-dbnub4tpjhpv                                                                                                                  │
2026-09-22T18:36:49.3603371Z │ InstanceId        │ i-0b270abe4cb8f1302                                                                                                                                    │
2026-09-22T18:36:49.3604334Z │ InstanceType      │ c7i.metal-24xl                                                                                                                                         │
2026-09-22T18:36:49.3605283Z │ InstanceLifecycle │ spot                                                                                                                                                   │
2026-09-22T18:36:49.3606392Z │ InstanceRAM       │ 193002.64 MiB                                                                                                                                          │
2026-09-22T18:36:49.3607396Z │ InstanceCPU       │ 96 cores                                                                                                                                               │
2026-09-22T18:36:49.3608317Z │ InstanceDisk1     │ /=/dev/nvme0n1p1                                                                                                                                       │
2026-09-22T18:36:49.3609239Z │                   │ Free=76.97GiB Used=18.84GiB                                                                                                                            │
2026-09-22T18:36:49.3610250Z │ ImageId           │ ami-0d8875560af9e1401                                                                                                                                  │
2026-09-22T18:36:49.3611260Z │ ImageName         │ vortex-ci-v2-x64-20260831011844                                                                                                                        │
2026-09-22T18:36:49.3612236Z │ Platform          │ linux                                                                                                                                                  │
2026-09-22T18:36:49.3613121Z │ Architecture      │ x64                                                                                                                                                    │
2026-09-22T18:36:49.3614034Z │ HasPreinstall     │ false                                                                                                                                                  │
2026-09-22T18:36:49.3614911Z │ HasPrerun         │ false                                                                                                                                                  │
2026-09-22T18:36:49.3615862Z │ IsDebug           │ false                                                                                                                                                  │
2026-09-22T18:36:49.3616768Z │ Integrations      │ []                                                                                                                                                     │
2026-09-22T18:36:49.3617680Z └───────────────────┴────────────────────────────────────────────────────────────────────────────────────────────────────────────────────────────────────────────────────────┘
2026-09-22T18:36:49.3618404Z ##[endgroup]
2026-09-22T18:36:49.3618822Z ##[group]⏱️ Timings - 79.37s
2026-09-22T18:36:49.3619442Z ┌──────────────────────┬─────────────────────────────────┬─────────┬────────┐
2026-09-22T18:36:49.3620057Z │         TIME         │              STEP               │  DIFF   │ TOTAL  │
2026-09-22T18:36:49.3620715Z ├──────────────────────┼─────────────────────────────────┼─────────┼────────┤
2026-09-22T18:36:49.3621440Z │ 2026-09-22T18:35:27Z │ job-created                     │ 0ms     │ 0.0s   │
2026-09-22T18:36:49.3622260Z │ 2026-09-22T18:35:28Z │ job-received                    │ 1166ms  │ 1.17s  │
2026-09-22T18:36:49.3622967Z │ 2026-09-22T18:36:01Z │ job-scheduled                   │ 33557ms │ 34.72s │
2026-09-22T18:36:49.3623676Z │ 2026-09-22T18:36:03Z │ instance-pending                │ 1276ms  │ 36.00s │
2026-09-22T18:36:49.3624383Z │ 2026-09-22T18:36:04Z │ runner-registered               │ 1443ms  │ 37.44s │
2026-09-22T18:36:49.3625080Z │ 2026-09-22T18:36:44Z │ agent-booting                   │ 40282ms │ 77.73s │
2026-09-22T18:36:49.3625800Z │ 2026-09-22T18:36:44Z │ runner-setup-global-env         │ 15ms    │ 77.74s │
2026-09-22T18:36:49.3626492Z │ 2026-09-22T18:36:44Z │ runner-setup-user               │ 54ms    │ 77.80s │
2026-09-22T18:36:49.3627180Z │ 2026-09-22T18:36:44Z │ agent-metadata                  │ 88ms    │ 77.89s │
2026-09-22T18:36:49.3627855Z │ 2026-09-22T18:36:44Z │ instance-config                 │ 43ms    │ 77.93s │
2026-09-22T18:36:49.3628551Z │ 2026-09-22T18:36:44Z │ runner-otel-setup-tracer        │ 0ms     │ 77.93s │
2026-09-22T18:36:49.3629297Z │ 2026-09-22T18:36:44Z │ runner-otel-setup-collector     │ 0ms     │ 77.93s │
2026-09-22T18:36:49.3629979Z │ 2026-09-22T18:36:46Z │ runner-resize-disk              │ 1247ms  │ 79.18s │
2026-09-22T18:36:49.3630718Z │ 2026-09-22T18:36:46Z │ runner-prepare-mount-points     │ 0ms     │ 79.18s │
2026-09-22T18:36:49.3631413Z │ 2026-09-22T18:36:46Z │ runner-setup-mount-points       │ 66ms    │ 79.24s │
2026-09-22T18:36:49.3632109Z │ 2026-09-22T18:36:46Z │ runner-setup-agent              │ 3ms     │ 79.25s │
2026-09-22T18:36:49.3632834Z │ 2026-09-22T18:36:46Z │ runner-setup-aws-profile        │ 0ms     │ 79.25s │
2026-09-22T18:36:49.3633509Z │ 2026-09-22T18:36:46Z │ runner-setup-host               │ 0ms     │ 79.25s │
2026-09-22T18:36:49.3634189Z │ 2026-09-22T18:36:46Z │ runner-config                   │ 29ms    │ 79.28s │
2026-09-22T18:36:49.3634892Z │ 2026-09-22T18:36:46Z │ runner-otel-restart             │ 0ms     │ 79.28s │
2026-09-22T18:36:49.3635593Z │ 2026-09-22T18:36:46Z │ runner-env                      │ 4ms     │ 79.28s │
2026-09-22T18:36:49.3636284Z │ 2026-09-22T18:36:46Z │ runner-setup-integrations       │ 61ms    │ 79.34s │
2026-09-22T18:36:49.3637007Z │ 2026-09-22T18:36:46Z │ runner-chown-runner-directories │ 0ms     │ 79.34s │
2026-09-22T18:36:49.3637691Z │ 2026-09-22T18:36:46Z │ runner-start-local-server       │ 0ms     │ 79.34s │
2026-09-22T18:36:49.3638373Z │ 2026-09-22T18:36:46Z │ runner-setup-s3-cache           │ 15ms    │ 79.36s │
2026-09-22T18:36:49.3639072Z │ 2026-09-22T18:36:46Z │ runner-setup-hooks              │ 8ms     │ 79.37s │
2026-09-22T18:36:49.3639715Z └──────────────────────┴─────────────────────────────────┴─────────┴────────┘
2026-09-22T18:36:49.3640287Z ##[endgroup]
2026-09-22T18:36:49.3641031Z ##[group]GITHUB_TOKEN Permissions
2026-09-22T18:36:49.3642797Z Contents: read
2026-09-22T18:36:49.3643176Z Metadata: read
2026-09-22T18:36:49.3643682Z ##[endgroup]
2026-09-22T18:36:49.3645235Z Secret source: Actions
2026-09-22T18:36:49.3645906Z Cache mode: write
2026-09-22T18:36:49.3646492Z Prepare workflow directory
2026-09-22T18:36:49.3885023Z Prepare all required actions
2026-09-22T18:36:49.3918198Z Getting action download info
2026-09-22T18:36:49.5505768Z Download action repository 'runs-on/action@v2' (SHA:efac073ea2507ec18797de3a81704201ade11d9d)
2026-09-22T18:36:49.8444615Z Download action repository 'actions/checkout@3d3c42e5aac5ba805825da76410c181273ba90b1' (SHA:3d3c42e5aac5ba805825da76410c181273ba90b1)
2026-09-22T18:36:49.8717285Z Download action repository 'taiki-e/cache-cargo-install-action@66c9585ef5ca780ee69399975a5e911f47905995' (SHA:66c9585ef5ca780ee69399975a5e911f47905995)
2026-09-22T18:36:49.9381073Z Download action repository 'actions/download-artifact@3e5f45b2cfb9172054b4087a40e8e0b5a5461e7c' (SHA:3e5f45b2cfb9172054b4087a40e8e0b5a5461e7c)
2026-09-22T18:36:50.0468977Z Download action repository 'CodSpeedHQ/action@4296e51e7041e24dadb86d1d6e8b9320d223dbe8' (SHA:4296e51e7041e24dadb86d1d6e8b9320d223dbe8)
2026-09-22T18:36:50.1677770Z Getting action download info
2026-09-22T18:36:50.2569838Z Download action repository 'actions/cache@668228422ae6a00e4ad889ee87cd7109ec5666a7' (SHA:668228422ae6a00e4ad889ee87cd7109ec5666a7)
2026-09-22T18:36:50.3841260Z Getting action download info
2026-09-22T18:36:50.4793555Z Download action repository 'actions/github-script@ed597411d8f924073f98dfc5c65a23a2325f34cd' (SHA:ed597411d8f924073f98dfc5c65a23a2325f34cd)
2026-09-22T18:36:50.5868788Z Complete job name: Benchmark with Codspeed (avx2)
2026-09-22T18:36:50.6502839Z A job started hook has been configured by the self-hosted runner administrator
2026-09-22T18:36:50.6779383Z ##[group]Run '/runs-on/pre.sh'
2026-09-22T18:36:50.6799152Z shell: /usr/bin/bash --noprofile --norc -e -o pipefail {0}
2026-09-22T18:36:50.6799859Z ##[endgroup]
2026-09-22T18:36:50.6939445Z 
2026-09-22T18:36:50.6940276Z 👋 This self-hosted runner was launched with RunsOn (https://runs-on.com). Join the party!
2026-09-22T18:36:50.6940872Z 
2026-09-22T18:36:50.6949566Z ##[group]Job identity
2026-09-22T18:36:50.6950132Z Organization: vortex-data
2026-09-22T18:36:50.6950616Z Repository: vortex-data/vortex
2026-09-22T18:36:50.6951073Z Workflow: Codspeed Benchmarking
2026-09-22T18:36:50.6951516Z Job: bench-codspeed-cpu-features
2026-09-22T18:36:50.6952285Z ##[endgroup]
2026-09-22T18:36:50.6952494Z 
2026-09-22T18:36:50.6953037Z ##[group]💡 Additional environment variables available in your steps
2026-09-22T18:36:50.6953683Z ACTIONS_CACHE_SERVICE_V2=true
2026-09-22T18:36:50.6954269Z ACTIONS_CACHE_URL=http://10.1.11.123:6871/
2026-09-22T18:36:50.6954764Z ACTIONS_RESULTS_URL=http://10.1.11.123:6871/
2026-09-22T18:36:50.6955276Z ACTIONS_RUNNER_HOOK_JOB_COMPLETED=/runs-on/post.sh
2026-09-22T18:36:50.6955814Z ACTIONS_RUNNER_HOOK_JOB_STARTED=/runs-on/pre.sh
2026-09-22T18:36:50.6956313Z GITHUB_API_URL=https://api.github.com/
2026-09-22T18:36:50.6956768Z GITHUB_HOST=github.com
2026-09-22T18:36:50.6957224Z GITHUB_SERVER_URL=https://github.com/
2026-09-22T18:36:50.6957686Z RUNNER_TOOL_CACHE=/opt/hostedtoolcache
2026-09-22T18:36:50.6958141Z RUNS_ON_AGENT_ARCH=x64
2026-09-22T18:36:50.6958533Z RUNS_ON_AGENT_BINARY=/runs-on/agent
2026-09-22T18:36:50.6958991Z RUNS_ON_AGENT_USER=runner
2026-09-22T18:36:50.6959407Z RUNS_ON_AMI_ID=ami-0d8875560af9e1401
2026-09-22T18:36:50.6960039Z RUNS_ON_AWS_AZ=us-east-1a
2026-09-22T18:36:50.6960497Z RUNS_ON_AWS_REGION=us-east-1
2026-09-22T18:36:50.6960922Z RUNS_ON_ENV_CUSTOM_FILE=/runs-on/env.custom
2026-09-22T18:36:50.6961401Z RUNS_ON_HOME=/runs-on
2026-09-22T18:36:50.6961797Z RUNS_ON_INSTANCE_ID=i-0b270abe4cb8f1302
2026-09-22T18:36:50.6962261Z RUNS_ON_INSTANCE_LAUNCHED_AT=2026-09-22T18:36:01Z
2026-09-22T18:36:50.6962789Z RUNS_ON_INSTANCE_LIFECYCLE=spot
2026-09-22T18:36:50.6963210Z RUNS_ON_INSTANCE_TYPE=c7i.metal-24xl
2026-09-22T18:36:50.6963750Z RUNS_ON_RUNNER_NAME=runs-on--i-0b270abe4cb8f1302--9ece2925-5
2026-09-22T18:36:50.6964355Z RUNS_ON_S3_BUCKET_CACHE=runs-on-v3-s3bucketcache-dbnub4tpjhpv
2026-09-22T18:36:50.6964940Z RUNS_ON_S3_CACHE_REPO_PREFIX=cache/repo/vortex-data/vortex
2026-09-22T18:36:50.6965481Z RUNS_ON_STACK_NAME=runs-on-v3
2026-09-22T18:36:50.6965915Z RUNS_ON_VERSION=v3.3.0
2026-09-22T18:36:50.6966519Z ##[endgroup]
2026-09-22T18:36:50.6966728Z 
2026-09-22T18:36:50.7137650Z ##[group]Run runs-on/action@v2
2026-09-22T18:36:50.7138114Z with:
2026-09-22T18:36:50.7138558Z   show_env: false
2026-09-22T18:36:50.7138923Z   show_costs: inline
2026-09-22T18:36:50.7139348Z   network_interface: enp39s0
2026-09-22T18:36:50.7139747Z   disk_device: nvme0n1p1
2026-09-22T18:36:50.7142793Z   token: ***
2026-09-22T18:36:50.7143178Z   sticky_wait_timeout: 15m
2026-09-22T18:36:50.7143582Z env:
2026-09-22T18:36:50.7143930Z   CARGO_TERM_COLOR: always
2026-09-22T18:36:50.7144323Z   RUST_BACKTRACE: 1
2026-09-22T18:36:50.7144689Z   NIGHTLY_TOOLCHAIN: nightly-2026-09-10
2026-09-22T18:36:50.7145209Z   RUNNER_TOOL_CACHE: /opt/hostedtoolcache
2026-09-22T18:36:50.7145655Z   RUNS_ON_HOME: /runs-on
2026-09-22T18:36:50.7146054Z   RUNS_ON_VERSION: v3.3.0
2026-09-22T18:36:50.7146583Z   RUNS_ON_AGENT_BINARY: /runs-on/agent
2026-09-22T18:36:50.7147002Z   RUNS_ON_AGENT_ARCH: x64
2026-09-22T18:36:50.7147432Z   RUNS_ON_AGENT_USER: runner
2026-09-22T18:36:50.7147913Z   RUNS_ON_AMI_ID: ami-0d8875560af9e1401
2026-09-22T18:36:50.7148394Z   RUNS_ON_AWS_REGION: us-east-1
2026-09-22T18:36:50.7148806Z   RUNS_ON_AWS_AZ: us-east-1a
2026-09-22T18:36:50.7149257Z   RUNS_ON_ENV_CUSTOM_FILE: /runs-on/env.custom
2026-09-22T18:36:50.7149736Z   RUNS_ON_INSTANCE_ID: i-0b270abe4cb8f1302
2026-09-22T18:36:50.7150230Z   RUNS_ON_INSTANCE_LIFECYCLE: spot
2026-09-22T18:36:50.7150702Z   RUNS_ON_INSTANCE_TYPE: c7i.metal-24xl
2026-09-22T18:36:50.7151195Z   RUNS_ON_STACK_NAME: runs-on-v3
2026-09-22T18:36:50.7151712Z   RUNS_ON_S3_BUCKET_CACHE: runs-on-v3-s3bucketcache-dbnub4tpjhpv
2026-09-22T18:36:50.7152276Z   ACTIONS_RUNNER_HOOK_JOB_STARTED: /runs-on/pre.sh
2026-09-22T18:36:50.7152840Z   ACTIONS_RUNNER_HOOK_JOB_COMPLETED: /runs-on/post.sh
2026-09-22T18:36:50.7153351Z   GITHUB_SERVER_URL: https://github.com/
2026-09-22T18:36:50.7153838Z   GITHUB_API_URL: https://api.github.com/
2026-09-22T18:36:50.7154288Z   GITHUB_HOST: github.com
2026-09-22T18:36:50.7154755Z   RUNS_ON_RUNNER_NAME: runs-on--i-0b270abe4cb8f1302--9ece2925-5
2026-09-22T18:36:50.7155503Z   RUNS_ON_INSTANCE_LAUNCHED_AT: 2026-09-22T18:36:01Z
2026-09-22T18:36:50.7156014Z   ACTIONS_CACHE_URL: http://10.1.11.123:6871/
2026-09-22T18:36:50.7156494Z   ACTIONS_CACHE_SERVICE_V2: true
2026-09-22T18:36:50.7156948Z   ACTIONS_RESULTS_URL: http://10.1.11.123:6871/
2026-09-22T18:36:50.7157486Z   RUNS_ON_S3_CACHE_REPO_PREFIX: cache/repo/vortex-data/vortex
2026-09-22T18:36:50.7157977Z ##[endgroup]
2026-09-22T18:36:51.4682567Z Input 'show_env': false
2026-09-22T18:36:51.4683366Z Input 'show_costs': inline
2026-09-22T18:36:51.4684056Z Input 'metrics': []
2026-09-22T18:36:51.4684707Z Input 'network_interface': enp39s0
2026-09-22T18:36:51.4685496Z Input 'disk_device': nvme0n1p1
2026-09-22T18:36:51.4686217Z Input 'sccache': 
2026-09-22T18:36:51.4686802Z Input 'sticky_cache': []
2026-09-22T18:36:51.4687577Z Input 'sticky_wait_timeout': 15m0s
2026-09-22T18:36:51.4688827Z ZCTIONS_RESULTS_URL is set: https://results-receiver.actions.githubusercontent.com/
2026-09-22T18:36:51.4691361Z ZCTIONS_CACHE_URL is set: https://acghubeus1.actions.githubusercontent.com/XtqVEj2MXQCbzj6x6n8CMomnIjyhqqRNuSgameoSnKmgcNZw2F/
2026-09-22T18:36:51.4693277Z ACTIONS_RUNTIME_TOKEN is set.
2026-09-22T18:36:51.4694103Z Config update response status: 200 OK
2026-09-22T18:36:51.4695507Z show_costs is enabled. You will find cost details in the post-execution step of this action.
2026-09-22T18:36:51.4696879Z Action finished.
2026-09-22T18:36:51.5046533Z ##[group]Run actions/checkout@3d3c42e5aac5ba805825da76410c181273ba90b1
2026-09-22T18:36:51.5047612Z with:
2026-09-22T18:36:51.5048230Z   repository: vortex-data/vortex
2026-09-22T18:36:51.5055319Z   token: ***
2026-09-22T18:36:51.5055906Z   ssh-strict: true
2026-09-22T18:36:51.5056516Z   ssh-user: git
2026-09-22T18:36:51.5057143Z   persist-credentials: true
2026-09-22T18:36:51.5057849Z   clean: true
2026-09-22T18:36:51.5058483Z   sparse-checkout-cone-mode: true
2026-09-22T18:36:51.5059247Z   fetch-depth: 1
2026-09-22T18:36:51.5059873Z   fetch-tags: false
2026-09-22T18:36:51.5060530Z   show-progress: true
2026-09-22T18:36:51.5061165Z   lfs: false
2026-09-22T18:36:51.5061743Z   submodules: false
2026-09-22T18:36:51.5062392Z   set-safe-directory: true
2026-09-22T18:36:51.5063132Z   allow-unsafe-pr-checkout: false
2026-09-22T18:36:51.5063877Z env:
2026-09-22T18:36:51.5064440Z   CARGO_TERM_COLOR: always
2026-09-22T18:36:51.5065126Z   RUST_BACKTRACE: 1
2026-09-22T18:36:51.5065820Z   NIGHTLY_TOOLCHAIN: nightly-2026-09-10
2026-09-22T18:36:51.5066699Z   RUNNER_TOOL_CACHE: /opt/hostedtoolcache
2026-09-22T18:36:51.5067972Z   RUNS_ON_HOME: /runs-on
2026-09-22T18:36:51.5069689Z   RUNS_ON_VERSION: v3.3.0
2026-09-22T18:36:51.5070475Z   RUNS_ON_AGENT_BINARY: /runs-on/agent
2026-09-22T18:36:51.5071321Z   RUNS_ON_AGENT_ARCH: x64
2026-09-22T18:36:51.5072024Z   RUNS_ON_AGENT_USER: runner
2026-09-22T18:36:51.5072873Z   RUNS_ON_AMI_ID: ami-0d8875560af9e1401
2026-09-22T18:36:51.5073716Z   RUNS_ON_AWS_REGION: us-east-1
2026-09-22T18:36:51.5074486Z   RUNS_ON_AWS_AZ: us-east-1a
2026-09-22T18:36:51.5075302Z   RUNS_ON_ENV_CUSTOM_FILE: /runs-on/env.custom
2026-09-22T18:36:51.5076249Z   RUNS_ON_INSTANCE_ID: i-0b270abe4cb8f1302
2026-09-22T18:36:51.5077127Z   RUNS_ON_INSTANCE_LIFECYCLE: spot
2026-09-22T18:36:51.5077969Z   RUNS_ON_INSTANCE_TYPE: c7i.metal-24xl
2026-09-22T18:36:51.5078834Z   RUNS_ON_STACK_NAME: runs-on-v3
2026-09-22T18:36:51.5079814Z   RUNS_ON_S3_BUCKET_CACHE: runs-on-v3-s3bucketcache-dbnub4tpjhpv
2026-09-22T18:36:51.5080989Z   ACTIONS_RUNNER_HOOK_JOB_STARTED: /runs-on/pre.sh
2026-09-22T18:36:51.5082025Z   ACTIONS_RUNNER_HOOK_JOB_COMPLETED: /runs-on/post.sh
2026-09-22T18:36:51.5083024Z   GITHUB_SERVER_URL: https://github.com/
2026-09-22T18:36:51.5083918Z   GITHUB_API_URL: https://api.github.com/
2026-09-22T18:36:51.5084774Z   GITHUB_HOST: github.com
2026-09-22T18:36:51.5085661Z   RUNS_ON_RUNNER_NAME: runs-on--i-0b270abe4cb8f1302--9ece2925-5
2026-09-22T18:36:51.5086776Z   RUNS_ON_INSTANCE_LAUNCHED_AT: 2026-09-22T18:36:01Z
2026-09-22T18:36:51.5087744Z   ACTIONS_CACHE_URL: http://10.1.11.123:6871/
2026-09-22T18:36:51.5088627Z   ACTIONS_CACHE_SERVICE_V2: true
2026-09-22T18:36:51.5089468Z   ACTIONS_RESULTS_URL: http://10.1.11.123:6871/
2026-09-22T18:36:51.5090556Z   RUNS_ON_S3_CACHE_REPO_PREFIX: cache/repo/vortex-data/vortex
2026-09-22T18:36:51.5091604Z   RUNS_ON_ACTION_COST_TRACKING_CLAIMED: true
2026-09-22T18:36:51.5092423Z ##[endgroup]
2026-09-22T18:36:51.6269594Z Syncing repository: vortex-data/vortex
2026-09-22T18:36:51.6271147Z ##[group]Getting Git version info
2026-09-22T18:36:51.6272124Z Working directory is '/home/runner/_work/vortex/vortex'
2026-09-22T18:36:51.6273546Z [command]/usr/bin/git version
2026-09-22T18:36:51.6280547Z git version 2.55.0
2026-09-22T18:36:51.6291452Z ##[endgroup]
2026-09-22T18:36:51.6296810Z Temporarily overriding HOME='/home/runner/_work/_temp/65279313-1ef1-4c44-be81-7c49ed0986a8' before making global git config changes
2026-09-22T18:36:51.6298919Z Adding repository directory to the temporary git global config as a safe directory
2026-09-22T18:36:51.6300637Z [command]/usr/bin/git config --global --add safe.directory /home/runner/_work/vortex/vortex
2026-09-22T18:36:51.6316694Z Deleting the contents of '/home/runner/_work/vortex/vortex'
2026-09-22T18:36:51.6318321Z ##[group]Determining repository object format
2026-09-22T18:36:51.6319564Z ##[endgroup]
2026-09-22T18:36:51.6320601Z ##[group]Initializing the repository
2026-09-22T18:36:51.6321716Z [command]/usr/bin/git init /home/runner/_work/vortex/vortex
2026-09-22T18:36:51.6482521Z hint: Using 'master' as the name for the initial branch. This default branch name
2026-09-22T18:36:51.6483984Z hint: will change to "main" in Git 3.0. To configure the initial branch name
2026-09-22T18:36:51.6485424Z hint: to use in all of your new repositories, which will suppress this warning,
2026-09-22T18:36:51.6486550Z hint: call:
2026-09-22T18:36:51.6487117Z hint:
2026-09-22T18:36:51.6487827Z hint: 	git config --global init.defaultBranch <name>
2026-09-22T18:36:51.6488721Z hint:
2026-09-22T18:36:51.6489567Z hint: Names commonly chosen instead of 'master' are 'main', 'trunk' and
2026-09-22T18:36:51.6491011Z hint: 'development'. The just-created branch can be renamed via this command:
2026-09-22T18:36:51.6492120Z hint:
2026-09-22T18:36:51.6492716Z hint: 	git branch -m <name>
2026-09-22T18:36:51.6493397Z hint:
2026-09-22T18:36:51.6494311Z hint: Disable this message with "git config set advice.defaultBranchName false"
2026-09-22T18:36:51.6495783Z Initialized empty Git repository in /home/runner/_work/vortex/vortex/.git/
2026-09-22T18:36:51.6498059Z [command]/usr/bin/git remote add origin https://github.com/vortex-data/vortex
2026-09-22T18:36:51.6548647Z ##[endgroup]
2026-09-22T18:36:51.6549692Z ##[group]Disabling automatic garbage collection
2026-09-22T18:36:51.6550680Z [command]/usr/bin/git config --local gc.auto 0
2026-09-22T18:36:51.6567199Z ##[endgroup]
2026-09-22T18:36:51.6568274Z ##[group]Setting up auth
2026-09-22T18:36:51.6568997Z Removing SSH command configuration
2026-09-22T18:36:51.6570396Z [command]/usr/bin/git config --local --name-only --get-regexp core\.sshCommand
2026-09-22T18:36:51.6590708Z [command]/usr/bin/git submodule foreach --recursive sh -c "git config --local --name-only --get-regexp 'core\.sshCommand' && git config --local --unset-all 'core.sshCommand' || :"
2026-09-22T18:36:51.7069138Z Removing HTTP extra header
2026-09-22T18:36:51.7071111Z [command]/usr/bin/git config --local --name-only --get-regexp http\.https\:\/\/github\.com\/\.extraheader
2026-09-22T18:36:51.7090275Z [command]/usr/bin/git submodule foreach --recursive sh -c "git config --local --name-only --get-regexp 'http\.https\:\/\/github\.com\/\.extraheader' && git config --local --unset-all 'http.https://github.com/.extraheader' || :"
2026-09-22T18:36:51.7229020Z Removing includeIf entries pointing to credentials config files
2026-09-22T18:36:51.7230623Z [command]/usr/bin/git config --local --name-only --get-regexp ^includeIf\.gitdir:
2026-09-22T18:36:51.7251702Z [command]/usr/bin/git submodule foreach --recursive git config --local --show-origin --name-only --get-regexp remote.origin.url
2026-09-22T18:36:51.7386943Z [command]/usr/bin/git config --file /home/runner/_work/_temp/git-credentials-646369ee-f130-43e5-9df4-d8ea8e217d72.config http.https://github.com/.extraheader AUTHORIZATION: basic ***
2026-09-22T18:36:51.7409590Z [command]/usr/bin/git config --local includeIf.gitdir:/home/runner/_work/vortex/vortex/.git.path /home/runner/_work/_temp/git-credentials-646369ee-f130-43e5-9df4-d8ea8e217d72.config
2026-09-22T18:36:51.7426114Z [command]/usr/bin/git config --local includeIf.gitdir:/home/runner/_work/vortex/vortex/.git/worktrees/*.path /home/runner/_work/_temp/git-credentials-646369ee-f130-43e5-9df4-d8ea8e217d72.config
2026-09-22T18:36:51.7447994Z [command]/usr/bin/git config --local includeIf.gitdir:/github/workspace/.git.path /github/runner_temp/git-credentials-646369ee-f130-43e5-9df4-d8ea8e217d72.config
2026-09-22T18:36:51.7465688Z [command]/usr/bin/git config --local includeIf.gitdir:/github/workspace/.git/worktrees/*.path /github/runner_temp/git-credentials-646369ee-f130-43e5-9df4-d8ea8e217d72.config
2026-09-22T18:36:51.7480187Z ##[endgroup]
2026-09-22T18:36:51.7481233Z ##[group]Fetching the repository
2026-09-22T18:36:51.7485257Z [command]/usr/bin/git -c protocol.version=2 fetch --no-tags --prune --no-recurse-submodules --depth=1 origin +154870b58a0192d7b99453241908fe4652ac66f0:refs/remotes/pull/9987/merge
2026-09-22T18:36:52.1412112Z From https://github.com/vortex-data/vortex
2026-09-22T18:36:52.1412552Z  * [new ref]         154870b58a0192d7b99453241908fe4652ac66f0 -> pull/9987/merge
2026-09-22T18:36:52.1413484Z ##[endgroup]
2026-09-22T18:36:52.1413795Z ##[group]Determining the checkout info
2026-09-22T18:36:52.1414116Z ##[endgroup]
2026-09-22T18:36:52.1415418Z [command]/usr/bin/git sparse-checkout disable
2026-09-22T18:36:52.1479638Z [command]/usr/bin/git config --local --unset-all extensions.worktreeConfig
2026-09-22T18:36:52.1497462Z ##[group]Checking out the ref
2026-09-22T18:36:52.1501808Z [command]/usr/bin/git checkout --progress --force refs/remotes/pull/9987/merge
2026-09-22T18:36:52.2940167Z Note: switching to 'refs/remotes/pull/9987/merge'.
2026-09-22T18:36:52.2940395Z 
2026-09-22T18:36:52.2940582Z You are in 'detached HEAD' state. You can look around, make experimental
2026-09-22T18:36:52.2940927Z changes and commit them, and you can discard any commits you make in this
2026-09-22T18:36:52.2941301Z state without impacting any branches by switching back to a branch.
2026-09-22T18:36:52.2941505Z 
2026-09-22T18:36:52.2941669Z If you want to create a new branch to retain commits you create, you may
2026-09-22T18:36:52.2941990Z do so (now or later) by using -c with the switch command. Example:
2026-09-22T18:36:52.2942176Z 
2026-09-22T18:36:52.2942272Z   git switch -c <new-branch-name>
2026-09-22T18:36:52.2942397Z 
2026-09-22T18:36:52.2942487Z Or undo this operation with:
2026-09-22T18:36:52.2942823Z 
2026-09-22T18:36:52.2942902Z   git switch -
2026-09-22T18:36:52.2943008Z 
2026-09-22T18:36:52.2943219Z Turn off this advice by setting config variable advice.detachedHead to false
2026-09-22T18:36:52.2943484Z 
2026-09-22T18:36:52.2943714Z HEAD is now at 154870b Merge 6c33a302726e85e78528719efd26627a352600ec into 133aacdb7ef30f781552ec1f1d6ada9193bc9b4e
2026-09-22T18:36:52.2949647Z ##[endgroup]
2026-09-22T18:36:52.2978760Z [command]/usr/bin/git log -1 --format=%H
2026-09-22T18:36:52.2993388Z 154870b58a0192d7b99453241908fe4652ac66f0
2026-09-22T18:36:52.3146760Z Prepare all required actions
2026-09-22T18:36:52.3147194Z Getting action download info
2026-09-22T18:36:52.3995186Z Download action repository 'dtolnay/rust-toolchain@6bed0761d98439e5a578e2877258200ad565ba87' (SHA:6bed0761d98439e5a578e2877258200ad565ba87)
2026-09-22T18:36:52.4845782Z ##[group]Run ./.github/actions/setup-prebuild
2026-09-22T18:36:52.4846025Z with:
2026-09-22T18:36:52.4847890Z   repo-token: ***
2026-09-22T18:36:52.4848081Z   components: clippy, rustfmt
2026-09-22T18:36:52.4848296Z   protoc-version: 29.3
2026-09-22T18:36:52.4848485Z   enable-sccache: false
2026-09-22T18:36:52.4848659Z env:
2026-09-22T18:36:52.4848809Z   CARGO_TERM_COLOR: always
2026-09-22T18:36:52.4848995Z   RUST_BACKTRACE: 1
2026-09-22T18:36:52.4849174Z   NIGHTLY_TOOLCHAIN: nightly-2026-09-10
2026-09-22T18:36:52.4849410Z   RUNNER_TOOL_CACHE: /opt/hostedtoolcache
2026-09-22T18:36:52.4849620Z   RUNS_ON_HOME: /runs-on
2026-09-22T18:36:52.4849796Z   RUNS_ON_VERSION: v3.3.0
2026-09-22T18:36:52.4850028Z   RUNS_ON_AGENT_BINARY: /runs-on/agent
2026-09-22T18:36:52.4850366Z   RUNS_ON_AGENT_ARCH: x64
2026-09-22T18:36:52.4850551Z   RUNS_ON_AGENT_USER: runner
2026-09-22T18:36:52.4850747Z   RUNS_ON_AMI_ID: ami-0d8875560af9e1401
2026-09-22T18:36:52.4850956Z   RUNS_ON_AWS_REGION: us-east-1
2026-09-22T18:36:52.4851164Z   RUNS_ON_AWS_AZ: us-east-1a
2026-09-22T18:36:52.4851372Z   RUNS_ON_ENV_CUSTOM_FILE: /runs-on/env.custom
2026-09-22T18:36:52.4851614Z   RUNS_ON_INSTANCE_ID: i-0b270abe4cb8f1302
2026-09-22T18:36:52.4851836Z   RUNS_ON_INSTANCE_LIFECYCLE: spot
2026-09-22T18:36:52.4852038Z   RUNS_ON_INSTANCE_TYPE: c7i.metal-24xl
2026-09-22T18:36:52.4852244Z   RUNS_ON_STACK_NAME: runs-on-v3
2026-09-22T18:36:52.4852497Z   RUNS_ON_S3_BUCKET_CACHE: runs-on-v3-s3bucketcache-dbnub4tpjhpv
2026-09-22T18:36:52.4852783Z   ACTIONS_RUNNER_HOOK_JOB_STARTED: /runs-on/pre.sh
2026-09-22T18:36:52.4853038Z   ACTIONS_RUNNER_HOOK_JOB_COMPLETED: /runs-on/post.sh
2026-09-22T18:36:52.4853291Z   GITHUB_SERVER_URL: https://github.com/
2026-09-22T18:36:52.4853522Z   GITHUB_API_URL: https://api.github.com/
2026-09-22T18:36:52.4853736Z   GITHUB_HOST: github.com
2026-09-22T18:36:52.4853973Z   RUNS_ON_RUNNER_NAME: runs-on--i-0b270abe4cb8f1302--9ece2925-5
2026-09-22T18:36:52.4854255Z   RUNS_ON_INSTANCE_LAUNCHED_AT: 2026-09-22T18:36:01Z
2026-09-22T18:36:52.4854502Z   ACTIONS_CACHE_URL: http://10.1.11.123:6871/
2026-09-22T18:36:52.4854722Z   ACTIONS_CACHE_SERVICE_V2: true
2026-09-22T18:36:52.4854941Z   ACTIONS_RESULTS_URL: http://10.1.11.123:6871/
2026-09-22T18:36:52.4855213Z   RUNS_ON_S3_CACHE_REPO_PREFIX: cache/repo/vortex-data/vortex
2026-09-22T18:36:52.4855469Z   RUNS_ON_ACTION_COST_TRACKING_CLAIMED: true
2026-09-22T18:36:52.4855677Z ##[endgroup]
2026-09-22T18:36:52.4901177Z ##[start-action display=Resolve toolchain config;id=__self.toolchain-config]
2026-09-22T18:36:52.4931931Z ##[group]Run DEFAULT_VERSION=$(grep channel rust-toolchain.toml | awk -F'"' '{print $2}')
2026-09-22T18:36:52.4932413Z [36;1mDEFAULT_VERSION=$(grep channel rust-toolchain.toml | awk -F'"' '{print $2}')[0m
2026-09-22T18:36:52.4932764Z [36;1mTOOLCHAIN="${TOOLCHAIN_OVERRIDE:-$DEFAULT_VERSION}"[0m
2026-09-22T18:36:52.4933050Z [36;1mecho "toolchain=$TOOLCHAIN" >> "$GITHUB_OUTPUT"[0m
2026-09-22T18:36:52.4933338Z [36;1mecho "RUSTUP_TOOLCHAIN=$DEFAULT_VERSION" >> "$GITHUB_ENV"[0m
2026-09-22T18:36:52.4955768Z shell: /usr/bin/bash --noprofile --norc -e -o pipefail {0}
2026-09-22T18:36:52.4956015Z env:
2026-09-22T18:36:52.4956282Z   CARGO_TERM_COLOR: always
2026-09-22T18:36:52.4956467Z   RUST_BACKTRACE: 1
2026-09-22T18:36:52.4956654Z   NIGHTLY_TOOLCHAIN: nightly-2026-09-10
2026-09-22T18:36:52.4956879Z   RUNNER_TOOL_CACHE: /opt/hostedtoolcache
2026-09-22T18:36:52.4957091Z   RUNS_ON_HOME: /runs-on
2026-09-22T18:36:52.4957272Z   RUNS_ON_VERSION: v3.3.0
2026-09-22T18:36:52.4957464Z   RUNS_ON_AGENT_BINARY: /runs-on/agent
2026-09-22T18:36:52.4957673Z   RUNS_ON_AGENT_ARCH: x64
2026-09-22T18:36:52.4957852Z   RUNS_ON_AGENT_USER: runner
2026-09-22T18:36:52.4958124Z   RUNS_ON_AMI_ID: ami-0d8875560af9e1401
2026-09-22T18:36:52.4958334Z   RUNS_ON_AWS_REGION: us-east-1
2026-09-22T18:36:52.4958533Z   RUNS_ON_AWS_AZ: us-east-1a
2026-09-22T18:36:52.4958740Z   RUNS_ON_ENV_CUSTOM_FILE: /runs-on/env.custom
2026-09-22T18:36:52.4958984Z   RUNS_ON_INSTANCE_ID: i-0b270abe4cb8f1302
2026-09-22T18:36:52.4959204Z   RUNS_ON_INSTANCE_LIFECYCLE: spot
2026-09-22T18:36:52.4959418Z   RUNS_ON_INSTANCE_TYPE: c7i.metal-24xl
2026-09-22T18:36:52.4959628Z   RUNS_ON_STACK_NAME: runs-on-v3
2026-09-22T18:36:52.4959878Z   RUNS_ON_S3_BUCKET_CACHE: runs-on-v3-s3bucketcache-dbnub4tpjhpv
2026-09-22T18:36:52.4960233Z   ACTIONS_RUNNER_HOOK_JOB_STARTED: /runs-on/pre.sh
2026-09-22T18:36:52.4960494Z   ACTIONS_RUNNER_HOOK_JOB_COMPLETED: /runs-on/post.sh
2026-09-22T18:36:52.4960748Z   GITHUB_SERVER_URL: https://github.com/
2026-09-22T18:36:52.4961018Z   GITHUB_API_URL: https://api.github.com/
2026-09-22T18:36:52.4961231Z   GITHUB_HOST: github.com
2026-09-22T18:36:52.4961462Z   RUNS_ON_RUNNER_NAME: runs-on--i-0b270abe4cb8f1302--9ece2925-5
2026-09-22T18:36:52.4961771Z   RUNS_ON_INSTANCE_LAUNCHED_AT: 2026-09-22T18:36:01Z
2026-09-22T18:36:52.4962033Z   ACTIONS_CACHE_URL: http://10.1.11.123:6871/
2026-09-22T18:36:52.4962254Z   ACTIONS_CACHE_SERVICE_V2: true
2026-09-22T18:36:52.4962465Z   ACTIONS_RESULTS_URL: http://10.1.11.123:6871/
2026-09-22T18:36:52.4962732Z   RUNS_ON_S3_CACHE_REPO_PREFIX: cache/repo/vortex-data/vortex
2026-09-22T18:36:52.4962992Z   RUNS_ON_ACTION_COST_TRACKING_CLAIMED: true
2026-09-22T18:36:52.4963219Z   TOOLCHAIN_OVERRIDE: 
2026-09-22T18:36:52.4963388Z ##[endgroup]
2026-09-22T18:36:52.5034901Z ##[end-action id=__self.toolchain-config;outcome=success;conclusion=success;duration_ms=13]
2026-09-22T18:36:52.5036764Z ##[start-action display=Check for rustup;id=__self.check-rustup]
2026-09-22T18:36:52.5053885Z ##[group]Run echo "exists=$(command -v rustup &> /dev/null && echo 'true' || echo 'false')" >> "$GITHUB_OUTPUT"
2026-09-22T18:36:52.5054395Z [36;1mecho "exists=$(command -v rustup &> /dev/null && echo 'true' || echo 'false')" >> "$GITHUB_OUTPUT"[0m
2026-09-22T18:36:52.5075311Z shell: /usr/bin/bash --noprofile --norc -e -o pipefail {0}
2026-09-22T18:36:52.5075572Z env:
2026-09-22T18:36:52.5075742Z   CARGO_TERM_COLOR: always
2026-09-22T18:36:52.5075925Z   RUST_BACKTRACE: 1
2026-09-22T18:36:52.5076105Z   NIGHTLY_TOOLCHAIN: nightly-2026-09-10
2026-09-22T18:36:52.5076326Z   RUNNER_TOOL_CACHE: /opt/hostedtoolcache
2026-09-22T18:36:52.5076537Z   RUNS_ON_HOME: /runs-on
2026-09-22T18:36:52.5076733Z   RUNS_ON_VERSION: v3.3.0
2026-09-22T18:36:52.5076926Z   RUNS_ON_AGENT_BINARY: /runs-on/agent
2026-09-22T18:36:52.5077130Z   RUNS_ON_AGENT_ARCH: x64
2026-09-22T18:36:52.5077314Z   RUNS_ON_AGENT_USER: runner
2026-09-22T18:36:52.5077507Z   RUNS_ON_AMI_ID: ami-0d8875560af9e1401
2026-09-22T18:36:52.5077709Z   RUNS_ON_AWS_REGION: us-east-1
2026-09-22T18:36:52.5077899Z   RUNS_ON_AWS_AZ: us-east-1a
2026-09-22T18:36:52.5078114Z   RUNS_ON_ENV_CUSTOM_FILE: /runs-on/env.custom
2026-09-22T18:36:52.5078341Z   RUNS_ON_INSTANCE_ID: i-0b270abe4cb8f1302
2026-09-22T18:36:52.5078558Z   RUNS_ON_INSTANCE_LIFECYCLE: spot
2026-09-22T18:36:52.5078762Z   RUNS_ON_INSTANCE_TYPE: c7i.metal-24xl
2026-09-22T18:36:52.5078967Z   RUNS_ON_STACK_NAME: runs-on-v3
2026-09-22T18:36:52.5079222Z   RUNS_ON_S3_BUCKET_CACHE: runs-on-v3-s3bucketcache-dbnub4tpjhpv
2026-09-22T18:36:52.5079518Z   ACTIONS_RUNNER_HOOK_JOB_STARTED: /runs-on/pre.sh
2026-09-22T18:36:52.5079777Z   ACTIONS_RUNNER_HOOK_JOB_COMPLETED: /runs-on/post.sh
2026-09-22T18:36:52.5080161Z   GITHUB_SERVER_URL: https://github.com/
2026-09-22T18:36:52.5080398Z   GITHUB_API_URL: https://api.github.com/
2026-09-22T18:36:52.5080616Z   GITHUB_HOST: github.com
2026-09-22T18:36:52.5080859Z   RUNS_ON_RUNNER_NAME: runs-on--i-0b270abe4cb8f1302--9ece2925-5
2026-09-22T18:36:52.5081137Z   RUNS_ON_INSTANCE_LAUNCHED_AT: 2026-09-22T18:36:01Z
2026-09-22T18:36:52.5081383Z   ACTIONS_CACHE_URL: http://10.1.11.123:6871/
2026-09-22T18:36:52.5081605Z   ACTIONS_CACHE_SERVICE_V2: true
2026-09-22T18:36:52.5081819Z   ACTIONS_RESULTS_URL: http://10.1.11.123:6871/
2026-09-22T18:36:52.5082149Z   RUNS_ON_S3_CACHE_REPO_PREFIX: cache/repo/vortex-data/vortex
2026-09-22T18:36:52.5082422Z   RUNS_ON_ACTION_COST_TRACKING_CLAIMED: true
2026-09-22T18:36:52.5082650Z   RUSTUP_TOOLCHAIN: 1.98.0
2026-09-22T18:36:52.5082830Z ##[endgroup]
2026-09-22T18:36:52.5125875Z ##[end-action id=__self.check-rustup;outcome=success;conclusion=success;duration_ms=8]
2026-09-22T18:36:52.5127555Z ##[start-action display=Install Rust;id=__self.__dtolnay_rust-toolchain]
2026-09-22T18:36:52.5134971Z ##[end-action id=__self.__dtolnay_rust-toolchain;outcome=skipped;conclusion=skipped;duration_ms=0]
2026-09-22T18:36:52.5137427Z ##[start-action display=Reconcile prebuilt Rust installation;id=__self.__run]
2026-09-22T18:36:52.5155157Z ##[group]Run TOOLCHAIN_FOUND=false
2026-09-22T18:36:52.5155435Z [36;1mTOOLCHAIN_FOUND=false[0m
2026-09-22T18:36:52.5155705Z [36;1mfor INSTALLED in $(rustup toolchain list | awk '{print $1}'); do[0m
2026-09-22T18:36:52.5155992Z [36;1m  case "$INSTALLED" in[0m
2026-09-22T18:36:52.5156245Z [36;1m    "$TOOLCHAIN"|"$TOOLCHAIN"-*) TOOLCHAIN_FOUND=true ;;[0m
2026-09-22T18:36:52.5156488Z [36;1m  esac[0m
2026-09-22T18:36:52.5156650Z [36;1mdone[0m
2026-09-22T18:36:52.5156829Z [36;1mif [ "$TOOLCHAIN_FOUND" != true ]; then[0m
2026-09-22T18:36:52.5157194Z [36;1m  rustup toolchain install "$TOOLCHAIN" --profile minimal[0m
2026-09-22T18:36:52.5157454Z [36;1mfi[0m
2026-09-22T18:36:52.5157606Z [36;1m[0m
2026-09-22T18:36:52.5157827Z [36;1mTOOLCHAIN_HOST=$(rustc +"$TOOLCHAIN" --print host-tuple)[0m
2026-09-22T18:36:52.5158210Z [36;1mINSTALLED_COMPONENTS=$(rustup component list --toolchain "$TOOLCHAIN" --installed)[0m
2026-09-22T18:36:52.5158532Z [36;1mMISSING_COMPONENTS=()[0m
2026-09-22T18:36:52.5158772Z [36;1mIFS=',' read -ra REQUESTED_COMPONENTS <<< "$COMPONENTS"[0m
2026-09-22T18:36:52.5159056Z [36;1mfor COMPONENT in "${REQUESTED_COMPONENTS[@]}"; do[0m
2026-09-22T18:36:52.5159316Z [36;1m  COMPONENT=${COMPONENT// /}[0m
2026-09-22T18:36:52.5159541Z [36;1m  [ -z "$COMPONENT" ] && continue[0m
2026-09-22T18:36:52.5159769Z [36;1m  if [ "$COMPONENT" = llvm-tools ]; then[0m
2026-09-22T18:36:52.5160011Z [36;1m    COMPONENT=llvm-tools-preview[0m
2026-09-22T18:36:52.5160273Z [36;1m  fi[0m
2026-09-22T18:36:52.5160494Z [36;1m  if ! grep -Fqx "$COMPONENT" <<< "$INSTALLED_COMPONENTS" && \[0m
2026-09-22T18:36:52.5160844Z [36;1m     ! grep -Fqx "$COMPONENT-$TOOLCHAIN_HOST" <<< "$INSTALLED_COMPONENTS"; then[0m
2026-09-22T18:36:52.5161178Z [36;1m    MISSING_COMPONENTS+=("$COMPONENT")[0m
2026-09-22T18:36:52.5161391Z [36;1m  fi[0m
2026-09-22T18:36:52.5161546Z [36;1mdone[0m
2026-09-22T18:36:52.5161735Z [36;1mif [ ${#MISSING_COMPONENTS[@]} -gt 0 ]; then[0m
2026-09-22T18:36:52.5162045Z [36;1m  rustup component add --toolchain "$TOOLCHAIN" "${MISSING_COMPONENTS[@]}"[0m
2026-09-22T18:36:52.5162325Z [36;1mfi[0m
2026-09-22T18:36:52.5162483Z [36;1m[0m
2026-09-22T18:36:52.5162735Z [36;1mINSTALLED_TARGETS=$(rustup target list --toolchain "$TOOLCHAIN" --installed)[0m
2026-09-22T18:36:52.5163045Z [36;1mMISSING_TARGETS=()[0m
2026-09-22T18:36:52.5163267Z [36;1mIFS=',' read -ra REQUESTED_TARGETS <<< "$TARGETS"[0m
2026-09-22T18:36:52.5163532Z [36;1mfor TARGET in "${REQUESTED_TARGETS[@]}"; do[0m
2026-09-22T18:36:52.5163766Z [36;1m  TARGET=${TARGET// /}[0m
2026-09-22T18:36:52.5163966Z [36;1m  [ -z "$TARGET" ] && continue[0m
2026-09-22T18:36:52.5164211Z [36;1m  if ! grep -Fqx "$TARGET" <<< "$INSTALLED_TARGETS"; then[0m
2026-09-22T18:36:52.5164553Z [36;1m    MISSING_TARGETS+=("$TARGET")[0m
2026-09-22T18:36:52.5164755Z [36;1m  fi[0m
2026-09-22T18:36:52.5164908Z [36;1mdone[0m
2026-09-22T18:36:52.5165099Z [36;1mif [ ${#MISSING_TARGETS[@]} -gt 0 ]; then[0m
2026-09-22T18:36:52.5165393Z [36;1m  rustup target add --toolchain "$TOOLCHAIN" "${MISSING_TARGETS[@]}"[0m
2026-09-22T18:36:52.5165663Z [36;1mfi[0m
2026-09-22T18:36:52.5185900Z shell: /usr/bin/bash --noprofile --norc -e -o pipefail {0}
2026-09-22T18:36:52.5186161Z env:
2026-09-22T18:36:52.5186398Z   CARGO_TERM_COLOR: always
2026-09-22T18:36:52.5186582Z   RUST_BACKTRACE: 1
2026-09-22T18:36:52.5186765Z   NIGHTLY_TOOLCHAIN: nightly-2026-09-10
2026-09-22T18:36:52.5187000Z   RUNNER_TOOL_CACHE: /opt/hostedtoolcache
2026-09-22T18:36:52.5187212Z   RUNS_ON_HOME: /runs-on
2026-09-22T18:36:52.5187398Z   RUNS_ON_VERSION: v3.3.0
2026-09-22T18:36:52.5187640Z   RUNS_ON_AGENT_BINARY: /runs-on/agent
2026-09-22T18:36:52.5187841Z   RUNS_ON_AGENT_ARCH: x64
2026-09-22T18:36:52.5188026Z   RUNS_ON_AGENT_USER: runner
2026-09-22T18:36:52.5188218Z   RUNS_ON_AMI_ID: ami-0d8875560af9e1401
2026-09-22T18:36:52.5188435Z   RUNS_ON_AWS_REGION: us-east-1
2026-09-22T18:36:52.5188631Z   RUNS_ON_AWS_AZ: us-east-1a
2026-09-22T18:36:52.5188836Z   RUNS_ON_ENV_CUSTOM_FILE: /runs-on/env.custom
2026-09-22T18:36:52.5189068Z   RUNS_ON_INSTANCE_ID: i-0b270abe4cb8f1302
2026-09-22T18:36:52.5189289Z   RUNS_ON_INSTANCE_LIFECYCLE: spot
2026-09-22T18:36:52.5189494Z   RUNS_ON_INSTANCE_TYPE: c7i.metal-24xl
2026-09-22T18:36:52.5189710Z   RUNS_ON_STACK_NAME: runs-on-v3
2026-09-22T18:36:52.5189957Z   RUNS_ON_S3_BUCKET_CACHE: runs-on-v3-s3bucketcache-dbnub4tpjhpv
2026-09-22T18:36:52.5190282Z   ACTIONS_RUNNER_HOOK_JOB_STARTED: /runs-on/pre.sh
2026-09-22T18:36:52.5190542Z   ACTIONS_RUNNER_HOOK_JOB_COMPLETED: /runs-on/post.sh
2026-09-22T18:36:52.5190801Z   GITHUB_SERVER_URL: https://github.com/
2026-09-22T18:36:52.5191025Z   GITHUB_API_URL: https://api.github.com/
2026-09-22T18:36:52.5191243Z   GITHUB_HOST: github.com
2026-09-22T18:36:52.5191477Z   RUNS_ON_RUNNER_NAME: runs-on--i-0b270abe4cb8f1302--9ece2925-5
2026-09-22T18:36:52.5191758Z   RUNS_ON_INSTANCE_LAUNCHED_AT: 2026-09-22T18:36:01Z
2026-09-22T18:36:52.5192002Z   ACTIONS_CACHE_URL: http://10.1.11.123:6871/
2026-09-22T18:36:52.5192225Z   ACTIONS_CACHE_SERVICE_V2: true
2026-09-22T18:36:52.5192441Z   ACTIONS_RESULTS_URL: http://10.1.11.123:6871/
2026-09-22T18:36:52.5192708Z   RUNS_ON_S3_CACHE_REPO_PREFIX: cache/repo/vortex-data/vortex
2026-09-22T18:36:52.5192968Z   RUNS_ON_ACTION_COST_TRACKING_CLAIMED: true
2026-09-22T18:36:52.5193184Z   RUSTUP_TOOLCHAIN: 1.98.0
2026-09-22T18:36:52.5193364Z   TOOLCHAIN: 1.98.0
2026-09-22T18:36:52.5193538Z   COMPONENTS: clippy, rustfmt
2026-09-22T18:36:52.5193728Z   TARGETS: 
2026-09-22T18:36:52.5193878Z ##[endgroup]
2026-09-22T18:36:52.7057973Z info: syncing channel updates for 1.98.0-x86_64-unknown-linux-gnu
2026-09-22T18:36:52.8205706Z info: latest update on 2026-08-20 for version 1.98.0 (88d9e12ae 2026-08-18)
2026-09-22T18:36:52.8230580Z info: downloading 3 components
2026-09-22T18:36:59.9542942Z info: syncing channel updates for 1.98.0-x86_64-unknown-linux-gnu
2026-09-22T18:36:59.9899572Z 
2026-09-22T18:36:59.9950719Z   1.98.0-x86_64-unknown-linux-gnu unchanged - rustc 1.98.0 (88d9e12ae 2026-08-18)
2026-09-22T18:36:59.9951047Z 
2026-09-22T18:37:00.0723180Z info: downloading component clippy
2026-09-22T18:37:00.6220194Z info: downloading component rustfmt
2026-09-22T18:37:00.9072354Z ##[end-action id=__self.__run;outcome=success;conclusion=success;duration_ms=8393]
2026-09-22T18:37:00.9075562Z ##[start-action display=Reconcile mold installation;id=__self.__run_2]
2026-09-22T18:37:00.9093856Z ##[group]Run if ! command -v mold >/dev/null; then
2026-09-22T18:37:00.9094209Z [36;1mif ! command -v mold >/dev/null; then[0m
2026-09-22T18:37:00.9094498Z [36;1m  sudo apt-get update[0m
2026-09-22T18:37:00.9094751Z [36;1m  sudo apt-get install -y mold[0m
2026-09-22T18:37:00.9094995Z [36;1mfi[0m
2026-09-22T18:37:00.9119358Z shell: /usr/bin/bash --noprofile --norc -e -o pipefail {0}
2026-09-22T18:37:00.9119889Z env:
2026-09-22T18:37:00.9120128Z   CARGO_TERM_COLOR: always
2026-09-22T18:37:00.9120358Z   RUST_BACKTRACE: 1
2026-09-22T18:37:00.9120588Z   NIGHTLY_TOOLCHAIN: nightly-2026-09-10
2026-09-22T18:37:00.9120869Z   RUNNER_TOOL_CACHE: /opt/hostedtoolcache
2026-09-22T18:37:00.9121133Z   RUNS_ON_HOME: /runs-on
2026-09-22T18:37:00.9121357Z   RUNS_ON_VERSION: v3.3.0
2026-09-22T18:37:00.9121593Z   RUNS_ON_AGENT_BINARY: /runs-on/agent
2026-09-22T18:37:00.9121845Z   RUNS_ON_AGENT_ARCH: x64
2026-09-22T18:37:00.9122167Z   RUNS_ON_AGENT_USER: runner
2026-09-22T18:37:00.9122409Z   RUNS_ON_AMI_ID: ami-0d8875560af9e1401
2026-09-22T18:37:00.9122661Z   RUNS_ON_AWS_REGION: us-east-1
2026-09-22T18:37:00.9122925Z   RUNS_ON_AWS_AZ: us-east-1a
2026-09-22T18:37:00.9123177Z   RUNS_ON_ENV_CUSTOM_FILE: /runs-on/env.custom
2026-09-22T18:37:00.9123469Z   RUNS_ON_INSTANCE_ID: i-0b270abe4cb8f1302
2026-09-22T18:37:00.9123735Z   RUNS_ON_INSTANCE_LIFECYCLE: spot
2026-09-22T18:37:00.9123992Z   RUNS_ON_INSTANCE_TYPE: c7i.metal-24xl
2026-09-22T18:37:00.9124257Z   RUNS_ON_STACK_NAME: runs-on-v3
2026-09-22T18:37:00.9124559Z   RUNS_ON_S3_BUCKET_CACHE: runs-on-v3-s3bucketcache-dbnub4tpjhpv
2026-09-22T18:37:00.9124917Z   ACTIONS_RUNNER_HOOK_JOB_STARTED: /runs-on/pre.sh
2026-09-22T18:37:00.9125239Z   ACTIONS_RUNNER_HOOK_JOB_COMPLETED: /runs-on/post.sh
2026-09-22T18:37:00.9125575Z   GITHUB_SERVER_URL: https://github.com/
2026-09-22T18:37:00.9125873Z   GITHUB_API_URL: https://api.github.com/
2026-09-22T18:37:00.9126164Z   GITHUB_HOST: github.com
2026-09-22T18:37:00.9126454Z   RUNS_ON_RUNNER_NAME: runs-on--i-0b270abe4cb8f1302--9ece2925-5
2026-09-22T18:37:00.9126805Z   RUNS_ON_INSTANCE_LAUNCHED_AT: 2026-09-22T18:36:01Z
2026-09-22T18:37:00.9127105Z   ACTIONS_CACHE_URL: http://10.1.11.123:6871/
2026-09-22T18:37:00.9127385Z   ACTIONS_CACHE_SERVICE_V2: true
2026-09-22T18:37:00.9127654Z   ACTIONS_RESULTS_URL: http://10.1.11.123:6871/
2026-09-22T18:37:00.9127983Z   RUNS_ON_S3_CACHE_REPO_PREFIX: cache/repo/vortex-data/vortex
2026-09-22T18:37:00.9128308Z   RUNS_ON_ACTION_COST_TRACKING_CLAIMED: true
2026-09-22T18:37:00.9128571Z   RUSTUP_TOOLCHAIN: 1.98.0
2026-09-22T18:37:00.9128792Z ##[endgroup]
2026-09-22T18:37:00.9172753Z ##[end-action id=__self.__run_2;outcome=success;conclusion=success;duration_ms=9]
2026-09-22T18:37:00.9175886Z ##[start-action display=Check protoc installation;id=__self.check-protoc]
2026-09-22T18:37:00.9191939Z ##[group]Run EXPECTED="libprotoc $PROTOC_VERSION"
2026-09-22T18:37:00.9192281Z [36;1mEXPECTED="libprotoc $PROTOC_VERSION"[0m
2026-09-22T18:37:00.9192633Z [36;1mACTUAL=$(protoc --version 2>/dev/null || true)[0m
2026-09-22T18:37:00.9193066Z [36;1mecho "install=$([ "$ACTUAL" = "$EXPECTED" ] && echo false || echo true)" >> "$GITHUB_OUTPUT"[0m
2026-09-22T18:37:00.9213518Z shell: /usr/bin/bash --noprofile --norc -e -o pipefail {0}
2026-09-22T18:37:00.9213833Z env:
2026-09-22T18:37:00.9214034Z   CARGO_TERM_COLOR: always
2026-09-22T18:37:00.9214260Z   RUST_BACKTRACE: 1
2026-09-22T18:37:00.9214496Z   NIGHTLY_TOOLCHAIN: nightly-2026-09-10
2026-09-22T18:37:00.9214785Z   RUNNER_TOOL_CACHE: /opt/hostedtoolcache
2026-09-22T18:37:00.9215045Z   RUNS_ON_HOME: /runs-on
2026-09-22T18:37:00.9215267Z   RUNS_ON_VERSION: v3.3.0
2026-09-22T18:37:00.9215501Z   RUNS_ON_AGENT_BINARY: /runs-on/agent
2026-09-22T18:37:00.9215755Z   RUNS_ON_AGENT_ARCH: x64
2026-09-22T18:37:00.9215975Z   RUNS_ON_AGENT_USER: runner
2026-09-22T18:37:00.9216217Z   RUNS_ON_AMI_ID: ami-0d8875560af9e1401
2026-09-22T18:37:00.9216470Z   RUNS_ON_AWS_REGION: us-east-1
2026-09-22T18:37:00.9216713Z   RUNS_ON_AWS_AZ: us-east-1a
2026-09-22T18:37:00.9216965Z   RUNS_ON_ENV_CUSTOM_FILE: /runs-on/env.custom
2026-09-22T18:37:00.9217246Z   RUNS_ON_INSTANCE_ID: i-0b270abe4cb8f1302
2026-09-22T18:37:00.9217506Z   RUNS_ON_INSTANCE_LIFECYCLE: spot
2026-09-22T18:37:00.9217764Z   RUNS_ON_INSTANCE_TYPE: c7i.metal-24xl
2026-09-22T18:37:00.9218013Z   RUNS_ON_STACK_NAME: runs-on-v3
2026-09-22T18:37:00.9218319Z   RUNS_ON_S3_BUCKET_CACHE: runs-on-v3-s3bucketcache-dbnub4tpjhpv
2026-09-22T18:37:00.9218767Z   ACTIONS_RUNNER_HOOK_JOB_STARTED: /runs-on/pre.sh
2026-09-22T18:37:00.9219092Z   ACTIONS_RUNNER_HOOK_JOB_COMPLETED: /runs-on/post.sh
2026-09-22T18:37:00.9219414Z   GITHUB_SERVER_URL: https://github.com/
2026-09-22T18:37:00.9219705Z   GITHUB_API_URL: https://api.github.com/
2026-09-22T18:37:00.9219967Z   GITHUB_HOST: github.com
2026-09-22T18:37:00.9220284Z   RUNS_ON_RUNNER_NAME: runs-on--i-0b270abe4cb8f1302--9ece2925-5
2026-09-22T18:37:00.9220630Z   RUNS_ON_INSTANCE_LAUNCHED_AT: 2026-09-22T18:36:01Z
2026-09-22T18:37:00.9221000Z   ACTIONS_CACHE_URL: http://10.1.11.123:6871/
2026-09-22T18:37:00.9221285Z   ACTIONS_CACHE_SERVICE_V2: true
2026-09-22T18:37:00.9221548Z   ACTIONS_RESULTS_URL: http://10.1.11.123:6871/
2026-09-22T18:37:00.9221872Z   RUNS_ON_S3_CACHE_REPO_PREFIX: cache/repo/vortex-data/vortex
2026-09-22T18:37:00.9222193Z   RUNS_ON_ACTION_COST_TRACKING_CLAIMED: true
2026-09-22T18:37:00.9222460Z   RUSTUP_TOOLCHAIN: 1.98.0
2026-09-22T18:37:00.9222684Z   PROTOC_VERSION: 29.3
2026-09-22T18:37:00.9222907Z ##[endgroup]
2026-09-22T18:37:01.0046937Z ##[end-action id=__self.check-protoc;outcome=success;conclusion=success;duration_ms=87]
2026-09-22T18:37:01.0048686Z ##[start-action display=Install protoc;id=__self.__self]
2026-09-22T18:37:01.0052511Z ##[end-action id=__self.__self;outcome=skipped;conclusion=skipped;duration_ms=0]
2026-09-22T18:37:01.0053796Z ##[start-action display=Install sccache;id=__self.__self_2]
2026-09-22T18:37:01.0057155Z ##[end-action id=__self.__self_2;outcome=skipped;conclusion=skipped;duration_ms=0]
2026-09-22T18:37:01.0058410Z ##[start-action display=Configure sccache timeout;id=__self.__run_3]
2026-09-22T18:37:01.0063371Z ##[end-action id=__self.__run_3;outcome=skipped;conclusion=skipped;duration_ms=0]
2026-09-22T18:37:01.0064668Z ##[start-action display=Enable compiler caching;id=__self.__run_4]
2026-09-22T18:37:01.0067925Z ##[end-action id=__self.__run_4;outcome=skipped;conclusion=skipped;duration_ms=0]
2026-09-22T18:37:01.0069134Z ##[start-action display=Full Rust setup;id=__self.__self_3]
2026-09-22T18:37:01.0071530Z ##[end-action id=__self.__self_3;outcome=skipped;conclusion=skipped;duration_ms=0]
2026-09-22T18:37:01.0072817Z ##[start-action display=Install flatc (for FlatBuffers code generation);id=__self.__self_4]
2026-09-22T18:37:01.0092832Z Prepare all required actions
2026-09-22T18:37:01.0122893Z ##[group]Run ./.github/actions/setup-flatc
2026-09-22T18:37:01.0123182Z with:
2026-09-22T18:37:01.0123469Z   flatc_version: 25.12.19
2026-09-22T18:37:01.0123703Z env:
2026-09-22T18:37:01.0123960Z   CARGO_TERM_COLOR: always
2026-09-22T18:37:01.0124212Z   RUST_BACKTRACE: 1
2026-09-22T18:37:01.0124460Z   NIGHTLY_TOOLCHAIN: nightly-2026-09-10
2026-09-22T18:37:01.0124784Z   RUNNER_TOOL_CACHE: /opt/hostedtoolcache
2026-09-22T18:37:01.0125083Z   RUNS_ON_HOME: /runs-on
2026-09-22T18:37:01.0125355Z   RUNS_ON_VERSION: v3.3.0
2026-09-22T18:37:01.0125619Z   RUNS_ON_AGENT_BINARY: /runs-on/agent
2026-09-22T18:37:01.0125897Z   RUNS_ON_AGENT_ARCH: x64
2026-09-22T18:37:01.0126183Z   RUNS_ON_AGENT_USER: runner
2026-09-22T18:37:01.0126448Z   RUNS_ON_AMI_ID: ami-0d8875560af9e1401
2026-09-22T18:37:01.0126762Z   RUNS_ON_AWS_REGION: us-east-1
2026-09-22T18:37:01.0127023Z   RUNS_ON_AWS_AZ: us-east-1a
2026-09-22T18:37:01.0127301Z   RUNS_ON_ENV_CUSTOM_FILE: /runs-on/env.custom
2026-09-22T18:37:01.0127632Z   RUNS_ON_INSTANCE_ID: i-0b270abe4cb8f1302
2026-09-22T18:37:01.0127917Z   RUNS_ON_INSTANCE_LIFECYCLE: spot
2026-09-22T18:37:01.0128230Z   RUNS_ON_INSTANCE_TYPE: c7i.metal-24xl
2026-09-22T18:37:01.0128512Z   RUNS_ON_STACK_NAME: runs-on-v3
2026-09-22T18:37:01.0128838Z   RUNS_ON_S3_BUCKET_CACHE: runs-on-v3-s3bucketcache-dbnub4tpjhpv
2026-09-22T18:37:01.0129226Z   ACTIONS_RUNNER_HOOK_JOB_STARTED: /runs-on/pre.sh
2026-09-22T18:37:01.0129558Z   ACTIONS_RUNNER_HOOK_JOB_COMPLETED: /runs-on/post.sh
2026-09-22T18:37:01.0129918Z   GITHUB_SERVER_URL: https://github.com/
2026-09-22T18:37:01.0130240Z   GITHUB_API_URL: https://api.github.com/
2026-09-22T18:37:01.0130529Z   GITHUB_HOST: github.com
2026-09-22T18:37:01.0130936Z   RUNS_ON_RUNNER_NAME: runs-on--i-0b270abe4cb8f1302--9ece2925-5
2026-09-22T18:37:01.0131298Z   RUNS_ON_INSTANCE_LAUNCHED_AT: 2026-09-22T18:36:01Z
2026-09-22T18:37:01.0131635Z   ACTIONS_CACHE_URL: http://10.1.11.123:6871/
2026-09-22T18:37:01.0131964Z   ACTIONS_CACHE_SERVICE_V2: true
2026-09-22T18:37:01.0132266Z   ACTIONS_RESULTS_URL: http://10.1.11.123:6871/
2026-09-22T18:37:01.0132617Z   RUNS_ON_S3_CACHE_REPO_PREFIX: cache/repo/vortex-data/vortex
2026-09-22T18:37:01.0132956Z   RUNS_ON_ACTION_COST_TRACKING_CLAIMED: true
2026-09-22T18:37:01.0133308Z   RUSTUP_TOOLCHAIN: 1.98.0
2026-09-22T18:37:01.0133599Z ##[endgroup]
2026-09-22T18:37:01.0136779Z ##[start-action display=Install flatc;id=__self.__self_4.__run]
2026-09-22T18:37:01.0166475Z ##[group]Run set -euo pipefail
2026-09-22T18:37:01.0166864Z [36;1mset -euo pipefail[0m
2026-09-22T18:37:01.0167160Z [36;1m[0m
2026-09-22T18:37:01.0167396Z [36;1mVERSION="25.12.19"[0m
2026-09-22T18:37:01.0167745Z [36;1mif [ "$(flatc --version 2>/dev/null)" = "flatc version ${VERSION}" ]; then[0m
2026-09-22T18:37:01.0168164Z [36;1m  echo "flatc ${VERSION} is already installed"[0m
2026-09-22T18:37:01.0168476Z [36;1m  exit 0[0m
2026-09-22T18:37:01.0168764Z [36;1mfi[0m
2026-09-22T18:37:01.0168985Z [36;1m[0m
2026-09-22T18:37:01.0169213Z [36;1mARCH=$(uname -m)[0m
2026-09-22T18:37:01.0169505Z [36;1mOS=$(uname -s | tr '[:upper:]' '[:lower:]')[0m
2026-09-22T18:37:01.0169788Z [36;1m[0m
2026-09-22T18:37:01.0170226Z [36;1m# Official binaries exist for x86_64 glibc Linux, macOS and Windows only.[0m
2026-09-22T18:37:01.0170588Z [36;1mASSET=""[0m
2026-09-22T18:37:01.0170823Z [36;1mcase "$OS" in[0m
2026-09-22T18:37:01.0171069Z [36;1m  linux)[0m
2026-09-22T18:37:01.0171370Z [36;1m    if [ "$ARCH" = "x86_64" ] && ! ldd /bin/sh 2>&1 | grep -qi musl; then[0m
2026-09-22T18:37:01.0171811Z [36;1m      ASSET="Linux.flatc.binary.clang++-18.zip"[0m
2026-09-22T18:37:01.0172150Z [36;1m    fi[0m
2026-09-22T18:37:01.0172372Z [36;1m    ;;[0m
2026-09-22T18:37:01.0172614Z [36;1m  darwin)[0m
2026-09-22T18:37:01.0172853Z [36;1m    case "$ARCH" in[0m
2026-09-22T18:37:01.0173170Z [36;1m      arm64)  ASSET="Mac.flatc.binary.zip" ;;[0m
2026-09-22T18:37:01.0173536Z [36;1m      x86_64) ASSET="MacIntel.flatc.binary.zip" ;;[0m
2026-09-22T18:37:01.0173840Z [36;1m    esac[0m
2026-09-22T18:37:01.0174071Z [36;1m    ;;[0m
2026-09-22T18:37:01.0174370Z [36;1m  *) ASSET="Windows.flatc.binary.zip" ;;[0m
2026-09-22T18:37:01.0174682Z [36;1mesac[0m
2026-09-22T18:37:01.0174900Z [36;1m[0m
2026-09-22T18:37:01.0175256Z [36;1m# This sometimes runs in a container where the user is root and there is no sudo.[0m
2026-09-22T18:37:01.0175659Z [36;1mif command -v sudo &>/dev/null[0m
2026-09-22T18:37:01.0175945Z [36;1mthen[0m
2026-09-22T18:37:01.0176179Z [36;1m  CMD=sudo[0m
2026-09-22T18:37:01.0176408Z [36;1melse[0m
2026-09-22T18:37:01.0176612Z [36;1m  CMD=[0m
2026-09-22T18:37:01.0176887Z [36;1mfi[0m
2026-09-22T18:37:01.0177117Z [36;1m[0m
2026-09-22T18:37:01.0177478Z [36;1mRELEASE="https://github.com/google/flatbuffers/releases/download/v${VERSION}"[0m
2026-09-22T18:37:01.0177870Z [36;1mif [ -n "$ASSET" ]; then[0m
2026-09-22T18:37:01.0178173Z [36;1m  curl -fsSL -o /tmp/flatc.zip "${RELEASE}/${ASSET}"[0m
2026-09-22T18:37:01.0178558Z [36;1m  unzip -o /tmp/flatc.zip -d /tmp/flatc[0m
2026-09-22T18:37:01.0178871Z [36;1m  rm -f /tmp/flatc.zip[0m
2026-09-22T18:37:01.0179137Z [36;1melse[0m
2026-09-22T18:37:01.0179459Z [36;1m  echo "No official flatc binary for ${OS}/${ARCH}; building ${VERSION} from source"[0m
2026-09-22T18:37:01.0179847Z [36;1m  git clone --depth 1 --branch "v${VERSION}" \[0m
2026-09-22T18:37:01.0180276Z [36;1m    https://github.com/google/flatbuffers.git /tmp/flatbuffers[0m
2026-09-22T18:37:01.0180776Z [36;1m  cmake -S /tmp/flatbuffers -B /tmp/flatbuffers/build \[0m
2026-09-22T18:37:01.0181115Z [36;1m    -DCMAKE_BUILD_TYPE=Release \[0m
2026-09-22T18:37:01.0181409Z [36;1m    -DFLATBUFFERS_BUILD_TESTS=OFF \[0m
2026-09-22T18:37:01.0181816Z [36;1m    -DFLATBUFFERS_BUILD_FLATLIB=OFF \[0m
2026-09-22T18:37:01.0182138Z [36;1m    -DFLATBUFFERS_BUILD_FLATHASH=OFF \[0m
2026-09-22T18:37:01.0182478Z [36;1m    -DFLATBUFFERS_INSTALL=OFF[0m
2026-09-22T18:37:01.0182804Z [36;1m  cmake --build /tmp/flatbuffers/build --target flatc \[0m
2026-09-22T18:37:01.0183148Z [36;1m    --parallel "$(nproc 2>/dev/null || echo 4)"[0m
2026-09-22T18:37:01.0183446Z [36;1m  mkdir -p /tmp/flatc[0m
2026-09-22T18:37:01.0183756Z [36;1m  mv /tmp/flatbuffers/build/flatc /tmp/flatc/flatc[0m
2026-09-22T18:37:01.0184159Z [36;1m  rm -rf /tmp/flatbuffers[0m
2026-09-22T18:37:01.0184422Z [36;1mfi[0m
2026-09-22T18:37:01.0184627Z [36;1m[0m
2026-09-22T18:37:01.0184872Z [36;1mif [ "$OS" = "linux" ] || [ "$OS" = "darwin" ]; then[0m
2026-09-22T18:37:01.0185231Z [36;1m  $CMD mv /tmp/flatc/flatc /usr/local/bin/[0m
2026-09-22T18:37:01.0185534Z [36;1melse[0m
2026-09-22T18:37:01.0185850Z [36;1m  # Windows runners do not have /usr/local/bin on PATH for non-bash steps.[0m
2026-09-22T18:37:01.0186218Z [36;1m  mkdir -p "$HOME/.local/bin"[0m
2026-09-22T18:37:01.0186581Z [36;1m  mv /tmp/flatc/flatc.exe "$HOME/.local/bin/"[0m
2026-09-22T18:37:01.0186941Z [36;1m  cygpath -w "$HOME/.local/bin" >> "$GITHUB_PATH"[0m
2026-09-22T18:37:01.0187287Z [36;1m  export PATH="$HOME/.local/bin:$PATH"[0m
2026-09-22T18:37:01.0187578Z [36;1mfi[0m
2026-09-22T18:37:01.0187781Z [36;1m[0m
2026-09-22T18:37:01.0187984Z [36;1mrm -rf /tmp/flatc[0m
2026-09-22T18:37:01.0188274Z [36;1mflatc --version[0m
2026-09-22T18:37:01.0205414Z shell: /usr/bin/bash --noprofile --norc -e -o pipefail {0}
2026-09-22T18:37:01.0205739Z env:
2026-09-22T18:37:01.0206020Z   CARGO_TERM_COLOR: always
2026-09-22T18:37:01.0206279Z   RUST_BACKTRACE: 1
2026-09-22T18:37:01.0206531Z   NIGHTLY_TOOLCHAIN: nightly-2026-09-10
2026-09-22T18:37:01.0206833Z   RUNNER_TOOL_CACHE: /opt/hostedtoolcache
2026-09-22T18:37:01.0207110Z   RUNS_ON_HOME: /runs-on
2026-09-22T18:37:01.0207358Z   RUNS_ON_VERSION: v3.3.0
2026-09-22T18:37:01.0207667Z   RUNS_ON_AGENT_BINARY: /runs-on/agent
2026-09-22T18:37:01.0207942Z   RUNS_ON_AGENT_ARCH: x64
2026-09-22T18:37:01.0208193Z   RUNS_ON_AGENT_USER: runner
2026-09-22T18:37:01.0208462Z   RUNS_ON_AMI_ID: ami-0d8875560af9e1401
2026-09-22T18:37:01.0208856Z   RUNS_ON_AWS_REGION: us-east-1
2026-09-22T18:37:01.0209130Z   RUNS_ON_AWS_AZ: us-east-1a
2026-09-22T18:37:01.0209424Z   RUNS_ON_ENV_CUSTOM_FILE: /runs-on/env.custom
2026-09-22T18:37:01.0209730Z   RUNS_ON_INSTANCE_ID: i-0b270abe4cb8f1302
2026-09-22T18:37:01.0210033Z   RUNS_ON_INSTANCE_LIFECYCLE: spot
2026-09-22T18:37:01.0210318Z   RUNS_ON_INSTANCE_TYPE: c7i.metal-24xl
2026-09-22T18:37:01.0210609Z   RUNS_ON_STACK_NAME: runs-on-v3
2026-09-22T18:37:01.0210950Z   RUNS_ON_S3_BUCKET_CACHE: runs-on-v3-s3bucketcache-dbnub4tpjhpv
2026-09-22T18:37:01.0211317Z   ACTIONS_RUNNER_HOOK_JOB_STARTED: /runs-on/pre.sh
2026-09-22T18:37:01.0211660Z   ACTIONS_RUNNER_HOOK_JOB_COMPLETED: /runs-on/post.sh
2026-09-22T18:37:01.0211971Z   GITHUB_SERVER_URL: https://github.com/
2026-09-22T18:37:01.0212292Z   GITHUB_API_URL: https://api.github.com/
2026-09-22T18:37:01.0212571Z   GITHUB_HOST: github.com
2026-09-22T18:37:01.0212905Z   RUNS_ON_RUNNER_NAME: runs-on--i-0b270abe4cb8f1302--9ece2925-5
2026-09-22T18:37:01.0213268Z   RUNS_ON_INSTANCE_LAUNCHED_AT: 2026-09-22T18:36:01Z
2026-09-22T18:37:01.0213572Z   ACTIONS_CACHE_URL: http://10.1.11.123:6871/
2026-09-22T18:37:01.0213885Z   ACTIONS_CACHE_SERVICE_V2: true
2026-09-22T18:37:01.0214162Z   ACTIONS_RESULTS_URL: http://10.1.11.123:6871/
2026-09-22T18:37:01.0214542Z   RUNS_ON_S3_CACHE_REPO_PREFIX: cache/repo/vortex-data/vortex
2026-09-22T18:37:01.0214893Z   RUNS_ON_ACTION_COST_TRACKING_CLAIMED: true
2026-09-22T18:37:01.0215166Z   RUSTUP_TOOLCHAIN: 1.98.0
2026-09-22T18:37:01.0215423Z ##[endgroup]
2026-09-22T18:37:01.0645034Z flatc 25.12.19 is already installed
2026-09-22T18:37:01.0648807Z ##[end-action id=__self.__self_4.__run;outcome=success;conclusion=success;duration_ms=51]
2026-09-22T18:37:01.0658039Z ##[end-action id=__self.__self_4;outcome=success;conclusion=success;duration_ms=58]
2026-09-22T18:37:01.0678004Z Prepare all required actions
2026-09-22T18:37:01.0699202Z ##[group]Run ./.github/actions/system-info
2026-09-22T18:37:01.0699505Z env:
2026-09-22T18:37:01.0699737Z   CARGO_TERM_COLOR: always
2026-09-22T18:37:01.0699994Z   RUST_BACKTRACE: 1
2026-09-22T18:37:01.0700293Z   NIGHTLY_TOOLCHAIN: nightly-2026-09-10
2026-09-22T18:37:01.0700597Z   RUNNER_TOOL_CACHE: /opt/hostedtoolcache
2026-09-22T18:37:01.0700881Z   RUNS_ON_HOME: /runs-on
2026-09-22T18:37:01.0701171Z   RUNS_ON_VERSION: v3.3.0
2026-09-22T18:37:01.0701454Z   RUNS_ON_AGENT_BINARY: /runs-on/agent
2026-09-22T18:37:01.0701733Z   RUNS_ON_AGENT_ARCH: x64
2026-09-22T18:37:01.0702039Z   RUNS_ON_AGENT_USER: runner
2026-09-22T18:37:01.0702308Z   RUNS_ON_AMI_ID: ami-0d8875560af9e1401
2026-09-22T18:37:01.0702601Z   RUNS_ON_AWS_REGION: us-east-1
2026-09-22T18:37:01.0702909Z   RUNS_ON_AWS_AZ: us-east-1a
2026-09-22T18:37:01.0703180Z   RUNS_ON_ENV_CUSTOM_FILE: /runs-on/env.custom
2026-09-22T18:37:01.0703565Z   RUNS_ON_INSTANCE_ID: i-0b270abe4cb8f1302
2026-09-22T18:37:01.0703973Z   RUNS_ON_INSTANCE_LIFECYCLE: spot
2026-09-22T18:37:01.0704261Z   RUNS_ON_INSTANCE_TYPE: c7i.metal-24xl
2026-09-22T18:37:01.0704524Z   RUNS_ON_STACK_NAME: runs-on-v3
2026-09-22T18:37:01.0704867Z   RUNS_ON_S3_BUCKET_CACHE: runs-on-v3-s3bucketcache-dbnub4tpjhpv
2026-09-22T18:37:01.0705264Z   ACTIONS_RUNNER_HOOK_JOB_STARTED: /runs-on/pre.sh
2026-09-22T18:37:01.0705671Z   ACTIONS_RUNNER_HOOK_JOB_COMPLETED: /runs-on/post.sh
2026-09-22T18:37:01.0706028Z   GITHUB_SERVER_URL: https://github.com/
2026-09-22T18:37:01.0706318Z   GITHUB_API_URL: https://api.github.com/
2026-09-22T18:37:01.0706630Z   GITHUB_HOST: github.com
2026-09-22T18:37:01.0706968Z   RUNS_ON_RUNNER_NAME: runs-on--i-0b270abe4cb8f1302--9ece2925-5
2026-09-22T18:37:01.0707340Z   RUNS_ON_INSTANCE_LAUNCHED_AT: 2026-09-22T18:36:01Z
2026-09-22T18:37:01.0707676Z   ACTIONS_CACHE_URL: http://10.1.11.123:6871/
2026-09-22T18:37:01.0707959Z   ACTIONS_CACHE_SERVICE_V2: true
2026-09-22T18:37:01.0708363Z   ACTIONS_RESULTS_URL: http://10.1.11.123:6871/
2026-09-22T18:37:01.0708733Z   RUNS_ON_S3_CACHE_REPO_PREFIX: cache/repo/vortex-data/vortex
2026-09-22T18:37:01.0709073Z   RUNS_ON_ACTION_COST_TRACKING_CLAIMED: true
2026-09-22T18:37:01.0709384Z   RUSTUP_TOOLCHAIN: 1.98.0
2026-09-22T18:37:01.0709621Z ##[endgroup]
2026-09-22T18:37:01.0713054Z ##[start-action display=CPU, Memory & Disk Info;id=__self_2.__run]
2026-09-22T18:37:01.0727624Z ##[group]Run echo "=== CPU Model ==="
2026-09-22T18:37:01.0727989Z [36;1mecho "=== CPU Model ==="[0m
2026-09-22T18:37:01.0728269Z [36;1mlscpu[0m
2026-09-22T18:37:01.0728542Z [36;1mecho "=== /proc/cpuinfo summary ==="[0m
2026-09-22T18:37:01.0728952Z [36;1m# x86 exposes "model name"; aarch64 has no such line (lscpu above covers it), and[0m
2026-09-22T18:37:01.0729463Z [36;1m# `shell: bash` runs with `set -e`, so a missing match must not fail the step.[0m
2026-09-22T18:37:01.0729867Z [36;1mgrep -m1 "model name" /proc/cpuinfo || true[0m
2026-09-22T18:37:01.0730235Z [36;1mnproc[0m
2026-09-22T18:37:01.0730495Z [36;1mecho "=== CPU Flags ==="[0m
2026-09-22T18:37:01.0730815Z [36;1m# x86 exposes "flags"; aarch64 exposes "Features".[0m
2026-09-22T18:37:01.0731181Z [36;1mgrep -m1 -E "^(flags|Features)" /proc/cpuinfo || true[0m
2026-09-22T18:37:01.0731514Z [36;1m[0m
2026-09-22T18:37:01.0731748Z [36;1mecho "=== Memory ==="[0m
2026-09-22T18:37:01.0732022Z [36;1mfree -h[0m
2026-09-22T18:37:01.0732269Z [36;1mecho "=== /proc/meminfo ==="[0m
2026-09-22T18:37:01.0732543Z [36;1mcat /proc/meminfo[0m
2026-09-22T18:37:01.0732812Z [36;1m[0m
2026-09-22T18:37:01.0733051Z [36;1mecho "=== Block Devices ==="[0m
2026-09-22T18:37:01.0733332Z [36;1mlsblk[0m
2026-09-22T18:37:01.0733582Z [36;1mecho "=== Disk Usage ==="[0m
2026-09-22T18:37:01.0733903Z [36;1mdf -hT[0m
2026-09-22T18:37:01.0734121Z [36;1mecho "=== Mounts ==="[0m
2026-09-22T18:37:01.0734427Z [36;1mmount | grep -E "^/dev"[0m
2026-09-22T18:37:01.0734709Z [36;1mecho "=== NVMe Devices ==="[0m
2026-09-22T18:37:01.0735172Z [36;1mls -la /dev/nvme* 2>/dev/null || echo "No NVMe"[0m
2026-09-22T18:37:01.0735485Z [36;1msudo nvme list 2>/dev/null || true[0m
2026-09-22T18:37:01.0752049Z shell: /usr/bin/bash --noprofile --norc -e -o pipefail {0}
2026-09-22T18:37:01.0752371Z env:
2026-09-22T18:37:01.0752637Z   CARGO_TERM_COLOR: always
2026-09-22T18:37:01.0752920Z   RUST_BACKTRACE: 1
2026-09-22T18:37:01.0753177Z   NIGHTLY_TOOLCHAIN: nightly-2026-09-10
2026-09-22T18:37:01.0753494Z   RUNNER_TOOL_CACHE: /opt/hostedtoolcache
2026-09-22T18:37:01.0753774Z   RUNS_ON_HOME: /runs-on
2026-09-22T18:37:01.0754035Z   RUNS_ON_VERSION: v3.3.0
2026-09-22T18:37:01.0754328Z   RUNS_ON_AGENT_BINARY: /runs-on/agent
2026-09-22T18:37:01.0754601Z   RUNS_ON_AGENT_ARCH: x64
2026-09-22T18:37:01.0754873Z   RUNS_ON_AGENT_USER: runner
2026-09-22T18:37:01.0755135Z   RUNS_ON_AMI_ID: ami-0d8875560af9e1401
2026-09-22T18:37:01.0755417Z   RUNS_ON_AWS_REGION: us-east-1
2026-09-22T18:37:01.0755677Z   RUNS_ON_AWS_AZ: us-east-1a
2026-09-22T18:37:01.0755999Z   RUNS_ON_ENV_CUSTOM_FILE: /runs-on/env.custom
2026-09-22T18:37:01.0756306Z   RUNS_ON_INSTANCE_ID: i-0b270abe4cb8f1302
2026-09-22T18:37:01.0756596Z   RUNS_ON_INSTANCE_LIFECYCLE: spot
2026-09-22T18:37:01.0756874Z   RUNS_ON_INSTANCE_TYPE: c7i.metal-24xl
2026-09-22T18:37:01.0757147Z   RUNS_ON_STACK_NAME: runs-on-v3
2026-09-22T18:37:01.0757459Z   RUNS_ON_S3_BUCKET_CACHE: runs-on-v3-s3bucketcache-dbnub4tpjhpv
2026-09-22T18:37:01.0757876Z   ACTIONS_RUNNER_HOOK_JOB_STARTED: /runs-on/pre.sh
2026-09-22T18:37:01.0758205Z   ACTIONS_RUNNER_HOOK_JOB_COMPLETED: /runs-on/post.sh
2026-09-22T18:37:01.0758540Z   GITHUB_SERVER_URL: https://github.com/
2026-09-22T18:37:01.0758834Z   GITHUB_API_URL: https://api.github.com/
2026-09-22T18:37:01.0759117Z   GITHUB_HOST: github.com
2026-09-22T18:37:01.0759455Z   RUNS_ON_RUNNER_NAME: runs-on--i-0b270abe4cb8f1302--9ece2925-5
2026-09-22T18:37:01.0759806Z   RUNS_ON_INSTANCE_LAUNCHED_AT: 2026-09-22T18:36:01Z
2026-09-22T18:37:01.0760164Z   ACTIONS_CACHE_URL: http://10.1.11.123:6871/
2026-09-22T18:37:01.0760457Z   ACTIONS_CACHE_SERVICE_V2: true
2026-09-22T18:37:01.0760740Z   ACTIONS_RESULTS_URL: http://10.1.11.123:6871/
2026-09-22T18:37:01.0761130Z   RUNS_ON_S3_CACHE_REPO_PREFIX: cache/repo/vortex-data/vortex
2026-09-22T18:37:01.0761462Z   RUNS_ON_ACTION_COST_TRACKING_CLAIMED: true
2026-09-22T18:37:01.0761859Z   RUSTUP_TOOLCHAIN: 1.98.0
2026-09-22T18:37:01.0762104Z ##[endgroup]
2026-09-22T18:37:01.0791973Z === CPU Model ===
2026-09-22T18:37:01.0979806Z Architecture:                            x86_64
2026-09-22T18:37:01.0980264Z CPU op-mode(s):                          32-bit, 64-bit
2026-09-22T18:37:01.0980629Z Address sizes:                           46 bits physical, 57 bits virtual
2026-09-22T18:37:01.0980999Z Byte Order:                              Little Endian
2026-09-22T18:37:01.0981324Z CPU(s):                                  96
2026-09-22T18:37:01.0981622Z On-line CPU(s) list:                     0-95
2026-09-22T18:37:01.0982119Z Vendor ID:                               GenuineIntel
2026-09-22T18:37:01.0982486Z Model name:                              Intel(R) Xeon(R) Platinum 8488C
2026-09-22T18:37:01.0982827Z CPU family:                              6
2026-09-22T18:37:01.0983124Z Model:                                   143
2026-09-22T18:37:01.0983417Z Thread(s) per core:                      2
2026-09-22T18:37:01.0983766Z Core(s) per socket:                      48
2026-09-22T18:37:01.0984047Z Socket(s):                               1
2026-09-22T18:37:01.0984340Z Stepping:                                8
2026-09-22T18:37:01.0984635Z CPU(s) scaling MHz:                      26%
2026-09-22T18:37:01.0984938Z CPU max MHz:                             3800.0000
2026-09-22T18:37:01.0985306Z CPU min MHz:                             800.0000
2026-09-22T18:37:01.0985613Z BogoMIPS:                                4800.00
2026-09-22T18:37:01.0988991Z Flags:                                   fpu vme de pse tsc msr pae mce cx8 apic sep mtrr pge mca cmov pat pse36 clflush dts acpi mmx fxsr sse sse2 ss ht tm pbe syscall nx pdpe1gb rdtscp lm constant_tsc art arch_perfmon pebs bts rep_good nopl xtopology nonstop_tsc cpuid aperfmperf tsc_known_freq pni pclmulqdq dtes64 monitor ds_cpl vmx smx est tm2 ssse3 sdbg fma cx16 xtpr pdcm pcid dca sse4_1 sse4_2 x2apic movbe popcnt tsc_deadline_timer aes xsave avx f16c rdrand lahf_lm abm 3dnowprefetch cpuid_fault epb cat_l3 cat_l2 cdp_l3 intel_ppin cdp_l2 ssbd mba ibrs ibpb stibp ibrs_enhanced tpr_shadow flexpriority ept vpid ept_ad fsgsbase tsc_adjust bmi1 avx2 smep bmi2 erms invpcid cqm rdt_a avx512f avx512dq rdseed adx smap avx512ifma clflushopt clwb intel_pt avx512cd sha_ni avx512bw avx512vl xsaveopt xsavec xgetbv1 xsaves cqm_llc cqm_occup_llc cqm_mbm_total cqm_mbm_local split_lock_detect user_shstk avx_vnni avx512_bf16 wbnoinvd dtherm ida arat pln pts hwp hwp_act_window hwp_epp hwp_pkg_req hfi vnmi avx512vbmi umip pku ospke waitpkg avx512_vbmi2 gfni vaes vpclmulqdq avx512_vnni avx512_bitalg tme avx512_vpopcntdq la57 rdpid bus_lock_detect cldemote movdiri movdir64b enqcmd fsrm md_clear serialize tsxldtrk pconfig arch_lbr ibt amx_bf16 avx512_fp16 amx_tile amx_int8 flush_l1d arch_capabilities
2026-09-22T18:37:01.0992382Z Virtualization:                          VT-x
2026-09-22T18:37:01.0992749Z L1d cache:                               2.3 MiB (48 instances)
2026-09-22T18:37:01.0993153Z L1i cache:                               1.5 MiB (48 instances)
2026-09-22T18:37:01.0993504Z L2 cache:                                96 MiB (48 instances)
2026-09-22T18:37:01.0993848Z L3 cache:                                105 MiB (1 instance)
2026-09-22T18:37:01.0994199Z NUMA node(s):                            1
2026-09-22T18:37:01.0994507Z NUMA node0 CPU(s):                       0-95
2026-09-22T18:37:01.0994833Z Vulnerability Gather data sampling:      Not affected
2026-09-22T18:37:01.0995178Z Vulnerability Ghostwrite:                Not affected
2026-09-22T18:37:01.0995538Z Vulnerability Indirect target selection: Not affected
2026-09-22T18:37:01.0995875Z Vulnerability Itlb multihit:             Not affected
2026-09-22T18:37:01.0996235Z Vulnerability L1tf:                      Not affected
2026-09-22T18:37:01.0996557Z Vulnerability Mds:                       Not affected
2026-09-22T18:37:01.0996873Z Vulnerability Meltdown:                  Not affected
2026-09-22T18:37:01.0997225Z Vulnerability Mmio stale data:           Not affected
2026-09-22T18:37:01.0997554Z Vulnerability Old microcode:             Vulnerable
2026-09-22T18:37:01.0997926Z Vulnerability Reg file data sampling:    Not affected
2026-09-22T18:37:01.0998255Z Vulnerability Retbleed:                  Not affected
2026-09-22T18:37:01.0998582Z Vulnerability Spec rstack overflow:      Not affected
2026-09-22T18:37:01.0999037Z Vulnerability Spec store bypass:         Mitigation; Speculative Store Bypass disabled via prctl
2026-09-22T18:37:01.0999586Z Vulnerability Spectre v1:                Mitigation; usercopy/swapgs barriers and __user pointer sanitization
2026-09-22T18:37:01.1000263Z Vulnerability Spectre v2:                Mitigation; Enhanced / Automatic IBRS; IBPB conditional; PBRSB-eIBRS SW sequence; BHI BHI_DIS_S
2026-09-22T18:37:01.1000764Z Vulnerability Srbds:                     Not affected
2026-09-22T18:37:01.1001085Z Vulnerability Tsa:                       Not affected
2026-09-22T18:37:01.1001432Z Vulnerability Tsx async abort:           Not affected
2026-09-22T18:37:01.1001814Z Vulnerability Vmscape:                   Mitigation; IBPB before exit to userspace
2026-09-22T18:37:01.1002214Z === /proc/cpuinfo summary ===
2026-09-22T18:37:01.1002532Z model name	: Intel(R) Xeon(R) Platinum 8488C
2026-09-22T18:37:01.1008491Z 96
2026-09-22T18:37:01.1009021Z === CPU Flags ===
2026-09-22T18:37:01.1021532Z flags		: fpu vme de pse tsc msr pae mce cx8 apic sep mtrr pge mca cmov pat pse36 clflush dts acpi mmx fxsr sse sse2 ss ht tm pbe syscall nx pdpe1gb rdtscp lm constant_tsc art arch_perfmon pebs bts rep_good nopl xtopology nonstop_tsc cpuid aperfmperf tsc_known_freq pni pclmulqdq dtes64 monitor ds_cpl vmx smx est tm2 ssse3 sdbg fma cx16 xtpr pdcm pcid dca sse4_1 sse4_2 x2apic movbe popcnt tsc_deadline_timer aes xsave avx f16c rdrand lahf_lm abm 3dnowprefetch cpuid_fault epb cat_l3 cat_l2 cdp_l3 intel_ppin cdp_l2 ssbd mba ibrs ibpb stibp ibrs_enhanced tpr_shadow flexpriority ept vpid ept_ad fsgsbase tsc_adjust bmi1 avx2 smep bmi2 erms invpcid cqm rdt_a avx512f avx512dq rdseed adx smap avx512ifma clflushopt clwb intel_pt avx512cd sha_ni avx512bw avx512vl xsaveopt xsavec xgetbv1 xsaves cqm_llc cqm_occup_llc cqm_mbm_total cqm_mbm_local split_lock_detect user_shstk avx_vnni avx512_bf16 wbnoinvd dtherm ida arat pln pts hwp hwp_act_window hwp_epp hwp_pkg_req hfi vnmi avx512vbmi umip pku ospke waitpkg avx512_vbmi2 gfni vaes vpclmulqdq avx512_vnni avx512_bitalg tme avx512_vpopcntdq la57 rdpid bus_lock_detect cldemote movdiri movdir64b enqcmd fsrm md_clear serialize tsxldtrk pconfig arch_lbr ibt amx_bf16 avx512_fp16 amx_tile amx_int8 flush_l1d arch_capabilities
2026-09-22T18:37:01.1024744Z === Memory ===
2026-09-22T18:37:01.1042204Z                total        used        free      shared  buff/cache   available
2026-09-22T18:37:01.1042601Z Mem:           188Gi       3.9Gi       184Gi        45Mi       1.1Gi       184Gi
2026-09-22T18:37:01.1042944Z Swap:             0B          0B          0B
2026-09-22T18:37:01.1043243Z === /proc/meminfo ===
2026-09-22T18:37:01.1048677Z MemTotal:       197634704 kB
2026-09-22T18:37:01.1049035Z MemFree:        193937196 kB
2026-09-22T18:37:01.1049288Z MemAvailable:   193531500 kB
2026-09-22T18:37:01.1049545Z Buffers:           36888 kB
2026-09-22T18:37:01.1049804Z Cached:          1063952 kB
2026-09-22T18:37:01.1050135Z SwapCached:            0 kB
2026-09-22T18:37:01.1050441Z Active:           622712 kB
2026-09-22T18:37:01.1050687Z Inactive:         799076 kB
2026-09-22T18:37:01.1050932Z Active(anon):     368000 kB
2026-09-22T18:37:01.1051189Z Inactive(anon):        0 kB
2026-09-22T18:37:01.1051436Z Active(file):     254712 kB
2026-09-22T18:37:01.1051713Z Inactive(file):   799076 kB
2026-09-22T18:37:01.1051997Z Unevictable:           0 kB
2026-09-22T18:37:01.1052245Z Mlocked:               0 kB
2026-09-22T18:37:01.1052501Z SwapTotal:             0 kB
2026-09-22T18:37:01.1052751Z SwapFree:              0 kB
2026-09-22T18:37:01.1053021Z Zswap:                 0 kB
2026-09-22T18:37:01.1053265Z Zswapped:              0 kB
2026-09-22T18:37:01.1053541Z Dirty:            675204 kB
2026-09-22T18:37:01.1053797Z Writeback:             0 kB
2026-09-22T18:37:01.1054044Z AnonPages:        322596 kB
2026-09-22T18:37:01.1054314Z Mapped:           167160 kB
2026-09-22T18:37:01.1054554Z Shmem:             46736 kB
2026-09-22T18:37:01.1054791Z KReclaimable:      97336 kB
2026-09-22T18:37:01.1055087Z Slab:             759288 kB
2026-09-22T18:37:01.1055344Z SReclaimable:      97336 kB
2026-09-22T18:37:01.1055604Z SUnreclaim:       661952 kB
2026-09-22T18:37:01.1055852Z KernelStack:       19728 kB
2026-09-22T18:37:01.1056090Z PageTables:         6336 kB
2026-09-22T18:37:01.1056361Z SecPageTables:     17808 kB
2026-09-22T18:37:01.1056661Z NFS_Unstable:          0 kB
2026-09-22T18:37:01.1056915Z Bounce:                0 kB
2026-09-22T18:37:01.1057166Z WritebackTmp:          0 kB
2026-09-22T18:37:01.1057402Z CommitLimit:    98817352 kB
2026-09-22T18:37:01.1057669Z Committed_AS:    2715244 kB
2026-09-22T18:37:01.1057945Z VmallocTotal:   13743895347199 kB
2026-09-22T18:37:01.1058251Z VmallocUsed:       47568 kB
2026-09-22T18:37:01.1058497Z VmallocChunk:          0 kB
2026-09-22T18:37:01.1058736Z Percpu:           318336 kB
2026-09-22T18:37:01.1059014Z HardwareCorrupted:     0 kB
2026-09-22T18:37:01.1059299Z AnonHugePages:         0 kB
2026-09-22T18:37:01.1059550Z ShmemHugePages:        0 kB
2026-09-22T18:37:01.1059839Z ShmemPmdMapped:        0 kB
2026-09-22T18:37:01.1060095Z FileHugePages:    569344 kB
2026-09-22T18:37:01.1060372Z FilePmdMapped:         0 kB
2026-09-22T18:37:01.1060658Z CmaTotal:              0 kB
2026-09-22T18:37:01.1060904Z CmaFree:               0 kB
2026-09-22T18:37:01.1061154Z Unaccepted:            0 kB
2026-09-22T18:37:01.1061515Z Balloon:               0 kB
2026-09-22T18:37:01.1061799Z HugePages_Total:       0
2026-09-22T18:37:01.1062084Z HugePages_Free:        0
2026-09-22T18:37:01.1062336Z HugePages_Rsvd:        0
2026-09-22T18:37:01.1062589Z HugePages_Surp:        0
2026-09-22T18:37:01.1062835Z Hugepagesize:       2048 kB
2026-09-22T18:37:01.1063164Z Hugetlb:               0 kB
2026-09-22T18:37:01.1063411Z DirectMap4k:      129172 kB
2026-09-22T18:37:01.1063653Z DirectMap2M:     4915200 kB
2026-09-22T18:37:01.1063904Z DirectMap1G:    198180864 kB
2026-09-22T18:37:01.1064154Z === Block Devices ===
2026-09-22T18:37:01.1065331Z NAME         MAJ:MIN RM  SIZE RO TYPE MOUNTPOINTS
2026-09-22T18:37:01.1065661Z nvme0n1      259:0    0  100G  0 disk 
2026-09-22T18:37:01.1066033Z ├─nvme0n1p1  259:1    0   99G  0 part /
2026-09-22T18:37:01.1066333Z ├─nvme0n1p14 259:2    0    4M  0 part 
2026-09-22T18:37:01.1066637Z ├─nvme0n1p15 259:3    0  106M  0 part /boot/efi
2026-09-22T18:37:01.1066971Z └─nvme0n1p16 259:4    0  913M  0 part /boot
2026-09-22T18:37:01.1067268Z === Disk Usage ===
2026-09-22T18:37:01.1143494Z Filesystem      Type   Size  Used Avail Use% Mounted on
2026-09-22T18:37:01.1143832Z tmpfs           tmpfs   19G  2.5M   19G   1% /run
2026-09-22T18:37:01.1144150Z /dev/nvme0n1p1  ext4    96G   20G   77G  21% /
2026-09-22T18:37:01.1144500Z tmpfs           tmpfs   95G     0   95G   0% /dev/shm
2026-09-22T18:37:01.1144887Z tmpfs           tmpfs  5.0M     0  5.0M   0% /run/lock
2026-09-22T18:37:01.1145227Z tmpfs           tmpfs   95G     0   95G   0% /run/qemu
2026-09-22T18:37:01.1145550Z /dev/nvme0n1p16 ext4   881M   94M  726M  12% /boot
2026-09-22T18:37:01.1145870Z /dev/nvme0n1p15 vfat   105M  6.2M   99M   6% /boot/efi
2026-09-22T18:37:01.1146193Z === Mounts ===
2026-09-22T18:37:01.1155097Z /dev/nvme0n1p1 on / type ext4 (rw,relatime,discard,errors=remount-ro,commit=30)
2026-09-22T18:37:01.1155522Z /dev/nvme0n1p16 on /boot type ext4 (rw,relatime)
2026-09-22T18:37:01.1156069Z /dev/nvme0n1p15 on /boot/efi type vfat (rw,relatime,fmask=0077,dmask=0077,codepage=437,iocharset=iso8859-1,shortname=mixed,errors=remount-ro)
2026-09-22T18:37:01.1156578Z === NVMe Devices ===
2026-09-22T18:37:01.1165137Z crw------- 1 root root 241, 0 Sep 22 18:36 /dev/nvme0
2026-09-22T18:37:01.1165468Z brw-rw---- 1 root disk 259, 0 Sep 22 18:36 /dev/nvme0n1
2026-09-22T18:37:01.1165842Z brw-rw---- 1 root disk 259, 1 Sep 22 18:36 /dev/nvme0n1p1
2026-09-22T18:37:01.1166198Z brw-rw---- 1 root disk 259, 2 Sep 22 18:36 /dev/nvme0n1p14
2026-09-22T18:37:01.1166560Z brw-rw---- 1 root disk 259, 3 Sep 22 18:36 /dev/nvme0n1p15
2026-09-22T18:37:01.1166913Z brw-rw---- 1 root disk 259, 4 Sep 22 18:36 /dev/nvme0n1p16
2026-09-22T18:37:01.1458521Z ##[end-action id=__self_2.__run;outcome=success;conclusion=success;duration_ms=74]
2026-09-22T18:37:01.1645849Z ##[group]Run taiki-e/cache-cargo-install-action@66c9585ef5ca780ee69399975a5e911f47905995
2026-09-22T18:37:01.1646184Z with:
2026-09-22T18:37:01.1646353Z   tool: cargo-codspeed
2026-09-22T18:37:01.1646542Z   locked: true
2026-09-22T18:37:01.1646721Z   no-default-features: false
2026-09-22T18:37:01.1646923Z   all-features: false
2026-09-22T18:37:01.1647099Z env:
2026-09-22T18:37:01.1647258Z   CARGO_TERM_COLOR: always
2026-09-22T18:37:01.1647445Z   RUST_BACKTRACE: 1
2026-09-22T18:37:01.1647628Z   NIGHTLY_TOOLCHAIN: nightly-2026-09-10
2026-09-22T18:37:01.1647862Z   RUNNER_TOOL_CACHE: /opt/hostedtoolcache
2026-09-22T18:37:01.1648079Z   RUNS_ON_HOME: /runs-on
2026-09-22T18:37:01.1648272Z   RUNS_ON_VERSION: v3.3.0
2026-09-22T18:37:01.1648467Z   RUNS_ON_AGENT_BINARY: /runs-on/agent
2026-09-22T18:37:01.1648675Z   RUNS_ON_AGENT_ARCH: x64
2026-09-22T18:37:01.1648863Z   RUNS_ON_AGENT_USER: runner
2026-09-22T18:37:01.1649063Z   RUNS_ON_AMI_ID: ami-0d8875560af9e1401
2026-09-22T18:37:01.1649303Z   RUNS_ON_AWS_REGION: us-east-1
2026-09-22T18:37:01.1649506Z   RUNS_ON_AWS_AZ: us-east-1a
2026-09-22T18:37:01.1649716Z   RUNS_ON_ENV_CUSTOM_FILE: /runs-on/env.custom
2026-09-22T18:37:01.1649951Z   RUNS_ON_INSTANCE_ID: i-0b270abe4cb8f1302
2026-09-22T18:37:01.1650274Z   RUNS_ON_INSTANCE_LIFECYCLE: spot
2026-09-22T18:37:01.1650487Z   RUNS_ON_INSTANCE_TYPE: c7i.metal-24xl
2026-09-22T18:37:01.1650698Z   RUNS_ON_STACK_NAME: runs-on-v3
2026-09-22T18:37:01.1650951Z   RUNS_ON_S3_BUCKET_CACHE: runs-on-v3-s3bucketcache-dbnub4tpjhpv
2026-09-22T18:37:01.1651243Z   ACTIONS_RUNNER_HOOK_JOB_STARTED: /runs-on/pre.sh
2026-09-22T18:37:01.1651507Z   ACTIONS_RUNNER_HOOK_JOB_COMPLETED: /runs-on/post.sh
2026-09-22T18:37:01.1651768Z   GITHUB_SERVER_URL: https://github.com/
2026-09-22T18:37:01.1652004Z   GITHUB_API_URL: https://api.github.com/
2026-09-22T18:37:01.1652224Z   GITHUB_HOST: github.com
2026-09-22T18:37:01.1652458Z   RUNS_ON_RUNNER_NAME: runs-on--i-0b270abe4cb8f1302--9ece2925-5
2026-09-22T18:37:01.1652748Z   RUNS_ON_INSTANCE_LAUNCHED_AT: 2026-09-22T18:36:01Z
2026-09-22T18:37:01.1652997Z   ACTIONS_CACHE_URL: http://10.1.11.123:6871/
2026-09-22T18:37:01.1653226Z   ACTIONS_CACHE_SERVICE_V2: true
2026-09-22T18:37:01.1653440Z   ACTIONS_RESULTS_URL: http://10.1.11.123:6871/
2026-09-22T18:37:01.1653710Z   RUNS_ON_S3_CACHE_REPO_PREFIX: cache/repo/vortex-data/vortex
2026-09-22T18:37:01.1653976Z   RUNS_ON_ACTION_COST_TRACKING_CLAIMED: true
2026-09-22T18:37:01.1654196Z   RUSTUP_TOOLCHAIN: 1.98.0
2026-09-22T18:37:01.1654376Z ##[endgroup]
2026-09-22T18:37:01.1660133Z ##[start-action display=Prepare (non-Windows);id=__taiki-e_cache-cargo-install-action.pre-unix]
2026-09-22T18:37:01.1671920Z ##[group]Run set -eu
2026-09-22T18:37:01.1672131Z [36;1mset -eu[0m
2026-09-22T18:37:01.1672330Z [36;1mif ! command -v bash >/dev/null; then[0m
2026-09-22T18:37:01.1672608Z [36;1m  if grep -Eq '^ID=alpine' /etc/os-release; then[0m
2026-09-22T18:37:01.1673001Z [36;1m    printf '::group::Install packages required for cache-cargo-install-action (bash)\n'[0m
2026-09-22T18:37:01.1673356Z [36;1m    # NB: sync with apk_install in pre.sh[0m
2026-09-22T18:37:01.1673605Z [36;1m    if command -v sudo >/dev/null; then[0m
2026-09-22T18:37:01.1673851Z [36;1m      sudo apk --no-cache add bash[0m
2026-09-22T18:37:01.1674102Z [36;1m    elif command -v doas >/dev/null; then[0m
2026-09-22T18:37:01.1674348Z [36;1m      doas apk --no-cache add bash[0m
2026-09-22T18:37:01.1674556Z [36;1m    else[0m
2026-09-22T18:37:01.1674734Z [36;1m      apk --no-cache add bash[0m
2026-09-22T18:37:01.1674934Z [36;1m    fi[0m
2026-09-22T18:37:01.1675112Z [36;1m    printf '::endgroup::\n'[0m
2026-09-22T18:37:01.1675307Z [36;1m  else[0m
2026-09-22T18:37:01.1675551Z [36;1m    printf '::error::cache-cargo-install-action requires bash\n'[0m
2026-09-22T18:37:01.1675824Z [36;1m    exit 1[0m
2026-09-22T18:37:01.1675989Z [36;1m  fi[0m
2026-09-22T18:37:01.1676143Z [36;1mfi[0m
2026-09-22T18:37:01.1676446Z [36;1mbash --noprofile --norc "${GITHUB_ACTION_PATH:?}/pre.sh"[0m
2026-09-22T18:37:01.1692054Z shell: /usr/bin/sh -e {0}
2026-09-22T18:37:01.1692258Z env:
2026-09-22T18:37:01.1692427Z   CARGO_TERM_COLOR: always
2026-09-22T18:37:01.1692630Z   RUST_BACKTRACE: 1
2026-09-22T18:37:01.1692829Z   NIGHTLY_TOOLCHAIN: nightly-2026-09-10
2026-09-22T18:37:01.1693067Z   RUNNER_TOOL_CACHE: /opt/hostedtoolcache
2026-09-22T18:37:01.1693284Z   RUNS_ON_HOME: /runs-on
2026-09-22T18:37:01.1693470Z   RUNS_ON_VERSION: v3.3.0
2026-09-22T18:37:01.1693667Z   RUNS_ON_AGENT_BINARY: /runs-on/agent
2026-09-22T18:37:01.1693883Z   RUNS_ON_AGENT_ARCH: x64
2026-09-22T18:37:01.1694073Z   RUNS_ON_AGENT_USER: runner
2026-09-22T18:37:01.1694273Z   RUNS_ON_AMI_ID: ami-0d8875560af9e1401
2026-09-22T18:37:01.1694489Z   RUNS_ON_AWS_REGION: us-east-1
2026-09-22T18:37:01.1694689Z   RUNS_ON_AWS_AZ: us-east-1a
2026-09-22T18:37:01.1694898Z   RUNS_ON_ENV_CUSTOM_FILE: /runs-on/env.custom
2026-09-22T18:37:01.1695147Z   RUNS_ON_INSTANCE_ID: i-0b270abe4cb8f1302
2026-09-22T18:37:01.1695378Z   RUNS_ON_INSTANCE_LIFECYCLE: spot
2026-09-22T18:37:01.1695592Z   RUNS_ON_INSTANCE_TYPE: c7i.metal-24xl
2026-09-22T18:37:01.1695807Z   RUNS_ON_STACK_NAME: runs-on-v3
2026-09-22T18:37:01.1696066Z   RUNS_ON_S3_BUCKET_CACHE: runs-on-v3-s3bucketcache-dbnub4tpjhpv
2026-09-22T18:37:01.1696435Z   ACTIONS_RUNNER_HOOK_JOB_STARTED: /runs-on/pre.sh
2026-09-22T18:37:01.1696713Z   ACTIONS_RUNNER_HOOK_JOB_COMPLETED: /runs-on/post.sh
2026-09-22T18:37:01.1696979Z   GITHUB_SERVER_URL: https://github.com/
2026-09-22T18:37:01.1697218Z   GITHUB_API_URL: https://api.github.com/
2026-09-22T18:37:01.1697438Z   GITHUB_HOST: github.com
2026-09-22T18:37:01.1697681Z   RUNS_ON_RUNNER_NAME: runs-on--i-0b270abe4cb8f1302--9ece2925-5
2026-09-22T18:37:01.1697973Z   RUNS_ON_INSTANCE_LAUNCHED_AT: 2026-09-22T18:36:01Z
2026-09-22T18:37:01.1698222Z   ACTIONS_CACHE_URL: http://10.1.11.123:6871/
2026-09-22T18:37:01.1698449Z   ACTIONS_CACHE_SERVICE_V2: true
2026-09-22T18:37:01.1698663Z   ACTIONS_RESULTS_URL: http://10.1.11.123:6871/
2026-09-22T18:37:01.1698936Z   RUNS_ON_S3_CACHE_REPO_PREFIX: cache/repo/vortex-data/vortex
2026-09-22T18:37:01.1699197Z   RUNS_ON_ACTION_COST_TRACKING_CLAIMED: true
2026-09-22T18:37:01.1699420Z   RUSTUP_TOOLCHAIN: 1.98.0
2026-09-22T18:37:01.1699605Z   INPUT_TOOL: cargo-codspeed
2026-09-22T18:37:01.1699793Z   INPUT_LOCKED: true
2026-09-22T18:37:01.1699960Z   INPUT_GIT: 
2026-09-22T18:37:01.1700137Z   INPUT_TAG: 
2026-09-22T18:37:01.1700284Z   INPUT_REV: 
2026-09-22T18:37:01.1700436Z   INPUT_FEATURES: 
2026-09-22T18:37:01.1700616Z   INPUT_NO_DEFAULT_FEATURES: false
2026-09-22T18:37:01.1700819Z   INPUT_ALL_FEATURES: false
2026-09-22T18:37:01.1701158Z   ACTION_USER_AGENT: taiki-e/cache-cargo-install-action (66c9585ef5ca780ee69399975a5e911f47905995)
2026-09-22T18:37:01.1701502Z ##[endgroup]
2026-09-22T18:37:01.2397696Z ##[end-action id=__taiki-e_cache-cargo-install-action.pre-unix;outcome=success;conclusion=success;duration_ms=73]
2026-09-22T18:37:01.2400888Z ##[start-action display=Prepare (Windows);id=__taiki-e_cache-cargo-install-action.pre-windows]
2026-09-22T18:37:01.2403452Z ##[end-action id=__taiki-e_cache-cargo-install-action.pre-windows;outcome=skipped;conclusion=skipped;duration_ms=0]
2026-09-22T18:37:01.2404844Z ##[start-action display=Restore Cache;id=__taiki-e_cache-cargo-install-action.cache]
2026-09-22T18:37:01.2435595Z ##[group]Run actions/cache@668228422ae6a00e4ad889ee87cd7109ec5666a7
2026-09-22T18:37:01.2435859Z with:
2026-09-22T18:37:01.2436054Z   path: /opt/hostedtoolcache/cargo-codspeed/bin
2026-09-22T18:37:01.2436484Z   key: cargo-codspeed-5.0.2-x86_64-linux-gnu-2.39-features-default-no-default-features-false-all-features-false
2026-09-22T18:37:01.2436896Z   enableCrossOsArchive: false
2026-09-22T18:37:01.2437096Z   fail-on-cache-miss: false
2026-09-22T18:37:01.2437283Z   lookup-only: false
2026-09-22T18:37:01.2437448Z   save-always: false
2026-09-22T18:37:01.2437606Z env:
2026-09-22T18:37:01.2437758Z   CARGO_TERM_COLOR: always
2026-09-22T18:37:01.2437937Z   RUST_BACKTRACE: 1
2026-09-22T18:37:01.2438112Z   NIGHTLY_TOOLCHAIN: nightly-2026-09-10
2026-09-22T18:37:01.2438434Z   RUNNER_TOOL_CACHE: /opt/hostedtoolcache
2026-09-22T18:37:01.2438661Z   RUNS_ON_HOME: /runs-on
2026-09-22T18:37:01.2438853Z   RUNS_ON_VERSION: v3.3.0
2026-09-22T18:37:01.2439055Z   RUNS_ON_AGENT_BINARY: /runs-on/agent
2026-09-22T18:37:01.2439277Z   RUNS_ON_AGENT_ARCH: x64
2026-09-22T18:37:01.2439466Z   RUNS_ON_AGENT_USER: runner
2026-09-22T18:37:01.2439669Z   RUNS_ON_AMI_ID: ami-0d8875560af9e1401
2026-09-22T18:37:01.2439888Z   RUNS_ON_AWS_REGION: us-east-1
2026-09-22T18:37:01.2440143Z   RUNS_ON_AWS_AZ: us-east-1a
2026-09-22T18:37:01.2440349Z   RUNS_ON_ENV_CUSTOM_FILE: /runs-on/env.custom
2026-09-22T18:37:01.2440577Z   RUNS_ON_INSTANCE_ID: i-0b270abe4cb8f1302
2026-09-22T18:37:01.2440791Z   RUNS_ON_INSTANCE_LIFECYCLE: spot
2026-09-22T18:37:01.2441002Z   RUNS_ON_INSTANCE_TYPE: c7i.metal-24xl
2026-09-22T18:37:01.2441211Z   RUNS_ON_STACK_NAME: runs-on-v3
2026-09-22T18:37:01.2441463Z   RUNS_ON_S3_BUCKET_CACHE: runs-on-v3-s3bucketcache-dbnub4tpjhpv
2026-09-22T18:37:01.2441759Z   ACTIONS_RUNNER_HOOK_JOB_STARTED: /runs-on/pre.sh
2026-09-22T18:37:01.2442026Z   ACTIONS_RUNNER_HOOK_JOB_COMPLETED: /runs-on/post.sh
2026-09-22T18:37:01.2442291Z   GITHUB_SERVER_URL: https://github.com/
2026-09-22T18:37:01.2442531Z   GITHUB_API_URL: https://api.github.com/
2026-09-22T18:37:01.2442800Z   GITHUB_HOST: github.com
2026-09-22T18:37:01.2443034Z   RUNS_ON_RUNNER_NAME: runs-on--i-0b270abe4cb8f1302--9ece2925-5
2026-09-22T18:37:01.2443318Z   RUNS_ON_INSTANCE_LAUNCHED_AT: 2026-09-22T18:36:01Z
2026-09-22T18:37:01.2443564Z   ACTIONS_CACHE_URL: http://10.1.11.123:6871/
2026-09-22T18:37:01.2443798Z   ACTIONS_CACHE_SERVICE_V2: true
2026-09-22T18:37:01.2444016Z   ACTIONS_RESULTS_URL: http://10.1.11.123:6871/
2026-09-22T18:37:01.2444290Z   RUNS_ON_S3_CACHE_REPO_PREFIX: cache/repo/vortex-data/vortex
2026-09-22T18:37:01.2444558Z   RUNS_ON_ACTION_COST_TRACKING_CLAIMED: true
2026-09-22T18:37:01.2444774Z   RUSTUP_TOOLCHAIN: 1.98.0
2026-09-22T18:37:01.2444953Z ##[endgroup]
2026-09-22T18:37:01.4436908Z Cache hit for: cargo-codspeed-5.0.2-x86_64-linux-gnu-2.39-features-default-no-default-features-false-all-features-false
2026-09-22T18:37:01.5161700Z Cache Size: ~1 MB (965444 B)
2026-09-22T18:37:01.5172147Z [command]/usr/bin/tar -xf /home/runner/_work/_temp/b04d47d9-fa3c-4954-b6d0-12874f63a6d6/cache.tzst -P -C /home/runner/_work/vortex/vortex --use-compress-program unzstd
2026-09-22T18:37:01.5283097Z Cache restored successfully
2026-09-22T18:37:01.5753325Z Cache restored from key: cargo-codspeed-5.0.2-x86_64-linux-gnu-2.39-features-default-no-default-features-false-all-features-false
2026-09-22T18:37:01.5797115Z ##[end-action id=__taiki-e_cache-cargo-install-action.cache;outcome=success;conclusion=success;duration_ms=339]
2026-09-22T18:37:01.5806326Z ##[start-action display=Install cargo-codspeed (non-Windows);id=__taiki-e_cache-cargo-install-action.__run]
2026-09-22T18:37:01.5810031Z ##[end-action id=__taiki-e_cache-cargo-install-action.__run;outcome=skipped;conclusion=skipped;duration_ms=0]
2026-09-22T18:37:01.5813617Z ##[start-action display=Install cargo-codspeed (Windows);id=__taiki-e_cache-cargo-install-action.__run_2]
2026-09-22T18:37:01.5816872Z ##[end-action id=__taiki-e_cache-cargo-install-action.__run_2;outcome=skipped;conclusion=skipped;duration_ms=0]
2026-09-22T18:37:01.5848069Z ##[group]Run actions/download-artifact@3e5f45b2cfb9172054b4087a40e8e0b5a5461e7c
2026-09-22T18:37:01.5848409Z with:
2026-09-22T18:37:01.5848602Z   name: codspeed-cpu-benchmarks-avx2
2026-09-22T18:37:01.5848839Z   merge-multiple: false
2026-09-22T18:37:01.5849039Z   repository: vortex-data/vortex
2026-09-22T18:37:01.5849245Z   run-id: 35767825603
2026-09-22T18:37:01.5849432Z   skip-decompress: false
2026-09-22T18:37:01.5849629Z   digest-mismatch: error
2026-09-22T18:37:01.5849807Z env:
2026-09-22T18:37:01.5849977Z   CARGO_TERM_COLOR: always
2026-09-22T18:37:01.5850222Z   RUST_BACKTRACE: 1
2026-09-22T18:37:01.5850407Z   NIGHTLY_TOOLCHAIN: nightly-2026-09-10
2026-09-22T18:37:01.5850642Z   RUNNER_TOOL_CACHE: /opt/hostedtoolcache
2026-09-22T18:37:01.5850863Z   RUNS_ON_HOME: /runs-on
2026-09-22T18:37:01.5851045Z   RUNS_ON_VERSION: v3.3.0
2026-09-22T18:37:01.5851253Z   RUNS_ON_AGENT_BINARY: /runs-on/agent
2026-09-22T18:37:01.5851466Z   RUNS_ON_AGENT_ARCH: x64
2026-09-22T18:37:01.5851691Z   RUNS_ON_AGENT_USER: runner
2026-09-22T18:37:01.5851891Z   RUNS_ON_AMI_ID: ami-0d8875560af9e1401
2026-09-22T18:37:01.5852103Z   RUNS_ON_AWS_REGION: us-east-1
2026-09-22T18:37:01.5852302Z   RUNS_ON_AWS_AZ: us-east-1a
2026-09-22T18:37:01.5852510Z   RUNS_ON_ENV_CUSTOM_FILE: /runs-on/env.custom
2026-09-22T18:37:01.5852750Z   RUNS_ON_INSTANCE_ID: i-0b270abe4cb8f1302
2026-09-22T18:37:01.5852982Z   RUNS_ON_INSTANCE_LIFECYCLE: spot
2026-09-22T18:37:01.5853193Z   RUNS_ON_INSTANCE_TYPE: c7i.metal-24xl
2026-09-22T18:37:01.5853407Z   RUNS_ON_STACK_NAME: runs-on-v3
2026-09-22T18:37:01.5853660Z   RUNS_ON_S3_BUCKET_CACHE: runs-on-v3-s3bucketcache-dbnub4tpjhpv
2026-09-22T18:37:01.5853954Z   ACTIONS_RUNNER_HOOK_JOB_STARTED: /runs-on/pre.sh
2026-09-22T18:37:01.5854220Z   ACTIONS_RUNNER_HOOK_JOB_COMPLETED: /runs-on/post.sh
2026-09-22T18:37:01.5854492Z   GITHUB_SERVER_URL: https://github.com/
2026-09-22T18:37:01.5854725Z   GITHUB_API_URL: https://api.github.com/
2026-09-22T18:37:01.5854955Z   GITHUB_HOST: github.com
2026-09-22T18:37:01.5855263Z   RUNS_ON_RUNNER_NAME: runs-on--i-0b270abe4cb8f1302--9ece2925-5
2026-09-22T18:37:01.5855554Z   RUNS_ON_INSTANCE_LAUNCHED_AT: 2026-09-22T18:36:01Z
2026-09-22T18:37:01.5855813Z   ACTIONS_CACHE_URL: http://10.1.11.123:6871/
2026-09-22T18:37:01.5856045Z   ACTIONS_CACHE_SERVICE_V2: true
2026-09-22T18:37:01.5856265Z   ACTIONS_RESULTS_URL: http://10.1.11.123:6871/
2026-09-22T18:37:01.5856539Z   RUNS_ON_S3_CACHE_REPO_PREFIX: cache/repo/vortex-data/vortex
2026-09-22T18:37:01.5856810Z   RUNS_ON_ACTION_COST_TRACKING_CLAIMED: true
2026-09-22T18:37:01.5857031Z   RUSTUP_TOOLCHAIN: 1.98.0
2026-09-22T18:37:01.5857221Z ##[endgroup]
2026-09-22T18:37:01.6877969Z Downloading single artifact
2026-09-22T18:37:01.7515569Z Preparing to download the following artifacts:
2026-09-22T18:37:01.7516121Z - codspeed-cpu-benchmarks-avx2 (ID: 10713051210, Size: 516314636, Expected Digest: sha256:4d447d0117cf431f9cc6fecd9505cb531ffb9332bd270328722f6f6a1037c292)
2026-09-22T18:37:01.8791333Z Redirecting to blob download url: https://productionresultssa3.blob.core.windows.net/actions-results/520f783e-a123-4070-a173-4a1d2e5d92a8/workflow-job-run-27e4a7c3-16e0-5d3a-ae72-1d8622cd63d0/artifacts/6ea30261599b3005782fd3e941f59f4860b3d5b4da8aee04f15d92f964bf86dd.zip
2026-09-22T18:37:01.8792225Z Starting download of artifact to: /home/runner/_work/vortex/vortex
2026-09-22T18:37:01.9951406Z (node:2697) [DEP0005] DeprecationWarning: Buffer() is deprecated due to security and usability issues. Please use the Buffer.alloc(), Buffer.allocUnsafe(), or Buffer.from() methods instead.
2026-09-22T18:37:01.9952097Z (Use `node --trace-deprecation ...` to show where the warning was created)
2026-09-22T18:37:11.9171811Z SHA256 digest of downloaded artifact is 4d447d0117cf431f9cc6fecd9505cb531ffb9332bd270328722f6f6a1037c292
2026-09-22T18:37:11.9172306Z Artifact download completed successfully.
2026-09-22T18:37:11.9172562Z Total of 1 artifact(s) downloaded
2026-09-22T18:37:11.9174924Z Download artifact has finished successfully
2026-09-22T18:37:11.9263880Z ##[group]Run mkdir -p target
2026-09-22T18:37:11.9264135Z [36;1mmkdir -p target[0m
2026-09-22T18:37:11.9264402Z [36;1mtar -C target -xf codspeed-cpu-benchmarks.tar[0m
2026-09-22T18:37:11.9287378Z shell: /usr/bin/bash -e {0}
2026-09-22T18:37:11.9287592Z env:
2026-09-22T18:37:11.9287776Z   CARGO_TERM_COLOR: always
2026-09-22T18:37:11.9287976Z   RUST_BACKTRACE: 1
2026-09-22T18:37:11.9288173Z   NIGHTLY_TOOLCHAIN: nightly-2026-09-10
2026-09-22T18:37:11.9288421Z   RUNNER_TOOL_CACHE: /opt/hostedtoolcache
2026-09-22T18:37:11.9288647Z   RUNS_ON_HOME: /runs-on
2026-09-22T18:37:11.9288843Z   RUNS_ON_VERSION: v3.3.0
2026-09-22T18:37:11.9289046Z   RUNS_ON_AGENT_BINARY: /runs-on/agent
2026-09-22T18:37:11.9289269Z   RUNS_ON_AGENT_ARCH: x64
2026-09-22T18:37:11.9289462Z   RUNS_ON_AGENT_USER: runner
2026-09-22T18:37:11.9289666Z   RUNS_ON_AMI_ID: ami-0d8875560af9e1401
2026-09-22T18:37:11.9289894Z   RUNS_ON_AWS_REGION: us-east-1
2026-09-22T18:37:11.9290136Z   RUNS_ON_AWS_AZ: us-east-1a
2026-09-22T18:37:11.9290404Z   RUNS_ON_ENV_CUSTOM_FILE: /runs-on/env.custom
2026-09-22T18:37:11.9290657Z   RUNS_ON_INSTANCE_ID: i-0b270abe4cb8f1302
2026-09-22T18:37:11.9290893Z   RUNS_ON_INSTANCE_LIFECYCLE: spot
2026-09-22T18:37:11.9291126Z   RUNS_ON_INSTANCE_TYPE: c7i.metal-24xl
2026-09-22T18:37:11.9291349Z   RUNS_ON_STACK_NAME: runs-on-v3
2026-09-22T18:37:11.9291622Z   RUNS_ON_S3_BUCKET_CACHE: runs-on-v3-s3bucketcache-dbnub4tpjhpv
2026-09-22T18:37:11.9291939Z   ACTIONS_RUNNER_HOOK_JOB_STARTED: /runs-on/pre.sh
2026-09-22T18:37:11.9292215Z   ACTIONS_RUNNER_HOOK_JOB_COMPLETED: /runs-on/post.sh
2026-09-22T18:37:11.9292488Z   GITHUB_SERVER_URL: https://github.com/
2026-09-22T18:37:11.9292739Z   GITHUB_API_URL: https://api.github.com/
2026-09-22T18:37:11.9292966Z   GITHUB_HOST: github.com
2026-09-22T18:37:11.9293216Z   RUNS_ON_RUNNER_NAME: runs-on--i-0b270abe4cb8f1302--9ece2925-5
2026-09-22T18:37:11.9293526Z   RUNS_ON_INSTANCE_LAUNCHED_AT: 2026-09-22T18:36:01Z
2026-09-22T18:37:11.9293787Z   ACTIONS_CACHE_URL: http://10.1.11.123:6871/
2026-09-22T18:37:11.9294130Z   ACTIONS_CACHE_SERVICE_V2: true
2026-09-22T18:37:11.9294356Z   ACTIONS_RESULTS_URL: http://10.1.11.123:6871/
2026-09-22T18:37:11.9294649Z   RUNS_ON_S3_CACHE_REPO_PREFIX: cache/repo/vortex-data/vortex
2026-09-22T18:37:11.9294932Z   RUNS_ON_ACTION_COST_TRACKING_CLAIMED: true
2026-09-22T18:37:11.9295201Z   RUSTUP_TOOLCHAIN: 1.98.0
2026-09-22T18:37:11.9295403Z ##[endgroup]
2026-09-22T18:37:13.0984245Z ##[group]Run sudo bash scripts/setup-benchmark.sh
2026-09-22T18:37:13.0984569Z [36;1msudo bash scripts/setup-benchmark.sh[0m
2026-09-22T18:37:13.1004590Z shell: /usr/bin/bash -e {0}
2026-09-22T18:37:13.1004803Z env:
2026-09-22T18:37:13.1004990Z   CARGO_TERM_COLOR: always
2026-09-22T18:37:13.1005190Z   RUST_BACKTRACE: 1
2026-09-22T18:37:13.1005389Z   NIGHTLY_TOOLCHAIN: nightly-2026-09-10
2026-09-22T18:37:13.1005628Z   RUNNER_TOOL_CACHE: /opt/hostedtoolcache
2026-09-22T18:37:13.1005867Z   RUNS_ON_HOME: /runs-on
2026-09-22T18:37:13.1006064Z   RUNS_ON_VERSION: v3.3.0
2026-09-22T18:37:13.1006282Z   RUNS_ON_AGENT_BINARY: /runs-on/agent
2026-09-22T18:37:13.1006512Z   RUNS_ON_AGENT_ARCH: x64
2026-09-22T18:37:13.1006706Z   RUNS_ON_AGENT_USER: runner
2026-09-22T18:37:13.1006913Z   RUNS_ON_AMI_ID: ami-0d8875560af9e1401
2026-09-22T18:37:13.1007145Z   RUNS_ON_AWS_REGION: us-east-1
2026-09-22T18:37:13.1007354Z   RUNS_ON_AWS_AZ: us-east-1a
2026-09-22T18:37:13.1007639Z   RUNS_ON_ENV_CUSTOM_FILE: /runs-on/env.custom
2026-09-22T18:37:13.1007891Z   RUNS_ON_INSTANCE_ID: i-0b270abe4cb8f1302
2026-09-22T18:37:13.1008125Z   RUNS_ON_INSTANCE_LIFECYCLE: spot
2026-09-22T18:37:13.1008358Z   RUNS_ON_INSTANCE_TYPE: c7i.metal-24xl
2026-09-22T18:37:13.1008583Z   RUNS_ON_STACK_NAME: runs-on-v3
2026-09-22T18:37:13.1008849Z   RUNS_ON_S3_BUCKET_CACHE: runs-on-v3-s3bucketcache-dbnub4tpjhpv
2026-09-22T18:37:13.1009167Z   ACTIONS_RUNNER_HOOK_JOB_STARTED: /runs-on/pre.sh
2026-09-22T18:37:13.1009443Z   ACTIONS_RUNNER_HOOK_JOB_COMPLETED: /runs-on/post.sh
2026-09-22T18:37:13.1009709Z   GITHUB_SERVER_URL: https://github.com/
2026-09-22T18:37:13.1009955Z   GITHUB_API_URL: https://api.github.com/
2026-09-22T18:37:13.1010205Z   GITHUB_HOST: github.com
2026-09-22T18:37:13.1010455Z   RUNS_ON_RUNNER_NAME: runs-on--i-0b270abe4cb8f1302--9ece2925-5
2026-09-22T18:37:13.1010762Z   RUNS_ON_INSTANCE_LAUNCHED_AT: 2026-09-22T18:36:01Z
2026-09-22T18:37:13.1011021Z   ACTIONS_CACHE_URL: http://10.1.11.123:6871/
2026-09-22T18:37:13.1011264Z   ACTIONS_CACHE_SERVICE_V2: true
2026-09-22T18:37:13.1011491Z   ACTIONS_RESULTS_URL: http://10.1.11.123:6871/
2026-09-22T18:37:13.1011784Z   RUNS_ON_S3_CACHE_REPO_PREFIX: cache/repo/vortex-data/vortex
2026-09-22T18:37:13.1012060Z   RUNS_ON_ACTION_COST_TRACKING_CLAIMED: true
2026-09-22T18:37:13.1012288Z   RUSTUP_TOOLCHAIN: 1.98.0
2026-09-22T18:37:13.1012487Z ##[endgroup]
2026-09-22T18:37:13.1126495Z + '[' 0 -ne 0 ']'
2026-09-22T18:37:13.1126783Z + sysfs_write /sys/devices/system/cpu/intel_pstate/no_turbo 1
2026-09-22T18:37:13.1127066Z + [[ -n 1 ]]
2026-09-22T18:37:13.1127285Z + [[ -w /sys/devices/system/cpu/intel_pstate/no_turbo ]]
2026-09-22T18:37:13.1127546Z + echo 1
2026-09-22T18:37:13.1191525Z + sysfs_write /sys/devices/system/cpu/cpufreq/boost 0
2026-09-22T18:37:13.1191900Z + [[ -n 0 ]]
2026-09-22T18:37:13.1192204Z + [[ -w /sys/devices/system/cpu/cpufreq/boost ]]
2026-09-22T18:37:13.1192554Z + true
2026-09-22T18:37:13.1192902Z + for policy in /sys/devices/system/cpu/cpufreq/policy*
2026-09-22T18:37:13.1193463Z + sysfs_write /sys/devices/system/cpu/cpufreq/policy0/scaling_governor performance
2026-09-22T18:37:13.1193964Z + [[ -n performance ]]
2026-09-22T18:37:13.1194364Z + [[ -w /sys/devices/system/cpu/cpufreq/policy0/scaling_governor ]]
2026-09-22T18:37:13.1194800Z + echo performance
2026-09-22T18:37:13.1196465Z ++ cat /sys/devices/system/cpu/cpufreq/policy0/scaling_max_freq
2026-09-22T18:37:13.1208288Z + sysfs_write /sys/devices/system/cpu/cpufreq/policy0/scaling_min_freq 2400000
2026-09-22T18:37:13.1208765Z + [[ -n 2400000 ]]
2026-09-22T18:37:13.1209129Z + [[ -w /sys/devices/system/cpu/cpufreq/policy0/scaling_min_freq ]]
2026-09-22T18:37:13.1209743Z + echo 2400000
2026-09-22T18:37:13.1210109Z + for policy in /sys/devices/system/cpu/cpufreq/policy*
2026-09-22T18:37:13.1210647Z + sysfs_write /sys/devices/system/cpu/cpufreq/policy1/scaling_governor performance
2026-09-22T18:37:13.1211140Z + [[ -n performance ]]
2026-09-22T18:37:13.1211510Z + [[ -w /sys/devices/system/cpu/cpufreq/policy1/scaling_governor ]]
2026-09-22T18:37:13.1212064Z + echo performance
2026-09-22T18:37:13.1213678Z ++ cat /sys/devices/system/cpu/cpufreq/policy1/scaling_max_freq
2026-09-22T18:37:13.1225658Z + sysfs_write /sys/devices/system/cpu/cpufreq/policy1/scaling_min_freq 2400000
2026-09-22T18:37:13.1226126Z + [[ -n 2400000 ]]
2026-09-22T18:37:13.1226497Z + [[ -w /sys/devices/system/cpu/cpufreq/policy1/scaling_min_freq ]]
2026-09-22T18:37:13.1226910Z + echo 2400000
2026-09-22T18:37:13.1227235Z + for policy in /sys/devices/system/cpu/cpufreq/policy*
2026-09-22T18:37:13.1227778Z + sysfs_write /sys/devices/system/cpu/cpufreq/policy10/scaling_governor performance
2026-09-22T18:37:13.1228272Z + [[ -n performance ]]
2026-09-22T18:37:13.1228652Z + [[ -w /sys/devices/system/cpu/cpufreq/policy10/scaling_governor ]]
2026-09-22T18:37:13.1229074Z + echo performance
2026-09-22T18:37:13.1230281Z ++ cat /sys/devices/system/cpu/cpufreq/policy10/scaling_max_freq
2026-09-22T18:37:13.1240549Z + sysfs_write /sys/devices/system/cpu/cpufreq/policy10/scaling_min_freq 2400000
2026-09-22T18:37:13.1241024Z + [[ -n 2400000 ]]
2026-09-22T18:37:13.1241381Z + [[ -w /sys/devices/system/cpu/cpufreq/policy10/scaling_min_freq ]]
2026-09-22T18:37:13.1241801Z + echo 2400000
2026-09-22T18:37:13.1242121Z + for policy in /sys/devices/system/cpu/cpufreq/policy*
2026-09-22T18:37:13.1242660Z + sysfs_write /sys/devices/system/cpu/cpufreq/policy11/scaling_governor performance
2026-09-22T18:37:13.1243139Z + [[ -n performance ]]
2026-09-22T18:37:13.1243507Z + [[ -w /sys/devices/system/cpu/cpufreq/policy11/scaling_governor ]]
2026-09-22T18:37:13.1243927Z + echo performance
2026-09-22T18:37:13.1244846Z ++ cat /sys/devices/system/cpu/cpufreq/policy11/scaling_max_freq
2026-09-22T18:37:13.1256691Z + sysfs_write /sys/devices/system/cpu/cpufreq/policy11/scaling_min_freq 2400000
2026-09-22T18:37:13.1257160Z + [[ -n 2400000 ]]
2026-09-22T18:37:13.1257507Z + [[ -w /sys/devices/system/cpu/cpufreq/policy11/scaling_min_freq ]]
2026-09-22T18:37:13.1257910Z + echo 2400000
2026-09-22T18:37:13.1258236Z + for policy in /sys/devices/system/cpu/cpufreq/policy*
2026-09-22T18:37:13.1258768Z + sysfs_write /sys/devices/system/cpu/cpufreq/policy12/scaling_governor performance
2026-09-22T18:37:13.1259246Z + [[ -n performance ]]
2026-09-22T18:37:13.1259628Z + [[ -w /sys/devices/system/cpu/cpufreq/policy12/scaling_governor ]]
2026-09-22T18:37:13.1260047Z + echo performance
2026-09-22T18:37:13.1261122Z ++ cat /sys/devices/system/cpu/cpufreq/policy12/scaling_max_freq
2026-09-22T18:37:13.1271641Z + sysfs_write /sys/devices/system/cpu/cpufreq/policy12/scaling_min_freq 2400000
2026-09-22T18:37:13.1272101Z + [[ -n 2400000 ]]
2026-09-22T18:37:13.1272454Z + [[ -w /sys/devices/system/cpu/cpufreq/policy12/scaling_min_freq ]]
2026-09-22T18:37:13.1272864Z + echo 2400000
2026-09-22T18:37:13.1273181Z + for policy in /sys/devices/system/cpu/cpufreq/policy*
2026-09-22T18:37:13.1273703Z + sysfs_write /sys/devices/system/cpu/cpufreq/policy13/scaling_governor performance
2026-09-22T18:37:13.1274185Z + [[ -n performance ]]
2026-09-22T18:37:13.1274559Z + [[ -w /sys/devices/system/cpu/cpufreq/policy13/scaling_governor ]]
2026-09-22T18:37:13.1274965Z + echo performance
2026-09-22T18:37:13.1277024Z ++ cat /sys/devices/system/cpu/cpufreq/policy13/scaling_max_freq
2026-09-22T18:37:13.1288737Z + sysfs_write /sys/devices/system/cpu/cpufreq/policy13/scaling_min_freq 2400000
2026-09-22T18:37:13.1289214Z + [[ -n 2400000 ]]
2026-09-22T18:37:13.1289569Z + [[ -w /sys/devices/system/cpu/cpufreq/policy13/scaling_min_freq ]]
2026-09-22T18:37:13.1289968Z + echo 2400000
2026-09-22T18:37:13.1290780Z + for policy in /sys/devices/system/cpu/cpufreq/policy*
2026-09-22T18:37:13.1291626Z + sysfs_write /sys/devices/system/cpu/cpufreq/policy14/scaling_governor performance
2026-09-22T18:37:13.1292142Z + [[ -n performance ]]
2026-09-22T18:37:13.1292554Z + [[ -w /sys/devices/system/cpu/cpufreq/policy14/scaling_governor ]]
2026-09-22T18:37:13.1292984Z + echo performance
2026-09-22T18:37:13.1296685Z ++ cat /sys/devices/system/cpu/cpufreq/policy14/scaling_max_freq
2026-09-22T18:37:13.1309838Z + sysfs_write /sys/devices/system/cpu/cpufreq/policy14/scaling_min_freq 2400000
2026-09-22T18:37:13.1310357Z + [[ -n 2400000 ]]
2026-09-22T18:37:13.1310735Z + [[ -w /sys/devices/system/cpu/cpufreq/policy14/scaling_min_freq ]]
2026-09-22T18:37:13.1311163Z + echo 2400000
2026-09-22T18:37:13.1311497Z + for policy in /sys/devices/system/cpu/cpufreq/policy*
2026-09-22T18:37:13.1312040Z + sysfs_write /sys/devices/system/cpu/cpufreq/policy15/scaling_governor performance
2026-09-22T18:37:13.1312538Z + [[ -n performance ]]
2026-09-22T18:37:13.1312924Z + [[ -w /sys/devices/system/cpu/cpufreq/policy15/scaling_governor ]]
2026-09-22T18:37:13.1313340Z + echo performance
2026-09-22T18:37:13.1317357Z ++ cat /sys/devices/system/cpu/cpufreq/policy15/scaling_max_freq
2026-09-22T18:37:13.1328403Z + sysfs_write /sys/devices/system/cpu/cpufreq/policy15/scaling_min_freq 2400000
2026-09-22T18:37:13.1328871Z + [[ -n 2400000 ]]
2026-09-22T18:37:13.1329238Z + [[ -w /sys/devices/system/cpu/cpufreq/policy15/scaling_min_freq ]]
2026-09-22T18:37:13.1329645Z + echo 2400000
2026-09-22T18:37:13.1329971Z + for policy in /sys/devices/system/cpu/cpufreq/policy*
2026-09-22T18:37:13.1330543Z + sysfs_write /sys/devices/system/cpu/cpufreq/policy16/scaling_governor performance
2026-09-22T18:37:13.1331019Z + [[ -n performance ]]
2026-09-22T18:37:13.1331387Z + [[ -w /sys/devices/system/cpu/cpufreq/policy16/scaling_governor ]]
2026-09-22T18:37:13.1331801Z + echo performance
2026-09-22T18:37:13.1333154Z ++ cat /sys/devices/system/cpu/cpufreq/policy16/scaling_max_freq
2026-09-22T18:37:13.1344392Z + sysfs_write /sys/devices/system/cpu/cpufreq/policy16/scaling_min_freq 2400000
2026-09-22T18:37:13.1344858Z + [[ -n 2400000 ]]
2026-09-22T18:37:13.1345224Z + [[ -w /sys/devices/system/cpu/cpufreq/policy16/scaling_min_freq ]]
2026-09-22T18:37:13.1345625Z + echo 2400000
2026-09-22T18:37:13.1345941Z + for policy in /sys/devices/system/cpu/cpufreq/policy*
2026-09-22T18:37:13.1346477Z + sysfs_write /sys/devices/system/cpu/cpufreq/policy17/scaling_governor performance
2026-09-22T18:37:13.1346954Z + [[ -n performance ]]
2026-09-22T18:37:13.1347320Z + [[ -w /sys/devices/system/cpu/cpufreq/policy17/scaling_governor ]]
2026-09-22T18:37:13.1347732Z + echo performance
2026-09-22T18:37:13.1348414Z ++ cat /sys/devices/system/cpu/cpufreq/policy17/scaling_max_freq
2026-09-22T18:37:13.1359218Z + sysfs_write /sys/devices/system/cpu/cpufreq/policy17/scaling_min_freq 2400000
2026-09-22T18:37:13.1359694Z + [[ -n 2400000 ]]
2026-09-22T18:37:13.1360042Z + [[ -w /sys/devices/system/cpu/cpufreq/policy17/scaling_min_freq ]]
2026-09-22T18:37:13.1360467Z + echo 2400000
2026-09-22T18:37:13.1360797Z + for policy in /sys/devices/system/cpu/cpufreq/policy*
2026-09-22T18:37:13.1361321Z + sysfs_write /sys/devices/system/cpu/cpufreq/policy18/scaling_governor performance
2026-09-22T18:37:13.1361804Z + [[ -n performance ]]
2026-09-22T18:37:13.1362182Z + [[ -w /sys/devices/system/cpu/cpufreq/policy18/scaling_governor ]]
2026-09-22T18:37:13.1362593Z + echo performance
2026-09-22T18:37:13.1363053Z ++ cat /sys/devices/system/cpu/cpufreq/policy18/scaling_max_freq
2026-09-22T18:37:13.1373507Z + sysfs_write /sys/devices/system/cpu/cpufreq/policy18/scaling_min_freq 2400000
2026-09-22T18:37:13.1373964Z + [[ -n 2400000 ]]
2026-09-22T18:37:13.1374310Z + [[ -w /sys/devices/system/cpu/cpufreq/policy18/scaling_min_freq ]]
2026-09-22T18:37:13.1374717Z + echo 2400000
2026-09-22T18:37:13.1375049Z + for policy in /sys/devices/system/cpu/cpufreq/policy*
2026-09-22T18:37:13.1375576Z + sysfs_write /sys/devices/system/cpu/cpufreq/policy19/scaling_governor performance
2026-09-22T18:37:13.1376054Z + [[ -n performance ]]
2026-09-22T18:37:13.1376501Z + [[ -w /sys/devices/system/cpu/cpufreq/policy19/scaling_governor ]]
2026-09-22T18:37:13.1376900Z + echo performance
2026-09-22T18:37:13.1379746Z ++ cat /sys/devices/system/cpu/cpufreq/policy19/scaling_max_freq
2026-09-22T18:37:13.1390313Z + sysfs_write /sys/devices/system/cpu/cpufreq/policy19/scaling_min_freq 2400000
2026-09-22T18:37:13.1390770Z + [[ -n 2400000 ]]
2026-09-22T18:37:13.1391198Z + [[ -w /sys/devices/system/cpu/cpufreq/policy19/scaling_min_freq ]]
2026-09-22T18:37:13.1391601Z + echo 2400000
2026-09-22T18:37:13.1391919Z + for policy in /sys/devices/system/cpu/cpufreq/policy*
2026-09-22T18:37:13.1392445Z + sysfs_write /sys/devices/system/cpu/cpufreq/policy2/scaling_governor performance
2026-09-22T18:37:13.1392930Z + [[ -n performance ]]
2026-09-22T18:37:13.1393302Z + [[ -w /sys/devices/system/cpu/cpufreq/policy2/scaling_governor ]]
2026-09-22T18:37:13.1393713Z + echo performance
2026-09-22T18:37:13.1395478Z ++ cat /sys/devices/system/cpu/cpufreq/policy2/scaling_max_freq
2026-09-22T18:37:13.1406055Z + sysfs_write /sys/devices/system/cpu/cpufreq/policy2/scaling_min_freq 2400000
2026-09-22T18:37:13.1406529Z + [[ -n 2400000 ]]
2026-09-22T18:37:13.1406892Z + [[ -w /sys/devices/system/cpu/cpufreq/policy2/scaling_min_freq ]]
2026-09-22T18:37:13.1407291Z + echo 2400000
2026-09-22T18:37:13.1407611Z + for policy in /sys/devices/system/cpu/cpufreq/policy*
2026-09-22T18:37:13.1408150Z + sysfs_write /sys/devices/system/cpu/cpufreq/policy20/scaling_governor performance
2026-09-22T18:37:13.1408624Z + [[ -n performance ]]
2026-09-22T18:37:13.1408997Z + [[ -w /sys/devices/system/cpu/cpufreq/policy20/scaling_governor ]]
2026-09-22T18:37:13.1409744Z + echo performance
2026-09-22T18:37:13.1410119Z ++ cat /sys/devices/system/cpu/cpufreq/policy20/scaling_max_freq
2026-09-22T18:37:13.1421092Z + sysfs_write /sys/devices/system/cpu/cpufreq/policy20/scaling_min_freq 2400000
2026-09-22T18:37:13.1421564Z + [[ -n 2400000 ]]
2026-09-22T18:37:13.1421912Z + [[ -w /sys/devices/system/cpu/cpufreq/policy20/scaling_min_freq ]]
2026-09-22T18:37:13.1422317Z + echo 2400000
2026-09-22T18:37:13.1422639Z + for policy in /sys/devices/system/cpu/cpufreq/policy*
2026-09-22T18:37:13.1423161Z + sysfs_write /sys/devices/system/cpu/cpufreq/policy21/scaling_governor performance
2026-09-22T18:37:13.1423643Z + [[ -n performance ]]
2026-09-22T18:37:13.1424012Z + [[ -w /sys/devices/system/cpu/cpufreq/policy21/scaling_governor ]]
2026-09-22T18:37:13.1424439Z + echo performance
2026-09-22T18:37:13.1424796Z ++ cat /sys/devices/system/cpu/cpufreq/policy21/scaling_max_freq
2026-09-22T18:37:13.1435048Z + sysfs_write /sys/devices/system/cpu/cpufreq/policy21/scaling_min_freq 2400000
2026-09-22T18:37:13.1435510Z + [[ -n 2400000 ]]
2026-09-22T18:37:13.1435857Z + [[ -w /sys/devices/system/cpu/cpufreq/policy21/scaling_min_freq ]]
2026-09-22T18:37:13.1436253Z + echo 2400000
2026-09-22T18:37:13.1436577Z + for policy in /sys/devices/system/cpu/cpufreq/policy*
2026-09-22T18:37:13.1437099Z + sysfs_write /sys/devices/system/cpu/cpufreq/policy22/scaling_governor performance
2026-09-22T18:37:13.1437578Z + [[ -n performance ]]
2026-09-22T18:37:13.1437957Z + [[ -w /sys/devices/system/cpu/cpufreq/policy22/scaling_governor ]]
2026-09-22T18:37:13.1438363Z + echo performance
2026-09-22T18:37:13.1438938Z ++ cat /sys/devices/system/cpu/cpufreq/policy22/scaling_max_freq
2026-09-22T18:37:13.1452752Z + sysfs_write /sys/devices/system/cpu/cpufreq/policy22/scaling_min_freq 2400000
2026-09-22T18:37:13.1453211Z + [[ -n 2400000 ]]
2026-09-22T18:37:13.1453555Z + [[ -w /sys/devices/system/cpu/cpufreq/policy22/scaling_min_freq ]]
2026-09-22T18:37:13.1453965Z + echo 2400000
2026-09-22T18:37:13.1454282Z + for policy in /sys/devices/system/cpu/cpufreq/policy*
2026-09-22T18:37:13.1454802Z + sysfs_write /sys/devices/system/cpu/cpufreq/policy23/scaling_governor performance
2026-09-22T18:37:13.1455289Z + [[ -n performance ]]
2026-09-22T18:37:13.1455653Z + [[ -w /sys/devices/system/cpu/cpufreq/policy23/scaling_governor ]]
2026-09-22T18:37:13.1456066Z + echo performance
2026-09-22T18:37:13.1457384Z ++ cat /sys/devices/system/cpu/cpufreq/policy23/scaling_max_freq
2026-09-22T18:37:13.1468478Z + sysfs_write /sys/devices/system/cpu/cpufreq/policy23/scaling_min_freq 2400000
2026-09-22T18:37:13.1468967Z + [[ -n 2400000 ]]
2026-09-22T18:37:13.1469328Z + [[ -w /sys/devices/system/cpu/cpufreq/policy23/scaling_min_freq ]]
2026-09-22T18:37:13.1469735Z + echo 2400000
2026-09-22T18:37:13.1470200Z + for policy in /sys/devices/system/cpu/cpufreq/policy*
2026-09-22T18:37:13.1470728Z + sysfs_write /sys/devices/system/cpu/cpufreq/policy24/scaling_governor performance
2026-09-22T18:37:13.1471231Z + [[ -n performance ]]
2026-09-22T18:37:13.1471598Z + [[ -w /sys/devices/system/cpu/cpufreq/policy24/scaling_governor ]]
2026-09-22T18:37:13.1472001Z + echo performance
2026-09-22T18:37:13.1472366Z ++ cat /sys/devices/system/cpu/cpufreq/policy24/scaling_max_freq
2026-09-22T18:37:13.1482247Z + sysfs_write /sys/devices/system/cpu/cpufreq/policy24/scaling_min_freq 2400000
2026-09-22T18:37:13.1482708Z + [[ -n 2400000 ]]
2026-09-22T18:37:13.1483067Z + [[ -w /sys/devices/system/cpu/cpufreq/policy24/scaling_min_freq ]]
2026-09-22T18:37:13.1483473Z + echo 2400000
2026-09-22T18:37:13.1483792Z + for policy in /sys/devices/system/cpu/cpufreq/policy*
2026-09-22T18:37:13.1484331Z + sysfs_write /sys/devices/system/cpu/cpufreq/policy25/scaling_governor performance
2026-09-22T18:37:13.1484810Z + [[ -n performance ]]
2026-09-22T18:37:13.1485183Z + [[ -w /sys/devices/system/cpu/cpufreq/policy25/scaling_governor ]]
2026-09-22T18:37:13.1485600Z + echo performance
2026-09-22T18:37:13.1487460Z ++ cat /sys/devices/system/cpu/cpufreq/policy25/scaling_max_freq
2026-09-22T18:37:13.1497985Z + sysfs_write /sys/devices/system/cpu/cpufreq/policy25/scaling_min_freq 2400000
2026-09-22T18:37:13.1498453Z + [[ -n 2400000 ]]
2026-09-22T18:37:13.1498804Z + [[ -w /sys/devices/system/cpu/cpufreq/policy25/scaling_min_freq ]]
2026-09-22T18:37:13.1499206Z + echo 2400000
2026-09-22T18:37:13.1499535Z + for policy in /sys/devices/system/cpu/cpufreq/policy*
2026-09-22T18:37:13.1500098Z + sysfs_write /sys/devices/system/cpu/cpufreq/policy26/scaling_governor performance
2026-09-22T18:37:13.1500572Z + [[ -n performance ]]
2026-09-22T18:37:13.1500945Z + [[ -w /sys/devices/system/cpu/cpufreq/policy26/scaling_governor ]]
2026-09-22T18:37:13.1501355Z + echo performance
2026-09-22T18:37:13.1501822Z ++ cat /sys/devices/system/cpu/cpufreq/policy26/scaling_max_freq
2026-09-22T18:37:13.1513934Z + sysfs_write /sys/devices/system/cpu/cpufreq/policy26/scaling_min_freq 2400000
2026-09-22T18:37:13.1514409Z + [[ -n 2400000 ]]
2026-09-22T18:37:13.1514762Z + [[ -w /sys/devices/system/cpu/cpufreq/policy26/scaling_min_freq ]]
2026-09-22T18:37:13.1515184Z + echo 2400000
2026-09-22T18:37:13.1515503Z + for policy in /sys/devices/system/cpu/cpufreq/policy*
2026-09-22T18:37:13.1516034Z + sysfs_write /sys/devices/system/cpu/cpufreq/policy27/scaling_governor performance
2026-09-22T18:37:13.1516527Z + [[ -n performance ]]
2026-09-22T18:37:13.1516902Z + [[ -w /sys/devices/system/cpu/cpufreq/policy27/scaling_governor ]]
2026-09-22T18:37:13.1517313Z + echo performance
2026-09-22T18:37:13.1517675Z ++ cat /sys/devices/system/cpu/cpufreq/policy27/scaling_max_freq
2026-09-22T18:37:13.1527766Z + sysfs_write /sys/devices/system/cpu/cpufreq/policy27/scaling_min_freq 2400000
2026-09-22T18:37:13.1528227Z + [[ -n 2400000 ]]
2026-09-22T18:37:13.1528580Z + [[ -w /sys/devices/system/cpu/cpufreq/policy27/scaling_min_freq ]]
2026-09-22T18:37:13.1528987Z + echo 2400000
2026-09-22T18:37:13.1529311Z + for policy in /sys/devices/system/cpu/cpufreq/policy*
2026-09-22T18:37:13.1529831Z + sysfs_write /sys/devices/system/cpu/cpufreq/policy28/scaling_governor performance
2026-09-22T18:37:13.1530369Z + [[ -n performance ]]
2026-09-22T18:37:13.1530738Z + [[ -w /sys/devices/system/cpu/cpufreq/policy28/scaling_governor ]]
2026-09-22T18:37:13.1531136Z + echo performance
2026-09-22T18:37:13.1531967Z ++ cat /sys/devices/system/cpu/cpufreq/policy28/scaling_max_freq
2026-09-22T18:37:13.1542605Z + sysfs_write /sys/devices/system/cpu/cpufreq/policy28/scaling_min_freq 2400000
2026-09-22T18:37:13.1543139Z + [[ -n 2400000 ]]
2026-09-22T18:37:13.1543513Z + [[ -w /sys/devices/system/cpu/cpufreq/policy28/scaling_min_freq ]]
2026-09-22T18:37:13.1543921Z + echo 2400000
2026-09-22T18:37:13.1544249Z + for policy in /sys/devices/system/cpu/cpufreq/policy*
2026-09-22T18:37:13.1544864Z + sysfs_write /sys/devices/system/cpu/cpufreq/policy29/scaling_governor performance
2026-09-22T18:37:13.1545341Z + [[ -n performance ]]
2026-09-22T18:37:13.1545716Z + [[ -w /sys/devices/system/cpu/cpufreq/policy29/scaling_governor ]]
2026-09-22T18:37:13.1546134Z + echo performance
2026-09-22T18:37:13.1547394Z ++ cat /sys/devices/system/cpu/cpufreq/policy29/scaling_max_freq
2026-09-22T18:37:13.1557523Z + sysfs_write /sys/devices/system/cpu/cpufreq/policy29/scaling_min_freq 2400000
2026-09-22T18:37:13.1557994Z + [[ -n 2400000 ]]
2026-09-22T18:37:13.1558345Z + [[ -w /sys/devices/system/cpu/cpufreq/policy29/scaling_min_freq ]]
2026-09-22T18:37:13.1558743Z + echo 2400000
2026-09-22T18:37:13.1559069Z + for policy in /sys/devices/system/cpu/cpufreq/policy*
2026-09-22T18:37:13.1559593Z + sysfs_write /sys/devices/system/cpu/cpufreq/policy3/scaling_governor performance
2026-09-22T18:37:13.1560095Z + [[ -n performance ]]
2026-09-22T18:37:13.1560460Z + [[ -w /sys/devices/system/cpu/cpufreq/policy3/scaling_governor ]]
2026-09-22T18:37:13.1560877Z + echo performance
2026-09-22T18:37:13.1562945Z ++ cat /sys/devices/system/cpu/cpufreq/policy3/scaling_max_freq
2026-09-22T18:37:13.1575901Z + sysfs_write /sys/devices/system/cpu/cpufreq/policy3/scaling_min_freq 2400000
2026-09-22T18:37:13.1576374Z + [[ -n 2400000 ]]
2026-09-22T18:37:13.1576722Z + [[ -w /sys/devices/system/cpu/cpufreq/policy3/scaling_min_freq ]]
2026-09-22T18:37:13.1577122Z + echo 2400000
2026-09-22T18:37:13.1577448Z + for policy in /sys/devices/system/cpu/cpufreq/policy*
2026-09-22T18:37:13.1577978Z + sysfs_write /sys/devices/system/cpu/cpufreq/policy30/scaling_governor performance
2026-09-22T18:37:13.1578450Z + [[ -n performance ]]
2026-09-22T18:37:13.1578834Z + [[ -w /sys/devices/system/cpu/cpufreq/policy30/scaling_governor ]]
2026-09-22T18:37:13.1579241Z + echo performance
2026-09-22T18:37:13.1579932Z ++ cat /sys/devices/system/cpu/cpufreq/policy30/scaling_max_freq
2026-09-22T18:37:13.1593479Z + sysfs_write /sys/devices/system/cpu/cpufreq/policy30/scaling_min_freq 2400000
2026-09-22T18:37:13.1593958Z + [[ -n 2400000 ]]
2026-09-22T18:37:13.1594307Z + [[ -w /sys/devices/system/cpu/cpufreq/policy30/scaling_min_freq ]]
2026-09-22T18:37:13.1594725Z + echo 2400000
2026-09-22T18:37:13.1595041Z + for policy in /sys/devices/system/cpu/cpufreq/policy*
2026-09-22T18:37:13.1595557Z + sysfs_write /sys/devices/system/cpu/cpufreq/policy31/scaling_governor performance
2026-09-22T18:37:13.1596044Z + [[ -n performance ]]
2026-09-22T18:37:13.1596410Z + [[ -w /sys/devices/system/cpu/cpufreq/policy31/scaling_governor ]]
2026-09-22T18:37:13.1596814Z + echo performance
2026-09-22T18:37:13.1597263Z ++ cat /sys/devices/system/cpu/cpufreq/policy31/scaling_max_freq
2026-09-22T18:37:13.1607556Z + sysfs_write /sys/devices/system/cpu/cpufreq/policy31/scaling_min_freq 2400000
2026-09-22T18:37:13.1608016Z + [[ -n 2400000 ]]
2026-09-22T18:37:13.1608371Z + [[ -w /sys/devices/system/cpu/cpufreq/policy31/scaling_min_freq ]]
2026-09-22T18:37:13.1608772Z + echo 2400000
2026-09-22T18:37:13.1609088Z + for policy in /sys/devices/system/cpu/cpufreq/policy*
2026-09-22T18:37:13.1609612Z + sysfs_write /sys/devices/system/cpu/cpufreq/policy32/scaling_governor performance
2026-09-22T18:37:13.1610125Z + [[ -n performance ]]
2026-09-22T18:37:13.1610489Z + [[ -w /sys/devices/system/cpu/cpufreq/policy32/scaling_governor ]]
2026-09-22T18:37:13.1610900Z + echo performance
2026-09-22T18:37:13.1612402Z ++ cat /sys/devices/system/cpu/cpufreq/policy32/scaling_max_freq
2026-09-22T18:37:13.1623267Z + sysfs_write /sys/devices/system/cpu/cpufreq/policy32/scaling_min_freq 2400000
2026-09-22T18:37:13.1623730Z + [[ -n 2400000 ]]
2026-09-22T18:37:13.1624091Z + [[ -w /sys/devices/system/cpu/cpufreq/policy32/scaling_min_freq ]]
2026-09-22T18:37:13.1624570Z + echo 2400000
2026-09-22T18:37:13.1624885Z + for policy in /sys/devices/system/cpu/cpufreq/policy*
2026-09-22T18:37:13.1625414Z + sysfs_write /sys/devices/system/cpu/cpufreq/policy33/scaling_governor performance
2026-09-22T18:37:13.1625888Z + [[ -n performance ]]
2026-09-22T18:37:13.1626319Z + [[ -w /sys/devices/system/cpu/cpufreq/policy33/scaling_governor ]]
2026-09-22T18:37:13.1626741Z + echo performance
2026-09-22T18:37:13.1628254Z ++ cat /sys/devices/system/cpu/cpufreq/policy33/scaling_max_freq
2026-09-22T18:37:13.1639088Z + sysfs_write /sys/devices/system/cpu/cpufreq/policy33/scaling_min_freq 2400000
2026-09-22T18:37:13.1639557Z + [[ -n 2400000 ]]
2026-09-22T18:37:13.1639906Z + [[ -w /sys/devices/system/cpu/cpufreq/policy33/scaling_min_freq ]]
2026-09-22T18:37:13.1640330Z + echo 2400000
2026-09-22T18:37:13.1640657Z + for policy in /sys/devices/system/cpu/cpufreq/policy*
2026-09-22T18:37:13.1641176Z + sysfs_write /sys/devices/system/cpu/cpufreq/policy34/scaling_governor performance
2026-09-22T18:37:13.1641659Z + [[ -n performance ]]
2026-09-22T18:37:13.1642028Z + [[ -w /sys/devices/system/cpu/cpufreq/policy34/scaling_governor ]]
2026-09-22T18:37:13.1642426Z + echo performance
2026-09-22T18:37:13.1643612Z ++ cat /sys/devices/system/cpu/cpufreq/policy34/scaling_max_freq
2026-09-22T18:37:13.1654069Z + sysfs_write /sys/devices/system/cpu/cpufreq/policy34/scaling_min_freq 2400000
2026-09-22T18:37:13.1654524Z + [[ -n 2400000 ]]
2026-09-22T18:37:13.1654877Z + [[ -w /sys/devices/system/cpu/cpufreq/policy34/scaling_min_freq ]]
2026-09-22T18:37:13.1655290Z + echo 2400000
2026-09-22T18:37:13.1655614Z + for policy in /sys/devices/system/cpu/cpufreq/policy*
2026-09-22T18:37:13.1656142Z + sysfs_write /sys/devices/system/cpu/cpufreq/policy35/scaling_governor performance
2026-09-22T18:37:13.1656629Z + [[ -n performance ]]
2026-09-22T18:37:13.1657006Z + [[ -w /sys/devices/system/cpu/cpufreq/policy35/scaling_governor ]]
2026-09-22T18:37:13.1657420Z + echo performance
2026-09-22T18:37:13.1657850Z ++ cat /sys/devices/system/cpu/cpufreq/policy35/scaling_max_freq
2026-09-22T18:37:13.1669255Z + sysfs_write /sys/devices/system/cpu/cpufreq/policy35/scaling_min_freq 2400000
2026-09-22T18:37:13.1669711Z + [[ -n 2400000 ]]
2026-09-22T18:37:13.1670084Z + [[ -w /sys/devices/system/cpu/cpufreq/policy35/scaling_min_freq ]]
2026-09-22T18:37:13.1670490Z + echo 2400000
2026-09-22T18:37:13.1670812Z + for policy in /sys/devices/system/cpu/cpufreq/policy*
2026-09-22T18:37:13.1671337Z + sysfs_write /sys/devices/system/cpu/cpufreq/policy36/scaling_governor performance
2026-09-22T18:37:13.1671825Z + [[ -n performance ]]
2026-09-22T18:37:13.1672192Z + [[ -w /sys/devices/system/cpu/cpufreq/policy36/scaling_governor ]]
2026-09-22T18:37:13.1672598Z + echo performance
2026-09-22T18:37:13.1672974Z ++ cat /sys/devices/system/cpu/cpufreq/policy36/scaling_max_freq
2026-09-22T18:37:13.1683556Z + sysfs_write /sys/devices/system/cpu/cpufreq/policy36/scaling_min_freq 2400000
2026-09-22T18:37:13.1684006Z + [[ -n 2400000 ]]
2026-09-22T18:37:13.1684373Z + [[ -w /sys/devices/system/cpu/cpufreq/policy36/scaling_min_freq ]]
2026-09-22T18:37:13.1684773Z + echo 2400000
2026-09-22T18:37:13.1685100Z + for policy in /sys/devices/system/cpu/cpufreq/policy*
2026-09-22T18:37:13.1685636Z + sysfs_write /sys/devices/system/cpu/cpufreq/policy37/scaling_governor performance
2026-09-22T18:37:13.1686124Z + [[ -n performance ]]
2026-09-22T18:37:13.1686499Z + [[ -w /sys/devices/system/cpu/cpufreq/policy37/scaling_governor ]]
2026-09-22T18:37:13.1686926Z + echo performance
2026-09-22T18:37:13.1689031Z ++ cat /sys/devices/system/cpu/cpufreq/policy37/scaling_max_freq
2026-09-22T18:37:13.1699751Z + sysfs_write /sys/devices/system/cpu/cpufreq/policy37/scaling_min_freq 2400000
2026-09-22T18:37:13.1700232Z + [[ -n 2400000 ]]
2026-09-22T18:37:13.1700578Z + [[ -w /sys/devices/system/cpu/cpufreq/policy37/scaling_min_freq ]]
2026-09-22T18:37:13.1700983Z + echo 2400000
2026-09-22T18:37:13.1701300Z + for policy in /sys/devices/system/cpu/cpufreq/policy*
2026-09-22T18:37:13.1701895Z + sysfs_write /sys/devices/system/cpu/cpufreq/policy38/scaling_governor performance
2026-09-22T18:37:13.1702372Z + [[ -n performance ]]
2026-09-22T18:37:13.1702744Z + [[ -w /sys/devices/system/cpu/cpufreq/policy38/scaling_governor ]]
2026-09-22T18:37:13.1703165Z + echo performance
2026-09-22T18:37:13.1704111Z ++ cat /sys/devices/system/cpu/cpufreq/policy38/scaling_max_freq
2026-09-22T18:37:13.1715195Z + sysfs_write /sys/devices/system/cpu/cpufreq/policy38/scaling_min_freq 2400000
2026-09-22T18:37:13.1715693Z + [[ -n 2400000 ]]
2026-09-22T18:37:13.1716085Z + [[ -w /sys/devices/system/cpu/cpufreq/policy38/scaling_min_freq ]]
2026-09-22T18:37:13.1716532Z + echo 2400000
2026-09-22T18:37:13.1716868Z + for policy in /sys/devices/system/cpu/cpufreq/policy*
2026-09-22T18:37:13.1717432Z + sysfs_write /sys/devices/system/cpu/cpufreq/policy39/scaling_governor performance
2026-09-22T18:37:13.1717936Z + [[ -n performance ]]
2026-09-22T18:37:13.1718334Z + [[ -w /sys/devices/system/cpu/cpufreq/policy39/scaling_governor ]]
2026-09-22T18:37:13.1718769Z + echo performance
2026-09-22T18:37:13.1719133Z ++ cat /sys/devices/system/cpu/cpufreq/policy39/scaling_max_freq
2026-09-22T18:37:13.1729004Z + sysfs_write /sys/devices/system/cpu/cpufreq/policy39/scaling_min_freq 2400000
2026-09-22T18:37:13.1729478Z + [[ -n 2400000 ]]
2026-09-22T18:37:13.1729837Z + [[ -w /sys/devices/system/cpu/cpufreq/policy39/scaling_min_freq ]]
2026-09-22T18:37:13.1730290Z + echo 2400000
2026-09-22T18:37:13.1730613Z + for policy in /sys/devices/system/cpu/cpufreq/policy*
2026-09-22T18:37:13.1731142Z + sysfs_write /sys/devices/system/cpu/cpufreq/policy4/scaling_governor performance
2026-09-22T18:37:13.1731635Z + [[ -n performance ]]
2026-09-22T18:37:13.1732018Z + [[ -w /sys/devices/system/cpu/cpufreq/policy4/scaling_governor ]]
2026-09-22T18:37:13.1732430Z + echo performance
2026-09-22T18:37:13.1732813Z ++ cat /sys/devices/system/cpu/cpufreq/policy4/scaling_max_freq
2026-09-22T18:37:13.1743723Z + sysfs_write /sys/devices/system/cpu/cpufreq/policy4/scaling_min_freq 2400000
2026-09-22T18:37:13.1744206Z + [[ -n 2400000 ]]
2026-09-22T18:37:13.1744572Z + [[ -w /sys/devices/system/cpu/cpufreq/policy4/scaling_min_freq ]]
2026-09-22T18:37:13.1744972Z + echo 2400000
2026-09-22T18:37:13.1745299Z + for policy in /sys/devices/system/cpu/cpufreq/policy*
2026-09-22T18:37:13.1745852Z + sysfs_write /sys/devices/system/cpu/cpufreq/policy40/scaling_governor performance
2026-09-22T18:37:13.1746343Z + [[ -n performance ]]
2026-09-22T18:37:13.1746720Z + [[ -w /sys/devices/system/cpu/cpufreq/policy40/scaling_governor ]]
2026-09-22T18:37:13.1747142Z + echo performance
2026-09-22T18:37:13.1747511Z ++ cat /sys/devices/system/cpu/cpufreq/policy40/scaling_max_freq
2026-09-22T18:37:13.1757807Z + sysfs_write /sys/devices/system/cpu/cpufreq/policy40/scaling_min_freq 2400000
2026-09-22T18:37:13.1758277Z + [[ -n 2400000 ]]
2026-09-22T18:37:13.1758626Z + [[ -w /sys/devices/system/cpu/cpufreq/policy40/scaling_min_freq ]]
2026-09-22T18:37:13.1759028Z + echo 2400000
2026-09-22T18:37:13.1759353Z + for policy in /sys/devices/system/cpu/cpufreq/policy*
2026-09-22T18:37:13.1759891Z + sysfs_write /sys/devices/system/cpu/cpufreq/policy41/scaling_governor performance
2026-09-22T18:37:13.1760425Z + [[ -n performance ]]
2026-09-22T18:37:13.1760795Z + [[ -w /sys/devices/system/cpu/cpufreq/policy41/scaling_governor ]]
2026-09-22T18:37:13.1761209Z + echo performance
2026-09-22T18:37:13.1761569Z ++ cat /sys/devices/system/cpu/cpufreq/policy41/scaling_max_freq
2026-09-22T18:37:13.1774133Z + sysfs_write /sys/devices/system/cpu/cpufreq/policy41/scaling_min_freq 2400000
2026-09-22T18:37:13.1774626Z + [[ -n 2400000 ]]
2026-09-22T18:37:13.1774982Z + [[ -w /sys/devices/system/cpu/cpufreq/policy41/scaling_min_freq ]]
2026-09-22T18:37:13.1775384Z + echo 2400000
2026-09-22T18:37:13.1775713Z + for policy in /sys/devices/system/cpu/cpufreq/policy*
2026-09-22T18:37:13.1776236Z + sysfs_write /sys/devices/system/cpu/cpufreq/policy42/scaling_governor performance
2026-09-22T18:37:13.1776714Z + [[ -n performance ]]
2026-09-22T18:37:13.1777209Z + [[ -w /sys/devices/system/cpu/cpufreq/policy42/scaling_governor ]]
2026-09-22T18:37:13.1777611Z + echo performance
2026-09-22T18:37:13.1777966Z ++ cat /sys/devices/system/cpu/cpufreq/policy42/scaling_max_freq
2026-09-22T18:37:13.1791130Z + sysfs_write /sys/devices/system/cpu/cpufreq/policy42/scaling_min_freq 2400000
2026-09-22T18:37:13.1791650Z + [[ -n 2400000 ]]
2026-09-22T18:37:13.1791999Z + [[ -w /sys/devices/system/cpu/cpufreq/policy42/scaling_min_freq ]]
2026-09-22T18:37:13.1792403Z + echo 2400000
2026-09-22T18:37:13.1792722Z + for policy in /sys/devices/system/cpu/cpufreq/policy*
2026-09-22T18:37:13.1793235Z + sysfs_write /sys/devices/system/cpu/cpufreq/policy43/scaling_governor performance
2026-09-22T18:37:13.1793710Z + [[ -n performance ]]
2026-09-22T18:37:13.1794078Z + [[ -w /sys/devices/system/cpu/cpufreq/policy43/scaling_governor ]]
2026-09-22T18:37:13.1794483Z + echo performance
2026-09-22T18:37:13.1796750Z ++ cat /sys/devices/system/cpu/cpufreq/policy43/scaling_max_freq
2026-09-22T18:37:13.1809555Z + sysfs_write /sys/devices/system/cpu/cpufreq/policy43/scaling_min_freq 2400000
2026-09-22T18:37:13.1810013Z + [[ -n 2400000 ]]
2026-09-22T18:37:13.1810402Z + [[ -w /sys/devices/system/cpu/cpufreq/policy43/scaling_min_freq ]]
2026-09-22T18:37:13.1810806Z + echo 2400000
2026-09-22T18:37:13.1811123Z + for policy in /sys/devices/system/cpu/cpufreq/policy*
2026-09-22T18:37:13.1811657Z + sysfs_write /sys/devices/system/cpu/cpufreq/policy44/scaling_governor performance
2026-09-22T18:37:13.1812143Z + [[ -n performance ]]
2026-09-22T18:37:13.1812510Z + [[ -w /sys/devices/system/cpu/cpufreq/policy44/scaling_governor ]]
2026-09-22T18:37:13.1812914Z + echo performance
2026-09-22T18:37:13.1813439Z ++ cat /sys/devices/system/cpu/cpufreq/policy44/scaling_max_freq
2026-09-22T18:37:13.1824108Z + sysfs_write /sys/devices/system/cpu/cpufreq/policy44/scaling_min_freq 2400000
2026-09-22T18:37:13.1824570Z + [[ -n 2400000 ]]
2026-09-22T18:37:13.1824927Z + [[ -w /sys/devices/system/cpu/cpufreq/policy44/scaling_min_freq ]]
2026-09-22T18:37:13.1825335Z + echo 2400000
2026-09-22T18:37:13.1825656Z + for policy in /sys/devices/system/cpu/cpufreq/policy*
2026-09-22T18:37:13.1826185Z + sysfs_write /sys/devices/system/cpu/cpufreq/policy45/scaling_governor performance
2026-09-22T18:37:13.1826668Z + [[ -n performance ]]
2026-09-22T18:37:13.1827046Z + [[ -w /sys/devices/system/cpu/cpufreq/policy45/scaling_governor ]]
2026-09-22T18:37:13.1827456Z + echo performance
2026-09-22T18:37:13.1827821Z ++ cat /sys/devices/system/cpu/cpufreq/policy45/scaling_max_freq
2026-09-22T18:37:13.1838201Z + sysfs_write /sys/devices/system/cpu/cpufreq/policy45/scaling_min_freq 2400000
2026-09-22T18:37:13.1838669Z + [[ -n 2400000 ]]
2026-09-22T18:37:13.1839014Z + [[ -w /sys/devices/system/cpu/cpufreq/policy45/scaling_min_freq ]]
2026-09-22T18:37:13.1839413Z + echo 2400000
2026-09-22T18:37:13.1839744Z + for policy in /sys/devices/system/cpu/cpufreq/policy*
2026-09-22T18:37:13.1840292Z + sysfs_write /sys/devices/system/cpu/cpufreq/policy46/scaling_governor performance
2026-09-22T18:37:13.1840772Z + [[ -n performance ]]
2026-09-22T18:37:13.1841147Z + [[ -w /sys/devices/system/cpu/cpufreq/policy46/scaling_governor ]]
2026-09-22T18:37:13.1841558Z + echo performance
2026-09-22T18:37:13.1841914Z ++ cat /sys/devices/system/cpu/cpufreq/policy46/scaling_max_freq
2026-09-22T18:37:13.1852315Z + sysfs_write /sys/devices/system/cpu/cpufreq/policy46/scaling_min_freq 2400000
2026-09-22T18:37:13.1852768Z + [[ -n 2400000 ]]
2026-09-22T18:37:13.1853114Z + [[ -w /sys/devices/system/cpu/cpufreq/policy46/scaling_min_freq ]]
2026-09-22T18:37:13.1853517Z + echo 2400000
2026-09-22T18:37:13.1853833Z + for policy in /sys/devices/system/cpu/cpufreq/policy*
2026-09-22T18:37:13.1854353Z + sysfs_write /sys/devices/system/cpu/cpufreq/policy47/scaling_governor performance
2026-09-22T18:37:13.1854823Z + [[ -n performance ]]
2026-09-22T18:37:13.1855201Z + [[ -w /sys/devices/system/cpu/cpufreq/policy47/scaling_governor ]]
2026-09-22T18:37:13.1855611Z + echo performance
2026-09-22T18:37:13.1856151Z ++ cat /sys/devices/system/cpu/cpufreq/policy47/scaling_max_freq
2026-09-22T18:37:13.1867511Z + sysfs_write /sys/devices/system/cpu/cpufreq/policy47/scaling_min_freq 2400000
2026-09-22T18:37:13.1867994Z + [[ -n 2400000 ]]
2026-09-22T18:37:13.1868359Z + [[ -w /sys/devices/system/cpu/cpufreq/policy47/scaling_min_freq ]]
2026-09-22T18:37:13.1868765Z + echo 2400000
2026-09-22T18:37:13.1869172Z + for policy in /sys/devices/system/cpu/cpufreq/policy*
2026-09-22T18:37:13.1869712Z + sysfs_write /sys/devices/system/cpu/cpufreq/policy48/scaling_governor performance
2026-09-22T18:37:13.1870215Z + [[ -n performance ]]
2026-09-22T18:37:13.1870597Z + [[ -w /sys/devices/system/cpu/cpufreq/policy48/scaling_governor ]]
2026-09-22T18:37:13.1871005Z + echo performance
2026-09-22T18:37:13.1871357Z ++ cat /sys/devices/system/cpu/cpufreq/policy48/scaling_max_freq
2026-09-22T18:37:13.1881552Z + sysfs_write /sys/devices/system/cpu/cpufreq/policy48/scaling_min_freq 2400000
2026-09-22T18:37:13.1882021Z + [[ -n 2400000 ]]
2026-09-22T18:37:13.1882381Z + [[ -w /sys/devices/system/cpu/cpufreq/policy48/scaling_min_freq ]]
2026-09-22T18:37:13.1882803Z + echo 2400000
2026-09-22T18:37:13.1883116Z + for policy in /sys/devices/system/cpu/cpufreq/policy*
2026-09-22T18:37:13.1883634Z + sysfs_write /sys/devices/system/cpu/cpufreq/policy49/scaling_governor performance
2026-09-22T18:37:13.1884127Z + [[ -n performance ]]
2026-09-22T18:37:13.1884496Z + [[ -w /sys/devices/system/cpu/cpufreq/policy49/scaling_governor ]]
2026-09-22T18:37:13.1884897Z + echo performance
2026-09-22T18:37:13.1885255Z ++ cat /sys/devices/system/cpu/cpufreq/policy49/scaling_max_freq
2026-09-22T18:37:13.1895414Z + sysfs_write /sys/devices/system/cpu/cpufreq/policy49/scaling_min_freq 2400000
2026-09-22T18:37:13.1895866Z + [[ -n 2400000 ]]
2026-09-22T18:37:13.1896220Z + [[ -w /sys/devices/system/cpu/cpufreq/policy49/scaling_min_freq ]]
2026-09-22T18:37:13.1896616Z + echo 2400000
2026-09-22T18:37:13.1896931Z + for policy in /sys/devices/system/cpu/cpufreq/policy*
2026-09-22T18:37:13.1897458Z + sysfs_write /sys/devices/system/cpu/cpufreq/policy5/scaling_governor performance
2026-09-22T18:37:13.1897939Z + [[ -n performance ]]
2026-09-22T18:37:13.1898314Z + [[ -w /sys/devices/system/cpu/cpufreq/policy5/scaling_governor ]]
2026-09-22T18:37:13.1898716Z + echo performance
2026-09-22T18:37:13.1899092Z ++ cat /sys/devices/system/cpu/cpufreq/policy5/scaling_max_freq
2026-09-22T18:37:13.1911602Z + sysfs_write /sys/devices/system/cpu/cpufreq/policy5/scaling_min_freq 2400000
2026-09-22T18:37:13.1912067Z + [[ -n 2400000 ]]
2026-09-22T18:37:13.1912423Z + [[ -w /sys/devices/system/cpu/cpufreq/policy5/scaling_min_freq ]]
2026-09-22T18:37:13.1912827Z + echo 2400000
2026-09-22T18:37:13.1913148Z + for policy in /sys/devices/system/cpu/cpufreq/policy*
2026-09-22T18:37:13.1913679Z + sysfs_write /sys/devices/system/cpu/cpufreq/policy50/scaling_governor performance
2026-09-22T18:37:13.1914155Z + [[ -n performance ]]
2026-09-22T18:37:13.1914523Z + [[ -w /sys/devices/system/cpu/cpufreq/policy50/scaling_governor ]]
2026-09-22T18:37:13.1914946Z + echo performance
2026-09-22T18:37:13.1915296Z ++ cat /sys/devices/system/cpu/cpufreq/policy50/scaling_max_freq
2026-09-22T18:37:13.1925468Z + sysfs_write /sys/devices/system/cpu/cpufreq/policy50/scaling_min_freq 2400000
2026-09-22T18:37:13.1925946Z + [[ -n 2400000 ]]
2026-09-22T18:37:13.1926304Z + [[ -w /sys/devices/system/cpu/cpufreq/policy50/scaling_min_freq ]]
2026-09-22T18:37:13.1926708Z + echo 2400000
2026-09-22T18:37:13.1927039Z + for policy in /sys/devices/system/cpu/cpufreq/policy*
2026-09-22T18:37:13.1927561Z + sysfs_write /sys/devices/system/cpu/cpufreq/policy51/scaling_governor performance
2026-09-22T18:37:13.1928051Z + [[ -n performance ]]
2026-09-22T18:37:13.1928432Z + [[ -w /sys/devices/system/cpu/cpufreq/policy51/scaling_governor ]]
2026-09-22T18:37:13.1928845Z + echo performance
2026-09-22T18:37:13.1929199Z ++ cat /sys/devices/system/cpu/cpufreq/policy51/scaling_max_freq
2026-09-22T18:37:13.1940530Z + sysfs_write /sys/devices/system/cpu/cpufreq/policy51/scaling_min_freq 2400000
2026-09-22T18:37:13.1941065Z + [[ -n 2400000 ]]
2026-09-22T18:37:13.1941414Z + [[ -w /sys/devices/system/cpu/cpufreq/policy51/scaling_min_freq ]]
2026-09-22T18:37:13.1941820Z + echo 2400000
2026-09-22T18:37:13.1942144Z + for policy in /sys/devices/system/cpu/cpufreq/policy*
2026-09-22T18:37:13.1942724Z + sysfs_write /sys/devices/system/cpu/cpufreq/policy52/scaling_governor performance
2026-09-22T18:37:13.1943203Z + [[ -n performance ]]
2026-09-22T18:37:13.1943565Z + [[ -w /sys/devices/system/cpu/cpufreq/policy52/scaling_governor ]]
2026-09-22T18:37:13.1943964Z + echo performance
2026-09-22T18:37:13.1945198Z ++ cat /sys/devices/system/cpu/cpufreq/policy52/scaling_max_freq
2026-09-22T18:37:13.1955522Z + sysfs_write /sys/devices/system/cpu/cpufreq/policy52/scaling_min_freq 2400000
2026-09-22T18:37:13.1955982Z + [[ -n 2400000 ]]
2026-09-22T18:37:13.1956333Z + [[ -w /sys/devices/system/cpu/cpufreq/policy52/scaling_min_freq ]]
2026-09-22T18:37:13.1956740Z + echo 2400000
2026-09-22T18:37:13.1957059Z + for policy in /sys/devices/system/cpu/cpufreq/policy*
2026-09-22T18:37:13.1957585Z + sysfs_write /sys/devices/system/cpu/cpufreq/policy53/scaling_governor performance
2026-09-22T18:37:13.1958072Z + [[ -n performance ]]
2026-09-22T18:37:13.1958437Z + [[ -w /sys/devices/system/cpu/cpufreq/policy53/scaling_governor ]]
2026-09-22T18:37:13.1958847Z + echo performance
2026-09-22T18:37:13.1959209Z ++ cat /sys/devices/system/cpu/cpufreq/policy53/scaling_max_freq
2026-09-22T18:37:13.1969958Z + sysfs_write /sys/devices/system/cpu/cpufreq/policy53/scaling_min_freq 2400000
2026-09-22T18:37:13.1970450Z + [[ -n 2400000 ]]
2026-09-22T18:37:13.1970808Z + [[ -w /sys/devices/system/cpu/cpufreq/policy53/scaling_min_freq ]]
2026-09-22T18:37:13.1971205Z + echo 2400000
2026-09-22T18:37:13.1971521Z + for policy in /sys/devices/system/cpu/cpufreq/policy*
2026-09-22T18:37:13.1972046Z + sysfs_write /sys/devices/system/cpu/cpufreq/policy54/scaling_governor performance
2026-09-22T18:37:13.1972521Z + [[ -n performance ]]
2026-09-22T18:37:13.1972892Z + [[ -w /sys/devices/system/cpu/cpufreq/policy54/scaling_governor ]]
2026-09-22T18:37:13.1973364Z + echo performance
2026-09-22T18:37:13.1973719Z ++ cat /sys/devices/system/cpu/cpufreq/policy54/scaling_max_freq
2026-09-22T18:37:13.1983990Z + sysfs_write /sys/devices/system/cpu/cpufreq/policy54/scaling_min_freq 2400000
2026-09-22T18:37:13.1984463Z + [[ -n 2400000 ]]
2026-09-22T18:37:13.1984812Z + [[ -w /sys/devices/system/cpu/cpufreq/policy54/scaling_min_freq ]]
2026-09-22T18:37:13.1985215Z + echo 2400000
2026-09-22T18:37:13.1985543Z + for policy in /sys/devices/system/cpu/cpufreq/policy*
2026-09-22T18:37:13.1986069Z + sysfs_write /sys/devices/system/cpu/cpufreq/policy55/scaling_governor performance
2026-09-22T18:37:13.1986541Z + [[ -n performance ]]
2026-09-22T18:37:13.1986916Z + [[ -w /sys/devices/system/cpu/cpufreq/policy55/scaling_governor ]]
2026-09-22T18:37:13.1987327Z + echo performance
2026-09-22T18:37:13.1987742Z ++ cat /sys/devices/system/cpu/cpufreq/policy55/scaling_max_freq
2026-09-22T18:37:13.1998189Z + sysfs_write /sys/devices/system/cpu/cpufreq/policy55/scaling_min_freq 2400000
2026-09-22T18:37:13.1998648Z + [[ -n 2400000 ]]
2026-09-22T18:37:13.1999006Z + [[ -w /sys/devices/system/cpu/cpufreq/policy55/scaling_min_freq ]]
2026-09-22T18:37:13.1999411Z + echo 2400000
2026-09-22T18:37:13.1999733Z + for policy in /sys/devices/system/cpu/cpufreq/policy*
2026-09-22T18:37:13.2000343Z + sysfs_write /sys/devices/system/cpu/cpufreq/policy56/scaling_governor performance
2026-09-22T18:37:13.2000818Z + [[ -n performance ]]
2026-09-22T18:37:13.2001200Z + [[ -w /sys/devices/system/cpu/cpufreq/policy56/scaling_governor ]]
2026-09-22T18:37:13.2001606Z + echo performance
2026-09-22T18:37:13.2001961Z ++ cat /sys/devices/system/cpu/cpufreq/policy56/scaling_max_freq
2026-09-22T18:37:13.2012449Z + sysfs_write /sys/devices/system/cpu/cpufreq/policy56/scaling_min_freq 2400000
2026-09-22T18:37:13.2012906Z + [[ -n 2400000 ]]
2026-09-22T18:37:13.2013252Z + [[ -w /sys/devices/system/cpu/cpufreq/policy56/scaling_min_freq ]]
2026-09-22T18:37:13.2013727Z + echo 2400000
2026-09-22T18:37:13.2014041Z + for policy in /sys/devices/system/cpu/cpufreq/policy*
2026-09-22T18:37:13.2014559Z + sysfs_write /sys/devices/system/cpu/cpufreq/policy57/scaling_governor performance
2026-09-22T18:37:13.2015038Z + [[ -n performance ]]
2026-09-22T18:37:13.2015499Z + [[ -w /sys/devices/system/cpu/cpufreq/policy57/scaling_governor ]]
2026-09-22T18:37:13.2015910Z + echo performance
2026-09-22T18:37:13.2016266Z ++ cat /sys/devices/system/cpu/cpufreq/policy57/scaling_max_freq
2026-09-22T18:37:13.2026182Z + sysfs_write /sys/devices/system/cpu/cpufreq/policy57/scaling_min_freq 2400000
2026-09-22T18:37:13.2026642Z + [[ -n 2400000 ]]
2026-09-22T18:37:13.2027001Z + [[ -w /sys/devices/system/cpu/cpufreq/policy57/scaling_min_freq ]]
2026-09-22T18:37:13.2027419Z + echo 2400000
2026-09-22T18:37:13.2027735Z + for policy in /sys/devices/system/cpu/cpufreq/policy*
2026-09-22T18:37:13.2028276Z + sysfs_write /sys/devices/system/cpu/cpufreq/policy58/scaling_governor performance
2026-09-22T18:37:13.2028759Z + [[ -n performance ]]
2026-09-22T18:37:13.2029130Z + [[ -w /sys/devices/system/cpu/cpufreq/policy58/scaling_governor ]]
2026-09-22T18:37:13.2029540Z + echo performance
2026-09-22T18:37:13.2031071Z ++ cat /sys/devices/system/cpu/cpufreq/policy58/scaling_max_freq
2026-09-22T18:37:13.2041762Z + sysfs_write /sys/devices/system/cpu/cpufreq/policy58/scaling_min_freq 2400000
2026-09-22T18:37:13.2042229Z + [[ -n 2400000 ]]
2026-09-22T18:37:13.2042576Z + [[ -w /sys/devices/system/cpu/cpufreq/policy58/scaling_min_freq ]]
2026-09-22T18:37:13.2042980Z + echo 2400000
2026-09-22T18:37:13.2043299Z + for policy in /sys/devices/system/cpu/cpufreq/policy*
2026-09-22T18:37:13.2043832Z + sysfs_write /sys/devices/system/cpu/cpufreq/policy59/scaling_governor performance
2026-09-22T18:37:13.2044305Z + [[ -n performance ]]
2026-09-22T18:37:13.2044676Z + [[ -w /sys/devices/system/cpu/cpufreq/policy59/scaling_governor ]]
2026-09-22T18:37:13.2045090Z + echo performance
2026-09-22T18:37:13.2046471Z ++ cat /sys/devices/system/cpu/cpufreq/policy59/scaling_max_freq
2026-09-22T18:37:13.2057265Z + sysfs_write /sys/devices/system/cpu/cpufreq/policy59/scaling_min_freq 2400000
2026-09-22T18:37:13.2057725Z + [[ -n 2400000 ]]
2026-09-22T18:37:13.2058078Z + [[ -w /sys/devices/system/cpu/cpufreq/policy59/scaling_min_freq ]]
2026-09-22T18:37:13.2058483Z + echo 2400000
2026-09-22T18:37:13.2058810Z + for policy in /sys/devices/system/cpu/cpufreq/policy*
2026-09-22T18:37:13.2059333Z + sysfs_write /sys/devices/system/cpu/cpufreq/policy6/scaling_governor performance
2026-09-22T18:37:13.2059807Z + [[ -n performance ]]
2026-09-22T18:37:13.2060215Z + [[ -w /sys/devices/system/cpu/cpufreq/policy6/scaling_governor ]]
2026-09-22T18:37:13.2060621Z + echo performance
2026-09-22T18:37:13.2061760Z ++ cat /sys/devices/system/cpu/cpufreq/policy6/scaling_max_freq
2026-09-22T18:37:13.2073080Z + sysfs_write /sys/devices/system/cpu/cpufreq/policy6/scaling_min_freq 2400000
2026-09-22T18:37:13.2073535Z + [[ -n 2400000 ]]
2026-09-22T18:37:13.2073878Z + [[ -w /sys/devices/system/cpu/cpufreq/policy6/scaling_min_freq ]]
2026-09-22T18:37:13.2074290Z + echo 2400000
2026-09-22T18:37:13.2074601Z + for policy in /sys/devices/system/cpu/cpufreq/policy*
2026-09-22T18:37:13.2075122Z + sysfs_write /sys/devices/system/cpu/cpufreq/policy60/scaling_governor performance
2026-09-22T18:37:13.2075603Z + [[ -n performance ]]
2026-09-22T18:37:13.2075973Z + [[ -w /sys/devices/system/cpu/cpufreq/policy60/scaling_governor ]]
2026-09-22T18:37:13.2076382Z + echo performance
2026-09-22T18:37:13.2078274Z ++ cat /sys/devices/system/cpu/cpufreq/policy60/scaling_max_freq
2026-09-22T18:37:13.2091745Z + sysfs_write /sys/devices/system/cpu/cpufreq/policy60/scaling_min_freq 2400000
2026-09-22T18:37:13.2092208Z + [[ -n 2400000 ]]
2026-09-22T18:37:13.2092569Z + [[ -w /sys/devices/system/cpu/cpufreq/policy60/scaling_min_freq ]]
2026-09-22T18:37:13.2092975Z + echo 2400000
2026-09-22T18:37:13.2093292Z + for policy in /sys/devices/system/cpu/cpufreq/policy*
2026-09-22T18:37:13.2093879Z + sysfs_write /sys/devices/system/cpu/cpufreq/policy61/scaling_governor performance
2026-09-22T18:37:13.2094365Z + [[ -n performance ]]
2026-09-22T18:37:13.2094727Z + [[ -w /sys/devices/system/cpu/cpufreq/policy61/scaling_governor ]]
2026-09-22T18:37:13.2095129Z + echo performance
2026-09-22T18:37:13.2095547Z ++ cat /sys/devices/system/cpu/cpufreq/policy61/scaling_max_freq
2026-09-22T18:37:13.2105291Z + sysfs_write /sys/devices/system/cpu/cpufreq/policy61/scaling_min_freq 2400000
2026-09-22T18:37:13.2105748Z + [[ -n 2400000 ]]
2026-09-22T18:37:13.2106108Z + [[ -w /sys/devices/system/cpu/cpufreq/policy61/scaling_min_freq ]]
2026-09-22T18:37:13.2106510Z + echo 2400000
2026-09-22T18:37:13.2106834Z + for policy in /sys/devices/system/cpu/cpufreq/policy*
2026-09-22T18:37:13.2107364Z + sysfs_write /sys/devices/system/cpu/cpufreq/policy62/scaling_governor performance
2026-09-22T18:37:13.2107839Z + [[ -n performance ]]
2026-09-22T18:37:13.2108211Z + [[ -w /sys/devices/system/cpu/cpufreq/policy62/scaling_governor ]]
2026-09-22T18:37:13.2108626Z + echo performance
2026-09-22T18:37:13.2110646Z ++ cat /sys/devices/system/cpu/cpufreq/policy62/scaling_max_freq
2026-09-22T18:37:13.2121281Z + sysfs_write /sys/devices/system/cpu/cpufreq/policy62/scaling_min_freq 2400000
2026-09-22T18:37:13.2121752Z + [[ -n 2400000 ]]
2026-09-22T18:37:13.2122108Z + [[ -w /sys/devices/system/cpu/cpufreq/policy62/scaling_min_freq ]]
2026-09-22T18:37:13.2122508Z + echo 2400000
2026-09-22T18:37:13.2122833Z + for policy in /sys/devices/system/cpu/cpufreq/policy*
2026-09-22T18:37:13.2123364Z + sysfs_write /sys/devices/system/cpu/cpufreq/policy63/scaling_governor performance
2026-09-22T18:37:13.2123836Z + [[ -n performance ]]
2026-09-22T18:37:13.2124220Z + [[ -w /sys/devices/system/cpu/cpufreq/policy63/scaling_governor ]]
2026-09-22T18:37:13.2124620Z + echo performance
2026-09-22T18:37:13.2126086Z ++ cat /sys/devices/system/cpu/cpufreq/policy63/scaling_max_freq
2026-09-22T18:37:13.2135988Z + sysfs_write /sys/devices/system/cpu/cpufreq/policy63/scaling_min_freq 2400000
2026-09-22T18:37:13.2136454Z + [[ -n 2400000 ]]
2026-09-22T18:37:13.2136806Z + [[ -w /sys/devices/system/cpu/cpufreq/policy63/scaling_min_freq ]]
2026-09-22T18:37:13.2137211Z + echo 2400000
2026-09-22T18:37:13.2137523Z + for policy in /sys/devices/system/cpu/cpufreq/policy*
2026-09-22T18:37:13.2138052Z + sysfs_write /sys/devices/system/cpu/cpufreq/policy64/scaling_governor performance
2026-09-22T18:37:13.2138531Z + [[ -n performance ]]
2026-09-22T18:37:13.2138907Z + [[ -w /sys/devices/system/cpu/cpufreq/policy64/scaling_governor ]]
2026-09-22T18:37:13.2139315Z + echo performance
2026-09-22T18:37:13.2140636Z ++ cat /sys/devices/system/cpu/cpufreq/policy64/scaling_max_freq
2026-09-22T18:37:13.2151130Z + sysfs_write /sys/devices/system/cpu/cpufreq/policy64/scaling_min_freq 2400000
2026-09-22T18:37:13.2151626Z + [[ -n 2400000 ]]
2026-09-22T18:37:13.2151980Z + [[ -w /sys/devices/system/cpu/cpufreq/policy64/scaling_min_freq ]]
2026-09-22T18:37:13.2152407Z + echo 2400000
2026-09-22T18:37:13.2152734Z + for policy in /sys/devices/system/cpu/cpufreq/policy*
2026-09-22T18:37:13.2153262Z + sysfs_write /sys/devices/system/cpu/cpufreq/policy65/scaling_governor performance
2026-09-22T18:37:13.2153746Z + [[ -n performance ]]
2026-09-22T18:37:13.2154116Z + [[ -w /sys/devices/system/cpu/cpufreq/policy65/scaling_governor ]]
2026-09-22T18:37:13.2154533Z + echo performance
2026-09-22T18:37:13.2156152Z ++ cat /sys/devices/system/cpu/cpufreq/policy65/scaling_max_freq
2026-09-22T18:37:13.2166250Z + sysfs_write /sys/devices/system/cpu/cpufreq/policy65/scaling_min_freq 2400000
2026-09-22T18:37:13.2166715Z + [[ -n 2400000 ]]
2026-09-22T18:37:13.2167074Z + [[ -w /sys/devices/system/cpu/cpufreq/policy65/scaling_min_freq ]]
2026-09-22T18:37:13.2167475Z + echo 2400000
2026-09-22T18:37:13.2167793Z + for policy in /sys/devices/system/cpu/cpufreq/policy*
2026-09-22T18:37:13.2168332Z + sysfs_write /sys/devices/system/cpu/cpufreq/policy66/scaling_governor performance
2026-09-22T18:37:13.2168891Z + [[ -n performance ]]
2026-09-22T18:37:13.2169255Z + [[ -w /sys/devices/system/cpu/cpufreq/policy66/scaling_governor ]]
2026-09-22T18:37:13.2169670Z + echo performance
2026-09-22T18:37:13.2171062Z ++ cat /sys/devices/system/cpu/cpufreq/policy66/scaling_max_freq
2026-09-22T18:37:13.2181763Z + sysfs_write /sys/devices/system/cpu/cpufreq/policy66/scaling_min_freq 2400000
2026-09-22T18:37:13.2182303Z + [[ -n 2400000 ]]
2026-09-22T18:37:13.2182655Z + [[ -w /sys/devices/system/cpu/cpufreq/policy66/scaling_min_freq ]]
2026-09-22T18:37:13.2183063Z + echo 2400000
2026-09-22T18:37:13.2183377Z + for policy in /sys/devices/system/cpu/cpufreq/policy*
2026-09-22T18:37:13.2183905Z + sysfs_write /sys/devices/system/cpu/cpufreq/policy67/scaling_governor performance
2026-09-22T18:37:13.2184379Z + [[ -n performance ]]
2026-09-22T18:37:13.2184745Z + [[ -w /sys/devices/system/cpu/cpufreq/policy67/scaling_governor ]]
2026-09-22T18:37:13.2185160Z + echo performance
2026-09-22T18:37:13.2185526Z ++ cat /sys/devices/system/cpu/cpufreq/policy67/scaling_max_freq
2026-09-22T18:37:13.2196360Z + sysfs_write /sys/devices/system/cpu/cpufreq/policy67/scaling_min_freq 2400000
2026-09-22T18:37:13.2196827Z + [[ -n 2400000 ]]
2026-09-22T18:37:13.2197173Z + [[ -w /sys/devices/system/cpu/cpufreq/policy67/scaling_min_freq ]]
2026-09-22T18:37:13.2197570Z + echo 2400000
2026-09-22T18:37:13.2197899Z + for policy in /sys/devices/system/cpu/cpufreq/policy*
2026-09-22T18:37:13.2198422Z + sysfs_write /sys/devices/system/cpu/cpufreq/policy68/scaling_governor performance
2026-09-22T18:37:13.2198900Z + [[ -n performance ]]
2026-09-22T18:37:13.2199273Z + [[ -w /sys/devices/system/cpu/cpufreq/policy68/scaling_governor ]]
2026-09-22T18:37:13.2199688Z + echo performance
2026-09-22T18:37:13.2201120Z ++ cat /sys/devices/system/cpu/cpufreq/policy68/scaling_max_freq
2026-09-22T18:37:13.2211689Z + sysfs_write /sys/devices/system/cpu/cpufreq/policy68/scaling_min_freq 2400000
2026-09-22T18:37:13.2212147Z + [[ -n 2400000 ]]
2026-09-22T18:37:13.2212499Z + [[ -w /sys/devices/system/cpu/cpufreq/policy68/scaling_min_freq ]]
2026-09-22T18:37:13.2212916Z + echo 2400000
2026-09-22T18:37:13.2213229Z + for policy in /sys/devices/system/cpu/cpufreq/policy*
2026-09-22T18:37:13.2213755Z + sysfs_write /sys/devices/system/cpu/cpufreq/policy69/scaling_governor performance
2026-09-22T18:37:13.2214237Z + [[ -n performance ]]
2026-09-22T18:37:13.2214611Z + [[ -w /sys/devices/system/cpu/cpufreq/policy69/scaling_governor ]]
2026-09-22T18:37:13.2215019Z + echo performance
2026-09-22T18:37:13.2217740Z ++ cat /sys/devices/system/cpu/cpufreq/policy69/scaling_max_freq
2026-09-22T18:37:13.2228640Z + sysfs_write /sys/devices/system/cpu/cpufreq/policy69/scaling_min_freq 2400000
2026-09-22T18:37:13.2229100Z + [[ -n 2400000 ]]
2026-09-22T18:37:13.2229460Z + [[ -w /sys/devices/system/cpu/cpufreq/policy69/scaling_min_freq ]]
2026-09-22T18:37:13.2229866Z + echo 2400000
2026-09-22T18:37:13.2230213Z + for policy in /sys/devices/system/cpu/cpufreq/policy*
2026-09-22T18:37:13.2230731Z + sysfs_write /sys/devices/system/cpu/cpufreq/policy7/scaling_governor performance
2026-09-22T18:37:13.2231220Z + [[ -n performance ]]
2026-09-22T18:37:13.2231591Z + [[ -w /sys/devices/system/cpu/cpufreq/policy7/scaling_governor ]]
2026-09-22T18:37:13.2231998Z + echo performance
2026-09-22T18:37:13.2232357Z ++ cat /sys/devices/system/cpu/cpufreq/policy7/scaling_max_freq
2026-09-22T18:37:13.2242922Z + sysfs_write /sys/devices/system/cpu/cpufreq/policy7/scaling_min_freq 2400000
2026-09-22T18:37:13.2243394Z + [[ -n 2400000 ]]
2026-09-22T18:37:13.2243755Z + [[ -w /sys/devices/system/cpu/cpufreq/policy7/scaling_min_freq ]]
2026-09-22T18:37:13.2244160Z + echo 2400000
2026-09-22T18:37:13.2244472Z + for policy in /sys/devices/system/cpu/cpufreq/policy*
2026-09-22T18:37:13.2245000Z + sysfs_write /sys/devices/system/cpu/cpufreq/policy70/scaling_governor performance
2026-09-22T18:37:13.2245476Z + [[ -n performance ]]
2026-09-22T18:37:13.2245846Z + [[ -w /sys/devices/system/cpu/cpufreq/policy70/scaling_governor ]]
2026-09-22T18:37:13.2246331Z + echo performance
2026-09-22T18:37:13.2247443Z ++ cat /sys/devices/system/cpu/cpufreq/policy70/scaling_max_freq
2026-09-22T18:37:13.2257566Z + sysfs_write /sys/devices/system/cpu/cpufreq/policy70/scaling_min_freq 2400000
2026-09-22T18:37:13.2258024Z + [[ -n 2400000 ]]
2026-09-22T18:37:13.2258375Z + [[ -w /sys/devices/system/cpu/cpufreq/policy70/scaling_min_freq ]]
2026-09-22T18:37:13.2258877Z + echo 2400000
2026-09-22T18:37:13.2259208Z + for policy in /sys/devices/system/cpu/cpufreq/policy*
2026-09-22T18:37:13.2259727Z + sysfs_write /sys/devices/system/cpu/cpufreq/policy71/scaling_governor performance
2026-09-22T18:37:13.2260238Z + [[ -n performance ]]
2026-09-22T18:37:13.2260619Z + [[ -w /sys/devices/system/cpu/cpufreq/policy71/scaling_governor ]]
2026-09-22T18:37:13.2261024Z + echo performance
2026-09-22T18:37:13.2262528Z ++ cat /sys/devices/system/cpu/cpufreq/policy71/scaling_max_freq
2026-09-22T18:37:13.2272983Z + sysfs_write /sys/devices/system/cpu/cpufreq/policy71/scaling_min_freq 2400000
2026-09-22T18:37:13.2273447Z + [[ -n 2400000 ]]
2026-09-22T18:37:13.2273798Z + [[ -w /sys/devices/system/cpu/cpufreq/policy71/scaling_min_freq ]]
2026-09-22T18:37:13.2274205Z + echo 2400000
2026-09-22T18:37:13.2274521Z + for policy in /sys/devices/system/cpu/cpufreq/policy*
2026-09-22T18:37:13.2275050Z + sysfs_write /sys/devices/system/cpu/cpufreq/policy72/scaling_governor performance
2026-09-22T18:37:13.2275529Z + [[ -n performance ]]
2026-09-22T18:37:13.2275909Z + [[ -w /sys/devices/system/cpu/cpufreq/policy72/scaling_governor ]]
2026-09-22T18:37:13.2276318Z + echo performance
2026-09-22T18:37:13.2276681Z ++ cat /sys/devices/system/cpu/cpufreq/policy72/scaling_max_freq
2026-09-22T18:37:13.2287415Z + sysfs_write /sys/devices/system/cpu/cpufreq/policy72/scaling_min_freq 2400000
2026-09-22T18:37:13.2287870Z + [[ -n 2400000 ]]
2026-09-22T18:37:13.2288215Z + [[ -w /sys/devices/system/cpu/cpufreq/policy72/scaling_min_freq ]]
2026-09-22T18:37:13.2288620Z + echo 2400000
2026-09-22T18:37:13.2288937Z + for policy in /sys/devices/system/cpu/cpufreq/policy*
2026-09-22T18:37:13.2289465Z + sysfs_write /sys/devices/system/cpu/cpufreq/policy73/scaling_governor performance
2026-09-22T18:37:13.2289945Z + [[ -n performance ]]
2026-09-22T18:37:13.2290349Z + [[ -w /sys/devices/system/cpu/cpufreq/policy73/scaling_governor ]]
2026-09-22T18:37:13.2290752Z + echo performance
2026-09-22T18:37:13.2292744Z ++ cat /sys/devices/system/cpu/cpufreq/policy73/scaling_max_freq
2026-09-22T18:37:13.2303059Z + sysfs_write /sys/devices/system/cpu/cpufreq/policy73/scaling_min_freq 2400000
2026-09-22T18:37:13.2303520Z + [[ -n 2400000 ]]
2026-09-22T18:37:13.2303884Z + [[ -w /sys/devices/system/cpu/cpufreq/policy73/scaling_min_freq ]]
2026-09-22T18:37:13.2304293Z + echo 2400000
2026-09-22T18:37:13.2304612Z + for policy in /sys/devices/system/cpu/cpufreq/policy*
2026-09-22T18:37:13.2305147Z + sysfs_write /sys/devices/system/cpu/cpufreq/policy74/scaling_governor performance
2026-09-22T18:37:13.2305631Z + [[ -n performance ]]
2026-09-22T18:37:13.2305999Z + [[ -w /sys/devices/system/cpu/cpufreq/policy74/scaling_governor ]]
2026-09-22T18:37:13.2306418Z + echo performance
2026-09-22T18:37:13.2306847Z ++ cat /sys/devices/system/cpu/cpufreq/policy74/scaling_max_freq
2026-09-22T18:37:13.2317158Z + sysfs_write /sys/devices/system/cpu/cpufreq/policy74/scaling_min_freq 2400000
2026-09-22T18:37:13.2317622Z + [[ -n 2400000 ]]
2026-09-22T18:37:13.2317973Z + [[ -w /sys/devices/system/cpu/cpufreq/policy74/scaling_min_freq ]]
2026-09-22T18:37:13.2318366Z + echo 2400000
2026-09-22T18:37:13.2318685Z + for policy in /sys/devices/system/cpu/cpufreq/policy*
2026-09-22T18:37:13.2319202Z + sysfs_write /sys/devices/system/cpu/cpufreq/policy75/scaling_governor performance
2026-09-22T18:37:13.2319679Z + [[ -n performance ]]
2026-09-22T18:37:13.2320046Z + [[ -w /sys/devices/system/cpu/cpufreq/policy75/scaling_governor ]]
2026-09-22T18:37:13.2320510Z + echo performance
2026-09-22T18:37:13.2320997Z ++ cat /sys/devices/system/cpu/cpufreq/policy75/scaling_max_freq
2026-09-22T18:37:13.2331306Z + sysfs_write /sys/devices/system/cpu/cpufreq/policy75/scaling_min_freq 2400000
2026-09-22T18:37:13.2331854Z + [[ -n 2400000 ]]
2026-09-22T18:37:13.2332204Z + [[ -w /sys/devices/system/cpu/cpufreq/policy75/scaling_min_freq ]]
2026-09-22T18:37:13.2332617Z + echo 2400000
2026-09-22T18:37:13.2332936Z + for policy in /sys/devices/system/cpu/cpufreq/policy*
2026-09-22T18:37:13.2333538Z + sysfs_write /sys/devices/system/cpu/cpufreq/policy76/scaling_governor performance
2026-09-22T18:37:13.2334033Z + [[ -n performance ]]
2026-09-22T18:37:13.2334398Z + [[ -w /sys/devices/system/cpu/cpufreq/policy76/scaling_governor ]]
2026-09-22T18:37:13.2334802Z + echo performance
2026-09-22T18:37:13.2335171Z ++ cat /sys/devices/system/cpu/cpufreq/policy76/scaling_max_freq
2026-09-22T18:37:13.2345174Z + sysfs_write /sys/devices/system/cpu/cpufreq/policy76/scaling_min_freq 2400000
2026-09-22T18:37:13.2345637Z + [[ -n 2400000 ]]
2026-09-22T18:37:13.2346078Z + [[ -w /sys/devices/system/cpu/cpufreq/policy76/scaling_min_freq ]]
2026-09-22T18:37:13.2346480Z + echo 2400000
2026-09-22T18:37:13.2346799Z + for policy in /sys/devices/system/cpu/cpufreq/policy*
2026-09-22T18:37:13.2347321Z + sysfs_write /sys/devices/system/cpu/cpufreq/policy77/scaling_governor performance
2026-09-22T18:37:13.2347798Z + [[ -n performance ]]
2026-09-22T18:37:13.2348168Z + [[ -w /sys/devices/system/cpu/cpufreq/policy77/scaling_governor ]]
2026-09-22T18:37:13.2348587Z + echo performance
2026-09-22T18:37:13.2348942Z ++ cat /sys/devices/system/cpu/cpufreq/policy77/scaling_max_freq
2026-09-22T18:37:13.2359221Z + sysfs_write /sys/devices/system/cpu/cpufreq/policy77/scaling_min_freq 2400000
2026-09-22T18:37:13.2359716Z + [[ -n 2400000 ]]
2026-09-22T18:37:13.2360102Z + [[ -w /sys/devices/system/cpu/cpufreq/policy77/scaling_min_freq ]]
2026-09-22T18:37:13.2360505Z + echo 2400000
2026-09-22T18:37:13.2360826Z + for policy in /sys/devices/system/cpu/cpufreq/policy*
2026-09-22T18:37:13.2361345Z + sysfs_write /sys/devices/system/cpu/cpufreq/policy78/scaling_governor performance
2026-09-22T18:37:13.2361826Z + [[ -n performance ]]
2026-09-22T18:37:13.2362200Z + [[ -w /sys/devices/system/cpu/cpufreq/policy78/scaling_governor ]]
2026-09-22T18:37:13.2362616Z + echo performance
2026-09-22T18:37:13.2363146Z ++ cat /sys/devices/system/cpu/cpufreq/policy78/scaling_max_freq
2026-09-22T18:37:13.2373465Z + sysfs_write /sys/devices/system/cpu/cpufreq/policy78/scaling_min_freq 2400000
2026-09-22T18:37:13.2373936Z + [[ -n 2400000 ]]
2026-09-22T18:37:13.2374286Z + [[ -w /sys/devices/system/cpu/cpufreq/policy78/scaling_min_freq ]]
2026-09-22T18:37:13.2374688Z + echo 2400000
2026-09-22T18:37:13.2375025Z + for policy in /sys/devices/system/cpu/cpufreq/policy*
2026-09-22T18:37:13.2375549Z + sysfs_write /sys/devices/system/cpu/cpufreq/policy79/scaling_governor performance
2026-09-22T18:37:13.2376027Z + [[ -n performance ]]
2026-09-22T18:37:13.2376401Z + [[ -w /sys/devices/system/cpu/cpufreq/policy79/scaling_governor ]]
2026-09-22T18:37:13.2376803Z + echo performance
2026-09-22T18:37:13.2377670Z ++ cat /sys/devices/system/cpu/cpufreq/policy79/scaling_max_freq
2026-09-22T18:37:13.2388017Z + sysfs_write /sys/devices/system/cpu/cpufreq/policy79/scaling_min_freq 2400000
2026-09-22T18:37:13.2388474Z + [[ -n 2400000 ]]
2026-09-22T18:37:13.2388824Z + [[ -w /sys/devices/system/cpu/cpufreq/policy79/scaling_min_freq ]]
2026-09-22T18:37:13.2389231Z + echo 2400000
2026-09-22T18:37:13.2389555Z + for policy in /sys/devices/system/cpu/cpufreq/policy*
2026-09-22T18:37:13.2390115Z + sysfs_write /sys/devices/system/cpu/cpufreq/policy8/scaling_governor performance
2026-09-22T18:37:13.2390604Z + [[ -n performance ]]
2026-09-22T18:37:13.2390972Z + [[ -w /sys/devices/system/cpu/cpufreq/policy8/scaling_governor ]]
2026-09-22T18:37:13.2391375Z + echo performance
2026-09-22T18:37:13.2391901Z ++ cat /sys/devices/system/cpu/cpufreq/policy8/scaling_max_freq
2026-09-22T18:37:13.2402497Z + sysfs_write /sys/devices/system/cpu/cpufreq/policy8/scaling_min_freq 2400000
2026-09-22T18:37:13.2402950Z + [[ -n 2400000 ]]
2026-09-22T18:37:13.2403313Z + [[ -w /sys/devices/system/cpu/cpufreq/policy8/scaling_min_freq ]]
2026-09-22T18:37:13.2403785Z + echo 2400000
2026-09-22T18:37:13.2404104Z + for policy in /sys/devices/system/cpu/cpufreq/policy*
2026-09-22T18:37:13.2404627Z + sysfs_write /sys/devices/system/cpu/cpufreq/policy80/scaling_governor performance
2026-09-22T18:37:13.2405108Z + [[ -n performance ]]
2026-09-22T18:37:13.2405538Z + [[ -w /sys/devices/system/cpu/cpufreq/policy80/scaling_governor ]]
2026-09-22T18:37:13.2405945Z + echo performance
2026-09-22T18:37:13.2407766Z ++ cat /sys/devices/system/cpu/cpufreq/policy80/scaling_max_freq
2026-09-22T18:37:13.2418286Z + sysfs_write /sys/devices/system/cpu/cpufreq/policy80/scaling_min_freq 2400000
2026-09-22T18:37:13.2418747Z + [[ -n 2400000 ]]
2026-09-22T18:37:13.2419096Z + [[ -w /sys/devices/system/cpu/cpufreq/policy80/scaling_min_freq ]]
2026-09-22T18:37:13.2419498Z + echo 2400000
2026-09-22T18:37:13.2419817Z + for policy in /sys/devices/system/cpu/cpufreq/policy*
2026-09-22T18:37:13.2420386Z + sysfs_write /sys/devices/system/cpu/cpufreq/policy81/scaling_governor performance
2026-09-22T18:37:13.2420870Z + [[ -n performance ]]
2026-09-22T18:37:13.2421254Z + [[ -w /sys/devices/system/cpu/cpufreq/policy81/scaling_governor ]]
2026-09-22T18:37:13.2421679Z + echo performance
2026-09-22T18:37:13.2423289Z ++ cat /sys/devices/system/cpu/cpufreq/policy81/scaling_max_freq
2026-09-22T18:37:13.2434165Z + sysfs_write /sys/devices/system/cpu/cpufreq/policy81/scaling_min_freq 2400000
2026-09-22T18:37:13.2434632Z + [[ -n 2400000 ]]
2026-09-22T18:37:13.2434984Z + [[ -w /sys/devices/system/cpu/cpufreq/policy81/scaling_min_freq ]]
2026-09-22T18:37:13.2435394Z + echo 2400000
2026-09-22T18:37:13.2435717Z + for policy in /sys/devices/system/cpu/cpufreq/policy*
2026-09-22T18:37:13.2436235Z + sysfs_write /sys/devices/system/cpu/cpufreq/policy82/scaling_governor performance
2026-09-22T18:37:13.2436712Z + [[ -n performance ]]
2026-09-22T18:37:13.2437091Z + [[ -w /sys/devices/system/cpu/cpufreq/policy82/scaling_governor ]]
2026-09-22T18:37:13.2437498Z + echo performance
2026-09-22T18:37:13.2438623Z ++ cat /sys/devices/system/cpu/cpufreq/policy82/scaling_max_freq
2026-09-22T18:37:13.2448619Z + sysfs_write /sys/devices/system/cpu/cpufreq/policy82/scaling_min_freq 2400000
2026-09-22T18:37:13.2449085Z + [[ -n 2400000 ]]
2026-09-22T18:37:13.2449432Z + [[ -w /sys/devices/system/cpu/cpufreq/policy82/scaling_min_freq ]]
2026-09-22T18:37:13.2449848Z + echo 2400000
2026-09-22T18:37:13.2450209Z + for policy in /sys/devices/system/cpu/cpufreq/policy*
2026-09-22T18:37:13.2450733Z + sysfs_write /sys/devices/system/cpu/cpufreq/policy83/scaling_governor performance
2026-09-22T18:37:13.2451221Z + [[ -n performance ]]
2026-09-22T18:37:13.2451595Z + [[ -w /sys/devices/system/cpu/cpufreq/policy83/scaling_governor ]]
2026-09-22T18:37:13.2452004Z + echo performance
2026-09-22T18:37:13.2453411Z ++ cat /sys/devices/system/cpu/cpufreq/policy83/scaling_max_freq
2026-09-22T18:37:13.2463745Z + sysfs_write /sys/devices/system/cpu/cpufreq/policy83/scaling_min_freq 2400000
2026-09-22T18:37:13.2464201Z + [[ -n 2400000 ]]
2026-09-22T18:37:13.2464547Z + [[ -w /sys/devices/system/cpu/cpufreq/policy83/scaling_min_freq ]]
2026-09-22T18:37:13.2464951Z + echo 2400000
2026-09-22T18:37:13.2465270Z + for policy in /sys/devices/system/cpu/cpufreq/policy*
2026-09-22T18:37:13.2465789Z + sysfs_write /sys/devices/system/cpu/cpufreq/policy84/scaling_governor performance
2026-09-22T18:37:13.2466272Z + [[ -n performance ]]
2026-09-22T18:37:13.2466631Z + [[ -w /sys/devices/system/cpu/cpufreq/policy84/scaling_governor ]]
2026-09-22T18:37:13.2467035Z + echo performance
2026-09-22T18:37:13.2467405Z ++ cat /sys/devices/system/cpu/cpufreq/policy84/scaling_max_freq
2026-09-22T18:37:13.2478003Z + sysfs_write /sys/devices/system/cpu/cpufreq/policy84/scaling_min_freq 2400000
2026-09-22T18:37:13.2478458Z + [[ -n 2400000 ]]
2026-09-22T18:37:13.2478819Z + [[ -w /sys/devices/system/cpu/cpufreq/policy84/scaling_min_freq ]]
2026-09-22T18:37:13.2479222Z + echo 2400000
2026-09-22T18:37:13.2479535Z + for policy in /sys/devices/system/cpu/cpufreq/policy*
2026-09-22T18:37:13.2480174Z + sysfs_write /sys/devices/system/cpu/cpufreq/policy85/scaling_governor performance
2026-09-22T18:37:13.2480651Z + [[ -n performance ]]
2026-09-22T18:37:13.2481026Z + [[ -w /sys/devices/system/cpu/cpufreq/policy85/scaling_governor ]]
2026-09-22T18:37:13.2481440Z + echo performance
2026-09-22T18:37:13.2482350Z ++ cat /sys/devices/system/cpu/cpufreq/policy85/scaling_max_freq
2026-09-22T18:37:13.2492703Z + sysfs_write /sys/devices/system/cpu/cpufreq/policy85/scaling_min_freq 2400000
2026-09-22T18:37:13.2493192Z + [[ -n 2400000 ]]
2026-09-22T18:37:13.2493542Z + [[ -w /sys/devices/system/cpu/cpufreq/policy85/scaling_min_freq ]]
2026-09-22T18:37:13.2493938Z + echo 2400000
2026-09-22T18:37:13.2494261Z + for policy in /sys/devices/system/cpu/cpufreq/policy*
2026-09-22T18:37:13.2494787Z + sysfs_write /sys/devices/system/cpu/cpufreq/policy86/scaling_governor performance
2026-09-22T18:37:13.2495264Z + [[ -n performance ]]
2026-09-22T18:37:13.2495641Z + [[ -w /sys/devices/system/cpu/cpufreq/policy86/scaling_governor ]]
2026-09-22T18:37:13.2496060Z + echo performance
2026-09-22T18:37:13.2496423Z ++ cat /sys/devices/system/cpu/cpufreq/policy86/scaling_max_freq
2026-09-22T18:37:13.2506696Z + sysfs_write /sys/devices/system/cpu/cpufreq/policy86/scaling_min_freq 2400000
2026-09-22T18:37:13.2507178Z + [[ -n 2400000 ]]
2026-09-22T18:37:13.2507537Z + [[ -w /sys/devices/system/cpu/cpufreq/policy86/scaling_min_freq ]]
2026-09-22T18:37:13.2507940Z + echo 2400000
2026-09-22T18:37:13.2508265Z + for policy in /sys/devices/system/cpu/cpufreq/policy*
2026-09-22T18:37:13.2508800Z + sysfs_write /sys/devices/system/cpu/cpufreq/policy87/scaling_governor performance
2026-09-22T18:37:13.2509276Z + [[ -n performance ]]
2026-09-22T18:37:13.2509663Z + [[ -w /sys/devices/system/cpu/cpufreq/policy87/scaling_governor ]]
2026-09-22T18:37:13.2510112Z + echo performance
2026-09-22T18:37:13.2510475Z ++ cat /sys/devices/system/cpu/cpufreq/policy87/scaling_max_freq
2026-09-22T18:37:13.2520749Z + sysfs_write /sys/devices/system/cpu/cpufreq/policy87/scaling_min_freq 2400000
2026-09-22T18:37:13.2521207Z + [[ -n 2400000 ]]
2026-09-22T18:37:13.2521551Z + [[ -w /sys/devices/system/cpu/cpufreq/policy87/scaling_min_freq ]]
2026-09-22T18:37:13.2521958Z + echo 2400000
2026-09-22T18:37:13.2522271Z + for policy in /sys/devices/system/cpu/cpufreq/policy*
2026-09-22T18:37:13.2522794Z + sysfs_write /sys/devices/system/cpu/cpufreq/policy88/scaling_governor performance
2026-09-22T18:37:13.2523275Z + [[ -n performance ]]
2026-09-22T18:37:13.2523641Z + [[ -w /sys/devices/system/cpu/cpufreq/policy88/scaling_governor ]]
2026-09-22T18:37:13.2524060Z + echo performance
2026-09-22T18:37:13.2524426Z ++ cat /sys/devices/system/cpu/cpufreq/policy88/scaling_max_freq
2026-09-22T18:37:13.2534671Z + sysfs_write /sys/devices/system/cpu/cpufreq/policy88/scaling_min_freq 2400000
2026-09-22T18:37:13.2535131Z + [[ -n 2400000 ]]
2026-09-22T18:37:13.2535490Z + [[ -w /sys/devices/system/cpu/cpufreq/policy88/scaling_min_freq ]]
2026-09-22T18:37:13.2535892Z + echo 2400000
2026-09-22T18:37:13.2536214Z + for policy in /sys/devices/system/cpu/cpufreq/policy*
2026-09-22T18:37:13.2536736Z + sysfs_write /sys/devices/system/cpu/cpufreq/policy89/scaling_governor performance
2026-09-22T18:37:13.2537225Z + [[ -n performance ]]
2026-09-22T18:37:13.2537597Z + [[ -w /sys/devices/system/cpu/cpufreq/policy89/scaling_governor ]]
2026-09-22T18:37:13.2538015Z + echo performance
2026-09-22T18:37:13.2538384Z ++ cat /sys/devices/system/cpu/cpufreq/policy89/scaling_max_freq
2026-09-22T18:37:13.2548366Z + sysfs_write /sys/devices/system/cpu/cpufreq/policy89/scaling_min_freq 2400000
2026-09-22T18:37:13.2548829Z + [[ -n 2400000 ]]
2026-09-22T18:37:13.2549183Z + [[ -w /sys/devices/system/cpu/cpufreq/policy89/scaling_min_freq ]]
2026-09-22T18:37:13.2549585Z + echo 2400000
2026-09-22T18:37:13.2549901Z + for policy in /sys/devices/system/cpu/cpufreq/policy*
2026-09-22T18:37:13.2550471Z + sysfs_write /sys/devices/system/cpu/cpufreq/policy9/scaling_governor performance
2026-09-22T18:37:13.2551016Z + [[ -n performance ]]
2026-09-22T18:37:13.2551376Z + [[ -w /sys/devices/system/cpu/cpufreq/policy9/scaling_governor ]]
2026-09-22T18:37:13.2551794Z + echo performance
2026-09-22T18:37:13.2552151Z ++ cat /sys/devices/system/cpu/cpufreq/policy9/scaling_max_freq
2026-09-22T18:37:13.2562301Z + sysfs_write /sys/devices/system/cpu/cpufreq/policy9/scaling_min_freq 2400000
2026-09-22T18:37:13.2562775Z + [[ -n 2400000 ]]
2026-09-22T18:37:13.2563124Z + [[ -w /sys/devices/system/cpu/cpufreq/policy9/scaling_min_freq ]]
2026-09-22T18:37:13.2563522Z + echo 2400000
2026-09-22T18:37:13.2563847Z + for policy in /sys/devices/system/cpu/cpufreq/policy*
2026-09-22T18:37:13.2564368Z + sysfs_write /sys/devices/system/cpu/cpufreq/policy90/scaling_governor performance
2026-09-22T18:37:13.2564839Z + [[ -n performance ]]
2026-09-22T18:37:13.2565211Z + [[ -w /sys/devices/system/cpu/cpufreq/policy90/scaling_governor ]]
2026-09-22T18:37:13.2565617Z + echo performance
2026-09-22T18:37:13.2565986Z ++ cat /sys/devices/system/cpu/cpufreq/policy90/scaling_max_freq
2026-09-22T18:37:13.2580255Z + sysfs_write /sys/devices/system/cpu/cpufreq/policy90/scaling_min_freq 2400000
2026-09-22T18:37:13.2580708Z + [[ -n 2400000 ]]
2026-09-22T18:37:13.2581059Z + [[ -w /sys/devices/system/cpu/cpufreq/policy90/scaling_min_freq ]]
2026-09-22T18:37:13.2581465Z + echo 2400000
2026-09-22T18:37:13.2581789Z + for policy in /sys/devices/system/cpu/cpufreq/policy*
2026-09-22T18:37:13.2582316Z + sysfs_write /sys/devices/system/cpu/cpufreq/policy91/scaling_governor performance
2026-09-22T18:37:13.2582792Z + [[ -n performance ]]
2026-09-22T18:37:13.2583172Z + [[ -w /sys/devices/system/cpu/cpufreq/policy91/scaling_governor ]]
2026-09-22T18:37:13.2583573Z + echo performance
2026-09-22T18:37:13.2583922Z ++ cat /sys/devices/system/cpu/cpufreq/policy91/scaling_max_freq
2026-09-22T18:37:13.2594240Z + sysfs_write /sys/devices/system/cpu/cpufreq/policy91/scaling_min_freq 2400000
2026-09-22T18:37:13.2594691Z + [[ -n 2400000 ]]
2026-09-22T18:37:13.2595040Z + [[ -w /sys/devices/system/cpu/cpufreq/policy91/scaling_min_freq ]]
2026-09-22T18:37:13.2595445Z + echo 2400000
2026-09-22T18:37:13.2595763Z + for policy in /sys/devices/system/cpu/cpufreq/policy*
2026-09-22T18:37:13.2596284Z + sysfs_write /sys/devices/system/cpu/cpufreq/policy92/scaling_governor performance
2026-09-22T18:37:13.2596770Z + [[ -n performance ]]
2026-09-22T18:37:13.2597147Z + [[ -w /sys/devices/system/cpu/cpufreq/policy92/scaling_governor ]]
2026-09-22T18:37:13.2597554Z + echo performance
2026-09-22T18:37:13.2597975Z ++ cat /sys/devices/system/cpu/cpufreq/policy92/scaling_max_freq
2026-09-22T18:37:13.2608060Z + sysfs_write /sys/devices/system/cpu/cpufreq/policy92/scaling_min_freq 2400000
2026-09-22T18:37:13.2608512Z + [[ -n 2400000 ]]
2026-09-22T18:37:13.2608874Z + [[ -w /sys/devices/system/cpu/cpufreq/policy92/scaling_min_freq ]]
2026-09-22T18:37:13.2609277Z + echo 2400000
2026-09-22T18:37:13.2609604Z + for policy in /sys/devices/system/cpu/cpufreq/policy*
2026-09-22T18:37:13.2610182Z + sysfs_write /sys/devices/system/cpu/cpufreq/policy93/scaling_governor performance
2026-09-22T18:37:13.2610660Z + [[ -n performance ]]
2026-09-22T18:37:13.2611027Z + [[ -w /sys/devices/system/cpu/cpufreq/policy93/scaling_governor ]]
2026-09-22T18:37:13.2611440Z + echo performance
2026-09-22T18:37:13.2613232Z ++ cat /sys/devices/system/cpu/cpufreq/policy93/scaling_max_freq
2026-09-22T18:37:13.2623687Z + sysfs_write /sys/devices/system/cpu/cpufreq/policy93/scaling_min_freq 2400000
2026-09-22T18:37:13.2624150Z + [[ -n 2400000 ]]
2026-09-22T18:37:13.2624498Z + [[ -w /sys/devices/system/cpu/cpufreq/policy93/scaling_min_freq ]]
2026-09-22T18:37:13.2624904Z + echo 2400000
2026-09-22T18:37:13.2625233Z + for policy in /sys/devices/system/cpu/cpufreq/policy*
2026-09-22T18:37:13.2625763Z + sysfs_write /sys/devices/system/cpu/cpufreq/policy94/scaling_governor performance
2026-09-22T18:37:13.2626235Z + [[ -n performance ]]
2026-09-22T18:37:13.2626601Z + [[ -w /sys/devices/system/cpu/cpufreq/policy94/scaling_governor ]]
2026-09-22T18:37:13.2627083Z + echo performance
2026-09-22T18:37:13.2627736Z ++ cat /sys/devices/system/cpu/cpufreq/policy94/scaling_max_freq
2026-09-22T18:37:13.2638138Z + sysfs_write /sys/devices/system/cpu/cpufreq/policy94/scaling_min_freq 2400000
2026-09-22T18:37:13.2638614Z + [[ -n 2400000 ]]
2026-09-22T18:37:13.2638967Z + [[ -w /sys/devices/system/cpu/cpufreq/policy94/scaling_min_freq ]]
2026-09-22T18:37:13.2639488Z + echo 2400000
2026-09-22T18:37:13.2639816Z + for policy in /sys/devices/system/cpu/cpufreq/policy*
2026-09-22T18:37:13.2640369Z + sysfs_write /sys/devices/system/cpu/cpufreq/policy95/scaling_governor performance
2026-09-22T18:37:13.2640843Z + [[ -n performance ]]
2026-09-22T18:37:13.2641222Z + [[ -w /sys/devices/system/cpu/cpufreq/policy95/scaling_governor ]]
2026-09-22T18:37:13.2641634Z + echo performance
2026-09-22T18:37:13.2641989Z ++ cat /sys/devices/system/cpu/cpufreq/policy95/scaling_max_freq
2026-09-22T18:37:13.2652602Z + sysfs_write /sys/devices/system/cpu/cpufreq/policy95/scaling_min_freq 2400000
2026-09-22T18:37:13.2653063Z + [[ -n 2400000 ]]
2026-09-22T18:37:13.2653411Z + [[ -w /sys/devices/system/cpu/cpufreq/policy95/scaling_min_freq ]]
2026-09-22T18:37:13.2653811Z + echo 2400000
2026-09-22T18:37:13.2654086Z + sysctl -w vm.swappiness=0
2026-09-22T18:37:13.2661895Z + swapoff -a
2026-09-22T18:37:13.2662168Z vm.swappiness = 0
2026-09-22T18:37:13.2684202Z + sysctl -w kernel.numa_balancing=0
2026-09-22T18:37:13.2691845Z kernel.numa_balancing = 0
2026-09-22T18:37:13.2692721Z + sysctl -w kernel.randomize_va_space=0
2026-09-22T18:37:13.2699988Z kernel.randomize_va_space = 0
2026-09-22T18:37:13.2701018Z + sysctl -w kernel.sched_autogroup_enabled=0
2026-09-22T18:37:13.2708099Z kernel.sched_autogroup_enabled = 0
2026-09-22T18:37:13.2708983Z + sysctl -w kernel.timer_migration=0
2026-09-22T18:37:13.2717902Z kernel.timer_migration = 0
2026-09-22T18:37:13.2718725Z + dmesg -n 1
2026-09-22T18:37:13.2742344Z + for unit in apparmor ModemManager irqbalance apt-daily.service apt-daily-upgrade.service apt-daily.timer apt-daily-upgrade.timer motd-news.service motd-news.timer apport
2026-09-22T18:37:13.2743204Z + systemctl disable --now apparmor
2026-09-22T18:37:13.8314646Z + systemctl mask apparmor
2026-09-22T18:37:13.9941679Z + for unit in apparmor ModemManager irqbalance apt-daily.service apt-daily-upgrade.service apt-daily.timer apt-daily-upgrade.timer motd-news.service motd-news.timer apport
2026-09-22T18:37:13.9942630Z + systemctl disable --now ModemManager
2026-09-22T18:37:14.1855609Z + systemctl mask ModemManager
2026-09-22T18:37:14.3560975Z + for unit in apparmor ModemManager irqbalance apt-daily.service apt-daily-upgrade.service apt-daily.timer apt-daily-upgrade.timer motd-news.service motd-news.timer apport
2026-09-22T18:37:14.3561895Z + systemctl disable --now irqbalance
2026-09-22T18:37:14.8642239Z + systemctl mask irqbalance
2026-09-22T18:37:15.0249562Z + for unit in apparmor ModemManager irqbalance apt-daily.service apt-daily-upgrade.service apt-daily.timer apt-daily-upgrade.timer motd-news.service motd-news.timer apport
2026-09-22T18:37:15.0250684Z + systemctl disable --now apt-daily.service
2026-09-22T18:37:15.1940794Z + systemctl mask apt-daily.service
2026-09-22T18:37:15.3539889Z + for unit in apparmor ModemManager irqbalance apt-daily.service apt-daily-upgrade.service apt-daily.timer apt-daily-upgrade.timer motd-news.service motd-news.timer apport
2026-09-22T18:37:15.3541025Z + systemctl disable --now apt-daily-upgrade.service
2026-09-22T18:37:15.5302914Z + systemctl mask apt-daily-upgrade.service
2026-09-22T18:37:15.6951172Z + for unit in apparmor ModemManager irqbalance apt-daily.service apt-daily-upgrade.service apt-daily.timer apt-daily-upgrade.timer motd-news.service motd-news.timer apport
2026-09-22T18:37:15.6952123Z + systemctl disable --now apt-daily.timer
2026-09-22T18:37:15.8611409Z + systemctl mask apt-daily.timer
2026-09-22T18:37:16.0291200Z + for unit in apparmor ModemManager irqbalance apt-daily.service apt-daily-upgrade.service apt-daily.timer apt-daily-upgrade.timer motd-news.service motd-news.timer apport
2026-09-22T18:37:16.0292437Z + systemctl disable --now apt-daily-upgrade.timer
2026-09-22T18:37:16.1960867Z + systemctl mask apt-daily-upgrade.timer
2026-09-22T18:37:16.3619566Z + for unit in apparmor ModemManager irqbalance apt-daily.service apt-daily-upgrade.service apt-daily.timer apt-daily-upgrade.timer motd-news.service motd-news.timer apport
2026-09-22T18:37:16.3620752Z + systemctl disable --now motd-news.service
2026-09-22T18:37:16.5310844Z + systemctl mask motd-news.service
2026-09-22T18:37:16.6949809Z + for unit in apparmor ModemManager irqbalance apt-daily.service apt-daily-upgrade.service apt-daily.timer apt-daily-upgrade.timer motd-news.service motd-news.timer apport
2026-09-22T18:37:16.6950854Z + systemctl disable --now motd-news.timer
2026-09-22T18:37:16.8611635Z + systemctl mask motd-news.timer
2026-09-22T18:37:17.0270730Z + for unit in apparmor ModemManager irqbalance apt-daily.service apt-daily-upgrade.service apt-daily.timer apt-daily-upgrade.timer motd-news.service motd-news.timer apport
2026-09-22T18:37:17.0271707Z + systemctl disable --now apport
2026-09-22T18:37:17.5199751Z + systemctl mask apport
2026-09-22T18:37:17.6778872Z + aa-teardown
2026-09-22T18:37:17.6814148Z Unloading AppArmor profiles
2026-09-22T18:37:17.6849897Z + node_dirs=(/sys/devices/system/node/node[0-9]*)
2026-09-22T18:37:17.6851073Z + [[ 1 -gt 1 ]]
2026-09-22T18:37:17.6857718Z ++ sort -un
2026-09-22T18:37:17.6858436Z ++ paste -sd, -
2026-09-22T18:37:17.6862741Z +++ cat /sys/devices/system/cpu/cpu0/topology/thread_siblings_list /sys/devices/system/cpu/cpu1/topology/thread_siblings_list
2026-09-22T18:37:17.6863395Z +++ paste -sd, -
2026-09-22T18:37:17.6879140Z ++ expand_cpulist 0,48,1,49
2026-09-22T18:37:17.6879530Z ++ [[ -n 0,48,1,49 ]]
2026-09-22T18:37:17.6879838Z ++ local parts part
2026-09-22T18:37:17.6880485Z ++ IFS=,
2026-09-22T18:37:17.6880749Z ++ read -ra parts
2026-09-22T18:37:17.6881047Z ++ for part in "${parts[@]}"
2026-09-22T18:37:17.6881369Z ++ seq 0 0
2026-09-22T18:37:17.6902702Z ++ for part in "${parts[@]}"
2026-09-22T18:37:17.6903036Z ++ seq 48 48
2026-09-22T18:37:17.6910244Z ++ for part in "${parts[@]}"
2026-09-22T18:37:17.6910544Z ++ seq 1 1
2026-09-22T18:37:17.6917766Z ++ for part in "${parts[@]}"
2026-09-22T18:37:17.6918066Z ++ seq 49 49
2026-09-22T18:37:17.6931205Z + HOUSEKEEPING_CPUS=0,1,48,49
2026-09-22T18:37:17.6931504Z + bench=()
2026-09-22T18:37:17.6937158Z +++ cat /sys/devices/system/cpu/online
2026-09-22T18:37:17.6944217Z ++ expand_cpulist 0-95
2026-09-22T18:37:17.6944508Z ++ [[ -n 0-95 ]]
2026-09-22T18:37:17.6944775Z ++ local parts part
2026-09-22T18:37:17.6945068Z ++ IFS=,
2026-09-22T18:37:17.6945316Z ++ read -ra parts
2026-09-22T18:37:17.6945589Z ++ for part in "${parts[@]}"
2026-09-22T18:37:17.6945884Z ++ seq 0 95
2026-09-22T18:37:17.6955108Z + for cpu in $(expand_cpulist "$(cat /sys/devices/system/cpu/online)")
2026-09-22T18:37:17.6955580Z + [[ ,0,1,48,49, == *\,\0\,* ]]
2026-09-22T18:37:17.6955989Z + for cpu in $(expand_cpulist "$(cat /sys/devices/system/cpu/online)")
2026-09-22T18:37:17.6956413Z + [[ ,0,1,48,49, == *\,\1\,* ]]
2026-09-22T18:37:17.6956802Z + for cpu in $(expand_cpulist "$(cat /sys/devices/system/cpu/online)")
2026-09-22T18:37:17.6957213Z + [[ ,0,1,48,49, == *\,\2\,* ]]
2026-09-22T18:37:17.6957526Z + bench+=("$cpu")
2026-09-22T18:37:17.6957878Z + for cpu in $(expand_cpulist "$(cat /sys/devices/system/cpu/online)")
2026-09-22T18:37:17.6958289Z + [[ ,0,1,48,49, == *\,\3\,* ]]
2026-09-22T18:37:17.6958577Z + bench+=("$cpu")
2026-09-22T18:37:17.6958936Z + for cpu in $(expand_cpulist "$(cat /sys/devices/system/cpu/online)")
2026-09-22T18:37:17.6959339Z + [[ ,0,1,48,49, == *\,\4\,* ]]
2026-09-22T18:37:17.6959618Z + bench+=("$cpu")
2026-09-22T18:37:17.6959972Z + for cpu in $(expand_cpulist "$(cat /sys/devices/system/cpu/online)")
2026-09-22T18:37:17.6960414Z + [[ ,0,1,48,49, == *\,\5\,* ]]
2026-09-22T18:37:17.6960696Z + bench+=("$cpu")
2026-09-22T18:37:17.6961050Z + for cpu in $(expand_cpulist "$(cat /sys/devices/system/cpu/online)")
2026-09-22T18:37:17.6961516Z + [[ ,0,1,48,49, == *\,\6\,* ]]
2026-09-22T18:37:17.6962090Z + bench+=("$cpu")
2026-09-22T18:37:17.6962436Z + for cpu in $(expand_cpulist "$(cat /sys/devices/system/cpu/online)")
2026-09-22T18:37:17.6962834Z + [[ ,0,1,48,49, == *\,\7\,* ]]
2026-09-22T18:37:17.6963127Z + bench+=("$cpu")
2026-09-22T18:37:17.6963650Z + for cpu in $(expand_cpulist "$(cat /sys/devices/system/cpu/online)")
2026-09-22T18:37:17.6964150Z + [[ ,0,1,48,49, == *\,\8\,* ]]
2026-09-22T18:37:17.6980721Z + bench+=("$cpu")
2026-09-22T18:37:17.6981229Z + for cpu in $(expand_cpulist "$(cat /sys/devices/system/cpu/online)")
2026-09-22T18:37:17.6981680Z + [[ ,0,1,48,49, == *\,\9\,* ]]
2026-09-22T18:37:17.6981988Z + bench+=("$cpu")
2026-09-22T18:37:17.6982375Z + for cpu in $(expand_cpulist "$(cat /sys/devices/system/cpu/online)")
2026-09-22T18:37:17.6982802Z + [[ ,0,1,48,49, == *\,\1\0\,* ]]
2026-09-22T18:37:17.6983110Z + bench+=("$cpu")
2026-09-22T18:37:17.6983476Z + for cpu in $(expand_cpulist "$(cat /sys/devices/system/cpu/online)")
2026-09-22T18:37:17.6983898Z + [[ ,0,1,48,49, == *\,\1\1\,* ]]
2026-09-22T18:37:17.6984190Z + bench+=("$cpu")
2026-09-22T18:37:17.6984544Z + for cpu in $(expand_cpulist "$(cat /sys/devices/system/cpu/online)")
2026-09-22T18:37:17.6984975Z + [[ ,0,1,48,49, == *\,\1\2\,* ]]
2026-09-22T18:37:17.6985271Z + bench+=("$cpu")
2026-09-22T18:37:17.6985632Z + for cpu in $(expand_cpulist "$(cat /sys/devices/system/cpu/online)")
2026-09-22T18:37:17.6986044Z + [[ ,0,1,48,49, == *\,\1\3\,* ]]
2026-09-22T18:37:17.6986339Z + bench+=("$cpu")
2026-09-22T18:37:17.6986687Z + for cpu in $(expand_cpulist "$(cat /sys/devices/system/cpu/online)")
2026-09-22T18:37:17.6987104Z + [[ ,0,1,48,49, == *\,\1\4\,* ]]
2026-09-22T18:37:17.6987392Z + bench+=("$cpu")
2026-09-22T18:37:17.6987736Z + for cpu in $(expand_cpulist "$(cat /sys/devices/system/cpu/online)")
2026-09-22T18:37:17.6988139Z + [[ ,0,1,48,49, == *\,\1\5\,* ]]
2026-09-22T18:37:17.6988435Z + bench+=("$cpu")
2026-09-22T18:37:17.6988781Z + for cpu in $(expand_cpulist "$(cat /sys/devices/system/cpu/online)")
2026-09-22T18:37:17.6989186Z + [[ ,0,1,48,49, == *\,\1\6\,* ]]
2026-09-22T18:37:17.6989484Z + bench+=("$cpu")
2026-09-22T18:37:17.6989829Z + for cpu in $(expand_cpulist "$(cat /sys/devices/system/cpu/online)")
2026-09-22T18:37:17.6990271Z + [[ ,0,1,48,49, == *\,\1\7\,* ]]
2026-09-22T18:37:17.6990569Z + bench+=("$cpu")
2026-09-22T18:37:17.6990916Z + for cpu in $(expand_cpulist "$(cat /sys/devices/system/cpu/online)")
2026-09-22T18:37:17.6991312Z + [[ ,0,1,48,49, == *\,\1\8\,* ]]
2026-09-22T18:37:17.6991598Z + bench+=("$cpu")
2026-09-22T18:37:17.6991948Z + for cpu in $(expand_cpulist "$(cat /sys/devices/system/cpu/online)")
2026-09-22T18:37:17.6992348Z + [[ ,0,1,48,49, == *\,\1\9\,* ]]
2026-09-22T18:37:17.6992635Z + bench+=("$cpu")
2026-09-22T18:37:17.6992994Z + for cpu in $(expand_cpulist "$(cat /sys/devices/system/cpu/online)")
2026-09-22T18:37:17.6993400Z + [[ ,0,1,48,49, == *\,\2\0\,* ]]
2026-09-22T18:37:17.6993684Z + bench+=("$cpu")
2026-09-22T18:37:17.6994037Z + for cpu in $(expand_cpulist "$(cat /sys/devices/system/cpu/online)")
2026-09-22T18:37:17.6994440Z + [[ ,0,1,48,49, == *\,\2\1\,* ]]
2026-09-22T18:37:17.6994727Z + bench+=("$cpu")
2026-09-22T18:37:17.6995079Z + for cpu in $(expand_cpulist "$(cat /sys/devices/system/cpu/online)")
2026-09-22T18:37:17.6995478Z + [[ ,0,1,48,49, == *\,\2\2\,* ]]
2026-09-22T18:37:17.6995765Z + bench+=("$cpu")
2026-09-22T18:37:17.6996113Z + for cpu in $(expand_cpulist "$(cat /sys/devices/system/cpu/online)")
2026-09-22T18:37:17.6996520Z + [[ ,0,1,48,49, == *\,\2\3\,* ]]
2026-09-22T18:37:17.6996806Z + bench+=("$cpu")
2026-09-22T18:37:17.6997154Z + for cpu in $(expand_cpulist "$(cat /sys/devices/system/cpu/online)")
2026-09-22T18:37:17.6997562Z + [[ ,0,1,48,49, == *\,\2\4\,* ]]
2026-09-22T18:37:17.6997849Z + bench+=("$cpu")
2026-09-22T18:37:17.6998197Z + for cpu in $(expand_cpulist "$(cat /sys/devices/system/cpu/online)")
2026-09-22T18:37:17.6998604Z + [[ ,0,1,48,49, == *\,\2\5\,* ]]
2026-09-22T18:37:17.6998891Z + bench+=("$cpu")
2026-09-22T18:37:17.6999244Z + for cpu in $(expand_cpulist "$(cat /sys/devices/system/cpu/online)")
2026-09-22T18:37:17.6999808Z + [[ ,0,1,48,49, == *\,\2\6\,* ]]
2026-09-22T18:37:17.7000142Z + bench+=("$cpu")
2026-09-22T18:37:17.7000501Z + for cpu in $(expand_cpulist "$(cat /sys/devices/system/cpu/online)")
2026-09-22T18:37:17.7000899Z + [[ ,0,1,48,49, == *\,\2\7\,* ]]
2026-09-22T18:37:17.7001186Z + bench+=("$cpu")
2026-09-22T18:37:17.7001599Z + for cpu in $(expand_cpulist "$(cat /sys/devices/system/cpu/online)")
2026-09-22T18:37:17.7001997Z + [[ ,0,1,48,49, == *\,\2\8\,* ]]
2026-09-22T18:37:17.7002295Z + bench+=("$cpu")
2026-09-22T18:37:17.7002636Z + for cpu in $(expand_cpulist "$(cat /sys/devices/system/cpu/online)")
2026-09-22T18:37:17.7003028Z + [[ ,0,1,48,49, == *\,\2\9\,* ]]
2026-09-22T18:37:17.7003311Z + bench+=("$cpu")
2026-09-22T18:37:17.7003659Z + for cpu in $(expand_cpulist "$(cat /sys/devices/system/cpu/online)")
2026-09-22T18:37:17.7004060Z + [[ ,0,1,48,49, == *\,\3\0\,* ]]
2026-09-22T18:37:17.7004346Z + bench+=("$cpu")
2026-09-22T18:37:17.7004702Z + for cpu in $(expand_cpulist "$(cat /sys/devices/system/cpu/online)")
2026-09-22T18:37:17.7005098Z + [[ ,0,1,48,49, == *\,\3\1\,* ]]
2026-09-22T18:37:17.7005383Z + bench+=("$cpu")
2026-09-22T18:37:17.7005735Z + for cpu in $(expand_cpulist "$(cat /sys/devices/system/cpu/online)")
2026-09-22T18:37:17.7006136Z + [[ ,0,1,48,49, == *\,\3\2\,* ]]
2026-09-22T18:37:17.7006428Z + bench+=("$cpu")
2026-09-22T18:37:17.7006770Z + for cpu in $(expand_cpulist "$(cat /sys/devices/system/cpu/online)")
2026-09-22T18:37:17.7007175Z + [[ ,0,1,48,49, == *\,\3\3\,* ]]
2026-09-22T18:37:17.7007458Z + bench+=("$cpu")
2026-09-22T18:37:17.7007800Z + for cpu in $(expand_cpulist "$(cat /sys/devices/system/cpu/online)")
2026-09-22T18:37:17.7008208Z + [[ ,0,1,48,49, == *\,\3\4\,* ]]
2026-09-22T18:37:17.7008496Z + bench+=("$cpu")
2026-09-22T18:37:17.7008839Z + for cpu in $(expand_cpulist "$(cat /sys/devices/system/cpu/online)")
2026-09-22T18:37:17.7009247Z + [[ ,0,1,48,49, == *\,\3\5\,* ]]
2026-09-22T18:37:17.7009535Z + bench+=("$cpu")
2026-09-22T18:37:17.7009888Z + for cpu in $(expand_cpulist "$(cat /sys/devices/system/cpu/online)")
2026-09-22T18:37:17.7010350Z + [[ ,0,1,48,49, == *\,\3\6\,* ]]
2026-09-22T18:37:17.7010645Z + bench+=("$cpu")
2026-09-22T18:37:17.7010991Z + for cpu in $(expand_cpulist "$(cat /sys/devices/system/cpu/online)")
2026-09-22T18:37:17.7011416Z + [[ ,0,1,48,49, == *\,\3\7\,* ]]
2026-09-22T18:37:17.7011715Z + bench+=("$cpu")
2026-09-22T18:37:17.7012065Z + for cpu in $(expand_cpulist "$(cat /sys/devices/system/cpu/online)")
2026-09-22T18:37:17.7012488Z + [[ ,0,1,48,49, == *\,\3\8\,* ]]
2026-09-22T18:37:17.7012786Z + bench+=("$cpu")
2026-09-22T18:37:17.7013133Z + for cpu in $(expand_cpulist "$(cat /sys/devices/system/cpu/online)")
2026-09-22T18:37:17.7013551Z + [[ ,0,1,48,49, == *\,\3\9\,* ]]
2026-09-22T18:37:17.7013847Z + bench+=("$cpu")
2026-09-22T18:37:17.7014192Z + for cpu in $(expand_cpulist "$(cat /sys/devices/system/cpu/online)")
2026-09-22T18:37:17.7014610Z + [[ ,0,1,48,49, == *\,\4\0\,* ]]
2026-09-22T18:37:17.7014899Z + bench+=("$cpu")
2026-09-22T18:37:17.7015250Z + for cpu in $(expand_cpulist "$(cat /sys/devices/system/cpu/online)")
2026-09-22T18:37:17.7015666Z + [[ ,0,1,48,49, == *\,\4\1\,* ]]
2026-09-22T18:37:17.7015951Z + bench+=("$cpu")
2026-09-22T18:37:17.7016303Z + for cpu in $(expand_cpulist "$(cat /sys/devices/system/cpu/online)")
2026-09-22T18:37:17.7016723Z + [[ ,0,1,48,49, == *\,\4\2\,* ]]
2026-09-22T18:37:17.7017009Z + bench+=("$cpu")
2026-09-22T18:37:17.7017359Z + for cpu in $(expand_cpulist "$(cat /sys/devices/system/cpu/online)")
2026-09-22T18:37:17.7017776Z + [[ ,0,1,48,49, == *\,\4\3\,* ]]
2026-09-22T18:37:17.7018066Z + bench+=("$cpu")
2026-09-22T18:37:17.7018414Z + for cpu in $(expand_cpulist "$(cat /sys/devices/system/cpu/online)")
2026-09-22T18:37:17.7018841Z + [[ ,0,1,48,49, == *\,\4\4\,* ]]
2026-09-22T18:37:17.7019129Z + bench+=("$cpu")
2026-09-22T18:37:17.7019473Z + for cpu in $(expand_cpulist "$(cat /sys/devices/system/cpu/online)")
2026-09-22T18:37:17.7019879Z + [[ ,0,1,48,49, == *\,\4\5\,* ]]
2026-09-22T18:37:17.7020277Z + bench+=("$cpu")
2026-09-22T18:37:17.7020618Z + for cpu in $(expand_cpulist "$(cat /sys/devices/system/cpu/online)")
2026-09-22T18:37:17.7021025Z + [[ ,0,1,48,49, == *\,\4\6\,* ]]
2026-09-22T18:37:17.7021315Z + bench+=("$cpu")
2026-09-22T18:37:17.7021663Z + for cpu in $(expand_cpulist "$(cat /sys/devices/system/cpu/online)")
2026-09-22T18:37:17.7022134Z + [[ ,0,1,48,49, == *\,\4\7\,* ]]
2026-09-22T18:37:17.7022432Z + bench+=("$cpu")
2026-09-22T18:37:17.7022774Z + for cpu in $(expand_cpulist "$(cat /sys/devices/system/cpu/online)")
2026-09-22T18:37:17.7023171Z + [[ ,0,1,48,49, == *\,\4\8\,* ]]
2026-09-22T18:37:17.7023555Z + for cpu in $(expand_cpulist "$(cat /sys/devices/system/cpu/online)")
2026-09-22T18:37:17.7023953Z + [[ ,0,1,48,49, == *\,\4\9\,* ]]
2026-09-22T18:37:17.7024333Z + for cpu in $(expand_cpulist "$(cat /sys/devices/system/cpu/online)")
2026-09-22T18:37:17.7024740Z + [[ ,0,1,48,49, == *\,\5\0\,* ]]
2026-09-22T18:37:17.7025026Z + bench+=("$cpu")
2026-09-22T18:37:17.7025374Z + for cpu in $(expand_cpulist "$(cat /sys/devices/system/cpu/online)")
2026-09-22T18:37:17.7025778Z + [[ ,0,1,48,49, == *\,\5\1\,* ]]
2026-09-22T18:37:17.7026065Z + bench+=("$cpu")
2026-09-22T18:37:17.7026414Z + for cpu in $(expand_cpulist "$(cat /sys/devices/system/cpu/online)")
2026-09-22T18:37:17.7026806Z + [[ ,0,1,48,49, == *\,\5\2\,* ]]
2026-09-22T18:37:17.7027103Z + bench+=("$cpu")
2026-09-22T18:37:17.7027448Z + for cpu in $(expand_cpulist "$(cat /sys/devices/system/cpu/online)")
2026-09-22T18:37:17.7027842Z + [[ ,0,1,48,49, == *\,\5\3\,* ]]
2026-09-22T18:37:17.7028137Z + bench+=("$cpu")
2026-09-22T18:37:17.7028480Z + for cpu in $(expand_cpulist "$(cat /sys/devices/system/cpu/online)")
2026-09-22T18:37:17.7028877Z + [[ ,0,1,48,49, == *\,\5\4\,* ]]
2026-09-22T18:37:17.7029162Z + bench+=("$cpu")
2026-09-22T18:37:17.7029514Z + for cpu in $(expand_cpulist "$(cat /sys/devices/system/cpu/online)")
2026-09-22T18:37:17.7029907Z + [[ ,0,1,48,49, == *\,\5\5\,* ]]
2026-09-22T18:37:17.7030230Z + bench+=("$cpu")
2026-09-22T18:37:17.7030583Z + for cpu in $(expand_cpulist "$(cat /sys/devices/system/cpu/online)")
2026-09-22T18:37:17.7031001Z + [[ ,0,1,48,49, == *\,\5\6\,* ]]
2026-09-22T18:37:17.7031293Z + bench+=("$cpu")
2026-09-22T18:37:17.7031648Z + for cpu in $(expand_cpulist "$(cat /sys/devices/system/cpu/online)")
2026-09-22T18:37:17.7032069Z + [[ ,0,1,48,49, == *\,\5\7\,* ]]
2026-09-22T18:37:17.7032358Z + bench+=("$cpu")
2026-09-22T18:37:17.7032699Z + for cpu in $(expand_cpulist "$(cat /sys/devices/system/cpu/online)")
2026-09-22T18:37:17.7033122Z + [[ ,0,1,48,49, == *\,\5\8\,* ]]
2026-09-22T18:37:17.7033412Z + bench+=("$cpu")
2026-09-22T18:37:17.7033754Z + for cpu in $(expand_cpulist "$(cat /sys/devices/system/cpu/online)")
2026-09-22T18:37:17.7034177Z + [[ ,0,1,48,49, == *\,\5\9\,* ]]
2026-09-22T18:37:17.7034464Z + bench+=("$cpu")
2026-09-22T18:37:17.7034803Z + for cpu in $(expand_cpulist "$(cat /sys/devices/system/cpu/online)")
2026-09-22T18:37:17.7035223Z + [[ ,0,1,48,49, == *\,\6\0\,* ]]
2026-09-22T18:37:17.7035532Z + bench+=("$cpu")
2026-09-22T18:37:17.7035882Z + for cpu in $(expand_cpulist "$(cat /sys/devices/system/cpu/online)")
2026-09-22T18:37:17.7036313Z + [[ ,0,1,48,49, == *\,\6\1\,* ]]
2026-09-22T18:37:17.7036600Z + bench+=("$cpu")
2026-09-22T18:37:17.7036945Z + for cpu in $(expand_cpulist "$(cat /sys/devices/system/cpu/online)")
2026-09-22T18:37:17.7037367Z + [[ ,0,1,48,49, == *\,\6\2\,* ]]
2026-09-22T18:37:17.7037661Z + bench+=("$cpu")
2026-09-22T18:37:17.7038008Z + for cpu in $(expand_cpulist "$(cat /sys/devices/system/cpu/online)")
2026-09-22T18:37:17.7038425Z + [[ ,0,1,48,49, == *\,\6\3\,* ]]
2026-09-22T18:37:17.7038720Z + bench+=("$cpu")
2026-09-22T18:37:17.7039068Z + for cpu in $(expand_cpulist "$(cat /sys/devices/system/cpu/online)")
2026-09-22T18:37:17.7039482Z + [[ ,0,1,48,49, == *\,\6\4\,* ]]
2026-09-22T18:37:17.7039776Z + bench+=("$cpu")
2026-09-22T18:37:17.7040147Z + for cpu in $(expand_cpulist "$(cat /sys/devices/system/cpu/online)")
2026-09-22T18:37:17.7040546Z + [[ ,0,1,48,49, == *\,\6\5\,* ]]
2026-09-22T18:37:17.7040911Z + bench+=("$cpu")
2026-09-22T18:37:17.7041264Z + for cpu in $(expand_cpulist "$(cat /sys/devices/system/cpu/online)")
2026-09-22T18:37:17.7041659Z + [[ ,0,1,48,49, == *\,\6\6\,* ]]
2026-09-22T18:37:17.7041943Z + bench+=("$cpu")
2026-09-22T18:37:17.7042296Z + for cpu in $(expand_cpulist "$(cat /sys/devices/system/cpu/online)")
2026-09-22T18:37:17.7042764Z + [[ ,0,1,48,49, == *\,\6\7\,* ]]
2026-09-22T18:37:17.7043052Z + bench+=("$cpu")
2026-09-22T18:37:17.7043409Z + for cpu in $(expand_cpulist "$(cat /sys/devices/system/cpu/online)")
2026-09-22T18:37:17.7043806Z + [[ ,0,1,48,49, == *\,\6\8\,* ]]
2026-09-22T18:37:17.7044097Z + bench+=("$cpu")
2026-09-22T18:37:17.7044448Z + for cpu in $(expand_cpulist "$(cat /sys/devices/system/cpu/online)")
2026-09-22T18:37:17.7044849Z + [[ ,0,1,48,49, == *\,\6\9\,* ]]
2026-09-22T18:37:17.7045140Z + bench+=("$cpu")
2026-09-22T18:37:17.7045491Z + for cpu in $(expand_cpulist "$(cat /sys/devices/system/cpu/online)")
2026-09-22T18:37:17.7045907Z + [[ ,0,1,48,49, == *\,\7\0\,* ]]
2026-09-22T18:37:17.7046196Z + bench+=("$cpu")
2026-09-22T18:37:17.7046545Z + for cpu in $(expand_cpulist "$(cat /sys/devices/system/cpu/online)")
2026-09-22T18:37:17.7046950Z + [[ ,0,1,48,49, == *\,\7\1\,* ]]
2026-09-22T18:37:17.7047237Z + bench+=("$cpu")
2026-09-22T18:37:17.7047589Z + for cpu in $(expand_cpulist "$(cat /sys/devices/system/cpu/online)")
2026-09-22T18:37:17.7047996Z + [[ ,0,1,48,49, == *\,\7\2\,* ]]
2026-09-22T18:37:17.7048284Z + bench+=("$cpu")
2026-09-22T18:37:17.7048668Z + for cpu in $(expand_cpulist "$(cat /sys/devices/system/cpu/online)")
2026-09-22T18:37:17.7049075Z + [[ ,0,1,48,49, == *\,\7\3\,* ]]
2026-09-22T18:37:17.7049361Z + bench+=("$cpu")
2026-09-22T18:37:17.7049708Z + for cpu in $(expand_cpulist "$(cat /sys/devices/system/cpu/online)")
2026-09-22T18:37:17.7050162Z + [[ ,0,1,48,49, == *\,\7\4\,* ]]
2026-09-22T18:37:17.7050453Z + bench+=("$cpu")
2026-09-22T18:37:17.7050800Z + for cpu in $(expand_cpulist "$(cat /sys/devices/system/cpu/online)")
2026-09-22T18:37:17.7051224Z + [[ ,0,1,48,49, == *\,\7\5\,* ]]
2026-09-22T18:37:17.7051509Z + bench+=("$cpu")
2026-09-22T18:37:17.7051853Z + for cpu in $(expand_cpulist "$(cat /sys/devices/system/cpu/online)")
2026-09-22T18:37:17.7052267Z + [[ ,0,1,48,49, == *\,\7\6\,* ]]
2026-09-22T18:37:17.7052558Z + bench+=("$cpu")
2026-09-22T18:37:17.7052903Z + for cpu in $(expand_cpulist "$(cat /sys/devices/system/cpu/online)")
2026-09-22T18:37:17.7053303Z + [[ ,0,1,48,49, == *\,\7\7\,* ]]
2026-09-22T18:37:17.7053602Z + bench+=("$cpu")
2026-09-22T18:37:17.7053946Z + for cpu in $(expand_cpulist "$(cat /sys/devices/system/cpu/online)")
2026-09-22T18:37:17.7054360Z + [[ ,0,1,48,49, == *\,\7\8\,* ]]
2026-09-22T18:37:17.7054649Z + bench+=("$cpu")
2026-09-22T18:37:17.7054989Z + for cpu in $(expand_cpulist "$(cat /sys/devices/system/cpu/online)")
2026-09-22T18:37:17.7055396Z + [[ ,0,1,48,49, == *\,\7\9\,* ]]
2026-09-22T18:37:17.7055678Z + bench+=("$cpu")
2026-09-22T18:37:17.7056029Z + for cpu in $(expand_cpulist "$(cat /sys/devices/system/cpu/online)")
2026-09-22T18:37:17.7056430Z + [[ ,0,1,48,49, == *\,\8\0\,* ]]
2026-09-22T18:37:17.7056717Z + bench+=("$cpu")
2026-09-22T18:37:17.7057063Z + for cpu in $(expand_cpulist "$(cat /sys/devices/system/cpu/online)")
2026-09-22T18:37:17.7057472Z + [[ ,0,1,48,49, == *\,\8\1\,* ]]
2026-09-22T18:37:17.7057754Z + bench+=("$cpu")
2026-09-22T18:37:17.7058107Z + for cpu in $(expand_cpulist "$(cat /sys/devices/system/cpu/online)")
2026-09-22T18:37:17.7058503Z + [[ ,0,1,48,49, == *\,\8\2\,* ]]
2026-09-22T18:37:17.7058788Z + bench+=("$cpu")
2026-09-22T18:37:17.7059131Z + for cpu in $(expand_cpulist "$(cat /sys/devices/system/cpu/online)")
2026-09-22T18:37:17.7059559Z + [[ ,0,1,48,49, == *\,\8\3\,* ]]
2026-09-22T18:37:17.7059873Z + bench+=("$cpu")
2026-09-22T18:37:17.7060266Z + for cpu in $(expand_cpulist "$(cat /sys/devices/system/cpu/online)")
2026-09-22T18:37:17.7060694Z + [[ ,0,1,48,49, == *\,\8\4\,* ]]
2026-09-22T18:37:17.7061014Z + bench+=("$cpu")
2026-09-22T18:37:17.7061448Z + for cpu in $(expand_cpulist "$(cat /sys/devices/system/cpu/online)")
2026-09-22T18:37:17.7061875Z + [[ ,0,1,48,49, == *\,\8\5\,* ]]
2026-09-22T18:37:17.7062194Z + bench+=("$cpu")
2026-09-22T18:37:17.7062566Z + for cpu in $(expand_cpulist "$(cat /sys/devices/system/cpu/online)")
2026-09-22T18:37:17.7062992Z + [[ ,0,1,48,49, == *\,\8\6\,* ]]
2026-09-22T18:37:17.7063308Z + bench+=("$cpu")
2026-09-22T18:37:17.7063742Z + for cpu in $(expand_cpulist "$(cat /sys/devices/system/cpu/online)")
2026-09-22T18:37:17.7064159Z + [[ ,0,1,48,49, == *\,\8\7\,* ]]
2026-09-22T18:37:17.7064473Z + bench+=("$cpu")
2026-09-22T18:37:17.7064845Z + for cpu in $(expand_cpulist "$(cat /sys/devices/system/cpu/online)")
2026-09-22T18:37:17.7065267Z + [[ ,0,1,48,49, == *\,\8\8\,* ]]
2026-09-22T18:37:17.7065577Z + bench+=("$cpu")
2026-09-22T18:37:17.7065945Z + for cpu in $(expand_cpulist "$(cat /sys/devices/system/cpu/online)")
2026-09-22T18:37:17.7066363Z + [[ ,0,1,48,49, == *\,\8\9\,* ]]
2026-09-22T18:37:17.7066671Z + bench+=("$cpu")
2026-09-22T18:37:17.7067042Z + for cpu in $(expand_cpulist "$(cat /sys/devices/system/cpu/online)")
2026-09-22T18:37:17.7067469Z + [[ ,0,1,48,49, == *\,\9\0\,* ]]
2026-09-22T18:37:17.7067763Z + bench+=("$cpu")
2026-09-22T18:37:17.7068109Z + for cpu in $(expand_cpulist "$(cat /sys/devices/system/cpu/online)")
2026-09-22T18:37:17.7068521Z + [[ ,0,1,48,49, == *\,\9\1\,* ]]
2026-09-22T18:37:17.7068825Z + bench+=("$cpu")
2026-09-22T18:37:17.7069188Z + for cpu in $(expand_cpulist "$(cat /sys/devices/system/cpu/online)")
2026-09-22T18:37:17.7069603Z + [[ ,0,1,48,49, == *\,\9\2\,* ]]
2026-09-22T18:37:17.7069903Z + bench+=("$cpu")
2026-09-22T18:37:17.7070281Z + for cpu in $(expand_cpulist "$(cat /sys/devices/system/cpu/online)")
2026-09-22T18:37:17.7070693Z + [[ ,0,1,48,49, == *\,\9\3\,* ]]
2026-09-22T18:37:17.7070976Z + bench+=("$cpu")
2026-09-22T18:37:17.7071317Z + for cpu in $(expand_cpulist "$(cat /sys/devices/system/cpu/online)")
2026-09-22T18:37:17.7071741Z + [[ ,0,1,48,49, == *\,\9\4\,* ]]
2026-09-22T18:37:17.7072031Z + bench+=("$cpu")
2026-09-22T18:37:17.7072371Z + for cpu in $(expand_cpulist "$(cat /sys/devices/system/cpu/online)")
2026-09-22T18:37:17.7072775Z + [[ ,0,1,48,49, == *\,\9\5\,* ]]
2026-09-22T18:37:17.7073062Z + bench+=("$cpu")
2026-09-22T18:37:17.7073317Z ++ IFS=,
2026-09-22T18:37:17.7074040Z ++ echo 2,3,4,5,6,7,8,9,10,11,12,13,14,15,16,17,18,19,20,21,22,23,24,25,26,27,28,29,30,31,32,33,34,35,36,37,38,39,40,41,42,43,44,45,46,47,50,51,52,53,54,55,56,57,58,59,60,61,62,63,64,65,66,67,68,69,70,71,72,73,74,75,76,77,78,79,80,81,82,83,84,85,86,87,88,89,90,91,92,93,94,95
2026-09-22T18:37:17.7075287Z + BENCH_CPUS=2,3,4,5,6,7,8,9,10,11,12,13,14,15,16,17,18,19,20,21,22,23,24,25,26,27,28,29,30,31,32,33,34,35,36,37,38,39,40,41,42,43,44,45,46,47,50,51,52,53,54,55,56,57,58,59,60,61,62,63,64,65,66,67,68,69,70,71,72,73,74,75,76,77,78,79,80,81,82,83,84,85,86,87,88,89,90,91,92,93,94,95
2026-09-22T18:37:17.7076071Z + NET_IRQS=()
2026-09-22T18:37:17.7076352Z + declare -A NET_IRQS
2026-09-22T18:37:17.7076631Z + bench_cpu_arr=()
2026-09-22T18:37:17.7076889Z + IFS=
2026-09-22T18:37:17.7077137Z + read -r cpu
2026-09-22T18:37:17.7077844Z ++ expand_cpulist 2,3,4,5,6,7,8,9,10,11,12,13,14,15,16,17,18,19,20,21,22,23,24,25,26,27,28,29,30,31,32,33,34,35,36,37,38,39,40,41,42,43,44,45,46,47,50,51,52,53,54,55,56,57,58,59,60,61,62,63,64,65,66,67,68,69,70,71,72,73,74,75,76,77,78,79,80,81,82,83,84,85,86,87,88,89,90,91,92,93,94,95
2026-09-22T18:37:17.7079036Z ++ [[ -n 2,3,4,5,6,7,8,9,10,11,12,13,14,15,16,17,18,19,20,21,22,23,24,25,26,27,28,29,30,31,32,33,34,35,36,37,38,39,40,41,42,43,44,45,46,47,50,51,52,53,54,55,56,57,58,59,60,61,62,63,64,65,66,67,68,69,70,71,72,73,74,75,76,77,78,79,80,81,82,83,84,85,86,87,88,89,90,91,92,93,94,95 ]]
2026-09-22T18:37:17.7079773Z ++ local parts part
2026-09-22T18:37:17.7080033Z ++ IFS=,
2026-09-22T18:37:17.7080297Z ++ read -ra parts
2026-09-22T18:37:17.7080578Z ++ for part in "${parts[@]}"
2026-09-22T18:37:17.7080875Z ++ seq 2 2
2026-09-22T18:37:17.7081126Z + bench_cpu_arr+=("$cpu")
2026-09-22T18:37:17.7081472Z + IFS=
2026-09-22T18:37:17.7081710Z + read -r cpu
2026-09-22T18:37:17.7081976Z ++ for part in "${parts[@]}"
2026-09-22T18:37:17.7082267Z ++ seq 3 3
2026-09-22T18:37:17.7082523Z + bench_cpu_arr+=("$cpu")
2026-09-22T18:37:17.7082800Z + IFS=
2026-09-22T18:37:17.7083028Z + read -r cpu
2026-09-22T18:37:17.7083294Z ++ for part in "${parts[@]}"
2026-09-22T18:37:17.7083575Z ++ seq 4 4
2026-09-22T18:37:17.7083883Z + bench_cpu_arr+=("$cpu")
2026-09-22T18:37:17.7084155Z + IFS=
2026-09-22T18:37:17.7084391Z + read -r cpu
2026-09-22T18:37:17.7084641Z ++ for part in "${parts[@]}"
2026-09-22T18:37:17.7084920Z ++ seq 5 5
2026-09-22T18:37:17.7085162Z + bench_cpu_arr+=("$cpu")
2026-09-22T18:37:17.7085431Z + IFS=
2026-09-22T18:37:17.7085660Z + read -r cpu
2026-09-22T18:37:17.7085911Z ++ for part in "${parts[@]}"
2026-09-22T18:37:17.7086194Z ++ seq 6 6
2026-09-22T18:37:17.7086440Z + bench_cpu_arr+=("$cpu")
2026-09-22T18:37:17.7086709Z + IFS=
2026-09-22T18:37:17.7086946Z + read -r cpu
2026-09-22T18:37:17.7087200Z ++ for part in "${parts[@]}"
2026-09-22T18:37:17.7087490Z ++ seq 7 7
2026-09-22T18:37:17.7087730Z + bench_cpu_arr+=("$cpu")
2026-09-22T18:37:17.7088005Z + IFS=
2026-09-22T18:37:17.7088229Z + read -r cpu
2026-09-22T18:37:17.7088484Z ++ for part in "${parts[@]}"
2026-09-22T18:37:17.7088769Z ++ seq 8 8
2026-09-22T18:37:17.7089005Z + bench_cpu_arr+=("$cpu")
2026-09-22T18:37:17.7089273Z + IFS=
2026-09-22T18:37:17.7089505Z + read -r cpu
2026-09-22T18:37:17.7089782Z ++ for part in "${parts[@]}"
2026-09-22T18:37:17.7090085Z ++ seq 9 9
2026-09-22T18:37:17.7090333Z + bench_cpu_arr+=("$cpu")
2026-09-22T18:37:17.7090607Z + IFS=
2026-09-22T18:37:17.7090842Z + read -r cpu
2026-09-22T18:37:17.7091100Z ++ for part in "${parts[@]}"
2026-09-22T18:37:17.7091384Z ++ seq 10 10
2026-09-22T18:37:17.7091646Z + bench_cpu_arr+=("$cpu")
2026-09-22T18:37:17.7091918Z + IFS=
2026-09-22T18:37:17.7092151Z + read -r cpu
2026-09-22T18:37:17.7092430Z ++ for part in "${parts[@]}"
2026-09-22T18:37:17.7092717Z ++ seq 11 11
2026-09-22T18:37:17.7092970Z + bench_cpu_arr+=("$cpu")
2026-09-22T18:37:17.7093243Z + IFS=
2026-09-22T18:37:17.7093482Z + read -r cpu
2026-09-22T18:37:17.7093738Z ++ for part in "${parts[@]}"
2026-09-22T18:37:17.7094022Z ++ seq 12 12
2026-09-22T18:37:17.7094276Z + bench_cpu_arr+=("$cpu")
2026-09-22T18:37:17.7094545Z + IFS=
2026-09-22T18:37:17.7094775Z + read -r cpu
2026-09-22T18:37:17.7095026Z ++ for part in "${parts[@]}"
2026-09-22T18:37:17.7095323Z ++ seq 13 13
2026-09-22T18:37:17.7095575Z + bench_cpu_arr+=("$cpu")
2026-09-22T18:37:17.7095845Z + IFS=
2026-09-22T18:37:17.7096085Z + read -r cpu
2026-09-22T18:37:17.7096343Z ++ for part in "${parts[@]}"
2026-09-22T18:37:17.7096630Z ++ seq 14 14
2026-09-22T18:37:17.7096877Z + bench_cpu_arr+=("$cpu")
2026-09-22T18:37:17.7097160Z + IFS=
2026-09-22T18:37:17.7097393Z + read -r cpu
2026-09-22T18:37:17.7097649Z ++ for part in "${parts[@]}"
2026-09-22T18:37:17.7097942Z ++ seq 15 15
2026-09-22T18:37:17.7098196Z + bench_cpu_arr+=("$cpu")
2026-09-22T18:37:17.7098470Z + IFS=
2026-09-22T18:37:17.7098703Z + read -r cpu
2026-09-22T18:37:17.7098973Z ++ for part in "${parts[@]}"
2026-09-22T18:37:17.7099257Z ++ seq 16 16
2026-09-22T18:37:17.7099513Z + bench_cpu_arr+=("$cpu")
2026-09-22T18:37:17.7099795Z + IFS=
2026-09-22T18:37:17.7100023Z + read -r cpu
2026-09-22T18:37:17.7100305Z ++ for part in "${parts[@]}"
2026-09-22T18:37:17.7100586Z ++ seq 17 17
2026-09-22T18:37:17.7100848Z + bench_cpu_arr+=("$cpu")
2026-09-22T18:37:17.7101121Z + IFS=
2026-09-22T18:37:17.7101349Z + read -r cpu
2026-09-22T18:37:17.7101619Z ++ for part in "${parts[@]}"
2026-09-22T18:37:17.7101903Z ++ seq 18 18
2026-09-22T18:37:17.7108724Z + bench_cpu_arr+=("$cpu")
2026-09-22T18:37:17.7109089Z + IFS=
2026-09-22T18:37:17.7109364Z + read -r cpu
2026-09-22T18:37:17.7109652Z ++ for part in "${parts[@]}"
2026-09-22T18:37:17.7109960Z ++ seq 19 19
2026-09-22T18:37:17.7114637Z + bench_cpu_arr+=("$cpu")
2026-09-22T18:37:17.7114938Z + IFS=
2026-09-22T18:37:17.7115181Z + read -r cpu
2026-09-22T18:37:17.7115463Z ++ for part in "${parts[@]}"
2026-09-22T18:37:17.7116027Z ++ seq 20 20
2026-09-22T18:37:17.7121884Z + bench_cpu_arr+=("$cpu")
2026-09-22T18:37:17.7122178Z + IFS=
2026-09-22T18:37:17.7122414Z + read -r cpu
2026-09-22T18:37:17.7122688Z ++ for part in "${parts[@]}"
2026-09-22T18:37:17.7122981Z ++ seq 21 21
2026-09-22T18:37:17.7128921Z + bench_cpu_arr+=("$cpu")
2026-09-22T18:37:17.7129201Z + IFS=
2026-09-22T18:37:17.7129438Z + read -r cpu
2026-09-22T18:37:17.7129792Z ++ for part in "${parts[@]}"
2026-09-22T18:37:17.7130112Z ++ seq 22 22
2026-09-22T18:37:17.7135958Z + bench_cpu_arr+=("$cpu")
2026-09-22T18:37:17.7136245Z + IFS=
2026-09-22T18:37:17.7136475Z + read -r cpu
2026-09-22T18:37:17.7136736Z ++ for part in "${parts[@]}"
2026-09-22T18:37:17.7137028Z ++ seq 23 23
2026-09-22T18:37:17.7144742Z + bench_cpu_arr+=("$cpu")
2026-09-22T18:37:17.7145017Z + IFS=
2026-09-22T18:37:17.7145248Z + read -r cpu
2026-09-22T18:37:17.7145585Z ++ for part in "${parts[@]}"
2026-09-22T18:37:17.7145883Z ++ seq 24 24
2026-09-22T18:37:17.7151800Z + bench_cpu_arr+=("$cpu")
2026-09-22T18:37:17.7152090Z + IFS=
2026-09-22T18:37:17.7152318Z + read -r cpu
2026-09-22T18:37:17.7152581Z ++ for part in "${parts[@]}"
2026-09-22T18:37:17.7152874Z ++ seq 25 25
2026-09-22T18:37:17.7158742Z + bench_cpu_arr+=("$cpu")
2026-09-22T18:37:17.7159019Z + IFS=
2026-09-22T18:37:17.7159263Z + read -r cpu
2026-09-22T18:37:17.7159526Z ++ for part in "${parts[@]}"
2026-09-22T18:37:17.7159818Z ++ seq 26 26
2026-09-22T18:37:17.7165924Z + bench_cpu_arr+=("$cpu")
2026-09-22T18:37:17.7166210Z + IFS=
2026-09-22T18:37:17.7166447Z + read -r cpu
2026-09-22T18:37:17.7166707Z ++ for part in "${parts[@]}"
2026-09-22T18:37:17.7166999Z ++ seq 27 27
2026-09-22T18:37:17.7173272Z + bench_cpu_arr+=("$cpu")
2026-09-22T18:37:17.7173551Z + IFS=
2026-09-22T18:37:17.7173796Z + read -r cpu
2026-09-22T18:37:17.7174057Z ++ for part in "${parts[@]}"
2026-09-22T18:37:17.7174348Z ++ seq 28 28
2026-09-22T18:37:17.7180848Z + bench_cpu_arr+=("$cpu")
2026-09-22T18:37:17.7181118Z + IFS=
2026-09-22T18:37:17.7181345Z + read -r cpu
2026-09-22T18:37:17.7181613Z ++ for part in "${parts[@]}"
2026-09-22T18:37:17.7181911Z ++ seq 29 29
2026-09-22T18:37:17.7187983Z + bench_cpu_arr+=("$cpu")
2026-09-22T18:37:17.7188256Z + IFS=
2026-09-22T18:37:17.7188495Z + read -r cpu
2026-09-22T18:37:17.7188758Z ++ for part in "${parts[@]}"
2026-09-22T18:37:17.7189041Z ++ seq 30 30
2026-09-22T18:37:17.7197197Z + bench_cpu_arr+=("$cpu")
2026-09-22T18:37:17.7197584Z + IFS=
2026-09-22T18:37:17.7197856Z + read -r cpu
2026-09-22T18:37:17.7198159Z ++ for part in "${parts[@]}"
2026-09-22T18:37:17.7198467Z ++ seq 31 31
2026-09-22T18:37:17.7203867Z + bench_cpu_arr+=("$cpu")
2026-09-22T18:37:17.7204162Z + IFS=
2026-09-22T18:37:17.7204407Z + read -r cpu
2026-09-22T18:37:17.7204691Z ++ for part in "${parts[@]}"
2026-09-22T18:37:17.7204979Z ++ seq 32 32
2026-09-22T18:37:17.7210948Z + bench_cpu_arr+=("$cpu")
2026-09-22T18:37:17.7211239Z + IFS=
2026-09-22T18:37:17.7211477Z + read -r cpu
2026-09-22T18:37:17.7211740Z ++ for part in "${parts[@]}"
2026-09-22T18:37:17.7212029Z ++ seq 33 33
2026-09-22T18:37:17.7218065Z + bench_cpu_arr+=("$cpu")
2026-09-22T18:37:17.7218347Z + IFS=
2026-09-22T18:37:17.7218579Z + read -r cpu
2026-09-22T18:37:17.7218854Z ++ for part in "${parts[@]}"
2026-09-22T18:37:17.7219139Z ++ seq 34 34
2026-09-22T18:37:17.7227897Z + bench_cpu_arr+=("$cpu")
2026-09-22T18:37:17.7228181Z + IFS=
2026-09-22T18:37:17.7228409Z + read -r cpu
2026-09-22T18:37:17.7228730Z ++ for part in "${parts[@]}"
2026-09-22T18:37:17.7229017Z ++ seq 35 35
2026-09-22T18:37:17.7235094Z + bench_cpu_arr+=("$cpu")
2026-09-22T18:37:17.7235366Z + IFS=
2026-09-22T18:37:17.7235596Z + read -r cpu
2026-09-22T18:37:17.7235863Z ++ for part in "${parts[@]}"
2026-09-22T18:37:17.7236145Z ++ seq 36 36
2026-09-22T18:37:17.7242371Z + bench_cpu_arr+=("$cpu")
2026-09-22T18:37:17.7242651Z + IFS=
2026-09-22T18:37:17.7242882Z + read -r cpu
2026-09-22T18:37:17.7243140Z ++ for part in "${parts[@]}"
2026-09-22T18:37:17.7243430Z ++ seq 37 37
2026-09-22T18:37:17.7249260Z + bench_cpu_arr+=("$cpu")
2026-09-22T18:37:17.7249537Z + IFS=
2026-09-22T18:37:17.7250159Z + read -r cpu
2026-09-22T18:37:17.7250440Z ++ for part in "${parts[@]}"
2026-09-22T18:37:17.7250724Z ++ seq 38 38
2026-09-22T18:37:17.7256464Z + bench_cpu_arr+=("$cpu")
2026-09-22T18:37:17.7256745Z + IFS=
2026-09-22T18:37:17.7256973Z + read -r cpu
2026-09-22T18:37:17.7257229Z ++ for part in "${parts[@]}"
2026-09-22T18:37:17.7257523Z ++ seq 39 39
2026-09-22T18:37:17.7263604Z + bench_cpu_arr+=("$cpu")
2026-09-22T18:37:17.7263887Z + IFS=
2026-09-22T18:37:17.7264151Z + read -r cpu
2026-09-22T18:37:17.7264430Z ++ for part in "${parts[@]}"
2026-09-22T18:37:17.7264730Z ++ seq 40 40
2026-09-22T18:37:17.7271015Z + bench_cpu_arr+=("$cpu")
2026-09-22T18:37:17.7271296Z + IFS=
2026-09-22T18:37:17.7271526Z + read -r cpu
2026-09-22T18:37:17.7272071Z ++ for part in "${parts[@]}"
2026-09-22T18:37:17.7272447Z ++ seq 41 41
2026-09-22T18:37:17.7277913Z + bench_cpu_arr+=("$cpu")
2026-09-22T18:37:17.7278224Z + IFS=
2026-09-22T18:37:17.7278486Z + read -r cpu
2026-09-22T18:37:17.7278776Z ++ for part in "${parts[@]}"
2026-09-22T18:37:17.7279096Z ++ seq 42 42
2026-09-22T18:37:17.7285315Z + bench_cpu_arr+=("$cpu")
2026-09-22T18:37:17.7285606Z + IFS=
2026-09-22T18:37:17.7285840Z + read -r cpu
2026-09-22T18:37:17.7286105Z ++ for part in "${parts[@]}"
2026-09-22T18:37:17.7286399Z ++ seq 43 43
2026-09-22T18:37:17.7295145Z + bench_cpu_arr+=("$cpu")
2026-09-22T18:37:17.7295421Z + IFS=
2026-09-22T18:37:17.7295664Z + read -r cpu
2026-09-22T18:37:17.7295951Z ++ for part in "${parts[@]}"
2026-09-22T18:37:17.7296243Z ++ seq 44 44
2026-09-22T18:37:17.7302632Z + bench_cpu_arr+=("$cpu")
2026-09-22T18:37:17.7302920Z + IFS=
2026-09-22T18:37:17.7303156Z + read -r cpu
2026-09-22T18:37:17.7303422Z ++ for part in "${parts[@]}"
2026-09-22T18:37:17.7303718Z ++ seq 45 45
2026-09-22T18:37:17.7309833Z + bench_cpu_arr+=("$cpu")
2026-09-22T18:37:17.7310142Z + IFS=
2026-09-22T18:37:17.7310384Z + read -r cpu
2026-09-22T18:37:17.7310642Z ++ for part in "${parts[@]}"
2026-09-22T18:37:17.7310930Z ++ seq 46 46
2026-09-22T18:37:17.7317109Z + bench_cpu_arr+=("$cpu")
2026-09-22T18:37:17.7317400Z + IFS=
2026-09-22T18:37:17.7317634Z + read -r cpu
2026-09-22T18:37:17.7317891Z ++ for part in "${parts[@]}"
2026-09-22T18:37:17.7318183Z ++ seq 47 47
2026-09-22T18:37:17.7324275Z + bench_cpu_arr+=("$cpu")
2026-09-22T18:37:17.7324549Z + IFS=
2026-09-22T18:37:17.7324789Z + read -r cpu
2026-09-22T18:37:17.7325048Z ++ for part in "${parts[@]}"
2026-09-22T18:37:17.7325334Z ++ seq 50 50
2026-09-22T18:37:17.7334062Z + bench_cpu_arr+=("$cpu")
2026-09-22T18:37:17.7334332Z + IFS=
2026-09-22T18:37:17.7334567Z + read -r cpu
2026-09-22T18:37:17.7334845Z ++ for part in "${parts[@]}"
2026-09-22T18:37:17.7335143Z ++ seq 51 51
2026-09-22T18:37:17.7341579Z + bench_cpu_arr+=("$cpu")
2026-09-22T18:37:17.7341858Z + IFS=
2026-09-22T18:37:17.7342095Z + read -r cpu
2026-09-22T18:37:17.7342360Z ++ for part in "${parts[@]}"
2026-09-22T18:37:17.7342646Z ++ seq 52 52
2026-09-22T18:37:17.7351572Z + bench_cpu_arr+=("$cpu")
2026-09-22T18:37:17.7351845Z + IFS=
2026-09-22T18:37:17.7352075Z + read -r cpu
2026-09-22T18:37:17.7352366Z ++ for part in "${parts[@]}"
2026-09-22T18:37:17.7352649Z ++ seq 53 53
2026-09-22T18:37:17.7361369Z + bench_cpu_arr+=("$cpu")
2026-09-22T18:37:17.7361642Z + IFS=
2026-09-22T18:37:17.7361875Z + read -r cpu
2026-09-22T18:37:17.7362141Z ++ for part in "${parts[@]}"
2026-09-22T18:37:17.7362424Z ++ seq 54 54
2026-09-22T18:37:17.7368345Z + bench_cpu_arr+=("$cpu")
2026-09-22T18:37:17.7368624Z + IFS=
2026-09-22T18:37:17.7368853Z + read -r cpu
2026-09-22T18:37:17.7369125Z ++ for part in "${parts[@]}"
2026-09-22T18:37:17.7369410Z ++ seq 55 55
2026-09-22T18:37:17.7375390Z + bench_cpu_arr+=("$cpu")
2026-09-22T18:37:17.7375671Z + IFS=
2026-09-22T18:37:17.7375904Z + read -r cpu
2026-09-22T18:37:17.7376161Z ++ for part in "${parts[@]}"
2026-09-22T18:37:17.7376442Z ++ seq 56 56
2026-09-22T18:37:17.7382773Z + bench_cpu_arr+=("$cpu")
2026-09-22T18:37:17.7383047Z + IFS=
2026-09-22T18:37:17.7383279Z + read -r cpu
2026-09-22T18:37:17.7383557Z ++ for part in "${parts[@]}"
2026-09-22T18:37:17.7384086Z ++ seq 57 57
2026-09-22T18:37:17.7389913Z + bench_cpu_arr+=("$cpu")
2026-09-22T18:37:17.7390260Z + IFS=
2026-09-22T18:37:17.7390495Z + read -r cpu
2026-09-22T18:37:17.7390761Z ++ for part in "${parts[@]}"
2026-09-22T18:37:17.7391054Z ++ seq 58 58
2026-09-22T18:37:17.7396915Z + bench_cpu_arr+=("$cpu")
2026-09-22T18:37:17.7397186Z + IFS=
2026-09-22T18:37:17.7397419Z + read -r cpu
2026-09-22T18:37:17.7397780Z ++ for part in "${parts[@]}"
2026-09-22T18:37:17.7398070Z ++ seq 59 59
2026-09-22T18:37:17.7404511Z + bench_cpu_arr+=("$cpu")
2026-09-22T18:37:17.7404794Z + IFS=
2026-09-22T18:37:17.7405022Z + read -r cpu
2026-09-22T18:37:17.7405293Z ++ for part in "${parts[@]}"
2026-09-22T18:37:17.7405588Z ++ seq 60 60
2026-09-22T18:37:17.7411531Z + bench_cpu_arr+=("$cpu")
2026-09-22T18:37:17.7411803Z + IFS=
2026-09-22T18:37:17.7412037Z + read -r cpu
2026-09-22T18:37:17.7412299Z ++ for part in "${parts[@]}"
2026-09-22T18:37:17.7412580Z ++ seq 61 61
2026-09-22T18:37:17.7419016Z + bench_cpu_arr+=("$cpu")
2026-09-22T18:37:17.7419303Z + IFS=
2026-09-22T18:37:17.7419535Z + read -r cpu
2026-09-22T18:37:17.7419796Z ++ for part in "${parts[@]}"
2026-09-22T18:37:17.7420120Z ++ seq 62 62
2026-09-22T18:37:17.7426010Z + bench_cpu_arr+=("$cpu")
2026-09-22T18:37:17.7426285Z + IFS=
2026-09-22T18:37:17.7426530Z + read -r cpu
2026-09-22T18:37:17.7426796Z ++ for part in "${parts[@]}"
2026-09-22T18:37:17.7427082Z ++ seq 63 63
2026-09-22T18:37:17.7433552Z + bench_cpu_arr+=("$cpu")
2026-09-22T18:37:17.7433826Z + IFS=
2026-09-22T18:37:17.7434058Z + read -r cpu
2026-09-22T18:37:17.7434316Z ++ for part in "${parts[@]}"
2026-09-22T18:37:17.7434609Z ++ seq 64 64
2026-09-22T18:37:17.7441163Z + bench_cpu_arr+=("$cpu")
2026-09-22T18:37:17.7441438Z + IFS=
2026-09-22T18:37:17.7441676Z + read -r cpu
2026-09-22T18:37:17.7442012Z ++ for part in "${parts[@]}"
2026-09-22T18:37:17.7442327Z ++ seq 65 65
2026-09-22T18:37:17.7448302Z + bench_cpu_arr+=("$cpu")
2026-09-22T18:37:17.7448582Z + IFS=
2026-09-22T18:37:17.7448824Z + read -r cpu
2026-09-22T18:37:17.7449092Z ++ for part in "${parts[@]}"
2026-09-22T18:37:17.7449374Z ++ seq 66 66
2026-09-22T18:37:17.7456824Z + bench_cpu_arr+=("$cpu")
2026-09-22T18:37:17.7457196Z + IFS=
2026-09-22T18:37:17.7457468Z + read -r cpu
2026-09-22T18:37:17.7457777Z ++ for part in "${parts[@]}"
2026-09-22T18:37:17.7458085Z ++ seq 67 67
2026-09-22T18:37:17.7463712Z + bench_cpu_arr+=("$cpu")
2026-09-22T18:37:17.7464025Z + IFS=
2026-09-22T18:37:17.7464330Z + read -r cpu
2026-09-22T18:37:17.7464599Z ++ for part in "${parts[@]}"
2026-09-22T18:37:17.7464896Z ++ seq 68 68
2026-09-22T18:37:17.7470569Z + bench_cpu_arr+=("$cpu")
2026-09-22T18:37:17.7470855Z + IFS=
2026-09-22T18:37:17.7471092Z + read -r cpu
2026-09-22T18:37:17.7471366Z ++ for part in "${parts[@]}"
2026-09-22T18:37:17.7471656Z ++ seq 69 69
2026-09-22T18:37:17.7477523Z + bench_cpu_arr+=("$cpu")
2026-09-22T18:37:17.7477808Z + IFS=
2026-09-22T18:37:17.7478042Z + read -r cpu
2026-09-22T18:37:17.7478310Z ++ for part in "${parts[@]}"
2026-09-22T18:37:17.7478597Z ++ seq 70 70
2026-09-22T18:37:17.7484435Z + bench_cpu_arr+=("$cpu")
2026-09-22T18:37:17.7484710Z + IFS=
2026-09-22T18:37:17.7484945Z + read -r cpu
2026-09-22T18:37:17.7485216Z ++ for part in "${parts[@]}"
2026-09-22T18:37:17.7485504Z ++ seq 71 71
2026-09-22T18:37:17.7491632Z + bench_cpu_arr+=("$cpu")
2026-09-22T18:37:17.7491911Z + IFS=
2026-09-22T18:37:17.7492145Z + read -r cpu
2026-09-22T18:37:17.7492414Z ++ for part in "${parts[@]}"
2026-09-22T18:37:17.7492696Z ++ seq 72 72
2026-09-22T18:37:17.7498476Z + bench_cpu_arr+=("$cpu")
2026-09-22T18:37:17.7498753Z + IFS=
2026-09-22T18:37:17.7498987Z + read -r cpu
2026-09-22T18:37:17.7499258Z ++ for part in "${parts[@]}"
2026-09-22T18:37:17.7499544Z ++ seq 73 73
2026-09-22T18:37:17.7505352Z + bench_cpu_arr+=("$cpu")
2026-09-22T18:37:17.7505640Z + IFS=
2026-09-22T18:37:17.7505872Z + read -r cpu
2026-09-22T18:37:17.7506131Z ++ for part in "${parts[@]}"
2026-09-22T18:37:17.7506421Z ++ seq 74 74
2026-09-22T18:37:17.7512496Z + bench_cpu_arr+=("$cpu")
2026-09-22T18:37:17.7512777Z + IFS=
2026-09-22T18:37:17.7513233Z + read -r cpu
2026-09-22T18:37:17.7513502Z ++ for part in "${parts[@]}"
2026-09-22T18:37:17.7513788Z ++ seq 75 75
2026-09-22T18:37:17.7519490Z + bench_cpu_arr+=("$cpu")
2026-09-22T18:37:17.7519769Z + IFS=
2026-09-22T18:37:17.7519999Z + read -r cpu
2026-09-22T18:37:17.7520291Z ++ for part in "${parts[@]}"
2026-09-22T18:37:17.7520588Z ++ seq 76 76
2026-09-22T18:37:17.7529624Z + bench_cpu_arr+=("$cpu")
2026-09-22T18:37:17.7529900Z + IFS=
2026-09-22T18:37:17.7530169Z + read -r cpu
2026-09-22T18:37:17.7530531Z ++ for part in "${parts[@]}"
2026-09-22T18:37:17.7530828Z ++ seq 77 77
2026-09-22T18:37:17.7536382Z + bench_cpu_arr+=("$cpu")
2026-09-22T18:37:17.7536661Z + IFS=
2026-09-22T18:37:17.7536894Z + read -r cpu
2026-09-22T18:37:17.7537154Z ++ for part in "${parts[@]}"
2026-09-22T18:37:17.7537436Z ++ seq 78 78
2026-09-22T18:37:17.7543309Z + bench_cpu_arr+=("$cpu")
2026-09-22T18:37:17.7543582Z + IFS=
2026-09-22T18:37:17.7543818Z + read -r cpu
2026-09-22T18:37:17.7544088Z ++ for part in "${parts[@]}"
2026-09-22T18:37:17.7544384Z ++ seq 79 79
2026-09-22T18:37:17.7550315Z + bench_cpu_arr+=("$cpu")
2026-09-22T18:37:17.7550600Z + IFS=
2026-09-22T18:37:17.7550829Z + read -r cpu
2026-09-22T18:37:17.7551098Z ++ for part in "${parts[@]}"
2026-09-22T18:37:17.7551392Z ++ seq 80 80
2026-09-22T18:37:17.7557456Z + bench_cpu_arr+=("$cpu")
2026-09-22T18:37:17.7557726Z + IFS=
2026-09-22T18:37:17.7557964Z + read -r cpu
2026-09-22T18:37:17.7558233Z ++ for part in "${parts[@]}"
2026-09-22T18:37:17.7558516Z ++ seq 81 81
2026-09-22T18:37:17.7567293Z + bench_cpu_arr+=("$cpu")
2026-09-22T18:37:17.7567576Z + IFS=
2026-09-22T18:37:17.7567809Z + read -r cpu
2026-09-22T18:37:17.7568106Z ++ for part in "${parts[@]}"
2026-09-22T18:37:17.7568404Z ++ seq 82 82
2026-09-22T18:37:17.7574171Z + bench_cpu_arr+=("$cpu")
2026-09-22T18:37:17.7574448Z + IFS=
2026-09-22T18:37:17.7574686Z + read -r cpu
2026-09-22T18:37:17.7574948Z ++ for part in "${parts[@]}"
2026-09-22T18:37:17.7575228Z ++ seq 83 83
2026-09-22T18:37:17.7581343Z + bench_cpu_arr+=("$cpu")
2026-09-22T18:37:17.7581631Z + IFS=
2026-09-22T18:37:17.7581865Z + read -r cpu
2026-09-22T18:37:17.7582124Z ++ for part in "${parts[@]}"
2026-09-22T18:37:17.7582419Z ++ seq 84 84
2026-09-22T18:37:17.7588320Z + bench_cpu_arr+=("$cpu")
2026-09-22T18:37:17.7588592Z + IFS=
2026-09-22T18:37:17.7588832Z + read -r cpu
2026-09-22T18:37:17.7589090Z ++ for part in "${parts[@]}"
2026-09-22T18:37:17.7589383Z ++ seq 85 85
2026-09-22T18:37:17.7595205Z + bench_cpu_arr+=("$cpu")
2026-09-22T18:37:17.7595480Z + IFS=
2026-09-22T18:37:17.7595710Z + read -r cpu
2026-09-22T18:37:17.7595974Z ++ for part in "${parts[@]}"
2026-09-22T18:37:17.7596270Z ++ seq 86 86
2026-09-22T18:37:17.7601939Z + bench_cpu_arr+=("$cpu")
2026-09-22T18:37:17.7602211Z + IFS=
2026-09-22T18:37:17.7602447Z + read -r cpu
2026-09-22T18:37:17.7602704Z ++ for part in "${parts[@]}"
2026-09-22T18:37:17.7602983Z ++ seq 87 87
2026-09-22T18:37:17.7609368Z + bench_cpu_arr+=("$cpu")
2026-09-22T18:37:17.7609642Z + IFS=
2026-09-22T18:37:17.7609873Z + read -r cpu
2026-09-22T18:37:17.7610174Z ++ for part in "${parts[@]}"
2026-09-22T18:37:17.7610473Z ++ seq 88 88
2026-09-22T18:37:17.7616406Z + bench_cpu_arr+=("$cpu")
2026-09-22T18:37:17.7616679Z + IFS=
2026-09-22T18:37:17.7616915Z + read -r cpu
2026-09-22T18:37:17.7617175Z ++ for part in "${parts[@]}"
2026-09-22T18:37:17.7617461Z ++ seq 89 89
2026-09-22T18:37:17.7623867Z + bench_cpu_arr+=("$cpu")
2026-09-22T18:37:17.7624146Z + IFS=
2026-09-22T18:37:17.7624380Z + read -r cpu
2026-09-22T18:37:17.7624653Z ++ for part in "${parts[@]}"
2026-09-22T18:37:17.7624936Z ++ seq 90 90
2026-09-22T18:37:17.7633710Z + bench_cpu_arr+=("$cpu")
2026-09-22T18:37:17.7633990Z + IFS=
2026-09-22T18:37:17.7634220Z + read -r cpu
2026-09-22T18:37:17.7634528Z ++ for part in "${parts[@]}"
2026-09-22T18:37:17.7634815Z ++ seq 91 91
2026-09-22T18:37:17.7643526Z + bench_cpu_arr+=("$cpu")
2026-09-22T18:37:17.7643802Z + IFS=
2026-09-22T18:37:17.7644030Z + read -r cpu
2026-09-22T18:37:17.7644309Z ++ for part in "${parts[@]}"
2026-09-22T18:37:17.7644701Z ++ seq 92 92
2026-09-22T18:37:17.7650610Z + bench_cpu_arr+=("$cpu")
2026-09-22T18:37:17.7650887Z + IFS=
2026-09-22T18:37:17.7651119Z + read -r cpu
2026-09-22T18:37:17.7651387Z ++ for part in "${parts[@]}"
2026-09-22T18:37:17.7651679Z ++ seq 93 93
2026-09-22T18:37:17.7657510Z + bench_cpu_arr+=("$cpu")
2026-09-22T18:37:17.7657784Z + IFS=
2026-09-22T18:37:17.7658013Z + read -r cpu
2026-09-22T18:37:17.7658345Z ++ for part in "${parts[@]}"
2026-09-22T18:37:17.7658640Z ++ seq 94 94
2026-09-22T18:37:17.7664463Z + bench_cpu_arr+=("$cpu")
2026-09-22T18:37:17.7664746Z + IFS=
2026-09-22T18:37:17.7664980Z + read -r cpu
2026-09-22T18:37:17.7665239Z ++ for part in "${parts[@]}"
2026-09-22T18:37:17.7665538Z ++ seq 95 95
2026-09-22T18:37:17.7674346Z + bench_cpu_arr+=("$cpu")
2026-09-22T18:37:17.7674615Z + IFS=
2026-09-22T18:37:17.7674851Z + read -r cpu
2026-09-22T18:37:17.7679240Z + i=0
2026-09-22T18:37:17.7680239Z + for msi in /sys/class/net/*/device/msi_irqs/*
2026-09-22T18:37:17.7680661Z + [[ -e /sys/class/net/ens41/device/msi_irqs/108 ]]
2026-09-22T18:37:17.7681035Z + [[ 92 -gt 0 ]]
2026-09-22T18:37:17.7681294Z + irq=108
2026-09-22T18:37:17.7681547Z + NET_IRQS["$irq"]=1
2026-09-22T18:37:17.7681831Z + echo 2
2026-09-22T18:37:17.7682068Z + i=1
2026-09-22T18:37:17.7682345Z + for msi in /sys/class/net/*/device/msi_irqs/*
2026-09-22T18:37:17.7682743Z + [[ -e /sys/class/net/ens41/device/msi_irqs/109 ]]
2026-09-22T18:37:17.7683093Z + [[ 92 -gt 0 ]]
2026-09-22T18:37:17.7683342Z + irq=109
2026-09-22T18:37:17.7683579Z + NET_IRQS["$irq"]=1
2026-09-22T18:37:17.7683842Z + echo 3
2026-09-22T18:37:17.7684077Z + i=2
2026-09-22T18:37:17.7684345Z + for msi in /sys/class/net/*/device/msi_irqs/*
2026-09-22T18:37:17.7684730Z + [[ -e /sys/class/net/ens41/device/msi_irqs/110 ]]
2026-09-22T18:37:17.7685073Z + [[ 92 -gt 0 ]]
2026-09-22T18:37:17.7685317Z + irq=110
2026-09-22T18:37:17.7685550Z + NET_IRQS["$irq"]=1
2026-09-22T18:37:17.7685816Z + echo 4
2026-09-22T18:37:17.7686050Z + i=3
2026-09-22T18:37:17.7686316Z + for msi in /sys/class/net/*/device/msi_irqs/*
2026-09-22T18:37:17.7686710Z + [[ -e /sys/class/net/ens41/device/msi_irqs/111 ]]
2026-09-22T18:37:17.7687049Z + [[ 92 -gt 0 ]]
2026-09-22T18:37:17.7687295Z + irq=111
2026-09-22T18:37:17.7687539Z + NET_IRQS["$irq"]=1
2026-09-22T18:37:17.7687794Z + echo 5
2026-09-22T18:37:17.7688025Z + i=4
2026-09-22T18:37:17.7688289Z + for msi in /sys/class/net/*/device/msi_irqs/*
2026-09-22T18:37:17.7688683Z + [[ -e /sys/class/net/ens41/device/msi_irqs/112 ]]
2026-09-22T18:37:17.7689024Z + [[ 92 -gt 0 ]]
2026-09-22T18:37:17.7689273Z + irq=112
2026-09-22T18:37:17.7689515Z + NET_IRQS["$irq"]=1
2026-09-22T18:37:17.7689770Z + echo 6
2026-09-22T18:37:17.7689998Z + i=5
2026-09-22T18:37:17.7690318Z + for msi in /sys/class/net/*/device/msi_irqs/*
2026-09-22T18:37:17.7690694Z + [[ -e /sys/class/net/ens41/device/msi_irqs/113 ]]
2026-09-22T18:37:17.7691033Z + [[ 92 -gt 0 ]]
2026-09-22T18:37:17.7691276Z + irq=113
2026-09-22T18:37:17.7691523Z + NET_IRQS["$irq"]=1
2026-09-22T18:37:17.7691780Z + echo 7
2026-09-22T18:37:17.7692023Z + i=6
2026-09-22T18:37:17.7692299Z + for msi in /sys/class/net/*/device/msi_irqs/*
2026-09-22T18:37:17.7692675Z + [[ -e /sys/class/net/ens41/device/msi_irqs/114 ]]
2026-09-22T18:37:17.7693012Z + [[ 92 -gt 0 ]]
2026-09-22T18:37:17.7693255Z + irq=114
2026-09-22T18:37:17.7693495Z + NET_IRQS["$irq"]=1
2026-09-22T18:37:17.7693748Z + echo 8
2026-09-22T18:37:17.7693981Z + i=7
2026-09-22T18:37:17.7694255Z + for msi in /sys/class/net/*/device/msi_irqs/*
2026-09-22T18:37:17.7694639Z + [[ -e /sys/class/net/ens41/device/msi_irqs/115 ]]
2026-09-22T18:37:17.7694969Z + [[ 92 -gt 0 ]]
2026-09-22T18:37:17.7695214Z + irq=115
2026-09-22T18:37:17.7695447Z + NET_IRQS["$irq"]=1
2026-09-22T18:37:17.7695697Z + echo 9
2026-09-22T18:37:17.7695921Z + i=8
2026-09-22T18:37:17.7696191Z + for msi in /sys/class/net/*/device/msi_irqs/*
2026-09-22T18:37:17.7696564Z + [[ -e /sys/class/net/ens41/device/msi_irqs/116 ]]
2026-09-22T18:37:17.7696901Z + [[ 92 -gt 0 ]]
2026-09-22T18:37:17.7697148Z + irq=116
2026-09-22T18:37:17.7697378Z + NET_IRQS["$irq"]=1
2026-09-22T18:37:17.7697748Z + echo 10
2026-09-22T18:37:17.7697987Z + i=9
2026-09-22T18:37:17.7698258Z + for msi in /sys/class/net/*/device/msi_irqs/*
2026-09-22T18:37:17.7698640Z + [[ -e /sys/class/net/ens41/device/msi_irqs/117 ]]
2026-09-22T18:37:17.7698984Z + [[ 92 -gt 0 ]]
2026-09-22T18:37:17.7699242Z + irq=117
2026-09-22T18:37:17.7699485Z + NET_IRQS["$irq"]=1
2026-09-22T18:37:17.7699805Z + echo 11
2026-09-22T18:37:17.7700047Z + i=10
2026-09-22T18:37:17.7700366Z + for msi in /sys/class/net/*/device/msi_irqs/*
2026-09-22T18:37:17.7700743Z + [[ -e /sys/class/net/ens41/device/msi_irqs/118 ]]
2026-09-22T18:37:17.7701086Z + [[ 92 -gt 0 ]]
2026-09-22T18:37:17.7701350Z + irq=118
2026-09-22T18:37:17.7701587Z + NET_IRQS["$irq"]=1
2026-09-22T18:37:17.7701843Z + echo 12
2026-09-22T18:37:17.7702077Z + i=11
2026-09-22T18:37:17.7702351Z + for msi in /sys/class/net/*/device/msi_irqs/*
2026-09-22T18:37:17.7702733Z + [[ -e /sys/class/net/ens41/device/msi_irqs/119 ]]
2026-09-22T18:37:17.7703073Z + [[ 92 -gt 0 ]]
2026-09-22T18:37:17.7703327Z + irq=119
2026-09-22T18:37:17.7703559Z + NET_IRQS["$irq"]=1
2026-09-22T18:37:17.7703815Z + echo 13
2026-09-22T18:37:17.7704052Z + i=12
2026-09-22T18:37:17.7704321Z + for msi in /sys/class/net/*/device/msi_irqs/*
2026-09-22T18:37:17.7704699Z + [[ -e /sys/class/net/ens41/device/msi_irqs/120 ]]
2026-09-22T18:37:17.7705042Z + [[ 92 -gt 0 ]]
2026-09-22T18:37:17.7705289Z + irq=120
2026-09-22T18:37:17.7705524Z + NET_IRQS["$irq"]=1
2026-09-22T18:37:17.7705777Z + echo 14
2026-09-22T18:37:17.7706009Z + i=13
2026-09-22T18:37:17.7706273Z + for msi in /sys/class/net/*/device/msi_irqs/*
2026-09-22T18:37:17.7706652Z + [[ -e /sys/class/net/ens41/device/msi_irqs/121 ]]
2026-09-22T18:37:17.7707003Z + [[ 92 -gt 0 ]]
2026-09-22T18:37:17.7707246Z + irq=121
2026-09-22T18:37:17.7707477Z + NET_IRQS["$irq"]=1
2026-09-22T18:37:17.7707733Z + echo 15
2026-09-22T18:37:17.7707977Z + i=14
2026-09-22T18:37:17.7708242Z + for msi in /sys/class/net/*/device/msi_irqs/*
2026-09-22T18:37:17.7708614Z + [[ -e /sys/class/net/ens41/device/msi_irqs/122 ]]
2026-09-22T18:37:17.7708968Z + [[ 92 -gt 0 ]]
2026-09-22T18:37:17.7709212Z + irq=122
2026-09-22T18:37:17.7709445Z + NET_IRQS["$irq"]=1
2026-09-22T18:37:17.7709703Z + echo 16
2026-09-22T18:37:17.7709942Z + i=15
2026-09-22T18:37:17.7710259Z + for msi in /sys/class/net/*/device/msi_irqs/*
2026-09-22T18:37:17.7710644Z + [[ -e /sys/class/net/ens41/device/msi_irqs/123 ]]
2026-09-22T18:37:17.7710995Z + [[ 92 -gt 0 ]]
2026-09-22T18:37:17.7711240Z + irq=123
2026-09-22T18:37:17.7711472Z + NET_IRQS["$irq"]=1
2026-09-22T18:37:17.7711728Z + echo 17
2026-09-22T18:37:17.7711961Z + i=16
2026-09-22T18:37:17.7712229Z + for msi in /sys/class/net/*/device/msi_irqs/*
2026-09-22T18:37:17.7712613Z + [[ -e /sys/class/net/ens41/device/msi_irqs/124 ]]
2026-09-22T18:37:17.7712964Z + [[ 92 -gt 0 ]]
2026-09-22T18:37:17.7713208Z + irq=124
2026-09-22T18:37:17.7713441Z + NET_IRQS["$irq"]=1
2026-09-22T18:37:17.7713755Z + echo 18
2026-09-22T18:37:17.7713983Z + i=17
2026-09-22T18:37:17.7714269Z + for f in /proc/irq/[0-9]*/smp_affinity_list
2026-09-22T18:37:17.7714628Z + irq=0/smp_affinity_list
2026-09-22T18:37:17.7714914Z + irq=0
2026-09-22T18:37:17.7715148Z + [[ -n '' ]]
2026-09-22T18:37:17.7715403Z + echo 0,1,48,49
2026-09-22T18:37:17.7715653Z + true
2026-09-22T18:37:17.7715922Z + for f in /proc/irq/[0-9]*/smp_affinity_list
2026-09-22T18:37:17.7716275Z + irq=1/smp_affinity_list
2026-09-22T18:37:17.7716556Z + irq=1
2026-09-22T18:37:17.7716784Z + [[ -n '' ]]
2026-09-22T18:37:17.7717023Z + echo 0,1,48,49
2026-09-22T18:37:17.7717311Z + for f in /proc/irq/[0-9]*/smp_affinity_list
2026-09-22T18:37:17.7717653Z + irq=10/smp_affinity_list
2026-09-22T18:37:17.7717934Z + irq=10
2026-09-22T18:37:17.7718169Z + [[ -n '' ]]
2026-09-22T18:37:17.7718413Z + echo 0,1,48,49
2026-09-22T18:37:17.7718691Z + for f in /proc/irq/[0-9]*/smp_affinity_list
2026-09-22T18:37:17.7719032Z + irq=100/smp_affinity_list
2026-09-22T18:37:17.7719329Z + irq=100
2026-09-22T18:37:17.7719561Z + [[ -n '' ]]
2026-09-22T18:37:17.7719800Z + echo 0,1,48,49
2026-09-22T18:37:17.7720208Z + for f in /proc/irq/[0-9]*/smp_affinity_list
2026-09-22T18:37:17.7720552Z + irq=101/smp_affinity_list
2026-09-22T18:37:17.7720839Z + irq=101
2026-09-22T18:37:17.7721072Z + [[ -n '' ]]
2026-09-22T18:37:17.7721326Z + echo 0,1,48,49
2026-09-22T18:37:17.7721611Z + for f in /proc/irq/[0-9]*/smp_affinity_list
2026-09-22T18:37:17.7721953Z + irq=102/smp_affinity_list
2026-09-22T18:37:17.7722301Z + irq=102
2026-09-22T18:37:17.7722533Z + [[ -n '' ]]
2026-09-22T18:37:17.7722771Z + echo 0,1,48,49
2026-09-22T18:37:17.7723048Z + for f in /proc/irq/[0-9]*/smp_affinity_list
2026-09-22T18:37:17.7723395Z + irq=103/smp_affinity_list
2026-09-22T18:37:17.7723676Z + irq=103
2026-09-22T18:37:17.7723909Z + [[ -n '' ]]
2026-09-22T18:37:17.7724158Z + echo 0,1,48,49
2026-09-22T18:37:17.7724446Z + for f in /proc/irq/[0-9]*/smp_affinity_list
2026-09-22T18:37:17.7724783Z + irq=104/smp_affinity_list
2026-09-22T18:37:17.7725070Z + irq=104
2026-09-22T18:37:17.7725296Z + [[ -n '' ]]
2026-09-22T18:37:17.7725539Z + echo 0,1,48,49
2026-09-22T18:37:17.7725819Z + for f in /proc/irq/[0-9]*/smp_affinity_list
2026-09-22T18:37:17.7726167Z + irq=105/smp_affinity_list
2026-09-22T18:37:17.7726443Z + irq=105
2026-09-22T18:37:17.7726669Z + [[ -n '' ]]
2026-09-22T18:37:17.7726914Z + echo 0,1,48,49
2026-09-22T18:37:17.7727187Z + for f in /proc/irq/[0-9]*/smp_affinity_list
2026-09-22T18:37:17.7727528Z + irq=106/smp_affinity_list
2026-09-22T18:37:17.7727799Z + irq=106
2026-09-22T18:37:17.7728034Z + [[ -n '' ]]
2026-09-22T18:37:17.7728274Z + echo 0,1,48,49
2026-09-22T18:37:17.7728517Z + true
2026-09-22T18:37:17.7728782Z + for f in /proc/irq/[0-9]*/smp_affinity_list
2026-09-22T18:37:17.7729124Z + irq=107/smp_affinity_list
2026-09-22T18:37:17.7729395Z + irq=107
2026-09-22T18:37:17.7729622Z + [[ -n '' ]]
2026-09-22T18:37:17.7729868Z + echo 0,1,48,49
2026-09-22T18:37:17.7730139Z + true
2026-09-22T18:37:17.7730403Z + for f in /proc/irq/[0-9]*/smp_affinity_list
2026-09-22T18:37:17.7730743Z + irq=108/smp_affinity_list
2026-09-22T18:37:17.7731027Z + irq=108
2026-09-22T18:37:17.7731311Z + [[ -n 1 ]]
2026-09-22T18:37:17.7731603Z + continue
2026-09-22T18:37:17.7731886Z + for f in /proc/irq/[0-9]*/smp_affinity_list
2026-09-22T18:37:17.7732230Z + irq=109/smp_affinity_list
2026-09-22T18:37:17.7732510Z + irq=109
2026-09-22T18:37:17.7732753Z + [[ -n 1 ]]
2026-09-22T18:37:17.7732993Z + continue
2026-09-22T18:37:17.7733269Z + for f in /proc/irq/[0-9]*/smp_affinity_list
2026-09-22T18:37:17.7733611Z + irq=11/smp_affinity_list
2026-09-22T18:37:17.7733902Z + irq=11
2026-09-22T18:37:17.7734134Z + [[ -n '' ]]
2026-09-22T18:37:17.7734376Z + echo 0,1,48,49
2026-09-22T18:37:17.7734669Z + for f in /proc/irq/[0-9]*/smp_affinity_list
2026-09-22T18:37:17.7735009Z + irq=110/smp_affinity_list
2026-09-22T18:37:17.7735283Z + irq=110
2026-09-22T18:37:17.7735512Z + [[ -n 1 ]]
2026-09-22T18:37:17.7735761Z + continue
2026-09-22T18:37:17.7736025Z + for f in /proc/irq/[0-9]*/smp_affinity_list
2026-09-22T18:37:17.7736364Z + irq=111/smp_affinity_list
2026-09-22T18:37:17.7736647Z + irq=111
2026-09-22T18:37:17.7736879Z + [[ -n 1 ]]
2026-09-22T18:37:17.7737114Z + continue
2026-09-22T18:37:17.7737379Z + for f in /proc/irq/[0-9]*/smp_affinity_list
2026-09-22T18:37:17.7737719Z + irq=112/smp_affinity_list
2026-09-22T18:37:17.7737992Z + irq=112
2026-09-22T18:37:17.7738215Z + [[ -n 1 ]]
2026-09-22T18:37:17.7738457Z + continue
2026-09-22T18:37:17.7738725Z + for f in /proc/irq/[0-9]*/smp_affinity_list
2026-09-22T18:37:17.7739058Z + irq=113/smp_affinity_list
2026-09-22T18:37:17.7739332Z + irq=113
2026-09-22T18:37:17.7739563Z + [[ -n 1 ]]
2026-09-22T18:37:17.7739799Z + continue
2026-09-22T18:37:17.7740107Z + for f in /proc/irq/[0-9]*/smp_affinity_list
2026-09-22T18:37:17.7740451Z + irq=114/smp_affinity_list
2026-09-22T18:37:17.7740724Z + irq=114
2026-09-22T18:37:17.7740952Z + [[ -n 1 ]]
2026-09-22T18:37:17.7741189Z + continue
2026-09-22T18:37:17.7741460Z + for f in /proc/irq/[0-9]*/smp_affinity_list
2026-09-22T18:37:17.7741796Z + irq=115/smp_affinity_list
2026-09-22T18:37:17.7742071Z + irq=115
2026-09-22T18:37:17.7742389Z + [[ -n 1 ]]
2026-09-22T18:37:17.7742626Z + continue
2026-09-22T18:37:17.7742895Z + for f in /proc/irq/[0-9]*/smp_affinity_list
2026-09-22T18:37:17.7743231Z + irq=116/smp_affinity_list
2026-09-22T18:37:17.7743524Z + irq=116
2026-09-22T18:37:17.7743756Z + [[ -n 1 ]]
2026-09-22T18:37:17.7743991Z + continue
2026-09-22T18:37:17.7744327Z + for f in /proc/irq/[0-9]*/smp_affinity_list
2026-09-22T18:37:17.7744663Z + irq=117/smp_affinity_list
2026-09-22T18:37:17.7744939Z + irq=117
2026-09-22T18:37:17.7745164Z + [[ -n 1 ]]
2026-09-22T18:37:17.7745410Z + continue
2026-09-22T18:37:17.7745671Z + for f in /proc/irq/[0-9]*/smp_affinity_list
2026-09-22T18:37:17.7746005Z + irq=118/smp_affinity_list
2026-09-22T18:37:17.7746294Z + irq=118
2026-09-22T18:37:17.7746520Z + [[ -n 1 ]]
2026-09-22T18:37:17.7746628Z + continue
2026-09-22T18:37:17.7746761Z + for f in /proc/irq/[0-9]*/smp_affinity_list
2026-09-22T18:37:17.7746881Z + irq=119/smp_affinity_list
2026-09-22T18:37:17.7746985Z + irq=119
2026-09-22T18:37:17.7747088Z + [[ -n 1 ]]
2026-09-22T18:37:17.7747194Z + continue
2026-09-22T18:37:17.7747336Z + for f in /proc/irq/[0-9]*/smp_affinity_list
2026-09-22T18:37:17.7747448Z + irq=12/smp_affinity_list
2026-09-22T18:37:17.7747553Z + irq=12
2026-09-22T18:37:17.7747661Z + [[ -n '' ]]
2026-09-22T18:37:17.7747764Z + echo 0,1,48,49
2026-09-22T18:37:17.7747906Z + for f in /proc/irq/[0-9]*/smp_affinity_list
2026-09-22T18:37:17.7748016Z + irq=120/smp_affinity_list
2026-09-22T18:37:17.7748122Z + irq=120
2026-09-22T18:37:17.7748341Z + [[ -n 1 ]]
2026-09-22T18:37:17.7748436Z + continue
2026-09-22T18:37:17.7748574Z + for f in /proc/irq/[0-9]*/smp_affinity_list
2026-09-22T18:37:17.7748691Z + irq=121/smp_affinity_list
2026-09-22T18:37:17.7748785Z + irq=121
2026-09-22T18:37:17.7748890Z + [[ -n 1 ]]
2026-09-22T18:37:17.7748994Z + continue
2026-09-22T18:37:17.7749120Z + for f in /proc/irq/[0-9]*/smp_affinity_list
2026-09-22T18:37:17.7749237Z + irq=122/smp_affinity_list
2026-09-22T18:37:17.7749339Z + irq=122
2026-09-22T18:37:17.7749442Z + [[ -n 1 ]]
2026-09-22T18:37:17.7749549Z + continue
2026-09-22T18:37:17.7749687Z + for f in /proc/irq/[0-9]*/smp_affinity_list
2026-09-22T18:37:17.7749797Z + irq=123/smp_affinity_list
2026-09-22T18:37:17.7749906Z + irq=123
2026-09-22T18:37:17.7750011Z + [[ -n 1 ]]
2026-09-22T18:37:17.7750152Z + continue
2026-09-22T18:37:17.7750324Z + for f in /proc/irq/[0-9]*/smp_affinity_list
2026-09-22T18:37:17.7750478Z + irq=124/smp_affinity_list
2026-09-22T18:37:17.7750578Z + irq=124
2026-09-22T18:37:17.7750686Z + [[ -n 1 ]]
2026-09-22T18:37:17.7750793Z + continue
2026-09-22T18:37:17.7750923Z + for f in /proc/irq/[0-9]*/smp_affinity_list
2026-09-22T18:37:17.7751048Z + irq=125/smp_affinity_list
2026-09-22T18:37:17.7751155Z + irq=125
2026-09-22T18:37:17.7751258Z + [[ -n '' ]]
2026-09-22T18:37:17.7751371Z + echo 0,1,48,49
2026-09-22T18:37:17.7751512Z + for f in /proc/irq/[0-9]*/smp_affinity_list
2026-09-22T18:37:17.7751626Z + irq=13/smp_affinity_list
2026-09-22T18:37:17.7751735Z + irq=13
2026-09-22T18:37:17.7751841Z + [[ -n '' ]]
2026-09-22T18:37:17.7751948Z + echo 0,1,48,49
2026-09-22T18:37:17.7752089Z + for f in /proc/irq/[0-9]*/smp_affinity_list
2026-09-22T18:37:17.7752208Z + irq=133/smp_affinity_list
2026-09-22T18:37:17.7752306Z + irq=133
2026-09-22T18:37:17.7752414Z + [[ -n '' ]]
2026-09-22T18:37:17.7752512Z + echo 0,1,48,49
2026-09-22T18:37:17.7752651Z + for f in /proc/irq/[0-9]*/smp_affinity_list
2026-09-22T18:37:17.7752774Z + irq=14/smp_affinity_list
2026-09-22T18:37:17.7752873Z + irq=14
2026-09-22T18:37:17.7752984Z + [[ -n '' ]]
2026-09-22T18:37:17.7753089Z + echo 0,1,48,49
2026-09-22T18:37:17.7753217Z + for f in /proc/irq/[0-9]*/smp_affinity_list
2026-09-22T18:37:17.7753335Z + irq=15/smp_affinity_list
2026-09-22T18:37:17.7753439Z + irq=15
2026-09-22T18:37:17.7753536Z + [[ -n '' ]]
2026-09-22T18:37:17.7753647Z + echo 0,1,48,49
2026-09-22T18:37:17.7753784Z + for f in /proc/irq/[0-9]*/smp_affinity_list
2026-09-22T18:37:17.7753893Z + irq=16/smp_affinity_list
2026-09-22T18:37:17.7753999Z + irq=16
2026-09-22T18:37:17.7754164Z + [[ -n '' ]]
2026-09-22T18:37:17.7754266Z + echo 0,1,48,49
2026-09-22T18:37:17.7754406Z + for f in /proc/irq/[0-9]*/smp_affinity_list
2026-09-22T18:37:17.7754526Z + irq=2/smp_affinity_list
2026-09-22T18:37:17.7754626Z + irq=2
2026-09-22T18:37:17.7754736Z + [[ -n '' ]]
2026-09-22T18:37:17.7754843Z + echo 0,1,48,49
2026-09-22T18:37:17.7754938Z + true
2026-09-22T18:37:17.7755133Z + for f in /proc/irq/[0-9]*/smp_affinity_list
2026-09-22T18:37:17.7755256Z + irq=24/smp_affinity_list
2026-09-22T18:37:17.7755355Z + irq=24
2026-09-22T18:37:17.7755463Z + [[ -n '' ]]
2026-09-22T18:37:17.7755570Z + echo 0,1,48,49
2026-09-22T18:37:17.7755702Z + for f in /proc/irq/[0-9]*/smp_affinity_list
2026-09-22T18:37:17.7755819Z + irq=25/smp_affinity_list
2026-09-22T18:37:17.7755924Z + irq=25
2026-09-22T18:37:17.7756021Z + [[ -n '' ]]
2026-09-22T18:37:17.7756127Z + echo 0,1,48,49
2026-09-22T18:37:17.7756263Z + for f in /proc/irq/[0-9]*/smp_affinity_list
2026-09-22T18:37:17.7756373Z + irq=26/smp_affinity_list
2026-09-22T18:37:17.7756478Z + irq=26
2026-09-22T18:37:17.7756577Z + [[ -n '' ]]
2026-09-22T18:37:17.7756683Z + echo 0,1,48,49
2026-09-22T18:37:17.7756821Z + for f in /proc/irq/[0-9]*/smp_affinity_list
2026-09-22T18:37:17.7756927Z + irq=27/smp_affinity_list
2026-09-22T18:37:17.7757036Z + irq=27
2026-09-22T18:37:17.7757141Z + [[ -n '' ]]
2026-09-22T18:37:17.7757241Z + echo 0,1,48,49
2026-09-22T18:37:17.7757381Z + for f in /proc/irq/[0-9]*/smp_affinity_list
2026-09-22T18:37:17.7757497Z + irq=28/smp_affinity_list
2026-09-22T18:37:17.7757594Z + irq=28
2026-09-22T18:37:17.7757702Z + [[ -n '' ]]
2026-09-22T18:37:17.7757806Z + echo 0,1,48,49
2026-09-22T18:37:17.7757937Z + for f in /proc/irq/[0-9]*/smp_affinity_list
2026-09-22T18:37:17.7758051Z + irq=29/smp_affinity_list
2026-09-22T18:37:17.7758154Z + irq=29
2026-09-22T18:37:17.7758252Z + [[ -n '' ]]
2026-09-22T18:37:17.7758359Z + echo 0,1,48,49
2026-09-22T18:37:17.7758493Z + for f in /proc/irq/[0-9]*/smp_affinity_list
2026-09-22T18:37:17.7758605Z + irq=3/smp_affinity_list
2026-09-22T18:37:17.7758715Z + irq=3
2026-09-22T18:37:17.7758823Z + [[ -n '' ]]
2026-09-22T18:37:17.7758922Z + echo 0,1,48,49
2026-09-22T18:37:17.7759061Z + for f in /proc/irq/[0-9]*/smp_affinity_list
2026-09-22T18:37:17.7759178Z + irq=30/smp_affinity_list
2026-09-22T18:37:17.7759275Z + irq=30
2026-09-22T18:37:17.7759380Z + [[ -n '' ]]
2026-09-22T18:37:17.7759487Z + echo 0,1,48,49
2026-09-22T18:37:17.7759623Z + for f in /proc/irq/[0-9]*/smp_affinity_list
2026-09-22T18:37:17.7759741Z + irq=31/smp_affinity_list
2026-09-22T18:37:17.7759847Z + irq=31
2026-09-22T18:37:17.7759946Z + [[ -n '' ]]
2026-09-22T18:37:17.7760052Z + echo 0,1,48,49
2026-09-22T18:37:17.7760220Z + for f in /proc/irq/[0-9]*/smp_affinity_list
2026-09-22T18:37:17.7760331Z + irq=32/smp_affinity_list
2026-09-22T18:37:17.7760436Z + irq=32
2026-09-22T18:37:17.7760533Z + [[ -n '' ]]
2026-09-22T18:37:17.7760642Z + echo 0,1,48,49
2026-09-22T18:37:17.7760778Z + for f in /proc/irq/[0-9]*/smp_affinity_list
2026-09-22T18:37:17.7760889Z + irq=33/smp_affinity_list
2026-09-22T18:37:17.7761001Z + irq=33
2026-09-22T18:37:17.7761105Z + [[ -n '' ]]
2026-09-22T18:37:17.7761203Z + echo 0,1,48,49
2026-09-22T18:37:17.7761339Z + for f in /proc/irq/[0-9]*/smp_affinity_list
2026-09-22T18:37:17.7761459Z + irq=34/smp_affinity_list
2026-09-22T18:37:17.7761553Z + irq=34
2026-09-22T18:37:17.7761660Z + [[ -n '' ]]
2026-09-22T18:37:17.7761766Z + echo 0,1,48,49
2026-09-22T18:37:17.7761906Z + for f in /proc/irq/[0-9]*/smp_affinity_list
2026-09-22T18:37:17.7762030Z + irq=35/smp_affinity_list
2026-09-22T18:37:17.7762138Z + irq=35
2026-09-22T18:37:17.7762235Z + [[ -n '' ]]
2026-09-22T18:37:17.7762345Z + echo 0,1,48,49
2026-09-22T18:37:17.7762480Z + for f in /proc/irq/[0-9]*/smp_affinity_list
2026-09-22T18:37:17.7762589Z + irq=36/smp_affinity_list
2026-09-22T18:37:17.7762694Z + irq=36
2026-09-22T18:37:17.7762798Z + [[ -n '' ]]
2026-09-22T18:37:17.7762896Z + echo 0,1,48,49
2026-09-22T18:37:17.7763033Z + for f in /proc/irq/[0-9]*/smp_affinity_list
2026-09-22T18:37:17.7763151Z + irq=37/smp_affinity_list
2026-09-22T18:37:17.7763303Z + irq=37
2026-09-22T18:37:17.7763409Z + [[ -n '' ]]
2026-09-22T18:37:17.7763518Z + echo 0,1,48,49
2026-09-22T18:37:17.7763651Z + for f in /proc/irq/[0-9]*/smp_affinity_list
2026-09-22T18:37:17.7763769Z + irq=38/smp_affinity_list
2026-09-22T18:37:17.7763873Z + irq=38
2026-09-22T18:37:17.7763969Z + [[ -n '' ]]
2026-09-22T18:37:17.7764074Z + echo 0,1,48,49
2026-09-22T18:37:17.7764264Z + for f in /proc/irq/[0-9]*/smp_affinity_list
2026-09-22T18:37:17.7764376Z + irq=39/smp_affinity_list
2026-09-22T18:37:17.7764480Z + irq=39
2026-09-22T18:37:17.7764579Z + [[ -n '' ]]
2026-09-22T18:37:17.7764688Z + echo 0,1,48,49
2026-09-22T18:37:17.7764831Z + for f in /proc/irq/[0-9]*/smp_affinity_list
2026-09-22T18:37:17.7764940Z + irq=4/smp_affinity_list
2026-09-22T18:37:17.7765047Z + irq=4
2026-09-22T18:37:17.7765151Z + [[ -n '' ]]
2026-09-22T18:37:17.7765249Z + echo 0,1,48,49
2026-09-22T18:37:17.7765385Z + for f in /proc/irq/[0-9]*/smp_affinity_list
2026-09-22T18:37:17.7765500Z + irq=40/smp_affinity_list
2026-09-22T18:37:17.7765600Z + irq=40
2026-09-22T18:37:17.7765707Z + [[ -n '' ]]
2026-09-22T18:37:17.7765811Z + echo 0,1,48,49
2026-09-22T18:37:17.7765941Z + for f in /proc/irq/[0-9]*/smp_affinity_list
2026-09-22T18:37:17.7766059Z + irq=41/smp_affinity_list
2026-09-22T18:37:17.7766161Z + irq=41
2026-09-22T18:37:17.7766257Z + [[ -n '' ]]
2026-09-22T18:37:17.7766364Z + echo 0,1,48,49
2026-09-22T18:37:17.7766503Z + for f in /proc/irq/[0-9]*/smp_affinity_list
2026-09-22T18:37:17.7766610Z + irq=42/smp_affinity_list
2026-09-22T18:37:17.7766716Z + irq=42
2026-09-22T18:37:17.7766819Z + [[ -n '' ]]
2026-09-22T18:37:17.7766917Z + echo 0,1,48,49
2026-09-22T18:37:17.7767052Z + for f in /proc/irq/[0-9]*/smp_affinity_list
2026-09-22T18:37:17.7767169Z + irq=43/smp_affinity_list
2026-09-22T18:37:17.7767265Z + irq=43
2026-09-22T18:37:17.7767368Z + [[ -n '' ]]
2026-09-22T18:37:17.7767476Z + echo 0,1,48,49
2026-09-22T18:37:17.7767606Z + for f in /proc/irq/[0-9]*/smp_affinity_list
2026-09-22T18:37:17.7767721Z + irq=44/smp_affinity_list
2026-09-22T18:37:17.7767829Z + irq=44
2026-09-22T18:37:17.7767927Z + [[ -n '' ]]
2026-09-22T18:37:17.7768032Z + echo 0,1,48,49
2026-09-22T18:37:17.7768169Z + for f in /proc/irq/[0-9]*/smp_affinity_list
2026-09-22T18:37:17.7768278Z + irq=45/smp_affinity_list
2026-09-22T18:37:17.7768381Z + irq=45
2026-09-22T18:37:17.7768478Z + [[ -n '' ]]
2026-09-22T18:37:17.7768589Z + echo 0,1,48,49
2026-09-22T18:37:17.7768727Z + for f in /proc/irq/[0-9]*/smp_affinity_list
2026-09-22T18:37:17.7768836Z + irq=46/smp_affinity_list
2026-09-22T18:37:17.7768941Z + irq=46
2026-09-22T18:37:17.7769046Z + [[ -n '' ]]
2026-09-22T18:37:17.7769144Z + echo 0,1,48,49
2026-09-22T18:37:17.7769284Z + for f in /proc/irq/[0-9]*/smp_affinity_list
2026-09-22T18:37:17.7769402Z + irq=47/smp_affinity_list
2026-09-22T18:37:17.7769497Z + irq=47
2026-09-22T18:37:17.7769603Z + [[ -n '' ]]
2026-09-22T18:37:17.7769712Z + echo 0,1,48,49
2026-09-22T18:37:17.7769841Z + for f in /proc/irq/[0-9]*/smp_affinity_list
2026-09-22T18:37:17.7769959Z + irq=48/smp_affinity_list
2026-09-22T18:37:17.7770096Z + irq=48
2026-09-22T18:37:17.7770196Z + [[ -n '' ]]
2026-09-22T18:37:17.7770301Z + echo 0,1,48,49
2026-09-22T18:37:17.7770438Z + for f in /proc/irq/[0-9]*/smp_affinity_list
2026-09-22T18:37:17.7770551Z + irq=49/smp_affinity_list
2026-09-22T18:37:17.7770654Z + irq=49
2026-09-22T18:37:17.7770757Z + [[ -n '' ]]
2026-09-22T18:37:17.7770859Z + echo 0,1,48,49
2026-09-22T18:37:17.7770996Z + for f in /proc/irq/[0-9]*/smp_affinity_list
2026-09-22T18:37:17.7771113Z + irq=5/smp_affinity_list
2026-09-22T18:37:17.7771211Z + irq=5
2026-09-22T18:37:17.7771318Z + [[ -n '' ]]
2026-09-22T18:37:17.7771425Z + echo 0,1,48,49
2026-09-22T18:37:17.7771556Z + for f in /proc/irq/[0-9]*/smp_affinity_list
2026-09-22T18:37:17.7771676Z + irq=50/smp_affinity_list
2026-09-22T18:37:17.7771779Z + irq=50
2026-09-22T18:37:17.7771876Z + [[ -n '' ]]
2026-09-22T18:37:17.7771982Z + echo 0,1,48,49
2026-09-22T18:37:17.7772118Z + for f in /proc/irq/[0-9]*/smp_affinity_list
2026-09-22T18:37:17.7772282Z + irq=51/smp_affinity_list
2026-09-22T18:37:17.7772385Z + irq=51
2026-09-22T18:37:17.7772483Z + [[ -n '' ]]
2026-09-22T18:37:17.7772591Z + echo 0,1,48,49
2026-09-22T18:37:17.7772728Z + for f in /proc/irq/[0-9]*/smp_affinity_list
2026-09-22T18:37:17.7772839Z + irq=52/smp_affinity_list
2026-09-22T18:37:17.7772944Z + irq=52
2026-09-22T18:37:17.7773050Z + [[ -n '' ]]
2026-09-22T18:37:17.7773216Z + echo 0,1,48,49
2026-09-22T18:37:17.7773360Z + for f in /proc/irq/[0-9]*/smp_affinity_list
2026-09-22T18:37:17.7773481Z + irq=53/smp_affinity_list
2026-09-22T18:37:17.7773580Z + irq=53
2026-09-22T18:37:17.7773687Z + [[ -n '' ]]
2026-09-22T18:37:17.7773793Z + echo 0,1,48,49
2026-09-22T18:37:17.7773922Z + for f in /proc/irq/[0-9]*/smp_affinity_list
2026-09-22T18:37:17.7774040Z + irq=54/smp_affinity_list
2026-09-22T18:37:17.7774141Z + irq=54
2026-09-22T18:37:17.7774239Z + [[ -n '' ]]
2026-09-22T18:37:17.7774344Z + echo 0,1,48,49
2026-09-22T18:37:17.7774482Z + for f in /proc/irq/[0-9]*/smp_affinity_list
2026-09-22T18:37:17.7774597Z + irq=55/smp_affinity_list
2026-09-22T18:37:17.7774700Z + irq=55
2026-09-22T18:37:17.7774804Z + [[ -n '' ]]
2026-09-22T18:37:17.7774903Z + echo 0,1,48,49
2026-09-22T18:37:17.7775044Z + for f in /proc/irq/[0-9]*/smp_affinity_list
2026-09-22T18:37:17.7775162Z + irq=56/smp_affinity_list
2026-09-22T18:37:17.7775256Z + irq=56
2026-09-22T18:37:17.7775359Z + [[ -n '' ]]
2026-09-22T18:37:17.7775470Z + echo 0,1,48,49
2026-09-22T18:37:17.7775601Z + for f in /proc/irq/[0-9]*/smp_affinity_list
2026-09-22T18:37:17.7775718Z + irq=57/smp_affinity_list
2026-09-22T18:37:17.7775821Z + irq=57
2026-09-22T18:37:17.7775918Z + [[ -n '' ]]
2026-09-22T18:37:17.7776024Z + echo 0,1,48,49
2026-09-22T18:37:17.7776161Z + for f in /proc/irq/[0-9]*/smp_affinity_list
2026-09-22T18:37:17.7776270Z + irq=58/smp_affinity_list
2026-09-22T18:37:17.7776374Z + irq=58
2026-09-22T18:37:17.7776469Z + [[ -n '' ]]
2026-09-22T18:37:17.7776576Z + echo 0,1,48,49
2026-09-22T18:37:17.7776713Z + for f in /proc/irq/[0-9]*/smp_affinity_list
2026-09-22T18:37:17.7776826Z + irq=59/smp_affinity_list
2026-09-22T18:37:17.7776930Z + irq=59
2026-09-22T18:37:17.7777036Z + [[ -n '' ]]
2026-09-22T18:37:17.7777135Z + echo 0,1,48,49
2026-09-22T18:37:17.7777275Z + for f in /proc/irq/[0-9]*/smp_affinity_list
2026-09-22T18:37:17.7777393Z + irq=6/smp_affinity_list
2026-09-22T18:37:17.7777490Z + irq=6
2026-09-22T18:37:17.7777597Z + [[ -n '' ]]
2026-09-22T18:37:17.7777708Z + echo 0,1,48,49
2026-09-22T18:37:17.7777841Z + for f in /proc/irq/[0-9]*/smp_affinity_list
2026-09-22T18:37:17.7777959Z + irq=60/smp_affinity_list
2026-09-22T18:37:17.7778062Z + irq=60
2026-09-22T18:37:17.7778160Z + [[ -n '' ]]
2026-09-22T18:37:17.7778266Z + echo 0,1,48,49
2026-09-22T18:37:17.7778403Z + for f in /proc/irq/[0-9]*/smp_affinity_list
2026-09-22T18:37:17.7778510Z + irq=61/smp_affinity_list
2026-09-22T18:37:17.7778614Z + irq=61
2026-09-22T18:37:17.7778719Z + [[ -n '' ]]
2026-09-22T18:37:17.7778816Z + echo 0,1,48,49
2026-09-22T18:37:17.7778953Z + for f in /proc/irq/[0-9]*/smp_affinity_list
2026-09-22T18:37:17.7779073Z + irq=62/smp_affinity_list
2026-09-22T18:37:17.7779169Z + irq=62
2026-09-22T18:37:17.7779273Z + [[ -n '' ]]
2026-09-22T18:37:17.7779378Z + echo 0,1,48,49
2026-09-22T18:37:17.7779509Z + for f in /proc/irq/[0-9]*/smp_affinity_list
2026-09-22T18:37:17.7779639Z + irq=63/smp_affinity_list
2026-09-22T18:37:17.7779760Z + irq=63
2026-09-22T18:37:17.7779859Z + [[ -n '' ]]
2026-09-22T18:37:17.7779971Z + echo 0,1,48,49
2026-09-22T18:37:17.7780143Z + for f in /proc/irq/[0-9]*/smp_affinity_list
2026-09-22T18:37:17.7780255Z + irq=64/smp_affinity_list
2026-09-22T18:37:17.7780358Z + irq=64
2026-09-22T18:37:17.7780457Z + [[ -n '' ]]
2026-09-22T18:37:17.7780565Z + echo 0,1,48,49
2026-09-22T18:37:17.7780706Z + for f in /proc/irq/[0-9]*/smp_affinity_list
2026-09-22T18:37:17.7780814Z + irq=65/smp_affinity_list
2026-09-22T18:37:17.7780920Z + irq=65
2026-09-22T18:37:17.7781025Z + [[ -n '' ]]
2026-09-22T18:37:17.7781127Z + echo 0,1,48,49
2026-09-22T18:37:17.7781264Z + for f in /proc/irq/[0-9]*/smp_affinity_list
2026-09-22T18:37:17.7781472Z + irq=66/smp_affinity_list
2026-09-22T18:37:17.7781568Z + irq=66
2026-09-22T18:37:17.7781676Z + [[ -n '' ]]
2026-09-22T18:37:17.7781782Z + echo 0,1,48,49
2026-09-22T18:37:17.7781911Z + for f in /proc/irq/[0-9]*/smp_affinity_list
2026-09-22T18:37:17.7782028Z + irq=67/smp_affinity_list
2026-09-22T18:37:17.7782130Z + irq=67
2026-09-22T18:37:17.7782278Z + [[ -n '' ]]
2026-09-22T18:37:17.7782388Z + echo 0,1,48,49
2026-09-22T18:37:17.7782528Z + for f in /proc/irq/[0-9]*/smp_affinity_list
2026-09-22T18:37:17.7782637Z + irq=68/smp_affinity_list
2026-09-22T18:37:17.7782742Z + irq=68
2026-09-22T18:37:17.7782849Z + [[ -n '' ]]
2026-09-22T18:37:17.7782950Z + echo 0,1,48,49
2026-09-22T18:37:17.7783089Z + for f in /proc/irq/[0-9]*/smp_affinity_list
2026-09-22T18:37:17.7783206Z + irq=69/smp_affinity_list
2026-09-22T18:37:17.7783301Z + irq=69
2026-09-22T18:37:17.7783406Z + [[ -n '' ]]
2026-09-22T18:37:17.7783515Z + echo 0,1,48,49
2026-09-22T18:37:17.7783645Z + for f in /proc/irq/[0-9]*/smp_affinity_list
2026-09-22T18:37:17.7783765Z + irq=7/smp_affinity_list
2026-09-22T18:37:17.7783869Z + irq=7
2026-09-22T18:37:17.7783965Z + [[ -n '' ]]
2026-09-22T18:37:17.7784071Z + echo 0,1,48,49
2026-09-22T18:37:17.7784207Z + for f in /proc/irq/[0-9]*/smp_affinity_list
2026-09-22T18:37:17.7784314Z + irq=70/smp_affinity_list
2026-09-22T18:37:17.7784416Z + irq=70
2026-09-22T18:37:17.7784516Z + [[ -n '' ]]
2026-09-22T18:37:17.7784625Z + echo 0,1,48,49
2026-09-22T18:37:17.7784761Z + for f in /proc/irq/[0-9]*/smp_affinity_list
2026-09-22T18:37:17.7784869Z + irq=71/smp_affinity_list
2026-09-22T18:37:17.7784973Z + irq=71
2026-09-22T18:37:17.7785078Z + [[ -n '' ]]
2026-09-22T18:37:17.7785178Z + echo 0,1,48,49
2026-09-22T18:37:17.7785314Z + for f in /proc/irq/[0-9]*/smp_affinity_list
2026-09-22T18:37:17.7785430Z + irq=72/smp_affinity_list
2026-09-22T18:37:17.7785525Z + irq=72
2026-09-22T18:37:17.7785632Z + [[ -n '' ]]
2026-09-22T18:37:17.7785736Z + echo 0,1,48,49
2026-09-22T18:37:17.7785865Z + for f in /proc/irq/[0-9]*/smp_affinity_list
2026-09-22T18:37:17.7785984Z + irq=73/smp_affinity_list
2026-09-22T18:37:17.7786085Z + irq=73
2026-09-22T18:37:17.7786181Z + [[ -n '' ]]
2026-09-22T18:37:17.7786290Z + echo 0,1,48,49
2026-09-22T18:37:17.7786428Z + for f in /proc/irq/[0-9]*/smp_affinity_list
2026-09-22T18:37:17.7786535Z + irq=74/smp_affinity_list
2026-09-22T18:37:17.7786639Z + irq=74
2026-09-22T18:37:17.7786748Z + [[ -n '' ]]
2026-09-22T18:37:17.7786849Z + echo 0,1,48,49
2026-09-22T18:37:17.7786985Z + for f in /proc/irq/[0-9]*/smp_affinity_list
2026-09-22T18:37:17.7787103Z + irq=75/smp_affinity_list
2026-09-22T18:37:17.7787199Z + irq=75
2026-09-22T18:37:17.7787303Z + [[ -n '' ]]
2026-09-22T18:37:17.7787408Z + echo 0,1,48,49
2026-09-22T18:37:17.7787539Z + for f in /proc/irq/[0-9]*/smp_affinity_list
2026-09-22T18:37:17.7787654Z + irq=76/smp_affinity_list
2026-09-22T18:37:17.7787757Z + irq=76
2026-09-22T18:37:17.7787854Z + [[ -n '' ]]
2026-09-22T18:37:17.7787961Z + echo 0,1,48,49
2026-09-22T18:37:17.7788100Z + for f in /proc/irq/[0-9]*/smp_affinity_list
2026-09-22T18:37:17.7788214Z + irq=77/smp_affinity_list
2026-09-22T18:37:17.7788318Z + irq=77
2026-09-22T18:37:17.7788415Z + [[ -n '' ]]
2026-09-22T18:37:17.7788521Z + echo 0,1,48,49
2026-09-22T18:37:17.7788657Z + for f in /proc/irq/[0-9]*/smp_affinity_list
2026-09-22T18:37:17.7788764Z + irq=78/smp_affinity_list
2026-09-22T18:37:17.7788869Z + irq=78
2026-09-22T18:37:17.7788976Z + [[ -n '' ]]
2026-09-22T18:37:17.7789075Z + echo 0,1,48,49
2026-09-22T18:37:17.7789213Z + for f in /proc/irq/[0-9]*/smp_affinity_list
2026-09-22T18:37:17.7789328Z + irq=79/smp_affinity_list
2026-09-22T18:37:17.7789423Z + irq=79
2026-09-22T18:37:17.7789530Z + [[ -n '' ]]
2026-09-22T18:37:17.7789638Z + echo 0,1,48,49
2026-09-22T18:37:17.7789769Z + for f in /proc/irq/[0-9]*/smp_affinity_list
2026-09-22T18:37:17.7789887Z + irq=8/smp_affinity_list
2026-09-22T18:37:17.7789990Z + irq=8
2026-09-22T18:37:17.7790115Z + [[ -n '' ]]
2026-09-22T18:37:17.7790225Z + echo 0,1,48,49
2026-09-22T18:37:17.7790360Z + for f in /proc/irq/[0-9]*/smp_affinity_list
2026-09-22T18:37:17.7790527Z + irq=80/smp_affinity_list
2026-09-22T18:37:17.7790633Z + irq=80
2026-09-22T18:37:17.7790739Z + [[ -n '' ]]
2026-09-22T18:37:17.7790837Z + echo 0,1,48,49
2026-09-22T18:37:17.7790975Z + for f in /proc/irq/[0-9]*/smp_affinity_list
2026-09-22T18:37:17.7791091Z + irq=81/smp_affinity_list
2026-09-22T18:37:17.7791188Z + irq=81
2026-09-22T18:37:17.7791344Z + [[ -n '' ]]
2026-09-22T18:37:17.7791456Z + echo 0,1,48,49
2026-09-22T18:37:17.7791587Z + for f in /proc/irq/[0-9]*/smp_affinity_list
2026-09-22T18:37:17.7791704Z + irq=82/smp_affinity_list
2026-09-22T18:37:17.7791807Z + irq=82
2026-09-22T18:37:17.7791903Z + [[ -n '' ]]
2026-09-22T18:37:17.7792010Z + echo 0,1,48,49
2026-09-22T18:37:17.7792144Z + for f in /proc/irq/[0-9]*/smp_affinity_list
2026-09-22T18:37:17.7792251Z + irq=83/smp_affinity_list
2026-09-22T18:37:17.7792355Z + irq=83
2026-09-22T18:37:17.7792451Z + [[ -n '' ]]
2026-09-22T18:37:17.7792557Z + echo 0,1,48,49
2026-09-22T18:37:17.7792691Z + for f in /proc/irq/[0-9]*/smp_affinity_list
2026-09-22T18:37:17.7792804Z + irq=84/smp_affinity_list
2026-09-22T18:37:17.7792908Z + irq=84
2026-09-22T18:37:17.7793013Z + [[ -n '' ]]
2026-09-22T18:37:17.7793111Z + echo 0,1,48,49
2026-09-22T18:37:17.7793249Z + for f in /proc/irq/[0-9]*/smp_affinity_list
2026-09-22T18:37:17.7793364Z + irq=85/smp_affinity_list
2026-09-22T18:37:17.7793458Z + irq=85
2026-09-22T18:37:17.7793565Z + [[ -n '' ]]
2026-09-22T18:37:17.7793671Z + echo 0,1,48,49
2026-09-22T18:37:17.7793798Z + for f in /proc/irq/[0-9]*/smp_affinity_list
2026-09-22T18:37:17.7793915Z + irq=86/smp_affinity_list
2026-09-22T18:37:17.7794019Z + irq=86
2026-09-22T18:37:17.7794115Z + [[ -n '' ]]
2026-09-22T18:37:17.7794226Z + echo 0,1,48,49
2026-09-22T18:37:17.7794361Z + for f in /proc/irq/[0-9]*/smp_affinity_list
2026-09-22T18:37:17.7794467Z + irq=87/smp_affinity_list
2026-09-22T18:37:17.7794572Z + irq=87
2026-09-22T18:37:17.7794680Z + [[ -n '' ]]
2026-09-22T18:37:17.7794779Z + echo 0,1,48,49
2026-09-22T18:37:17.7794923Z + for f in /proc/irq/[0-9]*/smp_affinity_list
2026-09-22T18:37:17.7795039Z + irq=88/smp_affinity_list
2026-09-22T18:37:17.7795135Z + irq=88
2026-09-22T18:37:17.7795242Z + [[ -n '' ]]
2026-09-22T18:37:17.7795348Z + echo 0,1,48,49
2026-09-22T18:37:17.7795476Z + for f in /proc/irq/[0-9]*/smp_affinity_list
2026-09-22T18:37:17.7795591Z + irq=89/smp_affinity_list
2026-09-22T18:37:17.7795701Z + irq=89
2026-09-22T18:37:17.7795800Z + [[ -n '' ]]
2026-09-22T18:37:17.7795907Z + echo 0,1,48,49
2026-09-22T18:37:17.7796044Z + for f in /proc/irq/[0-9]*/smp_affinity_list
2026-09-22T18:37:17.7796153Z + irq=9/smp_affinity_list
2026-09-22T18:37:17.7796259Z + irq=9
2026-09-22T18:37:17.7796355Z + [[ -n '' ]]
2026-09-22T18:37:17.7796461Z + echo 0,1,48,49
2026-09-22T18:37:17.7796598Z + for f in /proc/irq/[0-9]*/smp_affinity_list
2026-09-22T18:37:17.7796705Z + irq=90/smp_affinity_list
2026-09-22T18:37:17.7796810Z + irq=90
2026-09-22T18:37:17.7796916Z + [[ -n '' ]]
2026-09-22T18:37:17.7797014Z + echo 0,1,48,49
2026-09-22T18:37:17.7797157Z + for f in /proc/irq/[0-9]*/smp_affinity_list
2026-09-22T18:37:17.7797275Z + irq=91/smp_affinity_list
2026-09-22T18:37:17.7797370Z + irq=91
2026-09-22T18:37:17.7797475Z + [[ -n '' ]]
2026-09-22T18:37:17.7797581Z + echo 0,1,48,49
2026-09-22T18:37:17.7797711Z + for f in /proc/irq/[0-9]*/smp_affinity_list
2026-09-22T18:37:17.7797832Z + irq=92/smp_affinity_list
2026-09-22T18:37:17.7797943Z + irq=92
2026-09-22T18:37:17.7798041Z + [[ -n '' ]]
2026-09-22T18:37:17.7798151Z + echo 0,1,48,49
2026-09-22T18:37:17.7798291Z + for f in /proc/irq/[0-9]*/smp_affinity_list
2026-09-22T18:37:17.7798399Z + irq=93/smp_affinity_list
2026-09-22T18:37:17.7798503Z + irq=93
2026-09-22T18:37:17.7798609Z + [[ -n '' ]]
2026-09-22T18:37:17.7798709Z + echo 0,1,48,49
2026-09-22T18:37:17.7798842Z + for f in /proc/irq/[0-9]*/smp_affinity_list
2026-09-22T18:37:17.7798961Z + irq=94/smp_affinity_list
2026-09-22T18:37:17.7799056Z + irq=94
2026-09-22T18:37:17.7799161Z + [[ -n '' ]]
2026-09-22T18:37:17.7799266Z + echo 0,1,48,49
2026-09-22T18:37:17.7799441Z + for f in /proc/irq/[0-9]*/smp_affinity_list
2026-09-22T18:37:17.7799560Z + irq=95/smp_affinity_list
2026-09-22T18:37:17.7799683Z + irq=95
2026-09-22T18:37:17.7799780Z + [[ -n '' ]]
2026-09-22T18:37:17.7799885Z + echo 0,1,48,49
2026-09-22T18:37:17.7800022Z + for f in /proc/irq/[0-9]*/smp_affinity_list
2026-09-22T18:37:17.7800162Z + irq=96/smp_affinity_list
2026-09-22T18:37:17.7800381Z + irq=96
2026-09-22T18:37:17.7800492Z + [[ -n '' ]]
2026-09-22T18:37:17.7800593Z + echo 0,1,48,49
2026-09-22T18:37:17.7800732Z + for f in /proc/irq/[0-9]*/smp_affinity_list
2026-09-22T18:37:17.7800846Z + irq=97/smp_affinity_list
2026-09-22T18:37:17.7800941Z + irq=97
2026-09-22T18:37:17.7801046Z + [[ -n '' ]]
2026-09-22T18:37:17.7801149Z + echo 0,1,48,49
2026-09-22T18:37:17.7801280Z + for f in /proc/irq/[0-9]*/smp_affinity_list
2026-09-22T18:37:17.7801398Z + irq=98/smp_affinity_list
2026-09-22T18:37:17.7801502Z + irq=98
2026-09-22T18:37:17.7801599Z + [[ -n '' ]]
2026-09-22T18:37:17.7801709Z + echo 0,1,48,49
2026-09-22T18:37:17.7801853Z + for f in /proc/irq/[0-9]*/smp_affinity_list
2026-09-22T18:37:17.7801962Z + irq=99/smp_affinity_list
2026-09-22T18:37:17.7802066Z + irq=99
2026-09-22T18:37:17.7802172Z + [[ -n '' ]]
2026-09-22T18:37:17.7802273Z + echo 0,1,48,49
2026-09-22T18:37:17.7802392Z + command -v python3
2026-09-22T18:37:17.7802505Z ++ expand_cpulist 0,1,48,49
2026-09-22T18:37:17.7802625Z ++ [[ -n 0,1,48,49 ]]
2026-09-22T18:37:17.7802746Z ++ local parts part
2026-09-22T18:37:17.7802993Z ++ python3 -c 'import sys; print(f"{sum(1 << int(l) for l in sys.stdin):x}")'
2026-09-22T18:37:17.7803104Z ++ IFS=,
2026-09-22T18:37:17.7803216Z ++ read -ra parts
2026-09-22T18:37:17.7803337Z ++ for part in "${parts[@]}"
2026-09-22T18:37:17.7803446Z ++ seq 0 0
2026-09-22T18:37:17.7803572Z ++ for part in "${parts[@]}"
2026-09-22T18:37:17.7803669Z ++ seq 1 1
2026-09-22T18:37:17.7803791Z ++ for part in "${parts[@]}"
2026-09-22T18:37:17.7803900Z ++ seq 48 48
2026-09-22T18:37:17.7804010Z ++ for part in "${parts[@]}"
2026-09-22T18:37:17.7804123Z ++ seq 49 49
2026-09-22T18:37:17.7949398Z + wq_mask=3000000000003
2026-09-22T18:37:17.7949752Z + sysfs_write /sys/devices/virtual/workqueue/cpumask 3000000000003
2026-09-22T18:37:17.7949928Z + [[ -n 3000000000003 ]]
2026-09-22T18:37:17.7950274Z + [[ -w /sys/devices/virtual/workqueue/cpumask ]]
2026-09-22T18:37:17.7950394Z + echo 3000000000003
2026-09-22T18:37:17.7950750Z scripts/setup-benchmark.sh: line 16: echo: write error: Value too large for defined data type
2026-09-22T18:37:17.7950870Z + true
2026-09-22T18:37:17.7951024Z + mkdir -p /etc/systemd/system.conf.d
2026-09-22T18:37:17.7959122Z + cat
2026-09-22T18:37:17.7970711Z + systemctl daemon-reexec
2026-09-22T18:37:18.8369162Z + cat
2026-09-22T18:37:18.8378268Z + chmod 0644 /tmp/vortex-benchmark.env
2026-09-22T18:37:18.8611748Z ##[group]Run CodSpeedHQ/action@4296e51e7041e24dadb86d1d6e8b9320d223dbe8
2026-09-22T18:37:18.8612476Z with:
2026-09-22T18:37:18.8613079Z   run: bash scripts/bench-taskset.sh cargo codspeed run -- '.*::avx2::'
2026-09-22T18:37:18.8614281Z   token: ***
2026-09-22T18:37:18.8614693Z   mode: walltime
2026-09-22T18:37:18.8615121Z   cache-instruments: true
2026-09-22T18:37:18.8615676Z   instruments-cache-dir: ~/.cache/codspeed-action
2026-09-22T18:37:18.8616292Z   allow-empty: false
2026-09-22T18:37:18.8616750Z   skip-hash-check-warning: false
2026-09-22T18:37:18.8617220Z env:
2026-09-22T18:37:18.8617597Z   CARGO_TERM_COLOR: always
2026-09-22T18:37:18.8618065Z   RUST_BACKTRACE: 1
2026-09-22T18:37:18.8618516Z   NIGHTLY_TOOLCHAIN: nightly-2026-09-10
2026-09-22T18:37:18.8619081Z   RUNNER_TOOL_CACHE: /opt/hostedtoolcache
2026-09-22T18:37:18.8619627Z   RUNS_ON_HOME: /runs-on
2026-09-22T18:37:18.8620162Z   RUNS_ON_VERSION: v3.3.0
2026-09-22T18:37:18.8620735Z   RUNS_ON_AGENT_BINARY: /runs-on/agent
2026-09-22T18:37:18.8621267Z   RUNS_ON_AGENT_ARCH: x64
2026-09-22T18:37:18.8621728Z   RUNS_ON_AGENT_USER: runner
2026-09-22T18:37:18.8622233Z   RUNS_ON_AMI_ID: ami-0d8875560af9e1401
2026-09-22T18:37:18.8622756Z   RUNS_ON_AWS_REGION: us-east-1
2026-09-22T18:37:18.8623570Z   RUNS_ON_AWS_AZ: us-east-1a
2026-09-22T18:37:18.8624066Z   RUNS_ON_ENV_CUSTOM_FILE: /runs-on/env.custom
2026-09-22T18:37:18.8624642Z   RUNS_ON_INSTANCE_ID: i-0b270abe4cb8f1302
2026-09-22T18:37:18.8625197Z   RUNS_ON_INSTANCE_LIFECYCLE: spot
2026-09-22T18:37:18.8625745Z   RUNS_ON_INSTANCE_TYPE: c7i.metal-24xl
2026-09-22T18:37:18.8626281Z   RUNS_ON_STACK_NAME: runs-on-v3
2026-09-22T18:37:18.8626936Z   RUNS_ON_S3_BUCKET_CACHE: runs-on-v3-s3bucketcache-dbnub4tpjhpv
2026-09-22T18:37:18.8627722Z   ACTIONS_RUNNER_HOOK_JOB_STARTED: /runs-on/pre.sh
2026-09-22T18:37:18.8628429Z   ACTIONS_RUNNER_HOOK_JOB_COMPLETED: /runs-on/post.sh
2026-09-22T18:37:18.8629107Z   GITHUB_SERVER_URL: https://github.com/
2026-09-22T18:37:18.8629733Z   GITHUB_API_URL: https://api.github.com/
2026-09-22T18:37:18.8630351Z   GITHUB_HOST: github.com
2026-09-22T18:37:18.8630948Z   RUNS_ON_RUNNER_NAME: runs-on--i-0b270abe4cb8f1302--9ece2925-5
2026-09-22T18:37:18.8631702Z   RUNS_ON_INSTANCE_LAUNCHED_AT: 2026-09-22T18:36:01Z
2026-09-22T18:37:18.8632360Z   ACTIONS_CACHE_URL: http://10.1.11.123:6871/
2026-09-22T18:37:18.8632950Z   ACTIONS_CACHE_SERVICE_V2: true
2026-09-22T18:37:18.8633505Z   ACTIONS_RESULTS_URL: http://10.1.11.123:6871/
2026-09-22T18:37:18.8634233Z   RUNS_ON_S3_CACHE_REPO_PREFIX: cache/repo/vortex-data/vortex
2026-09-22T18:37:18.8634927Z   RUNS_ON_ACTION_COST_TRACKING_CLAIMED: true
2026-09-22T18:37:18.8635488Z   RUSTUP_TOOLCHAIN: 1.98.0
2026-09-22T18:37:18.8635967Z   DIVAN_SAMPLE_COUNT: 1000
2026-09-22T18:37:18.8636424Z ##[endgroup]
2026-09-22T18:37:18.8646306Z ##[start-action display=Determine runner and kernel version;id=__CodSpeedHQ_action.versions]
2026-09-22T18:37:18.8672481Z ##[group]Run RUNNER_VERSION=""
2026-09-22T18:37:18.8673070Z [36;1mRUNNER_VERSION=""[0m
2026-09-22T18:37:18.8673642Z [36;1mif [ -z "$RUNNER_VERSION" ]; then[0m
2026-09-22T18:37:18.8674464Z [36;1m  RUNNER_VERSION=$(cat $GITHUB_ACTION_PATH/.codspeed-runner-version)[0m
2026-09-22T18:37:18.8675215Z [36;1mfi[0m
2026-09-22T18:37:18.8675805Z [36;1m# Strip 'v' prefix if present to normalize version format[0m
2026-09-22T18:37:18.8676548Z [36;1mRUNNER_VERSION="${RUNNER_VERSION#v}"[0m
2026-09-22T18:37:18.8677099Z [36;1m[0m
2026-09-22T18:37:18.8677769Z [36;1m# Detect version type (priority: latest > version number > branch/rev prefixes)[0m
2026-09-22T18:37:18.8678650Z [36;1mif [ "$RUNNER_VERSION" = "latest" ]; then[0m
2026-09-22T18:37:18.8679239Z [36;1m  VERSION_TYPE="latest"[0m
2026-09-22T18:37:18.8679957Z [36;1melif echo "$RUNNER_VERSION" | grep -qE '^[0-9]+\.[0-9]+\.[0-9]+-'; then[0m
2026-09-22T18:37:18.8680800Z [36;1m  VERSION_TYPE="prerelease"[0m
2026-09-22T18:37:18.8681517Z [36;1melif echo "$RUNNER_VERSION" | grep -qE '^[0-9]+\.[0-9]+\.[0-9]+'; then[0m
2026-09-22T18:37:18.8682563Z [36;1m  VERSION_TYPE="release"[0m
2026-09-22T18:37:18.8683215Z [36;1melif echo "$RUNNER_VERSION" | grep -q '^branch:'; then[0m
2026-09-22T18:37:18.8683882Z [36;1m  VERSION_TYPE="branch"[0m
2026-09-22T18:37:18.8684587Z [36;1m  RUNNER_VERSION=$(echo "$RUNNER_VERSION" | sed 's/^branch://')[0m
2026-09-22T18:37:18.8685421Z [36;1melif echo "$RUNNER_VERSION" | grep -q '^rev:'; then[0m
2026-09-22T18:37:18.8686060Z [36;1m  VERSION_TYPE="rev"[0m
2026-09-22T18:37:18.8686715Z [36;1m  RUNNER_VERSION=$(echo "$RUNNER_VERSION" | sed 's/^rev://')[0m
2026-09-22T18:37:18.8687354Z [36;1melse[0m
2026-09-22T18:37:18.8687776Z [36;1m  # Default to release version[0m
2026-09-22T18:37:18.8688325Z [36;1m  VERSION_TYPE="release"[0m
2026-09-22T18:37:18.8688794Z [36;1mfi[0m
2026-09-22T18:37:18.8689157Z [36;1m[0m
2026-09-22T18:37:18.8689668Z [36;1mecho "runner-version=$RUNNER_VERSION" >> $GITHUB_OUTPUT[0m
2026-09-22T18:37:18.8690574Z [36;1mecho "version-type=$VERSION_TYPE" >> $GITHUB_OUTPUT[0m
2026-09-22T18:37:18.8691196Z [36;1m[0m
2026-09-22T18:37:18.8691603Z [36;1m# Get kernel version for cache key[0m
2026-09-22T18:37:18.8692178Z [36;1mKERNEL_VERSION=$(uname -r)[0m
2026-09-22T18:37:18.8692835Z [36;1mecho "kernel-version=$KERNEL_VERSION" >> $GITHUB_OUTPUT[0m
2026-09-22T18:37:18.8693711Z [36;1m[0m
2026-09-22T18:37:18.8694326Z [36;1m# Normalize mode for cache key (commas are not allowed in cache keys)[0m
2026-09-22T18:37:18.8695170Z [36;1mMODE_CACHE_KEY=$(echo "walltime" | tr ',' '-')[0m
2026-09-22T18:37:18.8695937Z [36;1mecho "mode-cache-key=$MODE_CACHE_KEY" >> $GITHUB_OUTPUT[0m
2026-09-22T18:37:18.8743852Z shell: /usr/bin/bash --noprofile --norc -e -o pipefail {0}
2026-09-22T18:37:18.8744508Z env:
2026-09-22T18:37:18.8744910Z   CARGO_TERM_COLOR: always
2026-09-22T18:37:18.8745391Z   RUST_BACKTRACE: 1
2026-09-22T18:37:18.8745840Z   NIGHTLY_TOOLCHAIN: nightly-2026-09-10
2026-09-22T18:37:18.8746419Z   RUNNER_TOOL_CACHE: /opt/hostedtoolcache
2026-09-22T18:37:18.8746965Z   RUNS_ON_HOME: /runs-on
2026-09-22T18:37:18.8747453Z   RUNS_ON_VERSION: v3.3.0
2026-09-22T18:37:18.8747929Z   RUNS_ON_AGENT_BINARY: /runs-on/agent
2026-09-22T18:37:18.8748445Z   RUNS_ON_AGENT_ARCH: x64
2026-09-22T18:37:18.8748902Z   RUNS_ON_AGENT_USER: runner
2026-09-22T18:37:18.8749378Z   RUNS_ON_AMI_ID: ami-0d8875560af9e1401
2026-09-22T18:37:18.8749916Z   RUNS_ON_AWS_REGION: us-east-1
2026-09-22T18:37:18.8750463Z   RUNS_ON_AWS_AZ: us-east-1a
2026-09-22T18:37:18.8750981Z   RUNS_ON_ENV_CUSTOM_FILE: /runs-on/env.custom
2026-09-22T18:37:18.8751600Z   RUNS_ON_INSTANCE_ID: i-0b270abe4cb8f1302
2026-09-22T18:37:18.8752187Z   RUNS_ON_INSTANCE_LIFECYCLE: spot
2026-09-22T18:37:18.8752760Z   RUNS_ON_INSTANCE_TYPE: c7i.metal-24xl
2026-09-22T18:37:18.8753328Z   RUNS_ON_STACK_NAME: runs-on-v3
2026-09-22T18:37:18.8753960Z   RUNS_ON_S3_BUCKET_CACHE: runs-on-v3-s3bucketcache-dbnub4tpjhpv
2026-09-22T18:37:18.8754723Z   ACTIONS_RUNNER_HOOK_JOB_STARTED: /runs-on/pre.sh
2026-09-22T18:37:18.8755403Z   ACTIONS_RUNNER_HOOK_JOB_COMPLETED: /runs-on/post.sh
2026-09-22T18:37:18.8756066Z   GITHUB_SERVER_URL: https://github.com/
2026-09-22T18:37:18.8756692Z   GITHUB_API_URL: https://api.github.com/
2026-09-22T18:37:18.8757263Z   GITHUB_HOST: github.com
2026-09-22T18:37:18.8757876Z   RUNS_ON_RUNNER_NAME: runs-on--i-0b270abe4cb8f1302--9ece2925-5
2026-09-22T18:37:18.8758641Z   RUNS_ON_INSTANCE_LAUNCHED_AT: 2026-09-22T18:36:01Z
2026-09-22T18:37:18.8759276Z   ACTIONS_CACHE_URL: http://10.1.11.123:6871/
2026-09-22T18:37:18.8759858Z   ACTIONS_CACHE_SERVICE_V2: true
2026-09-22T18:37:18.8760474Z   ACTIONS_RESULTS_URL: http://10.1.11.123:6871/
2026-09-22T18:37:18.8761183Z   RUNS_ON_S3_CACHE_REPO_PREFIX: cache/repo/vortex-data/vortex
2026-09-22T18:37:18.8761892Z   RUNS_ON_ACTION_COST_TRACKING_CLAIMED: true
2026-09-22T18:37:18.8762483Z   RUSTUP_TOOLCHAIN: 1.98.0
2026-09-22T18:37:18.8762942Z   DIVAN_SAMPLE_COUNT: 1000
2026-09-22T18:37:18.8763365Z ##[endgroup]
2026-09-22T18:37:18.8917079Z ##[end-action id=__CodSpeedHQ_action.versions;outcome=success;conclusion=success;duration_ms=26]
2026-09-22T18:37:18.8921234Z ##[start-action display=Cache CodSpeed instruments;id=__CodSpeedHQ_action.__actions_cache]
2026-09-22T18:37:18.8981988Z ##[group]Run actions/cache@668228422ae6a00e4ad889ee87cd7109ec5666a7
2026-09-22T18:37:18.8982672Z with:
2026-09-22T18:37:18.8983091Z   path: ~/.cache/codspeed-action
2026-09-22T18:37:18.8983813Z   key: codspeed-instruments-walltime-Linux-X64-6.17.0-1019-aws-5.0.2
2026-09-22T18:37:18.8984833Z   restore-keys: codspeed-instruments-walltime-Linux-X64-6.17.0-1019-aws-

2026-09-22T18:37:18.8985639Z   enableCrossOsArchive: false
2026-09-22T18:37:18.8986149Z   fail-on-cache-miss: false
2026-09-22T18:37:18.8986622Z   lookup-only: false
2026-09-22T18:37:18.8987070Z   save-always: false
2026-09-22T18:37:18.8987467Z env:
2026-09-22T18:37:18.8987839Z   CARGO_TERM_COLOR: always
2026-09-22T18:37:18.8988286Z   RUST_BACKTRACE: 1
2026-09-22T18:37:18.8988741Z   NIGHTLY_TOOLCHAIN: nightly-2026-09-10
2026-09-22T18:37:18.8989309Z   RUNNER_TOOL_CACHE: /opt/hostedtoolcache
2026-09-22T18:37:18.8989874Z   RUNS_ON_HOME: /runs-on
2026-09-22T18:37:18.8990434Z   RUNS_ON_VERSION: v3.3.0
2026-09-22T18:37:18.8990911Z   RUNS_ON_AGENT_BINARY: /runs-on/agent
2026-09-22T18:37:18.8991434Z   RUNS_ON_AGENT_ARCH: x64
2026-09-22T18:37:18.8992191Z   RUNS_ON_AGENT_USER: runner
2026-09-22T18:37:18.8992681Z   RUNS_ON_AMI_ID: ami-0d8875560af9e1401
2026-09-22T18:37:18.8993213Z   RUNS_ON_AWS_REGION: us-east-1
2026-09-22T18:37:18.8993699Z   RUNS_ON_AWS_AZ: us-east-1a
2026-09-22T18:37:18.8994225Z   RUNS_ON_ENV_CUSTOM_FILE: /runs-on/env.custom
2026-09-22T18:37:18.8994802Z   RUNS_ON_INSTANCE_ID: i-0b270abe4cb8f1302
2026-09-22T18:37:18.8995346Z   RUNS_ON_INSTANCE_LIFECYCLE: spot
2026-09-22T18:37:18.8995858Z   RUNS_ON_INSTANCE_TYPE: c7i.metal-24xl
2026-09-22T18:37:18.8996381Z   RUNS_ON_STACK_NAME: runs-on-v3
2026-09-22T18:37:18.8997009Z   RUNS_ON_S3_BUCKET_CACHE: runs-on-v3-s3bucketcache-dbnub4tpjhpv
2026-09-22T18:37:18.8997748Z   ACTIONS_RUNNER_HOOK_JOB_STARTED: /runs-on/pre.sh
2026-09-22T18:37:18.8998420Z   ACTIONS_RUNNER_HOOK_JOB_COMPLETED: /runs-on/post.sh
2026-09-22T18:37:18.8999063Z   GITHUB_SERVER_URL: https://github.com/
2026-09-22T18:37:18.8999655Z   GITHUB_API_URL: https://api.github.com/
2026-09-22T18:37:18.9000483Z   GITHUB_HOST: github.com
2026-09-22T18:37:18.9001107Z   RUNS_ON_RUNNER_NAME: runs-on--i-0b270abe4cb8f1302--9ece2925-5
2026-09-22T18:37:18.9001842Z   RUNS_ON_INSTANCE_LAUNCHED_AT: 2026-09-22T18:36:01Z
2026-09-22T18:37:18.9002473Z   ACTIONS_CACHE_URL: http://10.1.11.123:6871/
2026-09-22T18:37:18.9003045Z   ACTIONS_CACHE_SERVICE_V2: true
2026-09-22T18:37:18.9003586Z   ACTIONS_RESULTS_URL: http://10.1.11.123:6871/
2026-09-22T18:37:18.9004279Z   RUNS_ON_S3_CACHE_REPO_PREFIX: cache/repo/vortex-data/vortex
2026-09-22T18:37:18.9004958Z   RUNS_ON_ACTION_COST_TRACKING_CLAIMED: true
2026-09-22T18:37:18.9005518Z   RUSTUP_TOOLCHAIN: 1.98.0
2026-09-22T18:37:18.9005999Z   DIVAN_SAMPLE_COUNT: 1000
2026-09-22T18:37:18.9006451Z ##[endgroup]
2026-09-22T18:37:19.1364103Z Cache not found for input keys: codspeed-instruments-walltime-Linux-X64-6.17.0-1019-aws-5.0.2, codspeed-instruments-walltime-Linux-X64-6.17.0-1019-aws-
2026-09-22T18:37:19.1410332Z ##[end-action id=__CodSpeedHQ_action.__actions_cache;outcome=success;conclusion=success;duration_ms=248]
2026-09-22T18:37:19.1413634Z ##[start-action display=Lookup installer hash;id=__CodSpeedHQ_action.installer-hash]
2026-09-22T18:37:19.1459098Z ##[group]Run actions/github-script@ed597411d8f924073f98dfc5c65a23a2325f34cd
2026-09-22T18:37:19.1459567Z with:
2026-09-22T18:37:19.1460456Z   script: const hashes = require(`${process.env.GITHUB_ACTION_PATH}/.codspeed-runner-installer-hashes.json`)
const version = process.env.RUNNER_VERSION
core.setOutput('hash', hashes[version] || '')

2026-09-22T18:37:19.1464388Z   github-token: ***
2026-09-22T18:37:19.1464666Z   debug: false
2026-09-22T18:37:19.1464950Z   user-agent: actions/github-script
2026-09-22T18:37:19.1465306Z   result-encoding: json
2026-09-22T18:37:19.1465594Z   retries: 0
2026-09-22T18:37:19.1466029Z   retry-exempt-status-codes: 400,401,403,404,422
2026-09-22T18:37:19.1466396Z env:
2026-09-22T18:37:19.1466664Z   CARGO_TERM_COLOR: always
2026-09-22T18:37:19.1466966Z   RUST_BACKTRACE: 1
2026-09-22T18:37:19.1467258Z   NIGHTLY_TOOLCHAIN: nightly-2026-09-10
2026-09-22T18:37:19.1467648Z   RUNNER_TOOL_CACHE: /opt/hostedtoolcache
2026-09-22T18:37:19.1467996Z   RUNS_ON_HOME: /runs-on
2026-09-22T18:37:19.1468286Z   RUNS_ON_VERSION: v3.3.0
2026-09-22T18:37:19.1468606Z   RUNS_ON_AGENT_BINARY: /runs-on/agent
2026-09-22T18:37:19.1468935Z   RUNS_ON_AGENT_ARCH: x64
2026-09-22T18:37:19.1469225Z   RUNS_ON_AGENT_USER: runner
2026-09-22T18:37:19.1469537Z   RUNS_ON_AMI_ID: ami-0d8875560af9e1401
2026-09-22T18:37:19.1469877Z   RUNS_ON_AWS_REGION: us-east-1
2026-09-22T18:37:19.1470219Z   RUNS_ON_AWS_AZ: us-east-1a
2026-09-22T18:37:19.1470553Z   RUNS_ON_ENV_CUSTOM_FILE: /runs-on/env.custom
2026-09-22T18:37:19.1470943Z   RUNS_ON_INSTANCE_ID: i-0b270abe4cb8f1302
2026-09-22T18:37:19.1471299Z   RUNS_ON_INSTANCE_LIFECYCLE: spot
2026-09-22T18:37:19.1471641Z   RUNS_ON_INSTANCE_TYPE: c7i.metal-24xl
2026-09-22T18:37:19.1471997Z   RUNS_ON_STACK_NAME: runs-on-v3
2026-09-22T18:37:19.1472399Z   RUNS_ON_S3_BUCKET_CACHE: runs-on-v3-s3bucketcache-dbnub4tpjhpv
2026-09-22T18:37:19.1472867Z   ACTIONS_RUNNER_HOOK_JOB_STARTED: /runs-on/pre.sh
2026-09-22T18:37:19.1473402Z   ACTIONS_RUNNER_HOOK_JOB_COMPLETED: /runs-on/post.sh
2026-09-22T18:37:19.1473813Z   GITHUB_SERVER_URL: https://github.com/
2026-09-22T18:37:19.1474192Z   GITHUB_API_URL: https://api.github.com/
2026-09-22T18:37:19.1474554Z   GITHUB_HOST: github.com
2026-09-22T18:37:19.1474944Z   RUNS_ON_RUNNER_NAME: runs-on--i-0b270abe4cb8f1302--9ece2925-5
2026-09-22T18:37:19.1475411Z   RUNS_ON_INSTANCE_LAUNCHED_AT: 2026-09-22T18:36:01Z
2026-09-22T18:37:19.1475821Z   ACTIONS_CACHE_URL: http://10.1.11.123:6871/
2026-09-22T18:37:19.1476184Z   ACTIONS_CACHE_SERVICE_V2: true
2026-09-22T18:37:19.1476528Z   ACTIONS_RESULTS_URL: http://10.1.11.123:6871/
2026-09-22T18:37:19.1476985Z   RUNS_ON_S3_CACHE_REPO_PREFIX: cache/repo/vortex-data/vortex
2026-09-22T18:37:19.1477420Z   RUNS_ON_ACTION_COST_TRACKING_CLAIMED: true
2026-09-22T18:37:19.1477772Z   RUSTUP_TOOLCHAIN: 1.98.0
2026-09-22T18:37:19.1478081Z   DIVAN_SAMPLE_COUNT: 1000
2026-09-22T18:37:19.1478381Z   RUNNER_VERSION: 5.0.2
2026-09-22T18:37:19.1478668Z ##[endgroup]
2026-09-22T18:37:19.2357910Z ##[end-action id=__CodSpeedHQ_action.installer-hash;outcome=success;conclusion=success;duration_ms=94]
2026-09-22T18:37:19.2360585Z ##[start-action display=Install CodSpeed runner;id=__CodSpeedHQ_action.__run]
2026-09-22T18:37:19.2376991Z ##[group]Run RUNNER_VERSION="5.0.2"
2026-09-22T18:37:19.2377419Z [36;1mRUNNER_VERSION="5.0.2"[0m
2026-09-22T18:37:19.2377747Z [36;1mVERSION_TYPE="release"[0m
2026-09-22T18:37:19.2378056Z [36;1m[0m
2026-09-22T18:37:19.2378341Z [36;1mSKIP_HASH_CHECK_WARNING="false"[0m
2026-09-22T18:37:19.2378674Z [36;1m[0m
2026-09-22T18:37:19.2378952Z [36;1mif [ "$VERSION_TYPE" = "latest" ]; then[0m
2026-09-22T18:37:19.2379406Z [36;1m  if [ "$SKIP_HASH_CHECK_WARNING" != "true" ]; then[0m
2026-09-22T18:37:19.2380325Z [36;1m    echo "::warning::Hash verification is not available when using 'latest' version. Consider pinning a specific version for supply chain security."[0m
2026-09-22T18:37:19.2381065Z [36;1m  fi[0m
2026-09-22T18:37:19.2381499Z [36;1m  curl -fsSL https://codspeed.io/install.sh | bash -s -- --quiet[0m
2026-09-22T18:37:19.2382018Z [36;1melif [ "$VERSION_TYPE" = "prerelease" ]; then[0m
2026-09-22T18:37:19.2382624Z [36;1m  # Prereleases are not pinned, so install from the versioned installer without hash verification.[0m
2026-09-22T18:37:19.2383245Z [36;1m  if [ "$SKIP_HASH_CHECK_WARNING" != "true" ]; then[0m
2026-09-22T18:37:19.2383838Z [36;1m    echo "::warning::Hash verification is not available for prerelease version $RUNNER_VERSION."[0m
2026-09-22T18:37:19.2384364Z [36;1m  fi[0m
2026-09-22T18:37:19.2384811Z [36;1m  curl -fsSL "https://codspeed.io/v$RUNNER_VERSION/install.sh" | bash -s -- --quiet[0m
2026-09-22T18:37:19.2385461Z [36;1melif [ "$VERSION_TYPE" = "branch" ]; then[0m
2026-09-22T18:37:19.2385876Z [36;1m  # Install from specific branch using cargo[0m
2026-09-22T18:37:19.2386307Z [36;1m  if [ "$SKIP_HASH_CHECK_WARNING" != "true" ]; then[0m
2026-09-22T18:37:19.2386866Z [36;1m    echo "::warning::Hash verification is not available when installing from a branch."[0m
2026-09-22T18:37:19.2387372Z [36;1m  fi[0m
2026-09-22T18:37:19.2387657Z [36;1m  source $HOME/.cargo/env[0m
2026-09-22T18:37:19.2388292Z [36;1m  cargo install --locked --git https://github.com/CodSpeedHQ/codspeed --branch "$RUNNER_VERSION" codspeed-runner[0m
2026-09-22T18:37:19.2388959Z [36;1melif [ "$VERSION_TYPE" = "rev" ]; then[0m
2026-09-22T18:37:19.2389390Z [36;1m  # Install from specific commit/rev using cargo[0m
2026-09-22T18:37:19.2389817Z [36;1m  if [ "$SKIP_HASH_CHECK_WARNING" != "true" ]; then[0m
2026-09-22T18:37:19.2390447Z [36;1m    echo "::warning::Hash verification is not available when installing from a revision."[0m
2026-09-22T18:37:19.2390970Z [36;1m  fi[0m
2026-09-22T18:37:19.2391245Z [36;1m  source $HOME/.cargo/env[0m
2026-09-22T18:37:19.2391856Z [36;1m  cargo install --locked --git https://github.com/CodSpeedHQ/codspeed --rev "$RUNNER_VERSION" codspeed-runner[0m
2026-09-22T18:37:19.2392543Z [36;1melse[0m
2026-09-22T18:37:19.2392893Z [36;1m  # Release version - download to temp file and verify hash[0m
2026-09-22T18:37:19.2393441Z [36;1m  INSTALLER_URL="https://codspeed.io/v$RUNNER_VERSION/install.sh"[0m
2026-09-22T18:37:19.2393915Z [36;1m  INSTALLER_TMP=$(mktemp)[0m
2026-09-22T18:37:19.2394270Z [36;1m  trap "rm -f $INSTALLER_TMP" EXIT[0m
2026-09-22T18:37:19.2394613Z [36;1m[0m
2026-09-22T18:37:19.2394877Z [36;1m  CURL_ERR=$(mktemp)[0m
2026-09-22T18:37:19.2395416Z [36;1m  if ! HTTP_CODE=$(curl -sSL -o "$INSTALLER_TMP" -w "%{http_code}" "$INSTALLER_URL" 2>"$CURL_ERR"); then[0m
2026-09-22T18:37:19.2396378Z [36;1m    echo "::error title=Failed to install CodSpeed CLI::Installation of CodSpeed CLI with version $RUNNER_VERSION failed.%0AReason: $(cat "$CURL_ERR")"[0m
2026-09-22T18:37:19.2397120Z [36;1m    exit 1[0m
2026-09-22T18:37:19.2397389Z [36;1m  fi[0m
2026-09-22T18:37:19.2397671Z [36;1m  if [ "$HTTP_CODE" -ge 400 ]; then[0m
2026-09-22T18:37:19.2398069Z [36;1m    error_body=$(cat "$INSTALLER_TMP")[0m
2026-09-22T18:37:19.2398938Z [36;1m    echo "::error title=Failed to install CodSpeed CLI::Installation of CodSpeed CLI with version $RUNNER_VERSION failed.%0AReason: HTTP $HTTP_CODE - ${error_body:-no response body}"[0m
2026-09-22T18:37:19.2399784Z [36;1m    exit 1[0m
2026-09-22T18:37:19.2400057Z [36;1m  fi[0m
2026-09-22T18:37:19.2400348Z [36;1m[0m
2026-09-22T18:37:19.2400794Z [36;1m  EXPECTED_HASH="4ea0e3b0425e01498ff1b70fba78228eedb4dd58efb6093360776fc6e4eae1a9"[0m
2026-09-22T18:37:19.2401353Z [36;1m  if [ -z "$EXPECTED_HASH" ]; then[0m
2026-09-22T18:37:19.2402035Z [36;1m    echo "::error::No pinned hash found for installer version $RUNNER_VERSION. Update .codspeed-runner-installer-hashes.json."[0m
2026-09-22T18:37:19.2402703Z [36;1m    exit 1[0m
2026-09-22T18:37:19.2402974Z [36;1m  fi[0m
2026-09-22T18:37:19.2403216Z [36;1m[0m
2026-09-22T18:37:19.2403559Z [36;1m  ACTUAL_HASH=$(sha256sum "$INSTALLER_TMP" | awk '{print $1}')[0m
2026-09-22T18:37:19.2404058Z [36;1m  if [ "$ACTUAL_HASH" != "$EXPECTED_HASH" ]; then[0m
2026-09-22T18:37:19.2404727Z [36;1m    echo "::error::Installer hash mismatch for version $RUNNER_VERSION. Expected: $EXPECTED_HASH, Got: $ACTUAL_HASH"[0m
2026-09-22T18:37:19.2405333Z [36;1m    exit 1[0m
2026-09-22T18:37:19.2405599Z [36;1m  fi[0m
2026-09-22T18:37:19.2405956Z [36;1m  echo "Installer hash verified for version $RUNNER_VERSION"[0m
2026-09-22T18:37:19.2406367Z [36;1m[0m
2026-09-22T18:37:19.2406650Z [36;1m  bash "$INSTALLER_TMP" --quiet[0m
2026-09-22T18:37:19.2406977Z [36;1mfi[0m
2026-09-22T18:37:19.2435364Z shell: /usr/bin/bash --noprofile --norc -e -o pipefail {0}
2026-09-22T18:37:19.2435781Z env:
2026-09-22T18:37:19.2436050Z   CARGO_TERM_COLOR: always
2026-09-22T18:37:19.2436467Z   RUST_BACKTRACE: 1
2026-09-22T18:37:19.2436776Z   NIGHTLY_TOOLCHAIN: nightly-2026-09-10
2026-09-22T18:37:19.2437145Z   RUNNER_TOOL_CACHE: /opt/hostedtoolcache
2026-09-22T18:37:19.2437512Z   RUNS_ON_HOME: /runs-on
2026-09-22T18:37:19.2437824Z   RUNS_ON_VERSION: v3.3.0
2026-09-22T18:37:19.2438142Z   RUNS_ON_AGENT_BINARY: /runs-on/agent
2026-09-22T18:37:19.2438483Z   RUNS_ON_AGENT_ARCH: x64
2026-09-22T18:37:19.2438780Z   RUNS_ON_AGENT_USER: runner
2026-09-22T18:37:19.2439094Z   RUNS_ON_AMI_ID: ami-0d8875560af9e1401
2026-09-22T18:37:19.2439430Z   RUNS_ON_AWS_REGION: us-east-1
2026-09-22T18:37:19.2439757Z   RUNS_ON_AWS_AZ: us-east-1a
2026-09-22T18:37:19.2440136Z   RUNS_ON_ENV_CUSTOM_FILE: /runs-on/env.custom
2026-09-22T18:37:19.2440517Z   RUNS_ON_INSTANCE_ID: i-0b270abe4cb8f1302
2026-09-22T18:37:19.2440878Z   RUNS_ON_INSTANCE_LIFECYCLE: spot
2026-09-22T18:37:19.2457227Z   RUNS_ON_INSTANCE_TYPE: c7i.metal-24xl
2026-09-22T18:37:19.2457623Z   RUNS_ON_STACK_NAME: runs-on-v3
2026-09-22T18:37:19.2458064Z   RUNS_ON_S3_BUCKET_CACHE: runs-on-v3-s3bucketcache-dbnub4tpjhpv
2026-09-22T18:37:19.2458560Z   ACTIONS_RUNNER_HOOK_JOB_STARTED: /runs-on/pre.sh
2026-09-22T18:37:19.2459000Z   ACTIONS_RUNNER_HOOK_JOB_COMPLETED: /runs-on/post.sh
2026-09-22T18:37:19.2459590Z   GITHUB_SERVER_URL: https://github.com/
2026-09-22T18:37:19.2459976Z   GITHUB_API_URL: https://api.github.com/
2026-09-22T18:37:19.2460420Z   GITHUB_HOST: github.com
2026-09-22T18:37:19.2460809Z   RUNS_ON_RUNNER_NAME: runs-on--i-0b270abe4cb8f1302--9ece2925-5
2026-09-22T18:37:19.2461286Z   RUNS_ON_INSTANCE_LAUNCHED_AT: 2026-09-22T18:36:01Z
2026-09-22T18:37:19.2461687Z   ACTIONS_CACHE_URL: http://10.1.11.123:6871/
2026-09-22T18:37:19.2462051Z   ACTIONS_CACHE_SERVICE_V2: true
2026-09-22T18:37:19.2462409Z   ACTIONS_RESULTS_URL: http://10.1.11.123:6871/
2026-09-22T18:37:19.2462853Z   RUNS_ON_S3_CACHE_REPO_PREFIX: cache/repo/vortex-data/vortex
2026-09-22T18:37:19.2463285Z   RUNS_ON_ACTION_COST_TRACKING_CLAIMED: true
2026-09-22T18:37:19.2463654Z   RUSTUP_TOOLCHAIN: 1.98.0
2026-09-22T18:37:19.2463958Z   DIVAN_SAMPLE_COUNT: 1000
2026-09-22T18:37:19.2464244Z ##[endgroup]
2026-09-22T18:37:19.5722611Z Installer hash verified for version 5.0.2
2026-09-22T18:37:20.0738389Z ##[end-action id=__CodSpeedHQ_action.__run;outcome=success;conclusion=success;duration_ms=837]
2026-09-22T18:37:20.0769801Z ##[start-action display=Run the benchmarks;id=__CodSpeedHQ_action.__run_2]
2026-09-22T18:37:20.0787399Z ##[group]Run # Validate required inputs
2026-09-22T18:37:20.0787827Z [36;1m# Validate required inputs[0m
2026-09-22T18:37:20.0788223Z [36;1m# (custom message for smoother v4 migration)[0m
2026-09-22T18:37:20.0788618Z [36;1mif [ -z "walltime" ]; then[0m
2026-09-22T18:37:20.0790258Z [36;1m  echo "::error title=Missing required input 'mode'::The 'mode' input is required as of CodSpeed Action v4. Please explicitly set 'mode' to 'simulation' or 'walltime'. Before, this variable was automatically set to instrumentation on every runner except for CodSpeed macro runners where it was set to walltime by default. See https://codspeed.io/docs/instruments for details."[0m
2026-09-22T18:37:20.0791791Z [36;1m  exit 1[0m
2026-09-22T18:37:20.0792064Z [36;1mfi[0m
2026-09-22T18:37:20.0792318Z [36;1m[0m
2026-09-22T18:37:20.0792606Z [36;1m# Build the runner arguments array[0m
2026-09-22T18:37:20.0792976Z [36;1mRUNNER_ARGS=()[0m
2026-09-22T18:37:20.0793477Z [36;1mif [ -n "***" ]; then[0m
2026-09-22T18:37:20.0793910Z [36;1m  RUNNER_ARGS+=(--token "***")[0m
2026-09-22T18:37:20.0794245Z [36;1mfi[0m
2026-09-22T18:37:20.0794505Z [36;1mif [ -n "" ]; then[0m
2026-09-22T18:37:20.0794847Z [36;1m  RUNNER_ARGS+=(--working-directory="")[0m
2026-09-22T18:37:20.0795212Z [36;1mfi[0m
2026-09-22T18:37:20.0795463Z [36;1mif [ -n "" ]; then[0m
2026-09-22T18:37:20.0795784Z [36;1m  RUNNER_ARGS+=(--upload-url="")[0m
2026-09-22T18:37:20.0796121Z [36;1mfi[0m
2026-09-22T18:37:20.0796383Z [36;1mif [ -n "walltime" ]; then[0m
2026-09-22T18:37:20.0796831Z [36;1m  RUNNER_ARGS+=(--mode="walltime")[0m
2026-09-22T18:37:20.0797167Z [36;1mfi[0m
2026-09-22T18:37:20.0797424Z [36;1mif [ -n "" ]; then[0m
2026-09-22T18:37:20.0797742Z [36;1m  RUNNER_ARGS+=(--instruments="")[0m
2026-09-22T18:37:20.0798071Z [36;1mfi[0m
2026-09-22T18:37:20.0798332Z [36;1mif [ -n "" ]; then[0m
2026-09-22T18:37:20.0798672Z [36;1m  RUNNER_ARGS+=(--mongo-uri-env-name="")[0m
2026-09-22T18:37:20.0799026Z [36;1mfi[0m
2026-09-22T18:37:20.0799388Z [36;1mif [ "true" = "true" ] && [ -n "~/.cache/codspeed-action" ]; then[0m
2026-09-22T18:37:20.0799924Z [36;1m  RUNNER_ARGS+=(--setup-cache-dir="~/.cache/codspeed-action")[0m
2026-09-22T18:37:20.0800475Z [36;1mfi[0m
2026-09-22T18:37:20.0800749Z [36;1mif [ "false" = "true" ]; then[0m
2026-09-22T18:37:20.0801095Z [36;1m  RUNNER_ARGS+=(--allow-empty)[0m
2026-09-22T18:37:20.0801419Z [36;1mfi[0m
2026-09-22T18:37:20.0801674Z [36;1mif [ -n "" ]; then[0m
2026-09-22T18:37:20.0802016Z [36;1m  RUNNER_ARGS+=(--go-runner-version="")[0m
2026-09-22T18:37:20.0802368Z [36;1mfi[0m
2026-09-22T18:37:20.0802617Z [36;1mif [ -n "" ]; then[0m
2026-09-22T18:37:20.0802936Z [36;1m  RUNNER_ARGS+=(--config="")[0m
2026-09-22T18:37:20.0803252Z [36;1mfi[0m
2026-09-22T18:37:20.0803496Z [36;1mif [ -n "" ]; then[0m
2026-09-22T18:37:20.0803939Z [36;1m  RUNNER_ARGS+=(--cycle-estimation="")[0m
2026-09-22T18:37:20.0804286Z [36;1mfi[0m
2026-09-22T18:37:20.0804528Z [36;1mif [ -n "" ]; then[0m
2026-09-22T18:37:20.0804863Z [36;1m  RUNNER_ARGS+=(--exclude-allocations="")[0m
2026-09-22T18:37:20.0805224Z [36;1mfi[0m
2026-09-22T18:37:20.0805462Z [36;1m[0m
2026-09-22T18:37:20.0805746Z [36;1mif [ -n "$CODSPEED_INPUT_RUN" ]; then[0m
2026-09-22T18:37:20.0806146Z [36;1m  RUNNER_ARGS+=(-- "$CODSPEED_INPUT_RUN")[0m
2026-09-22T18:37:20.0806492Z [36;1mfi[0m
2026-09-22T18:37:20.0806731Z [36;1m[0m
2026-09-22T18:37:20.0806986Z [36;1m# Run the benchmarks[0m
2026-09-22T18:37:20.0807310Z [36;1mcodspeed run "${RUNNER_ARGS[@]}"[0m
2026-09-22T18:37:20.0835033Z shell: /usr/bin/bash --noprofile --norc -e -o pipefail {0}
2026-09-22T18:37:20.0835468Z env:
2026-09-22T18:37:20.0835736Z   CARGO_TERM_COLOR: always
2026-09-22T18:37:20.0836044Z   RUST_BACKTRACE: 1
2026-09-22T18:37:20.0836348Z   NIGHTLY_TOOLCHAIN: nightly-2026-09-10
2026-09-22T18:37:20.0836727Z   RUNNER_TOOL_CACHE: /opt/hostedtoolcache
2026-09-22T18:37:20.0837087Z   RUNS_ON_HOME: /runs-on
2026-09-22T18:37:20.0837387Z   RUNS_ON_VERSION: v3.3.0
2026-09-22T18:37:20.0837698Z   RUNS_ON_AGENT_BINARY: /runs-on/agent
2026-09-22T18:37:20.0838049Z   RUNS_ON_AGENT_ARCH: x64
2026-09-22T18:37:20.0838347Z   RUNS_ON_AGENT_USER: runner
2026-09-22T18:37:20.0838659Z   RUNS_ON_AMI_ID: ami-0d8875560af9e1401
2026-09-22T18:37:20.0839009Z   RUNS_ON_AWS_REGION: us-east-1
2026-09-22T18:37:20.0839327Z   RUNS_ON_AWS_AZ: us-east-1a
2026-09-22T18:37:20.0839663Z   RUNS_ON_ENV_CUSTOM_FILE: /runs-on/env.custom
2026-09-22T18:37:20.0840043Z   RUNS_ON_INSTANCE_ID: i-0b270abe4cb8f1302
2026-09-22T18:37:20.0840531Z   RUNS_ON_INSTANCE_LIFECYCLE: spot
2026-09-22T18:37:20.0840876Z   RUNS_ON_INSTANCE_TYPE: c7i.metal-24xl
2026-09-22T18:37:20.0841210Z   RUNS_ON_STACK_NAME: runs-on-v3
2026-09-22T18:37:20.0841633Z   RUNS_ON_S3_BUCKET_CACHE: runs-on-v3-s3bucketcache-dbnub4tpjhpv
2026-09-22T18:37:20.0842106Z   ACTIONS_RUNNER_HOOK_JOB_STARTED: /runs-on/pre.sh
2026-09-22T18:37:20.0842532Z   ACTIONS_RUNNER_HOOK_JOB_COMPLETED: /runs-on/post.sh
2026-09-22T18:37:20.0842946Z   GITHUB_SERVER_URL: https://github.com/
2026-09-22T18:37:20.0843320Z   GITHUB_API_URL: https://api.github.com/
2026-09-22T18:37:20.0843668Z   GITHUB_HOST: github.com
2026-09-22T18:37:20.0844058Z   RUNS_ON_RUNNER_NAME: runs-on--i-0b270abe4cb8f1302--9ece2925-5
2026-09-22T18:37:20.0844524Z   RUNS_ON_INSTANCE_LAUNCHED_AT: 2026-09-22T18:36:01Z
2026-09-22T18:37:20.0844927Z   ACTIONS_CACHE_URL: http://10.1.11.123:6871/
2026-09-22T18:37:20.0845298Z   ACTIONS_CACHE_SERVICE_V2: true
2026-09-22T18:37:20.0845642Z   ACTIONS_RESULTS_URL: http://10.1.11.123:6871/
2026-09-22T18:37:20.0846175Z   RUNS_ON_S3_CACHE_REPO_PREFIX: cache/repo/vortex-data/vortex
2026-09-22T18:37:20.0846611Z   RUNS_ON_ACTION_COST_TRACKING_CLAIMED: true
2026-09-22T18:37:20.0846972Z   RUSTUP_TOOLCHAIN: 1.98.0
2026-09-22T18:37:20.0847274Z   DIVAN_SAMPLE_COUNT: 1000
2026-09-22T18:37:20.0848148Z   GH_MATRIX: {
  "features": "avx2",
  "family": "c7i.metal-24xl",
  "build-family": "c7i.4xlarge",
  "image": "ubuntu24-full-x64-pre-v2",
  "rustflags": "-C target-feature=+avx2 -C force-frame-pointers=yes"
}
2026-09-22T18:37:20.0849226Z   GH_STRATEGY: {
  "fail-fast": false,
  "job-index": 0,
  "job-total": 3,
  "max-parallel": 3
}
2026-09-22T18:37:20.0849897Z   CODSPEED_INPUT_RUN: bash scripts/bench-taskset.sh cargo codspeed run -- '.*::avx2::'
2026-09-22T18:37:20.0850506Z ##[endgroup]
2026-09-22T18:37:20.1253188Z 
2026-09-22T18:37:20.1253479Z    ______            __ _____                         __
2026-09-22T18:37:20.1254014Z   / ____/____   ____/ // ___/ ____   ___   ___   ____/ /
2026-09-22T18:37:20.1254444Z  / /    / __ \ / __  / \__ \ / __ \ / _ \ / _ \ / __  /
2026-09-22T18:37:20.1254985Z / /___ / /_/ // /_/ / ___/ // /_/ //  __//  __// /_/ /
2026-09-22T18:37:20.1255476Z \____/ \____/ \__,_/ /____// .___/ \___/ \___/ \__,_/
2026-09-22T18:37:20.1255902Z   https://codspeed.io     /_/          runner v5.0.2
2026-09-22T18:37:20.1256344Z 
2026-09-22T18:37:20.1256863Z ##[group]Running the benchmarks
2026-09-22T18:37:27.9159940Z [cargo-codspeed] Measurement mode: Walltime
2026-09-22T18:37:27.9160485Z 
2026-09-22T18:37:27.9163788Z Collected 10 benchmark suite(s) to run
2026-09-22T18:37:27.9164236Z Running vortex-array row_fn_output
2026-09-22T18:37:27.9211838Z Timer precision: 22 ns
2026-09-22T18:37:27.9212550Z row_fn_output                           fastest       │ slowest       │ median        │ mean          │ samples │ iters
2026-09-22T18:37:27.9222091Z ├─ avx2::deferred_bool_constant_avx2                  │               │               │               │         │
2026-09-22T18:37:28.0128315Z │  ├─ ConstantPerRow                    10.62 µs      │ 305.7 µs      │ 10.72 µs      │ 11.2 µs       │ 1000    │ 1000
2026-09-22T18:37:28.0129036Z │  │                                    1.542 Gitem/s │ 53.59 Mitem/s │ 1.527 Gitem/s │ 1.462 Gitem/s │         │
2026-09-22T18:37:28.1000594Z │  ╰─ PerRowConstant                    10.62 µs      │ 23.43 µs      │ 10.72 µs      │ 11.09 µs      │ 1000    │ 1000
2026-09-22T18:37:28.1001567Z │                                       1.542 Gitem/s │ 699 Mitem/s   │ 1.527 Gitem/s │ 1.477 Gitem/s │         │
2026-09-22T18:37:28.1002246Z ├─ avx2::deferred_i64_avx2                            │               │               │               │         │
2026-09-22T18:37:28.1878417Z │  ╰─ PerRowPerRow                      9.829 µs      │ 21.36 µs      │ 10 µs         │ 10.53 µs      │ 1000    │ 1000
2026-09-22T18:37:28.1879454Z │                                       1.666 Gitem/s │ 766.8 Mitem/s │ 1.637 Gitem/s │ 1.555 Gitem/s │         │
2026-09-22T18:37:28.1880596Z ├─ avx2::filtered_owned_i64_avx2                      │               │               │               │         │
2026-09-22T18:37:28.2709747Z │  ├─ AllValid                          5.422 µs      │ 45.48 µs      │ 5.673 µs      │ 5.908 µs      │ 1000    │ 1000
2026-09-22T18:37:28.2710807Z │  │                                    3.021 Gitem/s │ 360.2 Mitem/s │ 2.887 Gitem/s │ 2.772 Gitem/s │         │
2026-09-22T18:37:28.3645716Z │  ├─ NineNullsInTen                    14.76 µs      │ 100.2 µs      │ 15.58 µs      │ 16.23 µs      │ 1000    │ 1000
2026-09-22T18:37:28.3646740Z │  │                                    1.109 Gitem/s │ 163.3 Mitem/s │ 1.051 Gitem/s │ 1.009 Gitem/s │         │
2026-09-22T18:37:28.4669971Z │  ╰─ OneNullInEight                    21.9 µs       │ 39.83 µs      │ 24.83 µs      │ 24.75 µs      │ 1000    │ 1000
2026-09-22T18:37:28.4671040Z │                                       748 Mitem/s   │ 411.3 Mitem/s │ 659.7 Mitem/s │ 661.8 Mitem/s │         │
2026-09-22T18:37:28.4672375Z ├─ avx2::filtered_sink_i64_avx2                       │               │               │               │         │
2026-09-22T18:37:28.5492715Z │  ├─ AllValid                          5.307 µs      │ 13.27 µs      │ 5.536 µs      │ 5.68 µs       │ 1000    │ 1000
2026-09-22T18:37:28.5493733Z │  │                                    3.086 Gitem/s │ 1.234 Gitem/s │ 2.959 Gitem/s │ 2.884 Gitem/s │         │
2026-09-22T18:37:28.6431422Z │  ├─ NineNullsInTen                    14.96 µs      │ 32.38 µs      │ 15.68 µs      │ 16.27 µs      │ 1000    │ 1000
2026-09-22T18:37:28.6432337Z │  │                                    1.094 Gitem/s │ 505.9 Mitem/s │ 1.044 Gitem/s │ 1.006 Gitem/s │         │
2026-09-22T18:37:28.7452323Z │  ╰─ OneNullInEight                    21.92 µs      │ 34.74 µs      │ 25.4 µs       │ 24.67 µs      │ 1000    │ 1000
2026-09-22T18:37:28.7453259Z │                                       747.1 Mitem/s │ 471.4 Mitem/s │ 644.9 Mitem/s │ 663.8 Mitem/s │         │
2026-09-22T18:37:28.7454282Z ├─ avx2::infallible_bool_constant_avx2                │               │               │               │         │
2026-09-22T18:37:28.8327214Z │  ├─ ConstantPerRow                    10.21 µs      │ 17.71 µs      │ 10.31 µs      │ 10.62 µs      │ 1000    │ 1000
2026-09-22T18:37:28.8328165Z │  │                                    1.603 Gitem/s │ 924.6 Mitem/s │ 1.588 Gitem/s │ 1.541 Gitem/s │         │
2026-09-22T18:37:28.9200391Z │  ╰─ PerRowConstant                    10.18 µs      │ 24.99 µs      │ 10.29 µs      │ 10.54 µs      │ 1000    │ 1000
2026-09-22T18:37:28.9201393Z │                                       1.608 Gitem/s │ 655.3 Mitem/s │ 1.592 Gitem/s │ 1.554 Gitem/s │         │
2026-09-22T18:37:28.9202360Z ├─ avx2::deferred_bool_avx2                           │               │               │               │         │
2026-09-22T18:37:28.9203250Z │  ├─ i32                                             │               │               │               │         │
2026-09-22T18:37:28.9999208Z │  │  ╰─ PerRowPerRow                   2.992 µs      │ 9.866 µs      │ 3.112 µs      │ 3.211 µs      │ 1000    │ 1000
2026-09-22T18:37:29.0000253Z │  │                                    5.474 Gitem/s │ 1.66 Gitem/s  │ 5.263 Gitem/s │ 5.102 Gitem/s │         │
2026-09-22T18:37:29.0001047Z │  ╰─ i64                                             │               │               │               │         │
2026-09-22T18:37:29.0884666Z │     ╰─ PerRowPerRow                   10.67 µs      │ 87.54 µs      │ 10.78 µs      │ 11.24 µs      │ 1000    │ 1000
2026-09-22T18:37:29.0885656Z │                                       1.535 Gitem/s │ 187.1 Mitem/s │ 1.519 Gitem/s │ 1.457 Gitem/s │         │
2026-09-22T18:37:29.0886656Z ╰─ avx2::infallible_bool_avx2                         │               │               │               │         │
2026-09-22T18:37:29.0887542Z    ├─ i32                                             │               │               │               │         │
2026-09-22T18:37:29.1685939Z    │  ╰─ PerRowPerRow                   2.765 µs      │ 10.46 µs      │ 2.885 µs      │ 2.97 µs       │ 1000    │ 1000
2026-09-22T18:37:29.1687016Z    │                                    5.924 Gitem/s │ 1.565 Gitem/s │ 5.678 Gitem/s │ 5.515 Gitem/s │         │
2026-09-22T18:37:29.1687870Z    ╰─ i64                                             │               │               │               │         │
2026-09-22T18:37:29.2562985Z       ╰─ PerRowPerRow                   10.23 µs      │ 18.66 µs      │ 10.33 µs      │ 10.59 µs      │ 1000    │ 1000
2026-09-22T18:37:29.2563648Z                                         1.601 Gitem/s │ 877.6 Mitem/s │ 1.585 Gitem/s │ 1.546 Gitem/s │         │
2026-09-22T18:37:29.2564015Z 
2026-09-22T18:37:29.2571342Z Done running row_fn_output
2026-09-22T18:37:29.2571727Z Running vortex-array row_fn_utf8
2026-09-22T18:37:29.2614262Z Timer precision: 21 ns
2026-09-22T18:37:29.2614851Z row_fn_utf8                          fastest       │ slowest       │ median        │ mean          │ samples │ iters
2026-09-22T18:37:29.2615681Z ╰─ avx2::decode_avx2                               │               │               │               │         │
2026-09-22T18:37:29.2616257Z    ├─ 1                                            │               │               │               │         │
2026-09-22T18:37:29.3421218Z    │  ├─ (External, AllValid)        495.5 ns      │ 10.98 µs      │ 572.5 ns      │ 622.2 ns      │ 1000    │ 1000
2026-09-22T18:37:29.3422155Z    │  │                              2.017 Mitem/s │ 90.99 Kitem/s │ 1.746 Mitem/s │ 1.607 Mitem/s │         │
2026-09-22T18:37:29.4222012Z    │  ├─ (External, OneNullInEight)  507.3 ns      │ 2.121 µs      │ 537.9 ns      │ 565.6 ns      │ 1000    │ 4000
2026-09-22T18:37:29.4222894Z    │  │                              1.971 Mitem/s │ 471.4 Kitem/s │ 1.858 Mitem/s │ 1.767 Mitem/s │         │
2026-09-22T18:37:29.5034442Z    │  ├─ (Inline, AllValid)          357.5 ns      │ 1.32 µs       │ 374.2 ns      │ 393 ns        │ 1000    │ 8000
2026-09-22T18:37:29.5035315Z    │  │                              2.796 Mitem/s │ 757.3 Kitem/s │ 2.672 Mitem/s │ 2.544 Mitem/s │         │
2026-09-22T18:37:29.5816426Z    │  ╰─ (Inline, OneNullInEight)    509.3 ns      │ 2.199 µs      │ 540.5 ns      │ 561.1 ns      │ 1000    │ 4000
2026-09-22T18:37:29.5817226Z    │                                 1.963 Mitem/s │ 454.6 Kitem/s │ 1.849 Mitem/s │ 1.781 Mitem/s │         │
2026-09-22T18:37:29.5817838Z    ├─ 64                                           │               │               │               │         │
2026-09-22T18:37:29.6604025Z    │  ├─ (External, AllValid)        1.9 µs        │ 10.32 µs      │ 1.975 µs      │ 2.055 µs      │ 1000    │ 1000
2026-09-22T18:37:29.6604822Z    │  │                              33.67 Mitem/s │ 6.196 Mitem/s │ 32.39 Mitem/s │ 31.14 Mitem/s │         │
2026-09-22T18:37:29.7415159Z    │  ├─ (External, OneNullInEight)  2.093 µs      │ 24.58 µs      │ 2.206 µs      │ 2.318 µs      │ 1000    │ 1000
2026-09-22T18:37:29.7416023Z    │  │                              30.56 Mitem/s │ 2.603 Mitem/s │ 29 Mitem/s    │ 27.59 Mitem/s │         │
2026-09-22T18:37:29.8212371Z    │  ├─ (Inline, AllValid)          1.181 µs      │ 4.7 µs        │ 1.248 µs      │ 1.299 µs      │ 1000    │ 2000
2026-09-22T18:37:29.8213236Z    │  │                              54.18 Mitem/s │ 13.61 Mitem/s │ 51.27 Mitem/s │ 49.25 Mitem/s │         │
2026-09-22T18:37:29.9004199Z    │  ╰─ (Inline, OneNullInEight)    1.497 µs      │ 21.67 µs      │ 1.59 µs       │ 1.747 µs      │ 1000    │ 1000
2026-09-22T18:37:29.9005039Z    │                                 42.73 Mitem/s │ 2.952 Mitem/s │ 40.23 Mitem/s │ 36.61 Mitem/s │         │
2026-09-22T18:37:29.9005617Z    ╰─ 16384                                        │               │               │               │         │
2026-09-22T18:37:30.3280300Z       ├─ (External, AllValid)        331.6 µs      │ 365.9 µs      │ 352.1 µs      │ 350.7 µs      │ 1000    │ 1000
2026-09-22T18:37:30.3281155Z       │                              49.39 Mitem/s │ 44.76 Mitem/s │ 46.52 Mitem/s │ 46.71 Mitem/s │         │
2026-09-22T18:37:30.7148944Z       ├─ (External, OneNullInEight)  294 µs        │ 363.6 µs      │ 311.8 µs      │ 311.6 µs      │ 1000    │ 1000
2026-09-22T18:37:30.7150039Z       │                              55.71 Mitem/s │ 45.05 Mitem/s │ 52.53 Mitem/s │ 52.57 Mitem/s │         │
2026-09-22T18:37:31.0030900Z       ├─ (Inline, AllValid)          205.2 µs      │ 407.6 µs      │ 212.1 µs      │ 213.8 µs      │ 1000    │ 1000
2026-09-22T18:37:31.0031765Z       │                              79.81 Mitem/s │ 40.19 Mitem/s │ 77.21 Mitem/s │ 76.62 Mitem/s │         │
2026-09-22T18:37:31.2745230Z       ╰─ (Inline, OneNullInEight)    183.6 µs      │ 213.7 µs      │ 195.5 µs      │ 197 µs        │ 1000    │ 1000
2026-09-22T18:37:31.2745952Z                                      89.19 Mitem/s │ 76.63 Mitem/s │ 83.79 Mitem/s │ 83.16 Mitem/s │         │
2026-09-22T18:37:31.2746319Z 
2026-09-22T18:37:31.2753465Z Done running row_fn_utf8
2026-09-22T18:37:31.2753822Z Running vortex-array take_primitive
2026-09-22T18:37:31.2795673Z Timer precision: 22 ns
2026-09-22T18:37:31.2796621Z take_primitive                         fastest       │ slowest       │ median        │ mean          │ samples │ iters
2026-09-22T18:37:31.2797499Z ╰─ avx2::dict_canonicalize_gt_u8_avx2                │               │               │               │         │
2026-09-22T18:37:31.8008133Z    ╰─ 1000000                          422.2 µs      │ 536.5 µs      │ 430.6 µs      │ 429.6 µs      │ 1000    │ 1000
2026-09-22T18:37:31.8008925Z                                        2.368 Gitem/s │ 1.863 Gitem/s │ 2.322 Gitem/s │ 2.327 Gitem/s │         │
2026-09-22T18:37:31.8009301Z 
2026-09-22T18:37:31.8014395Z Done running take_primitive
2026-09-22T18:37:31.8014784Z Running vortex-array scalar_subtract
2026-09-22T18:37:31.8056113Z Timer precision: 21 ns
2026-09-22T18:37:31.8056712Z scalar_subtract                fastest       │ slowest       │ median        │ mean          │ samples │ iters
2026-09-22T18:37:31.8991965Z ╰─ avx2::scalar_subtract_avx2  11.17 µs      │ 153.7 µs      │ 11.61 µs      │ 11.93 µs      │ 1000    │ 1000
2026-09-22T18:37:31.8992514Z 
2026-09-22T18:37:31.8997660Z Done running scalar_subtract
2026-09-22T18:37:31.8998093Z Running vortex-array compare
2026-09-22T18:37:31.9034564Z Timer precision: 21 ns
2026-09-22T18:37:31.9035121Z compare                             fastest       │ slowest       │ median        │ mean          │ samples │ iters
2026-09-22T18:37:31.9908353Z ├─ avx2::compare_f32_avx2           4.663 µs      │ 73.09 µs      │ 4.77 µs       │ 4.931 µs      │ 1000    │ 1000
2026-09-22T18:37:31.9909313Z │                                   1.756 Gitem/s │ 112 Mitem/s   │ 1.717 Gitem/s │ 1.661 Gitem/s │         │
2026-09-22T18:37:32.0747047Z ├─ avx2::compare_float_avx2         5.141 µs      │ 62.52 µs      │ 5.297 µs      │ 5.551 µs      │ 1000    │ 1000
2026-09-22T18:37:32.0747852Z │                                   1.593 Gitem/s │ 131 Mitem/s   │ 1.546 Gitem/s │ 1.475 Gitem/s │         │
2026-09-22T18:37:32.1556151Z ├─ avx2::compare_int_avx2           3.508 µs      │ 16 µs         │ 3.63 µs       │ 3.779 µs      │ 1000    │ 1000
2026-09-22T18:37:32.1556914Z │                                   2.334 Gitem/s │ 511.8 Mitem/s │ 2.256 Gitem/s │ 2.167 Gitem/s │         │
2026-09-22T18:37:32.2358239Z ├─ avx2::compare_int_constant_avx2  3.08 µs       │ 10.83 µs      │ 3.173 µs      │ 3.29 µs       │ 1000    │ 1000
2026-09-22T18:37:32.2359071Z │                                   2.659 Gitem/s │ 755.8 Mitem/s │ 2.581 Gitem/s │ 2.489 Gitem/s │         │
2026-09-22T18:37:32.3166319Z ├─ avx2::compare_int_eq_avx2        3.554 µs      │ 9.947 µs      │ 3.671 µs      │ 3.779 µs      │ 1000    │ 1000
2026-09-22T18:37:32.3167384Z │                                   2.304 Gitem/s │ 823.5 Mitem/s │ 2.231 Gitem/s │ 2.167 Gitem/s │         │
2026-09-22T18:37:32.3994967Z ├─ avx2::compare_int_nullable_avx2  4.019 µs      │ 12.84 µs      │ 4.181 µs      │ 4.316 µs      │ 1000    │ 1000
2026-09-22T18:37:32.3995666Z │                                   2.038 Gitem/s │ 637.6 Mitem/s │ 1.959 Gitem/s │ 1.897 Gitem/s │         │
2026-09-22T18:37:32.4806889Z ├─ avx2::compare_u8_avx2            3.494 µs      │ 12.65 µs      │ 3.651 µs      │ 3.77 µs       │ 1000    │ 1000
2026-09-22T18:37:32.4807622Z │                                   2.344 Gitem/s │ 647.4 Mitem/s │ 2.243 Gitem/s │ 2.172 Gitem/s │         │
2026-09-22T18:37:32.5630360Z ╰─ avx2::compare_u64_avx2           4.016 µs      │ 12.73 µs      │ 4.179 µs      │ 4.307 µs      │ 1000    │ 1000
2026-09-22T18:37:32.5631438Z                                     2.039 Gitem/s │ 643 Mitem/s   │ 1.96 Gitem/s  │ 1.901 Gitem/s │         │
2026-09-22T18:37:32.5631993Z 
2026-09-22T18:37:32.5636949Z Done running compare
2026-09-22T18:37:32.5637277Z Running vortex-array binary_ops
2026-09-22T18:37:32.5675555Z Timer precision: 22 ns
2026-09-22T18:37:32.5676113Z binary_ops                             fastest       │ slowest       │ median        │ mean          │ samples │ iters
2026-09-22T18:37:32.5676861Z ├─ avx2::add_constant_shapes_avx2                    │               │               │               │         │
2026-09-22T18:37:32.6612818Z │  ├─ (32768, ConstantPerRow)          12.27 µs      │ 124.8 µs      │ 12.38 µs      │ 12.73 µs      │ 1000    │ 1000
2026-09-22T18:37:32.6613886Z │  │                                   2.67 Gitem/s  │ 262.3 Mitem/s │ 2.645 Gitem/s │ 2.573 Gitem/s │         │
2026-09-22T18:37:32.7512433Z │  ├─ (32768, PerRowConstant)          12.21 µs      │ 21.81 µs      │ 12.36 µs      │ 12.63 µs      │ 1000    │ 1000
2026-09-22T18:37:32.7513478Z │  │                                   2.682 Gitem/s │ 1.501 Gitem/s │ 2.649 Gitem/s │ 2.593 Gitem/s │         │
2026-09-22T18:37:32.8415476Z │  ╰─ (32768, PerRowNullableConstant)  12.8 µs       │ 24.11 µs      │ 12.99 µs      │ 13.38 µs      │ 1000    │ 1000
2026-09-22T18:37:32.8416229Z │                                      2.559 Gitem/s │ 1.358 Gitem/s │ 2.52 Gitem/s  │ 2.447 Gitem/s │         │
2026-09-22T18:37:32.9327415Z ├─ avx2::add_i32_nonnull_avx2          12.86 µs      │ 27.2 µs       │ 13.2 µs       │ 13.77 µs      │ 1000    │ 1000
2026-09-22T18:37:32.9328136Z │                                      5.095 Gitem/s │ 2.408 Gitem/s │ 4.963 Gitem/s │ 4.757 Gitem/s │         │
2026-09-22T18:37:33.0242788Z ├─ avx2::add_i64_nonnull_avx2          13.16 µs      │ 256.2 µs      │ 13.43 µs      │ 14.01 µs      │ 1000    │ 1000
2026-09-22T18:37:33.0243561Z │                                      2.489 Gitem/s │ 127.8 Mitem/s │ 2.438 Gitem/s │ 2.338 Gitem/s │         │
2026-09-22T18:37:33.1171442Z ├─ avx2::add_i64_nullable_avx2         14.63 µs      │ 43.04 µs      │ 14.94 µs      │ 15.45 µs      │ 1000    │ 1000
2026-09-22T18:37:33.1172188Z │                                      2.239 Gitem/s │ 761.2 Mitem/s │ 2.191 Gitem/s │ 2.12 Gitem/s  │         │
2026-09-22T18:37:33.1172820Z ├─ avx2::add_shapes_avx2                             │               │               │               │         │
2026-09-22T18:37:33.2127425Z │  ╰─ (32768, PerRowPerRow)            13.16 µs      │ 39.76 µs      │ 13.41 µs      │ 14.05 µs      │ 1000    │ 1000
2026-09-22T18:37:33.2128504Z │                                      2.488 Gitem/s │ 823.9 Mitem/s │ 2.442 Gitem/s │ 2.33 Gitem/s  │         │
2026-09-22T18:37:33.3037442Z ├─ avx2::add_u32_nonnull_avx2          12.95 µs      │ 22.53 µs      │ 13.27 µs      │ 13.71 µs      │ 1000    │ 1000
2026-09-22T18:37:33.3038344Z │                                      5.058 Gitem/s │ 2.908 Gitem/s │ 4.935 Gitem/s │ 4.778 Gitem/s │         │
2026-09-22T18:37:33.4657425Z ├─ avx2::div_i64_nonnull_avx2          83.82 µs      │ 95.7 µs       │ 84.01 µs      │ 85.18 µs      │ 1000    │ 1000
2026-09-22T18:37:33.4658125Z │                                      390.9 Mitem/s │ 342.3 Mitem/s │ 390 Mitem/s   │ 384.6 Mitem/s │         │
2026-09-22T18:37:33.6129250Z ├─ avx2::div_i64_nullable_avx2         67.72 µs      │ 263 µs        │ 68.46 µs      │ 70.12 µs      │ 1000    │ 1000
2026-09-22T18:37:33.6129987Z │                                      483.8 Mitem/s │ 124.5 Mitem/s │ 478.6 Mitem/s │ 467.3 Mitem/s │         │
2026-09-22T18:37:33.6935304Z ├─ avx2::lt_i64_nullable_avx2          2.932 µs      │ 27.05 µs      │ 3.078 µs      │ 3.239 µs      │ 1000    │ 1000
2026-09-22T18:37:33.6936175Z │                                      1.396 Gitem/s │ 151.3 Mitem/s │ 1.33 Gitem/s  │ 1.264 Gitem/s │         │
2026-09-22T18:37:33.8033159Z ├─ avx2::mul_i8_nonnull_avx2           29.92 µs      │ 217.7 µs      │ 31.41 µs      │ 31.93 µs      │ 1000    │ 1000
2026-09-22T18:37:33.8034021Z │                                      8.758 Gitem/s │ 1.203 Gitem/s │ 8.345 Gitem/s │ 8.207 Gitem/s │         │
2026-09-22T18:37:33.9120562Z ├─ avx2::mul_i16_nonnull_avx2          28.91 µs      │ 203.7 µs      │ 29.7 µs       │ 30.55 µs      │ 1000    │ 1000
2026-09-22T18:37:33.9121601Z │                                      4.532 Gitem/s │ 643.2 Mitem/s │ 4.412 Gitem/s │ 4.29 Gitem/s  │         │
2026-09-22T18:37:34.0233734Z ├─ avx2::mul_i32_nonnull_avx2          32.7 µs       │ 44.73 µs      │ 32.88 µs      │ 33.69 µs      │ 1000    │ 1000
2026-09-22T18:37:34.0234508Z │                                      2.003 Gitem/s │ 1.464 Gitem/s │ 1.992 Gitem/s │ 1.945 Gitem/s │         │
2026-09-22T18:37:34.1369979Z ├─ avx2::mul_i32_nullable_avx2         34.37 µs      │ 53.9 µs       │ 34.62 µs      │ 35.32 µs      │ 1000    │ 1000
2026-09-22T18:37:34.1371036Z │                                      1.906 Gitem/s │ 1.215 Gitem/s │ 1.892 Gitem/s │ 1.855 Gitem/s │         │
2026-09-22T18:37:34.2760800Z ├─ avx2::mul_i64_nonnull_avx2          59.52 µs      │ 220.1 µs      │ 59.79 µs      │ 60.96 µs      │ 1000    │ 1000
2026-09-22T18:37:34.2761902Z │                                      550.4 Mitem/s │ 148.8 Mitem/s │ 547.9 Mitem/s │ 537.4 Mitem/s │         │
2026-09-22T18:37:34.3765076Z ├─ avx2::mul_u8_nonnull_avx2           20.66 µs      │ 32.42 µs      │ 21.54 µs      │ 21.94 µs      │ 1000    │ 1000
2026-09-22T18:37:34.3765790Z │                                      12.68 Gitem/s │ 8.083 Gitem/s │ 12.16 Gitem/s │ 11.94 Gitem/s │         │
2026-09-22T18:37:34.4670212Z ├─ avx2::mul_u16_nonnull_avx2          11.32 µs      │ 202.1 µs      │ 11.66 µs      │ 12.33 µs      │ 1000    │ 1000
2026-09-22T18:37:34.4671188Z │                                      11.57 Gitem/s │ 648.2 Mitem/s │ 11.23 Gitem/s │ 10.62 Gitem/s │         │
2026-09-22T18:37:34.5598503Z ├─ avx2::mul_u32_nonnull_avx2          12.82 µs      │ 202.5 µs      │ 13.35 µs      │ 14.57 µs      │ 1000    │ 1000
2026-09-22T18:37:34.5599336Z │                                      5.109 Gitem/s │ 323.5 Mitem/s │ 4.908 Gitem/s │ 4.497 Gitem/s │         │
2026-09-22T18:37:34.6772305Z ├─ avx2::mul_u64_nonnull_avx2          39.13 µs      │ 52.41 µs      │ 39.41 µs      │ 40.17 µs      │ 1000    │ 1000
2026-09-22T18:37:34.6773085Z │                                      837.2 Mitem/s │ 625.2 Mitem/s │ 831.4 Mitem/s │ 815.5 Mitem/s │         │
2026-09-22T18:37:34.6773991Z ├─ avx2::multiply_shapes_avx2                        │               │               │               │         │
2026-09-22T18:37:34.8157586Z │  ╰─ (32768, PerRowPerRow)            59.48 µs      │ 91.87 µs      │ 59.76 µs      │ 60.84 µs      │ 1000    │ 1000
2026-09-22T18:37:34.8158597Z │                                      550.8 Mitem/s │ 356.6 Mitem/s │ 548.2 Mitem/s │ 538.5 Mitem/s │         │
2026-09-22T18:37:34.8159568Z ╰─ avx2::subtract_shapes_avx2                        │               │               │               │         │
2026-09-22T18:37:34.9076347Z    ╰─ (32768, PerRowPerRow)            13.11 µs      │ 202.6 µs      │ 13.55 µs      │ 14.18 µs      │ 1000    │ 1000
2026-09-22T18:37:34.9077133Z                                        2.498 Gitem/s │ 161.7 Mitem/s │ 2.416 Gitem/s │ 2.309 Gitem/s │         │
2026-09-22T18:37:34.9077689Z 
2026-09-22T18:37:34.9083339Z Done running binary_ops
2026-09-22T18:37:34.9083671Z Running vortex-buffer collect_bool
2026-09-22T18:37:34.9118184Z Timer precision: 23 ns
2026-09-22T18:37:34.9118850Z collect_bool                         fastest       │ slowest       │ median        │ mean          │ samples │ iters
2026-09-22T18:37:34.9119679Z ╰─ avx2::words_gather_dispatch_avx2                │               │               │               │         │
2026-09-22T18:37:34.9948564Z    ├─ 65536                          1.288 µs      │ 10.12 µs      │ 1.417 µs      │ 1.449 µs      │ 1000    │ 1000
2026-09-22T18:37:35.0965767Z    ╰─ 1048576                        17.01 µs      │ 30.55 µs      │ 17.26 µs      │ 18.11 µs      │ 1000    │ 1000
2026-09-22T18:37:35.0966303Z 
2026-09-22T18:37:35.0971111Z Done running collect_bool
2026-09-22T18:37:35.0971461Z Running vortex-compute lane_kernels
2026-09-22T18:37:35.1007729Z Timer precision: 22 ns
2026-09-22T18:37:35.1008338Z lane_kernels                           fastest       │ slowest       │ median        │ mean          │ samples │ iters
2026-09-22T18:37:35.1009082Z ╰─ avx2::lanezip_checked_add_u32_avx2                │               │               │               │         │
2026-09-22T18:37:35.2069638Z    ╰─ 65536                            21.44 µs      │ 41.97 µs      │ 21.61 µs      │ 22.04 µs      │ 1000    │ 1000
2026-09-22T18:37:35.2070043Z 
2026-09-22T18:37:35.2075273Z Done running lane_kernels
2026-09-22T18:37:35.2075650Z Running vortex-decimal-byte-parts dbp_split
2026-09-22T18:37:35.2109952Z Timer precision: 21 ns
2026-09-22T18:37:35.2110945Z dbp_split                                  fastest       │ slowest       │ median        │ mean          │ samples │ iters
2026-09-22T18:37:35.2112165Z ├─ avx2::dbp_split_kernel_all_valid_avx2                 │               │               │               │         │
2026-09-22T18:37:35.2929281Z │  ├─ (I128, 1024)                         919.5 ns      │ 8.902 µs      │ 974.5 ns      │ 1.032 µs      │ 1000    │ 1000
2026-09-22T18:37:35.3780283Z │  ├─ (I128, 8192)                         7.726 µs      │ 14.88 µs      │ 7.862 µs      │ 8.042 µs      │ 1000    │ 1000
2026-09-22T18:37:35.4569035Z │  ├─ (I256, 1024)                         2.054 µs      │ 10.47 µs      │ 2.129 µs      │ 2.217 µs      │ 1000    │ 1000
2026-09-22T18:37:35.5504868Z │  ╰─ (I256, 8192)                         15.5 µs       │ 23.87 µs      │ 15.75 µs      │ 16.12 µs      │ 1000    │ 1000
2026-09-22T18:37:35.5505973Z ╰─ avx2::dbp_split_kernel_mixed_null_avx2                │               │               │               │         │
2026-09-22T18:37:35.6284602Z    ├─ (I128, 1024)                         1.221 µs      │ 6.758 µs      │ 1.301 µs      │ 1.35 µs       │ 1000    │ 1000
2026-09-22T18:37:35.7159102Z    ├─ (I128, 8192)                         9.806 µs      │ 18.24 µs      │ 9.975 µs      │ 10.14 µs      │ 1000    │ 1000
2026-09-22T18:37:35.7948854Z    ├─ (I256, 1024)                         2.216 µs      │ 20.32 µs      │ 2.295 µs      │ 2.4 µs        │ 1000    │ 1000
2026-09-22T18:37:35.8888444Z    ╰─ (I256, 8192)                         16.65 µs      │ 24.08 µs      │ 16.94 µs      │ 17.31 µs      │ 1000    │ 1000
2026-09-22T18:37:35.8888830Z 
2026-09-22T18:37:35.8894517Z Done running dbp_split
2026-09-22T18:37:35.8894907Z Running vortex-decimal-byte-parts dbp_assemble
2026-09-22T18:37:35.8930332Z Timer precision: 22 ns
2026-09-22T18:37:35.8931138Z dbp_assemble                                  fastest       │ slowest       │ median        │ mean          │ samples │ iters
2026-09-22T18:37:35.8932240Z ├─ avx2::dbp_assemble_kernel_avx2                           │               │               │               │         │
2026-09-22T18:37:35.9738541Z │  ├─ (I128, 1024)                            538.5 ns      │ 7.021 µs      │ 576.5 ns      │ 603 ns        │ 1000    │ 1000
2026-09-22T18:37:36.0552522Z │  ├─ (I128, 8192)                            4.299 µs      │ 61.81 µs      │ 4.435 µs      │ 4.626 µs      │ 1000    │ 1000
2026-09-22T18:37:36.1340495Z │  ├─ (I256, 1024)                            1.047 µs      │ 4.544 µs      │ 1.088 µs      │ 1.144 µs      │ 1000    │ 2000
2026-09-22T18:37:36.2190339Z │  ╰─ (I256, 8192)                            8.296 µs      │ 15.5 µs       │ 8.397 µs      │ 8.584 µs      │ 1000    │ 1000
2026-09-22T18:37:36.2191245Z ╰─ avx2::dbp_assemble_kernel_narrow_msp_avx2                │               │               │               │         │
2026-09-22T18:37:36.2963587Z    ├─ (I128, 1024)                            705.5 ns      │ 6.858 µs      │ 762.5 ns      │ 800.7 ns      │ 1000    │ 1000
2026-09-22T18:37:36.3785692Z    ├─ (I128, 8192)                            5.014 µs      │ 48.04 µs      │ 5.059 µs      │ 5.308 µs      │ 1000    │ 1000
2026-09-22T18:37:36.4568657Z    ├─ (I256, 1024)                            1.149 µs      │ 9.645 µs      │ 1.171 µs      │ 1.248 µs      │ 1000    │ 1000
2026-09-22T18:37:36.5431000Z    ╰─ (I256, 8192)                            8.926 µs      │ 16.29 µs      │ 9.051 µs      │ 9.277 µs      │ 1000    │ 1000
2026-09-22T18:37:36.5431409Z 
2026-09-22T18:37:36.5436363Z Done running dbp_assemble
2026-09-22T18:37:36.5436738Z Finished running 10 benchmark suite(s)
2026-09-22T18:37:36.7313621Z Symbolicating...
2026-09-22T18:37:39.6123062Z ##[endgroup]
2026-09-22T18:37:39.6123811Z ##[group]Uploading results
2026-09-22T18:37:42.8422859Z Performance data uploaded
2026-09-22T18:37:42.8423361Z Linked repository: vortex-data/vortex
2026-09-22T18:37:42.8424116Z ##[endgroup]
2026-09-22T18:37:42.8455160Z ##[end-action id=__CodSpeedHQ_action.__run_2;outcome=success;conclusion=success;duration_ms=22768]
2026-09-22T18:37:42.8625411Z Post job cleanup.
2026-09-22T18:37:42.8629450Z ##[start-action display=Cache CodSpeed instruments;id=__5be9c9d0-ec0e-4175-83bf-664c826ffe88.__actions_cache]
2026-09-22T18:37:42.8664990Z Post job cleanup.
2026-09-22T18:37:43.0065033Z [warning]Path Validation Error: Path(s) specified in the action for caching do(es) not exist, hence no cache is being saved.
2026-09-22T18:37:43.0108634Z ##[end-action id=__5be9c9d0-ec0e-4175-83bf-664c826ffe88.__actions_cache;outcome=success;conclusion=success;duration_ms=147]
2026-09-22T18:37:43.0255129Z Post job cleanup.
2026-09-22T18:37:43.0258519Z ##[start-action display=Restore Cache;id=__dbde446d-e89c-40bd-ac1f-3795a4b5163b.cache]
2026-09-22T18:37:43.0293077Z Post job cleanup.
2026-09-22T18:37:43.1681686Z Cache hit occurred on the primary key cargo-codspeed-5.0.2-x86_64-linux-gnu-2.39-features-default-no-default-features-false-all-features-false, not saving cache.
2026-09-22T18:37:43.1727853Z ##[end-action id=__dbde446d-e89c-40bd-ac1f-3795a4b5163b.cache;outcome=success;conclusion=success;duration_ms=146]
2026-09-22T18:37:43.1857956Z Post job cleanup.
2026-09-22T18:37:43.1923450Z Post job cleanup.
2026-09-22T18:37:43.2831957Z [command]/usr/bin/git version
2026-09-22T18:37:43.2877837Z git version 2.55.0
2026-09-22T18:37:43.2915192Z Temporarily overriding HOME='/home/runner/_work/_temp/62bd8ffc-c4f6-4032-9865-5561d9146b5e' before making global git config changes
2026-09-22T18:37:43.2916202Z Adding repository directory to the temporary git global config as a safe directory
2026-09-22T18:37:43.2922972Z [command]/usr/bin/git config --global --add safe.directory /home/runner/_work/vortex/vortex
2026-09-22T18:37:43.2954932Z Removing SSH command configuration
2026-09-22T18:37:43.2962655Z [command]/usr/bin/git config --local --name-only --get-regexp core\.sshCommand
2026-09-22T18:37:43.2996466Z [command]/usr/bin/git submodule foreach --recursive sh -c "git config --local --name-only --get-regexp 'core\.sshCommand' && git config --local --unset-all 'core.sshCommand' || :"
2026-09-22T18:37:43.3199009Z Removing HTTP extra header
2026-09-22T18:37:43.3204193Z [command]/usr/bin/git config --local --name-only --get-regexp http\.https\:\/\/github\.com\/\.extraheader
2026-09-22T18:37:43.3236793Z [command]/usr/bin/git submodule foreach --recursive sh -c "git config --local --name-only --get-regexp 'http\.https\:\/\/github\.com\/\.extraheader' && git config --local --unset-all 'http.https://github.com/.extraheader' || :"
2026-09-22T18:37:43.3433928Z Removing includeIf entries pointing to credentials config files
2026-09-22T18:37:43.3439813Z [command]/usr/bin/git config --local --name-only --get-regexp ^includeIf\.gitdir:
2026-09-22T18:37:43.3471611Z includeif.gitdir:/home/runner/_work/vortex/vortex/.git.path
2026-09-22T18:37:43.3472481Z includeif.gitdir:/home/runner/_work/vortex/vortex/.git/worktrees/*.path
2026-09-22T18:37:43.3473090Z includeif.gitdir:/github/workspace/.git.path
2026-09-22T18:37:43.3473539Z includeif.gitdir:/github/workspace/.git/worktrees/*.path
2026-09-22T18:37:43.3481020Z [command]/usr/bin/git config --local --get-all includeif.gitdir:/home/runner/_work/vortex/vortex/.git.path
2026-09-22T18:37:43.3503501Z /home/runner/_work/_temp/git-credentials-646369ee-f130-43e5-9df4-d8ea8e217d72.config
2026-09-22T18:37:43.3514832Z [command]/usr/bin/git config --local --unset includeif.gitdir:/home/runner/_work/vortex/vortex/.git.path \/home\/runner\/_work\/_temp\/git\-credentials\-646369ee\-f130\-43e5\-9df4\-d8ea8e217d72\.config
2026-09-22T18:37:43.3548285Z [command]/usr/bin/git config --local --get-all includeif.gitdir:/home/runner/_work/vortex/vortex/.git/worktrees/*.path
2026-09-22T18:37:43.3570228Z /home/runner/_work/_temp/git-credentials-646369ee-f130-43e5-9df4-d8ea8e217d72.config
2026-09-22T18:37:43.3579404Z [command]/usr/bin/git config --local --unset includeif.gitdir:/home/runner/_work/vortex/vortex/.git/worktrees/*.path \/home\/runner\/_work\/_temp\/git\-credentials\-646369ee\-f130\-43e5\-9df4\-d8ea8e217d72\.config
2026-09-22T18:37:43.3617274Z [command]/usr/bin/git config --local --get-all includeif.gitdir:/github/workspace/.git.path
2026-09-22T18:37:43.3637918Z /github/runner_temp/git-credentials-646369ee-f130-43e5-9df4-d8ea8e217d72.config
2026-09-22T18:37:43.3645951Z [command]/usr/bin/git config --local --unset includeif.gitdir:/github/workspace/.git.path \/github\/runner_temp\/git\-credentials\-646369ee\-f130\-43e5\-9df4\-d8ea8e217d72\.config
2026-09-22T18:37:43.3676553Z [command]/usr/bin/git config --local --get-all includeif.gitdir:/github/workspace/.git/worktrees/*.path
2026-09-22T18:37:43.3698308Z /github/runner_temp/git-credentials-646369ee-f130-43e5-9df4-d8ea8e217d72.config
2026-09-22T18:37:43.3706827Z [command]/usr/bin/git config --local --unset includeif.gitdir:/github/workspace/.git/worktrees/*.path \/github\/runner_temp\/git\-credentials\-646369ee\-f130\-43e5\-9df4\-d8ea8e217d72\.config
2026-09-22T18:37:43.3739199Z [command]/usr/bin/git submodule foreach --recursive git config --local --show-origin --name-only --get-regexp remote.origin.url
2026-09-22T18:37:43.3930356Z Removing credentials config '/home/runner/_work/_temp/git-credentials-646369ee-f130-43e5-9df4-d8ea8e217d72.config'
2026-09-22T18:37:43.4039891Z Post job cleanup.
2026-09-22T18:37:43.5116556Z Running post-execution phase...
2026-09-22T18:37:43.5116998Z Input 'show_env': false
2026-09-22T18:37:43.5117328Z Input 'show_costs': inline
2026-09-22T18:37:43.5117656Z Input 'metrics': []
2026-09-22T18:37:43.5117967Z Input 'network_interface': enp39s0
2026-09-22T18:37:43.5118323Z Input 'disk_device': nvme0n1p1
2026-09-22T18:37:43.5118791Z Input 'sccache': 
2026-09-22T18:37:43.5119206Z Input 'sticky_cache': []
2026-09-22T18:37:43.5119597Z Input 'sticky_wait_timeout': 15m0s
2026-09-22T18:37:43.5120409Z ZCTIONS_RESULTS_URL is set: https://results-receiver.actions.githubusercontent.com/
2026-09-22T18:37:43.5121612Z ZCTIONS_CACHE_URL is set: https://acghubeus1.actions.githubusercontent.com/XtqVEj2MXQCbzj6x6n8CMomnIjyhqqRNuSgameoSnKmgcNZw2F/
2026-09-22T18:37:43.5122428Z ACTIONS_RUNTIME_TOKEN is set.
2026-09-22T18:37:43.5699998Z Mapped zone name us-east-1a to zone ID use1-az6
2026-09-22T18:37:43.8981067Z ## Execution Cost Summary
2026-09-22T18:37:43.8981480Z 
2026-09-22T18:37:43.8981670Z | metric                 | value           |
2026-09-22T18:37:43.8982228Z | ---------------------- | --------------- |
2026-09-22T18:37:43.8982632Z | Instance Type          | c7i.metal-24xl  |
2026-09-22T18:37:43.8983016Z | Instance Lifecycle     | spot            |
2026-09-22T18:37:43.8983380Z | Region                 | us-east-1       |
2026-09-22T18:37:43.8983738Z | Platform               | Linux/UNIX      |
2026-09-22T18:37:43.8984128Z | Arch                   | x64             |
2026-09-22T18:37:43.8984480Z | Az                     | us-east-1a      |
2026-09-22T18:37:43.8984830Z | Zone ID                | use1-az6        |
2026-09-22T18:37:43.8985200Z | Duration               | 1.71 minutes    |
2026-09-22T18:37:43.8985548Z | Cost                   | $0.0313         |
2026-09-22T18:37:43.8985901Z | GitHub equivalent cost | $0.5040         |
2026-09-22T18:37:43.8986254Z | Savings                | $0.4727 (93.8%) |
2026-09-22T18:37:43.8986473Z 
2026-09-22T18:37:43.8986620Z Post-execution phase finished.
2026-09-22T18:37:43.9026749Z A job completed hook has been configured by the self-hosted runner administrator
2026-09-22T18:37:43.9065501Z ##[group]Run '/runs-on/post.sh'
2026-09-22T18:37:43.9090974Z shell: /usr/bin/bash --noprofile --norc -e -o pipefail {0}
2026-09-22T18:37:43.9091420Z ##[endgroup]
2026-09-22T18:37:43.9140031Z Thanks for using RunsOn!
2026-09-22T18:37:43.9141041Z 
2026-09-22T18:37:43.9141333Z 📊 Job Metrics
2026-09-22T18:37:44.5400929Z Error visualizing metrics: failed to parse metrics file: error reading file: bufio.Scanner: token too long
2026-09-22T18:37:44.5421159Z Metrics visualization unavailable
2026-09-22T18:37:45.2768124Z 📤 metrics.jsonl uploaded (528796 bytes) to s3://runs-on-v3-s3bucketcache-dbnub4tpjhpv/cache/metrics/v1/vortex-data/vortex/35767825603/bench-codspeed-cpu-features/i-0b270abe4cb8f1302/metrics.jsonl
2026-09-22T18:37:45.2873832Z Cleaning up orphan processes
